[2026-07-01T00:14:53.166+0000] {processor.py:186} INFO - Started process (PID=28801) to work on /opt/airflow/dags/ingest_avito_to_raw.py
[2026-07-01T00:14:53.167+0000] {processor.py:914} INFO - Processing file /opt/airflow/dags/ingest_avito_to_raw.py for tasks to queue
[2026-07-01T00:14:53.168+0000] {logging_mixin.py:190} INFO - [2026-07-01T00:14:53.168+0000] {dagbag.py:588} INFO - Filling up the DagBag from /opt/airflow/dags/ingest_avito_to_raw.py
[2026-07-01T00:14:53.171+0000] {processor.py:925} INFO - DAG(s) 'ingest_avito_to_raw' retrieved from /opt/airflow/dags/ingest_avito_to_raw.py
[2026-07-01T00:14:53.186+0000] {logging_mixin.py:190} INFO - [2026-07-01T00:14:53.185+0000] {dag.py:3239} INFO - Sync 1 DAGs
[2026-07-01T00:14:53.195+0000] {logging_mixin.py:190} INFO - [2026-07-01T00:14:53.195+0000] {dag.py:4180} INFO - Setting next_dagrun for ingest_avito_to_raw to 2026-07-01 00:00:00+00:00, run_after=2026-07-01 01:00:00+00:00
[2026-07-01T00:14:53.202+0000] {processor.py:208} INFO - Processing /opt/airflow/dags/ingest_avito_to_raw.py took 0.039 seconds
[2026-07-01T00:22:43.051+0000] {processor.py:186} INFO - Started process (PID=28811) to work on /opt/airflow/dags/ingest_avito_to_raw.py
[2026-07-01T00:22:43.051+0000] {processor.py:914} INFO - Processing file /opt/airflow/dags/ingest_avito_to_raw.py for tasks to queue
[2026-07-01T00:22:43.052+0000] {logging_mixin.py:190} INFO - [2026-07-01T00:22:43.052+0000] {dagbag.py:588} INFO - Filling up the DagBag from /opt/airflow/dags/ingest_avito_to_raw.py
[2026-07-01T00:22:43.056+0000] {processor.py:925} INFO - DAG(s) 'ingest_avito_to_raw' retrieved from /opt/airflow/dags/ingest_avito_to_raw.py
[2026-07-01T00:22:43.074+0000] {logging_mixin.py:190} INFO - [2026-07-01T00:22:43.074+0000] {dag.py:3239} INFO - Sync 1 DAGs
[2026-07-01T00:22:43.085+0000] {logging_mixin.py:190} INFO - [2026-07-01T00:22:43.085+0000] {dag.py:4180} INFO - Setting next_dagrun for ingest_avito_to_raw to 2026-07-01 00:00:00+00:00, run_after=2026-07-01 01:00:00+00:00
[2026-07-01T00:22:43.095+0000] {processor.py:208} INFO - Processing /opt/airflow/dags/ingest_avito_to_raw.py took 0.049 seconds
[2026-07-01T00:23:13.472+0000] {processor.py:186} INFO - Started process (PID=28821) to work on /opt/airflow/dags/ingest_avito_to_raw.py
[2026-07-01T00:23:13.472+0000] {processor.py:914} INFO - Processing file /opt/airflow/dags/ingest_avito_to_raw.py for tasks to queue
[2026-07-01T00:23:13.473+0000] {logging_mixin.py:190} INFO - [2026-07-01T00:23:13.473+0000] {dagbag.py:588} INFO - Filling up the DagBag from /opt/airflow/dags/ingest_avito_to_raw.py
[2026-07-01T00:23:13.477+0000] {processor.py:925} INFO - DAG(s) 'ingest_avito_to_raw' retrieved from /opt/airflow/dags/ingest_avito_to_raw.py
[2026-07-01T00:23:13.494+0000] {logging_mixin.py:190} INFO - [2026-07-01T00:23:13.494+0000] {dag.py:3239} INFO - Sync 1 DAGs
[2026-07-01T00:23:13.504+0000] {logging_mixin.py:190} INFO - [2026-07-01T00:23:13.504+0000] {dag.py:4180} INFO - Setting next_dagrun for ingest_avito_to_raw to 2026-07-01 00:00:00+00:00, run_after=2026-07-01 01:00:00+00:00
[2026-07-01T00:23:13.511+0000] {processor.py:208} INFO - Processing /opt/airflow/dags/ingest_avito_to_raw.py took 0.045 seconds
[2026-07-01T00:41:36.743+0000] {processor.py:186} INFO - Started process (PID=28831) to work on /opt/airflow/dags/ingest_avito_to_raw.py
[2026-07-01T00:41:36.744+0000] {processor.py:914} INFO - Processing file /opt/airflow/dags/ingest_avito_to_raw.py for tasks to queue
[2026-07-01T00:41:36.745+0000] {logging_mixin.py:190} INFO - [2026-07-01T00:41:36.744+0000] {dagbag.py:588} INFO - Filling up the DagBag from /opt/airflow/dags/ingest_avito_to_raw.py
[2026-07-01T00:41:36.750+0000] {processor.py:925} INFO - DAG(s) 'ingest_avito_to_raw' retrieved from /opt/airflow/dags/ingest_avito_to_raw.py
[2026-07-01T00:41:36.767+0000] {logging_mixin.py:190} INFO - [2026-07-01T00:41:36.767+0000] {dag.py:3239} INFO - Sync 1 DAGs
[2026-07-01T00:41:36.778+0000] {logging_mixin.py:190} INFO - [2026-07-01T00:41:36.777+0000] {dag.py:4180} INFO - Setting next_dagrun for ingest_avito_to_raw to 2026-07-01 00:00:00+00:00, run_after=2026-07-01 01:00:00+00:00
[2026-07-01T00:41:36.786+0000] {processor.py:208} INFO - Processing /opt/airflow/dags/ingest_avito_to_raw.py took 0.048 seconds
[2026-07-01T00:42:07.146+0000] {processor.py:186} INFO - Started process (PID=28841) to work on /opt/airflow/dags/ingest_avito_to_raw.py
[2026-07-01T00:42:07.147+0000] {processor.py:914} INFO - Processing file /opt/airflow/dags/ingest_avito_to_raw.py for tasks to queue
[2026-07-01T00:42:07.148+0000] {logging_mixin.py:190} INFO - [2026-07-01T00:42:07.147+0000] {dagbag.py:588} INFO - Filling up the DagBag from /opt/airflow/dags/ingest_avito_to_raw.py
[2026-07-01T00:42:07.152+0000] {processor.py:925} INFO - DAG(s) 'ingest_avito_to_raw' retrieved from /opt/airflow/dags/ingest_avito_to_raw.py
[2026-07-01T00:42:07.170+0000] {logging_mixin.py:190} INFO - [2026-07-01T00:42:07.170+0000] {dag.py:3239} INFO - Sync 1 DAGs
[2026-07-01T00:42:07.180+0000] {logging_mixin.py:190} INFO - [2026-07-01T00:42:07.180+0000] {dag.py:4180} INFO - Setting next_dagrun for ingest_avito_to_raw to 2026-07-01 00:00:00+00:00, run_after=2026-07-01 01:00:00+00:00
[2026-07-01T00:42:07.190+0000] {processor.py:208} INFO - Processing /opt/airflow/dags/ingest_avito_to_raw.py took 0.049 seconds
[2026-07-01T00:58:16.292+0000] {processor.py:186} INFO - Started process (PID=28851) to work on /opt/airflow/dags/ingest_avito_to_raw.py
[2026-07-01T00:58:16.293+0000] {processor.py:914} INFO - Processing file /opt/airflow/dags/ingest_avito_to_raw.py for tasks to queue
[2026-07-01T00:58:16.294+0000] {logging_mixin.py:190} INFO - [2026-07-01T00:58:16.293+0000] {dagbag.py:588} INFO - Filling up the DagBag from /opt/airflow/dags/ingest_avito_to_raw.py
[2026-07-01T00:58:16.298+0000] {processor.py:925} INFO - DAG(s) 'ingest_avito_to_raw' retrieved from /opt/airflow/dags/ingest_avito_to_raw.py
[2026-07-01T00:58:16.315+0000] {logging_mixin.py:190} INFO - [2026-07-01T00:58:16.315+0000] {dag.py:3239} INFO - Sync 1 DAGs
[2026-07-01T00:58:16.324+0000] {logging_mixin.py:190} INFO - [2026-07-01T00:58:16.324+0000] {dag.py:4180} INFO - Setting next_dagrun for ingest_avito_to_raw to 2026-07-01 00:00:00+00:00, run_after=2026-07-01 01:00:00+00:00
[2026-07-01T00:58:16.331+0000] {processor.py:208} INFO - Processing /opt/airflow/dags/ingest_avito_to_raw.py took 0.043 seconds
[2026-07-01T00:58:46.718+0000] {processor.py:186} INFO - Started process (PID=28861) to work on /opt/airflow/dags/ingest_avito_to_raw.py
[2026-07-01T00:58:46.718+0000] {processor.py:914} INFO - Processing file /opt/airflow/dags/ingest_avito_to_raw.py for tasks to queue
[2026-07-01T00:58:46.721+0000] {logging_mixin.py:190} INFO - [2026-07-01T00:58:46.720+0000] {dagbag.py:588} INFO - Filling up the DagBag from /opt/airflow/dags/ingest_avito_to_raw.py
[2026-07-01T00:58:46.725+0000] {processor.py:925} INFO - DAG(s) 'ingest_avito_to_raw' retrieved from /opt/airflow/dags/ingest_avito_to_raw.py
[2026-07-01T00:58:46.742+0000] {logging_mixin.py:190} INFO - [2026-07-01T00:58:46.741+0000] {dag.py:3239} INFO - Sync 1 DAGs
[2026-07-01T00:58:46.750+0000] {logging_mixin.py:190} INFO - [2026-07-01T00:58:46.750+0000] {dag.py:4180} INFO - Setting next_dagrun for ingest_avito_to_raw to 2026-07-01 00:00:00+00:00, run_after=2026-07-01 01:00:00+00:00
[2026-07-01T00:58:46.759+0000] {processor.py:208} INFO - Processing /opt/airflow/dags/ingest_avito_to_raw.py took 0.045 seconds
[2026-07-01T01:14:21.860+0000] {processor.py:186} INFO - Started process (PID=28871) to work on /opt/airflow/dags/ingest_avito_to_raw.py
[2026-07-01T01:14:21.861+0000] {processor.py:914} INFO - Processing file /opt/airflow/dags/ingest_avito_to_raw.py for tasks to queue
[2026-07-01T01:14:21.862+0000] {logging_mixin.py:190} INFO - [2026-07-01T01:14:21.861+0000] {dagbag.py:588} INFO - Filling up the DagBag from /opt/airflow/dags/ingest_avito_to_raw.py
[2026-07-01T01:14:21.865+0000] {processor.py:925} INFO - DAG(s) 'ingest_avito_to_raw' retrieved from /opt/airflow/dags/ingest_avito_to_raw.py
[2026-07-01T01:14:21.883+0000] {logging_mixin.py:190} INFO - [2026-07-01T01:14:21.883+0000] {dag.py:3239} INFO - Sync 1 DAGs
[2026-07-01T01:14:21.891+0000] {logging_mixin.py:190} INFO - [2026-07-01T01:14:21.891+0000] {dag.py:4180} INFO - Setting next_dagrun for ingest_avito_to_raw to 2026-07-01 00:00:00+00:00, run_after=2026-07-01 01:00:00+00:00
[2026-07-01T01:14:21.899+0000] {processor.py:208} INFO - Processing /opt/airflow/dags/ingest_avito_to_raw.py took 0.043 seconds
[2026-07-01T01:23:42.102+0000] {processor.py:186} INFO - Started process (PID=28884) to work on /opt/airflow/dags/ingest_avito_to_raw.py
[2026-07-01T01:23:42.102+0000] {processor.py:914} INFO - Processing file /opt/airflow/dags/ingest_avito_to_raw.py for tasks to queue
[2026-07-01T01:23:42.103+0000] {logging_mixin.py:190} INFO - [2026-07-01T01:23:42.103+0000] {dagbag.py:588} INFO - Filling up the DagBag from /opt/airflow/dags/ingest_avito_to_raw.py
[2026-07-01T01:23:42.107+0000] {processor.py:925} INFO - DAG(s) 'ingest_avito_to_raw' retrieved from /opt/airflow/dags/ingest_avito_to_raw.py
[2026-07-01T01:23:42.123+0000] {logging_mixin.py:190} INFO - [2026-07-01T01:23:42.123+0000] {dag.py:3239} INFO - Sync 1 DAGs
[2026-07-01T01:23:42.133+0000] {logging_mixin.py:190} INFO - [2026-07-01T01:23:42.133+0000] {dag.py:4180} INFO - Setting next_dagrun for ingest_avito_to_raw to 2026-07-01 01:00:00+00:00, run_after=2026-07-01 02:00:00+00:00
[2026-07-01T01:23:42.142+0000] {processor.py:208} INFO - Processing /opt/airflow/dags/ingest_avito_to_raw.py took 0.044 seconds
[2026-07-01T01:24:12.528+0000] {processor.py:186} INFO - Started process (PID=28894) to work on /opt/airflow/dags/ingest_avito_to_raw.py
[2026-07-01T01:24:12.529+0000] {processor.py:914} INFO - Processing file /opt/airflow/dags/ingest_avito_to_raw.py for tasks to queue
[2026-07-01T01:24:12.529+0000] {logging_mixin.py:190} INFO - [2026-07-01T01:24:12.529+0000] {dagbag.py:588} INFO - Filling up the DagBag from /opt/airflow/dags/ingest_avito_to_raw.py
[2026-07-01T01:24:12.534+0000] {processor.py:925} INFO - DAG(s) 'ingest_avito_to_raw' retrieved from /opt/airflow/dags/ingest_avito_to_raw.py
[2026-07-01T01:24:12.552+0000] {logging_mixin.py:190} INFO - [2026-07-01T01:24:12.552+0000] {dag.py:3239} INFO - Sync 1 DAGs
[2026-07-01T01:24:12.561+0000] {logging_mixin.py:190} INFO - [2026-07-01T01:24:12.561+0000] {dag.py:4180} INFO - Setting next_dagrun for ingest_avito_to_raw to 2026-07-01 01:00:00+00:00, run_after=2026-07-01 02:00:00+00:00
[2026-07-01T01:24:12.569+0000] {processor.py:208} INFO - Processing /opt/airflow/dags/ingest_avito_to_raw.py took 0.047 seconds
[2026-07-01T01:39:53.758+0000] {processor.py:186} INFO - Started process (PID=28904) to work on /opt/airflow/dags/ingest_avito_to_raw.py
[2026-07-01T01:39:53.759+0000] {processor.py:914} INFO - Processing file /opt/airflow/dags/ingest_avito_to_raw.py for tasks to queue
[2026-07-01T01:39:53.760+0000] {logging_mixin.py:190} INFO - [2026-07-01T01:39:53.760+0000] {dagbag.py:588} INFO - Filling up the DagBag from /opt/airflow/dags/ingest_avito_to_raw.py
[2026-07-01T01:39:53.764+0000] {processor.py:925} INFO - DAG(s) 'ingest_avito_to_raw' retrieved from /opt/airflow/dags/ingest_avito_to_raw.py
[2026-07-01T01:39:53.781+0000] {logging_mixin.py:190} INFO - [2026-07-01T01:39:53.781+0000] {dag.py:3239} INFO - Sync 1 DAGs
[2026-07-01T01:39:53.790+0000] {logging_mixin.py:190} INFO - [2026-07-01T01:39:53.790+0000] {dag.py:4180} INFO - Setting next_dagrun for ingest_avito_to_raw to 2026-07-01 01:00:00+00:00, run_after=2026-07-01 02:00:00+00:00
[2026-07-01T01:39:53.799+0000] {processor.py:208} INFO - Processing /opt/airflow/dags/ingest_avito_to_raw.py took 0.045 seconds
[2026-07-01T01:40:24.143+0000] {processor.py:186} INFO - Started process (PID=28914) to work on /opt/airflow/dags/ingest_avito_to_raw.py
[2026-07-01T01:40:24.144+0000] {processor.py:914} INFO - Processing file /opt/airflow/dags/ingest_avito_to_raw.py for tasks to queue
[2026-07-01T01:40:24.144+0000] {logging_mixin.py:190} INFO - [2026-07-01T01:40:24.144+0000] {dagbag.py:588} INFO - Filling up the DagBag from /opt/airflow/dags/ingest_avito_to_raw.py
[2026-07-01T01:40:24.148+0000] {processor.py:925} INFO - DAG(s) 'ingest_avito_to_raw' retrieved from /opt/airflow/dags/ingest_avito_to_raw.py
[2026-07-01T01:40:24.167+0000] {logging_mixin.py:190} INFO - [2026-07-01T01:40:24.167+0000] {dag.py:3239} INFO - Sync 1 DAGs
[2026-07-01T01:40:24.175+0000] {logging_mixin.py:190} INFO - [2026-07-01T01:40:24.175+0000] {dag.py:4180} INFO - Setting next_dagrun for ingest_avito_to_raw to 2026-07-01 01:00:00+00:00, run_after=2026-07-01 02:00:00+00:00
[2026-07-01T01:40:24.184+0000] {processor.py:208} INFO - Processing /opt/airflow/dags/ingest_avito_to_raw.py took 0.044 seconds
[2026-07-01T01:56:10.392+0000] {processor.py:186} INFO - Started process (PID=28924) to work on /opt/airflow/dags/ingest_avito_to_raw.py
[2026-07-01T01:56:10.392+0000] {processor.py:914} INFO - Processing file /opt/airflow/dags/ingest_avito_to_raw.py for tasks to queue
[2026-07-01T01:56:10.393+0000] {logging_mixin.py:190} INFO - [2026-07-01T01:56:10.393+0000] {dagbag.py:588} INFO - Filling up the DagBag from /opt/airflow/dags/ingest_avito_to_raw.py
[2026-07-01T01:56:10.396+0000] {processor.py:925} INFO - DAG(s) 'ingest_avito_to_raw' retrieved from /opt/airflow/dags/ingest_avito_to_raw.py
[2026-07-01T01:56:10.411+0000] {logging_mixin.py:190} INFO - [2026-07-01T01:56:10.411+0000] {dag.py:3239} INFO - Sync 1 DAGs
[2026-07-01T01:56:10.422+0000] {logging_mixin.py:190} INFO - [2026-07-01T01:56:10.422+0000] {dag.py:4180} INFO - Setting next_dagrun for ingest_avito_to_raw to 2026-07-01 01:00:00+00:00, run_after=2026-07-01 02:00:00+00:00
[2026-07-01T01:56:10.429+0000] {processor.py:208} INFO - Processing /opt/airflow/dags/ingest_avito_to_raw.py took 0.042 seconds
[2026-07-01T01:56:40.815+0000] {processor.py:186} INFO - Started process (PID=28934) to work on /opt/airflow/dags/ingest_avito_to_raw.py
[2026-07-01T01:56:40.816+0000] {processor.py:914} INFO - Processing file /opt/airflow/dags/ingest_avito_to_raw.py for tasks to queue
[2026-07-01T01:56:40.817+0000] {logging_mixin.py:190} INFO - [2026-07-01T01:56:40.817+0000] {dagbag.py:588} INFO - Filling up the DagBag from /opt/airflow/dags/ingest_avito_to_raw.py
[2026-07-01T01:56:40.822+0000] {processor.py:925} INFO - DAG(s) 'ingest_avito_to_raw' retrieved from /opt/airflow/dags/ingest_avito_to_raw.py
[2026-07-01T01:56:40.843+0000] {logging_mixin.py:190} INFO - [2026-07-01T01:56:40.842+0000] {dag.py:3239} INFO - Sync 1 DAGs
[2026-07-01T01:56:40.853+0000] {logging_mixin.py:190} INFO - [2026-07-01T01:56:40.853+0000] {dag.py:4180} INFO - Setting next_dagrun for ingest_avito_to_raw to 2026-07-01 01:00:00+00:00, run_after=2026-07-01 02:00:00+00:00
[2026-07-01T01:56:40.863+0000] {processor.py:208} INFO - Processing /opt/airflow/dags/ingest_avito_to_raw.py took 0.054 seconds
[2026-07-01T02:12:13.087+0000] {processor.py:186} INFO - Started process (PID=28944) to work on /opt/airflow/dags/ingest_avito_to_raw.py
[2026-07-01T02:12:13.087+0000] {processor.py:914} INFO - Processing file /opt/airflow/dags/ingest_avito_to_raw.py for tasks to queue
[2026-07-01T02:12:13.088+0000] {logging_mixin.py:190} INFO - [2026-07-01T02:12:13.088+0000] {dagbag.py:588} INFO - Filling up the DagBag from /opt/airflow/dags/ingest_avito_to_raw.py
[2026-07-01T02:12:13.092+0000] {processor.py:925} INFO - DAG(s) 'ingest_avito_to_raw' retrieved from /opt/airflow/dags/ingest_avito_to_raw.py
[2026-07-01T02:12:13.107+0000] {logging_mixin.py:190} INFO - [2026-07-01T02:12:13.107+0000] {dag.py:3239} INFO - Sync 1 DAGs
[2026-07-01T02:12:13.116+0000] {logging_mixin.py:190} INFO - [2026-07-01T02:12:13.116+0000] {dag.py:4180} INFO - Setting next_dagrun for ingest_avito_to_raw to 2026-07-01 01:00:00+00:00, run_after=2026-07-01 02:00:00+00:00
[2026-07-01T02:12:13.125+0000] {processor.py:208} INFO - Processing /opt/airflow/dags/ingest_avito_to_raw.py took 0.042 seconds
[2026-07-01T02:24:43.310+0000] {processor.py:186} INFO - Started process (PID=28957) to work on /opt/airflow/dags/ingest_avito_to_raw.py
[2026-07-01T02:24:43.311+0000] {processor.py:914} INFO - Processing file /opt/airflow/dags/ingest_avito_to_raw.py for tasks to queue
[2026-07-01T02:24:43.311+0000] {logging_mixin.py:190} INFO - [2026-07-01T02:24:43.311+0000] {dagbag.py:588} INFO - Filling up the DagBag from /opt/airflow/dags/ingest_avito_to_raw.py
[2026-07-01T02:24:43.315+0000] {processor.py:925} INFO - DAG(s) 'ingest_avito_to_raw' retrieved from /opt/airflow/dags/ingest_avito_to_raw.py
[2026-07-01T02:24:43.330+0000] {logging_mixin.py:190} INFO - [2026-07-01T02:24:43.330+0000] {dag.py:3239} INFO - Sync 1 DAGs
[2026-07-01T02:24:43.339+0000] {logging_mixin.py:190} INFO - [2026-07-01T02:24:43.339+0000] {dag.py:4180} INFO - Setting next_dagrun for ingest_avito_to_raw to 2026-07-01 02:00:00+00:00, run_after=2026-07-01 03:00:00+00:00
[2026-07-01T02:24:43.347+0000] {processor.py:208} INFO - Processing /opt/airflow/dags/ingest_avito_to_raw.py took 0.041 seconds
[2026-07-01T02:25:13.747+0000] {processor.py:186} INFO - Started process (PID=28967) to work on /opt/airflow/dags/ingest_avito_to_raw.py
[2026-07-01T02:25:13.748+0000] {processor.py:914} INFO - Processing file /opt/airflow/dags/ingest_avito_to_raw.py for tasks to queue
[2026-07-01T02:25:13.749+0000] {logging_mixin.py:190} INFO - [2026-07-01T02:25:13.749+0000] {dagbag.py:588} INFO - Filling up the DagBag from /opt/airflow/dags/ingest_avito_to_raw.py
[2026-07-01T02:25:13.753+0000] {processor.py:925} INFO - DAG(s) 'ingest_avito_to_raw' retrieved from /opt/airflow/dags/ingest_avito_to_raw.py
[2026-07-01T02:25:13.773+0000] {logging_mixin.py:190} INFO - [2026-07-01T02:25:13.773+0000] {dag.py:3239} INFO - Sync 1 DAGs
[2026-07-01T02:25:13.783+0000] {logging_mixin.py:190} INFO - [2026-07-01T02:25:13.783+0000] {dag.py:4180} INFO - Setting next_dagrun for ingest_avito_to_raw to 2026-07-01 02:00:00+00:00, run_after=2026-07-01 03:00:00+00:00
[2026-07-01T02:25:13.791+0000] {processor.py:208} INFO - Processing /opt/airflow/dags/ingest_avito_to_raw.py took 0.049 seconds
[2026-07-01T02:43:33.851+0000] {processor.py:186} INFO - Started process (PID=28977) to work on /opt/airflow/dags/ingest_avito_to_raw.py
[2026-07-01T02:43:33.851+0000] {processor.py:914} INFO - Processing file /opt/airflow/dags/ingest_avito_to_raw.py for tasks to queue
[2026-07-01T02:43:33.852+0000] {logging_mixin.py:190} INFO - [2026-07-01T02:43:33.852+0000] {dagbag.py:588} INFO - Filling up the DagBag from /opt/airflow/dags/ingest_avito_to_raw.py
[2026-07-01T02:43:33.856+0000] {processor.py:925} INFO - DAG(s) 'ingest_avito_to_raw' retrieved from /opt/airflow/dags/ingest_avito_to_raw.py
[2026-07-01T02:43:33.870+0000] {logging_mixin.py:190} INFO - [2026-07-01T02:43:33.870+0000] {dag.py:3239} INFO - Sync 1 DAGs
[2026-07-01T02:43:33.879+0000] {logging_mixin.py:190} INFO - [2026-07-01T02:43:33.879+0000] {dag.py:4180} INFO - Setting next_dagrun for ingest_avito_to_raw to 2026-07-01 02:00:00+00:00, run_after=2026-07-01 03:00:00+00:00
[2026-07-01T02:43:33.888+0000] {processor.py:208} INFO - Processing /opt/airflow/dags/ingest_avito_to_raw.py took 0.041 seconds
[2026-07-01T02:44:04.303+0000] {processor.py:186} INFO - Started process (PID=28987) to work on /opt/airflow/dags/ingest_avito_to_raw.py
[2026-07-01T02:44:04.303+0000] {processor.py:914} INFO - Processing file /opt/airflow/dags/ingest_avito_to_raw.py for tasks to queue
[2026-07-01T02:44:04.304+0000] {logging_mixin.py:190} INFO - [2026-07-01T02:44:04.304+0000] {dagbag.py:588} INFO - Filling up the DagBag from /opt/airflow/dags/ingest_avito_to_raw.py
[2026-07-01T02:44:04.308+0000] {processor.py:925} INFO - DAG(s) 'ingest_avito_to_raw' retrieved from /opt/airflow/dags/ingest_avito_to_raw.py
[2026-07-01T02:44:04.325+0000] {logging_mixin.py:190} INFO - [2026-07-01T02:44:04.325+0000] {dag.py:3239} INFO - Sync 1 DAGs
[2026-07-01T02:44:04.334+0000] {logging_mixin.py:190} INFO - [2026-07-01T02:44:04.334+0000] {dag.py:4180} INFO - Setting next_dagrun for ingest_avito_to_raw to 2026-07-01 02:00:00+00:00, run_after=2026-07-01 03:00:00+00:00
[2026-07-01T02:44:04.342+0000] {processor.py:208} INFO - Processing /opt/airflow/dags/ingest_avito_to_raw.py took 0.044 seconds
[2026-07-01T02:59:33.542+0000] {processor.py:186} INFO - Started process (PID=28997) to work on /opt/airflow/dags/ingest_avito_to_raw.py
[2026-07-01T02:59:33.543+0000] {processor.py:914} INFO - Processing file /opt/airflow/dags/ingest_avito_to_raw.py for tasks to queue
[2026-07-01T02:59:33.543+0000] {logging_mixin.py:190} INFO - [2026-07-01T02:59:33.543+0000] {dagbag.py:588} INFO - Filling up the DagBag from /opt/airflow/dags/ingest_avito_to_raw.py
[2026-07-01T02:59:33.547+0000] {processor.py:925} INFO - DAG(s) 'ingest_avito_to_raw' retrieved from /opt/airflow/dags/ingest_avito_to_raw.py
[2026-07-01T02:59:33.562+0000] {logging_mixin.py:190} INFO - [2026-07-01T02:59:33.562+0000] {dag.py:3239} INFO - Sync 1 DAGs
[2026-07-01T02:59:33.571+0000] {logging_mixin.py:190} INFO - [2026-07-01T02:59:33.571+0000] {dag.py:4180} INFO - Setting next_dagrun for ingest_avito_to_raw to 2026-07-01 02:00:00+00:00, run_after=2026-07-01 03:00:00+00:00
[2026-07-01T02:59:33.580+0000] {processor.py:208} INFO - Processing /opt/airflow/dags/ingest_avito_to_raw.py took 0.042 seconds
[2026-07-01T03:00:03.984+0000] {processor.py:186} INFO - Started process (PID=29010) to work on /opt/airflow/dags/ingest_avito_to_raw.py
[2026-07-01T03:00:03.985+0000] {processor.py:914} INFO - Processing file /opt/airflow/dags/ingest_avito_to_raw.py for tasks to queue
[2026-07-01T03:00:03.985+0000] {logging_mixin.py:190} INFO - [2026-07-01T03:00:03.985+0000] {dagbag.py:588} INFO - Filling up the DagBag from /opt/airflow/dags/ingest_avito_to_raw.py
[2026-07-01T03:00:03.990+0000] {processor.py:925} INFO - DAG(s) 'ingest_avito_to_raw' retrieved from /opt/airflow/dags/ingest_avito_to_raw.py
[2026-07-01T03:00:04.009+0000] {logging_mixin.py:190} INFO - [2026-07-01T03:00:04.009+0000] {dag.py:3239} INFO - Sync 1 DAGs
[2026-07-01T03:00:04.019+0000] {logging_mixin.py:190} INFO - [2026-07-01T03:00:04.019+0000] {dag.py:4180} INFO - Setting next_dagrun for ingest_avito_to_raw to 2026-07-01 03:00:00+00:00, run_after=2026-07-01 04:00:00+00:00
[2026-07-01T03:00:04.028+0000] {processor.py:208} INFO - Processing /opt/airflow/dags/ingest_avito_to_raw.py took 0.049 seconds
[2026-07-01T03:16:49.260+0000] {processor.py:186} INFO - Started process (PID=29020) to work on /opt/airflow/dags/ingest_avito_to_raw.py
[2026-07-01T03:16:49.261+0000] {processor.py:914} INFO - Processing file /opt/airflow/dags/ingest_avito_to_raw.py for tasks to queue
[2026-07-01T03:16:49.261+0000] {logging_mixin.py:190} INFO - [2026-07-01T03:16:49.261+0000] {dagbag.py:588} INFO - Filling up the DagBag from /opt/airflow/dags/ingest_avito_to_raw.py
[2026-07-01T03:16:49.265+0000] {processor.py:925} INFO - DAG(s) 'ingest_avito_to_raw' retrieved from /opt/airflow/dags/ingest_avito_to_raw.py
[2026-07-01T03:16:49.280+0000] {logging_mixin.py:190} INFO - [2026-07-01T03:16:49.280+0000] {dag.py:3239} INFO - Sync 1 DAGs
[2026-07-01T03:16:49.288+0000] {logging_mixin.py:190} INFO - [2026-07-01T03:16:49.288+0000] {dag.py:4180} INFO - Setting next_dagrun for ingest_avito_to_raw to 2026-07-01 03:00:00+00:00, run_after=2026-07-01 04:00:00+00:00
[2026-07-01T03:16:49.297+0000] {processor.py:208} INFO - Processing /opt/airflow/dags/ingest_avito_to_raw.py took 0.041 seconds
[2026-07-01T03:25:43.029+0000] {processor.py:186} INFO - Started process (PID=29030) to work on /opt/airflow/dags/ingest_avito_to_raw.py
[2026-07-01T03:25:43.030+0000] {processor.py:914} INFO - Processing file /opt/airflow/dags/ingest_avito_to_raw.py for tasks to queue
[2026-07-01T03:25:43.031+0000] {logging_mixin.py:190} INFO - [2026-07-01T03:25:43.031+0000] {dagbag.py:588} INFO - Filling up the DagBag from /opt/airflow/dags/ingest_avito_to_raw.py
[2026-07-01T03:25:43.036+0000] {processor.py:925} INFO - DAG(s) 'ingest_avito_to_raw' retrieved from /opt/airflow/dags/ingest_avito_to_raw.py
[2026-07-01T03:25:43.053+0000] {logging_mixin.py:190} INFO - [2026-07-01T03:25:43.053+0000] {dag.py:3239} INFO - Sync 1 DAGs
[2026-07-01T03:25:43.062+0000] {logging_mixin.py:190} INFO - [2026-07-01T03:25:43.062+0000] {dag.py:4180} INFO - Setting next_dagrun for ingest_avito_to_raw to 2026-07-01 03:00:00+00:00, run_after=2026-07-01 04:00:00+00:00
[2026-07-01T03:25:43.071+0000] {processor.py:208} INFO - Processing /opt/airflow/dags/ingest_avito_to_raw.py took 0.046 seconds
[2026-07-01T03:26:13.470+0000] {processor.py:186} INFO - Started process (PID=29040) to work on /opt/airflow/dags/ingest_avito_to_raw.py
[2026-07-01T03:26:13.470+0000] {processor.py:914} INFO - Processing file /opt/airflow/dags/ingest_avito_to_raw.py for tasks to queue
[2026-07-01T03:26:13.471+0000] {logging_mixin.py:190} INFO - [2026-07-01T03:26:13.471+0000] {dagbag.py:588} INFO - Filling up the DagBag from /opt/airflow/dags/ingest_avito_to_raw.py
[2026-07-01T03:26:13.476+0000] {processor.py:925} INFO - DAG(s) 'ingest_avito_to_raw' retrieved from /opt/airflow/dags/ingest_avito_to_raw.py
[2026-07-01T03:26:13.490+0000] {logging_mixin.py:190} INFO - [2026-07-01T03:26:13.490+0000] {dag.py:3239} INFO - Sync 1 DAGs
[2026-07-01T03:26:13.500+0000] {logging_mixin.py:190} INFO - [2026-07-01T03:26:13.500+0000] {dag.py:4180} INFO - Setting next_dagrun for ingest_avito_to_raw to 2026-07-01 03:00:00+00:00, run_after=2026-07-01 04:00:00+00:00
[2026-07-01T03:26:13.510+0000] {processor.py:208} INFO - Processing /opt/airflow/dags/ingest_avito_to_raw.py took 0.045 seconds
[2026-07-01T03:41:25.483+0000] {processor.py:186} INFO - Started process (PID=29050) to work on /opt/airflow/dags/ingest_avito_to_raw.py
[2026-07-01T03:41:25.484+0000] {processor.py:914} INFO - Processing file /opt/airflow/dags/ingest_avito_to_raw.py for tasks to queue
[2026-07-01T03:41:25.485+0000] {logging_mixin.py:190} INFO - [2026-07-01T03:41:25.485+0000] {dagbag.py:588} INFO - Filling up the DagBag from /opt/airflow/dags/ingest_avito_to_raw.py
[2026-07-01T03:41:25.496+0000] {processor.py:925} INFO - DAG(s) 'ingest_avito_to_raw' retrieved from /opt/airflow/dags/ingest_avito_to_raw.py
[2026-07-01T03:41:25.525+0000] {logging_mixin.py:190} INFO - [2026-07-01T03:41:25.525+0000] {dag.py:3239} INFO - Sync 1 DAGs
[2026-07-01T03:41:25.541+0000] {logging_mixin.py:190} INFO - [2026-07-01T03:41:25.541+0000] {dag.py:4180} INFO - Setting next_dagrun for ingest_avito_to_raw to 2026-07-01 03:00:00+00:00, run_after=2026-07-01 04:00:00+00:00
[2026-07-01T03:41:25.552+0000] {processor.py:208} INFO - Processing /opt/airflow/dags/ingest_avito_to_raw.py took 0.083 seconds
[2026-07-01T03:41:55.812+0000] {processor.py:186} INFO - Started process (PID=29060) to work on /opt/airflow/dags/ingest_avito_to_raw.py
[2026-07-01T03:41:55.813+0000] {processor.py:914} INFO - Processing file /opt/airflow/dags/ingest_avito_to_raw.py for tasks to queue
[2026-07-01T03:41:55.814+0000] {logging_mixin.py:190} INFO - [2026-07-01T03:41:55.814+0000] {dagbag.py:588} INFO - Filling up the DagBag from /opt/airflow/dags/ingest_avito_to_raw.py
[2026-07-01T03:41:55.819+0000] {processor.py:925} INFO - DAG(s) 'ingest_avito_to_raw' retrieved from /opt/airflow/dags/ingest_avito_to_raw.py
[2026-07-01T03:41:55.838+0000] {logging_mixin.py:190} INFO - [2026-07-01T03:41:55.838+0000] {dag.py:3239} INFO - Sync 1 DAGs
[2026-07-01T03:41:55.850+0000] {logging_mixin.py:190} INFO - [2026-07-01T03:41:55.850+0000] {dag.py:4180} INFO - Setting next_dagrun for ingest_avito_to_raw to 2026-07-01 03:00:00+00:00, run_after=2026-07-01 04:00:00+00:00
[2026-07-01T03:41:55.860+0000] {processor.py:208} INFO - Processing /opt/airflow/dags/ingest_avito_to_raw.py took 0.054 seconds
[2026-07-01T03:42:26.216+0000] {processor.py:186} INFO - Started process (PID=29070) to work on /opt/airflow/dags/ingest_avito_to_raw.py
[2026-07-01T03:42:26.217+0000] {processor.py:914} INFO - Processing file /opt/airflow/dags/ingest_avito_to_raw.py for tasks to queue
[2026-07-01T03:42:26.219+0000] {logging_mixin.py:190} INFO - [2026-07-01T03:42:26.218+0000] {dagbag.py:588} INFO - Filling up the DagBag from /opt/airflow/dags/ingest_avito_to_raw.py
[2026-07-01T03:42:26.224+0000] {processor.py:925} INFO - DAG(s) 'ingest_avito_to_raw' retrieved from /opt/airflow/dags/ingest_avito_to_raw.py
[2026-07-01T03:42:26.244+0000] {logging_mixin.py:190} INFO - [2026-07-01T03:42:26.244+0000] {dag.py:3239} INFO - Sync 1 DAGs
[2026-07-01T03:42:26.256+0000] {logging_mixin.py:190} INFO - [2026-07-01T03:42:26.256+0000] {dag.py:4180} INFO - Setting next_dagrun for ingest_avito_to_raw to 2026-07-01 03:00:00+00:00, run_after=2026-07-01 04:00:00+00:00
[2026-07-01T03:42:26.268+0000] {processor.py:208} INFO - Processing /opt/airflow/dags/ingest_avito_to_raw.py took 0.057 seconds
[2026-07-01T03:42:56.576+0000] {processor.py:186} INFO - Started process (PID=29080) to work on /opt/airflow/dags/ingest_avito_to_raw.py
[2026-07-01T03:42:56.577+0000] {processor.py:914} INFO - Processing file /opt/airflow/dags/ingest_avito_to_raw.py for tasks to queue
[2026-07-01T03:42:56.578+0000] {logging_mixin.py:190} INFO - [2026-07-01T03:42:56.578+0000] {dagbag.py:588} INFO - Filling up the DagBag from /opt/airflow/dags/ingest_avito_to_raw.py
[2026-07-01T03:42:56.584+0000] {processor.py:925} INFO - DAG(s) 'ingest_avito_to_raw' retrieved from /opt/airflow/dags/ingest_avito_to_raw.py
[2026-07-01T03:42:56.603+0000] {logging_mixin.py:190} INFO - [2026-07-01T03:42:56.602+0000] {dag.py:3239} INFO - Sync 1 DAGs
[2026-07-01T03:42:56.614+0000] {logging_mixin.py:190} INFO - [2026-07-01T03:42:56.614+0000] {dag.py:4180} INFO - Setting next_dagrun for ingest_avito_to_raw to 2026-07-01 03:00:00+00:00, run_after=2026-07-01 04:00:00+00:00
[2026-07-01T03:42:56.622+0000] {processor.py:208} INFO - Processing /opt/airflow/dags/ingest_avito_to_raw.py took 0.051 seconds
[2026-07-01T03:43:26.965+0000] {processor.py:186} INFO - Started process (PID=29090) to work on /opt/airflow/dags/ingest_avito_to_raw.py
[2026-07-01T03:43:26.966+0000] {processor.py:914} INFO - Processing file /opt/airflow/dags/ingest_avito_to_raw.py for tasks to queue
[2026-07-01T03:43:26.967+0000] {logging_mixin.py:190} INFO - [2026-07-01T03:43:26.966+0000] {dagbag.py:588} INFO - Filling up the DagBag from /opt/airflow/dags/ingest_avito_to_raw.py
[2026-07-01T03:43:26.970+0000] {processor.py:925} INFO - DAG(s) 'ingest_avito_to_raw' retrieved from /opt/airflow/dags/ingest_avito_to_raw.py
[2026-07-01T03:43:26.984+0000] {logging_mixin.py:190} INFO - [2026-07-01T03:43:26.984+0000] {dag.py:3239} INFO - Sync 1 DAGs
[2026-07-01T03:43:26.992+0000] {logging_mixin.py:190} INFO - [2026-07-01T03:43:26.992+0000] {dag.py:4180} INFO - Setting next_dagrun for ingest_avito_to_raw to 2026-07-01 03:00:00+00:00, run_after=2026-07-01 04:00:00+00:00
[2026-07-01T03:43:27.000+0000] {processor.py:208} INFO - Processing /opt/airflow/dags/ingest_avito_to_raw.py took 0.039 seconds
[2026-07-01T03:43:57.357+0000] {processor.py:186} INFO - Started process (PID=29100) to work on /opt/airflow/dags/ingest_avito_to_raw.py
[2026-07-01T03:43:57.357+0000] {processor.py:914} INFO - Processing file /opt/airflow/dags/ingest_avito_to_raw.py for tasks to queue
[2026-07-01T03:43:57.358+0000] {logging_mixin.py:190} INFO - [2026-07-01T03:43:57.358+0000] {dagbag.py:588} INFO - Filling up the DagBag from /opt/airflow/dags/ingest_avito_to_raw.py
[2026-07-01T03:43:57.362+0000] {processor.py:925} INFO - DAG(s) 'ingest_avito_to_raw' retrieved from /opt/airflow/dags/ingest_avito_to_raw.py
[2026-07-01T03:43:57.382+0000] {logging_mixin.py:190} INFO - [2026-07-01T03:43:57.381+0000] {dag.py:3239} INFO - Sync 1 DAGs
[2026-07-01T03:43:57.391+0000] {logging_mixin.py:190} INFO - [2026-07-01T03:43:57.391+0000] {dag.py:4180} INFO - Setting next_dagrun for ingest_avito_to_raw to 2026-07-01 03:00:00+00:00, run_after=2026-07-01 04:00:00+00:00
[2026-07-01T03:43:57.401+0000] {processor.py:208} INFO - Processing /opt/airflow/dags/ingest_avito_to_raw.py took 0.049 seconds
[2026-07-01T03:44:27.743+0000] {processor.py:186} INFO - Started process (PID=29110) to work on /opt/airflow/dags/ingest_avito_to_raw.py
[2026-07-01T03:44:27.744+0000] {processor.py:914} INFO - Processing file /opt/airflow/dags/ingest_avito_to_raw.py for tasks to queue
[2026-07-01T03:44:27.745+0000] {logging_mixin.py:190} INFO - [2026-07-01T03:44:27.745+0000] {dagbag.py:588} INFO - Filling up the DagBag from /opt/airflow/dags/ingest_avito_to_raw.py
[2026-07-01T03:44:27.749+0000] {processor.py:925} INFO - DAG(s) 'ingest_avito_to_raw' retrieved from /opt/airflow/dags/ingest_avito_to_raw.py
[2026-07-01T03:44:27.767+0000] {logging_mixin.py:190} INFO - [2026-07-01T03:44:27.767+0000] {dag.py:3239} INFO - Sync 1 DAGs
[2026-07-01T03:44:27.777+0000] {logging_mixin.py:190} INFO - [2026-07-01T03:44:27.777+0000] {dag.py:4180} INFO - Setting next_dagrun for ingest_avito_to_raw to 2026-07-01 03:00:00+00:00, run_after=2026-07-01 04:00:00+00:00
[2026-07-01T03:44:27.787+0000] {processor.py:208} INFO - Processing /opt/airflow/dags/ingest_avito_to_raw.py took 0.048 seconds
[2026-07-01T03:44:58.079+0000] {processor.py:186} INFO - Started process (PID=29120) to work on /opt/airflow/dags/ingest_avito_to_raw.py
[2026-07-01T03:44:58.080+0000] {processor.py:914} INFO - Processing file /opt/airflow/dags/ingest_avito_to_raw.py for tasks to queue
[2026-07-01T03:44:58.080+0000] {logging_mixin.py:190} INFO - [2026-07-01T03:44:58.080+0000] {dagbag.py:588} INFO - Filling up the DagBag from /opt/airflow/dags/ingest_avito_to_raw.py
[2026-07-01T03:44:58.085+0000] {processor.py:925} INFO - DAG(s) 'ingest_avito_to_raw' retrieved from /opt/airflow/dags/ingest_avito_to_raw.py
[2026-07-01T03:44:58.103+0000] {logging_mixin.py:190} INFO - [2026-07-01T03:44:58.103+0000] {dag.py:3239} INFO - Sync 1 DAGs
[2026-07-01T03:44:58.115+0000] {logging_mixin.py:190} INFO - [2026-07-01T03:44:58.115+0000] {dag.py:4180} INFO - Setting next_dagrun for ingest_avito_to_raw to 2026-07-01 03:00:00+00:00, run_after=2026-07-01 04:00:00+00:00
[2026-07-01T03:44:58.123+0000] {processor.py:208} INFO - Processing /opt/airflow/dags/ingest_avito_to_raw.py took 0.049 seconds
[2026-07-01T03:45:28.466+0000] {processor.py:186} INFO - Started process (PID=29130) to work on /opt/airflow/dags/ingest_avito_to_raw.py
[2026-07-01T03:45:28.467+0000] {processor.py:914} INFO - Processing file /opt/airflow/dags/ingest_avito_to_raw.py for tasks to queue
[2026-07-01T03:45:28.468+0000] {logging_mixin.py:190} INFO - [2026-07-01T03:45:28.468+0000] {dagbag.py:588} INFO - Filling up the DagBag from /opt/airflow/dags/ingest_avito_to_raw.py
[2026-07-01T03:45:28.472+0000] {processor.py:925} INFO - DAG(s) 'ingest_avito_to_raw' retrieved from /opt/airflow/dags/ingest_avito_to_raw.py
[2026-07-01T03:45:28.490+0000] {logging_mixin.py:190} INFO - [2026-07-01T03:45:28.490+0000] {dag.py:3239} INFO - Sync 1 DAGs
[2026-07-01T03:45:28.502+0000] {logging_mixin.py:190} INFO - [2026-07-01T03:45:28.502+0000] {dag.py:4180} INFO - Setting next_dagrun for ingest_avito_to_raw to 2026-07-01 03:00:00+00:00, run_after=2026-07-01 04:00:00+00:00
[2026-07-01T03:45:28.513+0000] {processor.py:208} INFO - Processing /opt/airflow/dags/ingest_avito_to_raw.py took 0.052 seconds
[2026-07-01T03:45:58.892+0000] {processor.py:186} INFO - Started process (PID=29140) to work on /opt/airflow/dags/ingest_avito_to_raw.py
[2026-07-01T03:45:58.893+0000] {processor.py:914} INFO - Processing file /opt/airflow/dags/ingest_avito_to_raw.py for tasks to queue
[2026-07-01T03:45:58.894+0000] {logging_mixin.py:190} INFO - [2026-07-01T03:45:58.894+0000] {dagbag.py:588} INFO - Filling up the DagBag from /opt/airflow/dags/ingest_avito_to_raw.py
[2026-07-01T03:45:58.898+0000] {processor.py:925} INFO - DAG(s) 'ingest_avito_to_raw' retrieved from /opt/airflow/dags/ingest_avito_to_raw.py
[2026-07-01T03:45:58.916+0000] {logging_mixin.py:190} INFO - [2026-07-01T03:45:58.916+0000] {dag.py:3239} INFO - Sync 1 DAGs
[2026-07-01T03:45:58.926+0000] {logging_mixin.py:190} INFO - [2026-07-01T03:45:58.926+0000] {dag.py:4180} INFO - Setting next_dagrun for ingest_avito_to_raw to 2026-07-01 03:00:00+00:00, run_after=2026-07-01 04:00:00+00:00
[2026-07-01T03:45:58.935+0000] {processor.py:208} INFO - Processing /opt/airflow/dags/ingest_avito_to_raw.py took 0.048 seconds
[2026-07-01T03:46:29.285+0000] {processor.py:186} INFO - Started process (PID=29150) to work on /opt/airflow/dags/ingest_avito_to_raw.py
[2026-07-01T03:46:29.286+0000] {processor.py:914} INFO - Processing file /opt/airflow/dags/ingest_avito_to_raw.py for tasks to queue
[2026-07-01T03:46:29.286+0000] {logging_mixin.py:190} INFO - [2026-07-01T03:46:29.286+0000] {dagbag.py:588} INFO - Filling up the DagBag from /opt/airflow/dags/ingest_avito_to_raw.py
[2026-07-01T03:46:29.291+0000] {processor.py:925} INFO - DAG(s) 'ingest_avito_to_raw' retrieved from /opt/airflow/dags/ingest_avito_to_raw.py
[2026-07-01T03:46:29.308+0000] {logging_mixin.py:190} INFO - [2026-07-01T03:46:29.308+0000] {dag.py:3239} INFO - Sync 1 DAGs
[2026-07-01T03:46:29.318+0000] {logging_mixin.py:190} INFO - [2026-07-01T03:46:29.318+0000] {dag.py:4180} INFO - Setting next_dagrun for ingest_avito_to_raw to 2026-07-01 03:00:00+00:00, run_after=2026-07-01 04:00:00+00:00
[2026-07-01T03:46:29.327+0000] {processor.py:208} INFO - Processing /opt/airflow/dags/ingest_avito_to_raw.py took 0.047 seconds
[2026-07-01T03:46:59.758+0000] {processor.py:186} INFO - Started process (PID=29160) to work on /opt/airflow/dags/ingest_avito_to_raw.py
[2026-07-01T03:46:59.759+0000] {processor.py:914} INFO - Processing file /opt/airflow/dags/ingest_avito_to_raw.py for tasks to queue
[2026-07-01T03:46:59.760+0000] {logging_mixin.py:190} INFO - [2026-07-01T03:46:59.760+0000] {dagbag.py:588} INFO - Filling up the DagBag from /opt/airflow/dags/ingest_avito_to_raw.py
[2026-07-01T03:46:59.765+0000] {processor.py:925} INFO - DAG(s) 'ingest_avito_to_raw' retrieved from /opt/airflow/dags/ingest_avito_to_raw.py
[2026-07-01T03:46:59.782+0000] {logging_mixin.py:190} INFO - [2026-07-01T03:46:59.782+0000] {dag.py:3239} INFO - Sync 1 DAGs
[2026-07-01T03:46:59.792+0000] {logging_mixin.py:190} INFO - [2026-07-01T03:46:59.792+0000] {dag.py:4180} INFO - Setting next_dagrun for ingest_avito_to_raw to 2026-07-01 03:00:00+00:00, run_after=2026-07-01 04:00:00+00:00
[2026-07-01T03:46:59.801+0000] {processor.py:208} INFO - Processing /opt/airflow/dags/ingest_avito_to_raw.py took 0.049 seconds
[2026-07-01T03:47:30.128+0000] {processor.py:186} INFO - Started process (PID=29170) to work on /opt/airflow/dags/ingest_avito_to_raw.py
[2026-07-01T03:47:30.129+0000] {processor.py:914} INFO - Processing file /opt/airflow/dags/ingest_avito_to_raw.py for tasks to queue
[2026-07-01T03:47:30.129+0000] {logging_mixin.py:190} INFO - [2026-07-01T03:47:30.129+0000] {dagbag.py:588} INFO - Filling up the DagBag from /opt/airflow/dags/ingest_avito_to_raw.py
[2026-07-01T03:47:30.132+0000] {processor.py:925} INFO - DAG(s) 'ingest_avito_to_raw' retrieved from /opt/airflow/dags/ingest_avito_to_raw.py
[2026-07-01T03:47:30.148+0000] {logging_mixin.py:190} INFO - [2026-07-01T03:47:30.147+0000] {dag.py:3239} INFO - Sync 1 DAGs
[2026-07-01T03:47:30.157+0000] {logging_mixin.py:190} INFO - [2026-07-01T03:47:30.157+0000] {dag.py:4180} INFO - Setting next_dagrun for ingest_avito_to_raw to 2026-07-01 03:00:00+00:00, run_after=2026-07-01 04:00:00+00:00
[2026-07-01T03:47:30.168+0000] {processor.py:208} INFO - Processing /opt/airflow/dags/ingest_avito_to_raw.py took 0.044 seconds
[2026-07-01T03:48:00.474+0000] {processor.py:186} INFO - Started process (PID=29180) to work on /opt/airflow/dags/ingest_avito_to_raw.py
[2026-07-01T03:48:00.475+0000] {processor.py:914} INFO - Processing file /opt/airflow/dags/ingest_avito_to_raw.py for tasks to queue
[2026-07-01T03:48:00.476+0000] {logging_mixin.py:190} INFO - [2026-07-01T03:48:00.476+0000] {dagbag.py:588} INFO - Filling up the DagBag from /opt/airflow/dags/ingest_avito_to_raw.py
[2026-07-01T03:48:00.480+0000] {processor.py:925} INFO - DAG(s) 'ingest_avito_to_raw' retrieved from /opt/airflow/dags/ingest_avito_to_raw.py
[2026-07-01T03:48:00.497+0000] {logging_mixin.py:190} INFO - [2026-07-01T03:48:00.496+0000] {dag.py:3239} INFO - Sync 1 DAGs
[2026-07-01T03:48:00.507+0000] {logging_mixin.py:190} INFO - [2026-07-01T03:48:00.507+0000] {dag.py:4180} INFO - Setting next_dagrun for ingest_avito_to_raw to 2026-07-01 03:00:00+00:00, run_after=2026-07-01 04:00:00+00:00
[2026-07-01T03:48:00.514+0000] {processor.py:208} INFO - Processing /opt/airflow/dags/ingest_avito_to_raw.py took 0.045 seconds
[2026-07-01T03:48:30.901+0000] {processor.py:186} INFO - Started process (PID=29190) to work on /opt/airflow/dags/ingest_avito_to_raw.py
[2026-07-01T03:48:30.902+0000] {processor.py:914} INFO - Processing file /opt/airflow/dags/ingest_avito_to_raw.py for tasks to queue
[2026-07-01T03:48:30.903+0000] {logging_mixin.py:190} INFO - [2026-07-01T03:48:30.903+0000] {dagbag.py:588} INFO - Filling up the DagBag from /opt/airflow/dags/ingest_avito_to_raw.py
[2026-07-01T03:48:30.907+0000] {processor.py:925} INFO - DAG(s) 'ingest_avito_to_raw' retrieved from /opt/airflow/dags/ingest_avito_to_raw.py
[2026-07-01T03:48:30.923+0000] {logging_mixin.py:190} INFO - [2026-07-01T03:48:30.923+0000] {dag.py:3239} INFO - Sync 1 DAGs
[2026-07-01T03:48:30.932+0000] {logging_mixin.py:190} INFO - [2026-07-01T03:48:30.932+0000] {dag.py:4180} INFO - Setting next_dagrun for ingest_avito_to_raw to 2026-07-01 03:00:00+00:00, run_after=2026-07-01 04:00:00+00:00
[2026-07-01T03:48:30.940+0000] {processor.py:208} INFO - Processing /opt/airflow/dags/ingest_avito_to_raw.py took 0.044 seconds
[2026-07-01T03:49:01.343+0000] {processor.py:186} INFO - Started process (PID=29200) to work on /opt/airflow/dags/ingest_avito_to_raw.py
[2026-07-01T03:49:01.343+0000] {processor.py:914} INFO - Processing file /opt/airflow/dags/ingest_avito_to_raw.py for tasks to queue
[2026-07-01T03:49:01.344+0000] {logging_mixin.py:190} INFO - [2026-07-01T03:49:01.344+0000] {dagbag.py:588} INFO - Filling up the DagBag from /opt/airflow/dags/ingest_avito_to_raw.py
[2026-07-01T03:49:01.348+0000] {processor.py:925} INFO - DAG(s) 'ingest_avito_to_raw' retrieved from /opt/airflow/dags/ingest_avito_to_raw.py
[2026-07-01T03:49:01.364+0000] {logging_mixin.py:190} INFO - [2026-07-01T03:49:01.364+0000] {dag.py:3239} INFO - Sync 1 DAGs
[2026-07-01T03:49:01.374+0000] {logging_mixin.py:190} INFO - [2026-07-01T03:49:01.374+0000] {dag.py:4180} INFO - Setting next_dagrun for ingest_avito_to_raw to 2026-07-01 03:00:00+00:00, run_after=2026-07-01 04:00:00+00:00
[2026-07-01T03:49:01.381+0000] {processor.py:208} INFO - Processing /opt/airflow/dags/ingest_avito_to_raw.py took 0.044 seconds
[2026-07-01T03:49:31.748+0000] {processor.py:186} INFO - Started process (PID=29210) to work on /opt/airflow/dags/ingest_avito_to_raw.py
[2026-07-01T03:49:31.748+0000] {processor.py:914} INFO - Processing file /opt/airflow/dags/ingest_avito_to_raw.py for tasks to queue
[2026-07-01T03:49:31.749+0000] {logging_mixin.py:190} INFO - [2026-07-01T03:49:31.749+0000] {dagbag.py:588} INFO - Filling up the DagBag from /opt/airflow/dags/ingest_avito_to_raw.py
[2026-07-01T03:49:31.753+0000] {processor.py:925} INFO - DAG(s) 'ingest_avito_to_raw' retrieved from /opt/airflow/dags/ingest_avito_to_raw.py
[2026-07-01T03:49:31.772+0000] {logging_mixin.py:190} INFO - [2026-07-01T03:49:31.772+0000] {dag.py:3239} INFO - Sync 1 DAGs
[2026-07-01T03:49:31.783+0000] {logging_mixin.py:190} INFO - [2026-07-01T03:49:31.783+0000] {dag.py:4180} INFO - Setting next_dagrun for ingest_avito_to_raw to 2026-07-01 03:00:00+00:00, run_after=2026-07-01 04:00:00+00:00
[2026-07-01T03:49:31.792+0000] {processor.py:208} INFO - Processing /opt/airflow/dags/ingest_avito_to_raw.py took 0.049 seconds
[2026-07-01T03:50:02.143+0000] {processor.py:186} INFO - Started process (PID=29220) to work on /opt/airflow/dags/ingest_avito_to_raw.py
[2026-07-01T03:50:02.144+0000] {processor.py:914} INFO - Processing file /opt/airflow/dags/ingest_avito_to_raw.py for tasks to queue
[2026-07-01T03:50:02.145+0000] {logging_mixin.py:190} INFO - [2026-07-01T03:50:02.144+0000] {dagbag.py:588} INFO - Filling up the DagBag from /opt/airflow/dags/ingest_avito_to_raw.py
[2026-07-01T03:50:02.149+0000] {processor.py:925} INFO - DAG(s) 'ingest_avito_to_raw' retrieved from /opt/airflow/dags/ingest_avito_to_raw.py
[2026-07-01T03:50:02.167+0000] {logging_mixin.py:190} INFO - [2026-07-01T03:50:02.167+0000] {dag.py:3239} INFO - Sync 1 DAGs
[2026-07-01T03:50:02.178+0000] {logging_mixin.py:190} INFO - [2026-07-01T03:50:02.178+0000] {dag.py:4180} INFO - Setting next_dagrun for ingest_avito_to_raw to 2026-07-01 03:00:00+00:00, run_after=2026-07-01 04:00:00+00:00
[2026-07-01T03:50:02.187+0000] {processor.py:208} INFO - Processing /opt/airflow/dags/ingest_avito_to_raw.py took 0.049 seconds
[2026-07-01T03:50:32.513+0000] {processor.py:186} INFO - Started process (PID=29230) to work on /opt/airflow/dags/ingest_avito_to_raw.py
[2026-07-01T03:50:32.513+0000] {processor.py:914} INFO - Processing file /opt/airflow/dags/ingest_avito_to_raw.py for tasks to queue
[2026-07-01T03:50:32.514+0000] {logging_mixin.py:190} INFO - [2026-07-01T03:50:32.514+0000] {dagbag.py:588} INFO - Filling up the DagBag from /opt/airflow/dags/ingest_avito_to_raw.py
[2026-07-01T03:50:32.518+0000] {processor.py:925} INFO - DAG(s) 'ingest_avito_to_raw' retrieved from /opt/airflow/dags/ingest_avito_to_raw.py
[2026-07-01T03:50:32.537+0000] {logging_mixin.py:190} INFO - [2026-07-01T03:50:32.537+0000] {dag.py:3239} INFO - Sync 1 DAGs
[2026-07-01T03:50:32.548+0000] {logging_mixin.py:190} INFO - [2026-07-01T03:50:32.548+0000] {dag.py:4180} INFO - Setting next_dagrun for ingest_avito_to_raw to 2026-07-01 03:00:00+00:00, run_after=2026-07-01 04:00:00+00:00
[2026-07-01T03:50:32.555+0000] {processor.py:208} INFO - Processing /opt/airflow/dags/ingest_avito_to_raw.py took 0.048 seconds
[2026-07-01T03:51:02.887+0000] {processor.py:186} INFO - Started process (PID=29240) to work on /opt/airflow/dags/ingest_avito_to_raw.py
[2026-07-01T03:51:02.888+0000] {processor.py:914} INFO - Processing file /opt/airflow/dags/ingest_avito_to_raw.py for tasks to queue
[2026-07-01T03:51:02.889+0000] {logging_mixin.py:190} INFO - [2026-07-01T03:51:02.889+0000] {dagbag.py:588} INFO - Filling up the DagBag from /opt/airflow/dags/ingest_avito_to_raw.py
[2026-07-01T03:51:02.893+0000] {processor.py:925} INFO - DAG(s) 'ingest_avito_to_raw' retrieved from /opt/airflow/dags/ingest_avito_to_raw.py
[2026-07-01T03:51:02.910+0000] {logging_mixin.py:190} INFO - [2026-07-01T03:51:02.909+0000] {dag.py:3239} INFO - Sync 1 DAGs
[2026-07-01T03:51:02.919+0000] {logging_mixin.py:190} INFO - [2026-07-01T03:51:02.919+0000] {dag.py:4180} INFO - Setting next_dagrun for ingest_avito_to_raw to 2026-07-01 03:00:00+00:00, run_after=2026-07-01 04:00:00+00:00
[2026-07-01T03:51:02.929+0000] {processor.py:208} INFO - Processing /opt/airflow/dags/ingest_avito_to_raw.py took 0.046 seconds
[2026-07-01T03:51:33.319+0000] {processor.py:186} INFO - Started process (PID=29250) to work on /opt/airflow/dags/ingest_avito_to_raw.py
[2026-07-01T03:51:33.319+0000] {processor.py:914} INFO - Processing file /opt/airflow/dags/ingest_avito_to_raw.py for tasks to queue
[2026-07-01T03:51:33.320+0000] {logging_mixin.py:190} INFO - [2026-07-01T03:51:33.320+0000] {dagbag.py:588} INFO - Filling up the DagBag from /opt/airflow/dags/ingest_avito_to_raw.py
[2026-07-01T03:51:33.324+0000] {processor.py:925} INFO - DAG(s) 'ingest_avito_to_raw' retrieved from /opt/airflow/dags/ingest_avito_to_raw.py
[2026-07-01T03:51:33.340+0000] {logging_mixin.py:190} INFO - [2026-07-01T03:51:33.340+0000] {dag.py:3239} INFO - Sync 1 DAGs
[2026-07-01T03:51:33.349+0000] {logging_mixin.py:190} INFO - [2026-07-01T03:51:33.349+0000] {dag.py:4180} INFO - Setting next_dagrun for ingest_avito_to_raw to 2026-07-01 03:00:00+00:00, run_after=2026-07-01 04:00:00+00:00
[2026-07-01T03:51:33.358+0000] {processor.py:208} INFO - Processing /opt/airflow/dags/ingest_avito_to_raw.py took 0.044 seconds
[2026-07-01T03:52:03.678+0000] {processor.py:186} INFO - Started process (PID=29260) to work on /opt/airflow/dags/ingest_avito_to_raw.py
[2026-07-01T03:52:03.678+0000] {processor.py:914} INFO - Processing file /opt/airflow/dags/ingest_avito_to_raw.py for tasks to queue
[2026-07-01T03:52:03.679+0000] {logging_mixin.py:190} INFO - [2026-07-01T03:52:03.679+0000] {dagbag.py:588} INFO - Filling up the DagBag from /opt/airflow/dags/ingest_avito_to_raw.py
[2026-07-01T03:52:03.683+0000] {processor.py:925} INFO - DAG(s) 'ingest_avito_to_raw' retrieved from /opt/airflow/dags/ingest_avito_to_raw.py
[2026-07-01T03:52:03.709+0000] {logging_mixin.py:190} INFO - [2026-07-01T03:52:03.709+0000] {dag.py:3239} INFO - Sync 1 DAGs
[2026-07-01T03:52:03.720+0000] {logging_mixin.py:190} INFO - [2026-07-01T03:52:03.720+0000] {dag.py:4180} INFO - Setting next_dagrun for ingest_avito_to_raw to 2026-07-01 03:00:00+00:00, run_after=2026-07-01 04:00:00+00:00
[2026-07-01T03:52:03.729+0000] {processor.py:208} INFO - Processing /opt/airflow/dags/ingest_avito_to_raw.py took 0.056 seconds
[2026-07-01T03:52:34.076+0000] {processor.py:186} INFO - Started process (PID=29270) to work on /opt/airflow/dags/ingest_avito_to_raw.py
[2026-07-01T03:52:34.077+0000] {processor.py:914} INFO - Processing file /opt/airflow/dags/ingest_avito_to_raw.py for tasks to queue
[2026-07-01T03:52:34.079+0000] {logging_mixin.py:190} INFO - [2026-07-01T03:52:34.079+0000] {dagbag.py:588} INFO - Filling up the DagBag from /opt/airflow/dags/ingest_avito_to_raw.py
[2026-07-01T03:52:34.085+0000] {processor.py:925} INFO - DAG(s) 'ingest_avito_to_raw' retrieved from /opt/airflow/dags/ingest_avito_to_raw.py
[2026-07-01T03:52:34.103+0000] {logging_mixin.py:190} INFO - [2026-07-01T03:52:34.103+0000] {dag.py:3239} INFO - Sync 1 DAGs
[2026-07-01T03:52:34.113+0000] {logging_mixin.py:190} INFO - [2026-07-01T03:52:34.113+0000] {dag.py:4180} INFO - Setting next_dagrun for ingest_avito_to_raw to 2026-07-01 03:00:00+00:00, run_after=2026-07-01 04:00:00+00:00
[2026-07-01T03:52:34.122+0000] {processor.py:208} INFO - Processing /opt/airflow/dags/ingest_avito_to_raw.py took 0.051 seconds
[2026-07-01T03:53:04.510+0000] {processor.py:186} INFO - Started process (PID=29280) to work on /opt/airflow/dags/ingest_avito_to_raw.py
[2026-07-01T03:53:04.510+0000] {processor.py:914} INFO - Processing file /opt/airflow/dags/ingest_avito_to_raw.py for tasks to queue
[2026-07-01T03:53:04.511+0000] {logging_mixin.py:190} INFO - [2026-07-01T03:53:04.510+0000] {dagbag.py:588} INFO - Filling up the DagBag from /opt/airflow/dags/ingest_avito_to_raw.py
[2026-07-01T03:53:04.514+0000] {processor.py:925} INFO - DAG(s) 'ingest_avito_to_raw' retrieved from /opt/airflow/dags/ingest_avito_to_raw.py
[2026-07-01T03:53:04.527+0000] {logging_mixin.py:190} INFO - [2026-07-01T03:53:04.527+0000] {dag.py:3239} INFO - Sync 1 DAGs
[2026-07-01T03:53:04.535+0000] {logging_mixin.py:190} INFO - [2026-07-01T03:53:04.535+0000] {dag.py:4180} INFO - Setting next_dagrun for ingest_avito_to_raw to 2026-07-01 03:00:00+00:00, run_after=2026-07-01 04:00:00+00:00
[2026-07-01T03:53:04.543+0000] {processor.py:208} INFO - Processing /opt/airflow/dags/ingest_avito_to_raw.py took 0.036 seconds
[2026-07-01T03:53:35.038+0000] {processor.py:186} INFO - Started process (PID=29290) to work on /opt/airflow/dags/ingest_avito_to_raw.py
[2026-07-01T03:53:35.039+0000] {processor.py:914} INFO - Processing file /opt/airflow/dags/ingest_avito_to_raw.py for tasks to queue
[2026-07-01T03:53:35.039+0000] {logging_mixin.py:190} INFO - [2026-07-01T03:53:35.039+0000] {dagbag.py:588} INFO - Filling up the DagBag from /opt/airflow/dags/ingest_avito_to_raw.py
[2026-07-01T03:53:35.044+0000] {processor.py:925} INFO - DAG(s) 'ingest_avito_to_raw' retrieved from /opt/airflow/dags/ingest_avito_to_raw.py
[2026-07-01T03:53:35.061+0000] {logging_mixin.py:190} INFO - [2026-07-01T03:53:35.061+0000] {dag.py:3239} INFO - Sync 1 DAGs
[2026-07-01T03:53:35.071+0000] {logging_mixin.py:190} INFO - [2026-07-01T03:53:35.071+0000] {dag.py:4180} INFO - Setting next_dagrun for ingest_avito_to_raw to 2026-07-01 03:00:00+00:00, run_after=2026-07-01 04:00:00+00:00
[2026-07-01T03:53:35.081+0000] {processor.py:208} INFO - Processing /opt/airflow/dags/ingest_avito_to_raw.py took 0.048 seconds
[2026-07-01T03:54:05.485+0000] {processor.py:186} INFO - Started process (PID=29300) to work on /opt/airflow/dags/ingest_avito_to_raw.py
[2026-07-01T03:54:05.486+0000] {processor.py:914} INFO - Processing file /opt/airflow/dags/ingest_avito_to_raw.py for tasks to queue
[2026-07-01T03:54:05.487+0000] {logging_mixin.py:190} INFO - [2026-07-01T03:54:05.487+0000] {dagbag.py:588} INFO - Filling up the DagBag from /opt/airflow/dags/ingest_avito_to_raw.py
[2026-07-01T03:54:05.491+0000] {processor.py:925} INFO - DAG(s) 'ingest_avito_to_raw' retrieved from /opt/airflow/dags/ingest_avito_to_raw.py
[2026-07-01T03:54:05.510+0000] {logging_mixin.py:190} INFO - [2026-07-01T03:54:05.509+0000] {dag.py:3239} INFO - Sync 1 DAGs
[2026-07-01T03:54:05.519+0000] {logging_mixin.py:190} INFO - [2026-07-01T03:54:05.519+0000] {dag.py:4180} INFO - Setting next_dagrun for ingest_avito_to_raw to 2026-07-01 03:00:00+00:00, run_after=2026-07-01 04:00:00+00:00
[2026-07-01T03:54:05.527+0000] {processor.py:208} INFO - Processing /opt/airflow/dags/ingest_avito_to_raw.py took 0.046 seconds
[2026-07-01T03:54:35.975+0000] {processor.py:186} INFO - Started process (PID=29310) to work on /opt/airflow/dags/ingest_avito_to_raw.py
[2026-07-01T03:54:35.977+0000] {processor.py:914} INFO - Processing file /opt/airflow/dags/ingest_avito_to_raw.py for tasks to queue
[2026-07-01T03:54:35.978+0000] {logging_mixin.py:190} INFO - [2026-07-01T03:54:35.977+0000] {dagbag.py:588} INFO - Filling up the DagBag from /opt/airflow/dags/ingest_avito_to_raw.py
[2026-07-01T03:54:35.985+0000] {processor.py:925} INFO - DAG(s) 'ingest_avito_to_raw' retrieved from /opt/airflow/dags/ingest_avito_to_raw.py
[2026-07-01T03:54:36.000+0000] {logging_mixin.py:190} INFO - [2026-07-01T03:54:36.000+0000] {dag.py:3239} INFO - Sync 1 DAGs
[2026-07-01T03:54:36.009+0000] {logging_mixin.py:190} INFO - [2026-07-01T03:54:36.009+0000] {dag.py:4180} INFO - Setting next_dagrun for ingest_avito_to_raw to 2026-07-01 03:00:00+00:00, run_after=2026-07-01 04:00:00+00:00
[2026-07-01T03:54:36.018+0000] {processor.py:208} INFO - Processing /opt/airflow/dags/ingest_avito_to_raw.py took 0.048 seconds
[2026-07-01T03:55:06.467+0000] {processor.py:186} INFO - Started process (PID=29320) to work on /opt/airflow/dags/ingest_avito_to_raw.py
[2026-07-01T03:55:06.468+0000] {processor.py:914} INFO - Processing file /opt/airflow/dags/ingest_avito_to_raw.py for tasks to queue
[2026-07-01T03:55:06.469+0000] {logging_mixin.py:190} INFO - [2026-07-01T03:55:06.469+0000] {dagbag.py:588} INFO - Filling up the DagBag from /opt/airflow/dags/ingest_avito_to_raw.py
[2026-07-01T03:55:06.474+0000] {processor.py:925} INFO - DAG(s) 'ingest_avito_to_raw' retrieved from /opt/airflow/dags/ingest_avito_to_raw.py
[2026-07-01T03:55:06.492+0000] {logging_mixin.py:190} INFO - [2026-07-01T03:55:06.492+0000] {dag.py:3239} INFO - Sync 1 DAGs
[2026-07-01T03:55:06.502+0000] {logging_mixin.py:190} INFO - [2026-07-01T03:55:06.502+0000] {dag.py:4180} INFO - Setting next_dagrun for ingest_avito_to_raw to 2026-07-01 03:00:00+00:00, run_after=2026-07-01 04:00:00+00:00
[2026-07-01T03:55:06.512+0000] {processor.py:208} INFO - Processing /opt/airflow/dags/ingest_avito_to_raw.py took 0.052 seconds
[2026-07-01T03:55:36.912+0000] {processor.py:186} INFO - Started process (PID=29330) to work on /opt/airflow/dags/ingest_avito_to_raw.py
[2026-07-01T03:55:36.913+0000] {processor.py:914} INFO - Processing file /opt/airflow/dags/ingest_avito_to_raw.py for tasks to queue
[2026-07-01T03:55:36.914+0000] {logging_mixin.py:190} INFO - [2026-07-01T03:55:36.914+0000] {dagbag.py:588} INFO - Filling up the DagBag from /opt/airflow/dags/ingest_avito_to_raw.py
[2026-07-01T03:55:36.918+0000] {processor.py:925} INFO - DAG(s) 'ingest_avito_to_raw' retrieved from /opt/airflow/dags/ingest_avito_to_raw.py
[2026-07-01T03:55:36.939+0000] {logging_mixin.py:190} INFO - [2026-07-01T03:55:36.939+0000] {dag.py:3239} INFO - Sync 1 DAGs
[2026-07-01T03:55:36.950+0000] {logging_mixin.py:190} INFO - [2026-07-01T03:55:36.950+0000] {dag.py:4180} INFO - Setting next_dagrun for ingest_avito_to_raw to 2026-07-01 03:00:00+00:00, run_after=2026-07-01 04:00:00+00:00
[2026-07-01T03:55:36.958+0000] {processor.py:208} INFO - Processing /opt/airflow/dags/ingest_avito_to_raw.py took 0.051 seconds
[2026-07-01T03:56:07.371+0000] {processor.py:186} INFO - Started process (PID=29340) to work on /opt/airflow/dags/ingest_avito_to_raw.py
[2026-07-01T03:56:07.371+0000] {processor.py:914} INFO - Processing file /opt/airflow/dags/ingest_avito_to_raw.py for tasks to queue
[2026-07-01T03:56:07.372+0000] {logging_mixin.py:190} INFO - [2026-07-01T03:56:07.372+0000] {dagbag.py:588} INFO - Filling up the DagBag from /opt/airflow/dags/ingest_avito_to_raw.py
[2026-07-01T03:56:07.377+0000] {processor.py:925} INFO - DAG(s) 'ingest_avito_to_raw' retrieved from /opt/airflow/dags/ingest_avito_to_raw.py
[2026-07-01T03:56:07.394+0000] {logging_mixin.py:190} INFO - [2026-07-01T03:56:07.394+0000] {dag.py:3239} INFO - Sync 1 DAGs
[2026-07-01T03:56:07.405+0000] {logging_mixin.py:190} INFO - [2026-07-01T03:56:07.404+0000] {dag.py:4180} INFO - Setting next_dagrun for ingest_avito_to_raw to 2026-07-01 03:00:00+00:00, run_after=2026-07-01 04:00:00+00:00
[2026-07-01T03:56:07.414+0000] {processor.py:208} INFO - Processing /opt/airflow/dags/ingest_avito_to_raw.py took 0.048 seconds
[2026-07-01T03:56:37.780+0000] {processor.py:186} INFO - Started process (PID=29350) to work on /opt/airflow/dags/ingest_avito_to_raw.py
[2026-07-01T03:56:37.781+0000] {processor.py:914} INFO - Processing file /opt/airflow/dags/ingest_avito_to_raw.py for tasks to queue
[2026-07-01T03:56:37.782+0000] {logging_mixin.py:190} INFO - [2026-07-01T03:56:37.782+0000] {dagbag.py:588} INFO - Filling up the DagBag from /opt/airflow/dags/ingest_avito_to_raw.py
[2026-07-01T03:56:37.786+0000] {processor.py:925} INFO - DAG(s) 'ingest_avito_to_raw' retrieved from /opt/airflow/dags/ingest_avito_to_raw.py
[2026-07-01T03:56:37.803+0000] {logging_mixin.py:190} INFO - [2026-07-01T03:56:37.803+0000] {dag.py:3239} INFO - Sync 1 DAGs
[2026-07-01T03:56:37.812+0000] {logging_mixin.py:190} INFO - [2026-07-01T03:56:37.812+0000] {dag.py:4180} INFO - Setting next_dagrun for ingest_avito_to_raw to 2026-07-01 03:00:00+00:00, run_after=2026-07-01 04:00:00+00:00
[2026-07-01T03:56:37.822+0000] {processor.py:208} INFO - Processing /opt/airflow/dags/ingest_avito_to_raw.py took 0.048 seconds
[2026-07-01T03:57:08.190+0000] {processor.py:186} INFO - Started process (PID=29360) to work on /opt/airflow/dags/ingest_avito_to_raw.py
[2026-07-01T03:57:08.191+0000] {processor.py:914} INFO - Processing file /opt/airflow/dags/ingest_avito_to_raw.py for tasks to queue
[2026-07-01T03:57:08.192+0000] {logging_mixin.py:190} INFO - [2026-07-01T03:57:08.192+0000] {dagbag.py:588} INFO - Filling up the DagBag from /opt/airflow/dags/ingest_avito_to_raw.py
[2026-07-01T03:57:08.196+0000] {processor.py:925} INFO - DAG(s) 'ingest_avito_to_raw' retrieved from /opt/airflow/dags/ingest_avito_to_raw.py
[2026-07-01T03:57:08.218+0000] {logging_mixin.py:190} INFO - [2026-07-01T03:57:08.217+0000] {dag.py:3239} INFO - Sync 1 DAGs
[2026-07-01T03:57:08.227+0000] {logging_mixin.py:190} INFO - [2026-07-01T03:57:08.227+0000] {dag.py:4180} INFO - Setting next_dagrun for ingest_avito_to_raw to 2026-07-01 03:00:00+00:00, run_after=2026-07-01 04:00:00+00:00
[2026-07-01T03:57:08.237+0000] {processor.py:208} INFO - Processing /opt/airflow/dags/ingest_avito_to_raw.py took 0.052 seconds
[2026-07-01T03:57:38.551+0000] {processor.py:186} INFO - Started process (PID=29370) to work on /opt/airflow/dags/ingest_avito_to_raw.py
[2026-07-01T03:57:38.551+0000] {processor.py:914} INFO - Processing file /opt/airflow/dags/ingest_avito_to_raw.py for tasks to queue
[2026-07-01T03:57:38.552+0000] {logging_mixin.py:190} INFO - [2026-07-01T03:57:38.552+0000] {dagbag.py:588} INFO - Filling up the DagBag from /opt/airflow/dags/ingest_avito_to_raw.py
[2026-07-01T03:57:38.556+0000] {processor.py:925} INFO - DAG(s) 'ingest_avito_to_raw' retrieved from /opt/airflow/dags/ingest_avito_to_raw.py
[2026-07-01T03:57:38.574+0000] {logging_mixin.py:190} INFO - [2026-07-01T03:57:38.574+0000] {dag.py:3239} INFO - Sync 1 DAGs
[2026-07-01T03:57:38.585+0000] {logging_mixin.py:190} INFO - [2026-07-01T03:57:38.585+0000] {dag.py:4180} INFO - Setting next_dagrun for ingest_avito_to_raw to 2026-07-01 03:00:00+00:00, run_after=2026-07-01 04:00:00+00:00
[2026-07-01T03:57:38.594+0000] {processor.py:208} INFO - Processing /opt/airflow/dags/ingest_avito_to_raw.py took 0.048 seconds
[2026-07-01T03:58:08.908+0000] {processor.py:186} INFO - Started process (PID=29380) to work on /opt/airflow/dags/ingest_avito_to_raw.py
[2026-07-01T03:58:08.909+0000] {processor.py:914} INFO - Processing file /opt/airflow/dags/ingest_avito_to_raw.py for tasks to queue
[2026-07-01T03:58:08.910+0000] {logging_mixin.py:190} INFO - [2026-07-01T03:58:08.910+0000] {dagbag.py:588} INFO - Filling up the DagBag from /opt/airflow/dags/ingest_avito_to_raw.py
[2026-07-01T03:58:08.915+0000] {processor.py:925} INFO - DAG(s) 'ingest_avito_to_raw' retrieved from /opt/airflow/dags/ingest_avito_to_raw.py
[2026-07-01T03:58:08.934+0000] {logging_mixin.py:190} INFO - [2026-07-01T03:58:08.934+0000] {dag.py:3239} INFO - Sync 1 DAGs
[2026-07-01T03:58:08.944+0000] {logging_mixin.py:190} INFO - [2026-07-01T03:58:08.944+0000] {dag.py:4180} INFO - Setting next_dagrun for ingest_avito_to_raw to 2026-07-01 03:00:00+00:00, run_after=2026-07-01 04:00:00+00:00
[2026-07-01T03:58:08.952+0000] {processor.py:208} INFO - Processing /opt/airflow/dags/ingest_avito_to_raw.py took 0.050 seconds
[2026-07-01T03:58:39.292+0000] {processor.py:186} INFO - Started process (PID=29390) to work on /opt/airflow/dags/ingest_avito_to_raw.py
[2026-07-01T03:58:39.293+0000] {processor.py:914} INFO - Processing file /opt/airflow/dags/ingest_avito_to_raw.py for tasks to queue
[2026-07-01T03:58:39.294+0000] {logging_mixin.py:190} INFO - [2026-07-01T03:58:39.293+0000] {dagbag.py:588} INFO - Filling up the DagBag from /opt/airflow/dags/ingest_avito_to_raw.py
[2026-07-01T03:58:39.297+0000] {processor.py:925} INFO - DAG(s) 'ingest_avito_to_raw' retrieved from /opt/airflow/dags/ingest_avito_to_raw.py
[2026-07-01T03:58:39.316+0000] {logging_mixin.py:190} INFO - [2026-07-01T03:58:39.316+0000] {dag.py:3239} INFO - Sync 1 DAGs
[2026-07-01T03:58:39.326+0000] {logging_mixin.py:190} INFO - [2026-07-01T03:58:39.326+0000] {dag.py:4180} INFO - Setting next_dagrun for ingest_avito_to_raw to 2026-07-01 03:00:00+00:00, run_after=2026-07-01 04:00:00+00:00
[2026-07-01T03:58:39.335+0000] {processor.py:208} INFO - Processing /opt/airflow/dags/ingest_avito_to_raw.py took 0.047 seconds
[2026-07-01T03:59:09.667+0000] {processor.py:186} INFO - Started process (PID=29400) to work on /opt/airflow/dags/ingest_avito_to_raw.py
[2026-07-01T03:59:09.668+0000] {processor.py:914} INFO - Processing file /opt/airflow/dags/ingest_avito_to_raw.py for tasks to queue
[2026-07-01T03:59:09.669+0000] {logging_mixin.py:190} INFO - [2026-07-01T03:59:09.669+0000] {dagbag.py:588} INFO - Filling up the DagBag from /opt/airflow/dags/ingest_avito_to_raw.py
[2026-07-01T03:59:09.673+0000] {processor.py:925} INFO - DAG(s) 'ingest_avito_to_raw' retrieved from /opt/airflow/dags/ingest_avito_to_raw.py
[2026-07-01T03:59:09.689+0000] {logging_mixin.py:190} INFO - [2026-07-01T03:59:09.689+0000] {dag.py:3239} INFO - Sync 1 DAGs
[2026-07-01T03:59:09.699+0000] {logging_mixin.py:190} INFO - [2026-07-01T03:59:09.699+0000] {dag.py:4180} INFO - Setting next_dagrun for ingest_avito_to_raw to 2026-07-01 03:00:00+00:00, run_after=2026-07-01 04:00:00+00:00
[2026-07-01T03:59:09.707+0000] {processor.py:208} INFO - Processing /opt/airflow/dags/ingest_avito_to_raw.py took 0.045 seconds
[2026-07-01T03:59:40.055+0000] {processor.py:186} INFO - Started process (PID=29410) to work on /opt/airflow/dags/ingest_avito_to_raw.py
[2026-07-01T03:59:40.055+0000] {processor.py:914} INFO - Processing file /opt/airflow/dags/ingest_avito_to_raw.py for tasks to queue
[2026-07-01T03:59:40.056+0000] {logging_mixin.py:190} INFO - [2026-07-01T03:59:40.056+0000] {dagbag.py:588} INFO - Filling up the DagBag from /opt/airflow/dags/ingest_avito_to_raw.py
[2026-07-01T03:59:40.060+0000] {processor.py:925} INFO - DAG(s) 'ingest_avito_to_raw' retrieved from /opt/airflow/dags/ingest_avito_to_raw.py
[2026-07-01T03:59:40.075+0000] {logging_mixin.py:190} INFO - [2026-07-01T03:59:40.075+0000] {dag.py:3239} INFO - Sync 1 DAGs
[2026-07-01T03:59:40.085+0000] {logging_mixin.py:190} INFO - [2026-07-01T03:59:40.085+0000] {dag.py:4180} INFO - Setting next_dagrun for ingest_avito_to_raw to 2026-07-01 03:00:00+00:00, run_after=2026-07-01 04:00:00+00:00
[2026-07-01T03:59:40.094+0000] {processor.py:208} INFO - Processing /opt/airflow/dags/ingest_avito_to_raw.py took 0.043 seconds
[2026-07-01T04:00:10.425+0000] {processor.py:186} INFO - Started process (PID=29423) to work on /opt/airflow/dags/ingest_avito_to_raw.py
[2026-07-01T04:00:10.425+0000] {processor.py:914} INFO - Processing file /opt/airflow/dags/ingest_avito_to_raw.py for tasks to queue
[2026-07-01T04:00:10.426+0000] {logging_mixin.py:190} INFO - [2026-07-01T04:00:10.426+0000] {dagbag.py:588} INFO - Filling up the DagBag from /opt/airflow/dags/ingest_avito_to_raw.py
[2026-07-01T04:00:10.430+0000] {processor.py:925} INFO - DAG(s) 'ingest_avito_to_raw' retrieved from /opt/airflow/dags/ingest_avito_to_raw.py
[2026-07-01T04:00:10.448+0000] {logging_mixin.py:190} INFO - [2026-07-01T04:00:10.448+0000] {dag.py:3239} INFO - Sync 1 DAGs
[2026-07-01T04:00:10.457+0000] {logging_mixin.py:190} INFO - [2026-07-01T04:00:10.457+0000] {dag.py:4180} INFO - Setting next_dagrun for ingest_avito_to_raw to 2026-07-01 04:00:00+00:00, run_after=2026-07-01 05:00:00+00:00
[2026-07-01T04:00:10.467+0000] {processor.py:208} INFO - Processing /opt/airflow/dags/ingest_avito_to_raw.py took 0.048 seconds
[2026-07-01T04:00:40.805+0000] {processor.py:186} INFO - Started process (PID=29433) to work on /opt/airflow/dags/ingest_avito_to_raw.py
[2026-07-01T04:00:40.806+0000] {processor.py:914} INFO - Processing file /opt/airflow/dags/ingest_avito_to_raw.py for tasks to queue
[2026-07-01T04:00:40.807+0000] {logging_mixin.py:190} INFO - [2026-07-01T04:00:40.807+0000] {dagbag.py:588} INFO - Filling up the DagBag from /opt/airflow/dags/ingest_avito_to_raw.py
[2026-07-01T04:00:40.817+0000] {processor.py:925} INFO - DAG(s) 'ingest_avito_to_raw' retrieved from /opt/airflow/dags/ingest_avito_to_raw.py
[2026-07-01T04:00:40.835+0000] {logging_mixin.py:190} INFO - [2026-07-01T04:00:40.835+0000] {dag.py:3239} INFO - Sync 1 DAGs
[2026-07-01T04:00:40.846+0000] {logging_mixin.py:190} INFO - [2026-07-01T04:00:40.846+0000] {dag.py:4180} INFO - Setting next_dagrun for ingest_avito_to_raw to 2026-07-01 04:00:00+00:00, run_after=2026-07-01 05:00:00+00:00
[2026-07-01T04:00:40.856+0000] {processor.py:208} INFO - Processing /opt/airflow/dags/ingest_avito_to_raw.py took 0.057 seconds
[2026-07-01T04:01:11.129+0000] {processor.py:186} INFO - Started process (PID=29443) to work on /opt/airflow/dags/ingest_avito_to_raw.py
[2026-07-01T04:01:11.130+0000] {processor.py:914} INFO - Processing file /opt/airflow/dags/ingest_avito_to_raw.py for tasks to queue
[2026-07-01T04:01:11.131+0000] {logging_mixin.py:190} INFO - [2026-07-01T04:01:11.131+0000] {dagbag.py:588} INFO - Filling up the DagBag from /opt/airflow/dags/ingest_avito_to_raw.py
[2026-07-01T04:01:11.135+0000] {processor.py:925} INFO - DAG(s) 'ingest_avito_to_raw' retrieved from /opt/airflow/dags/ingest_avito_to_raw.py
[2026-07-01T04:01:11.155+0000] {logging_mixin.py:190} INFO - [2026-07-01T04:01:11.155+0000] {dag.py:3239} INFO - Sync 1 DAGs
[2026-07-01T04:01:11.168+0000] {logging_mixin.py:190} INFO - [2026-07-01T04:01:11.168+0000] {dag.py:4180} INFO - Setting next_dagrun for ingest_avito_to_raw to 2026-07-01 04:00:00+00:00, run_after=2026-07-01 05:00:00+00:00
[2026-07-01T04:01:11.179+0000] {processor.py:208} INFO - Processing /opt/airflow/dags/ingest_avito_to_raw.py took 0.057 seconds
[2026-07-01T04:01:41.526+0000] {processor.py:186} INFO - Started process (PID=29453) to work on /opt/airflow/dags/ingest_avito_to_raw.py
[2026-07-01T04:01:41.527+0000] {processor.py:914} INFO - Processing file /opt/airflow/dags/ingest_avito_to_raw.py for tasks to queue
[2026-07-01T04:01:41.528+0000] {logging_mixin.py:190} INFO - [2026-07-01T04:01:41.527+0000] {dagbag.py:588} INFO - Filling up the DagBag from /opt/airflow/dags/ingest_avito_to_raw.py
[2026-07-01T04:01:41.532+0000] {processor.py:925} INFO - DAG(s) 'ingest_avito_to_raw' retrieved from /opt/airflow/dags/ingest_avito_to_raw.py
[2026-07-01T04:01:41.551+0000] {logging_mixin.py:190} INFO - [2026-07-01T04:01:41.551+0000] {dag.py:3239} INFO - Sync 1 DAGs
[2026-07-01T04:01:41.563+0000] {logging_mixin.py:190} INFO - [2026-07-01T04:01:41.563+0000] {dag.py:4180} INFO - Setting next_dagrun for ingest_avito_to_raw to 2026-07-01 04:00:00+00:00, run_after=2026-07-01 05:00:00+00:00
[2026-07-01T04:01:41.679+0000] {processor.py:208} INFO - Processing /opt/airflow/dags/ingest_avito_to_raw.py took 0.157 seconds
[2026-07-01T04:02:11.827+0000] {processor.py:186} INFO - Started process (PID=29463) to work on /opt/airflow/dags/ingest_avito_to_raw.py
[2026-07-01T04:02:11.828+0000] {processor.py:914} INFO - Processing file /opt/airflow/dags/ingest_avito_to_raw.py for tasks to queue
[2026-07-01T04:02:11.829+0000] {logging_mixin.py:190} INFO - [2026-07-01T04:02:11.829+0000] {dagbag.py:588} INFO - Filling up the DagBag from /opt/airflow/dags/ingest_avito_to_raw.py
[2026-07-01T04:02:11.834+0000] {processor.py:925} INFO - DAG(s) 'ingest_avito_to_raw' retrieved from /opt/airflow/dags/ingest_avito_to_raw.py
[2026-07-01T04:02:11.853+0000] {logging_mixin.py:190} INFO - [2026-07-01T04:02:11.853+0000] {dag.py:3239} INFO - Sync 1 DAGs
[2026-07-01T04:02:11.865+0000] {logging_mixin.py:190} INFO - [2026-07-01T04:02:11.865+0000] {dag.py:4180} INFO - Setting next_dagrun for ingest_avito_to_raw to 2026-07-01 04:00:00+00:00, run_after=2026-07-01 05:00:00+00:00
[2026-07-01T04:02:11.873+0000] {processor.py:208} INFO - Processing /opt/airflow/dags/ingest_avito_to_raw.py took 0.051 seconds
[2026-07-01T04:02:42.222+0000] {processor.py:186} INFO - Started process (PID=29473) to work on /opt/airflow/dags/ingest_avito_to_raw.py
[2026-07-01T04:02:42.223+0000] {processor.py:914} INFO - Processing file /opt/airflow/dags/ingest_avito_to_raw.py for tasks to queue
[2026-07-01T04:02:42.223+0000] {logging_mixin.py:190} INFO - [2026-07-01T04:02:42.223+0000] {dagbag.py:588} INFO - Filling up the DagBag from /opt/airflow/dags/ingest_avito_to_raw.py
[2026-07-01T04:02:42.228+0000] {processor.py:925} INFO - DAG(s) 'ingest_avito_to_raw' retrieved from /opt/airflow/dags/ingest_avito_to_raw.py
[2026-07-01T04:02:42.247+0000] {logging_mixin.py:190} INFO - [2026-07-01T04:02:42.247+0000] {dag.py:3239} INFO - Sync 1 DAGs
[2026-07-01T04:02:42.258+0000] {logging_mixin.py:190} INFO - [2026-07-01T04:02:42.258+0000] {dag.py:4180} INFO - Setting next_dagrun for ingest_avito_to_raw to 2026-07-01 04:00:00+00:00, run_after=2026-07-01 05:00:00+00:00
[2026-07-01T04:02:42.268+0000] {processor.py:208} INFO - Processing /opt/airflow/dags/ingest_avito_to_raw.py took 0.052 seconds
[2026-07-01T04:03:12.627+0000] {processor.py:186} INFO - Started process (PID=29483) to work on /opt/airflow/dags/ingest_avito_to_raw.py
[2026-07-01T04:03:12.628+0000] {processor.py:914} INFO - Processing file /opt/airflow/dags/ingest_avito_to_raw.py for tasks to queue
[2026-07-01T04:03:12.628+0000] {logging_mixin.py:190} INFO - [2026-07-01T04:03:12.628+0000] {dagbag.py:588} INFO - Filling up the DagBag from /opt/airflow/dags/ingest_avito_to_raw.py
[2026-07-01T04:03:12.632+0000] {processor.py:925} INFO - DAG(s) 'ingest_avito_to_raw' retrieved from /opt/airflow/dags/ingest_avito_to_raw.py
[2026-07-01T04:03:12.650+0000] {logging_mixin.py:190} INFO - [2026-07-01T04:03:12.650+0000] {dag.py:3239} INFO - Sync 1 DAGs
[2026-07-01T04:03:12.661+0000] {logging_mixin.py:190} INFO - [2026-07-01T04:03:12.661+0000] {dag.py:4180} INFO - Setting next_dagrun for ingest_avito_to_raw to 2026-07-01 04:00:00+00:00, run_after=2026-07-01 05:00:00+00:00
[2026-07-01T04:03:12.670+0000] {processor.py:208} INFO - Processing /opt/airflow/dags/ingest_avito_to_raw.py took 0.048 seconds
[2026-07-01T04:03:43.025+0000] {processor.py:186} INFO - Started process (PID=29493) to work on /opt/airflow/dags/ingest_avito_to_raw.py
[2026-07-01T04:03:43.026+0000] {processor.py:914} INFO - Processing file /opt/airflow/dags/ingest_avito_to_raw.py for tasks to queue
[2026-07-01T04:03:43.027+0000] {logging_mixin.py:190} INFO - [2026-07-01T04:03:43.026+0000] {dagbag.py:588} INFO - Filling up the DagBag from /opt/airflow/dags/ingest_avito_to_raw.py
[2026-07-01T04:03:43.032+0000] {processor.py:925} INFO - DAG(s) 'ingest_avito_to_raw' retrieved from /opt/airflow/dags/ingest_avito_to_raw.py
[2026-07-01T04:03:43.049+0000] {logging_mixin.py:190} INFO - [2026-07-01T04:03:43.049+0000] {dag.py:3239} INFO - Sync 1 DAGs
[2026-07-01T04:03:43.059+0000] {logging_mixin.py:190} INFO - [2026-07-01T04:03:43.058+0000] {dag.py:4180} INFO - Setting next_dagrun for ingest_avito_to_raw to 2026-07-01 04:00:00+00:00, run_after=2026-07-01 05:00:00+00:00
[2026-07-01T04:03:43.069+0000] {processor.py:208} INFO - Processing /opt/airflow/dags/ingest_avito_to_raw.py took 0.049 seconds
[2026-07-01T04:04:13.413+0000] {processor.py:186} INFO - Started process (PID=29503) to work on /opt/airflow/dags/ingest_avito_to_raw.py
[2026-07-01T04:04:13.414+0000] {processor.py:914} INFO - Processing file /opt/airflow/dags/ingest_avito_to_raw.py for tasks to queue
[2026-07-01T04:04:13.414+0000] {logging_mixin.py:190} INFO - [2026-07-01T04:04:13.414+0000] {dagbag.py:588} INFO - Filling up the DagBag from /opt/airflow/dags/ingest_avito_to_raw.py
[2026-07-01T04:04:13.418+0000] {processor.py:925} INFO - DAG(s) 'ingest_avito_to_raw' retrieved from /opt/airflow/dags/ingest_avito_to_raw.py
[2026-07-01T04:04:13.434+0000] {logging_mixin.py:190} INFO - [2026-07-01T04:04:13.434+0000] {dag.py:3239} INFO - Sync 1 DAGs
[2026-07-01T04:04:13.445+0000] {logging_mixin.py:190} INFO - [2026-07-01T04:04:13.445+0000] {dag.py:4180} INFO - Setting next_dagrun for ingest_avito_to_raw to 2026-07-01 04:00:00+00:00, run_after=2026-07-01 05:00:00+00:00
[2026-07-01T04:04:13.455+0000] {processor.py:208} INFO - Processing /opt/airflow/dags/ingest_avito_to_raw.py took 0.045 seconds
[2026-07-01T04:04:43.728+0000] {processor.py:186} INFO - Started process (PID=29513) to work on /opt/airflow/dags/ingest_avito_to_raw.py
[2026-07-01T04:04:43.729+0000] {processor.py:914} INFO - Processing file /opt/airflow/dags/ingest_avito_to_raw.py for tasks to queue
[2026-07-01T04:04:43.730+0000] {logging_mixin.py:190} INFO - [2026-07-01T04:04:43.729+0000] {dagbag.py:588} INFO - Filling up the DagBag from /opt/airflow/dags/ingest_avito_to_raw.py
[2026-07-01T04:04:43.734+0000] {processor.py:925} INFO - DAG(s) 'ingest_avito_to_raw' retrieved from /opt/airflow/dags/ingest_avito_to_raw.py
[2026-07-01T04:04:43.752+0000] {logging_mixin.py:190} INFO - [2026-07-01T04:04:43.752+0000] {dag.py:3239} INFO - Sync 1 DAGs
[2026-07-01T04:04:43.763+0000] {logging_mixin.py:190} INFO - [2026-07-01T04:04:43.763+0000] {dag.py:4180} INFO - Setting next_dagrun for ingest_avito_to_raw to 2026-07-01 04:00:00+00:00, run_after=2026-07-01 05:00:00+00:00
[2026-07-01T04:04:43.772+0000] {processor.py:208} INFO - Processing /opt/airflow/dags/ingest_avito_to_raw.py took 0.049 seconds
[2026-07-01T04:05:14.111+0000] {processor.py:186} INFO - Started process (PID=29523) to work on /opt/airflow/dags/ingest_avito_to_raw.py
[2026-07-01T04:05:14.112+0000] {processor.py:914} INFO - Processing file /opt/airflow/dags/ingest_avito_to_raw.py for tasks to queue
[2026-07-01T04:05:14.112+0000] {logging_mixin.py:190} INFO - [2026-07-01T04:05:14.112+0000] {dagbag.py:588} INFO - Filling up the DagBag from /opt/airflow/dags/ingest_avito_to_raw.py
[2026-07-01T04:05:14.116+0000] {processor.py:925} INFO - DAG(s) 'ingest_avito_to_raw' retrieved from /opt/airflow/dags/ingest_avito_to_raw.py
[2026-07-01T04:05:14.135+0000] {logging_mixin.py:190} INFO - [2026-07-01T04:05:14.135+0000] {dag.py:3239} INFO - Sync 1 DAGs
[2026-07-01T04:05:14.147+0000] {logging_mixin.py:190} INFO - [2026-07-01T04:05:14.147+0000] {dag.py:4180} INFO - Setting next_dagrun for ingest_avito_to_raw to 2026-07-01 04:00:00+00:00, run_after=2026-07-01 05:00:00+00:00
[2026-07-01T04:05:14.155+0000] {processor.py:208} INFO - Processing /opt/airflow/dags/ingest_avito_to_raw.py took 0.049 seconds
[2026-07-01T04:05:44.517+0000] {processor.py:186} INFO - Started process (PID=29533) to work on /opt/airflow/dags/ingest_avito_to_raw.py
[2026-07-01T04:05:44.518+0000] {processor.py:914} INFO - Processing file /opt/airflow/dags/ingest_avito_to_raw.py for tasks to queue
[2026-07-01T04:05:44.519+0000] {logging_mixin.py:190} INFO - [2026-07-01T04:05:44.519+0000] {dagbag.py:588} INFO - Filling up the DagBag from /opt/airflow/dags/ingest_avito_to_raw.py
[2026-07-01T04:05:44.523+0000] {processor.py:925} INFO - DAG(s) 'ingest_avito_to_raw' retrieved from /opt/airflow/dags/ingest_avito_to_raw.py
[2026-07-01T04:05:44.541+0000] {logging_mixin.py:190} INFO - [2026-07-01T04:05:44.541+0000] {dag.py:3239} INFO - Sync 1 DAGs
[2026-07-01T04:05:44.551+0000] {logging_mixin.py:190} INFO - [2026-07-01T04:05:44.551+0000] {dag.py:4180} INFO - Setting next_dagrun for ingest_avito_to_raw to 2026-07-01 04:00:00+00:00, run_after=2026-07-01 05:00:00+00:00
[2026-07-01T04:05:44.562+0000] {processor.py:208} INFO - Processing /opt/airflow/dags/ingest_avito_to_raw.py took 0.049 seconds
[2026-07-01T04:06:14.953+0000] {processor.py:186} INFO - Started process (PID=29543) to work on /opt/airflow/dags/ingest_avito_to_raw.py
[2026-07-01T04:06:14.954+0000] {processor.py:914} INFO - Processing file /opt/airflow/dags/ingest_avito_to_raw.py for tasks to queue
[2026-07-01T04:06:14.954+0000] {logging_mixin.py:190} INFO - [2026-07-01T04:06:14.954+0000] {dagbag.py:588} INFO - Filling up the DagBag from /opt/airflow/dags/ingest_avito_to_raw.py
[2026-07-01T04:06:14.958+0000] {processor.py:925} INFO - DAG(s) 'ingest_avito_to_raw' retrieved from /opt/airflow/dags/ingest_avito_to_raw.py
[2026-07-01T04:06:14.978+0000] {logging_mixin.py:190} INFO - [2026-07-01T04:06:14.978+0000] {dag.py:3239} INFO - Sync 1 DAGs
[2026-07-01T04:06:14.987+0000] {logging_mixin.py:190} INFO - [2026-07-01T04:06:14.987+0000] {dag.py:4180} INFO - Setting next_dagrun for ingest_avito_to_raw to 2026-07-01 04:00:00+00:00, run_after=2026-07-01 05:00:00+00:00
[2026-07-01T04:06:14.997+0000] {processor.py:208} INFO - Processing /opt/airflow/dags/ingest_avito_to_raw.py took 0.047 seconds
[2026-07-01T04:06:45.431+0000] {processor.py:186} INFO - Started process (PID=29553) to work on /opt/airflow/dags/ingest_avito_to_raw.py
[2026-07-01T04:06:45.432+0000] {processor.py:914} INFO - Processing file /opt/airflow/dags/ingest_avito_to_raw.py for tasks to queue
[2026-07-01T04:06:45.433+0000] {logging_mixin.py:190} INFO - [2026-07-01T04:06:45.433+0000] {dagbag.py:588} INFO - Filling up the DagBag from /opt/airflow/dags/ingest_avito_to_raw.py
[2026-07-01T04:06:45.439+0000] {processor.py:925} INFO - DAG(s) 'ingest_avito_to_raw' retrieved from /opt/airflow/dags/ingest_avito_to_raw.py
[2026-07-01T04:06:45.456+0000] {logging_mixin.py:190} INFO - [2026-07-01T04:06:45.456+0000] {dag.py:3239} INFO - Sync 1 DAGs
[2026-07-01T04:06:45.465+0000] {logging_mixin.py:190} INFO - [2026-07-01T04:06:45.465+0000] {dag.py:4180} INFO - Setting next_dagrun for ingest_avito_to_raw to 2026-07-01 04:00:00+00:00, run_after=2026-07-01 05:00:00+00:00
[2026-07-01T04:06:45.473+0000] {processor.py:208} INFO - Processing /opt/airflow/dags/ingest_avito_to_raw.py took 0.048 seconds
[2026-07-01T04:07:15.861+0000] {processor.py:186} INFO - Started process (PID=29563) to work on /opt/airflow/dags/ingest_avito_to_raw.py
[2026-07-01T04:07:15.862+0000] {processor.py:914} INFO - Processing file /opt/airflow/dags/ingest_avito_to_raw.py for tasks to queue
[2026-07-01T04:07:15.862+0000] {logging_mixin.py:190} INFO - [2026-07-01T04:07:15.862+0000] {dagbag.py:588} INFO - Filling up the DagBag from /opt/airflow/dags/ingest_avito_to_raw.py
[2026-07-01T04:07:15.866+0000] {processor.py:925} INFO - DAG(s) 'ingest_avito_to_raw' retrieved from /opt/airflow/dags/ingest_avito_to_raw.py
[2026-07-01T04:07:15.883+0000] {logging_mixin.py:190} INFO - [2026-07-01T04:07:15.883+0000] {dag.py:3239} INFO - Sync 1 DAGs
[2026-07-01T04:07:15.893+0000] {logging_mixin.py:190} INFO - [2026-07-01T04:07:15.893+0000] {dag.py:4180} INFO - Setting next_dagrun for ingest_avito_to_raw to 2026-07-01 04:00:00+00:00, run_after=2026-07-01 05:00:00+00:00
[2026-07-01T04:07:15.902+0000] {processor.py:208} INFO - Processing /opt/airflow/dags/ingest_avito_to_raw.py took 0.045 seconds
[2026-07-01T04:07:46.285+0000] {processor.py:186} INFO - Started process (PID=29573) to work on /opt/airflow/dags/ingest_avito_to_raw.py
[2026-07-01T04:07:46.285+0000] {processor.py:914} INFO - Processing file /opt/airflow/dags/ingest_avito_to_raw.py for tasks to queue
[2026-07-01T04:07:46.286+0000] {logging_mixin.py:190} INFO - [2026-07-01T04:07:46.286+0000] {dagbag.py:588} INFO - Filling up the DagBag from /opt/airflow/dags/ingest_avito_to_raw.py
[2026-07-01T04:07:46.292+0000] {processor.py:925} INFO - DAG(s) 'ingest_avito_to_raw' retrieved from /opt/airflow/dags/ingest_avito_to_raw.py
[2026-07-01T04:07:46.312+0000] {logging_mixin.py:190} INFO - [2026-07-01T04:07:46.312+0000] {dag.py:3239} INFO - Sync 1 DAGs
[2026-07-01T04:07:46.321+0000] {logging_mixin.py:190} INFO - [2026-07-01T04:07:46.321+0000] {dag.py:4180} INFO - Setting next_dagrun for ingest_avito_to_raw to 2026-07-01 04:00:00+00:00, run_after=2026-07-01 05:00:00+00:00
[2026-07-01T04:07:46.329+0000] {processor.py:208} INFO - Processing /opt/airflow/dags/ingest_avito_to_raw.py took 0.049 seconds
[2026-07-01T04:08:16.664+0000] {processor.py:186} INFO - Started process (PID=29583) to work on /opt/airflow/dags/ingest_avito_to_raw.py
[2026-07-01T04:08:16.664+0000] {processor.py:914} INFO - Processing file /opt/airflow/dags/ingest_avito_to_raw.py for tasks to queue
[2026-07-01T04:08:16.665+0000] {logging_mixin.py:190} INFO - [2026-07-01T04:08:16.665+0000] {dagbag.py:588} INFO - Filling up the DagBag from /opt/airflow/dags/ingest_avito_to_raw.py
[2026-07-01T04:08:16.669+0000] {processor.py:925} INFO - DAG(s) 'ingest_avito_to_raw' retrieved from /opt/airflow/dags/ingest_avito_to_raw.py
[2026-07-01T04:08:16.685+0000] {logging_mixin.py:190} INFO - [2026-07-01T04:08:16.685+0000] {dag.py:3239} INFO - Sync 1 DAGs
[2026-07-01T04:08:16.695+0000] {logging_mixin.py:190} INFO - [2026-07-01T04:08:16.695+0000] {dag.py:4180} INFO - Setting next_dagrun for ingest_avito_to_raw to 2026-07-01 04:00:00+00:00, run_after=2026-07-01 05:00:00+00:00
[2026-07-01T04:08:16.705+0000] {processor.py:208} INFO - Processing /opt/airflow/dags/ingest_avito_to_raw.py took 0.046 seconds
[2026-07-01T04:08:47.103+0000] {processor.py:186} INFO - Started process (PID=29593) to work on /opt/airflow/dags/ingest_avito_to_raw.py
[2026-07-01T04:08:47.104+0000] {processor.py:914} INFO - Processing file /opt/airflow/dags/ingest_avito_to_raw.py for tasks to queue
[2026-07-01T04:08:47.105+0000] {logging_mixin.py:190} INFO - [2026-07-01T04:08:47.105+0000] {dagbag.py:588} INFO - Filling up the DagBag from /opt/airflow/dags/ingest_avito_to_raw.py
[2026-07-01T04:08:47.110+0000] {processor.py:925} INFO - DAG(s) 'ingest_avito_to_raw' retrieved from /opt/airflow/dags/ingest_avito_to_raw.py
[2026-07-01T04:08:47.128+0000] {logging_mixin.py:190} INFO - [2026-07-01T04:08:47.127+0000] {dag.py:3239} INFO - Sync 1 DAGs
[2026-07-01T04:08:47.137+0000] {logging_mixin.py:190} INFO - [2026-07-01T04:08:47.137+0000] {dag.py:4180} INFO - Setting next_dagrun for ingest_avito_to_raw to 2026-07-01 04:00:00+00:00, run_after=2026-07-01 05:00:00+00:00
[2026-07-01T04:08:47.145+0000] {processor.py:208} INFO - Processing /opt/airflow/dags/ingest_avito_to_raw.py took 0.046 seconds
[2026-07-01T04:09:17.553+0000] {processor.py:186} INFO - Started process (PID=29603) to work on /opt/airflow/dags/ingest_avito_to_raw.py
[2026-07-01T04:09:17.554+0000] {processor.py:914} INFO - Processing file /opt/airflow/dags/ingest_avito_to_raw.py for tasks to queue
[2026-07-01T04:09:17.555+0000] {logging_mixin.py:190} INFO - [2026-07-01T04:09:17.555+0000] {dagbag.py:588} INFO - Filling up the DagBag from /opt/airflow/dags/ingest_avito_to_raw.py
[2026-07-01T04:09:17.559+0000] {processor.py:925} INFO - DAG(s) 'ingest_avito_to_raw' retrieved from /opt/airflow/dags/ingest_avito_to_raw.py
[2026-07-01T04:09:17.576+0000] {logging_mixin.py:190} INFO - [2026-07-01T04:09:17.576+0000] {dag.py:3239} INFO - Sync 1 DAGs
[2026-07-01T04:09:17.585+0000] {logging_mixin.py:190} INFO - [2026-07-01T04:09:17.585+0000] {dag.py:4180} INFO - Setting next_dagrun for ingest_avito_to_raw to 2026-07-01 04:00:00+00:00, run_after=2026-07-01 05:00:00+00:00
[2026-07-01T04:09:17.594+0000] {processor.py:208} INFO - Processing /opt/airflow/dags/ingest_avito_to_raw.py took 0.046 seconds
[2026-07-01T04:09:47.991+0000] {processor.py:186} INFO - Started process (PID=29613) to work on /opt/airflow/dags/ingest_avito_to_raw.py
[2026-07-01T04:09:47.992+0000] {processor.py:914} INFO - Processing file /opt/airflow/dags/ingest_avito_to_raw.py for tasks to queue
[2026-07-01T04:09:47.993+0000] {logging_mixin.py:190} INFO - [2026-07-01T04:09:47.993+0000] {dagbag.py:588} INFO - Filling up the DagBag from /opt/airflow/dags/ingest_avito_to_raw.py
[2026-07-01T04:09:47.996+0000] {processor.py:925} INFO - DAG(s) 'ingest_avito_to_raw' retrieved from /opt/airflow/dags/ingest_avito_to_raw.py
[2026-07-01T04:09:48.014+0000] {logging_mixin.py:190} INFO - [2026-07-01T04:09:48.014+0000] {dag.py:3239} INFO - Sync 1 DAGs
[2026-07-01T04:09:48.024+0000] {logging_mixin.py:190} INFO - [2026-07-01T04:09:48.024+0000] {dag.py:4180} INFO - Setting next_dagrun for ingest_avito_to_raw to 2026-07-01 04:00:00+00:00, run_after=2026-07-01 05:00:00+00:00
[2026-07-01T04:09:48.033+0000] {processor.py:208} INFO - Processing /opt/airflow/dags/ingest_avito_to_raw.py took 0.046 seconds
[2026-07-01T04:10:18.544+0000] {processor.py:186} INFO - Started process (PID=29623) to work on /opt/airflow/dags/ingest_avito_to_raw.py
[2026-07-01T04:10:18.545+0000] {processor.py:914} INFO - Processing file /opt/airflow/dags/ingest_avito_to_raw.py for tasks to queue
[2026-07-01T04:10:18.546+0000] {logging_mixin.py:190} INFO - [2026-07-01T04:10:18.546+0000] {dagbag.py:588} INFO - Filling up the DagBag from /opt/airflow/dags/ingest_avito_to_raw.py
[2026-07-01T04:10:18.551+0000] {processor.py:925} INFO - DAG(s) 'ingest_avito_to_raw' retrieved from /opt/airflow/dags/ingest_avito_to_raw.py
[2026-07-01T04:10:18.569+0000] {logging_mixin.py:190} INFO - [2026-07-01T04:10:18.569+0000] {dag.py:3239} INFO - Sync 1 DAGs
[2026-07-01T04:10:18.581+0000] {logging_mixin.py:190} INFO - [2026-07-01T04:10:18.581+0000] {dag.py:4180} INFO - Setting next_dagrun for ingest_avito_to_raw to 2026-07-01 04:00:00+00:00, run_after=2026-07-01 05:00:00+00:00
[2026-07-01T04:10:18.590+0000] {processor.py:208} INFO - Processing /opt/airflow/dags/ingest_avito_to_raw.py took 0.052 seconds
[2026-07-01T04:25:26.557+0000] {processor.py:186} INFO - Started process (PID=29633) to work on /opt/airflow/dags/ingest_avito_to_raw.py
[2026-07-01T04:25:26.558+0000] {processor.py:914} INFO - Processing file /opt/airflow/dags/ingest_avito_to_raw.py for tasks to queue
[2026-07-01T04:25:26.558+0000] {logging_mixin.py:190} INFO - [2026-07-01T04:25:26.558+0000] {dagbag.py:588} INFO - Filling up the DagBag from /opt/airflow/dags/ingest_avito_to_raw.py
[2026-07-01T04:25:26.562+0000] {processor.py:925} INFO - DAG(s) 'ingest_avito_to_raw' retrieved from /opt/airflow/dags/ingest_avito_to_raw.py
[2026-07-01T04:25:26.577+0000] {logging_mixin.py:190} INFO - [2026-07-01T04:25:26.577+0000] {dag.py:3239} INFO - Sync 1 DAGs
[2026-07-01T04:25:26.587+0000] {logging_mixin.py:190} INFO - [2026-07-01T04:25:26.587+0000] {dag.py:4180} INFO - Setting next_dagrun for ingest_avito_to_raw to 2026-07-01 04:00:00+00:00, run_after=2026-07-01 05:00:00+00:00
[2026-07-01T04:25:26.595+0000] {processor.py:208} INFO - Processing /opt/airflow/dags/ingest_avito_to_raw.py took 0.042 seconds
[2026-07-01T04:40:55.859+0000] {processor.py:186} INFO - Started process (PID=29643) to work on /opt/airflow/dags/ingest_avito_to_raw.py
[2026-07-01T04:40:55.860+0000] {processor.py:914} INFO - Processing file /opt/airflow/dags/ingest_avito_to_raw.py for tasks to queue
[2026-07-01T04:40:55.863+0000] {logging_mixin.py:190} INFO - [2026-07-01T04:40:55.861+0000] {dagbag.py:588} INFO - Filling up the DagBag from /opt/airflow/dags/ingest_avito_to_raw.py
[2026-07-01T04:40:55.870+0000] {processor.py:925} INFO - DAG(s) 'ingest_avito_to_raw' retrieved from /opt/airflow/dags/ingest_avito_to_raw.py
[2026-07-01T04:40:55.890+0000] {logging_mixin.py:190} INFO - [2026-07-01T04:40:55.890+0000] {dag.py:3239} INFO - Sync 1 DAGs
[2026-07-01T04:40:55.902+0000] {logging_mixin.py:190} INFO - [2026-07-01T04:40:55.902+0000] {dag.py:4180} INFO - Setting next_dagrun for ingest_avito_to_raw to 2026-07-01 04:00:00+00:00, run_after=2026-07-01 05:00:00+00:00
[2026-07-01T04:40:55.914+0000] {processor.py:208} INFO - Processing /opt/airflow/dags/ingest_avito_to_raw.py took 0.059 seconds
[2026-07-01T05:11:26.031+0000] {processor.py:186} INFO - Started process (PID=29656) to work on /opt/airflow/dags/ingest_avito_to_raw.py
[2026-07-01T05:11:26.032+0000] {processor.py:914} INFO - Processing file /opt/airflow/dags/ingest_avito_to_raw.py for tasks to queue
[2026-07-01T05:11:26.033+0000] {logging_mixin.py:190} INFO - [2026-07-01T05:11:26.033+0000] {dagbag.py:588} INFO - Filling up the DagBag from /opt/airflow/dags/ingest_avito_to_raw.py
[2026-07-01T05:11:26.038+0000] {processor.py:925} INFO - DAG(s) 'ingest_avito_to_raw' retrieved from /opt/airflow/dags/ingest_avito_to_raw.py
[2026-07-01T05:11:26.052+0000] {logging_mixin.py:190} INFO - [2026-07-01T05:11:26.052+0000] {dag.py:3239} INFO - Sync 1 DAGs
[2026-07-01T05:11:26.061+0000] {logging_mixin.py:190} INFO - [2026-07-01T05:11:26.061+0000] {dag.py:4180} INFO - Setting next_dagrun for ingest_avito_to_raw to 2026-07-01 05:00:00+00:00, run_after=2026-07-01 06:00:00+00:00
[2026-07-01T05:11:26.068+0000] {processor.py:208} INFO - Processing /opt/airflow/dags/ingest_avito_to_raw.py took 0.041 seconds
[2026-07-01T05:26:55.370+0000] {processor.py:186} INFO - Started process (PID=29666) to work on /opt/airflow/dags/ingest_avito_to_raw.py
[2026-07-01T05:26:55.370+0000] {processor.py:914} INFO - Processing file /opt/airflow/dags/ingest_avito_to_raw.py for tasks to queue
[2026-07-01T05:26:55.371+0000] {logging_mixin.py:190} INFO - [2026-07-01T05:26:55.371+0000] {dagbag.py:588} INFO - Filling up the DagBag from /opt/airflow/dags/ingest_avito_to_raw.py
[2026-07-01T05:26:55.375+0000] {processor.py:925} INFO - DAG(s) 'ingest_avito_to_raw' retrieved from /opt/airflow/dags/ingest_avito_to_raw.py
[2026-07-01T05:26:55.390+0000] {logging_mixin.py:190} INFO - [2026-07-01T05:26:55.390+0000] {dag.py:3239} INFO - Sync 1 DAGs
[2026-07-01T05:26:55.400+0000] {logging_mixin.py:190} INFO - [2026-07-01T05:26:55.400+0000] {dag.py:4180} INFO - Setting next_dagrun for ingest_avito_to_raw to 2026-07-01 05:00:00+00:00, run_after=2026-07-01 06:00:00+00:00
[2026-07-01T05:26:55.408+0000] {processor.py:208} INFO - Processing /opt/airflow/dags/ingest_avito_to_raw.py took 0.043 seconds
[2026-07-01T05:42:25.577+0000] {processor.py:186} INFO - Started process (PID=29676) to work on /opt/airflow/dags/ingest_avito_to_raw.py
[2026-07-01T05:42:25.578+0000] {processor.py:914} INFO - Processing file /opt/airflow/dags/ingest_avito_to_raw.py for tasks to queue
[2026-07-01T05:42:25.578+0000] {logging_mixin.py:190} INFO - [2026-07-01T05:42:25.578+0000] {dagbag.py:588} INFO - Filling up the DagBag from /opt/airflow/dags/ingest_avito_to_raw.py
[2026-07-01T05:42:25.582+0000] {processor.py:925} INFO - DAG(s) 'ingest_avito_to_raw' retrieved from /opt/airflow/dags/ingest_avito_to_raw.py
[2026-07-01T05:42:25.597+0000] {logging_mixin.py:190} INFO - [2026-07-01T05:42:25.597+0000] {dag.py:3239} INFO - Sync 1 DAGs
[2026-07-01T05:42:25.706+0000] {logging_mixin.py:190} INFO - [2026-07-01T05:42:25.706+0000] {dag.py:4180} INFO - Setting next_dagrun for ingest_avito_to_raw to 2026-07-01 05:00:00+00:00, run_after=2026-07-01 06:00:00+00:00
[2026-07-01T05:42:25.715+0000] {processor.py:208} INFO - Processing /opt/airflow/dags/ingest_avito_to_raw.py took 0.141 seconds
[2026-07-01T06:11:11.927+0000] {processor.py:186} INFO - Started process (PID=29686) to work on /opt/airflow/dags/ingest_avito_to_raw.py
[2026-07-01T06:11:11.928+0000] {processor.py:914} INFO - Processing file /opt/airflow/dags/ingest_avito_to_raw.py for tasks to queue
[2026-07-01T06:11:11.929+0000] {logging_mixin.py:190} INFO - [2026-07-01T06:11:11.928+0000] {dagbag.py:588} INFO - Filling up the DagBag from /opt/airflow/dags/ingest_avito_to_raw.py
[2026-07-01T06:11:11.932+0000] {processor.py:925} INFO - DAG(s) 'ingest_avito_to_raw' retrieved from /opt/airflow/dags/ingest_avito_to_raw.py
[2026-07-01T06:11:11.950+0000] {logging_mixin.py:190} INFO - [2026-07-01T06:11:11.950+0000] {dag.py:3239} INFO - Sync 1 DAGs
[2026-07-01T06:11:11.960+0000] {logging_mixin.py:190} INFO - [2026-07-01T06:11:11.959+0000] {dag.py:4180} INFO - Setting next_dagrun for ingest_avito_to_raw to 2026-07-01 05:00:00+00:00, run_after=2026-07-01 06:00:00+00:00
[2026-07-01T06:11:11.967+0000] {processor.py:208} INFO - Processing /opt/airflow/dags/ingest_avito_to_raw.py took 0.044 seconds
[2026-07-01T06:33:48.639+0000] {processor.py:186} INFO - Started process (PID=29699) to work on /opt/airflow/dags/ingest_avito_to_raw.py
[2026-07-01T06:33:48.640+0000] {processor.py:914} INFO - Processing file /opt/airflow/dags/ingest_avito_to_raw.py for tasks to queue
[2026-07-01T06:33:48.641+0000] {logging_mixin.py:190} INFO - [2026-07-01T06:33:48.640+0000] {dagbag.py:588} INFO - Filling up the DagBag from /opt/airflow/dags/ingest_avito_to_raw.py
[2026-07-01T06:33:48.644+0000] {processor.py:925} INFO - DAG(s) 'ingest_avito_to_raw' retrieved from /opt/airflow/dags/ingest_avito_to_raw.py
[2026-07-01T06:33:48.660+0000] {logging_mixin.py:190} INFO - [2026-07-01T06:33:48.660+0000] {dag.py:3239} INFO - Sync 1 DAGs
[2026-07-01T06:33:48.669+0000] {logging_mixin.py:190} INFO - [2026-07-01T06:33:48.669+0000] {dag.py:4180} INFO - Setting next_dagrun for ingest_avito_to_raw to 2026-07-01 06:00:00+00:00, run_after=2026-07-01 07:00:00+00:00
[2026-07-01T06:33:48.676+0000] {processor.py:208} INFO - Processing /opt/airflow/dags/ingest_avito_to_raw.py took 0.040 seconds
[2026-07-01T06:49:18.890+0000] {processor.py:186} INFO - Started process (PID=29709) to work on /opt/airflow/dags/ingest_avito_to_raw.py
[2026-07-01T06:49:18.891+0000] {processor.py:914} INFO - Processing file /opt/airflow/dags/ingest_avito_to_raw.py for tasks to queue
[2026-07-01T06:49:18.892+0000] {logging_mixin.py:190} INFO - [2026-07-01T06:49:18.892+0000] {dagbag.py:588} INFO - Filling up the DagBag from /opt/airflow/dags/ingest_avito_to_raw.py
[2026-07-01T06:49:18.896+0000] {processor.py:925} INFO - DAG(s) 'ingest_avito_to_raw' retrieved from /opt/airflow/dags/ingest_avito_to_raw.py
[2026-07-01T06:49:18.912+0000] {logging_mixin.py:190} INFO - [2026-07-01T06:49:18.912+0000] {dag.py:3239} INFO - Sync 1 DAGs
[2026-07-01T06:49:18.922+0000] {logging_mixin.py:190} INFO - [2026-07-01T06:49:18.922+0000] {dag.py:4180} INFO - Setting next_dagrun for ingest_avito_to_raw to 2026-07-01 06:00:00+00:00, run_after=2026-07-01 07:00:00+00:00
[2026-07-01T06:49:18.930+0000] {processor.py:208} INFO - Processing /opt/airflow/dags/ingest_avito_to_raw.py took 0.044 seconds
[2026-07-01T07:04:48.973+0000] {processor.py:186} INFO - Started process (PID=29719) to work on /opt/airflow/dags/ingest_avito_to_raw.py
[2026-07-01T07:04:48.974+0000] {processor.py:914} INFO - Processing file /opt/airflow/dags/ingest_avito_to_raw.py for tasks to queue
[2026-07-01T07:04:48.975+0000] {logging_mixin.py:190} INFO - [2026-07-01T07:04:48.974+0000] {dagbag.py:588} INFO - Filling up the DagBag from /opt/airflow/dags/ingest_avito_to_raw.py
[2026-07-01T07:04:48.981+0000] {processor.py:925} INFO - DAG(s) 'ingest_avito_to_raw' retrieved from /opt/airflow/dags/ingest_avito_to_raw.py
[2026-07-01T07:04:48.995+0000] {logging_mixin.py:190} INFO - [2026-07-01T07:04:48.995+0000] {dag.py:3239} INFO - Sync 1 DAGs
[2026-07-01T07:04:49.003+0000] {logging_mixin.py:190} INFO - [2026-07-01T07:04:49.003+0000] {dag.py:4180} INFO - Setting next_dagrun for ingest_avito_to_raw to 2026-07-01 06:00:00+00:00, run_after=2026-07-01 07:00:00+00:00
[2026-07-01T07:04:49.011+0000] {processor.py:208} INFO - Processing /opt/airflow/dags/ingest_avito_to_raw.py took 0.041 seconds
[2026-07-01T07:27:33.307+0000] {processor.py:186} INFO - Started process (PID=29732) to work on /opt/airflow/dags/ingest_avito_to_raw.py
[2026-07-01T07:27:33.308+0000] {processor.py:914} INFO - Processing file /opt/airflow/dags/ingest_avito_to_raw.py for tasks to queue
[2026-07-01T07:27:33.309+0000] {logging_mixin.py:190} INFO - [2026-07-01T07:27:33.309+0000] {dagbag.py:588} INFO - Filling up the DagBag from /opt/airflow/dags/ingest_avito_to_raw.py
[2026-07-01T07:27:33.317+0000] {processor.py:925} INFO - DAG(s) 'ingest_avito_to_raw' retrieved from /opt/airflow/dags/ingest_avito_to_raw.py
[2026-07-01T07:27:33.340+0000] {logging_mixin.py:190} INFO - [2026-07-01T07:27:33.340+0000] {dag.py:3239} INFO - Sync 1 DAGs
[2026-07-01T07:27:33.352+0000] {logging_mixin.py:190} INFO - [2026-07-01T07:27:33.351+0000] {dag.py:4180} INFO - Setting next_dagrun for ingest_avito_to_raw to 2026-07-01 07:00:00+00:00, run_after=2026-07-01 08:00:00+00:00
[2026-07-01T07:27:33.467+0000] {processor.py:208} INFO - Processing /opt/airflow/dags/ingest_avito_to_raw.py took 0.166 seconds
[2026-07-01T07:43:02.436+0000] {processor.py:186} INFO - Started process (PID=29742) to work on /opt/airflow/dags/ingest_avito_to_raw.py
[2026-07-01T07:43:02.436+0000] {processor.py:914} INFO - Processing file /opt/airflow/dags/ingest_avito_to_raw.py for tasks to queue
[2026-07-01T07:43:02.437+0000] {logging_mixin.py:190} INFO - [2026-07-01T07:43:02.437+0000] {dagbag.py:588} INFO - Filling up the DagBag from /opt/airflow/dags/ingest_avito_to_raw.py
[2026-07-01T07:43:02.440+0000] {processor.py:925} INFO - DAG(s) 'ingest_avito_to_raw' retrieved from /opt/airflow/dags/ingest_avito_to_raw.py
[2026-07-01T07:43:02.457+0000] {logging_mixin.py:190} INFO - [2026-07-01T07:43:02.457+0000] {dag.py:3239} INFO - Sync 1 DAGs
[2026-07-01T07:43:02.467+0000] {logging_mixin.py:190} INFO - [2026-07-01T07:43:02.467+0000] {dag.py:4180} INFO - Setting next_dagrun for ingest_avito_to_raw to 2026-07-01 07:00:00+00:00, run_after=2026-07-01 08:00:00+00:00
[2026-07-01T07:43:02.475+0000] {processor.py:208} INFO - Processing /opt/airflow/dags/ingest_avito_to_raw.py took 0.044 seconds
[2026-07-01T07:58:33.504+0000] {processor.py:186} INFO - Started process (PID=29752) to work on /opt/airflow/dags/ingest_avito_to_raw.py
[2026-07-01T07:58:33.504+0000] {processor.py:914} INFO - Processing file /opt/airflow/dags/ingest_avito_to_raw.py for tasks to queue
[2026-07-01T07:58:33.506+0000] {logging_mixin.py:190} INFO - [2026-07-01T07:58:33.505+0000] {dagbag.py:588} INFO - Filling up the DagBag from /opt/airflow/dags/ingest_avito_to_raw.py
[2026-07-01T07:58:33.513+0000] {processor.py:925} INFO - DAG(s) 'ingest_avito_to_raw' retrieved from /opt/airflow/dags/ingest_avito_to_raw.py
[2026-07-01T07:58:33.528+0000] {logging_mixin.py:190} INFO - [2026-07-01T07:58:33.528+0000] {dag.py:3239} INFO - Sync 1 DAGs
[2026-07-01T07:58:33.538+0000] {logging_mixin.py:190} INFO - [2026-07-01T07:58:33.537+0000] {dag.py:4180} INFO - Setting next_dagrun for ingest_avito_to_raw to 2026-07-01 07:00:00+00:00, run_after=2026-07-01 08:00:00+00:00
[2026-07-01T07:58:33.546+0000] {processor.py:208} INFO - Processing /opt/airflow/dags/ingest_avito_to_raw.py took 0.047 seconds
[2026-07-01T08:28:31.767+0000] {processor.py:186} INFO - Started process (PID=29765) to work on /opt/airflow/dags/ingest_avito_to_raw.py
[2026-07-01T08:28:31.768+0000] {processor.py:914} INFO - Processing file /opt/airflow/dags/ingest_avito_to_raw.py for tasks to queue
[2026-07-01T08:28:31.768+0000] {logging_mixin.py:190} INFO - [2026-07-01T08:28:31.768+0000] {dagbag.py:588} INFO - Filling up the DagBag from /opt/airflow/dags/ingest_avito_to_raw.py
[2026-07-01T08:28:31.772+0000] {processor.py:925} INFO - DAG(s) 'ingest_avito_to_raw' retrieved from /opt/airflow/dags/ingest_avito_to_raw.py
[2026-07-01T08:28:31.787+0000] {logging_mixin.py:190} INFO - [2026-07-01T08:28:31.787+0000] {dag.py:3239} INFO - Sync 1 DAGs
[2026-07-01T08:28:31.795+0000] {logging_mixin.py:190} INFO - [2026-07-01T08:28:31.795+0000] {dag.py:4180} INFO - Setting next_dagrun for ingest_avito_to_raw to 2026-07-01 08:00:00+00:00, run_after=2026-07-01 09:00:00+00:00
[2026-07-01T08:28:31.804+0000] {processor.py:208} INFO - Processing /opt/airflow/dags/ingest_avito_to_raw.py took 0.041 seconds
[2026-07-01T08:44:01.032+0000] {processor.py:186} INFO - Started process (PID=29775) to work on /opt/airflow/dags/ingest_avito_to_raw.py
[2026-07-01T08:44:01.033+0000] {processor.py:914} INFO - Processing file /opt/airflow/dags/ingest_avito_to_raw.py for tasks to queue
[2026-07-01T08:44:01.034+0000] {logging_mixin.py:190} INFO - [2026-07-01T08:44:01.033+0000] {dagbag.py:588} INFO - Filling up the DagBag from /opt/airflow/dags/ingest_avito_to_raw.py
[2026-07-01T08:44:01.038+0000] {processor.py:925} INFO - DAG(s) 'ingest_avito_to_raw' retrieved from /opt/airflow/dags/ingest_avito_to_raw.py
[2026-07-01T08:44:01.052+0000] {logging_mixin.py:190} INFO - [2026-07-01T08:44:01.051+0000] {dag.py:3239} INFO - Sync 1 DAGs
[2026-07-01T08:44:01.061+0000] {logging_mixin.py:190} INFO - [2026-07-01T08:44:01.061+0000] {dag.py:4180} INFO - Setting next_dagrun for ingest_avito_to_raw to 2026-07-01 08:00:00+00:00, run_after=2026-07-01 09:00:00+00:00
[2026-07-01T08:44:01.069+0000] {processor.py:208} INFO - Processing /opt/airflow/dags/ingest_avito_to_raw.py took 0.041 seconds
[2026-07-01T08:59:31.373+0000] {processor.py:186} INFO - Started process (PID=29785) to work on /opt/airflow/dags/ingest_avito_to_raw.py
[2026-07-01T08:59:31.374+0000] {processor.py:914} INFO - Processing file /opt/airflow/dags/ingest_avito_to_raw.py for tasks to queue
[2026-07-01T08:59:31.374+0000] {logging_mixin.py:190} INFO - [2026-07-01T08:59:31.374+0000] {dagbag.py:588} INFO - Filling up the DagBag from /opt/airflow/dags/ingest_avito_to_raw.py
[2026-07-01T08:59:31.378+0000] {processor.py:925} INFO - DAG(s) 'ingest_avito_to_raw' retrieved from /opt/airflow/dags/ingest_avito_to_raw.py
[2026-07-01T08:59:31.396+0000] {logging_mixin.py:190} INFO - [2026-07-01T08:59:31.396+0000] {dag.py:3239} INFO - Sync 1 DAGs
[2026-07-01T08:59:31.406+0000] {logging_mixin.py:190} INFO - [2026-07-01T08:59:31.406+0000] {dag.py:4180} INFO - Setting next_dagrun for ingest_avito_to_raw to 2026-07-01 08:00:00+00:00, run_after=2026-07-01 09:00:00+00:00
[2026-07-01T08:59:31.485+0000] {processor.py:208} INFO - Processing /opt/airflow/dags/ingest_avito_to_raw.py took 0.117 seconds
[2026-07-01T09:29:30.730+0000] {processor.py:186} INFO - Started process (PID=29795) to work on /opt/airflow/dags/ingest_avito_to_raw.py
[2026-07-01T09:29:30.731+0000] {processor.py:914} INFO - Processing file /opt/airflow/dags/ingest_avito_to_raw.py for tasks to queue
[2026-07-01T09:29:30.732+0000] {logging_mixin.py:190} INFO - [2026-07-01T09:29:30.732+0000] {dagbag.py:588} INFO - Filling up the DagBag from /opt/airflow/dags/ingest_avito_to_raw.py
[2026-07-01T09:29:30.736+0000] {processor.py:925} INFO - DAG(s) 'ingest_avito_to_raw' retrieved from /opt/airflow/dags/ingest_avito_to_raw.py
[2026-07-01T09:29:30.754+0000] {logging_mixin.py:190} INFO - [2026-07-01T09:29:30.754+0000] {dag.py:3239} INFO - Sync 1 DAGs
[2026-07-01T09:29:30.764+0000] {logging_mixin.py:190} INFO - [2026-07-01T09:29:30.764+0000] {dag.py:4180} INFO - Setting next_dagrun for ingest_avito_to_raw to 2026-07-01 09:00:00+00:00, run_after=2026-07-01 10:00:00+00:00
[2026-07-01T09:29:30.772+0000] {processor.py:208} INFO - Processing /opt/airflow/dags/ingest_avito_to_raw.py took 0.045 seconds
[2026-07-01T09:45:01.094+0000] {processor.py:186} INFO - Started process (PID=29808) to work on /opt/airflow/dags/ingest_avito_to_raw.py
[2026-07-01T09:45:01.095+0000] {processor.py:914} INFO - Processing file /opt/airflow/dags/ingest_avito_to_raw.py for tasks to queue
[2026-07-01T09:45:01.096+0000] {logging_mixin.py:190} INFO - [2026-07-01T09:45:01.096+0000] {dagbag.py:588} INFO - Filling up the DagBag from /opt/airflow/dags/ingest_avito_to_raw.py
[2026-07-01T09:45:01.102+0000] {processor.py:925} INFO - DAG(s) 'ingest_avito_to_raw' retrieved from /opt/airflow/dags/ingest_avito_to_raw.py
[2026-07-01T09:45:01.119+0000] {logging_mixin.py:190} INFO - [2026-07-01T09:45:01.119+0000] {dag.py:3239} INFO - Sync 1 DAGs
[2026-07-01T09:45:01.129+0000] {logging_mixin.py:190} INFO - [2026-07-01T09:45:01.129+0000] {dag.py:4180} INFO - Setting next_dagrun for ingest_avito_to_raw to 2026-07-01 09:00:00+00:00, run_after=2026-07-01 10:00:00+00:00
[2026-07-01T09:45:01.138+0000] {processor.py:208} INFO - Processing /opt/airflow/dags/ingest_avito_to_raw.py took 0.048 seconds
[2026-07-01T10:00:30.578+0000] {processor.py:186} INFO - Started process (PID=29818) to work on /opt/airflow/dags/ingest_avito_to_raw.py
[2026-07-01T10:00:30.578+0000] {processor.py:914} INFO - Processing file /opt/airflow/dags/ingest_avito_to_raw.py for tasks to queue
[2026-07-01T10:00:30.579+0000] {logging_mixin.py:190} INFO - [2026-07-01T10:00:30.579+0000] {dagbag.py:588} INFO - Filling up the DagBag from /opt/airflow/dags/ingest_avito_to_raw.py
[2026-07-01T10:00:30.584+0000] {processor.py:925} INFO - DAG(s) 'ingest_avito_to_raw' retrieved from /opt/airflow/dags/ingest_avito_to_raw.py
[2026-07-01T10:00:30.603+0000] {logging_mixin.py:190} INFO - [2026-07-01T10:00:30.603+0000] {dag.py:3239} INFO - Sync 1 DAGs
[2026-07-01T10:00:30.615+0000] {logging_mixin.py:190} INFO - [2026-07-01T10:00:30.615+0000] {dag.py:4180} INFO - Setting next_dagrun for ingest_avito_to_raw to 2026-07-01 09:00:00+00:00, run_after=2026-07-01 10:00:00+00:00
[2026-07-01T10:00:30.625+0000] {processor.py:208} INFO - Processing /opt/airflow/dags/ingest_avito_to_raw.py took 0.052 seconds
[2026-07-01T10:30:29.656+0000] {processor.py:186} INFO - Started process (PID=29831) to work on /opt/airflow/dags/ingest_avito_to_raw.py
[2026-07-01T10:30:29.656+0000] {processor.py:914} INFO - Processing file /opt/airflow/dags/ingest_avito_to_raw.py for tasks to queue
[2026-07-01T10:30:29.657+0000] {logging_mixin.py:190} INFO - [2026-07-01T10:30:29.657+0000] {dagbag.py:588} INFO - Filling up the DagBag from /opt/airflow/dags/ingest_avito_to_raw.py
[2026-07-01T10:30:29.661+0000] {processor.py:925} INFO - DAG(s) 'ingest_avito_to_raw' retrieved from /opt/airflow/dags/ingest_avito_to_raw.py
[2026-07-01T10:30:29.676+0000] {logging_mixin.py:190} INFO - [2026-07-01T10:30:29.676+0000] {dag.py:3239} INFO - Sync 1 DAGs
[2026-07-01T10:30:29.686+0000] {logging_mixin.py:190} INFO - [2026-07-01T10:30:29.686+0000] {dag.py:4180} INFO - Setting next_dagrun for ingest_avito_to_raw to 2026-07-01 10:00:00+00:00, run_after=2026-07-01 11:00:00+00:00
[2026-07-01T10:30:29.695+0000] {processor.py:208} INFO - Processing /opt/airflow/dags/ingest_avito_to_raw.py took 0.043 seconds
[2026-07-01T10:45:59.855+0000] {processor.py:186} INFO - Started process (PID=29841) to work on /opt/airflow/dags/ingest_avito_to_raw.py
[2026-07-01T10:45:59.855+0000] {processor.py:914} INFO - Processing file /opt/airflow/dags/ingest_avito_to_raw.py for tasks to queue
[2026-07-01T10:45:59.856+0000] {logging_mixin.py:190} INFO - [2026-07-01T10:45:59.856+0000] {dagbag.py:588} INFO - Filling up the DagBag from /opt/airflow/dags/ingest_avito_to_raw.py
[2026-07-01T10:45:59.859+0000] {processor.py:925} INFO - DAG(s) 'ingest_avito_to_raw' retrieved from /opt/airflow/dags/ingest_avito_to_raw.py
[2026-07-01T10:45:59.880+0000] {logging_mixin.py:190} INFO - [2026-07-01T10:45:59.879+0000] {dag.py:3239} INFO - Sync 1 DAGs
[2026-07-01T10:45:59.965+0000] {logging_mixin.py:190} INFO - [2026-07-01T10:45:59.965+0000] {dag.py:4180} INFO - Setting next_dagrun for ingest_avito_to_raw to 2026-07-01 10:00:00+00:00, run_after=2026-07-01 11:00:00+00:00
[2026-07-01T10:45:59.972+0000] {processor.py:208} INFO - Processing /opt/airflow/dags/ingest_avito_to_raw.py took 0.121 seconds
[2026-07-01T11:01:28.989+0000] {processor.py:186} INFO - Started process (PID=29852) to work on /opt/airflow/dags/ingest_avito_to_raw.py
[2026-07-01T11:01:28.989+0000] {processor.py:914} INFO - Processing file /opt/airflow/dags/ingest_avito_to_raw.py for tasks to queue
[2026-07-01T11:01:28.990+0000] {logging_mixin.py:190} INFO - [2026-07-01T11:01:28.989+0000] {dagbag.py:588} INFO - Filling up the DagBag from /opt/airflow/dags/ingest_avito_to_raw.py
[2026-07-01T11:01:28.993+0000] {processor.py:925} INFO - DAG(s) 'ingest_avito_to_raw' retrieved from /opt/airflow/dags/ingest_avito_to_raw.py
[2026-07-01T11:01:29.007+0000] {logging_mixin.py:190} INFO - [2026-07-01T11:01:29.007+0000] {dag.py:3239} INFO - Sync 1 DAGs
[2026-07-01T11:01:29.016+0000] {logging_mixin.py:190} INFO - [2026-07-01T11:01:29.016+0000] {dag.py:4180} INFO - Setting next_dagrun for ingest_avito_to_raw to 2026-07-01 11:00:00+00:00, run_after=2026-07-01 12:00:00+00:00
[2026-07-01T11:01:29.021+0000] {processor.py:208} INFO - Processing /opt/airflow/dags/ingest_avito_to_raw.py took 0.036 seconds
[2026-07-01T11:31:29.142+0000] {processor.py:186} INFO - Started process (PID=29864) to work on /opt/airflow/dags/ingest_avito_to_raw.py
[2026-07-01T11:31:29.142+0000] {processor.py:914} INFO - Processing file /opt/airflow/dags/ingest_avito_to_raw.py for tasks to queue
[2026-07-01T11:31:29.143+0000] {logging_mixin.py:190} INFO - [2026-07-01T11:31:29.143+0000] {dagbag.py:588} INFO - Filling up the DagBag from /opt/airflow/dags/ingest_avito_to_raw.py
[2026-07-01T11:31:29.147+0000] {processor.py:925} INFO - DAG(s) 'ingest_avito_to_raw' retrieved from /opt/airflow/dags/ingest_avito_to_raw.py
[2026-07-01T11:31:29.163+0000] {logging_mixin.py:190} INFO - [2026-07-01T11:31:29.163+0000] {dag.py:3239} INFO - Sync 1 DAGs
[2026-07-01T11:31:29.172+0000] {logging_mixin.py:190} INFO - [2026-07-01T11:31:29.172+0000] {dag.py:4180} INFO - Setting next_dagrun for ingest_avito_to_raw to 2026-07-01 11:00:00+00:00, run_after=2026-07-01 12:00:00+00:00
[2026-07-01T11:31:29.180+0000] {processor.py:208} INFO - Processing /opt/airflow/dags/ingest_avito_to_raw.py took 0.042 seconds
[2026-07-01T11:46:58.495+0000] {processor.py:186} INFO - Started process (PID=29874) to work on /opt/airflow/dags/ingest_avito_to_raw.py
[2026-07-01T11:46:58.496+0000] {processor.py:914} INFO - Processing file /opt/airflow/dags/ingest_avito_to_raw.py for tasks to queue
[2026-07-01T11:46:58.497+0000] {logging_mixin.py:190} INFO - [2026-07-01T11:46:58.496+0000] {dagbag.py:588} INFO - Filling up the DagBag from /opt/airflow/dags/ingest_avito_to_raw.py
[2026-07-01T11:46:58.500+0000] {processor.py:925} INFO - DAG(s) 'ingest_avito_to_raw' retrieved from /opt/airflow/dags/ingest_avito_to_raw.py
[2026-07-01T11:46:58.517+0000] {logging_mixin.py:190} INFO - [2026-07-01T11:46:58.517+0000] {dag.py:3239} INFO - Sync 1 DAGs
[2026-07-01T11:46:58.527+0000] {logging_mixin.py:190} INFO - [2026-07-01T11:46:58.527+0000] {dag.py:4180} INFO - Setting next_dagrun for ingest_avito_to_raw to 2026-07-01 11:00:00+00:00, run_after=2026-07-01 12:00:00+00:00
[2026-07-01T11:46:58.536+0000] {processor.py:208} INFO - Processing /opt/airflow/dags/ingest_avito_to_raw.py took 0.046 seconds
[2026-07-01T12:02:28.843+0000] {processor.py:186} INFO - Started process (PID=29884) to work on /opt/airflow/dags/ingest_avito_to_raw.py
[2026-07-01T12:02:28.844+0000] {processor.py:914} INFO - Processing file /opt/airflow/dags/ingest_avito_to_raw.py for tasks to queue
[2026-07-01T12:02:28.845+0000] {logging_mixin.py:190} INFO - [2026-07-01T12:02:28.845+0000] {dagbag.py:588} INFO - Filling up the DagBag from /opt/airflow/dags/ingest_avito_to_raw.py
[2026-07-01T12:02:28.850+0000] {processor.py:925} INFO - DAG(s) 'ingest_avito_to_raw' retrieved from /opt/airflow/dags/ingest_avito_to_raw.py
[2026-07-01T12:02:28.866+0000] {logging_mixin.py:190} INFO - [2026-07-01T12:02:28.866+0000] {dag.py:3239} INFO - Sync 1 DAGs
[2026-07-01T12:02:28.877+0000] {logging_mixin.py:190} INFO - [2026-07-01T12:02:28.877+0000] {dag.py:4180} INFO - Setting next_dagrun for ingest_avito_to_raw to 2026-07-01 11:00:00+00:00, run_after=2026-07-01 12:00:00+00:00
[2026-07-01T12:02:28.885+0000] {processor.py:208} INFO - Processing /opt/airflow/dags/ingest_avito_to_raw.py took 0.046 seconds
[2026-07-01T12:32:28.583+0000] {processor.py:186} INFO - Started process (PID=29897) to work on /opt/airflow/dags/ingest_avito_to_raw.py
[2026-07-01T12:32:28.584+0000] {processor.py:914} INFO - Processing file /opt/airflow/dags/ingest_avito_to_raw.py for tasks to queue
[2026-07-01T12:32:28.585+0000] {logging_mixin.py:190} INFO - [2026-07-01T12:32:28.585+0000] {dagbag.py:588} INFO - Filling up the DagBag from /opt/airflow/dags/ingest_avito_to_raw.py
[2026-07-01T12:32:28.589+0000] {processor.py:925} INFO - DAG(s) 'ingest_avito_to_raw' retrieved from /opt/airflow/dags/ingest_avito_to_raw.py
[2026-07-01T12:32:28.603+0000] {logging_mixin.py:190} INFO - [2026-07-01T12:32:28.603+0000] {dag.py:3239} INFO - Sync 1 DAGs
[2026-07-01T12:32:28.687+0000] {logging_mixin.py:190} INFO - [2026-07-01T12:32:28.687+0000] {dag.py:4180} INFO - Setting next_dagrun for ingest_avito_to_raw to 2026-07-01 12:00:00+00:00, run_after=2026-07-01 13:00:00+00:00
[2026-07-01T12:32:28.693+0000] {processor.py:208} INFO - Processing /opt/airflow/dags/ingest_avito_to_raw.py took 0.113 seconds
[2026-07-01T12:47:58.974+0000] {processor.py:186} INFO - Started process (PID=29907) to work on /opt/airflow/dags/ingest_avito_to_raw.py
[2026-07-01T12:47:58.975+0000] {processor.py:914} INFO - Processing file /opt/airflow/dags/ingest_avito_to_raw.py for tasks to queue
[2026-07-01T12:47:58.976+0000] {logging_mixin.py:190} INFO - [2026-07-01T12:47:58.975+0000] {dagbag.py:588} INFO - Filling up the DagBag from /opt/airflow/dags/ingest_avito_to_raw.py
[2026-07-01T12:47:58.979+0000] {processor.py:925} INFO - DAG(s) 'ingest_avito_to_raw' retrieved from /opt/airflow/dags/ingest_avito_to_raw.py
[2026-07-01T12:47:58.997+0000] {logging_mixin.py:190} INFO - [2026-07-01T12:47:58.997+0000] {dag.py:3239} INFO - Sync 1 DAGs
[2026-07-01T12:47:59.008+0000] {logging_mixin.py:190} INFO - [2026-07-01T12:47:59.007+0000] {dag.py:4180} INFO - Setting next_dagrun for ingest_avito_to_raw to 2026-07-01 12:00:00+00:00, run_after=2026-07-01 13:00:00+00:00
[2026-07-01T12:47:59.016+0000] {processor.py:208} INFO - Processing /opt/airflow/dags/ingest_avito_to_raw.py took 0.046 seconds
[2026-07-01T13:03:28.271+0000] {processor.py:186} INFO - Started process (PID=29917) to work on /opt/airflow/dags/ingest_avito_to_raw.py
[2026-07-01T13:03:28.271+0000] {processor.py:914} INFO - Processing file /opt/airflow/dags/ingest_avito_to_raw.py for tasks to queue
[2026-07-01T13:03:28.272+0000] {logging_mixin.py:190} INFO - [2026-07-01T13:03:28.272+0000] {dagbag.py:588} INFO - Filling up the DagBag from /opt/airflow/dags/ingest_avito_to_raw.py
[2026-07-01T13:03:28.276+0000] {processor.py:925} INFO - DAG(s) 'ingest_avito_to_raw' retrieved from /opt/airflow/dags/ingest_avito_to_raw.py
[2026-07-01T13:03:28.292+0000] {logging_mixin.py:190} INFO - [2026-07-01T13:03:28.292+0000] {dag.py:3239} INFO - Sync 1 DAGs
[2026-07-01T13:03:28.301+0000] {logging_mixin.py:190} INFO - [2026-07-01T13:03:28.301+0000] {dag.py:4180} INFO - Setting next_dagrun for ingest_avito_to_raw to 2026-07-01 12:00:00+00:00, run_after=2026-07-01 13:00:00+00:00
[2026-07-01T13:03:28.309+0000] {processor.py:208} INFO - Processing /opt/airflow/dags/ingest_avito_to_raw.py took 0.043 seconds
[2026-07-01T13:33:28.277+0000] {processor.py:186} INFO - Started process (PID=29930) to work on /opt/airflow/dags/ingest_avito_to_raw.py
[2026-07-01T13:33:28.278+0000] {processor.py:914} INFO - Processing file /opt/airflow/dags/ingest_avito_to_raw.py for tasks to queue
[2026-07-01T13:33:28.279+0000] {logging_mixin.py:190} INFO - [2026-07-01T13:33:28.279+0000] {dagbag.py:588} INFO - Filling up the DagBag from /opt/airflow/dags/ingest_avito_to_raw.py
[2026-07-01T13:33:28.282+0000] {processor.py:925} INFO - DAG(s) 'ingest_avito_to_raw' retrieved from /opt/airflow/dags/ingest_avito_to_raw.py
[2026-07-01T13:33:28.301+0000] {logging_mixin.py:190} INFO - [2026-07-01T13:33:28.301+0000] {dag.py:3239} INFO - Sync 1 DAGs
[2026-07-01T13:33:28.311+0000] {logging_mixin.py:190} INFO - [2026-07-01T13:33:28.311+0000] {dag.py:4180} INFO - Setting next_dagrun for ingest_avito_to_raw to 2026-07-01 13:00:00+00:00, run_after=2026-07-01 14:00:00+00:00
[2026-07-01T13:33:28.321+0000] {processor.py:208} INFO - Processing /opt/airflow/dags/ingest_avito_to_raw.py took 0.048 seconds
[2026-07-01T13:48:57.538+0000] {processor.py:186} INFO - Started process (PID=29940) to work on /opt/airflow/dags/ingest_avito_to_raw.py
[2026-07-01T13:48:57.538+0000] {processor.py:914} INFO - Processing file /opt/airflow/dags/ingest_avito_to_raw.py for tasks to queue
[2026-07-01T13:48:57.539+0000] {logging_mixin.py:190} INFO - [2026-07-01T13:48:57.539+0000] {dagbag.py:588} INFO - Filling up the DagBag from /opt/airflow/dags/ingest_avito_to_raw.py
[2026-07-01T13:48:57.543+0000] {processor.py:925} INFO - DAG(s) 'ingest_avito_to_raw' retrieved from /opt/airflow/dags/ingest_avito_to_raw.py
[2026-07-01T13:48:57.560+0000] {logging_mixin.py:190} INFO - [2026-07-01T13:48:57.560+0000] {dag.py:3239} INFO - Sync 1 DAGs
[2026-07-01T13:48:57.568+0000] {logging_mixin.py:190} INFO - [2026-07-01T13:48:57.568+0000] {dag.py:4180} INFO - Setting next_dagrun for ingest_avito_to_raw to 2026-07-01 13:00:00+00:00, run_after=2026-07-01 14:00:00+00:00
[2026-07-01T13:48:57.578+0000] {processor.py:208} INFO - Processing /opt/airflow/dags/ingest_avito_to_raw.py took 0.044 seconds
[2026-07-01T14:04:27.827+0000] {processor.py:186} INFO - Started process (PID=29950) to work on /opt/airflow/dags/ingest_avito_to_raw.py
[2026-07-01T14:04:27.828+0000] {processor.py:914} INFO - Processing file /opt/airflow/dags/ingest_avito_to_raw.py for tasks to queue
[2026-07-01T14:04:27.829+0000] {logging_mixin.py:190} INFO - [2026-07-01T14:04:27.829+0000] {dagbag.py:588} INFO - Filling up the DagBag from /opt/airflow/dags/ingest_avito_to_raw.py
[2026-07-01T14:04:27.834+0000] {processor.py:925} INFO - DAG(s) 'ingest_avito_to_raw' retrieved from /opt/airflow/dags/ingest_avito_to_raw.py
[2026-07-01T14:04:27.850+0000] {logging_mixin.py:190} INFO - [2026-07-01T14:04:27.850+0000] {dag.py:3239} INFO - Sync 1 DAGs
[2026-07-01T14:04:27.947+0000] {logging_mixin.py:190} INFO - [2026-07-01T14:04:27.947+0000] {dag.py:4180} INFO - Setting next_dagrun for ingest_avito_to_raw to 2026-07-01 13:00:00+00:00, run_after=2026-07-01 14:00:00+00:00
[2026-07-01T14:04:27.955+0000] {processor.py:208} INFO - Processing /opt/airflow/dags/ingest_avito_to_raw.py took 0.132 seconds
[2026-07-01T14:31:36.131+0000] {processor.py:186} INFO - Started process (PID=29963) to work on /opt/airflow/dags/ingest_avito_to_raw.py
[2026-07-01T14:31:36.132+0000] {processor.py:914} INFO - Processing file /opt/airflow/dags/ingest_avito_to_raw.py for tasks to queue
[2026-07-01T14:31:36.133+0000] {logging_mixin.py:190} INFO - [2026-07-01T14:31:36.133+0000] {dagbag.py:588} INFO - Filling up the DagBag from /opt/airflow/dags/ingest_avito_to_raw.py
[2026-07-01T14:31:36.138+0000] {processor.py:925} INFO - DAG(s) 'ingest_avito_to_raw' retrieved from /opt/airflow/dags/ingest_avito_to_raw.py
[2026-07-01T14:31:36.159+0000] {logging_mixin.py:190} INFO - [2026-07-01T14:31:36.159+0000] {dag.py:3239} INFO - Sync 1 DAGs
[2026-07-01T14:31:36.168+0000] {logging_mixin.py:190} INFO - [2026-07-01T14:31:36.168+0000] {dag.py:4180} INFO - Setting next_dagrun for ingest_avito_to_raw to 2026-07-01 14:00:00+00:00, run_after=2026-07-01 15:00:00+00:00
[2026-07-01T14:31:36.177+0000] {processor.py:208} INFO - Processing /opt/airflow/dags/ingest_avito_to_raw.py took 0.050 seconds
[2026-07-01T14:47:06.387+0000] {processor.py:186} INFO - Started process (PID=29973) to work on /opt/airflow/dags/ingest_avito_to_raw.py
[2026-07-01T14:47:06.387+0000] {processor.py:914} INFO - Processing file /opt/airflow/dags/ingest_avito_to_raw.py for tasks to queue
[2026-07-01T14:47:06.388+0000] {logging_mixin.py:190} INFO - [2026-07-01T14:47:06.388+0000] {dagbag.py:588} INFO - Filling up the DagBag from /opt/airflow/dags/ingest_avito_to_raw.py
[2026-07-01T14:47:06.391+0000] {processor.py:925} INFO - DAG(s) 'ingest_avito_to_raw' retrieved from /opt/airflow/dags/ingest_avito_to_raw.py
[2026-07-01T14:47:06.405+0000] {logging_mixin.py:190} INFO - [2026-07-01T14:47:06.405+0000] {dag.py:3239} INFO - Sync 1 DAGs
[2026-07-01T14:47:06.415+0000] {logging_mixin.py:190} INFO - [2026-07-01T14:47:06.415+0000] {dag.py:4180} INFO - Setting next_dagrun for ingest_avito_to_raw to 2026-07-01 14:00:00+00:00, run_after=2026-07-01 15:00:00+00:00
[2026-07-01T14:47:06.423+0000] {processor.py:208} INFO - Processing /opt/airflow/dags/ingest_avito_to_raw.py took 0.041 seconds
[2026-07-01T15:02:36.646+0000] {processor.py:186} INFO - Started process (PID=29983) to work on /opt/airflow/dags/ingest_avito_to_raw.py
[2026-07-01T15:02:36.647+0000] {processor.py:914} INFO - Processing file /opt/airflow/dags/ingest_avito_to_raw.py for tasks to queue
[2026-07-01T15:02:36.648+0000] {logging_mixin.py:190} INFO - [2026-07-01T15:02:36.648+0000] {dagbag.py:588} INFO - Filling up the DagBag from /opt/airflow/dags/ingest_avito_to_raw.py
[2026-07-01T15:02:36.652+0000] {processor.py:925} INFO - DAG(s) 'ingest_avito_to_raw' retrieved from /opt/airflow/dags/ingest_avito_to_raw.py
[2026-07-01T15:02:36.667+0000] {logging_mixin.py:190} INFO - [2026-07-01T15:02:36.667+0000] {dag.py:3239} INFO - Sync 1 DAGs
[2026-07-01T15:02:36.677+0000] {logging_mixin.py:190} INFO - [2026-07-01T15:02:36.677+0000] {dag.py:4180} INFO - Setting next_dagrun for ingest_avito_to_raw to 2026-07-01 15:00:00+00:00, run_after=2026-07-01 16:00:00+00:00
[2026-07-01T15:02:36.684+0000] {processor.py:208} INFO - Processing /opt/airflow/dags/ingest_avito_to_raw.py took 0.041 seconds
[2026-07-01T15:20:05.263+0000] {processor.py:186} INFO - Started process (PID=29996) to work on /opt/airflow/dags/ingest_avito_to_raw.py
[2026-07-01T15:20:05.264+0000] {processor.py:914} INFO - Processing file /opt/airflow/dags/ingest_avito_to_raw.py for tasks to queue
[2026-07-01T15:20:05.264+0000] {logging_mixin.py:190} INFO - [2026-07-01T15:20:05.264+0000] {dagbag.py:588} INFO - Filling up the DagBag from /opt/airflow/dags/ingest_avito_to_raw.py
[2026-07-01T15:20:05.268+0000] {processor.py:925} INFO - DAG(s) 'ingest_avito_to_raw' retrieved from /opt/airflow/dags/ingest_avito_to_raw.py
[2026-07-01T15:20:05.284+0000] {logging_mixin.py:190} INFO - [2026-07-01T15:20:05.284+0000] {dag.py:3239} INFO - Sync 1 DAGs
[2026-07-01T15:20:05.293+0000] {logging_mixin.py:190} INFO - [2026-07-01T15:20:05.293+0000] {dag.py:4180} INFO - Setting next_dagrun for ingest_avito_to_raw to 2026-07-01 15:00:00+00:00, run_after=2026-07-01 16:00:00+00:00
[2026-07-01T15:20:05.301+0000] {processor.py:208} INFO - Processing /opt/airflow/dags/ingest_avito_to_raw.py took 0.041 seconds
[2026-07-01T15:50:35.391+0000] {processor.py:186} INFO - Started process (PID=30006) to work on /opt/airflow/dags/ingest_avito_to_raw.py
[2026-07-01T15:50:35.392+0000] {processor.py:914} INFO - Processing file /opt/airflow/dags/ingest_avito_to_raw.py for tasks to queue
[2026-07-01T15:50:35.392+0000] {logging_mixin.py:190} INFO - [2026-07-01T15:50:35.392+0000] {dagbag.py:588} INFO - Filling up the DagBag from /opt/airflow/dags/ingest_avito_to_raw.py
[2026-07-01T15:50:35.396+0000] {processor.py:925} INFO - DAG(s) 'ingest_avito_to_raw' retrieved from /opt/airflow/dags/ingest_avito_to_raw.py
[2026-07-01T15:50:35.413+0000] {logging_mixin.py:190} INFO - [2026-07-01T15:50:35.413+0000] {dag.py:3239} INFO - Sync 1 DAGs
[2026-07-01T15:50:35.533+0000] {logging_mixin.py:190} INFO - [2026-07-01T15:50:35.533+0000] {dag.py:4180} INFO - Setting next_dagrun for ingest_avito_to_raw to 2026-07-01 15:00:00+00:00, run_after=2026-07-01 16:00:00+00:00
[2026-07-01T15:50:35.541+0000] {processor.py:208} INFO - Processing /opt/airflow/dags/ingest_avito_to_raw.py took 0.154 seconds
[2026-07-01T16:06:05.586+0000] {processor.py:186} INFO - Started process (PID=30016) to work on /opt/airflow/dags/ingest_avito_to_raw.py
[2026-07-01T16:06:05.587+0000] {processor.py:914} INFO - Processing file /opt/airflow/dags/ingest_avito_to_raw.py for tasks to queue
[2026-07-01T16:06:05.588+0000] {logging_mixin.py:190} INFO - [2026-07-01T16:06:05.587+0000] {dagbag.py:588} INFO - Filling up the DagBag from /opt/airflow/dags/ingest_avito_to_raw.py
[2026-07-01T16:06:05.594+0000] {processor.py:925} INFO - DAG(s) 'ingest_avito_to_raw' retrieved from /opt/airflow/dags/ingest_avito_to_raw.py
[2026-07-01T16:06:05.617+0000] {logging_mixin.py:190} INFO - [2026-07-01T16:06:05.617+0000] {dag.py:3239} INFO - Sync 1 DAGs
[2026-07-01T16:06:05.633+0000] {logging_mixin.py:190} INFO - [2026-07-01T16:06:05.633+0000] {dag.py:4180} INFO - Setting next_dagrun for ingest_avito_to_raw to 2026-07-01 16:00:00+00:00, run_after=2026-07-01 17:00:00+00:00
[2026-07-01T16:06:05.642+0000] {processor.py:208} INFO - Processing /opt/airflow/dags/ingest_avito_to_raw.py took 0.062 seconds
[2026-07-01T16:21:19.550+0000] {processor.py:186} INFO - Started process (PID=30029) to work on /opt/airflow/dags/ingest_avito_to_raw.py
[2026-07-01T16:21:19.550+0000] {processor.py:914} INFO - Processing file /opt/airflow/dags/ingest_avito_to_raw.py for tasks to queue
[2026-07-01T16:21:19.551+0000] {logging_mixin.py:190} INFO - [2026-07-01T16:21:19.551+0000] {dagbag.py:588} INFO - Filling up the DagBag from /opt/airflow/dags/ingest_avito_to_raw.py
[2026-07-01T16:21:19.555+0000] {processor.py:925} INFO - DAG(s) 'ingest_avito_to_raw' retrieved from /opt/airflow/dags/ingest_avito_to_raw.py
[2026-07-01T16:21:19.575+0000] {logging_mixin.py:190} INFO - [2026-07-01T16:21:19.575+0000] {dag.py:3239} INFO - Sync 1 DAGs
[2026-07-01T16:21:19.587+0000] {logging_mixin.py:190} INFO - [2026-07-01T16:21:19.587+0000] {dag.py:4180} INFO - Setting next_dagrun for ingest_avito_to_raw to 2026-07-01 16:00:00+00:00, run_after=2026-07-01 17:00:00+00:00
[2026-07-01T16:21:19.596+0000] {processor.py:208} INFO - Processing /opt/airflow/dags/ingest_avito_to_raw.py took 0.050 seconds
[2026-07-01T16:36:49.727+0000] {processor.py:186} INFO - Started process (PID=30039) to work on /opt/airflow/dags/ingest_avito_to_raw.py
[2026-07-01T16:36:49.728+0000] {processor.py:914} INFO - Processing file /opt/airflow/dags/ingest_avito_to_raw.py for tasks to queue
[2026-07-01T16:36:49.729+0000] {logging_mixin.py:190} INFO - [2026-07-01T16:36:49.729+0000] {dagbag.py:588} INFO - Filling up the DagBag from /opt/airflow/dags/ingest_avito_to_raw.py
[2026-07-01T16:36:49.734+0000] {processor.py:925} INFO - DAG(s) 'ingest_avito_to_raw' retrieved from /opt/airflow/dags/ingest_avito_to_raw.py
[2026-07-01T16:36:49.748+0000] {logging_mixin.py:190} INFO - [2026-07-01T16:36:49.748+0000] {dag.py:3239} INFO - Sync 1 DAGs
[2026-07-01T16:36:49.757+0000] {logging_mixin.py:190} INFO - [2026-07-01T16:36:49.757+0000] {dag.py:4180} INFO - Setting next_dagrun for ingest_avito_to_raw to 2026-07-01 16:00:00+00:00, run_after=2026-07-01 17:00:00+00:00
[2026-07-01T16:36:49.767+0000] {processor.py:208} INFO - Processing /opt/airflow/dags/ingest_avito_to_raw.py took 0.044 seconds
[2026-07-01T17:07:19.858+0000] {processor.py:186} INFO - Started process (PID=30049) to work on /opt/airflow/dags/ingest_avito_to_raw.py
[2026-07-01T17:07:19.859+0000] {processor.py:914} INFO - Processing file /opt/airflow/dags/ingest_avito_to_raw.py for tasks to queue
[2026-07-01T17:07:19.860+0000] {logging_mixin.py:190} INFO - [2026-07-01T17:07:19.860+0000] {dagbag.py:588} INFO - Filling up the DagBag from /opt/airflow/dags/ingest_avito_to_raw.py
[2026-07-01T17:07:19.864+0000] {processor.py:925} INFO - DAG(s) 'ingest_avito_to_raw' retrieved from /opt/airflow/dags/ingest_avito_to_raw.py
[2026-07-01T17:07:19.880+0000] {logging_mixin.py:190} INFO - [2026-07-01T17:07:19.880+0000] {dag.py:3239} INFO - Sync 1 DAGs
[2026-07-01T17:07:19.889+0000] {logging_mixin.py:190} INFO - [2026-07-01T17:07:19.889+0000] {dag.py:4180} INFO - Setting next_dagrun for ingest_avito_to_raw to 2026-07-01 16:00:00+00:00, run_after=2026-07-01 17:00:00+00:00
[2026-07-01T17:07:19.897+0000] {processor.py:208} INFO - Processing /opt/airflow/dags/ingest_avito_to_raw.py took 0.043 seconds
[2026-07-01T17:22:19.683+0000] {processor.py:186} INFO - Started process (PID=30062) to work on /opt/airflow/dags/ingest_avito_to_raw.py
[2026-07-01T17:22:19.684+0000] {processor.py:914} INFO - Processing file /opt/airflow/dags/ingest_avito_to_raw.py for tasks to queue
[2026-07-01T17:22:19.684+0000] {logging_mixin.py:190} INFO - [2026-07-01T17:22:19.684+0000] {dagbag.py:588} INFO - Filling up the DagBag from /opt/airflow/dags/ingest_avito_to_raw.py
[2026-07-01T17:22:19.688+0000] {processor.py:925} INFO - DAG(s) 'ingest_avito_to_raw' retrieved from /opt/airflow/dags/ingest_avito_to_raw.py
[2026-07-01T17:22:19.705+0000] {logging_mixin.py:190} INFO - [2026-07-01T17:22:19.705+0000] {dag.py:3239} INFO - Sync 1 DAGs
[2026-07-01T17:22:19.786+0000] {logging_mixin.py:190} INFO - [2026-07-01T17:22:19.786+0000] {dag.py:4180} INFO - Setting next_dagrun for ingest_avito_to_raw to 2026-07-01 17:00:00+00:00, run_after=2026-07-01 18:00:00+00:00
[2026-07-01T17:22:19.794+0000] {processor.py:208} INFO - Processing /opt/airflow/dags/ingest_avito_to_raw.py took 0.116 seconds
[2026-07-01T17:37:49.967+0000] {processor.py:186} INFO - Started process (PID=30072) to work on /opt/airflow/dags/ingest_avito_to_raw.py
[2026-07-01T17:37:49.968+0000] {processor.py:914} INFO - Processing file /opt/airflow/dags/ingest_avito_to_raw.py for tasks to queue
[2026-07-01T17:37:49.968+0000] {logging_mixin.py:190} INFO - [2026-07-01T17:37:49.968+0000] {dagbag.py:588} INFO - Filling up the DagBag from /opt/airflow/dags/ingest_avito_to_raw.py
[2026-07-01T17:37:49.972+0000] {processor.py:925} INFO - DAG(s) 'ingest_avito_to_raw' retrieved from /opt/airflow/dags/ingest_avito_to_raw.py
[2026-07-01T17:37:49.991+0000] {logging_mixin.py:190} INFO - [2026-07-01T17:37:49.991+0000] {dag.py:3239} INFO - Sync 1 DAGs
[2026-07-01T17:37:50.003+0000] {logging_mixin.py:190} INFO - [2026-07-01T17:37:50.003+0000] {dag.py:4180} INFO - Setting next_dagrun for ingest_avito_to_raw to 2026-07-01 17:00:00+00:00, run_after=2026-07-01 18:00:00+00:00
[2026-07-01T17:37:50.013+0000] {processor.py:208} INFO - Processing /opt/airflow/dags/ingest_avito_to_raw.py took 0.050 seconds
[2026-07-01T18:08:20.008+0000] {processor.py:186} INFO - Started process (PID=30082) to work on /opt/airflow/dags/ingest_avito_to_raw.py
[2026-07-01T18:08:20.009+0000] {processor.py:914} INFO - Processing file /opt/airflow/dags/ingest_avito_to_raw.py for tasks to queue
[2026-07-01T18:08:20.009+0000] {logging_mixin.py:190} INFO - [2026-07-01T18:08:20.009+0000] {dagbag.py:588} INFO - Filling up the DagBag from /opt/airflow/dags/ingest_avito_to_raw.py
[2026-07-01T18:08:20.014+0000] {processor.py:925} INFO - DAG(s) 'ingest_avito_to_raw' retrieved from /opt/airflow/dags/ingest_avito_to_raw.py
[2026-07-01T18:08:20.029+0000] {logging_mixin.py:190} INFO - [2026-07-01T18:08:20.029+0000] {dag.py:3239} INFO - Sync 1 DAGs
[2026-07-01T18:08:20.038+0000] {logging_mixin.py:190} INFO - [2026-07-01T18:08:20.038+0000] {dag.py:4180} INFO - Setting next_dagrun for ingest_avito_to_raw to 2026-07-01 17:00:00+00:00, run_after=2026-07-01 18:00:00+00:00
[2026-07-01T18:08:20.048+0000] {processor.py:208} INFO - Processing /opt/airflow/dags/ingest_avito_to_raw.py took 0.044 seconds
[2026-07-01T18:23:20.084+0000] {processor.py:186} INFO - Started process (PID=30095) to work on /opt/airflow/dags/ingest_avito_to_raw.py
[2026-07-01T18:23:20.085+0000] {processor.py:914} INFO - Processing file /opt/airflow/dags/ingest_avito_to_raw.py for tasks to queue
[2026-07-01T18:23:20.086+0000] {logging_mixin.py:190} INFO - [2026-07-01T18:23:20.086+0000] {dagbag.py:588} INFO - Filling up the DagBag from /opt/airflow/dags/ingest_avito_to_raw.py
[2026-07-01T18:23:20.091+0000] {processor.py:925} INFO - DAG(s) 'ingest_avito_to_raw' retrieved from /opt/airflow/dags/ingest_avito_to_raw.py
[2026-07-01T18:23:20.109+0000] {logging_mixin.py:190} INFO - [2026-07-01T18:23:20.109+0000] {dag.py:3239} INFO - Sync 1 DAGs
[2026-07-01T18:23:20.118+0000] {logging_mixin.py:190} INFO - [2026-07-01T18:23:20.118+0000] {dag.py:4180} INFO - Setting next_dagrun for ingest_avito_to_raw to 2026-07-01 18:00:00+00:00, run_after=2026-07-01 19:00:00+00:00
[2026-07-01T18:23:20.127+0000] {processor.py:208} INFO - Processing /opt/airflow/dags/ingest_avito_to_raw.py took 0.047 seconds
[2026-07-01T18:30:27.179+0000] {processor.py:186} INFO - Started process (PID=30105) to work on /opt/airflow/dags/ingest_avito_to_raw.py
[2026-07-01T18:30:27.180+0000] {processor.py:914} INFO - Processing file /opt/airflow/dags/ingest_avito_to_raw.py for tasks to queue
[2026-07-01T18:30:27.181+0000] {logging_mixin.py:190} INFO - [2026-07-01T18:30:27.181+0000] {dagbag.py:588} INFO - Filling up the DagBag from /opt/airflow/dags/ingest_avito_to_raw.py
[2026-07-01T18:30:27.187+0000] {processor.py:925} INFO - DAG(s) 'ingest_avito_to_raw' retrieved from /opt/airflow/dags/ingest_avito_to_raw.py
[2026-07-01T18:30:27.209+0000] {logging_mixin.py:190} INFO - [2026-07-01T18:30:27.209+0000] {dag.py:3239} INFO - Sync 1 DAGs
[2026-07-01T18:30:27.221+0000] {logging_mixin.py:190} INFO - [2026-07-01T18:30:27.221+0000] {dag.py:4180} INFO - Setting next_dagrun for ingest_avito_to_raw to 2026-07-01 18:00:00+00:00, run_after=2026-07-01 19:00:00+00:00
[2026-07-01T18:30:27.311+0000] {processor.py:208} INFO - Processing /opt/airflow/dags/ingest_avito_to_raw.py took 0.137 seconds
[2026-07-01T18:30:57.513+0000] {processor.py:186} INFO - Started process (PID=30115) to work on /opt/airflow/dags/ingest_avito_to_raw.py
[2026-07-01T18:30:57.514+0000] {processor.py:914} INFO - Processing file /opt/airflow/dags/ingest_avito_to_raw.py for tasks to queue
[2026-07-01T18:30:57.515+0000] {logging_mixin.py:190} INFO - [2026-07-01T18:30:57.515+0000] {dagbag.py:588} INFO - Filling up the DagBag from /opt/airflow/dags/ingest_avito_to_raw.py
[2026-07-01T18:30:57.519+0000] {processor.py:925} INFO - DAG(s) 'ingest_avito_to_raw' retrieved from /opt/airflow/dags/ingest_avito_to_raw.py
[2026-07-01T18:30:57.541+0000] {logging_mixin.py:190} INFO - [2026-07-01T18:30:57.541+0000] {dag.py:3239} INFO - Sync 1 DAGs
[2026-07-01T18:30:57.657+0000] {logging_mixin.py:190} INFO - [2026-07-01T18:30:57.657+0000] {dag.py:4180} INFO - Setting next_dagrun for ingest_avito_to_raw to 2026-07-01 18:00:00+00:00, run_after=2026-07-01 19:00:00+00:00
[2026-07-01T18:30:57.664+0000] {processor.py:208} INFO - Processing /opt/airflow/dags/ingest_avito_to_raw.py took 0.156 seconds
[2026-07-01T18:31:27.948+0000] {processor.py:186} INFO - Started process (PID=30125) to work on /opt/airflow/dags/ingest_avito_to_raw.py
[2026-07-01T18:31:27.948+0000] {processor.py:914} INFO - Processing file /opt/airflow/dags/ingest_avito_to_raw.py for tasks to queue
[2026-07-01T18:31:27.949+0000] {logging_mixin.py:190} INFO - [2026-07-01T18:31:27.949+0000] {dagbag.py:588} INFO - Filling up the DagBag from /opt/airflow/dags/ingest_avito_to_raw.py
[2026-07-01T18:31:27.953+0000] {processor.py:925} INFO - DAG(s) 'ingest_avito_to_raw' retrieved from /opt/airflow/dags/ingest_avito_to_raw.py
[2026-07-01T18:31:27.971+0000] {logging_mixin.py:190} INFO - [2026-07-01T18:31:27.971+0000] {dag.py:3239} INFO - Sync 1 DAGs
[2026-07-01T18:31:27.982+0000] {logging_mixin.py:190} INFO - [2026-07-01T18:31:27.982+0000] {dag.py:4180} INFO - Setting next_dagrun for ingest_avito_to_raw to 2026-07-01 18:00:00+00:00, run_after=2026-07-01 19:00:00+00:00
[2026-07-01T18:31:27.991+0000] {processor.py:208} INFO - Processing /opt/airflow/dags/ingest_avito_to_raw.py took 0.047 seconds
[2026-07-01T18:31:58.338+0000] {processor.py:186} INFO - Started process (PID=30135) to work on /opt/airflow/dags/ingest_avito_to_raw.py
[2026-07-01T18:31:58.339+0000] {processor.py:914} INFO - Processing file /opt/airflow/dags/ingest_avito_to_raw.py for tasks to queue
[2026-07-01T18:31:58.341+0000] {logging_mixin.py:190} INFO - [2026-07-01T18:31:58.341+0000] {dagbag.py:588} INFO - Filling up the DagBag from /opt/airflow/dags/ingest_avito_to_raw.py
[2026-07-01T18:31:58.348+0000] {processor.py:925} INFO - DAG(s) 'ingest_avito_to_raw' retrieved from /opt/airflow/dags/ingest_avito_to_raw.py
[2026-07-01T18:31:58.375+0000] {logging_mixin.py:190} INFO - [2026-07-01T18:31:58.375+0000] {dag.py:3239} INFO - Sync 1 DAGs
[2026-07-01T18:31:58.391+0000] {logging_mixin.py:190} INFO - [2026-07-01T18:31:58.391+0000] {dag.py:4180} INFO - Setting next_dagrun for ingest_avito_to_raw to 2026-07-01 18:00:00+00:00, run_after=2026-07-01 19:00:00+00:00
[2026-07-01T18:31:58.401+0000] {processor.py:208} INFO - Processing /opt/airflow/dags/ingest_avito_to_raw.py took 0.074 seconds
[2026-07-01T18:32:28.682+0000] {processor.py:186} INFO - Started process (PID=30145) to work on /opt/airflow/dags/ingest_avito_to_raw.py
[2026-07-01T18:32:28.683+0000] {processor.py:914} INFO - Processing file /opt/airflow/dags/ingest_avito_to_raw.py for tasks to queue
[2026-07-01T18:32:28.684+0000] {logging_mixin.py:190} INFO - [2026-07-01T18:32:28.683+0000] {dagbag.py:588} INFO - Filling up the DagBag from /opt/airflow/dags/ingest_avito_to_raw.py
[2026-07-01T18:32:28.689+0000] {processor.py:925} INFO - DAG(s) 'ingest_avito_to_raw' retrieved from /opt/airflow/dags/ingest_avito_to_raw.py
[2026-07-01T18:32:28.708+0000] {logging_mixin.py:190} INFO - [2026-07-01T18:32:28.708+0000] {dag.py:3239} INFO - Sync 1 DAGs
[2026-07-01T18:32:28.719+0000] {logging_mixin.py:190} INFO - [2026-07-01T18:32:28.718+0000] {dag.py:4180} INFO - Setting next_dagrun for ingest_avito_to_raw to 2026-07-01 18:00:00+00:00, run_after=2026-07-01 19:00:00+00:00
[2026-07-01T18:32:28.729+0000] {processor.py:208} INFO - Processing /opt/airflow/dags/ingest_avito_to_raw.py took 0.052 seconds
[2026-07-01T18:32:59.035+0000] {processor.py:186} INFO - Started process (PID=30155) to work on /opt/airflow/dags/ingest_avito_to_raw.py
[2026-07-01T18:32:59.035+0000] {processor.py:914} INFO - Processing file /opt/airflow/dags/ingest_avito_to_raw.py for tasks to queue
[2026-07-01T18:32:59.036+0000] {logging_mixin.py:190} INFO - [2026-07-01T18:32:59.036+0000] {dagbag.py:588} INFO - Filling up the DagBag from /opt/airflow/dags/ingest_avito_to_raw.py
[2026-07-01T18:32:59.042+0000] {processor.py:925} INFO - DAG(s) 'ingest_avito_to_raw' retrieved from /opt/airflow/dags/ingest_avito_to_raw.py
[2026-07-01T18:32:59.064+0000] {logging_mixin.py:190} INFO - [2026-07-01T18:32:59.063+0000] {dag.py:3239} INFO - Sync 1 DAGs
[2026-07-01T18:32:59.074+0000] {logging_mixin.py:190} INFO - [2026-07-01T18:32:59.074+0000] {dag.py:4180} INFO - Setting next_dagrun for ingest_avito_to_raw to 2026-07-01 18:00:00+00:00, run_after=2026-07-01 19:00:00+00:00
[2026-07-01T18:32:59.082+0000] {processor.py:208} INFO - Processing /opt/airflow/dags/ingest_avito_to_raw.py took 0.055 seconds
[2026-07-01T18:33:29.376+0000] {processor.py:186} INFO - Started process (PID=30165) to work on /opt/airflow/dags/ingest_avito_to_raw.py
[2026-07-01T18:33:29.376+0000] {processor.py:914} INFO - Processing file /opt/airflow/dags/ingest_avito_to_raw.py for tasks to queue
[2026-07-01T18:33:29.377+0000] {logging_mixin.py:190} INFO - [2026-07-01T18:33:29.377+0000] {dagbag.py:588} INFO - Filling up the DagBag from /opt/airflow/dags/ingest_avito_to_raw.py
[2026-07-01T18:33:29.382+0000] {processor.py:925} INFO - DAG(s) 'ingest_avito_to_raw' retrieved from /opt/airflow/dags/ingest_avito_to_raw.py
[2026-07-01T18:33:29.402+0000] {logging_mixin.py:190} INFO - [2026-07-01T18:33:29.401+0000] {dag.py:3239} INFO - Sync 1 DAGs
[2026-07-01T18:33:29.412+0000] {logging_mixin.py:190} INFO - [2026-07-01T18:33:29.412+0000] {dag.py:4180} INFO - Setting next_dagrun for ingest_avito_to_raw to 2026-07-01 18:00:00+00:00, run_after=2026-07-01 19:00:00+00:00
[2026-07-01T18:33:29.538+0000] {processor.py:208} INFO - Processing /opt/airflow/dags/ingest_avito_to_raw.py took 0.168 seconds
[2026-07-01T18:33:59.751+0000] {processor.py:186} INFO - Started process (PID=30175) to work on /opt/airflow/dags/ingest_avito_to_raw.py
[2026-07-01T18:33:59.752+0000] {processor.py:914} INFO - Processing file /opt/airflow/dags/ingest_avito_to_raw.py for tasks to queue
[2026-07-01T18:33:59.753+0000] {logging_mixin.py:190} INFO - [2026-07-01T18:33:59.752+0000] {dagbag.py:588} INFO - Filling up the DagBag from /opt/airflow/dags/ingest_avito_to_raw.py
[2026-07-01T18:33:59.757+0000] {processor.py:925} INFO - DAG(s) 'ingest_avito_to_raw' retrieved from /opt/airflow/dags/ingest_avito_to_raw.py
[2026-07-01T18:33:59.776+0000] {logging_mixin.py:190} INFO - [2026-07-01T18:33:59.776+0000] {dag.py:3239} INFO - Sync 1 DAGs
[2026-07-01T18:33:59.859+0000] {logging_mixin.py:190} INFO - [2026-07-01T18:33:59.859+0000] {dag.py:4180} INFO - Setting next_dagrun for ingest_avito_to_raw to 2026-07-01 18:00:00+00:00, run_after=2026-07-01 19:00:00+00:00
[2026-07-01T18:33:59.866+0000] {processor.py:208} INFO - Processing /opt/airflow/dags/ingest_avito_to_raw.py took 0.120 seconds
[2026-07-01T18:34:30.161+0000] {processor.py:186} INFO - Started process (PID=30185) to work on /opt/airflow/dags/ingest_avito_to_raw.py
[2026-07-01T18:34:30.162+0000] {processor.py:914} INFO - Processing file /opt/airflow/dags/ingest_avito_to_raw.py for tasks to queue
[2026-07-01T18:34:30.162+0000] {logging_mixin.py:190} INFO - [2026-07-01T18:34:30.162+0000] {dagbag.py:588} INFO - Filling up the DagBag from /opt/airflow/dags/ingest_avito_to_raw.py
[2026-07-01T18:34:30.166+0000] {processor.py:925} INFO - DAG(s) 'ingest_avito_to_raw' retrieved from /opt/airflow/dags/ingest_avito_to_raw.py
[2026-07-01T18:34:30.182+0000] {logging_mixin.py:190} INFO - [2026-07-01T18:34:30.182+0000] {dag.py:3239} INFO - Sync 1 DAGs
[2026-07-01T18:34:30.191+0000] {logging_mixin.py:190} INFO - [2026-07-01T18:34:30.191+0000] {dag.py:4180} INFO - Setting next_dagrun for ingest_avito_to_raw to 2026-07-01 18:00:00+00:00, run_after=2026-07-01 19:00:00+00:00
[2026-07-01T18:34:30.199+0000] {processor.py:208} INFO - Processing /opt/airflow/dags/ingest_avito_to_raw.py took 0.043 seconds
[2026-07-01T18:35:00.568+0000] {processor.py:186} INFO - Started process (PID=30195) to work on /opt/airflow/dags/ingest_avito_to_raw.py
[2026-07-01T18:35:00.569+0000] {processor.py:914} INFO - Processing file /opt/airflow/dags/ingest_avito_to_raw.py for tasks to queue
[2026-07-01T18:35:00.569+0000] {logging_mixin.py:190} INFO - [2026-07-01T18:35:00.569+0000] {dagbag.py:588} INFO - Filling up the DagBag from /opt/airflow/dags/ingest_avito_to_raw.py
[2026-07-01T18:35:00.574+0000] {processor.py:925} INFO - DAG(s) 'ingest_avito_to_raw' retrieved from /opt/airflow/dags/ingest_avito_to_raw.py
[2026-07-01T18:35:00.592+0000] {logging_mixin.py:190} INFO - [2026-07-01T18:35:00.592+0000] {dag.py:3239} INFO - Sync 1 DAGs
[2026-07-01T18:35:00.601+0000] {logging_mixin.py:190} INFO - [2026-07-01T18:35:00.601+0000] {dag.py:4180} INFO - Setting next_dagrun for ingest_avito_to_raw to 2026-07-01 18:00:00+00:00, run_after=2026-07-01 19:00:00+00:00
[2026-07-01T18:35:00.610+0000] {processor.py:208} INFO - Processing /opt/airflow/dags/ingest_avito_to_raw.py took 0.047 seconds
[2026-07-01T18:35:30.927+0000] {processor.py:186} INFO - Started process (PID=30205) to work on /opt/airflow/dags/ingest_avito_to_raw.py
[2026-07-01T18:35:30.929+0000] {processor.py:914} INFO - Processing file /opt/airflow/dags/ingest_avito_to_raw.py for tasks to queue
[2026-07-01T18:35:30.931+0000] {logging_mixin.py:190} INFO - [2026-07-01T18:35:30.930+0000] {dagbag.py:588} INFO - Filling up the DagBag from /opt/airflow/dags/ingest_avito_to_raw.py
[2026-07-01T18:35:30.936+0000] {processor.py:925} INFO - DAG(s) 'ingest_avito_to_raw' retrieved from /opt/airflow/dags/ingest_avito_to_raw.py
[2026-07-01T18:35:30.955+0000] {logging_mixin.py:190} INFO - [2026-07-01T18:35:30.955+0000] {dag.py:3239} INFO - Sync 1 DAGs
[2026-07-01T18:35:30.965+0000] {logging_mixin.py:190} INFO - [2026-07-01T18:35:30.965+0000] {dag.py:4180} INFO - Setting next_dagrun for ingest_avito_to_raw to 2026-07-01 18:00:00+00:00, run_after=2026-07-01 19:00:00+00:00
[2026-07-01T18:35:30.972+0000] {processor.py:208} INFO - Processing /opt/airflow/dags/ingest_avito_to_raw.py took 0.049 seconds
[2026-07-01T18:36:01.349+0000] {processor.py:186} INFO - Started process (PID=30215) to work on /opt/airflow/dags/ingest_avito_to_raw.py
[2026-07-01T18:36:01.350+0000] {processor.py:914} INFO - Processing file /opt/airflow/dags/ingest_avito_to_raw.py for tasks to queue
[2026-07-01T18:36:01.350+0000] {logging_mixin.py:190} INFO - [2026-07-01T18:36:01.350+0000] {dagbag.py:588} INFO - Filling up the DagBag from /opt/airflow/dags/ingest_avito_to_raw.py
[2026-07-01T18:36:01.359+0000] {processor.py:925} INFO - DAG(s) 'ingest_avito_to_raw' retrieved from /opt/airflow/dags/ingest_avito_to_raw.py
[2026-07-01T18:36:01.375+0000] {logging_mixin.py:190} INFO - [2026-07-01T18:36:01.375+0000] {dag.py:3239} INFO - Sync 1 DAGs
[2026-07-01T18:36:01.384+0000] {logging_mixin.py:190} INFO - [2026-07-01T18:36:01.384+0000] {dag.py:4180} INFO - Setting next_dagrun for ingest_avito_to_raw to 2026-07-01 18:00:00+00:00, run_after=2026-07-01 19:00:00+00:00
[2026-07-01T18:36:01.462+0000] {processor.py:208} INFO - Processing /opt/airflow/dags/ingest_avito_to_raw.py took 0.118 seconds
[2026-07-01T18:36:31.727+0000] {processor.py:186} INFO - Started process (PID=30225) to work on /opt/airflow/dags/ingest_avito_to_raw.py
[2026-07-01T18:36:31.728+0000] {processor.py:914} INFO - Processing file /opt/airflow/dags/ingest_avito_to_raw.py for tasks to queue
[2026-07-01T18:36:31.729+0000] {logging_mixin.py:190} INFO - [2026-07-01T18:36:31.728+0000] {dagbag.py:588} INFO - Filling up the DagBag from /opt/airflow/dags/ingest_avito_to_raw.py
[2026-07-01T18:36:31.732+0000] {processor.py:925} INFO - DAG(s) 'ingest_avito_to_raw' retrieved from /opt/airflow/dags/ingest_avito_to_raw.py
[2026-07-01T18:36:31.750+0000] {logging_mixin.py:190} INFO - [2026-07-01T18:36:31.750+0000] {dag.py:3239} INFO - Sync 1 DAGs
[2026-07-01T18:36:31.831+0000] {logging_mixin.py:190} INFO - [2026-07-01T18:36:31.831+0000] {dag.py:4180} INFO - Setting next_dagrun for ingest_avito_to_raw to 2026-07-01 18:00:00+00:00, run_after=2026-07-01 19:00:00+00:00
[2026-07-01T18:36:31.838+0000] {processor.py:208} INFO - Processing /opt/airflow/dags/ingest_avito_to_raw.py took 0.117 seconds
[2026-07-01T18:37:02.160+0000] {processor.py:186} INFO - Started process (PID=30235) to work on /opt/airflow/dags/ingest_avito_to_raw.py
[2026-07-01T18:37:02.161+0000] {processor.py:914} INFO - Processing file /opt/airflow/dags/ingest_avito_to_raw.py for tasks to queue
[2026-07-01T18:37:02.161+0000] {logging_mixin.py:190} INFO - [2026-07-01T18:37:02.161+0000] {dagbag.py:588} INFO - Filling up the DagBag from /opt/airflow/dags/ingest_avito_to_raw.py
[2026-07-01T18:37:02.165+0000] {processor.py:925} INFO - DAG(s) 'ingest_avito_to_raw' retrieved from /opt/airflow/dags/ingest_avito_to_raw.py
[2026-07-01T18:37:02.184+0000] {logging_mixin.py:190} INFO - [2026-07-01T18:37:02.184+0000] {dag.py:3239} INFO - Sync 1 DAGs
[2026-07-01T18:37:02.198+0000] {logging_mixin.py:190} INFO - [2026-07-01T18:37:02.198+0000] {dag.py:4180} INFO - Setting next_dagrun for ingest_avito_to_raw to 2026-07-01 18:00:00+00:00, run_after=2026-07-01 19:00:00+00:00
[2026-07-01T18:37:02.207+0000] {processor.py:208} INFO - Processing /opt/airflow/dags/ingest_avito_to_raw.py took 0.052 seconds
[2026-07-01T18:37:32.540+0000] {processor.py:186} INFO - Started process (PID=30245) to work on /opt/airflow/dags/ingest_avito_to_raw.py
[2026-07-01T18:37:32.542+0000] {processor.py:914} INFO - Processing file /opt/airflow/dags/ingest_avito_to_raw.py for tasks to queue
[2026-07-01T18:37:32.543+0000] {logging_mixin.py:190} INFO - [2026-07-01T18:37:32.542+0000] {dagbag.py:588} INFO - Filling up the DagBag from /opt/airflow/dags/ingest_avito_to_raw.py
[2026-07-01T18:37:32.549+0000] {processor.py:925} INFO - DAG(s) 'ingest_avito_to_raw' retrieved from /opt/airflow/dags/ingest_avito_to_raw.py
[2026-07-01T18:37:32.570+0000] {logging_mixin.py:190} INFO - [2026-07-01T18:37:32.570+0000] {dag.py:3239} INFO - Sync 1 DAGs
[2026-07-01T18:37:32.582+0000] {logging_mixin.py:190} INFO - [2026-07-01T18:37:32.582+0000] {dag.py:4180} INFO - Setting next_dagrun for ingest_avito_to_raw to 2026-07-01 18:00:00+00:00, run_after=2026-07-01 19:00:00+00:00
[2026-07-01T18:37:32.592+0000] {processor.py:208} INFO - Processing /opt/airflow/dags/ingest_avito_to_raw.py took 0.061 seconds
[2026-07-01T18:38:02.940+0000] {processor.py:186} INFO - Started process (PID=30255) to work on /opt/airflow/dags/ingest_avito_to_raw.py
[2026-07-01T18:38:02.941+0000] {processor.py:914} INFO - Processing file /opt/airflow/dags/ingest_avito_to_raw.py for tasks to queue
[2026-07-01T18:38:02.941+0000] {logging_mixin.py:190} INFO - [2026-07-01T18:38:02.941+0000] {dagbag.py:588} INFO - Filling up the DagBag from /opt/airflow/dags/ingest_avito_to_raw.py
[2026-07-01T18:38:02.948+0000] {processor.py:925} INFO - DAG(s) 'ingest_avito_to_raw' retrieved from /opt/airflow/dags/ingest_avito_to_raw.py
[2026-07-01T18:38:02.970+0000] {logging_mixin.py:190} INFO - [2026-07-01T18:38:02.970+0000] {dag.py:3239} INFO - Sync 1 DAGs
[2026-07-01T18:38:02.983+0000] {logging_mixin.py:190} INFO - [2026-07-01T18:38:02.983+0000] {dag.py:4180} INFO - Setting next_dagrun for ingest_avito_to_raw to 2026-07-01 18:00:00+00:00, run_after=2026-07-01 19:00:00+00:00
[2026-07-01T18:38:02.993+0000] {processor.py:208} INFO - Processing /opt/airflow/dags/ingest_avito_to_raw.py took 0.058 seconds
[2026-07-01T18:38:33.368+0000] {processor.py:186} INFO - Started process (PID=30265) to work on /opt/airflow/dags/ingest_avito_to_raw.py
[2026-07-01T18:38:33.369+0000] {processor.py:914} INFO - Processing file /opt/airflow/dags/ingest_avito_to_raw.py for tasks to queue
[2026-07-01T18:38:33.370+0000] {logging_mixin.py:190} INFO - [2026-07-01T18:38:33.370+0000] {dagbag.py:588} INFO - Filling up the DagBag from /opt/airflow/dags/ingest_avito_to_raw.py
[2026-07-01T18:38:33.375+0000] {processor.py:925} INFO - DAG(s) 'ingest_avito_to_raw' retrieved from /opt/airflow/dags/ingest_avito_to_raw.py
[2026-07-01T18:38:33.395+0000] {logging_mixin.py:190} INFO - [2026-07-01T18:38:33.394+0000] {dag.py:3239} INFO - Sync 1 DAGs
[2026-07-01T18:38:33.407+0000] {logging_mixin.py:190} INFO - [2026-07-01T18:38:33.407+0000] {dag.py:4180} INFO - Setting next_dagrun for ingest_avito_to_raw to 2026-07-01 18:00:00+00:00, run_after=2026-07-01 19:00:00+00:00
[2026-07-01T18:38:33.413+0000] {processor.py:208} INFO - Processing /opt/airflow/dags/ingest_avito_to_raw.py took 0.050 seconds
[2026-07-01T18:39:03.805+0000] {processor.py:186} INFO - Started process (PID=30275) to work on /opt/airflow/dags/ingest_avito_to_raw.py
[2026-07-01T18:39:03.806+0000] {processor.py:914} INFO - Processing file /opt/airflow/dags/ingest_avito_to_raw.py for tasks to queue
[2026-07-01T18:39:03.807+0000] {logging_mixin.py:190} INFO - [2026-07-01T18:39:03.807+0000] {dagbag.py:588} INFO - Filling up the DagBag from /opt/airflow/dags/ingest_avito_to_raw.py
[2026-07-01T18:39:03.811+0000] {processor.py:925} INFO - DAG(s) 'ingest_avito_to_raw' retrieved from /opt/airflow/dags/ingest_avito_to_raw.py
[2026-07-01T18:39:03.828+0000] {logging_mixin.py:190} INFO - [2026-07-01T18:39:03.827+0000] {dag.py:3239} INFO - Sync 1 DAGs
[2026-07-01T18:39:03.928+0000] {logging_mixin.py:190} INFO - [2026-07-01T18:39:03.927+0000] {dag.py:4180} INFO - Setting next_dagrun for ingest_avito_to_raw to 2026-07-01 18:00:00+00:00, run_after=2026-07-01 19:00:00+00:00
[2026-07-01T18:39:03.934+0000] {processor.py:208} INFO - Processing /opt/airflow/dags/ingest_avito_to_raw.py took 0.134 seconds
[2026-07-01T18:39:34.293+0000] {processor.py:186} INFO - Started process (PID=30285) to work on /opt/airflow/dags/ingest_avito_to_raw.py
[2026-07-01T18:39:34.293+0000] {processor.py:914} INFO - Processing file /opt/airflow/dags/ingest_avito_to_raw.py for tasks to queue
[2026-07-01T18:39:34.294+0000] {logging_mixin.py:190} INFO - [2026-07-01T18:39:34.294+0000] {dagbag.py:588} INFO - Filling up the DagBag from /opt/airflow/dags/ingest_avito_to_raw.py
[2026-07-01T18:39:34.298+0000] {processor.py:925} INFO - DAG(s) 'ingest_avito_to_raw' retrieved from /opt/airflow/dags/ingest_avito_to_raw.py
[2026-07-01T18:39:34.317+0000] {logging_mixin.py:190} INFO - [2026-07-01T18:39:34.317+0000] {dag.py:3239} INFO - Sync 1 DAGs
[2026-07-01T18:39:34.401+0000] {logging_mixin.py:190} INFO - [2026-07-01T18:39:34.401+0000] {dag.py:4180} INFO - Setting next_dagrun for ingest_avito_to_raw to 2026-07-01 18:00:00+00:00, run_after=2026-07-01 19:00:00+00:00
[2026-07-01T18:39:34.408+0000] {processor.py:208} INFO - Processing /opt/airflow/dags/ingest_avito_to_raw.py took 0.120 seconds
[2026-07-01T18:40:04.783+0000] {processor.py:186} INFO - Started process (PID=30295) to work on /opt/airflow/dags/ingest_avito_to_raw.py
[2026-07-01T18:40:04.783+0000] {processor.py:914} INFO - Processing file /opt/airflow/dags/ingest_avito_to_raw.py for tasks to queue
[2026-07-01T18:40:04.784+0000] {logging_mixin.py:190} INFO - [2026-07-01T18:40:04.784+0000] {dagbag.py:588} INFO - Filling up the DagBag from /opt/airflow/dags/ingest_avito_to_raw.py
[2026-07-01T18:40:04.788+0000] {processor.py:925} INFO - DAG(s) 'ingest_avito_to_raw' retrieved from /opt/airflow/dags/ingest_avito_to_raw.py
[2026-07-01T18:40:04.804+0000] {logging_mixin.py:190} INFO - [2026-07-01T18:40:04.804+0000] {dag.py:3239} INFO - Sync 1 DAGs
[2026-07-01T18:40:04.814+0000] {logging_mixin.py:190} INFO - [2026-07-01T18:40:04.814+0000] {dag.py:4180} INFO - Setting next_dagrun for ingest_avito_to_raw to 2026-07-01 18:00:00+00:00, run_after=2026-07-01 19:00:00+00:00
[2026-07-01T18:40:04.823+0000] {processor.py:208} INFO - Processing /opt/airflow/dags/ingest_avito_to_raw.py took 0.045 seconds
[2026-07-01T18:40:35.083+0000] {processor.py:186} INFO - Started process (PID=30305) to work on /opt/airflow/dags/ingest_avito_to_raw.py
[2026-07-01T18:40:35.083+0000] {processor.py:914} INFO - Processing file /opt/airflow/dags/ingest_avito_to_raw.py for tasks to queue
[2026-07-01T18:40:35.084+0000] {logging_mixin.py:190} INFO - [2026-07-01T18:40:35.084+0000] {dagbag.py:588} INFO - Filling up the DagBag from /opt/airflow/dags/ingest_avito_to_raw.py
[2026-07-01T18:40:35.088+0000] {processor.py:925} INFO - DAG(s) 'ingest_avito_to_raw' retrieved from /opt/airflow/dags/ingest_avito_to_raw.py
[2026-07-01T18:40:35.106+0000] {logging_mixin.py:190} INFO - [2026-07-01T18:40:35.106+0000] {dag.py:3239} INFO - Sync 1 DAGs
[2026-07-01T18:40:35.114+0000] {logging_mixin.py:190} INFO - [2026-07-01T18:40:35.114+0000] {dag.py:4180} INFO - Setting next_dagrun for ingest_avito_to_raw to 2026-07-01 18:00:00+00:00, run_after=2026-07-01 19:00:00+00:00
[2026-07-01T18:40:35.122+0000] {processor.py:208} INFO - Processing /opt/airflow/dags/ingest_avito_to_raw.py took 0.043 seconds
[2026-07-01T18:41:05.434+0000] {processor.py:186} INFO - Started process (PID=30315) to work on /opt/airflow/dags/ingest_avito_to_raw.py
[2026-07-01T18:41:05.435+0000] {processor.py:914} INFO - Processing file /opt/airflow/dags/ingest_avito_to_raw.py for tasks to queue
[2026-07-01T18:41:05.436+0000] {logging_mixin.py:190} INFO - [2026-07-01T18:41:05.435+0000] {dagbag.py:588} INFO - Filling up the DagBag from /opt/airflow/dags/ingest_avito_to_raw.py
[2026-07-01T18:41:05.440+0000] {processor.py:925} INFO - DAG(s) 'ingest_avito_to_raw' retrieved from /opt/airflow/dags/ingest_avito_to_raw.py
[2026-07-01T18:41:05.457+0000] {logging_mixin.py:190} INFO - [2026-07-01T18:41:05.457+0000] {dag.py:3239} INFO - Sync 1 DAGs
[2026-07-01T18:41:05.467+0000] {logging_mixin.py:190} INFO - [2026-07-01T18:41:05.467+0000] {dag.py:4180} INFO - Setting next_dagrun for ingest_avito_to_raw to 2026-07-01 18:00:00+00:00, run_after=2026-07-01 19:00:00+00:00
[2026-07-01T18:41:05.476+0000] {processor.py:208} INFO - Processing /opt/airflow/dags/ingest_avito_to_raw.py took 0.046 seconds
[2026-07-01T18:41:35.815+0000] {processor.py:186} INFO - Started process (PID=30325) to work on /opt/airflow/dags/ingest_avito_to_raw.py
[2026-07-01T18:41:35.815+0000] {processor.py:914} INFO - Processing file /opt/airflow/dags/ingest_avito_to_raw.py for tasks to queue
[2026-07-01T18:41:35.816+0000] {logging_mixin.py:190} INFO - [2026-07-01T18:41:35.816+0000] {dagbag.py:588} INFO - Filling up the DagBag from /opt/airflow/dags/ingest_avito_to_raw.py
[2026-07-01T18:41:35.820+0000] {processor.py:925} INFO - DAG(s) 'ingest_avito_to_raw' retrieved from /opt/airflow/dags/ingest_avito_to_raw.py
[2026-07-01T18:41:35.836+0000] {logging_mixin.py:190} INFO - [2026-07-01T18:41:35.836+0000] {dag.py:3239} INFO - Sync 1 DAGs
[2026-07-01T18:41:35.846+0000] {logging_mixin.py:190} INFO - [2026-07-01T18:41:35.845+0000] {dag.py:4180} INFO - Setting next_dagrun for ingest_avito_to_raw to 2026-07-01 18:00:00+00:00, run_after=2026-07-01 19:00:00+00:00
[2026-07-01T18:41:35.925+0000] {processor.py:208} INFO - Processing /opt/airflow/dags/ingest_avito_to_raw.py took 0.115 seconds
[2026-07-01T18:42:06.162+0000] {processor.py:186} INFO - Started process (PID=30335) to work on /opt/airflow/dags/ingest_avito_to_raw.py
[2026-07-01T18:42:06.162+0000] {processor.py:914} INFO - Processing file /opt/airflow/dags/ingest_avito_to_raw.py for tasks to queue
[2026-07-01T18:42:06.163+0000] {logging_mixin.py:190} INFO - [2026-07-01T18:42:06.163+0000] {dagbag.py:588} INFO - Filling up the DagBag from /opt/airflow/dags/ingest_avito_to_raw.py
[2026-07-01T18:42:06.167+0000] {processor.py:925} INFO - DAG(s) 'ingest_avito_to_raw' retrieved from /opt/airflow/dags/ingest_avito_to_raw.py
[2026-07-01T18:42:06.184+0000] {logging_mixin.py:190} INFO - [2026-07-01T18:42:06.184+0000] {dag.py:3239} INFO - Sync 1 DAGs
[2026-07-01T18:42:06.267+0000] {logging_mixin.py:190} INFO - [2026-07-01T18:42:06.267+0000] {dag.py:4180} INFO - Setting next_dagrun for ingest_avito_to_raw to 2026-07-01 18:00:00+00:00, run_after=2026-07-01 19:00:00+00:00
[2026-07-01T18:42:06.274+0000] {processor.py:208} INFO - Processing /opt/airflow/dags/ingest_avito_to_raw.py took 0.116 seconds
[2026-07-01T18:42:36.571+0000] {processor.py:186} INFO - Started process (PID=30345) to work on /opt/airflow/dags/ingest_avito_to_raw.py
[2026-07-01T18:42:36.572+0000] {processor.py:914} INFO - Processing file /opt/airflow/dags/ingest_avito_to_raw.py for tasks to queue
[2026-07-01T18:42:36.572+0000] {logging_mixin.py:190} INFO - [2026-07-01T18:42:36.572+0000] {dagbag.py:588} INFO - Filling up the DagBag from /opt/airflow/dags/ingest_avito_to_raw.py
[2026-07-01T18:42:36.577+0000] {processor.py:925} INFO - DAG(s) 'ingest_avito_to_raw' retrieved from /opt/airflow/dags/ingest_avito_to_raw.py
[2026-07-01T18:42:36.593+0000] {logging_mixin.py:190} INFO - [2026-07-01T18:42:36.593+0000] {dag.py:3239} INFO - Sync 1 DAGs
[2026-07-01T18:42:36.603+0000] {logging_mixin.py:190} INFO - [2026-07-01T18:42:36.603+0000] {dag.py:4180} INFO - Setting next_dagrun for ingest_avito_to_raw to 2026-07-01 18:00:00+00:00, run_after=2026-07-01 19:00:00+00:00
[2026-07-01T18:42:36.612+0000] {processor.py:208} INFO - Processing /opt/airflow/dags/ingest_avito_to_raw.py took 0.046 seconds
[2026-07-01T18:43:06.957+0000] {processor.py:186} INFO - Started process (PID=30355) to work on /opt/airflow/dags/ingest_avito_to_raw.py
[2026-07-01T18:43:06.958+0000] {processor.py:914} INFO - Processing file /opt/airflow/dags/ingest_avito_to_raw.py for tasks to queue
[2026-07-01T18:43:06.959+0000] {logging_mixin.py:190} INFO - [2026-07-01T18:43:06.959+0000] {dagbag.py:588} INFO - Filling up the DagBag from /opt/airflow/dags/ingest_avito_to_raw.py
[2026-07-01T18:43:06.971+0000] {processor.py:925} INFO - DAG(s) 'ingest_avito_to_raw' retrieved from /opt/airflow/dags/ingest_avito_to_raw.py
[2026-07-01T18:43:06.998+0000] {logging_mixin.py:190} INFO - [2026-07-01T18:43:06.998+0000] {dag.py:3239} INFO - Sync 1 DAGs
[2026-07-01T18:43:07.012+0000] {logging_mixin.py:190} INFO - [2026-07-01T18:43:07.012+0000] {dag.py:4180} INFO - Setting next_dagrun for ingest_avito_to_raw to 2026-07-01 18:00:00+00:00, run_after=2026-07-01 19:00:00+00:00
[2026-07-01T18:43:07.023+0000] {processor.py:208} INFO - Processing /opt/airflow/dags/ingest_avito_to_raw.py took 0.076 seconds
[2026-07-01T18:43:37.275+0000] {processor.py:186} INFO - Started process (PID=30365) to work on /opt/airflow/dags/ingest_avito_to_raw.py
[2026-07-01T18:43:37.275+0000] {processor.py:914} INFO - Processing file /opt/airflow/dags/ingest_avito_to_raw.py for tasks to queue
[2026-07-01T18:43:37.276+0000] {logging_mixin.py:190} INFO - [2026-07-01T18:43:37.276+0000] {dagbag.py:588} INFO - Filling up the DagBag from /opt/airflow/dags/ingest_avito_to_raw.py
[2026-07-01T18:43:37.281+0000] {processor.py:925} INFO - DAG(s) 'ingest_avito_to_raw' retrieved from /opt/airflow/dags/ingest_avito_to_raw.py
[2026-07-01T18:43:37.297+0000] {logging_mixin.py:190} INFO - [2026-07-01T18:43:37.297+0000] {dag.py:3239} INFO - Sync 1 DAGs
[2026-07-01T18:43:37.307+0000] {logging_mixin.py:190} INFO - [2026-07-01T18:43:37.307+0000] {dag.py:4180} INFO - Setting next_dagrun for ingest_avito_to_raw to 2026-07-01 18:00:00+00:00, run_after=2026-07-01 19:00:00+00:00
[2026-07-01T18:43:37.315+0000] {processor.py:208} INFO - Processing /opt/airflow/dags/ingest_avito_to_raw.py took 0.046 seconds
[2026-07-01T18:44:07.672+0000] {processor.py:186} INFO - Started process (PID=30375) to work on /opt/airflow/dags/ingest_avito_to_raw.py
[2026-07-01T18:44:07.674+0000] {processor.py:914} INFO - Processing file /opt/airflow/dags/ingest_avito_to_raw.py for tasks to queue
[2026-07-01T18:44:07.675+0000] {logging_mixin.py:190} INFO - [2026-07-01T18:44:07.675+0000] {dagbag.py:588} INFO - Filling up the DagBag from /opt/airflow/dags/ingest_avito_to_raw.py
[2026-07-01T18:44:07.683+0000] {processor.py:925} INFO - DAG(s) 'ingest_avito_to_raw' retrieved from /opt/airflow/dags/ingest_avito_to_raw.py
[2026-07-01T18:44:07.707+0000] {logging_mixin.py:190} INFO - [2026-07-01T18:44:07.707+0000] {dag.py:3239} INFO - Sync 1 DAGs
[2026-07-01T18:44:07.721+0000] {logging_mixin.py:190} INFO - [2026-07-01T18:44:07.721+0000] {dag.py:4180} INFO - Setting next_dagrun for ingest_avito_to_raw to 2026-07-01 18:00:00+00:00, run_after=2026-07-01 19:00:00+00:00
[2026-07-01T18:44:07.733+0000] {processor.py:208} INFO - Processing /opt/airflow/dags/ingest_avito_to_raw.py took 0.069 seconds
[2026-07-01T18:44:38.003+0000] {processor.py:186} INFO - Started process (PID=30385) to work on /opt/airflow/dags/ingest_avito_to_raw.py
[2026-07-01T18:44:38.004+0000] {processor.py:914} INFO - Processing file /opt/airflow/dags/ingest_avito_to_raw.py for tasks to queue
[2026-07-01T18:44:38.005+0000] {logging_mixin.py:190} INFO - [2026-07-01T18:44:38.005+0000] {dagbag.py:588} INFO - Filling up the DagBag from /opt/airflow/dags/ingest_avito_to_raw.py
[2026-07-01T18:44:38.009+0000] {processor.py:925} INFO - DAG(s) 'ingest_avito_to_raw' retrieved from /opt/airflow/dags/ingest_avito_to_raw.py
[2026-07-01T18:44:38.028+0000] {logging_mixin.py:190} INFO - [2026-07-01T18:44:38.028+0000] {dag.py:3239} INFO - Sync 1 DAGs
[2026-07-01T18:44:38.143+0000] {logging_mixin.py:190} INFO - [2026-07-01T18:44:38.143+0000] {dag.py:4180} INFO - Setting next_dagrun for ingest_avito_to_raw to 2026-07-01 18:00:00+00:00, run_after=2026-07-01 19:00:00+00:00
[2026-07-01T18:44:38.151+0000] {processor.py:208} INFO - Processing /opt/airflow/dags/ingest_avito_to_raw.py took 0.152 seconds
[2026-07-01T18:45:08.477+0000] {processor.py:186} INFO - Started process (PID=30395) to work on /opt/airflow/dags/ingest_avito_to_raw.py
[2026-07-01T18:45:08.478+0000] {processor.py:914} INFO - Processing file /opt/airflow/dags/ingest_avito_to_raw.py for tasks to queue
[2026-07-01T18:45:08.479+0000] {logging_mixin.py:190} INFO - [2026-07-01T18:45:08.479+0000] {dagbag.py:588} INFO - Filling up the DagBag from /opt/airflow/dags/ingest_avito_to_raw.py
[2026-07-01T18:45:08.482+0000] {processor.py:925} INFO - DAG(s) 'ingest_avito_to_raw' retrieved from /opt/airflow/dags/ingest_avito_to_raw.py
[2026-07-01T18:45:08.501+0000] {logging_mixin.py:190} INFO - [2026-07-01T18:45:08.501+0000] {dag.py:3239} INFO - Sync 1 DAGs
[2026-07-01T18:45:08.591+0000] {logging_mixin.py:190} INFO - [2026-07-01T18:45:08.591+0000] {dag.py:4180} INFO - Setting next_dagrun for ingest_avito_to_raw to 2026-07-01 18:00:00+00:00, run_after=2026-07-01 19:00:00+00:00
[2026-07-01T18:45:08.599+0000] {processor.py:208} INFO - Processing /opt/airflow/dags/ingest_avito_to_raw.py took 0.127 seconds
[2026-07-01T18:45:38.822+0000] {processor.py:186} INFO - Started process (PID=30405) to work on /opt/airflow/dags/ingest_avito_to_raw.py
[2026-07-01T18:45:38.823+0000] {processor.py:914} INFO - Processing file /opt/airflow/dags/ingest_avito_to_raw.py for tasks to queue
[2026-07-01T18:45:38.824+0000] {logging_mixin.py:190} INFO - [2026-07-01T18:45:38.824+0000] {dagbag.py:588} INFO - Filling up the DagBag from /opt/airflow/dags/ingest_avito_to_raw.py
[2026-07-01T18:45:38.829+0000] {processor.py:925} INFO - DAG(s) 'ingest_avito_to_raw' retrieved from /opt/airflow/dags/ingest_avito_to_raw.py
[2026-07-01T18:45:38.849+0000] {logging_mixin.py:190} INFO - [2026-07-01T18:45:38.849+0000] {dag.py:3239} INFO - Sync 1 DAGs
[2026-07-01T18:45:38.861+0000] {logging_mixin.py:190} INFO - [2026-07-01T18:45:38.861+0000] {dag.py:4180} INFO - Setting next_dagrun for ingest_avito_to_raw to 2026-07-01 18:00:00+00:00, run_after=2026-07-01 19:00:00+00:00
[2026-07-01T18:45:38.872+0000] {processor.py:208} INFO - Processing /opt/airflow/dags/ingest_avito_to_raw.py took 0.054 seconds
[2026-07-01T18:46:09.148+0000] {processor.py:186} INFO - Started process (PID=30415) to work on /opt/airflow/dags/ingest_avito_to_raw.py
[2026-07-01T18:46:09.149+0000] {processor.py:914} INFO - Processing file /opt/airflow/dags/ingest_avito_to_raw.py for tasks to queue
[2026-07-01T18:46:09.150+0000] {logging_mixin.py:190} INFO - [2026-07-01T18:46:09.150+0000] {dagbag.py:588} INFO - Filling up the DagBag from /opt/airflow/dags/ingest_avito_to_raw.py
[2026-07-01T18:46:09.156+0000] {processor.py:925} INFO - DAG(s) 'ingest_avito_to_raw' retrieved from /opt/airflow/dags/ingest_avito_to_raw.py
[2026-07-01T18:46:09.175+0000] {logging_mixin.py:190} INFO - [2026-07-01T18:46:09.175+0000] {dag.py:3239} INFO - Sync 1 DAGs
[2026-07-01T18:46:09.187+0000] {logging_mixin.py:190} INFO - [2026-07-01T18:46:09.187+0000] {dag.py:4180} INFO - Setting next_dagrun for ingest_avito_to_raw to 2026-07-01 18:00:00+00:00, run_after=2026-07-01 19:00:00+00:00
[2026-07-01T18:46:09.198+0000] {processor.py:208} INFO - Processing /opt/airflow/dags/ingest_avito_to_raw.py took 0.054 seconds
[2026-07-01T18:46:39.483+0000] {processor.py:186} INFO - Started process (PID=30425) to work on /opt/airflow/dags/ingest_avito_to_raw.py
[2026-07-01T18:46:39.483+0000] {processor.py:914} INFO - Processing file /opt/airflow/dags/ingest_avito_to_raw.py for tasks to queue
[2026-07-01T18:46:39.485+0000] {logging_mixin.py:190} INFO - [2026-07-01T18:46:39.484+0000] {dagbag.py:588} INFO - Filling up the DagBag from /opt/airflow/dags/ingest_avito_to_raw.py
[2026-07-01T18:46:39.494+0000] {processor.py:925} INFO - DAG(s) 'ingest_avito_to_raw' retrieved from /opt/airflow/dags/ingest_avito_to_raw.py
[2026-07-01T18:46:39.513+0000] {logging_mixin.py:190} INFO - [2026-07-01T18:46:39.512+0000] {dag.py:3239} INFO - Sync 1 DAGs
[2026-07-01T18:46:39.525+0000] {logging_mixin.py:190} INFO - [2026-07-01T18:46:39.525+0000] {dag.py:4180} INFO - Setting next_dagrun for ingest_avito_to_raw to 2026-07-01 18:00:00+00:00, run_after=2026-07-01 19:00:00+00:00
[2026-07-01T18:46:39.535+0000] {processor.py:208} INFO - Processing /opt/airflow/dags/ingest_avito_to_raw.py took 0.059 seconds
[2026-07-01T18:47:09.834+0000] {processor.py:186} INFO - Started process (PID=30435) to work on /opt/airflow/dags/ingest_avito_to_raw.py
[2026-07-01T18:47:09.835+0000] {processor.py:914} INFO - Processing file /opt/airflow/dags/ingest_avito_to_raw.py for tasks to queue
[2026-07-01T18:47:09.836+0000] {logging_mixin.py:190} INFO - [2026-07-01T18:47:09.836+0000] {dagbag.py:588} INFO - Filling up the DagBag from /opt/airflow/dags/ingest_avito_to_raw.py
[2026-07-01T18:47:09.841+0000] {processor.py:925} INFO - DAG(s) 'ingest_avito_to_raw' retrieved from /opt/airflow/dags/ingest_avito_to_raw.py
[2026-07-01T18:47:09.868+0000] {logging_mixin.py:190} INFO - [2026-07-01T18:47:09.868+0000] {dag.py:3239} INFO - Sync 1 DAGs
[2026-07-01T18:47:09.883+0000] {logging_mixin.py:190} INFO - [2026-07-01T18:47:09.883+0000] {dag.py:4180} INFO - Setting next_dagrun for ingest_avito_to_raw to 2026-07-01 18:00:00+00:00, run_after=2026-07-01 19:00:00+00:00
[2026-07-01T18:47:09.996+0000] {processor.py:208} INFO - Processing /opt/airflow/dags/ingest_avito_to_raw.py took 0.168 seconds
[2026-07-01T18:47:40.143+0000] {processor.py:186} INFO - Started process (PID=30445) to work on /opt/airflow/dags/ingest_avito_to_raw.py
[2026-07-01T18:47:40.144+0000] {processor.py:914} INFO - Processing file /opt/airflow/dags/ingest_avito_to_raw.py for tasks to queue
[2026-07-01T18:47:40.144+0000] {logging_mixin.py:190} INFO - [2026-07-01T18:47:40.144+0000] {dagbag.py:588} INFO - Filling up the DagBag from /opt/airflow/dags/ingest_avito_to_raw.py
[2026-07-01T18:47:40.149+0000] {processor.py:925} INFO - DAG(s) 'ingest_avito_to_raw' retrieved from /opt/airflow/dags/ingest_avito_to_raw.py
[2026-07-01T18:47:40.166+0000] {logging_mixin.py:190} INFO - [2026-07-01T18:47:40.166+0000] {dag.py:3239} INFO - Sync 1 DAGs
[2026-07-01T18:47:40.250+0000] {logging_mixin.py:190} INFO - [2026-07-01T18:47:40.250+0000] {dag.py:4180} INFO - Setting next_dagrun for ingest_avito_to_raw to 2026-07-01 18:00:00+00:00, run_after=2026-07-01 19:00:00+00:00
[2026-07-01T18:47:40.257+0000] {processor.py:208} INFO - Processing /opt/airflow/dags/ingest_avito_to_raw.py took 0.119 seconds
[2026-07-01T18:48:10.486+0000] {processor.py:186} INFO - Started process (PID=30455) to work on /opt/airflow/dags/ingest_avito_to_raw.py
[2026-07-01T18:48:10.487+0000] {processor.py:914} INFO - Processing file /opt/airflow/dags/ingest_avito_to_raw.py for tasks to queue
[2026-07-01T18:48:10.488+0000] {logging_mixin.py:190} INFO - [2026-07-01T18:48:10.488+0000] {dagbag.py:588} INFO - Filling up the DagBag from /opt/airflow/dags/ingest_avito_to_raw.py
[2026-07-01T18:48:10.492+0000] {processor.py:925} INFO - DAG(s) 'ingest_avito_to_raw' retrieved from /opt/airflow/dags/ingest_avito_to_raw.py
[2026-07-01T18:48:10.582+0000] {logging_mixin.py:190} INFO - [2026-07-01T18:48:10.582+0000] {dag.py:3239} INFO - Sync 1 DAGs
[2026-07-01T18:48:10.588+0000] {logging_mixin.py:190} INFO - [2026-07-01T18:48:10.588+0000] {dag.py:4180} INFO - Setting next_dagrun for ingest_avito_to_raw to 2026-07-01 18:00:00+00:00, run_after=2026-07-01 19:00:00+00:00
[2026-07-01T18:48:10.594+0000] {processor.py:208} INFO - Processing /opt/airflow/dags/ingest_avito_to_raw.py took 0.113 seconds
[2026-07-01T18:48:40.882+0000] {processor.py:186} INFO - Started process (PID=30465) to work on /opt/airflow/dags/ingest_avito_to_raw.py
[2026-07-01T18:48:40.883+0000] {processor.py:914} INFO - Processing file /opt/airflow/dags/ingest_avito_to_raw.py for tasks to queue
[2026-07-01T18:48:40.883+0000] {logging_mixin.py:190} INFO - [2026-07-01T18:48:40.883+0000] {dagbag.py:588} INFO - Filling up the DagBag from /opt/airflow/dags/ingest_avito_to_raw.py
[2026-07-01T18:48:40.887+0000] {processor.py:925} INFO - DAG(s) 'ingest_avito_to_raw' retrieved from /opt/airflow/dags/ingest_avito_to_raw.py
[2026-07-01T18:48:40.905+0000] {logging_mixin.py:190} INFO - [2026-07-01T18:48:40.905+0000] {dag.py:3239} INFO - Sync 1 DAGs
[2026-07-01T18:48:40.915+0000] {logging_mixin.py:190} INFO - [2026-07-01T18:48:40.915+0000] {dag.py:4180} INFO - Setting next_dagrun for ingest_avito_to_raw to 2026-07-01 18:00:00+00:00, run_after=2026-07-01 19:00:00+00:00
[2026-07-01T18:48:40.923+0000] {processor.py:208} INFO - Processing /opt/airflow/dags/ingest_avito_to_raw.py took 0.046 seconds
[2026-07-01T18:49:11.267+0000] {processor.py:186} INFO - Started process (PID=30475) to work on /opt/airflow/dags/ingest_avito_to_raw.py
[2026-07-01T18:49:11.269+0000] {processor.py:914} INFO - Processing file /opt/airflow/dags/ingest_avito_to_raw.py for tasks to queue
[2026-07-01T18:49:11.270+0000] {logging_mixin.py:190} INFO - [2026-07-01T18:49:11.269+0000] {dagbag.py:588} INFO - Filling up the DagBag from /opt/airflow/dags/ingest_avito_to_raw.py
[2026-07-01T18:49:11.278+0000] {processor.py:925} INFO - DAG(s) 'ingest_avito_to_raw' retrieved from /opt/airflow/dags/ingest_avito_to_raw.py
[2026-07-01T18:49:11.303+0000] {logging_mixin.py:190} INFO - [2026-07-01T18:49:11.303+0000] {dag.py:3239} INFO - Sync 1 DAGs
[2026-07-01T18:49:11.317+0000] {logging_mixin.py:190} INFO - [2026-07-01T18:49:11.317+0000] {dag.py:4180} INFO - Setting next_dagrun for ingest_avito_to_raw to 2026-07-01 18:00:00+00:00, run_after=2026-07-01 19:00:00+00:00
[2026-07-01T18:49:11.328+0000] {processor.py:208} INFO - Processing /opt/airflow/dags/ingest_avito_to_raw.py took 0.069 seconds
[2026-07-01T18:49:41.555+0000] {processor.py:186} INFO - Started process (PID=30485) to work on /opt/airflow/dags/ingest_avito_to_raw.py
[2026-07-01T18:49:41.555+0000] {processor.py:914} INFO - Processing file /opt/airflow/dags/ingest_avito_to_raw.py for tasks to queue
[2026-07-01T18:49:41.556+0000] {logging_mixin.py:190} INFO - [2026-07-01T18:49:41.556+0000] {dagbag.py:588} INFO - Filling up the DagBag from /opt/airflow/dags/ingest_avito_to_raw.py
[2026-07-01T18:49:41.560+0000] {processor.py:925} INFO - DAG(s) 'ingest_avito_to_raw' retrieved from /opt/airflow/dags/ingest_avito_to_raw.py
[2026-07-01T18:49:41.580+0000] {logging_mixin.py:190} INFO - [2026-07-01T18:49:41.580+0000] {dag.py:3239} INFO - Sync 1 DAGs
[2026-07-01T18:49:41.590+0000] {logging_mixin.py:190} INFO - [2026-07-01T18:49:41.590+0000] {dag.py:4180} INFO - Setting next_dagrun for ingest_avito_to_raw to 2026-07-01 18:00:00+00:00, run_after=2026-07-01 19:00:00+00:00
[2026-07-01T18:49:41.598+0000] {processor.py:208} INFO - Processing /opt/airflow/dags/ingest_avito_to_raw.py took 0.048 seconds
[2026-07-01T18:50:11.914+0000] {processor.py:186} INFO - Started process (PID=30495) to work on /opt/airflow/dags/ingest_avito_to_raw.py
[2026-07-01T18:50:11.915+0000] {processor.py:914} INFO - Processing file /opt/airflow/dags/ingest_avito_to_raw.py for tasks to queue
[2026-07-01T18:50:11.916+0000] {logging_mixin.py:190} INFO - [2026-07-01T18:50:11.915+0000] {dagbag.py:588} INFO - Filling up the DagBag from /opt/airflow/dags/ingest_avito_to_raw.py
[2026-07-01T18:50:11.919+0000] {processor.py:925} INFO - DAG(s) 'ingest_avito_to_raw' retrieved from /opt/airflow/dags/ingest_avito_to_raw.py
[2026-07-01T18:50:11.937+0000] {logging_mixin.py:190} INFO - [2026-07-01T18:50:11.937+0000] {dag.py:3239} INFO - Sync 1 DAGs
[2026-07-01T18:50:12.056+0000] {logging_mixin.py:190} INFO - [2026-07-01T18:50:12.056+0000] {dag.py:4180} INFO - Setting next_dagrun for ingest_avito_to_raw to 2026-07-01 18:00:00+00:00, run_after=2026-07-01 19:00:00+00:00
[2026-07-01T18:50:12.064+0000] {processor.py:208} INFO - Processing /opt/airflow/dags/ingest_avito_to_raw.py took 0.154 seconds
[2026-07-01T18:50:42.247+0000] {processor.py:186} INFO - Started process (PID=30505) to work on /opt/airflow/dags/ingest_avito_to_raw.py
[2026-07-01T18:50:42.248+0000] {processor.py:914} INFO - Processing file /opt/airflow/dags/ingest_avito_to_raw.py for tasks to queue
[2026-07-01T18:50:42.249+0000] {logging_mixin.py:190} INFO - [2026-07-01T18:50:42.249+0000] {dagbag.py:588} INFO - Filling up the DagBag from /opt/airflow/dags/ingest_avito_to_raw.py
[2026-07-01T18:50:42.255+0000] {processor.py:925} INFO - DAG(s) 'ingest_avito_to_raw' retrieved from /opt/airflow/dags/ingest_avito_to_raw.py
[2026-07-01T18:50:42.277+0000] {logging_mixin.py:190} INFO - [2026-07-01T18:50:42.277+0000] {dag.py:3239} INFO - Sync 1 DAGs
[2026-07-01T18:50:42.364+0000] {logging_mixin.py:190} INFO - [2026-07-01T18:50:42.364+0000] {dag.py:4180} INFO - Setting next_dagrun for ingest_avito_to_raw to 2026-07-01 18:00:00+00:00, run_after=2026-07-01 19:00:00+00:00
[2026-07-01T18:50:42.371+0000] {processor.py:208} INFO - Processing /opt/airflow/dags/ingest_avito_to_raw.py took 0.131 seconds
[2026-07-01T18:51:12.702+0000] {processor.py:186} INFO - Started process (PID=30515) to work on /opt/airflow/dags/ingest_avito_to_raw.py
[2026-07-01T18:51:12.702+0000] {processor.py:914} INFO - Processing file /opt/airflow/dags/ingest_avito_to_raw.py for tasks to queue
[2026-07-01T18:51:12.703+0000] {logging_mixin.py:190} INFO - [2026-07-01T18:51:12.703+0000] {dagbag.py:588} INFO - Filling up the DagBag from /opt/airflow/dags/ingest_avito_to_raw.py
[2026-07-01T18:51:12.707+0000] {processor.py:925} INFO - DAG(s) 'ingest_avito_to_raw' retrieved from /opt/airflow/dags/ingest_avito_to_raw.py
[2026-07-01T18:51:12.727+0000] {logging_mixin.py:190} INFO - [2026-07-01T18:51:12.727+0000] {dag.py:3239} INFO - Sync 1 DAGs
[2026-07-01T18:51:12.737+0000] {logging_mixin.py:190} INFO - [2026-07-01T18:51:12.737+0000] {dag.py:4180} INFO - Setting next_dagrun for ingest_avito_to_raw to 2026-07-01 18:00:00+00:00, run_after=2026-07-01 19:00:00+00:00
[2026-07-01T18:51:12.747+0000] {processor.py:208} INFO - Processing /opt/airflow/dags/ingest_avito_to_raw.py took 0.051 seconds
[2026-07-01T18:51:43.061+0000] {processor.py:186} INFO - Started process (PID=30525) to work on /opt/airflow/dags/ingest_avito_to_raw.py
[2026-07-01T18:51:43.062+0000] {processor.py:914} INFO - Processing file /opt/airflow/dags/ingest_avito_to_raw.py for tasks to queue
[2026-07-01T18:51:43.062+0000] {logging_mixin.py:190} INFO - [2026-07-01T18:51:43.062+0000] {dagbag.py:588} INFO - Filling up the DagBag from /opt/airflow/dags/ingest_avito_to_raw.py
[2026-07-01T18:51:43.070+0000] {processor.py:925} INFO - DAG(s) 'ingest_avito_to_raw' retrieved from /opt/airflow/dags/ingest_avito_to_raw.py
[2026-07-01T18:51:43.090+0000] {logging_mixin.py:190} INFO - [2026-07-01T18:51:43.090+0000] {dag.py:3239} INFO - Sync 1 DAGs
[2026-07-01T18:51:43.103+0000] {logging_mixin.py:190} INFO - [2026-07-01T18:51:43.102+0000] {dag.py:4180} INFO - Setting next_dagrun for ingest_avito_to_raw to 2026-07-01 18:00:00+00:00, run_after=2026-07-01 19:00:00+00:00
[2026-07-01T18:51:43.113+0000] {processor.py:208} INFO - Processing /opt/airflow/dags/ingest_avito_to_raw.py took 0.057 seconds
[2026-07-01T18:52:13.409+0000] {processor.py:186} INFO - Started process (PID=30535) to work on /opt/airflow/dags/ingest_avito_to_raw.py
[2026-07-01T18:52:13.411+0000] {processor.py:914} INFO - Processing file /opt/airflow/dags/ingest_avito_to_raw.py for tasks to queue
[2026-07-01T18:52:13.414+0000] {logging_mixin.py:190} INFO - [2026-07-01T18:52:13.413+0000] {dagbag.py:588} INFO - Filling up the DagBag from /opt/airflow/dags/ingest_avito_to_raw.py
[2026-07-01T18:52:13.433+0000] {processor.py:925} INFO - DAG(s) 'ingest_avito_to_raw' retrieved from /opt/airflow/dags/ingest_avito_to_raw.py
[2026-07-01T18:52:13.464+0000] {logging_mixin.py:190} INFO - [2026-07-01T18:52:13.464+0000] {dag.py:3239} INFO - Sync 1 DAGs
[2026-07-01T18:52:13.475+0000] {logging_mixin.py:190} INFO - [2026-07-01T18:52:13.475+0000] {dag.py:4180} INFO - Setting next_dagrun for ingest_avito_to_raw to 2026-07-01 18:00:00+00:00, run_after=2026-07-01 19:00:00+00:00
[2026-07-01T18:52:13.484+0000] {processor.py:208} INFO - Processing /opt/airflow/dags/ingest_avito_to_raw.py took 0.084 seconds
[2026-07-01T18:52:43.785+0000] {processor.py:186} INFO - Started process (PID=30545) to work on /opt/airflow/dags/ingest_avito_to_raw.py
[2026-07-01T18:52:43.787+0000] {processor.py:914} INFO - Processing file /opt/airflow/dags/ingest_avito_to_raw.py for tasks to queue
[2026-07-01T18:52:43.788+0000] {logging_mixin.py:190} INFO - [2026-07-01T18:52:43.788+0000] {dagbag.py:588} INFO - Filling up the DagBag from /opt/airflow/dags/ingest_avito_to_raw.py
[2026-07-01T18:52:43.794+0000] {processor.py:925} INFO - DAG(s) 'ingest_avito_to_raw' retrieved from /opt/airflow/dags/ingest_avito_to_raw.py
[2026-07-01T18:52:43.807+0000] {logging_mixin.py:190} INFO - [2026-07-01T18:52:43.807+0000] {dag.py:3239} INFO - Sync 1 DAGs
[2026-07-01T18:52:43.821+0000] {logging_mixin.py:190} INFO - [2026-07-01T18:52:43.821+0000] {dag.py:4180} INFO - Setting next_dagrun for ingest_avito_to_raw to 2026-07-01 18:00:00+00:00, run_after=2026-07-01 19:00:00+00:00
[2026-07-01T18:52:43.912+0000] {processor.py:208} INFO - Processing /opt/airflow/dags/ingest_avito_to_raw.py took 0.133 seconds
[2026-07-01T18:53:14.144+0000] {processor.py:186} INFO - Started process (PID=30555) to work on /opt/airflow/dags/ingest_avito_to_raw.py
[2026-07-01T18:53:14.145+0000] {processor.py:914} INFO - Processing file /opt/airflow/dags/ingest_avito_to_raw.py for tasks to queue
[2026-07-01T18:53:14.146+0000] {logging_mixin.py:190} INFO - [2026-07-01T18:53:14.146+0000] {dagbag.py:588} INFO - Filling up the DagBag from /opt/airflow/dags/ingest_avito_to_raw.py
[2026-07-01T18:53:14.150+0000] {processor.py:925} INFO - DAG(s) 'ingest_avito_to_raw' retrieved from /opt/airflow/dags/ingest_avito_to_raw.py
[2026-07-01T18:53:14.168+0000] {logging_mixin.py:190} INFO - [2026-07-01T18:53:14.168+0000] {dag.py:3239} INFO - Sync 1 DAGs
[2026-07-01T18:53:14.251+0000] {logging_mixin.py:190} INFO - [2026-07-01T18:53:14.251+0000] {dag.py:4180} INFO - Setting next_dagrun for ingest_avito_to_raw to 2026-07-01 18:00:00+00:00, run_after=2026-07-01 19:00:00+00:00
[2026-07-01T18:53:14.259+0000] {processor.py:208} INFO - Processing /opt/airflow/dags/ingest_avito_to_raw.py took 0.120 seconds
[2026-07-01T18:53:44.560+0000] {processor.py:186} INFO - Started process (PID=30565) to work on /opt/airflow/dags/ingest_avito_to_raw.py
[2026-07-01T18:53:44.561+0000] {processor.py:914} INFO - Processing file /opt/airflow/dags/ingest_avito_to_raw.py for tasks to queue
[2026-07-01T18:53:44.562+0000] {logging_mixin.py:190} INFO - [2026-07-01T18:53:44.561+0000] {dagbag.py:588} INFO - Filling up the DagBag from /opt/airflow/dags/ingest_avito_to_raw.py
[2026-07-01T18:53:44.571+0000] {processor.py:925} INFO - DAG(s) 'ingest_avito_to_raw' retrieved from /opt/airflow/dags/ingest_avito_to_raw.py
[2026-07-01T18:53:44.674+0000] {logging_mixin.py:190} INFO - [2026-07-01T18:53:44.674+0000] {dag.py:3239} INFO - Sync 1 DAGs
[2026-07-01T18:53:44.683+0000] {logging_mixin.py:190} INFO - [2026-07-01T18:53:44.683+0000] {dag.py:4180} INFO - Setting next_dagrun for ingest_avito_to_raw to 2026-07-01 18:00:00+00:00, run_after=2026-07-01 19:00:00+00:00
[2026-07-01T18:53:44.690+0000] {processor.py:208} INFO - Processing /opt/airflow/dags/ingest_avito_to_raw.py took 0.138 seconds
[2026-07-01T18:54:14.906+0000] {processor.py:186} INFO - Started process (PID=30575) to work on /opt/airflow/dags/ingest_avito_to_raw.py
[2026-07-01T18:54:14.906+0000] {processor.py:914} INFO - Processing file /opt/airflow/dags/ingest_avito_to_raw.py for tasks to queue
[2026-07-01T18:54:14.907+0000] {logging_mixin.py:190} INFO - [2026-07-01T18:54:14.907+0000] {dagbag.py:588} INFO - Filling up the DagBag from /opt/airflow/dags/ingest_avito_to_raw.py
[2026-07-01T18:54:14.911+0000] {processor.py:925} INFO - DAG(s) 'ingest_avito_to_raw' retrieved from /opt/airflow/dags/ingest_avito_to_raw.py
[2026-07-01T18:54:14.930+0000] {logging_mixin.py:190} INFO - [2026-07-01T18:54:14.930+0000] {dag.py:3239} INFO - Sync 1 DAGs
[2026-07-01T18:54:14.940+0000] {logging_mixin.py:190} INFO - [2026-07-01T18:54:14.940+0000] {dag.py:4180} INFO - Setting next_dagrun for ingest_avito_to_raw to 2026-07-01 18:00:00+00:00, run_after=2026-07-01 19:00:00+00:00
[2026-07-01T18:54:14.949+0000] {processor.py:208} INFO - Processing /opt/airflow/dags/ingest_avito_to_raw.py took 0.049 seconds
[2026-07-01T18:54:45.263+0000] {processor.py:186} INFO - Started process (PID=30585) to work on /opt/airflow/dags/ingest_avito_to_raw.py
[2026-07-01T18:54:45.264+0000] {processor.py:914} INFO - Processing file /opt/airflow/dags/ingest_avito_to_raw.py for tasks to queue
[2026-07-01T18:54:45.265+0000] {logging_mixin.py:190} INFO - [2026-07-01T18:54:45.265+0000] {dagbag.py:588} INFO - Filling up the DagBag from /opt/airflow/dags/ingest_avito_to_raw.py
[2026-07-01T18:54:45.269+0000] {processor.py:925} INFO - DAG(s) 'ingest_avito_to_raw' retrieved from /opt/airflow/dags/ingest_avito_to_raw.py
[2026-07-01T18:54:45.286+0000] {logging_mixin.py:190} INFO - [2026-07-01T18:54:45.286+0000] {dag.py:3239} INFO - Sync 1 DAGs
[2026-07-01T18:54:45.297+0000] {logging_mixin.py:190} INFO - [2026-07-01T18:54:45.297+0000] {dag.py:4180} INFO - Setting next_dagrun for ingest_avito_to_raw to 2026-07-01 18:00:00+00:00, run_after=2026-07-01 19:00:00+00:00
[2026-07-01T18:54:45.308+0000] {processor.py:208} INFO - Processing /opt/airflow/dags/ingest_avito_to_raw.py took 0.050 seconds
[2026-07-01T18:55:15.641+0000] {processor.py:186} INFO - Started process (PID=30595) to work on /opt/airflow/dags/ingest_avito_to_raw.py
[2026-07-01T18:55:15.642+0000] {processor.py:914} INFO - Processing file /opt/airflow/dags/ingest_avito_to_raw.py for tasks to queue
[2026-07-01T18:55:15.643+0000] {logging_mixin.py:190} INFO - [2026-07-01T18:55:15.642+0000] {dagbag.py:588} INFO - Filling up the DagBag from /opt/airflow/dags/ingest_avito_to_raw.py
[2026-07-01T18:55:15.647+0000] {processor.py:925} INFO - DAG(s) 'ingest_avito_to_raw' retrieved from /opt/airflow/dags/ingest_avito_to_raw.py
[2026-07-01T18:55:15.665+0000] {logging_mixin.py:190} INFO - [2026-07-01T18:55:15.665+0000] {dag.py:3239} INFO - Sync 1 DAGs
[2026-07-01T18:55:15.676+0000] {logging_mixin.py:190} INFO - [2026-07-01T18:55:15.676+0000] {dag.py:4180} INFO - Setting next_dagrun for ingest_avito_to_raw to 2026-07-01 18:00:00+00:00, run_after=2026-07-01 19:00:00+00:00
[2026-07-01T18:55:15.688+0000] {processor.py:208} INFO - Processing /opt/airflow/dags/ingest_avito_to_raw.py took 0.051 seconds
[2026-07-01T18:55:45.998+0000] {processor.py:186} INFO - Started process (PID=30605) to work on /opt/airflow/dags/ingest_avito_to_raw.py
[2026-07-01T18:55:45.999+0000] {processor.py:914} INFO - Processing file /opt/airflow/dags/ingest_avito_to_raw.py for tasks to queue
[2026-07-01T18:55:46.000+0000] {logging_mixin.py:190} INFO - [2026-07-01T18:55:46.000+0000] {dagbag.py:588} INFO - Filling up the DagBag from /opt/airflow/dags/ingest_avito_to_raw.py
[2026-07-01T18:55:46.006+0000] {processor.py:925} INFO - DAG(s) 'ingest_avito_to_raw' retrieved from /opt/airflow/dags/ingest_avito_to_raw.py
[2026-07-01T18:55:46.027+0000] {logging_mixin.py:190} INFO - [2026-07-01T18:55:46.027+0000] {dag.py:3239} INFO - Sync 1 DAGs
[2026-07-01T18:55:46.194+0000] {logging_mixin.py:190} INFO - [2026-07-01T18:55:46.194+0000] {dag.py:4180} INFO - Setting next_dagrun for ingest_avito_to_raw to 2026-07-01 18:00:00+00:00, run_after=2026-07-01 19:00:00+00:00
[2026-07-01T18:55:46.202+0000] {processor.py:208} INFO - Processing /opt/airflow/dags/ingest_avito_to_raw.py took 0.208 seconds
[2026-07-01T18:56:16.328+0000] {processor.py:186} INFO - Started process (PID=30615) to work on /opt/airflow/dags/ingest_avito_to_raw.py
[2026-07-01T18:56:16.329+0000] {processor.py:914} INFO - Processing file /opt/airflow/dags/ingest_avito_to_raw.py for tasks to queue
[2026-07-01T18:56:16.329+0000] {logging_mixin.py:190} INFO - [2026-07-01T18:56:16.329+0000] {dagbag.py:588} INFO - Filling up the DagBag from /opt/airflow/dags/ingest_avito_to_raw.py
[2026-07-01T18:56:16.333+0000] {processor.py:925} INFO - DAG(s) 'ingest_avito_to_raw' retrieved from /opt/airflow/dags/ingest_avito_to_raw.py
[2026-07-01T18:56:16.353+0000] {logging_mixin.py:190} INFO - [2026-07-01T18:56:16.353+0000] {dag.py:3239} INFO - Sync 1 DAGs
[2026-07-01T18:56:16.443+0000] {logging_mixin.py:190} INFO - [2026-07-01T18:56:16.443+0000] {dag.py:4180} INFO - Setting next_dagrun for ingest_avito_to_raw to 2026-07-01 18:00:00+00:00, run_after=2026-07-01 19:00:00+00:00
[2026-07-01T18:56:16.450+0000] {processor.py:208} INFO - Processing /opt/airflow/dags/ingest_avito_to_raw.py took 0.126 seconds
[2026-07-01T18:56:46.587+0000] {processor.py:186} INFO - Started process (PID=30625) to work on /opt/airflow/dags/ingest_avito_to_raw.py
[2026-07-01T18:56:46.588+0000] {processor.py:914} INFO - Processing file /opt/airflow/dags/ingest_avito_to_raw.py for tasks to queue
[2026-07-01T18:56:46.588+0000] {logging_mixin.py:190} INFO - [2026-07-01T18:56:46.588+0000] {dagbag.py:588} INFO - Filling up the DagBag from /opt/airflow/dags/ingest_avito_to_raw.py
[2026-07-01T18:56:46.593+0000] {processor.py:925} INFO - DAG(s) 'ingest_avito_to_raw' retrieved from /opt/airflow/dags/ingest_avito_to_raw.py
[2026-07-01T18:56:46.700+0000] {logging_mixin.py:190} INFO - [2026-07-01T18:56:46.700+0000] {dag.py:3239} INFO - Sync 1 DAGs
[2026-07-01T18:56:46.706+0000] {logging_mixin.py:190} INFO - [2026-07-01T18:56:46.706+0000] {dag.py:4180} INFO - Setting next_dagrun for ingest_avito_to_raw to 2026-07-01 18:00:00+00:00, run_after=2026-07-01 19:00:00+00:00
[2026-07-01T18:56:46.712+0000] {processor.py:208} INFO - Processing /opt/airflow/dags/ingest_avito_to_raw.py took 0.130 seconds
[2026-07-01T18:57:17.075+0000] {processor.py:186} INFO - Started process (PID=30635) to work on /opt/airflow/dags/ingest_avito_to_raw.py
[2026-07-01T18:57:17.076+0000] {processor.py:914} INFO - Processing file /opt/airflow/dags/ingest_avito_to_raw.py for tasks to queue
[2026-07-01T18:57:17.077+0000] {logging_mixin.py:190} INFO - [2026-07-01T18:57:17.077+0000] {dagbag.py:588} INFO - Filling up the DagBag from /opt/airflow/dags/ingest_avito_to_raw.py
[2026-07-01T18:57:17.082+0000] {processor.py:925} INFO - DAG(s) 'ingest_avito_to_raw' retrieved from /opt/airflow/dags/ingest_avito_to_raw.py
[2026-07-01T18:57:17.104+0000] {logging_mixin.py:190} INFO - [2026-07-01T18:57:17.104+0000] {dag.py:3239} INFO - Sync 1 DAGs
[2026-07-01T18:57:17.116+0000] {logging_mixin.py:190} INFO - [2026-07-01T18:57:17.116+0000] {dag.py:4180} INFO - Setting next_dagrun for ingest_avito_to_raw to 2026-07-01 18:00:00+00:00, run_after=2026-07-01 19:00:00+00:00
[2026-07-01T18:57:17.127+0000] {processor.py:208} INFO - Processing /opt/airflow/dags/ingest_avito_to_raw.py took 0.056 seconds
[2026-07-01T18:57:47.470+0000] {processor.py:186} INFO - Started process (PID=30645) to work on /opt/airflow/dags/ingest_avito_to_raw.py
[2026-07-01T18:57:47.472+0000] {processor.py:914} INFO - Processing file /opt/airflow/dags/ingest_avito_to_raw.py for tasks to queue
[2026-07-01T18:57:47.473+0000] {logging_mixin.py:190} INFO - [2026-07-01T18:57:47.473+0000] {dagbag.py:588} INFO - Filling up the DagBag from /opt/airflow/dags/ingest_avito_to_raw.py
[2026-07-01T18:57:47.482+0000] {processor.py:925} INFO - DAG(s) 'ingest_avito_to_raw' retrieved from /opt/airflow/dags/ingest_avito_to_raw.py
[2026-07-01T18:57:47.508+0000] {logging_mixin.py:190} INFO - [2026-07-01T18:57:47.508+0000] {dag.py:3239} INFO - Sync 1 DAGs
[2026-07-01T18:57:47.521+0000] {logging_mixin.py:190} INFO - [2026-07-01T18:57:47.521+0000] {dag.py:4180} INFO - Setting next_dagrun for ingest_avito_to_raw to 2026-07-01 18:00:00+00:00, run_after=2026-07-01 19:00:00+00:00
[2026-07-01T18:57:47.533+0000] {processor.py:208} INFO - Processing /opt/airflow/dags/ingest_avito_to_raw.py took 0.071 seconds
[2026-07-01T18:58:17.896+0000] {processor.py:186} INFO - Started process (PID=30655) to work on /opt/airflow/dags/ingest_avito_to_raw.py
[2026-07-01T18:58:17.897+0000] {processor.py:914} INFO - Processing file /opt/airflow/dags/ingest_avito_to_raw.py for tasks to queue
[2026-07-01T18:58:17.898+0000] {logging_mixin.py:190} INFO - [2026-07-01T18:58:17.898+0000] {dagbag.py:588} INFO - Filling up the DagBag from /opt/airflow/dags/ingest_avito_to_raw.py
[2026-07-01T18:58:17.902+0000] {processor.py:925} INFO - DAG(s) 'ingest_avito_to_raw' retrieved from /opt/airflow/dags/ingest_avito_to_raw.py
[2026-07-01T18:58:17.920+0000] {logging_mixin.py:190} INFO - [2026-07-01T18:58:17.919+0000] {dag.py:3239} INFO - Sync 1 DAGs
[2026-07-01T18:58:17.930+0000] {logging_mixin.py:190} INFO - [2026-07-01T18:58:17.930+0000] {dag.py:4180} INFO - Setting next_dagrun for ingest_avito_to_raw to 2026-07-01 18:00:00+00:00, run_after=2026-07-01 19:00:00+00:00
[2026-07-01T18:58:17.938+0000] {processor.py:208} INFO - Processing /opt/airflow/dags/ingest_avito_to_raw.py took 0.047 seconds
[2026-07-01T18:58:48.324+0000] {processor.py:186} INFO - Started process (PID=30665) to work on /opt/airflow/dags/ingest_avito_to_raw.py
[2026-07-01T18:58:48.325+0000] {processor.py:914} INFO - Processing file /opt/airflow/dags/ingest_avito_to_raw.py for tasks to queue
[2026-07-01T18:58:48.326+0000] {logging_mixin.py:190} INFO - [2026-07-01T18:58:48.326+0000] {dagbag.py:588} INFO - Filling up the DagBag from /opt/airflow/dags/ingest_avito_to_raw.py
[2026-07-01T18:58:48.330+0000] {processor.py:925} INFO - DAG(s) 'ingest_avito_to_raw' retrieved from /opt/airflow/dags/ingest_avito_to_raw.py
[2026-07-01T18:58:48.350+0000] {logging_mixin.py:190} INFO - [2026-07-01T18:58:48.350+0000] {dag.py:3239} INFO - Sync 1 DAGs
[2026-07-01T18:58:48.360+0000] {logging_mixin.py:190} INFO - [2026-07-01T18:58:48.360+0000] {dag.py:4180} INFO - Setting next_dagrun for ingest_avito_to_raw to 2026-07-01 18:00:00+00:00, run_after=2026-07-01 19:00:00+00:00
[2026-07-01T18:58:48.369+0000] {processor.py:208} INFO - Processing /opt/airflow/dags/ingest_avito_to_raw.py took 0.049 seconds
[2026-07-01T18:59:18.688+0000] {processor.py:186} INFO - Started process (PID=30675) to work on /opt/airflow/dags/ingest_avito_to_raw.py
[2026-07-01T18:59:18.689+0000] {processor.py:914} INFO - Processing file /opt/airflow/dags/ingest_avito_to_raw.py for tasks to queue
[2026-07-01T18:59:18.690+0000] {logging_mixin.py:190} INFO - [2026-07-01T18:59:18.690+0000] {dagbag.py:588} INFO - Filling up the DagBag from /opt/airflow/dags/ingest_avito_to_raw.py
[2026-07-01T18:59:18.694+0000] {processor.py:925} INFO - DAG(s) 'ingest_avito_to_raw' retrieved from /opt/airflow/dags/ingest_avito_to_raw.py
[2026-07-01T18:59:18.713+0000] {logging_mixin.py:190} INFO - [2026-07-01T18:59:18.713+0000] {dag.py:3239} INFO - Sync 1 DAGs
[2026-07-01T18:59:18.723+0000] {logging_mixin.py:190} INFO - [2026-07-01T18:59:18.723+0000] {dag.py:4180} INFO - Setting next_dagrun for ingest_avito_to_raw to 2026-07-01 18:00:00+00:00, run_after=2026-07-01 19:00:00+00:00
[2026-07-01T18:59:18.731+0000] {processor.py:208} INFO - Processing /opt/airflow/dags/ingest_avito_to_raw.py took 0.048 seconds
[2026-07-01T18:59:49.033+0000] {processor.py:186} INFO - Started process (PID=30685) to work on /opt/airflow/dags/ingest_avito_to_raw.py
[2026-07-01T18:59:49.034+0000] {processor.py:914} INFO - Processing file /opt/airflow/dags/ingest_avito_to_raw.py for tasks to queue
[2026-07-01T18:59:49.035+0000] {logging_mixin.py:190} INFO - [2026-07-01T18:59:49.035+0000] {dagbag.py:588} INFO - Filling up the DagBag from /opt/airflow/dags/ingest_avito_to_raw.py
[2026-07-01T18:59:49.039+0000] {processor.py:925} INFO - DAG(s) 'ingest_avito_to_raw' retrieved from /opt/airflow/dags/ingest_avito_to_raw.py
[2026-07-01T18:59:49.056+0000] {logging_mixin.py:190} INFO - [2026-07-01T18:59:49.056+0000] {dag.py:3239} INFO - Sync 1 DAGs
[2026-07-01T18:59:49.067+0000] {logging_mixin.py:190} INFO - [2026-07-01T18:59:49.066+0000] {dag.py:4180} INFO - Setting next_dagrun for ingest_avito_to_raw to 2026-07-01 18:00:00+00:00, run_after=2026-07-01 19:00:00+00:00
[2026-07-01T18:59:49.075+0000] {processor.py:208} INFO - Processing /opt/airflow/dags/ingest_avito_to_raw.py took 0.046 seconds
[2026-07-01T19:00:19.420+0000] {processor.py:186} INFO - Started process (PID=30698) to work on /opt/airflow/dags/ingest_avito_to_raw.py
[2026-07-01T19:00:19.421+0000] {processor.py:914} INFO - Processing file /opt/airflow/dags/ingest_avito_to_raw.py for tasks to queue
[2026-07-01T19:00:19.421+0000] {logging_mixin.py:190} INFO - [2026-07-01T19:00:19.421+0000] {dagbag.py:588} INFO - Filling up the DagBag from /opt/airflow/dags/ingest_avito_to_raw.py
[2026-07-01T19:00:19.426+0000] {processor.py:925} INFO - DAG(s) 'ingest_avito_to_raw' retrieved from /opt/airflow/dags/ingest_avito_to_raw.py
[2026-07-01T19:00:19.445+0000] {logging_mixin.py:190} INFO - [2026-07-01T19:00:19.445+0000] {dag.py:3239} INFO - Sync 1 DAGs
[2026-07-01T19:00:19.457+0000] {logging_mixin.py:190} INFO - [2026-07-01T19:00:19.457+0000] {dag.py:4180} INFO - Setting next_dagrun for ingest_avito_to_raw to 2026-07-01 19:00:00+00:00, run_after=2026-07-01 20:00:00+00:00
[2026-07-01T19:00:19.466+0000] {processor.py:208} INFO - Processing /opt/airflow/dags/ingest_avito_to_raw.py took 0.052 seconds
[2026-07-01T19:00:49.847+0000] {processor.py:186} INFO - Started process (PID=30708) to work on /opt/airflow/dags/ingest_avito_to_raw.py
[2026-07-01T19:00:49.848+0000] {processor.py:914} INFO - Processing file /opt/airflow/dags/ingest_avito_to_raw.py for tasks to queue
[2026-07-01T19:00:49.849+0000] {logging_mixin.py:190} INFO - [2026-07-01T19:00:49.849+0000] {dagbag.py:588} INFO - Filling up the DagBag from /opt/airflow/dags/ingest_avito_to_raw.py
[2026-07-01T19:00:49.853+0000] {processor.py:925} INFO - DAG(s) 'ingest_avito_to_raw' retrieved from /opt/airflow/dags/ingest_avito_to_raw.py
[2026-07-01T19:00:49.873+0000] {logging_mixin.py:190} INFO - [2026-07-01T19:00:49.873+0000] {dag.py:3239} INFO - Sync 1 DAGs
[2026-07-01T19:00:49.884+0000] {logging_mixin.py:190} INFO - [2026-07-01T19:00:49.884+0000] {dag.py:4180} INFO - Setting next_dagrun for ingest_avito_to_raw to 2026-07-01 19:00:00+00:00, run_after=2026-07-01 20:00:00+00:00
[2026-07-01T19:00:49.891+0000] {processor.py:208} INFO - Processing /opt/airflow/dags/ingest_avito_to_raw.py took 0.050 seconds
[2026-07-01T19:01:20.231+0000] {processor.py:186} INFO - Started process (PID=30718) to work on /opt/airflow/dags/ingest_avito_to_raw.py
[2026-07-01T19:01:20.231+0000] {processor.py:914} INFO - Processing file /opt/airflow/dags/ingest_avito_to_raw.py for tasks to queue
[2026-07-01T19:01:20.233+0000] {logging_mixin.py:190} INFO - [2026-07-01T19:01:20.233+0000] {dagbag.py:588} INFO - Filling up the DagBag from /opt/airflow/dags/ingest_avito_to_raw.py
[2026-07-01T19:01:20.240+0000] {processor.py:925} INFO - DAG(s) 'ingest_avito_to_raw' retrieved from /opt/airflow/dags/ingest_avito_to_raw.py
[2026-07-01T19:01:20.258+0000] {logging_mixin.py:190} INFO - [2026-07-01T19:01:20.258+0000] {dag.py:3239} INFO - Sync 1 DAGs
[2026-07-01T19:01:20.269+0000] {logging_mixin.py:190} INFO - [2026-07-01T19:01:20.269+0000] {dag.py:4180} INFO - Setting next_dagrun for ingest_avito_to_raw to 2026-07-01 19:00:00+00:00, run_after=2026-07-01 20:00:00+00:00
[2026-07-01T19:01:20.280+0000] {processor.py:208} INFO - Processing /opt/airflow/dags/ingest_avito_to_raw.py took 0.055 seconds
[2026-07-01T19:01:50.576+0000] {processor.py:186} INFO - Started process (PID=30728) to work on /opt/airflow/dags/ingest_avito_to_raw.py
[2026-07-01T19:01:50.576+0000] {processor.py:914} INFO - Processing file /opt/airflow/dags/ingest_avito_to_raw.py for tasks to queue
[2026-07-01T19:01:50.577+0000] {logging_mixin.py:190} INFO - [2026-07-01T19:01:50.577+0000] {dagbag.py:588} INFO - Filling up the DagBag from /opt/airflow/dags/ingest_avito_to_raw.py
[2026-07-01T19:01:50.581+0000] {processor.py:925} INFO - DAG(s) 'ingest_avito_to_raw' retrieved from /opt/airflow/dags/ingest_avito_to_raw.py
[2026-07-01T19:01:50.600+0000] {logging_mixin.py:190} INFO - [2026-07-01T19:01:50.600+0000] {dag.py:3239} INFO - Sync 1 DAGs
[2026-07-01T19:01:50.611+0000] {logging_mixin.py:190} INFO - [2026-07-01T19:01:50.611+0000] {dag.py:4180} INFO - Setting next_dagrun for ingest_avito_to_raw to 2026-07-01 19:00:00+00:00, run_after=2026-07-01 20:00:00+00:00
[2026-07-01T19:01:50.620+0000] {processor.py:208} INFO - Processing /opt/airflow/dags/ingest_avito_to_raw.py took 0.049 seconds
[2026-07-01T19:02:20.994+0000] {processor.py:186} INFO - Started process (PID=30738) to work on /opt/airflow/dags/ingest_avito_to_raw.py
[2026-07-01T19:02:20.996+0000] {processor.py:914} INFO - Processing file /opt/airflow/dags/ingest_avito_to_raw.py for tasks to queue
[2026-07-01T19:02:20.997+0000] {logging_mixin.py:190} INFO - [2026-07-01T19:02:20.996+0000] {dagbag.py:588} INFO - Filling up the DagBag from /opt/airflow/dags/ingest_avito_to_raw.py
[2026-07-01T19:02:21.003+0000] {processor.py:925} INFO - DAG(s) 'ingest_avito_to_raw' retrieved from /opt/airflow/dags/ingest_avito_to_raw.py
[2026-07-01T19:02:21.022+0000] {logging_mixin.py:190} INFO - [2026-07-01T19:02:21.022+0000] {dag.py:3239} INFO - Sync 1 DAGs
[2026-07-01T19:02:21.033+0000] {logging_mixin.py:190} INFO - [2026-07-01T19:02:21.033+0000] {dag.py:4180} INFO - Setting next_dagrun for ingest_avito_to_raw to 2026-07-01 19:00:00+00:00, run_after=2026-07-01 20:00:00+00:00
[2026-07-01T19:02:21.043+0000] {processor.py:208} INFO - Processing /opt/airflow/dags/ingest_avito_to_raw.py took 0.055 seconds
[2026-07-01T19:02:51.363+0000] {processor.py:186} INFO - Started process (PID=30748) to work on /opt/airflow/dags/ingest_avito_to_raw.py
[2026-07-01T19:02:51.364+0000] {processor.py:914} INFO - Processing file /opt/airflow/dags/ingest_avito_to_raw.py for tasks to queue
[2026-07-01T19:02:51.365+0000] {logging_mixin.py:190} INFO - [2026-07-01T19:02:51.365+0000] {dagbag.py:588} INFO - Filling up the DagBag from /opt/airflow/dags/ingest_avito_to_raw.py
[2026-07-01T19:02:51.370+0000] {processor.py:925} INFO - DAG(s) 'ingest_avito_to_raw' retrieved from /opt/airflow/dags/ingest_avito_to_raw.py
[2026-07-01T19:02:51.391+0000] {logging_mixin.py:190} INFO - [2026-07-01T19:02:51.390+0000] {dag.py:3239} INFO - Sync 1 DAGs
[2026-07-01T19:02:51.414+0000] {logging_mixin.py:190} INFO - [2026-07-01T19:02:51.414+0000] {dag.py:4180} INFO - Setting next_dagrun for ingest_avito_to_raw to 2026-07-01 19:00:00+00:00, run_after=2026-07-01 20:00:00+00:00
[2026-07-01T19:02:51.425+0000] {processor.py:208} INFO - Processing /opt/airflow/dags/ingest_avito_to_raw.py took 0.068 seconds
[2026-07-01T19:03:21.671+0000] {processor.py:186} INFO - Started process (PID=30758) to work on /opt/airflow/dags/ingest_avito_to_raw.py
[2026-07-01T19:03:21.672+0000] {processor.py:914} INFO - Processing file /opt/airflow/dags/ingest_avito_to_raw.py for tasks to queue
[2026-07-01T19:03:21.673+0000] {logging_mixin.py:190} INFO - [2026-07-01T19:03:21.673+0000] {dagbag.py:588} INFO - Filling up the DagBag from /opt/airflow/dags/ingest_avito_to_raw.py
[2026-07-01T19:03:21.680+0000] {processor.py:925} INFO - DAG(s) 'ingest_avito_to_raw' retrieved from /opt/airflow/dags/ingest_avito_to_raw.py
[2026-07-01T19:03:21.697+0000] {logging_mixin.py:190} INFO - [2026-07-01T19:03:21.697+0000] {dag.py:3239} INFO - Sync 1 DAGs
[2026-07-01T19:03:21.709+0000] {logging_mixin.py:190} INFO - [2026-07-01T19:03:21.709+0000] {dag.py:4180} INFO - Setting next_dagrun for ingest_avito_to_raw to 2026-07-01 19:00:00+00:00, run_after=2026-07-01 20:00:00+00:00
[2026-07-01T19:03:21.719+0000] {processor.py:208} INFO - Processing /opt/airflow/dags/ingest_avito_to_raw.py took 0.053 seconds
[2026-07-01T19:03:52.021+0000] {processor.py:186} INFO - Started process (PID=30768) to work on /opt/airflow/dags/ingest_avito_to_raw.py
[2026-07-01T19:03:52.022+0000] {processor.py:914} INFO - Processing file /opt/airflow/dags/ingest_avito_to_raw.py for tasks to queue
[2026-07-01T19:03:52.023+0000] {logging_mixin.py:190} INFO - [2026-07-01T19:03:52.023+0000] {dagbag.py:588} INFO - Filling up the DagBag from /opt/airflow/dags/ingest_avito_to_raw.py
[2026-07-01T19:03:52.027+0000] {processor.py:925} INFO - DAG(s) 'ingest_avito_to_raw' retrieved from /opt/airflow/dags/ingest_avito_to_raw.py
[2026-07-01T19:03:52.044+0000] {logging_mixin.py:190} INFO - [2026-07-01T19:03:52.044+0000] {dag.py:3239} INFO - Sync 1 DAGs
[2026-07-01T19:03:52.055+0000] {logging_mixin.py:190} INFO - [2026-07-01T19:03:52.055+0000] {dag.py:4180} INFO - Setting next_dagrun for ingest_avito_to_raw to 2026-07-01 19:00:00+00:00, run_after=2026-07-01 20:00:00+00:00
[2026-07-01T19:03:52.064+0000] {processor.py:208} INFO - Processing /opt/airflow/dags/ingest_avito_to_raw.py took 0.047 seconds
[2026-07-01T19:04:22.393+0000] {processor.py:186} INFO - Started process (PID=30778) to work on /opt/airflow/dags/ingest_avito_to_raw.py
[2026-07-01T19:04:22.393+0000] {processor.py:914} INFO - Processing file /opt/airflow/dags/ingest_avito_to_raw.py for tasks to queue
[2026-07-01T19:04:22.394+0000] {logging_mixin.py:190} INFO - [2026-07-01T19:04:22.394+0000] {dagbag.py:588} INFO - Filling up the DagBag from /opt/airflow/dags/ingest_avito_to_raw.py
[2026-07-01T19:04:22.398+0000] {processor.py:925} INFO - DAG(s) 'ingest_avito_to_raw' retrieved from /opt/airflow/dags/ingest_avito_to_raw.py
[2026-07-01T19:04:22.416+0000] {logging_mixin.py:190} INFO - [2026-07-01T19:04:22.416+0000] {dag.py:3239} INFO - Sync 1 DAGs
[2026-07-01T19:04:22.427+0000] {logging_mixin.py:190} INFO - [2026-07-01T19:04:22.427+0000] {dag.py:4180} INFO - Setting next_dagrun for ingest_avito_to_raw to 2026-07-01 19:00:00+00:00, run_after=2026-07-01 20:00:00+00:00
[2026-07-01T19:04:22.438+0000] {processor.py:208} INFO - Processing /opt/airflow/dags/ingest_avito_to_raw.py took 0.050 seconds
[2026-07-01T19:04:52.782+0000] {processor.py:186} INFO - Started process (PID=30788) to work on /opt/airflow/dags/ingest_avito_to_raw.py
[2026-07-01T19:04:52.783+0000] {processor.py:914} INFO - Processing file /opt/airflow/dags/ingest_avito_to_raw.py for tasks to queue
[2026-07-01T19:04:52.784+0000] {logging_mixin.py:190} INFO - [2026-07-01T19:04:52.784+0000] {dagbag.py:588} INFO - Filling up the DagBag from /opt/airflow/dags/ingest_avito_to_raw.py
[2026-07-01T19:04:52.788+0000] {processor.py:925} INFO - DAG(s) 'ingest_avito_to_raw' retrieved from /opt/airflow/dags/ingest_avito_to_raw.py
[2026-07-01T19:04:52.805+0000] {logging_mixin.py:190} INFO - [2026-07-01T19:04:52.805+0000] {dag.py:3239} INFO - Sync 1 DAGs
[2026-07-01T19:04:52.816+0000] {logging_mixin.py:190} INFO - [2026-07-01T19:04:52.815+0000] {dag.py:4180} INFO - Setting next_dagrun for ingest_avito_to_raw to 2026-07-01 19:00:00+00:00, run_after=2026-07-01 20:00:00+00:00
[2026-07-01T19:04:52.826+0000] {processor.py:208} INFO - Processing /opt/airflow/dags/ingest_avito_to_raw.py took 0.049 seconds
[2026-07-01T19:05:23.162+0000] {processor.py:186} INFO - Started process (PID=30798) to work on /opt/airflow/dags/ingest_avito_to_raw.py
[2026-07-01T19:05:23.163+0000] {processor.py:914} INFO - Processing file /opt/airflow/dags/ingest_avito_to_raw.py for tasks to queue
[2026-07-01T19:05:23.164+0000] {logging_mixin.py:190} INFO - [2026-07-01T19:05:23.163+0000] {dagbag.py:588} INFO - Filling up the DagBag from /opt/airflow/dags/ingest_avito_to_raw.py
[2026-07-01T19:05:23.169+0000] {processor.py:925} INFO - DAG(s) 'ingest_avito_to_raw' retrieved from /opt/airflow/dags/ingest_avito_to_raw.py
[2026-07-01T19:05:23.187+0000] {logging_mixin.py:190} INFO - [2026-07-01T19:05:23.187+0000] {dag.py:3239} INFO - Sync 1 DAGs
[2026-07-01T19:05:23.197+0000] {logging_mixin.py:190} INFO - [2026-07-01T19:05:23.197+0000] {dag.py:4180} INFO - Setting next_dagrun for ingest_avito_to_raw to 2026-07-01 19:00:00+00:00, run_after=2026-07-01 20:00:00+00:00
[2026-07-01T19:05:23.206+0000] {processor.py:208} INFO - Processing /opt/airflow/dags/ingest_avito_to_raw.py took 0.049 seconds
[2026-07-01T19:05:53.586+0000] {processor.py:186} INFO - Started process (PID=30808) to work on /opt/airflow/dags/ingest_avito_to_raw.py
[2026-07-01T19:05:53.587+0000] {processor.py:914} INFO - Processing file /opt/airflow/dags/ingest_avito_to_raw.py for tasks to queue
[2026-07-01T19:05:53.588+0000] {logging_mixin.py:190} INFO - [2026-07-01T19:05:53.587+0000] {dagbag.py:588} INFO - Filling up the DagBag from /opt/airflow/dags/ingest_avito_to_raw.py
[2026-07-01T19:05:53.592+0000] {processor.py:925} INFO - DAG(s) 'ingest_avito_to_raw' retrieved from /opt/airflow/dags/ingest_avito_to_raw.py
[2026-07-01T19:05:53.610+0000] {logging_mixin.py:190} INFO - [2026-07-01T19:05:53.610+0000] {dag.py:3239} INFO - Sync 1 DAGs
[2026-07-01T19:05:53.619+0000] {logging_mixin.py:190} INFO - [2026-07-01T19:05:53.619+0000] {dag.py:4180} INFO - Setting next_dagrun for ingest_avito_to_raw to 2026-07-01 19:00:00+00:00, run_after=2026-07-01 20:00:00+00:00
[2026-07-01T19:05:53.628+0000] {processor.py:208} INFO - Processing /opt/airflow/dags/ingest_avito_to_raw.py took 0.048 seconds
[2026-07-01T19:06:23.974+0000] {processor.py:186} INFO - Started process (PID=30818) to work on /opt/airflow/dags/ingest_avito_to_raw.py
[2026-07-01T19:06:23.975+0000] {processor.py:914} INFO - Processing file /opt/airflow/dags/ingest_avito_to_raw.py for tasks to queue
[2026-07-01T19:06:23.976+0000] {logging_mixin.py:190} INFO - [2026-07-01T19:06:23.975+0000] {dagbag.py:588} INFO - Filling up the DagBag from /opt/airflow/dags/ingest_avito_to_raw.py
[2026-07-01T19:06:23.980+0000] {processor.py:925} INFO - DAG(s) 'ingest_avito_to_raw' retrieved from /opt/airflow/dags/ingest_avito_to_raw.py
[2026-07-01T19:06:23.997+0000] {logging_mixin.py:190} INFO - [2026-07-01T19:06:23.997+0000] {dag.py:3239} INFO - Sync 1 DAGs
[2026-07-01T19:06:24.008+0000] {logging_mixin.py:190} INFO - [2026-07-01T19:06:24.008+0000] {dag.py:4180} INFO - Setting next_dagrun for ingest_avito_to_raw to 2026-07-01 19:00:00+00:00, run_after=2026-07-01 20:00:00+00:00
[2026-07-01T19:06:24.017+0000] {processor.py:208} INFO - Processing /opt/airflow/dags/ingest_avito_to_raw.py took 0.049 seconds
[2026-07-01T19:06:54.360+0000] {processor.py:186} INFO - Started process (PID=30828) to work on /opt/airflow/dags/ingest_avito_to_raw.py
[2026-07-01T19:06:54.361+0000] {processor.py:914} INFO - Processing file /opt/airflow/dags/ingest_avito_to_raw.py for tasks to queue
[2026-07-01T19:06:54.362+0000] {logging_mixin.py:190} INFO - [2026-07-01T19:06:54.362+0000] {dagbag.py:588} INFO - Filling up the DagBag from /opt/airflow/dags/ingest_avito_to_raw.py
[2026-07-01T19:06:54.367+0000] {processor.py:925} INFO - DAG(s) 'ingest_avito_to_raw' retrieved from /opt/airflow/dags/ingest_avito_to_raw.py
[2026-07-01T19:06:54.384+0000] {logging_mixin.py:190} INFO - [2026-07-01T19:06:54.384+0000] {dag.py:3239} INFO - Sync 1 DAGs
[2026-07-01T19:06:54.397+0000] {logging_mixin.py:190} INFO - [2026-07-01T19:06:54.397+0000] {dag.py:4180} INFO - Setting next_dagrun for ingest_avito_to_raw to 2026-07-01 19:00:00+00:00, run_after=2026-07-01 20:00:00+00:00
[2026-07-01T19:06:54.406+0000] {processor.py:208} INFO - Processing /opt/airflow/dags/ingest_avito_to_raw.py took 0.052 seconds
[2026-07-01T19:07:24.734+0000] {processor.py:186} INFO - Started process (PID=30838) to work on /opt/airflow/dags/ingest_avito_to_raw.py
[2026-07-01T19:07:24.736+0000] {processor.py:914} INFO - Processing file /opt/airflow/dags/ingest_avito_to_raw.py for tasks to queue
[2026-07-01T19:07:24.737+0000] {logging_mixin.py:190} INFO - [2026-07-01T19:07:24.737+0000] {dagbag.py:588} INFO - Filling up the DagBag from /opt/airflow/dags/ingest_avito_to_raw.py
[2026-07-01T19:07:24.743+0000] {processor.py:925} INFO - DAG(s) 'ingest_avito_to_raw' retrieved from /opt/airflow/dags/ingest_avito_to_raw.py
[2026-07-01T19:07:24.763+0000] {logging_mixin.py:190} INFO - [2026-07-01T19:07:24.763+0000] {dag.py:3239} INFO - Sync 1 DAGs
[2026-07-01T19:07:24.774+0000] {logging_mixin.py:190} INFO - [2026-07-01T19:07:24.774+0000] {dag.py:4180} INFO - Setting next_dagrun for ingest_avito_to_raw to 2026-07-01 19:00:00+00:00, run_after=2026-07-01 20:00:00+00:00
[2026-07-01T19:07:24.783+0000] {processor.py:208} INFO - Processing /opt/airflow/dags/ingest_avito_to_raw.py took 0.056 seconds
[2026-07-01T19:07:55.139+0000] {processor.py:186} INFO - Started process (PID=30848) to work on /opt/airflow/dags/ingest_avito_to_raw.py
[2026-07-01T19:07:55.141+0000] {processor.py:914} INFO - Processing file /opt/airflow/dags/ingest_avito_to_raw.py for tasks to queue
[2026-07-01T19:07:55.142+0000] {logging_mixin.py:190} INFO - [2026-07-01T19:07:55.141+0000] {dagbag.py:588} INFO - Filling up the DagBag from /opt/airflow/dags/ingest_avito_to_raw.py
[2026-07-01T19:07:55.149+0000] {processor.py:925} INFO - DAG(s) 'ingest_avito_to_raw' retrieved from /opt/airflow/dags/ingest_avito_to_raw.py
[2026-07-01T19:07:55.171+0000] {logging_mixin.py:190} INFO - [2026-07-01T19:07:55.171+0000] {dag.py:3239} INFO - Sync 1 DAGs
[2026-07-01T19:07:55.184+0000] {logging_mixin.py:190} INFO - [2026-07-01T19:07:55.184+0000] {dag.py:4180} INFO - Setting next_dagrun for ingest_avito_to_raw to 2026-07-01 19:00:00+00:00, run_after=2026-07-01 20:00:00+00:00
[2026-07-01T19:07:55.194+0000] {processor.py:208} INFO - Processing /opt/airflow/dags/ingest_avito_to_raw.py took 0.063 seconds
[2026-07-01T19:08:25.508+0000] {processor.py:186} INFO - Started process (PID=30858) to work on /opt/airflow/dags/ingest_avito_to_raw.py
[2026-07-01T19:08:25.509+0000] {processor.py:914} INFO - Processing file /opt/airflow/dags/ingest_avito_to_raw.py for tasks to queue
[2026-07-01T19:08:25.511+0000] {logging_mixin.py:190} INFO - [2026-07-01T19:08:25.510+0000] {dagbag.py:588} INFO - Filling up the DagBag from /opt/airflow/dags/ingest_avito_to_raw.py
[2026-07-01T19:08:25.516+0000] {processor.py:925} INFO - DAG(s) 'ingest_avito_to_raw' retrieved from /opt/airflow/dags/ingest_avito_to_raw.py
[2026-07-01T19:08:25.538+0000] {logging_mixin.py:190} INFO - [2026-07-01T19:08:25.538+0000] {dag.py:3239} INFO - Sync 1 DAGs
[2026-07-01T19:08:25.553+0000] {logging_mixin.py:190} INFO - [2026-07-01T19:08:25.553+0000] {dag.py:4180} INFO - Setting next_dagrun for ingest_avito_to_raw to 2026-07-01 19:00:00+00:00, run_after=2026-07-01 20:00:00+00:00
[2026-07-01T19:08:25.562+0000] {processor.py:208} INFO - Processing /opt/airflow/dags/ingest_avito_to_raw.py took 0.062 seconds
[2026-07-01T19:08:55.848+0000] {processor.py:186} INFO - Started process (PID=30868) to work on /opt/airflow/dags/ingest_avito_to_raw.py
[2026-07-01T19:08:55.849+0000] {processor.py:914} INFO - Processing file /opt/airflow/dags/ingest_avito_to_raw.py for tasks to queue
[2026-07-01T19:08:55.850+0000] {logging_mixin.py:190} INFO - [2026-07-01T19:08:55.850+0000] {dagbag.py:588} INFO - Filling up the DagBag from /opt/airflow/dags/ingest_avito_to_raw.py
[2026-07-01T19:08:55.859+0000] {processor.py:925} INFO - DAG(s) 'ingest_avito_to_raw' retrieved from /opt/airflow/dags/ingest_avito_to_raw.py
[2026-07-01T19:08:55.876+0000] {logging_mixin.py:190} INFO - [2026-07-01T19:08:55.876+0000] {dag.py:3239} INFO - Sync 1 DAGs
[2026-07-01T19:08:55.887+0000] {logging_mixin.py:190} INFO - [2026-07-01T19:08:55.887+0000] {dag.py:4180} INFO - Setting next_dagrun for ingest_avito_to_raw to 2026-07-01 19:00:00+00:00, run_after=2026-07-01 20:00:00+00:00
[2026-07-01T19:08:55.896+0000] {processor.py:208} INFO - Processing /opt/airflow/dags/ingest_avito_to_raw.py took 0.053 seconds
[2026-07-01T19:09:26.243+0000] {processor.py:186} INFO - Started process (PID=30878) to work on /opt/airflow/dags/ingest_avito_to_raw.py
[2026-07-01T19:09:26.244+0000] {processor.py:914} INFO - Processing file /opt/airflow/dags/ingest_avito_to_raw.py for tasks to queue
[2026-07-01T19:09:26.245+0000] {logging_mixin.py:190} INFO - [2026-07-01T19:09:26.245+0000] {dagbag.py:588} INFO - Filling up the DagBag from /opt/airflow/dags/ingest_avito_to_raw.py
[2026-07-01T19:09:26.250+0000] {processor.py:925} INFO - DAG(s) 'ingest_avito_to_raw' retrieved from /opt/airflow/dags/ingest_avito_to_raw.py
[2026-07-01T19:09:26.268+0000] {logging_mixin.py:190} INFO - [2026-07-01T19:09:26.268+0000] {dag.py:3239} INFO - Sync 1 DAGs
[2026-07-01T19:09:26.278+0000] {logging_mixin.py:190} INFO - [2026-07-01T19:09:26.278+0000] {dag.py:4180} INFO - Setting next_dagrun for ingest_avito_to_raw to 2026-07-01 19:00:00+00:00, run_after=2026-07-01 20:00:00+00:00
[2026-07-01T19:09:26.287+0000] {processor.py:208} INFO - Processing /opt/airflow/dags/ingest_avito_to_raw.py took 0.049 seconds
[2026-07-01T19:09:56.595+0000] {processor.py:186} INFO - Started process (PID=30888) to work on /opt/airflow/dags/ingest_avito_to_raw.py
[2026-07-01T19:09:56.596+0000] {processor.py:914} INFO - Processing file /opt/airflow/dags/ingest_avito_to_raw.py for tasks to queue
[2026-07-01T19:09:56.597+0000] {logging_mixin.py:190} INFO - [2026-07-01T19:09:56.597+0000] {dagbag.py:588} INFO - Filling up the DagBag from /opt/airflow/dags/ingest_avito_to_raw.py
[2026-07-01T19:09:56.601+0000] {processor.py:925} INFO - DAG(s) 'ingest_avito_to_raw' retrieved from /opt/airflow/dags/ingest_avito_to_raw.py
[2026-07-01T19:09:56.619+0000] {logging_mixin.py:190} INFO - [2026-07-01T19:09:56.619+0000] {dag.py:3239} INFO - Sync 1 DAGs
[2026-07-01T19:09:56.629+0000] {logging_mixin.py:190} INFO - [2026-07-01T19:09:56.629+0000] {dag.py:4180} INFO - Setting next_dagrun for ingest_avito_to_raw to 2026-07-01 19:00:00+00:00, run_after=2026-07-01 20:00:00+00:00
[2026-07-01T19:09:56.636+0000] {processor.py:208} INFO - Processing /opt/airflow/dags/ingest_avito_to_raw.py took 0.046 seconds
[2026-07-01T19:10:26.904+0000] {processor.py:186} INFO - Started process (PID=30898) to work on /opt/airflow/dags/ingest_avito_to_raw.py
[2026-07-01T19:10:26.905+0000] {processor.py:914} INFO - Processing file /opt/airflow/dags/ingest_avito_to_raw.py for tasks to queue
[2026-07-01T19:10:26.906+0000] {logging_mixin.py:190} INFO - [2026-07-01T19:10:26.906+0000] {dagbag.py:588} INFO - Filling up the DagBag from /opt/airflow/dags/ingest_avito_to_raw.py
[2026-07-01T19:10:26.912+0000] {processor.py:925} INFO - DAG(s) 'ingest_avito_to_raw' retrieved from /opt/airflow/dags/ingest_avito_to_raw.py
[2026-07-01T19:10:26.934+0000] {logging_mixin.py:190} INFO - [2026-07-01T19:10:26.934+0000] {dag.py:3239} INFO - Sync 1 DAGs
[2026-07-01T19:10:26.948+0000] {logging_mixin.py:190} INFO - [2026-07-01T19:10:26.948+0000] {dag.py:4180} INFO - Setting next_dagrun for ingest_avito_to_raw to 2026-07-01 19:00:00+00:00, run_after=2026-07-01 20:00:00+00:00
[2026-07-01T19:10:26.958+0000] {processor.py:208} INFO - Processing /opt/airflow/dags/ingest_avito_to_raw.py took 0.061 seconds
[2026-07-01T19:10:57.249+0000] {processor.py:186} INFO - Started process (PID=30908) to work on /opt/airflow/dags/ingest_avito_to_raw.py
[2026-07-01T19:10:57.249+0000] {processor.py:914} INFO - Processing file /opt/airflow/dags/ingest_avito_to_raw.py for tasks to queue
[2026-07-01T19:10:57.250+0000] {logging_mixin.py:190} INFO - [2026-07-01T19:10:57.250+0000] {dagbag.py:588} INFO - Filling up the DagBag from /opt/airflow/dags/ingest_avito_to_raw.py
[2026-07-01T19:10:57.255+0000] {processor.py:925} INFO - DAG(s) 'ingest_avito_to_raw' retrieved from /opt/airflow/dags/ingest_avito_to_raw.py
[2026-07-01T19:10:57.272+0000] {logging_mixin.py:190} INFO - [2026-07-01T19:10:57.272+0000] {dag.py:3239} INFO - Sync 1 DAGs
[2026-07-01T19:10:57.283+0000] {logging_mixin.py:190} INFO - [2026-07-01T19:10:57.283+0000] {dag.py:4180} INFO - Setting next_dagrun for ingest_avito_to_raw to 2026-07-01 19:00:00+00:00, run_after=2026-07-01 20:00:00+00:00
[2026-07-01T19:10:57.293+0000] {processor.py:208} INFO - Processing /opt/airflow/dags/ingest_avito_to_raw.py took 0.048 seconds
[2026-07-01T19:11:27.549+0000] {processor.py:186} INFO - Started process (PID=30918) to work on /opt/airflow/dags/ingest_avito_to_raw.py
[2026-07-01T19:11:27.550+0000] {processor.py:914} INFO - Processing file /opt/airflow/dags/ingest_avito_to_raw.py for tasks to queue
[2026-07-01T19:11:27.551+0000] {logging_mixin.py:190} INFO - [2026-07-01T19:11:27.551+0000] {dagbag.py:588} INFO - Filling up the DagBag from /opt/airflow/dags/ingest_avito_to_raw.py
[2026-07-01T19:11:27.556+0000] {processor.py:925} INFO - DAG(s) 'ingest_avito_to_raw' retrieved from /opt/airflow/dags/ingest_avito_to_raw.py
[2026-07-01T19:11:27.575+0000] {logging_mixin.py:190} INFO - [2026-07-01T19:11:27.575+0000] {dag.py:3239} INFO - Sync 1 DAGs
[2026-07-01T19:11:27.587+0000] {logging_mixin.py:190} INFO - [2026-07-01T19:11:27.587+0000] {dag.py:4180} INFO - Setting next_dagrun for ingest_avito_to_raw to 2026-07-01 19:00:00+00:00, run_after=2026-07-01 20:00:00+00:00
[2026-07-01T19:11:27.599+0000] {processor.py:208} INFO - Processing /opt/airflow/dags/ingest_avito_to_raw.py took 0.055 seconds
[2026-07-01T19:11:57.925+0000] {processor.py:186} INFO - Started process (PID=30928) to work on /opt/airflow/dags/ingest_avito_to_raw.py
[2026-07-01T19:11:57.926+0000] {processor.py:914} INFO - Processing file /opt/airflow/dags/ingest_avito_to_raw.py for tasks to queue
[2026-07-01T19:11:57.928+0000] {logging_mixin.py:190} INFO - [2026-07-01T19:11:57.928+0000] {dagbag.py:588} INFO - Filling up the DagBag from /opt/airflow/dags/ingest_avito_to_raw.py
[2026-07-01T19:11:57.938+0000] {processor.py:925} INFO - DAG(s) 'ingest_avito_to_raw' retrieved from /opt/airflow/dags/ingest_avito_to_raw.py
[2026-07-01T19:11:57.962+0000] {logging_mixin.py:190} INFO - [2026-07-01T19:11:57.962+0000] {dag.py:3239} INFO - Sync 1 DAGs
[2026-07-01T19:11:57.979+0000] {logging_mixin.py:190} INFO - [2026-07-01T19:11:57.978+0000] {dag.py:4180} INFO - Setting next_dagrun for ingest_avito_to_raw to 2026-07-01 19:00:00+00:00, run_after=2026-07-01 20:00:00+00:00
[2026-07-01T19:11:57.989+0000] {processor.py:208} INFO - Processing /opt/airflow/dags/ingest_avito_to_raw.py took 0.073 seconds
[2026-07-01T19:12:28.363+0000] {processor.py:186} INFO - Started process (PID=30938) to work on /opt/airflow/dags/ingest_avito_to_raw.py
[2026-07-01T19:12:28.364+0000] {processor.py:914} INFO - Processing file /opt/airflow/dags/ingest_avito_to_raw.py for tasks to queue
[2026-07-01T19:12:28.365+0000] {logging_mixin.py:190} INFO - [2026-07-01T19:12:28.364+0000] {dagbag.py:588} INFO - Filling up the DagBag from /opt/airflow/dags/ingest_avito_to_raw.py
[2026-07-01T19:12:28.375+0000] {processor.py:925} INFO - DAG(s) 'ingest_avito_to_raw' retrieved from /opt/airflow/dags/ingest_avito_to_raw.py
[2026-07-01T19:12:28.396+0000] {logging_mixin.py:190} INFO - [2026-07-01T19:12:28.396+0000] {dag.py:3239} INFO - Sync 1 DAGs
[2026-07-01T19:12:28.410+0000] {logging_mixin.py:190} INFO - [2026-07-01T19:12:28.410+0000] {dag.py:4180} INFO - Setting next_dagrun for ingest_avito_to_raw to 2026-07-01 19:00:00+00:00, run_after=2026-07-01 20:00:00+00:00
[2026-07-01T19:12:28.423+0000] {processor.py:208} INFO - Processing /opt/airflow/dags/ingest_avito_to_raw.py took 0.069 seconds
[2026-07-01T19:12:58.731+0000] {processor.py:186} INFO - Started process (PID=30948) to work on /opt/airflow/dags/ingest_avito_to_raw.py
[2026-07-01T19:12:58.732+0000] {processor.py:914} INFO - Processing file /opt/airflow/dags/ingest_avito_to_raw.py for tasks to queue
[2026-07-01T19:12:58.733+0000] {logging_mixin.py:190} INFO - [2026-07-01T19:12:58.733+0000] {dagbag.py:588} INFO - Filling up the DagBag from /opt/airflow/dags/ingest_avito_to_raw.py
[2026-07-01T19:12:58.739+0000] {processor.py:925} INFO - DAG(s) 'ingest_avito_to_raw' retrieved from /opt/airflow/dags/ingest_avito_to_raw.py
[2026-07-01T19:12:58.758+0000] {logging_mixin.py:190} INFO - [2026-07-01T19:12:58.757+0000] {dag.py:3239} INFO - Sync 1 DAGs
[2026-07-01T19:12:58.768+0000] {logging_mixin.py:190} INFO - [2026-07-01T19:12:58.768+0000] {dag.py:4180} INFO - Setting next_dagrun for ingest_avito_to_raw to 2026-07-01 19:00:00+00:00, run_after=2026-07-01 20:00:00+00:00
[2026-07-01T19:12:58.779+0000] {processor.py:208} INFO - Processing /opt/airflow/dags/ingest_avito_to_raw.py took 0.053 seconds
[2026-07-01T19:13:29.122+0000] {processor.py:186} INFO - Started process (PID=30958) to work on /opt/airflow/dags/ingest_avito_to_raw.py
[2026-07-01T19:13:29.124+0000] {processor.py:914} INFO - Processing file /opt/airflow/dags/ingest_avito_to_raw.py for tasks to queue
[2026-07-01T19:13:29.125+0000] {logging_mixin.py:190} INFO - [2026-07-01T19:13:29.125+0000] {dagbag.py:588} INFO - Filling up the DagBag from /opt/airflow/dags/ingest_avito_to_raw.py
[2026-07-01T19:13:29.133+0000] {processor.py:925} INFO - DAG(s) 'ingest_avito_to_raw' retrieved from /opt/airflow/dags/ingest_avito_to_raw.py
[2026-07-01T19:13:29.165+0000] {logging_mixin.py:190} INFO - [2026-07-01T19:13:29.165+0000] {dag.py:3239} INFO - Sync 1 DAGs
[2026-07-01T19:13:29.180+0000] {logging_mixin.py:190} INFO - [2026-07-01T19:13:29.180+0000] {dag.py:4180} INFO - Setting next_dagrun for ingest_avito_to_raw to 2026-07-01 19:00:00+00:00, run_after=2026-07-01 20:00:00+00:00
[2026-07-01T19:13:29.191+0000] {processor.py:208} INFO - Processing /opt/airflow/dags/ingest_avito_to_raw.py took 0.077 seconds
[2026-07-01T19:13:59.522+0000] {processor.py:186} INFO - Started process (PID=30968) to work on /opt/airflow/dags/ingest_avito_to_raw.py
[2026-07-01T19:13:59.523+0000] {processor.py:914} INFO - Processing file /opt/airflow/dags/ingest_avito_to_raw.py for tasks to queue
[2026-07-01T19:13:59.523+0000] {logging_mixin.py:190} INFO - [2026-07-01T19:13:59.523+0000] {dagbag.py:588} INFO - Filling up the DagBag from /opt/airflow/dags/ingest_avito_to_raw.py
[2026-07-01T19:13:59.530+0000] {processor.py:925} INFO - DAG(s) 'ingest_avito_to_raw' retrieved from /opt/airflow/dags/ingest_avito_to_raw.py
[2026-07-01T19:13:59.546+0000] {logging_mixin.py:190} INFO - [2026-07-01T19:13:59.546+0000] {dag.py:3239} INFO - Sync 1 DAGs
[2026-07-01T19:13:59.557+0000] {logging_mixin.py:190} INFO - [2026-07-01T19:13:59.557+0000] {dag.py:4180} INFO - Setting next_dagrun for ingest_avito_to_raw to 2026-07-01 19:00:00+00:00, run_after=2026-07-01 20:00:00+00:00
[2026-07-01T19:13:59.568+0000] {processor.py:208} INFO - Processing /opt/airflow/dags/ingest_avito_to_raw.py took 0.053 seconds
[2026-07-01T19:14:29.910+0000] {processor.py:186} INFO - Started process (PID=30978) to work on /opt/airflow/dags/ingest_avito_to_raw.py
[2026-07-01T19:14:29.911+0000] {processor.py:914} INFO - Processing file /opt/airflow/dags/ingest_avito_to_raw.py for tasks to queue
[2026-07-01T19:14:29.912+0000] {logging_mixin.py:190} INFO - [2026-07-01T19:14:29.912+0000] {dagbag.py:588} INFO - Filling up the DagBag from /opt/airflow/dags/ingest_avito_to_raw.py
[2026-07-01T19:14:29.917+0000] {processor.py:925} INFO - DAG(s) 'ingest_avito_to_raw' retrieved from /opt/airflow/dags/ingest_avito_to_raw.py
[2026-07-01T19:14:29.933+0000] {logging_mixin.py:190} INFO - [2026-07-01T19:14:29.933+0000] {dag.py:3239} INFO - Sync 1 DAGs
[2026-07-01T19:14:29.943+0000] {logging_mixin.py:190} INFO - [2026-07-01T19:14:29.943+0000] {dag.py:4180} INFO - Setting next_dagrun for ingest_avito_to_raw to 2026-07-01 19:00:00+00:00, run_after=2026-07-01 20:00:00+00:00
[2026-07-01T19:14:29.953+0000] {processor.py:208} INFO - Processing /opt/airflow/dags/ingest_avito_to_raw.py took 0.048 seconds
[2026-07-01T19:15:00.230+0000] {processor.py:186} INFO - Started process (PID=30988) to work on /opt/airflow/dags/ingest_avito_to_raw.py
[2026-07-01T19:15:00.231+0000] {processor.py:914} INFO - Processing file /opt/airflow/dags/ingest_avito_to_raw.py for tasks to queue
[2026-07-01T19:15:00.232+0000] {logging_mixin.py:190} INFO - [2026-07-01T19:15:00.232+0000] {dagbag.py:588} INFO - Filling up the DagBag from /opt/airflow/dags/ingest_avito_to_raw.py
[2026-07-01T19:15:00.239+0000] {processor.py:925} INFO - DAG(s) 'ingest_avito_to_raw' retrieved from /opt/airflow/dags/ingest_avito_to_raw.py
[2026-07-01T19:15:00.255+0000] {logging_mixin.py:190} INFO - [2026-07-01T19:15:00.255+0000] {dag.py:3239} INFO - Sync 1 DAGs
[2026-07-01T19:15:00.268+0000] {logging_mixin.py:190} INFO - [2026-07-01T19:15:00.268+0000] {dag.py:4180} INFO - Setting next_dagrun for ingest_avito_to_raw to 2026-07-01 19:00:00+00:00, run_after=2026-07-01 20:00:00+00:00
[2026-07-01T19:15:00.276+0000] {processor.py:208} INFO - Processing /opt/airflow/dags/ingest_avito_to_raw.py took 0.050 seconds
[2026-07-01T19:15:30.571+0000] {processor.py:186} INFO - Started process (PID=30998) to work on /opt/airflow/dags/ingest_avito_to_raw.py
[2026-07-01T19:15:30.572+0000] {processor.py:914} INFO - Processing file /opt/airflow/dags/ingest_avito_to_raw.py for tasks to queue
[2026-07-01T19:15:30.573+0000] {logging_mixin.py:190} INFO - [2026-07-01T19:15:30.573+0000] {dagbag.py:588} INFO - Filling up the DagBag from /opt/airflow/dags/ingest_avito_to_raw.py
[2026-07-01T19:15:30.577+0000] {processor.py:925} INFO - DAG(s) 'ingest_avito_to_raw' retrieved from /opt/airflow/dags/ingest_avito_to_raw.py
[2026-07-01T19:15:30.595+0000] {logging_mixin.py:190} INFO - [2026-07-01T19:15:30.595+0000] {dag.py:3239} INFO - Sync 1 DAGs
[2026-07-01T19:15:30.604+0000] {logging_mixin.py:190} INFO - [2026-07-01T19:15:30.604+0000] {dag.py:4180} INFO - Setting next_dagrun for ingest_avito_to_raw to 2026-07-01 19:00:00+00:00, run_after=2026-07-01 20:00:00+00:00
[2026-07-01T19:15:30.611+0000] {processor.py:208} INFO - Processing /opt/airflow/dags/ingest_avito_to_raw.py took 0.045 seconds
[2026-07-01T19:16:00.975+0000] {processor.py:186} INFO - Started process (PID=31008) to work on /opt/airflow/dags/ingest_avito_to_raw.py
[2026-07-01T19:16:00.975+0000] {processor.py:914} INFO - Processing file /opt/airflow/dags/ingest_avito_to_raw.py for tasks to queue
[2026-07-01T19:16:00.976+0000] {logging_mixin.py:190} INFO - [2026-07-01T19:16:00.976+0000] {dagbag.py:588} INFO - Filling up the DagBag from /opt/airflow/dags/ingest_avito_to_raw.py
[2026-07-01T19:16:00.980+0000] {processor.py:925} INFO - DAG(s) 'ingest_avito_to_raw' retrieved from /opt/airflow/dags/ingest_avito_to_raw.py
[2026-07-01T19:16:00.998+0000] {logging_mixin.py:190} INFO - [2026-07-01T19:16:00.998+0000] {dag.py:3239} INFO - Sync 1 DAGs
[2026-07-01T19:16:01.009+0000] {logging_mixin.py:190} INFO - [2026-07-01T19:16:01.009+0000] {dag.py:4180} INFO - Setting next_dagrun for ingest_avito_to_raw to 2026-07-01 19:00:00+00:00, run_after=2026-07-01 20:00:00+00:00
[2026-07-01T19:16:01.016+0000] {processor.py:208} INFO - Processing /opt/airflow/dags/ingest_avito_to_raw.py took 0.046 seconds
[2026-07-01T19:16:31.401+0000] {processor.py:186} INFO - Started process (PID=31018) to work on /opt/airflow/dags/ingest_avito_to_raw.py
[2026-07-01T19:16:31.402+0000] {processor.py:914} INFO - Processing file /opt/airflow/dags/ingest_avito_to_raw.py for tasks to queue
[2026-07-01T19:16:31.403+0000] {logging_mixin.py:190} INFO - [2026-07-01T19:16:31.402+0000] {dagbag.py:588} INFO - Filling up the DagBag from /opt/airflow/dags/ingest_avito_to_raw.py
[2026-07-01T19:16:31.407+0000] {processor.py:925} INFO - DAG(s) 'ingest_avito_to_raw' retrieved from /opt/airflow/dags/ingest_avito_to_raw.py
[2026-07-01T19:16:31.424+0000] {logging_mixin.py:190} INFO - [2026-07-01T19:16:31.423+0000] {dag.py:3239} INFO - Sync 1 DAGs
[2026-07-01T19:16:31.433+0000] {logging_mixin.py:190} INFO - [2026-07-01T19:16:31.433+0000] {dag.py:4180} INFO - Setting next_dagrun for ingest_avito_to_raw to 2026-07-01 19:00:00+00:00, run_after=2026-07-01 20:00:00+00:00
[2026-07-01T19:16:31.442+0000] {processor.py:208} INFO - Processing /opt/airflow/dags/ingest_avito_to_raw.py took 0.046 seconds
[2026-07-01T19:17:01.770+0000] {processor.py:186} INFO - Started process (PID=31028) to work on /opt/airflow/dags/ingest_avito_to_raw.py
[2026-07-01T19:17:01.771+0000] {processor.py:914} INFO - Processing file /opt/airflow/dags/ingest_avito_to_raw.py for tasks to queue
[2026-07-01T19:17:01.772+0000] {logging_mixin.py:190} INFO - [2026-07-01T19:17:01.772+0000] {dagbag.py:588} INFO - Filling up the DagBag from /opt/airflow/dags/ingest_avito_to_raw.py
[2026-07-01T19:17:01.775+0000] {processor.py:925} INFO - DAG(s) 'ingest_avito_to_raw' retrieved from /opt/airflow/dags/ingest_avito_to_raw.py
[2026-07-01T19:17:01.793+0000] {logging_mixin.py:190} INFO - [2026-07-01T19:17:01.793+0000] {dag.py:3239} INFO - Sync 1 DAGs
[2026-07-01T19:17:01.804+0000] {logging_mixin.py:190} INFO - [2026-07-01T19:17:01.804+0000] {dag.py:4180} INFO - Setting next_dagrun for ingest_avito_to_raw to 2026-07-01 19:00:00+00:00, run_after=2026-07-01 20:00:00+00:00
[2026-07-01T19:17:01.814+0000] {processor.py:208} INFO - Processing /opt/airflow/dags/ingest_avito_to_raw.py took 0.048 seconds
[2026-07-01T19:17:32.111+0000] {processor.py:186} INFO - Started process (PID=31038) to work on /opt/airflow/dags/ingest_avito_to_raw.py
[2026-07-01T19:17:32.111+0000] {processor.py:914} INFO - Processing file /opt/airflow/dags/ingest_avito_to_raw.py for tasks to queue
[2026-07-01T19:17:32.113+0000] {logging_mixin.py:190} INFO - [2026-07-01T19:17:32.113+0000] {dagbag.py:588} INFO - Filling up the DagBag from /opt/airflow/dags/ingest_avito_to_raw.py
[2026-07-01T19:17:32.121+0000] {processor.py:925} INFO - DAG(s) 'ingest_avito_to_raw' retrieved from /opt/airflow/dags/ingest_avito_to_raw.py
[2026-07-01T19:17:32.154+0000] {logging_mixin.py:190} INFO - [2026-07-01T19:17:32.154+0000] {dag.py:3239} INFO - Sync 1 DAGs
[2026-07-01T19:17:32.168+0000] {logging_mixin.py:190} INFO - [2026-07-01T19:17:32.168+0000] {dag.py:4180} INFO - Setting next_dagrun for ingest_avito_to_raw to 2026-07-01 19:00:00+00:00, run_after=2026-07-01 20:00:00+00:00
[2026-07-01T19:17:32.181+0000] {processor.py:208} INFO - Processing /opt/airflow/dags/ingest_avito_to_raw.py took 0.077 seconds
[2026-07-01T19:18:02.409+0000] {processor.py:186} INFO - Started process (PID=31048) to work on /opt/airflow/dags/ingest_avito_to_raw.py
[2026-07-01T19:18:02.411+0000] {processor.py:914} INFO - Processing file /opt/airflow/dags/ingest_avito_to_raw.py for tasks to queue
[2026-07-01T19:18:02.412+0000] {logging_mixin.py:190} INFO - [2026-07-01T19:18:02.411+0000] {dagbag.py:588} INFO - Filling up the DagBag from /opt/airflow/dags/ingest_avito_to_raw.py
[2026-07-01T19:18:02.417+0000] {processor.py:925} INFO - DAG(s) 'ingest_avito_to_raw' retrieved from /opt/airflow/dags/ingest_avito_to_raw.py
[2026-07-01T19:18:02.435+0000] {logging_mixin.py:190} INFO - [2026-07-01T19:18:02.435+0000] {dag.py:3239} INFO - Sync 1 DAGs
[2026-07-01T19:18:02.445+0000] {logging_mixin.py:190} INFO - [2026-07-01T19:18:02.445+0000] {dag.py:4180} INFO - Setting next_dagrun for ingest_avito_to_raw to 2026-07-01 19:00:00+00:00, run_after=2026-07-01 20:00:00+00:00
[2026-07-01T19:18:02.454+0000] {processor.py:208} INFO - Processing /opt/airflow/dags/ingest_avito_to_raw.py took 0.050 seconds
[2026-07-01T19:18:32.787+0000] {processor.py:186} INFO - Started process (PID=31058) to work on /opt/airflow/dags/ingest_avito_to_raw.py
[2026-07-01T19:18:32.787+0000] {processor.py:914} INFO - Processing file /opt/airflow/dags/ingest_avito_to_raw.py for tasks to queue
[2026-07-01T19:18:32.788+0000] {logging_mixin.py:190} INFO - [2026-07-01T19:18:32.788+0000] {dagbag.py:588} INFO - Filling up the DagBag from /opt/airflow/dags/ingest_avito_to_raw.py
[2026-07-01T19:18:32.793+0000] {processor.py:925} INFO - DAG(s) 'ingest_avito_to_raw' retrieved from /opt/airflow/dags/ingest_avito_to_raw.py
[2026-07-01T19:18:32.809+0000] {logging_mixin.py:190} INFO - [2026-07-01T19:18:32.808+0000] {dag.py:3239} INFO - Sync 1 DAGs
[2026-07-01T19:18:32.819+0000] {logging_mixin.py:190} INFO - [2026-07-01T19:18:32.819+0000] {dag.py:4180} INFO - Setting next_dagrun for ingest_avito_to_raw to 2026-07-01 19:00:00+00:00, run_after=2026-07-01 20:00:00+00:00
[2026-07-01T19:18:32.828+0000] {processor.py:208} INFO - Processing /opt/airflow/dags/ingest_avito_to_raw.py took 0.046 seconds
[2026-07-01T19:19:03.109+0000] {processor.py:186} INFO - Started process (PID=31068) to work on /opt/airflow/dags/ingest_avito_to_raw.py
[2026-07-01T19:19:03.110+0000] {processor.py:914} INFO - Processing file /opt/airflow/dags/ingest_avito_to_raw.py for tasks to queue
[2026-07-01T19:19:03.111+0000] {logging_mixin.py:190} INFO - [2026-07-01T19:19:03.111+0000] {dagbag.py:588} INFO - Filling up the DagBag from /opt/airflow/dags/ingest_avito_to_raw.py
[2026-07-01T19:19:03.116+0000] {processor.py:925} INFO - DAG(s) 'ingest_avito_to_raw' retrieved from /opt/airflow/dags/ingest_avito_to_raw.py
[2026-07-01T19:19:03.137+0000] {logging_mixin.py:190} INFO - [2026-07-01T19:19:03.137+0000] {dag.py:3239} INFO - Sync 1 DAGs
[2026-07-01T19:19:03.148+0000] {logging_mixin.py:190} INFO - [2026-07-01T19:19:03.148+0000] {dag.py:4180} INFO - Setting next_dagrun for ingest_avito_to_raw to 2026-07-01 19:00:00+00:00, run_after=2026-07-01 20:00:00+00:00
[2026-07-01T19:19:03.160+0000] {processor.py:208} INFO - Processing /opt/airflow/dags/ingest_avito_to_raw.py took 0.057 seconds
[2026-07-01T19:19:33.414+0000] {processor.py:186} INFO - Started process (PID=31078) to work on /opt/airflow/dags/ingest_avito_to_raw.py
[2026-07-01T19:19:33.415+0000] {processor.py:914} INFO - Processing file /opt/airflow/dags/ingest_avito_to_raw.py for tasks to queue
[2026-07-01T19:19:33.415+0000] {logging_mixin.py:190} INFO - [2026-07-01T19:19:33.415+0000] {dagbag.py:588} INFO - Filling up the DagBag from /opt/airflow/dags/ingest_avito_to_raw.py
[2026-07-01T19:19:33.420+0000] {processor.py:925} INFO - DAG(s) 'ingest_avito_to_raw' retrieved from /opt/airflow/dags/ingest_avito_to_raw.py
[2026-07-01T19:19:33.439+0000] {logging_mixin.py:190} INFO - [2026-07-01T19:19:33.439+0000] {dag.py:3239} INFO - Sync 1 DAGs
[2026-07-01T19:19:33.449+0000] {logging_mixin.py:190} INFO - [2026-07-01T19:19:33.449+0000] {dag.py:4180} INFO - Setting next_dagrun for ingest_avito_to_raw to 2026-07-01 19:00:00+00:00, run_after=2026-07-01 20:00:00+00:00
[2026-07-01T19:19:33.458+0000] {processor.py:208} INFO - Processing /opt/airflow/dags/ingest_avito_to_raw.py took 0.049 seconds
[2026-07-01T19:20:03.768+0000] {processor.py:186} INFO - Started process (PID=31088) to work on /opt/airflow/dags/ingest_avito_to_raw.py
[2026-07-01T19:20:03.769+0000] {processor.py:914} INFO - Processing file /opt/airflow/dags/ingest_avito_to_raw.py for tasks to queue
[2026-07-01T19:20:03.770+0000] {logging_mixin.py:190} INFO - [2026-07-01T19:20:03.770+0000] {dagbag.py:588} INFO - Filling up the DagBag from /opt/airflow/dags/ingest_avito_to_raw.py
[2026-07-01T19:20:03.774+0000] {processor.py:925} INFO - DAG(s) 'ingest_avito_to_raw' retrieved from /opt/airflow/dags/ingest_avito_to_raw.py
[2026-07-01T19:20:03.792+0000] {logging_mixin.py:190} INFO - [2026-07-01T19:20:03.792+0000] {dag.py:3239} INFO - Sync 1 DAGs
[2026-07-01T19:20:03.801+0000] {logging_mixin.py:190} INFO - [2026-07-01T19:20:03.801+0000] {dag.py:4180} INFO - Setting next_dagrun for ingest_avito_to_raw to 2026-07-01 19:00:00+00:00, run_after=2026-07-01 20:00:00+00:00
[2026-07-01T19:20:03.809+0000] {processor.py:208} INFO - Processing /opt/airflow/dags/ingest_avito_to_raw.py took 0.045 seconds
[2026-07-01T19:20:34.142+0000] {processor.py:186} INFO - Started process (PID=31098) to work on /opt/airflow/dags/ingest_avito_to_raw.py
[2026-07-01T19:20:34.143+0000] {processor.py:914} INFO - Processing file /opt/airflow/dags/ingest_avito_to_raw.py for tasks to queue
[2026-07-01T19:20:34.144+0000] {logging_mixin.py:190} INFO - [2026-07-01T19:20:34.143+0000] {dagbag.py:588} INFO - Filling up the DagBag from /opt/airflow/dags/ingest_avito_to_raw.py
[2026-07-01T19:20:34.147+0000] {processor.py:925} INFO - DAG(s) 'ingest_avito_to_raw' retrieved from /opt/airflow/dags/ingest_avito_to_raw.py
[2026-07-01T19:20:34.164+0000] {logging_mixin.py:190} INFO - [2026-07-01T19:20:34.164+0000] {dag.py:3239} INFO - Sync 1 DAGs
[2026-07-01T19:20:34.173+0000] {logging_mixin.py:190} INFO - [2026-07-01T19:20:34.173+0000] {dag.py:4180} INFO - Setting next_dagrun for ingest_avito_to_raw to 2026-07-01 19:00:00+00:00, run_after=2026-07-01 20:00:00+00:00
[2026-07-01T19:20:34.180+0000] {processor.py:208} INFO - Processing /opt/airflow/dags/ingest_avito_to_raw.py took 0.043 seconds
[2026-07-01T19:21:04.554+0000] {processor.py:186} INFO - Started process (PID=31108) to work on /opt/airflow/dags/ingest_avito_to_raw.py
[2026-07-01T19:21:04.555+0000] {processor.py:914} INFO - Processing file /opt/airflow/dags/ingest_avito_to_raw.py for tasks to queue
[2026-07-01T19:21:04.555+0000] {logging_mixin.py:190} INFO - [2026-07-01T19:21:04.555+0000] {dagbag.py:588} INFO - Filling up the DagBag from /opt/airflow/dags/ingest_avito_to_raw.py
[2026-07-01T19:21:04.561+0000] {processor.py:925} INFO - DAG(s) 'ingest_avito_to_raw' retrieved from /opt/airflow/dags/ingest_avito_to_raw.py
[2026-07-01T19:21:04.578+0000] {logging_mixin.py:190} INFO - [2026-07-01T19:21:04.578+0000] {dag.py:3239} INFO - Sync 1 DAGs
[2026-07-01T19:21:04.592+0000] {logging_mixin.py:190} INFO - [2026-07-01T19:21:04.592+0000] {dag.py:4180} INFO - Setting next_dagrun for ingest_avito_to_raw to 2026-07-01 19:00:00+00:00, run_after=2026-07-01 20:00:00+00:00
[2026-07-01T19:21:04.601+0000] {processor.py:208} INFO - Processing /opt/airflow/dags/ingest_avito_to_raw.py took 0.052 seconds
[2026-07-01T19:21:34.944+0000] {processor.py:186} INFO - Started process (PID=31118) to work on /opt/airflow/dags/ingest_avito_to_raw.py
[2026-07-01T19:21:34.945+0000] {processor.py:914} INFO - Processing file /opt/airflow/dags/ingest_avito_to_raw.py for tasks to queue
[2026-07-01T19:21:34.946+0000] {logging_mixin.py:190} INFO - [2026-07-01T19:21:34.946+0000] {dagbag.py:588} INFO - Filling up the DagBag from /opt/airflow/dags/ingest_avito_to_raw.py
[2026-07-01T19:21:34.951+0000] {processor.py:925} INFO - DAG(s) 'ingest_avito_to_raw' retrieved from /opt/airflow/dags/ingest_avito_to_raw.py
[2026-07-01T19:21:34.969+0000] {logging_mixin.py:190} INFO - [2026-07-01T19:21:34.969+0000] {dag.py:3239} INFO - Sync 1 DAGs
[2026-07-01T19:21:34.979+0000] {logging_mixin.py:190} INFO - [2026-07-01T19:21:34.979+0000] {dag.py:4180} INFO - Setting next_dagrun for ingest_avito_to_raw to 2026-07-01 19:00:00+00:00, run_after=2026-07-01 20:00:00+00:00
[2026-07-01T19:21:34.989+0000] {processor.py:208} INFO - Processing /opt/airflow/dags/ingest_avito_to_raw.py took 0.050 seconds
[2026-07-01T19:22:05.290+0000] {processor.py:186} INFO - Started process (PID=31128) to work on /opt/airflow/dags/ingest_avito_to_raw.py
[2026-07-01T19:22:05.291+0000] {processor.py:914} INFO - Processing file /opt/airflow/dags/ingest_avito_to_raw.py for tasks to queue
[2026-07-01T19:22:05.291+0000] {logging_mixin.py:190} INFO - [2026-07-01T19:22:05.291+0000] {dagbag.py:588} INFO - Filling up the DagBag from /opt/airflow/dags/ingest_avito_to_raw.py
[2026-07-01T19:22:05.296+0000] {processor.py:925} INFO - DAG(s) 'ingest_avito_to_raw' retrieved from /opt/airflow/dags/ingest_avito_to_raw.py
[2026-07-01T19:22:05.314+0000] {logging_mixin.py:190} INFO - [2026-07-01T19:22:05.314+0000] {dag.py:3239} INFO - Sync 1 DAGs
[2026-07-01T19:22:05.323+0000] {logging_mixin.py:190} INFO - [2026-07-01T19:22:05.323+0000] {dag.py:4180} INFO - Setting next_dagrun for ingest_avito_to_raw to 2026-07-01 19:00:00+00:00, run_after=2026-07-01 20:00:00+00:00
[2026-07-01T19:22:05.333+0000] {processor.py:208} INFO - Processing /opt/airflow/dags/ingest_avito_to_raw.py took 0.047 seconds
[2026-07-01T19:22:35.640+0000] {processor.py:186} INFO - Started process (PID=31138) to work on /opt/airflow/dags/ingest_avito_to_raw.py
[2026-07-01T19:22:35.641+0000] {processor.py:914} INFO - Processing file /opt/airflow/dags/ingest_avito_to_raw.py for tasks to queue
[2026-07-01T19:22:35.642+0000] {logging_mixin.py:190} INFO - [2026-07-01T19:22:35.641+0000] {dagbag.py:588} INFO - Filling up the DagBag from /opt/airflow/dags/ingest_avito_to_raw.py
[2026-07-01T19:22:35.646+0000] {processor.py:925} INFO - DAG(s) 'ingest_avito_to_raw' retrieved from /opt/airflow/dags/ingest_avito_to_raw.py
[2026-07-01T19:22:35.665+0000] {logging_mixin.py:190} INFO - [2026-07-01T19:22:35.665+0000] {dag.py:3239} INFO - Sync 1 DAGs
[2026-07-01T19:22:35.678+0000] {logging_mixin.py:190} INFO - [2026-07-01T19:22:35.677+0000] {dag.py:4180} INFO - Setting next_dagrun for ingest_avito_to_raw to 2026-07-01 19:00:00+00:00, run_after=2026-07-01 20:00:00+00:00
[2026-07-01T19:22:35.686+0000] {processor.py:208} INFO - Processing /opt/airflow/dags/ingest_avito_to_raw.py took 0.051 seconds
[2026-07-01T19:23:05.989+0000] {processor.py:186} INFO - Started process (PID=31148) to work on /opt/airflow/dags/ingest_avito_to_raw.py
[2026-07-01T19:23:05.990+0000] {processor.py:914} INFO - Processing file /opt/airflow/dags/ingest_avito_to_raw.py for tasks to queue
[2026-07-01T19:23:05.991+0000] {logging_mixin.py:190} INFO - [2026-07-01T19:23:05.991+0000] {dagbag.py:588} INFO - Filling up the DagBag from /opt/airflow/dags/ingest_avito_to_raw.py
[2026-07-01T19:23:05.996+0000] {processor.py:925} INFO - DAG(s) 'ingest_avito_to_raw' retrieved from /opt/airflow/dags/ingest_avito_to_raw.py
[2026-07-01T19:23:06.017+0000] {logging_mixin.py:190} INFO - [2026-07-01T19:23:06.017+0000] {dag.py:3239} INFO - Sync 1 DAGs
[2026-07-01T19:23:06.027+0000] {logging_mixin.py:190} INFO - [2026-07-01T19:23:06.027+0000] {dag.py:4180} INFO - Setting next_dagrun for ingest_avito_to_raw to 2026-07-01 19:00:00+00:00, run_after=2026-07-01 20:00:00+00:00
[2026-07-01T19:23:06.034+0000] {processor.py:208} INFO - Processing /opt/airflow/dags/ingest_avito_to_raw.py took 0.049 seconds
[2026-07-01T19:23:36.309+0000] {processor.py:186} INFO - Started process (PID=31158) to work on /opt/airflow/dags/ingest_avito_to_raw.py
[2026-07-01T19:23:36.310+0000] {processor.py:914} INFO - Processing file /opt/airflow/dags/ingest_avito_to_raw.py for tasks to queue
[2026-07-01T19:23:36.311+0000] {logging_mixin.py:190} INFO - [2026-07-01T19:23:36.311+0000] {dagbag.py:588} INFO - Filling up the DagBag from /opt/airflow/dags/ingest_avito_to_raw.py
[2026-07-01T19:23:36.316+0000] {processor.py:925} INFO - DAG(s) 'ingest_avito_to_raw' retrieved from /opt/airflow/dags/ingest_avito_to_raw.py
[2026-07-01T19:23:36.332+0000] {logging_mixin.py:190} INFO - [2026-07-01T19:23:36.332+0000] {dag.py:3239} INFO - Sync 1 DAGs
[2026-07-01T19:23:36.343+0000] {logging_mixin.py:190} INFO - [2026-07-01T19:23:36.343+0000] {dag.py:4180} INFO - Setting next_dagrun for ingest_avito_to_raw to 2026-07-01 19:00:00+00:00, run_after=2026-07-01 20:00:00+00:00
[2026-07-01T19:23:36.363+0000] {processor.py:208} INFO - Processing /opt/airflow/dags/ingest_avito_to_raw.py took 0.058 seconds
[2026-07-01T19:24:06.728+0000] {processor.py:186} INFO - Started process (PID=31168) to work on /opt/airflow/dags/ingest_avito_to_raw.py
[2026-07-01T19:24:06.729+0000] {processor.py:914} INFO - Processing file /opt/airflow/dags/ingest_avito_to_raw.py for tasks to queue
[2026-07-01T19:24:06.730+0000] {logging_mixin.py:190} INFO - [2026-07-01T19:24:06.730+0000] {dagbag.py:588} INFO - Filling up the DagBag from /opt/airflow/dags/ingest_avito_to_raw.py
[2026-07-01T19:24:06.740+0000] {processor.py:925} INFO - DAG(s) 'ingest_avito_to_raw' retrieved from /opt/airflow/dags/ingest_avito_to_raw.py
[2026-07-01T19:24:06.762+0000] {logging_mixin.py:190} INFO - [2026-07-01T19:24:06.762+0000] {dag.py:3239} INFO - Sync 1 DAGs
[2026-07-01T19:24:06.775+0000] {logging_mixin.py:190} INFO - [2026-07-01T19:24:06.775+0000] {dag.py:4180} INFO - Setting next_dagrun for ingest_avito_to_raw to 2026-07-01 19:00:00+00:00, run_after=2026-07-01 20:00:00+00:00
[2026-07-01T19:24:06.786+0000] {processor.py:208} INFO - Processing /opt/airflow/dags/ingest_avito_to_raw.py took 0.066 seconds
[2026-07-01T19:24:37.116+0000] {processor.py:186} INFO - Started process (PID=31178) to work on /opt/airflow/dags/ingest_avito_to_raw.py
[2026-07-01T19:24:37.117+0000] {processor.py:914} INFO - Processing file /opt/airflow/dags/ingest_avito_to_raw.py for tasks to queue
[2026-07-01T19:24:37.118+0000] {logging_mixin.py:190} INFO - [2026-07-01T19:24:37.118+0000] {dagbag.py:588} INFO - Filling up the DagBag from /opt/airflow/dags/ingest_avito_to_raw.py
[2026-07-01T19:24:37.123+0000] {processor.py:925} INFO - DAG(s) 'ingest_avito_to_raw' retrieved from /opt/airflow/dags/ingest_avito_to_raw.py
[2026-07-01T19:24:37.143+0000] {logging_mixin.py:190} INFO - [2026-07-01T19:24:37.143+0000] {dag.py:3239} INFO - Sync 1 DAGs
[2026-07-01T19:24:37.154+0000] {logging_mixin.py:190} INFO - [2026-07-01T19:24:37.154+0000] {dag.py:4180} INFO - Setting next_dagrun for ingest_avito_to_raw to 2026-07-01 19:00:00+00:00, run_after=2026-07-01 20:00:00+00:00
[2026-07-01T19:24:37.164+0000] {processor.py:208} INFO - Processing /opt/airflow/dags/ingest_avito_to_raw.py took 0.052 seconds
[2026-07-01T19:25:07.488+0000] {processor.py:186} INFO - Started process (PID=31188) to work on /opt/airflow/dags/ingest_avito_to_raw.py
[2026-07-01T19:25:07.489+0000] {processor.py:914} INFO - Processing file /opt/airflow/dags/ingest_avito_to_raw.py for tasks to queue
[2026-07-01T19:25:07.490+0000] {logging_mixin.py:190} INFO - [2026-07-01T19:25:07.490+0000] {dagbag.py:588} INFO - Filling up the DagBag from /opt/airflow/dags/ingest_avito_to_raw.py
[2026-07-01T19:25:07.495+0000] {processor.py:925} INFO - DAG(s) 'ingest_avito_to_raw' retrieved from /opt/airflow/dags/ingest_avito_to_raw.py
[2026-07-01T19:25:07.513+0000] {logging_mixin.py:190} INFO - [2026-07-01T19:25:07.513+0000] {dag.py:3239} INFO - Sync 1 DAGs
[2026-07-01T19:25:07.522+0000] {logging_mixin.py:190} INFO - [2026-07-01T19:25:07.522+0000] {dag.py:4180} INFO - Setting next_dagrun for ingest_avito_to_raw to 2026-07-01 19:00:00+00:00, run_after=2026-07-01 20:00:00+00:00
[2026-07-01T19:25:07.531+0000] {processor.py:208} INFO - Processing /opt/airflow/dags/ingest_avito_to_raw.py took 0.047 seconds
[2026-07-01T19:25:37.860+0000] {processor.py:186} INFO - Started process (PID=31198) to work on /opt/airflow/dags/ingest_avito_to_raw.py
[2026-07-01T19:25:37.861+0000] {processor.py:914} INFO - Processing file /opt/airflow/dags/ingest_avito_to_raw.py for tasks to queue
[2026-07-01T19:25:37.862+0000] {logging_mixin.py:190} INFO - [2026-07-01T19:25:37.861+0000] {dagbag.py:588} INFO - Filling up the DagBag from /opt/airflow/dags/ingest_avito_to_raw.py
[2026-07-01T19:25:37.867+0000] {processor.py:925} INFO - DAG(s) 'ingest_avito_to_raw' retrieved from /opt/airflow/dags/ingest_avito_to_raw.py
[2026-07-01T19:25:37.887+0000] {logging_mixin.py:190} INFO - [2026-07-01T19:25:37.887+0000] {dag.py:3239} INFO - Sync 1 DAGs
[2026-07-01T19:25:37.898+0000] {logging_mixin.py:190} INFO - [2026-07-01T19:25:37.897+0000] {dag.py:4180} INFO - Setting next_dagrun for ingest_avito_to_raw to 2026-07-01 19:00:00+00:00, run_after=2026-07-01 20:00:00+00:00
[2026-07-01T19:25:37.909+0000] {processor.py:208} INFO - Processing /opt/airflow/dags/ingest_avito_to_raw.py took 0.054 seconds
[2026-07-01T19:26:08.225+0000] {processor.py:186} INFO - Started process (PID=31208) to work on /opt/airflow/dags/ingest_avito_to_raw.py
[2026-07-01T19:26:08.226+0000] {processor.py:914} INFO - Processing file /opt/airflow/dags/ingest_avito_to_raw.py for tasks to queue
[2026-07-01T19:26:08.227+0000] {logging_mixin.py:190} INFO - [2026-07-01T19:26:08.227+0000] {dagbag.py:588} INFO - Filling up the DagBag from /opt/airflow/dags/ingest_avito_to_raw.py
[2026-07-01T19:26:08.231+0000] {processor.py:925} INFO - DAG(s) 'ingest_avito_to_raw' retrieved from /opt/airflow/dags/ingest_avito_to_raw.py
[2026-07-01T19:26:08.249+0000] {logging_mixin.py:190} INFO - [2026-07-01T19:26:08.249+0000] {dag.py:3239} INFO - Sync 1 DAGs
[2026-07-01T19:26:08.263+0000] {logging_mixin.py:190} INFO - [2026-07-01T19:26:08.263+0000] {dag.py:4180} INFO - Setting next_dagrun for ingest_avito_to_raw to 2026-07-01 19:00:00+00:00, run_after=2026-07-01 20:00:00+00:00
[2026-07-01T19:26:08.272+0000] {processor.py:208} INFO - Processing /opt/airflow/dags/ingest_avito_to_raw.py took 0.052 seconds
[2026-07-01T19:26:38.551+0000] {processor.py:186} INFO - Started process (PID=31218) to work on /opt/airflow/dags/ingest_avito_to_raw.py
[2026-07-01T19:26:38.552+0000] {processor.py:914} INFO - Processing file /opt/airflow/dags/ingest_avito_to_raw.py for tasks to queue
[2026-07-01T19:26:38.553+0000] {logging_mixin.py:190} INFO - [2026-07-01T19:26:38.552+0000] {dagbag.py:588} INFO - Filling up the DagBag from /opt/airflow/dags/ingest_avito_to_raw.py
[2026-07-01T19:26:38.556+0000] {processor.py:925} INFO - DAG(s) 'ingest_avito_to_raw' retrieved from /opt/airflow/dags/ingest_avito_to_raw.py
[2026-07-01T19:26:38.576+0000] {logging_mixin.py:190} INFO - [2026-07-01T19:26:38.576+0000] {dag.py:3239} INFO - Sync 1 DAGs
[2026-07-01T19:26:38.586+0000] {logging_mixin.py:190} INFO - [2026-07-01T19:26:38.586+0000] {dag.py:4180} INFO - Setting next_dagrun for ingest_avito_to_raw to 2026-07-01 19:00:00+00:00, run_after=2026-07-01 20:00:00+00:00
[2026-07-01T19:26:38.596+0000] {processor.py:208} INFO - Processing /opt/airflow/dags/ingest_avito_to_raw.py took 0.050 seconds
[2026-07-01T19:27:08.945+0000] {processor.py:186} INFO - Started process (PID=31228) to work on /opt/airflow/dags/ingest_avito_to_raw.py
[2026-07-01T19:27:08.945+0000] {processor.py:914} INFO - Processing file /opt/airflow/dags/ingest_avito_to_raw.py for tasks to queue
[2026-07-01T19:27:08.947+0000] {logging_mixin.py:190} INFO - [2026-07-01T19:27:08.946+0000] {dagbag.py:588} INFO - Filling up the DagBag from /opt/airflow/dags/ingest_avito_to_raw.py
[2026-07-01T19:27:08.951+0000] {processor.py:925} INFO - DAG(s) 'ingest_avito_to_raw' retrieved from /opt/airflow/dags/ingest_avito_to_raw.py
[2026-07-01T19:27:08.968+0000] {logging_mixin.py:190} INFO - [2026-07-01T19:27:08.968+0000] {dag.py:3239} INFO - Sync 1 DAGs
[2026-07-01T19:27:08.978+0000] {logging_mixin.py:190} INFO - [2026-07-01T19:27:08.978+0000] {dag.py:4180} INFO - Setting next_dagrun for ingest_avito_to_raw to 2026-07-01 19:00:00+00:00, run_after=2026-07-01 20:00:00+00:00
[2026-07-01T19:27:08.988+0000] {processor.py:208} INFO - Processing /opt/airflow/dags/ingest_avito_to_raw.py took 0.047 seconds
[2026-07-01T19:27:39.337+0000] {processor.py:186} INFO - Started process (PID=31238) to work on /opt/airflow/dags/ingest_avito_to_raw.py
[2026-07-01T19:27:39.338+0000] {processor.py:914} INFO - Processing file /opt/airflow/dags/ingest_avito_to_raw.py for tasks to queue
[2026-07-01T19:27:39.339+0000] {logging_mixin.py:190} INFO - [2026-07-01T19:27:39.339+0000] {dagbag.py:588} INFO - Filling up the DagBag from /opt/airflow/dags/ingest_avito_to_raw.py
[2026-07-01T19:27:39.344+0000] {processor.py:925} INFO - DAG(s) 'ingest_avito_to_raw' retrieved from /opt/airflow/dags/ingest_avito_to_raw.py
[2026-07-01T19:27:39.364+0000] {logging_mixin.py:190} INFO - [2026-07-01T19:27:39.364+0000] {dag.py:3239} INFO - Sync 1 DAGs
[2026-07-01T19:27:39.373+0000] {logging_mixin.py:190} INFO - [2026-07-01T19:27:39.373+0000] {dag.py:4180} INFO - Setting next_dagrun for ingest_avito_to_raw to 2026-07-01 19:00:00+00:00, run_after=2026-07-01 20:00:00+00:00
[2026-07-01T19:27:39.382+0000] {processor.py:208} INFO - Processing /opt/airflow/dags/ingest_avito_to_raw.py took 0.050 seconds
[2026-07-01T19:28:09.642+0000] {processor.py:186} INFO - Started process (PID=31248) to work on /opt/airflow/dags/ingest_avito_to_raw.py
[2026-07-01T19:28:09.643+0000] {processor.py:914} INFO - Processing file /opt/airflow/dags/ingest_avito_to_raw.py for tasks to queue
[2026-07-01T19:28:09.644+0000] {logging_mixin.py:190} INFO - [2026-07-01T19:28:09.644+0000] {dagbag.py:588} INFO - Filling up the DagBag from /opt/airflow/dags/ingest_avito_to_raw.py
[2026-07-01T19:28:09.649+0000] {processor.py:925} INFO - DAG(s) 'ingest_avito_to_raw' retrieved from /opt/airflow/dags/ingest_avito_to_raw.py
[2026-07-01T19:28:09.666+0000] {logging_mixin.py:190} INFO - [2026-07-01T19:28:09.666+0000] {dag.py:3239} INFO - Sync 1 DAGs
[2026-07-01T19:28:09.677+0000] {logging_mixin.py:190} INFO - [2026-07-01T19:28:09.677+0000] {dag.py:4180} INFO - Setting next_dagrun for ingest_avito_to_raw to 2026-07-01 19:00:00+00:00, run_after=2026-07-01 20:00:00+00:00
[2026-07-01T19:28:09.688+0000] {processor.py:208} INFO - Processing /opt/airflow/dags/ingest_avito_to_raw.py took 0.051 seconds
[2026-07-01T19:28:40.028+0000] {processor.py:186} INFO - Started process (PID=31258) to work on /opt/airflow/dags/ingest_avito_to_raw.py
[2026-07-01T19:28:40.029+0000] {processor.py:914} INFO - Processing file /opt/airflow/dags/ingest_avito_to_raw.py for tasks to queue
[2026-07-01T19:28:40.030+0000] {logging_mixin.py:190} INFO - [2026-07-01T19:28:40.029+0000] {dagbag.py:588} INFO - Filling up the DagBag from /opt/airflow/dags/ingest_avito_to_raw.py
[2026-07-01T19:28:40.035+0000] {processor.py:925} INFO - DAG(s) 'ingest_avito_to_raw' retrieved from /opt/airflow/dags/ingest_avito_to_raw.py
[2026-07-01T19:28:40.052+0000] {logging_mixin.py:190} INFO - [2026-07-01T19:28:40.052+0000] {dag.py:3239} INFO - Sync 1 DAGs
[2026-07-01T19:28:40.064+0000] {logging_mixin.py:190} INFO - [2026-07-01T19:28:40.063+0000] {dag.py:4180} INFO - Setting next_dagrun for ingest_avito_to_raw to 2026-07-01 19:00:00+00:00, run_after=2026-07-01 20:00:00+00:00
[2026-07-01T19:28:40.072+0000] {processor.py:208} INFO - Processing /opt/airflow/dags/ingest_avito_to_raw.py took 0.049 seconds
[2026-07-01T19:29:10.349+0000] {processor.py:186} INFO - Started process (PID=31268) to work on /opt/airflow/dags/ingest_avito_to_raw.py
[2026-07-01T19:29:10.350+0000] {processor.py:914} INFO - Processing file /opt/airflow/dags/ingest_avito_to_raw.py for tasks to queue
[2026-07-01T19:29:10.351+0000] {logging_mixin.py:190} INFO - [2026-07-01T19:29:10.350+0000] {dagbag.py:588} INFO - Filling up the DagBag from /opt/airflow/dags/ingest_avito_to_raw.py
[2026-07-01T19:29:10.355+0000] {processor.py:925} INFO - DAG(s) 'ingest_avito_to_raw' retrieved from /opt/airflow/dags/ingest_avito_to_raw.py
[2026-07-01T19:29:10.373+0000] {logging_mixin.py:190} INFO - [2026-07-01T19:29:10.373+0000] {dag.py:3239} INFO - Sync 1 DAGs
[2026-07-01T19:29:10.385+0000] {logging_mixin.py:190} INFO - [2026-07-01T19:29:10.385+0000] {dag.py:4180} INFO - Setting next_dagrun for ingest_avito_to_raw to 2026-07-01 19:00:00+00:00, run_after=2026-07-01 20:00:00+00:00
[2026-07-01T19:29:10.394+0000] {processor.py:208} INFO - Processing /opt/airflow/dags/ingest_avito_to_raw.py took 0.050 seconds
[2026-07-01T19:29:40.754+0000] {processor.py:186} INFO - Started process (PID=31278) to work on /opt/airflow/dags/ingest_avito_to_raw.py
[2026-07-01T19:29:40.754+0000] {processor.py:914} INFO - Processing file /opt/airflow/dags/ingest_avito_to_raw.py for tasks to queue
[2026-07-01T19:29:40.755+0000] {logging_mixin.py:190} INFO - [2026-07-01T19:29:40.755+0000] {dagbag.py:588} INFO - Filling up the DagBag from /opt/airflow/dags/ingest_avito_to_raw.py
[2026-07-01T19:29:40.759+0000] {processor.py:925} INFO - DAG(s) 'ingest_avito_to_raw' retrieved from /opt/airflow/dags/ingest_avito_to_raw.py
[2026-07-01T19:29:40.780+0000] {logging_mixin.py:190} INFO - [2026-07-01T19:29:40.780+0000] {dag.py:3239} INFO - Sync 1 DAGs
[2026-07-01T19:29:40.792+0000] {logging_mixin.py:190} INFO - [2026-07-01T19:29:40.792+0000] {dag.py:4180} INFO - Setting next_dagrun for ingest_avito_to_raw to 2026-07-01 19:00:00+00:00, run_after=2026-07-01 20:00:00+00:00
[2026-07-01T19:29:40.802+0000] {processor.py:208} INFO - Processing /opt/airflow/dags/ingest_avito_to_raw.py took 0.053 seconds
[2026-07-01T19:30:11.078+0000] {processor.py:186} INFO - Started process (PID=31288) to work on /opt/airflow/dags/ingest_avito_to_raw.py
[2026-07-01T19:30:11.079+0000] {processor.py:914} INFO - Processing file /opt/airflow/dags/ingest_avito_to_raw.py for tasks to queue
[2026-07-01T19:30:11.081+0000] {logging_mixin.py:190} INFO - [2026-07-01T19:30:11.080+0000] {dagbag.py:588} INFO - Filling up the DagBag from /opt/airflow/dags/ingest_avito_to_raw.py
[2026-07-01T19:30:11.087+0000] {processor.py:925} INFO - DAG(s) 'ingest_avito_to_raw' retrieved from /opt/airflow/dags/ingest_avito_to_raw.py
[2026-07-01T19:30:11.106+0000] {logging_mixin.py:190} INFO - [2026-07-01T19:30:11.106+0000] {dag.py:3239} INFO - Sync 1 DAGs
[2026-07-01T19:30:11.118+0000] {logging_mixin.py:190} INFO - [2026-07-01T19:30:11.117+0000] {dag.py:4180} INFO - Setting next_dagrun for ingest_avito_to_raw to 2026-07-01 19:00:00+00:00, run_after=2026-07-01 20:00:00+00:00
[2026-07-01T19:30:11.129+0000] {processor.py:208} INFO - Processing /opt/airflow/dags/ingest_avito_to_raw.py took 0.057 seconds
[2026-07-01T19:30:41.405+0000] {processor.py:186} INFO - Started process (PID=31298) to work on /opt/airflow/dags/ingest_avito_to_raw.py
[2026-07-01T19:30:41.406+0000] {processor.py:914} INFO - Processing file /opt/airflow/dags/ingest_avito_to_raw.py for tasks to queue
[2026-07-01T19:30:41.407+0000] {logging_mixin.py:190} INFO - [2026-07-01T19:30:41.407+0000] {dagbag.py:588} INFO - Filling up the DagBag from /opt/airflow/dags/ingest_avito_to_raw.py
[2026-07-01T19:30:41.412+0000] {processor.py:925} INFO - DAG(s) 'ingest_avito_to_raw' retrieved from /opt/airflow/dags/ingest_avito_to_raw.py
[2026-07-01T19:30:41.431+0000] {logging_mixin.py:190} INFO - [2026-07-01T19:30:41.431+0000] {dag.py:3239} INFO - Sync 1 DAGs
[2026-07-01T19:30:41.442+0000] {logging_mixin.py:190} INFO - [2026-07-01T19:30:41.442+0000] {dag.py:4180} INFO - Setting next_dagrun for ingest_avito_to_raw to 2026-07-01 19:00:00+00:00, run_after=2026-07-01 20:00:00+00:00
[2026-07-01T19:30:41.451+0000] {processor.py:208} INFO - Processing /opt/airflow/dags/ingest_avito_to_raw.py took 0.051 seconds
[2026-07-01T19:31:11.818+0000] {processor.py:186} INFO - Started process (PID=31308) to work on /opt/airflow/dags/ingest_avito_to_raw.py
[2026-07-01T19:31:11.819+0000] {processor.py:914} INFO - Processing file /opt/airflow/dags/ingest_avito_to_raw.py for tasks to queue
[2026-07-01T19:31:11.820+0000] {logging_mixin.py:190} INFO - [2026-07-01T19:31:11.819+0000] {dagbag.py:588} INFO - Filling up the DagBag from /opt/airflow/dags/ingest_avito_to_raw.py
[2026-07-01T19:31:11.824+0000] {processor.py:925} INFO - DAG(s) 'ingest_avito_to_raw' retrieved from /opt/airflow/dags/ingest_avito_to_raw.py
[2026-07-01T19:31:11.843+0000] {logging_mixin.py:190} INFO - [2026-07-01T19:31:11.843+0000] {dag.py:3239} INFO - Sync 1 DAGs
[2026-07-01T19:31:11.855+0000] {logging_mixin.py:190} INFO - [2026-07-01T19:31:11.854+0000] {dag.py:4180} INFO - Setting next_dagrun for ingest_avito_to_raw to 2026-07-01 19:00:00+00:00, run_after=2026-07-01 20:00:00+00:00
[2026-07-01T19:31:11.866+0000] {processor.py:208} INFO - Processing /opt/airflow/dags/ingest_avito_to_raw.py took 0.054 seconds
[2026-07-01T19:31:42.186+0000] {processor.py:186} INFO - Started process (PID=31318) to work on /opt/airflow/dags/ingest_avito_to_raw.py
[2026-07-01T19:31:42.187+0000] {processor.py:914} INFO - Processing file /opt/airflow/dags/ingest_avito_to_raw.py for tasks to queue
[2026-07-01T19:31:42.188+0000] {logging_mixin.py:190} INFO - [2026-07-01T19:31:42.188+0000] {dagbag.py:588} INFO - Filling up the DagBag from /opt/airflow/dags/ingest_avito_to_raw.py
[2026-07-01T19:31:42.193+0000] {processor.py:925} INFO - DAG(s) 'ingest_avito_to_raw' retrieved from /opt/airflow/dags/ingest_avito_to_raw.py
[2026-07-01T19:31:42.210+0000] {logging_mixin.py:190} INFO - [2026-07-01T19:31:42.210+0000] {dag.py:3239} INFO - Sync 1 DAGs
[2026-07-01T19:31:42.223+0000] {logging_mixin.py:190} INFO - [2026-07-01T19:31:42.223+0000] {dag.py:4180} INFO - Setting next_dagrun for ingest_avito_to_raw to 2026-07-01 19:00:00+00:00, run_after=2026-07-01 20:00:00+00:00
[2026-07-01T19:31:42.233+0000] {processor.py:208} INFO - Processing /opt/airflow/dags/ingest_avito_to_raw.py took 0.052 seconds
[2026-07-01T19:32:12.591+0000] {processor.py:186} INFO - Started process (PID=31328) to work on /opt/airflow/dags/ingest_avito_to_raw.py
[2026-07-01T19:32:12.592+0000] {processor.py:914} INFO - Processing file /opt/airflow/dags/ingest_avito_to_raw.py for tasks to queue
[2026-07-01T19:32:12.593+0000] {logging_mixin.py:190} INFO - [2026-07-01T19:32:12.592+0000] {dagbag.py:588} INFO - Filling up the DagBag from /opt/airflow/dags/ingest_avito_to_raw.py
[2026-07-01T19:32:12.597+0000] {processor.py:925} INFO - DAG(s) 'ingest_avito_to_raw' retrieved from /opt/airflow/dags/ingest_avito_to_raw.py
[2026-07-01T19:32:12.619+0000] {logging_mixin.py:190} INFO - [2026-07-01T19:32:12.618+0000] {dag.py:3239} INFO - Sync 1 DAGs
[2026-07-01T19:32:12.630+0000] {logging_mixin.py:190} INFO - [2026-07-01T19:32:12.630+0000] {dag.py:4180} INFO - Setting next_dagrun for ingest_avito_to_raw to 2026-07-01 19:00:00+00:00, run_after=2026-07-01 20:00:00+00:00
[2026-07-01T19:32:12.643+0000] {processor.py:208} INFO - Processing /opt/airflow/dags/ingest_avito_to_raw.py took 0.057 seconds
[2026-07-01T19:32:42.999+0000] {processor.py:186} INFO - Started process (PID=31338) to work on /opt/airflow/dags/ingest_avito_to_raw.py
[2026-07-01T19:32:42.999+0000] {processor.py:914} INFO - Processing file /opt/airflow/dags/ingest_avito_to_raw.py for tasks to queue
[2026-07-01T19:32:43.001+0000] {logging_mixin.py:190} INFO - [2026-07-01T19:32:43.000+0000] {dagbag.py:588} INFO - Filling up the DagBag from /opt/airflow/dags/ingest_avito_to_raw.py
[2026-07-01T19:32:43.007+0000] {processor.py:925} INFO - DAG(s) 'ingest_avito_to_raw' retrieved from /opt/airflow/dags/ingest_avito_to_raw.py
[2026-07-01T19:32:43.026+0000] {logging_mixin.py:190} INFO - [2026-07-01T19:32:43.026+0000] {dag.py:3239} INFO - Sync 1 DAGs
[2026-07-01T19:32:43.035+0000] {logging_mixin.py:190} INFO - [2026-07-01T19:32:43.035+0000] {dag.py:4180} INFO - Setting next_dagrun for ingest_avito_to_raw to 2026-07-01 19:00:00+00:00, run_after=2026-07-01 20:00:00+00:00
[2026-07-01T19:32:43.043+0000] {processor.py:208} INFO - Processing /opt/airflow/dags/ingest_avito_to_raw.py took 0.049 seconds
[2026-07-01T19:33:13.345+0000] {processor.py:186} INFO - Started process (PID=31348) to work on /opt/airflow/dags/ingest_avito_to_raw.py
[2026-07-01T19:33:13.346+0000] {processor.py:914} INFO - Processing file /opt/airflow/dags/ingest_avito_to_raw.py for tasks to queue
[2026-07-01T19:33:13.347+0000] {logging_mixin.py:190} INFO - [2026-07-01T19:33:13.347+0000] {dagbag.py:588} INFO - Filling up the DagBag from /opt/airflow/dags/ingest_avito_to_raw.py
[2026-07-01T19:33:13.351+0000] {processor.py:925} INFO - DAG(s) 'ingest_avito_to_raw' retrieved from /opt/airflow/dags/ingest_avito_to_raw.py
[2026-07-01T19:33:13.371+0000] {logging_mixin.py:190} INFO - [2026-07-01T19:33:13.371+0000] {dag.py:3239} INFO - Sync 1 DAGs
[2026-07-01T19:33:13.383+0000] {logging_mixin.py:190} INFO - [2026-07-01T19:33:13.383+0000] {dag.py:4180} INFO - Setting next_dagrun for ingest_avito_to_raw to 2026-07-01 19:00:00+00:00, run_after=2026-07-01 20:00:00+00:00
[2026-07-01T19:33:13.391+0000] {processor.py:208} INFO - Processing /opt/airflow/dags/ingest_avito_to_raw.py took 0.052 seconds
[2026-07-01T19:33:43.727+0000] {processor.py:186} INFO - Started process (PID=31358) to work on /opt/airflow/dags/ingest_avito_to_raw.py
[2026-07-01T19:33:43.727+0000] {processor.py:914} INFO - Processing file /opt/airflow/dags/ingest_avito_to_raw.py for tasks to queue
[2026-07-01T19:33:43.728+0000] {logging_mixin.py:190} INFO - [2026-07-01T19:33:43.728+0000] {dagbag.py:588} INFO - Filling up the DagBag from /opt/airflow/dags/ingest_avito_to_raw.py
[2026-07-01T19:33:43.733+0000] {processor.py:925} INFO - DAG(s) 'ingest_avito_to_raw' retrieved from /opt/airflow/dags/ingest_avito_to_raw.py
[2026-07-01T19:33:43.752+0000] {logging_mixin.py:190} INFO - [2026-07-01T19:33:43.752+0000] {dag.py:3239} INFO - Sync 1 DAGs
[2026-07-01T19:33:43.764+0000] {logging_mixin.py:190} INFO - [2026-07-01T19:33:43.764+0000] {dag.py:4180} INFO - Setting next_dagrun for ingest_avito_to_raw to 2026-07-01 19:00:00+00:00, run_after=2026-07-01 20:00:00+00:00
[2026-07-01T19:33:43.775+0000] {processor.py:208} INFO - Processing /opt/airflow/dags/ingest_avito_to_raw.py took 0.053 seconds
[2026-07-01T19:34:14.063+0000] {processor.py:186} INFO - Started process (PID=31368) to work on /opt/airflow/dags/ingest_avito_to_raw.py
[2026-07-01T19:34:14.064+0000] {processor.py:914} INFO - Processing file /opt/airflow/dags/ingest_avito_to_raw.py for tasks to queue
[2026-07-01T19:34:14.064+0000] {logging_mixin.py:190} INFO - [2026-07-01T19:34:14.064+0000] {dagbag.py:588} INFO - Filling up the DagBag from /opt/airflow/dags/ingest_avito_to_raw.py
[2026-07-01T19:34:14.070+0000] {processor.py:925} INFO - DAG(s) 'ingest_avito_to_raw' retrieved from /opt/airflow/dags/ingest_avito_to_raw.py
[2026-07-01T19:34:14.087+0000] {logging_mixin.py:190} INFO - [2026-07-01T19:34:14.087+0000] {dag.py:3239} INFO - Sync 1 DAGs
[2026-07-01T19:34:14.097+0000] {logging_mixin.py:190} INFO - [2026-07-01T19:34:14.097+0000] {dag.py:4180} INFO - Setting next_dagrun for ingest_avito_to_raw to 2026-07-01 19:00:00+00:00, run_after=2026-07-01 20:00:00+00:00
[2026-07-01T19:34:14.105+0000] {processor.py:208} INFO - Processing /opt/airflow/dags/ingest_avito_to_raw.py took 0.047 seconds
[2026-07-01T19:34:44.457+0000] {processor.py:186} INFO - Started process (PID=31378) to work on /opt/airflow/dags/ingest_avito_to_raw.py
[2026-07-01T19:34:44.459+0000] {processor.py:914} INFO - Processing file /opt/airflow/dags/ingest_avito_to_raw.py for tasks to queue
[2026-07-01T19:34:44.460+0000] {logging_mixin.py:190} INFO - [2026-07-01T19:34:44.459+0000] {dagbag.py:588} INFO - Filling up the DagBag from /opt/airflow/dags/ingest_avito_to_raw.py
[2026-07-01T19:34:44.465+0000] {processor.py:925} INFO - DAG(s) 'ingest_avito_to_raw' retrieved from /opt/airflow/dags/ingest_avito_to_raw.py
[2026-07-01T19:34:44.483+0000] {logging_mixin.py:190} INFO - [2026-07-01T19:34:44.483+0000] {dag.py:3239} INFO - Sync 1 DAGs
[2026-07-01T19:34:44.495+0000] {logging_mixin.py:190} INFO - [2026-07-01T19:34:44.495+0000] {dag.py:4180} INFO - Setting next_dagrun for ingest_avito_to_raw to 2026-07-01 19:00:00+00:00, run_after=2026-07-01 20:00:00+00:00
[2026-07-01T19:34:44.504+0000] {processor.py:208} INFO - Processing /opt/airflow/dags/ingest_avito_to_raw.py took 0.052 seconds
[2026-07-01T19:35:14.813+0000] {processor.py:186} INFO - Started process (PID=31388) to work on /opt/airflow/dags/ingest_avito_to_raw.py
[2026-07-01T19:35:14.814+0000] {processor.py:914} INFO - Processing file /opt/airflow/dags/ingest_avito_to_raw.py for tasks to queue
[2026-07-01T19:35:14.815+0000] {logging_mixin.py:190} INFO - [2026-07-01T19:35:14.815+0000] {dagbag.py:588} INFO - Filling up the DagBag from /opt/airflow/dags/ingest_avito_to_raw.py
[2026-07-01T19:35:14.820+0000] {processor.py:925} INFO - DAG(s) 'ingest_avito_to_raw' retrieved from /opt/airflow/dags/ingest_avito_to_raw.py
[2026-07-01T19:35:14.838+0000] {logging_mixin.py:190} INFO - [2026-07-01T19:35:14.838+0000] {dag.py:3239} INFO - Sync 1 DAGs
[2026-07-01T19:35:14.850+0000] {logging_mixin.py:190} INFO - [2026-07-01T19:35:14.850+0000] {dag.py:4180} INFO - Setting next_dagrun for ingest_avito_to_raw to 2026-07-01 19:00:00+00:00, run_after=2026-07-01 20:00:00+00:00
[2026-07-01T19:35:14.865+0000] {processor.py:208} INFO - Processing /opt/airflow/dags/ingest_avito_to_raw.py took 0.057 seconds
[2026-07-01T19:35:45.168+0000] {processor.py:186} INFO - Started process (PID=31398) to work on /opt/airflow/dags/ingest_avito_to_raw.py
[2026-07-01T19:35:45.169+0000] {processor.py:914} INFO - Processing file /opt/airflow/dags/ingest_avito_to_raw.py for tasks to queue
[2026-07-01T19:35:45.170+0000] {logging_mixin.py:190} INFO - [2026-07-01T19:35:45.170+0000] {dagbag.py:588} INFO - Filling up the DagBag from /opt/airflow/dags/ingest_avito_to_raw.py
[2026-07-01T19:35:45.175+0000] {processor.py:925} INFO - DAG(s) 'ingest_avito_to_raw' retrieved from /opt/airflow/dags/ingest_avito_to_raw.py
[2026-07-01T19:35:45.194+0000] {logging_mixin.py:190} INFO - [2026-07-01T19:35:45.194+0000] {dag.py:3239} INFO - Sync 1 DAGs
[2026-07-01T19:35:45.206+0000] {logging_mixin.py:190} INFO - [2026-07-01T19:35:45.206+0000] {dag.py:4180} INFO - Setting next_dagrun for ingest_avito_to_raw to 2026-07-01 19:00:00+00:00, run_after=2026-07-01 20:00:00+00:00
[2026-07-01T19:35:45.214+0000] {processor.py:208} INFO - Processing /opt/airflow/dags/ingest_avito_to_raw.py took 0.050 seconds
[2026-07-01T19:36:15.520+0000] {processor.py:186} INFO - Started process (PID=31408) to work on /opt/airflow/dags/ingest_avito_to_raw.py
[2026-07-01T19:36:15.521+0000] {processor.py:914} INFO - Processing file /opt/airflow/dags/ingest_avito_to_raw.py for tasks to queue
[2026-07-01T19:36:15.521+0000] {logging_mixin.py:190} INFO - [2026-07-01T19:36:15.521+0000] {dagbag.py:588} INFO - Filling up the DagBag from /opt/airflow/dags/ingest_avito_to_raw.py
[2026-07-01T19:36:15.529+0000] {processor.py:925} INFO - DAG(s) 'ingest_avito_to_raw' retrieved from /opt/airflow/dags/ingest_avito_to_raw.py
[2026-07-01T19:36:15.544+0000] {logging_mixin.py:190} INFO - [2026-07-01T19:36:15.544+0000] {dag.py:3239} INFO - Sync 1 DAGs
[2026-07-01T19:36:15.553+0000] {logging_mixin.py:190} INFO - [2026-07-01T19:36:15.553+0000] {dag.py:4180} INFO - Setting next_dagrun for ingest_avito_to_raw to 2026-07-01 19:00:00+00:00, run_after=2026-07-01 20:00:00+00:00
[2026-07-01T19:36:15.562+0000] {processor.py:208} INFO - Processing /opt/airflow/dags/ingest_avito_to_raw.py took 0.048 seconds
[2026-07-01T19:36:45.879+0000] {processor.py:186} INFO - Started process (PID=31418) to work on /opt/airflow/dags/ingest_avito_to_raw.py
[2026-07-01T19:36:45.879+0000] {processor.py:914} INFO - Processing file /opt/airflow/dags/ingest_avito_to_raw.py for tasks to queue
[2026-07-01T19:36:45.880+0000] {logging_mixin.py:190} INFO - [2026-07-01T19:36:45.880+0000] {dagbag.py:588} INFO - Filling up the DagBag from /opt/airflow/dags/ingest_avito_to_raw.py
[2026-07-01T19:36:45.886+0000] {processor.py:925} INFO - DAG(s) 'ingest_avito_to_raw' retrieved from /opt/airflow/dags/ingest_avito_to_raw.py
[2026-07-01T19:36:45.908+0000] {logging_mixin.py:190} INFO - [2026-07-01T19:36:45.908+0000] {dag.py:3239} INFO - Sync 1 DAGs
[2026-07-01T19:36:45.918+0000] {logging_mixin.py:190} INFO - [2026-07-01T19:36:45.918+0000] {dag.py:4180} INFO - Setting next_dagrun for ingest_avito_to_raw to 2026-07-01 19:00:00+00:00, run_after=2026-07-01 20:00:00+00:00
[2026-07-01T19:36:45.926+0000] {processor.py:208} INFO - Processing /opt/airflow/dags/ingest_avito_to_raw.py took 0.054 seconds
[2026-07-01T19:37:16.228+0000] {processor.py:186} INFO - Started process (PID=31428) to work on /opt/airflow/dags/ingest_avito_to_raw.py
[2026-07-01T19:37:16.228+0000] {processor.py:914} INFO - Processing file /opt/airflow/dags/ingest_avito_to_raw.py for tasks to queue
[2026-07-01T19:37:16.229+0000] {logging_mixin.py:190} INFO - [2026-07-01T19:37:16.229+0000] {dagbag.py:588} INFO - Filling up the DagBag from /opt/airflow/dags/ingest_avito_to_raw.py
[2026-07-01T19:37:16.234+0000] {processor.py:925} INFO - DAG(s) 'ingest_avito_to_raw' retrieved from /opt/airflow/dags/ingest_avito_to_raw.py
[2026-07-01T19:37:16.251+0000] {logging_mixin.py:190} INFO - [2026-07-01T19:37:16.251+0000] {dag.py:3239} INFO - Sync 1 DAGs
[2026-07-01T19:37:16.260+0000] {logging_mixin.py:190} INFO - [2026-07-01T19:37:16.260+0000] {dag.py:4180} INFO - Setting next_dagrun for ingest_avito_to_raw to 2026-07-01 19:00:00+00:00, run_after=2026-07-01 20:00:00+00:00
[2026-07-01T19:37:16.269+0000] {processor.py:208} INFO - Processing /opt/airflow/dags/ingest_avito_to_raw.py took 0.045 seconds
[2026-07-01T19:37:46.554+0000] {processor.py:186} INFO - Started process (PID=31438) to work on /opt/airflow/dags/ingest_avito_to_raw.py
[2026-07-01T19:37:46.555+0000] {processor.py:914} INFO - Processing file /opt/airflow/dags/ingest_avito_to_raw.py for tasks to queue
[2026-07-01T19:37:46.556+0000] {logging_mixin.py:190} INFO - [2026-07-01T19:37:46.556+0000] {dagbag.py:588} INFO - Filling up the DagBag from /opt/airflow/dags/ingest_avito_to_raw.py
[2026-07-01T19:37:46.561+0000] {processor.py:925} INFO - DAG(s) 'ingest_avito_to_raw' retrieved from /opt/airflow/dags/ingest_avito_to_raw.py
[2026-07-01T19:37:46.581+0000] {logging_mixin.py:190} INFO - [2026-07-01T19:37:46.581+0000] {dag.py:3239} INFO - Sync 1 DAGs
[2026-07-01T19:37:46.591+0000] {logging_mixin.py:190} INFO - [2026-07-01T19:37:46.591+0000] {dag.py:4180} INFO - Setting next_dagrun for ingest_avito_to_raw to 2026-07-01 19:00:00+00:00, run_after=2026-07-01 20:00:00+00:00
[2026-07-01T19:37:46.600+0000] {processor.py:208} INFO - Processing /opt/airflow/dags/ingest_avito_to_raw.py took 0.051 seconds
[2026-07-01T19:38:16.836+0000] {processor.py:186} INFO - Started process (PID=31448) to work on /opt/airflow/dags/ingest_avito_to_raw.py
[2026-07-01T19:38:16.836+0000] {processor.py:914} INFO - Processing file /opt/airflow/dags/ingest_avito_to_raw.py for tasks to queue
[2026-07-01T19:38:16.837+0000] {logging_mixin.py:190} INFO - [2026-07-01T19:38:16.837+0000] {dagbag.py:588} INFO - Filling up the DagBag from /opt/airflow/dags/ingest_avito_to_raw.py
[2026-07-01T19:38:16.841+0000] {processor.py:925} INFO - DAG(s) 'ingest_avito_to_raw' retrieved from /opt/airflow/dags/ingest_avito_to_raw.py
[2026-07-01T19:38:16.857+0000] {logging_mixin.py:190} INFO - [2026-07-01T19:38:16.857+0000] {dag.py:3239} INFO - Sync 1 DAGs
[2026-07-01T19:38:16.866+0000] {logging_mixin.py:190} INFO - [2026-07-01T19:38:16.866+0000] {dag.py:4180} INFO - Setting next_dagrun for ingest_avito_to_raw to 2026-07-01 19:00:00+00:00, run_after=2026-07-01 20:00:00+00:00
[2026-07-01T19:38:16.875+0000] {processor.py:208} INFO - Processing /opt/airflow/dags/ingest_avito_to_raw.py took 0.043 seconds
[2026-07-01T19:38:47.218+0000] {processor.py:186} INFO - Started process (PID=31458) to work on /opt/airflow/dags/ingest_avito_to_raw.py
[2026-07-01T19:38:47.218+0000] {processor.py:914} INFO - Processing file /opt/airflow/dags/ingest_avito_to_raw.py for tasks to queue
[2026-07-01T19:38:47.220+0000] {logging_mixin.py:190} INFO - [2026-07-01T19:38:47.219+0000] {dagbag.py:588} INFO - Filling up the DagBag from /opt/airflow/dags/ingest_avito_to_raw.py
[2026-07-01T19:38:47.229+0000] {processor.py:925} INFO - DAG(s) 'ingest_avito_to_raw' retrieved from /opt/airflow/dags/ingest_avito_to_raw.py
[2026-07-01T19:38:47.254+0000] {logging_mixin.py:190} INFO - [2026-07-01T19:38:47.254+0000] {dag.py:3239} INFO - Sync 1 DAGs
[2026-07-01T19:38:47.269+0000] {logging_mixin.py:190} INFO - [2026-07-01T19:38:47.269+0000] {dag.py:4180} INFO - Setting next_dagrun for ingest_avito_to_raw to 2026-07-01 19:00:00+00:00, run_after=2026-07-01 20:00:00+00:00
[2026-07-01T19:38:47.281+0000] {processor.py:208} INFO - Processing /opt/airflow/dags/ingest_avito_to_raw.py took 0.072 seconds
[2026-07-01T19:39:17.531+0000] {processor.py:186} INFO - Started process (PID=31468) to work on /opt/airflow/dags/ingest_avito_to_raw.py
[2026-07-01T19:39:17.532+0000] {processor.py:914} INFO - Processing file /opt/airflow/dags/ingest_avito_to_raw.py for tasks to queue
[2026-07-01T19:39:17.533+0000] {logging_mixin.py:190} INFO - [2026-07-01T19:39:17.533+0000] {dagbag.py:588} INFO - Filling up the DagBag from /opt/airflow/dags/ingest_avito_to_raw.py
[2026-07-01T19:39:17.537+0000] {processor.py:925} INFO - DAG(s) 'ingest_avito_to_raw' retrieved from /opt/airflow/dags/ingest_avito_to_raw.py
[2026-07-01T19:39:17.554+0000] {logging_mixin.py:190} INFO - [2026-07-01T19:39:17.554+0000] {dag.py:3239} INFO - Sync 1 DAGs
[2026-07-01T19:39:17.568+0000] {logging_mixin.py:190} INFO - [2026-07-01T19:39:17.568+0000] {dag.py:4180} INFO - Setting next_dagrun for ingest_avito_to_raw to 2026-07-01 19:00:00+00:00, run_after=2026-07-01 20:00:00+00:00
[2026-07-01T19:39:17.579+0000] {processor.py:208} INFO - Processing /opt/airflow/dags/ingest_avito_to_raw.py took 0.055 seconds
[2026-07-01T19:39:47.901+0000] {processor.py:186} INFO - Started process (PID=31478) to work on /opt/airflow/dags/ingest_avito_to_raw.py
[2026-07-01T19:39:47.902+0000] {processor.py:914} INFO - Processing file /opt/airflow/dags/ingest_avito_to_raw.py for tasks to queue
[2026-07-01T19:39:47.903+0000] {logging_mixin.py:190} INFO - [2026-07-01T19:39:47.903+0000] {dagbag.py:588} INFO - Filling up the DagBag from /opt/airflow/dags/ingest_avito_to_raw.py
[2026-07-01T19:39:47.909+0000] {processor.py:925} INFO - DAG(s) 'ingest_avito_to_raw' retrieved from /opt/airflow/dags/ingest_avito_to_raw.py
[2026-07-01T19:39:47.929+0000] {logging_mixin.py:190} INFO - [2026-07-01T19:39:47.929+0000] {dag.py:3239} INFO - Sync 1 DAGs
[2026-07-01T19:39:47.943+0000] {logging_mixin.py:190} INFO - [2026-07-01T19:39:47.943+0000] {dag.py:4180} INFO - Setting next_dagrun for ingest_avito_to_raw to 2026-07-01 19:00:00+00:00, run_after=2026-07-01 20:00:00+00:00
[2026-07-01T19:39:47.955+0000] {processor.py:208} INFO - Processing /opt/airflow/dags/ingest_avito_to_raw.py took 0.059 seconds
[2026-07-01T19:40:18.310+0000] {processor.py:186} INFO - Started process (PID=31488) to work on /opt/airflow/dags/ingest_avito_to_raw.py
[2026-07-01T19:40:18.311+0000] {processor.py:914} INFO - Processing file /opt/airflow/dags/ingest_avito_to_raw.py for tasks to queue
[2026-07-01T19:40:18.312+0000] {logging_mixin.py:190} INFO - [2026-07-01T19:40:18.312+0000] {dagbag.py:588} INFO - Filling up the DagBag from /opt/airflow/dags/ingest_avito_to_raw.py
[2026-07-01T19:40:18.317+0000] {processor.py:925} INFO - DAG(s) 'ingest_avito_to_raw' retrieved from /opt/airflow/dags/ingest_avito_to_raw.py
[2026-07-01T19:40:18.337+0000] {logging_mixin.py:190} INFO - [2026-07-01T19:40:18.336+0000] {dag.py:3239} INFO - Sync 1 DAGs
[2026-07-01T19:40:18.348+0000] {logging_mixin.py:190} INFO - [2026-07-01T19:40:18.348+0000] {dag.py:4180} INFO - Setting next_dagrun for ingest_avito_to_raw to 2026-07-01 19:00:00+00:00, run_after=2026-07-01 20:00:00+00:00
[2026-07-01T19:40:18.357+0000] {processor.py:208} INFO - Processing /opt/airflow/dags/ingest_avito_to_raw.py took 0.052 seconds
[2026-07-01T19:40:48.699+0000] {processor.py:186} INFO - Started process (PID=31498) to work on /opt/airflow/dags/ingest_avito_to_raw.py
[2026-07-01T19:40:48.699+0000] {processor.py:914} INFO - Processing file /opt/airflow/dags/ingest_avito_to_raw.py for tasks to queue
[2026-07-01T19:40:48.700+0000] {logging_mixin.py:190} INFO - [2026-07-01T19:40:48.700+0000] {dagbag.py:588} INFO - Filling up the DagBag from /opt/airflow/dags/ingest_avito_to_raw.py
[2026-07-01T19:40:48.704+0000] {processor.py:925} INFO - DAG(s) 'ingest_avito_to_raw' retrieved from /opt/airflow/dags/ingest_avito_to_raw.py
[2026-07-01T19:40:48.724+0000] {logging_mixin.py:190} INFO - [2026-07-01T19:40:48.723+0000] {dag.py:3239} INFO - Sync 1 DAGs
[2026-07-01T19:40:48.734+0000] {logging_mixin.py:190} INFO - [2026-07-01T19:40:48.734+0000] {dag.py:4180} INFO - Setting next_dagrun for ingest_avito_to_raw to 2026-07-01 19:00:00+00:00, run_after=2026-07-01 20:00:00+00:00
[2026-07-01T19:40:48.742+0000] {processor.py:208} INFO - Processing /opt/airflow/dags/ingest_avito_to_raw.py took 0.049 seconds
[2026-07-01T19:41:19.046+0000] {processor.py:186} INFO - Started process (PID=31508) to work on /opt/airflow/dags/ingest_avito_to_raw.py
[2026-07-01T19:41:19.047+0000] {processor.py:914} INFO - Processing file /opt/airflow/dags/ingest_avito_to_raw.py for tasks to queue
[2026-07-01T19:41:19.048+0000] {logging_mixin.py:190} INFO - [2026-07-01T19:41:19.048+0000] {dagbag.py:588} INFO - Filling up the DagBag from /opt/airflow/dags/ingest_avito_to_raw.py
[2026-07-01T19:41:19.055+0000] {processor.py:925} INFO - DAG(s) 'ingest_avito_to_raw' retrieved from /opt/airflow/dags/ingest_avito_to_raw.py
[2026-07-01T19:41:19.074+0000] {logging_mixin.py:190} INFO - [2026-07-01T19:41:19.073+0000] {dag.py:3239} INFO - Sync 1 DAGs
[2026-07-01T19:41:19.086+0000] {logging_mixin.py:190} INFO - [2026-07-01T19:41:19.085+0000] {dag.py:4180} INFO - Setting next_dagrun for ingest_avito_to_raw to 2026-07-01 19:00:00+00:00, run_after=2026-07-01 20:00:00+00:00
[2026-07-01T19:41:19.094+0000] {processor.py:208} INFO - Processing /opt/airflow/dags/ingest_avito_to_raw.py took 0.053 seconds
[2026-07-01T19:41:49.420+0000] {processor.py:186} INFO - Started process (PID=31518) to work on /opt/airflow/dags/ingest_avito_to_raw.py
[2026-07-01T19:41:49.420+0000] {processor.py:914} INFO - Processing file /opt/airflow/dags/ingest_avito_to_raw.py for tasks to queue
[2026-07-01T19:41:49.421+0000] {logging_mixin.py:190} INFO - [2026-07-01T19:41:49.421+0000] {dagbag.py:588} INFO - Filling up the DagBag from /opt/airflow/dags/ingest_avito_to_raw.py
[2026-07-01T19:41:49.425+0000] {processor.py:925} INFO - DAG(s) 'ingest_avito_to_raw' retrieved from /opt/airflow/dags/ingest_avito_to_raw.py
[2026-07-01T19:41:49.443+0000] {logging_mixin.py:190} INFO - [2026-07-01T19:41:49.443+0000] {dag.py:3239} INFO - Sync 1 DAGs
[2026-07-01T19:41:49.454+0000] {logging_mixin.py:190} INFO - [2026-07-01T19:41:49.454+0000] {dag.py:4180} INFO - Setting next_dagrun for ingest_avito_to_raw to 2026-07-01 19:00:00+00:00, run_after=2026-07-01 20:00:00+00:00
[2026-07-01T19:41:49.463+0000] {processor.py:208} INFO - Processing /opt/airflow/dags/ingest_avito_to_raw.py took 0.048 seconds
[2026-07-01T19:42:19.733+0000] {processor.py:186} INFO - Started process (PID=31528) to work on /opt/airflow/dags/ingest_avito_to_raw.py
[2026-07-01T19:42:19.734+0000] {processor.py:914} INFO - Processing file /opt/airflow/dags/ingest_avito_to_raw.py for tasks to queue
[2026-07-01T19:42:19.735+0000] {logging_mixin.py:190} INFO - [2026-07-01T19:42:19.735+0000] {dagbag.py:588} INFO - Filling up the DagBag from /opt/airflow/dags/ingest_avito_to_raw.py
[2026-07-01T19:42:19.739+0000] {processor.py:925} INFO - DAG(s) 'ingest_avito_to_raw' retrieved from /opt/airflow/dags/ingest_avito_to_raw.py
[2026-07-01T19:42:19.759+0000] {logging_mixin.py:190} INFO - [2026-07-01T19:42:19.758+0000] {dag.py:3239} INFO - Sync 1 DAGs
[2026-07-01T19:42:19.770+0000] {logging_mixin.py:190} INFO - [2026-07-01T19:42:19.769+0000] {dag.py:4180} INFO - Setting next_dagrun for ingest_avito_to_raw to 2026-07-01 19:00:00+00:00, run_after=2026-07-01 20:00:00+00:00
[2026-07-01T19:42:19.779+0000] {processor.py:208} INFO - Processing /opt/airflow/dags/ingest_avito_to_raw.py took 0.051 seconds
[2026-07-01T19:42:50.065+0000] {processor.py:186} INFO - Started process (PID=31538) to work on /opt/airflow/dags/ingest_avito_to_raw.py
[2026-07-01T19:42:50.066+0000] {processor.py:914} INFO - Processing file /opt/airflow/dags/ingest_avito_to_raw.py for tasks to queue
[2026-07-01T19:42:50.067+0000] {logging_mixin.py:190} INFO - [2026-07-01T19:42:50.067+0000] {dagbag.py:588} INFO - Filling up the DagBag from /opt/airflow/dags/ingest_avito_to_raw.py
[2026-07-01T19:42:50.071+0000] {processor.py:925} INFO - DAG(s) 'ingest_avito_to_raw' retrieved from /opt/airflow/dags/ingest_avito_to_raw.py
[2026-07-01T19:42:50.091+0000] {logging_mixin.py:190} INFO - [2026-07-01T19:42:50.090+0000] {dag.py:3239} INFO - Sync 1 DAGs
[2026-07-01T19:42:50.101+0000] {logging_mixin.py:190} INFO - [2026-07-01T19:42:50.101+0000] {dag.py:4180} INFO - Setting next_dagrun for ingest_avito_to_raw to 2026-07-01 19:00:00+00:00, run_after=2026-07-01 20:00:00+00:00
[2026-07-01T19:42:50.109+0000] {processor.py:208} INFO - Processing /opt/airflow/dags/ingest_avito_to_raw.py took 0.049 seconds
[2026-07-01T19:43:20.487+0000] {processor.py:186} INFO - Started process (PID=31548) to work on /opt/airflow/dags/ingest_avito_to_raw.py
[2026-07-01T19:43:20.488+0000] {processor.py:914} INFO - Processing file /opt/airflow/dags/ingest_avito_to_raw.py for tasks to queue
[2026-07-01T19:43:20.489+0000] {logging_mixin.py:190} INFO - [2026-07-01T19:43:20.489+0000] {dagbag.py:588} INFO - Filling up the DagBag from /opt/airflow/dags/ingest_avito_to_raw.py
[2026-07-01T19:43:20.493+0000] {processor.py:925} INFO - DAG(s) 'ingest_avito_to_raw' retrieved from /opt/airflow/dags/ingest_avito_to_raw.py
[2026-07-01T19:43:20.511+0000] {logging_mixin.py:190} INFO - [2026-07-01T19:43:20.511+0000] {dag.py:3239} INFO - Sync 1 DAGs
[2026-07-01T19:43:20.522+0000] {logging_mixin.py:190} INFO - [2026-07-01T19:43:20.522+0000] {dag.py:4180} INFO - Setting next_dagrun for ingest_avito_to_raw to 2026-07-01 19:00:00+00:00, run_after=2026-07-01 20:00:00+00:00
[2026-07-01T19:43:20.533+0000] {processor.py:208} INFO - Processing /opt/airflow/dags/ingest_avito_to_raw.py took 0.051 seconds
[2026-07-01T19:43:50.878+0000] {processor.py:186} INFO - Started process (PID=31558) to work on /opt/airflow/dags/ingest_avito_to_raw.py
[2026-07-01T19:43:50.879+0000] {processor.py:914} INFO - Processing file /opt/airflow/dags/ingest_avito_to_raw.py for tasks to queue
[2026-07-01T19:43:50.880+0000] {logging_mixin.py:190} INFO - [2026-07-01T19:43:50.879+0000] {dagbag.py:588} INFO - Filling up the DagBag from /opt/airflow/dags/ingest_avito_to_raw.py
[2026-07-01T19:43:50.884+0000] {processor.py:925} INFO - DAG(s) 'ingest_avito_to_raw' retrieved from /opt/airflow/dags/ingest_avito_to_raw.py
[2026-07-01T19:43:50.906+0000] {logging_mixin.py:190} INFO - [2026-07-01T19:43:50.906+0000] {dag.py:3239} INFO - Sync 1 DAGs
[2026-07-01T19:43:50.917+0000] {logging_mixin.py:190} INFO - [2026-07-01T19:43:50.916+0000] {dag.py:4180} INFO - Setting next_dagrun for ingest_avito_to_raw to 2026-07-01 19:00:00+00:00, run_after=2026-07-01 20:00:00+00:00
[2026-07-01T19:43:50.924+0000] {processor.py:208} INFO - Processing /opt/airflow/dags/ingest_avito_to_raw.py took 0.054 seconds
[2026-07-01T19:44:21.272+0000] {processor.py:186} INFO - Started process (PID=31568) to work on /opt/airflow/dags/ingest_avito_to_raw.py
[2026-07-01T19:44:21.273+0000] {processor.py:914} INFO - Processing file /opt/airflow/dags/ingest_avito_to_raw.py for tasks to queue
[2026-07-01T19:44:21.274+0000] {logging_mixin.py:190} INFO - [2026-07-01T19:44:21.274+0000] {dagbag.py:588} INFO - Filling up the DagBag from /opt/airflow/dags/ingest_avito_to_raw.py
[2026-07-01T19:44:21.278+0000] {processor.py:925} INFO - DAG(s) 'ingest_avito_to_raw' retrieved from /opt/airflow/dags/ingest_avito_to_raw.py
[2026-07-01T19:44:21.294+0000] {logging_mixin.py:190} INFO - [2026-07-01T19:44:21.294+0000] {dag.py:3239} INFO - Sync 1 DAGs
[2026-07-01T19:44:21.304+0000] {logging_mixin.py:190} INFO - [2026-07-01T19:44:21.304+0000] {dag.py:4180} INFO - Setting next_dagrun for ingest_avito_to_raw to 2026-07-01 19:00:00+00:00, run_after=2026-07-01 20:00:00+00:00
[2026-07-01T19:44:21.313+0000] {processor.py:208} INFO - Processing /opt/airflow/dags/ingest_avito_to_raw.py took 0.044 seconds
[2026-07-01T19:44:51.595+0000] {processor.py:186} INFO - Started process (PID=31578) to work on /opt/airflow/dags/ingest_avito_to_raw.py
[2026-07-01T19:44:51.596+0000] {processor.py:914} INFO - Processing file /opt/airflow/dags/ingest_avito_to_raw.py for tasks to queue
[2026-07-01T19:44:51.597+0000] {logging_mixin.py:190} INFO - [2026-07-01T19:44:51.596+0000] {dagbag.py:588} INFO - Filling up the DagBag from /opt/airflow/dags/ingest_avito_to_raw.py
[2026-07-01T19:44:51.601+0000] {processor.py:925} INFO - DAG(s) 'ingest_avito_to_raw' retrieved from /opt/airflow/dags/ingest_avito_to_raw.py
[2026-07-01T19:44:51.617+0000] {logging_mixin.py:190} INFO - [2026-07-01T19:44:51.617+0000] {dag.py:3239} INFO - Sync 1 DAGs
[2026-07-01T19:44:51.626+0000] {logging_mixin.py:190} INFO - [2026-07-01T19:44:51.626+0000] {dag.py:4180} INFO - Setting next_dagrun for ingest_avito_to_raw to 2026-07-01 19:00:00+00:00, run_after=2026-07-01 20:00:00+00:00
[2026-07-01T19:44:51.636+0000] {processor.py:208} INFO - Processing /opt/airflow/dags/ingest_avito_to_raw.py took 0.046 seconds
[2026-07-01T19:45:21.988+0000] {processor.py:186} INFO - Started process (PID=31588) to work on /opt/airflow/dags/ingest_avito_to_raw.py
[2026-07-01T19:45:21.989+0000] {processor.py:914} INFO - Processing file /opt/airflow/dags/ingest_avito_to_raw.py for tasks to queue
[2026-07-01T19:45:21.990+0000] {logging_mixin.py:190} INFO - [2026-07-01T19:45:21.989+0000] {dagbag.py:588} INFO - Filling up the DagBag from /opt/airflow/dags/ingest_avito_to_raw.py
[2026-07-01T19:45:21.994+0000] {processor.py:925} INFO - DAG(s) 'ingest_avito_to_raw' retrieved from /opt/airflow/dags/ingest_avito_to_raw.py
[2026-07-01T19:45:22.013+0000] {logging_mixin.py:190} INFO - [2026-07-01T19:45:22.013+0000] {dag.py:3239} INFO - Sync 1 DAGs
[2026-07-01T19:45:22.023+0000] {logging_mixin.py:190} INFO - [2026-07-01T19:45:22.023+0000] {dag.py:4180} INFO - Setting next_dagrun for ingest_avito_to_raw to 2026-07-01 19:00:00+00:00, run_after=2026-07-01 20:00:00+00:00
[2026-07-01T19:45:22.032+0000] {processor.py:208} INFO - Processing /opt/airflow/dags/ingest_avito_to_raw.py took 0.049 seconds
[2026-07-01T19:45:52.396+0000] {processor.py:186} INFO - Started process (PID=31598) to work on /opt/airflow/dags/ingest_avito_to_raw.py
[2026-07-01T19:45:52.397+0000] {processor.py:914} INFO - Processing file /opt/airflow/dags/ingest_avito_to_raw.py for tasks to queue
[2026-07-01T19:45:52.398+0000] {logging_mixin.py:190} INFO - [2026-07-01T19:45:52.398+0000] {dagbag.py:588} INFO - Filling up the DagBag from /opt/airflow/dags/ingest_avito_to_raw.py
[2026-07-01T19:45:52.402+0000] {processor.py:925} INFO - DAG(s) 'ingest_avito_to_raw' retrieved from /opt/airflow/dags/ingest_avito_to_raw.py
[2026-07-01T19:45:52.420+0000] {logging_mixin.py:190} INFO - [2026-07-01T19:45:52.420+0000] {dag.py:3239} INFO - Sync 1 DAGs
[2026-07-01T19:45:52.429+0000] {logging_mixin.py:190} INFO - [2026-07-01T19:45:52.429+0000] {dag.py:4180} INFO - Setting next_dagrun for ingest_avito_to_raw to 2026-07-01 19:00:00+00:00, run_after=2026-07-01 20:00:00+00:00
[2026-07-01T19:45:52.438+0000] {processor.py:208} INFO - Processing /opt/airflow/dags/ingest_avito_to_raw.py took 0.047 seconds
[2026-07-01T19:46:22.729+0000] {processor.py:186} INFO - Started process (PID=31608) to work on /opt/airflow/dags/ingest_avito_to_raw.py
[2026-07-01T19:46:22.731+0000] {processor.py:914} INFO - Processing file /opt/airflow/dags/ingest_avito_to_raw.py for tasks to queue
[2026-07-01T19:46:22.732+0000] {logging_mixin.py:190} INFO - [2026-07-01T19:46:22.731+0000] {dagbag.py:588} INFO - Filling up the DagBag from /opt/airflow/dags/ingest_avito_to_raw.py
[2026-07-01T19:46:22.739+0000] {processor.py:925} INFO - DAG(s) 'ingest_avito_to_raw' retrieved from /opt/airflow/dags/ingest_avito_to_raw.py
[2026-07-01T19:46:22.762+0000] {logging_mixin.py:190} INFO - [2026-07-01T19:46:22.762+0000] {dag.py:3239} INFO - Sync 1 DAGs
[2026-07-01T19:46:22.776+0000] {logging_mixin.py:190} INFO - [2026-07-01T19:46:22.776+0000] {dag.py:4180} INFO - Setting next_dagrun for ingest_avito_to_raw to 2026-07-01 19:00:00+00:00, run_after=2026-07-01 20:00:00+00:00
[2026-07-01T19:46:22.786+0000] {processor.py:208} INFO - Processing /opt/airflow/dags/ingest_avito_to_raw.py took 0.065 seconds
[2026-07-01T19:46:53.100+0000] {processor.py:186} INFO - Started process (PID=31618) to work on /opt/airflow/dags/ingest_avito_to_raw.py
[2026-07-01T19:46:53.101+0000] {processor.py:914} INFO - Processing file /opt/airflow/dags/ingest_avito_to_raw.py for tasks to queue
[2026-07-01T19:46:53.102+0000] {logging_mixin.py:190} INFO - [2026-07-01T19:46:53.102+0000] {dagbag.py:588} INFO - Filling up the DagBag from /opt/airflow/dags/ingest_avito_to_raw.py
[2026-07-01T19:46:53.107+0000] {processor.py:925} INFO - DAG(s) 'ingest_avito_to_raw' retrieved from /opt/airflow/dags/ingest_avito_to_raw.py
[2026-07-01T19:46:53.127+0000] {logging_mixin.py:190} INFO - [2026-07-01T19:46:53.127+0000] {dag.py:3239} INFO - Sync 1 DAGs
[2026-07-01T19:46:53.138+0000] {logging_mixin.py:190} INFO - [2026-07-01T19:46:53.138+0000] {dag.py:4180} INFO - Setting next_dagrun for ingest_avito_to_raw to 2026-07-01 19:00:00+00:00, run_after=2026-07-01 20:00:00+00:00
[2026-07-01T19:46:53.148+0000] {processor.py:208} INFO - Processing /opt/airflow/dags/ingest_avito_to_raw.py took 0.053 seconds
[2026-07-01T19:47:23.474+0000] {processor.py:186} INFO - Started process (PID=31628) to work on /opt/airflow/dags/ingest_avito_to_raw.py
[2026-07-01T19:47:23.474+0000] {processor.py:914} INFO - Processing file /opt/airflow/dags/ingest_avito_to_raw.py for tasks to queue
[2026-07-01T19:47:23.475+0000] {logging_mixin.py:190} INFO - [2026-07-01T19:47:23.475+0000] {dagbag.py:588} INFO - Filling up the DagBag from /opt/airflow/dags/ingest_avito_to_raw.py
[2026-07-01T19:47:23.480+0000] {processor.py:925} INFO - DAG(s) 'ingest_avito_to_raw' retrieved from /opt/airflow/dags/ingest_avito_to_raw.py
[2026-07-01T19:47:23.500+0000] {logging_mixin.py:190} INFO - [2026-07-01T19:47:23.500+0000] {dag.py:3239} INFO - Sync 1 DAGs
[2026-07-01T19:47:23.512+0000] {logging_mixin.py:190} INFO - [2026-07-01T19:47:23.512+0000] {dag.py:4180} INFO - Setting next_dagrun for ingest_avito_to_raw to 2026-07-01 19:00:00+00:00, run_after=2026-07-01 20:00:00+00:00
[2026-07-01T19:47:23.525+0000] {processor.py:208} INFO - Processing /opt/airflow/dags/ingest_avito_to_raw.py took 0.057 seconds
[2026-07-01T19:47:53.855+0000] {processor.py:186} INFO - Started process (PID=31638) to work on /opt/airflow/dags/ingest_avito_to_raw.py
[2026-07-01T19:47:53.856+0000] {processor.py:914} INFO - Processing file /opt/airflow/dags/ingest_avito_to_raw.py for tasks to queue
[2026-07-01T19:47:53.857+0000] {logging_mixin.py:190} INFO - [2026-07-01T19:47:53.857+0000] {dagbag.py:588} INFO - Filling up the DagBag from /opt/airflow/dags/ingest_avito_to_raw.py
[2026-07-01T19:47:53.862+0000] {processor.py:925} INFO - DAG(s) 'ingest_avito_to_raw' retrieved from /opt/airflow/dags/ingest_avito_to_raw.py
[2026-07-01T19:47:53.881+0000] {logging_mixin.py:190} INFO - [2026-07-01T19:47:53.881+0000] {dag.py:3239} INFO - Sync 1 DAGs
[2026-07-01T19:47:53.893+0000] {logging_mixin.py:190} INFO - [2026-07-01T19:47:53.893+0000] {dag.py:4180} INFO - Setting next_dagrun for ingest_avito_to_raw to 2026-07-01 19:00:00+00:00, run_after=2026-07-01 20:00:00+00:00
[2026-07-01T19:47:53.903+0000] {processor.py:208} INFO - Processing /opt/airflow/dags/ingest_avito_to_raw.py took 0.053 seconds
[2026-07-01T19:48:24.222+0000] {processor.py:186} INFO - Started process (PID=31648) to work on /opt/airflow/dags/ingest_avito_to_raw.py
[2026-07-01T19:48:24.223+0000] {processor.py:914} INFO - Processing file /opt/airflow/dags/ingest_avito_to_raw.py for tasks to queue
[2026-07-01T19:48:24.224+0000] {logging_mixin.py:190} INFO - [2026-07-01T19:48:24.224+0000] {dagbag.py:588} INFO - Filling up the DagBag from /opt/airflow/dags/ingest_avito_to_raw.py
[2026-07-01T19:48:24.228+0000] {processor.py:925} INFO - DAG(s) 'ingest_avito_to_raw' retrieved from /opt/airflow/dags/ingest_avito_to_raw.py
[2026-07-01T19:48:24.247+0000] {logging_mixin.py:190} INFO - [2026-07-01T19:48:24.247+0000] {dag.py:3239} INFO - Sync 1 DAGs
[2026-07-01T19:48:24.260+0000] {logging_mixin.py:190} INFO - [2026-07-01T19:48:24.260+0000] {dag.py:4180} INFO - Setting next_dagrun for ingest_avito_to_raw to 2026-07-01 19:00:00+00:00, run_after=2026-07-01 20:00:00+00:00
[2026-07-01T19:48:24.272+0000] {processor.py:208} INFO - Processing /opt/airflow/dags/ingest_avito_to_raw.py took 0.056 seconds
[2026-07-01T19:48:54.605+0000] {processor.py:186} INFO - Started process (PID=31658) to work on /opt/airflow/dags/ingest_avito_to_raw.py
[2026-07-01T19:48:54.606+0000] {processor.py:914} INFO - Processing file /opt/airflow/dags/ingest_avito_to_raw.py for tasks to queue
[2026-07-01T19:48:54.606+0000] {logging_mixin.py:190} INFO - [2026-07-01T19:48:54.606+0000] {dagbag.py:588} INFO - Filling up the DagBag from /opt/airflow/dags/ingest_avito_to_raw.py
[2026-07-01T19:48:54.611+0000] {processor.py:925} INFO - DAG(s) 'ingest_avito_to_raw' retrieved from /opt/airflow/dags/ingest_avito_to_raw.py
[2026-07-01T19:48:54.629+0000] {logging_mixin.py:190} INFO - [2026-07-01T19:48:54.629+0000] {dag.py:3239} INFO - Sync 1 DAGs
[2026-07-01T19:48:54.640+0000] {logging_mixin.py:190} INFO - [2026-07-01T19:48:54.640+0000] {dag.py:4180} INFO - Setting next_dagrun for ingest_avito_to_raw to 2026-07-01 19:00:00+00:00, run_after=2026-07-01 20:00:00+00:00
[2026-07-01T19:48:54.650+0000] {processor.py:208} INFO - Processing /opt/airflow/dags/ingest_avito_to_raw.py took 0.049 seconds
[2026-07-01T19:49:24.915+0000] {processor.py:186} INFO - Started process (PID=31668) to work on /opt/airflow/dags/ingest_avito_to_raw.py
[2026-07-01T19:49:24.916+0000] {processor.py:914} INFO - Processing file /opt/airflow/dags/ingest_avito_to_raw.py for tasks to queue
[2026-07-01T19:49:24.917+0000] {logging_mixin.py:190} INFO - [2026-07-01T19:49:24.916+0000] {dagbag.py:588} INFO - Filling up the DagBag from /opt/airflow/dags/ingest_avito_to_raw.py
[2026-07-01T19:49:24.921+0000] {processor.py:925} INFO - DAG(s) 'ingest_avito_to_raw' retrieved from /opt/airflow/dags/ingest_avito_to_raw.py
[2026-07-01T19:49:24.940+0000] {logging_mixin.py:190} INFO - [2026-07-01T19:49:24.940+0000] {dag.py:3239} INFO - Sync 1 DAGs
[2026-07-01T19:49:24.950+0000] {logging_mixin.py:190} INFO - [2026-07-01T19:49:24.950+0000] {dag.py:4180} INFO - Setting next_dagrun for ingest_avito_to_raw to 2026-07-01 19:00:00+00:00, run_after=2026-07-01 20:00:00+00:00
[2026-07-01T19:49:24.960+0000] {processor.py:208} INFO - Processing /opt/airflow/dags/ingest_avito_to_raw.py took 0.049 seconds
[2026-07-01T19:49:55.262+0000] {processor.py:186} INFO - Started process (PID=31678) to work on /opt/airflow/dags/ingest_avito_to_raw.py
[2026-07-01T19:49:55.263+0000] {processor.py:914} INFO - Processing file /opt/airflow/dags/ingest_avito_to_raw.py for tasks to queue
[2026-07-01T19:49:55.264+0000] {logging_mixin.py:190} INFO - [2026-07-01T19:49:55.264+0000] {dagbag.py:588} INFO - Filling up the DagBag from /opt/airflow/dags/ingest_avito_to_raw.py
[2026-07-01T19:49:55.269+0000] {processor.py:925} INFO - DAG(s) 'ingest_avito_to_raw' retrieved from /opt/airflow/dags/ingest_avito_to_raw.py
[2026-07-01T19:49:55.287+0000] {logging_mixin.py:190} INFO - [2026-07-01T19:49:55.286+0000] {dag.py:3239} INFO - Sync 1 DAGs
[2026-07-01T19:49:55.296+0000] {logging_mixin.py:190} INFO - [2026-07-01T19:49:55.296+0000] {dag.py:4180} INFO - Setting next_dagrun for ingest_avito_to_raw to 2026-07-01 19:00:00+00:00, run_after=2026-07-01 20:00:00+00:00
[2026-07-01T19:49:55.304+0000] {processor.py:208} INFO - Processing /opt/airflow/dags/ingest_avito_to_raw.py took 0.048 seconds
[2026-07-01T19:50:25.656+0000] {processor.py:186} INFO - Started process (PID=31688) to work on /opt/airflow/dags/ingest_avito_to_raw.py
[2026-07-01T19:50:25.656+0000] {processor.py:914} INFO - Processing file /opt/airflow/dags/ingest_avito_to_raw.py for tasks to queue
[2026-07-01T19:50:25.658+0000] {logging_mixin.py:190} INFO - [2026-07-01T19:50:25.657+0000] {dagbag.py:588} INFO - Filling up the DagBag from /opt/airflow/dags/ingest_avito_to_raw.py
[2026-07-01T19:50:25.661+0000] {processor.py:925} INFO - DAG(s) 'ingest_avito_to_raw' retrieved from /opt/airflow/dags/ingest_avito_to_raw.py
[2026-07-01T19:50:25.679+0000] {logging_mixin.py:190} INFO - [2026-07-01T19:50:25.678+0000] {dag.py:3239} INFO - Sync 1 DAGs
[2026-07-01T19:50:25.688+0000] {logging_mixin.py:190} INFO - [2026-07-01T19:50:25.688+0000] {dag.py:4180} INFO - Setting next_dagrun for ingest_avito_to_raw to 2026-07-01 19:00:00+00:00, run_after=2026-07-01 20:00:00+00:00
[2026-07-01T19:50:25.699+0000] {processor.py:208} INFO - Processing /opt/airflow/dags/ingest_avito_to_raw.py took 0.049 seconds
[2026-07-01T19:50:55.999+0000] {processor.py:186} INFO - Started process (PID=31698) to work on /opt/airflow/dags/ingest_avito_to_raw.py
[2026-07-01T19:50:56.000+0000] {processor.py:914} INFO - Processing file /opt/airflow/dags/ingest_avito_to_raw.py for tasks to queue
[2026-07-01T19:50:56.001+0000] {logging_mixin.py:190} INFO - [2026-07-01T19:50:56.001+0000] {dagbag.py:588} INFO - Filling up the DagBag from /opt/airflow/dags/ingest_avito_to_raw.py
[2026-07-01T19:50:56.005+0000] {processor.py:925} INFO - DAG(s) 'ingest_avito_to_raw' retrieved from /opt/airflow/dags/ingest_avito_to_raw.py
[2026-07-01T19:50:56.026+0000] {logging_mixin.py:190} INFO - [2026-07-01T19:50:56.026+0000] {dag.py:3239} INFO - Sync 1 DAGs
[2026-07-01T19:50:56.037+0000] {logging_mixin.py:190} INFO - [2026-07-01T19:50:56.037+0000] {dag.py:4180} INFO - Setting next_dagrun for ingest_avito_to_raw to 2026-07-01 19:00:00+00:00, run_after=2026-07-01 20:00:00+00:00
[2026-07-01T19:50:56.048+0000] {processor.py:208} INFO - Processing /opt/airflow/dags/ingest_avito_to_raw.py took 0.053 seconds
[2026-07-01T19:51:26.304+0000] {processor.py:186} INFO - Started process (PID=31708) to work on /opt/airflow/dags/ingest_avito_to_raw.py
[2026-07-01T19:51:26.305+0000] {processor.py:914} INFO - Processing file /opt/airflow/dags/ingest_avito_to_raw.py for tasks to queue
[2026-07-01T19:51:26.305+0000] {logging_mixin.py:190} INFO - [2026-07-01T19:51:26.305+0000] {dagbag.py:588} INFO - Filling up the DagBag from /opt/airflow/dags/ingest_avito_to_raw.py
[2026-07-01T19:51:26.309+0000] {processor.py:925} INFO - DAG(s) 'ingest_avito_to_raw' retrieved from /opt/airflow/dags/ingest_avito_to_raw.py
[2026-07-01T19:51:26.327+0000] {logging_mixin.py:190} INFO - [2026-07-01T19:51:26.327+0000] {dag.py:3239} INFO - Sync 1 DAGs
[2026-07-01T19:51:26.338+0000] {logging_mixin.py:190} INFO - [2026-07-01T19:51:26.338+0000] {dag.py:4180} INFO - Setting next_dagrun for ingest_avito_to_raw to 2026-07-01 19:00:00+00:00, run_after=2026-07-01 20:00:00+00:00
[2026-07-01T19:51:26.347+0000] {processor.py:208} INFO - Processing /opt/airflow/dags/ingest_avito_to_raw.py took 0.047 seconds
[2026-07-01T19:51:56.656+0000] {processor.py:186} INFO - Started process (PID=31718) to work on /opt/airflow/dags/ingest_avito_to_raw.py
[2026-07-01T19:51:56.657+0000] {processor.py:914} INFO - Processing file /opt/airflow/dags/ingest_avito_to_raw.py for tasks to queue
[2026-07-01T19:51:56.658+0000] {logging_mixin.py:190} INFO - [2026-07-01T19:51:56.657+0000] {dagbag.py:588} INFO - Filling up the DagBag from /opt/airflow/dags/ingest_avito_to_raw.py
[2026-07-01T19:51:56.662+0000] {processor.py:925} INFO - DAG(s) 'ingest_avito_to_raw' retrieved from /opt/airflow/dags/ingest_avito_to_raw.py
[2026-07-01T19:51:56.677+0000] {logging_mixin.py:190} INFO - [2026-07-01T19:51:56.677+0000] {dag.py:3239} INFO - Sync 1 DAGs
[2026-07-01T19:51:56.689+0000] {logging_mixin.py:190} INFO - [2026-07-01T19:51:56.689+0000] {dag.py:4180} INFO - Setting next_dagrun for ingest_avito_to_raw to 2026-07-01 19:00:00+00:00, run_after=2026-07-01 20:00:00+00:00
[2026-07-01T19:51:56.698+0000] {processor.py:208} INFO - Processing /opt/airflow/dags/ingest_avito_to_raw.py took 0.047 seconds
[2026-07-01T19:52:27.094+0000] {processor.py:186} INFO - Started process (PID=31728) to work on /opt/airflow/dags/ingest_avito_to_raw.py
[2026-07-01T19:52:27.095+0000] {processor.py:914} INFO - Processing file /opt/airflow/dags/ingest_avito_to_raw.py for tasks to queue
[2026-07-01T19:52:27.095+0000] {logging_mixin.py:190} INFO - [2026-07-01T19:52:27.095+0000] {dagbag.py:588} INFO - Filling up the DagBag from /opt/airflow/dags/ingest_avito_to_raw.py
[2026-07-01T19:52:27.099+0000] {processor.py:925} INFO - DAG(s) 'ingest_avito_to_raw' retrieved from /opt/airflow/dags/ingest_avito_to_raw.py
[2026-07-01T19:52:27.123+0000] {logging_mixin.py:190} INFO - [2026-07-01T19:52:27.123+0000] {dag.py:3239} INFO - Sync 1 DAGs
[2026-07-01T19:52:27.139+0000] {logging_mixin.py:190} INFO - [2026-07-01T19:52:27.139+0000] {dag.py:4180} INFO - Setting next_dagrun for ingest_avito_to_raw to 2026-07-01 19:00:00+00:00, run_after=2026-07-01 20:00:00+00:00
[2026-07-01T19:52:27.149+0000] {processor.py:208} INFO - Processing /opt/airflow/dags/ingest_avito_to_raw.py took 0.060 seconds
[2026-07-01T19:52:57.452+0000] {processor.py:186} INFO - Started process (PID=31738) to work on /opt/airflow/dags/ingest_avito_to_raw.py
[2026-07-01T19:52:57.453+0000] {processor.py:914} INFO - Processing file /opt/airflow/dags/ingest_avito_to_raw.py for tasks to queue
[2026-07-01T19:52:57.454+0000] {logging_mixin.py:190} INFO - [2026-07-01T19:52:57.454+0000] {dagbag.py:588} INFO - Filling up the DagBag from /opt/airflow/dags/ingest_avito_to_raw.py
[2026-07-01T19:52:57.460+0000] {processor.py:925} INFO - DAG(s) 'ingest_avito_to_raw' retrieved from /opt/airflow/dags/ingest_avito_to_raw.py
[2026-07-01T19:52:57.477+0000] {logging_mixin.py:190} INFO - [2026-07-01T19:52:57.477+0000] {dag.py:3239} INFO - Sync 1 DAGs
[2026-07-01T19:52:57.489+0000] {logging_mixin.py:190} INFO - [2026-07-01T19:52:57.488+0000] {dag.py:4180} INFO - Setting next_dagrun for ingest_avito_to_raw to 2026-07-01 19:00:00+00:00, run_after=2026-07-01 20:00:00+00:00
[2026-07-01T19:52:57.501+0000] {processor.py:208} INFO - Processing /opt/airflow/dags/ingest_avito_to_raw.py took 0.054 seconds
[2026-07-01T19:53:27.815+0000] {processor.py:186} INFO - Started process (PID=31748) to work on /opt/airflow/dags/ingest_avito_to_raw.py
[2026-07-01T19:53:27.816+0000] {processor.py:914} INFO - Processing file /opt/airflow/dags/ingest_avito_to_raw.py for tasks to queue
[2026-07-01T19:53:27.818+0000] {logging_mixin.py:190} INFO - [2026-07-01T19:53:27.817+0000] {dagbag.py:588} INFO - Filling up the DagBag from /opt/airflow/dags/ingest_avito_to_raw.py
[2026-07-01T19:53:27.825+0000] {processor.py:925} INFO - DAG(s) 'ingest_avito_to_raw' retrieved from /opt/airflow/dags/ingest_avito_to_raw.py
[2026-07-01T19:53:27.844+0000] {logging_mixin.py:190} INFO - [2026-07-01T19:53:27.844+0000] {dag.py:3239} INFO - Sync 1 DAGs
[2026-07-01T19:53:27.857+0000] {logging_mixin.py:190} INFO - [2026-07-01T19:53:27.857+0000] {dag.py:4180} INFO - Setting next_dagrun for ingest_avito_to_raw to 2026-07-01 19:00:00+00:00, run_after=2026-07-01 20:00:00+00:00
[2026-07-01T19:53:27.867+0000] {processor.py:208} INFO - Processing /opt/airflow/dags/ingest_avito_to_raw.py took 0.059 seconds
[2026-07-01T19:53:58.161+0000] {processor.py:186} INFO - Started process (PID=31758) to work on /opt/airflow/dags/ingest_avito_to_raw.py
[2026-07-01T19:53:58.161+0000] {processor.py:914} INFO - Processing file /opt/airflow/dags/ingest_avito_to_raw.py for tasks to queue
[2026-07-01T19:53:58.162+0000] {logging_mixin.py:190} INFO - [2026-07-01T19:53:58.162+0000] {dagbag.py:588} INFO - Filling up the DagBag from /opt/airflow/dags/ingest_avito_to_raw.py
[2026-07-01T19:53:58.167+0000] {processor.py:925} INFO - DAG(s) 'ingest_avito_to_raw' retrieved from /opt/airflow/dags/ingest_avito_to_raw.py
[2026-07-01T19:53:58.183+0000] {logging_mixin.py:190} INFO - [2026-07-01T19:53:58.183+0000] {dag.py:3239} INFO - Sync 1 DAGs
[2026-07-01T19:53:58.194+0000] {logging_mixin.py:190} INFO - [2026-07-01T19:53:58.194+0000] {dag.py:4180} INFO - Setting next_dagrun for ingest_avito_to_raw to 2026-07-01 19:00:00+00:00, run_after=2026-07-01 20:00:00+00:00
[2026-07-01T19:53:58.202+0000] {processor.py:208} INFO - Processing /opt/airflow/dags/ingest_avito_to_raw.py took 0.046 seconds
[2026-07-01T19:54:28.541+0000] {processor.py:186} INFO - Started process (PID=31768) to work on /opt/airflow/dags/ingest_avito_to_raw.py
[2026-07-01T19:54:28.542+0000] {processor.py:914} INFO - Processing file /opt/airflow/dags/ingest_avito_to_raw.py for tasks to queue
[2026-07-01T19:54:28.543+0000] {logging_mixin.py:190} INFO - [2026-07-01T19:54:28.543+0000] {dagbag.py:588} INFO - Filling up the DagBag from /opt/airflow/dags/ingest_avito_to_raw.py
[2026-07-01T19:54:28.547+0000] {processor.py:925} INFO - DAG(s) 'ingest_avito_to_raw' retrieved from /opt/airflow/dags/ingest_avito_to_raw.py
[2026-07-01T19:54:28.564+0000] {logging_mixin.py:190} INFO - [2026-07-01T19:54:28.564+0000] {dag.py:3239} INFO - Sync 1 DAGs
[2026-07-01T19:54:28.576+0000] {logging_mixin.py:190} INFO - [2026-07-01T19:54:28.576+0000] {dag.py:4180} INFO - Setting next_dagrun for ingest_avito_to_raw to 2026-07-01 19:00:00+00:00, run_after=2026-07-01 20:00:00+00:00
[2026-07-01T19:54:28.585+0000] {processor.py:208} INFO - Processing /opt/airflow/dags/ingest_avito_to_raw.py took 0.048 seconds
[2026-07-01T19:54:58.928+0000] {processor.py:186} INFO - Started process (PID=31778) to work on /opt/airflow/dags/ingest_avito_to_raw.py
[2026-07-01T19:54:58.928+0000] {processor.py:914} INFO - Processing file /opt/airflow/dags/ingest_avito_to_raw.py for tasks to queue
[2026-07-01T19:54:58.929+0000] {logging_mixin.py:190} INFO - [2026-07-01T19:54:58.929+0000] {dagbag.py:588} INFO - Filling up the DagBag from /opt/airflow/dags/ingest_avito_to_raw.py
[2026-07-01T19:54:58.933+0000] {processor.py:925} INFO - DAG(s) 'ingest_avito_to_raw' retrieved from /opt/airflow/dags/ingest_avito_to_raw.py
[2026-07-01T19:54:58.950+0000] {logging_mixin.py:190} INFO - [2026-07-01T19:54:58.950+0000] {dag.py:3239} INFO - Sync 1 DAGs
[2026-07-01T19:54:58.959+0000] {logging_mixin.py:190} INFO - [2026-07-01T19:54:58.959+0000] {dag.py:4180} INFO - Setting next_dagrun for ingest_avito_to_raw to 2026-07-01 19:00:00+00:00, run_after=2026-07-01 20:00:00+00:00
[2026-07-01T19:54:58.969+0000] {processor.py:208} INFO - Processing /opt/airflow/dags/ingest_avito_to_raw.py took 0.046 seconds
[2026-07-01T19:55:29.276+0000] {processor.py:186} INFO - Started process (PID=31788) to work on /opt/airflow/dags/ingest_avito_to_raw.py
[2026-07-01T19:55:29.277+0000] {processor.py:914} INFO - Processing file /opt/airflow/dags/ingest_avito_to_raw.py for tasks to queue
[2026-07-01T19:55:29.277+0000] {logging_mixin.py:190} INFO - [2026-07-01T19:55:29.277+0000] {dagbag.py:588} INFO - Filling up the DagBag from /opt/airflow/dags/ingest_avito_to_raw.py
[2026-07-01T19:55:29.282+0000] {processor.py:925} INFO - DAG(s) 'ingest_avito_to_raw' retrieved from /opt/airflow/dags/ingest_avito_to_raw.py
[2026-07-01T19:55:29.302+0000] {logging_mixin.py:190} INFO - [2026-07-01T19:55:29.302+0000] {dag.py:3239} INFO - Sync 1 DAGs
[2026-07-01T19:55:29.312+0000] {logging_mixin.py:190} INFO - [2026-07-01T19:55:29.312+0000] {dag.py:4180} INFO - Setting next_dagrun for ingest_avito_to_raw to 2026-07-01 19:00:00+00:00, run_after=2026-07-01 20:00:00+00:00
[2026-07-01T19:55:29.322+0000] {processor.py:208} INFO - Processing /opt/airflow/dags/ingest_avito_to_raw.py took 0.051 seconds
[2026-07-01T19:55:59.697+0000] {processor.py:186} INFO - Started process (PID=31798) to work on /opt/airflow/dags/ingest_avito_to_raw.py
[2026-07-01T19:55:59.697+0000] {processor.py:914} INFO - Processing file /opt/airflow/dags/ingest_avito_to_raw.py for tasks to queue
[2026-07-01T19:55:59.698+0000] {logging_mixin.py:190} INFO - [2026-07-01T19:55:59.698+0000] {dagbag.py:588} INFO - Filling up the DagBag from /opt/airflow/dags/ingest_avito_to_raw.py
[2026-07-01T19:55:59.703+0000] {processor.py:925} INFO - DAG(s) 'ingest_avito_to_raw' retrieved from /opt/airflow/dags/ingest_avito_to_raw.py
[2026-07-01T19:55:59.721+0000] {logging_mixin.py:190} INFO - [2026-07-01T19:55:59.721+0000] {dag.py:3239} INFO - Sync 1 DAGs
[2026-07-01T19:55:59.733+0000] {logging_mixin.py:190} INFO - [2026-07-01T19:55:59.733+0000] {dag.py:4180} INFO - Setting next_dagrun for ingest_avito_to_raw to 2026-07-01 19:00:00+00:00, run_after=2026-07-01 20:00:00+00:00
[2026-07-01T19:55:59.746+0000] {processor.py:208} INFO - Processing /opt/airflow/dags/ingest_avito_to_raw.py took 0.055 seconds
[2026-07-01T19:56:30.034+0000] {processor.py:186} INFO - Started process (PID=31808) to work on /opt/airflow/dags/ingest_avito_to_raw.py
[2026-07-01T19:56:30.035+0000] {processor.py:914} INFO - Processing file /opt/airflow/dags/ingest_avito_to_raw.py for tasks to queue
[2026-07-01T19:56:30.036+0000] {logging_mixin.py:190} INFO - [2026-07-01T19:56:30.036+0000] {dagbag.py:588} INFO - Filling up the DagBag from /opt/airflow/dags/ingest_avito_to_raw.py
[2026-07-01T19:56:30.040+0000] {processor.py:925} INFO - DAG(s) 'ingest_avito_to_raw' retrieved from /opt/airflow/dags/ingest_avito_to_raw.py
[2026-07-01T19:56:30.058+0000] {logging_mixin.py:190} INFO - [2026-07-01T19:56:30.058+0000] {dag.py:3239} INFO - Sync 1 DAGs
[2026-07-01T19:56:30.069+0000] {logging_mixin.py:190} INFO - [2026-07-01T19:56:30.069+0000] {dag.py:4180} INFO - Setting next_dagrun for ingest_avito_to_raw to 2026-07-01 19:00:00+00:00, run_after=2026-07-01 20:00:00+00:00
[2026-07-01T19:56:30.076+0000] {processor.py:208} INFO - Processing /opt/airflow/dags/ingest_avito_to_raw.py took 0.046 seconds
[2026-07-01T19:57:00.361+0000] {processor.py:186} INFO - Started process (PID=31818) to work on /opt/airflow/dags/ingest_avito_to_raw.py
[2026-07-01T19:57:00.362+0000] {processor.py:914} INFO - Processing file /opt/airflow/dags/ingest_avito_to_raw.py for tasks to queue
[2026-07-01T19:57:00.363+0000] {logging_mixin.py:190} INFO - [2026-07-01T19:57:00.362+0000] {dagbag.py:588} INFO - Filling up the DagBag from /opt/airflow/dags/ingest_avito_to_raw.py
[2026-07-01T19:57:00.368+0000] {processor.py:925} INFO - DAG(s) 'ingest_avito_to_raw' retrieved from /opt/airflow/dags/ingest_avito_to_raw.py
[2026-07-01T19:57:00.388+0000] {logging_mixin.py:190} INFO - [2026-07-01T19:57:00.387+0000] {dag.py:3239} INFO - Sync 1 DAGs
[2026-07-01T19:57:00.401+0000] {logging_mixin.py:190} INFO - [2026-07-01T19:57:00.401+0000] {dag.py:4180} INFO - Setting next_dagrun for ingest_avito_to_raw to 2026-07-01 19:00:00+00:00, run_after=2026-07-01 20:00:00+00:00
[2026-07-01T19:57:00.410+0000] {processor.py:208} INFO - Processing /opt/airflow/dags/ingest_avito_to_raw.py took 0.054 seconds
[2026-07-01T19:57:30.736+0000] {processor.py:186} INFO - Started process (PID=31828) to work on /opt/airflow/dags/ingest_avito_to_raw.py
[2026-07-01T19:57:30.737+0000] {processor.py:914} INFO - Processing file /opt/airflow/dags/ingest_avito_to_raw.py for tasks to queue
[2026-07-01T19:57:30.737+0000] {logging_mixin.py:190} INFO - [2026-07-01T19:57:30.737+0000] {dagbag.py:588} INFO - Filling up the DagBag from /opt/airflow/dags/ingest_avito_to_raw.py
[2026-07-01T19:57:30.741+0000] {processor.py:925} INFO - DAG(s) 'ingest_avito_to_raw' retrieved from /opt/airflow/dags/ingest_avito_to_raw.py
[2026-07-01T19:57:30.759+0000] {logging_mixin.py:190} INFO - [2026-07-01T19:57:30.759+0000] {dag.py:3239} INFO - Sync 1 DAGs
[2026-07-01T19:57:30.770+0000] {logging_mixin.py:190} INFO - [2026-07-01T19:57:30.770+0000] {dag.py:4180} INFO - Setting next_dagrun for ingest_avito_to_raw to 2026-07-01 19:00:00+00:00, run_after=2026-07-01 20:00:00+00:00
[2026-07-01T19:57:30.778+0000] {processor.py:208} INFO - Processing /opt/airflow/dags/ingest_avito_to_raw.py took 0.047 seconds
[2026-07-01T19:58:01.085+0000] {processor.py:186} INFO - Started process (PID=31838) to work on /opt/airflow/dags/ingest_avito_to_raw.py
[2026-07-01T19:58:01.087+0000] {processor.py:914} INFO - Processing file /opt/airflow/dags/ingest_avito_to_raw.py for tasks to queue
[2026-07-01T19:58:01.088+0000] {logging_mixin.py:190} INFO - [2026-07-01T19:58:01.088+0000] {dagbag.py:588} INFO - Filling up the DagBag from /opt/airflow/dags/ingest_avito_to_raw.py
[2026-07-01T19:58:01.093+0000] {processor.py:925} INFO - DAG(s) 'ingest_avito_to_raw' retrieved from /opt/airflow/dags/ingest_avito_to_raw.py
[2026-07-01T19:58:01.111+0000] {logging_mixin.py:190} INFO - [2026-07-01T19:58:01.111+0000] {dag.py:3239} INFO - Sync 1 DAGs
[2026-07-01T19:58:01.122+0000] {logging_mixin.py:190} INFO - [2026-07-01T19:58:01.122+0000] {dag.py:4180} INFO - Setting next_dagrun for ingest_avito_to_raw to 2026-07-01 19:00:00+00:00, run_after=2026-07-01 20:00:00+00:00
[2026-07-01T19:58:01.134+0000] {processor.py:208} INFO - Processing /opt/airflow/dags/ingest_avito_to_raw.py took 0.053 seconds
[2026-07-01T19:58:31.445+0000] {processor.py:186} INFO - Started process (PID=31848) to work on /opt/airflow/dags/ingest_avito_to_raw.py
[2026-07-01T19:58:31.446+0000] {processor.py:914} INFO - Processing file /opt/airflow/dags/ingest_avito_to_raw.py for tasks to queue
[2026-07-01T19:58:31.446+0000] {logging_mixin.py:190} INFO - [2026-07-01T19:58:31.446+0000] {dagbag.py:588} INFO - Filling up the DagBag from /opt/airflow/dags/ingest_avito_to_raw.py
[2026-07-01T19:58:31.451+0000] {processor.py:925} INFO - DAG(s) 'ingest_avito_to_raw' retrieved from /opt/airflow/dags/ingest_avito_to_raw.py
[2026-07-01T19:58:31.469+0000] {logging_mixin.py:190} INFO - [2026-07-01T19:58:31.469+0000] {dag.py:3239} INFO - Sync 1 DAGs
[2026-07-01T19:58:31.480+0000] {logging_mixin.py:190} INFO - [2026-07-01T19:58:31.480+0000] {dag.py:4180} INFO - Setting next_dagrun for ingest_avito_to_raw to 2026-07-01 19:00:00+00:00, run_after=2026-07-01 20:00:00+00:00
[2026-07-01T19:58:31.490+0000] {processor.py:208} INFO - Processing /opt/airflow/dags/ingest_avito_to_raw.py took 0.050 seconds
[2026-07-01T19:59:01.730+0000] {processor.py:186} INFO - Started process (PID=31858) to work on /opt/airflow/dags/ingest_avito_to_raw.py
[2026-07-01T19:59:01.731+0000] {processor.py:914} INFO - Processing file /opt/airflow/dags/ingest_avito_to_raw.py for tasks to queue
[2026-07-01T19:59:01.732+0000] {logging_mixin.py:190} INFO - [2026-07-01T19:59:01.732+0000] {dagbag.py:588} INFO - Filling up the DagBag from /opt/airflow/dags/ingest_avito_to_raw.py
[2026-07-01T19:59:01.736+0000] {processor.py:925} INFO - DAG(s) 'ingest_avito_to_raw' retrieved from /opt/airflow/dags/ingest_avito_to_raw.py
[2026-07-01T19:59:01.757+0000] {logging_mixin.py:190} INFO - [2026-07-01T19:59:01.757+0000] {dag.py:3239} INFO - Sync 1 DAGs
[2026-07-01T19:59:01.773+0000] {logging_mixin.py:190} INFO - [2026-07-01T19:59:01.773+0000] {dag.py:4180} INFO - Setting next_dagrun for ingest_avito_to_raw to 2026-07-01 19:00:00+00:00, run_after=2026-07-01 20:00:00+00:00
[2026-07-01T19:59:01.783+0000] {processor.py:208} INFO - Processing /opt/airflow/dags/ingest_avito_to_raw.py took 0.059 seconds
[2026-07-01T19:59:32.132+0000] {processor.py:186} INFO - Started process (PID=31868) to work on /opt/airflow/dags/ingest_avito_to_raw.py
[2026-07-01T19:59:32.133+0000] {processor.py:914} INFO - Processing file /opt/airflow/dags/ingest_avito_to_raw.py for tasks to queue
[2026-07-01T19:59:32.133+0000] {logging_mixin.py:190} INFO - [2026-07-01T19:59:32.133+0000] {dagbag.py:588} INFO - Filling up the DagBag from /opt/airflow/dags/ingest_avito_to_raw.py
[2026-07-01T19:59:32.137+0000] {processor.py:925} INFO - DAG(s) 'ingest_avito_to_raw' retrieved from /opt/airflow/dags/ingest_avito_to_raw.py
[2026-07-01T19:59:32.154+0000] {logging_mixin.py:190} INFO - [2026-07-01T19:59:32.154+0000] {dag.py:3239} INFO - Sync 1 DAGs
[2026-07-01T19:59:32.168+0000] {logging_mixin.py:190} INFO - [2026-07-01T19:59:32.168+0000] {dag.py:4180} INFO - Setting next_dagrun for ingest_avito_to_raw to 2026-07-01 19:00:00+00:00, run_after=2026-07-01 20:00:00+00:00
[2026-07-01T19:59:32.178+0000] {processor.py:208} INFO - Processing /opt/airflow/dags/ingest_avito_to_raw.py took 0.050 seconds
[2026-07-01T20:00:02.493+0000] {processor.py:186} INFO - Started process (PID=31881) to work on /opt/airflow/dags/ingest_avito_to_raw.py
[2026-07-01T20:00:02.494+0000] {processor.py:914} INFO - Processing file /opt/airflow/dags/ingest_avito_to_raw.py for tasks to queue
[2026-07-01T20:00:02.495+0000] {logging_mixin.py:190} INFO - [2026-07-01T20:00:02.494+0000] {dagbag.py:588} INFO - Filling up the DagBag from /opt/airflow/dags/ingest_avito_to_raw.py
[2026-07-01T20:00:02.498+0000] {processor.py:925} INFO - DAG(s) 'ingest_avito_to_raw' retrieved from /opt/airflow/dags/ingest_avito_to_raw.py
[2026-07-01T20:00:02.517+0000] {logging_mixin.py:190} INFO - [2026-07-01T20:00:02.517+0000] {dag.py:3239} INFO - Sync 1 DAGs
[2026-07-01T20:00:02.526+0000] {logging_mixin.py:190} INFO - [2026-07-01T20:00:02.526+0000] {dag.py:4180} INFO - Setting next_dagrun for ingest_avito_to_raw to 2026-07-01 20:00:00+00:00, run_after=2026-07-01 21:00:00+00:00
[2026-07-01T20:00:02.536+0000] {processor.py:208} INFO - Processing /opt/airflow/dags/ingest_avito_to_raw.py took 0.049 seconds
[2026-07-01T20:00:32.878+0000] {processor.py:186} INFO - Started process (PID=31891) to work on /opt/airflow/dags/ingest_avito_to_raw.py
[2026-07-01T20:00:32.878+0000] {processor.py:914} INFO - Processing file /opt/airflow/dags/ingest_avito_to_raw.py for tasks to queue
[2026-07-01T20:00:32.879+0000] {logging_mixin.py:190} INFO - [2026-07-01T20:00:32.879+0000] {dagbag.py:588} INFO - Filling up the DagBag from /opt/airflow/dags/ingest_avito_to_raw.py
[2026-07-01T20:00:32.884+0000] {processor.py:925} INFO - DAG(s) 'ingest_avito_to_raw' retrieved from /opt/airflow/dags/ingest_avito_to_raw.py
[2026-07-01T20:00:32.902+0000] {logging_mixin.py:190} INFO - [2026-07-01T20:00:32.902+0000] {dag.py:3239} INFO - Sync 1 DAGs
[2026-07-01T20:00:32.913+0000] {logging_mixin.py:190} INFO - [2026-07-01T20:00:32.913+0000] {dag.py:4180} INFO - Setting next_dagrun for ingest_avito_to_raw to 2026-07-01 20:00:00+00:00, run_after=2026-07-01 21:00:00+00:00
[2026-07-01T20:00:32.923+0000] {processor.py:208} INFO - Processing /opt/airflow/dags/ingest_avito_to_raw.py took 0.051 seconds
[2026-07-01T20:01:03.220+0000] {processor.py:186} INFO - Started process (PID=31901) to work on /opt/airflow/dags/ingest_avito_to_raw.py
[2026-07-01T20:01:03.221+0000] {processor.py:914} INFO - Processing file /opt/airflow/dags/ingest_avito_to_raw.py for tasks to queue
[2026-07-01T20:01:03.222+0000] {logging_mixin.py:190} INFO - [2026-07-01T20:01:03.222+0000] {dagbag.py:588} INFO - Filling up the DagBag from /opt/airflow/dags/ingest_avito_to_raw.py
[2026-07-01T20:01:03.226+0000] {processor.py:925} INFO - DAG(s) 'ingest_avito_to_raw' retrieved from /opt/airflow/dags/ingest_avito_to_raw.py
[2026-07-01T20:01:03.243+0000] {logging_mixin.py:190} INFO - [2026-07-01T20:01:03.243+0000] {dag.py:3239} INFO - Sync 1 DAGs
[2026-07-01T20:01:03.253+0000] {logging_mixin.py:190} INFO - [2026-07-01T20:01:03.253+0000] {dag.py:4180} INFO - Setting next_dagrun for ingest_avito_to_raw to 2026-07-01 20:00:00+00:00, run_after=2026-07-01 21:00:00+00:00
[2026-07-01T20:01:03.262+0000] {processor.py:208} INFO - Processing /opt/airflow/dags/ingest_avito_to_raw.py took 0.049 seconds
[2026-07-01T20:01:33.510+0000] {processor.py:186} INFO - Started process (PID=31911) to work on /opt/airflow/dags/ingest_avito_to_raw.py
[2026-07-01T20:01:33.510+0000] {processor.py:914} INFO - Processing file /opt/airflow/dags/ingest_avito_to_raw.py for tasks to queue
[2026-07-01T20:01:33.511+0000] {logging_mixin.py:190} INFO - [2026-07-01T20:01:33.511+0000] {dagbag.py:588} INFO - Filling up the DagBag from /opt/airflow/dags/ingest_avito_to_raw.py
[2026-07-01T20:01:33.515+0000] {processor.py:925} INFO - DAG(s) 'ingest_avito_to_raw' retrieved from /opt/airflow/dags/ingest_avito_to_raw.py
[2026-07-01T20:01:33.531+0000] {logging_mixin.py:190} INFO - [2026-07-01T20:01:33.531+0000] {dag.py:3239} INFO - Sync 1 DAGs
[2026-07-01T20:01:33.539+0000] {logging_mixin.py:190} INFO - [2026-07-01T20:01:33.539+0000] {dag.py:4180} INFO - Setting next_dagrun for ingest_avito_to_raw to 2026-07-01 20:00:00+00:00, run_after=2026-07-01 21:00:00+00:00
[2026-07-01T20:01:33.547+0000] {processor.py:208} INFO - Processing /opt/airflow/dags/ingest_avito_to_raw.py took 0.042 seconds
[2026-07-01T20:02:03.816+0000] {processor.py:186} INFO - Started process (PID=31921) to work on /opt/airflow/dags/ingest_avito_to_raw.py
[2026-07-01T20:02:03.817+0000] {processor.py:914} INFO - Processing file /opt/airflow/dags/ingest_avito_to_raw.py for tasks to queue
[2026-07-01T20:02:03.818+0000] {logging_mixin.py:190} INFO - [2026-07-01T20:02:03.818+0000] {dagbag.py:588} INFO - Filling up the DagBag from /opt/airflow/dags/ingest_avito_to_raw.py
[2026-07-01T20:02:03.822+0000] {processor.py:925} INFO - DAG(s) 'ingest_avito_to_raw' retrieved from /opt/airflow/dags/ingest_avito_to_raw.py
[2026-07-01T20:02:03.840+0000] {logging_mixin.py:190} INFO - [2026-07-01T20:02:03.840+0000] {dag.py:3239} INFO - Sync 1 DAGs
[2026-07-01T20:02:03.849+0000] {logging_mixin.py:190} INFO - [2026-07-01T20:02:03.849+0000] {dag.py:4180} INFO - Setting next_dagrun for ingest_avito_to_raw to 2026-07-01 20:00:00+00:00, run_after=2026-07-01 21:00:00+00:00
[2026-07-01T20:02:03.859+0000] {processor.py:208} INFO - Processing /opt/airflow/dags/ingest_avito_to_raw.py took 0.048 seconds
[2026-07-01T20:02:34.158+0000] {processor.py:186} INFO - Started process (PID=31931) to work on /opt/airflow/dags/ingest_avito_to_raw.py
[2026-07-01T20:02:34.159+0000] {processor.py:914} INFO - Processing file /opt/airflow/dags/ingest_avito_to_raw.py for tasks to queue
[2026-07-01T20:02:34.159+0000] {logging_mixin.py:190} INFO - [2026-07-01T20:02:34.159+0000] {dagbag.py:588} INFO - Filling up the DagBag from /opt/airflow/dags/ingest_avito_to_raw.py
[2026-07-01T20:02:34.163+0000] {processor.py:925} INFO - DAG(s) 'ingest_avito_to_raw' retrieved from /opt/airflow/dags/ingest_avito_to_raw.py
[2026-07-01T20:02:34.180+0000] {logging_mixin.py:190} INFO - [2026-07-01T20:02:34.180+0000] {dag.py:3239} INFO - Sync 1 DAGs
[2026-07-01T20:02:34.191+0000] {logging_mixin.py:190} INFO - [2026-07-01T20:02:34.191+0000] {dag.py:4180} INFO - Setting next_dagrun for ingest_avito_to_raw to 2026-07-01 20:00:00+00:00, run_after=2026-07-01 21:00:00+00:00
[2026-07-01T20:02:34.199+0000] {processor.py:208} INFO - Processing /opt/airflow/dags/ingest_avito_to_raw.py took 0.046 seconds
[2026-07-01T20:03:04.513+0000] {processor.py:186} INFO - Started process (PID=31941) to work on /opt/airflow/dags/ingest_avito_to_raw.py
[2026-07-01T20:03:04.514+0000] {processor.py:914} INFO - Processing file /opt/airflow/dags/ingest_avito_to_raw.py for tasks to queue
[2026-07-01T20:03:04.515+0000] {logging_mixin.py:190} INFO - [2026-07-01T20:03:04.514+0000] {dagbag.py:588} INFO - Filling up the DagBag from /opt/airflow/dags/ingest_avito_to_raw.py
[2026-07-01T20:03:04.520+0000] {processor.py:925} INFO - DAG(s) 'ingest_avito_to_raw' retrieved from /opt/airflow/dags/ingest_avito_to_raw.py
[2026-07-01T20:03:04.537+0000] {logging_mixin.py:190} INFO - [2026-07-01T20:03:04.537+0000] {dag.py:3239} INFO - Sync 1 DAGs
[2026-07-01T20:03:04.546+0000] {logging_mixin.py:190} INFO - [2026-07-01T20:03:04.546+0000] {dag.py:4180} INFO - Setting next_dagrun for ingest_avito_to_raw to 2026-07-01 20:00:00+00:00, run_after=2026-07-01 21:00:00+00:00
[2026-07-01T20:03:04.555+0000] {processor.py:208} INFO - Processing /opt/airflow/dags/ingest_avito_to_raw.py took 0.047 seconds
[2026-07-01T20:03:34.895+0000] {processor.py:186} INFO - Started process (PID=31951) to work on /opt/airflow/dags/ingest_avito_to_raw.py
[2026-07-01T20:03:34.896+0000] {processor.py:914} INFO - Processing file /opt/airflow/dags/ingest_avito_to_raw.py for tasks to queue
[2026-07-01T20:03:34.897+0000] {logging_mixin.py:190} INFO - [2026-07-01T20:03:34.896+0000] {dagbag.py:588} INFO - Filling up the DagBag from /opt/airflow/dags/ingest_avito_to_raw.py
[2026-07-01T20:03:34.901+0000] {processor.py:925} INFO - DAG(s) 'ingest_avito_to_raw' retrieved from /opt/airflow/dags/ingest_avito_to_raw.py
[2026-07-01T20:03:34.919+0000] {logging_mixin.py:190} INFO - [2026-07-01T20:03:34.919+0000] {dag.py:3239} INFO - Sync 1 DAGs
[2026-07-01T20:03:34.928+0000] {logging_mixin.py:190} INFO - [2026-07-01T20:03:34.928+0000] {dag.py:4180} INFO - Setting next_dagrun for ingest_avito_to_raw to 2026-07-01 20:00:00+00:00, run_after=2026-07-01 21:00:00+00:00
[2026-07-01T20:03:34.937+0000] {processor.py:208} INFO - Processing /opt/airflow/dags/ingest_avito_to_raw.py took 0.046 seconds
[2026-07-01T20:04:05.286+0000] {processor.py:186} INFO - Started process (PID=31961) to work on /opt/airflow/dags/ingest_avito_to_raw.py
[2026-07-01T20:04:05.286+0000] {processor.py:914} INFO - Processing file /opt/airflow/dags/ingest_avito_to_raw.py for tasks to queue
[2026-07-01T20:04:05.287+0000] {logging_mixin.py:190} INFO - [2026-07-01T20:04:05.287+0000] {dagbag.py:588} INFO - Filling up the DagBag from /opt/airflow/dags/ingest_avito_to_raw.py
[2026-07-01T20:04:05.291+0000] {processor.py:925} INFO - DAG(s) 'ingest_avito_to_raw' retrieved from /opt/airflow/dags/ingest_avito_to_raw.py
[2026-07-01T20:04:05.307+0000] {logging_mixin.py:190} INFO - [2026-07-01T20:04:05.307+0000] {dag.py:3239} INFO - Sync 1 DAGs
[2026-07-01T20:04:05.318+0000] {logging_mixin.py:190} INFO - [2026-07-01T20:04:05.318+0000] {dag.py:4180} INFO - Setting next_dagrun for ingest_avito_to_raw to 2026-07-01 20:00:00+00:00, run_after=2026-07-01 21:00:00+00:00
[2026-07-01T20:04:05.328+0000] {processor.py:208} INFO - Processing /opt/airflow/dags/ingest_avito_to_raw.py took 0.047 seconds
[2026-07-01T20:04:35.691+0000] {processor.py:186} INFO - Started process (PID=31971) to work on /opt/airflow/dags/ingest_avito_to_raw.py
[2026-07-01T20:04:35.691+0000] {processor.py:914} INFO - Processing file /opt/airflow/dags/ingest_avito_to_raw.py for tasks to queue
[2026-07-01T20:04:35.692+0000] {logging_mixin.py:190} INFO - [2026-07-01T20:04:35.692+0000] {dagbag.py:588} INFO - Filling up the DagBag from /opt/airflow/dags/ingest_avito_to_raw.py
[2026-07-01T20:04:35.696+0000] {processor.py:925} INFO - DAG(s) 'ingest_avito_to_raw' retrieved from /opt/airflow/dags/ingest_avito_to_raw.py
[2026-07-01T20:04:35.711+0000] {logging_mixin.py:190} INFO - [2026-07-01T20:04:35.711+0000] {dag.py:3239} INFO - Sync 1 DAGs
[2026-07-01T20:04:35.721+0000] {logging_mixin.py:190} INFO - [2026-07-01T20:04:35.721+0000] {dag.py:4180} INFO - Setting next_dagrun for ingest_avito_to_raw to 2026-07-01 20:00:00+00:00, run_after=2026-07-01 21:00:00+00:00
[2026-07-01T20:04:35.728+0000] {processor.py:208} INFO - Processing /opt/airflow/dags/ingest_avito_to_raw.py took 0.043 seconds
[2026-07-01T20:05:06.122+0000] {processor.py:186} INFO - Started process (PID=31981) to work on /opt/airflow/dags/ingest_avito_to_raw.py
[2026-07-01T20:05:06.123+0000] {processor.py:914} INFO - Processing file /opt/airflow/dags/ingest_avito_to_raw.py for tasks to queue
[2026-07-01T20:05:06.124+0000] {logging_mixin.py:190} INFO - [2026-07-01T20:05:06.124+0000] {dagbag.py:588} INFO - Filling up the DagBag from /opt/airflow/dags/ingest_avito_to_raw.py
[2026-07-01T20:05:06.128+0000] {processor.py:925} INFO - DAG(s) 'ingest_avito_to_raw' retrieved from /opt/airflow/dags/ingest_avito_to_raw.py
[2026-07-01T20:05:06.145+0000] {logging_mixin.py:190} INFO - [2026-07-01T20:05:06.145+0000] {dag.py:3239} INFO - Sync 1 DAGs
[2026-07-01T20:05:06.154+0000] {logging_mixin.py:190} INFO - [2026-07-01T20:05:06.154+0000] {dag.py:4180} INFO - Setting next_dagrun for ingest_avito_to_raw to 2026-07-01 20:00:00+00:00, run_after=2026-07-01 21:00:00+00:00
[2026-07-01T20:05:06.161+0000] {processor.py:208} INFO - Processing /opt/airflow/dags/ingest_avito_to_raw.py took 0.044 seconds
[2026-07-01T20:05:36.548+0000] {processor.py:186} INFO - Started process (PID=31991) to work on /opt/airflow/dags/ingest_avito_to_raw.py
[2026-07-01T20:05:36.549+0000] {processor.py:914} INFO - Processing file /opt/airflow/dags/ingest_avito_to_raw.py for tasks to queue
[2026-07-01T20:05:36.550+0000] {logging_mixin.py:190} INFO - [2026-07-01T20:05:36.549+0000] {dagbag.py:588} INFO - Filling up the DagBag from /opt/airflow/dags/ingest_avito_to_raw.py
[2026-07-01T20:05:36.554+0000] {processor.py:925} INFO - DAG(s) 'ingest_avito_to_raw' retrieved from /opt/airflow/dags/ingest_avito_to_raw.py
[2026-07-01T20:05:36.571+0000] {logging_mixin.py:190} INFO - [2026-07-01T20:05:36.571+0000] {dag.py:3239} INFO - Sync 1 DAGs
[2026-07-01T20:05:36.581+0000] {logging_mixin.py:190} INFO - [2026-07-01T20:05:36.581+0000] {dag.py:4180} INFO - Setting next_dagrun for ingest_avito_to_raw to 2026-07-01 20:00:00+00:00, run_after=2026-07-01 21:00:00+00:00
[2026-07-01T20:05:36.589+0000] {processor.py:208} INFO - Processing /opt/airflow/dags/ingest_avito_to_raw.py took 0.046 seconds
[2026-07-01T20:06:06.938+0000] {processor.py:186} INFO - Started process (PID=32001) to work on /opt/airflow/dags/ingest_avito_to_raw.py
[2026-07-01T20:06:06.939+0000] {processor.py:914} INFO - Processing file /opt/airflow/dags/ingest_avito_to_raw.py for tasks to queue
[2026-07-01T20:06:06.939+0000] {logging_mixin.py:190} INFO - [2026-07-01T20:06:06.939+0000] {dagbag.py:588} INFO - Filling up the DagBag from /opt/airflow/dags/ingest_avito_to_raw.py
[2026-07-01T20:06:06.943+0000] {processor.py:925} INFO - DAG(s) 'ingest_avito_to_raw' retrieved from /opt/airflow/dags/ingest_avito_to_raw.py
[2026-07-01T20:06:06.959+0000] {logging_mixin.py:190} INFO - [2026-07-01T20:06:06.959+0000] {dag.py:3239} INFO - Sync 1 DAGs
[2026-07-01T20:06:06.967+0000] {logging_mixin.py:190} INFO - [2026-07-01T20:06:06.967+0000] {dag.py:4180} INFO - Setting next_dagrun for ingest_avito_to_raw to 2026-07-01 20:00:00+00:00, run_after=2026-07-01 21:00:00+00:00
[2026-07-01T20:06:06.975+0000] {processor.py:208} INFO - Processing /opt/airflow/dags/ingest_avito_to_raw.py took 0.040 seconds
[2026-07-01T20:22:33.065+0000] {processor.py:186} INFO - Started process (PID=32011) to work on /opt/airflow/dags/ingest_avito_to_raw.py
[2026-07-01T20:22:33.066+0000] {processor.py:914} INFO - Processing file /opt/airflow/dags/ingest_avito_to_raw.py for tasks to queue
[2026-07-01T20:22:33.066+0000] {logging_mixin.py:190} INFO - [2026-07-01T20:22:33.066+0000] {dagbag.py:588} INFO - Filling up the DagBag from /opt/airflow/dags/ingest_avito_to_raw.py
[2026-07-01T20:22:33.070+0000] {processor.py:925} INFO - DAG(s) 'ingest_avito_to_raw' retrieved from /opt/airflow/dags/ingest_avito_to_raw.py
[2026-07-01T20:22:33.087+0000] {logging_mixin.py:190} INFO - [2026-07-01T20:22:33.087+0000] {dag.py:3239} INFO - Sync 1 DAGs
[2026-07-01T20:22:33.097+0000] {logging_mixin.py:190} INFO - [2026-07-01T20:22:33.097+0000] {dag.py:4180} INFO - Setting next_dagrun for ingest_avito_to_raw to 2026-07-01 20:00:00+00:00, run_after=2026-07-01 21:00:00+00:00
[2026-07-01T20:22:33.106+0000] {processor.py:208} INFO - Processing /opt/airflow/dags/ingest_avito_to_raw.py took 0.045 seconds
[2026-07-01T20:23:03.531+0000] {processor.py:186} INFO - Started process (PID=32021) to work on /opt/airflow/dags/ingest_avito_to_raw.py
[2026-07-01T20:23:03.531+0000] {processor.py:914} INFO - Processing file /opt/airflow/dags/ingest_avito_to_raw.py for tasks to queue
[2026-07-01T20:23:03.533+0000] {logging_mixin.py:190} INFO - [2026-07-01T20:23:03.532+0000] {dagbag.py:588} INFO - Filling up the DagBag from /opt/airflow/dags/ingest_avito_to_raw.py
[2026-07-01T20:23:03.537+0000] {processor.py:925} INFO - DAG(s) 'ingest_avito_to_raw' retrieved from /opt/airflow/dags/ingest_avito_to_raw.py
[2026-07-01T20:23:03.552+0000] {logging_mixin.py:190} INFO - [2026-07-01T20:23:03.552+0000] {dag.py:3239} INFO - Sync 1 DAGs
[2026-07-01T20:23:03.560+0000] {logging_mixin.py:190} INFO - [2026-07-01T20:23:03.560+0000] {dag.py:4180} INFO - Setting next_dagrun for ingest_avito_to_raw to 2026-07-01 20:00:00+00:00, run_after=2026-07-01 21:00:00+00:00
[2026-07-01T20:23:03.568+0000] {processor.py:208} INFO - Processing /opt/airflow/dags/ingest_avito_to_raw.py took 0.041 seconds
[2026-07-01T20:38:56.047+0000] {processor.py:186} INFO - Started process (PID=32031) to work on /opt/airflow/dags/ingest_avito_to_raw.py
[2026-07-01T20:38:56.047+0000] {processor.py:914} INFO - Processing file /opt/airflow/dags/ingest_avito_to_raw.py for tasks to queue
[2026-07-01T20:38:56.048+0000] {logging_mixin.py:190} INFO - [2026-07-01T20:38:56.048+0000] {dagbag.py:588} INFO - Filling up the DagBag from /opt/airflow/dags/ingest_avito_to_raw.py
[2026-07-01T20:38:56.052+0000] {processor.py:925} INFO - DAG(s) 'ingest_avito_to_raw' retrieved from /opt/airflow/dags/ingest_avito_to_raw.py
[2026-07-01T20:38:56.066+0000] {logging_mixin.py:190} INFO - [2026-07-01T20:38:56.066+0000] {dag.py:3239} INFO - Sync 1 DAGs
[2026-07-01T20:38:56.077+0000] {logging_mixin.py:190} INFO - [2026-07-01T20:38:56.077+0000] {dag.py:4180} INFO - Setting next_dagrun for ingest_avito_to_raw to 2026-07-01 20:00:00+00:00, run_after=2026-07-01 21:00:00+00:00
[2026-07-01T20:38:56.084+0000] {processor.py:208} INFO - Processing /opt/airflow/dags/ingest_avito_to_raw.py took 0.041 seconds
[2026-07-01T20:39:26.574+0000] {processor.py:186} INFO - Started process (PID=32041) to work on /opt/airflow/dags/ingest_avito_to_raw.py
[2026-07-01T20:39:26.574+0000] {processor.py:914} INFO - Processing file /opt/airflow/dags/ingest_avito_to_raw.py for tasks to queue
[2026-07-01T20:39:26.575+0000] {logging_mixin.py:190} INFO - [2026-07-01T20:39:26.575+0000] {dagbag.py:588} INFO - Filling up the DagBag from /opt/airflow/dags/ingest_avito_to_raw.py
[2026-07-01T20:39:26.581+0000] {processor.py:925} INFO - DAG(s) 'ingest_avito_to_raw' retrieved from /opt/airflow/dags/ingest_avito_to_raw.py
[2026-07-01T20:39:26.599+0000] {logging_mixin.py:190} INFO - [2026-07-01T20:39:26.599+0000] {dag.py:3239} INFO - Sync 1 DAGs
[2026-07-01T20:39:26.609+0000] {logging_mixin.py:190} INFO - [2026-07-01T20:39:26.609+0000] {dag.py:4180} INFO - Setting next_dagrun for ingest_avito_to_raw to 2026-07-01 20:00:00+00:00, run_after=2026-07-01 21:00:00+00:00
[2026-07-01T20:39:26.620+0000] {processor.py:208} INFO - Processing /opt/airflow/dags/ingest_avito_to_raw.py took 0.052 seconds
[2026-07-01T20:57:11.919+0000] {processor.py:186} INFO - Started process (PID=32051) to work on /opt/airflow/dags/ingest_avito_to_raw.py
[2026-07-01T20:57:11.920+0000] {processor.py:914} INFO - Processing file /opt/airflow/dags/ingest_avito_to_raw.py for tasks to queue
[2026-07-01T20:57:11.920+0000] {logging_mixin.py:190} INFO - [2026-07-01T20:57:11.920+0000] {dagbag.py:588} INFO - Filling up the DagBag from /opt/airflow/dags/ingest_avito_to_raw.py
[2026-07-01T20:57:11.924+0000] {processor.py:925} INFO - DAG(s) 'ingest_avito_to_raw' retrieved from /opt/airflow/dags/ingest_avito_to_raw.py
[2026-07-01T20:57:11.939+0000] {logging_mixin.py:190} INFO - [2026-07-01T20:57:11.939+0000] {dag.py:3239} INFO - Sync 1 DAGs
[2026-07-01T20:57:11.949+0000] {logging_mixin.py:190} INFO - [2026-07-01T20:57:11.948+0000] {dag.py:4180} INFO - Setting next_dagrun for ingest_avito_to_raw to 2026-07-01 20:00:00+00:00, run_after=2026-07-01 21:00:00+00:00
[2026-07-01T20:57:11.956+0000] {processor.py:208} INFO - Processing /opt/airflow/dags/ingest_avito_to_raw.py took 0.041 seconds
[2026-07-01T20:57:42.393+0000] {processor.py:186} INFO - Started process (PID=32061) to work on /opt/airflow/dags/ingest_avito_to_raw.py
[2026-07-01T20:57:42.394+0000] {processor.py:914} INFO - Processing file /opt/airflow/dags/ingest_avito_to_raw.py for tasks to queue
[2026-07-01T20:57:42.395+0000] {logging_mixin.py:190} INFO - [2026-07-01T20:57:42.394+0000] {dagbag.py:588} INFO - Filling up the DagBag from /opt/airflow/dags/ingest_avito_to_raw.py
[2026-07-01T20:57:42.399+0000] {processor.py:925} INFO - DAG(s) 'ingest_avito_to_raw' retrieved from /opt/airflow/dags/ingest_avito_to_raw.py
[2026-07-01T20:57:42.415+0000] {logging_mixin.py:190} INFO - [2026-07-01T20:57:42.415+0000] {dag.py:3239} INFO - Sync 1 DAGs
[2026-07-01T20:57:42.424+0000] {logging_mixin.py:190} INFO - [2026-07-01T20:57:42.424+0000] {dag.py:4180} INFO - Setting next_dagrun for ingest_avito_to_raw to 2026-07-01 20:00:00+00:00, run_after=2026-07-01 21:00:00+00:00
[2026-07-01T20:57:42.431+0000] {processor.py:208} INFO - Processing /opt/airflow/dags/ingest_avito_to_raw.py took 0.043 seconds
[2026-07-01T21:14:27.826+0000] {processor.py:186} INFO - Started process (PID=32071) to work on /opt/airflow/dags/ingest_avito_to_raw.py
[2026-07-01T21:14:27.826+0000] {processor.py:914} INFO - Processing file /opt/airflow/dags/ingest_avito_to_raw.py for tasks to queue
[2026-07-01T21:14:27.827+0000] {logging_mixin.py:190} INFO - [2026-07-01T21:14:27.827+0000] {dagbag.py:588} INFO - Filling up the DagBag from /opt/airflow/dags/ingest_avito_to_raw.py
[2026-07-01T21:14:27.831+0000] {processor.py:925} INFO - DAG(s) 'ingest_avito_to_raw' retrieved from /opt/airflow/dags/ingest_avito_to_raw.py
[2026-07-01T21:14:27.848+0000] {logging_mixin.py:190} INFO - [2026-07-01T21:14:27.848+0000] {dag.py:3239} INFO - Sync 1 DAGs
[2026-07-01T21:14:27.858+0000] {logging_mixin.py:190} INFO - [2026-07-01T21:14:27.858+0000] {dag.py:4180} INFO - Setting next_dagrun for ingest_avito_to_raw to 2026-07-01 20:00:00+00:00, run_after=2026-07-01 21:00:00+00:00
[2026-07-01T21:14:27.868+0000] {processor.py:208} INFO - Processing /opt/airflow/dags/ingest_avito_to_raw.py took 0.046 seconds
[2026-07-01T21:31:10.391+0000] {processor.py:186} INFO - Started process (PID=32084) to work on /opt/airflow/dags/ingest_avito_to_raw.py
[2026-07-01T21:31:10.392+0000] {processor.py:914} INFO - Processing file /opt/airflow/dags/ingest_avito_to_raw.py for tasks to queue
[2026-07-01T21:31:10.393+0000] {logging_mixin.py:190} INFO - [2026-07-01T21:31:10.392+0000] {dagbag.py:588} INFO - Filling up the DagBag from /opt/airflow/dags/ingest_avito_to_raw.py
[2026-07-01T21:31:10.397+0000] {processor.py:925} INFO - DAG(s) 'ingest_avito_to_raw' retrieved from /opt/airflow/dags/ingest_avito_to_raw.py
[2026-07-01T21:31:10.411+0000] {logging_mixin.py:190} INFO - [2026-07-01T21:31:10.411+0000] {dag.py:3239} INFO - Sync 1 DAGs
[2026-07-01T21:31:10.420+0000] {logging_mixin.py:190} INFO - [2026-07-01T21:31:10.420+0000] {dag.py:4180} INFO - Setting next_dagrun for ingest_avito_to_raw to 2026-07-01 21:00:00+00:00, run_after=2026-07-01 22:00:00+00:00
[2026-07-01T21:31:10.430+0000] {processor.py:208} INFO - Processing /opt/airflow/dags/ingest_avito_to_raw.py took 0.042 seconds
[2026-07-01T21:31:40.791+0000] {processor.py:186} INFO - Started process (PID=32094) to work on /opt/airflow/dags/ingest_avito_to_raw.py
[2026-07-01T21:31:40.792+0000] {processor.py:914} INFO - Processing file /opt/airflow/dags/ingest_avito_to_raw.py for tasks to queue
[2026-07-01T21:31:40.793+0000] {logging_mixin.py:190} INFO - [2026-07-01T21:31:40.793+0000] {dagbag.py:588} INFO - Filling up the DagBag from /opt/airflow/dags/ingest_avito_to_raw.py
[2026-07-01T21:31:40.802+0000] {processor.py:925} INFO - DAG(s) 'ingest_avito_to_raw' retrieved from /opt/airflow/dags/ingest_avito_to_raw.py
[2026-07-01T21:31:40.825+0000] {logging_mixin.py:190} INFO - [2026-07-01T21:31:40.825+0000] {dag.py:3239} INFO - Sync 1 DAGs
[2026-07-01T21:31:40.838+0000] {logging_mixin.py:190} INFO - [2026-07-01T21:31:40.838+0000] {dag.py:4180} INFO - Setting next_dagrun for ingest_avito_to_raw to 2026-07-01 21:00:00+00:00, run_after=2026-07-01 22:00:00+00:00
[2026-07-01T21:31:40.848+0000] {processor.py:208} INFO - Processing /opt/airflow/dags/ingest_avito_to_raw.py took 0.065 seconds
[2026-07-01T21:50:06.193+0000] {processor.py:186} INFO - Started process (PID=32104) to work on /opt/airflow/dags/ingest_avito_to_raw.py
[2026-07-01T21:50:06.193+0000] {processor.py:914} INFO - Processing file /opt/airflow/dags/ingest_avito_to_raw.py for tasks to queue
[2026-07-01T21:50:06.194+0000] {logging_mixin.py:190} INFO - [2026-07-01T21:50:06.194+0000] {dagbag.py:588} INFO - Filling up the DagBag from /opt/airflow/dags/ingest_avito_to_raw.py
[2026-07-01T21:50:06.198+0000] {processor.py:925} INFO - DAG(s) 'ingest_avito_to_raw' retrieved from /opt/airflow/dags/ingest_avito_to_raw.py
[2026-07-01T21:50:06.216+0000] {logging_mixin.py:190} INFO - [2026-07-01T21:50:06.216+0000] {dag.py:3239} INFO - Sync 1 DAGs
[2026-07-01T21:50:06.227+0000] {logging_mixin.py:190} INFO - [2026-07-01T21:50:06.227+0000] {dag.py:4180} INFO - Setting next_dagrun for ingest_avito_to_raw to 2026-07-01 21:00:00+00:00, run_after=2026-07-01 22:00:00+00:00
[2026-07-01T21:50:06.236+0000] {processor.py:208} INFO - Processing /opt/airflow/dags/ingest_avito_to_raw.py took 0.048 seconds
[2026-07-01T21:50:36.508+0000] {processor.py:186} INFO - Started process (PID=32114) to work on /opt/airflow/dags/ingest_avito_to_raw.py
[2026-07-01T21:50:36.508+0000] {processor.py:914} INFO - Processing file /opt/airflow/dags/ingest_avito_to_raw.py for tasks to queue
[2026-07-01T21:50:36.509+0000] {logging_mixin.py:190} INFO - [2026-07-01T21:50:36.509+0000] {dagbag.py:588} INFO - Filling up the DagBag from /opt/airflow/dags/ingest_avito_to_raw.py
[2026-07-01T21:50:36.516+0000] {processor.py:925} INFO - DAG(s) 'ingest_avito_to_raw' retrieved from /opt/airflow/dags/ingest_avito_to_raw.py
[2026-07-01T21:50:36.531+0000] {logging_mixin.py:190} INFO - [2026-07-01T21:50:36.531+0000] {dag.py:3239} INFO - Sync 1 DAGs
[2026-07-01T21:50:36.540+0000] {logging_mixin.py:190} INFO - [2026-07-01T21:50:36.540+0000] {dag.py:4180} INFO - Setting next_dagrun for ingest_avito_to_raw to 2026-07-01 21:00:00+00:00, run_after=2026-07-01 22:00:00+00:00
[2026-07-01T21:50:36.548+0000] {processor.py:208} INFO - Processing /opt/airflow/dags/ingest_avito_to_raw.py took 0.046 seconds
[2026-07-01T22:07:43.542+0000] {processor.py:186} INFO - Started process (PID=32127) to work on /opt/airflow/dags/ingest_avito_to_raw.py
[2026-07-01T22:07:43.543+0000] {processor.py:914} INFO - Processing file /opt/airflow/dags/ingest_avito_to_raw.py for tasks to queue
[2026-07-01T22:07:43.543+0000] {logging_mixin.py:190} INFO - [2026-07-01T22:07:43.543+0000] {dagbag.py:588} INFO - Filling up the DagBag from /opt/airflow/dags/ingest_avito_to_raw.py
[2026-07-01T22:07:43.546+0000] {processor.py:925} INFO - DAG(s) 'ingest_avito_to_raw' retrieved from /opt/airflow/dags/ingest_avito_to_raw.py
[2026-07-01T22:07:43.562+0000] {logging_mixin.py:190} INFO - [2026-07-01T22:07:43.562+0000] {dag.py:3239} INFO - Sync 1 DAGs
[2026-07-01T22:07:43.571+0000] {logging_mixin.py:190} INFO - [2026-07-01T22:07:43.571+0000] {dag.py:4180} INFO - Setting next_dagrun for ingest_avito_to_raw to 2026-07-01 22:00:00+00:00, run_after=2026-07-01 23:00:00+00:00
[2026-07-01T22:07:43.578+0000] {processor.py:208} INFO - Processing /opt/airflow/dags/ingest_avito_to_raw.py took 0.039 seconds
[2026-07-01T22:08:13.992+0000] {processor.py:186} INFO - Started process (PID=32137) to work on /opt/airflow/dags/ingest_avito_to_raw.py
[2026-07-01T22:08:13.993+0000] {processor.py:914} INFO - Processing file /opt/airflow/dags/ingest_avito_to_raw.py for tasks to queue
[2026-07-01T22:08:13.993+0000] {logging_mixin.py:190} INFO - [2026-07-01T22:08:13.993+0000] {dagbag.py:588} INFO - Filling up the DagBag from /opt/airflow/dags/ingest_avito_to_raw.py
[2026-07-01T22:08:13.997+0000] {processor.py:925} INFO - DAG(s) 'ingest_avito_to_raw' retrieved from /opt/airflow/dags/ingest_avito_to_raw.py
[2026-07-01T22:08:14.014+0000] {logging_mixin.py:190} INFO - [2026-07-01T22:08:14.014+0000] {dag.py:3239} INFO - Sync 1 DAGs
[2026-07-01T22:08:14.025+0000] {logging_mixin.py:190} INFO - [2026-07-01T22:08:14.025+0000] {dag.py:4180} INFO - Setting next_dagrun for ingest_avito_to_raw to 2026-07-01 22:00:00+00:00, run_after=2026-07-01 23:00:00+00:00
[2026-07-01T22:08:14.035+0000] {processor.py:208} INFO - Processing /opt/airflow/dags/ingest_avito_to_raw.py took 0.048 seconds
[2026-07-01T22:24:17.438+0000] {processor.py:186} INFO - Started process (PID=32147) to work on /opt/airflow/dags/ingest_avito_to_raw.py
[2026-07-01T22:24:17.439+0000] {processor.py:914} INFO - Processing file /opt/airflow/dags/ingest_avito_to_raw.py for tasks to queue
[2026-07-01T22:24:17.439+0000] {logging_mixin.py:190} INFO - [2026-07-01T22:24:17.439+0000] {dagbag.py:588} INFO - Filling up the DagBag from /opt/airflow/dags/ingest_avito_to_raw.py
[2026-07-01T22:24:17.443+0000] {processor.py:925} INFO - DAG(s) 'ingest_avito_to_raw' retrieved from /opt/airflow/dags/ingest_avito_to_raw.py
[2026-07-01T22:24:17.463+0000] {logging_mixin.py:190} INFO - [2026-07-01T22:24:17.463+0000] {dag.py:3239} INFO - Sync 1 DAGs
[2026-07-01T22:24:17.472+0000] {logging_mixin.py:190} INFO - [2026-07-01T22:24:17.472+0000] {dag.py:4180} INFO - Setting next_dagrun for ingest_avito_to_raw to 2026-07-01 22:00:00+00:00, run_after=2026-07-01 23:00:00+00:00
[2026-07-01T22:24:17.479+0000] {processor.py:208} INFO - Processing /opt/airflow/dags/ingest_avito_to_raw.py took 0.046 seconds
[2026-07-01T22:41:56.752+0000] {processor.py:186} INFO - Started process (PID=32157) to work on /opt/airflow/dags/ingest_avito_to_raw.py
[2026-07-01T22:41:56.753+0000] {processor.py:914} INFO - Processing file /opt/airflow/dags/ingest_avito_to_raw.py for tasks to queue
[2026-07-01T22:41:56.754+0000] {logging_mixin.py:190} INFO - [2026-07-01T22:41:56.754+0000] {dagbag.py:588} INFO - Filling up the DagBag from /opt/airflow/dags/ingest_avito_to_raw.py
[2026-07-01T22:41:56.758+0000] {processor.py:925} INFO - DAG(s) 'ingest_avito_to_raw' retrieved from /opt/airflow/dags/ingest_avito_to_raw.py
[2026-07-01T22:41:56.774+0000] {logging_mixin.py:190} INFO - [2026-07-01T22:41:56.774+0000] {dag.py:3239} INFO - Sync 1 DAGs
[2026-07-01T22:41:56.783+0000] {logging_mixin.py:190} INFO - [2026-07-01T22:41:56.783+0000] {dag.py:4180} INFO - Setting next_dagrun for ingest_avito_to_raw to 2026-07-01 22:00:00+00:00, run_after=2026-07-01 23:00:00+00:00
[2026-07-01T22:41:56.791+0000] {processor.py:208} INFO - Processing /opt/airflow/dags/ingest_avito_to_raw.py took 0.044 seconds
[2026-07-01T22:42:27.198+0000] {processor.py:186} INFO - Started process (PID=32167) to work on /opt/airflow/dags/ingest_avito_to_raw.py
[2026-07-01T22:42:27.199+0000] {processor.py:914} INFO - Processing file /opt/airflow/dags/ingest_avito_to_raw.py for tasks to queue
[2026-07-01T22:42:27.200+0000] {logging_mixin.py:190} INFO - [2026-07-01T22:42:27.199+0000] {dagbag.py:588} INFO - Filling up the DagBag from /opt/airflow/dags/ingest_avito_to_raw.py
[2026-07-01T22:42:27.204+0000] {processor.py:925} INFO - DAG(s) 'ingest_avito_to_raw' retrieved from /opt/airflow/dags/ingest_avito_to_raw.py
[2026-07-01T22:42:27.221+0000] {logging_mixin.py:190} INFO - [2026-07-01T22:42:27.221+0000] {dag.py:3239} INFO - Sync 1 DAGs
[2026-07-01T22:42:27.231+0000] {logging_mixin.py:190} INFO - [2026-07-01T22:42:27.231+0000] {dag.py:4180} INFO - Setting next_dagrun for ingest_avito_to_raw to 2026-07-01 22:00:00+00:00, run_after=2026-07-01 23:00:00+00:00
[2026-07-01T22:42:27.239+0000] {processor.py:208} INFO - Processing /opt/airflow/dags/ingest_avito_to_raw.py took 0.046 seconds
[2026-07-01T22:44:45.624+0000] {processor.py:186} INFO - Started process (PID=32177) to work on /opt/airflow/dags/ingest_avito_to_raw.py
[2026-07-01T22:44:45.625+0000] {processor.py:914} INFO - Processing file /opt/airflow/dags/ingest_avito_to_raw.py for tasks to queue
[2026-07-01T22:44:45.625+0000] {logging_mixin.py:190} INFO - [2026-07-01T22:44:45.625+0000] {dagbag.py:588} INFO - Filling up the DagBag from /opt/airflow/dags/ingest_avito_to_raw.py
[2026-07-01T22:44:45.629+0000] {processor.py:925} INFO - DAG(s) 'ingest_avito_to_raw' retrieved from /opt/airflow/dags/ingest_avito_to_raw.py
[2026-07-01T22:44:45.646+0000] {logging_mixin.py:190} INFO - [2026-07-01T22:44:45.646+0000] {dag.py:3239} INFO - Sync 1 DAGs
[2026-07-01T22:44:45.655+0000] {logging_mixin.py:190} INFO - [2026-07-01T22:44:45.655+0000] {dag.py:4180} INFO - Setting next_dagrun for ingest_avito_to_raw to 2026-07-01 22:00:00+00:00, run_after=2026-07-01 23:00:00+00:00
[2026-07-01T22:44:45.663+0000] {processor.py:208} INFO - Processing /opt/airflow/dags/ingest_avito_to_raw.py took 0.042 seconds
[2026-07-01T22:45:16.085+0000] {processor.py:186} INFO - Started process (PID=32187) to work on /opt/airflow/dags/ingest_avito_to_raw.py
[2026-07-01T22:45:16.086+0000] {processor.py:914} INFO - Processing file /opt/airflow/dags/ingest_avito_to_raw.py for tasks to queue
[2026-07-01T22:45:16.087+0000] {logging_mixin.py:190} INFO - [2026-07-01T22:45:16.087+0000] {dagbag.py:588} INFO - Filling up the DagBag from /opt/airflow/dags/ingest_avito_to_raw.py
[2026-07-01T22:45:16.092+0000] {processor.py:925} INFO - DAG(s) 'ingest_avito_to_raw' retrieved from /opt/airflow/dags/ingest_avito_to_raw.py
[2026-07-01T22:45:16.110+0000] {logging_mixin.py:190} INFO - [2026-07-01T22:45:16.110+0000] {dag.py:3239} INFO - Sync 1 DAGs
[2026-07-01T22:45:16.121+0000] {logging_mixin.py:190} INFO - [2026-07-01T22:45:16.121+0000] {dag.py:4180} INFO - Setting next_dagrun for ingest_avito_to_raw to 2026-07-01 22:00:00+00:00, run_after=2026-07-01 23:00:00+00:00
[2026-07-01T22:45:16.130+0000] {processor.py:208} INFO - Processing /opt/airflow/dags/ingest_avito_to_raw.py took 0.049 seconds
[2026-07-01T23:02:47.672+0000] {processor.py:186} INFO - Started process (PID=32197) to work on /opt/airflow/dags/ingest_avito_to_raw.py
[2026-07-01T23:02:47.673+0000] {processor.py:914} INFO - Processing file /opt/airflow/dags/ingest_avito_to_raw.py for tasks to queue
[2026-07-01T23:02:47.673+0000] {logging_mixin.py:190} INFO - [2026-07-01T23:02:47.673+0000] {dagbag.py:588} INFO - Filling up the DagBag from /opt/airflow/dags/ingest_avito_to_raw.py
[2026-07-01T23:02:47.677+0000] {processor.py:925} INFO - DAG(s) 'ingest_avito_to_raw' retrieved from /opt/airflow/dags/ingest_avito_to_raw.py
[2026-07-01T23:02:47.693+0000] {logging_mixin.py:190} INFO - [2026-07-01T23:02:47.693+0000] {dag.py:3239} INFO - Sync 1 DAGs
[2026-07-01T23:02:47.702+0000] {logging_mixin.py:190} INFO - [2026-07-01T23:02:47.702+0000] {dag.py:4180} INFO - Setting next_dagrun for ingest_avito_to_raw to 2026-07-01 22:00:00+00:00, run_after=2026-07-01 23:00:00+00:00
[2026-07-01T23:02:47.710+0000] {processor.py:208} INFO - Processing /opt/airflow/dags/ingest_avito_to_raw.py took 0.042 seconds
[2026-07-01T23:03:18.085+0000] {processor.py:186} INFO - Started process (PID=32210) to work on /opt/airflow/dags/ingest_avito_to_raw.py
[2026-07-01T23:03:18.085+0000] {processor.py:914} INFO - Processing file /opt/airflow/dags/ingest_avito_to_raw.py for tasks to queue
[2026-07-01T23:03:18.086+0000] {logging_mixin.py:190} INFO - [2026-07-01T23:03:18.086+0000] {dagbag.py:588} INFO - Filling up the DagBag from /opt/airflow/dags/ingest_avito_to_raw.py
[2026-07-01T23:03:18.091+0000] {processor.py:925} INFO - DAG(s) 'ingest_avito_to_raw' retrieved from /opt/airflow/dags/ingest_avito_to_raw.py
[2026-07-01T23:03:18.108+0000] {logging_mixin.py:190} INFO - [2026-07-01T23:03:18.108+0000] {dag.py:3239} INFO - Sync 1 DAGs
[2026-07-01T23:03:18.118+0000] {logging_mixin.py:190} INFO - [2026-07-01T23:03:18.118+0000] {dag.py:4180} INFO - Setting next_dagrun for ingest_avito_to_raw to 2026-07-01 23:00:00+00:00, run_after=2026-07-02 00:00:00+00:00
[2026-07-01T23:03:18.127+0000] {processor.py:208} INFO - Processing /opt/airflow/dags/ingest_avito_to_raw.py took 0.047 seconds
[2026-07-01T23:08:48.473+0000] {processor.py:186} INFO - Started process (PID=32220) to work on /opt/airflow/dags/ingest_avito_to_raw.py
[2026-07-01T23:08:48.474+0000] {processor.py:914} INFO - Processing file /opt/airflow/dags/ingest_avito_to_raw.py for tasks to queue
[2026-07-01T23:08:48.475+0000] {logging_mixin.py:190} INFO - [2026-07-01T23:08:48.475+0000] {dagbag.py:588} INFO - Filling up the DagBag from /opt/airflow/dags/ingest_avito_to_raw.py
[2026-07-01T23:08:48.480+0000] {processor.py:925} INFO - DAG(s) 'ingest_avito_to_raw' retrieved from /opt/airflow/dags/ingest_avito_to_raw.py
[2026-07-01T23:08:48.496+0000] {logging_mixin.py:190} INFO - [2026-07-01T23:08:48.495+0000] {dag.py:3239} INFO - Sync 1 DAGs
[2026-07-01T23:08:48.505+0000] {logging_mixin.py:190} INFO - [2026-07-01T23:08:48.505+0000] {dag.py:4180} INFO - Setting next_dagrun for ingest_avito_to_raw to 2026-07-01 23:00:00+00:00, run_after=2026-07-02 00:00:00+00:00
[2026-07-01T23:08:48.514+0000] {processor.py:208} INFO - Processing /opt/airflow/dags/ingest_avito_to_raw.py took 0.045 seconds
[2026-07-01T23:09:18.835+0000] {processor.py:186} INFO - Started process (PID=32230) to work on /opt/airflow/dags/ingest_avito_to_raw.py
[2026-07-01T23:09:18.836+0000] {processor.py:914} INFO - Processing file /opt/airflow/dags/ingest_avito_to_raw.py for tasks to queue
[2026-07-01T23:09:18.837+0000] {logging_mixin.py:190} INFO - [2026-07-01T23:09:18.836+0000] {dagbag.py:588} INFO - Filling up the DagBag from /opt/airflow/dags/ingest_avito_to_raw.py
[2026-07-01T23:09:18.840+0000] {processor.py:925} INFO - DAG(s) 'ingest_avito_to_raw' retrieved from /opt/airflow/dags/ingest_avito_to_raw.py
[2026-07-01T23:09:18.855+0000] {logging_mixin.py:190} INFO - [2026-07-01T23:09:18.855+0000] {dag.py:3239} INFO - Sync 1 DAGs
[2026-07-01T23:09:18.865+0000] {logging_mixin.py:190} INFO - [2026-07-01T23:09:18.864+0000] {dag.py:4180} INFO - Setting next_dagrun for ingest_avito_to_raw to 2026-07-01 23:00:00+00:00, run_after=2026-07-02 00:00:00+00:00
[2026-07-01T23:09:18.875+0000] {processor.py:208} INFO - Processing /opt/airflow/dags/ingest_avito_to_raw.py took 0.043 seconds
[2026-07-01T23:27:29.261+0000] {processor.py:186} INFO - Started process (PID=32240) to work on /opt/airflow/dags/ingest_avito_to_raw.py
[2026-07-01T23:27:29.261+0000] {processor.py:914} INFO - Processing file /opt/airflow/dags/ingest_avito_to_raw.py for tasks to queue
[2026-07-01T23:27:29.262+0000] {logging_mixin.py:190} INFO - [2026-07-01T23:27:29.262+0000] {dagbag.py:588} INFO - Filling up the DagBag from /opt/airflow/dags/ingest_avito_to_raw.py
[2026-07-01T23:27:29.265+0000] {processor.py:925} INFO - DAG(s) 'ingest_avito_to_raw' retrieved from /opt/airflow/dags/ingest_avito_to_raw.py
[2026-07-01T23:27:29.282+0000] {logging_mixin.py:190} INFO - [2026-07-01T23:27:29.282+0000] {dag.py:3239} INFO - Sync 1 DAGs
[2026-07-01T23:27:29.291+0000] {logging_mixin.py:190} INFO - [2026-07-01T23:27:29.291+0000] {dag.py:4180} INFO - Setting next_dagrun for ingest_avito_to_raw to 2026-07-01 23:00:00+00:00, run_after=2026-07-02 00:00:00+00:00
[2026-07-01T23:27:29.301+0000] {processor.py:208} INFO - Processing /opt/airflow/dags/ingest_avito_to_raw.py took 0.044 seconds
[2026-07-01T23:45:14.653+0000] {processor.py:186} INFO - Started process (PID=32250) to work on /opt/airflow/dags/ingest_avito_to_raw.py
[2026-07-01T23:45:14.653+0000] {processor.py:914} INFO - Processing file /opt/airflow/dags/ingest_avito_to_raw.py for tasks to queue
[2026-07-01T23:45:14.654+0000] {logging_mixin.py:190} INFO - [2026-07-01T23:45:14.654+0000] {dagbag.py:588} INFO - Filling up the DagBag from /opt/airflow/dags/ingest_avito_to_raw.py
[2026-07-01T23:45:14.658+0000] {processor.py:925} INFO - DAG(s) 'ingest_avito_to_raw' retrieved from /opt/airflow/dags/ingest_avito_to_raw.py
[2026-07-01T23:45:14.674+0000] {logging_mixin.py:190} INFO - [2026-07-01T23:45:14.674+0000] {dag.py:3239} INFO - Sync 1 DAGs
[2026-07-01T23:45:14.684+0000] {logging_mixin.py:190} INFO - [2026-07-01T23:45:14.684+0000] {dag.py:4180} INFO - Setting next_dagrun for ingest_avito_to_raw to 2026-07-01 23:00:00+00:00, run_after=2026-07-02 00:00:00+00:00
[2026-07-01T23:45:14.692+0000] {processor.py:208} INFO - Processing /opt/airflow/dags/ingest_avito_to_raw.py took 0.044 seconds
[2026-07-01T23:45:45.071+0000] {processor.py:186} INFO - Started process (PID=32260) to work on /opt/airflow/dags/ingest_avito_to_raw.py
[2026-07-01T23:45:45.072+0000] {processor.py:914} INFO - Processing file /opt/airflow/dags/ingest_avito_to_raw.py for tasks to queue
[2026-07-01T23:45:45.072+0000] {logging_mixin.py:190} INFO - [2026-07-01T23:45:45.072+0000] {dagbag.py:588} INFO - Filling up the DagBag from /opt/airflow/dags/ingest_avito_to_raw.py
[2026-07-01T23:45:45.077+0000] {processor.py:925} INFO - DAG(s) 'ingest_avito_to_raw' retrieved from /opt/airflow/dags/ingest_avito_to_raw.py
[2026-07-01T23:45:45.095+0000] {logging_mixin.py:190} INFO - [2026-07-01T23:45:45.095+0000] {dag.py:3239} INFO - Sync 1 DAGs
[2026-07-01T23:45:45.104+0000] {logging_mixin.py:190} INFO - [2026-07-01T23:45:45.104+0000] {dag.py:4180} INFO - Setting next_dagrun for ingest_avito_to_raw to 2026-07-01 23:00:00+00:00, run_after=2026-07-02 00:00:00+00:00
[2026-07-01T23:45:45.113+0000] {processor.py:208} INFO - Processing /opt/airflow/dags/ingest_avito_to_raw.py took 0.047 seconds
[2026-07-01T23:47:24.646+0000] {processor.py:186} INFO - Started process (PID=32270) to work on /opt/airflow/dags/ingest_avito_to_raw.py
[2026-07-01T23:47:24.647+0000] {processor.py:914} INFO - Processing file /opt/airflow/dags/ingest_avito_to_raw.py for tasks to queue
[2026-07-01T23:47:24.649+0000] {logging_mixin.py:190} INFO - [2026-07-01T23:47:24.649+0000] {dagbag.py:588} INFO - Filling up the DagBag from /opt/airflow/dags/ingest_avito_to_raw.py
[2026-07-01T23:47:24.659+0000] {processor.py:925} INFO - DAG(s) 'ingest_avito_to_raw' retrieved from /opt/airflow/dags/ingest_avito_to_raw.py
[2026-07-01T23:47:24.680+0000] {logging_mixin.py:190} INFO - [2026-07-01T23:47:24.680+0000] {dag.py:3239} INFO - Sync 1 DAGs
[2026-07-01T23:47:24.694+0000] {logging_mixin.py:190} INFO - [2026-07-01T23:47:24.694+0000] {dag.py:4180} INFO - Setting next_dagrun for ingest_avito_to_raw to 2026-07-01 23:00:00+00:00, run_after=2026-07-02 00:00:00+00:00
[2026-07-01T23:47:24.705+0000] {processor.py:208} INFO - Processing /opt/airflow/dags/ingest_avito_to_raw.py took 0.066 seconds
[2026-07-01T23:47:55.081+0000] {processor.py:186} INFO - Started process (PID=32280) to work on /opt/airflow/dags/ingest_avito_to_raw.py
[2026-07-01T23:47:55.082+0000] {processor.py:914} INFO - Processing file /opt/airflow/dags/ingest_avito_to_raw.py for tasks to queue
[2026-07-01T23:47:55.082+0000] {logging_mixin.py:190} INFO - [2026-07-01T23:47:55.082+0000] {dagbag.py:588} INFO - Filling up the DagBag from /opt/airflow/dags/ingest_avito_to_raw.py
[2026-07-01T23:47:55.086+0000] {processor.py:925} INFO - DAG(s) 'ingest_avito_to_raw' retrieved from /opt/airflow/dags/ingest_avito_to_raw.py
[2026-07-01T23:47:55.106+0000] {logging_mixin.py:190} INFO - [2026-07-01T23:47:55.106+0000] {dag.py:3239} INFO - Sync 1 DAGs
[2026-07-01T23:47:55.117+0000] {logging_mixin.py:190} INFO - [2026-07-01T23:47:55.117+0000] {dag.py:4180} INFO - Setting next_dagrun for ingest_avito_to_raw to 2026-07-01 23:00:00+00:00, run_after=2026-07-02 00:00:00+00:00
[2026-07-01T23:47:55.126+0000] {processor.py:208} INFO - Processing /opt/airflow/dags/ingest_avito_to_raw.py took 0.049 seconds
[2026-07-01T23:48:25.475+0000] {processor.py:186} INFO - Started process (PID=32290) to work on /opt/airflow/dags/ingest_avito_to_raw.py
[2026-07-01T23:48:25.475+0000] {processor.py:914} INFO - Processing file /opt/airflow/dags/ingest_avito_to_raw.py for tasks to queue
[2026-07-01T23:48:25.477+0000] {logging_mixin.py:190} INFO - [2026-07-01T23:48:25.476+0000] {dagbag.py:588} INFO - Filling up the DagBag from /opt/airflow/dags/ingest_avito_to_raw.py
[2026-07-01T23:48:25.481+0000] {processor.py:925} INFO - DAG(s) 'ingest_avito_to_raw' retrieved from /opt/airflow/dags/ingest_avito_to_raw.py
[2026-07-01T23:48:25.499+0000] {logging_mixin.py:190} INFO - [2026-07-01T23:48:25.499+0000] {dag.py:3239} INFO - Sync 1 DAGs
[2026-07-01T23:48:25.510+0000] {logging_mixin.py:190} INFO - [2026-07-01T23:48:25.510+0000] {dag.py:4180} INFO - Setting next_dagrun for ingest_avito_to_raw to 2026-07-01 23:00:00+00:00, run_after=2026-07-02 00:00:00+00:00
[2026-07-01T23:48:25.519+0000] {processor.py:208} INFO - Processing /opt/airflow/dags/ingest_avito_to_raw.py took 0.051 seconds
[2026-07-01T23:48:55.875+0000] {processor.py:186} INFO - Started process (PID=32300) to work on /opt/airflow/dags/ingest_avito_to_raw.py
[2026-07-01T23:48:55.876+0000] {processor.py:914} INFO - Processing file /opt/airflow/dags/ingest_avito_to_raw.py for tasks to queue
[2026-07-01T23:48:55.877+0000] {logging_mixin.py:190} INFO - [2026-07-01T23:48:55.877+0000] {dagbag.py:588} INFO - Filling up the DagBag from /opt/airflow/dags/ingest_avito_to_raw.py
[2026-07-01T23:48:55.883+0000] {processor.py:925} INFO - DAG(s) 'ingest_avito_to_raw' retrieved from /opt/airflow/dags/ingest_avito_to_raw.py
[2026-07-01T23:48:55.901+0000] {logging_mixin.py:190} INFO - [2026-07-01T23:48:55.901+0000] {dag.py:3239} INFO - Sync 1 DAGs
[2026-07-01T23:48:55.913+0000] {logging_mixin.py:190} INFO - [2026-07-01T23:48:55.913+0000] {dag.py:4180} INFO - Setting next_dagrun for ingest_avito_to_raw to 2026-07-01 23:00:00+00:00, run_after=2026-07-02 00:00:00+00:00
[2026-07-01T23:48:55.922+0000] {processor.py:208} INFO - Processing /opt/airflow/dags/ingest_avito_to_raw.py took 0.052 seconds
[2026-07-01T23:49:26.226+0000] {processor.py:186} INFO - Started process (PID=32310) to work on /opt/airflow/dags/ingest_avito_to_raw.py
[2026-07-01T23:49:26.227+0000] {processor.py:914} INFO - Processing file /opt/airflow/dags/ingest_avito_to_raw.py for tasks to queue
[2026-07-01T23:49:26.229+0000] {logging_mixin.py:190} INFO - [2026-07-01T23:49:26.229+0000] {dagbag.py:588} INFO - Filling up the DagBag from /opt/airflow/dags/ingest_avito_to_raw.py
[2026-07-01T23:49:26.233+0000] {processor.py:925} INFO - DAG(s) 'ingest_avito_to_raw' retrieved from /opt/airflow/dags/ingest_avito_to_raw.py
[2026-07-01T23:49:26.253+0000] {logging_mixin.py:190} INFO - [2026-07-01T23:49:26.253+0000] {dag.py:3239} INFO - Sync 1 DAGs
[2026-07-01T23:49:26.265+0000] {logging_mixin.py:190} INFO - [2026-07-01T23:49:26.265+0000] {dag.py:4180} INFO - Setting next_dagrun for ingest_avito_to_raw to 2026-07-01 23:00:00+00:00, run_after=2026-07-02 00:00:00+00:00
[2026-07-01T23:49:26.275+0000] {processor.py:208} INFO - Processing /opt/airflow/dags/ingest_avito_to_raw.py took 0.053 seconds
[2026-07-01T23:49:56.666+0000] {processor.py:186} INFO - Started process (PID=32320) to work on /opt/airflow/dags/ingest_avito_to_raw.py
[2026-07-01T23:49:56.667+0000] {processor.py:914} INFO - Processing file /opt/airflow/dags/ingest_avito_to_raw.py for tasks to queue
[2026-07-01T23:49:56.669+0000] {logging_mixin.py:190} INFO - [2026-07-01T23:49:56.668+0000] {dagbag.py:588} INFO - Filling up the DagBag from /opt/airflow/dags/ingest_avito_to_raw.py
[2026-07-01T23:49:56.679+0000] {processor.py:925} INFO - DAG(s) 'ingest_avito_to_raw' retrieved from /opt/airflow/dags/ingest_avito_to_raw.py
[2026-07-01T23:49:56.702+0000] {logging_mixin.py:190} INFO - [2026-07-01T23:49:56.701+0000] {dag.py:3239} INFO - Sync 1 DAGs
[2026-07-01T23:49:56.715+0000] {logging_mixin.py:190} INFO - [2026-07-01T23:49:56.715+0000] {dag.py:4180} INFO - Setting next_dagrun for ingest_avito_to_raw to 2026-07-01 23:00:00+00:00, run_after=2026-07-02 00:00:00+00:00
[2026-07-01T23:49:56.724+0000] {processor.py:208} INFO - Processing /opt/airflow/dags/ingest_avito_to_raw.py took 0.065 seconds
[2026-07-01T23:50:27.016+0000] {processor.py:186} INFO - Started process (PID=32330) to work on /opt/airflow/dags/ingest_avito_to_raw.py
[2026-07-01T23:50:27.017+0000] {processor.py:914} INFO - Processing file /opt/airflow/dags/ingest_avito_to_raw.py for tasks to queue
[2026-07-01T23:50:27.018+0000] {logging_mixin.py:190} INFO - [2026-07-01T23:50:27.018+0000] {dagbag.py:588} INFO - Filling up the DagBag from /opt/airflow/dags/ingest_avito_to_raw.py
[2026-07-01T23:50:27.023+0000] {processor.py:925} INFO - DAG(s) 'ingest_avito_to_raw' retrieved from /opt/airflow/dags/ingest_avito_to_raw.py
[2026-07-01T23:50:27.041+0000] {logging_mixin.py:190} INFO - [2026-07-01T23:50:27.041+0000] {dag.py:3239} INFO - Sync 1 DAGs
[2026-07-01T23:50:27.054+0000] {logging_mixin.py:190} INFO - [2026-07-01T23:50:27.054+0000] {dag.py:4180} INFO - Setting next_dagrun for ingest_avito_to_raw to 2026-07-01 23:00:00+00:00, run_after=2026-07-02 00:00:00+00:00
[2026-07-01T23:50:27.068+0000] {processor.py:208} INFO - Processing /opt/airflow/dags/ingest_avito_to_raw.py took 0.057 seconds
[2026-07-01T23:50:57.302+0000] {processor.py:186} INFO - Started process (PID=32340) to work on /opt/airflow/dags/ingest_avito_to_raw.py
[2026-07-01T23:50:57.303+0000] {processor.py:914} INFO - Processing file /opt/airflow/dags/ingest_avito_to_raw.py for tasks to queue
[2026-07-01T23:50:57.304+0000] {logging_mixin.py:190} INFO - [2026-07-01T23:50:57.304+0000] {dagbag.py:588} INFO - Filling up the DagBag from /opt/airflow/dags/ingest_avito_to_raw.py
[2026-07-01T23:50:57.308+0000] {processor.py:925} INFO - DAG(s) 'ingest_avito_to_raw' retrieved from /opt/airflow/dags/ingest_avito_to_raw.py
[2026-07-01T23:50:57.325+0000] {logging_mixin.py:190} INFO - [2026-07-01T23:50:57.325+0000] {dag.py:3239} INFO - Sync 1 DAGs
[2026-07-01T23:50:57.338+0000] {logging_mixin.py:190} INFO - [2026-07-01T23:50:57.338+0000] {dag.py:4180} INFO - Setting next_dagrun for ingest_avito_to_raw to 2026-07-01 23:00:00+00:00, run_after=2026-07-02 00:00:00+00:00
[2026-07-01T23:50:57.348+0000] {processor.py:208} INFO - Processing /opt/airflow/dags/ingest_avito_to_raw.py took 0.049 seconds
[2026-07-01T23:51:27.670+0000] {processor.py:186} INFO - Started process (PID=32350) to work on /opt/airflow/dags/ingest_avito_to_raw.py
[2026-07-01T23:51:27.671+0000] {processor.py:914} INFO - Processing file /opt/airflow/dags/ingest_avito_to_raw.py for tasks to queue
[2026-07-01T23:51:27.672+0000] {logging_mixin.py:190} INFO - [2026-07-01T23:51:27.671+0000] {dagbag.py:588} INFO - Filling up the DagBag from /opt/airflow/dags/ingest_avito_to_raw.py
[2026-07-01T23:51:27.676+0000] {processor.py:925} INFO - DAG(s) 'ingest_avito_to_raw' retrieved from /opt/airflow/dags/ingest_avito_to_raw.py
[2026-07-01T23:51:27.694+0000] {logging_mixin.py:190} INFO - [2026-07-01T23:51:27.694+0000] {dag.py:3239} INFO - Sync 1 DAGs
[2026-07-01T23:51:27.704+0000] {logging_mixin.py:190} INFO - [2026-07-01T23:51:27.704+0000] {dag.py:4180} INFO - Setting next_dagrun for ingest_avito_to_raw to 2026-07-01 23:00:00+00:00, run_after=2026-07-02 00:00:00+00:00
[2026-07-01T23:51:27.715+0000] {processor.py:208} INFO - Processing /opt/airflow/dags/ingest_avito_to_raw.py took 0.050 seconds
[2026-07-01T23:51:58.092+0000] {processor.py:186} INFO - Started process (PID=32360) to work on /opt/airflow/dags/ingest_avito_to_raw.py
[2026-07-01T23:51:58.093+0000] {processor.py:914} INFO - Processing file /opt/airflow/dags/ingest_avito_to_raw.py for tasks to queue
[2026-07-01T23:51:58.093+0000] {logging_mixin.py:190} INFO - [2026-07-01T23:51:58.093+0000] {dagbag.py:588} INFO - Filling up the DagBag from /opt/airflow/dags/ingest_avito_to_raw.py
[2026-07-01T23:51:58.098+0000] {processor.py:925} INFO - DAG(s) 'ingest_avito_to_raw' retrieved from /opt/airflow/dags/ingest_avito_to_raw.py
[2026-07-01T23:51:58.118+0000] {logging_mixin.py:190} INFO - [2026-07-01T23:51:58.117+0000] {dag.py:3239} INFO - Sync 1 DAGs
[2026-07-01T23:51:58.128+0000] {logging_mixin.py:190} INFO - [2026-07-01T23:51:58.128+0000] {dag.py:4180} INFO - Setting next_dagrun for ingest_avito_to_raw to 2026-07-01 23:00:00+00:00, run_after=2026-07-02 00:00:00+00:00
[2026-07-01T23:51:58.137+0000] {processor.py:208} INFO - Processing /opt/airflow/dags/ingest_avito_to_raw.py took 0.050 seconds
[2026-07-01T23:52:28.480+0000] {processor.py:186} INFO - Started process (PID=32370) to work on /opt/airflow/dags/ingest_avito_to_raw.py
[2026-07-01T23:52:28.481+0000] {processor.py:914} INFO - Processing file /opt/airflow/dags/ingest_avito_to_raw.py for tasks to queue
[2026-07-01T23:52:28.482+0000] {logging_mixin.py:190} INFO - [2026-07-01T23:52:28.482+0000] {dagbag.py:588} INFO - Filling up the DagBag from /opt/airflow/dags/ingest_avito_to_raw.py
[2026-07-01T23:52:28.491+0000] {processor.py:925} INFO - DAG(s) 'ingest_avito_to_raw' retrieved from /opt/airflow/dags/ingest_avito_to_raw.py
[2026-07-01T23:52:28.510+0000] {logging_mixin.py:190} INFO - [2026-07-01T23:52:28.510+0000] {dag.py:3239} INFO - Sync 1 DAGs
[2026-07-01T23:52:28.522+0000] {logging_mixin.py:190} INFO - [2026-07-01T23:52:28.522+0000] {dag.py:4180} INFO - Setting next_dagrun for ingest_avito_to_raw to 2026-07-01 23:00:00+00:00, run_after=2026-07-02 00:00:00+00:00
[2026-07-01T23:52:28.530+0000] {processor.py:208} INFO - Processing /opt/airflow/dags/ingest_avito_to_raw.py took 0.058 seconds
[2026-07-01T23:52:58.879+0000] {processor.py:186} INFO - Started process (PID=32380) to work on /opt/airflow/dags/ingest_avito_to_raw.py
[2026-07-01T23:52:58.880+0000] {processor.py:914} INFO - Processing file /opt/airflow/dags/ingest_avito_to_raw.py for tasks to queue
[2026-07-01T23:52:58.881+0000] {logging_mixin.py:190} INFO - [2026-07-01T23:52:58.881+0000] {dagbag.py:588} INFO - Filling up the DagBag from /opt/airflow/dags/ingest_avito_to_raw.py
[2026-07-01T23:52:58.886+0000] {processor.py:925} INFO - DAG(s) 'ingest_avito_to_raw' retrieved from /opt/airflow/dags/ingest_avito_to_raw.py
[2026-07-01T23:52:58.904+0000] {logging_mixin.py:190} INFO - [2026-07-01T23:52:58.904+0000] {dag.py:3239} INFO - Sync 1 DAGs
[2026-07-01T23:52:58.917+0000] {logging_mixin.py:190} INFO - [2026-07-01T23:52:58.917+0000] {dag.py:4180} INFO - Setting next_dagrun for ingest_avito_to_raw to 2026-07-01 23:00:00+00:00, run_after=2026-07-02 00:00:00+00:00
[2026-07-01T23:52:58.926+0000] {processor.py:208} INFO - Processing /opt/airflow/dags/ingest_avito_to_raw.py took 0.053 seconds
[2026-07-01T23:53:29.285+0000] {processor.py:186} INFO - Started process (PID=32390) to work on /opt/airflow/dags/ingest_avito_to_raw.py
[2026-07-01T23:53:29.286+0000] {processor.py:914} INFO - Processing file /opt/airflow/dags/ingest_avito_to_raw.py for tasks to queue
[2026-07-01T23:53:29.286+0000] {logging_mixin.py:190} INFO - [2026-07-01T23:53:29.286+0000] {dagbag.py:588} INFO - Filling up the DagBag from /opt/airflow/dags/ingest_avito_to_raw.py
[2026-07-01T23:53:29.290+0000] {processor.py:925} INFO - DAG(s) 'ingest_avito_to_raw' retrieved from /opt/airflow/dags/ingest_avito_to_raw.py
[2026-07-01T23:53:29.308+0000] {logging_mixin.py:190} INFO - [2026-07-01T23:53:29.308+0000] {dag.py:3239} INFO - Sync 1 DAGs
[2026-07-01T23:53:29.319+0000] {logging_mixin.py:190} INFO - [2026-07-01T23:53:29.319+0000] {dag.py:4180} INFO - Setting next_dagrun for ingest_avito_to_raw to 2026-07-01 23:00:00+00:00, run_after=2026-07-02 00:00:00+00:00
[2026-07-01T23:53:29.329+0000] {processor.py:208} INFO - Processing /opt/airflow/dags/ingest_avito_to_raw.py took 0.048 seconds
[2026-07-01T23:53:59.686+0000] {processor.py:186} INFO - Started process (PID=32400) to work on /opt/airflow/dags/ingest_avito_to_raw.py
[2026-07-01T23:53:59.687+0000] {processor.py:914} INFO - Processing file /opt/airflow/dags/ingest_avito_to_raw.py for tasks to queue
[2026-07-01T23:53:59.688+0000] {logging_mixin.py:190} INFO - [2026-07-01T23:53:59.688+0000] {dagbag.py:588} INFO - Filling up the DagBag from /opt/airflow/dags/ingest_avito_to_raw.py
[2026-07-01T23:53:59.692+0000] {processor.py:925} INFO - DAG(s) 'ingest_avito_to_raw' retrieved from /opt/airflow/dags/ingest_avito_to_raw.py
[2026-07-01T23:53:59.708+0000] {logging_mixin.py:190} INFO - [2026-07-01T23:53:59.708+0000] {dag.py:3239} INFO - Sync 1 DAGs
[2026-07-01T23:53:59.718+0000] {logging_mixin.py:190} INFO - [2026-07-01T23:53:59.718+0000] {dag.py:4180} INFO - Setting next_dagrun for ingest_avito_to_raw to 2026-07-01 23:00:00+00:00, run_after=2026-07-02 00:00:00+00:00
[2026-07-01T23:53:59.726+0000] {processor.py:208} INFO - Processing /opt/airflow/dags/ingest_avito_to_raw.py took 0.045 seconds
[2026-07-01T23:54:30.051+0000] {processor.py:186} INFO - Started process (PID=32410) to work on /opt/airflow/dags/ingest_avito_to_raw.py
[2026-07-01T23:54:30.052+0000] {processor.py:914} INFO - Processing file /opt/airflow/dags/ingest_avito_to_raw.py for tasks to queue
[2026-07-01T23:54:30.053+0000] {logging_mixin.py:190} INFO - [2026-07-01T23:54:30.052+0000] {dagbag.py:588} INFO - Filling up the DagBag from /opt/airflow/dags/ingest_avito_to_raw.py
[2026-07-01T23:54:30.057+0000] {processor.py:925} INFO - DAG(s) 'ingest_avito_to_raw' retrieved from /opt/airflow/dags/ingest_avito_to_raw.py
[2026-07-01T23:54:30.075+0000] {logging_mixin.py:190} INFO - [2026-07-01T23:54:30.075+0000] {dag.py:3239} INFO - Sync 1 DAGs
[2026-07-01T23:54:30.086+0000] {logging_mixin.py:190} INFO - [2026-07-01T23:54:30.085+0000] {dag.py:4180} INFO - Setting next_dagrun for ingest_avito_to_raw to 2026-07-01 23:00:00+00:00, run_after=2026-07-02 00:00:00+00:00
[2026-07-01T23:54:30.095+0000] {processor.py:208} INFO - Processing /opt/airflow/dags/ingest_avito_to_raw.py took 0.049 seconds
[2026-07-01T23:55:00.428+0000] {processor.py:186} INFO - Started process (PID=32420) to work on /opt/airflow/dags/ingest_avito_to_raw.py
[2026-07-01T23:55:00.429+0000] {processor.py:914} INFO - Processing file /opt/airflow/dags/ingest_avito_to_raw.py for tasks to queue
[2026-07-01T23:55:00.429+0000] {logging_mixin.py:190} INFO - [2026-07-01T23:55:00.429+0000] {dagbag.py:588} INFO - Filling up the DagBag from /opt/airflow/dags/ingest_avito_to_raw.py
[2026-07-01T23:55:00.434+0000] {processor.py:925} INFO - DAG(s) 'ingest_avito_to_raw' retrieved from /opt/airflow/dags/ingest_avito_to_raw.py
[2026-07-01T23:55:00.452+0000] {logging_mixin.py:190} INFO - [2026-07-01T23:55:00.451+0000] {dag.py:3239} INFO - Sync 1 DAGs
[2026-07-01T23:55:00.461+0000] {logging_mixin.py:190} INFO - [2026-07-01T23:55:00.461+0000] {dag.py:4180} INFO - Setting next_dagrun for ingest_avito_to_raw to 2026-07-01 23:00:00+00:00, run_after=2026-07-02 00:00:00+00:00
[2026-07-01T23:55:00.469+0000] {processor.py:208} INFO - Processing /opt/airflow/dags/ingest_avito_to_raw.py took 0.046 seconds
[2026-07-01T23:55:30.813+0000] {processor.py:186} INFO - Started process (PID=32430) to work on /opt/airflow/dags/ingest_avito_to_raw.py
[2026-07-01T23:55:30.814+0000] {processor.py:914} INFO - Processing file /opt/airflow/dags/ingest_avito_to_raw.py for tasks to queue
[2026-07-01T23:55:30.814+0000] {logging_mixin.py:190} INFO - [2026-07-01T23:55:30.814+0000] {dagbag.py:588} INFO - Filling up the DagBag from /opt/airflow/dags/ingest_avito_to_raw.py
[2026-07-01T23:55:30.819+0000] {processor.py:925} INFO - DAG(s) 'ingest_avito_to_raw' retrieved from /opt/airflow/dags/ingest_avito_to_raw.py
[2026-07-01T23:55:30.838+0000] {logging_mixin.py:190} INFO - [2026-07-01T23:55:30.837+0000] {dag.py:3239} INFO - Sync 1 DAGs
[2026-07-01T23:55:30.849+0000] {logging_mixin.py:190} INFO - [2026-07-01T23:55:30.849+0000] {dag.py:4180} INFO - Setting next_dagrun for ingest_avito_to_raw to 2026-07-01 23:00:00+00:00, run_after=2026-07-02 00:00:00+00:00
[2026-07-01T23:55:30.860+0000] {processor.py:208} INFO - Processing /opt/airflow/dags/ingest_avito_to_raw.py took 0.053 seconds
[2026-07-01T23:56:01.193+0000] {processor.py:186} INFO - Started process (PID=32440) to work on /opt/airflow/dags/ingest_avito_to_raw.py
[2026-07-01T23:56:01.194+0000] {processor.py:914} INFO - Processing file /opt/airflow/dags/ingest_avito_to_raw.py for tasks to queue
[2026-07-01T23:56:01.195+0000] {logging_mixin.py:190} INFO - [2026-07-01T23:56:01.195+0000] {dagbag.py:588} INFO - Filling up the DagBag from /opt/airflow/dags/ingest_avito_to_raw.py
[2026-07-01T23:56:01.199+0000] {processor.py:925} INFO - DAG(s) 'ingest_avito_to_raw' retrieved from /opt/airflow/dags/ingest_avito_to_raw.py
[2026-07-01T23:56:01.215+0000] {logging_mixin.py:190} INFO - [2026-07-01T23:56:01.215+0000] {dag.py:3239} INFO - Sync 1 DAGs
[2026-07-01T23:56:01.225+0000] {logging_mixin.py:190} INFO - [2026-07-01T23:56:01.225+0000] {dag.py:4180} INFO - Setting next_dagrun for ingest_avito_to_raw to 2026-07-01 23:00:00+00:00, run_after=2026-07-02 00:00:00+00:00
[2026-07-01T23:56:01.237+0000] {processor.py:208} INFO - Processing /opt/airflow/dags/ingest_avito_to_raw.py took 0.050 seconds
[2026-07-01T23:56:31.533+0000] {processor.py:186} INFO - Started process (PID=32450) to work on /opt/airflow/dags/ingest_avito_to_raw.py
[2026-07-01T23:56:31.534+0000] {processor.py:914} INFO - Processing file /opt/airflow/dags/ingest_avito_to_raw.py for tasks to queue
[2026-07-01T23:56:31.535+0000] {logging_mixin.py:190} INFO - [2026-07-01T23:56:31.535+0000] {dagbag.py:588} INFO - Filling up the DagBag from /opt/airflow/dags/ingest_avito_to_raw.py
[2026-07-01T23:56:31.540+0000] {processor.py:925} INFO - DAG(s) 'ingest_avito_to_raw' retrieved from /opt/airflow/dags/ingest_avito_to_raw.py
[2026-07-01T23:56:31.558+0000] {logging_mixin.py:190} INFO - [2026-07-01T23:56:31.558+0000] {dag.py:3239} INFO - Sync 1 DAGs
[2026-07-01T23:56:31.570+0000] {logging_mixin.py:190} INFO - [2026-07-01T23:56:31.570+0000] {dag.py:4180} INFO - Setting next_dagrun for ingest_avito_to_raw to 2026-07-01 23:00:00+00:00, run_after=2026-07-02 00:00:00+00:00
[2026-07-01T23:56:31.579+0000] {processor.py:208} INFO - Processing /opt/airflow/dags/ingest_avito_to_raw.py took 0.050 seconds
[2026-07-01T23:57:01.938+0000] {processor.py:186} INFO - Started process (PID=32460) to work on /opt/airflow/dags/ingest_avito_to_raw.py
[2026-07-01T23:57:01.938+0000] {processor.py:914} INFO - Processing file /opt/airflow/dags/ingest_avito_to_raw.py for tasks to queue
[2026-07-01T23:57:01.939+0000] {logging_mixin.py:190} INFO - [2026-07-01T23:57:01.939+0000] {dagbag.py:588} INFO - Filling up the DagBag from /opt/airflow/dags/ingest_avito_to_raw.py
[2026-07-01T23:57:01.943+0000] {processor.py:925} INFO - DAG(s) 'ingest_avito_to_raw' retrieved from /opt/airflow/dags/ingest_avito_to_raw.py
[2026-07-01T23:57:01.960+0000] {logging_mixin.py:190} INFO - [2026-07-01T23:57:01.960+0000] {dag.py:3239} INFO - Sync 1 DAGs
[2026-07-01T23:57:01.970+0000] {logging_mixin.py:190} INFO - [2026-07-01T23:57:01.970+0000] {dag.py:4180} INFO - Setting next_dagrun for ingest_avito_to_raw to 2026-07-01 23:00:00+00:00, run_after=2026-07-02 00:00:00+00:00
[2026-07-01T23:57:01.980+0000] {processor.py:208} INFO - Processing /opt/airflow/dags/ingest_avito_to_raw.py took 0.048 seconds
[2026-07-01T23:57:32.316+0000] {processor.py:186} INFO - Started process (PID=32470) to work on /opt/airflow/dags/ingest_avito_to_raw.py
[2026-07-01T23:57:32.317+0000] {processor.py:914} INFO - Processing file /opt/airflow/dags/ingest_avito_to_raw.py for tasks to queue
[2026-07-01T23:57:32.318+0000] {logging_mixin.py:190} INFO - [2026-07-01T23:57:32.318+0000] {dagbag.py:588} INFO - Filling up the DagBag from /opt/airflow/dags/ingest_avito_to_raw.py
[2026-07-01T23:57:32.322+0000] {processor.py:925} INFO - DAG(s) 'ingest_avito_to_raw' retrieved from /opt/airflow/dags/ingest_avito_to_raw.py
[2026-07-01T23:57:32.339+0000] {logging_mixin.py:190} INFO - [2026-07-01T23:57:32.339+0000] {dag.py:3239} INFO - Sync 1 DAGs
[2026-07-01T23:57:32.350+0000] {logging_mixin.py:190} INFO - [2026-07-01T23:57:32.349+0000] {dag.py:4180} INFO - Setting next_dagrun for ingest_avito_to_raw to 2026-07-01 23:00:00+00:00, run_after=2026-07-02 00:00:00+00:00
[2026-07-01T23:57:32.359+0000] {processor.py:208} INFO - Processing /opt/airflow/dags/ingest_avito_to_raw.py took 0.048 seconds
[2026-07-01T23:58:02.628+0000] {processor.py:186} INFO - Started process (PID=32480) to work on /opt/airflow/dags/ingest_avito_to_raw.py
[2026-07-01T23:58:02.629+0000] {processor.py:914} INFO - Processing file /opt/airflow/dags/ingest_avito_to_raw.py for tasks to queue
[2026-07-01T23:58:02.629+0000] {logging_mixin.py:190} INFO - [2026-07-01T23:58:02.629+0000] {dagbag.py:588} INFO - Filling up the DagBag from /opt/airflow/dags/ingest_avito_to_raw.py
[2026-07-01T23:58:02.633+0000] {processor.py:925} INFO - DAG(s) 'ingest_avito_to_raw' retrieved from /opt/airflow/dags/ingest_avito_to_raw.py
[2026-07-01T23:58:02.651+0000] {logging_mixin.py:190} INFO - [2026-07-01T23:58:02.651+0000] {dag.py:3239} INFO - Sync 1 DAGs
[2026-07-01T23:58:02.661+0000] {logging_mixin.py:190} INFO - [2026-07-01T23:58:02.661+0000] {dag.py:4180} INFO - Setting next_dagrun for ingest_avito_to_raw to 2026-07-01 23:00:00+00:00, run_after=2026-07-02 00:00:00+00:00
[2026-07-01T23:58:02.670+0000] {processor.py:208} INFO - Processing /opt/airflow/dags/ingest_avito_to_raw.py took 0.047 seconds
[2026-07-01T23:58:33.075+0000] {processor.py:186} INFO - Started process (PID=32490) to work on /opt/airflow/dags/ingest_avito_to_raw.py
[2026-07-01T23:58:33.075+0000] {processor.py:914} INFO - Processing file /opt/airflow/dags/ingest_avito_to_raw.py for tasks to queue
[2026-07-01T23:58:33.076+0000] {logging_mixin.py:190} INFO - [2026-07-01T23:58:33.076+0000] {dagbag.py:588} INFO - Filling up the DagBag from /opt/airflow/dags/ingest_avito_to_raw.py
[2026-07-01T23:58:33.084+0000] {processor.py:925} INFO - DAG(s) 'ingest_avito_to_raw' retrieved from /opt/airflow/dags/ingest_avito_to_raw.py
[2026-07-01T23:58:33.100+0000] {logging_mixin.py:190} INFO - [2026-07-01T23:58:33.100+0000] {dag.py:3239} INFO - Sync 1 DAGs
[2026-07-01T23:58:33.110+0000] {logging_mixin.py:190} INFO - [2026-07-01T23:58:33.110+0000] {dag.py:4180} INFO - Setting next_dagrun for ingest_avito_to_raw to 2026-07-01 23:00:00+00:00, run_after=2026-07-02 00:00:00+00:00
[2026-07-01T23:58:33.120+0000] {processor.py:208} INFO - Processing /opt/airflow/dags/ingest_avito_to_raw.py took 0.051 seconds
[2026-07-01T23:59:03.488+0000] {processor.py:186} INFO - Started process (PID=32500) to work on /opt/airflow/dags/ingest_avito_to_raw.py
[2026-07-01T23:59:03.489+0000] {processor.py:914} INFO - Processing file /opt/airflow/dags/ingest_avito_to_raw.py for tasks to queue
[2026-07-01T23:59:03.490+0000] {logging_mixin.py:190} INFO - [2026-07-01T23:59:03.490+0000] {dagbag.py:588} INFO - Filling up the DagBag from /opt/airflow/dags/ingest_avito_to_raw.py
[2026-07-01T23:59:03.496+0000] {processor.py:925} INFO - DAG(s) 'ingest_avito_to_raw' retrieved from /opt/airflow/dags/ingest_avito_to_raw.py
[2026-07-01T23:59:03.515+0000] {logging_mixin.py:190} INFO - [2026-07-01T23:59:03.515+0000] {dag.py:3239} INFO - Sync 1 DAGs
[2026-07-01T23:59:03.524+0000] {logging_mixin.py:190} INFO - [2026-07-01T23:59:03.524+0000] {dag.py:4180} INFO - Setting next_dagrun for ingest_avito_to_raw to 2026-07-01 23:00:00+00:00, run_after=2026-07-02 00:00:00+00:00
[2026-07-01T23:59:03.533+0000] {processor.py:208} INFO - Processing /opt/airflow/dags/ingest_avito_to_raw.py took 0.049 seconds
[2026-07-01T23:59:33.849+0000] {processor.py:186} INFO - Started process (PID=32510) to work on /opt/airflow/dags/ingest_avito_to_raw.py
[2026-07-01T23:59:33.850+0000] {processor.py:914} INFO - Processing file /opt/airflow/dags/ingest_avito_to_raw.py for tasks to queue
[2026-07-01T23:59:33.851+0000] {logging_mixin.py:190} INFO - [2026-07-01T23:59:33.851+0000] {dagbag.py:588} INFO - Filling up the DagBag from /opt/airflow/dags/ingest_avito_to_raw.py
[2026-07-01T23:59:33.855+0000] {processor.py:925} INFO - DAG(s) 'ingest_avito_to_raw' retrieved from /opt/airflow/dags/ingest_avito_to_raw.py
[2026-07-01T23:59:33.872+0000] {logging_mixin.py:190} INFO - [2026-07-01T23:59:33.872+0000] {dag.py:3239} INFO - Sync 1 DAGs
[2026-07-01T23:59:33.881+0000] {logging_mixin.py:190} INFO - [2026-07-01T23:59:33.881+0000] {dag.py:4180} INFO - Setting next_dagrun for ingest_avito_to_raw to 2026-07-01 23:00:00+00:00, run_after=2026-07-02 00:00:00+00:00
[2026-07-01T23:59:33.891+0000] {processor.py:208} INFO - Processing /opt/airflow/dags/ingest_avito_to_raw.py took 0.047 seconds
