[2026-07-21T18:27:40.105+0000] {processor.py:186} INFO - Started process (PID=40) to work on /opt/airflow/dags/avito_to_raw_midraw.py
[2026-07-21T18:27:40.106+0000] {processor.py:914} INFO - Processing file /opt/airflow/dags/avito_to_raw_midraw.py for tasks to queue
[2026-07-21T18:27:40.108+0000] {logging_mixin.py:190} INFO - [2026-07-21T18:27:40.107+0000] {dagbag.py:588} INFO - Filling up the DagBag from /opt/airflow/dags/avito_to_raw_midraw.py
[2026-07-21T18:27:40.123+0000] {processor.py:925} INFO - DAG(s) 'avito_to_raw_midraw' retrieved from /opt/airflow/dags/avito_to_raw_midraw.py
[2026-07-21T18:27:40.144+0000] {logging_mixin.py:190} INFO - [2026-07-21T18:27:40.144+0000] {dag.py:3239} INFO - Sync 1 DAGs
[2026-07-21T18:27:40.171+0000] {processor.py:208} INFO - Processing /opt/airflow/dags/avito_to_raw_midraw.py took 0.069 seconds
[2026-07-21T18:28:10.384+0000] {processor.py:186} INFO - Started process (PID=42) to work on /opt/airflow/dags/avito_to_raw_midraw.py
[2026-07-21T18:28:10.384+0000] {processor.py:914} INFO - Processing file /opt/airflow/dags/avito_to_raw_midraw.py for tasks to queue
[2026-07-21T18:28:10.386+0000] {logging_mixin.py:190} INFO - [2026-07-21T18:28:10.385+0000] {dagbag.py:588} INFO - Filling up the DagBag from /opt/airflow/dags/avito_to_raw_midraw.py
[2026-07-21T18:28:10.401+0000] {processor.py:925} INFO - DAG(s) 'avito_to_raw_midraw' retrieved from /opt/airflow/dags/avito_to_raw_midraw.py
[2026-07-21T18:28:10.417+0000] {logging_mixin.py:190} INFO - [2026-07-21T18:28:10.417+0000] {dag.py:3239} INFO - Sync 1 DAGs
[2026-07-21T18:28:10.439+0000] {processor.py:208} INFO - Processing /opt/airflow/dags/avito_to_raw_midraw.py took 0.058 seconds
[2026-07-21T18:28:40.638+0000] {processor.py:186} INFO - Started process (PID=44) to work on /opt/airflow/dags/avito_to_raw_midraw.py
[2026-07-21T18:28:40.639+0000] {processor.py:914} INFO - Processing file /opt/airflow/dags/avito_to_raw_midraw.py for tasks to queue
[2026-07-21T18:28:40.640+0000] {logging_mixin.py:190} INFO - [2026-07-21T18:28:40.640+0000] {dagbag.py:588} INFO - Filling up the DagBag from /opt/airflow/dags/avito_to_raw_midraw.py
[2026-07-21T18:28:40.656+0000] {processor.py:925} INFO - DAG(s) 'avito_to_raw_midraw' retrieved from /opt/airflow/dags/avito_to_raw_midraw.py
[2026-07-21T18:28:40.676+0000] {logging_mixin.py:190} INFO - [2026-07-21T18:28:40.676+0000] {dag.py:3239} INFO - Sync 1 DAGs
[2026-07-21T18:28:40.689+0000] {logging_mixin.py:190} INFO - [2026-07-21T18:28:40.689+0000] {dag.py:4180} INFO - Setting next_dagrun for avito_to_raw_midraw to 2026-07-21 18:00:00+00:00, run_after=2026-07-21 19:00:00+00:00
[2026-07-21T18:28:40.697+0000] {processor.py:208} INFO - Processing /opt/airflow/dags/avito_to_raw_midraw.py took 0.064 seconds
[2026-07-21T18:29:10.908+0000] {processor.py:186} INFO - Started process (PID=46) to work on /opt/airflow/dags/avito_to_raw_midraw.py
[2026-07-21T18:29:10.909+0000] {processor.py:914} INFO - Processing file /opt/airflow/dags/avito_to_raw_midraw.py for tasks to queue
[2026-07-21T18:29:10.911+0000] {logging_mixin.py:190} INFO - [2026-07-21T18:29:10.910+0000] {dagbag.py:588} INFO - Filling up the DagBag from /opt/airflow/dags/avito_to_raw_midraw.py
[2026-07-21T18:29:10.922+0000] {processor.py:925} INFO - DAG(s) 'avito_to_raw_midraw' retrieved from /opt/airflow/dags/avito_to_raw_midraw.py
[2026-07-21T18:29:10.939+0000] {logging_mixin.py:190} INFO - [2026-07-21T18:29:10.939+0000] {dag.py:3239} INFO - Sync 1 DAGs
[2026-07-21T18:29:10.951+0000] {logging_mixin.py:190} INFO - [2026-07-21T18:29:10.951+0000] {dag.py:4180} INFO - Setting next_dagrun for avito_to_raw_midraw to 2026-07-21 18:00:00+00:00, run_after=2026-07-21 19:00:00+00:00
[2026-07-21T18:29:10.959+0000] {processor.py:208} INFO - Processing /opt/airflow/dags/avito_to_raw_midraw.py took 0.054 seconds
[2026-07-21T18:29:41.169+0000] {processor.py:186} INFO - Started process (PID=48) to work on /opt/airflow/dags/avito_to_raw_midraw.py
[2026-07-21T18:29:41.169+0000] {processor.py:914} INFO - Processing file /opt/airflow/dags/avito_to_raw_midraw.py for tasks to queue
[2026-07-21T18:29:41.171+0000] {logging_mixin.py:190} INFO - [2026-07-21T18:29:41.170+0000] {dagbag.py:588} INFO - Filling up the DagBag from /opt/airflow/dags/avito_to_raw_midraw.py
[2026-07-21T18:29:41.184+0000] {processor.py:925} INFO - DAG(s) 'avito_to_raw_midraw' retrieved from /opt/airflow/dags/avito_to_raw_midraw.py
[2026-07-21T18:29:41.201+0000] {logging_mixin.py:190} INFO - [2026-07-21T18:29:41.200+0000] {dag.py:3239} INFO - Sync 1 DAGs
[2026-07-21T18:29:41.213+0000] {logging_mixin.py:190} INFO - [2026-07-21T18:29:41.213+0000] {dag.py:4180} INFO - Setting next_dagrun for avito_to_raw_midraw to 2026-07-21 18:00:00+00:00, run_after=2026-07-21 19:00:00+00:00
[2026-07-21T18:29:41.221+0000] {processor.py:208} INFO - Processing /opt/airflow/dags/avito_to_raw_midraw.py took 0.055 seconds
[2026-07-21T18:30:11.490+0000] {processor.py:186} INFO - Started process (PID=50) to work on /opt/airflow/dags/avito_to_raw_midraw.py
[2026-07-21T18:30:11.491+0000] {processor.py:914} INFO - Processing file /opt/airflow/dags/avito_to_raw_midraw.py for tasks to queue
[2026-07-21T18:30:11.493+0000] {logging_mixin.py:190} INFO - [2026-07-21T18:30:11.492+0000] {dagbag.py:588} INFO - Filling up the DagBag from /opt/airflow/dags/avito_to_raw_midraw.py
[2026-07-21T18:30:11.507+0000] {processor.py:925} INFO - DAG(s) 'avito_to_raw_midraw' retrieved from /opt/airflow/dags/avito_to_raw_midraw.py
[2026-07-21T18:30:11.523+0000] {logging_mixin.py:190} INFO - [2026-07-21T18:30:11.523+0000] {dag.py:3239} INFO - Sync 1 DAGs
[2026-07-21T18:30:11.535+0000] {logging_mixin.py:190} INFO - [2026-07-21T18:30:11.535+0000] {dag.py:4180} INFO - Setting next_dagrun for avito_to_raw_midraw to 2026-07-21 18:00:00+00:00, run_after=2026-07-21 19:00:00+00:00
[2026-07-21T18:30:11.544+0000] {processor.py:208} INFO - Processing /opt/airflow/dags/avito_to_raw_midraw.py took 0.058 seconds
[2026-07-21T18:30:41.757+0000] {processor.py:186} INFO - Started process (PID=52) to work on /opt/airflow/dags/avito_to_raw_midraw.py
[2026-07-21T18:30:41.758+0000] {processor.py:914} INFO - Processing file /opt/airflow/dags/avito_to_raw_midraw.py for tasks to queue
[2026-07-21T18:30:41.760+0000] {logging_mixin.py:190} INFO - [2026-07-21T18:30:41.760+0000] {dagbag.py:588} INFO - Filling up the DagBag from /opt/airflow/dags/avito_to_raw_midraw.py
[2026-07-21T18:30:41.774+0000] {processor.py:925} INFO - DAG(s) 'avito_to_raw_midraw' retrieved from /opt/airflow/dags/avito_to_raw_midraw.py
[2026-07-21T18:30:41.796+0000] {logging_mixin.py:190} INFO - [2026-07-21T18:30:41.796+0000] {dag.py:3239} INFO - Sync 1 DAGs
[2026-07-21T18:30:41.812+0000] {logging_mixin.py:190} INFO - [2026-07-21T18:30:41.812+0000] {dag.py:4180} INFO - Setting next_dagrun for avito_to_raw_midraw to 2026-07-21 18:00:00+00:00, run_after=2026-07-21 19:00:00+00:00
[2026-07-21T18:30:41.821+0000] {processor.py:208} INFO - Processing /opt/airflow/dags/avito_to_raw_midraw.py took 0.069 seconds
[2026-07-21T18:31:12.048+0000] {processor.py:186} INFO - Started process (PID=54) to work on /opt/airflow/dags/avito_to_raw_midraw.py
[2026-07-21T18:31:12.049+0000] {processor.py:914} INFO - Processing file /opt/airflow/dags/avito_to_raw_midraw.py for tasks to queue
[2026-07-21T18:31:12.050+0000] {logging_mixin.py:190} INFO - [2026-07-21T18:31:12.050+0000] {dagbag.py:588} INFO - Filling up the DagBag from /opt/airflow/dags/avito_to_raw_midraw.py
[2026-07-21T18:31:12.068+0000] {processor.py:925} INFO - DAG(s) 'avito_to_raw_midraw' retrieved from /opt/airflow/dags/avito_to_raw_midraw.py
[2026-07-21T18:31:12.090+0000] {logging_mixin.py:190} INFO - [2026-07-21T18:31:12.090+0000] {dag.py:3239} INFO - Sync 1 DAGs
[2026-07-21T18:31:12.104+0000] {logging_mixin.py:190} INFO - [2026-07-21T18:31:12.103+0000] {dag.py:4180} INFO - Setting next_dagrun for avito_to_raw_midraw to 2026-07-21 18:00:00+00:00, run_after=2026-07-21 19:00:00+00:00
[2026-07-21T18:31:12.112+0000] {processor.py:208} INFO - Processing /opt/airflow/dags/avito_to_raw_midraw.py took 0.068 seconds
[2026-07-21T18:31:42.331+0000] {processor.py:186} INFO - Started process (PID=56) to work on /opt/airflow/dags/avito_to_raw_midraw.py
[2026-07-21T18:31:42.332+0000] {processor.py:914} INFO - Processing file /opt/airflow/dags/avito_to_raw_midraw.py for tasks to queue
[2026-07-21T18:31:42.333+0000] {logging_mixin.py:190} INFO - [2026-07-21T18:31:42.332+0000] {dagbag.py:588} INFO - Filling up the DagBag from /opt/airflow/dags/avito_to_raw_midraw.py
[2026-07-21T18:31:42.344+0000] {processor.py:925} INFO - DAG(s) 'avito_to_raw_midraw' retrieved from /opt/airflow/dags/avito_to_raw_midraw.py
[2026-07-21T18:31:42.358+0000] {logging_mixin.py:190} INFO - [2026-07-21T18:31:42.358+0000] {dag.py:3239} INFO - Sync 1 DAGs
[2026-07-21T18:31:42.369+0000] {logging_mixin.py:190} INFO - [2026-07-21T18:31:42.369+0000] {dag.py:4180} INFO - Setting next_dagrun for avito_to_raw_midraw to 2026-07-21 18:00:00+00:00, run_after=2026-07-21 19:00:00+00:00
[2026-07-21T18:31:42.376+0000] {processor.py:208} INFO - Processing /opt/airflow/dags/avito_to_raw_midraw.py took 0.048 seconds
[2026-07-21T18:32:12.586+0000] {processor.py:186} INFO - Started process (PID=58) to work on /opt/airflow/dags/avito_to_raw_midraw.py
[2026-07-21T18:32:12.587+0000] {processor.py:914} INFO - Processing file /opt/airflow/dags/avito_to_raw_midraw.py for tasks to queue
[2026-07-21T18:32:12.589+0000] {logging_mixin.py:190} INFO - [2026-07-21T18:32:12.588+0000] {dagbag.py:588} INFO - Filling up the DagBag from /opt/airflow/dags/avito_to_raw_midraw.py
[2026-07-21T18:32:12.602+0000] {processor.py:925} INFO - DAG(s) 'avito_to_raw_midraw' retrieved from /opt/airflow/dags/avito_to_raw_midraw.py
[2026-07-21T18:32:12.620+0000] {logging_mixin.py:190} INFO - [2026-07-21T18:32:12.620+0000] {dag.py:3239} INFO - Sync 1 DAGs
[2026-07-21T18:32:12.633+0000] {logging_mixin.py:190} INFO - [2026-07-21T18:32:12.633+0000] {dag.py:4180} INFO - Setting next_dagrun for avito_to_raw_midraw to 2026-07-21 18:00:00+00:00, run_after=2026-07-21 19:00:00+00:00
[2026-07-21T18:32:12.642+0000] {processor.py:208} INFO - Processing /opt/airflow/dags/avito_to_raw_midraw.py took 0.060 seconds
[2026-07-21T18:32:42.872+0000] {processor.py:186} INFO - Started process (PID=60) to work on /opt/airflow/dags/avito_to_raw_midraw.py
[2026-07-21T18:32:42.872+0000] {processor.py:914} INFO - Processing file /opt/airflow/dags/avito_to_raw_midraw.py for tasks to queue
[2026-07-21T18:32:42.873+0000] {logging_mixin.py:190} INFO - [2026-07-21T18:32:42.873+0000] {dagbag.py:588} INFO - Filling up the DagBag from /opt/airflow/dags/avito_to_raw_midraw.py
[2026-07-21T18:32:42.885+0000] {processor.py:925} INFO - DAG(s) 'avito_to_raw_midraw' retrieved from /opt/airflow/dags/avito_to_raw_midraw.py
[2026-07-21T18:32:42.900+0000] {logging_mixin.py:190} INFO - [2026-07-21T18:32:42.899+0000] {dag.py:3239} INFO - Sync 1 DAGs
[2026-07-21T18:32:42.910+0000] {logging_mixin.py:190} INFO - [2026-07-21T18:32:42.910+0000] {dag.py:4180} INFO - Setting next_dagrun for avito_to_raw_midraw to 2026-07-21 18:00:00+00:00, run_after=2026-07-21 19:00:00+00:00
[2026-07-21T18:32:42.919+0000] {processor.py:208} INFO - Processing /opt/airflow/dags/avito_to_raw_midraw.py took 0.050 seconds
[2026-07-21T18:33:13.168+0000] {processor.py:186} INFO - Started process (PID=62) to work on /opt/airflow/dags/avito_to_raw_midraw.py
[2026-07-21T18:33:13.168+0000] {processor.py:914} INFO - Processing file /opt/airflow/dags/avito_to_raw_midraw.py for tasks to queue
[2026-07-21T18:33:13.170+0000] {logging_mixin.py:190} INFO - [2026-07-21T18:33:13.169+0000] {dagbag.py:588} INFO - Filling up the DagBag from /opt/airflow/dags/avito_to_raw_midraw.py
[2026-07-21T18:33:13.183+0000] {processor.py:925} INFO - DAG(s) 'avito_to_raw_midraw' retrieved from /opt/airflow/dags/avito_to_raw_midraw.py
[2026-07-21T18:33:13.196+0000] {logging_mixin.py:190} INFO - [2026-07-21T18:33:13.196+0000] {dag.py:3239} INFO - Sync 1 DAGs
[2026-07-21T18:33:13.208+0000] {logging_mixin.py:190} INFO - [2026-07-21T18:33:13.208+0000] {dag.py:4180} INFO - Setting next_dagrun for avito_to_raw_midraw to 2026-07-21 18:00:00+00:00, run_after=2026-07-21 19:00:00+00:00
[2026-07-21T18:33:13.216+0000] {processor.py:208} INFO - Processing /opt/airflow/dags/avito_to_raw_midraw.py took 0.050 seconds
[2026-07-21T18:33:43.434+0000] {processor.py:186} INFO - Started process (PID=64) to work on /opt/airflow/dags/avito_to_raw_midraw.py
[2026-07-21T18:33:43.434+0000] {processor.py:914} INFO - Processing file /opt/airflow/dags/avito_to_raw_midraw.py for tasks to queue
[2026-07-21T18:33:43.436+0000] {logging_mixin.py:190} INFO - [2026-07-21T18:33:43.436+0000] {dagbag.py:588} INFO - Filling up the DagBag from /opt/airflow/dags/avito_to_raw_midraw.py
[2026-07-21T18:33:43.449+0000] {processor.py:925} INFO - DAG(s) 'avito_to_raw_midraw' retrieved from /opt/airflow/dags/avito_to_raw_midraw.py
[2026-07-21T18:33:43.461+0000] {logging_mixin.py:190} INFO - [2026-07-21T18:33:43.461+0000] {dag.py:3239} INFO - Sync 1 DAGs
[2026-07-21T18:33:43.471+0000] {logging_mixin.py:190} INFO - [2026-07-21T18:33:43.471+0000] {dag.py:4180} INFO - Setting next_dagrun for avito_to_raw_midraw to 2026-07-21 18:00:00+00:00, run_after=2026-07-21 19:00:00+00:00
[2026-07-21T18:33:43.478+0000] {processor.py:208} INFO - Processing /opt/airflow/dags/avito_to_raw_midraw.py took 0.049 seconds
[2026-07-21T18:34:13.681+0000] {processor.py:186} INFO - Started process (PID=66) to work on /opt/airflow/dags/avito_to_raw_midraw.py
[2026-07-21T18:34:13.682+0000] {processor.py:914} INFO - Processing file /opt/airflow/dags/avito_to_raw_midraw.py for tasks to queue
[2026-07-21T18:34:13.683+0000] {logging_mixin.py:190} INFO - [2026-07-21T18:34:13.683+0000] {dagbag.py:588} INFO - Filling up the DagBag from /opt/airflow/dags/avito_to_raw_midraw.py
[2026-07-21T18:34:13.698+0000] {processor.py:925} INFO - DAG(s) 'avito_to_raw_midraw' retrieved from /opt/airflow/dags/avito_to_raw_midraw.py
[2026-07-21T18:34:13.717+0000] {logging_mixin.py:190} INFO - [2026-07-21T18:34:13.717+0000] {dag.py:3239} INFO - Sync 1 DAGs
[2026-07-21T18:34:13.730+0000] {logging_mixin.py:190} INFO - [2026-07-21T18:34:13.730+0000] {dag.py:4180} INFO - Setting next_dagrun for avito_to_raw_midraw to 2026-07-21 18:00:00+00:00, run_after=2026-07-21 19:00:00+00:00
[2026-07-21T18:34:13.738+0000] {processor.py:208} INFO - Processing /opt/airflow/dags/avito_to_raw_midraw.py took 0.061 seconds
[2026-07-21T18:34:43.963+0000] {processor.py:186} INFO - Started process (PID=68) to work on /opt/airflow/dags/avito_to_raw_midraw.py
[2026-07-21T18:34:43.963+0000] {processor.py:914} INFO - Processing file /opt/airflow/dags/avito_to_raw_midraw.py for tasks to queue
[2026-07-21T18:34:43.964+0000] {logging_mixin.py:190} INFO - [2026-07-21T18:34:43.964+0000] {dagbag.py:588} INFO - Filling up the DagBag from /opt/airflow/dags/avito_to_raw_midraw.py
[2026-07-21T18:34:43.974+0000] {processor.py:925} INFO - DAG(s) 'avito_to_raw_midraw' retrieved from /opt/airflow/dags/avito_to_raw_midraw.py
[2026-07-21T18:34:43.988+0000] {logging_mixin.py:190} INFO - [2026-07-21T18:34:43.987+0000] {dag.py:3239} INFO - Sync 1 DAGs
[2026-07-21T18:34:43.998+0000] {logging_mixin.py:190} INFO - [2026-07-21T18:34:43.998+0000] {dag.py:4180} INFO - Setting next_dagrun for avito_to_raw_midraw to 2026-07-21 18:00:00+00:00, run_after=2026-07-21 19:00:00+00:00
[2026-07-21T18:34:44.005+0000] {processor.py:208} INFO - Processing /opt/airflow/dags/avito_to_raw_midraw.py took 0.046 seconds
[2026-07-21T18:35:14.233+0000] {processor.py:186} INFO - Started process (PID=70) to work on /opt/airflow/dags/avito_to_raw_midraw.py
[2026-07-21T18:35:14.234+0000] {processor.py:914} INFO - Processing file /opt/airflow/dags/avito_to_raw_midraw.py for tasks to queue
[2026-07-21T18:35:14.235+0000] {logging_mixin.py:190} INFO - [2026-07-21T18:35:14.235+0000] {dagbag.py:588} INFO - Filling up the DagBag from /opt/airflow/dags/avito_to_raw_midraw.py
[2026-07-21T18:35:14.250+0000] {processor.py:925} INFO - DAG(s) 'avito_to_raw_midraw' retrieved from /opt/airflow/dags/avito_to_raw_midraw.py
[2026-07-21T18:35:14.262+0000] {logging_mixin.py:190} INFO - [2026-07-21T18:35:14.262+0000] {dag.py:3239} INFO - Sync 1 DAGs
[2026-07-21T18:35:14.275+0000] {logging_mixin.py:190} INFO - [2026-07-21T18:35:14.275+0000] {dag.py:4180} INFO - Setting next_dagrun for avito_to_raw_midraw to 2026-07-21 18:00:00+00:00, run_after=2026-07-21 19:00:00+00:00
[2026-07-21T18:35:14.284+0000] {processor.py:208} INFO - Processing /opt/airflow/dags/avito_to_raw_midraw.py took 0.054 seconds
[2026-07-21T18:35:44.484+0000] {processor.py:186} INFO - Started process (PID=72) to work on /opt/airflow/dags/avito_to_raw_midraw.py
[2026-07-21T18:35:44.484+0000] {processor.py:914} INFO - Processing file /opt/airflow/dags/avito_to_raw_midraw.py for tasks to queue
[2026-07-21T18:35:44.485+0000] {logging_mixin.py:190} INFO - [2026-07-21T18:35:44.485+0000] {dagbag.py:588} INFO - Filling up the DagBag from /opt/airflow/dags/avito_to_raw_midraw.py
[2026-07-21T18:35:44.499+0000] {processor.py:925} INFO - DAG(s) 'avito_to_raw_midraw' retrieved from /opt/airflow/dags/avito_to_raw_midraw.py
[2026-07-21T18:35:44.513+0000] {logging_mixin.py:190} INFO - [2026-07-21T18:35:44.512+0000] {dag.py:3239} INFO - Sync 1 DAGs
[2026-07-21T18:35:44.524+0000] {logging_mixin.py:190} INFO - [2026-07-21T18:35:44.523+0000] {dag.py:4180} INFO - Setting next_dagrun for avito_to_raw_midraw to 2026-07-21 18:00:00+00:00, run_after=2026-07-21 19:00:00+00:00
[2026-07-21T18:35:44.532+0000] {processor.py:208} INFO - Processing /opt/airflow/dags/avito_to_raw_midraw.py took 0.052 seconds
[2026-07-21T18:36:14.727+0000] {processor.py:186} INFO - Started process (PID=74) to work on /opt/airflow/dags/avito_to_raw_midraw.py
[2026-07-21T18:36:14.728+0000] {processor.py:914} INFO - Processing file /opt/airflow/dags/avito_to_raw_midraw.py for tasks to queue
[2026-07-21T18:36:14.729+0000] {logging_mixin.py:190} INFO - [2026-07-21T18:36:14.729+0000] {dagbag.py:588} INFO - Filling up the DagBag from /opt/airflow/dags/avito_to_raw_midraw.py
[2026-07-21T18:36:14.745+0000] {processor.py:925} INFO - DAG(s) 'avito_to_raw_midraw' retrieved from /opt/airflow/dags/avito_to_raw_midraw.py
[2026-07-21T18:36:14.767+0000] {logging_mixin.py:190} INFO - [2026-07-21T18:36:14.767+0000] {dag.py:3239} INFO - Sync 1 DAGs
[2026-07-21T18:36:14.778+0000] {logging_mixin.py:190} INFO - [2026-07-21T18:36:14.778+0000] {dag.py:4180} INFO - Setting next_dagrun for avito_to_raw_midraw to 2026-07-21 18:00:00+00:00, run_after=2026-07-21 19:00:00+00:00
[2026-07-21T18:36:14.785+0000] {processor.py:208} INFO - Processing /opt/airflow/dags/avito_to_raw_midraw.py took 0.061 seconds
[2026-07-21T18:36:45.065+0000] {processor.py:186} INFO - Started process (PID=76) to work on /opt/airflow/dags/avito_to_raw_midraw.py
[2026-07-21T18:36:45.066+0000] {processor.py:914} INFO - Processing file /opt/airflow/dags/avito_to_raw_midraw.py for tasks to queue
[2026-07-21T18:36:45.067+0000] {logging_mixin.py:190} INFO - [2026-07-21T18:36:45.067+0000] {dagbag.py:588} INFO - Filling up the DagBag from /opt/airflow/dags/avito_to_raw_midraw.py
[2026-07-21T18:36:45.077+0000] {processor.py:925} INFO - DAG(s) 'avito_to_raw_midraw' retrieved from /opt/airflow/dags/avito_to_raw_midraw.py
[2026-07-21T18:36:45.100+0000] {logging_mixin.py:190} INFO - [2026-07-21T18:36:45.099+0000] {dag.py:3239} INFO - Sync 1 DAGs
[2026-07-21T18:36:45.111+0000] {logging_mixin.py:190} INFO - [2026-07-21T18:36:45.111+0000] {dag.py:4180} INFO - Setting next_dagrun for avito_to_raw_midraw to 2026-07-21 18:00:00+00:00, run_after=2026-07-21 19:00:00+00:00
[2026-07-21T18:36:45.118+0000] {processor.py:208} INFO - Processing /opt/airflow/dags/avito_to_raw_midraw.py took 0.056 seconds
[2026-07-21T18:37:15.370+0000] {processor.py:186} INFO - Started process (PID=78) to work on /opt/airflow/dags/avito_to_raw_midraw.py
[2026-07-21T18:37:15.371+0000] {processor.py:914} INFO - Processing file /opt/airflow/dags/avito_to_raw_midraw.py for tasks to queue
[2026-07-21T18:37:15.373+0000] {logging_mixin.py:190} INFO - [2026-07-21T18:37:15.373+0000] {dagbag.py:588} INFO - Filling up the DagBag from /opt/airflow/dags/avito_to_raw_midraw.py
[2026-07-21T18:37:15.391+0000] {processor.py:925} INFO - DAG(s) 'avito_to_raw_midraw' retrieved from /opt/airflow/dags/avito_to_raw_midraw.py
[2026-07-21T18:37:15.414+0000] {logging_mixin.py:190} INFO - [2026-07-21T18:37:15.414+0000] {dag.py:3239} INFO - Sync 1 DAGs
[2026-07-21T18:37:15.427+0000] {logging_mixin.py:190} INFO - [2026-07-21T18:37:15.427+0000] {dag.py:4180} INFO - Setting next_dagrun for avito_to_raw_midraw to 2026-07-21 18:00:00+00:00, run_after=2026-07-21 19:00:00+00:00
[2026-07-21T18:37:15.435+0000] {processor.py:208} INFO - Processing /opt/airflow/dags/avito_to_raw_midraw.py took 0.068 seconds
[2026-07-21T18:37:45.700+0000] {processor.py:186} INFO - Started process (PID=80) to work on /opt/airflow/dags/avito_to_raw_midraw.py
[2026-07-21T18:37:45.701+0000] {processor.py:914} INFO - Processing file /opt/airflow/dags/avito_to_raw_midraw.py for tasks to queue
[2026-07-21T18:37:45.703+0000] {logging_mixin.py:190} INFO - [2026-07-21T18:37:45.703+0000] {dagbag.py:588} INFO - Filling up the DagBag from /opt/airflow/dags/avito_to_raw_midraw.py
[2026-07-21T18:37:45.721+0000] {processor.py:925} INFO - DAG(s) 'avito_to_raw_midraw' retrieved from /opt/airflow/dags/avito_to_raw_midraw.py
[2026-07-21T18:37:45.754+0000] {logging_mixin.py:190} INFO - [2026-07-21T18:37:45.753+0000] {dag.py:3239} INFO - Sync 1 DAGs
[2026-07-21T18:37:45.775+0000] {logging_mixin.py:190} INFO - [2026-07-21T18:37:45.775+0000] {dag.py:4180} INFO - Setting next_dagrun for avito_to_raw_midraw to 2026-07-21 18:00:00+00:00, run_after=2026-07-21 19:00:00+00:00
[2026-07-21T18:37:45.788+0000] {processor.py:208} INFO - Processing /opt/airflow/dags/avito_to_raw_midraw.py took 0.092 seconds
[2026-07-21T18:38:15.937+0000] {processor.py:186} INFO - Started process (PID=82) to work on /opt/airflow/dags/avito_to_raw_midraw.py
[2026-07-21T18:38:15.938+0000] {processor.py:914} INFO - Processing file /opt/airflow/dags/avito_to_raw_midraw.py for tasks to queue
[2026-07-21T18:38:15.941+0000] {logging_mixin.py:190} INFO - [2026-07-21T18:38:15.941+0000] {dagbag.py:588} INFO - Filling up the DagBag from /opt/airflow/dags/avito_to_raw_midraw.py
[2026-07-21T18:38:15.960+0000] {processor.py:925} INFO - DAG(s) 'avito_to_raw_midraw' retrieved from /opt/airflow/dags/avito_to_raw_midraw.py
[2026-07-21T18:38:15.974+0000] {logging_mixin.py:190} INFO - [2026-07-21T18:38:15.974+0000] {dag.py:3239} INFO - Sync 1 DAGs
[2026-07-21T18:38:15.985+0000] {logging_mixin.py:190} INFO - [2026-07-21T18:38:15.985+0000] {dag.py:4180} INFO - Setting next_dagrun for avito_to_raw_midraw to 2026-07-21 18:00:00+00:00, run_after=2026-07-21 19:00:00+00:00
[2026-07-21T18:38:15.992+0000] {processor.py:208} INFO - Processing /opt/airflow/dags/avito_to_raw_midraw.py took 0.058 seconds
[2026-07-21T18:38:46.298+0000] {processor.py:186} INFO - Started process (PID=84) to work on /opt/airflow/dags/avito_to_raw_midraw.py
[2026-07-21T18:38:46.299+0000] {processor.py:914} INFO - Processing file /opt/airflow/dags/avito_to_raw_midraw.py for tasks to queue
[2026-07-21T18:38:46.300+0000] {logging_mixin.py:190} INFO - [2026-07-21T18:38:46.300+0000] {dagbag.py:588} INFO - Filling up the DagBag from /opt/airflow/dags/avito_to_raw_midraw.py
[2026-07-21T18:38:46.327+0000] {processor.py:925} INFO - DAG(s) 'avito_to_raw_midraw' retrieved from /opt/airflow/dags/avito_to_raw_midraw.py
[2026-07-21T18:38:46.345+0000] {logging_mixin.py:190} INFO - [2026-07-21T18:38:46.344+0000] {dag.py:3239} INFO - Sync 1 DAGs
[2026-07-21T18:38:46.359+0000] {logging_mixin.py:190} INFO - [2026-07-21T18:38:46.359+0000] {dag.py:4180} INFO - Setting next_dagrun for avito_to_raw_midraw to 2026-07-21 18:00:00+00:00, run_after=2026-07-21 19:00:00+00:00
[2026-07-21T18:38:46.367+0000] {processor.py:208} INFO - Processing /opt/airflow/dags/avito_to_raw_midraw.py took 0.075 seconds
[2026-07-21T18:39:16.582+0000] {processor.py:186} INFO - Started process (PID=86) to work on /opt/airflow/dags/avito_to_raw_midraw.py
[2026-07-21T18:39:16.583+0000] {processor.py:914} INFO - Processing file /opt/airflow/dags/avito_to_raw_midraw.py for tasks to queue
[2026-07-21T18:39:16.584+0000] {logging_mixin.py:190} INFO - [2026-07-21T18:39:16.584+0000] {dagbag.py:588} INFO - Filling up the DagBag from /opt/airflow/dags/avito_to_raw_midraw.py
[2026-07-21T18:39:16.605+0000] {processor.py:925} INFO - DAG(s) 'avito_to_raw_midraw' retrieved from /opt/airflow/dags/avito_to_raw_midraw.py
[2026-07-21T18:39:16.619+0000] {logging_mixin.py:190} INFO - [2026-07-21T18:39:16.619+0000] {dag.py:3239} INFO - Sync 1 DAGs
[2026-07-21T18:39:16.630+0000] {logging_mixin.py:190} INFO - [2026-07-21T18:39:16.630+0000] {dag.py:4180} INFO - Setting next_dagrun for avito_to_raw_midraw to 2026-07-21 18:00:00+00:00, run_after=2026-07-21 19:00:00+00:00
[2026-07-21T18:39:16.638+0000] {processor.py:208} INFO - Processing /opt/airflow/dags/avito_to_raw_midraw.py took 0.059 seconds
[2026-07-21T18:39:46.870+0000] {processor.py:186} INFO - Started process (PID=88) to work on /opt/airflow/dags/avito_to_raw_midraw.py
[2026-07-21T18:39:46.871+0000] {processor.py:914} INFO - Processing file /opt/airflow/dags/avito_to_raw_midraw.py for tasks to queue
[2026-07-21T18:39:46.872+0000] {logging_mixin.py:190} INFO - [2026-07-21T18:39:46.872+0000] {dagbag.py:588} INFO - Filling up the DagBag from /opt/airflow/dags/avito_to_raw_midraw.py
[2026-07-21T18:39:46.899+0000] {processor.py:925} INFO - DAG(s) 'avito_to_raw_midraw' retrieved from /opt/airflow/dags/avito_to_raw_midraw.py
[2026-07-21T18:39:46.914+0000] {logging_mixin.py:190} INFO - [2026-07-21T18:39:46.914+0000] {dag.py:3239} INFO - Sync 1 DAGs
[2026-07-21T18:39:46.928+0000] {logging_mixin.py:190} INFO - [2026-07-21T18:39:46.928+0000] {dag.py:4180} INFO - Setting next_dagrun for avito_to_raw_midraw to 2026-07-21 18:00:00+00:00, run_after=2026-07-21 19:00:00+00:00
[2026-07-21T18:39:46.936+0000] {processor.py:208} INFO - Processing /opt/airflow/dags/avito_to_raw_midraw.py took 0.069 seconds
[2026-07-21T18:40:17.161+0000] {processor.py:186} INFO - Started process (PID=90) to work on /opt/airflow/dags/avito_to_raw_midraw.py
[2026-07-21T18:40:17.162+0000] {processor.py:914} INFO - Processing file /opt/airflow/dags/avito_to_raw_midraw.py for tasks to queue
[2026-07-21T18:40:17.164+0000] {logging_mixin.py:190} INFO - [2026-07-21T18:40:17.164+0000] {dagbag.py:588} INFO - Filling up the DagBag from /opt/airflow/dags/avito_to_raw_midraw.py
[2026-07-21T18:40:17.177+0000] {processor.py:925} INFO - DAG(s) 'avito_to_raw_midraw' retrieved from /opt/airflow/dags/avito_to_raw_midraw.py
[2026-07-21T18:40:17.191+0000] {logging_mixin.py:190} INFO - [2026-07-21T18:40:17.191+0000] {dag.py:3239} INFO - Sync 1 DAGs
[2026-07-21T18:40:17.202+0000] {logging_mixin.py:190} INFO - [2026-07-21T18:40:17.202+0000] {dag.py:4180} INFO - Setting next_dagrun for avito_to_raw_midraw to 2026-07-21 18:00:00+00:00, run_after=2026-07-21 19:00:00+00:00
[2026-07-21T18:40:17.211+0000] {processor.py:208} INFO - Processing /opt/airflow/dags/avito_to_raw_midraw.py took 0.053 seconds
[2026-07-21T18:40:47.446+0000] {processor.py:186} INFO - Started process (PID=92) to work on /opt/airflow/dags/avito_to_raw_midraw.py
[2026-07-21T18:40:47.447+0000] {processor.py:914} INFO - Processing file /opt/airflow/dags/avito_to_raw_midraw.py for tasks to queue
[2026-07-21T18:40:47.449+0000] {logging_mixin.py:190} INFO - [2026-07-21T18:40:47.449+0000] {dagbag.py:588} INFO - Filling up the DagBag from /opt/airflow/dags/avito_to_raw_midraw.py
[2026-07-21T18:40:47.464+0000] {processor.py:925} INFO - DAG(s) 'avito_to_raw_midraw' retrieved from /opt/airflow/dags/avito_to_raw_midraw.py
[2026-07-21T18:40:47.476+0000] {logging_mixin.py:190} INFO - [2026-07-21T18:40:47.476+0000] {dag.py:3239} INFO - Sync 1 DAGs
[2026-07-21T18:40:47.487+0000] {logging_mixin.py:190} INFO - [2026-07-21T18:40:47.487+0000] {dag.py:4180} INFO - Setting next_dagrun for avito_to_raw_midraw to 2026-07-21 18:00:00+00:00, run_after=2026-07-21 19:00:00+00:00
[2026-07-21T18:40:47.493+0000] {processor.py:208} INFO - Processing /opt/airflow/dags/avito_to_raw_midraw.py took 0.052 seconds
[2026-07-21T18:41:17.734+0000] {processor.py:186} INFO - Started process (PID=94) to work on /opt/airflow/dags/avito_to_raw_midraw.py
[2026-07-21T18:41:17.735+0000] {processor.py:914} INFO - Processing file /opt/airflow/dags/avito_to_raw_midraw.py for tasks to queue
[2026-07-21T18:41:17.736+0000] {logging_mixin.py:190} INFO - [2026-07-21T18:41:17.736+0000] {dagbag.py:588} INFO - Filling up the DagBag from /opt/airflow/dags/avito_to_raw_midraw.py
[2026-07-21T18:41:17.750+0000] {processor.py:925} INFO - DAG(s) 'avito_to_raw_midraw' retrieved from /opt/airflow/dags/avito_to_raw_midraw.py
[2026-07-21T18:41:17.768+0000] {logging_mixin.py:190} INFO - [2026-07-21T18:41:17.768+0000] {dag.py:3239} INFO - Sync 1 DAGs
[2026-07-21T18:41:17.781+0000] {logging_mixin.py:190} INFO - [2026-07-21T18:41:17.781+0000] {dag.py:4180} INFO - Setting next_dagrun for avito_to_raw_midraw to 2026-07-21 18:00:00+00:00, run_after=2026-07-21 19:00:00+00:00
[2026-07-21T18:41:17.791+0000] {processor.py:208} INFO - Processing /opt/airflow/dags/avito_to_raw_midraw.py took 0.062 seconds
[2026-07-21T18:41:48.012+0000] {processor.py:186} INFO - Started process (PID=96) to work on /opt/airflow/dags/avito_to_raw_midraw.py
[2026-07-21T18:41:48.013+0000] {processor.py:914} INFO - Processing file /opt/airflow/dags/avito_to_raw_midraw.py for tasks to queue
[2026-07-21T18:41:48.015+0000] {logging_mixin.py:190} INFO - [2026-07-21T18:41:48.015+0000] {dagbag.py:588} INFO - Filling up the DagBag from /opt/airflow/dags/avito_to_raw_midraw.py
[2026-07-21T18:41:48.027+0000] {processor.py:925} INFO - DAG(s) 'avito_to_raw_midraw' retrieved from /opt/airflow/dags/avito_to_raw_midraw.py
[2026-07-21T18:41:48.041+0000] {logging_mixin.py:190} INFO - [2026-07-21T18:41:48.041+0000] {dag.py:3239} INFO - Sync 1 DAGs
[2026-07-21T18:41:48.052+0000] {logging_mixin.py:190} INFO - [2026-07-21T18:41:48.052+0000] {dag.py:4180} INFO - Setting next_dagrun for avito_to_raw_midraw to 2026-07-21 18:00:00+00:00, run_after=2026-07-21 19:00:00+00:00
[2026-07-21T18:41:48.059+0000] {processor.py:208} INFO - Processing /opt/airflow/dags/avito_to_raw_midraw.py took 0.050 seconds
[2026-07-21T18:42:18.358+0000] {processor.py:186} INFO - Started process (PID=98) to work on /opt/airflow/dags/avito_to_raw_midraw.py
[2026-07-21T18:42:18.358+0000] {processor.py:914} INFO - Processing file /opt/airflow/dags/avito_to_raw_midraw.py for tasks to queue
[2026-07-21T18:42:18.360+0000] {logging_mixin.py:190} INFO - [2026-07-21T18:42:18.360+0000] {dagbag.py:588} INFO - Filling up the DagBag from /opt/airflow/dags/avito_to_raw_midraw.py
[2026-07-21T18:42:18.372+0000] {processor.py:925} INFO - DAG(s) 'avito_to_raw_midraw' retrieved from /opt/airflow/dags/avito_to_raw_midraw.py
[2026-07-21T18:42:18.387+0000] {logging_mixin.py:190} INFO - [2026-07-21T18:42:18.386+0000] {dag.py:3239} INFO - Sync 1 DAGs
[2026-07-21T18:42:18.397+0000] {logging_mixin.py:190} INFO - [2026-07-21T18:42:18.397+0000] {dag.py:4180} INFO - Setting next_dagrun for avito_to_raw_midraw to 2026-07-21 18:00:00+00:00, run_after=2026-07-21 19:00:00+00:00
[2026-07-21T18:42:18.405+0000] {processor.py:208} INFO - Processing /opt/airflow/dags/avito_to_raw_midraw.py took 0.051 seconds
[2026-07-21T18:42:48.691+0000] {processor.py:186} INFO - Started process (PID=100) to work on /opt/airflow/dags/avito_to_raw_midraw.py
[2026-07-21T18:42:48.692+0000] {processor.py:914} INFO - Processing file /opt/airflow/dags/avito_to_raw_midraw.py for tasks to queue
[2026-07-21T18:42:48.694+0000] {logging_mixin.py:190} INFO - [2026-07-21T18:42:48.693+0000] {dagbag.py:588} INFO - Filling up the DagBag from /opt/airflow/dags/avito_to_raw_midraw.py
[2026-07-21T18:42:48.709+0000] {processor.py:925} INFO - DAG(s) 'avito_to_raw_midraw' retrieved from /opt/airflow/dags/avito_to_raw_midraw.py
[2026-07-21T18:42:48.729+0000] {logging_mixin.py:190} INFO - [2026-07-21T18:42:48.729+0000] {dag.py:3239} INFO - Sync 1 DAGs
[2026-07-21T18:42:48.743+0000] {logging_mixin.py:190} INFO - [2026-07-21T18:42:48.743+0000] {dag.py:4180} INFO - Setting next_dagrun for avito_to_raw_midraw to 2026-07-21 18:00:00+00:00, run_after=2026-07-21 19:00:00+00:00
[2026-07-21T18:42:48.752+0000] {processor.py:208} INFO - Processing /opt/airflow/dags/avito_to_raw_midraw.py took 0.065 seconds
[2026-07-21T18:43:18.968+0000] {processor.py:186} INFO - Started process (PID=102) to work on /opt/airflow/dags/avito_to_raw_midraw.py
[2026-07-21T18:43:18.969+0000] {processor.py:914} INFO - Processing file /opt/airflow/dags/avito_to_raw_midraw.py for tasks to queue
[2026-07-21T18:43:18.971+0000] {logging_mixin.py:190} INFO - [2026-07-21T18:43:18.971+0000] {dagbag.py:588} INFO - Filling up the DagBag from /opt/airflow/dags/avito_to_raw_midraw.py
[2026-07-21T18:43:18.984+0000] {processor.py:925} INFO - DAG(s) 'avito_to_raw_midraw' retrieved from /opt/airflow/dags/avito_to_raw_midraw.py
[2026-07-21T18:43:18.998+0000] {logging_mixin.py:190} INFO - [2026-07-21T18:43:18.998+0000] {dag.py:3239} INFO - Sync 1 DAGs
[2026-07-21T18:43:19.009+0000] {logging_mixin.py:190} INFO - [2026-07-21T18:43:19.009+0000] {dag.py:4180} INFO - Setting next_dagrun for avito_to_raw_midraw to 2026-07-21 18:00:00+00:00, run_after=2026-07-21 19:00:00+00:00
[2026-07-21T18:43:19.017+0000] {processor.py:208} INFO - Processing /opt/airflow/dags/avito_to_raw_midraw.py took 0.053 seconds
[2026-07-21T18:43:49.264+0000] {processor.py:186} INFO - Started process (PID=104) to work on /opt/airflow/dags/avito_to_raw_midraw.py
[2026-07-21T18:43:49.265+0000] {processor.py:914} INFO - Processing file /opt/airflow/dags/avito_to_raw_midraw.py for tasks to queue
[2026-07-21T18:43:49.267+0000] {logging_mixin.py:190} INFO - [2026-07-21T18:43:49.266+0000] {dagbag.py:588} INFO - Filling up the DagBag from /opt/airflow/dags/avito_to_raw_midraw.py
[2026-07-21T18:43:49.279+0000] {processor.py:925} INFO - DAG(s) 'avito_to_raw_midraw' retrieved from /opt/airflow/dags/avito_to_raw_midraw.py
[2026-07-21T18:43:49.294+0000] {logging_mixin.py:190} INFO - [2026-07-21T18:43:49.294+0000] {dag.py:3239} INFO - Sync 1 DAGs
[2026-07-21T18:43:49.306+0000] {logging_mixin.py:190} INFO - [2026-07-21T18:43:49.306+0000] {dag.py:4180} INFO - Setting next_dagrun for avito_to_raw_midraw to 2026-07-21 18:00:00+00:00, run_after=2026-07-21 19:00:00+00:00
[2026-07-21T18:43:49.314+0000] {processor.py:208} INFO - Processing /opt/airflow/dags/avito_to_raw_midraw.py took 0.053 seconds
[2026-07-21T18:44:19.557+0000] {processor.py:186} INFO - Started process (PID=106) to work on /opt/airflow/dags/avito_to_raw_midraw.py
[2026-07-21T18:44:19.557+0000] {processor.py:914} INFO - Processing file /opt/airflow/dags/avito_to_raw_midraw.py for tasks to queue
[2026-07-21T18:44:19.559+0000] {logging_mixin.py:190} INFO - [2026-07-21T18:44:19.558+0000] {dagbag.py:588} INFO - Filling up the DagBag from /opt/airflow/dags/avito_to_raw_midraw.py
[2026-07-21T18:44:19.574+0000] {processor.py:925} INFO - DAG(s) 'avito_to_raw_midraw' retrieved from /opt/airflow/dags/avito_to_raw_midraw.py
[2026-07-21T18:44:19.588+0000] {logging_mixin.py:190} INFO - [2026-07-21T18:44:19.588+0000] {dag.py:3239} INFO - Sync 1 DAGs
[2026-07-21T18:44:19.600+0000] {logging_mixin.py:190} INFO - [2026-07-21T18:44:19.600+0000] {dag.py:4180} INFO - Setting next_dagrun for avito_to_raw_midraw to 2026-07-21 18:00:00+00:00, run_after=2026-07-21 19:00:00+00:00
[2026-07-21T18:44:19.608+0000] {processor.py:208} INFO - Processing /opt/airflow/dags/avito_to_raw_midraw.py took 0.055 seconds
[2026-07-21T18:44:49.954+0000] {processor.py:186} INFO - Started process (PID=108) to work on /opt/airflow/dags/avito_to_raw_midraw.py
[2026-07-21T18:44:49.955+0000] {processor.py:914} INFO - Processing file /opt/airflow/dags/avito_to_raw_midraw.py for tasks to queue
[2026-07-21T18:44:49.956+0000] {logging_mixin.py:190} INFO - [2026-07-21T18:44:49.956+0000] {dagbag.py:588} INFO - Filling up the DagBag from /opt/airflow/dags/avito_to_raw_midraw.py
[2026-07-21T18:44:49.973+0000] {processor.py:925} INFO - DAG(s) 'avito_to_raw_midraw' retrieved from /opt/airflow/dags/avito_to_raw_midraw.py
[2026-07-21T18:44:49.993+0000] {logging_mixin.py:190} INFO - [2026-07-21T18:44:49.993+0000] {dag.py:3239} INFO - Sync 1 DAGs
[2026-07-21T18:44:50.007+0000] {logging_mixin.py:190} INFO - [2026-07-21T18:44:50.007+0000] {dag.py:4180} INFO - Setting next_dagrun for avito_to_raw_midraw to 2026-07-21 18:00:00+00:00, run_after=2026-07-21 19:00:00+00:00
[2026-07-21T18:44:50.015+0000] {processor.py:208} INFO - Processing /opt/airflow/dags/avito_to_raw_midraw.py took 0.064 seconds
[2026-07-21T18:45:20.320+0000] {processor.py:186} INFO - Started process (PID=110) to work on /opt/airflow/dags/avito_to_raw_midraw.py
[2026-07-21T18:45:20.321+0000] {processor.py:914} INFO - Processing file /opt/airflow/dags/avito_to_raw_midraw.py for tasks to queue
[2026-07-21T18:45:20.323+0000] {logging_mixin.py:190} INFO - [2026-07-21T18:45:20.323+0000] {dagbag.py:588} INFO - Filling up the DagBag from /opt/airflow/dags/avito_to_raw_midraw.py
[2026-07-21T18:45:20.337+0000] {processor.py:925} INFO - DAG(s) 'avito_to_raw_midraw' retrieved from /opt/airflow/dags/avito_to_raw_midraw.py
[2026-07-21T18:45:20.351+0000] {logging_mixin.py:190} INFO - [2026-07-21T18:45:20.350+0000] {dag.py:3239} INFO - Sync 1 DAGs
[2026-07-21T18:45:20.361+0000] {logging_mixin.py:190} INFO - [2026-07-21T18:45:20.361+0000] {dag.py:4180} INFO - Setting next_dagrun for avito_to_raw_midraw to 2026-07-21 18:00:00+00:00, run_after=2026-07-21 19:00:00+00:00
[2026-07-21T18:45:20.368+0000] {processor.py:208} INFO - Processing /opt/airflow/dags/avito_to_raw_midraw.py took 0.051 seconds
[2026-07-21T18:45:50.743+0000] {processor.py:186} INFO - Started process (PID=112) to work on /opt/airflow/dags/avito_to_raw_midraw.py
[2026-07-21T18:45:50.744+0000] {processor.py:914} INFO - Processing file /opt/airflow/dags/avito_to_raw_midraw.py for tasks to queue
[2026-07-21T18:45:50.746+0000] {logging_mixin.py:190} INFO - [2026-07-21T18:45:50.746+0000] {dagbag.py:588} INFO - Filling up the DagBag from /opt/airflow/dags/avito_to_raw_midraw.py
[2026-07-21T18:45:50.766+0000] {processor.py:925} INFO - DAG(s) 'avito_to_raw_midraw' retrieved from /opt/airflow/dags/avito_to_raw_midraw.py
[2026-07-21T18:45:50.794+0000] {logging_mixin.py:190} INFO - [2026-07-21T18:45:50.794+0000] {dag.py:3239} INFO - Sync 1 DAGs
[2026-07-21T18:45:50.811+0000] {logging_mixin.py:190} INFO - [2026-07-21T18:45:50.811+0000] {dag.py:4180} INFO - Setting next_dagrun for avito_to_raw_midraw to 2026-07-21 18:00:00+00:00, run_after=2026-07-21 19:00:00+00:00
[2026-07-21T18:45:50.821+0000] {processor.py:208} INFO - Processing /opt/airflow/dags/avito_to_raw_midraw.py took 0.083 seconds
[2026-07-21T18:46:21.106+0000] {processor.py:186} INFO - Started process (PID=114) to work on /opt/airflow/dags/avito_to_raw_midraw.py
[2026-07-21T18:46:21.106+0000] {processor.py:914} INFO - Processing file /opt/airflow/dags/avito_to_raw_midraw.py for tasks to queue
[2026-07-21T18:46:21.108+0000] {logging_mixin.py:190} INFO - [2026-07-21T18:46:21.108+0000] {dagbag.py:588} INFO - Filling up the DagBag from /opt/airflow/dags/avito_to_raw_midraw.py
[2026-07-21T18:46:21.122+0000] {processor.py:925} INFO - DAG(s) 'avito_to_raw_midraw' retrieved from /opt/airflow/dags/avito_to_raw_midraw.py
[2026-07-21T18:46:21.138+0000] {logging_mixin.py:190} INFO - [2026-07-21T18:46:21.138+0000] {dag.py:3239} INFO - Sync 1 DAGs
[2026-07-21T18:46:21.148+0000] {logging_mixin.py:190} INFO - [2026-07-21T18:46:21.148+0000] {dag.py:4180} INFO - Setting next_dagrun for avito_to_raw_midraw to 2026-07-21 18:00:00+00:00, run_after=2026-07-21 19:00:00+00:00
[2026-07-21T18:46:21.155+0000] {processor.py:208} INFO - Processing /opt/airflow/dags/avito_to_raw_midraw.py took 0.052 seconds
[2026-07-21T18:46:51.519+0000] {processor.py:186} INFO - Started process (PID=116) to work on /opt/airflow/dags/avito_to_raw_midraw.py
[2026-07-21T18:46:51.520+0000] {processor.py:914} INFO - Processing file /opt/airflow/dags/avito_to_raw_midraw.py for tasks to queue
[2026-07-21T18:46:51.522+0000] {logging_mixin.py:190} INFO - [2026-07-21T18:46:51.522+0000] {dagbag.py:588} INFO - Filling up the DagBag from /opt/airflow/dags/avito_to_raw_midraw.py
[2026-07-21T18:46:51.542+0000] {processor.py:925} INFO - DAG(s) 'avito_to_raw_midraw' retrieved from /opt/airflow/dags/avito_to_raw_midraw.py
[2026-07-21T18:46:51.560+0000] {logging_mixin.py:190} INFO - [2026-07-21T18:46:51.560+0000] {dag.py:3239} INFO - Sync 1 DAGs
[2026-07-21T18:46:51.577+0000] {logging_mixin.py:190} INFO - [2026-07-21T18:46:51.577+0000] {dag.py:4180} INFO - Setting next_dagrun for avito_to_raw_midraw to 2026-07-21 18:00:00+00:00, run_after=2026-07-21 19:00:00+00:00
[2026-07-21T18:46:51.589+0000] {processor.py:208} INFO - Processing /opt/airflow/dags/avito_to_raw_midraw.py took 0.074 seconds
[2026-07-21T18:47:21.911+0000] {processor.py:186} INFO - Started process (PID=118) to work on /opt/airflow/dags/avito_to_raw_midraw.py
[2026-07-21T18:47:21.911+0000] {processor.py:914} INFO - Processing file /opt/airflow/dags/avito_to_raw_midraw.py for tasks to queue
[2026-07-21T18:47:21.913+0000] {logging_mixin.py:190} INFO - [2026-07-21T18:47:21.913+0000] {dagbag.py:588} INFO - Filling up the DagBag from /opt/airflow/dags/avito_to_raw_midraw.py
[2026-07-21T18:47:21.932+0000] {processor.py:925} INFO - DAG(s) 'avito_to_raw_midraw' retrieved from /opt/airflow/dags/avito_to_raw_midraw.py
[2026-07-21T18:47:21.951+0000] {logging_mixin.py:190} INFO - [2026-07-21T18:47:21.951+0000] {dag.py:3239} INFO - Sync 1 DAGs
[2026-07-21T18:47:21.966+0000] {logging_mixin.py:190} INFO - [2026-07-21T18:47:21.966+0000] {dag.py:4180} INFO - Setting next_dagrun for avito_to_raw_midraw to 2026-07-21 18:00:00+00:00, run_after=2026-07-21 19:00:00+00:00
[2026-07-21T18:47:21.974+0000] {processor.py:208} INFO - Processing /opt/airflow/dags/avito_to_raw_midraw.py took 0.070 seconds
[2026-07-21T18:47:52.244+0000] {processor.py:186} INFO - Started process (PID=120) to work on /opt/airflow/dags/avito_to_raw_midraw.py
[2026-07-21T18:47:52.244+0000] {processor.py:914} INFO - Processing file /opt/airflow/dags/avito_to_raw_midraw.py for tasks to queue
[2026-07-21T18:47:52.245+0000] {logging_mixin.py:190} INFO - [2026-07-21T18:47:52.245+0000] {dagbag.py:588} INFO - Filling up the DagBag from /opt/airflow/dags/avito_to_raw_midraw.py
[2026-07-21T18:47:52.256+0000] {processor.py:925} INFO - DAG(s) 'avito_to_raw_midraw' retrieved from /opt/airflow/dags/avito_to_raw_midraw.py
[2026-07-21T18:47:52.275+0000] {logging_mixin.py:190} INFO - [2026-07-21T18:47:52.275+0000] {dag.py:3239} INFO - Sync 1 DAGs
[2026-07-21T18:47:52.292+0000] {logging_mixin.py:190} INFO - [2026-07-21T18:47:52.292+0000] {dag.py:4180} INFO - Setting next_dagrun for avito_to_raw_midraw to 2026-07-21 18:00:00+00:00, run_after=2026-07-21 19:00:00+00:00
[2026-07-21T18:47:52.302+0000] {processor.py:208} INFO - Processing /opt/airflow/dags/avito_to_raw_midraw.py took 0.062 seconds
[2026-07-21T18:48:22.532+0000] {processor.py:186} INFO - Started process (PID=122) to work on /opt/airflow/dags/avito_to_raw_midraw.py
[2026-07-21T18:48:22.533+0000] {processor.py:914} INFO - Processing file /opt/airflow/dags/avito_to_raw_midraw.py for tasks to queue
[2026-07-21T18:48:22.535+0000] {logging_mixin.py:190} INFO - [2026-07-21T18:48:22.535+0000] {dagbag.py:588} INFO - Filling up the DagBag from /opt/airflow/dags/avito_to_raw_midraw.py
[2026-07-21T18:48:22.548+0000] {processor.py:925} INFO - DAG(s) 'avito_to_raw_midraw' retrieved from /opt/airflow/dags/avito_to_raw_midraw.py
[2026-07-21T18:48:22.563+0000] {logging_mixin.py:190} INFO - [2026-07-21T18:48:22.563+0000] {dag.py:3239} INFO - Sync 1 DAGs
[2026-07-21T18:48:22.576+0000] {logging_mixin.py:190} INFO - [2026-07-21T18:48:22.576+0000] {dag.py:4180} INFO - Setting next_dagrun for avito_to_raw_midraw to 2026-07-21 18:00:00+00:00, run_after=2026-07-21 19:00:00+00:00
[2026-07-21T18:48:22.584+0000] {processor.py:208} INFO - Processing /opt/airflow/dags/avito_to_raw_midraw.py took 0.056 seconds
[2026-07-21T18:48:52.810+0000] {processor.py:186} INFO - Started process (PID=124) to work on /opt/airflow/dags/avito_to_raw_midraw.py
[2026-07-21T18:48:52.811+0000] {processor.py:914} INFO - Processing file /opt/airflow/dags/avito_to_raw_midraw.py for tasks to queue
[2026-07-21T18:48:52.813+0000] {logging_mixin.py:190} INFO - [2026-07-21T18:48:52.812+0000] {dagbag.py:588} INFO - Filling up the DagBag from /opt/airflow/dags/avito_to_raw_midraw.py
[2026-07-21T18:48:52.830+0000] {processor.py:925} INFO - DAG(s) 'avito_to_raw_midraw' retrieved from /opt/airflow/dags/avito_to_raw_midraw.py
[2026-07-21T18:48:52.857+0000] {logging_mixin.py:190} INFO - [2026-07-21T18:48:52.857+0000] {dag.py:3239} INFO - Sync 1 DAGs
[2026-07-21T18:48:52.873+0000] {logging_mixin.py:190} INFO - [2026-07-21T18:48:52.873+0000] {dag.py:4180} INFO - Setting next_dagrun for avito_to_raw_midraw to 2026-07-21 18:00:00+00:00, run_after=2026-07-21 19:00:00+00:00
[2026-07-21T18:48:52.886+0000] {processor.py:208} INFO - Processing /opt/airflow/dags/avito_to_raw_midraw.py took 0.080 seconds
[2026-07-21T18:49:23.072+0000] {processor.py:186} INFO - Started process (PID=126) to work on /opt/airflow/dags/avito_to_raw_midraw.py
[2026-07-21T18:49:23.073+0000] {processor.py:914} INFO - Processing file /opt/airflow/dags/avito_to_raw_midraw.py for tasks to queue
[2026-07-21T18:49:23.074+0000] {logging_mixin.py:190} INFO - [2026-07-21T18:49:23.074+0000] {dagbag.py:588} INFO - Filling up the DagBag from /opt/airflow/dags/avito_to_raw_midraw.py
[2026-07-21T18:49:23.087+0000] {processor.py:925} INFO - DAG(s) 'avito_to_raw_midraw' retrieved from /opt/airflow/dags/avito_to_raw_midraw.py
[2026-07-21T18:49:23.103+0000] {logging_mixin.py:190} INFO - [2026-07-21T18:49:23.103+0000] {dag.py:3239} INFO - Sync 1 DAGs
[2026-07-21T18:49:23.114+0000] {logging_mixin.py:190} INFO - [2026-07-21T18:49:23.114+0000] {dag.py:4180} INFO - Setting next_dagrun for avito_to_raw_midraw to 2026-07-21 18:00:00+00:00, run_after=2026-07-21 19:00:00+00:00
[2026-07-21T18:49:23.142+0000] {processor.py:208} INFO - Processing /opt/airflow/dags/avito_to_raw_midraw.py took 0.073 seconds
[2026-07-21T18:49:53.419+0000] {processor.py:186} INFO - Started process (PID=128) to work on /opt/airflow/dags/avito_to_raw_midraw.py
[2026-07-21T18:49:53.420+0000] {processor.py:914} INFO - Processing file /opt/airflow/dags/avito_to_raw_midraw.py for tasks to queue
[2026-07-21T18:49:53.424+0000] {logging_mixin.py:190} INFO - [2026-07-21T18:49:53.423+0000] {dagbag.py:588} INFO - Filling up the DagBag from /opt/airflow/dags/avito_to_raw_midraw.py
[2026-07-21T18:49:53.440+0000] {processor.py:925} INFO - DAG(s) 'avito_to_raw_midraw' retrieved from /opt/airflow/dags/avito_to_raw_midraw.py
[2026-07-21T18:49:53.465+0000] {logging_mixin.py:190} INFO - [2026-07-21T18:49:53.465+0000] {dag.py:3239} INFO - Sync 1 DAGs
[2026-07-21T18:49:53.484+0000] {logging_mixin.py:190} INFO - [2026-07-21T18:49:53.484+0000] {dag.py:4180} INFO - Setting next_dagrun for avito_to_raw_midraw to 2026-07-21 18:00:00+00:00, run_after=2026-07-21 19:00:00+00:00
[2026-07-21T18:49:53.498+0000] {processor.py:208} INFO - Processing /opt/airflow/dags/avito_to_raw_midraw.py took 0.083 seconds
[2026-07-21T18:50:23.730+0000] {processor.py:186} INFO - Started process (PID=130) to work on /opt/airflow/dags/avito_to_raw_midraw.py
[2026-07-21T18:50:23.731+0000] {processor.py:914} INFO - Processing file /opt/airflow/dags/avito_to_raw_midraw.py for tasks to queue
[2026-07-21T18:50:23.733+0000] {logging_mixin.py:190} INFO - [2026-07-21T18:50:23.733+0000] {dagbag.py:588} INFO - Filling up the DagBag from /opt/airflow/dags/avito_to_raw_midraw.py
[2026-07-21T18:50:23.750+0000] {processor.py:925} INFO - DAG(s) 'avito_to_raw_midraw' retrieved from /opt/airflow/dags/avito_to_raw_midraw.py
[2026-07-21T18:50:23.775+0000] {logging_mixin.py:190} INFO - [2026-07-21T18:50:23.775+0000] {dag.py:3239} INFO - Sync 1 DAGs
[2026-07-21T18:50:23.788+0000] {logging_mixin.py:190} INFO - [2026-07-21T18:50:23.788+0000] {dag.py:4180} INFO - Setting next_dagrun for avito_to_raw_midraw to 2026-07-21 18:00:00+00:00, run_after=2026-07-21 19:00:00+00:00
[2026-07-21T18:50:23.800+0000] {processor.py:208} INFO - Processing /opt/airflow/dags/avito_to_raw_midraw.py took 0.075 seconds
[2026-07-21T18:50:54.040+0000] {processor.py:186} INFO - Started process (PID=132) to work on /opt/airflow/dags/avito_to_raw_midraw.py
[2026-07-21T18:50:54.041+0000] {processor.py:914} INFO - Processing file /opt/airflow/dags/avito_to_raw_midraw.py for tasks to queue
[2026-07-21T18:50:54.042+0000] {logging_mixin.py:190} INFO - [2026-07-21T18:50:54.042+0000] {dagbag.py:588} INFO - Filling up the DagBag from /opt/airflow/dags/avito_to_raw_midraw.py
[2026-07-21T18:50:54.057+0000] {processor.py:925} INFO - DAG(s) 'avito_to_raw_midraw' retrieved from /opt/airflow/dags/avito_to_raw_midraw.py
[2026-07-21T18:50:54.076+0000] {logging_mixin.py:190} INFO - [2026-07-21T18:50:54.076+0000] {dag.py:3239} INFO - Sync 1 DAGs
[2026-07-21T18:50:54.091+0000] {logging_mixin.py:190} INFO - [2026-07-21T18:50:54.091+0000] {dag.py:4180} INFO - Setting next_dagrun for avito_to_raw_midraw to 2026-07-21 18:00:00+00:00, run_after=2026-07-21 19:00:00+00:00
[2026-07-21T18:50:54.100+0000] {processor.py:208} INFO - Processing /opt/airflow/dags/avito_to_raw_midraw.py took 0.063 seconds
[2026-07-21T18:51:24.347+0000] {processor.py:186} INFO - Started process (PID=134) to work on /opt/airflow/dags/avito_to_raw_midraw.py
[2026-07-21T18:51:24.348+0000] {processor.py:914} INFO - Processing file /opt/airflow/dags/avito_to_raw_midraw.py for tasks to queue
[2026-07-21T18:51:24.349+0000] {logging_mixin.py:190} INFO - [2026-07-21T18:51:24.349+0000] {dagbag.py:588} INFO - Filling up the DagBag from /opt/airflow/dags/avito_to_raw_midraw.py
[2026-07-21T18:51:24.366+0000] {processor.py:925} INFO - DAG(s) 'avito_to_raw_midraw' retrieved from /opt/airflow/dags/avito_to_raw_midraw.py
[2026-07-21T18:51:24.385+0000] {logging_mixin.py:190} INFO - [2026-07-21T18:51:24.385+0000] {dag.py:3239} INFO - Sync 1 DAGs
[2026-07-21T18:51:24.399+0000] {logging_mixin.py:190} INFO - [2026-07-21T18:51:24.399+0000] {dag.py:4180} INFO - Setting next_dagrun for avito_to_raw_midraw to 2026-07-21 18:00:00+00:00, run_after=2026-07-21 19:00:00+00:00
[2026-07-21T18:51:24.409+0000] {processor.py:208} INFO - Processing /opt/airflow/dags/avito_to_raw_midraw.py took 0.066 seconds
[2026-07-21T18:51:54.604+0000] {processor.py:186} INFO - Started process (PID=136) to work on /opt/airflow/dags/avito_to_raw_midraw.py
[2026-07-21T18:51:54.605+0000] {processor.py:914} INFO - Processing file /opt/airflow/dags/avito_to_raw_midraw.py for tasks to queue
[2026-07-21T18:51:54.607+0000] {logging_mixin.py:190} INFO - [2026-07-21T18:51:54.607+0000] {dagbag.py:588} INFO - Filling up the DagBag from /opt/airflow/dags/avito_to_raw_midraw.py
[2026-07-21T18:51:54.627+0000] {processor.py:925} INFO - DAG(s) 'avito_to_raw_midraw' retrieved from /opt/airflow/dags/avito_to_raw_midraw.py
[2026-07-21T18:51:54.642+0000] {logging_mixin.py:190} INFO - [2026-07-21T18:51:54.642+0000] {dag.py:3239} INFO - Sync 1 DAGs
[2026-07-21T18:51:54.655+0000] {logging_mixin.py:190} INFO - [2026-07-21T18:51:54.655+0000] {dag.py:4180} INFO - Setting next_dagrun for avito_to_raw_midraw to 2026-07-21 18:00:00+00:00, run_after=2026-07-21 19:00:00+00:00
[2026-07-21T18:51:54.668+0000] {processor.py:208} INFO - Processing /opt/airflow/dags/avito_to_raw_midraw.py took 0.068 seconds
[2026-07-21T18:52:24.898+0000] {processor.py:186} INFO - Started process (PID=138) to work on /opt/airflow/dags/avito_to_raw_midraw.py
[2026-07-21T18:52:24.899+0000] {processor.py:914} INFO - Processing file /opt/airflow/dags/avito_to_raw_midraw.py for tasks to queue
[2026-07-21T18:52:24.902+0000] {logging_mixin.py:190} INFO - [2026-07-21T18:52:24.901+0000] {dagbag.py:588} INFO - Filling up the DagBag from /opt/airflow/dags/avito_to_raw_midraw.py
[2026-07-21T18:52:24.921+0000] {processor.py:925} INFO - DAG(s) 'avito_to_raw_midraw' retrieved from /opt/airflow/dags/avito_to_raw_midraw.py
[2026-07-21T18:52:24.948+0000] {logging_mixin.py:190} INFO - [2026-07-21T18:52:24.948+0000] {dag.py:3239} INFO - Sync 1 DAGs
[2026-07-21T18:52:24.967+0000] {logging_mixin.py:190} INFO - [2026-07-21T18:52:24.967+0000] {dag.py:4180} INFO - Setting next_dagrun for avito_to_raw_midraw to 2026-07-21 18:00:00+00:00, run_after=2026-07-21 19:00:00+00:00
[2026-07-21T18:52:24.978+0000] {processor.py:208} INFO - Processing /opt/airflow/dags/avito_to_raw_midraw.py took 0.083 seconds
[2026-07-21T18:52:55.173+0000] {processor.py:186} INFO - Started process (PID=140) to work on /opt/airflow/dags/avito_to_raw_midraw.py
[2026-07-21T18:52:55.173+0000] {processor.py:914} INFO - Processing file /opt/airflow/dags/avito_to_raw_midraw.py for tasks to queue
[2026-07-21T18:52:55.175+0000] {logging_mixin.py:190} INFO - [2026-07-21T18:52:55.175+0000] {dagbag.py:588} INFO - Filling up the DagBag from /opt/airflow/dags/avito_to_raw_midraw.py
[2026-07-21T18:52:55.191+0000] {processor.py:925} INFO - DAG(s) 'avito_to_raw_midraw' retrieved from /opt/airflow/dags/avito_to_raw_midraw.py
[2026-07-21T18:52:55.211+0000] {logging_mixin.py:190} INFO - [2026-07-21T18:52:55.211+0000] {dag.py:3239} INFO - Sync 1 DAGs
[2026-07-21T18:52:55.241+0000] {logging_mixin.py:190} INFO - [2026-07-21T18:52:55.241+0000] {dag.py:4180} INFO - Setting next_dagrun for avito_to_raw_midraw to 2026-07-21 18:00:00+00:00, run_after=2026-07-21 19:00:00+00:00
[2026-07-21T18:52:55.254+0000] {processor.py:208} INFO - Processing /opt/airflow/dags/avito_to_raw_midraw.py took 0.085 seconds
[2026-07-21T18:53:25.546+0000] {processor.py:186} INFO - Started process (PID=142) to work on /opt/airflow/dags/avito_to_raw_midraw.py
[2026-07-21T18:53:25.546+0000] {processor.py:914} INFO - Processing file /opt/airflow/dags/avito_to_raw_midraw.py for tasks to queue
[2026-07-21T18:53:25.548+0000] {logging_mixin.py:190} INFO - [2026-07-21T18:53:25.548+0000] {dagbag.py:588} INFO - Filling up the DagBag from /opt/airflow/dags/avito_to_raw_midraw.py
[2026-07-21T18:53:25.568+0000] {processor.py:925} INFO - DAG(s) 'avito_to_raw_midraw' retrieved from /opt/airflow/dags/avito_to_raw_midraw.py
[2026-07-21T18:53:25.589+0000] {logging_mixin.py:190} INFO - [2026-07-21T18:53:25.589+0000] {dag.py:3239} INFO - Sync 1 DAGs
[2026-07-21T18:53:25.607+0000] {logging_mixin.py:190} INFO - [2026-07-21T18:53:25.607+0000] {dag.py:4180} INFO - Setting next_dagrun for avito_to_raw_midraw to 2026-07-21 18:00:00+00:00, run_after=2026-07-21 19:00:00+00:00
[2026-07-21T18:53:25.617+0000] {processor.py:208} INFO - Processing /opt/airflow/dags/avito_to_raw_midraw.py took 0.076 seconds
[2026-07-21T18:53:55.862+0000] {processor.py:186} INFO - Started process (PID=144) to work on /opt/airflow/dags/avito_to_raw_midraw.py
[2026-07-21T18:53:55.862+0000] {processor.py:914} INFO - Processing file /opt/airflow/dags/avito_to_raw_midraw.py for tasks to queue
[2026-07-21T18:53:55.863+0000] {logging_mixin.py:190} INFO - [2026-07-21T18:53:55.863+0000] {dagbag.py:588} INFO - Filling up the DagBag from /opt/airflow/dags/avito_to_raw_midraw.py
[2026-07-21T18:53:55.876+0000] {processor.py:925} INFO - DAG(s) 'avito_to_raw_midraw' retrieved from /opt/airflow/dags/avito_to_raw_midraw.py
[2026-07-21T18:53:55.895+0000] {logging_mixin.py:190} INFO - [2026-07-21T18:53:55.895+0000] {dag.py:3239} INFO - Sync 1 DAGs
[2026-07-21T18:53:55.909+0000] {logging_mixin.py:190} INFO - [2026-07-21T18:53:55.909+0000] {dag.py:4180} INFO - Setting next_dagrun for avito_to_raw_midraw to 2026-07-21 18:00:00+00:00, run_after=2026-07-21 19:00:00+00:00
[2026-07-21T18:53:55.922+0000] {processor.py:208} INFO - Processing /opt/airflow/dags/avito_to_raw_midraw.py took 0.063 seconds
[2026-07-21T18:54:26.217+0000] {processor.py:186} INFO - Started process (PID=146) to work on /opt/airflow/dags/avito_to_raw_midraw.py
[2026-07-21T18:54:26.218+0000] {processor.py:914} INFO - Processing file /opt/airflow/dags/avito_to_raw_midraw.py for tasks to queue
[2026-07-21T18:54:26.220+0000] {logging_mixin.py:190} INFO - [2026-07-21T18:54:26.220+0000] {dagbag.py:588} INFO - Filling up the DagBag from /opt/airflow/dags/avito_to_raw_midraw.py
[2026-07-21T18:54:26.246+0000] {processor.py:925} INFO - DAG(s) 'avito_to_raw_midraw' retrieved from /opt/airflow/dags/avito_to_raw_midraw.py
[2026-07-21T18:54:26.268+0000] {logging_mixin.py:190} INFO - [2026-07-21T18:54:26.268+0000] {dag.py:3239} INFO - Sync 1 DAGs
[2026-07-21T18:54:26.284+0000] {logging_mixin.py:190} INFO - [2026-07-21T18:54:26.284+0000] {dag.py:4180} INFO - Setting next_dagrun for avito_to_raw_midraw to 2026-07-21 18:00:00+00:00, run_after=2026-07-21 19:00:00+00:00
[2026-07-21T18:54:26.298+0000] {processor.py:208} INFO - Processing /opt/airflow/dags/avito_to_raw_midraw.py took 0.085 seconds
[2026-07-21T18:54:56.492+0000] {processor.py:186} INFO - Started process (PID=148) to work on /opt/airflow/dags/avito_to_raw_midraw.py
[2026-07-21T18:54:56.492+0000] {processor.py:914} INFO - Processing file /opt/airflow/dags/avito_to_raw_midraw.py for tasks to queue
[2026-07-21T18:54:56.494+0000] {logging_mixin.py:190} INFO - [2026-07-21T18:54:56.494+0000] {dagbag.py:588} INFO - Filling up the DagBag from /opt/airflow/dags/avito_to_raw_midraw.py
[2026-07-21T18:54:56.515+0000] {processor.py:925} INFO - DAG(s) 'avito_to_raw_midraw' retrieved from /opt/airflow/dags/avito_to_raw_midraw.py
[2026-07-21T18:54:56.535+0000] {logging_mixin.py:190} INFO - [2026-07-21T18:54:56.535+0000] {dag.py:3239} INFO - Sync 1 DAGs
[2026-07-21T18:54:56.548+0000] {logging_mixin.py:190} INFO - [2026-07-21T18:54:56.548+0000] {dag.py:4180} INFO - Setting next_dagrun for avito_to_raw_midraw to 2026-07-21 18:00:00+00:00, run_after=2026-07-21 19:00:00+00:00
[2026-07-21T18:54:56.560+0000] {processor.py:208} INFO - Processing /opt/airflow/dags/avito_to_raw_midraw.py took 0.073 seconds
[2026-07-21T18:55:26.846+0000] {processor.py:186} INFO - Started process (PID=150) to work on /opt/airflow/dags/avito_to_raw_midraw.py
[2026-07-21T18:55:26.847+0000] {processor.py:914} INFO - Processing file /opt/airflow/dags/avito_to_raw_midraw.py for tasks to queue
[2026-07-21T18:55:26.849+0000] {logging_mixin.py:190} INFO - [2026-07-21T18:55:26.849+0000] {dagbag.py:588} INFO - Filling up the DagBag from /opt/airflow/dags/avito_to_raw_midraw.py
[2026-07-21T18:55:26.868+0000] {processor.py:925} INFO - DAG(s) 'avito_to_raw_midraw' retrieved from /opt/airflow/dags/avito_to_raw_midraw.py
[2026-07-21T18:55:26.896+0000] {logging_mixin.py:190} INFO - [2026-07-21T18:55:26.895+0000] {dag.py:3239} INFO - Sync 1 DAGs
[2026-07-21T18:55:26.910+0000] {logging_mixin.py:190} INFO - [2026-07-21T18:55:26.910+0000] {dag.py:4180} INFO - Setting next_dagrun for avito_to_raw_midraw to 2026-07-21 18:00:00+00:00, run_after=2026-07-21 19:00:00+00:00
[2026-07-21T18:55:26.922+0000] {processor.py:208} INFO - Processing /opt/airflow/dags/avito_to_raw_midraw.py took 0.081 seconds
[2026-07-21T18:55:57.119+0000] {processor.py:186} INFO - Started process (PID=152) to work on /opt/airflow/dags/avito_to_raw_midraw.py
[2026-07-21T18:55:57.120+0000] {processor.py:914} INFO - Processing file /opt/airflow/dags/avito_to_raw_midraw.py for tasks to queue
[2026-07-21T18:55:57.121+0000] {logging_mixin.py:190} INFO - [2026-07-21T18:55:57.121+0000] {dagbag.py:588} INFO - Filling up the DagBag from /opt/airflow/dags/avito_to_raw_midraw.py
[2026-07-21T18:55:57.136+0000] {processor.py:925} INFO - DAG(s) 'avito_to_raw_midraw' retrieved from /opt/airflow/dags/avito_to_raw_midraw.py
[2026-07-21T18:55:57.158+0000] {logging_mixin.py:190} INFO - [2026-07-21T18:55:57.157+0000] {dag.py:3239} INFO - Sync 1 DAGs
[2026-07-21T18:55:57.172+0000] {logging_mixin.py:190} INFO - [2026-07-21T18:55:57.172+0000] {dag.py:4180} INFO - Setting next_dagrun for avito_to_raw_midraw to 2026-07-21 18:00:00+00:00, run_after=2026-07-21 19:00:00+00:00
[2026-07-21T18:55:57.184+0000] {processor.py:208} INFO - Processing /opt/airflow/dags/avito_to_raw_midraw.py took 0.069 seconds
[2026-07-21T18:56:27.425+0000] {processor.py:186} INFO - Started process (PID=154) to work on /opt/airflow/dags/avito_to_raw_midraw.py
[2026-07-21T18:56:27.425+0000] {processor.py:914} INFO - Processing file /opt/airflow/dags/avito_to_raw_midraw.py for tasks to queue
[2026-07-21T18:56:27.428+0000] {logging_mixin.py:190} INFO - [2026-07-21T18:56:27.428+0000] {dagbag.py:588} INFO - Filling up the DagBag from /opt/airflow/dags/avito_to_raw_midraw.py
[2026-07-21T18:56:27.446+0000] {processor.py:925} INFO - DAG(s) 'avito_to_raw_midraw' retrieved from /opt/airflow/dags/avito_to_raw_midraw.py
[2026-07-21T18:56:27.470+0000] {logging_mixin.py:190} INFO - [2026-07-21T18:56:27.470+0000] {dag.py:3239} INFO - Sync 1 DAGs
[2026-07-21T18:56:27.488+0000] {logging_mixin.py:190} INFO - [2026-07-21T18:56:27.488+0000] {dag.py:4180} INFO - Setting next_dagrun for avito_to_raw_midraw to 2026-07-21 18:00:00+00:00, run_after=2026-07-21 19:00:00+00:00
[2026-07-21T18:56:27.501+0000] {processor.py:208} INFO - Processing /opt/airflow/dags/avito_to_raw_midraw.py took 0.080 seconds
[2026-07-21T18:56:57.722+0000] {processor.py:186} INFO - Started process (PID=156) to work on /opt/airflow/dags/avito_to_raw_midraw.py
[2026-07-21T18:56:57.722+0000] {processor.py:914} INFO - Processing file /opt/airflow/dags/avito_to_raw_midraw.py for tasks to queue
[2026-07-21T18:56:57.723+0000] {logging_mixin.py:190} INFO - [2026-07-21T18:56:57.723+0000] {dagbag.py:588} INFO - Filling up the DagBag from /opt/airflow/dags/avito_to_raw_midraw.py
[2026-07-21T18:56:57.735+0000] {processor.py:925} INFO - DAG(s) 'avito_to_raw_midraw' retrieved from /opt/airflow/dags/avito_to_raw_midraw.py
[2026-07-21T18:56:57.751+0000] {logging_mixin.py:190} INFO - [2026-07-21T18:56:57.751+0000] {dag.py:3239} INFO - Sync 1 DAGs
[2026-07-21T18:56:57.762+0000] {logging_mixin.py:190} INFO - [2026-07-21T18:56:57.762+0000] {dag.py:4180} INFO - Setting next_dagrun for avito_to_raw_midraw to 2026-07-21 18:00:00+00:00, run_after=2026-07-21 19:00:00+00:00
[2026-07-21T18:56:57.770+0000] {processor.py:208} INFO - Processing /opt/airflow/dags/avito_to_raw_midraw.py took 0.051 seconds
[2026-07-21T18:57:28.057+0000] {processor.py:186} INFO - Started process (PID=158) to work on /opt/airflow/dags/avito_to_raw_midraw.py
[2026-07-21T18:57:28.058+0000] {processor.py:914} INFO - Processing file /opt/airflow/dags/avito_to_raw_midraw.py for tasks to queue
[2026-07-21T18:57:28.062+0000] {logging_mixin.py:190} INFO - [2026-07-21T18:57:28.062+0000] {dagbag.py:588} INFO - Filling up the DagBag from /opt/airflow/dags/avito_to_raw_midraw.py
[2026-07-21T18:57:28.083+0000] {processor.py:925} INFO - DAG(s) 'avito_to_raw_midraw' retrieved from /opt/airflow/dags/avito_to_raw_midraw.py
[2026-07-21T18:57:28.104+0000] {logging_mixin.py:190} INFO - [2026-07-21T18:57:28.103+0000] {dag.py:3239} INFO - Sync 1 DAGs
[2026-07-21T18:57:28.120+0000] {logging_mixin.py:190} INFO - [2026-07-21T18:57:28.120+0000] {dag.py:4180} INFO - Setting next_dagrun for avito_to_raw_midraw to 2026-07-21 18:00:00+00:00, run_after=2026-07-21 19:00:00+00:00
[2026-07-21T18:57:28.137+0000] {processor.py:208} INFO - Processing /opt/airflow/dags/avito_to_raw_midraw.py took 0.088 seconds
[2026-07-21T18:57:58.318+0000] {processor.py:186} INFO - Started process (PID=160) to work on /opt/airflow/dags/avito_to_raw_midraw.py
[2026-07-21T18:57:58.318+0000] {processor.py:914} INFO - Processing file /opt/airflow/dags/avito_to_raw_midraw.py for tasks to queue
[2026-07-21T18:57:58.321+0000] {logging_mixin.py:190} INFO - [2026-07-21T18:57:58.320+0000] {dagbag.py:588} INFO - Filling up the DagBag from /opt/airflow/dags/avito_to_raw_midraw.py
[2026-07-21T18:57:58.343+0000] {processor.py:925} INFO - DAG(s) 'avito_to_raw_midraw' retrieved from /opt/airflow/dags/avito_to_raw_midraw.py
[2026-07-21T18:57:58.369+0000] {logging_mixin.py:190} INFO - [2026-07-21T18:57:58.368+0000] {dag.py:3239} INFO - Sync 1 DAGs
[2026-07-21T18:57:58.387+0000] {logging_mixin.py:190} INFO - [2026-07-21T18:57:58.387+0000] {dag.py:4180} INFO - Setting next_dagrun for avito_to_raw_midraw to 2026-07-21 18:00:00+00:00, run_after=2026-07-21 19:00:00+00:00
[2026-07-21T18:57:58.400+0000] {processor.py:208} INFO - Processing /opt/airflow/dags/avito_to_raw_midraw.py took 0.088 seconds
[2026-07-21T18:58:28.644+0000] {processor.py:186} INFO - Started process (PID=162) to work on /opt/airflow/dags/avito_to_raw_midraw.py
[2026-07-21T18:58:28.644+0000] {processor.py:914} INFO - Processing file /opt/airflow/dags/avito_to_raw_midraw.py for tasks to queue
[2026-07-21T18:58:28.646+0000] {logging_mixin.py:190} INFO - [2026-07-21T18:58:28.646+0000] {dagbag.py:588} INFO - Filling up the DagBag from /opt/airflow/dags/avito_to_raw_midraw.py
[2026-07-21T18:58:28.662+0000] {processor.py:925} INFO - DAG(s) 'avito_to_raw_midraw' retrieved from /opt/airflow/dags/avito_to_raw_midraw.py
[2026-07-21T18:58:28.682+0000] {logging_mixin.py:190} INFO - [2026-07-21T18:58:28.681+0000] {dag.py:3239} INFO - Sync 1 DAGs
[2026-07-21T18:58:28.693+0000] {logging_mixin.py:190} INFO - [2026-07-21T18:58:28.693+0000] {dag.py:4180} INFO - Setting next_dagrun for avito_to_raw_midraw to 2026-07-21 18:00:00+00:00, run_after=2026-07-21 19:00:00+00:00
[2026-07-21T18:58:28.707+0000] {processor.py:208} INFO - Processing /opt/airflow/dags/avito_to_raw_midraw.py took 0.067 seconds
[2026-07-21T18:58:59.018+0000] {processor.py:186} INFO - Started process (PID=164) to work on /opt/airflow/dags/avito_to_raw_midraw.py
[2026-07-21T18:58:59.019+0000] {processor.py:914} INFO - Processing file /opt/airflow/dags/avito_to_raw_midraw.py for tasks to queue
[2026-07-21T18:58:59.021+0000] {logging_mixin.py:190} INFO - [2026-07-21T18:58:59.021+0000] {dagbag.py:588} INFO - Filling up the DagBag from /opt/airflow/dags/avito_to_raw_midraw.py
[2026-07-21T18:58:59.037+0000] {processor.py:925} INFO - DAG(s) 'avito_to_raw_midraw' retrieved from /opt/airflow/dags/avito_to_raw_midraw.py
[2026-07-21T18:58:59.056+0000] {logging_mixin.py:190} INFO - [2026-07-21T18:58:59.056+0000] {dag.py:3239} INFO - Sync 1 DAGs
[2026-07-21T18:58:59.069+0000] {logging_mixin.py:190} INFO - [2026-07-21T18:58:59.069+0000] {dag.py:4180} INFO - Setting next_dagrun for avito_to_raw_midraw to 2026-07-21 18:00:00+00:00, run_after=2026-07-21 19:00:00+00:00
[2026-07-21T18:58:59.081+0000] {processor.py:208} INFO - Processing /opt/airflow/dags/avito_to_raw_midraw.py took 0.068 seconds
[2026-07-21T18:59:29.380+0000] {processor.py:186} INFO - Started process (PID=166) to work on /opt/airflow/dags/avito_to_raw_midraw.py
[2026-07-21T18:59:29.380+0000] {processor.py:914} INFO - Processing file /opt/airflow/dags/avito_to_raw_midraw.py for tasks to queue
[2026-07-21T18:59:29.382+0000] {logging_mixin.py:190} INFO - [2026-07-21T18:59:29.382+0000] {dagbag.py:588} INFO - Filling up the DagBag from /opt/airflow/dags/avito_to_raw_midraw.py
[2026-07-21T18:59:29.398+0000] {processor.py:925} INFO - DAG(s) 'avito_to_raw_midraw' retrieved from /opt/airflow/dags/avito_to_raw_midraw.py
[2026-07-21T18:59:29.419+0000] {logging_mixin.py:190} INFO - [2026-07-21T18:59:29.419+0000] {dag.py:3239} INFO - Sync 1 DAGs
[2026-07-21T18:59:29.434+0000] {logging_mixin.py:190} INFO - [2026-07-21T18:59:29.434+0000] {dag.py:4180} INFO - Setting next_dagrun for avito_to_raw_midraw to 2026-07-21 18:00:00+00:00, run_after=2026-07-21 19:00:00+00:00
[2026-07-21T18:59:29.444+0000] {processor.py:208} INFO - Processing /opt/airflow/dags/avito_to_raw_midraw.py took 0.067 seconds
[2026-07-21T18:59:59.728+0000] {processor.py:186} INFO - Started process (PID=168) to work on /opt/airflow/dags/avito_to_raw_midraw.py
[2026-07-21T18:59:59.728+0000] {processor.py:914} INFO - Processing file /opt/airflow/dags/avito_to_raw_midraw.py for tasks to queue
[2026-07-21T18:59:59.729+0000] {logging_mixin.py:190} INFO - [2026-07-21T18:59:59.729+0000] {dagbag.py:588} INFO - Filling up the DagBag from /opt/airflow/dags/avito_to_raw_midraw.py
[2026-07-21T18:59:59.746+0000] {processor.py:925} INFO - DAG(s) 'avito_to_raw_midraw' retrieved from /opt/airflow/dags/avito_to_raw_midraw.py
[2026-07-21T18:59:59.761+0000] {logging_mixin.py:190} INFO - [2026-07-21T18:59:59.761+0000] {dag.py:3239} INFO - Sync 1 DAGs
[2026-07-21T18:59:59.772+0000] {logging_mixin.py:190} INFO - [2026-07-21T18:59:59.772+0000] {dag.py:4180} INFO - Setting next_dagrun for avito_to_raw_midraw to 2026-07-21 18:00:00+00:00, run_after=2026-07-21 19:00:00+00:00
[2026-07-21T18:59:59.779+0000] {processor.py:208} INFO - Processing /opt/airflow/dags/avito_to_raw_midraw.py took 0.054 seconds
[2026-07-21T19:00:29.967+0000] {processor.py:186} INFO - Started process (PID=170) to work on /opt/airflow/dags/avito_to_raw_midraw.py
[2026-07-21T19:00:29.967+0000] {processor.py:914} INFO - Processing file /opt/airflow/dags/avito_to_raw_midraw.py for tasks to queue
[2026-07-21T19:00:29.969+0000] {logging_mixin.py:190} INFO - [2026-07-21T19:00:29.969+0000] {dagbag.py:588} INFO - Filling up the DagBag from /opt/airflow/dags/avito_to_raw_midraw.py
[2026-07-21T19:00:29.987+0000] {processor.py:925} INFO - DAG(s) 'avito_to_raw_midraw' retrieved from /opt/airflow/dags/avito_to_raw_midraw.py
[2026-07-21T19:00:30.010+0000] {logging_mixin.py:190} INFO - [2026-07-21T19:00:30.010+0000] {dag.py:3239} INFO - Sync 1 DAGs
[2026-07-21T19:00:30.025+0000] {logging_mixin.py:190} INFO - [2026-07-21T19:00:30.025+0000] {dag.py:4180} INFO - Setting next_dagrun for avito_to_raw_midraw to 2026-07-21 19:00:00+00:00, run_after=2026-07-21 20:00:00+00:00
[2026-07-21T19:00:30.035+0000] {processor.py:208} INFO - Processing /opt/airflow/dags/avito_to_raw_midraw.py took 0.072 seconds
[2026-07-21T19:01:00.267+0000] {processor.py:186} INFO - Started process (PID=172) to work on /opt/airflow/dags/avito_to_raw_midraw.py
[2026-07-21T19:01:00.268+0000] {processor.py:914} INFO - Processing file /opt/airflow/dags/avito_to_raw_midraw.py for tasks to queue
[2026-07-21T19:01:00.269+0000] {logging_mixin.py:190} INFO - [2026-07-21T19:01:00.269+0000] {dagbag.py:588} INFO - Filling up the DagBag from /opt/airflow/dags/avito_to_raw_midraw.py
[2026-07-21T19:01:00.285+0000] {processor.py:925} INFO - DAG(s) 'avito_to_raw_midraw' retrieved from /opt/airflow/dags/avito_to_raw_midraw.py
[2026-07-21T19:01:00.301+0000] {logging_mixin.py:190} INFO - [2026-07-21T19:01:00.301+0000] {dag.py:3239} INFO - Sync 1 DAGs
[2026-07-21T19:01:00.316+0000] {logging_mixin.py:190} INFO - [2026-07-21T19:01:00.316+0000] {dag.py:4180} INFO - Setting next_dagrun for avito_to_raw_midraw to 2026-07-21 19:00:00+00:00, run_after=2026-07-21 20:00:00+00:00
[2026-07-21T19:01:00.328+0000] {processor.py:208} INFO - Processing /opt/airflow/dags/avito_to_raw_midraw.py took 0.065 seconds
[2026-07-21T19:01:30.554+0000] {processor.py:186} INFO - Started process (PID=174) to work on /opt/airflow/dags/avito_to_raw_midraw.py
[2026-07-21T19:01:30.555+0000] {processor.py:914} INFO - Processing file /opt/airflow/dags/avito_to_raw_midraw.py for tasks to queue
[2026-07-21T19:01:30.557+0000] {logging_mixin.py:190} INFO - [2026-07-21T19:01:30.557+0000] {dagbag.py:588} INFO - Filling up the DagBag from /opt/airflow/dags/avito_to_raw_midraw.py
[2026-07-21T19:01:30.576+0000] {processor.py:925} INFO - DAG(s) 'avito_to_raw_midraw' retrieved from /opt/airflow/dags/avito_to_raw_midraw.py
[2026-07-21T19:01:30.595+0000] {logging_mixin.py:190} INFO - [2026-07-21T19:01:30.595+0000] {dag.py:3239} INFO - Sync 1 DAGs
[2026-07-21T19:01:30.609+0000] {logging_mixin.py:190} INFO - [2026-07-21T19:01:30.609+0000] {dag.py:4180} INFO - Setting next_dagrun for avito_to_raw_midraw to 2026-07-21 19:00:00+00:00, run_after=2026-07-21 20:00:00+00:00
[2026-07-21T19:01:30.622+0000] {processor.py:208} INFO - Processing /opt/airflow/dags/avito_to_raw_midraw.py took 0.073 seconds
[2026-07-21T19:02:00.837+0000] {processor.py:186} INFO - Started process (PID=176) to work on /opt/airflow/dags/avito_to_raw_midraw.py
[2026-07-21T19:02:00.837+0000] {processor.py:914} INFO - Processing file /opt/airflow/dags/avito_to_raw_midraw.py for tasks to queue
[2026-07-21T19:02:00.839+0000] {logging_mixin.py:190} INFO - [2026-07-21T19:02:00.839+0000] {dagbag.py:588} INFO - Filling up the DagBag from /opt/airflow/dags/avito_to_raw_midraw.py
[2026-07-21T19:02:00.855+0000] {processor.py:925} INFO - DAG(s) 'avito_to_raw_midraw' retrieved from /opt/airflow/dags/avito_to_raw_midraw.py
[2026-07-21T19:02:00.877+0000] {logging_mixin.py:190} INFO - [2026-07-21T19:02:00.877+0000] {dag.py:3239} INFO - Sync 1 DAGs
[2026-07-21T19:02:00.894+0000] {logging_mixin.py:190} INFO - [2026-07-21T19:02:00.894+0000] {dag.py:4180} INFO - Setting next_dagrun for avito_to_raw_midraw to 2026-07-21 19:00:00+00:00, run_after=2026-07-21 20:00:00+00:00
[2026-07-21T19:02:00.904+0000] {processor.py:208} INFO - Processing /opt/airflow/dags/avito_to_raw_midraw.py took 0.071 seconds
[2026-07-21T19:02:31.191+0000] {processor.py:186} INFO - Started process (PID=178) to work on /opt/airflow/dags/avito_to_raw_midraw.py
[2026-07-21T19:02:31.192+0000] {processor.py:914} INFO - Processing file /opt/airflow/dags/avito_to_raw_midraw.py for tasks to queue
[2026-07-21T19:02:31.195+0000] {logging_mixin.py:190} INFO - [2026-07-21T19:02:31.194+0000] {dagbag.py:588} INFO - Filling up the DagBag from /opt/airflow/dags/avito_to_raw_midraw.py
[2026-07-21T19:02:31.210+0000] {processor.py:925} INFO - DAG(s) 'avito_to_raw_midraw' retrieved from /opt/airflow/dags/avito_to_raw_midraw.py
[2026-07-21T19:02:31.231+0000] {logging_mixin.py:190} INFO - [2026-07-21T19:02:31.231+0000] {dag.py:3239} INFO - Sync 1 DAGs
[2026-07-21T19:02:31.244+0000] {logging_mixin.py:190} INFO - [2026-07-21T19:02:31.244+0000] {dag.py:4180} INFO - Setting next_dagrun for avito_to_raw_midraw to 2026-07-21 19:00:00+00:00, run_after=2026-07-21 20:00:00+00:00
[2026-07-21T19:02:31.255+0000] {processor.py:208} INFO - Processing /opt/airflow/dags/avito_to_raw_midraw.py took 0.069 seconds
[2026-07-21T19:03:01.479+0000] {processor.py:186} INFO - Started process (PID=180) to work on /opt/airflow/dags/avito_to_raw_midraw.py
[2026-07-21T19:03:01.480+0000] {processor.py:914} INFO - Processing file /opt/airflow/dags/avito_to_raw_midraw.py for tasks to queue
[2026-07-21T19:03:01.483+0000] {logging_mixin.py:190} INFO - [2026-07-21T19:03:01.482+0000] {dagbag.py:588} INFO - Filling up the DagBag from /opt/airflow/dags/avito_to_raw_midraw.py
[2026-07-21T19:03:01.504+0000] {processor.py:925} INFO - DAG(s) 'avito_to_raw_midraw' retrieved from /opt/airflow/dags/avito_to_raw_midraw.py
[2026-07-21T19:03:01.532+0000] {logging_mixin.py:190} INFO - [2026-07-21T19:03:01.531+0000] {dag.py:3239} INFO - Sync 1 DAGs
[2026-07-21T19:03:01.547+0000] {logging_mixin.py:190} INFO - [2026-07-21T19:03:01.547+0000] {dag.py:4180} INFO - Setting next_dagrun for avito_to_raw_midraw to 2026-07-21 19:00:00+00:00, run_after=2026-07-21 20:00:00+00:00
[2026-07-21T19:03:01.560+0000] {processor.py:208} INFO - Processing /opt/airflow/dags/avito_to_raw_midraw.py took 0.086 seconds
[2026-07-21T19:03:31.790+0000] {processor.py:186} INFO - Started process (PID=182) to work on /opt/airflow/dags/avito_to_raw_midraw.py
[2026-07-21T19:03:31.791+0000] {processor.py:914} INFO - Processing file /opt/airflow/dags/avito_to_raw_midraw.py for tasks to queue
[2026-07-21T19:03:31.794+0000] {logging_mixin.py:190} INFO - [2026-07-21T19:03:31.794+0000] {dagbag.py:588} INFO - Filling up the DagBag from /opt/airflow/dags/avito_to_raw_midraw.py
[2026-07-21T19:03:31.814+0000] {processor.py:925} INFO - DAG(s) 'avito_to_raw_midraw' retrieved from /opt/airflow/dags/avito_to_raw_midraw.py
[2026-07-21T19:03:31.837+0000] {logging_mixin.py:190} INFO - [2026-07-21T19:03:31.837+0000] {dag.py:3239} INFO - Sync 1 DAGs
[2026-07-21T19:03:31.856+0000] {logging_mixin.py:190} INFO - [2026-07-21T19:03:31.856+0000] {dag.py:4180} INFO - Setting next_dagrun for avito_to_raw_midraw to 2026-07-21 19:00:00+00:00, run_after=2026-07-21 20:00:00+00:00
[2026-07-21T19:03:31.868+0000] {processor.py:208} INFO - Processing /opt/airflow/dags/avito_to_raw_midraw.py took 0.088 seconds
[2026-07-21T19:04:02.076+0000] {processor.py:186} INFO - Started process (PID=184) to work on /opt/airflow/dags/avito_to_raw_midraw.py
[2026-07-21T19:04:02.077+0000] {processor.py:914} INFO - Processing file /opt/airflow/dags/avito_to_raw_midraw.py for tasks to queue
[2026-07-21T19:04:02.079+0000] {logging_mixin.py:190} INFO - [2026-07-21T19:04:02.078+0000] {dagbag.py:588} INFO - Filling up the DagBag from /opt/airflow/dags/avito_to_raw_midraw.py
[2026-07-21T19:04:02.096+0000] {processor.py:925} INFO - DAG(s) 'avito_to_raw_midraw' retrieved from /opt/airflow/dags/avito_to_raw_midraw.py
[2026-07-21T19:04:02.113+0000] {logging_mixin.py:190} INFO - [2026-07-21T19:04:02.113+0000] {dag.py:3239} INFO - Sync 1 DAGs
[2026-07-21T19:04:02.125+0000] {logging_mixin.py:190} INFO - [2026-07-21T19:04:02.125+0000] {dag.py:4180} INFO - Setting next_dagrun for avito_to_raw_midraw to 2026-07-21 19:00:00+00:00, run_after=2026-07-21 20:00:00+00:00
[2026-07-21T19:04:02.135+0000] {processor.py:208} INFO - Processing /opt/airflow/dags/avito_to_raw_midraw.py took 0.062 seconds
[2026-07-21T19:04:32.432+0000] {processor.py:186} INFO - Started process (PID=186) to work on /opt/airflow/dags/avito_to_raw_midraw.py
[2026-07-21T19:04:32.433+0000] {processor.py:914} INFO - Processing file /opt/airflow/dags/avito_to_raw_midraw.py for tasks to queue
[2026-07-21T19:04:32.437+0000] {logging_mixin.py:190} INFO - [2026-07-21T19:04:32.436+0000] {dagbag.py:588} INFO - Filling up the DagBag from /opt/airflow/dags/avito_to_raw_midraw.py
[2026-07-21T19:04:32.456+0000] {processor.py:925} INFO - DAG(s) 'avito_to_raw_midraw' retrieved from /opt/airflow/dags/avito_to_raw_midraw.py
[2026-07-21T19:04:32.480+0000] {logging_mixin.py:190} INFO - [2026-07-21T19:04:32.480+0000] {dag.py:3239} INFO - Sync 1 DAGs
[2026-07-21T19:04:32.497+0000] {logging_mixin.py:190} INFO - [2026-07-21T19:04:32.497+0000] {dag.py:4180} INFO - Setting next_dagrun for avito_to_raw_midraw to 2026-07-21 19:00:00+00:00, run_after=2026-07-21 20:00:00+00:00
[2026-07-21T19:04:32.510+0000] {processor.py:208} INFO - Processing /opt/airflow/dags/avito_to_raw_midraw.py took 0.085 seconds
[2026-07-21T19:05:02.781+0000] {processor.py:186} INFO - Started process (PID=188) to work on /opt/airflow/dags/avito_to_raw_midraw.py
[2026-07-21T19:05:02.782+0000] {processor.py:914} INFO - Processing file /opt/airflow/dags/avito_to_raw_midraw.py for tasks to queue
[2026-07-21T19:05:02.783+0000] {logging_mixin.py:190} INFO - [2026-07-21T19:05:02.783+0000] {dagbag.py:588} INFO - Filling up the DagBag from /opt/airflow/dags/avito_to_raw_midraw.py
[2026-07-21T19:05:02.798+0000] {processor.py:925} INFO - DAG(s) 'avito_to_raw_midraw' retrieved from /opt/airflow/dags/avito_to_raw_midraw.py
[2026-07-21T19:05:02.814+0000] {logging_mixin.py:190} INFO - [2026-07-21T19:05:02.814+0000] {dag.py:3239} INFO - Sync 1 DAGs
[2026-07-21T19:05:02.825+0000] {logging_mixin.py:190} INFO - [2026-07-21T19:05:02.825+0000] {dag.py:4180} INFO - Setting next_dagrun for avito_to_raw_midraw to 2026-07-21 19:00:00+00:00, run_after=2026-07-21 20:00:00+00:00
[2026-07-21T19:05:02.837+0000] {processor.py:208} INFO - Processing /opt/airflow/dags/avito_to_raw_midraw.py took 0.059 seconds
[2026-07-21T19:05:33.131+0000] {processor.py:186} INFO - Started process (PID=190) to work on /opt/airflow/dags/avito_to_raw_midraw.py
[2026-07-21T19:05:33.132+0000] {processor.py:914} INFO - Processing file /opt/airflow/dags/avito_to_raw_midraw.py for tasks to queue
[2026-07-21T19:05:33.134+0000] {logging_mixin.py:190} INFO - [2026-07-21T19:05:33.133+0000] {dagbag.py:588} INFO - Filling up the DagBag from /opt/airflow/dags/avito_to_raw_midraw.py
[2026-07-21T19:05:33.157+0000] {processor.py:925} INFO - DAG(s) 'avito_to_raw_midraw' retrieved from /opt/airflow/dags/avito_to_raw_midraw.py
[2026-07-21T19:05:33.175+0000] {logging_mixin.py:190} INFO - [2026-07-21T19:05:33.175+0000] {dag.py:3239} INFO - Sync 1 DAGs
[2026-07-21T19:05:33.188+0000] {logging_mixin.py:190} INFO - [2026-07-21T19:05:33.188+0000] {dag.py:4180} INFO - Setting next_dagrun for avito_to_raw_midraw to 2026-07-21 19:00:00+00:00, run_after=2026-07-21 20:00:00+00:00
[2026-07-21T19:05:33.200+0000] {processor.py:208} INFO - Processing /opt/airflow/dags/avito_to_raw_midraw.py took 0.075 seconds
[2026-07-21T19:06:03.482+0000] {processor.py:186} INFO - Started process (PID=192) to work on /opt/airflow/dags/avito_to_raw_midraw.py
[2026-07-21T19:06:03.483+0000] {processor.py:914} INFO - Processing file /opt/airflow/dags/avito_to_raw_midraw.py for tasks to queue
[2026-07-21T19:06:03.489+0000] {logging_mixin.py:190} INFO - [2026-07-21T19:06:03.489+0000] {dagbag.py:588} INFO - Filling up the DagBag from /opt/airflow/dags/avito_to_raw_midraw.py
[2026-07-21T19:06:03.517+0000] {processor.py:925} INFO - DAG(s) 'avito_to_raw_midraw' retrieved from /opt/airflow/dags/avito_to_raw_midraw.py
[2026-07-21T19:06:03.537+0000] {logging_mixin.py:190} INFO - [2026-07-21T19:06:03.537+0000] {dag.py:3239} INFO - Sync 1 DAGs
[2026-07-21T19:06:03.560+0000] {logging_mixin.py:190} INFO - [2026-07-21T19:06:03.560+0000] {dag.py:4180} INFO - Setting next_dagrun for avito_to_raw_midraw to 2026-07-21 19:00:00+00:00, run_after=2026-07-21 20:00:00+00:00
[2026-07-21T19:06:03.572+0000] {processor.py:208} INFO - Processing /opt/airflow/dags/avito_to_raw_midraw.py took 0.096 seconds
[2026-07-21T19:06:33.886+0000] {processor.py:186} INFO - Started process (PID=194) to work on /opt/airflow/dags/avito_to_raw_midraw.py
[2026-07-21T19:06:33.887+0000] {processor.py:914} INFO - Processing file /opt/airflow/dags/avito_to_raw_midraw.py for tasks to queue
[2026-07-21T19:06:33.889+0000] {logging_mixin.py:190} INFO - [2026-07-21T19:06:33.889+0000] {dagbag.py:588} INFO - Filling up the DagBag from /opt/airflow/dags/avito_to_raw_midraw.py
[2026-07-21T19:06:33.908+0000] {processor.py:925} INFO - DAG(s) 'avito_to_raw_midraw' retrieved from /opt/airflow/dags/avito_to_raw_midraw.py
[2026-07-21T19:06:33.925+0000] {logging_mixin.py:190} INFO - [2026-07-21T19:06:33.925+0000] {dag.py:3239} INFO - Sync 1 DAGs
[2026-07-21T19:06:33.940+0000] {logging_mixin.py:190} INFO - [2026-07-21T19:06:33.940+0000] {dag.py:4180} INFO - Setting next_dagrun for avito_to_raw_midraw to 2026-07-21 19:00:00+00:00, run_after=2026-07-21 20:00:00+00:00
[2026-07-21T19:06:33.955+0000] {processor.py:208} INFO - Processing /opt/airflow/dags/avito_to_raw_midraw.py took 0.073 seconds
[2026-07-21T19:07:04.218+0000] {processor.py:186} INFO - Started process (PID=196) to work on /opt/airflow/dags/avito_to_raw_midraw.py
[2026-07-21T19:07:04.220+0000] {processor.py:914} INFO - Processing file /opt/airflow/dags/avito_to_raw_midraw.py for tasks to queue
[2026-07-21T19:07:04.223+0000] {logging_mixin.py:190} INFO - [2026-07-21T19:07:04.222+0000] {dagbag.py:588} INFO - Filling up the DagBag from /opt/airflow/dags/avito_to_raw_midraw.py
[2026-07-21T19:07:04.242+0000] {processor.py:925} INFO - DAG(s) 'avito_to_raw_midraw' retrieved from /opt/airflow/dags/avito_to_raw_midraw.py
[2026-07-21T19:07:04.266+0000] {logging_mixin.py:190} INFO - [2026-07-21T19:07:04.266+0000] {dag.py:3239} INFO - Sync 1 DAGs
[2026-07-21T19:07:04.282+0000] {logging_mixin.py:190} INFO - [2026-07-21T19:07:04.282+0000] {dag.py:4180} INFO - Setting next_dagrun for avito_to_raw_midraw to 2026-07-21 19:00:00+00:00, run_after=2026-07-21 20:00:00+00:00
[2026-07-21T19:07:04.290+0000] {processor.py:208} INFO - Processing /opt/airflow/dags/avito_to_raw_midraw.py took 0.078 seconds
[2026-07-21T19:07:34.512+0000] {processor.py:186} INFO - Started process (PID=198) to work on /opt/airflow/dags/avito_to_raw_midraw.py
[2026-07-21T19:07:34.513+0000] {processor.py:914} INFO - Processing file /opt/airflow/dags/avito_to_raw_midraw.py for tasks to queue
[2026-07-21T19:07:34.516+0000] {logging_mixin.py:190} INFO - [2026-07-21T19:07:34.516+0000] {dagbag.py:588} INFO - Filling up the DagBag from /opt/airflow/dags/avito_to_raw_midraw.py
[2026-07-21T19:07:34.539+0000] {processor.py:925} INFO - DAG(s) 'avito_to_raw_midraw' retrieved from /opt/airflow/dags/avito_to_raw_midraw.py
[2026-07-21T19:07:34.559+0000] {logging_mixin.py:190} INFO - [2026-07-21T19:07:34.559+0000] {dag.py:3239} INFO - Sync 1 DAGs
[2026-07-21T19:07:34.575+0000] {logging_mixin.py:190} INFO - [2026-07-21T19:07:34.575+0000] {dag.py:4180} INFO - Setting next_dagrun for avito_to_raw_midraw to 2026-07-21 19:00:00+00:00, run_after=2026-07-21 20:00:00+00:00
[2026-07-21T19:07:34.585+0000] {processor.py:208} INFO - Processing /opt/airflow/dags/avito_to_raw_midraw.py took 0.076 seconds
[2026-07-21T19:08:04.784+0000] {processor.py:186} INFO - Started process (PID=200) to work on /opt/airflow/dags/avito_to_raw_midraw.py
[2026-07-21T19:08:04.784+0000] {processor.py:914} INFO - Processing file /opt/airflow/dags/avito_to_raw_midraw.py for tasks to queue
[2026-07-21T19:08:04.785+0000] {logging_mixin.py:190} INFO - [2026-07-21T19:08:04.785+0000] {dagbag.py:588} INFO - Filling up the DagBag from /opt/airflow/dags/avito_to_raw_midraw.py
[2026-07-21T19:08:04.797+0000] {processor.py:925} INFO - DAG(s) 'avito_to_raw_midraw' retrieved from /opt/airflow/dags/avito_to_raw_midraw.py
[2026-07-21T19:08:04.812+0000] {logging_mixin.py:190} INFO - [2026-07-21T19:08:04.812+0000] {dag.py:3239} INFO - Sync 1 DAGs
[2026-07-21T19:08:04.826+0000] {logging_mixin.py:190} INFO - [2026-07-21T19:08:04.826+0000] {dag.py:4180} INFO - Setting next_dagrun for avito_to_raw_midraw to 2026-07-21 19:00:00+00:00, run_after=2026-07-21 20:00:00+00:00
[2026-07-21T19:08:04.836+0000] {processor.py:208} INFO - Processing /opt/airflow/dags/avito_to_raw_midraw.py took 0.055 seconds
[2026-07-21T19:08:35.120+0000] {processor.py:186} INFO - Started process (PID=202) to work on /opt/airflow/dags/avito_to_raw_midraw.py
[2026-07-21T19:08:35.120+0000] {processor.py:914} INFO - Processing file /opt/airflow/dags/avito_to_raw_midraw.py for tasks to queue
[2026-07-21T19:08:35.122+0000] {logging_mixin.py:190} INFO - [2026-07-21T19:08:35.122+0000] {dagbag.py:588} INFO - Filling up the DagBag from /opt/airflow/dags/avito_to_raw_midraw.py
[2026-07-21T19:08:35.136+0000] {processor.py:925} INFO - DAG(s) 'avito_to_raw_midraw' retrieved from /opt/airflow/dags/avito_to_raw_midraw.py
[2026-07-21T19:08:35.156+0000] {logging_mixin.py:190} INFO - [2026-07-21T19:08:35.156+0000] {dag.py:3239} INFO - Sync 1 DAGs
[2026-07-21T19:08:35.175+0000] {logging_mixin.py:190} INFO - [2026-07-21T19:08:35.174+0000] {dag.py:4180} INFO - Setting next_dagrun for avito_to_raw_midraw to 2026-07-21 19:00:00+00:00, run_after=2026-07-21 20:00:00+00:00
[2026-07-21T19:08:35.187+0000] {processor.py:208} INFO - Processing /opt/airflow/dags/avito_to_raw_midraw.py took 0.070 seconds
[2026-07-21T19:09:05.425+0000] {processor.py:186} INFO - Started process (PID=204) to work on /opt/airflow/dags/avito_to_raw_midraw.py
[2026-07-21T19:09:05.426+0000] {processor.py:914} INFO - Processing file /opt/airflow/dags/avito_to_raw_midraw.py for tasks to queue
[2026-07-21T19:09:05.428+0000] {logging_mixin.py:190} INFO - [2026-07-21T19:09:05.428+0000] {dagbag.py:588} INFO - Filling up the DagBag from /opt/airflow/dags/avito_to_raw_midraw.py
[2026-07-21T19:09:05.446+0000] {processor.py:925} INFO - DAG(s) 'avito_to_raw_midraw' retrieved from /opt/airflow/dags/avito_to_raw_midraw.py
[2026-07-21T19:09:05.468+0000] {logging_mixin.py:190} INFO - [2026-07-21T19:09:05.467+0000] {dag.py:3239} INFO - Sync 1 DAGs
[2026-07-21T19:09:05.482+0000] {logging_mixin.py:190} INFO - [2026-07-21T19:09:05.482+0000] {dag.py:4180} INFO - Setting next_dagrun for avito_to_raw_midraw to 2026-07-21 19:00:00+00:00, run_after=2026-07-21 20:00:00+00:00
[2026-07-21T19:09:05.493+0000] {processor.py:208} INFO - Processing /opt/airflow/dags/avito_to_raw_midraw.py took 0.071 seconds
[2026-07-21T19:09:35.689+0000] {processor.py:186} INFO - Started process (PID=206) to work on /opt/airflow/dags/avito_to_raw_midraw.py
[2026-07-21T19:09:35.690+0000] {processor.py:914} INFO - Processing file /opt/airflow/dags/avito_to_raw_midraw.py for tasks to queue
[2026-07-21T19:09:35.692+0000] {logging_mixin.py:190} INFO - [2026-07-21T19:09:35.691+0000] {dagbag.py:588} INFO - Filling up the DagBag from /opt/airflow/dags/avito_to_raw_midraw.py
[2026-07-21T19:09:35.708+0000] {processor.py:925} INFO - DAG(s) 'avito_to_raw_midraw' retrieved from /opt/airflow/dags/avito_to_raw_midraw.py
[2026-07-21T19:09:35.726+0000] {logging_mixin.py:190} INFO - [2026-07-21T19:09:35.726+0000] {dag.py:3239} INFO - Sync 1 DAGs
[2026-07-21T19:09:35.739+0000] {logging_mixin.py:190} INFO - [2026-07-21T19:09:35.738+0000] {dag.py:4180} INFO - Setting next_dagrun for avito_to_raw_midraw to 2026-07-21 19:00:00+00:00, run_after=2026-07-21 20:00:00+00:00
[2026-07-21T19:09:35.750+0000] {processor.py:208} INFO - Processing /opt/airflow/dags/avito_to_raw_midraw.py took 0.066 seconds
[2026-07-21T19:10:06.023+0000] {processor.py:186} INFO - Started process (PID=208) to work on /opt/airflow/dags/avito_to_raw_midraw.py
[2026-07-21T19:10:06.024+0000] {processor.py:914} INFO - Processing file /opt/airflow/dags/avito_to_raw_midraw.py for tasks to queue
[2026-07-21T19:10:06.026+0000] {logging_mixin.py:190} INFO - [2026-07-21T19:10:06.025+0000] {dagbag.py:588} INFO - Filling up the DagBag from /opt/airflow/dags/avito_to_raw_midraw.py
[2026-07-21T19:10:06.043+0000] {processor.py:925} INFO - DAG(s) 'avito_to_raw_midraw' retrieved from /opt/airflow/dags/avito_to_raw_midraw.py
[2026-07-21T19:10:06.062+0000] {logging_mixin.py:190} INFO - [2026-07-21T19:10:06.062+0000] {dag.py:3239} INFO - Sync 1 DAGs
[2026-07-21T19:10:06.079+0000] {logging_mixin.py:190} INFO - [2026-07-21T19:10:06.079+0000] {dag.py:4180} INFO - Setting next_dagrun for avito_to_raw_midraw to 2026-07-21 19:00:00+00:00, run_after=2026-07-21 20:00:00+00:00
[2026-07-21T19:10:06.092+0000] {processor.py:208} INFO - Processing /opt/airflow/dags/avito_to_raw_midraw.py took 0.075 seconds
[2026-07-21T19:10:36.332+0000] {processor.py:186} INFO - Started process (PID=210) to work on /opt/airflow/dags/avito_to_raw_midraw.py
[2026-07-21T19:10:36.334+0000] {processor.py:914} INFO - Processing file /opt/airflow/dags/avito_to_raw_midraw.py for tasks to queue
[2026-07-21T19:10:36.338+0000] {logging_mixin.py:190} INFO - [2026-07-21T19:10:36.337+0000] {dagbag.py:588} INFO - Filling up the DagBag from /opt/airflow/dags/avito_to_raw_midraw.py
[2026-07-21T19:10:36.357+0000] {processor.py:925} INFO - DAG(s) 'avito_to_raw_midraw' retrieved from /opt/airflow/dags/avito_to_raw_midraw.py
[2026-07-21T19:10:36.373+0000] {logging_mixin.py:190} INFO - [2026-07-21T19:10:36.373+0000] {dag.py:3239} INFO - Sync 1 DAGs
[2026-07-21T19:10:36.388+0000] {logging_mixin.py:190} INFO - [2026-07-21T19:10:36.388+0000] {dag.py:4180} INFO - Setting next_dagrun for avito_to_raw_midraw to 2026-07-21 19:00:00+00:00, run_after=2026-07-21 20:00:00+00:00
[2026-07-21T19:10:36.399+0000] {processor.py:208} INFO - Processing /opt/airflow/dags/avito_to_raw_midraw.py took 0.071 seconds
[2026-07-21T19:11:06.607+0000] {processor.py:186} INFO - Started process (PID=212) to work on /opt/airflow/dags/avito_to_raw_midraw.py
[2026-07-21T19:11:06.607+0000] {processor.py:914} INFO - Processing file /opt/airflow/dags/avito_to_raw_midraw.py for tasks to queue
[2026-07-21T19:11:06.609+0000] {logging_mixin.py:190} INFO - [2026-07-21T19:11:06.609+0000] {dagbag.py:588} INFO - Filling up the DagBag from /opt/airflow/dags/avito_to_raw_midraw.py
[2026-07-21T19:11:06.626+0000] {processor.py:925} INFO - DAG(s) 'avito_to_raw_midraw' retrieved from /opt/airflow/dags/avito_to_raw_midraw.py
[2026-07-21T19:11:06.647+0000] {logging_mixin.py:190} INFO - [2026-07-21T19:11:06.647+0000] {dag.py:3239} INFO - Sync 1 DAGs
[2026-07-21T19:11:06.660+0000] {logging_mixin.py:190} INFO - [2026-07-21T19:11:06.660+0000] {dag.py:4180} INFO - Setting next_dagrun for avito_to_raw_midraw to 2026-07-21 19:00:00+00:00, run_after=2026-07-21 20:00:00+00:00
[2026-07-21T19:11:06.670+0000] {processor.py:208} INFO - Processing /opt/airflow/dags/avito_to_raw_midraw.py took 0.069 seconds
[2026-07-21T19:11:36.898+0000] {processor.py:186} INFO - Started process (PID=214) to work on /opt/airflow/dags/avito_to_raw_midraw.py
[2026-07-21T19:11:36.898+0000] {processor.py:914} INFO - Processing file /opt/airflow/dags/avito_to_raw_midraw.py for tasks to queue
[2026-07-21T19:11:36.900+0000] {logging_mixin.py:190} INFO - [2026-07-21T19:11:36.899+0000] {dagbag.py:588} INFO - Filling up the DagBag from /opt/airflow/dags/avito_to_raw_midraw.py
[2026-07-21T19:11:36.916+0000] {processor.py:925} INFO - DAG(s) 'avito_to_raw_midraw' retrieved from /opt/airflow/dags/avito_to_raw_midraw.py
[2026-07-21T19:11:36.931+0000] {logging_mixin.py:190} INFO - [2026-07-21T19:11:36.931+0000] {dag.py:3239} INFO - Sync 1 DAGs
[2026-07-21T19:11:36.943+0000] {logging_mixin.py:190} INFO - [2026-07-21T19:11:36.943+0000] {dag.py:4180} INFO - Setting next_dagrun for avito_to_raw_midraw to 2026-07-21 19:00:00+00:00, run_after=2026-07-21 20:00:00+00:00
[2026-07-21T19:11:36.955+0000] {processor.py:208} INFO - Processing /opt/airflow/dags/avito_to_raw_midraw.py took 0.062 seconds
[2026-07-21T19:12:07.231+0000] {processor.py:186} INFO - Started process (PID=216) to work on /opt/airflow/dags/avito_to_raw_midraw.py
[2026-07-21T19:12:07.232+0000] {processor.py:914} INFO - Processing file /opt/airflow/dags/avito_to_raw_midraw.py for tasks to queue
[2026-07-21T19:12:07.233+0000] {logging_mixin.py:190} INFO - [2026-07-21T19:12:07.233+0000] {dagbag.py:588} INFO - Filling up the DagBag from /opt/airflow/dags/avito_to_raw_midraw.py
[2026-07-21T19:12:07.253+0000] {processor.py:925} INFO - DAG(s) 'avito_to_raw_midraw' retrieved from /opt/airflow/dags/avito_to_raw_midraw.py
[2026-07-21T19:12:07.270+0000] {logging_mixin.py:190} INFO - [2026-07-21T19:12:07.270+0000] {dag.py:3239} INFO - Sync 1 DAGs
[2026-07-21T19:12:07.282+0000] {logging_mixin.py:190} INFO - [2026-07-21T19:12:07.282+0000] {dag.py:4180} INFO - Setting next_dagrun for avito_to_raw_midraw to 2026-07-21 19:00:00+00:00, run_after=2026-07-21 20:00:00+00:00
[2026-07-21T19:12:07.292+0000] {processor.py:208} INFO - Processing /opt/airflow/dags/avito_to_raw_midraw.py took 0.066 seconds
[2026-07-21T19:12:37.557+0000] {processor.py:186} INFO - Started process (PID=218) to work on /opt/airflow/dags/avito_to_raw_midraw.py
[2026-07-21T19:12:37.557+0000] {processor.py:914} INFO - Processing file /opt/airflow/dags/avito_to_raw_midraw.py for tasks to queue
[2026-07-21T19:12:37.558+0000] {logging_mixin.py:190} INFO - [2026-07-21T19:12:37.558+0000] {dagbag.py:588} INFO - Filling up the DagBag from /opt/airflow/dags/avito_to_raw_midraw.py
[2026-07-21T19:12:37.573+0000] {processor.py:925} INFO - DAG(s) 'avito_to_raw_midraw' retrieved from /opt/airflow/dags/avito_to_raw_midraw.py
[2026-07-21T19:12:37.591+0000] {logging_mixin.py:190} INFO - [2026-07-21T19:12:37.591+0000] {dag.py:3239} INFO - Sync 1 DAGs
[2026-07-21T19:12:37.606+0000] {logging_mixin.py:190} INFO - [2026-07-21T19:12:37.606+0000] {dag.py:4180} INFO - Setting next_dagrun for avito_to_raw_midraw to 2026-07-21 19:00:00+00:00, run_after=2026-07-21 20:00:00+00:00
[2026-07-21T19:12:37.618+0000] {processor.py:208} INFO - Processing /opt/airflow/dags/avito_to_raw_midraw.py took 0.065 seconds
[2026-07-21T19:13:07.792+0000] {processor.py:186} INFO - Started process (PID=220) to work on /opt/airflow/dags/avito_to_raw_midraw.py
[2026-07-21T19:13:07.793+0000] {processor.py:914} INFO - Processing file /opt/airflow/dags/avito_to_raw_midraw.py for tasks to queue
[2026-07-21T19:13:07.794+0000] {logging_mixin.py:190} INFO - [2026-07-21T19:13:07.794+0000] {dagbag.py:588} INFO - Filling up the DagBag from /opt/airflow/dags/avito_to_raw_midraw.py
[2026-07-21T19:13:07.813+0000] {processor.py:925} INFO - DAG(s) 'avito_to_raw_midraw' retrieved from /opt/airflow/dags/avito_to_raw_midraw.py
[2026-07-21T19:13:07.830+0000] {logging_mixin.py:190} INFO - [2026-07-21T19:13:07.830+0000] {dag.py:3239} INFO - Sync 1 DAGs
[2026-07-21T19:13:07.842+0000] {logging_mixin.py:190} INFO - [2026-07-21T19:13:07.842+0000] {dag.py:4180} INFO - Setting next_dagrun for avito_to_raw_midraw to 2026-07-21 19:00:00+00:00, run_after=2026-07-21 20:00:00+00:00
[2026-07-21T19:13:07.855+0000] {processor.py:208} INFO - Processing /opt/airflow/dags/avito_to_raw_midraw.py took 0.067 seconds
[2026-07-21T19:13:38.121+0000] {processor.py:186} INFO - Started process (PID=222) to work on /opt/airflow/dags/avito_to_raw_midraw.py
[2026-07-21T19:13:38.122+0000] {processor.py:914} INFO - Processing file /opt/airflow/dags/avito_to_raw_midraw.py for tasks to queue
[2026-07-21T19:13:38.123+0000] {logging_mixin.py:190} INFO - [2026-07-21T19:13:38.122+0000] {dagbag.py:588} INFO - Filling up the DagBag from /opt/airflow/dags/avito_to_raw_midraw.py
[2026-07-21T19:13:38.135+0000] {processor.py:925} INFO - DAG(s) 'avito_to_raw_midraw' retrieved from /opt/airflow/dags/avito_to_raw_midraw.py
[2026-07-21T19:13:38.153+0000] {logging_mixin.py:190} INFO - [2026-07-21T19:13:38.153+0000] {dag.py:3239} INFO - Sync 1 DAGs
[2026-07-21T19:13:38.163+0000] {logging_mixin.py:190} INFO - [2026-07-21T19:13:38.163+0000] {dag.py:4180} INFO - Setting next_dagrun for avito_to_raw_midraw to 2026-07-21 19:00:00+00:00, run_after=2026-07-21 20:00:00+00:00
[2026-07-21T19:13:38.173+0000] {processor.py:208} INFO - Processing /opt/airflow/dags/avito_to_raw_midraw.py took 0.054 seconds
[2026-07-21T19:14:08.418+0000] {processor.py:186} INFO - Started process (PID=224) to work on /opt/airflow/dags/avito_to_raw_midraw.py
[2026-07-21T19:14:08.419+0000] {processor.py:914} INFO - Processing file /opt/airflow/dags/avito_to_raw_midraw.py for tasks to queue
[2026-07-21T19:14:08.420+0000] {logging_mixin.py:190} INFO - [2026-07-21T19:14:08.420+0000] {dagbag.py:588} INFO - Filling up the DagBag from /opt/airflow/dags/avito_to_raw_midraw.py
[2026-07-21T19:14:08.435+0000] {processor.py:925} INFO - DAG(s) 'avito_to_raw_midraw' retrieved from /opt/airflow/dags/avito_to_raw_midraw.py
[2026-07-21T19:14:08.452+0000] {logging_mixin.py:190} INFO - [2026-07-21T19:14:08.452+0000] {dag.py:3239} INFO - Sync 1 DAGs
[2026-07-21T19:14:08.462+0000] {logging_mixin.py:190} INFO - [2026-07-21T19:14:08.462+0000] {dag.py:4180} INFO - Setting next_dagrun for avito_to_raw_midraw to 2026-07-21 19:00:00+00:00, run_after=2026-07-21 20:00:00+00:00
[2026-07-21T19:14:08.476+0000] {processor.py:208} INFO - Processing /opt/airflow/dags/avito_to_raw_midraw.py took 0.060 seconds
[2026-07-21T19:14:38.751+0000] {processor.py:186} INFO - Started process (PID=226) to work on /opt/airflow/dags/avito_to_raw_midraw.py
[2026-07-21T19:14:38.751+0000] {processor.py:914} INFO - Processing file /opt/airflow/dags/avito_to_raw_midraw.py for tasks to queue
[2026-07-21T19:14:38.753+0000] {logging_mixin.py:190} INFO - [2026-07-21T19:14:38.753+0000] {dagbag.py:588} INFO - Filling up the DagBag from /opt/airflow/dags/avito_to_raw_midraw.py
[2026-07-21T19:14:38.768+0000] {processor.py:925} INFO - DAG(s) 'avito_to_raw_midraw' retrieved from /opt/airflow/dags/avito_to_raw_midraw.py
[2026-07-21T19:14:38.787+0000] {logging_mixin.py:190} INFO - [2026-07-21T19:14:38.787+0000] {dag.py:3239} INFO - Sync 1 DAGs
[2026-07-21T19:14:38.800+0000] {logging_mixin.py:190} INFO - [2026-07-21T19:14:38.800+0000] {dag.py:4180} INFO - Setting next_dagrun for avito_to_raw_midraw to 2026-07-21 19:00:00+00:00, run_after=2026-07-21 20:00:00+00:00
[2026-07-21T19:14:38.812+0000] {processor.py:208} INFO - Processing /opt/airflow/dags/avito_to_raw_midraw.py took 0.064 seconds
[2026-07-21T19:15:09.098+0000] {processor.py:186} INFO - Started process (PID=228) to work on /opt/airflow/dags/avito_to_raw_midraw.py
[2026-07-21T19:15:09.098+0000] {processor.py:914} INFO - Processing file /opt/airflow/dags/avito_to_raw_midraw.py for tasks to queue
[2026-07-21T19:15:09.100+0000] {logging_mixin.py:190} INFO - [2026-07-21T19:15:09.100+0000] {dagbag.py:588} INFO - Filling up the DagBag from /opt/airflow/dags/avito_to_raw_midraw.py
[2026-07-21T19:15:09.114+0000] {processor.py:925} INFO - DAG(s) 'avito_to_raw_midraw' retrieved from /opt/airflow/dags/avito_to_raw_midraw.py
[2026-07-21T19:15:09.130+0000] {logging_mixin.py:190} INFO - [2026-07-21T19:15:09.129+0000] {dag.py:3239} INFO - Sync 1 DAGs
[2026-07-21T19:15:09.141+0000] {logging_mixin.py:190} INFO - [2026-07-21T19:15:09.141+0000] {dag.py:4180} INFO - Setting next_dagrun for avito_to_raw_midraw to 2026-07-21 19:00:00+00:00, run_after=2026-07-21 20:00:00+00:00
[2026-07-21T19:15:09.153+0000] {processor.py:208} INFO - Processing /opt/airflow/dags/avito_to_raw_midraw.py took 0.058 seconds
[2026-07-21T19:15:39.393+0000] {processor.py:186} INFO - Started process (PID=230) to work on /opt/airflow/dags/avito_to_raw_midraw.py
[2026-07-21T19:15:39.393+0000] {processor.py:914} INFO - Processing file /opt/airflow/dags/avito_to_raw_midraw.py for tasks to queue
[2026-07-21T19:15:39.395+0000] {logging_mixin.py:190} INFO - [2026-07-21T19:15:39.395+0000] {dagbag.py:588} INFO - Filling up the DagBag from /opt/airflow/dags/avito_to_raw_midraw.py
[2026-07-21T19:15:39.411+0000] {processor.py:925} INFO - DAG(s) 'avito_to_raw_midraw' retrieved from /opt/airflow/dags/avito_to_raw_midraw.py
[2026-07-21T19:15:39.425+0000] {logging_mixin.py:190} INFO - [2026-07-21T19:15:39.425+0000] {dag.py:3239} INFO - Sync 1 DAGs
[2026-07-21T19:15:39.437+0000] {logging_mixin.py:190} INFO - [2026-07-21T19:15:39.437+0000] {dag.py:4180} INFO - Setting next_dagrun for avito_to_raw_midraw to 2026-07-21 19:00:00+00:00, run_after=2026-07-21 20:00:00+00:00
[2026-07-21T19:15:39.446+0000] {processor.py:208} INFO - Processing /opt/airflow/dags/avito_to_raw_midraw.py took 0.058 seconds
[2026-07-21T19:16:09.731+0000] {processor.py:186} INFO - Started process (PID=232) to work on /opt/airflow/dags/avito_to_raw_midraw.py
[2026-07-21T19:16:09.732+0000] {processor.py:914} INFO - Processing file /opt/airflow/dags/avito_to_raw_midraw.py for tasks to queue
[2026-07-21T19:16:09.734+0000] {logging_mixin.py:190} INFO - [2026-07-21T19:16:09.734+0000] {dagbag.py:588} INFO - Filling up the DagBag from /opt/airflow/dags/avito_to_raw_midraw.py
[2026-07-21T19:16:09.748+0000] {processor.py:925} INFO - DAG(s) 'avito_to_raw_midraw' retrieved from /opt/airflow/dags/avito_to_raw_midraw.py
[2026-07-21T19:16:09.769+0000] {logging_mixin.py:190} INFO - [2026-07-21T19:16:09.769+0000] {dag.py:3239} INFO - Sync 1 DAGs
[2026-07-21T19:16:09.786+0000] {logging_mixin.py:190} INFO - [2026-07-21T19:16:09.786+0000] {dag.py:4180} INFO - Setting next_dagrun for avito_to_raw_midraw to 2026-07-21 19:00:00+00:00, run_after=2026-07-21 20:00:00+00:00
[2026-07-21T19:16:09.800+0000] {processor.py:208} INFO - Processing /opt/airflow/dags/avito_to_raw_midraw.py took 0.072 seconds
[2026-07-21T19:16:40.084+0000] {processor.py:186} INFO - Started process (PID=234) to work on /opt/airflow/dags/avito_to_raw_midraw.py
[2026-07-21T19:16:40.085+0000] {processor.py:914} INFO - Processing file /opt/airflow/dags/avito_to_raw_midraw.py for tasks to queue
[2026-07-21T19:16:40.088+0000] {logging_mixin.py:190} INFO - [2026-07-21T19:16:40.088+0000] {dagbag.py:588} INFO - Filling up the DagBag from /opt/airflow/dags/avito_to_raw_midraw.py
[2026-07-21T19:16:40.104+0000] {processor.py:925} INFO - DAG(s) 'avito_to_raw_midraw' retrieved from /opt/airflow/dags/avito_to_raw_midraw.py
[2026-07-21T19:16:40.125+0000] {logging_mixin.py:190} INFO - [2026-07-21T19:16:40.125+0000] {dag.py:3239} INFO - Sync 1 DAGs
[2026-07-21T19:16:40.140+0000] {logging_mixin.py:190} INFO - [2026-07-21T19:16:40.140+0000] {dag.py:4180} INFO - Setting next_dagrun for avito_to_raw_midraw to 2026-07-21 19:00:00+00:00, run_after=2026-07-21 20:00:00+00:00
[2026-07-21T19:16:40.153+0000] {processor.py:208} INFO - Processing /opt/airflow/dags/avito_to_raw_midraw.py took 0.072 seconds
[2026-07-21T19:17:10.375+0000] {processor.py:186} INFO - Started process (PID=236) to work on /opt/airflow/dags/avito_to_raw_midraw.py
[2026-07-21T19:17:10.375+0000] {processor.py:914} INFO - Processing file /opt/airflow/dags/avito_to_raw_midraw.py for tasks to queue
[2026-07-21T19:17:10.379+0000] {logging_mixin.py:190} INFO - [2026-07-21T19:17:10.379+0000] {dagbag.py:588} INFO - Filling up the DagBag from /opt/airflow/dags/avito_to_raw_midraw.py
[2026-07-21T19:17:10.394+0000] {processor.py:925} INFO - DAG(s) 'avito_to_raw_midraw' retrieved from /opt/airflow/dags/avito_to_raw_midraw.py
[2026-07-21T19:17:10.412+0000] {logging_mixin.py:190} INFO - [2026-07-21T19:17:10.412+0000] {dag.py:3239} INFO - Sync 1 DAGs
[2026-07-21T19:17:10.426+0000] {logging_mixin.py:190} INFO - [2026-07-21T19:17:10.426+0000] {dag.py:4180} INFO - Setting next_dagrun for avito_to_raw_midraw to 2026-07-21 19:00:00+00:00, run_after=2026-07-21 20:00:00+00:00
[2026-07-21T19:17:10.435+0000] {processor.py:208} INFO - Processing /opt/airflow/dags/avito_to_raw_midraw.py took 0.064 seconds
[2026-07-21T19:17:40.730+0000] {processor.py:186} INFO - Started process (PID=238) to work on /opt/airflow/dags/avito_to_raw_midraw.py
[2026-07-21T19:17:40.730+0000] {processor.py:914} INFO - Processing file /opt/airflow/dags/avito_to_raw_midraw.py for tasks to queue
[2026-07-21T19:17:40.733+0000] {logging_mixin.py:190} INFO - [2026-07-21T19:17:40.733+0000] {dagbag.py:588} INFO - Filling up the DagBag from /opt/airflow/dags/avito_to_raw_midraw.py
[2026-07-21T19:17:40.751+0000] {processor.py:925} INFO - DAG(s) 'avito_to_raw_midraw' retrieved from /opt/airflow/dags/avito_to_raw_midraw.py
[2026-07-21T19:17:40.773+0000] {logging_mixin.py:190} INFO - [2026-07-21T19:17:40.773+0000] {dag.py:3239} INFO - Sync 1 DAGs
[2026-07-21T19:17:40.787+0000] {logging_mixin.py:190} INFO - [2026-07-21T19:17:40.787+0000] {dag.py:4180} INFO - Setting next_dagrun for avito_to_raw_midraw to 2026-07-21 19:00:00+00:00, run_after=2026-07-21 20:00:00+00:00
[2026-07-21T19:17:40.799+0000] {processor.py:208} INFO - Processing /opt/airflow/dags/avito_to_raw_midraw.py took 0.073 seconds
[2026-07-21T19:18:11.048+0000] {processor.py:186} INFO - Started process (PID=240) to work on /opt/airflow/dags/avito_to_raw_midraw.py
[2026-07-21T19:18:11.049+0000] {processor.py:914} INFO - Processing file /opt/airflow/dags/avito_to_raw_midraw.py for tasks to queue
[2026-07-21T19:18:11.050+0000] {logging_mixin.py:190} INFO - [2026-07-21T19:18:11.050+0000] {dagbag.py:588} INFO - Filling up the DagBag from /opt/airflow/dags/avito_to_raw_midraw.py
[2026-07-21T19:18:11.065+0000] {processor.py:925} INFO - DAG(s) 'avito_to_raw_midraw' retrieved from /opt/airflow/dags/avito_to_raw_midraw.py
[2026-07-21T19:18:11.086+0000] {logging_mixin.py:190} INFO - [2026-07-21T19:18:11.086+0000] {dag.py:3239} INFO - Sync 1 DAGs
[2026-07-21T19:18:11.100+0000] {logging_mixin.py:190} INFO - [2026-07-21T19:18:11.100+0000] {dag.py:4180} INFO - Setting next_dagrun for avito_to_raw_midraw to 2026-07-21 19:00:00+00:00, run_after=2026-07-21 20:00:00+00:00
[2026-07-21T19:18:11.113+0000] {processor.py:208} INFO - Processing /opt/airflow/dags/avito_to_raw_midraw.py took 0.069 seconds
[2026-07-21T19:18:41.288+0000] {processor.py:186} INFO - Started process (PID=242) to work on /opt/airflow/dags/avito_to_raw_midraw.py
[2026-07-21T19:18:41.288+0000] {processor.py:914} INFO - Processing file /opt/airflow/dags/avito_to_raw_midraw.py for tasks to queue
[2026-07-21T19:18:41.290+0000] {logging_mixin.py:190} INFO - [2026-07-21T19:18:41.289+0000] {dagbag.py:588} INFO - Filling up the DagBag from /opt/airflow/dags/avito_to_raw_midraw.py
[2026-07-21T19:18:41.303+0000] {processor.py:925} INFO - DAG(s) 'avito_to_raw_midraw' retrieved from /opt/airflow/dags/avito_to_raw_midraw.py
[2026-07-21T19:18:41.321+0000] {logging_mixin.py:190} INFO - [2026-07-21T19:18:41.321+0000] {dag.py:3239} INFO - Sync 1 DAGs
[2026-07-21T19:18:41.337+0000] {logging_mixin.py:190} INFO - [2026-07-21T19:18:41.337+0000] {dag.py:4180} INFO - Setting next_dagrun for avito_to_raw_midraw to 2026-07-21 19:00:00+00:00, run_after=2026-07-21 20:00:00+00:00
[2026-07-21T19:18:41.349+0000] {processor.py:208} INFO - Processing /opt/airflow/dags/avito_to_raw_midraw.py took 0.065 seconds
[2026-07-21T19:19:11.575+0000] {processor.py:186} INFO - Started process (PID=244) to work on /opt/airflow/dags/avito_to_raw_midraw.py
[2026-07-21T19:19:11.575+0000] {processor.py:914} INFO - Processing file /opt/airflow/dags/avito_to_raw_midraw.py for tasks to queue
[2026-07-21T19:19:11.577+0000] {logging_mixin.py:190} INFO - [2026-07-21T19:19:11.577+0000] {dagbag.py:588} INFO - Filling up the DagBag from /opt/airflow/dags/avito_to_raw_midraw.py
[2026-07-21T19:19:11.594+0000] {processor.py:925} INFO - DAG(s) 'avito_to_raw_midraw' retrieved from /opt/airflow/dags/avito_to_raw_midraw.py
[2026-07-21T19:19:11.616+0000] {logging_mixin.py:190} INFO - [2026-07-21T19:19:11.616+0000] {dag.py:3239} INFO - Sync 1 DAGs
[2026-07-21T19:19:11.633+0000] {logging_mixin.py:190} INFO - [2026-07-21T19:19:11.632+0000] {dag.py:4180} INFO - Setting next_dagrun for avito_to_raw_midraw to 2026-07-21 19:00:00+00:00, run_after=2026-07-21 20:00:00+00:00
[2026-07-21T19:19:11.645+0000] {processor.py:208} INFO - Processing /opt/airflow/dags/avito_to_raw_midraw.py took 0.074 seconds
[2026-07-21T19:19:41.947+0000] {processor.py:186} INFO - Started process (PID=246) to work on /opt/airflow/dags/avito_to_raw_midraw.py
[2026-07-21T19:19:41.947+0000] {processor.py:914} INFO - Processing file /opt/airflow/dags/avito_to_raw_midraw.py for tasks to queue
[2026-07-21T19:19:41.949+0000] {logging_mixin.py:190} INFO - [2026-07-21T19:19:41.949+0000] {dagbag.py:588} INFO - Filling up the DagBag from /opt/airflow/dags/avito_to_raw_midraw.py
[2026-07-21T19:19:41.964+0000] {processor.py:925} INFO - DAG(s) 'avito_to_raw_midraw' retrieved from /opt/airflow/dags/avito_to_raw_midraw.py
[2026-07-21T19:19:41.981+0000] {logging_mixin.py:190} INFO - [2026-07-21T19:19:41.981+0000] {dag.py:3239} INFO - Sync 1 DAGs
[2026-07-21T19:19:41.994+0000] {logging_mixin.py:190} INFO - [2026-07-21T19:19:41.994+0000] {dag.py:4180} INFO - Setting next_dagrun for avito_to_raw_midraw to 2026-07-21 19:00:00+00:00, run_after=2026-07-21 20:00:00+00:00
[2026-07-21T19:19:42.003+0000] {processor.py:208} INFO - Processing /opt/airflow/dags/avito_to_raw_midraw.py took 0.060 seconds
[2026-07-21T19:20:12.250+0000] {processor.py:186} INFO - Started process (PID=248) to work on /opt/airflow/dags/avito_to_raw_midraw.py
[2026-07-21T19:20:12.251+0000] {processor.py:914} INFO - Processing file /opt/airflow/dags/avito_to_raw_midraw.py for tasks to queue
[2026-07-21T19:20:12.253+0000] {logging_mixin.py:190} INFO - [2026-07-21T19:20:12.253+0000] {dagbag.py:588} INFO - Filling up the DagBag from /opt/airflow/dags/avito_to_raw_midraw.py
[2026-07-21T19:20:12.268+0000] {processor.py:925} INFO - DAG(s) 'avito_to_raw_midraw' retrieved from /opt/airflow/dags/avito_to_raw_midraw.py
[2026-07-21T19:20:12.286+0000] {logging_mixin.py:190} INFO - [2026-07-21T19:20:12.286+0000] {dag.py:3239} INFO - Sync 1 DAGs
[2026-07-21T19:20:12.301+0000] {logging_mixin.py:190} INFO - [2026-07-21T19:20:12.301+0000] {dag.py:4180} INFO - Setting next_dagrun for avito_to_raw_midraw to 2026-07-21 19:00:00+00:00, run_after=2026-07-21 20:00:00+00:00
[2026-07-21T19:20:12.315+0000] {processor.py:208} INFO - Processing /opt/airflow/dags/avito_to_raw_midraw.py took 0.068 seconds
[2026-07-21T19:20:42.549+0000] {processor.py:186} INFO - Started process (PID=250) to work on /opt/airflow/dags/avito_to_raw_midraw.py
[2026-07-21T19:20:42.550+0000] {processor.py:914} INFO - Processing file /opt/airflow/dags/avito_to_raw_midraw.py for tasks to queue
[2026-07-21T19:20:42.551+0000] {logging_mixin.py:190} INFO - [2026-07-21T19:20:42.551+0000] {dagbag.py:588} INFO - Filling up the DagBag from /opt/airflow/dags/avito_to_raw_midraw.py
[2026-07-21T19:20:42.570+0000] {processor.py:925} INFO - DAG(s) 'avito_to_raw_midraw' retrieved from /opt/airflow/dags/avito_to_raw_midraw.py
[2026-07-21T19:20:42.590+0000] {logging_mixin.py:190} INFO - [2026-07-21T19:20:42.590+0000] {dag.py:3239} INFO - Sync 1 DAGs
[2026-07-21T19:20:42.603+0000] {logging_mixin.py:190} INFO - [2026-07-21T19:20:42.603+0000] {dag.py:4180} INFO - Setting next_dagrun for avito_to_raw_midraw to 2026-07-21 19:00:00+00:00, run_after=2026-07-21 20:00:00+00:00
[2026-07-21T19:20:42.613+0000] {processor.py:208} INFO - Processing /opt/airflow/dags/avito_to_raw_midraw.py took 0.068 seconds
[2026-07-21T19:21:12.845+0000] {processor.py:186} INFO - Started process (PID=252) to work on /opt/airflow/dags/avito_to_raw_midraw.py
[2026-07-21T19:21:12.846+0000] {processor.py:914} INFO - Processing file /opt/airflow/dags/avito_to_raw_midraw.py for tasks to queue
[2026-07-21T19:21:12.848+0000] {logging_mixin.py:190} INFO - [2026-07-21T19:21:12.847+0000] {dagbag.py:588} INFO - Filling up the DagBag from /opt/airflow/dags/avito_to_raw_midraw.py
[2026-07-21T19:21:12.865+0000] {processor.py:925} INFO - DAG(s) 'avito_to_raw_midraw' retrieved from /opt/airflow/dags/avito_to_raw_midraw.py
[2026-07-21T19:21:12.883+0000] {logging_mixin.py:190} INFO - [2026-07-21T19:21:12.883+0000] {dag.py:3239} INFO - Sync 1 DAGs
[2026-07-21T19:21:12.900+0000] {logging_mixin.py:190} INFO - [2026-07-21T19:21:12.900+0000] {dag.py:4180} INFO - Setting next_dagrun for avito_to_raw_midraw to 2026-07-21 19:00:00+00:00, run_after=2026-07-21 20:00:00+00:00
[2026-07-21T19:21:12.912+0000] {processor.py:208} INFO - Processing /opt/airflow/dags/avito_to_raw_midraw.py took 0.071 seconds
[2026-07-21T19:21:43.159+0000] {processor.py:186} INFO - Started process (PID=254) to work on /opt/airflow/dags/avito_to_raw_midraw.py
[2026-07-21T19:21:43.160+0000] {processor.py:914} INFO - Processing file /opt/airflow/dags/avito_to_raw_midraw.py for tasks to queue
[2026-07-21T19:21:43.162+0000] {logging_mixin.py:190} INFO - [2026-07-21T19:21:43.162+0000] {dagbag.py:588} INFO - Filling up the DagBag from /opt/airflow/dags/avito_to_raw_midraw.py
[2026-07-21T19:21:43.182+0000] {processor.py:925} INFO - DAG(s) 'avito_to_raw_midraw' retrieved from /opt/airflow/dags/avito_to_raw_midraw.py
[2026-07-21T19:21:43.204+0000] {logging_mixin.py:190} INFO - [2026-07-21T19:21:43.203+0000] {dag.py:3239} INFO - Sync 1 DAGs
[2026-07-21T19:21:43.220+0000] {logging_mixin.py:190} INFO - [2026-07-21T19:21:43.220+0000] {dag.py:4180} INFO - Setting next_dagrun for avito_to_raw_midraw to 2026-07-21 19:00:00+00:00, run_after=2026-07-21 20:00:00+00:00
[2026-07-21T19:21:43.234+0000] {processor.py:208} INFO - Processing /opt/airflow/dags/avito_to_raw_midraw.py took 0.079 seconds
[2026-07-21T19:22:13.457+0000] {processor.py:186} INFO - Started process (PID=256) to work on /opt/airflow/dags/avito_to_raw_midraw.py
[2026-07-21T19:22:13.457+0000] {processor.py:914} INFO - Processing file /opt/airflow/dags/avito_to_raw_midraw.py for tasks to queue
[2026-07-21T19:22:13.459+0000] {logging_mixin.py:190} INFO - [2026-07-21T19:22:13.459+0000] {dagbag.py:588} INFO - Filling up the DagBag from /opt/airflow/dags/avito_to_raw_midraw.py
[2026-07-21T19:22:13.476+0000] {processor.py:925} INFO - DAG(s) 'avito_to_raw_midraw' retrieved from /opt/airflow/dags/avito_to_raw_midraw.py
[2026-07-21T19:22:13.495+0000] {logging_mixin.py:190} INFO - [2026-07-21T19:22:13.494+0000] {dag.py:3239} INFO - Sync 1 DAGs
[2026-07-21T19:22:13.508+0000] {logging_mixin.py:190} INFO - [2026-07-21T19:22:13.508+0000] {dag.py:4180} INFO - Setting next_dagrun for avito_to_raw_midraw to 2026-07-21 19:00:00+00:00, run_after=2026-07-21 20:00:00+00:00
[2026-07-21T19:22:13.519+0000] {processor.py:208} INFO - Processing /opt/airflow/dags/avito_to_raw_midraw.py took 0.066 seconds
[2026-07-21T19:22:43.795+0000] {processor.py:186} INFO - Started process (PID=258) to work on /opt/airflow/dags/avito_to_raw_midraw.py
[2026-07-21T19:22:43.796+0000] {processor.py:914} INFO - Processing file /opt/airflow/dags/avito_to_raw_midraw.py for tasks to queue
[2026-07-21T19:22:43.798+0000] {logging_mixin.py:190} INFO - [2026-07-21T19:22:43.798+0000] {dagbag.py:588} INFO - Filling up the DagBag from /opt/airflow/dags/avito_to_raw_midraw.py
[2026-07-21T19:22:43.818+0000] {processor.py:925} INFO - DAG(s) 'avito_to_raw_midraw' retrieved from /opt/airflow/dags/avito_to_raw_midraw.py
[2026-07-21T19:22:43.839+0000] {logging_mixin.py:190} INFO - [2026-07-21T19:22:43.839+0000] {dag.py:3239} INFO - Sync 1 DAGs
[2026-07-21T19:22:43.860+0000] {logging_mixin.py:190} INFO - [2026-07-21T19:22:43.860+0000] {dag.py:4180} INFO - Setting next_dagrun for avito_to_raw_midraw to 2026-07-21 19:00:00+00:00, run_after=2026-07-21 20:00:00+00:00
[2026-07-21T19:22:43.888+0000] {processor.py:208} INFO - Processing /opt/airflow/dags/avito_to_raw_midraw.py took 0.099 seconds
[2026-07-21T19:23:14.139+0000] {processor.py:186} INFO - Started process (PID=260) to work on /opt/airflow/dags/avito_to_raw_midraw.py
[2026-07-21T19:23:14.140+0000] {processor.py:914} INFO - Processing file /opt/airflow/dags/avito_to_raw_midraw.py for tasks to queue
[2026-07-21T19:23:14.142+0000] {logging_mixin.py:190} INFO - [2026-07-21T19:23:14.142+0000] {dagbag.py:588} INFO - Filling up the DagBag from /opt/airflow/dags/avito_to_raw_midraw.py
[2026-07-21T19:23:14.160+0000] {processor.py:925} INFO - DAG(s) 'avito_to_raw_midraw' retrieved from /opt/airflow/dags/avito_to_raw_midraw.py
[2026-07-21T19:23:14.182+0000] {logging_mixin.py:190} INFO - [2026-07-21T19:23:14.182+0000] {dag.py:3239} INFO - Sync 1 DAGs
[2026-07-21T19:23:14.195+0000] {logging_mixin.py:190} INFO - [2026-07-21T19:23:14.195+0000] {dag.py:4180} INFO - Setting next_dagrun for avito_to_raw_midraw to 2026-07-21 19:00:00+00:00, run_after=2026-07-21 20:00:00+00:00
[2026-07-21T19:23:14.208+0000] {processor.py:208} INFO - Processing /opt/airflow/dags/avito_to_raw_midraw.py took 0.074 seconds
[2026-07-21T19:23:44.527+0000] {processor.py:186} INFO - Started process (PID=262) to work on /opt/airflow/dags/avito_to_raw_midraw.py
[2026-07-21T19:23:44.530+0000] {processor.py:914} INFO - Processing file /opt/airflow/dags/avito_to_raw_midraw.py for tasks to queue
[2026-07-21T19:23:44.538+0000] {logging_mixin.py:190} INFO - [2026-07-21T19:23:44.537+0000] {dagbag.py:588} INFO - Filling up the DagBag from /opt/airflow/dags/avito_to_raw_midraw.py
[2026-07-21T19:23:44.588+0000] {processor.py:925} INFO - DAG(s) 'avito_to_raw_midraw' retrieved from /opt/airflow/dags/avito_to_raw_midraw.py
[2026-07-21T19:23:44.616+0000] {logging_mixin.py:190} INFO - [2026-07-21T19:23:44.616+0000] {dag.py:3239} INFO - Sync 1 DAGs
[2026-07-21T19:23:44.633+0000] {logging_mixin.py:190} INFO - [2026-07-21T19:23:44.633+0000] {dag.py:4180} INFO - Setting next_dagrun for avito_to_raw_midraw to 2026-07-21 19:00:00+00:00, run_after=2026-07-21 20:00:00+00:00
[2026-07-21T19:23:44.648+0000] {processor.py:208} INFO - Processing /opt/airflow/dags/avito_to_raw_midraw.py took 0.133 seconds
[2026-07-21T19:24:14.841+0000] {processor.py:186} INFO - Started process (PID=264) to work on /opt/airflow/dags/avito_to_raw_midraw.py
[2026-07-21T19:24:14.843+0000] {processor.py:914} INFO - Processing file /opt/airflow/dags/avito_to_raw_midraw.py for tasks to queue
[2026-07-21T19:24:14.846+0000] {logging_mixin.py:190} INFO - [2026-07-21T19:24:14.846+0000] {dagbag.py:588} INFO - Filling up the DagBag from /opt/airflow/dags/avito_to_raw_midraw.py
[2026-07-21T19:24:14.865+0000] {processor.py:925} INFO - DAG(s) 'avito_to_raw_midraw' retrieved from /opt/airflow/dags/avito_to_raw_midraw.py
[2026-07-21T19:24:14.889+0000] {logging_mixin.py:190} INFO - [2026-07-21T19:24:14.889+0000] {dag.py:3239} INFO - Sync 1 DAGs
[2026-07-21T19:24:14.905+0000] {logging_mixin.py:190} INFO - [2026-07-21T19:24:14.904+0000] {dag.py:4180} INFO - Setting next_dagrun for avito_to_raw_midraw to 2026-07-21 19:00:00+00:00, run_after=2026-07-21 20:00:00+00:00
[2026-07-21T19:24:14.916+0000] {processor.py:208} INFO - Processing /opt/airflow/dags/avito_to_raw_midraw.py took 0.080 seconds
[2026-07-21T19:24:45.099+0000] {processor.py:186} INFO - Started process (PID=266) to work on /opt/airflow/dags/avito_to_raw_midraw.py
[2026-07-21T19:24:45.100+0000] {processor.py:914} INFO - Processing file /opt/airflow/dags/avito_to_raw_midraw.py for tasks to queue
[2026-07-21T19:24:45.101+0000] {logging_mixin.py:190} INFO - [2026-07-21T19:24:45.101+0000] {dagbag.py:588} INFO - Filling up the DagBag from /opt/airflow/dags/avito_to_raw_midraw.py
[2026-07-21T19:24:45.115+0000] {processor.py:925} INFO - DAG(s) 'avito_to_raw_midraw' retrieved from /opt/airflow/dags/avito_to_raw_midraw.py
[2026-07-21T19:24:45.130+0000] {logging_mixin.py:190} INFO - [2026-07-21T19:24:45.130+0000] {dag.py:3239} INFO - Sync 1 DAGs
[2026-07-21T19:24:45.141+0000] {logging_mixin.py:190} INFO - [2026-07-21T19:24:45.141+0000] {dag.py:4180} INFO - Setting next_dagrun for avito_to_raw_midraw to 2026-07-21 19:00:00+00:00, run_after=2026-07-21 20:00:00+00:00
[2026-07-21T19:24:45.151+0000] {processor.py:208} INFO - Processing /opt/airflow/dags/avito_to_raw_midraw.py took 0.055 seconds
[2026-07-21T19:25:15.431+0000] {processor.py:186} INFO - Started process (PID=268) to work on /opt/airflow/dags/avito_to_raw_midraw.py
[2026-07-21T19:25:15.431+0000] {processor.py:914} INFO - Processing file /opt/airflow/dags/avito_to_raw_midraw.py for tasks to queue
[2026-07-21T19:25:15.435+0000] {logging_mixin.py:190} INFO - [2026-07-21T19:25:15.434+0000] {dagbag.py:588} INFO - Filling up the DagBag from /opt/airflow/dags/avito_to_raw_midraw.py
[2026-07-21T19:25:15.456+0000] {processor.py:925} INFO - DAG(s) 'avito_to_raw_midraw' retrieved from /opt/airflow/dags/avito_to_raw_midraw.py
[2026-07-21T19:25:15.477+0000] {logging_mixin.py:190} INFO - [2026-07-21T19:25:15.477+0000] {dag.py:3239} INFO - Sync 1 DAGs
[2026-07-21T19:25:15.493+0000] {logging_mixin.py:190} INFO - [2026-07-21T19:25:15.493+0000] {dag.py:4180} INFO - Setting next_dagrun for avito_to_raw_midraw to 2026-07-21 19:00:00+00:00, run_after=2026-07-21 20:00:00+00:00
[2026-07-21T19:25:15.505+0000] {processor.py:208} INFO - Processing /opt/airflow/dags/avito_to_raw_midraw.py took 0.079 seconds
[2026-07-21T19:25:45.735+0000] {processor.py:186} INFO - Started process (PID=270) to work on /opt/airflow/dags/avito_to_raw_midraw.py
[2026-07-21T19:25:45.736+0000] {processor.py:914} INFO - Processing file /opt/airflow/dags/avito_to_raw_midraw.py for tasks to queue
[2026-07-21T19:25:45.738+0000] {logging_mixin.py:190} INFO - [2026-07-21T19:25:45.737+0000] {dagbag.py:588} INFO - Filling up the DagBag from /opt/airflow/dags/avito_to_raw_midraw.py
[2026-07-21T19:25:45.757+0000] {processor.py:925} INFO - DAG(s) 'avito_to_raw_midraw' retrieved from /opt/airflow/dags/avito_to_raw_midraw.py
[2026-07-21T19:25:45.777+0000] {logging_mixin.py:190} INFO - [2026-07-21T19:25:45.777+0000] {dag.py:3239} INFO - Sync 1 DAGs
[2026-07-21T19:25:45.793+0000] {logging_mixin.py:190} INFO - [2026-07-21T19:25:45.793+0000] {dag.py:4180} INFO - Setting next_dagrun for avito_to_raw_midraw to 2026-07-21 19:00:00+00:00, run_after=2026-07-21 20:00:00+00:00
[2026-07-21T19:25:45.806+0000] {processor.py:208} INFO - Processing /opt/airflow/dags/avito_to_raw_midraw.py took 0.074 seconds
[2026-07-21T19:26:16.055+0000] {processor.py:186} INFO - Started process (PID=272) to work on /opt/airflow/dags/avito_to_raw_midraw.py
[2026-07-21T19:26:16.055+0000] {processor.py:914} INFO - Processing file /opt/airflow/dags/avito_to_raw_midraw.py for tasks to queue
[2026-07-21T19:26:16.058+0000] {logging_mixin.py:190} INFO - [2026-07-21T19:26:16.057+0000] {dagbag.py:588} INFO - Filling up the DagBag from /opt/airflow/dags/avito_to_raw_midraw.py
[2026-07-21T19:26:16.078+0000] {processor.py:925} INFO - DAG(s) 'avito_to_raw_midraw' retrieved from /opt/airflow/dags/avito_to_raw_midraw.py
[2026-07-21T19:26:16.095+0000] {logging_mixin.py:190} INFO - [2026-07-21T19:26:16.095+0000] {dag.py:3239} INFO - Sync 1 DAGs
[2026-07-21T19:26:16.112+0000] {logging_mixin.py:190} INFO - [2026-07-21T19:26:16.112+0000] {dag.py:4180} INFO - Setting next_dagrun for avito_to_raw_midraw to 2026-07-21 19:00:00+00:00, run_after=2026-07-21 20:00:00+00:00
[2026-07-21T19:26:16.124+0000] {processor.py:208} INFO - Processing /opt/airflow/dags/avito_to_raw_midraw.py took 0.076 seconds
[2026-07-21T19:26:46.397+0000] {processor.py:186} INFO - Started process (PID=274) to work on /opt/airflow/dags/avito_to_raw_midraw.py
[2026-07-21T19:26:46.398+0000] {processor.py:914} INFO - Processing file /opt/airflow/dags/avito_to_raw_midraw.py for tasks to queue
[2026-07-21T19:26:46.400+0000] {logging_mixin.py:190} INFO - [2026-07-21T19:26:46.399+0000] {dagbag.py:588} INFO - Filling up the DagBag from /opt/airflow/dags/avito_to_raw_midraw.py
[2026-07-21T19:26:46.421+0000] {processor.py:925} INFO - DAG(s) 'avito_to_raw_midraw' retrieved from /opt/airflow/dags/avito_to_raw_midraw.py
[2026-07-21T19:26:46.441+0000] {logging_mixin.py:190} INFO - [2026-07-21T19:26:46.441+0000] {dag.py:3239} INFO - Sync 1 DAGs
[2026-07-21T19:26:46.455+0000] {logging_mixin.py:190} INFO - [2026-07-21T19:26:46.455+0000] {dag.py:4180} INFO - Setting next_dagrun for avito_to_raw_midraw to 2026-07-21 19:00:00+00:00, run_after=2026-07-21 20:00:00+00:00
[2026-07-21T19:26:46.469+0000] {processor.py:208} INFO - Processing /opt/airflow/dags/avito_to_raw_midraw.py took 0.075 seconds
[2026-07-21T19:27:16.681+0000] {processor.py:186} INFO - Started process (PID=276) to work on /opt/airflow/dags/avito_to_raw_midraw.py
[2026-07-21T19:27:16.682+0000] {processor.py:914} INFO - Processing file /opt/airflow/dags/avito_to_raw_midraw.py for tasks to queue
[2026-07-21T19:27:16.684+0000] {logging_mixin.py:190} INFO - [2026-07-21T19:27:16.684+0000] {dagbag.py:588} INFO - Filling up the DagBag from /opt/airflow/dags/avito_to_raw_midraw.py
[2026-07-21T19:27:16.704+0000] {processor.py:925} INFO - DAG(s) 'avito_to_raw_midraw' retrieved from /opt/airflow/dags/avito_to_raw_midraw.py
[2026-07-21T19:27:16.726+0000] {logging_mixin.py:190} INFO - [2026-07-21T19:27:16.725+0000] {dag.py:3239} INFO - Sync 1 DAGs
[2026-07-21T19:27:16.743+0000] {logging_mixin.py:190} INFO - [2026-07-21T19:27:16.743+0000] {dag.py:4180} INFO - Setting next_dagrun for avito_to_raw_midraw to 2026-07-21 19:00:00+00:00, run_after=2026-07-21 20:00:00+00:00
[2026-07-21T19:27:16.754+0000] {processor.py:208} INFO - Processing /opt/airflow/dags/avito_to_raw_midraw.py took 0.078 seconds
[2026-07-21T19:27:46.986+0000] {processor.py:186} INFO - Started process (PID=278) to work on /opt/airflow/dags/avito_to_raw_midraw.py
[2026-07-21T19:27:46.987+0000] {processor.py:914} INFO - Processing file /opt/airflow/dags/avito_to_raw_midraw.py for tasks to queue
[2026-07-21T19:27:46.988+0000] {logging_mixin.py:190} INFO - [2026-07-21T19:27:46.988+0000] {dagbag.py:588} INFO - Filling up the DagBag from /opt/airflow/dags/avito_to_raw_midraw.py
[2026-07-21T19:27:47.002+0000] {processor.py:925} INFO - DAG(s) 'avito_to_raw_midraw' retrieved from /opt/airflow/dags/avito_to_raw_midraw.py
[2026-07-21T19:27:47.021+0000] {logging_mixin.py:190} INFO - [2026-07-21T19:27:47.021+0000] {dag.py:3239} INFO - Sync 1 DAGs
[2026-07-21T19:27:47.035+0000] {logging_mixin.py:190} INFO - [2026-07-21T19:27:47.035+0000] {dag.py:4180} INFO - Setting next_dagrun for avito_to_raw_midraw to 2026-07-21 19:00:00+00:00, run_after=2026-07-21 20:00:00+00:00
[2026-07-21T19:27:47.045+0000] {processor.py:208} INFO - Processing /opt/airflow/dags/avito_to_raw_midraw.py took 0.063 seconds
[2026-07-21T19:28:17.290+0000] {processor.py:186} INFO - Started process (PID=280) to work on /opt/airflow/dags/avito_to_raw_midraw.py
[2026-07-21T19:28:17.291+0000] {processor.py:914} INFO - Processing file /opt/airflow/dags/avito_to_raw_midraw.py for tasks to queue
[2026-07-21T19:28:17.292+0000] {logging_mixin.py:190} INFO - [2026-07-21T19:28:17.292+0000] {dagbag.py:588} INFO - Filling up the DagBag from /opt/airflow/dags/avito_to_raw_midraw.py
[2026-07-21T19:28:17.304+0000] {processor.py:925} INFO - DAG(s) 'avito_to_raw_midraw' retrieved from /opt/airflow/dags/avito_to_raw_midraw.py
[2026-07-21T19:28:17.320+0000] {logging_mixin.py:190} INFO - [2026-07-21T19:28:17.320+0000] {dag.py:3239} INFO - Sync 1 DAGs
[2026-07-21T19:28:17.330+0000] {logging_mixin.py:190} INFO - [2026-07-21T19:28:17.329+0000] {dag.py:4180} INFO - Setting next_dagrun for avito_to_raw_midraw to 2026-07-21 19:00:00+00:00, run_after=2026-07-21 20:00:00+00:00
[2026-07-21T19:28:17.342+0000] {processor.py:208} INFO - Processing /opt/airflow/dags/avito_to_raw_midraw.py took 0.054 seconds
[2026-07-21T19:28:47.608+0000] {processor.py:186} INFO - Started process (PID=282) to work on /opt/airflow/dags/avito_to_raw_midraw.py
[2026-07-21T19:28:47.608+0000] {processor.py:914} INFO - Processing file /opt/airflow/dags/avito_to_raw_midraw.py for tasks to queue
[2026-07-21T19:28:47.610+0000] {logging_mixin.py:190} INFO - [2026-07-21T19:28:47.609+0000] {dagbag.py:588} INFO - Filling up the DagBag from /opt/airflow/dags/avito_to_raw_midraw.py
[2026-07-21T19:28:47.622+0000] {processor.py:925} INFO - DAG(s) 'avito_to_raw_midraw' retrieved from /opt/airflow/dags/avito_to_raw_midraw.py
[2026-07-21T19:28:47.636+0000] {logging_mixin.py:190} INFO - [2026-07-21T19:28:47.635+0000] {dag.py:3239} INFO - Sync 1 DAGs
[2026-07-21T19:28:47.648+0000] {logging_mixin.py:190} INFO - [2026-07-21T19:28:47.648+0000] {dag.py:4180} INFO - Setting next_dagrun for avito_to_raw_midraw to 2026-07-21 19:00:00+00:00, run_after=2026-07-21 20:00:00+00:00
[2026-07-21T19:28:47.659+0000] {processor.py:208} INFO - Processing /opt/airflow/dags/avito_to_raw_midraw.py took 0.054 seconds
[2026-07-21T19:29:17.923+0000] {processor.py:186} INFO - Started process (PID=284) to work on /opt/airflow/dags/avito_to_raw_midraw.py
[2026-07-21T19:29:17.924+0000] {processor.py:914} INFO - Processing file /opt/airflow/dags/avito_to_raw_midraw.py for tasks to queue
[2026-07-21T19:29:17.926+0000] {logging_mixin.py:190} INFO - [2026-07-21T19:29:17.925+0000] {dagbag.py:588} INFO - Filling up the DagBag from /opt/airflow/dags/avito_to_raw_midraw.py
[2026-07-21T19:29:17.943+0000] {processor.py:925} INFO - DAG(s) 'avito_to_raw_midraw' retrieved from /opt/airflow/dags/avito_to_raw_midraw.py
[2026-07-21T19:29:17.959+0000] {logging_mixin.py:190} INFO - [2026-07-21T19:29:17.959+0000] {dag.py:3239} INFO - Sync 1 DAGs
[2026-07-21T19:29:17.973+0000] {logging_mixin.py:190} INFO - [2026-07-21T19:29:17.973+0000] {dag.py:4180} INFO - Setting next_dagrun for avito_to_raw_midraw to 2026-07-21 19:00:00+00:00, run_after=2026-07-21 20:00:00+00:00
[2026-07-21T19:29:17.984+0000] {processor.py:208} INFO - Processing /opt/airflow/dags/avito_to_raw_midraw.py took 0.065 seconds
[2026-07-21T19:29:48.193+0000] {processor.py:186} INFO - Started process (PID=286) to work on /opt/airflow/dags/avito_to_raw_midraw.py
[2026-07-21T19:29:48.193+0000] {processor.py:914} INFO - Processing file /opt/airflow/dags/avito_to_raw_midraw.py for tasks to queue
[2026-07-21T19:29:48.195+0000] {logging_mixin.py:190} INFO - [2026-07-21T19:29:48.195+0000] {dagbag.py:588} INFO - Filling up the DagBag from /opt/airflow/dags/avito_to_raw_midraw.py
[2026-07-21T19:29:48.215+0000] {processor.py:925} INFO - DAG(s) 'avito_to_raw_midraw' retrieved from /opt/airflow/dags/avito_to_raw_midraw.py
[2026-07-21T19:29:48.236+0000] {logging_mixin.py:190} INFO - [2026-07-21T19:29:48.235+0000] {dag.py:3239} INFO - Sync 1 DAGs
[2026-07-21T19:29:48.250+0000] {logging_mixin.py:190} INFO - [2026-07-21T19:29:48.250+0000] {dag.py:4180} INFO - Setting next_dagrun for avito_to_raw_midraw to 2026-07-21 19:00:00+00:00, run_after=2026-07-21 20:00:00+00:00
[2026-07-21T19:29:48.261+0000] {processor.py:208} INFO - Processing /opt/airflow/dags/avito_to_raw_midraw.py took 0.072 seconds
[2026-07-21T19:30:18.526+0000] {processor.py:186} INFO - Started process (PID=288) to work on /opt/airflow/dags/avito_to_raw_midraw.py
[2026-07-21T19:30:18.527+0000] {processor.py:914} INFO - Processing file /opt/airflow/dags/avito_to_raw_midraw.py for tasks to queue
[2026-07-21T19:30:18.531+0000] {logging_mixin.py:190} INFO - [2026-07-21T19:30:18.530+0000] {dagbag.py:588} INFO - Filling up the DagBag from /opt/airflow/dags/avito_to_raw_midraw.py
[2026-07-21T19:30:18.545+0000] {processor.py:925} INFO - DAG(s) 'avito_to_raw_midraw' retrieved from /opt/airflow/dags/avito_to_raw_midraw.py
[2026-07-21T19:30:18.567+0000] {logging_mixin.py:190} INFO - [2026-07-21T19:30:18.567+0000] {dag.py:3239} INFO - Sync 1 DAGs
[2026-07-21T19:30:18.580+0000] {logging_mixin.py:190} INFO - [2026-07-21T19:30:18.580+0000] {dag.py:4180} INFO - Setting next_dagrun for avito_to_raw_midraw to 2026-07-21 19:00:00+00:00, run_after=2026-07-21 20:00:00+00:00
[2026-07-21T19:30:18.590+0000] {processor.py:208} INFO - Processing /opt/airflow/dags/avito_to_raw_midraw.py took 0.069 seconds
[2026-07-21T19:30:48.821+0000] {processor.py:186} INFO - Started process (PID=290) to work on /opt/airflow/dags/avito_to_raw_midraw.py
[2026-07-21T19:30:48.821+0000] {processor.py:914} INFO - Processing file /opt/airflow/dags/avito_to_raw_midraw.py for tasks to queue
[2026-07-21T19:30:48.823+0000] {logging_mixin.py:190} INFO - [2026-07-21T19:30:48.823+0000] {dagbag.py:588} INFO - Filling up the DagBag from /opt/airflow/dags/avito_to_raw_midraw.py
[2026-07-21T19:30:48.840+0000] {processor.py:925} INFO - DAG(s) 'avito_to_raw_midraw' retrieved from /opt/airflow/dags/avito_to_raw_midraw.py
[2026-07-21T19:30:48.858+0000] {logging_mixin.py:190} INFO - [2026-07-21T19:30:48.858+0000] {dag.py:3239} INFO - Sync 1 DAGs
[2026-07-21T19:30:48.871+0000] {logging_mixin.py:190} INFO - [2026-07-21T19:30:48.871+0000] {dag.py:4180} INFO - Setting next_dagrun for avito_to_raw_midraw to 2026-07-21 19:00:00+00:00, run_after=2026-07-21 20:00:00+00:00
[2026-07-21T19:30:48.881+0000] {processor.py:208} INFO - Processing /opt/airflow/dags/avito_to_raw_midraw.py took 0.064 seconds
[2026-07-21T19:31:19.077+0000] {processor.py:186} INFO - Started process (PID=292) to work on /opt/airflow/dags/avito_to_raw_midraw.py
[2026-07-21T19:31:19.078+0000] {processor.py:914} INFO - Processing file /opt/airflow/dags/avito_to_raw_midraw.py for tasks to queue
[2026-07-21T19:31:19.080+0000] {logging_mixin.py:190} INFO - [2026-07-21T19:31:19.079+0000] {dagbag.py:588} INFO - Filling up the DagBag from /opt/airflow/dags/avito_to_raw_midraw.py
[2026-07-21T19:31:19.091+0000] {processor.py:925} INFO - DAG(s) 'avito_to_raw_midraw' retrieved from /opt/airflow/dags/avito_to_raw_midraw.py
[2026-07-21T19:31:19.109+0000] {logging_mixin.py:190} INFO - [2026-07-21T19:31:19.109+0000] {dag.py:3239} INFO - Sync 1 DAGs
[2026-07-21T19:31:19.123+0000] {logging_mixin.py:190} INFO - [2026-07-21T19:31:19.123+0000] {dag.py:4180} INFO - Setting next_dagrun for avito_to_raw_midraw to 2026-07-21 19:00:00+00:00, run_after=2026-07-21 20:00:00+00:00
[2026-07-21T19:31:19.136+0000] {processor.py:208} INFO - Processing /opt/airflow/dags/avito_to_raw_midraw.py took 0.062 seconds
[2026-07-21T19:31:49.502+0000] {processor.py:186} INFO - Started process (PID=294) to work on /opt/airflow/dags/avito_to_raw_midraw.py
[2026-07-21T19:31:49.503+0000] {processor.py:914} INFO - Processing file /opt/airflow/dags/avito_to_raw_midraw.py for tasks to queue
[2026-07-21T19:31:49.505+0000] {logging_mixin.py:190} INFO - [2026-07-21T19:31:49.505+0000] {dagbag.py:588} INFO - Filling up the DagBag from /opt/airflow/dags/avito_to_raw_midraw.py
[2026-07-21T19:31:49.522+0000] {processor.py:925} INFO - DAG(s) 'avito_to_raw_midraw' retrieved from /opt/airflow/dags/avito_to_raw_midraw.py
[2026-07-21T19:31:49.552+0000] {logging_mixin.py:190} INFO - [2026-07-21T19:31:49.552+0000] {dag.py:3239} INFO - Sync 1 DAGs
[2026-07-21T19:31:49.566+0000] {logging_mixin.py:190} INFO - [2026-07-21T19:31:49.566+0000] {dag.py:4180} INFO - Setting next_dagrun for avito_to_raw_midraw to 2026-07-21 19:00:00+00:00, run_after=2026-07-21 20:00:00+00:00
[2026-07-21T19:31:49.578+0000] {processor.py:208} INFO - Processing /opt/airflow/dags/avito_to_raw_midraw.py took 0.080 seconds
[2026-07-21T19:32:19.865+0000] {processor.py:186} INFO - Started process (PID=296) to work on /opt/airflow/dags/avito_to_raw_midraw.py
[2026-07-21T19:32:19.866+0000] {processor.py:914} INFO - Processing file /opt/airflow/dags/avito_to_raw_midraw.py for tasks to queue
[2026-07-21T19:32:19.868+0000] {logging_mixin.py:190} INFO - [2026-07-21T19:32:19.868+0000] {dagbag.py:588} INFO - Filling up the DagBag from /opt/airflow/dags/avito_to_raw_midraw.py
[2026-07-21T19:32:19.885+0000] {processor.py:925} INFO - DAG(s) 'avito_to_raw_midraw' retrieved from /opt/airflow/dags/avito_to_raw_midraw.py
[2026-07-21T19:32:19.901+0000] {logging_mixin.py:190} INFO - [2026-07-21T19:32:19.901+0000] {dag.py:3239} INFO - Sync 1 DAGs
[2026-07-21T19:32:19.917+0000] {logging_mixin.py:190} INFO - [2026-07-21T19:32:19.917+0000] {dag.py:4180} INFO - Setting next_dagrun for avito_to_raw_midraw to 2026-07-21 19:00:00+00:00, run_after=2026-07-21 20:00:00+00:00
[2026-07-21T19:32:19.929+0000] {processor.py:208} INFO - Processing /opt/airflow/dags/avito_to_raw_midraw.py took 0.068 seconds
[2026-07-21T19:32:50.158+0000] {processor.py:186} INFO - Started process (PID=298) to work on /opt/airflow/dags/avito_to_raw_midraw.py
[2026-07-21T19:32:50.158+0000] {processor.py:914} INFO - Processing file /opt/airflow/dags/avito_to_raw_midraw.py for tasks to queue
[2026-07-21T19:32:50.160+0000] {logging_mixin.py:190} INFO - [2026-07-21T19:32:50.160+0000] {dagbag.py:588} INFO - Filling up the DagBag from /opt/airflow/dags/avito_to_raw_midraw.py
[2026-07-21T19:32:50.180+0000] {processor.py:925} INFO - DAG(s) 'avito_to_raw_midraw' retrieved from /opt/airflow/dags/avito_to_raw_midraw.py
[2026-07-21T19:32:50.202+0000] {logging_mixin.py:190} INFO - [2026-07-21T19:32:50.202+0000] {dag.py:3239} INFO - Sync 1 DAGs
[2026-07-21T19:32:50.219+0000] {logging_mixin.py:190} INFO - [2026-07-21T19:32:50.219+0000] {dag.py:4180} INFO - Setting next_dagrun for avito_to_raw_midraw to 2026-07-21 19:00:00+00:00, run_after=2026-07-21 20:00:00+00:00
[2026-07-21T19:32:50.229+0000] {processor.py:208} INFO - Processing /opt/airflow/dags/avito_to_raw_midraw.py took 0.075 seconds
[2026-07-21T19:33:20.485+0000] {processor.py:186} INFO - Started process (PID=300) to work on /opt/airflow/dags/avito_to_raw_midraw.py
[2026-07-21T19:33:20.486+0000] {processor.py:914} INFO - Processing file /opt/airflow/dags/avito_to_raw_midraw.py for tasks to queue
[2026-07-21T19:33:20.487+0000] {logging_mixin.py:190} INFO - [2026-07-21T19:33:20.487+0000] {dagbag.py:588} INFO - Filling up the DagBag from /opt/airflow/dags/avito_to_raw_midraw.py
[2026-07-21T19:33:20.503+0000] {processor.py:925} INFO - DAG(s) 'avito_to_raw_midraw' retrieved from /opt/airflow/dags/avito_to_raw_midraw.py
[2026-07-21T19:33:20.519+0000] {logging_mixin.py:190} INFO - [2026-07-21T19:33:20.519+0000] {dag.py:3239} INFO - Sync 1 DAGs
[2026-07-21T19:33:20.534+0000] {logging_mixin.py:190} INFO - [2026-07-21T19:33:20.534+0000] {dag.py:4180} INFO - Setting next_dagrun for avito_to_raw_midraw to 2026-07-21 19:00:00+00:00, run_after=2026-07-21 20:00:00+00:00
[2026-07-21T19:33:20.545+0000] {processor.py:208} INFO - Processing /opt/airflow/dags/avito_to_raw_midraw.py took 0.063 seconds
[2026-07-21T19:33:50.839+0000] {processor.py:186} INFO - Started process (PID=302) to work on /opt/airflow/dags/avito_to_raw_midraw.py
[2026-07-21T19:33:50.840+0000] {processor.py:914} INFO - Processing file /opt/airflow/dags/avito_to_raw_midraw.py for tasks to queue
[2026-07-21T19:33:50.841+0000] {logging_mixin.py:190} INFO - [2026-07-21T19:33:50.841+0000] {dagbag.py:588} INFO - Filling up the DagBag from /opt/airflow/dags/avito_to_raw_midraw.py
[2026-07-21T19:33:50.854+0000] {processor.py:925} INFO - DAG(s) 'avito_to_raw_midraw' retrieved from /opt/airflow/dags/avito_to_raw_midraw.py
[2026-07-21T19:33:50.867+0000] {logging_mixin.py:190} INFO - [2026-07-21T19:33:50.867+0000] {dag.py:3239} INFO - Sync 1 DAGs
[2026-07-21T19:33:50.878+0000] {logging_mixin.py:190} INFO - [2026-07-21T19:33:50.878+0000] {dag.py:4180} INFO - Setting next_dagrun for avito_to_raw_midraw to 2026-07-21 19:00:00+00:00, run_after=2026-07-21 20:00:00+00:00
[2026-07-21T19:33:50.886+0000] {processor.py:208} INFO - Processing /opt/airflow/dags/avito_to_raw_midraw.py took 0.050 seconds
[2026-07-21T19:34:21.083+0000] {processor.py:186} INFO - Started process (PID=304) to work on /opt/airflow/dags/avito_to_raw_midraw.py
[2026-07-21T19:34:21.084+0000] {processor.py:914} INFO - Processing file /opt/airflow/dags/avito_to_raw_midraw.py for tasks to queue
[2026-07-21T19:34:21.086+0000] {logging_mixin.py:190} INFO - [2026-07-21T19:34:21.086+0000] {dagbag.py:588} INFO - Filling up the DagBag from /opt/airflow/dags/avito_to_raw_midraw.py
[2026-07-21T19:34:21.097+0000] {processor.py:925} INFO - DAG(s) 'avito_to_raw_midraw' retrieved from /opt/airflow/dags/avito_to_raw_midraw.py
[2026-07-21T19:34:21.116+0000] {logging_mixin.py:190} INFO - [2026-07-21T19:34:21.116+0000] {dag.py:3239} INFO - Sync 1 DAGs
[2026-07-21T19:34:21.128+0000] {logging_mixin.py:190} INFO - [2026-07-21T19:34:21.128+0000] {dag.py:4180} INFO - Setting next_dagrun for avito_to_raw_midraw to 2026-07-21 19:00:00+00:00, run_after=2026-07-21 20:00:00+00:00
[2026-07-21T19:34:21.138+0000] {processor.py:208} INFO - Processing /opt/airflow/dags/avito_to_raw_midraw.py took 0.058 seconds
[2026-07-21T19:34:51.388+0000] {processor.py:186} INFO - Started process (PID=306) to work on /opt/airflow/dags/avito_to_raw_midraw.py
[2026-07-21T19:34:51.390+0000] {processor.py:914} INFO - Processing file /opt/airflow/dags/avito_to_raw_midraw.py for tasks to queue
[2026-07-21T19:34:51.395+0000] {logging_mixin.py:190} INFO - [2026-07-21T19:34:51.394+0000] {dagbag.py:588} INFO - Filling up the DagBag from /opt/airflow/dags/avito_to_raw_midraw.py
[2026-07-21T19:34:51.438+0000] {processor.py:925} INFO - DAG(s) 'avito_to_raw_midraw' retrieved from /opt/airflow/dags/avito_to_raw_midraw.py
[2026-07-21T19:34:51.495+0000] {logging_mixin.py:190} INFO - [2026-07-21T19:34:51.494+0000] {dag.py:3239} INFO - Sync 1 DAGs
[2026-07-21T19:34:51.516+0000] {logging_mixin.py:190} INFO - [2026-07-21T19:34:51.516+0000] {dag.py:4180} INFO - Setting next_dagrun for avito_to_raw_midraw to 2026-07-21 19:00:00+00:00, run_after=2026-07-21 20:00:00+00:00
[2026-07-21T19:34:51.533+0000] {processor.py:208} INFO - Processing /opt/airflow/dags/avito_to_raw_midraw.py took 0.155 seconds
[2026-07-21T19:35:21.772+0000] {processor.py:186} INFO - Started process (PID=308) to work on /opt/airflow/dags/avito_to_raw_midraw.py
[2026-07-21T19:35:21.773+0000] {processor.py:914} INFO - Processing file /opt/airflow/dags/avito_to_raw_midraw.py for tasks to queue
[2026-07-21T19:35:21.775+0000] {logging_mixin.py:190} INFO - [2026-07-21T19:35:21.775+0000] {dagbag.py:588} INFO - Filling up the DagBag from /opt/airflow/dags/avito_to_raw_midraw.py
[2026-07-21T19:35:21.806+0000] {processor.py:925} INFO - DAG(s) 'avito_to_raw_midraw' retrieved from /opt/airflow/dags/avito_to_raw_midraw.py
[2026-07-21T19:35:21.829+0000] {logging_mixin.py:190} INFO - [2026-07-21T19:35:21.829+0000] {dag.py:3239} INFO - Sync 1 DAGs
[2026-07-21T19:35:21.851+0000] {logging_mixin.py:190} INFO - [2026-07-21T19:35:21.851+0000] {dag.py:4180} INFO - Setting next_dagrun for avito_to_raw_midraw to 2026-07-21 19:00:00+00:00, run_after=2026-07-21 20:00:00+00:00
[2026-07-21T19:35:21.863+0000] {processor.py:208} INFO - Processing /opt/airflow/dags/avito_to_raw_midraw.py took 0.097 seconds
[2026-07-21T20:06:06.927+0000] {processor.py:186} INFO - Started process (PID=310) to work on /opt/airflow/dags/avito_to_raw_midraw.py
[2026-07-21T20:06:06.928+0000] {processor.py:914} INFO - Processing file /opt/airflow/dags/avito_to_raw_midraw.py for tasks to queue
[2026-07-21T20:06:06.931+0000] {logging_mixin.py:190} INFO - [2026-07-21T20:06:06.930+0000] {dagbag.py:588} INFO - Filling up the DagBag from /opt/airflow/dags/avito_to_raw_midraw.py
[2026-07-21T20:06:06.955+0000] {processor.py:925} INFO - DAG(s) 'avito_to_raw_midraw' retrieved from /opt/airflow/dags/avito_to_raw_midraw.py
[2026-07-21T20:06:06.980+0000] {logging_mixin.py:190} INFO - [2026-07-21T20:06:06.980+0000] {dag.py:3239} INFO - Sync 1 DAGs
[2026-07-21T20:06:07.003+0000] {logging_mixin.py:190} INFO - [2026-07-21T20:06:07.002+0000] {dag.py:4180} INFO - Setting next_dagrun for avito_to_raw_midraw to 2026-07-21 19:00:00+00:00, run_after=2026-07-21 20:00:00+00:00
[2026-07-21T20:06:07.059+0000] {processor.py:208} INFO - Processing /opt/airflow/dags/avito_to_raw_midraw.py took 0.138 seconds
[2026-07-21T20:06:37.260+0000] {processor.py:186} INFO - Started process (PID=312) to work on /opt/airflow/dags/avito_to_raw_midraw.py
[2026-07-21T20:06:37.263+0000] {processor.py:914} INFO - Processing file /opt/airflow/dags/avito_to_raw_midraw.py for tasks to queue
[2026-07-21T20:06:37.266+0000] {logging_mixin.py:190} INFO - [2026-07-21T20:06:37.265+0000] {dagbag.py:588} INFO - Filling up the DagBag from /opt/airflow/dags/avito_to_raw_midraw.py
[2026-07-21T20:06:37.293+0000] {processor.py:925} INFO - DAG(s) 'avito_to_raw_midraw' retrieved from /opt/airflow/dags/avito_to_raw_midraw.py
[2026-07-21T20:06:37.327+0000] {logging_mixin.py:190} INFO - [2026-07-21T20:06:37.327+0000] {dag.py:3239} INFO - Sync 1 DAGs
[2026-07-21T20:06:37.350+0000] {logging_mixin.py:190} INFO - [2026-07-21T20:06:37.350+0000] {dag.py:4180} INFO - Setting next_dagrun for avito_to_raw_midraw to 2026-07-21 20:00:00+00:00, run_after=2026-07-21 21:00:00+00:00
[2026-07-21T20:06:37.362+0000] {processor.py:208} INFO - Processing /opt/airflow/dags/avito_to_raw_midraw.py took 0.109 seconds
[2026-07-21T20:07:07.591+0000] {processor.py:186} INFO - Started process (PID=314) to work on /opt/airflow/dags/avito_to_raw_midraw.py
[2026-07-21T20:07:07.592+0000] {processor.py:914} INFO - Processing file /opt/airflow/dags/avito_to_raw_midraw.py for tasks to queue
[2026-07-21T20:07:07.594+0000] {logging_mixin.py:190} INFO - [2026-07-21T20:07:07.594+0000] {dagbag.py:588} INFO - Filling up the DagBag from /opt/airflow/dags/avito_to_raw_midraw.py
[2026-07-21T20:07:07.612+0000] {processor.py:925} INFO - DAG(s) 'avito_to_raw_midraw' retrieved from /opt/airflow/dags/avito_to_raw_midraw.py
[2026-07-21T20:07:07.635+0000] {logging_mixin.py:190} INFO - [2026-07-21T20:07:07.635+0000] {dag.py:3239} INFO - Sync 1 DAGs
[2026-07-21T20:07:07.649+0000] {logging_mixin.py:190} INFO - [2026-07-21T20:07:07.648+0000] {dag.py:4180} INFO - Setting next_dagrun for avito_to_raw_midraw to 2026-07-21 20:00:00+00:00, run_after=2026-07-21 21:00:00+00:00
[2026-07-21T20:07:07.659+0000] {processor.py:208} INFO - Processing /opt/airflow/dags/avito_to_raw_midraw.py took 0.071 seconds
[2026-07-21T20:07:37.899+0000] {processor.py:186} INFO - Started process (PID=316) to work on /opt/airflow/dags/avito_to_raw_midraw.py
[2026-07-21T20:07:37.900+0000] {processor.py:914} INFO - Processing file /opt/airflow/dags/avito_to_raw_midraw.py for tasks to queue
[2026-07-21T20:07:37.902+0000] {logging_mixin.py:190} INFO - [2026-07-21T20:07:37.901+0000] {dagbag.py:588} INFO - Filling up the DagBag from /opt/airflow/dags/avito_to_raw_midraw.py
[2026-07-21T20:07:37.914+0000] {processor.py:925} INFO - DAG(s) 'avito_to_raw_midraw' retrieved from /opt/airflow/dags/avito_to_raw_midraw.py
[2026-07-21T20:07:37.933+0000] {logging_mixin.py:190} INFO - [2026-07-21T20:07:37.933+0000] {dag.py:3239} INFO - Sync 1 DAGs
[2026-07-21T20:07:37.942+0000] {logging_mixin.py:190} INFO - [2026-07-21T20:07:37.941+0000] {dag.py:4180} INFO - Setting next_dagrun for avito_to_raw_midraw to 2026-07-21 20:00:00+00:00, run_after=2026-07-21 21:00:00+00:00
[2026-07-21T20:07:37.950+0000] {processor.py:208} INFO - Processing /opt/airflow/dags/avito_to_raw_midraw.py took 0.054 seconds
[2026-07-21T20:08:08.168+0000] {processor.py:186} INFO - Started process (PID=318) to work on /opt/airflow/dags/avito_to_raw_midraw.py
[2026-07-21T20:08:08.169+0000] {processor.py:914} INFO - Processing file /opt/airflow/dags/avito_to_raw_midraw.py for tasks to queue
[2026-07-21T20:08:08.170+0000] {logging_mixin.py:190} INFO - [2026-07-21T20:08:08.170+0000] {dagbag.py:588} INFO - Filling up the DagBag from /opt/airflow/dags/avito_to_raw_midraw.py
[2026-07-21T20:08:08.181+0000] {processor.py:925} INFO - DAG(s) 'avito_to_raw_midraw' retrieved from /opt/airflow/dags/avito_to_raw_midraw.py
[2026-07-21T20:08:08.198+0000] {logging_mixin.py:190} INFO - [2026-07-21T20:08:08.198+0000] {dag.py:3239} INFO - Sync 1 DAGs
[2026-07-21T20:08:08.210+0000] {logging_mixin.py:190} INFO - [2026-07-21T20:08:08.209+0000] {dag.py:4180} INFO - Setting next_dagrun for avito_to_raw_midraw to 2026-07-21 20:00:00+00:00, run_after=2026-07-21 21:00:00+00:00
[2026-07-21T20:08:08.219+0000] {processor.py:208} INFO - Processing /opt/airflow/dags/avito_to_raw_midraw.py took 0.054 seconds
[2026-07-21T20:08:38.429+0000] {processor.py:186} INFO - Started process (PID=320) to work on /opt/airflow/dags/avito_to_raw_midraw.py
[2026-07-21T20:08:38.430+0000] {processor.py:914} INFO - Processing file /opt/airflow/dags/avito_to_raw_midraw.py for tasks to queue
[2026-07-21T20:08:38.432+0000] {logging_mixin.py:190} INFO - [2026-07-21T20:08:38.432+0000] {dagbag.py:588} INFO - Filling up the DagBag from /opt/airflow/dags/avito_to_raw_midraw.py
[2026-07-21T20:08:38.445+0000] {processor.py:925} INFO - DAG(s) 'avito_to_raw_midraw' retrieved from /opt/airflow/dags/avito_to_raw_midraw.py
[2026-07-21T20:08:38.460+0000] {logging_mixin.py:190} INFO - [2026-07-21T20:08:38.460+0000] {dag.py:3239} INFO - Sync 1 DAGs
[2026-07-21T20:08:38.472+0000] {logging_mixin.py:190} INFO - [2026-07-21T20:08:38.472+0000] {dag.py:4180} INFO - Setting next_dagrun for avito_to_raw_midraw to 2026-07-21 20:00:00+00:00, run_after=2026-07-21 21:00:00+00:00
[2026-07-21T20:08:38.480+0000] {processor.py:208} INFO - Processing /opt/airflow/dags/avito_to_raw_midraw.py took 0.054 seconds
[2026-07-21T20:09:08.761+0000] {processor.py:186} INFO - Started process (PID=322) to work on /opt/airflow/dags/avito_to_raw_midraw.py
[2026-07-21T20:09:08.762+0000] {processor.py:914} INFO - Processing file /opt/airflow/dags/avito_to_raw_midraw.py for tasks to queue
[2026-07-21T20:09:08.764+0000] {logging_mixin.py:190} INFO - [2026-07-21T20:09:08.763+0000] {dagbag.py:588} INFO - Filling up the DagBag from /opt/airflow/dags/avito_to_raw_midraw.py
[2026-07-21T20:09:08.775+0000] {processor.py:925} INFO - DAG(s) 'avito_to_raw_midraw' retrieved from /opt/airflow/dags/avito_to_raw_midraw.py
[2026-07-21T20:09:08.793+0000] {logging_mixin.py:190} INFO - [2026-07-21T20:09:08.793+0000] {dag.py:3239} INFO - Sync 1 DAGs
[2026-07-21T20:09:08.804+0000] {logging_mixin.py:190} INFO - [2026-07-21T20:09:08.804+0000] {dag.py:4180} INFO - Setting next_dagrun for avito_to_raw_midraw to 2026-07-21 20:00:00+00:00, run_after=2026-07-21 21:00:00+00:00
[2026-07-21T20:09:08.814+0000] {processor.py:208} INFO - Processing /opt/airflow/dags/avito_to_raw_midraw.py took 0.057 seconds
[2026-07-21T20:34:02.423+0000] {processor.py:186} INFO - Started process (PID=324) to work on /opt/airflow/dags/avito_to_raw_midraw.py
[2026-07-21T20:34:02.424+0000] {processor.py:914} INFO - Processing file /opt/airflow/dags/avito_to_raw_midraw.py for tasks to queue
[2026-07-21T20:34:02.426+0000] {logging_mixin.py:190} INFO - [2026-07-21T20:34:02.426+0000] {dagbag.py:588} INFO - Filling up the DagBag from /opt/airflow/dags/avito_to_raw_midraw.py
[2026-07-21T20:34:02.442+0000] {processor.py:925} INFO - DAG(s) 'avito_to_raw_midraw' retrieved from /opt/airflow/dags/avito_to_raw_midraw.py
[2026-07-21T20:34:02.462+0000] {logging_mixin.py:190} INFO - [2026-07-21T20:34:02.462+0000] {dag.py:3239} INFO - Sync 1 DAGs
[2026-07-21T20:34:02.476+0000] {logging_mixin.py:190} INFO - [2026-07-21T20:34:02.476+0000] {dag.py:4180} INFO - Setting next_dagrun for avito_to_raw_midraw to 2026-07-21 20:00:00+00:00, run_after=2026-07-21 21:00:00+00:00
[2026-07-21T20:34:02.486+0000] {processor.py:208} INFO - Processing /opt/airflow/dags/avito_to_raw_midraw.py took 0.066 seconds
[2026-07-21T21:09:04.836+0000] {processor.py:186} INFO - Started process (PID=326) to work on /opt/airflow/dags/avito_to_raw_midraw.py
[2026-07-21T21:09:04.837+0000] {processor.py:914} INFO - Processing file /opt/airflow/dags/avito_to_raw_midraw.py for tasks to queue
[2026-07-21T21:09:04.838+0000] {logging_mixin.py:190} INFO - [2026-07-21T21:09:04.838+0000] {dagbag.py:588} INFO - Filling up the DagBag from /opt/airflow/dags/avito_to_raw_midraw.py
[2026-07-21T21:09:04.855+0000] {processor.py:925} INFO - DAG(s) 'avito_to_raw_midraw' retrieved from /opt/airflow/dags/avito_to_raw_midraw.py
[2026-07-21T21:09:04.870+0000] {logging_mixin.py:190} INFO - [2026-07-21T21:09:04.870+0000] {dag.py:3239} INFO - Sync 1 DAGs
[2026-07-21T21:09:04.888+0000] {processor.py:208} INFO - Processing /opt/airflow/dags/avito_to_raw_midraw.py took 0.056 seconds
[2026-07-21T21:11:22.982+0000] {processor.py:186} INFO - Started process (PID=328) to work on /opt/airflow/dags/avito_to_raw_midraw.py
[2026-07-21T21:11:22.983+0000] {processor.py:914} INFO - Processing file /opt/airflow/dags/avito_to_raw_midraw.py for tasks to queue
[2026-07-21T21:11:22.984+0000] {logging_mixin.py:190} INFO - [2026-07-21T21:11:22.984+0000] {dagbag.py:588} INFO - Filling up the DagBag from /opt/airflow/dags/avito_to_raw_midraw.py
[2026-07-21T21:11:22.996+0000] {processor.py:925} INFO - DAG(s) 'avito_to_raw_midraw' retrieved from /opt/airflow/dags/avito_to_raw_midraw.py
[2026-07-21T21:11:23.011+0000] {logging_mixin.py:190} INFO - [2026-07-21T21:11:23.011+0000] {dag.py:3239} INFO - Sync 1 DAGs
[2026-07-21T21:11:23.021+0000] {logging_mixin.py:190} INFO - [2026-07-21T21:11:23.021+0000] {dag.py:4180} INFO - Setting next_dagrun for avito_to_raw_midraw to 2026-07-21 21:00:00+00:00, run_after=2026-07-21 22:00:00+00:00
[2026-07-21T21:11:23.032+0000] {processor.py:208} INFO - Processing /opt/airflow/dags/avito_to_raw_midraw.py took 0.052 seconds
[2026-07-21T21:11:53.372+0000] {processor.py:186} INFO - Started process (PID=330) to work on /opt/airflow/dags/avito_to_raw_midraw.py
[2026-07-21T21:11:53.373+0000] {processor.py:914} INFO - Processing file /opt/airflow/dags/avito_to_raw_midraw.py for tasks to queue
[2026-07-21T21:11:53.375+0000] {logging_mixin.py:190} INFO - [2026-07-21T21:11:53.375+0000] {dagbag.py:588} INFO - Filling up the DagBag from /opt/airflow/dags/avito_to_raw_midraw.py
[2026-07-21T21:11:53.395+0000] {processor.py:925} INFO - DAG(s) 'avito_to_raw_midraw' retrieved from /opt/airflow/dags/avito_to_raw_midraw.py
[2026-07-21T21:11:53.415+0000] {logging_mixin.py:190} INFO - [2026-07-21T21:11:53.415+0000] {dag.py:3239} INFO - Sync 1 DAGs
[2026-07-21T21:11:53.428+0000] {logging_mixin.py:190} INFO - [2026-07-21T21:11:53.428+0000] {dag.py:4180} INFO - Setting next_dagrun for avito_to_raw_midraw to 2026-07-21 21:00:00+00:00, run_after=2026-07-21 22:00:00+00:00
[2026-07-21T21:11:53.439+0000] {processor.py:208} INFO - Processing /opt/airflow/dags/avito_to_raw_midraw.py took 0.071 seconds
[2026-07-21T21:12:23.825+0000] {processor.py:186} INFO - Started process (PID=332) to work on /opt/airflow/dags/avito_to_raw_midraw.py
[2026-07-21T21:12:23.827+0000] {processor.py:914} INFO - Processing file /opt/airflow/dags/avito_to_raw_midraw.py for tasks to queue
[2026-07-21T21:12:23.829+0000] {logging_mixin.py:190} INFO - [2026-07-21T21:12:23.829+0000] {dagbag.py:588} INFO - Filling up the DagBag from /opt/airflow/dags/avito_to_raw_midraw.py
[2026-07-21T21:12:23.844+0000] {processor.py:925} INFO - DAG(s) 'avito_to_raw_midraw' retrieved from /opt/airflow/dags/avito_to_raw_midraw.py
[2026-07-21T21:12:23.864+0000] {logging_mixin.py:190} INFO - [2026-07-21T21:12:23.864+0000] {dag.py:3239} INFO - Sync 1 DAGs
[2026-07-21T21:12:23.880+0000] {logging_mixin.py:190} INFO - [2026-07-21T21:12:23.880+0000] {dag.py:4180} INFO - Setting next_dagrun for avito_to_raw_midraw to 2026-07-21 21:00:00+00:00, run_after=2026-07-21 22:00:00+00:00
[2026-07-21T21:12:23.891+0000] {processor.py:208} INFO - Processing /opt/airflow/dags/avito_to_raw_midraw.py took 0.070 seconds
[2026-07-21T22:00:07.571+0000] {processor.py:186} INFO - Started process (PID=334) to work on /opt/airflow/dags/avito_to_raw_midraw.py
[2026-07-21T22:00:07.572+0000] {processor.py:914} INFO - Processing file /opt/airflow/dags/avito_to_raw_midraw.py for tasks to queue
[2026-07-21T22:00:07.573+0000] {logging_mixin.py:190} INFO - [2026-07-21T22:00:07.573+0000] {dagbag.py:588} INFO - Filling up the DagBag from /opt/airflow/dags/avito_to_raw_midraw.py
[2026-07-21T22:00:07.589+0000] {processor.py:925} INFO - DAG(s) 'avito_to_raw_midraw' retrieved from /opt/airflow/dags/avito_to_raw_midraw.py
[2026-07-21T22:00:07.605+0000] {logging_mixin.py:190} INFO - [2026-07-21T22:00:07.605+0000] {dag.py:3239} INFO - Sync 1 DAGs
[2026-07-21T22:00:07.617+0000] {logging_mixin.py:190} INFO - [2026-07-21T22:00:07.617+0000] {dag.py:4180} INFO - Setting next_dagrun for avito_to_raw_midraw to 2026-07-21 21:00:00+00:00, run_after=2026-07-21 22:00:00+00:00
[2026-07-21T22:00:07.625+0000] {processor.py:208} INFO - Processing /opt/airflow/dags/avito_to_raw_midraw.py took 0.057 seconds
[2026-07-21T22:35:09.471+0000] {processor.py:186} INFO - Started process (PID=336) to work on /opt/airflow/dags/avito_to_raw_midraw.py
[2026-07-21T22:35:09.471+0000] {processor.py:914} INFO - Processing file /opt/airflow/dags/avito_to_raw_midraw.py for tasks to queue
[2026-07-21T22:35:09.473+0000] {logging_mixin.py:190} INFO - [2026-07-21T22:35:09.473+0000] {dagbag.py:588} INFO - Filling up the DagBag from /opt/airflow/dags/avito_to_raw_midraw.py
[2026-07-21T22:35:09.488+0000] {processor.py:925} INFO - DAG(s) 'avito_to_raw_midraw' retrieved from /opt/airflow/dags/avito_to_raw_midraw.py
[2026-07-21T22:35:09.506+0000] {logging_mixin.py:190} INFO - [2026-07-21T22:35:09.506+0000] {dag.py:3239} INFO - Sync 1 DAGs
[2026-07-21T22:35:09.518+0000] {logging_mixin.py:190} INFO - [2026-07-21T22:35:09.518+0000] {dag.py:4180} INFO - Setting next_dagrun for avito_to_raw_midraw to 2026-07-21 22:00:00+00:00, run_after=2026-07-21 23:00:00+00:00
[2026-07-21T22:35:09.531+0000] {processor.py:208} INFO - Processing /opt/airflow/dags/avito_to_raw_midraw.py took 0.064 seconds
[2026-07-21T23:25:33.867+0000] {processor.py:186} INFO - Started process (PID=338) to work on /opt/airflow/dags/avito_to_raw_midraw.py
[2026-07-21T23:25:33.868+0000] {processor.py:914} INFO - Processing file /opt/airflow/dags/avito_to_raw_midraw.py for tasks to queue
[2026-07-21T23:25:33.870+0000] {logging_mixin.py:190} INFO - [2026-07-21T23:25:33.870+0000] {dagbag.py:588} INFO - Filling up the DagBag from /opt/airflow/dags/avito_to_raw_midraw.py
[2026-07-21T23:25:33.885+0000] {processor.py:925} INFO - DAG(s) 'avito_to_raw_midraw' retrieved from /opt/airflow/dags/avito_to_raw_midraw.py
[2026-07-21T23:25:33.898+0000] {logging_mixin.py:190} INFO - [2026-07-21T23:25:33.897+0000] {dag.py:3239} INFO - Sync 1 DAGs
[2026-07-21T23:25:33.917+0000] {processor.py:208} INFO - Processing /opt/airflow/dags/avito_to_raw_midraw.py took 0.053 seconds
[2026-07-21T23:41:38.893+0000] {processor.py:186} INFO - Started process (PID=340) to work on /opt/airflow/dags/avito_to_raw_midraw.py
[2026-07-21T23:41:38.894+0000] {processor.py:914} INFO - Processing file /opt/airflow/dags/avito_to_raw_midraw.py for tasks to queue
[2026-07-21T23:41:38.895+0000] {logging_mixin.py:190} INFO - [2026-07-21T23:41:38.895+0000] {dagbag.py:588} INFO - Filling up the DagBag from /opt/airflow/dags/avito_to_raw_midraw.py
[2026-07-21T23:41:38.908+0000] {processor.py:925} INFO - DAG(s) 'avito_to_raw_midraw' retrieved from /opt/airflow/dags/avito_to_raw_midraw.py
[2026-07-21T23:41:38.925+0000] {logging_mixin.py:190} INFO - [2026-07-21T23:41:38.925+0000] {dag.py:3239} INFO - Sync 1 DAGs
[2026-07-21T23:41:38.940+0000] {logging_mixin.py:190} INFO - [2026-07-21T23:41:38.940+0000] {dag.py:4180} INFO - Setting next_dagrun for avito_to_raw_midraw to 2026-07-21 23:00:00+00:00, run_after=2026-07-22 00:00:00+00:00
[2026-07-21T23:41:38.950+0000] {processor.py:208} INFO - Processing /opt/airflow/dags/avito_to_raw_midraw.py took 0.060 seconds
[2026-07-21T23:59:47.977+0000] {processor.py:186} INFO - Started process (PID=342) to work on /opt/airflow/dags/avito_to_raw_midraw.py
[2026-07-21T23:59:47.977+0000] {processor.py:914} INFO - Processing file /opt/airflow/dags/avito_to_raw_midraw.py for tasks to queue
[2026-07-21T23:59:47.979+0000] {logging_mixin.py:190} INFO - [2026-07-21T23:59:47.979+0000] {dagbag.py:588} INFO - Filling up the DagBag from /opt/airflow/dags/avito_to_raw_midraw.py
[2026-07-21T23:59:47.995+0000] {processor.py:925} INFO - DAG(s) 'avito_to_raw_midraw' retrieved from /opt/airflow/dags/avito_to_raw_midraw.py
[2026-07-21T23:59:48.011+0000] {logging_mixin.py:190} INFO - [2026-07-21T23:59:48.011+0000] {dag.py:3239} INFO - Sync 1 DAGs
[2026-07-21T23:59:48.022+0000] {logging_mixin.py:190} INFO - [2026-07-21T23:59:48.022+0000] {dag.py:4180} INFO - Setting next_dagrun for avito_to_raw_midraw to 2026-07-21 23:00:00+00:00, run_after=2026-07-22 00:00:00+00:00
[2026-07-21T23:59:48.030+0000] {processor.py:208} INFO - Processing /opt/airflow/dags/avito_to_raw_midraw.py took 0.057 seconds
