[2026-07-21T18:27:40.103+0000] {processor.py:186} INFO - Started process (PID=39) to work on /opt/airflow/dags/synthetic_avito_to_raw_midraw.py
[2026-07-21T18:27:40.103+0000] {processor.py:914} INFO - Processing file /opt/airflow/dags/synthetic_avito_to_raw_midraw.py for tasks to queue
[2026-07-21T18:27:40.105+0000] {logging_mixin.py:190} INFO - [2026-07-21T18:27:40.105+0000] {dagbag.py:588} INFO - Filling up the DagBag from /opt/airflow/dags/synthetic_avito_to_raw_midraw.py
[2026-07-21T18:27:40.123+0000] {processor.py:925} INFO - DAG(s) 'synthetic_avito_to_raw_midraw' retrieved from /opt/airflow/dags/synthetic_avito_to_raw_midraw.py
[2026-07-21T18:27:40.144+0000] {logging_mixin.py:190} INFO - [2026-07-21T18:27:40.144+0000] {dag.py:3239} INFO - Sync 1 DAGs
[2026-07-21T18:27:40.161+0000] {logging_mixin.py:190} INFO - [2026-07-21T18:27:40.161+0000] {dag.py:4180} INFO - Setting next_dagrun for synthetic_avito_to_raw_midraw to 2026-07-21 17:00:00+00:00, run_after=2026-07-21 18:00:00+00:00
[2026-07-21T18:27:40.172+0000] {processor.py:208} INFO - Processing /opt/airflow/dags/synthetic_avito_to_raw_midraw.py took 0.076 seconds
[2026-07-21T18:28:10.381+0000] {processor.py:186} INFO - Started process (PID=41) to work on /opt/airflow/dags/synthetic_avito_to_raw_midraw.py
[2026-07-21T18:28:10.382+0000] {processor.py:914} INFO - Processing file /opt/airflow/dags/synthetic_avito_to_raw_midraw.py for tasks to queue
[2026-07-21T18:28:10.384+0000] {logging_mixin.py:190} INFO - [2026-07-21T18:28:10.384+0000] {dagbag.py:588} INFO - Filling up the DagBag from /opt/airflow/dags/synthetic_avito_to_raw_midraw.py
[2026-07-21T18:28:10.400+0000] {processor.py:925} INFO - DAG(s) 'synthetic_avito_to_raw_midraw' retrieved from /opt/airflow/dags/synthetic_avito_to_raw_midraw.py
[2026-07-21T18:28:10.417+0000] {logging_mixin.py:190} INFO - [2026-07-21T18:28:10.417+0000] {dag.py:3239} INFO - Sync 1 DAGs
[2026-07-21T18:28:10.430+0000] {logging_mixin.py:190} INFO - [2026-07-21T18:28:10.430+0000] {dag.py:4180} INFO - Setting next_dagrun for synthetic_avito_to_raw_midraw to 2026-07-21 17:00:00+00:00, run_after=2026-07-21 18:00:00+00:00
[2026-07-21T18:28:10.439+0000] {processor.py:208} INFO - Processing /opt/airflow/dags/synthetic_avito_to_raw_midraw.py took 0.062 seconds
[2026-07-21T18:28:40.636+0000] {processor.py:186} INFO - Started process (PID=43) to work on /opt/airflow/dags/synthetic_avito_to_raw_midraw.py
[2026-07-21T18:28:40.637+0000] {processor.py:914} INFO - Processing file /opt/airflow/dags/synthetic_avito_to_raw_midraw.py for tasks to queue
[2026-07-21T18:28:40.640+0000] {logging_mixin.py:190} INFO - [2026-07-21T18:28:40.640+0000] {dagbag.py:588} INFO - Filling up the DagBag from /opt/airflow/dags/synthetic_avito_to_raw_midraw.py
[2026-07-21T18:28:40.656+0000] {processor.py:925} INFO - DAG(s) 'synthetic_avito_to_raw_midraw' retrieved from /opt/airflow/dags/synthetic_avito_to_raw_midraw.py
[2026-07-21T18:28:40.676+0000] {logging_mixin.py:190} INFO - [2026-07-21T18:28:40.676+0000] {dag.py:3239} INFO - Sync 1 DAGs
[2026-07-21T18:28:40.689+0000] {logging_mixin.py:190} INFO - [2026-07-21T18:28:40.689+0000] {dag.py:4180} INFO - Setting next_dagrun for synthetic_avito_to_raw_midraw to 2026-07-21 17:00:00+00:00, run_after=2026-07-21 18:00:00+00:00
[2026-07-21T18:28:40.697+0000] {processor.py:208} INFO - Processing /opt/airflow/dags/synthetic_avito_to_raw_midraw.py took 0.067 seconds
[2026-07-21T18:29:10.904+0000] {processor.py:186} INFO - Started process (PID=45) to work on /opt/airflow/dags/synthetic_avito_to_raw_midraw.py
[2026-07-21T18:29:10.905+0000] {processor.py:914} INFO - Processing file /opt/airflow/dags/synthetic_avito_to_raw_midraw.py for tasks to queue
[2026-07-21T18:29:10.908+0000] {logging_mixin.py:190} INFO - [2026-07-21T18:29:10.907+0000] {dagbag.py:588} INFO - Filling up the DagBag from /opt/airflow/dags/synthetic_avito_to_raw_midraw.py
[2026-07-21T18:29:10.924+0000] {processor.py:925} INFO - DAG(s) 'synthetic_avito_to_raw_midraw' retrieved from /opt/airflow/dags/synthetic_avito_to_raw_midraw.py
[2026-07-21T18:29:10.939+0000] {logging_mixin.py:190} INFO - [2026-07-21T18:29:10.939+0000] {dag.py:3239} INFO - Sync 1 DAGs
[2026-07-21T18:29:10.951+0000] {logging_mixin.py:190} INFO - [2026-07-21T18:29:10.950+0000] {dag.py:4180} INFO - Setting next_dagrun for synthetic_avito_to_raw_midraw to 2026-07-21 17:00:00+00:00, run_after=2026-07-21 18:00:00+00:00
[2026-07-21T18:29:10.959+0000] {processor.py:208} INFO - Processing /opt/airflow/dags/synthetic_avito_to_raw_midraw.py took 0.058 seconds
[2026-07-21T18:29:41.167+0000] {processor.py:186} INFO - Started process (PID=47) to work on /opt/airflow/dags/synthetic_avito_to_raw_midraw.py
[2026-07-21T18:29:41.167+0000] {processor.py:914} INFO - Processing file /opt/airflow/dags/synthetic_avito_to_raw_midraw.py for tasks to queue
[2026-07-21T18:29:41.170+0000] {logging_mixin.py:190} INFO - [2026-07-21T18:29:41.169+0000] {dagbag.py:588} INFO - Filling up the DagBag from /opt/airflow/dags/synthetic_avito_to_raw_midraw.py
[2026-07-21T18:29:41.183+0000] {processor.py:925} INFO - DAG(s) 'synthetic_avito_to_raw_midraw' retrieved from /opt/airflow/dags/synthetic_avito_to_raw_midraw.py
[2026-07-21T18:29:41.201+0000] {logging_mixin.py:190} INFO - [2026-07-21T18:29:41.200+0000] {dag.py:3239} INFO - Sync 1 DAGs
[2026-07-21T18:29:41.213+0000] {logging_mixin.py:190} INFO - [2026-07-21T18:29:41.213+0000] {dag.py:4180} INFO - Setting next_dagrun for synthetic_avito_to_raw_midraw to 2026-07-21 17:00:00+00:00, run_after=2026-07-21 18:00:00+00:00
[2026-07-21T18:29:41.221+0000] {processor.py:208} INFO - Processing /opt/airflow/dags/synthetic_avito_to_raw_midraw.py took 0.058 seconds
[2026-07-21T18:30:11.487+0000] {processor.py:186} INFO - Started process (PID=49) to work on /opt/airflow/dags/synthetic_avito_to_raw_midraw.py
[2026-07-21T18:30:11.488+0000] {processor.py:914} INFO - Processing file /opt/airflow/dags/synthetic_avito_to_raw_midraw.py for tasks to queue
[2026-07-21T18:30:11.490+0000] {logging_mixin.py:190} INFO - [2026-07-21T18:30:11.490+0000] {dagbag.py:588} INFO - Filling up the DagBag from /opt/airflow/dags/synthetic_avito_to_raw_midraw.py
[2026-07-21T18:30:11.506+0000] {processor.py:925} INFO - DAG(s) 'synthetic_avito_to_raw_midraw' retrieved from /opt/airflow/dags/synthetic_avito_to_raw_midraw.py
[2026-07-21T18:30:11.523+0000] {logging_mixin.py:190} INFO - [2026-07-21T18:30:11.523+0000] {dag.py:3239} INFO - Sync 1 DAGs
[2026-07-21T18:30:11.535+0000] {logging_mixin.py:190} INFO - [2026-07-21T18:30:11.534+0000] {dag.py:4180} INFO - Setting next_dagrun for synthetic_avito_to_raw_midraw to 2026-07-21 17:00:00+00:00, run_after=2026-07-21 18:00:00+00:00
[2026-07-21T18:30:11.544+0000] {processor.py:208} INFO - Processing /opt/airflow/dags/synthetic_avito_to_raw_midraw.py took 0.062 seconds
[2026-07-21T18:30:41.754+0000] {processor.py:186} INFO - Started process (PID=51) to work on /opt/airflow/dags/synthetic_avito_to_raw_midraw.py
[2026-07-21T18:30:41.755+0000] {processor.py:914} INFO - Processing file /opt/airflow/dags/synthetic_avito_to_raw_midraw.py for tasks to queue
[2026-07-21T18:30:41.757+0000] {logging_mixin.py:190} INFO - [2026-07-21T18:30:41.756+0000] {dagbag.py:588} INFO - Filling up the DagBag from /opt/airflow/dags/synthetic_avito_to_raw_midraw.py
[2026-07-21T18:30:41.774+0000] {processor.py:925} INFO - DAG(s) 'synthetic_avito_to_raw_midraw' retrieved from /opt/airflow/dags/synthetic_avito_to_raw_midraw.py
[2026-07-21T18:30:41.796+0000] {logging_mixin.py:190} INFO - [2026-07-21T18:30:41.796+0000] {dag.py:3239} INFO - Sync 1 DAGs
[2026-07-21T18:30:41.812+0000] {logging_mixin.py:190} INFO - [2026-07-21T18:30:41.811+0000] {dag.py:4180} INFO - Setting next_dagrun for synthetic_avito_to_raw_midraw to 2026-07-21 17:00:00+00:00, run_after=2026-07-21 18:00:00+00:00
[2026-07-21T18:30:41.822+0000] {processor.py:208} INFO - Processing /opt/airflow/dags/synthetic_avito_to_raw_midraw.py took 0.073 seconds
[2026-07-21T18:31:12.047+0000] {processor.py:186} INFO - Started process (PID=53) to work on /opt/airflow/dags/synthetic_avito_to_raw_midraw.py
[2026-07-21T18:31:12.048+0000] {processor.py:914} INFO - Processing file /opt/airflow/dags/synthetic_avito_to_raw_midraw.py for tasks to queue
[2026-07-21T18:31:12.050+0000] {logging_mixin.py:190} INFO - [2026-07-21T18:31:12.050+0000] {dagbag.py:588} INFO - Filling up the DagBag from /opt/airflow/dags/synthetic_avito_to_raw_midraw.py
[2026-07-21T18:31:12.068+0000] {processor.py:925} INFO - DAG(s) 'synthetic_avito_to_raw_midraw' retrieved from /opt/airflow/dags/synthetic_avito_to_raw_midraw.py
[2026-07-21T18:31:12.090+0000] {logging_mixin.py:190} INFO - [2026-07-21T18:31:12.090+0000] {dag.py:3239} INFO - Sync 1 DAGs
[2026-07-21T18:31:12.103+0000] {logging_mixin.py:190} INFO - [2026-07-21T18:31:12.103+0000] {dag.py:4180} INFO - Setting next_dagrun for synthetic_avito_to_raw_midraw to 2026-07-21 17:00:00+00:00, run_after=2026-07-21 18:00:00+00:00
[2026-07-21T18:31:12.112+0000] {processor.py:208} INFO - Processing /opt/airflow/dags/synthetic_avito_to_raw_midraw.py took 0.072 seconds
[2026-07-21T18:31:42.328+0000] {processor.py:186} INFO - Started process (PID=55) to work on /opt/airflow/dags/synthetic_avito_to_raw_midraw.py
[2026-07-21T18:31:42.329+0000] {processor.py:914} INFO - Processing file /opt/airflow/dags/synthetic_avito_to_raw_midraw.py for tasks to queue
[2026-07-21T18:31:42.331+0000] {logging_mixin.py:190} INFO - [2026-07-21T18:31:42.330+0000] {dagbag.py:588} INFO - Filling up the DagBag from /opt/airflow/dags/synthetic_avito_to_raw_midraw.py
[2026-07-21T18:31:42.344+0000] {processor.py:925} INFO - DAG(s) 'synthetic_avito_to_raw_midraw' retrieved from /opt/airflow/dags/synthetic_avito_to_raw_midraw.py
[2026-07-21T18:31:42.358+0000] {logging_mixin.py:190} INFO - [2026-07-21T18:31:42.358+0000] {dag.py:3239} INFO - Sync 1 DAGs
[2026-07-21T18:31:42.369+0000] {logging_mixin.py:190} INFO - [2026-07-21T18:31:42.368+0000] {dag.py:4180} INFO - Setting next_dagrun for synthetic_avito_to_raw_midraw to 2026-07-21 17:00:00+00:00, run_after=2026-07-21 18:00:00+00:00
[2026-07-21T18:31:42.376+0000] {processor.py:208} INFO - Processing /opt/airflow/dags/synthetic_avito_to_raw_midraw.py took 0.051 seconds
[2026-07-21T18:32:12.586+0000] {processor.py:186} INFO - Started process (PID=57) to work on /opt/airflow/dags/synthetic_avito_to_raw_midraw.py
[2026-07-21T18:32:12.587+0000] {processor.py:914} INFO - Processing file /opt/airflow/dags/synthetic_avito_to_raw_midraw.py for tasks to queue
[2026-07-21T18:32:12.589+0000] {logging_mixin.py:190} INFO - [2026-07-21T18:32:12.588+0000] {dagbag.py:588} INFO - Filling up the DagBag from /opt/airflow/dags/synthetic_avito_to_raw_midraw.py
[2026-07-21T18:32:12.602+0000] {processor.py:925} INFO - DAG(s) 'synthetic_avito_to_raw_midraw' retrieved from /opt/airflow/dags/synthetic_avito_to_raw_midraw.py
[2026-07-21T18:32:12.620+0000] {logging_mixin.py:190} INFO - [2026-07-21T18:32:12.620+0000] {dag.py:3239} INFO - Sync 1 DAGs
[2026-07-21T18:32:12.633+0000] {logging_mixin.py:190} INFO - [2026-07-21T18:32:12.633+0000] {dag.py:4180} INFO - Setting next_dagrun for synthetic_avito_to_raw_midraw to 2026-07-21 17:00:00+00:00, run_after=2026-07-21 18:00:00+00:00
[2026-07-21T18:32:12.642+0000] {processor.py:208} INFO - Processing /opt/airflow/dags/synthetic_avito_to_raw_midraw.py took 0.062 seconds
[2026-07-21T18:32:42.870+0000] {processor.py:186} INFO - Started process (PID=59) to work on /opt/airflow/dags/synthetic_avito_to_raw_midraw.py
[2026-07-21T18:32:42.871+0000] {processor.py:914} INFO - Processing file /opt/airflow/dags/synthetic_avito_to_raw_midraw.py for tasks to queue
[2026-07-21T18:32:42.872+0000] {logging_mixin.py:190} INFO - [2026-07-21T18:32:42.872+0000] {dagbag.py:588} INFO - Filling up the DagBag from /opt/airflow/dags/synthetic_avito_to_raw_midraw.py
[2026-07-21T18:32:42.885+0000] {processor.py:925} INFO - DAG(s) 'synthetic_avito_to_raw_midraw' retrieved from /opt/airflow/dags/synthetic_avito_to_raw_midraw.py
[2026-07-21T18:32:42.900+0000] {logging_mixin.py:190} INFO - [2026-07-21T18:32:42.899+0000] {dag.py:3239} INFO - Sync 1 DAGs
[2026-07-21T18:32:42.910+0000] {logging_mixin.py:190} INFO - [2026-07-21T18:32:42.910+0000] {dag.py:4180} INFO - Setting next_dagrun for synthetic_avito_to_raw_midraw to 2026-07-21 17:00:00+00:00, run_after=2026-07-21 18:00:00+00:00
[2026-07-21T18:32:42.919+0000] {processor.py:208} INFO - Processing /opt/airflow/dags/synthetic_avito_to_raw_midraw.py took 0.053 seconds
[2026-07-21T18:33:13.165+0000] {processor.py:186} INFO - Started process (PID=61) to work on /opt/airflow/dags/synthetic_avito_to_raw_midraw.py
[2026-07-21T18:33:13.165+0000] {processor.py:914} INFO - Processing file /opt/airflow/dags/synthetic_avito_to_raw_midraw.py for tasks to queue
[2026-07-21T18:33:13.167+0000] {logging_mixin.py:190} INFO - [2026-07-21T18:33:13.167+0000] {dagbag.py:588} INFO - Filling up the DagBag from /opt/airflow/dags/synthetic_avito_to_raw_midraw.py
[2026-07-21T18:33:13.180+0000] {processor.py:925} INFO - DAG(s) 'synthetic_avito_to_raw_midraw' retrieved from /opt/airflow/dags/synthetic_avito_to_raw_midraw.py
[2026-07-21T18:33:13.196+0000] {logging_mixin.py:190} INFO - [2026-07-21T18:33:13.196+0000] {dag.py:3239} INFO - Sync 1 DAGs
[2026-07-21T18:33:13.208+0000] {logging_mixin.py:190} INFO - [2026-07-21T18:33:13.208+0000] {dag.py:4180} INFO - Setting next_dagrun for synthetic_avito_to_raw_midraw to 2026-07-21 17:00:00+00:00, run_after=2026-07-21 18:00:00+00:00
[2026-07-21T18:33:13.215+0000] {processor.py:208} INFO - Processing /opt/airflow/dags/synthetic_avito_to_raw_midraw.py took 0.053 seconds
[2026-07-21T18:33:43.430+0000] {processor.py:186} INFO - Started process (PID=63) to work on /opt/airflow/dags/synthetic_avito_to_raw_midraw.py
[2026-07-21T18:33:43.430+0000] {processor.py:914} INFO - Processing file /opt/airflow/dags/synthetic_avito_to_raw_midraw.py for tasks to queue
[2026-07-21T18:33:43.433+0000] {logging_mixin.py:190} INFO - [2026-07-21T18:33:43.433+0000] {dagbag.py:588} INFO - Filling up the DagBag from /opt/airflow/dags/synthetic_avito_to_raw_midraw.py
[2026-07-21T18:33:43.445+0000] {processor.py:925} INFO - DAG(s) 'synthetic_avito_to_raw_midraw' retrieved from /opt/airflow/dags/synthetic_avito_to_raw_midraw.py
[2026-07-21T18:33:43.460+0000] {logging_mixin.py:190} INFO - [2026-07-21T18:33:43.460+0000] {dag.py:3239} INFO - Sync 1 DAGs
[2026-07-21T18:33:43.471+0000] {logging_mixin.py:190} INFO - [2026-07-21T18:33:43.471+0000] {dag.py:4180} INFO - Setting next_dagrun for synthetic_avito_to_raw_midraw to 2026-07-21 17:00:00+00:00, run_after=2026-07-21 18:00:00+00:00
[2026-07-21T18:33:43.478+0000] {processor.py:208} INFO - Processing /opt/airflow/dags/synthetic_avito_to_raw_midraw.py took 0.053 seconds
[2026-07-21T18:34:13.679+0000] {processor.py:186} INFO - Started process (PID=65) to work on /opt/airflow/dags/synthetic_avito_to_raw_midraw.py
[2026-07-21T18:34:13.680+0000] {processor.py:914} INFO - Processing file /opt/airflow/dags/synthetic_avito_to_raw_midraw.py for tasks to queue
[2026-07-21T18:34:13.682+0000] {logging_mixin.py:190} INFO - [2026-07-21T18:34:13.682+0000] {dagbag.py:588} INFO - Filling up the DagBag from /opt/airflow/dags/synthetic_avito_to_raw_midraw.py
[2026-07-21T18:34:13.697+0000] {processor.py:925} INFO - DAG(s) 'synthetic_avito_to_raw_midraw' retrieved from /opt/airflow/dags/synthetic_avito_to_raw_midraw.py
[2026-07-21T18:34:13.717+0000] {logging_mixin.py:190} INFO - [2026-07-21T18:34:13.717+0000] {dag.py:3239} INFO - Sync 1 DAGs
[2026-07-21T18:34:13.730+0000] {logging_mixin.py:190} INFO - [2026-07-21T18:34:13.730+0000] {dag.py:4180} INFO - Setting next_dagrun for synthetic_avito_to_raw_midraw to 2026-07-21 17:00:00+00:00, run_after=2026-07-21 18:00:00+00:00
[2026-07-21T18:34:13.738+0000] {processor.py:208} INFO - Processing /opt/airflow/dags/synthetic_avito_to_raw_midraw.py took 0.064 seconds
[2026-07-21T18:34:43.959+0000] {processor.py:186} INFO - Started process (PID=67) to work on /opt/airflow/dags/synthetic_avito_to_raw_midraw.py
[2026-07-21T18:34:43.960+0000] {processor.py:914} INFO - Processing file /opt/airflow/dags/synthetic_avito_to_raw_midraw.py for tasks to queue
[2026-07-21T18:34:43.961+0000] {logging_mixin.py:190} INFO - [2026-07-21T18:34:43.961+0000] {dagbag.py:588} INFO - Filling up the DagBag from /opt/airflow/dags/synthetic_avito_to_raw_midraw.py
[2026-07-21T18:34:43.973+0000] {processor.py:925} INFO - DAG(s) 'synthetic_avito_to_raw_midraw' retrieved from /opt/airflow/dags/synthetic_avito_to_raw_midraw.py
[2026-07-21T18:34:43.988+0000] {logging_mixin.py:190} INFO - [2026-07-21T18:34:43.987+0000] {dag.py:3239} INFO - Sync 1 DAGs
[2026-07-21T18:34:43.998+0000] {logging_mixin.py:190} INFO - [2026-07-21T18:34:43.998+0000] {dag.py:4180} INFO - Setting next_dagrun for synthetic_avito_to_raw_midraw to 2026-07-21 17:00:00+00:00, run_after=2026-07-21 18:00:00+00:00
[2026-07-21T18:34:44.005+0000] {processor.py:208} INFO - Processing /opt/airflow/dags/synthetic_avito_to_raw_midraw.py took 0.049 seconds
[2026-07-21T18:35:14.230+0000] {processor.py:186} INFO - Started process (PID=69) to work on /opt/airflow/dags/synthetic_avito_to_raw_midraw.py
[2026-07-21T18:35:14.231+0000] {processor.py:914} INFO - Processing file /opt/airflow/dags/synthetic_avito_to_raw_midraw.py for tasks to queue
[2026-07-21T18:35:14.233+0000] {logging_mixin.py:190} INFO - [2026-07-21T18:35:14.233+0000] {dagbag.py:588} INFO - Filling up the DagBag from /opt/airflow/dags/synthetic_avito_to_raw_midraw.py
[2026-07-21T18:35:14.247+0000] {processor.py:925} INFO - DAG(s) 'synthetic_avito_to_raw_midraw' retrieved from /opt/airflow/dags/synthetic_avito_to_raw_midraw.py
[2026-07-21T18:35:14.262+0000] {logging_mixin.py:190} INFO - [2026-07-21T18:35:14.262+0000] {dag.py:3239} INFO - Sync 1 DAGs
[2026-07-21T18:35:14.275+0000] {logging_mixin.py:190} INFO - [2026-07-21T18:35:14.275+0000] {dag.py:4180} INFO - Setting next_dagrun for synthetic_avito_to_raw_midraw to 2026-07-21 17:00:00+00:00, run_after=2026-07-21 18:00:00+00:00
[2026-07-21T18:35:14.284+0000] {processor.py:208} INFO - Processing /opt/airflow/dags/synthetic_avito_to_raw_midraw.py took 0.057 seconds
[2026-07-21T18:35:44.482+0000] {processor.py:186} INFO - Started process (PID=71) to work on /opt/airflow/dags/synthetic_avito_to_raw_midraw.py
[2026-07-21T18:35:44.482+0000] {processor.py:914} INFO - Processing file /opt/airflow/dags/synthetic_avito_to_raw_midraw.py for tasks to queue
[2026-07-21T18:35:44.484+0000] {logging_mixin.py:190} INFO - [2026-07-21T18:35:44.484+0000] {dagbag.py:588} INFO - Filling up the DagBag from /opt/airflow/dags/synthetic_avito_to_raw_midraw.py
[2026-07-21T18:35:44.498+0000] {processor.py:925} INFO - DAG(s) 'synthetic_avito_to_raw_midraw' retrieved from /opt/airflow/dags/synthetic_avito_to_raw_midraw.py
[2026-07-21T18:35:44.513+0000] {logging_mixin.py:190} INFO - [2026-07-21T18:35:44.512+0000] {dag.py:3239} INFO - Sync 1 DAGs
[2026-07-21T18:35:44.523+0000] {logging_mixin.py:190} INFO - [2026-07-21T18:35:44.523+0000] {dag.py:4180} INFO - Setting next_dagrun for synthetic_avito_to_raw_midraw to 2026-07-21 17:00:00+00:00, run_after=2026-07-21 18:00:00+00:00
[2026-07-21T18:35:44.532+0000] {processor.py:208} INFO - Processing /opt/airflow/dags/synthetic_avito_to_raw_midraw.py took 0.055 seconds
[2026-07-21T18:36:14.725+0000] {processor.py:186} INFO - Started process (PID=73) to work on /opt/airflow/dags/synthetic_avito_to_raw_midraw.py
[2026-07-21T18:36:14.726+0000] {processor.py:914} INFO - Processing file /opt/airflow/dags/synthetic_avito_to_raw_midraw.py for tasks to queue
[2026-07-21T18:36:14.727+0000] {logging_mixin.py:190} INFO - [2026-07-21T18:36:14.727+0000] {dagbag.py:588} INFO - Filling up the DagBag from /opt/airflow/dags/synthetic_avito_to_raw_midraw.py
[2026-07-21T18:36:14.739+0000] {processor.py:925} INFO - DAG(s) 'synthetic_avito_to_raw_midraw' retrieved from /opt/airflow/dags/synthetic_avito_to_raw_midraw.py
[2026-07-21T18:36:14.755+0000] {logging_mixin.py:190} INFO - [2026-07-21T18:36:14.754+0000] {dag.py:3239} INFO - Sync 1 DAGs
[2026-07-21T18:36:14.768+0000] {logging_mixin.py:190} INFO - [2026-07-21T18:36:14.768+0000] {dag.py:4180} INFO - Setting next_dagrun for synthetic_avito_to_raw_midraw to 2026-07-21 17:00:00+00:00, run_after=2026-07-21 18:00:00+00:00
[2026-07-21T18:36:14.776+0000] {processor.py:208} INFO - Processing /opt/airflow/dags/synthetic_avito_to_raw_midraw.py took 0.054 seconds
[2026-07-21T18:36:45.062+0000] {processor.py:186} INFO - Started process (PID=75) to work on /opt/airflow/dags/synthetic_avito_to_raw_midraw.py
[2026-07-21T18:36:45.062+0000] {processor.py:914} INFO - Processing file /opt/airflow/dags/synthetic_avito_to_raw_midraw.py for tasks to queue
[2026-07-21T18:36:45.064+0000] {logging_mixin.py:190} INFO - [2026-07-21T18:36:45.064+0000] {dagbag.py:588} INFO - Filling up the DagBag from /opt/airflow/dags/synthetic_avito_to_raw_midraw.py
[2026-07-21T18:36:45.077+0000] {processor.py:925} INFO - DAG(s) 'synthetic_avito_to_raw_midraw' retrieved from /opt/airflow/dags/synthetic_avito_to_raw_midraw.py
[2026-07-21T18:36:45.099+0000] {logging_mixin.py:190} INFO - [2026-07-21T18:36:45.099+0000] {dag.py:3239} INFO - Sync 1 DAGs
[2026-07-21T18:36:45.111+0000] {logging_mixin.py:190} INFO - [2026-07-21T18:36:45.111+0000] {dag.py:4180} INFO - Setting next_dagrun for synthetic_avito_to_raw_midraw to 2026-07-21 17:00:00+00:00, run_after=2026-07-21 18:00:00+00:00
[2026-07-21T18:36:45.118+0000] {processor.py:208} INFO - Processing /opt/airflow/dags/synthetic_avito_to_raw_midraw.py took 0.060 seconds
[2026-07-21T18:37:15.367+0000] {processor.py:186} INFO - Started process (PID=77) to work on /opt/airflow/dags/synthetic_avito_to_raw_midraw.py
[2026-07-21T18:37:15.368+0000] {processor.py:914} INFO - Processing file /opt/airflow/dags/synthetic_avito_to_raw_midraw.py for tasks to queue
[2026-07-21T18:37:15.370+0000] {logging_mixin.py:190} INFO - [2026-07-21T18:37:15.370+0000] {dagbag.py:588} INFO - Filling up the DagBag from /opt/airflow/dags/synthetic_avito_to_raw_midraw.py
[2026-07-21T18:37:15.390+0000] {processor.py:925} INFO - DAG(s) 'synthetic_avito_to_raw_midraw' retrieved from /opt/airflow/dags/synthetic_avito_to_raw_midraw.py
[2026-07-21T18:37:15.414+0000] {logging_mixin.py:190} INFO - [2026-07-21T18:37:15.414+0000] {dag.py:3239} INFO - Sync 1 DAGs
[2026-07-21T18:37:15.427+0000] {logging_mixin.py:190} INFO - [2026-07-21T18:37:15.427+0000] {dag.py:4180} INFO - Setting next_dagrun for synthetic_avito_to_raw_midraw to 2026-07-21 17:00:00+00:00, run_after=2026-07-21 18:00:00+00:00
[2026-07-21T18:37:15.435+0000] {processor.py:208} INFO - Processing /opt/airflow/dags/synthetic_avito_to_raw_midraw.py took 0.073 seconds
[2026-07-21T18:37:45.696+0000] {processor.py:186} INFO - Started process (PID=79) to work on /opt/airflow/dags/synthetic_avito_to_raw_midraw.py
[2026-07-21T18:37:45.697+0000] {processor.py:914} INFO - Processing file /opt/airflow/dags/synthetic_avito_to_raw_midraw.py for tasks to queue
[2026-07-21T18:37:45.699+0000] {logging_mixin.py:190} INFO - [2026-07-21T18:37:45.699+0000] {dagbag.py:588} INFO - Filling up the DagBag from /opt/airflow/dags/synthetic_avito_to_raw_midraw.py
[2026-07-21T18:37:45.721+0000] {processor.py:925} INFO - DAG(s) 'synthetic_avito_to_raw_midraw' retrieved from /opt/airflow/dags/synthetic_avito_to_raw_midraw.py
[2026-07-21T18:37:45.754+0000] {logging_mixin.py:190} INFO - [2026-07-21T18:37:45.754+0000] {dag.py:3239} INFO - Sync 1 DAGs
[2026-07-21T18:37:45.775+0000] {logging_mixin.py:190} INFO - [2026-07-21T18:37:45.775+0000] {dag.py:4180} INFO - Setting next_dagrun for synthetic_avito_to_raw_midraw to 2026-07-21 17:00:00+00:00, run_after=2026-07-21 18:00:00+00:00
[2026-07-21T18:37:45.788+0000] {processor.py:208} INFO - Processing /opt/airflow/dags/synthetic_avito_to_raw_midraw.py took 0.098 seconds
[2026-07-21T18:38:15.933+0000] {processor.py:186} INFO - Started process (PID=81) to work on /opt/airflow/dags/synthetic_avito_to_raw_midraw.py
[2026-07-21T18:38:15.934+0000] {processor.py:914} INFO - Processing file /opt/airflow/dags/synthetic_avito_to_raw_midraw.py for tasks to queue
[2026-07-21T18:38:15.935+0000] {logging_mixin.py:190} INFO - [2026-07-21T18:38:15.935+0000] {dagbag.py:588} INFO - Filling up the DagBag from /opt/airflow/dags/synthetic_avito_to_raw_midraw.py
[2026-07-21T18:38:15.948+0000] {processor.py:925} INFO - DAG(s) 'synthetic_avito_to_raw_midraw' retrieved from /opt/airflow/dags/synthetic_avito_to_raw_midraw.py
[2026-07-21T18:38:15.964+0000] {logging_mixin.py:190} INFO - [2026-07-21T18:38:15.964+0000] {dag.py:3239} INFO - Sync 1 DAGs
[2026-07-21T18:38:15.975+0000] {logging_mixin.py:190} INFO - [2026-07-21T18:38:15.975+0000] {dag.py:4180} INFO - Setting next_dagrun for synthetic_avito_to_raw_midraw to 2026-07-21 17:00:00+00:00, run_after=2026-07-21 18:00:00+00:00
[2026-07-21T18:38:15.984+0000] {processor.py:208} INFO - Processing /opt/airflow/dags/synthetic_avito_to_raw_midraw.py took 0.054 seconds
[2026-07-21T18:38:46.295+0000] {processor.py:186} INFO - Started process (PID=83) to work on /opt/airflow/dags/synthetic_avito_to_raw_midraw.py
[2026-07-21T18:38:46.297+0000] {processor.py:914} INFO - Processing file /opt/airflow/dags/synthetic_avito_to_raw_midraw.py for tasks to queue
[2026-07-21T18:38:46.299+0000] {logging_mixin.py:190} INFO - [2026-07-21T18:38:46.299+0000] {dagbag.py:588} INFO - Filling up the DagBag from /opt/airflow/dags/synthetic_avito_to_raw_midraw.py
[2026-07-21T18:38:46.327+0000] {processor.py:925} INFO - DAG(s) 'synthetic_avito_to_raw_midraw' retrieved from /opt/airflow/dags/synthetic_avito_to_raw_midraw.py
[2026-07-21T18:38:46.345+0000] {logging_mixin.py:190} INFO - [2026-07-21T18:38:46.344+0000] {dag.py:3239} INFO - Sync 1 DAGs
[2026-07-21T18:38:46.359+0000] {logging_mixin.py:190} INFO - [2026-07-21T18:38:46.359+0000] {dag.py:4180} INFO - Setting next_dagrun for synthetic_avito_to_raw_midraw to 2026-07-21 17:00:00+00:00, run_after=2026-07-21 18:00:00+00:00
[2026-07-21T18:38:46.367+0000] {processor.py:208} INFO - Processing /opt/airflow/dags/synthetic_avito_to_raw_midraw.py took 0.079 seconds
[2026-07-21T18:39:16.577+0000] {processor.py:186} INFO - Started process (PID=85) to work on /opt/airflow/dags/synthetic_avito_to_raw_midraw.py
[2026-07-21T18:39:16.577+0000] {processor.py:914} INFO - Processing file /opt/airflow/dags/synthetic_avito_to_raw_midraw.py for tasks to queue
[2026-07-21T18:39:16.579+0000] {logging_mixin.py:190} INFO - [2026-07-21T18:39:16.579+0000] {dagbag.py:588} INFO - Filling up the DagBag from /opt/airflow/dags/synthetic_avito_to_raw_midraw.py
[2026-07-21T18:39:16.603+0000] {processor.py:925} INFO - DAG(s) 'synthetic_avito_to_raw_midraw' retrieved from /opt/airflow/dags/synthetic_avito_to_raw_midraw.py
[2026-07-21T18:39:16.618+0000] {logging_mixin.py:190} INFO - [2026-07-21T18:39:16.618+0000] {dag.py:3239} INFO - Sync 1 DAGs
[2026-07-21T18:39:16.630+0000] {logging_mixin.py:190} INFO - [2026-07-21T18:39:16.630+0000] {dag.py:4180} INFO - Setting next_dagrun for synthetic_avito_to_raw_midraw to 2026-07-21 17:00:00+00:00, run_after=2026-07-21 18:00:00+00:00
[2026-07-21T18:39:16.638+0000] {processor.py:208} INFO - Processing /opt/airflow/dags/synthetic_avito_to_raw_midraw.py took 0.065 seconds
[2026-07-21T18:39:46.867+0000] {processor.py:186} INFO - Started process (PID=87) to work on /opt/airflow/dags/synthetic_avito_to_raw_midraw.py
[2026-07-21T18:39:46.868+0000] {processor.py:914} INFO - Processing file /opt/airflow/dags/synthetic_avito_to_raw_midraw.py for tasks to queue
[2026-07-21T18:39:46.870+0000] {logging_mixin.py:190} INFO - [2026-07-21T18:39:46.870+0000] {dagbag.py:588} INFO - Filling up the DagBag from /opt/airflow/dags/synthetic_avito_to_raw_midraw.py
[2026-07-21T18:39:46.895+0000] {processor.py:925} INFO - DAG(s) 'synthetic_avito_to_raw_midraw' retrieved from /opt/airflow/dags/synthetic_avito_to_raw_midraw.py
[2026-07-21T18:39:46.914+0000] {logging_mixin.py:190} INFO - [2026-07-21T18:39:46.914+0000] {dag.py:3239} INFO - Sync 1 DAGs
[2026-07-21T18:39:46.927+0000] {logging_mixin.py:190} INFO - [2026-07-21T18:39:46.927+0000] {dag.py:4180} INFO - Setting next_dagrun for synthetic_avito_to_raw_midraw to 2026-07-21 17:00:00+00:00, run_after=2026-07-21 18:00:00+00:00
[2026-07-21T18:39:46.936+0000] {processor.py:208} INFO - Processing /opt/airflow/dags/synthetic_avito_to_raw_midraw.py took 0.074 seconds
[2026-07-21T18:40:17.158+0000] {processor.py:186} INFO - Started process (PID=89) to work on /opt/airflow/dags/synthetic_avito_to_raw_midraw.py
[2026-07-21T18:40:17.159+0000] {processor.py:914} INFO - Processing file /opt/airflow/dags/synthetic_avito_to_raw_midraw.py for tasks to queue
[2026-07-21T18:40:17.160+0000] {logging_mixin.py:190} INFO - [2026-07-21T18:40:17.160+0000] {dagbag.py:588} INFO - Filling up the DagBag from /opt/airflow/dags/synthetic_avito_to_raw_midraw.py
[2026-07-21T18:40:17.175+0000] {processor.py:925} INFO - DAG(s) 'synthetic_avito_to_raw_midraw' retrieved from /opt/airflow/dags/synthetic_avito_to_raw_midraw.py
[2026-07-21T18:40:17.191+0000] {logging_mixin.py:190} INFO - [2026-07-21T18:40:17.191+0000] {dag.py:3239} INFO - Sync 1 DAGs
[2026-07-21T18:40:17.202+0000] {logging_mixin.py:190} INFO - [2026-07-21T18:40:17.202+0000] {dag.py:4180} INFO - Setting next_dagrun for synthetic_avito_to_raw_midraw to 2026-07-21 17:00:00+00:00, run_after=2026-07-21 18:00:00+00:00
[2026-07-21T18:40:17.210+0000] {processor.py:208} INFO - Processing /opt/airflow/dags/synthetic_avito_to_raw_midraw.py took 0.056 seconds
[2026-07-21T18:40:47.441+0000] {processor.py:186} INFO - Started process (PID=91) to work on /opt/airflow/dags/synthetic_avito_to_raw_midraw.py
[2026-07-21T18:40:47.442+0000] {processor.py:914} INFO - Processing file /opt/airflow/dags/synthetic_avito_to_raw_midraw.py for tasks to queue
[2026-07-21T18:40:47.444+0000] {logging_mixin.py:190} INFO - [2026-07-21T18:40:47.443+0000] {dagbag.py:588} INFO - Filling up the DagBag from /opt/airflow/dags/synthetic_avito_to_raw_midraw.py
[2026-07-21T18:40:47.459+0000] {processor.py:925} INFO - DAG(s) 'synthetic_avito_to_raw_midraw' retrieved from /opt/airflow/dags/synthetic_avito_to_raw_midraw.py
[2026-07-21T18:40:47.474+0000] {logging_mixin.py:190} INFO - [2026-07-21T18:40:47.474+0000] {dag.py:3239} INFO - Sync 1 DAGs
[2026-07-21T18:40:47.485+0000] {logging_mixin.py:190} INFO - [2026-07-21T18:40:47.485+0000] {dag.py:4180} INFO - Setting next_dagrun for synthetic_avito_to_raw_midraw to 2026-07-21 17:00:00+00:00, run_after=2026-07-21 18:00:00+00:00
[2026-07-21T18:40:47.493+0000] {processor.py:208} INFO - Processing /opt/airflow/dags/synthetic_avito_to_raw_midraw.py took 0.055 seconds
[2026-07-21T18:41:17.731+0000] {processor.py:186} INFO - Started process (PID=93) to work on /opt/airflow/dags/synthetic_avito_to_raw_midraw.py
[2026-07-21T18:41:17.732+0000] {processor.py:914} INFO - Processing file /opt/airflow/dags/synthetic_avito_to_raw_midraw.py for tasks to queue
[2026-07-21T18:41:17.735+0000] {logging_mixin.py:190} INFO - [2026-07-21T18:41:17.735+0000] {dagbag.py:588} INFO - Filling up the DagBag from /opt/airflow/dags/synthetic_avito_to_raw_midraw.py
[2026-07-21T18:41:17.750+0000] {processor.py:925} INFO - DAG(s) 'synthetic_avito_to_raw_midraw' retrieved from /opt/airflow/dags/synthetic_avito_to_raw_midraw.py
[2026-07-21T18:41:17.768+0000] {logging_mixin.py:190} INFO - [2026-07-21T18:41:17.768+0000] {dag.py:3239} INFO - Sync 1 DAGs
[2026-07-21T18:41:17.781+0000] {logging_mixin.py:190} INFO - [2026-07-21T18:41:17.781+0000] {dag.py:4180} INFO - Setting next_dagrun for synthetic_avito_to_raw_midraw to 2026-07-21 17:00:00+00:00, run_after=2026-07-21 18:00:00+00:00
[2026-07-21T18:41:17.791+0000] {processor.py:208} INFO - Processing /opt/airflow/dags/synthetic_avito_to_raw_midraw.py took 0.066 seconds
[2026-07-21T18:41:48.007+0000] {processor.py:186} INFO - Started process (PID=95) to work on /opt/airflow/dags/synthetic_avito_to_raw_midraw.py
[2026-07-21T18:41:48.008+0000] {processor.py:914} INFO - Processing file /opt/airflow/dags/synthetic_avito_to_raw_midraw.py for tasks to queue
[2026-07-21T18:41:48.010+0000] {logging_mixin.py:190} INFO - [2026-07-21T18:41:48.010+0000] {dagbag.py:588} INFO - Filling up the DagBag from /opt/airflow/dags/synthetic_avito_to_raw_midraw.py
[2026-07-21T18:41:48.023+0000] {processor.py:925} INFO - DAG(s) 'synthetic_avito_to_raw_midraw' retrieved from /opt/airflow/dags/synthetic_avito_to_raw_midraw.py
[2026-07-21T18:41:48.038+0000] {logging_mixin.py:190} INFO - [2026-07-21T18:41:48.038+0000] {dag.py:3239} INFO - Sync 1 DAGs
[2026-07-21T18:41:48.049+0000] {logging_mixin.py:190} INFO - [2026-07-21T18:41:48.049+0000] {dag.py:4180} INFO - Setting next_dagrun for synthetic_avito_to_raw_midraw to 2026-07-21 17:00:00+00:00, run_after=2026-07-21 18:00:00+00:00
[2026-07-21T18:41:48.056+0000] {processor.py:208} INFO - Processing /opt/airflow/dags/synthetic_avito_to_raw_midraw.py took 0.052 seconds
[2026-07-21T18:42:18.354+0000] {processor.py:186} INFO - Started process (PID=97) to work on /opt/airflow/dags/synthetic_avito_to_raw_midraw.py
[2026-07-21T18:42:18.354+0000] {processor.py:914} INFO - Processing file /opt/airflow/dags/synthetic_avito_to_raw_midraw.py for tasks to queue
[2026-07-21T18:42:18.356+0000] {logging_mixin.py:190} INFO - [2026-07-21T18:42:18.355+0000] {dagbag.py:588} INFO - Filling up the DagBag from /opt/airflow/dags/synthetic_avito_to_raw_midraw.py
[2026-07-21T18:42:18.371+0000] {processor.py:925} INFO - DAG(s) 'synthetic_avito_to_raw_midraw' retrieved from /opt/airflow/dags/synthetic_avito_to_raw_midraw.py
[2026-07-21T18:42:18.387+0000] {logging_mixin.py:190} INFO - [2026-07-21T18:42:18.386+0000] {dag.py:3239} INFO - Sync 1 DAGs
[2026-07-21T18:42:18.397+0000] {logging_mixin.py:190} INFO - [2026-07-21T18:42:18.397+0000] {dag.py:4180} INFO - Setting next_dagrun for synthetic_avito_to_raw_midraw to 2026-07-21 17:00:00+00:00, run_after=2026-07-21 18:00:00+00:00
[2026-07-21T18:42:18.405+0000] {processor.py:208} INFO - Processing /opt/airflow/dags/synthetic_avito_to_raw_midraw.py took 0.056 seconds
[2026-07-21T18:42:48.690+0000] {processor.py:186} INFO - Started process (PID=99) to work on /opt/airflow/dags/synthetic_avito_to_raw_midraw.py
[2026-07-21T18:42:48.691+0000] {processor.py:914} INFO - Processing file /opt/airflow/dags/synthetic_avito_to_raw_midraw.py for tasks to queue
[2026-07-21T18:42:48.693+0000] {logging_mixin.py:190} INFO - [2026-07-21T18:42:48.693+0000] {dagbag.py:588} INFO - Filling up the DagBag from /opt/airflow/dags/synthetic_avito_to_raw_midraw.py
[2026-07-21T18:42:48.710+0000] {processor.py:925} INFO - DAG(s) 'synthetic_avito_to_raw_midraw' retrieved from /opt/airflow/dags/synthetic_avito_to_raw_midraw.py
[2026-07-21T18:42:48.729+0000] {logging_mixin.py:190} INFO - [2026-07-21T18:42:48.729+0000] {dag.py:3239} INFO - Sync 1 DAGs
[2026-07-21T18:42:48.743+0000] {logging_mixin.py:190} INFO - [2026-07-21T18:42:48.743+0000] {dag.py:4180} INFO - Setting next_dagrun for synthetic_avito_to_raw_midraw to 2026-07-21 17:00:00+00:00, run_after=2026-07-21 18:00:00+00:00
[2026-07-21T18:42:48.752+0000] {processor.py:208} INFO - Processing /opt/airflow/dags/synthetic_avito_to_raw_midraw.py took 0.067 seconds
[2026-07-21T18:43:18.965+0000] {processor.py:186} INFO - Started process (PID=101) to work on /opt/airflow/dags/synthetic_avito_to_raw_midraw.py
[2026-07-21T18:43:18.966+0000] {processor.py:914} INFO - Processing file /opt/airflow/dags/synthetic_avito_to_raw_midraw.py for tasks to queue
[2026-07-21T18:43:18.967+0000] {logging_mixin.py:190} INFO - [2026-07-21T18:43:18.967+0000] {dagbag.py:588} INFO - Filling up the DagBag from /opt/airflow/dags/synthetic_avito_to_raw_midraw.py
[2026-07-21T18:43:18.981+0000] {processor.py:925} INFO - DAG(s) 'synthetic_avito_to_raw_midraw' retrieved from /opt/airflow/dags/synthetic_avito_to_raw_midraw.py
[2026-07-21T18:43:18.998+0000] {logging_mixin.py:190} INFO - [2026-07-21T18:43:18.998+0000] {dag.py:3239} INFO - Sync 1 DAGs
[2026-07-21T18:43:19.009+0000] {logging_mixin.py:190} INFO - [2026-07-21T18:43:19.009+0000] {dag.py:4180} INFO - Setting next_dagrun for synthetic_avito_to_raw_midraw to 2026-07-21 17:00:00+00:00, run_after=2026-07-21 18:00:00+00:00
[2026-07-21T18:43:19.017+0000] {processor.py:208} INFO - Processing /opt/airflow/dags/synthetic_avito_to_raw_midraw.py took 0.056 seconds
[2026-07-21T18:43:49.261+0000] {processor.py:186} INFO - Started process (PID=103) to work on /opt/airflow/dags/synthetic_avito_to_raw_midraw.py
[2026-07-21T18:43:49.261+0000] {processor.py:914} INFO - Processing file /opt/airflow/dags/synthetic_avito_to_raw_midraw.py for tasks to queue
[2026-07-21T18:43:49.263+0000] {logging_mixin.py:190} INFO - [2026-07-21T18:43:49.263+0000] {dagbag.py:588} INFO - Filling up the DagBag from /opt/airflow/dags/synthetic_avito_to_raw_midraw.py
[2026-07-21T18:43:49.276+0000] {processor.py:925} INFO - DAG(s) 'synthetic_avito_to_raw_midraw' retrieved from /opt/airflow/dags/synthetic_avito_to_raw_midraw.py
[2026-07-21T18:43:49.294+0000] {logging_mixin.py:190} INFO - [2026-07-21T18:43:49.294+0000] {dag.py:3239} INFO - Sync 1 DAGs
[2026-07-21T18:43:49.306+0000] {logging_mixin.py:190} INFO - [2026-07-21T18:43:49.306+0000] {dag.py:4180} INFO - Setting next_dagrun for synthetic_avito_to_raw_midraw to 2026-07-21 17:00:00+00:00, run_after=2026-07-21 18:00:00+00:00
[2026-07-21T18:43:49.314+0000] {processor.py:208} INFO - Processing /opt/airflow/dags/synthetic_avito_to_raw_midraw.py took 0.057 seconds
[2026-07-21T18:44:19.554+0000] {processor.py:186} INFO - Started process (PID=105) to work on /opt/airflow/dags/synthetic_avito_to_raw_midraw.py
[2026-07-21T18:44:19.554+0000] {processor.py:914} INFO - Processing file /opt/airflow/dags/synthetic_avito_to_raw_midraw.py for tasks to queue
[2026-07-21T18:44:19.557+0000] {logging_mixin.py:190} INFO - [2026-07-21T18:44:19.556+0000] {dagbag.py:588} INFO - Filling up the DagBag from /opt/airflow/dags/synthetic_avito_to_raw_midraw.py
[2026-07-21T18:44:19.572+0000] {processor.py:925} INFO - DAG(s) 'synthetic_avito_to_raw_midraw' retrieved from /opt/airflow/dags/synthetic_avito_to_raw_midraw.py
[2026-07-21T18:44:19.588+0000] {logging_mixin.py:190} INFO - [2026-07-21T18:44:19.588+0000] {dag.py:3239} INFO - Sync 1 DAGs
[2026-07-21T18:44:19.599+0000] {logging_mixin.py:190} INFO - [2026-07-21T18:44:19.599+0000] {dag.py:4180} INFO - Setting next_dagrun for synthetic_avito_to_raw_midraw to 2026-07-21 17:00:00+00:00, run_after=2026-07-21 18:00:00+00:00
[2026-07-21T18:44:19.608+0000] {processor.py:208} INFO - Processing /opt/airflow/dags/synthetic_avito_to_raw_midraw.py took 0.058 seconds
[2026-07-21T18:44:49.953+0000] {processor.py:186} INFO - Started process (PID=107) to work on /opt/airflow/dags/synthetic_avito_to_raw_midraw.py
[2026-07-21T18:44:49.954+0000] {processor.py:914} INFO - Processing file /opt/airflow/dags/synthetic_avito_to_raw_midraw.py for tasks to queue
[2026-07-21T18:44:49.956+0000] {logging_mixin.py:190} INFO - [2026-07-21T18:44:49.956+0000] {dagbag.py:588} INFO - Filling up the DagBag from /opt/airflow/dags/synthetic_avito_to_raw_midraw.py
[2026-07-21T18:44:49.973+0000] {processor.py:925} INFO - DAG(s) 'synthetic_avito_to_raw_midraw' retrieved from /opt/airflow/dags/synthetic_avito_to_raw_midraw.py
[2026-07-21T18:44:49.993+0000] {logging_mixin.py:190} INFO - [2026-07-21T18:44:49.993+0000] {dag.py:3239} INFO - Sync 1 DAGs
[2026-07-21T18:44:50.007+0000] {logging_mixin.py:190} INFO - [2026-07-21T18:44:50.007+0000] {dag.py:4180} INFO - Setting next_dagrun for synthetic_avito_to_raw_midraw to 2026-07-21 17:00:00+00:00, run_after=2026-07-21 18:00:00+00:00
[2026-07-21T18:44:50.015+0000] {processor.py:208} INFO - Processing /opt/airflow/dags/synthetic_avito_to_raw_midraw.py took 0.066 seconds
[2026-07-21T18:45:20.317+0000] {processor.py:186} INFO - Started process (PID=109) to work on /opt/airflow/dags/synthetic_avito_to_raw_midraw.py
[2026-07-21T18:45:20.318+0000] {processor.py:914} INFO - Processing file /opt/airflow/dags/synthetic_avito_to_raw_midraw.py for tasks to queue
[2026-07-21T18:45:20.319+0000] {logging_mixin.py:190} INFO - [2026-07-21T18:45:20.319+0000] {dagbag.py:588} INFO - Filling up the DagBag from /opt/airflow/dags/synthetic_avito_to_raw_midraw.py
[2026-07-21T18:45:20.331+0000] {processor.py:925} INFO - DAG(s) 'synthetic_avito_to_raw_midraw' retrieved from /opt/airflow/dags/synthetic_avito_to_raw_midraw.py
[2026-07-21T18:45:20.347+0000] {logging_mixin.py:190} INFO - [2026-07-21T18:45:20.347+0000] {dag.py:3239} INFO - Sync 1 DAGs
[2026-07-21T18:45:20.358+0000] {logging_mixin.py:190} INFO - [2026-07-21T18:45:20.358+0000] {dag.py:4180} INFO - Setting next_dagrun for synthetic_avito_to_raw_midraw to 2026-07-21 17:00:00+00:00, run_after=2026-07-21 18:00:00+00:00
[2026-07-21T18:45:20.366+0000] {processor.py:208} INFO - Processing /opt/airflow/dags/synthetic_avito_to_raw_midraw.py took 0.052 seconds
[2026-07-21T18:45:50.743+0000] {processor.py:186} INFO - Started process (PID=111) to work on /opt/airflow/dags/synthetic_avito_to_raw_midraw.py
[2026-07-21T18:45:50.744+0000] {processor.py:914} INFO - Processing file /opt/airflow/dags/synthetic_avito_to_raw_midraw.py for tasks to queue
[2026-07-21T18:45:50.746+0000] {logging_mixin.py:190} INFO - [2026-07-21T18:45:50.746+0000] {dagbag.py:588} INFO - Filling up the DagBag from /opt/airflow/dags/synthetic_avito_to_raw_midraw.py
[2026-07-21T18:45:50.766+0000] {processor.py:925} INFO - DAG(s) 'synthetic_avito_to_raw_midraw' retrieved from /opt/airflow/dags/synthetic_avito_to_raw_midraw.py
[2026-07-21T18:45:50.794+0000] {logging_mixin.py:190} INFO - [2026-07-21T18:45:50.794+0000] {dag.py:3239} INFO - Sync 1 DAGs
[2026-07-21T18:45:50.811+0000] {logging_mixin.py:190} INFO - [2026-07-21T18:45:50.811+0000] {dag.py:4180} INFO - Setting next_dagrun for synthetic_avito_to_raw_midraw to 2026-07-21 17:00:00+00:00, run_after=2026-07-21 18:00:00+00:00
[2026-07-21T18:45:50.821+0000] {processor.py:208} INFO - Processing /opt/airflow/dags/synthetic_avito_to_raw_midraw.py took 0.085 seconds
[2026-07-21T18:46:21.104+0000] {processor.py:186} INFO - Started process (PID=113) to work on /opt/airflow/dags/synthetic_avito_to_raw_midraw.py
[2026-07-21T18:46:21.104+0000] {processor.py:914} INFO - Processing file /opt/airflow/dags/synthetic_avito_to_raw_midraw.py for tasks to queue
[2026-07-21T18:46:21.106+0000] {logging_mixin.py:190} INFO - [2026-07-21T18:46:21.106+0000] {dagbag.py:588} INFO - Filling up the DagBag from /opt/airflow/dags/synthetic_avito_to_raw_midraw.py
[2026-07-21T18:46:21.119+0000] {processor.py:925} INFO - DAG(s) 'synthetic_avito_to_raw_midraw' retrieved from /opt/airflow/dags/synthetic_avito_to_raw_midraw.py
[2026-07-21T18:46:21.137+0000] {logging_mixin.py:190} INFO - [2026-07-21T18:46:21.136+0000] {dag.py:3239} INFO - Sync 1 DAGs
[2026-07-21T18:46:21.148+0000] {logging_mixin.py:190} INFO - [2026-07-21T18:46:21.148+0000] {dag.py:4180} INFO - Setting next_dagrun for synthetic_avito_to_raw_midraw to 2026-07-21 17:00:00+00:00, run_after=2026-07-21 18:00:00+00:00
[2026-07-21T18:46:21.155+0000] {processor.py:208} INFO - Processing /opt/airflow/dags/synthetic_avito_to_raw_midraw.py took 0.056 seconds
[2026-07-21T18:46:51.516+0000] {processor.py:186} INFO - Started process (PID=115) to work on /opt/airflow/dags/synthetic_avito_to_raw_midraw.py
[2026-07-21T18:46:51.517+0000] {processor.py:914} INFO - Processing file /opt/airflow/dags/synthetic_avito_to_raw_midraw.py for tasks to queue
[2026-07-21T18:46:51.520+0000] {logging_mixin.py:190} INFO - [2026-07-21T18:46:51.520+0000] {dagbag.py:588} INFO - Filling up the DagBag from /opt/airflow/dags/synthetic_avito_to_raw_midraw.py
[2026-07-21T18:46:51.538+0000] {processor.py:925} INFO - DAG(s) 'synthetic_avito_to_raw_midraw' retrieved from /opt/airflow/dags/synthetic_avito_to_raw_midraw.py
[2026-07-21T18:46:51.560+0000] {logging_mixin.py:190} INFO - [2026-07-21T18:46:51.560+0000] {dag.py:3239} INFO - Sync 1 DAGs
[2026-07-21T18:46:51.577+0000] {logging_mixin.py:190} INFO - [2026-07-21T18:46:51.577+0000] {dag.py:4180} INFO - Setting next_dagrun for synthetic_avito_to_raw_midraw to 2026-07-21 17:00:00+00:00, run_after=2026-07-21 18:00:00+00:00
[2026-07-21T18:46:51.589+0000] {processor.py:208} INFO - Processing /opt/airflow/dags/synthetic_avito_to_raw_midraw.py took 0.079 seconds
[2026-07-21T18:47:21.908+0000] {processor.py:186} INFO - Started process (PID=117) to work on /opt/airflow/dags/synthetic_avito_to_raw_midraw.py
[2026-07-21T18:47:21.909+0000] {processor.py:914} INFO - Processing file /opt/airflow/dags/synthetic_avito_to_raw_midraw.py for tasks to queue
[2026-07-21T18:47:21.912+0000] {logging_mixin.py:190} INFO - [2026-07-21T18:47:21.912+0000] {dagbag.py:588} INFO - Filling up the DagBag from /opt/airflow/dags/synthetic_avito_to_raw_midraw.py
[2026-07-21T18:47:21.931+0000] {processor.py:925} INFO - DAG(s) 'synthetic_avito_to_raw_midraw' retrieved from /opt/airflow/dags/synthetic_avito_to_raw_midraw.py
[2026-07-21T18:47:21.951+0000] {logging_mixin.py:190} INFO - [2026-07-21T18:47:21.951+0000] {dag.py:3239} INFO - Sync 1 DAGs
[2026-07-21T18:47:21.966+0000] {logging_mixin.py:190} INFO - [2026-07-21T18:47:21.965+0000] {dag.py:4180} INFO - Setting next_dagrun for synthetic_avito_to_raw_midraw to 2026-07-21 17:00:00+00:00, run_after=2026-07-21 18:00:00+00:00
[2026-07-21T18:47:21.974+0000] {processor.py:208} INFO - Processing /opt/airflow/dags/synthetic_avito_to_raw_midraw.py took 0.075 seconds
[2026-07-21T18:47:52.241+0000] {processor.py:186} INFO - Started process (PID=119) to work on /opt/airflow/dags/synthetic_avito_to_raw_midraw.py
[2026-07-21T18:47:52.242+0000] {processor.py:914} INFO - Processing file /opt/airflow/dags/synthetic_avito_to_raw_midraw.py for tasks to queue
[2026-07-21T18:47:52.243+0000] {logging_mixin.py:190} INFO - [2026-07-21T18:47:52.243+0000] {dagbag.py:588} INFO - Filling up the DagBag from /opt/airflow/dags/synthetic_avito_to_raw_midraw.py
[2026-07-21T18:47:52.259+0000] {processor.py:925} INFO - DAG(s) 'synthetic_avito_to_raw_midraw' retrieved from /opt/airflow/dags/synthetic_avito_to_raw_midraw.py
[2026-07-21T18:47:52.277+0000] {logging_mixin.py:190} INFO - [2026-07-21T18:47:52.277+0000] {dag.py:3239} INFO - Sync 1 DAGs
[2026-07-21T18:47:52.292+0000] {logging_mixin.py:190} INFO - [2026-07-21T18:47:52.291+0000] {dag.py:4180} INFO - Setting next_dagrun for synthetic_avito_to_raw_midraw to 2026-07-21 17:00:00+00:00, run_after=2026-07-21 18:00:00+00:00
[2026-07-21T18:47:52.302+0000] {processor.py:208} INFO - Processing /opt/airflow/dags/synthetic_avito_to_raw_midraw.py took 0.066 seconds
[2026-07-21T18:48:22.528+0000] {processor.py:186} INFO - Started process (PID=121) to work on /opt/airflow/dags/synthetic_avito_to_raw_midraw.py
[2026-07-21T18:48:22.529+0000] {processor.py:914} INFO - Processing file /opt/airflow/dags/synthetic_avito_to_raw_midraw.py for tasks to queue
[2026-07-21T18:48:22.531+0000] {logging_mixin.py:190} INFO - [2026-07-21T18:48:22.530+0000] {dagbag.py:588} INFO - Filling up the DagBag from /opt/airflow/dags/synthetic_avito_to_raw_midraw.py
[2026-07-21T18:48:22.546+0000] {processor.py:925} INFO - DAG(s) 'synthetic_avito_to_raw_midraw' retrieved from /opt/airflow/dags/synthetic_avito_to_raw_midraw.py
[2026-07-21T18:48:22.563+0000] {logging_mixin.py:190} INFO - [2026-07-21T18:48:22.563+0000] {dag.py:3239} INFO - Sync 1 DAGs
[2026-07-21T18:48:22.576+0000] {logging_mixin.py:190} INFO - [2026-07-21T18:48:22.576+0000] {dag.py:4180} INFO - Setting next_dagrun for synthetic_avito_to_raw_midraw to 2026-07-21 17:00:00+00:00, run_after=2026-07-21 18:00:00+00:00
[2026-07-21T18:48:22.584+0000] {processor.py:208} INFO - Processing /opt/airflow/dags/synthetic_avito_to_raw_midraw.py took 0.060 seconds
[2026-07-21T18:48:52.809+0000] {processor.py:186} INFO - Started process (PID=123) to work on /opt/airflow/dags/synthetic_avito_to_raw_midraw.py
[2026-07-21T18:48:52.810+0000] {processor.py:914} INFO - Processing file /opt/airflow/dags/synthetic_avito_to_raw_midraw.py for tasks to queue
[2026-07-21T18:48:52.813+0000] {logging_mixin.py:190} INFO - [2026-07-21T18:48:52.812+0000] {dagbag.py:588} INFO - Filling up the DagBag from /opt/airflow/dags/synthetic_avito_to_raw_midraw.py
[2026-07-21T18:48:52.831+0000] {processor.py:925} INFO - DAG(s) 'synthetic_avito_to_raw_midraw' retrieved from /opt/airflow/dags/synthetic_avito_to_raw_midraw.py
[2026-07-21T18:48:52.857+0000] {logging_mixin.py:190} INFO - [2026-07-21T18:48:52.857+0000] {dag.py:3239} INFO - Sync 1 DAGs
[2026-07-21T18:48:52.873+0000] {logging_mixin.py:190} INFO - [2026-07-21T18:48:52.873+0000] {dag.py:4180} INFO - Setting next_dagrun for synthetic_avito_to_raw_midraw to 2026-07-21 17:00:00+00:00, run_after=2026-07-21 18:00:00+00:00
[2026-07-21T18:48:52.886+0000] {processor.py:208} INFO - Processing /opt/airflow/dags/synthetic_avito_to_raw_midraw.py took 0.083 seconds
[2026-07-21T18:49:23.071+0000] {processor.py:186} INFO - Started process (PID=125) to work on /opt/airflow/dags/synthetic_avito_to_raw_midraw.py
[2026-07-21T18:49:23.071+0000] {processor.py:914} INFO - Processing file /opt/airflow/dags/synthetic_avito_to_raw_midraw.py for tasks to queue
[2026-07-21T18:49:23.073+0000] {logging_mixin.py:190} INFO - [2026-07-21T18:49:23.072+0000] {dagbag.py:588} INFO - Filling up the DagBag from /opt/airflow/dags/synthetic_avito_to_raw_midraw.py
[2026-07-21T18:49:23.087+0000] {processor.py:925} INFO - DAG(s) 'synthetic_avito_to_raw_midraw' retrieved from /opt/airflow/dags/synthetic_avito_to_raw_midraw.py
[2026-07-21T18:49:23.102+0000] {logging_mixin.py:190} INFO - [2026-07-21T18:49:23.102+0000] {dag.py:3239} INFO - Sync 1 DAGs
[2026-07-21T18:49:23.114+0000] {logging_mixin.py:190} INFO - [2026-07-21T18:49:23.114+0000] {dag.py:4180} INFO - Setting next_dagrun for synthetic_avito_to_raw_midraw to 2026-07-21 17:00:00+00:00, run_after=2026-07-21 18:00:00+00:00
[2026-07-21T18:49:23.142+0000] {processor.py:208} INFO - Processing /opt/airflow/dags/synthetic_avito_to_raw_midraw.py took 0.074 seconds
[2026-07-21T18:49:53.419+0000] {processor.py:186} INFO - Started process (PID=127) to work on /opt/airflow/dags/synthetic_avito_to_raw_midraw.py
[2026-07-21T18:49:53.420+0000] {processor.py:914} INFO - Processing file /opt/airflow/dags/synthetic_avito_to_raw_midraw.py for tasks to queue
[2026-07-21T18:49:53.423+0000] {logging_mixin.py:190} INFO - [2026-07-21T18:49:53.422+0000] {dagbag.py:588} INFO - Filling up the DagBag from /opt/airflow/dags/synthetic_avito_to_raw_midraw.py
[2026-07-21T18:49:53.441+0000] {processor.py:925} INFO - DAG(s) 'synthetic_avito_to_raw_midraw' retrieved from /opt/airflow/dags/synthetic_avito_to_raw_midraw.py
[2026-07-21T18:49:53.465+0000] {logging_mixin.py:190} INFO - [2026-07-21T18:49:53.465+0000] {dag.py:3239} INFO - Sync 1 DAGs
[2026-07-21T18:49:53.484+0000] {logging_mixin.py:190} INFO - [2026-07-21T18:49:53.484+0000] {dag.py:4180} INFO - Setting next_dagrun for synthetic_avito_to_raw_midraw to 2026-07-21 17:00:00+00:00, run_after=2026-07-21 18:00:00+00:00
[2026-07-21T18:49:53.498+0000] {processor.py:208} INFO - Processing /opt/airflow/dags/synthetic_avito_to_raw_midraw.py took 0.086 seconds
[2026-07-21T18:50:23.727+0000] {processor.py:186} INFO - Started process (PID=129) to work on /opt/airflow/dags/synthetic_avito_to_raw_midraw.py
[2026-07-21T18:50:23.728+0000] {processor.py:914} INFO - Processing file /opt/airflow/dags/synthetic_avito_to_raw_midraw.py for tasks to queue
[2026-07-21T18:50:23.731+0000] {logging_mixin.py:190} INFO - [2026-07-21T18:50:23.731+0000] {dagbag.py:588} INFO - Filling up the DagBag from /opt/airflow/dags/synthetic_avito_to_raw_midraw.py
[2026-07-21T18:50:23.750+0000] {processor.py:925} INFO - DAG(s) 'synthetic_avito_to_raw_midraw' retrieved from /opt/airflow/dags/synthetic_avito_to_raw_midraw.py
[2026-07-21T18:50:23.772+0000] {logging_mixin.py:190} INFO - [2026-07-21T18:50:23.772+0000] {dag.py:3239} INFO - Sync 1 DAGs
[2026-07-21T18:50:23.788+0000] {logging_mixin.py:190} INFO - [2026-07-21T18:50:23.788+0000] {dag.py:4180} INFO - Setting next_dagrun for synthetic_avito_to_raw_midraw to 2026-07-21 17:00:00+00:00, run_after=2026-07-21 18:00:00+00:00
[2026-07-21T18:50:23.800+0000] {processor.py:208} INFO - Processing /opt/airflow/dags/synthetic_avito_to_raw_midraw.py took 0.080 seconds
[2026-07-21T18:50:54.036+0000] {processor.py:186} INFO - Started process (PID=131) to work on /opt/airflow/dags/synthetic_avito_to_raw_midraw.py
[2026-07-21T18:50:54.038+0000] {processor.py:914} INFO - Processing file /opt/airflow/dags/synthetic_avito_to_raw_midraw.py for tasks to queue
[2026-07-21T18:50:54.039+0000] {logging_mixin.py:190} INFO - [2026-07-21T18:50:54.039+0000] {dagbag.py:588} INFO - Filling up the DagBag from /opt/airflow/dags/synthetic_avito_to_raw_midraw.py
[2026-07-21T18:50:54.050+0000] {processor.py:925} INFO - DAG(s) 'synthetic_avito_to_raw_midraw' retrieved from /opt/airflow/dags/synthetic_avito_to_raw_midraw.py
[2026-07-21T18:50:54.069+0000] {logging_mixin.py:190} INFO - [2026-07-21T18:50:54.069+0000] {dag.py:3239} INFO - Sync 1 DAGs
[2026-07-21T18:50:54.083+0000] {logging_mixin.py:190} INFO - [2026-07-21T18:50:54.083+0000] {dag.py:4180} INFO - Setting next_dagrun for synthetic_avito_to_raw_midraw to 2026-07-21 17:00:00+00:00, run_after=2026-07-21 18:00:00+00:00
[2026-07-21T18:50:54.096+0000] {processor.py:208} INFO - Processing /opt/airflow/dags/synthetic_avito_to_raw_midraw.py took 0.063 seconds
[2026-07-21T18:51:24.346+0000] {processor.py:186} INFO - Started process (PID=133) to work on /opt/airflow/dags/synthetic_avito_to_raw_midraw.py
[2026-07-21T18:51:24.347+0000] {processor.py:914} INFO - Processing file /opt/airflow/dags/synthetic_avito_to_raw_midraw.py for tasks to queue
[2026-07-21T18:51:24.350+0000] {logging_mixin.py:190} INFO - [2026-07-21T18:51:24.350+0000] {dagbag.py:588} INFO - Filling up the DagBag from /opt/airflow/dags/synthetic_avito_to_raw_midraw.py
[2026-07-21T18:51:24.367+0000] {processor.py:925} INFO - DAG(s) 'synthetic_avito_to_raw_midraw' retrieved from /opt/airflow/dags/synthetic_avito_to_raw_midraw.py
[2026-07-21T18:51:24.385+0000] {logging_mixin.py:190} INFO - [2026-07-21T18:51:24.384+0000] {dag.py:3239} INFO - Sync 1 DAGs
[2026-07-21T18:51:24.399+0000] {logging_mixin.py:190} INFO - [2026-07-21T18:51:24.398+0000] {dag.py:4180} INFO - Setting next_dagrun for synthetic_avito_to_raw_midraw to 2026-07-21 17:00:00+00:00, run_after=2026-07-21 18:00:00+00:00
[2026-07-21T18:51:24.409+0000] {processor.py:208} INFO - Processing /opt/airflow/dags/synthetic_avito_to_raw_midraw.py took 0.069 seconds
[2026-07-21T18:51:54.601+0000] {processor.py:186} INFO - Started process (PID=135) to work on /opt/airflow/dags/synthetic_avito_to_raw_midraw.py
[2026-07-21T18:51:54.601+0000] {processor.py:914} INFO - Processing file /opt/airflow/dags/synthetic_avito_to_raw_midraw.py for tasks to queue
[2026-07-21T18:51:54.603+0000] {logging_mixin.py:190} INFO - [2026-07-21T18:51:54.603+0000] {dagbag.py:588} INFO - Filling up the DagBag from /opt/airflow/dags/synthetic_avito_to_raw_midraw.py
[2026-07-21T18:51:54.617+0000] {processor.py:925} INFO - DAG(s) 'synthetic_avito_to_raw_midraw' retrieved from /opt/airflow/dags/synthetic_avito_to_raw_midraw.py
[2026-07-21T18:51:54.637+0000] {logging_mixin.py:190} INFO - [2026-07-21T18:51:54.636+0000] {dag.py:3239} INFO - Sync 1 DAGs
[2026-07-21T18:51:54.651+0000] {logging_mixin.py:190} INFO - [2026-07-21T18:51:54.650+0000] {dag.py:4180} INFO - Setting next_dagrun for synthetic_avito_to_raw_midraw to 2026-07-21 17:00:00+00:00, run_after=2026-07-21 18:00:00+00:00
[2026-07-21T18:51:54.664+0000] {processor.py:208} INFO - Processing /opt/airflow/dags/synthetic_avito_to_raw_midraw.py took 0.068 seconds
[2026-07-21T18:52:24.897+0000] {processor.py:186} INFO - Started process (PID=137) to work on /opt/airflow/dags/synthetic_avito_to_raw_midraw.py
[2026-07-21T18:52:24.898+0000] {processor.py:914} INFO - Processing file /opt/airflow/dags/synthetic_avito_to_raw_midraw.py for tasks to queue
[2026-07-21T18:52:24.902+0000] {logging_mixin.py:190} INFO - [2026-07-21T18:52:24.901+0000] {dagbag.py:588} INFO - Filling up the DagBag from /opt/airflow/dags/synthetic_avito_to_raw_midraw.py
[2026-07-21T18:52:24.921+0000] {processor.py:925} INFO - DAG(s) 'synthetic_avito_to_raw_midraw' retrieved from /opt/airflow/dags/synthetic_avito_to_raw_midraw.py
[2026-07-21T18:52:24.948+0000] {logging_mixin.py:190} INFO - [2026-07-21T18:52:24.948+0000] {dag.py:3239} INFO - Sync 1 DAGs
[2026-07-21T18:52:24.967+0000] {logging_mixin.py:190} INFO - [2026-07-21T18:52:24.967+0000] {dag.py:4180} INFO - Setting next_dagrun for synthetic_avito_to_raw_midraw to 2026-07-21 17:00:00+00:00, run_after=2026-07-21 18:00:00+00:00
[2026-07-21T18:52:24.977+0000] {processor.py:208} INFO - Processing /opt/airflow/dags/synthetic_avito_to_raw_midraw.py took 0.086 seconds
[2026-07-21T18:52:55.170+0000] {processor.py:186} INFO - Started process (PID=139) to work on /opt/airflow/dags/synthetic_avito_to_raw_midraw.py
[2026-07-21T18:52:55.172+0000] {processor.py:914} INFO - Processing file /opt/airflow/dags/synthetic_avito_to_raw_midraw.py for tasks to queue
[2026-07-21T18:52:55.174+0000] {logging_mixin.py:190} INFO - [2026-07-21T18:52:55.174+0000] {dagbag.py:588} INFO - Filling up the DagBag from /opt/airflow/dags/synthetic_avito_to_raw_midraw.py
[2026-07-21T18:52:55.192+0000] {processor.py:925} INFO - DAG(s) 'synthetic_avito_to_raw_midraw' retrieved from /opt/airflow/dags/synthetic_avito_to_raw_midraw.py
[2026-07-21T18:52:55.209+0000] {logging_mixin.py:190} INFO - [2026-07-21T18:52:55.209+0000] {dag.py:3239} INFO - Sync 1 DAGs
[2026-07-21T18:52:55.232+0000] {logging_mixin.py:190} INFO - [2026-07-21T18:52:55.232+0000] {dag.py:4180} INFO - Setting next_dagrun for synthetic_avito_to_raw_midraw to 2026-07-21 17:00:00+00:00, run_after=2026-07-21 18:00:00+00:00
[2026-07-21T18:52:55.247+0000] {processor.py:208} INFO - Processing /opt/airflow/dags/synthetic_avito_to_raw_midraw.py took 0.081 seconds
[2026-07-21T18:53:25.545+0000] {processor.py:186} INFO - Started process (PID=141) to work on /opt/airflow/dags/synthetic_avito_to_raw_midraw.py
[2026-07-21T18:53:25.546+0000] {processor.py:914} INFO - Processing file /opt/airflow/dags/synthetic_avito_to_raw_midraw.py for tasks to queue
[2026-07-21T18:53:25.549+0000] {logging_mixin.py:190} INFO - [2026-07-21T18:53:25.549+0000] {dagbag.py:588} INFO - Filling up the DagBag from /opt/airflow/dags/synthetic_avito_to_raw_midraw.py
[2026-07-21T18:53:25.569+0000] {processor.py:925} INFO - DAG(s) 'synthetic_avito_to_raw_midraw' retrieved from /opt/airflow/dags/synthetic_avito_to_raw_midraw.py
[2026-07-21T18:53:25.589+0000] {logging_mixin.py:190} INFO - [2026-07-21T18:53:25.589+0000] {dag.py:3239} INFO - Sync 1 DAGs
[2026-07-21T18:53:25.606+0000] {logging_mixin.py:190} INFO - [2026-07-21T18:53:25.606+0000] {dag.py:4180} INFO - Setting next_dagrun for synthetic_avito_to_raw_midraw to 2026-07-21 17:00:00+00:00, run_after=2026-07-21 18:00:00+00:00
[2026-07-21T18:53:25.618+0000] {processor.py:208} INFO - Processing /opt/airflow/dags/synthetic_avito_to_raw_midraw.py took 0.081 seconds
[2026-07-21T18:53:55.859+0000] {processor.py:186} INFO - Started process (PID=143) to work on /opt/airflow/dags/synthetic_avito_to_raw_midraw.py
[2026-07-21T18:53:55.859+0000] {processor.py:914} INFO - Processing file /opt/airflow/dags/synthetic_avito_to_raw_midraw.py for tasks to queue
[2026-07-21T18:53:55.861+0000] {logging_mixin.py:190} INFO - [2026-07-21T18:53:55.861+0000] {dagbag.py:588} INFO - Filling up the DagBag from /opt/airflow/dags/synthetic_avito_to_raw_midraw.py
[2026-07-21T18:53:55.874+0000] {processor.py:925} INFO - DAG(s) 'synthetic_avito_to_raw_midraw' retrieved from /opt/airflow/dags/synthetic_avito_to_raw_midraw.py
[2026-07-21T18:53:55.894+0000] {logging_mixin.py:190} INFO - [2026-07-21T18:53:55.894+0000] {dag.py:3239} INFO - Sync 1 DAGs
[2026-07-21T18:53:55.911+0000] {logging_mixin.py:190} INFO - [2026-07-21T18:53:55.911+0000] {dag.py:4180} INFO - Setting next_dagrun for synthetic_avito_to_raw_midraw to 2026-07-21 17:00:00+00:00, run_after=2026-07-21 18:00:00+00:00
[2026-07-21T18:53:55.925+0000] {processor.py:208} INFO - Processing /opt/airflow/dags/synthetic_avito_to_raw_midraw.py took 0.070 seconds
[2026-07-21T18:54:26.217+0000] {processor.py:186} INFO - Started process (PID=145) to work on /opt/airflow/dags/synthetic_avito_to_raw_midraw.py
[2026-07-21T18:54:26.218+0000] {processor.py:914} INFO - Processing file /opt/airflow/dags/synthetic_avito_to_raw_midraw.py for tasks to queue
[2026-07-21T18:54:26.220+0000] {logging_mixin.py:190} INFO - [2026-07-21T18:54:26.220+0000] {dagbag.py:588} INFO - Filling up the DagBag from /opt/airflow/dags/synthetic_avito_to_raw_midraw.py
[2026-07-21T18:54:26.245+0000] {processor.py:925} INFO - DAG(s) 'synthetic_avito_to_raw_midraw' retrieved from /opt/airflow/dags/synthetic_avito_to_raw_midraw.py
[2026-07-21T18:54:26.267+0000] {logging_mixin.py:190} INFO - [2026-07-21T18:54:26.267+0000] {dag.py:3239} INFO - Sync 1 DAGs
[2026-07-21T18:54:26.284+0000] {logging_mixin.py:190} INFO - [2026-07-21T18:54:26.284+0000] {dag.py:4180} INFO - Setting next_dagrun for synthetic_avito_to_raw_midraw to 2026-07-21 17:00:00+00:00, run_after=2026-07-21 18:00:00+00:00
[2026-07-21T18:54:26.298+0000] {processor.py:208} INFO - Processing /opt/airflow/dags/synthetic_avito_to_raw_midraw.py took 0.088 seconds
[2026-07-21T18:54:56.488+0000] {processor.py:186} INFO - Started process (PID=147) to work on /opt/airflow/dags/synthetic_avito_to_raw_midraw.py
[2026-07-21T18:54:56.488+0000] {processor.py:914} INFO - Processing file /opt/airflow/dags/synthetic_avito_to_raw_midraw.py for tasks to queue
[2026-07-21T18:54:56.490+0000] {logging_mixin.py:190} INFO - [2026-07-21T18:54:56.490+0000] {dagbag.py:588} INFO - Filling up the DagBag from /opt/airflow/dags/synthetic_avito_to_raw_midraw.py
[2026-07-21T18:54:56.506+0000] {processor.py:925} INFO - DAG(s) 'synthetic_avito_to_raw_midraw' retrieved from /opt/airflow/dags/synthetic_avito_to_raw_midraw.py
[2026-07-21T18:54:56.525+0000] {logging_mixin.py:190} INFO - [2026-07-21T18:54:56.525+0000] {dag.py:3239} INFO - Sync 1 DAGs
[2026-07-21T18:54:56.543+0000] {logging_mixin.py:190} INFO - [2026-07-21T18:54:56.542+0000] {dag.py:4180} INFO - Setting next_dagrun for synthetic_avito_to_raw_midraw to 2026-07-21 17:00:00+00:00, run_after=2026-07-21 18:00:00+00:00
[2026-07-21T18:54:56.555+0000] {processor.py:208} INFO - Processing /opt/airflow/dags/synthetic_avito_to_raw_midraw.py took 0.072 seconds
[2026-07-21T18:55:26.846+0000] {processor.py:186} INFO - Started process (PID=149) to work on /opt/airflow/dags/synthetic_avito_to_raw_midraw.py
[2026-07-21T18:55:26.847+0000] {processor.py:914} INFO - Processing file /opt/airflow/dags/synthetic_avito_to_raw_midraw.py for tasks to queue
[2026-07-21T18:55:26.849+0000] {logging_mixin.py:190} INFO - [2026-07-21T18:55:26.849+0000] {dagbag.py:588} INFO - Filling up the DagBag from /opt/airflow/dags/synthetic_avito_to_raw_midraw.py
[2026-07-21T18:55:26.867+0000] {processor.py:925} INFO - DAG(s) 'synthetic_avito_to_raw_midraw' retrieved from /opt/airflow/dags/synthetic_avito_to_raw_midraw.py
[2026-07-21T18:55:26.896+0000] {logging_mixin.py:190} INFO - [2026-07-21T18:55:26.896+0000] {dag.py:3239} INFO - Sync 1 DAGs
[2026-07-21T18:55:26.910+0000] {logging_mixin.py:190} INFO - [2026-07-21T18:55:26.910+0000] {dag.py:4180} INFO - Setting next_dagrun for synthetic_avito_to_raw_midraw to 2026-07-21 17:00:00+00:00, run_after=2026-07-21 18:00:00+00:00
[2026-07-21T18:55:26.923+0000] {processor.py:208} INFO - Processing /opt/airflow/dags/synthetic_avito_to_raw_midraw.py took 0.083 seconds
[2026-07-21T18:55:57.117+0000] {processor.py:186} INFO - Started process (PID=151) to work on /opt/airflow/dags/synthetic_avito_to_raw_midraw.py
[2026-07-21T18:55:57.118+0000] {processor.py:914} INFO - Processing file /opt/airflow/dags/synthetic_avito_to_raw_midraw.py for tasks to queue
[2026-07-21T18:55:57.120+0000] {logging_mixin.py:190} INFO - [2026-07-21T18:55:57.120+0000] {dagbag.py:588} INFO - Filling up the DagBag from /opt/airflow/dags/synthetic_avito_to_raw_midraw.py
[2026-07-21T18:55:57.136+0000] {processor.py:925} INFO - DAG(s) 'synthetic_avito_to_raw_midraw' retrieved from /opt/airflow/dags/synthetic_avito_to_raw_midraw.py
[2026-07-21T18:55:57.158+0000] {logging_mixin.py:190} INFO - [2026-07-21T18:55:57.157+0000] {dag.py:3239} INFO - Sync 1 DAGs
[2026-07-21T18:55:57.172+0000] {logging_mixin.py:190} INFO - [2026-07-21T18:55:57.172+0000] {dag.py:4180} INFO - Setting next_dagrun for synthetic_avito_to_raw_midraw to 2026-07-21 17:00:00+00:00, run_after=2026-07-21 18:00:00+00:00
[2026-07-21T18:55:57.184+0000] {processor.py:208} INFO - Processing /opt/airflow/dags/synthetic_avito_to_raw_midraw.py took 0.074 seconds
[2026-07-21T18:56:27.424+0000] {processor.py:186} INFO - Started process (PID=153) to work on /opt/airflow/dags/synthetic_avito_to_raw_midraw.py
[2026-07-21T18:56:27.425+0000] {processor.py:914} INFO - Processing file /opt/airflow/dags/synthetic_avito_to_raw_midraw.py for tasks to queue
[2026-07-21T18:56:27.428+0000] {logging_mixin.py:190} INFO - [2026-07-21T18:56:27.428+0000] {dagbag.py:588} INFO - Filling up the DagBag from /opt/airflow/dags/synthetic_avito_to_raw_midraw.py
[2026-07-21T18:56:27.447+0000] {processor.py:925} INFO - DAG(s) 'synthetic_avito_to_raw_midraw' retrieved from /opt/airflow/dags/synthetic_avito_to_raw_midraw.py
[2026-07-21T18:56:27.470+0000] {logging_mixin.py:190} INFO - [2026-07-21T18:56:27.470+0000] {dag.py:3239} INFO - Sync 1 DAGs
[2026-07-21T18:56:27.488+0000] {logging_mixin.py:190} INFO - [2026-07-21T18:56:27.488+0000] {dag.py:4180} INFO - Setting next_dagrun for synthetic_avito_to_raw_midraw to 2026-07-21 17:00:00+00:00, run_after=2026-07-21 18:00:00+00:00
[2026-07-21T18:56:27.502+0000] {processor.py:208} INFO - Processing /opt/airflow/dags/synthetic_avito_to_raw_midraw.py took 0.082 seconds
[2026-07-21T18:56:57.718+0000] {processor.py:186} INFO - Started process (PID=155) to work on /opt/airflow/dags/synthetic_avito_to_raw_midraw.py
[2026-07-21T18:56:57.719+0000] {processor.py:914} INFO - Processing file /opt/airflow/dags/synthetic_avito_to_raw_midraw.py for tasks to queue
[2026-07-21T18:56:57.720+0000] {logging_mixin.py:190} INFO - [2026-07-21T18:56:57.720+0000] {dagbag.py:588} INFO - Filling up the DagBag from /opt/airflow/dags/synthetic_avito_to_raw_midraw.py
[2026-07-21T18:56:57.734+0000] {processor.py:925} INFO - DAG(s) 'synthetic_avito_to_raw_midraw' retrieved from /opt/airflow/dags/synthetic_avito_to_raw_midraw.py
[2026-07-21T18:56:57.751+0000] {logging_mixin.py:190} INFO - [2026-07-21T18:56:57.751+0000] {dag.py:3239} INFO - Sync 1 DAGs
[2026-07-21T18:56:57.762+0000] {logging_mixin.py:190} INFO - [2026-07-21T18:56:57.762+0000] {dag.py:4180} INFO - Setting next_dagrun for synthetic_avito_to_raw_midraw to 2026-07-21 17:00:00+00:00, run_after=2026-07-21 18:00:00+00:00
[2026-07-21T18:56:57.770+0000] {processor.py:208} INFO - Processing /opt/airflow/dags/synthetic_avito_to_raw_midraw.py took 0.055 seconds
[2026-07-21T18:57:28.053+0000] {processor.py:186} INFO - Started process (PID=157) to work on /opt/airflow/dags/synthetic_avito_to_raw_midraw.py
[2026-07-21T18:57:28.056+0000] {processor.py:914} INFO - Processing file /opt/airflow/dags/synthetic_avito_to_raw_midraw.py for tasks to queue
[2026-07-21T18:57:28.061+0000] {logging_mixin.py:190} INFO - [2026-07-21T18:57:28.061+0000] {dagbag.py:588} INFO - Filling up the DagBag from /opt/airflow/dags/synthetic_avito_to_raw_midraw.py
[2026-07-21T18:57:28.083+0000] {processor.py:925} INFO - DAG(s) 'synthetic_avito_to_raw_midraw' retrieved from /opt/airflow/dags/synthetic_avito_to_raw_midraw.py
[2026-07-21T18:57:28.104+0000] {logging_mixin.py:190} INFO - [2026-07-21T18:57:28.104+0000] {dag.py:3239} INFO - Sync 1 DAGs
[2026-07-21T18:57:28.120+0000] {logging_mixin.py:190} INFO - [2026-07-21T18:57:28.120+0000] {dag.py:4180} INFO - Setting next_dagrun for synthetic_avito_to_raw_midraw to 2026-07-21 17:00:00+00:00, run_after=2026-07-21 18:00:00+00:00
[2026-07-21T18:57:28.137+0000] {processor.py:208} INFO - Processing /opt/airflow/dags/synthetic_avito_to_raw_midraw.py took 0.092 seconds
[2026-07-21T18:57:58.316+0000] {processor.py:186} INFO - Started process (PID=159) to work on /opt/airflow/dags/synthetic_avito_to_raw_midraw.py
[2026-07-21T18:57:58.317+0000] {processor.py:914} INFO - Processing file /opt/airflow/dags/synthetic_avito_to_raw_midraw.py for tasks to queue
[2026-07-21T18:57:58.320+0000] {logging_mixin.py:190} INFO - [2026-07-21T18:57:58.320+0000] {dagbag.py:588} INFO - Filling up the DagBag from /opt/airflow/dags/synthetic_avito_to_raw_midraw.py
[2026-07-21T18:57:58.344+0000] {processor.py:925} INFO - DAG(s) 'synthetic_avito_to_raw_midraw' retrieved from /opt/airflow/dags/synthetic_avito_to_raw_midraw.py
[2026-07-21T18:57:58.368+0000] {logging_mixin.py:190} INFO - [2026-07-21T18:57:58.368+0000] {dag.py:3239} INFO - Sync 1 DAGs
[2026-07-21T18:57:58.387+0000] {logging_mixin.py:190} INFO - [2026-07-21T18:57:58.386+0000] {dag.py:4180} INFO - Setting next_dagrun for synthetic_avito_to_raw_midraw to 2026-07-21 17:00:00+00:00, run_after=2026-07-21 18:00:00+00:00
[2026-07-21T18:57:58.400+0000] {processor.py:208} INFO - Processing /opt/airflow/dags/synthetic_avito_to_raw_midraw.py took 0.091 seconds
[2026-07-21T18:58:28.641+0000] {processor.py:186} INFO - Started process (PID=161) to work on /opt/airflow/dags/synthetic_avito_to_raw_midraw.py
[2026-07-21T18:58:28.641+0000] {processor.py:914} INFO - Processing file /opt/airflow/dags/synthetic_avito_to_raw_midraw.py for tasks to queue
[2026-07-21T18:58:28.643+0000] {logging_mixin.py:190} INFO - [2026-07-21T18:58:28.643+0000] {dagbag.py:588} INFO - Filling up the DagBag from /opt/airflow/dags/synthetic_avito_to_raw_midraw.py
[2026-07-21T18:58:28.657+0000] {processor.py:925} INFO - DAG(s) 'synthetic_avito_to_raw_midraw' retrieved from /opt/airflow/dags/synthetic_avito_to_raw_midraw.py
[2026-07-21T18:58:28.678+0000] {logging_mixin.py:190} INFO - [2026-07-21T18:58:28.678+0000] {dag.py:3239} INFO - Sync 1 DAGs
[2026-07-21T18:58:28.693+0000] {logging_mixin.py:190} INFO - [2026-07-21T18:58:28.693+0000] {dag.py:4180} INFO - Setting next_dagrun for synthetic_avito_to_raw_midraw to 2026-07-21 17:00:00+00:00, run_after=2026-07-21 18:00:00+00:00
[2026-07-21T18:58:28.704+0000] {processor.py:208} INFO - Processing /opt/airflow/dags/synthetic_avito_to_raw_midraw.py took 0.068 seconds
[2026-07-21T18:58:59.015+0000] {processor.py:186} INFO - Started process (PID=163) to work on /opt/airflow/dags/synthetic_avito_to_raw_midraw.py
[2026-07-21T18:58:59.016+0000] {processor.py:914} INFO - Processing file /opt/airflow/dags/synthetic_avito_to_raw_midraw.py for tasks to queue
[2026-07-21T18:58:59.020+0000] {logging_mixin.py:190} INFO - [2026-07-21T18:58:59.019+0000] {dagbag.py:588} INFO - Filling up the DagBag from /opt/airflow/dags/synthetic_avito_to_raw_midraw.py
[2026-07-21T18:58:59.037+0000] {processor.py:925} INFO - DAG(s) 'synthetic_avito_to_raw_midraw' retrieved from /opt/airflow/dags/synthetic_avito_to_raw_midraw.py
[2026-07-21T18:58:59.056+0000] {logging_mixin.py:190} INFO - [2026-07-21T18:58:59.055+0000] {dag.py:3239} INFO - Sync 1 DAGs
[2026-07-21T18:58:59.069+0000] {logging_mixin.py:190} INFO - [2026-07-21T18:58:59.069+0000] {dag.py:4180} INFO - Setting next_dagrun for synthetic_avito_to_raw_midraw to 2026-07-21 17:00:00+00:00, run_after=2026-07-21 18:00:00+00:00
[2026-07-21T18:58:59.079+0000] {processor.py:208} INFO - Processing /opt/airflow/dags/synthetic_avito_to_raw_midraw.py took 0.070 seconds
[2026-07-21T18:59:29.377+0000] {processor.py:186} INFO - Started process (PID=165) to work on /opt/airflow/dags/synthetic_avito_to_raw_midraw.py
[2026-07-21T18:59:29.378+0000] {processor.py:914} INFO - Processing file /opt/airflow/dags/synthetic_avito_to_raw_midraw.py for tasks to queue
[2026-07-21T18:59:29.380+0000] {logging_mixin.py:190} INFO - [2026-07-21T18:59:29.379+0000] {dagbag.py:588} INFO - Filling up the DagBag from /opt/airflow/dags/synthetic_avito_to_raw_midraw.py
[2026-07-21T18:59:29.395+0000] {processor.py:925} INFO - DAG(s) 'synthetic_avito_to_raw_midraw' retrieved from /opt/airflow/dags/synthetic_avito_to_raw_midraw.py
[2026-07-21T18:59:29.414+0000] {logging_mixin.py:190} INFO - [2026-07-21T18:59:29.413+0000] {dag.py:3239} INFO - Sync 1 DAGs
[2026-07-21T18:59:29.430+0000] {logging_mixin.py:190} INFO - [2026-07-21T18:59:29.430+0000] {dag.py:4180} INFO - Setting next_dagrun for synthetic_avito_to_raw_midraw to 2026-07-21 17:00:00+00:00, run_after=2026-07-21 18:00:00+00:00
[2026-07-21T18:59:29.440+0000] {processor.py:208} INFO - Processing /opt/airflow/dags/synthetic_avito_to_raw_midraw.py took 0.067 seconds
[2026-07-21T18:59:59.725+0000] {processor.py:186} INFO - Started process (PID=167) to work on /opt/airflow/dags/synthetic_avito_to_raw_midraw.py
[2026-07-21T18:59:59.726+0000] {processor.py:914} INFO - Processing file /opt/airflow/dags/synthetic_avito_to_raw_midraw.py for tasks to queue
[2026-07-21T18:59:59.727+0000] {logging_mixin.py:190} INFO - [2026-07-21T18:59:59.727+0000] {dagbag.py:588} INFO - Filling up the DagBag from /opt/airflow/dags/synthetic_avito_to_raw_midraw.py
[2026-07-21T18:59:59.742+0000] {processor.py:925} INFO - DAG(s) 'synthetic_avito_to_raw_midraw' retrieved from /opt/airflow/dags/synthetic_avito_to_raw_midraw.py
[2026-07-21T18:59:59.758+0000] {logging_mixin.py:190} INFO - [2026-07-21T18:59:59.758+0000] {dag.py:3239} INFO - Sync 1 DAGs
[2026-07-21T18:59:59.770+0000] {logging_mixin.py:190} INFO - [2026-07-21T18:59:59.770+0000] {dag.py:4180} INFO - Setting next_dagrun for synthetic_avito_to_raw_midraw to 2026-07-21 17:00:00+00:00, run_after=2026-07-21 18:00:00+00:00
[2026-07-21T18:59:59.779+0000] {processor.py:208} INFO - Processing /opt/airflow/dags/synthetic_avito_to_raw_midraw.py took 0.057 seconds
[2026-07-21T19:00:29.964+0000] {processor.py:186} INFO - Started process (PID=169) to work on /opt/airflow/dags/synthetic_avito_to_raw_midraw.py
[2026-07-21T19:00:29.965+0000] {processor.py:914} INFO - Processing file /opt/airflow/dags/synthetic_avito_to_raw_midraw.py for tasks to queue
[2026-07-21T19:00:29.967+0000] {logging_mixin.py:190} INFO - [2026-07-21T19:00:29.967+0000] {dagbag.py:588} INFO - Filling up the DagBag from /opt/airflow/dags/synthetic_avito_to_raw_midraw.py
[2026-07-21T19:00:29.985+0000] {processor.py:925} INFO - DAG(s) 'synthetic_avito_to_raw_midraw' retrieved from /opt/airflow/dags/synthetic_avito_to_raw_midraw.py
[2026-07-21T19:00:30.010+0000] {logging_mixin.py:190} INFO - [2026-07-21T19:00:30.010+0000] {dag.py:3239} INFO - Sync 1 DAGs
[2026-07-21T19:00:30.025+0000] {logging_mixin.py:190} INFO - [2026-07-21T19:00:30.025+0000] {dag.py:4180} INFO - Setting next_dagrun for synthetic_avito_to_raw_midraw to 2026-07-21 18:00:00+00:00, run_after=2026-07-21 19:00:00+00:00
[2026-07-21T19:00:30.036+0000] {processor.py:208} INFO - Processing /opt/airflow/dags/synthetic_avito_to_raw_midraw.py took 0.077 seconds
[2026-07-21T19:01:00.265+0000] {processor.py:186} INFO - Started process (PID=171) to work on /opt/airflow/dags/synthetic_avito_to_raw_midraw.py
[2026-07-21T19:01:00.266+0000] {processor.py:914} INFO - Processing file /opt/airflow/dags/synthetic_avito_to_raw_midraw.py for tasks to queue
[2026-07-21T19:01:00.267+0000] {logging_mixin.py:190} INFO - [2026-07-21T19:01:00.267+0000] {dagbag.py:588} INFO - Filling up the DagBag from /opt/airflow/dags/synthetic_avito_to_raw_midraw.py
[2026-07-21T19:01:00.284+0000] {processor.py:925} INFO - DAG(s) 'synthetic_avito_to_raw_midraw' retrieved from /opt/airflow/dags/synthetic_avito_to_raw_midraw.py
[2026-07-21T19:01:00.301+0000] {logging_mixin.py:190} INFO - [2026-07-21T19:01:00.301+0000] {dag.py:3239} INFO - Sync 1 DAGs
[2026-07-21T19:01:00.315+0000] {logging_mixin.py:190} INFO - [2026-07-21T19:01:00.315+0000] {dag.py:4180} INFO - Setting next_dagrun for synthetic_avito_to_raw_midraw to 2026-07-21 18:00:00+00:00, run_after=2026-07-21 19:00:00+00:00
[2026-07-21T19:01:00.330+0000] {processor.py:208} INFO - Processing /opt/airflow/dags/synthetic_avito_to_raw_midraw.py took 0.069 seconds
[2026-07-21T19:01:30.551+0000] {processor.py:186} INFO - Started process (PID=173) to work on /opt/airflow/dags/synthetic_avito_to_raw_midraw.py
[2026-07-21T19:01:30.552+0000] {processor.py:914} INFO - Processing file /opt/airflow/dags/synthetic_avito_to_raw_midraw.py for tasks to queue
[2026-07-21T19:01:30.555+0000] {logging_mixin.py:190} INFO - [2026-07-21T19:01:30.554+0000] {dagbag.py:588} INFO - Filling up the DagBag from /opt/airflow/dags/synthetic_avito_to_raw_midraw.py
[2026-07-21T19:01:30.574+0000] {processor.py:925} INFO - DAG(s) 'synthetic_avito_to_raw_midraw' retrieved from /opt/airflow/dags/synthetic_avito_to_raw_midraw.py
[2026-07-21T19:01:30.594+0000] {logging_mixin.py:190} INFO - [2026-07-21T19:01:30.594+0000] {dag.py:3239} INFO - Sync 1 DAGs
[2026-07-21T19:01:30.610+0000] {logging_mixin.py:190} INFO - [2026-07-21T19:01:30.609+0000] {dag.py:4180} INFO - Setting next_dagrun for synthetic_avito_to_raw_midraw to 2026-07-21 18:00:00+00:00, run_after=2026-07-21 19:00:00+00:00
[2026-07-21T19:01:30.622+0000] {processor.py:208} INFO - Processing /opt/airflow/dags/synthetic_avito_to_raw_midraw.py took 0.079 seconds
[2026-07-21T19:02:00.835+0000] {processor.py:186} INFO - Started process (PID=175) to work on /opt/airflow/dags/synthetic_avito_to_raw_midraw.py
[2026-07-21T19:02:00.835+0000] {processor.py:914} INFO - Processing file /opt/airflow/dags/synthetic_avito_to_raw_midraw.py for tasks to queue
[2026-07-21T19:02:00.837+0000] {logging_mixin.py:190} INFO - [2026-07-21T19:02:00.837+0000] {dagbag.py:588} INFO - Filling up the DagBag from /opt/airflow/dags/synthetic_avito_to_raw_midraw.py
[2026-07-21T19:02:00.855+0000] {processor.py:925} INFO - DAG(s) 'synthetic_avito_to_raw_midraw' retrieved from /opt/airflow/dags/synthetic_avito_to_raw_midraw.py
[2026-07-21T19:02:00.878+0000] {logging_mixin.py:190} INFO - [2026-07-21T19:02:00.878+0000] {dag.py:3239} INFO - Sync 1 DAGs
[2026-07-21T19:02:00.894+0000] {logging_mixin.py:190} INFO - [2026-07-21T19:02:00.894+0000] {dag.py:4180} INFO - Setting next_dagrun for synthetic_avito_to_raw_midraw to 2026-07-21 18:00:00+00:00, run_after=2026-07-21 19:00:00+00:00
[2026-07-21T19:02:00.904+0000] {processor.py:208} INFO - Processing /opt/airflow/dags/synthetic_avito_to_raw_midraw.py took 0.074 seconds
[2026-07-21T19:02:31.191+0000] {processor.py:186} INFO - Started process (PID=177) to work on /opt/airflow/dags/synthetic_avito_to_raw_midraw.py
[2026-07-21T19:02:31.192+0000] {processor.py:914} INFO - Processing file /opt/airflow/dags/synthetic_avito_to_raw_midraw.py for tasks to queue
[2026-07-21T19:02:31.195+0000] {logging_mixin.py:190} INFO - [2026-07-21T19:02:31.194+0000] {dagbag.py:588} INFO - Filling up the DagBag from /opt/airflow/dags/synthetic_avito_to_raw_midraw.py
[2026-07-21T19:02:31.211+0000] {processor.py:925} INFO - DAG(s) 'synthetic_avito_to_raw_midraw' retrieved from /opt/airflow/dags/synthetic_avito_to_raw_midraw.py
[2026-07-21T19:02:31.230+0000] {logging_mixin.py:190} INFO - [2026-07-21T19:02:31.230+0000] {dag.py:3239} INFO - Sync 1 DAGs
[2026-07-21T19:02:31.244+0000] {logging_mixin.py:190} INFO - [2026-07-21T19:02:31.244+0000] {dag.py:4180} INFO - Setting next_dagrun for synthetic_avito_to_raw_midraw to 2026-07-21 18:00:00+00:00, run_after=2026-07-21 19:00:00+00:00
[2026-07-21T19:02:31.255+0000] {processor.py:208} INFO - Processing /opt/airflow/dags/synthetic_avito_to_raw_midraw.py took 0.071 seconds
[2026-07-21T19:03:01.477+0000] {processor.py:186} INFO - Started process (PID=179) to work on /opt/airflow/dags/synthetic_avito_to_raw_midraw.py
[2026-07-21T19:03:01.478+0000] {processor.py:914} INFO - Processing file /opt/airflow/dags/synthetic_avito_to_raw_midraw.py for tasks to queue
[2026-07-21T19:03:01.481+0000] {logging_mixin.py:190} INFO - [2026-07-21T19:03:01.481+0000] {dagbag.py:588} INFO - Filling up the DagBag from /opt/airflow/dags/synthetic_avito_to_raw_midraw.py
[2026-07-21T19:03:01.504+0000] {processor.py:925} INFO - DAG(s) 'synthetic_avito_to_raw_midraw' retrieved from /opt/airflow/dags/synthetic_avito_to_raw_midraw.py
[2026-07-21T19:03:01.532+0000] {logging_mixin.py:190} INFO - [2026-07-21T19:03:01.531+0000] {dag.py:3239} INFO - Sync 1 DAGs
[2026-07-21T19:03:01.549+0000] {logging_mixin.py:190} INFO - [2026-07-21T19:03:01.549+0000] {dag.py:4180} INFO - Setting next_dagrun for synthetic_avito_to_raw_midraw to 2026-07-21 18:00:00+00:00, run_after=2026-07-21 19:00:00+00:00
[2026-07-21T19:03:01.560+0000] {processor.py:208} INFO - Processing /opt/airflow/dags/synthetic_avito_to_raw_midraw.py took 0.093 seconds
[2026-07-21T19:03:31.784+0000] {processor.py:186} INFO - Started process (PID=181) to work on /opt/airflow/dags/synthetic_avito_to_raw_midraw.py
[2026-07-21T19:03:31.786+0000] {processor.py:914} INFO - Processing file /opt/airflow/dags/synthetic_avito_to_raw_midraw.py for tasks to queue
[2026-07-21T19:03:31.790+0000] {logging_mixin.py:190} INFO - [2026-07-21T19:03:31.790+0000] {dagbag.py:588} INFO - Filling up the DagBag from /opt/airflow/dags/synthetic_avito_to_raw_midraw.py
[2026-07-21T19:03:31.814+0000] {processor.py:925} INFO - DAG(s) 'synthetic_avito_to_raw_midraw' retrieved from /opt/airflow/dags/synthetic_avito_to_raw_midraw.py
[2026-07-21T19:03:31.836+0000] {logging_mixin.py:190} INFO - [2026-07-21T19:03:31.836+0000] {dag.py:3239} INFO - Sync 1 DAGs
[2026-07-21T19:03:31.855+0000] {logging_mixin.py:190} INFO - [2026-07-21T19:03:31.855+0000] {dag.py:4180} INFO - Setting next_dagrun for synthetic_avito_to_raw_midraw to 2026-07-21 18:00:00+00:00, run_after=2026-07-21 19:00:00+00:00
[2026-07-21T19:03:31.868+0000] {processor.py:208} INFO - Processing /opt/airflow/dags/synthetic_avito_to_raw_midraw.py took 0.090 seconds
[2026-07-21T19:04:02.074+0000] {processor.py:186} INFO - Started process (PID=183) to work on /opt/airflow/dags/synthetic_avito_to_raw_midraw.py
[2026-07-21T19:04:02.075+0000] {processor.py:914} INFO - Processing file /opt/airflow/dags/synthetic_avito_to_raw_midraw.py for tasks to queue
[2026-07-21T19:04:02.076+0000] {logging_mixin.py:190} INFO - [2026-07-21T19:04:02.076+0000] {dagbag.py:588} INFO - Filling up the DagBag from /opt/airflow/dags/synthetic_avito_to_raw_midraw.py
[2026-07-21T19:04:02.091+0000] {processor.py:925} INFO - DAG(s) 'synthetic_avito_to_raw_midraw' retrieved from /opt/airflow/dags/synthetic_avito_to_raw_midraw.py
[2026-07-21T19:04:02.110+0000] {logging_mixin.py:190} INFO - [2026-07-21T19:04:02.110+0000] {dag.py:3239} INFO - Sync 1 DAGs
[2026-07-21T19:04:02.122+0000] {logging_mixin.py:190} INFO - [2026-07-21T19:04:02.122+0000] {dag.py:4180} INFO - Setting next_dagrun for synthetic_avito_to_raw_midraw to 2026-07-21 18:00:00+00:00, run_after=2026-07-21 19:00:00+00:00
[2026-07-21T19:04:02.130+0000] {processor.py:208} INFO - Processing /opt/airflow/dags/synthetic_avito_to_raw_midraw.py took 0.062 seconds
[2026-07-21T19:04:32.430+0000] {processor.py:186} INFO - Started process (PID=185) to work on /opt/airflow/dags/synthetic_avito_to_raw_midraw.py
[2026-07-21T19:04:32.432+0000] {processor.py:914} INFO - Processing file /opt/airflow/dags/synthetic_avito_to_raw_midraw.py for tasks to queue
[2026-07-21T19:04:32.436+0000] {logging_mixin.py:190} INFO - [2026-07-21T19:04:32.435+0000] {dagbag.py:588} INFO - Filling up the DagBag from /opt/airflow/dags/synthetic_avito_to_raw_midraw.py
[2026-07-21T19:04:32.457+0000] {processor.py:925} INFO - DAG(s) 'synthetic_avito_to_raw_midraw' retrieved from /opt/airflow/dags/synthetic_avito_to_raw_midraw.py
[2026-07-21T19:04:32.481+0000] {logging_mixin.py:190} INFO - [2026-07-21T19:04:32.481+0000] {dag.py:3239} INFO - Sync 1 DAGs
[2026-07-21T19:04:32.497+0000] {logging_mixin.py:190} INFO - [2026-07-21T19:04:32.497+0000] {dag.py:4180} INFO - Setting next_dagrun for synthetic_avito_to_raw_midraw to 2026-07-21 18:00:00+00:00, run_after=2026-07-21 19:00:00+00:00
[2026-07-21T19:04:32.508+0000] {processor.py:208} INFO - Processing /opt/airflow/dags/synthetic_avito_to_raw_midraw.py took 0.089 seconds
[2026-07-21T19:05:02.778+0000] {processor.py:186} INFO - Started process (PID=187) to work on /opt/airflow/dags/synthetic_avito_to_raw_midraw.py
[2026-07-21T19:05:02.778+0000] {processor.py:914} INFO - Processing file /opt/airflow/dags/synthetic_avito_to_raw_midraw.py for tasks to queue
[2026-07-21T19:05:02.781+0000] {logging_mixin.py:190} INFO - [2026-07-21T19:05:02.781+0000] {dagbag.py:588} INFO - Filling up the DagBag from /opt/airflow/dags/synthetic_avito_to_raw_midraw.py
[2026-07-21T19:05:02.796+0000] {processor.py:925} INFO - DAG(s) 'synthetic_avito_to_raw_midraw' retrieved from /opt/airflow/dags/synthetic_avito_to_raw_midraw.py
[2026-07-21T19:05:02.813+0000] {logging_mixin.py:190} INFO - [2026-07-21T19:05:02.813+0000] {dag.py:3239} INFO - Sync 1 DAGs
[2026-07-21T19:05:02.824+0000] {logging_mixin.py:190} INFO - [2026-07-21T19:05:02.824+0000] {dag.py:4180} INFO - Setting next_dagrun for synthetic_avito_to_raw_midraw to 2026-07-21 18:00:00+00:00, run_after=2026-07-21 19:00:00+00:00
[2026-07-21T19:05:02.836+0000] {processor.py:208} INFO - Processing /opt/airflow/dags/synthetic_avito_to_raw_midraw.py took 0.062 seconds
[2026-07-21T19:05:33.127+0000] {processor.py:186} INFO - Started process (PID=189) to work on /opt/airflow/dags/synthetic_avito_to_raw_midraw.py
[2026-07-21T19:05:33.129+0000] {processor.py:914} INFO - Processing file /opt/airflow/dags/synthetic_avito_to_raw_midraw.py for tasks to queue
[2026-07-21T19:05:33.131+0000] {logging_mixin.py:190} INFO - [2026-07-21T19:05:33.131+0000] {dagbag.py:588} INFO - Filling up the DagBag from /opt/airflow/dags/synthetic_avito_to_raw_midraw.py
[2026-07-21T19:05:33.149+0000] {processor.py:925} INFO - DAG(s) 'synthetic_avito_to_raw_midraw' retrieved from /opt/airflow/dags/synthetic_avito_to_raw_midraw.py
[2026-07-21T19:05:33.171+0000] {logging_mixin.py:190} INFO - [2026-07-21T19:05:33.171+0000] {dag.py:3239} INFO - Sync 1 DAGs
[2026-07-21T19:05:33.184+0000] {logging_mixin.py:190} INFO - [2026-07-21T19:05:33.184+0000] {dag.py:4180} INFO - Setting next_dagrun for synthetic_avito_to_raw_midraw to 2026-07-21 18:00:00+00:00, run_after=2026-07-21 19:00:00+00:00
[2026-07-21T19:05:33.195+0000] {processor.py:208} INFO - Processing /opt/airflow/dags/synthetic_avito_to_raw_midraw.py took 0.074 seconds
[2026-07-21T19:06:03.481+0000] {processor.py:186} INFO - Started process (PID=191) to work on /opt/airflow/dags/synthetic_avito_to_raw_midraw.py
[2026-07-21T19:06:03.483+0000] {processor.py:914} INFO - Processing file /opt/airflow/dags/synthetic_avito_to_raw_midraw.py for tasks to queue
[2026-07-21T19:06:03.489+0000] {logging_mixin.py:190} INFO - [2026-07-21T19:06:03.489+0000] {dagbag.py:588} INFO - Filling up the DagBag from /opt/airflow/dags/synthetic_avito_to_raw_midraw.py
[2026-07-21T19:06:03.517+0000] {processor.py:925} INFO - DAG(s) 'synthetic_avito_to_raw_midraw' retrieved from /opt/airflow/dags/synthetic_avito_to_raw_midraw.py
[2026-07-21T19:06:03.537+0000] {logging_mixin.py:190} INFO - [2026-07-21T19:06:03.537+0000] {dag.py:3239} INFO - Sync 1 DAGs
[2026-07-21T19:06:03.560+0000] {logging_mixin.py:190} INFO - [2026-07-21T19:06:03.559+0000] {dag.py:4180} INFO - Setting next_dagrun for synthetic_avito_to_raw_midraw to 2026-07-21 18:00:00+00:00, run_after=2026-07-21 19:00:00+00:00
[2026-07-21T19:06:03.574+0000] {processor.py:208} INFO - Processing /opt/airflow/dags/synthetic_avito_to_raw_midraw.py took 0.101 seconds
[2026-07-21T19:06:33.882+0000] {processor.py:186} INFO - Started process (PID=193) to work on /opt/airflow/dags/synthetic_avito_to_raw_midraw.py
[2026-07-21T19:06:33.883+0000] {processor.py:914} INFO - Processing file /opt/airflow/dags/synthetic_avito_to_raw_midraw.py for tasks to queue
[2026-07-21T19:06:33.885+0000] {logging_mixin.py:190} INFO - [2026-07-21T19:06:33.885+0000] {dagbag.py:588} INFO - Filling up the DagBag from /opt/airflow/dags/synthetic_avito_to_raw_midraw.py
[2026-07-21T19:06:33.903+0000] {processor.py:925} INFO - DAG(s) 'synthetic_avito_to_raw_midraw' retrieved from /opt/airflow/dags/synthetic_avito_to_raw_midraw.py
[2026-07-21T19:06:33.923+0000] {logging_mixin.py:190} INFO - [2026-07-21T19:06:33.922+0000] {dag.py:3239} INFO - Sync 1 DAGs
[2026-07-21T19:06:33.935+0000] {logging_mixin.py:190} INFO - [2026-07-21T19:06:33.935+0000] {dag.py:4180} INFO - Setting next_dagrun for synthetic_avito_to_raw_midraw to 2026-07-21 18:00:00+00:00, run_after=2026-07-21 19:00:00+00:00
[2026-07-21T19:06:33.951+0000] {processor.py:208} INFO - Processing /opt/airflow/dags/synthetic_avito_to_raw_midraw.py took 0.075 seconds
[2026-07-21T19:07:04.218+0000] {processor.py:186} INFO - Started process (PID=195) to work on /opt/airflow/dags/synthetic_avito_to_raw_midraw.py
[2026-07-21T19:07:04.220+0000] {processor.py:914} INFO - Processing file /opt/airflow/dags/synthetic_avito_to_raw_midraw.py for tasks to queue
[2026-07-21T19:07:04.223+0000] {logging_mixin.py:190} INFO - [2026-07-21T19:07:04.222+0000] {dagbag.py:588} INFO - Filling up the DagBag from /opt/airflow/dags/synthetic_avito_to_raw_midraw.py
[2026-07-21T19:07:04.243+0000] {processor.py:925} INFO - DAG(s) 'synthetic_avito_to_raw_midraw' retrieved from /opt/airflow/dags/synthetic_avito_to_raw_midraw.py
[2026-07-21T19:07:04.267+0000] {logging_mixin.py:190} INFO - [2026-07-21T19:07:04.267+0000] {dag.py:3239} INFO - Sync 1 DAGs
[2026-07-21T19:07:04.281+0000] {logging_mixin.py:190} INFO - [2026-07-21T19:07:04.281+0000] {dag.py:4180} INFO - Setting next_dagrun for synthetic_avito_to_raw_midraw to 2026-07-21 18:00:00+00:00, run_after=2026-07-21 19:00:00+00:00
[2026-07-21T19:07:04.291+0000] {processor.py:208} INFO - Processing /opt/airflow/dags/synthetic_avito_to_raw_midraw.py took 0.082 seconds
[2026-07-21T19:07:34.512+0000] {processor.py:186} INFO - Started process (PID=197) to work on /opt/airflow/dags/synthetic_avito_to_raw_midraw.py
[2026-07-21T19:07:34.513+0000] {processor.py:914} INFO - Processing file /opt/airflow/dags/synthetic_avito_to_raw_midraw.py for tasks to queue
[2026-07-21T19:07:34.518+0000] {logging_mixin.py:190} INFO - [2026-07-21T19:07:34.517+0000] {dagbag.py:588} INFO - Filling up the DagBag from /opt/airflow/dags/synthetic_avito_to_raw_midraw.py
[2026-07-21T19:07:34.538+0000] {processor.py:925} INFO - DAG(s) 'synthetic_avito_to_raw_midraw' retrieved from /opt/airflow/dags/synthetic_avito_to_raw_midraw.py
[2026-07-21T19:07:34.559+0000] {logging_mixin.py:190} INFO - [2026-07-21T19:07:34.559+0000] {dag.py:3239} INFO - Sync 1 DAGs
[2026-07-21T19:07:34.575+0000] {logging_mixin.py:190} INFO - [2026-07-21T19:07:34.575+0000] {dag.py:4180} INFO - Setting next_dagrun for synthetic_avito_to_raw_midraw to 2026-07-21 18:00:00+00:00, run_after=2026-07-21 19:00:00+00:00
[2026-07-21T19:07:34.586+0000] {processor.py:208} INFO - Processing /opt/airflow/dags/synthetic_avito_to_raw_midraw.py took 0.079 seconds
[2026-07-21T19:08:04.782+0000] {processor.py:186} INFO - Started process (PID=199) to work on /opt/airflow/dags/synthetic_avito_to_raw_midraw.py
[2026-07-21T19:08:04.782+0000] {processor.py:914} INFO - Processing file /opt/airflow/dags/synthetic_avito_to_raw_midraw.py for tasks to queue
[2026-07-21T19:08:04.783+0000] {logging_mixin.py:190} INFO - [2026-07-21T19:08:04.783+0000] {dagbag.py:588} INFO - Filling up the DagBag from /opt/airflow/dags/synthetic_avito_to_raw_midraw.py
[2026-07-21T19:08:04.796+0000] {processor.py:925} INFO - DAG(s) 'synthetic_avito_to_raw_midraw' retrieved from /opt/airflow/dags/synthetic_avito_to_raw_midraw.py
[2026-07-21T19:08:04.813+0000] {logging_mixin.py:190} INFO - [2026-07-21T19:08:04.812+0000] {dag.py:3239} INFO - Sync 1 DAGs
[2026-07-21T19:08:04.825+0000] {logging_mixin.py:190} INFO - [2026-07-21T19:08:04.825+0000] {dag.py:4180} INFO - Setting next_dagrun for synthetic_avito_to_raw_midraw to 2026-07-21 18:00:00+00:00, run_after=2026-07-21 19:00:00+00:00
[2026-07-21T19:08:04.834+0000] {processor.py:208} INFO - Processing /opt/airflow/dags/synthetic_avito_to_raw_midraw.py took 0.056 seconds
[2026-07-21T19:08:35.117+0000] {processor.py:186} INFO - Started process (PID=201) to work on /opt/airflow/dags/synthetic_avito_to_raw_midraw.py
[2026-07-21T19:08:35.118+0000] {processor.py:914} INFO - Processing file /opt/airflow/dags/synthetic_avito_to_raw_midraw.py for tasks to queue
[2026-07-21T19:08:35.121+0000] {logging_mixin.py:190} INFO - [2026-07-21T19:08:35.121+0000] {dagbag.py:588} INFO - Filling up the DagBag from /opt/airflow/dags/synthetic_avito_to_raw_midraw.py
[2026-07-21T19:08:35.136+0000] {processor.py:925} INFO - DAG(s) 'synthetic_avito_to_raw_midraw' retrieved from /opt/airflow/dags/synthetic_avito_to_raw_midraw.py
[2026-07-21T19:08:35.156+0000] {logging_mixin.py:190} INFO - [2026-07-21T19:08:35.156+0000] {dag.py:3239} INFO - Sync 1 DAGs
[2026-07-21T19:08:35.174+0000] {logging_mixin.py:190} INFO - [2026-07-21T19:08:35.173+0000] {dag.py:4180} INFO - Setting next_dagrun for synthetic_avito_to_raw_midraw to 2026-07-21 18:00:00+00:00, run_after=2026-07-21 19:00:00+00:00
[2026-07-21T19:08:35.185+0000] {processor.py:208} INFO - Processing /opt/airflow/dags/synthetic_avito_to_raw_midraw.py took 0.073 seconds
[2026-07-21T19:09:05.425+0000] {processor.py:186} INFO - Started process (PID=203) to work on /opt/airflow/dags/synthetic_avito_to_raw_midraw.py
[2026-07-21T19:09:05.426+0000] {processor.py:914} INFO - Processing file /opt/airflow/dags/synthetic_avito_to_raw_midraw.py for tasks to queue
[2026-07-21T19:09:05.429+0000] {logging_mixin.py:190} INFO - [2026-07-21T19:09:05.428+0000] {dagbag.py:588} INFO - Filling up the DagBag from /opt/airflow/dags/synthetic_avito_to_raw_midraw.py
[2026-07-21T19:09:05.447+0000] {processor.py:925} INFO - DAG(s) 'synthetic_avito_to_raw_midraw' retrieved from /opt/airflow/dags/synthetic_avito_to_raw_midraw.py
[2026-07-21T19:09:05.467+0000] {logging_mixin.py:190} INFO - [2026-07-21T19:09:05.467+0000] {dag.py:3239} INFO - Sync 1 DAGs
[2026-07-21T19:09:05.482+0000] {logging_mixin.py:190} INFO - [2026-07-21T19:09:05.482+0000] {dag.py:4180} INFO - Setting next_dagrun for synthetic_avito_to_raw_midraw to 2026-07-21 18:00:00+00:00, run_after=2026-07-21 19:00:00+00:00
[2026-07-21T19:09:05.493+0000] {processor.py:208} INFO - Processing /opt/airflow/dags/synthetic_avito_to_raw_midraw.py took 0.074 seconds
[2026-07-21T19:09:35.686+0000] {processor.py:186} INFO - Started process (PID=205) to work on /opt/airflow/dags/synthetic_avito_to_raw_midraw.py
[2026-07-21T19:09:35.687+0000] {processor.py:914} INFO - Processing file /opt/airflow/dags/synthetic_avito_to_raw_midraw.py for tasks to queue
[2026-07-21T19:09:35.688+0000] {logging_mixin.py:190} INFO - [2026-07-21T19:09:35.688+0000] {dagbag.py:588} INFO - Filling up the DagBag from /opt/airflow/dags/synthetic_avito_to_raw_midraw.py
[2026-07-21T19:09:35.700+0000] {processor.py:925} INFO - DAG(s) 'synthetic_avito_to_raw_midraw' retrieved from /opt/airflow/dags/synthetic_avito_to_raw_midraw.py
[2026-07-21T19:09:35.719+0000] {logging_mixin.py:190} INFO - [2026-07-21T19:09:35.719+0000] {dag.py:3239} INFO - Sync 1 DAGs
[2026-07-21T19:09:35.732+0000] {logging_mixin.py:190} INFO - [2026-07-21T19:09:35.732+0000] {dag.py:4180} INFO - Setting next_dagrun for synthetic_avito_to_raw_midraw to 2026-07-21 18:00:00+00:00, run_after=2026-07-21 19:00:00+00:00
[2026-07-21T19:09:35.744+0000] {processor.py:208} INFO - Processing /opt/airflow/dags/synthetic_avito_to_raw_midraw.py took 0.063 seconds
[2026-07-21T19:10:06.018+0000] {processor.py:186} INFO - Started process (PID=207) to work on /opt/airflow/dags/synthetic_avito_to_raw_midraw.py
[2026-07-21T19:10:06.019+0000] {processor.py:914} INFO - Processing file /opt/airflow/dags/synthetic_avito_to_raw_midraw.py for tasks to queue
[2026-07-21T19:10:06.023+0000] {logging_mixin.py:190} INFO - [2026-07-21T19:10:06.022+0000] {dagbag.py:588} INFO - Filling up the DagBag from /opt/airflow/dags/synthetic_avito_to_raw_midraw.py
[2026-07-21T19:10:06.041+0000] {processor.py:925} INFO - DAG(s) 'synthetic_avito_to_raw_midraw' retrieved from /opt/airflow/dags/synthetic_avito_to_raw_midraw.py
[2026-07-21T19:10:06.061+0000] {logging_mixin.py:190} INFO - [2026-07-21T19:10:06.061+0000] {dag.py:3239} INFO - Sync 1 DAGs
[2026-07-21T19:10:06.078+0000] {logging_mixin.py:190} INFO - [2026-07-21T19:10:06.078+0000] {dag.py:4180} INFO - Setting next_dagrun for synthetic_avito_to_raw_midraw to 2026-07-21 18:00:00+00:00, run_after=2026-07-21 19:00:00+00:00
[2026-07-21T19:10:06.092+0000] {processor.py:208} INFO - Processing /opt/airflow/dags/synthetic_avito_to_raw_midraw.py took 0.083 seconds
[2026-07-21T19:10:36.329+0000] {processor.py:186} INFO - Started process (PID=209) to work on /opt/airflow/dags/synthetic_avito_to_raw_midraw.py
[2026-07-21T19:10:36.331+0000] {processor.py:914} INFO - Processing file /opt/airflow/dags/synthetic_avito_to_raw_midraw.py for tasks to queue
[2026-07-21T19:10:36.334+0000] {logging_mixin.py:190} INFO - [2026-07-21T19:10:36.334+0000] {dagbag.py:588} INFO - Filling up the DagBag from /opt/airflow/dags/synthetic_avito_to_raw_midraw.py
[2026-07-21T19:10:36.354+0000] {processor.py:925} INFO - DAG(s) 'synthetic_avito_to_raw_midraw' retrieved from /opt/airflow/dags/synthetic_avito_to_raw_midraw.py
[2026-07-21T19:10:36.372+0000] {logging_mixin.py:190} INFO - [2026-07-21T19:10:36.372+0000] {dag.py:3239} INFO - Sync 1 DAGs
[2026-07-21T19:10:36.386+0000] {logging_mixin.py:190} INFO - [2026-07-21T19:10:36.386+0000] {dag.py:4180} INFO - Setting next_dagrun for synthetic_avito_to_raw_midraw to 2026-07-21 18:00:00+00:00, run_after=2026-07-21 19:00:00+00:00
[2026-07-21T19:10:36.399+0000] {processor.py:208} INFO - Processing /opt/airflow/dags/synthetic_avito_to_raw_midraw.py took 0.073 seconds
[2026-07-21T19:11:06.607+0000] {processor.py:186} INFO - Started process (PID=211) to work on /opt/airflow/dags/synthetic_avito_to_raw_midraw.py
[2026-07-21T19:11:06.608+0000] {processor.py:914} INFO - Processing file /opt/airflow/dags/synthetic_avito_to_raw_midraw.py for tasks to queue
[2026-07-21T19:11:06.610+0000] {logging_mixin.py:190} INFO - [2026-07-21T19:11:06.609+0000] {dagbag.py:588} INFO - Filling up the DagBag from /opt/airflow/dags/synthetic_avito_to_raw_midraw.py
[2026-07-21T19:11:06.627+0000] {processor.py:925} INFO - DAG(s) 'synthetic_avito_to_raw_midraw' retrieved from /opt/airflow/dags/synthetic_avito_to_raw_midraw.py
[2026-07-21T19:11:06.646+0000] {logging_mixin.py:190} INFO - [2026-07-21T19:11:06.646+0000] {dag.py:3239} INFO - Sync 1 DAGs
[2026-07-21T19:11:06.660+0000] {logging_mixin.py:190} INFO - [2026-07-21T19:11:06.660+0000] {dag.py:4180} INFO - Setting next_dagrun for synthetic_avito_to_raw_midraw to 2026-07-21 18:00:00+00:00, run_after=2026-07-21 19:00:00+00:00
[2026-07-21T19:11:06.671+0000] {processor.py:208} INFO - Processing /opt/airflow/dags/synthetic_avito_to_raw_midraw.py took 0.071 seconds
[2026-07-21T19:11:36.894+0000] {processor.py:186} INFO - Started process (PID=213) to work on /opt/airflow/dags/synthetic_avito_to_raw_midraw.py
[2026-07-21T19:11:36.895+0000] {processor.py:914} INFO - Processing file /opt/airflow/dags/synthetic_avito_to_raw_midraw.py for tasks to queue
[2026-07-21T19:11:36.897+0000] {logging_mixin.py:190} INFO - [2026-07-21T19:11:36.897+0000] {dagbag.py:588} INFO - Filling up the DagBag from /opt/airflow/dags/synthetic_avito_to_raw_midraw.py
[2026-07-21T19:11:36.909+0000] {processor.py:925} INFO - DAG(s) 'synthetic_avito_to_raw_midraw' retrieved from /opt/airflow/dags/synthetic_avito_to_raw_midraw.py
[2026-07-21T19:11:36.930+0000] {logging_mixin.py:190} INFO - [2026-07-21T19:11:36.930+0000] {dag.py:3239} INFO - Sync 1 DAGs
[2026-07-21T19:11:36.942+0000] {logging_mixin.py:190} INFO - [2026-07-21T19:11:36.942+0000] {dag.py:4180} INFO - Setting next_dagrun for synthetic_avito_to_raw_midraw to 2026-07-21 18:00:00+00:00, run_after=2026-07-21 19:00:00+00:00
[2026-07-21T19:11:36.954+0000] {processor.py:208} INFO - Processing /opt/airflow/dags/synthetic_avito_to_raw_midraw.py took 0.065 seconds
[2026-07-21T19:12:07.225+0000] {processor.py:186} INFO - Started process (PID=215) to work on /opt/airflow/dags/synthetic_avito_to_raw_midraw.py
[2026-07-21T19:12:07.226+0000] {processor.py:914} INFO - Processing file /opt/airflow/dags/synthetic_avito_to_raw_midraw.py for tasks to queue
[2026-07-21T19:12:07.229+0000] {logging_mixin.py:190} INFO - [2026-07-21T19:12:07.228+0000] {dagbag.py:588} INFO - Filling up the DagBag from /opt/airflow/dags/synthetic_avito_to_raw_midraw.py
[2026-07-21T19:12:07.245+0000] {processor.py:925} INFO - DAG(s) 'synthetic_avito_to_raw_midraw' retrieved from /opt/airflow/dags/synthetic_avito_to_raw_midraw.py
[2026-07-21T19:12:07.264+0000] {logging_mixin.py:190} INFO - [2026-07-21T19:12:07.264+0000] {dag.py:3239} INFO - Sync 1 DAGs
[2026-07-21T19:12:07.275+0000] {logging_mixin.py:190} INFO - [2026-07-21T19:12:07.275+0000] {dag.py:4180} INFO - Setting next_dagrun for synthetic_avito_to_raw_midraw to 2026-07-21 18:00:00+00:00, run_after=2026-07-21 19:00:00+00:00
[2026-07-21T19:12:07.285+0000] {processor.py:208} INFO - Processing /opt/airflow/dags/synthetic_avito_to_raw_midraw.py took 0.063 seconds
[2026-07-21T19:12:37.555+0000] {processor.py:186} INFO - Started process (PID=217) to work on /opt/airflow/dags/synthetic_avito_to_raw_midraw.py
[2026-07-21T19:12:37.556+0000] {processor.py:914} INFO - Processing file /opt/airflow/dags/synthetic_avito_to_raw_midraw.py for tasks to queue
[2026-07-21T19:12:37.558+0000] {logging_mixin.py:190} INFO - [2026-07-21T19:12:37.558+0000] {dagbag.py:588} INFO - Filling up the DagBag from /opt/airflow/dags/synthetic_avito_to_raw_midraw.py
[2026-07-21T19:12:37.574+0000] {processor.py:925} INFO - DAG(s) 'synthetic_avito_to_raw_midraw' retrieved from /opt/airflow/dags/synthetic_avito_to_raw_midraw.py
[2026-07-21T19:12:37.592+0000] {logging_mixin.py:190} INFO - [2026-07-21T19:12:37.592+0000] {dag.py:3239} INFO - Sync 1 DAGs
[2026-07-21T19:12:37.606+0000] {logging_mixin.py:190} INFO - [2026-07-21T19:12:37.606+0000] {dag.py:4180} INFO - Setting next_dagrun for synthetic_avito_to_raw_midraw to 2026-07-21 18:00:00+00:00, run_after=2026-07-21 19:00:00+00:00
[2026-07-21T19:12:37.617+0000] {processor.py:208} INFO - Processing /opt/airflow/dags/synthetic_avito_to_raw_midraw.py took 0.068 seconds
[2026-07-21T19:13:07.790+0000] {processor.py:186} INFO - Started process (PID=219) to work on /opt/airflow/dags/synthetic_avito_to_raw_midraw.py
[2026-07-21T19:13:07.791+0000] {processor.py:914} INFO - Processing file /opt/airflow/dags/synthetic_avito_to_raw_midraw.py for tasks to queue
[2026-07-21T19:13:07.792+0000] {logging_mixin.py:190} INFO - [2026-07-21T19:13:07.792+0000] {dagbag.py:588} INFO - Filling up the DagBag from /opt/airflow/dags/synthetic_avito_to_raw_midraw.py
[2026-07-21T19:13:07.806+0000] {processor.py:925} INFO - DAG(s) 'synthetic_avito_to_raw_midraw' retrieved from /opt/airflow/dags/synthetic_avito_to_raw_midraw.py
[2026-07-21T19:13:07.825+0000] {logging_mixin.py:190} INFO - [2026-07-21T19:13:07.825+0000] {dag.py:3239} INFO - Sync 1 DAGs
[2026-07-21T19:13:07.839+0000] {logging_mixin.py:190} INFO - [2026-07-21T19:13:07.839+0000] {dag.py:4180} INFO - Setting next_dagrun for synthetic_avito_to_raw_midraw to 2026-07-21 18:00:00+00:00, run_after=2026-07-21 19:00:00+00:00
[2026-07-21T19:13:07.852+0000] {processor.py:208} INFO - Processing /opt/airflow/dags/synthetic_avito_to_raw_midraw.py took 0.067 seconds
[2026-07-21T19:13:38.119+0000] {processor.py:186} INFO - Started process (PID=221) to work on /opt/airflow/dags/synthetic_avito_to_raw_midraw.py
[2026-07-21T19:13:38.119+0000] {processor.py:914} INFO - Processing file /opt/airflow/dags/synthetic_avito_to_raw_midraw.py for tasks to queue
[2026-07-21T19:13:38.121+0000] {logging_mixin.py:190} INFO - [2026-07-21T19:13:38.121+0000] {dagbag.py:588} INFO - Filling up the DagBag from /opt/airflow/dags/synthetic_avito_to_raw_midraw.py
[2026-07-21T19:13:38.135+0000] {processor.py:925} INFO - DAG(s) 'synthetic_avito_to_raw_midraw' retrieved from /opt/airflow/dags/synthetic_avito_to_raw_midraw.py
[2026-07-21T19:13:38.151+0000] {logging_mixin.py:190} INFO - [2026-07-21T19:13:38.151+0000] {dag.py:3239} INFO - Sync 1 DAGs
[2026-07-21T19:13:38.162+0000] {logging_mixin.py:190} INFO - [2026-07-21T19:13:38.162+0000] {dag.py:4180} INFO - Setting next_dagrun for synthetic_avito_to_raw_midraw to 2026-07-21 18:00:00+00:00, run_after=2026-07-21 19:00:00+00:00
[2026-07-21T19:13:38.170+0000] {processor.py:208} INFO - Processing /opt/airflow/dags/synthetic_avito_to_raw_midraw.py took 0.055 seconds
[2026-07-21T19:14:08.416+0000] {processor.py:186} INFO - Started process (PID=223) to work on /opt/airflow/dags/synthetic_avito_to_raw_midraw.py
[2026-07-21T19:14:08.417+0000] {processor.py:914} INFO - Processing file /opt/airflow/dags/synthetic_avito_to_raw_midraw.py for tasks to queue
[2026-07-21T19:14:08.418+0000] {logging_mixin.py:190} INFO - [2026-07-21T19:14:08.418+0000] {dagbag.py:588} INFO - Filling up the DagBag from /opt/airflow/dags/synthetic_avito_to_raw_midraw.py
[2026-07-21T19:14:08.429+0000] {processor.py:925} INFO - DAG(s) 'synthetic_avito_to_raw_midraw' retrieved from /opt/airflow/dags/synthetic_avito_to_raw_midraw.py
[2026-07-21T19:14:08.448+0000] {logging_mixin.py:190} INFO - [2026-07-21T19:14:08.448+0000] {dag.py:3239} INFO - Sync 1 DAGs
[2026-07-21T19:14:08.460+0000] {logging_mixin.py:190} INFO - [2026-07-21T19:14:08.460+0000] {dag.py:4180} INFO - Setting next_dagrun for synthetic_avito_to_raw_midraw to 2026-07-21 18:00:00+00:00, run_after=2026-07-21 19:00:00+00:00
[2026-07-21T19:14:08.472+0000] {processor.py:208} INFO - Processing /opt/airflow/dags/synthetic_avito_to_raw_midraw.py took 0.060 seconds
[2026-07-21T19:14:38.749+0000] {processor.py:186} INFO - Started process (PID=225) to work on /opt/airflow/dags/synthetic_avito_to_raw_midraw.py
[2026-07-21T19:14:38.750+0000] {processor.py:914} INFO - Processing file /opt/airflow/dags/synthetic_avito_to_raw_midraw.py for tasks to queue
[2026-07-21T19:14:38.752+0000] {logging_mixin.py:190} INFO - [2026-07-21T19:14:38.752+0000] {dagbag.py:588} INFO - Filling up the DagBag from /opt/airflow/dags/synthetic_avito_to_raw_midraw.py
[2026-07-21T19:14:38.768+0000] {processor.py:925} INFO - DAG(s) 'synthetic_avito_to_raw_midraw' retrieved from /opt/airflow/dags/synthetic_avito_to_raw_midraw.py
[2026-07-21T19:14:38.787+0000] {logging_mixin.py:190} INFO - [2026-07-21T19:14:38.787+0000] {dag.py:3239} INFO - Sync 1 DAGs
[2026-07-21T19:14:38.800+0000] {logging_mixin.py:190} INFO - [2026-07-21T19:14:38.800+0000] {dag.py:4180} INFO - Setting next_dagrun for synthetic_avito_to_raw_midraw to 2026-07-21 18:00:00+00:00, run_after=2026-07-21 19:00:00+00:00
[2026-07-21T19:14:38.813+0000] {processor.py:208} INFO - Processing /opt/airflow/dags/synthetic_avito_to_raw_midraw.py took 0.070 seconds
[2026-07-21T19:15:09.095+0000] {processor.py:186} INFO - Started process (PID=227) to work on /opt/airflow/dags/synthetic_avito_to_raw_midraw.py
[2026-07-21T19:15:09.096+0000] {processor.py:914} INFO - Processing file /opt/airflow/dags/synthetic_avito_to_raw_midraw.py for tasks to queue
[2026-07-21T19:15:09.099+0000] {logging_mixin.py:190} INFO - [2026-07-21T19:15:09.098+0000] {dagbag.py:588} INFO - Filling up the DagBag from /opt/airflow/dags/synthetic_avito_to_raw_midraw.py
[2026-07-21T19:15:09.115+0000] {processor.py:925} INFO - DAG(s) 'synthetic_avito_to_raw_midraw' retrieved from /opt/airflow/dags/synthetic_avito_to_raw_midraw.py
[2026-07-21T19:15:09.130+0000] {logging_mixin.py:190} INFO - [2026-07-21T19:15:09.129+0000] {dag.py:3239} INFO - Sync 1 DAGs
[2026-07-21T19:15:09.142+0000] {logging_mixin.py:190} INFO - [2026-07-21T19:15:09.142+0000] {dag.py:4180} INFO - Setting next_dagrun for synthetic_avito_to_raw_midraw to 2026-07-21 18:00:00+00:00, run_after=2026-07-21 19:00:00+00:00
[2026-07-21T19:15:09.152+0000] {processor.py:208} INFO - Processing /opt/airflow/dags/synthetic_avito_to_raw_midraw.py took 0.061 seconds
[2026-07-21T19:15:39.388+0000] {processor.py:186} INFO - Started process (PID=229) to work on /opt/airflow/dags/synthetic_avito_to_raw_midraw.py
[2026-07-21T19:15:39.389+0000] {processor.py:914} INFO - Processing file /opt/airflow/dags/synthetic_avito_to_raw_midraw.py for tasks to queue
[2026-07-21T19:15:39.392+0000] {logging_mixin.py:190} INFO - [2026-07-21T19:15:39.391+0000] {dagbag.py:588} INFO - Filling up the DagBag from /opt/airflow/dags/synthetic_avito_to_raw_midraw.py
[2026-07-21T19:15:39.403+0000] {processor.py:925} INFO - DAG(s) 'synthetic_avito_to_raw_midraw' retrieved from /opt/airflow/dags/synthetic_avito_to_raw_midraw.py
[2026-07-21T19:15:39.416+0000] {logging_mixin.py:190} INFO - [2026-07-21T19:15:39.416+0000] {dag.py:3239} INFO - Sync 1 DAGs
[2026-07-21T19:15:39.429+0000] {logging_mixin.py:190} INFO - [2026-07-21T19:15:39.429+0000] {dag.py:4180} INFO - Setting next_dagrun for synthetic_avito_to_raw_midraw to 2026-07-21 18:00:00+00:00, run_after=2026-07-21 19:00:00+00:00
[2026-07-21T19:15:39.440+0000] {processor.py:208} INFO - Processing /opt/airflow/dags/synthetic_avito_to_raw_midraw.py took 0.057 seconds
[2026-07-21T19:16:09.730+0000] {processor.py:186} INFO - Started process (PID=231) to work on /opt/airflow/dags/synthetic_avito_to_raw_midraw.py
[2026-07-21T19:16:09.731+0000] {processor.py:914} INFO - Processing file /opt/airflow/dags/synthetic_avito_to_raw_midraw.py for tasks to queue
[2026-07-21T19:16:09.733+0000] {logging_mixin.py:190} INFO - [2026-07-21T19:16:09.733+0000] {dagbag.py:588} INFO - Filling up the DagBag from /opt/airflow/dags/synthetic_avito_to_raw_midraw.py
[2026-07-21T19:16:09.749+0000] {processor.py:925} INFO - DAG(s) 'synthetic_avito_to_raw_midraw' retrieved from /opt/airflow/dags/synthetic_avito_to_raw_midraw.py
[2026-07-21T19:16:09.769+0000] {logging_mixin.py:190} INFO - [2026-07-21T19:16:09.769+0000] {dag.py:3239} INFO - Sync 1 DAGs
[2026-07-21T19:16:09.783+0000] {logging_mixin.py:190} INFO - [2026-07-21T19:16:09.783+0000] {dag.py:4180} INFO - Setting next_dagrun for synthetic_avito_to_raw_midraw to 2026-07-21 18:00:00+00:00, run_after=2026-07-21 19:00:00+00:00
[2026-07-21T19:16:09.795+0000] {processor.py:208} INFO - Processing /opt/airflow/dags/synthetic_avito_to_raw_midraw.py took 0.071 seconds
[2026-07-21T19:16:40.084+0000] {processor.py:186} INFO - Started process (PID=233) to work on /opt/airflow/dags/synthetic_avito_to_raw_midraw.py
[2026-07-21T19:16:40.085+0000] {processor.py:914} INFO - Processing file /opt/airflow/dags/synthetic_avito_to_raw_midraw.py for tasks to queue
[2026-07-21T19:16:40.089+0000] {logging_mixin.py:190} INFO - [2026-07-21T19:16:40.088+0000] {dagbag.py:588} INFO - Filling up the DagBag from /opt/airflow/dags/synthetic_avito_to_raw_midraw.py
[2026-07-21T19:16:40.103+0000] {processor.py:925} INFO - DAG(s) 'synthetic_avito_to_raw_midraw' retrieved from /opt/airflow/dags/synthetic_avito_to_raw_midraw.py
[2026-07-21T19:16:40.125+0000] {logging_mixin.py:190} INFO - [2026-07-21T19:16:40.125+0000] {dag.py:3239} INFO - Sync 1 DAGs
[2026-07-21T19:16:40.140+0000] {logging_mixin.py:190} INFO - [2026-07-21T19:16:40.140+0000] {dag.py:4180} INFO - Setting next_dagrun for synthetic_avito_to_raw_midraw to 2026-07-21 18:00:00+00:00, run_after=2026-07-21 19:00:00+00:00
[2026-07-21T19:16:40.153+0000] {processor.py:208} INFO - Processing /opt/airflow/dags/synthetic_avito_to_raw_midraw.py took 0.075 seconds
[2026-07-21T19:17:10.372+0000] {processor.py:186} INFO - Started process (PID=235) to work on /opt/airflow/dags/synthetic_avito_to_raw_midraw.py
[2026-07-21T19:17:10.372+0000] {processor.py:914} INFO - Processing file /opt/airflow/dags/synthetic_avito_to_raw_midraw.py for tasks to queue
[2026-07-21T19:17:10.374+0000] {logging_mixin.py:190} INFO - [2026-07-21T19:17:10.373+0000] {dagbag.py:588} INFO - Filling up the DagBag from /opt/airflow/dags/synthetic_avito_to_raw_midraw.py
[2026-07-21T19:17:10.387+0000] {processor.py:925} INFO - DAG(s) 'synthetic_avito_to_raw_midraw' retrieved from /opt/airflow/dags/synthetic_avito_to_raw_midraw.py
[2026-07-21T19:17:10.406+0000] {logging_mixin.py:190} INFO - [2026-07-21T19:17:10.406+0000] {dag.py:3239} INFO - Sync 1 DAGs
[2026-07-21T19:17:10.420+0000] {logging_mixin.py:190} INFO - [2026-07-21T19:17:10.419+0000] {dag.py:4180} INFO - Setting next_dagrun for synthetic_avito_to_raw_midraw to 2026-07-21 18:00:00+00:00, run_after=2026-07-21 19:00:00+00:00
[2026-07-21T19:17:10.430+0000] {processor.py:208} INFO - Processing /opt/airflow/dags/synthetic_avito_to_raw_midraw.py took 0.062 seconds
[2026-07-21T19:17:40.729+0000] {processor.py:186} INFO - Started process (PID=237) to work on /opt/airflow/dags/synthetic_avito_to_raw_midraw.py
[2026-07-21T19:17:40.729+0000] {processor.py:914} INFO - Processing file /opt/airflow/dags/synthetic_avito_to_raw_midraw.py for tasks to queue
[2026-07-21T19:17:40.733+0000] {logging_mixin.py:190} INFO - [2026-07-21T19:17:40.732+0000] {dagbag.py:588} INFO - Filling up the DagBag from /opt/airflow/dags/synthetic_avito_to_raw_midraw.py
[2026-07-21T19:17:40.751+0000] {processor.py:925} INFO - DAG(s) 'synthetic_avito_to_raw_midraw' retrieved from /opt/airflow/dags/synthetic_avito_to_raw_midraw.py
[2026-07-21T19:17:40.772+0000] {logging_mixin.py:190} INFO - [2026-07-21T19:17:40.772+0000] {dag.py:3239} INFO - Sync 1 DAGs
[2026-07-21T19:17:40.787+0000] {logging_mixin.py:190} INFO - [2026-07-21T19:17:40.787+0000] {dag.py:4180} INFO - Setting next_dagrun for synthetic_avito_to_raw_midraw to 2026-07-21 18:00:00+00:00, run_after=2026-07-21 19:00:00+00:00
[2026-07-21T19:17:40.800+0000] {processor.py:208} INFO - Processing /opt/airflow/dags/synthetic_avito_to_raw_midraw.py took 0.077 seconds
[2026-07-21T19:18:11.046+0000] {processor.py:186} INFO - Started process (PID=239) to work on /opt/airflow/dags/synthetic_avito_to_raw_midraw.py
[2026-07-21T19:18:11.047+0000] {processor.py:914} INFO - Processing file /opt/airflow/dags/synthetic_avito_to_raw_midraw.py for tasks to queue
[2026-07-21T19:18:11.049+0000] {logging_mixin.py:190} INFO - [2026-07-21T19:18:11.049+0000] {dagbag.py:588} INFO - Filling up the DagBag from /opt/airflow/dags/synthetic_avito_to_raw_midraw.py
[2026-07-21T19:18:11.072+0000] {processor.py:925} INFO - DAG(s) 'synthetic_avito_to_raw_midraw' retrieved from /opt/airflow/dags/synthetic_avito_to_raw_midraw.py
[2026-07-21T19:18:11.088+0000] {logging_mixin.py:190} INFO - [2026-07-21T19:18:11.088+0000] {dag.py:3239} INFO - Sync 1 DAGs
[2026-07-21T19:18:11.101+0000] {logging_mixin.py:190} INFO - [2026-07-21T19:18:11.100+0000] {dag.py:4180} INFO - Setting next_dagrun for synthetic_avito_to_raw_midraw to 2026-07-21 18:00:00+00:00, run_after=2026-07-21 19:00:00+00:00
[2026-07-21T19:18:11.113+0000] {processor.py:208} INFO - Processing /opt/airflow/dags/synthetic_avito_to_raw_midraw.py took 0.073 seconds
[2026-07-21T19:18:41.285+0000] {processor.py:186} INFO - Started process (PID=241) to work on /opt/airflow/dags/synthetic_avito_to_raw_midraw.py
[2026-07-21T19:18:41.286+0000] {processor.py:914} INFO - Processing file /opt/airflow/dags/synthetic_avito_to_raw_midraw.py for tasks to queue
[2026-07-21T19:18:41.287+0000] {logging_mixin.py:190} INFO - [2026-07-21T19:18:41.287+0000] {dagbag.py:588} INFO - Filling up the DagBag from /opt/airflow/dags/synthetic_avito_to_raw_midraw.py
[2026-07-21T19:18:41.302+0000] {processor.py:925} INFO - DAG(s) 'synthetic_avito_to_raw_midraw' retrieved from /opt/airflow/dags/synthetic_avito_to_raw_midraw.py
[2026-07-21T19:18:41.321+0000] {logging_mixin.py:190} INFO - [2026-07-21T19:18:41.321+0000] {dag.py:3239} INFO - Sync 1 DAGs
[2026-07-21T19:18:41.338+0000] {logging_mixin.py:190} INFO - [2026-07-21T19:18:41.338+0000] {dag.py:4180} INFO - Setting next_dagrun for synthetic_avito_to_raw_midraw to 2026-07-21 18:00:00+00:00, run_after=2026-07-21 19:00:00+00:00
[2026-07-21T19:18:41.349+0000] {processor.py:208} INFO - Processing /opt/airflow/dags/synthetic_avito_to_raw_midraw.py took 0.068 seconds
[2026-07-21T19:19:11.573+0000] {processor.py:186} INFO - Started process (PID=243) to work on /opt/airflow/dags/synthetic_avito_to_raw_midraw.py
[2026-07-21T19:19:11.574+0000] {processor.py:914} INFO - Processing file /opt/airflow/dags/synthetic_avito_to_raw_midraw.py for tasks to queue
[2026-07-21T19:19:11.576+0000] {logging_mixin.py:190} INFO - [2026-07-21T19:19:11.576+0000] {dagbag.py:588} INFO - Filling up the DagBag from /opt/airflow/dags/synthetic_avito_to_raw_midraw.py
[2026-07-21T19:19:11.595+0000] {processor.py:925} INFO - DAG(s) 'synthetic_avito_to_raw_midraw' retrieved from /opt/airflow/dags/synthetic_avito_to_raw_midraw.py
[2026-07-21T19:19:11.616+0000] {logging_mixin.py:190} INFO - [2026-07-21T19:19:11.615+0000] {dag.py:3239} INFO - Sync 1 DAGs
[2026-07-21T19:19:11.631+0000] {logging_mixin.py:190} INFO - [2026-07-21T19:19:11.631+0000] {dag.py:4180} INFO - Setting next_dagrun for synthetic_avito_to_raw_midraw to 2026-07-21 18:00:00+00:00, run_after=2026-07-21 19:00:00+00:00
[2026-07-21T19:19:11.644+0000] {processor.py:208} INFO - Processing /opt/airflow/dags/synthetic_avito_to_raw_midraw.py took 0.077 seconds
[2026-07-21T19:19:41.943+0000] {processor.py:186} INFO - Started process (PID=245) to work on /opt/airflow/dags/synthetic_avito_to_raw_midraw.py
[2026-07-21T19:19:41.945+0000] {processor.py:914} INFO - Processing file /opt/airflow/dags/synthetic_avito_to_raw_midraw.py for tasks to queue
[2026-07-21T19:19:41.946+0000] {logging_mixin.py:190} INFO - [2026-07-21T19:19:41.946+0000] {dagbag.py:588} INFO - Filling up the DagBag from /opt/airflow/dags/synthetic_avito_to_raw_midraw.py
[2026-07-21T19:19:41.963+0000] {processor.py:925} INFO - DAG(s) 'synthetic_avito_to_raw_midraw' retrieved from /opt/airflow/dags/synthetic_avito_to_raw_midraw.py
[2026-07-21T19:19:41.981+0000] {logging_mixin.py:190} INFO - [2026-07-21T19:19:41.981+0000] {dag.py:3239} INFO - Sync 1 DAGs
[2026-07-21T19:19:41.994+0000] {logging_mixin.py:190} INFO - [2026-07-21T19:19:41.994+0000] {dag.py:4180} INFO - Setting next_dagrun for synthetic_avito_to_raw_midraw to 2026-07-21 18:00:00+00:00, run_after=2026-07-21 19:00:00+00:00
[2026-07-21T19:19:42.003+0000] {processor.py:208} INFO - Processing /opt/airflow/dags/synthetic_avito_to_raw_midraw.py took 0.064 seconds
[2026-07-21T19:20:12.249+0000] {processor.py:186} INFO - Started process (PID=247) to work on /opt/airflow/dags/synthetic_avito_to_raw_midraw.py
[2026-07-21T19:20:12.250+0000] {processor.py:914} INFO - Processing file /opt/airflow/dags/synthetic_avito_to_raw_midraw.py for tasks to queue
[2026-07-21T19:20:12.252+0000] {logging_mixin.py:190} INFO - [2026-07-21T19:20:12.251+0000] {dagbag.py:588} INFO - Filling up the DagBag from /opt/airflow/dags/synthetic_avito_to_raw_midraw.py
[2026-07-21T19:20:12.266+0000] {processor.py:925} INFO - DAG(s) 'synthetic_avito_to_raw_midraw' retrieved from /opt/airflow/dags/synthetic_avito_to_raw_midraw.py
[2026-07-21T19:20:12.286+0000] {logging_mixin.py:190} INFO - [2026-07-21T19:20:12.285+0000] {dag.py:3239} INFO - Sync 1 DAGs
[2026-07-21T19:20:12.301+0000] {logging_mixin.py:190} INFO - [2026-07-21T19:20:12.301+0000] {dag.py:4180} INFO - Setting next_dagrun for synthetic_avito_to_raw_midraw to 2026-07-21 18:00:00+00:00, run_after=2026-07-21 19:00:00+00:00
[2026-07-21T19:20:12.316+0000] {processor.py:208} INFO - Processing /opt/airflow/dags/synthetic_avito_to_raw_midraw.py took 0.071 seconds
[2026-07-21T19:20:42.546+0000] {processor.py:186} INFO - Started process (PID=249) to work on /opt/airflow/dags/synthetic_avito_to_raw_midraw.py
[2026-07-21T19:20:42.547+0000] {processor.py:914} INFO - Processing file /opt/airflow/dags/synthetic_avito_to_raw_midraw.py for tasks to queue
[2026-07-21T19:20:42.549+0000] {logging_mixin.py:190} INFO - [2026-07-21T19:20:42.549+0000] {dagbag.py:588} INFO - Filling up the DagBag from /opt/airflow/dags/synthetic_avito_to_raw_midraw.py
[2026-07-21T19:20:42.573+0000] {processor.py:925} INFO - DAG(s) 'synthetic_avito_to_raw_midraw' retrieved from /opt/airflow/dags/synthetic_avito_to_raw_midraw.py
[2026-07-21T19:20:42.590+0000] {logging_mixin.py:190} INFO - [2026-07-21T19:20:42.590+0000] {dag.py:3239} INFO - Sync 1 DAGs
[2026-07-21T19:20:42.604+0000] {logging_mixin.py:190} INFO - [2026-07-21T19:20:42.604+0000] {dag.py:4180} INFO - Setting next_dagrun for synthetic_avito_to_raw_midraw to 2026-07-21 18:00:00+00:00, run_after=2026-07-21 19:00:00+00:00
[2026-07-21T19:20:42.615+0000] {processor.py:208} INFO - Processing /opt/airflow/dags/synthetic_avito_to_raw_midraw.py took 0.073 seconds
[2026-07-21T19:21:12.843+0000] {processor.py:186} INFO - Started process (PID=251) to work on /opt/airflow/dags/synthetic_avito_to_raw_midraw.py
[2026-07-21T19:21:12.845+0000] {processor.py:914} INFO - Processing file /opt/airflow/dags/synthetic_avito_to_raw_midraw.py for tasks to queue
[2026-07-21T19:21:12.846+0000] {logging_mixin.py:190} INFO - [2026-07-21T19:21:12.846+0000] {dagbag.py:588} INFO - Filling up the DagBag from /opt/airflow/dags/synthetic_avito_to_raw_midraw.py
[2026-07-21T19:21:12.863+0000] {processor.py:925} INFO - DAG(s) 'synthetic_avito_to_raw_midraw' retrieved from /opt/airflow/dags/synthetic_avito_to_raw_midraw.py
[2026-07-21T19:21:12.883+0000] {logging_mixin.py:190} INFO - [2026-07-21T19:21:12.883+0000] {dag.py:3239} INFO - Sync 1 DAGs
[2026-07-21T19:21:12.898+0000] {logging_mixin.py:190} INFO - [2026-07-21T19:21:12.898+0000] {dag.py:4180} INFO - Setting next_dagrun for synthetic_avito_to_raw_midraw to 2026-07-21 18:00:00+00:00, run_after=2026-07-21 19:00:00+00:00
[2026-07-21T19:21:12.912+0000] {processor.py:208} INFO - Processing /opt/airflow/dags/synthetic_avito_to_raw_midraw.py took 0.073 seconds
[2026-07-21T19:21:43.159+0000] {processor.py:186} INFO - Started process (PID=253) to work on /opt/airflow/dags/synthetic_avito_to_raw_midraw.py
[2026-07-21T19:21:43.160+0000] {processor.py:914} INFO - Processing file /opt/airflow/dags/synthetic_avito_to_raw_midraw.py for tasks to queue
[2026-07-21T19:21:43.162+0000] {logging_mixin.py:190} INFO - [2026-07-21T19:21:43.162+0000] {dagbag.py:588} INFO - Filling up the DagBag from /opt/airflow/dags/synthetic_avito_to_raw_midraw.py
[2026-07-21T19:21:43.177+0000] {processor.py:925} INFO - DAG(s) 'synthetic_avito_to_raw_midraw' retrieved from /opt/airflow/dags/synthetic_avito_to_raw_midraw.py
[2026-07-21T19:21:43.201+0000] {logging_mixin.py:190} INFO - [2026-07-21T19:21:43.201+0000] {dag.py:3239} INFO - Sync 1 DAGs
[2026-07-21T19:21:43.219+0000] {logging_mixin.py:190} INFO - [2026-07-21T19:21:43.219+0000] {dag.py:4180} INFO - Setting next_dagrun for synthetic_avito_to_raw_midraw to 2026-07-21 18:00:00+00:00, run_after=2026-07-21 19:00:00+00:00
[2026-07-21T19:21:43.232+0000] {processor.py:208} INFO - Processing /opt/airflow/dags/synthetic_avito_to_raw_midraw.py took 0.079 seconds
[2026-07-21T19:22:13.453+0000] {processor.py:186} INFO - Started process (PID=255) to work on /opt/airflow/dags/synthetic_avito_to_raw_midraw.py
[2026-07-21T19:22:13.454+0000] {processor.py:914} INFO - Processing file /opt/airflow/dags/synthetic_avito_to_raw_midraw.py for tasks to queue
[2026-07-21T19:22:13.455+0000] {logging_mixin.py:190} INFO - [2026-07-21T19:22:13.455+0000] {dagbag.py:588} INFO - Filling up the DagBag from /opt/airflow/dags/synthetic_avito_to_raw_midraw.py
[2026-07-21T19:22:13.466+0000] {processor.py:925} INFO - DAG(s) 'synthetic_avito_to_raw_midraw' retrieved from /opt/airflow/dags/synthetic_avito_to_raw_midraw.py
[2026-07-21T19:22:13.489+0000] {logging_mixin.py:190} INFO - [2026-07-21T19:22:13.489+0000] {dag.py:3239} INFO - Sync 1 DAGs
[2026-07-21T19:22:13.502+0000] {logging_mixin.py:190} INFO - [2026-07-21T19:22:13.502+0000] {dag.py:4180} INFO - Setting next_dagrun for synthetic_avito_to_raw_midraw to 2026-07-21 18:00:00+00:00, run_after=2026-07-21 19:00:00+00:00
[2026-07-21T19:22:13.515+0000] {processor.py:208} INFO - Processing /opt/airflow/dags/synthetic_avito_to_raw_midraw.py took 0.066 seconds
[2026-07-21T19:22:43.790+0000] {processor.py:186} INFO - Started process (PID=257) to work on /opt/airflow/dags/synthetic_avito_to_raw_midraw.py
[2026-07-21T19:22:43.791+0000] {processor.py:914} INFO - Processing file /opt/airflow/dags/synthetic_avito_to_raw_midraw.py for tasks to queue
[2026-07-21T19:22:43.794+0000] {logging_mixin.py:190} INFO - [2026-07-21T19:22:43.793+0000] {dagbag.py:588} INFO - Filling up the DagBag from /opt/airflow/dags/synthetic_avito_to_raw_midraw.py
[2026-07-21T19:22:43.812+0000] {processor.py:925} INFO - DAG(s) 'synthetic_avito_to_raw_midraw' retrieved from /opt/airflow/dags/synthetic_avito_to_raw_midraw.py
[2026-07-21T19:22:43.839+0000] {logging_mixin.py:190} INFO - [2026-07-21T19:22:43.839+0000] {dag.py:3239} INFO - Sync 1 DAGs
[2026-07-21T19:22:43.885+0000] {logging_mixin.py:190} INFO - [2026-07-21T19:22:43.884+0000] {dag.py:4180} INFO - Setting next_dagrun for synthetic_avito_to_raw_midraw to 2026-07-21 18:00:00+00:00, run_after=2026-07-21 19:00:00+00:00
[2026-07-21T19:22:43.896+0000] {processor.py:208} INFO - Processing /opt/airflow/dags/synthetic_avito_to_raw_midraw.py took 0.112 seconds
[2026-07-21T19:23:14.139+0000] {processor.py:186} INFO - Started process (PID=259) to work on /opt/airflow/dags/synthetic_avito_to_raw_midraw.py
[2026-07-21T19:23:14.140+0000] {processor.py:914} INFO - Processing file /opt/airflow/dags/synthetic_avito_to_raw_midraw.py for tasks to queue
[2026-07-21T19:23:14.142+0000] {logging_mixin.py:190} INFO - [2026-07-21T19:23:14.142+0000] {dagbag.py:588} INFO - Filling up the DagBag from /opt/airflow/dags/synthetic_avito_to_raw_midraw.py
[2026-07-21T19:23:14.160+0000] {processor.py:925} INFO - DAG(s) 'synthetic_avito_to_raw_midraw' retrieved from /opt/airflow/dags/synthetic_avito_to_raw_midraw.py
[2026-07-21T19:23:14.181+0000] {logging_mixin.py:190} INFO - [2026-07-21T19:23:14.181+0000] {dag.py:3239} INFO - Sync 1 DAGs
[2026-07-21T19:23:14.195+0000] {logging_mixin.py:190} INFO - [2026-07-21T19:23:14.195+0000] {dag.py:4180} INFO - Setting next_dagrun for synthetic_avito_to_raw_midraw to 2026-07-21 18:00:00+00:00, run_after=2026-07-21 19:00:00+00:00
[2026-07-21T19:23:14.209+0000] {processor.py:208} INFO - Processing /opt/airflow/dags/synthetic_avito_to_raw_midraw.py took 0.078 seconds
[2026-07-21T19:23:44.527+0000] {processor.py:186} INFO - Started process (PID=261) to work on /opt/airflow/dags/synthetic_avito_to_raw_midraw.py
[2026-07-21T19:23:44.529+0000] {processor.py:914} INFO - Processing file /opt/airflow/dags/synthetic_avito_to_raw_midraw.py for tasks to queue
[2026-07-21T19:23:44.538+0000] {logging_mixin.py:190} INFO - [2026-07-21T19:23:44.538+0000] {dagbag.py:588} INFO - Filling up the DagBag from /opt/airflow/dags/synthetic_avito_to_raw_midraw.py
[2026-07-21T19:23:44.588+0000] {processor.py:925} INFO - DAG(s) 'synthetic_avito_to_raw_midraw' retrieved from /opt/airflow/dags/synthetic_avito_to_raw_midraw.py
[2026-07-21T19:23:44.615+0000] {logging_mixin.py:190} INFO - [2026-07-21T19:23:44.615+0000] {dag.py:3239} INFO - Sync 1 DAGs
[2026-07-21T19:23:44.633+0000] {logging_mixin.py:190} INFO - [2026-07-21T19:23:44.633+0000] {dag.py:4180} INFO - Setting next_dagrun for synthetic_avito_to_raw_midraw to 2026-07-21 18:00:00+00:00, run_after=2026-07-21 19:00:00+00:00
[2026-07-21T19:23:44.646+0000] {processor.py:208} INFO - Processing /opt/airflow/dags/synthetic_avito_to_raw_midraw.py took 0.135 seconds
[2026-07-21T19:24:14.841+0000] {processor.py:186} INFO - Started process (PID=263) to work on /opt/airflow/dags/synthetic_avito_to_raw_midraw.py
[2026-07-21T19:24:14.843+0000] {processor.py:914} INFO - Processing file /opt/airflow/dags/synthetic_avito_to_raw_midraw.py for tasks to queue
[2026-07-21T19:24:14.845+0000] {logging_mixin.py:190} INFO - [2026-07-21T19:24:14.845+0000] {dagbag.py:588} INFO - Filling up the DagBag from /opt/airflow/dags/synthetic_avito_to_raw_midraw.py
[2026-07-21T19:24:14.866+0000] {processor.py:925} INFO - DAG(s) 'synthetic_avito_to_raw_midraw' retrieved from /opt/airflow/dags/synthetic_avito_to_raw_midraw.py
[2026-07-21T19:24:14.889+0000] {logging_mixin.py:190} INFO - [2026-07-21T19:24:14.889+0000] {dag.py:3239} INFO - Sync 1 DAGs
[2026-07-21T19:24:14.904+0000] {logging_mixin.py:190} INFO - [2026-07-21T19:24:14.904+0000] {dag.py:4180} INFO - Setting next_dagrun for synthetic_avito_to_raw_midraw to 2026-07-21 18:00:00+00:00, run_after=2026-07-21 19:00:00+00:00
[2026-07-21T19:24:14.916+0000] {processor.py:208} INFO - Processing /opt/airflow/dags/synthetic_avito_to_raw_midraw.py took 0.084 seconds
[2026-07-21T19:24:45.096+0000] {processor.py:186} INFO - Started process (PID=265) to work on /opt/airflow/dags/synthetic_avito_to_raw_midraw.py
[2026-07-21T19:24:45.097+0000] {processor.py:914} INFO - Processing file /opt/airflow/dags/synthetic_avito_to_raw_midraw.py for tasks to queue
[2026-07-21T19:24:45.098+0000] {logging_mixin.py:190} INFO - [2026-07-21T19:24:45.098+0000] {dagbag.py:588} INFO - Filling up the DagBag from /opt/airflow/dags/synthetic_avito_to_raw_midraw.py
[2026-07-21T19:24:45.108+0000] {processor.py:925} INFO - DAG(s) 'synthetic_avito_to_raw_midraw' retrieved from /opt/airflow/dags/synthetic_avito_to_raw_midraw.py
[2026-07-21T19:24:45.125+0000] {logging_mixin.py:190} INFO - [2026-07-21T19:24:45.124+0000] {dag.py:3239} INFO - Sync 1 DAGs
[2026-07-21T19:24:45.136+0000] {logging_mixin.py:190} INFO - [2026-07-21T19:24:45.136+0000] {dag.py:4180} INFO - Setting next_dagrun for synthetic_avito_to_raw_midraw to 2026-07-21 18:00:00+00:00, run_after=2026-07-21 19:00:00+00:00
[2026-07-21T19:24:45.146+0000] {processor.py:208} INFO - Processing /opt/airflow/dags/synthetic_avito_to_raw_midraw.py took 0.054 seconds
[2026-07-21T19:25:15.430+0000] {processor.py:186} INFO - Started process (PID=267) to work on /opt/airflow/dags/synthetic_avito_to_raw_midraw.py
[2026-07-21T19:25:15.432+0000] {processor.py:914} INFO - Processing file /opt/airflow/dags/synthetic_avito_to_raw_midraw.py for tasks to queue
[2026-07-21T19:25:15.435+0000] {logging_mixin.py:190} INFO - [2026-07-21T19:25:15.434+0000] {dagbag.py:588} INFO - Filling up the DagBag from /opt/airflow/dags/synthetic_avito_to_raw_midraw.py
[2026-07-21T19:25:15.455+0000] {processor.py:925} INFO - DAG(s) 'synthetic_avito_to_raw_midraw' retrieved from /opt/airflow/dags/synthetic_avito_to_raw_midraw.py
[2026-07-21T19:25:15.477+0000] {logging_mixin.py:190} INFO - [2026-07-21T19:25:15.476+0000] {dag.py:3239} INFO - Sync 1 DAGs
[2026-07-21T19:25:15.491+0000] {logging_mixin.py:190} INFO - [2026-07-21T19:25:15.491+0000] {dag.py:4180} INFO - Setting next_dagrun for synthetic_avito_to_raw_midraw to 2026-07-21 18:00:00+00:00, run_after=2026-07-21 19:00:00+00:00
[2026-07-21T19:25:15.506+0000] {processor.py:208} INFO - Processing /opt/airflow/dags/synthetic_avito_to_raw_midraw.py took 0.083 seconds
[2026-07-21T19:25:45.734+0000] {processor.py:186} INFO - Started process (PID=269) to work on /opt/airflow/dags/synthetic_avito_to_raw_midraw.py
[2026-07-21T19:25:45.735+0000] {processor.py:914} INFO - Processing file /opt/airflow/dags/synthetic_avito_to_raw_midraw.py for tasks to queue
[2026-07-21T19:25:45.738+0000] {logging_mixin.py:190} INFO - [2026-07-21T19:25:45.737+0000] {dagbag.py:588} INFO - Filling up the DagBag from /opt/airflow/dags/synthetic_avito_to_raw_midraw.py
[2026-07-21T19:25:45.757+0000] {processor.py:925} INFO - DAG(s) 'synthetic_avito_to_raw_midraw' retrieved from /opt/airflow/dags/synthetic_avito_to_raw_midraw.py
[2026-07-21T19:25:45.777+0000] {logging_mixin.py:190} INFO - [2026-07-21T19:25:45.777+0000] {dag.py:3239} INFO - Sync 1 DAGs
[2026-07-21T19:25:45.792+0000] {logging_mixin.py:190} INFO - [2026-07-21T19:25:45.792+0000] {dag.py:4180} INFO - Setting next_dagrun for synthetic_avito_to_raw_midraw to 2026-07-21 18:00:00+00:00, run_after=2026-07-21 19:00:00+00:00
[2026-07-21T19:25:45.806+0000] {processor.py:208} INFO - Processing /opt/airflow/dags/synthetic_avito_to_raw_midraw.py took 0.078 seconds
[2026-07-21T19:26:16.051+0000] {processor.py:186} INFO - Started process (PID=271) to work on /opt/airflow/dags/synthetic_avito_to_raw_midraw.py
[2026-07-21T19:26:16.052+0000] {processor.py:914} INFO - Processing file /opt/airflow/dags/synthetic_avito_to_raw_midraw.py for tasks to queue
[2026-07-21T19:26:16.054+0000] {logging_mixin.py:190} INFO - [2026-07-21T19:26:16.054+0000] {dagbag.py:588} INFO - Filling up the DagBag from /opt/airflow/dags/synthetic_avito_to_raw_midraw.py
[2026-07-21T19:26:16.073+0000] {processor.py:925} INFO - DAG(s) 'synthetic_avito_to_raw_midraw' retrieved from /opt/airflow/dags/synthetic_avito_to_raw_midraw.py
[2026-07-21T19:26:16.096+0000] {logging_mixin.py:190} INFO - [2026-07-21T19:26:16.096+0000] {dag.py:3239} INFO - Sync 1 DAGs
[2026-07-21T19:26:16.112+0000] {logging_mixin.py:190} INFO - [2026-07-21T19:26:16.112+0000] {dag.py:4180} INFO - Setting next_dagrun for synthetic_avito_to_raw_midraw to 2026-07-21 18:00:00+00:00, run_after=2026-07-21 19:00:00+00:00
[2026-07-21T19:26:16.125+0000] {processor.py:208} INFO - Processing /opt/airflow/dags/synthetic_avito_to_raw_midraw.py took 0.081 seconds
[2026-07-21T19:26:46.394+0000] {processor.py:186} INFO - Started process (PID=273) to work on /opt/airflow/dags/synthetic_avito_to_raw_midraw.py
[2026-07-21T19:26:46.395+0000] {processor.py:914} INFO - Processing file /opt/airflow/dags/synthetic_avito_to_raw_midraw.py for tasks to queue
[2026-07-21T19:26:46.398+0000] {logging_mixin.py:190} INFO - [2026-07-21T19:26:46.398+0000] {dagbag.py:588} INFO - Filling up the DagBag from /opt/airflow/dags/synthetic_avito_to_raw_midraw.py
[2026-07-21T19:26:46.421+0000] {processor.py:925} INFO - DAG(s) 'synthetic_avito_to_raw_midraw' retrieved from /opt/airflow/dags/synthetic_avito_to_raw_midraw.py
[2026-07-21T19:26:46.441+0000] {logging_mixin.py:190} INFO - [2026-07-21T19:26:46.441+0000] {dag.py:3239} INFO - Sync 1 DAGs
[2026-07-21T19:26:46.456+0000] {logging_mixin.py:190} INFO - [2026-07-21T19:26:46.456+0000] {dag.py:4180} INFO - Setting next_dagrun for synthetic_avito_to_raw_midraw to 2026-07-21 18:00:00+00:00, run_after=2026-07-21 19:00:00+00:00
[2026-07-21T19:26:46.468+0000] {processor.py:208} INFO - Processing /opt/airflow/dags/synthetic_avito_to_raw_midraw.py took 0.080 seconds
[2026-07-21T19:27:16.679+0000] {processor.py:186} INFO - Started process (PID=275) to work on /opt/airflow/dags/synthetic_avito_to_raw_midraw.py
[2026-07-21T19:27:16.680+0000] {processor.py:914} INFO - Processing file /opt/airflow/dags/synthetic_avito_to_raw_midraw.py for tasks to queue
[2026-07-21T19:27:16.682+0000] {logging_mixin.py:190} INFO - [2026-07-21T19:27:16.682+0000] {dagbag.py:588} INFO - Filling up the DagBag from /opt/airflow/dags/synthetic_avito_to_raw_midraw.py
[2026-07-21T19:27:16.703+0000] {processor.py:925} INFO - DAG(s) 'synthetic_avito_to_raw_midraw' retrieved from /opt/airflow/dags/synthetic_avito_to_raw_midraw.py
[2026-07-21T19:27:16.725+0000] {logging_mixin.py:190} INFO - [2026-07-21T19:27:16.725+0000] {dag.py:3239} INFO - Sync 1 DAGs
[2026-07-21T19:27:16.743+0000] {logging_mixin.py:190} INFO - [2026-07-21T19:27:16.742+0000] {dag.py:4180} INFO - Setting next_dagrun for synthetic_avito_to_raw_midraw to 2026-07-21 18:00:00+00:00, run_after=2026-07-21 19:00:00+00:00
[2026-07-21T19:27:16.754+0000] {processor.py:208} INFO - Processing /opt/airflow/dags/synthetic_avito_to_raw_midraw.py took 0.081 seconds
[2026-07-21T19:27:46.982+0000] {processor.py:186} INFO - Started process (PID=277) to work on /opt/airflow/dags/synthetic_avito_to_raw_midraw.py
[2026-07-21T19:27:46.983+0000] {processor.py:914} INFO - Processing file /opt/airflow/dags/synthetic_avito_to_raw_midraw.py for tasks to queue
[2026-07-21T19:27:46.985+0000] {logging_mixin.py:190} INFO - [2026-07-21T19:27:46.985+0000] {dagbag.py:588} INFO - Filling up the DagBag from /opt/airflow/dags/synthetic_avito_to_raw_midraw.py
[2026-07-21T19:27:46.998+0000] {processor.py:925} INFO - DAG(s) 'synthetic_avito_to_raw_midraw' retrieved from /opt/airflow/dags/synthetic_avito_to_raw_midraw.py
[2026-07-21T19:27:47.019+0000] {logging_mixin.py:190} INFO - [2026-07-21T19:27:47.019+0000] {dag.py:3239} INFO - Sync 1 DAGs
[2026-07-21T19:27:47.035+0000] {logging_mixin.py:190} INFO - [2026-07-21T19:27:47.034+0000] {dag.py:4180} INFO - Setting next_dagrun for synthetic_avito_to_raw_midraw to 2026-07-21 18:00:00+00:00, run_after=2026-07-21 19:00:00+00:00
[2026-07-21T19:27:47.045+0000] {processor.py:208} INFO - Processing /opt/airflow/dags/synthetic_avito_to_raw_midraw.py took 0.068 seconds
[2026-07-21T19:28:17.287+0000] {processor.py:186} INFO - Started process (PID=279) to work on /opt/airflow/dags/synthetic_avito_to_raw_midraw.py
[2026-07-21T19:28:17.288+0000] {processor.py:914} INFO - Processing file /opt/airflow/dags/synthetic_avito_to_raw_midraw.py for tasks to queue
[2026-07-21T19:28:17.290+0000] {logging_mixin.py:190} INFO - [2026-07-21T19:28:17.289+0000] {dagbag.py:588} INFO - Filling up the DagBag from /opt/airflow/dags/synthetic_avito_to_raw_midraw.py
[2026-07-21T19:28:17.304+0000] {processor.py:925} INFO - DAG(s) 'synthetic_avito_to_raw_midraw' retrieved from /opt/airflow/dags/synthetic_avito_to_raw_midraw.py
[2026-07-21T19:28:17.319+0000] {logging_mixin.py:190} INFO - [2026-07-21T19:28:17.319+0000] {dag.py:3239} INFO - Sync 1 DAGs
[2026-07-21T19:28:17.329+0000] {logging_mixin.py:190} INFO - [2026-07-21T19:28:17.329+0000] {dag.py:4180} INFO - Setting next_dagrun for synthetic_avito_to_raw_midraw to 2026-07-21 18:00:00+00:00, run_after=2026-07-21 19:00:00+00:00
[2026-07-21T19:28:17.342+0000] {processor.py:208} INFO - Processing /opt/airflow/dags/synthetic_avito_to_raw_midraw.py took 0.058 seconds
[2026-07-21T19:28:47.606+0000] {processor.py:186} INFO - Started process (PID=281) to work on /opt/airflow/dags/synthetic_avito_to_raw_midraw.py
[2026-07-21T19:28:47.607+0000] {processor.py:914} INFO - Processing file /opt/airflow/dags/synthetic_avito_to_raw_midraw.py for tasks to queue
[2026-07-21T19:28:47.609+0000] {logging_mixin.py:190} INFO - [2026-07-21T19:28:47.608+0000] {dagbag.py:588} INFO - Filling up the DagBag from /opt/airflow/dags/synthetic_avito_to_raw_midraw.py
[2026-07-21T19:28:47.620+0000] {processor.py:925} INFO - DAG(s) 'synthetic_avito_to_raw_midraw' retrieved from /opt/airflow/dags/synthetic_avito_to_raw_midraw.py
[2026-07-21T19:28:47.636+0000] {logging_mixin.py:190} INFO - [2026-07-21T19:28:47.636+0000] {dag.py:3239} INFO - Sync 1 DAGs
[2026-07-21T19:28:47.652+0000] {logging_mixin.py:190} INFO - [2026-07-21T19:28:47.651+0000] {dag.py:4180} INFO - Setting next_dagrun for synthetic_avito_to_raw_midraw to 2026-07-21 18:00:00+00:00, run_after=2026-07-21 19:00:00+00:00
[2026-07-21T19:28:47.661+0000] {processor.py:208} INFO - Processing /opt/airflow/dags/synthetic_avito_to_raw_midraw.py took 0.058 seconds
[2026-07-21T19:29:17.920+0000] {processor.py:186} INFO - Started process (PID=283) to work on /opt/airflow/dags/synthetic_avito_to_raw_midraw.py
[2026-07-21T19:29:17.921+0000] {processor.py:914} INFO - Processing file /opt/airflow/dags/synthetic_avito_to_raw_midraw.py for tasks to queue
[2026-07-21T19:29:17.925+0000] {logging_mixin.py:190} INFO - [2026-07-21T19:29:17.925+0000] {dagbag.py:588} INFO - Filling up the DagBag from /opt/airflow/dags/synthetic_avito_to_raw_midraw.py
[2026-07-21T19:29:17.941+0000] {processor.py:925} INFO - DAG(s) 'synthetic_avito_to_raw_midraw' retrieved from /opt/airflow/dags/synthetic_avito_to_raw_midraw.py
[2026-07-21T19:29:17.959+0000] {logging_mixin.py:190} INFO - [2026-07-21T19:29:17.959+0000] {dag.py:3239} INFO - Sync 1 DAGs
[2026-07-21T19:29:17.973+0000] {logging_mixin.py:190} INFO - [2026-07-21T19:29:17.972+0000] {dag.py:4180} INFO - Setting next_dagrun for synthetic_avito_to_raw_midraw to 2026-07-21 18:00:00+00:00, run_after=2026-07-21 19:00:00+00:00
[2026-07-21T19:29:17.985+0000] {processor.py:208} INFO - Processing /opt/airflow/dags/synthetic_avito_to_raw_midraw.py took 0.069 seconds
[2026-07-21T19:29:48.191+0000] {processor.py:186} INFO - Started process (PID=285) to work on /opt/airflow/dags/synthetic_avito_to_raw_midraw.py
[2026-07-21T19:29:48.192+0000] {processor.py:914} INFO - Processing file /opt/airflow/dags/synthetic_avito_to_raw_midraw.py for tasks to queue
[2026-07-21T19:29:48.194+0000] {logging_mixin.py:190} INFO - [2026-07-21T19:29:48.194+0000] {dagbag.py:588} INFO - Filling up the DagBag from /opt/airflow/dags/synthetic_avito_to_raw_midraw.py
[2026-07-21T19:29:48.215+0000] {processor.py:925} INFO - DAG(s) 'synthetic_avito_to_raw_midraw' retrieved from /opt/airflow/dags/synthetic_avito_to_raw_midraw.py
[2026-07-21T19:29:48.235+0000] {logging_mixin.py:190} INFO - [2026-07-21T19:29:48.235+0000] {dag.py:3239} INFO - Sync 1 DAGs
[2026-07-21T19:29:48.250+0000] {logging_mixin.py:190} INFO - [2026-07-21T19:29:48.250+0000] {dag.py:4180} INFO - Setting next_dagrun for synthetic_avito_to_raw_midraw to 2026-07-21 18:00:00+00:00, run_after=2026-07-21 19:00:00+00:00
[2026-07-21T19:29:48.260+0000] {processor.py:208} INFO - Processing /opt/airflow/dags/synthetic_avito_to_raw_midraw.py took 0.075 seconds
[2026-07-21T19:30:18.523+0000] {processor.py:186} INFO - Started process (PID=287) to work on /opt/airflow/dags/synthetic_avito_to_raw_midraw.py
[2026-07-21T19:30:18.524+0000] {processor.py:914} INFO - Processing file /opt/airflow/dags/synthetic_avito_to_raw_midraw.py for tasks to queue
[2026-07-21T19:30:18.529+0000] {logging_mixin.py:190} INFO - [2026-07-21T19:30:18.529+0000] {dagbag.py:588} INFO - Filling up the DagBag from /opt/airflow/dags/synthetic_avito_to_raw_midraw.py
[2026-07-21T19:30:18.546+0000] {processor.py:925} INFO - DAG(s) 'synthetic_avito_to_raw_midraw' retrieved from /opt/airflow/dags/synthetic_avito_to_raw_midraw.py
[2026-07-21T19:30:18.566+0000] {logging_mixin.py:190} INFO - [2026-07-21T19:30:18.566+0000] {dag.py:3239} INFO - Sync 1 DAGs
[2026-07-21T19:30:18.579+0000] {logging_mixin.py:190} INFO - [2026-07-21T19:30:18.579+0000] {dag.py:4180} INFO - Setting next_dagrun for synthetic_avito_to_raw_midraw to 2026-07-21 18:00:00+00:00, run_after=2026-07-21 19:00:00+00:00
[2026-07-21T19:30:18.590+0000] {processor.py:208} INFO - Processing /opt/airflow/dags/synthetic_avito_to_raw_midraw.py took 0.072 seconds
[2026-07-21T19:30:48.820+0000] {processor.py:186} INFO - Started process (PID=289) to work on /opt/airflow/dags/synthetic_avito_to_raw_midraw.py
[2026-07-21T19:30:48.821+0000] {processor.py:914} INFO - Processing file /opt/airflow/dags/synthetic_avito_to_raw_midraw.py for tasks to queue
[2026-07-21T19:30:48.824+0000] {logging_mixin.py:190} INFO - [2026-07-21T19:30:48.823+0000] {dagbag.py:588} INFO - Filling up the DagBag from /opt/airflow/dags/synthetic_avito_to_raw_midraw.py
[2026-07-21T19:30:48.839+0000] {processor.py:925} INFO - DAG(s) 'synthetic_avito_to_raw_midraw' retrieved from /opt/airflow/dags/synthetic_avito_to_raw_midraw.py
[2026-07-21T19:30:48.859+0000] {logging_mixin.py:190} INFO - [2026-07-21T19:30:48.859+0000] {dag.py:3239} INFO - Sync 1 DAGs
[2026-07-21T19:30:48.871+0000] {logging_mixin.py:190} INFO - [2026-07-21T19:30:48.871+0000] {dag.py:4180} INFO - Setting next_dagrun for synthetic_avito_to_raw_midraw to 2026-07-21 18:00:00+00:00, run_after=2026-07-21 19:00:00+00:00
[2026-07-21T19:30:48.881+0000] {processor.py:208} INFO - Processing /opt/airflow/dags/synthetic_avito_to_raw_midraw.py took 0.066 seconds
[2026-07-21T19:31:19.074+0000] {processor.py:186} INFO - Started process (PID=291) to work on /opt/airflow/dags/synthetic_avito_to_raw_midraw.py
[2026-07-21T19:31:19.074+0000] {processor.py:914} INFO - Processing file /opt/airflow/dags/synthetic_avito_to_raw_midraw.py for tasks to queue
[2026-07-21T19:31:19.076+0000] {logging_mixin.py:190} INFO - [2026-07-21T19:31:19.075+0000] {dagbag.py:588} INFO - Filling up the DagBag from /opt/airflow/dags/synthetic_avito_to_raw_midraw.py
[2026-07-21T19:31:19.092+0000] {processor.py:925} INFO - DAG(s) 'synthetic_avito_to_raw_midraw' retrieved from /opt/airflow/dags/synthetic_avito_to_raw_midraw.py
[2026-07-21T19:31:19.108+0000] {logging_mixin.py:190} INFO - [2026-07-21T19:31:19.108+0000] {dag.py:3239} INFO - Sync 1 DAGs
[2026-07-21T19:31:19.120+0000] {logging_mixin.py:190} INFO - [2026-07-21T19:31:19.120+0000] {dag.py:4180} INFO - Setting next_dagrun for synthetic_avito_to_raw_midraw to 2026-07-21 18:00:00+00:00, run_after=2026-07-21 19:00:00+00:00
[2026-07-21T19:31:19.132+0000] {processor.py:208} INFO - Processing /opt/airflow/dags/synthetic_avito_to_raw_midraw.py took 0.061 seconds
[2026-07-21T19:31:49.502+0000] {processor.py:186} INFO - Started process (PID=293) to work on /opt/airflow/dags/synthetic_avito_to_raw_midraw.py
[2026-07-21T19:31:49.503+0000] {processor.py:914} INFO - Processing file /opt/airflow/dags/synthetic_avito_to_raw_midraw.py for tasks to queue
[2026-07-21T19:31:49.505+0000] {logging_mixin.py:190} INFO - [2026-07-21T19:31:49.505+0000] {dagbag.py:588} INFO - Filling up the DagBag from /opt/airflow/dags/synthetic_avito_to_raw_midraw.py
[2026-07-21T19:31:49.522+0000] {processor.py:925} INFO - DAG(s) 'synthetic_avito_to_raw_midraw' retrieved from /opt/airflow/dags/synthetic_avito_to_raw_midraw.py
[2026-07-21T19:31:49.552+0000] {logging_mixin.py:190} INFO - [2026-07-21T19:31:49.552+0000] {dag.py:3239} INFO - Sync 1 DAGs
[2026-07-21T19:31:49.566+0000] {logging_mixin.py:190} INFO - [2026-07-21T19:31:49.565+0000] {dag.py:4180} INFO - Setting next_dagrun for synthetic_avito_to_raw_midraw to 2026-07-21 18:00:00+00:00, run_after=2026-07-21 19:00:00+00:00
[2026-07-21T19:31:49.578+0000] {processor.py:208} INFO - Processing /opt/airflow/dags/synthetic_avito_to_raw_midraw.py took 0.083 seconds
[2026-07-21T19:32:19.862+0000] {processor.py:186} INFO - Started process (PID=295) to work on /opt/airflow/dags/synthetic_avito_to_raw_midraw.py
[2026-07-21T19:32:19.864+0000] {processor.py:914} INFO - Processing file /opt/airflow/dags/synthetic_avito_to_raw_midraw.py for tasks to queue
[2026-07-21T19:32:19.865+0000] {logging_mixin.py:190} INFO - [2026-07-21T19:32:19.865+0000] {dagbag.py:588} INFO - Filling up the DagBag from /opt/airflow/dags/synthetic_avito_to_raw_midraw.py
[2026-07-21T19:32:19.880+0000] {processor.py:925} INFO - DAG(s) 'synthetic_avito_to_raw_midraw' retrieved from /opt/airflow/dags/synthetic_avito_to_raw_midraw.py
[2026-07-21T19:32:19.899+0000] {logging_mixin.py:190} INFO - [2026-07-21T19:32:19.899+0000] {dag.py:3239} INFO - Sync 1 DAGs
[2026-07-21T19:32:19.916+0000] {logging_mixin.py:190} INFO - [2026-07-21T19:32:19.916+0000] {dag.py:4180} INFO - Setting next_dagrun for synthetic_avito_to_raw_midraw to 2026-07-21 18:00:00+00:00, run_after=2026-07-21 19:00:00+00:00
[2026-07-21T19:32:19.929+0000] {processor.py:208} INFO - Processing /opt/airflow/dags/synthetic_avito_to_raw_midraw.py took 0.073 seconds
[2026-07-21T19:32:50.157+0000] {processor.py:186} INFO - Started process (PID=297) to work on /opt/airflow/dags/synthetic_avito_to_raw_midraw.py
[2026-07-21T19:32:50.158+0000] {processor.py:914} INFO - Processing file /opt/airflow/dags/synthetic_avito_to_raw_midraw.py for tasks to queue
[2026-07-21T19:32:50.161+0000] {logging_mixin.py:190} INFO - [2026-07-21T19:32:50.161+0000] {dagbag.py:588} INFO - Filling up the DagBag from /opt/airflow/dags/synthetic_avito_to_raw_midraw.py
[2026-07-21T19:32:50.180+0000] {processor.py:925} INFO - DAG(s) 'synthetic_avito_to_raw_midraw' retrieved from /opt/airflow/dags/synthetic_avito_to_raw_midraw.py
[2026-07-21T19:32:50.202+0000] {logging_mixin.py:190} INFO - [2026-07-21T19:32:50.202+0000] {dag.py:3239} INFO - Sync 1 DAGs
[2026-07-21T19:32:50.219+0000] {logging_mixin.py:190} INFO - [2026-07-21T19:32:50.219+0000] {dag.py:4180} INFO - Setting next_dagrun for synthetic_avito_to_raw_midraw to 2026-07-21 18:00:00+00:00, run_after=2026-07-21 19:00:00+00:00
[2026-07-21T19:32:50.230+0000] {processor.py:208} INFO - Processing /opt/airflow/dags/synthetic_avito_to_raw_midraw.py took 0.079 seconds
[2026-07-21T19:33:20.482+0000] {processor.py:186} INFO - Started process (PID=299) to work on /opt/airflow/dags/synthetic_avito_to_raw_midraw.py
[2026-07-21T19:33:20.483+0000] {processor.py:914} INFO - Processing file /opt/airflow/dags/synthetic_avito_to_raw_midraw.py for tasks to queue
[2026-07-21T19:33:20.485+0000] {logging_mixin.py:190} INFO - [2026-07-21T19:33:20.485+0000] {dagbag.py:588} INFO - Filling up the DagBag from /opt/airflow/dags/synthetic_avito_to_raw_midraw.py
[2026-07-21T19:33:20.497+0000] {processor.py:925} INFO - DAG(s) 'synthetic_avito_to_raw_midraw' retrieved from /opt/airflow/dags/synthetic_avito_to_raw_midraw.py
[2026-07-21T19:33:20.517+0000] {logging_mixin.py:190} INFO - [2026-07-21T19:33:20.517+0000] {dag.py:3239} INFO - Sync 1 DAGs
[2026-07-21T19:33:20.529+0000] {logging_mixin.py:190} INFO - [2026-07-21T19:33:20.529+0000] {dag.py:4180} INFO - Setting next_dagrun for synthetic_avito_to_raw_midraw to 2026-07-21 18:00:00+00:00, run_after=2026-07-21 19:00:00+00:00
[2026-07-21T19:33:20.540+0000] {processor.py:208} INFO - Processing /opt/airflow/dags/synthetic_avito_to_raw_midraw.py took 0.064 seconds
[2026-07-21T19:33:50.836+0000] {processor.py:186} INFO - Started process (PID=301) to work on /opt/airflow/dags/synthetic_avito_to_raw_midraw.py
[2026-07-21T19:33:50.837+0000] {processor.py:914} INFO - Processing file /opt/airflow/dags/synthetic_avito_to_raw_midraw.py for tasks to queue
[2026-07-21T19:33:50.839+0000] {logging_mixin.py:190} INFO - [2026-07-21T19:33:50.839+0000] {dagbag.py:588} INFO - Filling up the DagBag from /opt/airflow/dags/synthetic_avito_to_raw_midraw.py
[2026-07-21T19:33:50.852+0000] {processor.py:925} INFO - DAG(s) 'synthetic_avito_to_raw_midraw' retrieved from /opt/airflow/dags/synthetic_avito_to_raw_midraw.py
[2026-07-21T19:33:50.867+0000] {logging_mixin.py:190} INFO - [2026-07-21T19:33:50.867+0000] {dag.py:3239} INFO - Sync 1 DAGs
[2026-07-21T19:33:50.877+0000] {logging_mixin.py:190} INFO - [2026-07-21T19:33:50.877+0000] {dag.py:4180} INFO - Setting next_dagrun for synthetic_avito_to_raw_midraw to 2026-07-21 18:00:00+00:00, run_after=2026-07-21 19:00:00+00:00
[2026-07-21T19:33:50.887+0000] {processor.py:208} INFO - Processing /opt/airflow/dags/synthetic_avito_to_raw_midraw.py took 0.054 seconds
[2026-07-21T19:34:21.080+0000] {processor.py:186} INFO - Started process (PID=303) to work on /opt/airflow/dags/synthetic_avito_to_raw_midraw.py
[2026-07-21T19:34:21.081+0000] {processor.py:914} INFO - Processing file /opt/airflow/dags/synthetic_avito_to_raw_midraw.py for tasks to queue
[2026-07-21T19:34:21.083+0000] {logging_mixin.py:190} INFO - [2026-07-21T19:34:21.083+0000] {dagbag.py:588} INFO - Filling up the DagBag from /opt/airflow/dags/synthetic_avito_to_raw_midraw.py
[2026-07-21T19:34:21.097+0000] {processor.py:925} INFO - DAG(s) 'synthetic_avito_to_raw_midraw' retrieved from /opt/airflow/dags/synthetic_avito_to_raw_midraw.py
[2026-07-21T19:34:21.113+0000] {logging_mixin.py:190} INFO - [2026-07-21T19:34:21.113+0000] {dag.py:3239} INFO - Sync 1 DAGs
[2026-07-21T19:34:21.125+0000] {logging_mixin.py:190} INFO - [2026-07-21T19:34:21.124+0000] {dag.py:4180} INFO - Setting next_dagrun for synthetic_avito_to_raw_midraw to 2026-07-21 18:00:00+00:00, run_after=2026-07-21 19:00:00+00:00
[2026-07-21T19:34:21.138+0000] {processor.py:208} INFO - Processing /opt/airflow/dags/synthetic_avito_to_raw_midraw.py took 0.061 seconds
[2026-07-21T19:34:51.388+0000] {processor.py:186} INFO - Started process (PID=305) to work on /opt/airflow/dags/synthetic_avito_to_raw_midraw.py
[2026-07-21T19:34:51.391+0000] {processor.py:914} INFO - Processing file /opt/airflow/dags/synthetic_avito_to_raw_midraw.py for tasks to queue
[2026-07-21T19:34:51.395+0000] {logging_mixin.py:190} INFO - [2026-07-21T19:34:51.394+0000] {dagbag.py:588} INFO - Filling up the DagBag from /opt/airflow/dags/synthetic_avito_to_raw_midraw.py
[2026-07-21T19:34:51.438+0000] {processor.py:925} INFO - DAG(s) 'synthetic_avito_to_raw_midraw' retrieved from /opt/airflow/dags/synthetic_avito_to_raw_midraw.py
[2026-07-21T19:34:51.495+0000] {logging_mixin.py:190} INFO - [2026-07-21T19:34:51.495+0000] {dag.py:3239} INFO - Sync 1 DAGs
[2026-07-21T19:34:51.515+0000] {logging_mixin.py:190} INFO - [2026-07-21T19:34:51.515+0000] {dag.py:4180} INFO - Setting next_dagrun for synthetic_avito_to_raw_midraw to 2026-07-21 18:00:00+00:00, run_after=2026-07-21 19:00:00+00:00
[2026-07-21T19:34:51.533+0000] {processor.py:208} INFO - Processing /opt/airflow/dags/synthetic_avito_to_raw_midraw.py took 0.157 seconds
[2026-07-21T19:35:21.772+0000] {processor.py:186} INFO - Started process (PID=307) to work on /opt/airflow/dags/synthetic_avito_to_raw_midraw.py
[2026-07-21T19:35:21.773+0000] {processor.py:914} INFO - Processing file /opt/airflow/dags/synthetic_avito_to_raw_midraw.py for tasks to queue
[2026-07-21T19:35:21.775+0000] {logging_mixin.py:190} INFO - [2026-07-21T19:35:21.775+0000] {dagbag.py:588} INFO - Filling up the DagBag from /opt/airflow/dags/synthetic_avito_to_raw_midraw.py
[2026-07-21T19:35:21.806+0000] {processor.py:925} INFO - DAG(s) 'synthetic_avito_to_raw_midraw' retrieved from /opt/airflow/dags/synthetic_avito_to_raw_midraw.py
[2026-07-21T19:35:21.829+0000] {logging_mixin.py:190} INFO - [2026-07-21T19:35:21.829+0000] {dag.py:3239} INFO - Sync 1 DAGs
[2026-07-21T19:35:21.851+0000] {logging_mixin.py:190} INFO - [2026-07-21T19:35:21.850+0000] {dag.py:4180} INFO - Setting next_dagrun for synthetic_avito_to_raw_midraw to 2026-07-21 18:00:00+00:00, run_after=2026-07-21 19:00:00+00:00
[2026-07-21T19:35:21.863+0000] {processor.py:208} INFO - Processing /opt/airflow/dags/synthetic_avito_to_raw_midraw.py took 0.097 seconds
[2026-07-21T20:06:06.924+0000] {processor.py:186} INFO - Started process (PID=309) to work on /opt/airflow/dags/synthetic_avito_to_raw_midraw.py
[2026-07-21T20:06:06.925+0000] {processor.py:914} INFO - Processing file /opt/airflow/dags/synthetic_avito_to_raw_midraw.py for tasks to queue
[2026-07-21T20:06:06.928+0000] {logging_mixin.py:190} INFO - [2026-07-21T20:06:06.928+0000] {dagbag.py:588} INFO - Filling up the DagBag from /opt/airflow/dags/synthetic_avito_to_raw_midraw.py
[2026-07-21T20:06:06.952+0000] {processor.py:925} INFO - DAG(s) 'synthetic_avito_to_raw_midraw' retrieved from /opt/airflow/dags/synthetic_avito_to_raw_midraw.py
[2026-07-21T20:06:06.977+0000] {logging_mixin.py:190} INFO - [2026-07-21T20:06:06.977+0000] {dag.py:3239} INFO - Sync 1 DAGs
[2026-07-21T20:06:07.001+0000] {logging_mixin.py:190} INFO - [2026-07-21T20:06:07.001+0000] {dag.py:4180} INFO - Setting next_dagrun for synthetic_avito_to_raw_midraw to 2026-07-21 19:00:00+00:00, run_after=2026-07-21 20:00:00+00:00
[2026-07-21T20:06:07.045+0000] {processor.py:208} INFO - Processing /opt/airflow/dags/synthetic_avito_to_raw_midraw.py took 0.133 seconds
[2026-07-21T20:06:37.259+0000] {processor.py:186} INFO - Started process (PID=311) to work on /opt/airflow/dags/synthetic_avito_to_raw_midraw.py
[2026-07-21T20:06:37.261+0000] {processor.py:914} INFO - Processing file /opt/airflow/dags/synthetic_avito_to_raw_midraw.py for tasks to queue
[2026-07-21T20:06:37.267+0000] {logging_mixin.py:190} INFO - [2026-07-21T20:06:37.266+0000] {dagbag.py:588} INFO - Filling up the DagBag from /opt/airflow/dags/synthetic_avito_to_raw_midraw.py
[2026-07-21T20:06:37.293+0000] {processor.py:925} INFO - DAG(s) 'synthetic_avito_to_raw_midraw' retrieved from /opt/airflow/dags/synthetic_avito_to_raw_midraw.py
[2026-07-21T20:06:37.327+0000] {logging_mixin.py:190} INFO - [2026-07-21T20:06:37.327+0000] {dag.py:3239} INFO - Sync 1 DAGs
[2026-07-21T20:06:37.350+0000] {logging_mixin.py:190} INFO - [2026-07-21T20:06:37.350+0000] {dag.py:4180} INFO - Setting next_dagrun for synthetic_avito_to_raw_midraw to 2026-07-21 19:00:00+00:00, run_after=2026-07-21 20:00:00+00:00
[2026-07-21T20:06:37.361+0000] {processor.py:208} INFO - Processing /opt/airflow/dags/synthetic_avito_to_raw_midraw.py took 0.114 seconds
[2026-07-21T20:07:07.591+0000] {processor.py:186} INFO - Started process (PID=313) to work on /opt/airflow/dags/synthetic_avito_to_raw_midraw.py
[2026-07-21T20:07:07.593+0000] {processor.py:914} INFO - Processing file /opt/airflow/dags/synthetic_avito_to_raw_midraw.py for tasks to queue
[2026-07-21T20:07:07.594+0000] {logging_mixin.py:190} INFO - [2026-07-21T20:07:07.594+0000] {dagbag.py:588} INFO - Filling up the DagBag from /opt/airflow/dags/synthetic_avito_to_raw_midraw.py
[2026-07-21T20:07:07.612+0000] {processor.py:925} INFO - DAG(s) 'synthetic_avito_to_raw_midraw' retrieved from /opt/airflow/dags/synthetic_avito_to_raw_midraw.py
[2026-07-21T20:07:07.635+0000] {logging_mixin.py:190} INFO - [2026-07-21T20:07:07.635+0000] {dag.py:3239} INFO - Sync 1 DAGs
[2026-07-21T20:07:07.648+0000] {logging_mixin.py:190} INFO - [2026-07-21T20:07:07.648+0000] {dag.py:4180} INFO - Setting next_dagrun for synthetic_avito_to_raw_midraw to 2026-07-21 19:00:00+00:00, run_after=2026-07-21 20:00:00+00:00
[2026-07-21T20:07:07.658+0000] {processor.py:208} INFO - Processing /opt/airflow/dags/synthetic_avito_to_raw_midraw.py took 0.072 seconds
[2026-07-21T20:07:37.895+0000] {processor.py:186} INFO - Started process (PID=315) to work on /opt/airflow/dags/synthetic_avito_to_raw_midraw.py
[2026-07-21T20:07:37.896+0000] {processor.py:914} INFO - Processing file /opt/airflow/dags/synthetic_avito_to_raw_midraw.py for tasks to queue
[2026-07-21T20:07:37.898+0000] {logging_mixin.py:190} INFO - [2026-07-21T20:07:37.898+0000] {dagbag.py:588} INFO - Filling up the DagBag from /opt/airflow/dags/synthetic_avito_to_raw_midraw.py
[2026-07-21T20:07:37.913+0000] {processor.py:925} INFO - DAG(s) 'synthetic_avito_to_raw_midraw' retrieved from /opt/airflow/dags/synthetic_avito_to_raw_midraw.py
[2026-07-21T20:07:37.931+0000] {logging_mixin.py:190} INFO - [2026-07-21T20:07:37.931+0000] {dag.py:3239} INFO - Sync 1 DAGs
[2026-07-21T20:07:37.941+0000] {logging_mixin.py:190} INFO - [2026-07-21T20:07:37.941+0000] {dag.py:4180} INFO - Setting next_dagrun for synthetic_avito_to_raw_midraw to 2026-07-21 19:00:00+00:00, run_after=2026-07-21 20:00:00+00:00
[2026-07-21T20:07:37.950+0000] {processor.py:208} INFO - Processing /opt/airflow/dags/synthetic_avito_to_raw_midraw.py took 0.059 seconds
[2026-07-21T20:08:08.165+0000] {processor.py:186} INFO - Started process (PID=317) to work on /opt/airflow/dags/synthetic_avito_to_raw_midraw.py
[2026-07-21T20:08:08.166+0000] {processor.py:914} INFO - Processing file /opt/airflow/dags/synthetic_avito_to_raw_midraw.py for tasks to queue
[2026-07-21T20:08:08.169+0000] {logging_mixin.py:190} INFO - [2026-07-21T20:08:08.169+0000] {dagbag.py:588} INFO - Filling up the DagBag from /opt/airflow/dags/synthetic_avito_to_raw_midraw.py
[2026-07-21T20:08:08.182+0000] {processor.py:925} INFO - DAG(s) 'synthetic_avito_to_raw_midraw' retrieved from /opt/airflow/dags/synthetic_avito_to_raw_midraw.py
[2026-07-21T20:08:08.198+0000] {logging_mixin.py:190} INFO - [2026-07-21T20:08:08.197+0000] {dag.py:3239} INFO - Sync 1 DAGs
[2026-07-21T20:08:08.209+0000] {logging_mixin.py:190} INFO - [2026-07-21T20:08:08.209+0000] {dag.py:4180} INFO - Setting next_dagrun for synthetic_avito_to_raw_midraw to 2026-07-21 19:00:00+00:00, run_after=2026-07-21 20:00:00+00:00
[2026-07-21T20:08:08.219+0000] {processor.py:208} INFO - Processing /opt/airflow/dags/synthetic_avito_to_raw_midraw.py took 0.057 seconds
[2026-07-21T20:08:38.428+0000] {processor.py:186} INFO - Started process (PID=319) to work on /opt/airflow/dags/synthetic_avito_to_raw_midraw.py
[2026-07-21T20:08:38.429+0000] {processor.py:914} INFO - Processing file /opt/airflow/dags/synthetic_avito_to_raw_midraw.py for tasks to queue
[2026-07-21T20:08:38.430+0000] {logging_mixin.py:190} INFO - [2026-07-21T20:08:38.430+0000] {dagbag.py:588} INFO - Filling up the DagBag from /opt/airflow/dags/synthetic_avito_to_raw_midraw.py
[2026-07-21T20:08:38.444+0000] {processor.py:925} INFO - DAG(s) 'synthetic_avito_to_raw_midraw' retrieved from /opt/airflow/dags/synthetic_avito_to_raw_midraw.py
[2026-07-21T20:08:38.460+0000] {logging_mixin.py:190} INFO - [2026-07-21T20:08:38.460+0000] {dag.py:3239} INFO - Sync 1 DAGs
[2026-07-21T20:08:38.475+0000] {logging_mixin.py:190} INFO - [2026-07-21T20:08:38.475+0000] {dag.py:4180} INFO - Setting next_dagrun for synthetic_avito_to_raw_midraw to 2026-07-21 19:00:00+00:00, run_after=2026-07-21 20:00:00+00:00
[2026-07-21T20:08:38.484+0000] {processor.py:208} INFO - Processing /opt/airflow/dags/synthetic_avito_to_raw_midraw.py took 0.059 seconds
[2026-07-21T20:09:08.759+0000] {processor.py:186} INFO - Started process (PID=321) to work on /opt/airflow/dags/synthetic_avito_to_raw_midraw.py
[2026-07-21T20:09:08.760+0000] {processor.py:914} INFO - Processing file /opt/airflow/dags/synthetic_avito_to_raw_midraw.py for tasks to queue
[2026-07-21T20:09:08.761+0000] {logging_mixin.py:190} INFO - [2026-07-21T20:09:08.761+0000] {dagbag.py:588} INFO - Filling up the DagBag from /opt/airflow/dags/synthetic_avito_to_raw_midraw.py
[2026-07-21T20:09:08.778+0000] {processor.py:925} INFO - DAG(s) 'synthetic_avito_to_raw_midraw' retrieved from /opt/airflow/dags/synthetic_avito_to_raw_midraw.py
[2026-07-21T20:09:08.792+0000] {logging_mixin.py:190} INFO - [2026-07-21T20:09:08.792+0000] {dag.py:3239} INFO - Sync 1 DAGs
[2026-07-21T20:09:08.805+0000] {logging_mixin.py:190} INFO - [2026-07-21T20:09:08.805+0000] {dag.py:4180} INFO - Setting next_dagrun for synthetic_avito_to_raw_midraw to 2026-07-21 19:00:00+00:00, run_after=2026-07-21 20:00:00+00:00
[2026-07-21T20:09:08.815+0000] {processor.py:208} INFO - Processing /opt/airflow/dags/synthetic_avito_to_raw_midraw.py took 0.059 seconds
[2026-07-21T20:34:02.423+0000] {processor.py:186} INFO - Started process (PID=323) to work on /opt/airflow/dags/synthetic_avito_to_raw_midraw.py
[2026-07-21T20:34:02.424+0000] {processor.py:914} INFO - Processing file /opt/airflow/dags/synthetic_avito_to_raw_midraw.py for tasks to queue
[2026-07-21T20:34:02.426+0000] {logging_mixin.py:190} INFO - [2026-07-21T20:34:02.426+0000] {dagbag.py:588} INFO - Filling up the DagBag from /opt/airflow/dags/synthetic_avito_to_raw_midraw.py
[2026-07-21T20:34:02.442+0000] {processor.py:925} INFO - DAG(s) 'synthetic_avito_to_raw_midraw' retrieved from /opt/airflow/dags/synthetic_avito_to_raw_midraw.py
[2026-07-21T20:34:02.462+0000] {logging_mixin.py:190} INFO - [2026-07-21T20:34:02.462+0000] {dag.py:3239} INFO - Sync 1 DAGs
[2026-07-21T20:34:02.476+0000] {logging_mixin.py:190} INFO - [2026-07-21T20:34:02.476+0000] {dag.py:4180} INFO - Setting next_dagrun for synthetic_avito_to_raw_midraw to 2026-07-21 19:00:00+00:00, run_after=2026-07-21 20:00:00+00:00
[2026-07-21T20:34:02.486+0000] {processor.py:208} INFO - Processing /opt/airflow/dags/synthetic_avito_to_raw_midraw.py took 0.070 seconds
[2026-07-21T21:09:04.832+0000] {processor.py:186} INFO - Started process (PID=325) to work on /opt/airflow/dags/synthetic_avito_to_raw_midraw.py
[2026-07-21T21:09:04.833+0000] {processor.py:914} INFO - Processing file /opt/airflow/dags/synthetic_avito_to_raw_midraw.py for tasks to queue
[2026-07-21T21:09:04.835+0000] {logging_mixin.py:190} INFO - [2026-07-21T21:09:04.834+0000] {dagbag.py:588} INFO - Filling up the DagBag from /opt/airflow/dags/synthetic_avito_to_raw_midraw.py
[2026-07-21T21:09:04.847+0000] {processor.py:925} INFO - DAG(s) 'synthetic_avito_to_raw_midraw' retrieved from /opt/airflow/dags/synthetic_avito_to_raw_midraw.py
[2026-07-21T21:09:04.868+0000] {logging_mixin.py:190} INFO - [2026-07-21T21:09:04.867+0000] {dag.py:3239} INFO - Sync 1 DAGs
[2026-07-21T21:09:04.880+0000] {logging_mixin.py:190} INFO - [2026-07-21T21:09:04.879+0000] {dag.py:4180} INFO - Setting next_dagrun for synthetic_avito_to_raw_midraw to 2026-07-21 20:00:00+00:00, run_after=2026-07-21 21:00:00+00:00
[2026-07-21T21:09:04.888+0000] {processor.py:208} INFO - Processing /opt/airflow/dags/synthetic_avito_to_raw_midraw.py took 0.060 seconds
[2026-07-21T21:11:22.980+0000] {processor.py:186} INFO - Started process (PID=327) to work on /opt/airflow/dags/synthetic_avito_to_raw_midraw.py
[2026-07-21T21:11:22.981+0000] {processor.py:914} INFO - Processing file /opt/airflow/dags/synthetic_avito_to_raw_midraw.py for tasks to queue
[2026-07-21T21:11:22.983+0000] {logging_mixin.py:190} INFO - [2026-07-21T21:11:22.982+0000] {dagbag.py:588} INFO - Filling up the DagBag from /opt/airflow/dags/synthetic_avito_to_raw_midraw.py
[2026-07-21T21:11:22.995+0000] {processor.py:925} INFO - DAG(s) 'synthetic_avito_to_raw_midraw' retrieved from /opt/airflow/dags/synthetic_avito_to_raw_midraw.py
[2026-07-21T21:11:23.011+0000] {logging_mixin.py:190} INFO - [2026-07-21T21:11:23.010+0000] {dag.py:3239} INFO - Sync 1 DAGs
[2026-07-21T21:11:23.021+0000] {logging_mixin.py:190} INFO - [2026-07-21T21:11:23.021+0000] {dag.py:4180} INFO - Setting next_dagrun for synthetic_avito_to_raw_midraw to 2026-07-21 20:00:00+00:00, run_after=2026-07-21 21:00:00+00:00
[2026-07-21T21:11:23.033+0000] {processor.py:208} INFO - Processing /opt/airflow/dags/synthetic_avito_to_raw_midraw.py took 0.056 seconds
[2026-07-21T21:11:53.369+0000] {processor.py:186} INFO - Started process (PID=329) to work on /opt/airflow/dags/synthetic_avito_to_raw_midraw.py
[2026-07-21T21:11:53.370+0000] {processor.py:914} INFO - Processing file /opt/airflow/dags/synthetic_avito_to_raw_midraw.py for tasks to queue
[2026-07-21T21:11:53.372+0000] {logging_mixin.py:190} INFO - [2026-07-21T21:11:53.371+0000] {dagbag.py:588} INFO - Filling up the DagBag from /opt/airflow/dags/synthetic_avito_to_raw_midraw.py
[2026-07-21T21:11:53.387+0000] {processor.py:925} INFO - DAG(s) 'synthetic_avito_to_raw_midraw' retrieved from /opt/airflow/dags/synthetic_avito_to_raw_midraw.py
[2026-07-21T21:11:53.409+0000] {logging_mixin.py:190} INFO - [2026-07-21T21:11:53.409+0000] {dag.py:3239} INFO - Sync 1 DAGs
[2026-07-21T21:11:53.423+0000] {logging_mixin.py:190} INFO - [2026-07-21T21:11:53.423+0000] {dag.py:4180} INFO - Setting next_dagrun for synthetic_avito_to_raw_midraw to 2026-07-21 20:00:00+00:00, run_after=2026-07-21 21:00:00+00:00
[2026-07-21T21:11:53.433+0000] {processor.py:208} INFO - Processing /opt/airflow/dags/synthetic_avito_to_raw_midraw.py took 0.069 seconds
[2026-07-21T21:12:23.824+0000] {processor.py:186} INFO - Started process (PID=331) to work on /opt/airflow/dags/synthetic_avito_to_raw_midraw.py
[2026-07-21T21:12:23.825+0000] {processor.py:914} INFO - Processing file /opt/airflow/dags/synthetic_avito_to_raw_midraw.py for tasks to queue
[2026-07-21T21:12:23.828+0000] {logging_mixin.py:190} INFO - [2026-07-21T21:12:23.828+0000] {dagbag.py:588} INFO - Filling up the DagBag from /opt/airflow/dags/synthetic_avito_to_raw_midraw.py
[2026-07-21T21:12:23.843+0000] {processor.py:925} INFO - DAG(s) 'synthetic_avito_to_raw_midraw' retrieved from /opt/airflow/dags/synthetic_avito_to_raw_midraw.py
[2026-07-21T21:12:23.864+0000] {logging_mixin.py:190} INFO - [2026-07-21T21:12:23.864+0000] {dag.py:3239} INFO - Sync 1 DAGs
[2026-07-21T21:12:23.880+0000] {logging_mixin.py:190} INFO - [2026-07-21T21:12:23.880+0000] {dag.py:4180} INFO - Setting next_dagrun for synthetic_avito_to_raw_midraw to 2026-07-21 20:00:00+00:00, run_after=2026-07-21 21:00:00+00:00
[2026-07-21T21:12:23.892+0000] {processor.py:208} INFO - Processing /opt/airflow/dags/synthetic_avito_to_raw_midraw.py took 0.073 seconds
[2026-07-21T22:00:07.569+0000] {processor.py:186} INFO - Started process (PID=333) to work on /opt/airflow/dags/synthetic_avito_to_raw_midraw.py
[2026-07-21T22:00:07.570+0000] {processor.py:914} INFO - Processing file /opt/airflow/dags/synthetic_avito_to_raw_midraw.py for tasks to queue
[2026-07-21T22:00:07.572+0000] {logging_mixin.py:190} INFO - [2026-07-21T22:00:07.572+0000] {dagbag.py:588} INFO - Filling up the DagBag from /opt/airflow/dags/synthetic_avito_to_raw_midraw.py
[2026-07-21T22:00:07.587+0000] {processor.py:925} INFO - DAG(s) 'synthetic_avito_to_raw_midraw' retrieved from /opt/airflow/dags/synthetic_avito_to_raw_midraw.py
[2026-07-21T22:00:07.606+0000] {logging_mixin.py:190} INFO - [2026-07-21T22:00:07.606+0000] {dag.py:3239} INFO - Sync 1 DAGs
[2026-07-21T22:00:07.616+0000] {logging_mixin.py:190} INFO - [2026-07-21T22:00:07.616+0000] {dag.py:4180} INFO - Setting next_dagrun for synthetic_avito_to_raw_midraw to 2026-07-21 21:00:00+00:00, run_after=2026-07-21 22:00:00+00:00
[2026-07-21T22:00:07.626+0000] {processor.py:208} INFO - Processing /opt/airflow/dags/synthetic_avito_to_raw_midraw.py took 0.060 seconds
[2026-07-21T22:35:09.468+0000] {processor.py:186} INFO - Started process (PID=335) to work on /opt/airflow/dags/synthetic_avito_to_raw_midraw.py
[2026-07-21T22:35:09.469+0000] {processor.py:914} INFO - Processing file /opt/airflow/dags/synthetic_avito_to_raw_midraw.py for tasks to queue
[2026-07-21T22:35:09.471+0000] {logging_mixin.py:190} INFO - [2026-07-21T22:35:09.471+0000] {dagbag.py:588} INFO - Filling up the DagBag from /opt/airflow/dags/synthetic_avito_to_raw_midraw.py
[2026-07-21T22:35:09.483+0000] {processor.py:925} INFO - DAG(s) 'synthetic_avito_to_raw_midraw' retrieved from /opt/airflow/dags/synthetic_avito_to_raw_midraw.py
[2026-07-21T22:35:09.502+0000] {logging_mixin.py:190} INFO - [2026-07-21T22:35:09.502+0000] {dag.py:3239} INFO - Sync 1 DAGs
[2026-07-21T22:35:09.514+0000] {logging_mixin.py:190} INFO - [2026-07-21T22:35:09.514+0000] {dag.py:4180} INFO - Setting next_dagrun for synthetic_avito_to_raw_midraw to 2026-07-21 21:00:00+00:00, run_after=2026-07-21 22:00:00+00:00
[2026-07-21T22:35:09.528+0000] {processor.py:208} INFO - Processing /opt/airflow/dags/synthetic_avito_to_raw_midraw.py took 0.064 seconds
[2026-07-21T23:25:33.865+0000] {processor.py:186} INFO - Started process (PID=337) to work on /opt/airflow/dags/synthetic_avito_to_raw_midraw.py
[2026-07-21T23:25:33.866+0000] {processor.py:914} INFO - Processing file /opt/airflow/dags/synthetic_avito_to_raw_midraw.py for tasks to queue
[2026-07-21T23:25:33.868+0000] {logging_mixin.py:190} INFO - [2026-07-21T23:25:33.868+0000] {dagbag.py:588} INFO - Filling up the DagBag from /opt/airflow/dags/synthetic_avito_to_raw_midraw.py
[2026-07-21T23:25:33.884+0000] {processor.py:925} INFO - DAG(s) 'synthetic_avito_to_raw_midraw' retrieved from /opt/airflow/dags/synthetic_avito_to_raw_midraw.py
[2026-07-21T23:25:33.898+0000] {logging_mixin.py:190} INFO - [2026-07-21T23:25:33.898+0000] {dag.py:3239} INFO - Sync 1 DAGs
[2026-07-21T23:25:33.909+0000] {logging_mixin.py:190} INFO - [2026-07-21T23:25:33.909+0000] {dag.py:4180} INFO - Setting next_dagrun for synthetic_avito_to_raw_midraw to 2026-07-21 22:00:00+00:00, run_after=2026-07-21 23:00:00+00:00
[2026-07-21T23:25:33.919+0000] {processor.py:208} INFO - Processing /opt/airflow/dags/synthetic_avito_to_raw_midraw.py took 0.057 seconds
[2026-07-21T23:41:38.892+0000] {processor.py:186} INFO - Started process (PID=339) to work on /opt/airflow/dags/synthetic_avito_to_raw_midraw.py
[2026-07-21T23:41:38.893+0000] {processor.py:914} INFO - Processing file /opt/airflow/dags/synthetic_avito_to_raw_midraw.py for tasks to queue
[2026-07-21T23:41:38.895+0000] {logging_mixin.py:190} INFO - [2026-07-21T23:41:38.894+0000] {dagbag.py:588} INFO - Filling up the DagBag from /opt/airflow/dags/synthetic_avito_to_raw_midraw.py
[2026-07-21T23:41:38.908+0000] {processor.py:925} INFO - DAG(s) 'synthetic_avito_to_raw_midraw' retrieved from /opt/airflow/dags/synthetic_avito_to_raw_midraw.py
[2026-07-21T23:41:38.926+0000] {logging_mixin.py:190} INFO - [2026-07-21T23:41:38.926+0000] {dag.py:3239} INFO - Sync 1 DAGs
[2026-07-21T23:41:38.939+0000] {logging_mixin.py:190} INFO - [2026-07-21T23:41:38.939+0000] {dag.py:4180} INFO - Setting next_dagrun for synthetic_avito_to_raw_midraw to 2026-07-21 22:00:00+00:00, run_after=2026-07-21 23:00:00+00:00
[2026-07-21T23:41:38.949+0000] {processor.py:208} INFO - Processing /opt/airflow/dags/synthetic_avito_to_raw_midraw.py took 0.062 seconds
[2026-07-21T23:59:47.975+0000] {processor.py:186} INFO - Started process (PID=341) to work on /opt/airflow/dags/synthetic_avito_to_raw_midraw.py
[2026-07-21T23:59:47.975+0000] {processor.py:914} INFO - Processing file /opt/airflow/dags/synthetic_avito_to_raw_midraw.py for tasks to queue
[2026-07-21T23:59:47.977+0000] {logging_mixin.py:190} INFO - [2026-07-21T23:59:47.977+0000] {dagbag.py:588} INFO - Filling up the DagBag from /opt/airflow/dags/synthetic_avito_to_raw_midraw.py
[2026-07-21T23:59:47.988+0000] {processor.py:925} INFO - DAG(s) 'synthetic_avito_to_raw_midraw' retrieved from /opt/airflow/dags/synthetic_avito_to_raw_midraw.py
[2026-07-21T23:59:48.007+0000] {logging_mixin.py:190} INFO - [2026-07-21T23:59:48.007+0000] {dag.py:3239} INFO - Sync 1 DAGs
[2026-07-21T23:59:48.019+0000] {logging_mixin.py:190} INFO - [2026-07-21T23:59:48.019+0000] {dag.py:4180} INFO - Setting next_dagrun for synthetic_avito_to_raw_midraw to 2026-07-21 22:00:00+00:00, run_after=2026-07-21 23:00:00+00:00
[2026-07-21T23:59:48.027+0000] {processor.py:208} INFO - Processing /opt/airflow/dags/synthetic_avito_to_raw_midraw.py took 0.056 seconds
