[2026-07-28T00:11:21.619+0000] {processor.py:186} INFO - Started process (PID=5412) to work on /opt/airflow/dags/avito_to_raw_midraw.py
[2026-07-28T00:11:21.619+0000] {processor.py:914} INFO - Processing file /opt/airflow/dags/avito_to_raw_midraw.py for tasks to queue
[2026-07-28T00:11:21.620+0000] {logging_mixin.py:190} INFO - [2026-07-28T00:11:21.620+0000] {dagbag.py:588} INFO - Filling up the DagBag from /opt/airflow/dags/avito_to_raw_midraw.py
[2026-07-28T00:11:21.636+0000] {processor.py:925} INFO - DAG(s) 'avito_to_raw_midraw' retrieved from /opt/airflow/dags/avito_to_raw_midraw.py
[2026-07-28T00:11:21.655+0000] {logging_mixin.py:190} INFO - [2026-07-28T00:11:21.655+0000] {dag.py:3239} INFO - Sync 1 DAGs
[2026-07-28T00:11:21.670+0000] {processor.py:208} INFO - Processing /opt/airflow/dags/avito_to_raw_midraw.py took 0.055 seconds
[2026-07-28T00:11:51.978+0000] {processor.py:186} INFO - Started process (PID=5414) to work on /opt/airflow/dags/avito_to_raw_midraw.py
[2026-07-28T00:11:51.979+0000] {processor.py:914} INFO - Processing file /opt/airflow/dags/avito_to_raw_midraw.py for tasks to queue
[2026-07-28T00:11:51.980+0000] {logging_mixin.py:190} INFO - [2026-07-28T00:11:51.980+0000] {dagbag.py:588} INFO - Filling up the DagBag from /opt/airflow/dags/avito_to_raw_midraw.py
[2026-07-28T00:11:52.001+0000] {processor.py:925} INFO - DAG(s) 'avito_to_raw_midraw' retrieved from /opt/airflow/dags/avito_to_raw_midraw.py
[2026-07-28T00:11:52.020+0000] {logging_mixin.py:190} INFO - [2026-07-28T00:11:52.020+0000] {dag.py:3239} INFO - Sync 1 DAGs
[2026-07-28T00:11:52.035+0000] {logging_mixin.py:190} INFO - [2026-07-28T00:11:52.035+0000] {dag.py:4180} INFO - Setting next_dagrun for avito_to_raw_midraw to 2026-07-28 00:00:00+00:00, run_after=2026-07-28 01:00:00+00:00
[2026-07-28T00:11:52.050+0000] {processor.py:208} INFO - Processing /opt/airflow/dags/avito_to_raw_midraw.py took 0.075 seconds
[2026-07-28T00:27:42.589+0000] {processor.py:186} INFO - Started process (PID=5416) to work on /opt/airflow/dags/avito_to_raw_midraw.py
[2026-07-28T00:27:42.590+0000] {processor.py:914} INFO - Processing file /opt/airflow/dags/avito_to_raw_midraw.py for tasks to queue
[2026-07-28T00:27:42.591+0000] {logging_mixin.py:190} INFO - [2026-07-28T00:27:42.591+0000] {dagbag.py:588} INFO - Filling up the DagBag from /opt/airflow/dags/avito_to_raw_midraw.py
[2026-07-28T00:27:42.606+0000] {processor.py:925} INFO - DAG(s) 'avito_to_raw_midraw' retrieved from /opt/airflow/dags/avito_to_raw_midraw.py
[2026-07-28T00:27:42.620+0000] {logging_mixin.py:190} INFO - [2026-07-28T00:27:42.620+0000] {dag.py:3239} INFO - Sync 1 DAGs
[2026-07-28T00:27:42.631+0000] {logging_mixin.py:190} INFO - [2026-07-28T00:27:42.630+0000] {dag.py:4180} INFO - Setting next_dagrun for avito_to_raw_midraw to 2026-07-28 00:00:00+00:00, run_after=2026-07-28 01:00:00+00:00
[2026-07-28T00:27:42.640+0000] {processor.py:208} INFO - Processing /opt/airflow/dags/avito_to_raw_midraw.py took 0.054 seconds
[2026-07-28T00:28:12.944+0000] {processor.py:186} INFO - Started process (PID=5418) to work on /opt/airflow/dags/avito_to_raw_midraw.py
[2026-07-28T00:28:12.945+0000] {processor.py:914} INFO - Processing file /opt/airflow/dags/avito_to_raw_midraw.py for tasks to queue
[2026-07-28T00:28:12.946+0000] {logging_mixin.py:190} INFO - [2026-07-28T00:28:12.946+0000] {dagbag.py:588} INFO - Filling up the DagBag from /opt/airflow/dags/avito_to_raw_midraw.py
[2026-07-28T00:28:12.962+0000] {processor.py:925} INFO - DAG(s) 'avito_to_raw_midraw' retrieved from /opt/airflow/dags/avito_to_raw_midraw.py
[2026-07-28T00:28:12.978+0000] {logging_mixin.py:190} INFO - [2026-07-28T00:28:12.978+0000] {dag.py:3239} INFO - Sync 1 DAGs
[2026-07-28T00:28:12.989+0000] {logging_mixin.py:190} INFO - [2026-07-28T00:28:12.989+0000] {dag.py:4180} INFO - Setting next_dagrun for avito_to_raw_midraw to 2026-07-28 00:00:00+00:00, run_after=2026-07-28 01:00:00+00:00
[2026-07-28T00:28:12.999+0000] {processor.py:208} INFO - Processing /opt/airflow/dags/avito_to_raw_midraw.py took 0.058 seconds
[2026-07-28T00:31:14.292+0000] {processor.py:186} INFO - Started process (PID=5420) to work on /opt/airflow/dags/avito_to_raw_midraw.py
[2026-07-28T00:31:14.292+0000] {processor.py:914} INFO - Processing file /opt/airflow/dags/avito_to_raw_midraw.py for tasks to queue
[2026-07-28T00:31:14.294+0000] {logging_mixin.py:190} INFO - [2026-07-28T00:31:14.293+0000] {dagbag.py:588} INFO - Filling up the DagBag from /opt/airflow/dags/avito_to_raw_midraw.py
[2026-07-28T00:31:14.311+0000] {processor.py:925} INFO - DAG(s) 'avito_to_raw_midraw' retrieved from /opt/airflow/dags/avito_to_raw_midraw.py
[2026-07-28T00:31:14.329+0000] {logging_mixin.py:190} INFO - [2026-07-28T00:31:14.329+0000] {dag.py:3239} INFO - Sync 1 DAGs
[2026-07-28T00:31:14.347+0000] {logging_mixin.py:190} INFO - [2026-07-28T00:31:14.346+0000] {dag.py:4180} INFO - Setting next_dagrun for avito_to_raw_midraw to 2026-07-28 00:00:00+00:00, run_after=2026-07-28 01:00:00+00:00
[2026-07-28T00:31:14.358+0000] {processor.py:208} INFO - Processing /opt/airflow/dags/avito_to_raw_midraw.py took 0.070 seconds
[2026-07-28T00:31:44.720+0000] {processor.py:186} INFO - Started process (PID=5422) to work on /opt/airflow/dags/avito_to_raw_midraw.py
[2026-07-28T00:31:44.720+0000] {processor.py:914} INFO - Processing file /opt/airflow/dags/avito_to_raw_midraw.py for tasks to queue
[2026-07-28T00:31:44.721+0000] {logging_mixin.py:190} INFO - [2026-07-28T00:31:44.721+0000] {dagbag.py:588} INFO - Filling up the DagBag from /opt/airflow/dags/avito_to_raw_midraw.py
[2026-07-28T00:31:44.732+0000] {processor.py:925} INFO - DAG(s) 'avito_to_raw_midraw' retrieved from /opt/airflow/dags/avito_to_raw_midraw.py
[2026-07-28T00:31:44.747+0000] {logging_mixin.py:190} INFO - [2026-07-28T00:31:44.747+0000] {dag.py:3239} INFO - Sync 1 DAGs
[2026-07-28T00:31:44.757+0000] {logging_mixin.py:190} INFO - [2026-07-28T00:31:44.757+0000] {dag.py:4180} INFO - Setting next_dagrun for avito_to_raw_midraw to 2026-07-28 00:00:00+00:00, run_after=2026-07-28 01:00:00+00:00
[2026-07-28T00:31:44.767+0000] {processor.py:208} INFO - Processing /opt/airflow/dags/avito_to_raw_midraw.py took 0.050 seconds
[2026-07-28T00:32:15.111+0000] {processor.py:186} INFO - Started process (PID=5424) to work on /opt/airflow/dags/avito_to_raw_midraw.py
[2026-07-28T00:32:15.111+0000] {processor.py:914} INFO - Processing file /opt/airflow/dags/avito_to_raw_midraw.py for tasks to queue
[2026-07-28T00:32:15.112+0000] {logging_mixin.py:190} INFO - [2026-07-28T00:32:15.112+0000] {dagbag.py:588} INFO - Filling up the DagBag from /opt/airflow/dags/avito_to_raw_midraw.py
[2026-07-28T00:32:15.126+0000] {processor.py:925} INFO - DAG(s) 'avito_to_raw_midraw' retrieved from /opt/airflow/dags/avito_to_raw_midraw.py
[2026-07-28T00:32:15.142+0000] {logging_mixin.py:190} INFO - [2026-07-28T00:32:15.142+0000] {dag.py:3239} INFO - Sync 1 DAGs
[2026-07-28T00:32:15.153+0000] {logging_mixin.py:190} INFO - [2026-07-28T00:32:15.153+0000] {dag.py:4180} INFO - Setting next_dagrun for avito_to_raw_midraw to 2026-07-28 00:00:00+00:00, run_after=2026-07-28 01:00:00+00:00
[2026-07-28T00:32:15.164+0000] {processor.py:208} INFO - Processing /opt/airflow/dags/avito_to_raw_midraw.py took 0.056 seconds
[2026-07-28T00:49:10.787+0000] {processor.py:186} INFO - Started process (PID=5426) to work on /opt/airflow/dags/avito_to_raw_midraw.py
[2026-07-28T00:49:10.787+0000] {processor.py:914} INFO - Processing file /opt/airflow/dags/avito_to_raw_midraw.py for tasks to queue
[2026-07-28T00:49:10.788+0000] {logging_mixin.py:190} INFO - [2026-07-28T00:49:10.788+0000] {dagbag.py:588} INFO - Filling up the DagBag from /opt/airflow/dags/avito_to_raw_midraw.py
[2026-07-28T00:49:10.805+0000] {processor.py:925} INFO - DAG(s) 'avito_to_raw_midraw' retrieved from /opt/airflow/dags/avito_to_raw_midraw.py
[2026-07-28T00:49:10.821+0000] {logging_mixin.py:190} INFO - [2026-07-28T00:49:10.821+0000] {dag.py:3239} INFO - Sync 1 DAGs
[2026-07-28T00:49:10.835+0000] {logging_mixin.py:190} INFO - [2026-07-28T00:49:10.835+0000] {dag.py:4180} INFO - Setting next_dagrun for avito_to_raw_midraw to 2026-07-28 00:00:00+00:00, run_after=2026-07-28 01:00:00+00:00
[2026-07-28T00:49:10.845+0000] {processor.py:208} INFO - Processing /opt/airflow/dags/avito_to_raw_midraw.py took 0.062 seconds
[2026-07-28T01:04:47.922+0000] {processor.py:186} INFO - Started process (PID=5428) to work on /opt/airflow/dags/avito_to_raw_midraw.py
[2026-07-28T01:04:47.923+0000] {processor.py:914} INFO - Processing file /opt/airflow/dags/avito_to_raw_midraw.py for tasks to queue
[2026-07-28T01:04:47.923+0000] {logging_mixin.py:190} INFO - [2026-07-28T01:04:47.923+0000] {dagbag.py:588} INFO - Filling up the DagBag from /opt/airflow/dags/avito_to_raw_midraw.py
[2026-07-28T01:04:47.938+0000] {processor.py:925} INFO - DAG(s) 'avito_to_raw_midraw' retrieved from /opt/airflow/dags/avito_to_raw_midraw.py
[2026-07-28T01:04:47.960+0000] {logging_mixin.py:190} INFO - [2026-07-28T01:04:47.960+0000] {dag.py:3239} INFO - Sync 1 DAGs
[2026-07-28T01:04:47.976+0000] {logging_mixin.py:190} INFO - [2026-07-28T01:04:47.975+0000] {dag.py:4180} INFO - Setting next_dagrun for avito_to_raw_midraw to 2026-07-28 00:00:00+00:00, run_after=2026-07-28 01:00:00+00:00
[2026-07-28T01:04:47.989+0000] {processor.py:208} INFO - Processing /opt/airflow/dags/avito_to_raw_midraw.py took 0.070 seconds
[2026-07-28T01:05:18.211+0000] {processor.py:186} INFO - Started process (PID=5430) to work on /opt/airflow/dags/avito_to_raw_midraw.py
[2026-07-28T01:05:18.211+0000] {processor.py:914} INFO - Processing file /opt/airflow/dags/avito_to_raw_midraw.py for tasks to queue
[2026-07-28T01:05:18.212+0000] {logging_mixin.py:190} INFO - [2026-07-28T01:05:18.212+0000] {dagbag.py:588} INFO - Filling up the DagBag from /opt/airflow/dags/avito_to_raw_midraw.py
[2026-07-28T01:05:18.226+0000] {processor.py:925} INFO - DAG(s) 'avito_to_raw_midraw' retrieved from /opt/airflow/dags/avito_to_raw_midraw.py
[2026-07-28T01:05:18.243+0000] {logging_mixin.py:190} INFO - [2026-07-28T01:05:18.243+0000] {dag.py:3239} INFO - Sync 1 DAGs
[2026-07-28T01:05:18.254+0000] {logging_mixin.py:190} INFO - [2026-07-28T01:05:18.253+0000] {dag.py:4180} INFO - Setting next_dagrun for avito_to_raw_midraw to 2026-07-28 01:00:00+00:00, run_after=2026-07-28 02:00:00+00:00
[2026-07-28T01:05:18.267+0000] {processor.py:208} INFO - Processing /opt/airflow/dags/avito_to_raw_midraw.py took 0.060 seconds
[2026-07-28T01:20:44.493+0000] {processor.py:186} INFO - Started process (PID=5432) to work on /opt/airflow/dags/avito_to_raw_midraw.py
[2026-07-28T01:20:44.493+0000] {processor.py:914} INFO - Processing file /opt/airflow/dags/avito_to_raw_midraw.py for tasks to queue
[2026-07-28T01:20:44.494+0000] {logging_mixin.py:190} INFO - [2026-07-28T01:20:44.494+0000] {dagbag.py:588} INFO - Filling up the DagBag from /opt/airflow/dags/avito_to_raw_midraw.py
[2026-07-28T01:20:44.511+0000] {processor.py:925} INFO - DAG(s) 'avito_to_raw_midraw' retrieved from /opt/airflow/dags/avito_to_raw_midraw.py
[2026-07-28T01:20:44.528+0000] {logging_mixin.py:190} INFO - [2026-07-28T01:20:44.527+0000] {dag.py:3239} INFO - Sync 1 DAGs
[2026-07-28T01:20:44.539+0000] {logging_mixin.py:190} INFO - [2026-07-28T01:20:44.539+0000] {dag.py:4180} INFO - Setting next_dagrun for avito_to_raw_midraw to 2026-07-28 01:00:00+00:00, run_after=2026-07-28 02:00:00+00:00
[2026-07-28T01:20:44.551+0000] {processor.py:208} INFO - Processing /opt/airflow/dags/avito_to_raw_midraw.py took 0.063 seconds
[2026-07-28T01:32:06.052+0000] {processor.py:186} INFO - Started process (PID=5434) to work on /opt/airflow/dags/avito_to_raw_midraw.py
[2026-07-28T01:32:06.053+0000] {processor.py:914} INFO - Processing file /opt/airflow/dags/avito_to_raw_midraw.py for tasks to queue
[2026-07-28T01:32:06.054+0000] {logging_mixin.py:190} INFO - [2026-07-28T01:32:06.053+0000] {dagbag.py:588} INFO - Filling up the DagBag from /opt/airflow/dags/avito_to_raw_midraw.py
[2026-07-28T01:32:06.070+0000] {processor.py:925} INFO - DAG(s) 'avito_to_raw_midraw' retrieved from /opt/airflow/dags/avito_to_raw_midraw.py
[2026-07-28T01:32:06.090+0000] {logging_mixin.py:190} INFO - [2026-07-28T01:32:06.090+0000] {dag.py:3239} INFO - Sync 1 DAGs
[2026-07-28T01:32:06.109+0000] {logging_mixin.py:190} INFO - [2026-07-28T01:32:06.109+0000] {dag.py:4180} INFO - Setting next_dagrun for avito_to_raw_midraw to 2026-07-28 01:00:00+00:00, run_after=2026-07-28 02:00:00+00:00
[2026-07-28T01:32:06.118+0000] {processor.py:208} INFO - Processing /opt/airflow/dags/avito_to_raw_midraw.py took 0.070 seconds
[2026-07-28T02:03:33.079+0000] {processor.py:186} INFO - Started process (PID=5436) to work on /opt/airflow/dags/avito_to_raw_midraw.py
[2026-07-28T02:03:33.080+0000] {processor.py:914} INFO - Processing file /opt/airflow/dags/avito_to_raw_midraw.py for tasks to queue
[2026-07-28T02:03:33.082+0000] {logging_mixin.py:190} INFO - [2026-07-28T02:03:33.082+0000] {dagbag.py:588} INFO - Filling up the DagBag from /opt/airflow/dags/avito_to_raw_midraw.py
[2026-07-28T02:03:33.099+0000] {processor.py:925} INFO - DAG(s) 'avito_to_raw_midraw' retrieved from /opt/airflow/dags/avito_to_raw_midraw.py
[2026-07-28T02:03:33.119+0000] {logging_mixin.py:190} INFO - [2026-07-28T02:03:33.119+0000] {dag.py:3239} INFO - Sync 1 DAGs
[2026-07-28T02:03:33.144+0000] {processor.py:208} INFO - Processing /opt/airflow/dags/avito_to_raw_midraw.py took 0.069 seconds
[2026-07-28T02:20:33.495+0000] {processor.py:186} INFO - Started process (PID=5438) to work on /opt/airflow/dags/avito_to_raw_midraw.py
[2026-07-28T02:20:33.495+0000] {processor.py:914} INFO - Processing file /opt/airflow/dags/avito_to_raw_midraw.py for tasks to queue
[2026-07-28T02:20:33.497+0000] {logging_mixin.py:190} INFO - [2026-07-28T02:20:33.497+0000] {dagbag.py:588} INFO - Filling up the DagBag from /opt/airflow/dags/avito_to_raw_midraw.py
[2026-07-28T02:20:33.508+0000] {processor.py:925} INFO - DAG(s) 'avito_to_raw_midraw' retrieved from /opt/airflow/dags/avito_to_raw_midraw.py
[2026-07-28T02:20:33.521+0000] {logging_mixin.py:190} INFO - [2026-07-28T02:20:33.521+0000] {dag.py:3239} INFO - Sync 1 DAGs
[2026-07-28T02:20:33.533+0000] {logging_mixin.py:190} INFO - [2026-07-28T02:20:33.533+0000] {dag.py:4180} INFO - Setting next_dagrun for avito_to_raw_midraw to 2026-07-28 02:00:00+00:00, run_after=2026-07-28 03:00:00+00:00
[2026-07-28T02:20:33.543+0000] {processor.py:208} INFO - Processing /opt/airflow/dags/avito_to_raw_midraw.py took 0.052 seconds
[2026-07-28T02:33:06.099+0000] {processor.py:186} INFO - Started process (PID=5440) to work on /opt/airflow/dags/avito_to_raw_midraw.py
[2026-07-28T02:33:06.100+0000] {processor.py:914} INFO - Processing file /opt/airflow/dags/avito_to_raw_midraw.py for tasks to queue
[2026-07-28T02:33:06.101+0000] {logging_mixin.py:190} INFO - [2026-07-28T02:33:06.101+0000] {dagbag.py:588} INFO - Filling up the DagBag from /opt/airflow/dags/avito_to_raw_midraw.py
[2026-07-28T02:33:06.115+0000] {processor.py:925} INFO - DAG(s) 'avito_to_raw_midraw' retrieved from /opt/airflow/dags/avito_to_raw_midraw.py
[2026-07-28T02:33:06.131+0000] {logging_mixin.py:190} INFO - [2026-07-28T02:33:06.131+0000] {dag.py:3239} INFO - Sync 1 DAGs
[2026-07-28T02:33:06.143+0000] {logging_mixin.py:190} INFO - [2026-07-28T02:33:06.143+0000] {dag.py:4180} INFO - Setting next_dagrun for avito_to_raw_midraw to 2026-07-28 02:00:00+00:00, run_after=2026-07-28 03:00:00+00:00
[2026-07-28T02:33:06.152+0000] {processor.py:208} INFO - Processing /opt/airflow/dags/avito_to_raw_midraw.py took 0.056 seconds
[2026-07-28T02:33:36.477+0000] {processor.py:186} INFO - Started process (PID=5442) to work on /opt/airflow/dags/avito_to_raw_midraw.py
[2026-07-28T02:33:36.477+0000] {processor.py:914} INFO - Processing file /opt/airflow/dags/avito_to_raw_midraw.py for tasks to queue
[2026-07-28T02:33:36.478+0000] {logging_mixin.py:190} INFO - [2026-07-28T02:33:36.478+0000] {dagbag.py:588} INFO - Filling up the DagBag from /opt/airflow/dags/avito_to_raw_midraw.py
[2026-07-28T02:33:36.495+0000] {processor.py:925} INFO - DAG(s) 'avito_to_raw_midraw' retrieved from /opt/airflow/dags/avito_to_raw_midraw.py
[2026-07-28T02:33:36.516+0000] {logging_mixin.py:190} INFO - [2026-07-28T02:33:36.516+0000] {dag.py:3239} INFO - Sync 1 DAGs
[2026-07-28T02:33:36.534+0000] {logging_mixin.py:190} INFO - [2026-07-28T02:33:36.534+0000] {dag.py:4180} INFO - Setting next_dagrun for avito_to_raw_midraw to 2026-07-28 02:00:00+00:00, run_after=2026-07-28 03:00:00+00:00
[2026-07-28T02:33:36.546+0000] {processor.py:208} INFO - Processing /opt/airflow/dags/avito_to_raw_midraw.py took 0.073 seconds
[2026-07-28T02:50:04.904+0000] {processor.py:186} INFO - Started process (PID=5444) to work on /opt/airflow/dags/avito_to_raw_midraw.py
[2026-07-28T02:50:04.905+0000] {processor.py:914} INFO - Processing file /opt/airflow/dags/avito_to_raw_midraw.py for tasks to queue
[2026-07-28T02:50:04.905+0000] {logging_mixin.py:190} INFO - [2026-07-28T02:50:04.905+0000] {dagbag.py:588} INFO - Filling up the DagBag from /opt/airflow/dags/avito_to_raw_midraw.py
[2026-07-28T02:50:04.923+0000] {processor.py:925} INFO - DAG(s) 'avito_to_raw_midraw' retrieved from /opt/airflow/dags/avito_to_raw_midraw.py
[2026-07-28T02:50:04.940+0000] {logging_mixin.py:190} INFO - [2026-07-28T02:50:04.940+0000] {dag.py:3239} INFO - Sync 1 DAGs
[2026-07-28T02:50:04.951+0000] {logging_mixin.py:190} INFO - [2026-07-28T02:50:04.951+0000] {dag.py:4180} INFO - Setting next_dagrun for avito_to_raw_midraw to 2026-07-28 02:00:00+00:00, run_after=2026-07-28 03:00:00+00:00
[2026-07-28T02:50:04.960+0000] {processor.py:208} INFO - Processing /opt/airflow/dags/avito_to_raw_midraw.py took 0.059 seconds
[2026-07-28T03:24:14.034+0000] {processor.py:186} INFO - Started process (PID=5446) to work on /opt/airflow/dags/avito_to_raw_midraw.py
[2026-07-28T03:24:14.034+0000] {processor.py:914} INFO - Processing file /opt/airflow/dags/avito_to_raw_midraw.py for tasks to queue
[2026-07-28T03:24:14.035+0000] {logging_mixin.py:190} INFO - [2026-07-28T03:24:14.035+0000] {dagbag.py:588} INFO - Filling up the DagBag from /opt/airflow/dags/avito_to_raw_midraw.py
[2026-07-28T03:24:14.047+0000] {processor.py:925} INFO - DAG(s) 'avito_to_raw_midraw' retrieved from /opt/airflow/dags/avito_to_raw_midraw.py
[2026-07-28T03:24:14.061+0000] {logging_mixin.py:190} INFO - [2026-07-28T03:24:14.061+0000] {dag.py:3239} INFO - Sync 1 DAGs
[2026-07-28T03:24:14.073+0000] {logging_mixin.py:190} INFO - [2026-07-28T03:24:14.073+0000] {dag.py:4180} INFO - Setting next_dagrun for avito_to_raw_midraw to 2026-07-28 02:00:00+00:00, run_after=2026-07-28 03:00:00+00:00
[2026-07-28T03:24:14.084+0000] {processor.py:208} INFO - Processing /opt/airflow/dags/avito_to_raw_midraw.py took 0.054 seconds
[2026-07-28T03:34:05.504+0000] {processor.py:186} INFO - Started process (PID=5448) to work on /opt/airflow/dags/avito_to_raw_midraw.py
[2026-07-28T03:34:05.504+0000] {processor.py:914} INFO - Processing file /opt/airflow/dags/avito_to_raw_midraw.py for tasks to queue
[2026-07-28T03:34:05.505+0000] {logging_mixin.py:190} INFO - [2026-07-28T03:34:05.505+0000] {dagbag.py:588} INFO - Filling up the DagBag from /opt/airflow/dags/avito_to_raw_midraw.py
[2026-07-28T03:34:05.522+0000] {processor.py:925} INFO - DAG(s) 'avito_to_raw_midraw' retrieved from /opt/airflow/dags/avito_to_raw_midraw.py
[2026-07-28T03:34:05.543+0000] {logging_mixin.py:190} INFO - [2026-07-28T03:34:05.543+0000] {dag.py:3239} INFO - Sync 1 DAGs
[2026-07-28T03:34:05.560+0000] {logging_mixin.py:190} INFO - [2026-07-28T03:34:05.560+0000] {dag.py:4180} INFO - Setting next_dagrun for avito_to_raw_midraw to 2026-07-28 03:00:00+00:00, run_after=2026-07-28 04:00:00+00:00
[2026-07-28T03:34:05.570+0000] {processor.py:208} INFO - Processing /opt/airflow/dags/avito_to_raw_midraw.py took 0.069 seconds
[2026-07-28T03:51:51.131+0000] {processor.py:186} INFO - Started process (PID=5450) to work on /opt/airflow/dags/avito_to_raw_midraw.py
[2026-07-28T03:51:51.132+0000] {processor.py:914} INFO - Processing file /opt/airflow/dags/avito_to_raw_midraw.py for tasks to queue
[2026-07-28T03:51:51.133+0000] {logging_mixin.py:190} INFO - [2026-07-28T03:51:51.133+0000] {dagbag.py:588} INFO - Filling up the DagBag from /opt/airflow/dags/avito_to_raw_midraw.py
[2026-07-28T03:51:51.146+0000] {processor.py:925} INFO - DAG(s) 'avito_to_raw_midraw' retrieved from /opt/airflow/dags/avito_to_raw_midraw.py
[2026-07-28T03:51:51.162+0000] {logging_mixin.py:190} INFO - [2026-07-28T03:51:51.162+0000] {dag.py:3239} INFO - Sync 1 DAGs
[2026-07-28T03:51:51.175+0000] {logging_mixin.py:190} INFO - [2026-07-28T03:51:51.175+0000] {dag.py:4180} INFO - Setting next_dagrun for avito_to_raw_midraw to 2026-07-28 03:00:00+00:00, run_after=2026-07-28 04:00:00+00:00
[2026-07-28T03:51:51.184+0000] {processor.py:208} INFO - Processing /opt/airflow/dags/avito_to_raw_midraw.py took 0.056 seconds
[2026-07-28T04:08:45.068+0000] {processor.py:186} INFO - Started process (PID=5452) to work on /opt/airflow/dags/avito_to_raw_midraw.py
[2026-07-28T04:08:45.069+0000] {processor.py:914} INFO - Processing file /opt/airflow/dags/avito_to_raw_midraw.py for tasks to queue
[2026-07-28T04:08:45.071+0000] {logging_mixin.py:190} INFO - [2026-07-28T04:08:45.070+0000] {dagbag.py:588} INFO - Filling up the DagBag from /opt/airflow/dags/avito_to_raw_midraw.py
[2026-07-28T04:08:45.090+0000] {processor.py:925} INFO - DAG(s) 'avito_to_raw_midraw' retrieved from /opt/airflow/dags/avito_to_raw_midraw.py
[2026-07-28T04:08:45.113+0000] {logging_mixin.py:190} INFO - [2026-07-28T04:08:45.113+0000] {dag.py:3239} INFO - Sync 1 DAGs
[2026-07-28T04:08:45.142+0000] {processor.py:208} INFO - Processing /opt/airflow/dags/avito_to_raw_midraw.py took 0.080 seconds
[2026-07-28T04:35:01.053+0000] {processor.py:186} INFO - Started process (PID=5454) to work on /opt/airflow/dags/avito_to_raw_midraw.py
[2026-07-28T04:35:01.054+0000] {processor.py:914} INFO - Processing file /opt/airflow/dags/avito_to_raw_midraw.py for tasks to queue
[2026-07-28T04:35:01.054+0000] {logging_mixin.py:190} INFO - [2026-07-28T04:35:01.054+0000] {dagbag.py:588} INFO - Filling up the DagBag from /opt/airflow/dags/avito_to_raw_midraw.py
[2026-07-28T04:35:01.068+0000] {processor.py:925} INFO - DAG(s) 'avito_to_raw_midraw' retrieved from /opt/airflow/dags/avito_to_raw_midraw.py
[2026-07-28T04:35:01.088+0000] {logging_mixin.py:190} INFO - [2026-07-28T04:35:01.088+0000] {dag.py:3239} INFO - Sync 1 DAGs
[2026-07-28T04:35:01.101+0000] {logging_mixin.py:190} INFO - [2026-07-28T04:35:01.101+0000] {dag.py:4180} INFO - Setting next_dagrun for avito_to_raw_midraw to 2026-07-28 04:00:00+00:00, run_after=2026-07-28 05:00:00+00:00
[2026-07-28T04:35:01.110+0000] {processor.py:208} INFO - Processing /opt/airflow/dags/avito_to_raw_midraw.py took 0.059 seconds
[2026-07-28T04:52:55.768+0000] {processor.py:186} INFO - Started process (PID=5456) to work on /opt/airflow/dags/avito_to_raw_midraw.py
[2026-07-28T04:52:55.768+0000] {processor.py:914} INFO - Processing file /opt/airflow/dags/avito_to_raw_midraw.py for tasks to queue
[2026-07-28T04:52:55.770+0000] {logging_mixin.py:190} INFO - [2026-07-28T04:52:55.770+0000] {dagbag.py:588} INFO - Filling up the DagBag from /opt/airflow/dags/avito_to_raw_midraw.py
[2026-07-28T04:52:55.784+0000] {processor.py:925} INFO - DAG(s) 'avito_to_raw_midraw' retrieved from /opt/airflow/dags/avito_to_raw_midraw.py
[2026-07-28T04:52:55.801+0000] {logging_mixin.py:190} INFO - [2026-07-28T04:52:55.801+0000] {dag.py:3239} INFO - Sync 1 DAGs
[2026-07-28T04:52:55.818+0000] {logging_mixin.py:190} INFO - [2026-07-28T04:52:55.817+0000] {dag.py:4180} INFO - Setting next_dagrun for avito_to_raw_midraw to 2026-07-28 04:00:00+00:00, run_after=2026-07-28 05:00:00+00:00
[2026-07-28T04:52:55.826+0000] {processor.py:208} INFO - Processing /opt/airflow/dags/avito_to_raw_midraw.py took 0.061 seconds
[2026-07-28T05:11:23.352+0000] {processor.py:186} INFO - Started process (PID=5458) to work on /opt/airflow/dags/avito_to_raw_midraw.py
[2026-07-28T05:11:23.352+0000] {processor.py:914} INFO - Processing file /opt/airflow/dags/avito_to_raw_midraw.py for tasks to queue
[2026-07-28T05:11:23.353+0000] {logging_mixin.py:190} INFO - [2026-07-28T05:11:23.353+0000] {dagbag.py:588} INFO - Filling up the DagBag from /opt/airflow/dags/avito_to_raw_midraw.py
[2026-07-28T05:11:23.368+0000] {processor.py:925} INFO - DAG(s) 'avito_to_raw_midraw' retrieved from /opt/airflow/dags/avito_to_raw_midraw.py
[2026-07-28T05:11:23.504+0000] {logging_mixin.py:190} INFO - [2026-07-28T05:11:23.504+0000] {dag.py:3239} INFO - Sync 1 DAGs
[2026-07-28T05:11:23.621+0000] {processor.py:208} INFO - Processing /opt/airflow/dags/avito_to_raw_midraw.py took 0.272 seconds
[2026-07-28T05:36:00.564+0000] {processor.py:186} INFO - Started process (PID=5460) to work on /opt/airflow/dags/avito_to_raw_midraw.py
[2026-07-28T05:36:00.565+0000] {processor.py:914} INFO - Processing file /opt/airflow/dags/avito_to_raw_midraw.py for tasks to queue
[2026-07-28T05:36:00.565+0000] {logging_mixin.py:190} INFO - [2026-07-28T05:36:00.565+0000] {dagbag.py:588} INFO - Filling up the DagBag from /opt/airflow/dags/avito_to_raw_midraw.py
[2026-07-28T05:36:00.585+0000] {processor.py:925} INFO - DAG(s) 'avito_to_raw_midraw' retrieved from /opt/airflow/dags/avito_to_raw_midraw.py
[2026-07-28T05:36:00.606+0000] {logging_mixin.py:190} INFO - [2026-07-28T05:36:00.605+0000] {dag.py:3239} INFO - Sync 1 DAGs
[2026-07-28T05:36:00.618+0000] {logging_mixin.py:190} INFO - [2026-07-28T05:36:00.618+0000] {dag.py:4180} INFO - Setting next_dagrun for avito_to_raw_midraw to 2026-07-28 05:00:00+00:00, run_after=2026-07-28 06:00:00+00:00
[2026-07-28T05:36:00.632+0000] {processor.py:208} INFO - Processing /opt/airflow/dags/avito_to_raw_midraw.py took 0.070 seconds
[2026-07-28T05:36:30.833+0000] {processor.py:186} INFO - Started process (PID=5462) to work on /opt/airflow/dags/avito_to_raw_midraw.py
[2026-07-28T05:36:30.834+0000] {processor.py:914} INFO - Processing file /opt/airflow/dags/avito_to_raw_midraw.py for tasks to queue
[2026-07-28T05:36:30.834+0000] {logging_mixin.py:190} INFO - [2026-07-28T05:36:30.834+0000] {dagbag.py:588} INFO - Filling up the DagBag from /opt/airflow/dags/avito_to_raw_midraw.py
[2026-07-28T05:36:30.852+0000] {processor.py:925} INFO - DAG(s) 'avito_to_raw_midraw' retrieved from /opt/airflow/dags/avito_to_raw_midraw.py
[2026-07-28T05:36:30.868+0000] {logging_mixin.py:190} INFO - [2026-07-28T05:36:30.868+0000] {dag.py:3239} INFO - Sync 1 DAGs
[2026-07-28T05:36:30.881+0000] {logging_mixin.py:190} INFO - [2026-07-28T05:36:30.881+0000] {dag.py:4180} INFO - Setting next_dagrun for avito_to_raw_midraw to 2026-07-28 05:00:00+00:00, run_after=2026-07-28 06:00:00+00:00
[2026-07-28T05:36:30.891+0000] {processor.py:208} INFO - Processing /opt/airflow/dags/avito_to_raw_midraw.py took 0.062 seconds
[2026-07-28T05:37:01.212+0000] {processor.py:186} INFO - Started process (PID=5464) to work on /opt/airflow/dags/avito_to_raw_midraw.py
[2026-07-28T05:37:01.213+0000] {processor.py:914} INFO - Processing file /opt/airflow/dags/avito_to_raw_midraw.py for tasks to queue
[2026-07-28T05:37:01.214+0000] {logging_mixin.py:190} INFO - [2026-07-28T05:37:01.214+0000] {dagbag.py:588} INFO - Filling up the DagBag from /opt/airflow/dags/avito_to_raw_midraw.py
[2026-07-28T05:37:01.230+0000] {processor.py:925} INFO - DAG(s) 'avito_to_raw_midraw' retrieved from /opt/airflow/dags/avito_to_raw_midraw.py
[2026-07-28T05:37:01.245+0000] {logging_mixin.py:190} INFO - [2026-07-28T05:37:01.244+0000] {dag.py:3239} INFO - Sync 1 DAGs
[2026-07-28T05:37:01.257+0000] {logging_mixin.py:190} INFO - [2026-07-28T05:37:01.257+0000] {dag.py:4180} INFO - Setting next_dagrun for avito_to_raw_midraw to 2026-07-28 05:00:00+00:00, run_after=2026-07-28 06:00:00+00:00
[2026-07-28T05:37:01.266+0000] {processor.py:208} INFO - Processing /opt/airflow/dags/avito_to_raw_midraw.py took 0.059 seconds
[2026-07-28T06:29:58.972+0000] {processor.py:186} INFO - Started process (PID=5466) to work on /opt/airflow/dags/avito_to_raw_midraw.py
[2026-07-28T06:29:58.973+0000] {processor.py:914} INFO - Processing file /opt/airflow/dags/avito_to_raw_midraw.py for tasks to queue
[2026-07-28T06:29:58.974+0000] {logging_mixin.py:190} INFO - [2026-07-28T06:29:58.974+0000] {dagbag.py:588} INFO - Filling up the DagBag from /opt/airflow/dags/avito_to_raw_midraw.py
[2026-07-28T06:29:58.989+0000] {processor.py:925} INFO - DAG(s) 'avito_to_raw_midraw' retrieved from /opt/airflow/dags/avito_to_raw_midraw.py
[2026-07-28T06:29:59.008+0000] {logging_mixin.py:190} INFO - [2026-07-28T06:29:59.008+0000] {dag.py:3239} INFO - Sync 1 DAGs
[2026-07-28T06:29:59.023+0000] {logging_mixin.py:190} INFO - [2026-07-28T06:29:59.022+0000] {dag.py:4180} INFO - Setting next_dagrun for avito_to_raw_midraw to 2026-07-28 05:00:00+00:00, run_after=2026-07-28 06:00:00+00:00
[2026-07-28T06:29:59.033+0000] {processor.py:208} INFO - Processing /opt/airflow/dags/avito_to_raw_midraw.py took 0.065 seconds
[2026-07-28T07:08:01.206+0000] {processor.py:186} INFO - Started process (PID=5468) to work on /opt/airflow/dags/avito_to_raw_midraw.py
[2026-07-28T07:08:01.207+0000] {processor.py:914} INFO - Processing file /opt/airflow/dags/avito_to_raw_midraw.py for tasks to queue
[2026-07-28T07:08:01.208+0000] {logging_mixin.py:190} INFO - [2026-07-28T07:08:01.208+0000] {dagbag.py:588} INFO - Filling up the DagBag from /opt/airflow/dags/avito_to_raw_midraw.py
[2026-07-28T07:08:01.225+0000] {processor.py:925} INFO - DAG(s) 'avito_to_raw_midraw' retrieved from /opt/airflow/dags/avito_to_raw_midraw.py
[2026-07-28T07:08:01.245+0000] {logging_mixin.py:190} INFO - [2026-07-28T07:08:01.244+0000] {dag.py:3239} INFO - Sync 1 DAGs
[2026-07-28T07:08:01.259+0000] {logging_mixin.py:190} INFO - [2026-07-28T07:08:01.259+0000] {dag.py:4180} INFO - Setting next_dagrun for avito_to_raw_midraw to 2026-07-28 06:00:00+00:00, run_after=2026-07-28 07:00:00+00:00
[2026-07-28T07:08:01.270+0000] {processor.py:208} INFO - Processing /opt/airflow/dags/avito_to_raw_midraw.py took 0.068 seconds
[2026-07-28T08:26:50.915+0000] {processor.py:186} INFO - Started process (PID=5470) to work on /opt/airflow/dags/avito_to_raw_midraw.py
[2026-07-28T08:26:50.915+0000] {processor.py:914} INFO - Processing file /opt/airflow/dags/avito_to_raw_midraw.py for tasks to queue
[2026-07-28T08:26:50.917+0000] {logging_mixin.py:190} INFO - [2026-07-28T08:26:50.916+0000] {dagbag.py:588} INFO - Filling up the DagBag from /opt/airflow/dags/avito_to_raw_midraw.py
[2026-07-28T08:26:50.934+0000] {processor.py:925} INFO - DAG(s) 'avito_to_raw_midraw' retrieved from /opt/airflow/dags/avito_to_raw_midraw.py
[2026-07-28T08:26:50.951+0000] {logging_mixin.py:190} INFO - [2026-07-28T08:26:50.951+0000] {dag.py:3239} INFO - Sync 1 DAGs
[2026-07-28T08:26:50.981+0000] {processor.py:208} INFO - Processing /opt/airflow/dags/avito_to_raw_midraw.py took 0.071 seconds
[2026-07-28T09:33:41.711+0000] {processor.py:186} INFO - Started process (PID=5472) to work on /opt/airflow/dags/avito_to_raw_midraw.py
[2026-07-28T09:33:41.712+0000] {processor.py:914} INFO - Processing file /opt/airflow/dags/avito_to_raw_midraw.py for tasks to queue
[2026-07-28T09:33:41.713+0000] {logging_mixin.py:190} INFO - [2026-07-28T09:33:41.713+0000] {dagbag.py:588} INFO - Filling up the DagBag from /opt/airflow/dags/avito_to_raw_midraw.py
[2026-07-28T09:33:41.731+0000] {processor.py:925} INFO - DAG(s) 'avito_to_raw_midraw' retrieved from /opt/airflow/dags/avito_to_raw_midraw.py
[2026-07-28T09:33:41.750+0000] {logging_mixin.py:190} INFO - [2026-07-28T09:33:41.750+0000] {dag.py:3239} INFO - Sync 1 DAGs
[2026-07-28T09:33:41.766+0000] {logging_mixin.py:190} INFO - [2026-07-28T09:33:41.766+0000] {dag.py:4180} INFO - Setting next_dagrun for avito_to_raw_midraw to 2026-07-28 08:00:00+00:00, run_after=2026-07-28 09:00:00+00:00
[2026-07-28T09:33:41.778+0000] {processor.py:208} INFO - Processing /opt/airflow/dags/avito_to_raw_midraw.py took 0.070 seconds
[2026-07-28T10:40:59.767+0000] {processor.py:186} INFO - Started process (PID=5474) to work on /opt/airflow/dags/avito_to_raw_midraw.py
[2026-07-28T10:40:59.767+0000] {processor.py:914} INFO - Processing file /opt/airflow/dags/avito_to_raw_midraw.py for tasks to queue
[2026-07-28T10:40:59.769+0000] {logging_mixin.py:190} INFO - [2026-07-28T10:40:59.769+0000] {dagbag.py:588} INFO - Filling up the DagBag from /opt/airflow/dags/avito_to_raw_midraw.py
[2026-07-28T10:40:59.794+0000] {processor.py:925} INFO - DAG(s) 'avito_to_raw_midraw' retrieved from /opt/airflow/dags/avito_to_raw_midraw.py
[2026-07-28T10:40:59.826+0000] {logging_mixin.py:190} INFO - [2026-07-28T10:40:59.826+0000] {dag.py:3239} INFO - Sync 1 DAGs
[2026-07-28T10:40:59.848+0000] {logging_mixin.py:190} INFO - [2026-07-28T10:40:59.847+0000] {dag.py:4180} INFO - Setting next_dagrun for avito_to_raw_midraw to 2026-07-28 09:00:00+00:00, run_after=2026-07-28 10:00:00+00:00
[2026-07-28T10:40:59.858+0000] {processor.py:208} INFO - Processing /opt/airflow/dags/avito_to_raw_midraw.py took 0.097 seconds
[2026-07-28T11:42:01.419+0000] {processor.py:186} INFO - Started process (PID=5476) to work on /opt/airflow/dags/avito_to_raw_midraw.py
[2026-07-28T11:42:01.420+0000] {processor.py:914} INFO - Processing file /opt/airflow/dags/avito_to_raw_midraw.py for tasks to queue
[2026-07-28T11:42:01.421+0000] {logging_mixin.py:190} INFO - [2026-07-28T11:42:01.421+0000] {dagbag.py:588} INFO - Filling up the DagBag from /opt/airflow/dags/avito_to_raw_midraw.py
[2026-07-28T11:42:01.441+0000] {processor.py:925} INFO - DAG(s) 'avito_to_raw_midraw' retrieved from /opt/airflow/dags/avito_to_raw_midraw.py
[2026-07-28T11:42:01.467+0000] {logging_mixin.py:190} INFO - [2026-07-28T11:42:01.467+0000] {dag.py:3239} INFO - Sync 1 DAGs
[2026-07-28T11:42:01.490+0000] {logging_mixin.py:190} INFO - [2026-07-28T11:42:01.490+0000] {dag.py:4180} INFO - Setting next_dagrun for avito_to_raw_midraw to 2026-07-28 10:00:00+00:00, run_after=2026-07-28 11:00:00+00:00
[2026-07-28T11:42:01.503+0000] {processor.py:208} INFO - Processing /opt/airflow/dags/avito_to_raw_midraw.py took 0.088 seconds
[2026-07-28T11:58:31.501+0000] {processor.py:186} INFO - Started process (PID=5478) to work on /opt/airflow/dags/avito_to_raw_midraw.py
[2026-07-28T11:58:31.502+0000] {processor.py:914} INFO - Processing file /opt/airflow/dags/avito_to_raw_midraw.py for tasks to queue
[2026-07-28T11:58:31.503+0000] {logging_mixin.py:190} INFO - [2026-07-28T11:58:31.503+0000] {dagbag.py:588} INFO - Filling up the DagBag from /opt/airflow/dags/avito_to_raw_midraw.py
[2026-07-28T11:58:31.521+0000] {processor.py:925} INFO - DAG(s) 'avito_to_raw_midraw' retrieved from /opt/airflow/dags/avito_to_raw_midraw.py
[2026-07-28T11:58:31.542+0000] {logging_mixin.py:190} INFO - [2026-07-28T11:58:31.542+0000] {dag.py:3239} INFO - Sync 1 DAGs
[2026-07-28T11:58:31.557+0000] {logging_mixin.py:190} INFO - [2026-07-28T11:58:31.557+0000] {dag.py:4180} INFO - Setting next_dagrun for avito_to_raw_midraw to 2026-07-28 11:00:00+00:00, run_after=2026-07-28 12:00:00+00:00
[2026-07-28T11:58:31.568+0000] {processor.py:208} INFO - Processing /opt/airflow/dags/avito_to_raw_midraw.py took 0.072 seconds
[2026-07-28T12:14:26.118+0000] {processor.py:186} INFO - Started process (PID=5480) to work on /opt/airflow/dags/avito_to_raw_midraw.py
[2026-07-28T12:14:26.119+0000] {processor.py:914} INFO - Processing file /opt/airflow/dags/avito_to_raw_midraw.py for tasks to queue
[2026-07-28T12:14:26.120+0000] {logging_mixin.py:190} INFO - [2026-07-28T12:14:26.119+0000] {dagbag.py:588} INFO - Filling up the DagBag from /opt/airflow/dags/avito_to_raw_midraw.py
[2026-07-28T12:14:26.133+0000] {processor.py:925} INFO - DAG(s) 'avito_to_raw_midraw' retrieved from /opt/airflow/dags/avito_to_raw_midraw.py
[2026-07-28T12:14:26.149+0000] {logging_mixin.py:190} INFO - [2026-07-28T12:14:26.149+0000] {dag.py:3239} INFO - Sync 1 DAGs
[2026-07-28T12:14:26.173+0000] {processor.py:208} INFO - Processing /opt/airflow/dags/avito_to_raw_midraw.py took 0.065 seconds
[2026-07-28T12:42:58.972+0000] {processor.py:186} INFO - Started process (PID=5482) to work on /opt/airflow/dags/avito_to_raw_midraw.py
[2026-07-28T12:42:58.973+0000] {processor.py:914} INFO - Processing file /opt/airflow/dags/avito_to_raw_midraw.py for tasks to queue
[2026-07-28T12:42:58.975+0000] {logging_mixin.py:190} INFO - [2026-07-28T12:42:58.974+0000] {dagbag.py:588} INFO - Filling up the DagBag from /opt/airflow/dags/avito_to_raw_midraw.py
[2026-07-28T12:42:58.997+0000] {processor.py:925} INFO - DAG(s) 'avito_to_raw_midraw' retrieved from /opt/airflow/dags/avito_to_raw_midraw.py
[2026-07-28T12:42:59.024+0000] {logging_mixin.py:190} INFO - [2026-07-28T12:42:59.024+0000] {dag.py:3239} INFO - Sync 1 DAGs
[2026-07-28T12:42:59.039+0000] {logging_mixin.py:190} INFO - [2026-07-28T12:42:59.039+0000] {dag.py:4180} INFO - Setting next_dagrun for avito_to_raw_midraw to 2026-07-28 12:00:00+00:00, run_after=2026-07-28 13:00:00+00:00
[2026-07-28T12:42:59.057+0000] {processor.py:208} INFO - Processing /opt/airflow/dags/avito_to_raw_midraw.py took 0.097 seconds
[2026-07-28T12:59:41.902+0000] {processor.py:186} INFO - Started process (PID=5484) to work on /opt/airflow/dags/avito_to_raw_midraw.py
[2026-07-28T12:59:41.903+0000] {processor.py:914} INFO - Processing file /opt/airflow/dags/avito_to_raw_midraw.py for tasks to queue
[2026-07-28T12:59:41.904+0000] {logging_mixin.py:190} INFO - [2026-07-28T12:59:41.904+0000] {dagbag.py:588} INFO - Filling up the DagBag from /opt/airflow/dags/avito_to_raw_midraw.py
[2026-07-28T12:59:41.916+0000] {processor.py:925} INFO - DAG(s) 'avito_to_raw_midraw' retrieved from /opt/airflow/dags/avito_to_raw_midraw.py
[2026-07-28T12:59:41.933+0000] {logging_mixin.py:190} INFO - [2026-07-28T12:59:41.933+0000] {dag.py:3239} INFO - Sync 1 DAGs
[2026-07-28T12:59:41.947+0000] {logging_mixin.py:190} INFO - [2026-07-28T12:59:41.947+0000] {dag.py:4180} INFO - Setting next_dagrun for avito_to_raw_midraw to 2026-07-28 12:00:00+00:00, run_after=2026-07-28 13:00:00+00:00
[2026-07-28T12:59:41.957+0000] {processor.py:208} INFO - Processing /opt/airflow/dags/avito_to_raw_midraw.py took 0.057 seconds
[2026-07-28T13:17:07.158+0000] {processor.py:186} INFO - Started process (PID=5486) to work on /opt/airflow/dags/avito_to_raw_midraw.py
[2026-07-28T13:17:07.158+0000] {processor.py:914} INFO - Processing file /opt/airflow/dags/avito_to_raw_midraw.py for tasks to queue
[2026-07-28T13:17:07.159+0000] {logging_mixin.py:190} INFO - [2026-07-28T13:17:07.159+0000] {dagbag.py:588} INFO - Filling up the DagBag from /opt/airflow/dags/avito_to_raw_midraw.py
[2026-07-28T13:17:07.175+0000] {processor.py:925} INFO - DAG(s) 'avito_to_raw_midraw' retrieved from /opt/airflow/dags/avito_to_raw_midraw.py
[2026-07-28T13:17:07.196+0000] {logging_mixin.py:190} INFO - [2026-07-28T13:17:07.196+0000] {dag.py:3239} INFO - Sync 1 DAGs
[2026-07-28T13:17:07.209+0000] {logging_mixin.py:190} INFO - [2026-07-28T13:17:07.209+0000] {dag.py:4180} INFO - Setting next_dagrun for avito_to_raw_midraw to 2026-07-28 13:00:00+00:00, run_after=2026-07-28 14:00:00+00:00
[2026-07-28T13:17:07.220+0000] {processor.py:208} INFO - Processing /opt/airflow/dags/avito_to_raw_midraw.py took 0.066 seconds
[2026-07-28T13:33:20.379+0000] {processor.py:186} INFO - Started process (PID=5488) to work on /opt/airflow/dags/avito_to_raw_midraw.py
[2026-07-28T13:33:20.380+0000] {processor.py:914} INFO - Processing file /opt/airflow/dags/avito_to_raw_midraw.py for tasks to queue
[2026-07-28T13:33:20.380+0000] {logging_mixin.py:190} INFO - [2026-07-28T13:33:20.380+0000] {dagbag.py:588} INFO - Filling up the DagBag from /opt/airflow/dags/avito_to_raw_midraw.py
[2026-07-28T13:33:20.398+0000] {processor.py:925} INFO - DAG(s) 'avito_to_raw_midraw' retrieved from /opt/airflow/dags/avito_to_raw_midraw.py
[2026-07-28T13:33:20.418+0000] {logging_mixin.py:190} INFO - [2026-07-28T13:33:20.417+0000] {dag.py:3239} INFO - Sync 1 DAGs
[2026-07-28T13:33:20.433+0000] {logging_mixin.py:190} INFO - [2026-07-28T13:33:20.433+0000] {dag.py:4180} INFO - Setting next_dagrun for avito_to_raw_midraw to 2026-07-28 13:00:00+00:00, run_after=2026-07-28 14:00:00+00:00
[2026-07-28T13:33:20.445+0000] {processor.py:208} INFO - Processing /opt/airflow/dags/avito_to_raw_midraw.py took 0.070 seconds
[2026-07-28T14:00:43.984+0000] {processor.py:186} INFO - Started process (PID=5490) to work on /opt/airflow/dags/avito_to_raw_midraw.py
[2026-07-28T14:00:43.985+0000] {processor.py:914} INFO - Processing file /opt/airflow/dags/avito_to_raw_midraw.py for tasks to queue
[2026-07-28T14:00:43.985+0000] {logging_mixin.py:190} INFO - [2026-07-28T14:00:43.985+0000] {dagbag.py:588} INFO - Filling up the DagBag from /opt/airflow/dags/avito_to_raw_midraw.py
[2026-07-28T14:00:44.002+0000] {processor.py:925} INFO - DAG(s) 'avito_to_raw_midraw' retrieved from /opt/airflow/dags/avito_to_raw_midraw.py
[2026-07-28T14:00:44.016+0000] {logging_mixin.py:190} INFO - [2026-07-28T14:00:44.016+0000] {dag.py:3239} INFO - Sync 1 DAGs
[2026-07-28T14:00:44.026+0000] {logging_mixin.py:190} INFO - [2026-07-28T14:00:44.026+0000] {dag.py:4180} INFO - Setting next_dagrun for avito_to_raw_midraw to 2026-07-28 13:00:00+00:00, run_after=2026-07-28 14:00:00+00:00
[2026-07-28T14:00:44.035+0000] {processor.py:208} INFO - Processing /opt/airflow/dags/avito_to_raw_midraw.py took 0.054 seconds
[2026-07-28T14:18:38.530+0000] {processor.py:186} INFO - Started process (PID=5492) to work on /opt/airflow/dags/avito_to_raw_midraw.py
[2026-07-28T14:18:38.531+0000] {processor.py:914} INFO - Processing file /opt/airflow/dags/avito_to_raw_midraw.py for tasks to queue
[2026-07-28T14:18:38.532+0000] {logging_mixin.py:190} INFO - [2026-07-28T14:18:38.532+0000] {dagbag.py:588} INFO - Filling up the DagBag from /opt/airflow/dags/avito_to_raw_midraw.py
[2026-07-28T14:18:38.548+0000] {processor.py:925} INFO - DAG(s) 'avito_to_raw_midraw' retrieved from /opt/airflow/dags/avito_to_raw_midraw.py
[2026-07-28T14:18:38.566+0000] {logging_mixin.py:190} INFO - [2026-07-28T14:18:38.566+0000] {dag.py:3239} INFO - Sync 1 DAGs
[2026-07-28T14:18:38.581+0000] {logging_mixin.py:190} INFO - [2026-07-28T14:18:38.580+0000] {dag.py:4180} INFO - Setting next_dagrun for avito_to_raw_midraw to 2026-07-28 14:00:00+00:00, run_after=2026-07-28 15:00:00+00:00
[2026-07-28T14:18:38.592+0000] {processor.py:208} INFO - Processing /opt/airflow/dags/avito_to_raw_midraw.py took 0.065 seconds
[2026-07-28T14:34:21.055+0000] {processor.py:186} INFO - Started process (PID=5494) to work on /opt/airflow/dags/avito_to_raw_midraw.py
[2026-07-28T14:34:21.055+0000] {processor.py:914} INFO - Processing file /opt/airflow/dags/avito_to_raw_midraw.py for tasks to queue
[2026-07-28T14:34:21.056+0000] {logging_mixin.py:190} INFO - [2026-07-28T14:34:21.056+0000] {dagbag.py:588} INFO - Filling up the DagBag from /opt/airflow/dags/avito_to_raw_midraw.py
[2026-07-28T14:34:21.068+0000] {processor.py:925} INFO - DAG(s) 'avito_to_raw_midraw' retrieved from /opt/airflow/dags/avito_to_raw_midraw.py
[2026-07-28T14:34:21.088+0000] {logging_mixin.py:190} INFO - [2026-07-28T14:34:21.087+0000] {dag.py:3239} INFO - Sync 1 DAGs
[2026-07-28T14:34:21.099+0000] {logging_mixin.py:190} INFO - [2026-07-28T14:34:21.099+0000] {dag.py:4180} INFO - Setting next_dagrun for avito_to_raw_midraw to 2026-07-28 14:00:00+00:00, run_after=2026-07-28 15:00:00+00:00
[2026-07-28T14:34:21.110+0000] {processor.py:208} INFO - Processing /opt/airflow/dags/avito_to_raw_midraw.py took 0.058 seconds
[2026-07-28T14:45:25.600+0000] {processor.py:186} INFO - Started process (PID=5496) to work on /opt/airflow/dags/avito_to_raw_midraw.py
[2026-07-28T14:45:25.601+0000] {processor.py:914} INFO - Processing file /opt/airflow/dags/avito_to_raw_midraw.py for tasks to queue
[2026-07-28T14:45:25.603+0000] {logging_mixin.py:190} INFO - [2026-07-28T14:45:25.603+0000] {dagbag.py:588} INFO - Filling up the DagBag from /opt/airflow/dags/avito_to_raw_midraw.py
[2026-07-28T14:45:25.620+0000] {processor.py:925} INFO - DAG(s) 'avito_to_raw_midraw' retrieved from /opt/airflow/dags/avito_to_raw_midraw.py
[2026-07-28T14:45:25.641+0000] {logging_mixin.py:190} INFO - [2026-07-28T14:45:25.641+0000] {dag.py:3239} INFO - Sync 1 DAGs
[2026-07-28T14:45:25.660+0000] {logging_mixin.py:190} INFO - [2026-07-28T14:45:25.660+0000] {dag.py:4180} INFO - Setting next_dagrun for avito_to_raw_midraw to 2026-07-28 14:00:00+00:00, run_after=2026-07-28 15:00:00+00:00
[2026-07-28T14:45:25.671+0000] {processor.py:208} INFO - Processing /opt/airflow/dags/avito_to_raw_midraw.py took 0.074 seconds
[2026-07-28T15:03:50.241+0000] {processor.py:186} INFO - Started process (PID=5498) to work on /opt/airflow/dags/avito_to_raw_midraw.py
[2026-07-28T15:03:50.242+0000] {processor.py:914} INFO - Processing file /opt/airflow/dags/avito_to_raw_midraw.py for tasks to queue
[2026-07-28T15:03:50.244+0000] {logging_mixin.py:190} INFO - [2026-07-28T15:03:50.243+0000] {dagbag.py:588} INFO - Filling up the DagBag from /opt/airflow/dags/avito_to_raw_midraw.py
[2026-07-28T15:03:50.262+0000] {processor.py:925} INFO - DAG(s) 'avito_to_raw_midraw' retrieved from /opt/airflow/dags/avito_to_raw_midraw.py
[2026-07-28T15:03:50.280+0000] {logging_mixin.py:190} INFO - [2026-07-28T15:03:50.279+0000] {dag.py:3239} INFO - Sync 1 DAGs
[2026-07-28T15:03:50.301+0000] {processor.py:208} INFO - Processing /opt/airflow/dags/avito_to_raw_midraw.py took 0.068 seconds
[2026-07-28T15:20:47.466+0000] {processor.py:186} INFO - Started process (PID=5500) to work on /opt/airflow/dags/avito_to_raw_midraw.py
[2026-07-28T15:20:47.467+0000] {processor.py:914} INFO - Processing file /opt/airflow/dags/avito_to_raw_midraw.py for tasks to queue
[2026-07-28T15:20:47.468+0000] {logging_mixin.py:190} INFO - [2026-07-28T15:20:47.468+0000] {dagbag.py:588} INFO - Filling up the DagBag from /opt/airflow/dags/avito_to_raw_midraw.py
[2026-07-28T15:20:47.491+0000] {processor.py:925} INFO - DAG(s) 'avito_to_raw_midraw' retrieved from /opt/airflow/dags/avito_to_raw_midraw.py
[2026-07-28T15:20:47.514+0000] {logging_mixin.py:190} INFO - [2026-07-28T15:20:47.514+0000] {dag.py:3239} INFO - Sync 1 DAGs
[2026-07-28T15:20:47.530+0000] {logging_mixin.py:190} INFO - [2026-07-28T15:20:47.530+0000] {dag.py:4180} INFO - Setting next_dagrun for avito_to_raw_midraw to 2026-07-28 15:00:00+00:00, run_after=2026-07-28 16:00:00+00:00
[2026-07-28T15:20:47.540+0000] {processor.py:208} INFO - Processing /opt/airflow/dags/avito_to_raw_midraw.py took 0.078 seconds
[2026-07-28T15:39:03.044+0000] {processor.py:186} INFO - Started process (PID=5502) to work on /opt/airflow/dags/avito_to_raw_midraw.py
[2026-07-28T15:39:03.044+0000] {processor.py:914} INFO - Processing file /opt/airflow/dags/avito_to_raw_midraw.py for tasks to queue
[2026-07-28T15:39:03.046+0000] {logging_mixin.py:190} INFO - [2026-07-28T15:39:03.046+0000] {dagbag.py:588} INFO - Filling up the DagBag from /opt/airflow/dags/avito_to_raw_midraw.py
[2026-07-28T15:39:03.061+0000] {processor.py:925} INFO - DAG(s) 'avito_to_raw_midraw' retrieved from /opt/airflow/dags/avito_to_raw_midraw.py
[2026-07-28T15:39:03.077+0000] {logging_mixin.py:190} INFO - [2026-07-28T15:39:03.077+0000] {dag.py:3239} INFO - Sync 1 DAGs
[2026-07-28T15:39:03.088+0000] {logging_mixin.py:190} INFO - [2026-07-28T15:39:03.088+0000] {dag.py:4180} INFO - Setting next_dagrun for avito_to_raw_midraw to 2026-07-28 15:00:00+00:00, run_after=2026-07-28 16:00:00+00:00
[2026-07-28T15:39:03.097+0000] {processor.py:208} INFO - Processing /opt/airflow/dags/avito_to_raw_midraw.py took 0.057 seconds
[2026-07-28T15:50:25.611+0000] {processor.py:186} INFO - Started process (PID=5504) to work on /opt/airflow/dags/avito_to_raw_midraw.py
[2026-07-28T15:50:25.612+0000] {processor.py:914} INFO - Processing file /opt/airflow/dags/avito_to_raw_midraw.py for tasks to queue
[2026-07-28T15:50:25.614+0000] {logging_mixin.py:190} INFO - [2026-07-28T15:50:25.614+0000] {dagbag.py:588} INFO - Filling up the DagBag from /opt/airflow/dags/avito_to_raw_midraw.py
[2026-07-28T15:50:25.638+0000] {processor.py:925} INFO - DAG(s) 'avito_to_raw_midraw' retrieved from /opt/airflow/dags/avito_to_raw_midraw.py
[2026-07-28T15:50:25.677+0000] {logging_mixin.py:190} INFO - [2026-07-28T15:50:25.677+0000] {dag.py:3239} INFO - Sync 1 DAGs
[2026-07-28T15:50:25.715+0000] {logging_mixin.py:190} INFO - [2026-07-28T15:50:25.715+0000] {dag.py:4180} INFO - Setting next_dagrun for avito_to_raw_midraw to 2026-07-28 15:00:00+00:00, run_after=2026-07-28 16:00:00+00:00
[2026-07-28T15:50:25.737+0000] {processor.py:208} INFO - Processing /opt/airflow/dags/avito_to_raw_midraw.py took 0.134 seconds
[2026-07-28T15:50:57.383+0000] {processor.py:186} INFO - Started process (PID=5506) to work on /opt/airflow/dags/avito_to_raw_midraw.py
[2026-07-28T15:50:57.440+0000] {processor.py:914} INFO - Processing file /opt/airflow/dags/avito_to_raw_midraw.py for tasks to queue
[2026-07-28T15:50:57.499+0000] {logging_mixin.py:190} INFO - [2026-07-28T15:50:57.484+0000] {dagbag.py:588} INFO - Filling up the DagBag from /opt/airflow/dags/avito_to_raw_midraw.py
[2026-07-28T15:50:58.261+0000] {processor.py:925} INFO - DAG(s) 'avito_to_raw_midraw' retrieved from /opt/airflow/dags/avito_to_raw_midraw.py
[2026-07-28T15:50:58.936+0000] {logging_mixin.py:190} INFO - [2026-07-28T15:50:58.908+0000] {dag.py:3239} INFO - Sync 1 DAGs
[2026-07-28T15:50:59.677+0000] {logging_mixin.py:190} INFO - [2026-07-28T15:50:59.676+0000] {dag.py:4180} INFO - Setting next_dagrun for avito_to_raw_midraw to 2026-07-28 15:00:00+00:00, run_after=2026-07-28 16:00:00+00:00
[2026-07-28T15:50:59.868+0000] {processor.py:208} INFO - Processing /opt/airflow/dags/avito_to_raw_midraw.py took 2.730 seconds
[2026-07-28T15:51:31.412+0000] {processor.py:186} INFO - Started process (PID=5508) to work on /opt/airflow/dags/avito_to_raw_midraw.py
[2026-07-28T15:51:31.415+0000] {processor.py:914} INFO - Processing file /opt/airflow/dags/avito_to_raw_midraw.py for tasks to queue
[2026-07-28T15:51:31.456+0000] {logging_mixin.py:190} INFO - [2026-07-28T15:51:31.437+0000] {dagbag.py:588} INFO - Filling up the DagBag from /opt/airflow/dags/avito_to_raw_midraw.py
[2026-07-28T15:51:31.771+0000] {processor.py:925} INFO - DAG(s) 'avito_to_raw_midraw' retrieved from /opt/airflow/dags/avito_to_raw_midraw.py
[2026-07-28T15:51:32.024+0000] {logging_mixin.py:190} INFO - [2026-07-28T15:51:32.023+0000] {dag.py:3239} INFO - Sync 1 DAGs
[2026-07-28T15:51:32.500+0000] {logging_mixin.py:190} INFO - [2026-07-28T15:51:32.497+0000] {dag.py:4180} INFO - Setting next_dagrun for avito_to_raw_midraw to 2026-07-28 15:00:00+00:00, run_after=2026-07-28 16:00:00+00:00
[2026-07-28T15:51:33.107+0000] {processor.py:208} INFO - Processing /opt/airflow/dags/avito_to_raw_midraw.py took 1.731 seconds
[2026-07-28T15:52:04.404+0000] {processor.py:186} INFO - Started process (PID=5510) to work on /opt/airflow/dags/avito_to_raw_midraw.py
[2026-07-28T15:52:04.420+0000] {processor.py:914} INFO - Processing file /opt/airflow/dags/avito_to_raw_midraw.py for tasks to queue
[2026-07-28T15:52:04.442+0000] {logging_mixin.py:190} INFO - [2026-07-28T15:52:04.435+0000] {dagbag.py:588} INFO - Filling up the DagBag from /opt/airflow/dags/avito_to_raw_midraw.py
[2026-07-28T15:52:04.739+0000] {processor.py:925} INFO - DAG(s) 'avito_to_raw_midraw' retrieved from /opt/airflow/dags/avito_to_raw_midraw.py
[2026-07-28T15:52:04.990+0000] {logging_mixin.py:190} INFO - [2026-07-28T15:52:04.990+0000] {dag.py:3239} INFO - Sync 1 DAGs
[2026-07-28T15:52:05.373+0000] {logging_mixin.py:190} INFO - [2026-07-28T15:52:05.343+0000] {dag.py:4180} INFO - Setting next_dagrun for avito_to_raw_midraw to 2026-07-28 15:00:00+00:00, run_after=2026-07-28 16:00:00+00:00
[2026-07-28T15:52:05.713+0000] {processor.py:208} INFO - Processing /opt/airflow/dags/avito_to_raw_midraw.py took 1.386 seconds
[2026-07-28T15:52:37.006+0000] {processor.py:186} INFO - Started process (PID=5512) to work on /opt/airflow/dags/avito_to_raw_midraw.py
[2026-07-28T15:52:37.015+0000] {processor.py:914} INFO - Processing file /opt/airflow/dags/avito_to_raw_midraw.py for tasks to queue
[2026-07-28T15:52:37.022+0000] {logging_mixin.py:190} INFO - [2026-07-28T15:52:37.021+0000] {dagbag.py:588} INFO - Filling up the DagBag from /opt/airflow/dags/avito_to_raw_midraw.py
[2026-07-28T15:52:37.118+0000] {processor.py:925} INFO - DAG(s) 'avito_to_raw_midraw' retrieved from /opt/airflow/dags/avito_to_raw_midraw.py
[2026-07-28T15:52:37.353+0000] {logging_mixin.py:190} INFO - [2026-07-28T15:52:37.353+0000] {dag.py:3239} INFO - Sync 1 DAGs
[2026-07-28T15:52:37.577+0000] {logging_mixin.py:190} INFO - [2026-07-28T15:52:37.577+0000] {dag.py:4180} INFO - Setting next_dagrun for avito_to_raw_midraw to 2026-07-28 15:00:00+00:00, run_after=2026-07-28 16:00:00+00:00
[2026-07-28T15:52:37.744+0000] {processor.py:208} INFO - Processing /opt/airflow/dags/avito_to_raw_midraw.py took 0.785 seconds
[2026-07-28T15:53:14.856+0000] {processor.py:186} INFO - Started process (PID=5514) to work on /opt/airflow/dags/avito_to_raw_midraw.py
[2026-07-28T15:53:15.040+0000] {processor.py:914} INFO - Processing file /opt/airflow/dags/avito_to_raw_midraw.py for tasks to queue
[2026-07-28T15:53:15.328+0000] {logging_mixin.py:190} INFO - [2026-07-28T15:53:15.319+0000] {dagbag.py:588} INFO - Filling up the DagBag from /opt/airflow/dags/avito_to_raw_midraw.py
[2026-07-28T15:53:18.466+0000] {processor.py:925} INFO - DAG(s) 'avito_to_raw_midraw' retrieved from /opt/airflow/dags/avito_to_raw_midraw.py
[2026-07-28T15:53:21.014+0000] {logging_mixin.py:190} INFO - [2026-07-28T15:53:20.987+0000] {dag.py:3239} INFO - Sync 1 DAGs
[2026-07-28T15:53:22.010+0000] {logging_mixin.py:190} INFO - [2026-07-28T15:53:22.009+0000] {dag.py:4180} INFO - Setting next_dagrun for avito_to_raw_midraw to 2026-07-28 15:00:00+00:00, run_after=2026-07-28 16:00:00+00:00
[2026-07-28T15:53:22.761+0000] {processor.py:208} INFO - Processing /opt/airflow/dags/avito_to_raw_midraw.py took 8.356 seconds
[2026-07-28T15:53:54.544+0000] {processor.py:186} INFO - Started process (PID=5516) to work on /opt/airflow/dags/avito_to_raw_midraw.py
[2026-07-28T15:53:54.611+0000] {processor.py:914} INFO - Processing file /opt/airflow/dags/avito_to_raw_midraw.py for tasks to queue
[2026-07-28T15:53:54.828+0000] {logging_mixin.py:190} INFO - [2026-07-28T15:53:54.720+0000] {dagbag.py:588} INFO - Filling up the DagBag from /opt/airflow/dags/avito_to_raw_midraw.py
[2026-07-28T15:53:55.524+0000] {processor.py:925} INFO - DAG(s) 'avito_to_raw_midraw' retrieved from /opt/airflow/dags/avito_to_raw_midraw.py
[2026-07-28T15:53:56.227+0000] {logging_mixin.py:190} INFO - [2026-07-28T15:53:56.212+0000] {dag.py:3239} INFO - Sync 1 DAGs
[2026-07-28T15:53:56.790+0000] {logging_mixin.py:190} INFO - [2026-07-28T15:53:56.787+0000] {dag.py:4180} INFO - Setting next_dagrun for avito_to_raw_midraw to 2026-07-28 15:00:00+00:00, run_after=2026-07-28 16:00:00+00:00
[2026-07-28T15:53:57.147+0000] {processor.py:208} INFO - Processing /opt/airflow/dags/avito_to_raw_midraw.py took 2.927 seconds
[2026-07-28T15:54:29.725+0000] {processor.py:186} INFO - Started process (PID=5518) to work on /opt/airflow/dags/avito_to_raw_midraw.py
[2026-07-28T15:54:30.069+0000] {processor.py:914} INFO - Processing file /opt/airflow/dags/avito_to_raw_midraw.py for tasks to queue
[2026-07-28T15:54:30.112+0000] {logging_mixin.py:190} INFO - [2026-07-28T15:54:30.095+0000] {dagbag.py:588} INFO - Filling up the DagBag from /opt/airflow/dags/avito_to_raw_midraw.py
[2026-07-28T15:54:31.171+0000] {processor.py:925} INFO - DAG(s) 'avito_to_raw_midraw' retrieved from /opt/airflow/dags/avito_to_raw_midraw.py
[2026-07-28T15:54:33.977+0000] {logging_mixin.py:190} INFO - [2026-07-28T15:54:33.976+0000] {dag.py:3239} INFO - Sync 1 DAGs
[2026-07-28T15:54:35.040+0000] {logging_mixin.py:190} INFO - [2026-07-28T15:54:35.039+0000] {dag.py:4180} INFO - Setting next_dagrun for avito_to_raw_midraw to 2026-07-28 15:00:00+00:00, run_after=2026-07-28 16:00:00+00:00
[2026-07-28T15:54:36.309+0000] {processor.py:208} INFO - Processing /opt/airflow/dags/avito_to_raw_midraw.py took 6.737 seconds
[2026-07-28T15:55:10.938+0000] {processor.py:186} INFO - Started process (PID=5520) to work on /opt/airflow/dags/avito_to_raw_midraw.py
[2026-07-28T15:55:11.323+0000] {processor.py:914} INFO - Processing file /opt/airflow/dags/avito_to_raw_midraw.py for tasks to queue
[2026-07-28T15:55:11.423+0000] {logging_mixin.py:190} INFO - [2026-07-28T15:55:11.423+0000] {dagbag.py:588} INFO - Filling up the DagBag from /opt/airflow/dags/avito_to_raw_midraw.py
[2026-07-28T15:55:14.691+0000] {processor.py:925} INFO - DAG(s) 'avito_to_raw_midraw' retrieved from /opt/airflow/dags/avito_to_raw_midraw.py
[2026-07-28T15:55:15.793+0000] {logging_mixin.py:190} INFO - [2026-07-28T15:55:15.792+0000] {dag.py:3239} INFO - Sync 1 DAGs
[2026-07-28T15:55:16.259+0000] {logging_mixin.py:190} INFO - [2026-07-28T15:55:16.258+0000] {dag.py:4180} INFO - Setting next_dagrun for avito_to_raw_midraw to 2026-07-28 15:00:00+00:00, run_after=2026-07-28 16:00:00+00:00
[2026-07-28T15:55:16.934+0000] {processor.py:208} INFO - Processing /opt/airflow/dags/avito_to_raw_midraw.py took 6.333 seconds
[2026-07-28T15:55:48.871+0000] {processor.py:186} INFO - Started process (PID=5521) to work on /opt/airflow/dags/avito_to_raw_midraw.py
[2026-07-28T15:55:49.372+0000] {processor.py:914} INFO - Processing file /opt/airflow/dags/avito_to_raw_midraw.py for tasks to queue
[2026-07-28T15:55:50.209+0000] {logging_mixin.py:190} INFO - [2026-07-28T15:55:50.208+0000] {dagbag.py:588} INFO - Filling up the DagBag from /opt/airflow/dags/avito_to_raw_midraw.py
[2026-07-28T15:55:51.886+0000] {processor.py:925} INFO - DAG(s) 'avito_to_raw_midraw' retrieved from /opt/airflow/dags/avito_to_raw_midraw.py
[2026-07-28T15:55:53.248+0000] {logging_mixin.py:190} INFO - [2026-07-28T15:55:53.247+0000] {dag.py:3239} INFO - Sync 1 DAGs
[2026-07-28T15:55:54.699+0000] {logging_mixin.py:190} INFO - [2026-07-28T15:55:54.698+0000] {dag.py:4180} INFO - Setting next_dagrun for avito_to_raw_midraw to 2026-07-28 15:00:00+00:00, run_after=2026-07-28 16:00:00+00:00
[2026-07-28T15:55:56.755+0000] {processor.py:208} INFO - Processing /opt/airflow/dags/avito_to_raw_midraw.py took 8.038 seconds
[2026-07-28T15:56:27.221+0000] {processor.py:186} INFO - Started process (PID=5523) to work on /opt/airflow/dags/avito_to_raw_midraw.py
[2026-07-28T15:56:27.222+0000] {processor.py:914} INFO - Processing file /opt/airflow/dags/avito_to_raw_midraw.py for tasks to queue
[2026-07-28T15:56:27.223+0000] {logging_mixin.py:190} INFO - [2026-07-28T15:56:27.223+0000] {dagbag.py:588} INFO - Filling up the DagBag from /opt/airflow/dags/avito_to_raw_midraw.py
[2026-07-28T15:56:27.240+0000] {processor.py:925} INFO - DAG(s) 'avito_to_raw_midraw' retrieved from /opt/airflow/dags/avito_to_raw_midraw.py
[2026-07-28T15:56:27.260+0000] {logging_mixin.py:190} INFO - [2026-07-28T15:56:27.260+0000] {dag.py:3239} INFO - Sync 1 DAGs
[2026-07-28T15:56:27.281+0000] {logging_mixin.py:190} INFO - [2026-07-28T15:56:27.281+0000] {dag.py:4180} INFO - Setting next_dagrun for avito_to_raw_midraw to 2026-07-28 15:00:00+00:00, run_after=2026-07-28 16:00:00+00:00
[2026-07-28T15:56:27.291+0000] {processor.py:208} INFO - Processing /opt/airflow/dags/avito_to_raw_midraw.py took 0.079 seconds
[2026-07-28T15:56:59.883+0000] {processor.py:186} INFO - Started process (PID=5525) to work on /opt/airflow/dags/avito_to_raw_midraw.py
[2026-07-28T15:57:00.060+0000] {processor.py:914} INFO - Processing file /opt/airflow/dags/avito_to_raw_midraw.py for tasks to queue
[2026-07-28T15:57:00.169+0000] {logging_mixin.py:190} INFO - [2026-07-28T15:57:00.125+0000] {dagbag.py:588} INFO - Filling up the DagBag from /opt/airflow/dags/avito_to_raw_midraw.py
[2026-07-28T15:57:05.007+0000] {processor.py:925} INFO - DAG(s) 'avito_to_raw_midraw' retrieved from /opt/airflow/dags/avito_to_raw_midraw.py
[2026-07-28T15:57:08.172+0000] {logging_mixin.py:190} INFO - [2026-07-28T15:57:08.114+0000] {dag.py:3239} INFO - Sync 1 DAGs
[2026-07-28T15:57:11.831+0000] {logging_mixin.py:190} INFO - [2026-07-28T15:57:11.831+0000] {dag.py:4180} INFO - Setting next_dagrun for avito_to_raw_midraw to 2026-07-28 15:00:00+00:00, run_after=2026-07-28 16:00:00+00:00
[2026-07-28T15:57:13.615+0000] {processor.py:208} INFO - Processing /opt/airflow/dags/avito_to_raw_midraw.py took 14.527 seconds
[2026-07-28T15:57:45.770+0000] {processor.py:186} INFO - Started process (PID=5527) to work on /opt/airflow/dags/avito_to_raw_midraw.py
[2026-07-28T15:57:45.792+0000] {processor.py:914} INFO - Processing file /opt/airflow/dags/avito_to_raw_midraw.py for tasks to queue
[2026-07-28T15:57:45.823+0000] {logging_mixin.py:190} INFO - [2026-07-28T15:57:45.814+0000] {dagbag.py:588} INFO - Filling up the DagBag from /opt/airflow/dags/avito_to_raw_midraw.py
[2026-07-28T15:57:46.426+0000] {processor.py:925} INFO - DAG(s) 'avito_to_raw_midraw' retrieved from /opt/airflow/dags/avito_to_raw_midraw.py
[2026-07-28T15:57:46.736+0000] {logging_mixin.py:190} INFO - [2026-07-28T15:57:46.733+0000] {dag.py:3239} INFO - Sync 1 DAGs
[2026-07-28T15:57:46.932+0000] {logging_mixin.py:190} INFO - [2026-07-28T15:57:46.931+0000] {dag.py:4180} INFO - Setting next_dagrun for avito_to_raw_midraw to 2026-07-28 15:00:00+00:00, run_after=2026-07-28 16:00:00+00:00
[2026-07-28T15:57:47.303+0000] {processor.py:208} INFO - Processing /opt/airflow/dags/avito_to_raw_midraw.py took 1.738 seconds
[2026-07-28T15:58:21.670+0000] {processor.py:186} INFO - Started process (PID=5530) to work on /opt/airflow/dags/avito_to_raw_midraw.py
[2026-07-28T15:58:21.804+0000] {processor.py:914} INFO - Processing file /opt/airflow/dags/avito_to_raw_midraw.py for tasks to queue
[2026-07-28T15:58:22.048+0000] {logging_mixin.py:190} INFO - [2026-07-28T15:58:22.010+0000] {dagbag.py:588} INFO - Filling up the DagBag from /opt/airflow/dags/avito_to_raw_midraw.py
[2026-07-28T15:58:29.397+0000] {processor.py:925} INFO - DAG(s) 'avito_to_raw_midraw' retrieved from /opt/airflow/dags/avito_to_raw_midraw.py
[2026-07-28T15:58:31.845+0000] {logging_mixin.py:190} INFO - [2026-07-28T15:58:31.793+0000] {dag.py:3239} INFO - Sync 1 DAGs
[2026-07-28T15:58:33.123+0000] {logging_mixin.py:190} INFO - [2026-07-28T15:58:33.094+0000] {dag.py:4180} INFO - Setting next_dagrun for avito_to_raw_midraw to 2026-07-28 15:00:00+00:00, run_after=2026-07-28 16:00:00+00:00
[2026-07-28T15:58:33.712+0000] {processor.py:208} INFO - Processing /opt/airflow/dags/avito_to_raw_midraw.py took 12.302 seconds
[2026-07-28T15:59:04.610+0000] {processor.py:186} INFO - Started process (PID=5532) to work on /opt/airflow/dags/avito_to_raw_midraw.py
[2026-07-28T15:59:04.625+0000] {processor.py:914} INFO - Processing file /opt/airflow/dags/avito_to_raw_midraw.py for tasks to queue
[2026-07-28T15:59:04.636+0000] {logging_mixin.py:190} INFO - [2026-07-28T15:59:04.634+0000] {dagbag.py:588} INFO - Filling up the DagBag from /opt/airflow/dags/avito_to_raw_midraw.py
[2026-07-28T15:59:04.982+0000] {processor.py:925} INFO - DAG(s) 'avito_to_raw_midraw' retrieved from /opt/airflow/dags/avito_to_raw_midraw.py
[2026-07-28T15:59:05.321+0000] {logging_mixin.py:190} INFO - [2026-07-28T15:59:05.321+0000] {dag.py:3239} INFO - Sync 1 DAGs
[2026-07-28T15:59:05.493+0000] {logging_mixin.py:190} INFO - [2026-07-28T15:59:05.487+0000] {dag.py:4180} INFO - Setting next_dagrun for avito_to_raw_midraw to 2026-07-28 15:00:00+00:00, run_after=2026-07-28 16:00:00+00:00
[2026-07-28T15:59:05.634+0000] {processor.py:208} INFO - Processing /opt/airflow/dags/avito_to_raw_midraw.py took 1.234 seconds
[2026-07-28T16:00:10.793+0000] {processor.py:186} INFO - Started process (PID=5534) to work on /opt/airflow/dags/avito_to_raw_midraw.py
[2026-07-28T16:00:10.809+0000] {processor.py:914} INFO - Processing file /opt/airflow/dags/avito_to_raw_midraw.py for tasks to queue
[2026-07-28T16:00:10.865+0000] {logging_mixin.py:190} INFO - [2026-07-28T16:00:10.850+0000] {dagbag.py:588} INFO - Filling up the DagBag from /opt/airflow/dags/avito_to_raw_midraw.py
[2026-07-28T16:00:11.972+0000] {processor.py:925} INFO - DAG(s) 'avito_to_raw_midraw' retrieved from /opt/airflow/dags/avito_to_raw_midraw.py
[2026-07-28T16:00:14.228+0000] {logging_mixin.py:190} INFO - [2026-07-28T16:00:14.227+0000] {dag.py:3239} INFO - Sync 1 DAGs
[2026-07-28T16:00:15.864+0000] {processor.py:208} INFO - Processing /opt/airflow/dags/avito_to_raw_midraw.py took 5.245 seconds
[2026-07-28T16:00:48.465+0000] {processor.py:186} INFO - Started process (PID=5536) to work on /opt/airflow/dags/avito_to_raw_midraw.py
[2026-07-28T16:00:48.498+0000] {processor.py:914} INFO - Processing file /opt/airflow/dags/avito_to_raw_midraw.py for tasks to queue
[2026-07-28T16:00:48.515+0000] {logging_mixin.py:190} INFO - [2026-07-28T16:00:48.514+0000] {dagbag.py:588} INFO - Filling up the DagBag from /opt/airflow/dags/avito_to_raw_midraw.py
[2026-07-28T16:00:51.794+0000] {processor.py:925} INFO - DAG(s) 'avito_to_raw_midraw' retrieved from /opt/airflow/dags/avito_to_raw_midraw.py
[2026-07-28T16:00:54.765+0000] {logging_mixin.py:190} INFO - [2026-07-28T16:00:54.754+0000] {dag.py:3239} INFO - Sync 1 DAGs
[2026-07-28T16:00:57.967+0000] {processor.py:208} INFO - Processing /opt/airflow/dags/avito_to_raw_midraw.py took 9.620 seconds
[2026-07-28T16:01:28.780+0000] {processor.py:186} INFO - Started process (PID=5538) to work on /opt/airflow/dags/avito_to_raw_midraw.py
[2026-07-28T16:01:28.783+0000] {processor.py:914} INFO - Processing file /opt/airflow/dags/avito_to_raw_midraw.py for tasks to queue
[2026-07-28T16:01:28.786+0000] {logging_mixin.py:190} INFO - [2026-07-28T16:01:28.785+0000] {dagbag.py:588} INFO - Filling up the DagBag from /opt/airflow/dags/avito_to_raw_midraw.py
[2026-07-28T16:01:29.102+0000] {processor.py:925} INFO - DAG(s) 'avito_to_raw_midraw' retrieved from /opt/airflow/dags/avito_to_raw_midraw.py
[2026-07-28T16:01:29.655+0000] {logging_mixin.py:190} INFO - [2026-07-28T16:01:29.654+0000] {dag.py:3239} INFO - Sync 1 DAGs
[2026-07-28T16:01:32.842+0000] {processor.py:208} INFO - Processing /opt/airflow/dags/avito_to_raw_midraw.py took 4.090 seconds
[2026-07-28T16:02:05.835+0000] {processor.py:186} INFO - Started process (PID=5540) to work on /opt/airflow/dags/avito_to_raw_midraw.py
[2026-07-28T16:02:06.006+0000] {processor.py:914} INFO - Processing file /opt/airflow/dags/avito_to_raw_midraw.py for tasks to queue
[2026-07-28T16:02:06.010+0000] {logging_mixin.py:190} INFO - [2026-07-28T16:02:06.009+0000] {dagbag.py:588} INFO - Filling up the DagBag from /opt/airflow/dags/avito_to_raw_midraw.py
[2026-07-28T16:02:06.772+0000] {processor.py:925} INFO - DAG(s) 'avito_to_raw_midraw' retrieved from /opt/airflow/dags/avito_to_raw_midraw.py
[2026-07-28T16:02:08.612+0000] {logging_mixin.py:190} INFO - [2026-07-28T16:02:08.590+0000] {dag.py:3239} INFO - Sync 1 DAGs
[2026-07-28T16:02:09.953+0000] {processor.py:208} INFO - Processing /opt/airflow/dags/avito_to_raw_midraw.py took 4.347 seconds
[2026-07-28T16:03:04.827+0000] {processor.py:186} INFO - Started process (PID=5542) to work on /opt/airflow/dags/avito_to_raw_midraw.py
[2026-07-28T16:03:04.829+0000] {processor.py:914} INFO - Processing file /opt/airflow/dags/avito_to_raw_midraw.py for tasks to queue
[2026-07-28T16:03:04.831+0000] {logging_mixin.py:190} INFO - [2026-07-28T16:03:04.830+0000] {dagbag.py:588} INFO - Filling up the DagBag from /opt/airflow/dags/avito_to_raw_midraw.py
[2026-07-28T16:03:04.860+0000] {processor.py:925} INFO - DAG(s) 'avito_to_raw_midraw' retrieved from /opt/airflow/dags/avito_to_raw_midraw.py
[2026-07-28T16:03:04.889+0000] {logging_mixin.py:190} INFO - [2026-07-28T16:03:04.889+0000] {dag.py:3239} INFO - Sync 1 DAGs
[2026-07-28T16:03:04.941+0000] {processor.py:208} INFO - Processing /opt/airflow/dags/avito_to_raw_midraw.py took 0.138 seconds
[2026-07-28T16:03:41.506+0000] {processor.py:186} INFO - Started process (PID=5544) to work on /opt/airflow/dags/avito_to_raw_midraw.py
[2026-07-28T16:03:41.508+0000] {processor.py:914} INFO - Processing file /opt/airflow/dags/avito_to_raw_midraw.py for tasks to queue
[2026-07-28T16:03:41.516+0000] {logging_mixin.py:190} INFO - [2026-07-28T16:03:41.515+0000] {dagbag.py:588} INFO - Filling up the DagBag from /opt/airflow/dags/avito_to_raw_midraw.py
[2026-07-28T16:03:41.608+0000] {processor.py:925} INFO - DAG(s) 'avito_to_raw_midraw' retrieved from /opt/airflow/dags/avito_to_raw_midraw.py
[2026-07-28T16:03:41.661+0000] {logging_mixin.py:190} INFO - [2026-07-28T16:03:41.661+0000] {dag.py:3239} INFO - Sync 1 DAGs
[2026-07-28T16:03:41.715+0000] {processor.py:208} INFO - Processing /opt/airflow/dags/avito_to_raw_midraw.py took 0.254 seconds
[2026-07-28T16:04:11.902+0000] {processor.py:186} INFO - Started process (PID=5546) to work on /opt/airflow/dags/avito_to_raw_midraw.py
[2026-07-28T16:04:11.902+0000] {processor.py:914} INFO - Processing file /opt/airflow/dags/avito_to_raw_midraw.py for tasks to queue
[2026-07-28T16:04:11.904+0000] {logging_mixin.py:190} INFO - [2026-07-28T16:04:11.903+0000] {dagbag.py:588} INFO - Filling up the DagBag from /opt/airflow/dags/avito_to_raw_midraw.py
[2026-07-28T16:04:11.919+0000] {processor.py:925} INFO - DAG(s) 'avito_to_raw_midraw' retrieved from /opt/airflow/dags/avito_to_raw_midraw.py
[2026-07-28T16:04:11.940+0000] {logging_mixin.py:190} INFO - [2026-07-28T16:04:11.940+0000] {dag.py:3239} INFO - Sync 1 DAGs
[2026-07-28T16:04:11.955+0000] {logging_mixin.py:190} INFO - [2026-07-28T16:04:11.955+0000] {dag.py:4180} INFO - Setting next_dagrun for avito_to_raw_midraw to 2026-07-28 16:00:00+00:00, run_after=2026-07-28 17:00:00+00:00
[2026-07-28T16:04:11.967+0000] {processor.py:208} INFO - Processing /opt/airflow/dags/avito_to_raw_midraw.py took 0.070 seconds
[2026-07-28T16:04:42.365+0000] {processor.py:186} INFO - Started process (PID=5548) to work on /opt/airflow/dags/avito_to_raw_midraw.py
[2026-07-28T16:04:42.367+0000] {processor.py:914} INFO - Processing file /opt/airflow/dags/avito_to_raw_midraw.py for tasks to queue
[2026-07-28T16:04:42.375+0000] {logging_mixin.py:190} INFO - [2026-07-28T16:04:42.372+0000] {dagbag.py:588} INFO - Filling up the DagBag from /opt/airflow/dags/avito_to_raw_midraw.py
[2026-07-28T16:04:42.471+0000] {processor.py:925} INFO - DAG(s) 'avito_to_raw_midraw' retrieved from /opt/airflow/dags/avito_to_raw_midraw.py
[2026-07-28T16:04:42.568+0000] {logging_mixin.py:190} INFO - [2026-07-28T16:04:42.568+0000] {dag.py:3239} INFO - Sync 1 DAGs
[2026-07-28T16:04:42.628+0000] {logging_mixin.py:190} INFO - [2026-07-28T16:04:42.627+0000] {dag.py:4180} INFO - Setting next_dagrun for avito_to_raw_midraw to 2026-07-28 16:00:00+00:00, run_after=2026-07-28 17:00:00+00:00
[2026-07-28T16:04:42.695+0000] {processor.py:208} INFO - Processing /opt/airflow/dags/avito_to_raw_midraw.py took 0.347 seconds
[2026-07-28T16:05:16.497+0000] {processor.py:186} INFO - Started process (PID=5550) to work on /opt/airflow/dags/avito_to_raw_midraw.py
[2026-07-28T16:05:16.896+0000] {processor.py:914} INFO - Processing file /opt/airflow/dags/avito_to_raw_midraw.py for tasks to queue
[2026-07-28T16:05:16.939+0000] {logging_mixin.py:190} INFO - [2026-07-28T16:05:16.938+0000] {dagbag.py:588} INFO - Filling up the DagBag from /opt/airflow/dags/avito_to_raw_midraw.py
[2026-07-28T16:05:21.461+0000] {processor.py:925} INFO - DAG(s) 'avito_to_raw_midraw' retrieved from /opt/airflow/dags/avito_to_raw_midraw.py
[2026-07-28T16:05:21.610+0000] {logging_mixin.py:190} INFO - [2026-07-28T16:05:21.607+0000] {dag.py:3239} INFO - Sync 1 DAGs
[2026-07-28T16:05:21.657+0000] {logging_mixin.py:190} INFO - [2026-07-28T16:05:21.657+0000] {dag.py:4180} INFO - Setting next_dagrun for avito_to_raw_midraw to 2026-07-28 16:00:00+00:00, run_after=2026-07-28 17:00:00+00:00
[2026-07-28T16:05:21.688+0000] {processor.py:208} INFO - Processing /opt/airflow/dags/avito_to_raw_midraw.py took 5.646 seconds
[2026-07-28T16:22:42.762+0000] {processor.py:186} INFO - Started process (PID=5552) to work on /opt/airflow/dags/avito_to_raw_midraw.py
[2026-07-28T16:22:42.762+0000] {processor.py:914} INFO - Processing file /opt/airflow/dags/avito_to_raw_midraw.py for tasks to queue
[2026-07-28T16:22:42.763+0000] {logging_mixin.py:190} INFO - [2026-07-28T16:22:42.763+0000] {dagbag.py:588} INFO - Filling up the DagBag from /opt/airflow/dags/avito_to_raw_midraw.py
[2026-07-28T16:22:42.777+0000] {processor.py:925} INFO - DAG(s) 'avito_to_raw_midraw' retrieved from /opt/airflow/dags/avito_to_raw_midraw.py
[2026-07-28T16:22:42.799+0000] {logging_mixin.py:190} INFO - [2026-07-28T16:22:42.799+0000] {dag.py:3239} INFO - Sync 1 DAGs
[2026-07-28T16:22:42.819+0000] {logging_mixin.py:190} INFO - [2026-07-28T16:22:42.819+0000] {dag.py:4180} INFO - Setting next_dagrun for avito_to_raw_midraw to 2026-07-28 16:00:00+00:00, run_after=2026-07-28 17:00:00+00:00
[2026-07-28T16:22:42.831+0000] {processor.py:208} INFO - Processing /opt/airflow/dags/avito_to_raw_midraw.py took 0.072 seconds
[2026-07-28T16:23:12.980+0000] {processor.py:186} INFO - Started process (PID=5554) to work on /opt/airflow/dags/avito_to_raw_midraw.py
[2026-07-28T16:23:12.981+0000] {processor.py:914} INFO - Processing file /opt/airflow/dags/avito_to_raw_midraw.py for tasks to queue
[2026-07-28T16:23:12.982+0000] {logging_mixin.py:190} INFO - [2026-07-28T16:23:12.981+0000] {dagbag.py:588} INFO - Filling up the DagBag from /opt/airflow/dags/avito_to_raw_midraw.py
[2026-07-28T16:23:13.000+0000] {processor.py:925} INFO - DAG(s) 'avito_to_raw_midraw' retrieved from /opt/airflow/dags/avito_to_raw_midraw.py
[2026-07-28T16:23:13.017+0000] {logging_mixin.py:190} INFO - [2026-07-28T16:23:13.017+0000] {dag.py:3239} INFO - Sync 1 DAGs
[2026-07-28T16:23:13.033+0000] {logging_mixin.py:190} INFO - [2026-07-28T16:23:13.033+0000] {dag.py:4180} INFO - Setting next_dagrun for avito_to_raw_midraw to 2026-07-28 16:00:00+00:00, run_after=2026-07-28 17:00:00+00:00
[2026-07-28T16:23:13.046+0000] {processor.py:208} INFO - Processing /opt/airflow/dags/avito_to_raw_midraw.py took 0.070 seconds
[2026-07-28T16:40:26.701+0000] {processor.py:186} INFO - Started process (PID=5556) to work on /opt/airflow/dags/avito_to_raw_midraw.py
[2026-07-28T16:40:26.702+0000] {processor.py:914} INFO - Processing file /opt/airflow/dags/avito_to_raw_midraw.py for tasks to queue
[2026-07-28T16:40:26.702+0000] {logging_mixin.py:190} INFO - [2026-07-28T16:40:26.702+0000] {dagbag.py:588} INFO - Filling up the DagBag from /opt/airflow/dags/avito_to_raw_midraw.py
[2026-07-28T16:40:26.721+0000] {processor.py:925} INFO - DAG(s) 'avito_to_raw_midraw' retrieved from /opt/airflow/dags/avito_to_raw_midraw.py
[2026-07-28T16:40:26.741+0000] {logging_mixin.py:190} INFO - [2026-07-28T16:40:26.741+0000] {dag.py:3239} INFO - Sync 1 DAGs
[2026-07-28T16:40:26.757+0000] {logging_mixin.py:190} INFO - [2026-07-28T16:40:26.757+0000] {dag.py:4180} INFO - Setting next_dagrun for avito_to_raw_midraw to 2026-07-28 16:00:00+00:00, run_after=2026-07-28 17:00:00+00:00
[2026-07-28T16:40:26.767+0000] {processor.py:208} INFO - Processing /opt/airflow/dags/avito_to_raw_midraw.py took 0.070 seconds
[2026-07-28T17:11:35.393+0000] {processor.py:186} INFO - Started process (PID=5558) to work on /opt/airflow/dags/avito_to_raw_midraw.py
[2026-07-28T17:11:35.394+0000] {processor.py:914} INFO - Processing file /opt/airflow/dags/avito_to_raw_midraw.py for tasks to queue
[2026-07-28T17:11:35.396+0000] {logging_mixin.py:190} INFO - [2026-07-28T17:11:35.396+0000] {dagbag.py:588} INFO - Filling up the DagBag from /opt/airflow/dags/avito_to_raw_midraw.py
[2026-07-28T17:11:35.411+0000] {processor.py:925} INFO - DAG(s) 'avito_to_raw_midraw' retrieved from /opt/airflow/dags/avito_to_raw_midraw.py
[2026-07-28T17:11:35.431+0000] {logging_mixin.py:190} INFO - [2026-07-28T17:11:35.431+0000] {dag.py:3239} INFO - Sync 1 DAGs
[2026-07-28T17:11:35.456+0000] {processor.py:208} INFO - Processing /opt/airflow/dags/avito_to_raw_midraw.py took 0.067 seconds
[2026-07-28T17:19:37.593+0000] {processor.py:186} INFO - Started process (PID=5560) to work on /opt/airflow/dags/avito_to_raw_midraw.py
[2026-07-28T17:19:37.594+0000] {processor.py:914} INFO - Processing file /opt/airflow/dags/avito_to_raw_midraw.py for tasks to queue
[2026-07-28T17:19:37.595+0000] {logging_mixin.py:190} INFO - [2026-07-28T17:19:37.595+0000] {dagbag.py:588} INFO - Filling up the DagBag from /opt/airflow/dags/avito_to_raw_midraw.py
[2026-07-28T17:19:37.612+0000] {processor.py:925} INFO - DAG(s) 'avito_to_raw_midraw' retrieved from /opt/airflow/dags/avito_to_raw_midraw.py
[2026-07-28T17:19:37.640+0000] {logging_mixin.py:190} INFO - [2026-07-28T17:19:37.640+0000] {dag.py:3239} INFO - Sync 1 DAGs
[2026-07-28T17:19:37.656+0000] {logging_mixin.py:190} INFO - [2026-07-28T17:19:37.656+0000] {dag.py:4180} INFO - Setting next_dagrun for avito_to_raw_midraw to 2026-07-28 17:00:00+00:00, run_after=2026-07-28 18:00:00+00:00
[2026-07-28T17:19:37.675+0000] {processor.py:208} INFO - Processing /opt/airflow/dags/avito_to_raw_midraw.py took 0.086 seconds
[2026-07-28T17:20:07.879+0000] {processor.py:186} INFO - Started process (PID=5562) to work on /opt/airflow/dags/avito_to_raw_midraw.py
[2026-07-28T17:20:07.880+0000] {processor.py:914} INFO - Processing file /opt/airflow/dags/avito_to_raw_midraw.py for tasks to queue
[2026-07-28T17:20:07.882+0000] {logging_mixin.py:190} INFO - [2026-07-28T17:20:07.881+0000] {dagbag.py:588} INFO - Filling up the DagBag from /opt/airflow/dags/avito_to_raw_midraw.py
[2026-07-28T17:20:07.912+0000] {processor.py:925} INFO - DAG(s) 'avito_to_raw_midraw' retrieved from /opt/airflow/dags/avito_to_raw_midraw.py
[2026-07-28T17:20:07.939+0000] {logging_mixin.py:190} INFO - [2026-07-28T17:20:07.939+0000] {dag.py:3239} INFO - Sync 1 DAGs
[2026-07-28T17:20:07.958+0000] {logging_mixin.py:190} INFO - [2026-07-28T17:20:07.958+0000] {dag.py:4180} INFO - Setting next_dagrun for avito_to_raw_midraw to 2026-07-28 17:00:00+00:00, run_after=2026-07-28 18:00:00+00:00
[2026-07-28T17:20:07.968+0000] {processor.py:208} INFO - Processing /opt/airflow/dags/avito_to_raw_midraw.py took 0.097 seconds
[2026-07-28T17:20:38.203+0000] {processor.py:186} INFO - Started process (PID=5564) to work on /opt/airflow/dags/avito_to_raw_midraw.py
[2026-07-28T17:20:38.203+0000] {processor.py:914} INFO - Processing file /opt/airflow/dags/avito_to_raw_midraw.py for tasks to queue
[2026-07-28T17:20:38.205+0000] {logging_mixin.py:190} INFO - [2026-07-28T17:20:38.205+0000] {dagbag.py:588} INFO - Filling up the DagBag from /opt/airflow/dags/avito_to_raw_midraw.py
[2026-07-28T17:20:38.225+0000] {processor.py:925} INFO - DAG(s) 'avito_to_raw_midraw' retrieved from /opt/airflow/dags/avito_to_raw_midraw.py
[2026-07-28T17:20:38.247+0000] {logging_mixin.py:190} INFO - [2026-07-28T17:20:38.247+0000] {dag.py:3239} INFO - Sync 1 DAGs
[2026-07-28T17:20:38.269+0000] {logging_mixin.py:190} INFO - [2026-07-28T17:20:38.269+0000] {dag.py:4180} INFO - Setting next_dagrun for avito_to_raw_midraw to 2026-07-28 17:00:00+00:00, run_after=2026-07-28 18:00:00+00:00
[2026-07-28T17:20:38.282+0000] {processor.py:208} INFO - Processing /opt/airflow/dags/avito_to_raw_midraw.py took 0.083 seconds
[2026-07-28T17:21:08.620+0000] {processor.py:186} INFO - Started process (PID=5566) to work on /opt/airflow/dags/avito_to_raw_midraw.py
[2026-07-28T17:21:08.621+0000] {processor.py:914} INFO - Processing file /opt/airflow/dags/avito_to_raw_midraw.py for tasks to queue
[2026-07-28T17:21:08.622+0000] {logging_mixin.py:190} INFO - [2026-07-28T17:21:08.622+0000] {dagbag.py:588} INFO - Filling up the DagBag from /opt/airflow/dags/avito_to_raw_midraw.py
[2026-07-28T17:21:08.644+0000] {processor.py:925} INFO - DAG(s) 'avito_to_raw_midraw' retrieved from /opt/airflow/dags/avito_to_raw_midraw.py
[2026-07-28T17:21:08.670+0000] {logging_mixin.py:190} INFO - [2026-07-28T17:21:08.669+0000] {dag.py:3239} INFO - Sync 1 DAGs
[2026-07-28T17:21:08.689+0000] {logging_mixin.py:190} INFO - [2026-07-28T17:21:08.688+0000] {dag.py:4180} INFO - Setting next_dagrun for avito_to_raw_midraw to 2026-07-28 17:00:00+00:00, run_after=2026-07-28 18:00:00+00:00
[2026-07-28T17:21:08.706+0000] {processor.py:208} INFO - Processing /opt/airflow/dags/avito_to_raw_midraw.py took 0.093 seconds
[2026-07-28T17:21:38.898+0000] {processor.py:186} INFO - Started process (PID=5568) to work on /opt/airflow/dags/avito_to_raw_midraw.py
[2026-07-28T17:21:38.899+0000] {processor.py:914} INFO - Processing file /opt/airflow/dags/avito_to_raw_midraw.py for tasks to queue
[2026-07-28T17:21:38.901+0000] {logging_mixin.py:190} INFO - [2026-07-28T17:21:38.900+0000] {dagbag.py:588} INFO - Filling up the DagBag from /opt/airflow/dags/avito_to_raw_midraw.py
[2026-07-28T17:21:38.920+0000] {processor.py:925} INFO - DAG(s) 'avito_to_raw_midraw' retrieved from /opt/airflow/dags/avito_to_raw_midraw.py
[2026-07-28T17:21:38.942+0000] {logging_mixin.py:190} INFO - [2026-07-28T17:21:38.942+0000] {dag.py:3239} INFO - Sync 1 DAGs
[2026-07-28T17:21:38.959+0000] {logging_mixin.py:190} INFO - [2026-07-28T17:21:38.959+0000] {dag.py:4180} INFO - Setting next_dagrun for avito_to_raw_midraw to 2026-07-28 17:00:00+00:00, run_after=2026-07-28 18:00:00+00:00
[2026-07-28T17:21:38.971+0000] {processor.py:208} INFO - Processing /opt/airflow/dags/avito_to_raw_midraw.py took 0.076 seconds
[2026-07-28T17:22:09.194+0000] {processor.py:186} INFO - Started process (PID=5570) to work on /opt/airflow/dags/avito_to_raw_midraw.py
[2026-07-28T17:22:09.194+0000] {processor.py:914} INFO - Processing file /opt/airflow/dags/avito_to_raw_midraw.py for tasks to queue
[2026-07-28T17:22:09.196+0000] {logging_mixin.py:190} INFO - [2026-07-28T17:22:09.196+0000] {dagbag.py:588} INFO - Filling up the DagBag from /opt/airflow/dags/avito_to_raw_midraw.py
[2026-07-28T17:22:09.213+0000] {processor.py:925} INFO - DAG(s) 'avito_to_raw_midraw' retrieved from /opt/airflow/dags/avito_to_raw_midraw.py
[2026-07-28T17:22:09.227+0000] {logging_mixin.py:190} INFO - [2026-07-28T17:22:09.227+0000] {dag.py:3239} INFO - Sync 1 DAGs
[2026-07-28T17:22:09.239+0000] {logging_mixin.py:190} INFO - [2026-07-28T17:22:09.238+0000] {dag.py:4180} INFO - Setting next_dagrun for avito_to_raw_midraw to 2026-07-28 17:00:00+00:00, run_after=2026-07-28 18:00:00+00:00
[2026-07-28T17:22:09.248+0000] {processor.py:208} INFO - Processing /opt/airflow/dags/avito_to_raw_midraw.py took 0.057 seconds
[2026-07-28T17:22:39.534+0000] {processor.py:186} INFO - Started process (PID=5572) to work on /opt/airflow/dags/avito_to_raw_midraw.py
[2026-07-28T17:22:39.535+0000] {processor.py:914} INFO - Processing file /opt/airflow/dags/avito_to_raw_midraw.py for tasks to queue
[2026-07-28T17:22:39.537+0000] {logging_mixin.py:190} INFO - [2026-07-28T17:22:39.537+0000] {dagbag.py:588} INFO - Filling up the DagBag from /opt/airflow/dags/avito_to_raw_midraw.py
[2026-07-28T17:22:39.557+0000] {processor.py:925} INFO - DAG(s) 'avito_to_raw_midraw' retrieved from /opt/airflow/dags/avito_to_raw_midraw.py
[2026-07-28T17:22:39.579+0000] {logging_mixin.py:190} INFO - [2026-07-28T17:22:39.579+0000] {dag.py:3239} INFO - Sync 1 DAGs
[2026-07-28T17:22:39.595+0000] {logging_mixin.py:190} INFO - [2026-07-28T17:22:39.595+0000] {dag.py:4180} INFO - Setting next_dagrun for avito_to_raw_midraw to 2026-07-28 17:00:00+00:00, run_after=2026-07-28 18:00:00+00:00
[2026-07-28T17:22:39.608+0000] {processor.py:208} INFO - Processing /opt/airflow/dags/avito_to_raw_midraw.py took 0.077 seconds
[2026-07-28T17:23:09.780+0000] {processor.py:186} INFO - Started process (PID=5574) to work on /opt/airflow/dags/avito_to_raw_midraw.py
[2026-07-28T17:23:09.780+0000] {processor.py:914} INFO - Processing file /opt/airflow/dags/avito_to_raw_midraw.py for tasks to queue
[2026-07-28T17:23:09.781+0000] {logging_mixin.py:190} INFO - [2026-07-28T17:23:09.781+0000] {dagbag.py:588} INFO - Filling up the DagBag from /opt/airflow/dags/avito_to_raw_midraw.py
[2026-07-28T17:23:09.796+0000] {processor.py:925} INFO - DAG(s) 'avito_to_raw_midraw' retrieved from /opt/airflow/dags/avito_to_raw_midraw.py
[2026-07-28T17:23:09.818+0000] {logging_mixin.py:190} INFO - [2026-07-28T17:23:09.817+0000] {dag.py:3239} INFO - Sync 1 DAGs
[2026-07-28T17:23:09.830+0000] {logging_mixin.py:190} INFO - [2026-07-28T17:23:09.830+0000] {dag.py:4180} INFO - Setting next_dagrun for avito_to_raw_midraw to 2026-07-28 17:00:00+00:00, run_after=2026-07-28 18:00:00+00:00
[2026-07-28T17:23:09.839+0000] {processor.py:208} INFO - Processing /opt/airflow/dags/avito_to_raw_midraw.py took 0.062 seconds
[2026-07-28T17:23:40.089+0000] {processor.py:186} INFO - Started process (PID=5576) to work on /opt/airflow/dags/avito_to_raw_midraw.py
[2026-07-28T17:23:40.090+0000] {processor.py:914} INFO - Processing file /opt/airflow/dags/avito_to_raw_midraw.py for tasks to queue
[2026-07-28T17:23:40.092+0000] {logging_mixin.py:190} INFO - [2026-07-28T17:23:40.091+0000] {dagbag.py:588} INFO - Filling up the DagBag from /opt/airflow/dags/avito_to_raw_midraw.py
[2026-07-28T17:23:40.109+0000] {processor.py:925} INFO - DAG(s) 'avito_to_raw_midraw' retrieved from /opt/airflow/dags/avito_to_raw_midraw.py
[2026-07-28T17:23:40.132+0000] {logging_mixin.py:190} INFO - [2026-07-28T17:23:40.132+0000] {dag.py:3239} INFO - Sync 1 DAGs
[2026-07-28T17:23:40.148+0000] {logging_mixin.py:190} INFO - [2026-07-28T17:23:40.148+0000] {dag.py:4180} INFO - Setting next_dagrun for avito_to_raw_midraw to 2026-07-28 17:00:00+00:00, run_after=2026-07-28 18:00:00+00:00
[2026-07-28T17:23:40.160+0000] {processor.py:208} INFO - Processing /opt/airflow/dags/avito_to_raw_midraw.py took 0.078 seconds
[2026-07-28T17:24:10.359+0000] {processor.py:186} INFO - Started process (PID=5578) to work on /opt/airflow/dags/avito_to_raw_midraw.py
[2026-07-28T17:24:10.360+0000] {processor.py:914} INFO - Processing file /opt/airflow/dags/avito_to_raw_midraw.py for tasks to queue
[2026-07-28T17:24:10.360+0000] {logging_mixin.py:190} INFO - [2026-07-28T17:24:10.360+0000] {dagbag.py:588} INFO - Filling up the DagBag from /opt/airflow/dags/avito_to_raw_midraw.py
[2026-07-28T17:24:10.375+0000] {processor.py:925} INFO - DAG(s) 'avito_to_raw_midraw' retrieved from /opt/airflow/dags/avito_to_raw_midraw.py
[2026-07-28T17:24:10.391+0000] {logging_mixin.py:190} INFO - [2026-07-28T17:24:10.391+0000] {dag.py:3239} INFO - Sync 1 DAGs
[2026-07-28T17:24:10.407+0000] {logging_mixin.py:190} INFO - [2026-07-28T17:24:10.407+0000] {dag.py:4180} INFO - Setting next_dagrun for avito_to_raw_midraw to 2026-07-28 17:00:00+00:00, run_after=2026-07-28 18:00:00+00:00
[2026-07-28T17:24:10.419+0000] {processor.py:208} INFO - Processing /opt/airflow/dags/avito_to_raw_midraw.py took 0.063 seconds
[2026-07-28T17:24:40.701+0000] {processor.py:186} INFO - Started process (PID=5580) to work on /opt/airflow/dags/avito_to_raw_midraw.py
[2026-07-28T17:24:40.701+0000] {processor.py:914} INFO - Processing file /opt/airflow/dags/avito_to_raw_midraw.py for tasks to queue
[2026-07-28T17:24:40.704+0000] {logging_mixin.py:190} INFO - [2026-07-28T17:24:40.703+0000] {dagbag.py:588} INFO - Filling up the DagBag from /opt/airflow/dags/avito_to_raw_midraw.py
[2026-07-28T17:24:40.721+0000] {processor.py:925} INFO - DAG(s) 'avito_to_raw_midraw' retrieved from /opt/airflow/dags/avito_to_raw_midraw.py
[2026-07-28T17:24:40.743+0000] {logging_mixin.py:190} INFO - [2026-07-28T17:24:40.743+0000] {dag.py:3239} INFO - Sync 1 DAGs
[2026-07-28T17:24:40.759+0000] {logging_mixin.py:190} INFO - [2026-07-28T17:24:40.759+0000] {dag.py:4180} INFO - Setting next_dagrun for avito_to_raw_midraw to 2026-07-28 17:00:00+00:00, run_after=2026-07-28 18:00:00+00:00
[2026-07-28T17:24:40.770+0000] {processor.py:208} INFO - Processing /opt/airflow/dags/avito_to_raw_midraw.py took 0.073 seconds
[2026-07-28T17:25:10.942+0000] {processor.py:186} INFO - Started process (PID=5582) to work on /opt/airflow/dags/avito_to_raw_midraw.py
[2026-07-28T17:25:10.943+0000] {processor.py:914} INFO - Processing file /opt/airflow/dags/avito_to_raw_midraw.py for tasks to queue
[2026-07-28T17:25:10.944+0000] {logging_mixin.py:190} INFO - [2026-07-28T17:25:10.944+0000] {dagbag.py:588} INFO - Filling up the DagBag from /opt/airflow/dags/avito_to_raw_midraw.py
[2026-07-28T17:25:10.975+0000] {processor.py:925} INFO - DAG(s) 'avito_to_raw_midraw' retrieved from /opt/airflow/dags/avito_to_raw_midraw.py
[2026-07-28T17:25:10.996+0000] {logging_mixin.py:190} INFO - [2026-07-28T17:25:10.996+0000] {dag.py:3239} INFO - Sync 1 DAGs
[2026-07-28T17:25:11.011+0000] {logging_mixin.py:190} INFO - [2026-07-28T17:25:11.011+0000] {dag.py:4180} INFO - Setting next_dagrun for avito_to_raw_midraw to 2026-07-28 17:00:00+00:00, run_after=2026-07-28 18:00:00+00:00
[2026-07-28T17:25:11.023+0000] {processor.py:208} INFO - Processing /opt/airflow/dags/avito_to_raw_midraw.py took 0.086 seconds
[2026-07-28T17:25:41.235+0000] {processor.py:186} INFO - Started process (PID=5584) to work on /opt/airflow/dags/avito_to_raw_midraw.py
[2026-07-28T17:25:41.236+0000] {processor.py:914} INFO - Processing file /opt/airflow/dags/avito_to_raw_midraw.py for tasks to queue
[2026-07-28T17:25:41.236+0000] {logging_mixin.py:190} INFO - [2026-07-28T17:25:41.236+0000] {dagbag.py:588} INFO - Filling up the DagBag from /opt/airflow/dags/avito_to_raw_midraw.py
[2026-07-28T17:25:41.251+0000] {processor.py:925} INFO - DAG(s) 'avito_to_raw_midraw' retrieved from /opt/airflow/dags/avito_to_raw_midraw.py
[2026-07-28T17:25:41.268+0000] {logging_mixin.py:190} INFO - [2026-07-28T17:25:41.268+0000] {dag.py:3239} INFO - Sync 1 DAGs
[2026-07-28T17:25:41.281+0000] {logging_mixin.py:190} INFO - [2026-07-28T17:25:41.280+0000] {dag.py:4180} INFO - Setting next_dagrun for avito_to_raw_midraw to 2026-07-28 17:00:00+00:00, run_after=2026-07-28 18:00:00+00:00
[2026-07-28T17:25:41.290+0000] {processor.py:208} INFO - Processing /opt/airflow/dags/avito_to_raw_midraw.py took 0.058 seconds
[2026-07-28T17:26:11.526+0000] {processor.py:186} INFO - Started process (PID=5586) to work on /opt/airflow/dags/avito_to_raw_midraw.py
[2026-07-28T17:26:11.526+0000] {processor.py:914} INFO - Processing file /opt/airflow/dags/avito_to_raw_midraw.py for tasks to queue
[2026-07-28T17:26:11.527+0000] {logging_mixin.py:190} INFO - [2026-07-28T17:26:11.527+0000] {dagbag.py:588} INFO - Filling up the DagBag from /opt/airflow/dags/avito_to_raw_midraw.py
[2026-07-28T17:26:11.542+0000] {processor.py:925} INFO - DAG(s) 'avito_to_raw_midraw' retrieved from /opt/airflow/dags/avito_to_raw_midraw.py
[2026-07-28T17:26:11.557+0000] {logging_mixin.py:190} INFO - [2026-07-28T17:26:11.556+0000] {dag.py:3239} INFO - Sync 1 DAGs
[2026-07-28T17:26:11.567+0000] {logging_mixin.py:190} INFO - [2026-07-28T17:26:11.567+0000] {dag.py:4180} INFO - Setting next_dagrun for avito_to_raw_midraw to 2026-07-28 17:00:00+00:00, run_after=2026-07-28 18:00:00+00:00
[2026-07-28T17:26:11.580+0000] {processor.py:208} INFO - Processing /opt/airflow/dags/avito_to_raw_midraw.py took 0.057 seconds
[2026-07-28T17:26:41.772+0000] {processor.py:186} INFO - Started process (PID=5588) to work on /opt/airflow/dags/avito_to_raw_midraw.py
[2026-07-28T17:26:41.773+0000] {processor.py:914} INFO - Processing file /opt/airflow/dags/avito_to_raw_midraw.py for tasks to queue
[2026-07-28T17:26:41.774+0000] {logging_mixin.py:190} INFO - [2026-07-28T17:26:41.774+0000] {dagbag.py:588} INFO - Filling up the DagBag from /opt/airflow/dags/avito_to_raw_midraw.py
[2026-07-28T17:26:41.790+0000] {processor.py:925} INFO - DAG(s) 'avito_to_raw_midraw' retrieved from /opt/airflow/dags/avito_to_raw_midraw.py
[2026-07-28T17:26:41.811+0000] {logging_mixin.py:190} INFO - [2026-07-28T17:26:41.811+0000] {dag.py:3239} INFO - Sync 1 DAGs
[2026-07-28T17:26:41.827+0000] {logging_mixin.py:190} INFO - [2026-07-28T17:26:41.827+0000] {dag.py:4180} INFO - Setting next_dagrun for avito_to_raw_midraw to 2026-07-28 17:00:00+00:00, run_after=2026-07-28 18:00:00+00:00
[2026-07-28T17:26:41.837+0000] {processor.py:208} INFO - Processing /opt/airflow/dags/avito_to_raw_midraw.py took 0.070 seconds
[2026-07-28T17:27:12.042+0000] {processor.py:186} INFO - Started process (PID=5590) to work on /opt/airflow/dags/avito_to_raw_midraw.py
[2026-07-28T17:27:12.042+0000] {processor.py:914} INFO - Processing file /opt/airflow/dags/avito_to_raw_midraw.py for tasks to queue
[2026-07-28T17:27:12.043+0000] {logging_mixin.py:190} INFO - [2026-07-28T17:27:12.043+0000] {dagbag.py:588} INFO - Filling up the DagBag from /opt/airflow/dags/avito_to_raw_midraw.py
[2026-07-28T17:27:12.058+0000] {processor.py:925} INFO - DAG(s) 'avito_to_raw_midraw' retrieved from /opt/airflow/dags/avito_to_raw_midraw.py
[2026-07-28T17:27:12.074+0000] {logging_mixin.py:190} INFO - [2026-07-28T17:27:12.074+0000] {dag.py:3239} INFO - Sync 1 DAGs
[2026-07-28T17:27:12.088+0000] {logging_mixin.py:190} INFO - [2026-07-28T17:27:12.087+0000] {dag.py:4180} INFO - Setting next_dagrun for avito_to_raw_midraw to 2026-07-28 17:00:00+00:00, run_after=2026-07-28 18:00:00+00:00
[2026-07-28T17:27:12.097+0000] {processor.py:208} INFO - Processing /opt/airflow/dags/avito_to_raw_midraw.py took 0.059 seconds
[2026-07-28T17:27:42.255+0000] {processor.py:186} INFO - Started process (PID=5592) to work on /opt/airflow/dags/avito_to_raw_midraw.py
[2026-07-28T17:27:42.256+0000] {processor.py:914} INFO - Processing file /opt/airflow/dags/avito_to_raw_midraw.py for tasks to queue
[2026-07-28T17:27:42.259+0000] {logging_mixin.py:190} INFO - [2026-07-28T17:27:42.259+0000] {dagbag.py:588} INFO - Filling up the DagBag from /opt/airflow/dags/avito_to_raw_midraw.py
[2026-07-28T17:27:42.271+0000] {processor.py:925} INFO - DAG(s) 'avito_to_raw_midraw' retrieved from /opt/airflow/dags/avito_to_raw_midraw.py
[2026-07-28T17:27:42.287+0000] {logging_mixin.py:190} INFO - [2026-07-28T17:27:42.287+0000] {dag.py:3239} INFO - Sync 1 DAGs
[2026-07-28T17:27:42.298+0000] {logging_mixin.py:190} INFO - [2026-07-28T17:27:42.298+0000] {dag.py:4180} INFO - Setting next_dagrun for avito_to_raw_midraw to 2026-07-28 17:00:00+00:00, run_after=2026-07-28 18:00:00+00:00
[2026-07-28T17:27:42.309+0000] {processor.py:208} INFO - Processing /opt/airflow/dags/avito_to_raw_midraw.py took 0.057 seconds
[2026-07-28T17:28:12.533+0000] {processor.py:186} INFO - Started process (PID=5594) to work on /opt/airflow/dags/avito_to_raw_midraw.py
[2026-07-28T17:28:12.533+0000] {processor.py:914} INFO - Processing file /opt/airflow/dags/avito_to_raw_midraw.py for tasks to queue
[2026-07-28T17:28:12.534+0000] {logging_mixin.py:190} INFO - [2026-07-28T17:28:12.534+0000] {dagbag.py:588} INFO - Filling up the DagBag from /opt/airflow/dags/avito_to_raw_midraw.py
[2026-07-28T17:28:12.549+0000] {processor.py:925} INFO - DAG(s) 'avito_to_raw_midraw' retrieved from /opt/airflow/dags/avito_to_raw_midraw.py
[2026-07-28T17:28:12.567+0000] {logging_mixin.py:190} INFO - [2026-07-28T17:28:12.567+0000] {dag.py:3239} INFO - Sync 1 DAGs
[2026-07-28T17:28:12.577+0000] {logging_mixin.py:190} INFO - [2026-07-28T17:28:12.577+0000] {dag.py:4180} INFO - Setting next_dagrun for avito_to_raw_midraw to 2026-07-28 17:00:00+00:00, run_after=2026-07-28 18:00:00+00:00
[2026-07-28T17:28:12.587+0000] {processor.py:208} INFO - Processing /opt/airflow/dags/avito_to_raw_midraw.py took 0.057 seconds
[2026-07-28T17:44:50.839+0000] {processor.py:186} INFO - Started process (PID=5596) to work on /opt/airflow/dags/avito_to_raw_midraw.py
[2026-07-28T17:44:50.840+0000] {processor.py:914} INFO - Processing file /opt/airflow/dags/avito_to_raw_midraw.py for tasks to queue
[2026-07-28T17:44:50.842+0000] {logging_mixin.py:190} INFO - [2026-07-28T17:44:50.842+0000] {dagbag.py:588} INFO - Filling up the DagBag from /opt/airflow/dags/avito_to_raw_midraw.py
[2026-07-28T17:44:50.858+0000] {processor.py:925} INFO - DAG(s) 'avito_to_raw_midraw' retrieved from /opt/airflow/dags/avito_to_raw_midraw.py
[2026-07-28T17:44:50.886+0000] {logging_mixin.py:190} INFO - [2026-07-28T17:44:50.886+0000] {dag.py:3239} INFO - Sync 1 DAGs
[2026-07-28T17:44:50.903+0000] {logging_mixin.py:190} INFO - [2026-07-28T17:44:50.903+0000] {dag.py:4180} INFO - Setting next_dagrun for avito_to_raw_midraw to 2026-07-28 17:00:00+00:00, run_after=2026-07-28 18:00:00+00:00
[2026-07-28T17:44:50.916+0000] {processor.py:208} INFO - Processing /opt/airflow/dags/avito_to_raw_midraw.py took 0.080 seconds
[2026-07-28T17:45:21.215+0000] {processor.py:186} INFO - Started process (PID=5598) to work on /opt/airflow/dags/avito_to_raw_midraw.py
[2026-07-28T17:45:21.216+0000] {processor.py:914} INFO - Processing file /opt/airflow/dags/avito_to_raw_midraw.py for tasks to queue
[2026-07-28T17:45:21.216+0000] {logging_mixin.py:190} INFO - [2026-07-28T17:45:21.216+0000] {dagbag.py:588} INFO - Filling up the DagBag from /opt/airflow/dags/avito_to_raw_midraw.py
[2026-07-28T17:45:21.232+0000] {processor.py:925} INFO - DAG(s) 'avito_to_raw_midraw' retrieved from /opt/airflow/dags/avito_to_raw_midraw.py
[2026-07-28T17:45:21.249+0000] {logging_mixin.py:190} INFO - [2026-07-28T17:45:21.248+0000] {dag.py:3239} INFO - Sync 1 DAGs
[2026-07-28T17:45:21.260+0000] {logging_mixin.py:190} INFO - [2026-07-28T17:45:21.260+0000] {dag.py:4180} INFO - Setting next_dagrun for avito_to_raw_midraw to 2026-07-28 17:00:00+00:00, run_after=2026-07-28 18:00:00+00:00
[2026-07-28T17:45:21.269+0000] {processor.py:208} INFO - Processing /opt/airflow/dags/avito_to_raw_midraw.py took 0.058 seconds
[2026-07-28T17:47:00.555+0000] {processor.py:186} INFO - Started process (PID=5600) to work on /opt/airflow/dags/avito_to_raw_midraw.py
[2026-07-28T17:47:00.556+0000] {processor.py:914} INFO - Processing file /opt/airflow/dags/avito_to_raw_midraw.py for tasks to queue
[2026-07-28T17:47:00.557+0000] {logging_mixin.py:190} INFO - [2026-07-28T17:47:00.557+0000] {dagbag.py:588} INFO - Filling up the DagBag from /opt/airflow/dags/avito_to_raw_midraw.py
[2026-07-28T17:47:00.576+0000] {processor.py:925} INFO - DAG(s) 'avito_to_raw_midraw' retrieved from /opt/airflow/dags/avito_to_raw_midraw.py
[2026-07-28T17:47:00.599+0000] {logging_mixin.py:190} INFO - [2026-07-28T17:47:00.599+0000] {dag.py:3239} INFO - Sync 1 DAGs
[2026-07-28T17:47:00.617+0000] {logging_mixin.py:190} INFO - [2026-07-28T17:47:00.617+0000] {dag.py:4180} INFO - Setting next_dagrun for avito_to_raw_midraw to 2026-07-28 17:00:00+00:00, run_after=2026-07-28 18:00:00+00:00
[2026-07-28T17:47:00.629+0000] {processor.py:208} INFO - Processing /opt/airflow/dags/avito_to_raw_midraw.py took 0.078 seconds
[2026-07-28T17:47:30.897+0000] {processor.py:186} INFO - Started process (PID=5602) to work on /opt/airflow/dags/avito_to_raw_midraw.py
[2026-07-28T17:47:30.898+0000] {processor.py:914} INFO - Processing file /opt/airflow/dags/avito_to_raw_midraw.py for tasks to queue
[2026-07-28T17:47:30.899+0000] {logging_mixin.py:190} INFO - [2026-07-28T17:47:30.899+0000] {dagbag.py:588} INFO - Filling up the DagBag from /opt/airflow/dags/avito_to_raw_midraw.py
[2026-07-28T17:47:30.915+0000] {processor.py:925} INFO - DAG(s) 'avito_to_raw_midraw' retrieved from /opt/airflow/dags/avito_to_raw_midraw.py
[2026-07-28T17:47:30.933+0000] {logging_mixin.py:190} INFO - [2026-07-28T17:47:30.933+0000] {dag.py:3239} INFO - Sync 1 DAGs
[2026-07-28T17:47:30.944+0000] {logging_mixin.py:190} INFO - [2026-07-28T17:47:30.944+0000] {dag.py:4180} INFO - Setting next_dagrun for avito_to_raw_midraw to 2026-07-28 17:00:00+00:00, run_after=2026-07-28 18:00:00+00:00
[2026-07-28T17:47:30.954+0000] {processor.py:208} INFO - Processing /opt/airflow/dags/avito_to_raw_midraw.py took 0.060 seconds
[2026-07-28T18:05:39.341+0000] {processor.py:186} INFO - Started process (PID=5604) to work on /opt/airflow/dags/avito_to_raw_midraw.py
[2026-07-28T18:05:39.342+0000] {processor.py:914} INFO - Processing file /opt/airflow/dags/avito_to_raw_midraw.py for tasks to queue
[2026-07-28T18:05:39.343+0000] {logging_mixin.py:190} INFO - [2026-07-28T18:05:39.343+0000] {dagbag.py:588} INFO - Filling up the DagBag from /opt/airflow/dags/avito_to_raw_midraw.py
[2026-07-28T18:05:39.361+0000] {processor.py:925} INFO - DAG(s) 'avito_to_raw_midraw' retrieved from /opt/airflow/dags/avito_to_raw_midraw.py
[2026-07-28T18:05:39.377+0000] {logging_mixin.py:190} INFO - [2026-07-28T18:05:39.377+0000] {dag.py:3239} INFO - Sync 1 DAGs
[2026-07-28T18:05:39.392+0000] {logging_mixin.py:190} INFO - [2026-07-28T18:05:39.392+0000] {dag.py:4180} INFO - Setting next_dagrun for avito_to_raw_midraw to 2026-07-28 17:00:00+00:00, run_after=2026-07-28 18:00:00+00:00
[2026-07-28T18:05:39.403+0000] {processor.py:208} INFO - Processing /opt/airflow/dags/avito_to_raw_midraw.py took 0.066 seconds
[2026-07-28T18:06:09.657+0000] {processor.py:186} INFO - Started process (PID=5606) to work on /opt/airflow/dags/avito_to_raw_midraw.py
[2026-07-28T18:06:09.658+0000] {processor.py:914} INFO - Processing file /opt/airflow/dags/avito_to_raw_midraw.py for tasks to queue
[2026-07-28T18:06:09.662+0000] {logging_mixin.py:190} INFO - [2026-07-28T18:06:09.662+0000] {dagbag.py:588} INFO - Filling up the DagBag from /opt/airflow/dags/avito_to_raw_midraw.py
[2026-07-28T18:06:09.684+0000] {processor.py:925} INFO - DAG(s) 'avito_to_raw_midraw' retrieved from /opt/airflow/dags/avito_to_raw_midraw.py
[2026-07-28T18:06:09.714+0000] {logging_mixin.py:190} INFO - [2026-07-28T18:06:09.714+0000] {dag.py:3239} INFO - Sync 1 DAGs
[2026-07-28T18:06:09.737+0000] {logging_mixin.py:190} INFO - [2026-07-28T18:06:09.737+0000] {dag.py:4180} INFO - Setting next_dagrun for avito_to_raw_midraw to 2026-07-28 18:00:00+00:00, run_after=2026-07-28 19:00:00+00:00
[2026-07-28T18:06:09.754+0000] {processor.py:208} INFO - Processing /opt/airflow/dags/avito_to_raw_midraw.py took 0.102 seconds
[2026-07-28T18:24:13.912+0000] {processor.py:186} INFO - Started process (PID=5608) to work on /opt/airflow/dags/avito_to_raw_midraw.py
[2026-07-28T18:24:13.913+0000] {processor.py:914} INFO - Processing file /opt/airflow/dags/avito_to_raw_midraw.py for tasks to queue
[2026-07-28T18:24:13.914+0000] {logging_mixin.py:190} INFO - [2026-07-28T18:24:13.914+0000] {dagbag.py:588} INFO - Filling up the DagBag from /opt/airflow/dags/avito_to_raw_midraw.py
[2026-07-28T18:24:13.932+0000] {processor.py:925} INFO - DAG(s) 'avito_to_raw_midraw' retrieved from /opt/airflow/dags/avito_to_raw_midraw.py
[2026-07-28T18:24:13.953+0000] {logging_mixin.py:190} INFO - [2026-07-28T18:24:13.953+0000] {dag.py:3239} INFO - Sync 1 DAGs
[2026-07-28T18:24:13.971+0000] {logging_mixin.py:190} INFO - [2026-07-28T18:24:13.971+0000] {dag.py:4180} INFO - Setting next_dagrun for avito_to_raw_midraw to 2026-07-28 18:00:00+00:00, run_after=2026-07-28 19:00:00+00:00
[2026-07-28T18:24:13.983+0000] {processor.py:208} INFO - Processing /opt/airflow/dags/avito_to_raw_midraw.py took 0.074 seconds
[2026-07-28T18:24:44.240+0000] {processor.py:186} INFO - Started process (PID=5610) to work on /opt/airflow/dags/avito_to_raw_midraw.py
[2026-07-28T18:24:44.240+0000] {processor.py:914} INFO - Processing file /opt/airflow/dags/avito_to_raw_midraw.py for tasks to queue
[2026-07-28T18:24:44.242+0000] {logging_mixin.py:190} INFO - [2026-07-28T18:24:44.241+0000] {dagbag.py:588} INFO - Filling up the DagBag from /opt/airflow/dags/avito_to_raw_midraw.py
[2026-07-28T18:24:44.258+0000] {processor.py:925} INFO - DAG(s) 'avito_to_raw_midraw' retrieved from /opt/airflow/dags/avito_to_raw_midraw.py
[2026-07-28T18:24:44.274+0000] {logging_mixin.py:190} INFO - [2026-07-28T18:24:44.274+0000] {dag.py:3239} INFO - Sync 1 DAGs
[2026-07-28T18:24:44.292+0000] {logging_mixin.py:190} INFO - [2026-07-28T18:24:44.291+0000] {dag.py:4180} INFO - Setting next_dagrun for avito_to_raw_midraw to 2026-07-28 18:00:00+00:00, run_after=2026-07-28 19:00:00+00:00
[2026-07-28T18:24:44.300+0000] {processor.py:208} INFO - Processing /opt/airflow/dags/avito_to_raw_midraw.py took 0.064 seconds
[2026-07-28T18:25:15.955+0000] {processor.py:186} INFO - Started process (PID=5612) to work on /opt/airflow/dags/avito_to_raw_midraw.py
[2026-07-28T18:25:15.990+0000] {processor.py:914} INFO - Processing file /opt/airflow/dags/avito_to_raw_midraw.py for tasks to queue
[2026-07-28T18:25:16.014+0000] {logging_mixin.py:190} INFO - [2026-07-28T18:25:16.013+0000] {dagbag.py:588} INFO - Filling up the DagBag from /opt/airflow/dags/avito_to_raw_midraw.py
[2026-07-28T18:25:16.570+0000] {processor.py:925} INFO - DAG(s) 'avito_to_raw_midraw' retrieved from /opt/airflow/dags/avito_to_raw_midraw.py
[2026-07-28T18:25:17.228+0000] {logging_mixin.py:190} INFO - [2026-07-28T18:25:17.228+0000] {dag.py:3239} INFO - Sync 1 DAGs
[2026-07-28T18:25:17.452+0000] {logging_mixin.py:190} INFO - [2026-07-28T18:25:17.448+0000] {dag.py:4180} INFO - Setting next_dagrun for avito_to_raw_midraw to 2026-07-28 18:00:00+00:00, run_after=2026-07-28 19:00:00+00:00
[2026-07-28T18:25:17.856+0000] {processor.py:208} INFO - Processing /opt/airflow/dags/avito_to_raw_midraw.py took 2.087 seconds
[2026-07-28T18:25:58.681+0000] {processor.py:186} INFO - Started process (PID=5614) to work on /opt/airflow/dags/avito_to_raw_midraw.py
[2026-07-28T18:25:58.695+0000] {processor.py:914} INFO - Processing file /opt/airflow/dags/avito_to_raw_midraw.py for tasks to queue
[2026-07-28T18:25:58.700+0000] {logging_mixin.py:190} INFO - [2026-07-28T18:25:58.698+0000] {dagbag.py:588} INFO - Filling up the DagBag from /opt/airflow/dags/avito_to_raw_midraw.py
[2026-07-28T18:25:58.751+0000] {processor.py:925} INFO - DAG(s) 'avito_to_raw_midraw' retrieved from /opt/airflow/dags/avito_to_raw_midraw.py
[2026-07-28T18:25:58.796+0000] {logging_mixin.py:190} INFO - [2026-07-28T18:25:58.795+0000] {dag.py:3239} INFO - Sync 1 DAGs
[2026-07-28T18:25:58.836+0000] {logging_mixin.py:190} INFO - [2026-07-28T18:25:58.836+0000] {dag.py:4180} INFO - Setting next_dagrun for avito_to_raw_midraw to 2026-07-28 18:00:00+00:00, run_after=2026-07-28 19:00:00+00:00
[2026-07-28T18:25:58.856+0000] {processor.py:208} INFO - Processing /opt/airflow/dags/avito_to_raw_midraw.py took 0.221 seconds
[2026-07-28T18:26:28.959+0000] {processor.py:186} INFO - Started process (PID=5616) to work on /opt/airflow/dags/avito_to_raw_midraw.py
[2026-07-28T18:26:28.960+0000] {processor.py:914} INFO - Processing file /opt/airflow/dags/avito_to_raw_midraw.py for tasks to queue
[2026-07-28T18:26:28.961+0000] {logging_mixin.py:190} INFO - [2026-07-28T18:26:28.961+0000] {dagbag.py:588} INFO - Filling up the DagBag from /opt/airflow/dags/avito_to_raw_midraw.py
[2026-07-28T18:26:28.979+0000] {processor.py:925} INFO - DAG(s) 'avito_to_raw_midraw' retrieved from /opt/airflow/dags/avito_to_raw_midraw.py
[2026-07-28T18:26:29.000+0000] {logging_mixin.py:190} INFO - [2026-07-28T18:26:28.999+0000] {dag.py:3239} INFO - Sync 1 DAGs
[2026-07-28T18:26:29.016+0000] {logging_mixin.py:190} INFO - [2026-07-28T18:26:29.016+0000] {dag.py:4180} INFO - Setting next_dagrun for avito_to_raw_midraw to 2026-07-28 18:00:00+00:00, run_after=2026-07-28 19:00:00+00:00
[2026-07-28T18:26:29.026+0000] {processor.py:208} INFO - Processing /opt/airflow/dags/avito_to_raw_midraw.py took 0.070 seconds
[2026-07-28T18:27:02.229+0000] {processor.py:186} INFO - Started process (PID=5618) to work on /opt/airflow/dags/avito_to_raw_midraw.py
[2026-07-28T18:27:02.402+0000] {processor.py:914} INFO - Processing file /opt/airflow/dags/avito_to_raw_midraw.py for tasks to queue
[2026-07-28T18:27:02.411+0000] {logging_mixin.py:190} INFO - [2026-07-28T18:27:02.407+0000] {dagbag.py:588} INFO - Filling up the DagBag from /opt/airflow/dags/avito_to_raw_midraw.py
[2026-07-28T18:27:04.253+0000] {processor.py:925} INFO - DAG(s) 'avito_to_raw_midraw' retrieved from /opt/airflow/dags/avito_to_raw_midraw.py
[2026-07-28T18:27:06.879+0000] {logging_mixin.py:190} INFO - [2026-07-28T18:27:06.878+0000] {dag.py:3239} INFO - Sync 1 DAGs
[2026-07-28T18:27:07.946+0000] {logging_mixin.py:190} INFO - [2026-07-28T18:27:07.946+0000] {dag.py:4180} INFO - Setting next_dagrun for avito_to_raw_midraw to 2026-07-28 18:00:00+00:00, run_after=2026-07-28 19:00:00+00:00
[2026-07-28T18:27:09.422+0000] {processor.py:208} INFO - Processing /opt/airflow/dags/avito_to_raw_midraw.py took 7.355 seconds
[2026-07-28T18:27:43.311+0000] {processor.py:186} INFO - Started process (PID=5620) to work on /opt/airflow/dags/avito_to_raw_midraw.py
[2026-07-28T18:27:43.363+0000] {processor.py:914} INFO - Processing file /opt/airflow/dags/avito_to_raw_midraw.py for tasks to queue
[2026-07-28T18:27:43.423+0000] {logging_mixin.py:190} INFO - [2026-07-28T18:27:43.371+0000] {dagbag.py:588} INFO - Filling up the DagBag from /opt/airflow/dags/avito_to_raw_midraw.py
[2026-07-28T18:27:44.239+0000] {processor.py:925} INFO - DAG(s) 'avito_to_raw_midraw' retrieved from /opt/airflow/dags/avito_to_raw_midraw.py
[2026-07-28T18:27:45.567+0000] {logging_mixin.py:190} INFO - [2026-07-28T18:27:45.558+0000] {dag.py:3239} INFO - Sync 1 DAGs
[2026-07-28T18:27:49.480+0000] {logging_mixin.py:190} INFO - [2026-07-28T18:27:49.476+0000] {dag.py:4180} INFO - Setting next_dagrun for avito_to_raw_midraw to 2026-07-28 18:00:00+00:00, run_after=2026-07-28 19:00:00+00:00
[2026-07-28T18:27:50.442+0000] {processor.py:208} INFO - Processing /opt/airflow/dags/avito_to_raw_midraw.py took 7.594 seconds
[2026-07-28T18:31:10.695+0000] {processor.py:186} INFO - Started process (PID=5622) to work on /opt/airflow/dags/avito_to_raw_midraw.py
[2026-07-28T18:31:10.696+0000] {processor.py:914} INFO - Processing file /opt/airflow/dags/avito_to_raw_midraw.py for tasks to queue
[2026-07-28T18:31:10.697+0000] {logging_mixin.py:190} INFO - [2026-07-28T18:31:10.696+0000] {dagbag.py:588} INFO - Filling up the DagBag from /opt/airflow/dags/avito_to_raw_midraw.py
[2026-07-28T18:31:10.714+0000] {processor.py:925} INFO - DAG(s) 'avito_to_raw_midraw' retrieved from /opt/airflow/dags/avito_to_raw_midraw.py
[2026-07-28T18:31:10.737+0000] {logging_mixin.py:190} INFO - [2026-07-28T18:31:10.737+0000] {dag.py:3239} INFO - Sync 1 DAGs
[2026-07-28T18:31:10.766+0000] {logging_mixin.py:190} INFO - [2026-07-28T18:31:10.766+0000] {dag.py:4180} INFO - Setting next_dagrun for avito_to_raw_midraw to 2026-07-28 18:00:00+00:00, run_after=2026-07-28 19:00:00+00:00
[2026-07-28T18:31:10.785+0000] {processor.py:208} INFO - Processing /opt/airflow/dags/avito_to_raw_midraw.py took 0.095 seconds
[2026-07-28T18:31:41.025+0000] {processor.py:186} INFO - Started process (PID=5624) to work on /opt/airflow/dags/avito_to_raw_midraw.py
[2026-07-28T18:31:41.025+0000] {processor.py:914} INFO - Processing file /opt/airflow/dags/avito_to_raw_midraw.py for tasks to queue
[2026-07-28T18:31:41.028+0000] {logging_mixin.py:190} INFO - [2026-07-28T18:31:41.027+0000] {dagbag.py:588} INFO - Filling up the DagBag from /opt/airflow/dags/avito_to_raw_midraw.py
[2026-07-28T18:31:41.048+0000] {processor.py:925} INFO - DAG(s) 'avito_to_raw_midraw' retrieved from /opt/airflow/dags/avito_to_raw_midraw.py
[2026-07-28T18:31:41.069+0000] {logging_mixin.py:190} INFO - [2026-07-28T18:31:41.068+0000] {dag.py:3239} INFO - Sync 1 DAGs
[2026-07-28T18:31:41.086+0000] {logging_mixin.py:190} INFO - [2026-07-28T18:31:41.086+0000] {dag.py:4180} INFO - Setting next_dagrun for avito_to_raw_midraw to 2026-07-28 18:00:00+00:00, run_after=2026-07-28 19:00:00+00:00
[2026-07-28T18:31:41.096+0000] {processor.py:208} INFO - Processing /opt/airflow/dags/avito_to_raw_midraw.py took 0.077 seconds
[2026-07-28T18:32:11.326+0000] {processor.py:186} INFO - Started process (PID=5626) to work on /opt/airflow/dags/avito_to_raw_midraw.py
[2026-07-28T18:32:11.327+0000] {processor.py:914} INFO - Processing file /opt/airflow/dags/avito_to_raw_midraw.py for tasks to queue
[2026-07-28T18:32:11.329+0000] {logging_mixin.py:190} INFO - [2026-07-28T18:32:11.328+0000] {dagbag.py:588} INFO - Filling up the DagBag from /opt/airflow/dags/avito_to_raw_midraw.py
[2026-07-28T18:32:11.348+0000] {processor.py:925} INFO - DAG(s) 'avito_to_raw_midraw' retrieved from /opt/airflow/dags/avito_to_raw_midraw.py
[2026-07-28T18:32:11.379+0000] {logging_mixin.py:190} INFO - [2026-07-28T18:32:11.378+0000] {dag.py:3239} INFO - Sync 1 DAGs
[2026-07-28T18:32:11.400+0000] {logging_mixin.py:190} INFO - [2026-07-28T18:32:11.400+0000] {dag.py:4180} INFO - Setting next_dagrun for avito_to_raw_midraw to 2026-07-28 18:00:00+00:00, run_after=2026-07-28 19:00:00+00:00
[2026-07-28T18:32:11.413+0000] {processor.py:208} INFO - Processing /opt/airflow/dags/avito_to_raw_midraw.py took 0.092 seconds
[2026-07-28T18:32:41.628+0000] {processor.py:186} INFO - Started process (PID=5628) to work on /opt/airflow/dags/avito_to_raw_midraw.py
[2026-07-28T18:32:41.629+0000] {processor.py:914} INFO - Processing file /opt/airflow/dags/avito_to_raw_midraw.py for tasks to queue
[2026-07-28T18:32:41.629+0000] {logging_mixin.py:190} INFO - [2026-07-28T18:32:41.629+0000] {dagbag.py:588} INFO - Filling up the DagBag from /opt/airflow/dags/avito_to_raw_midraw.py
[2026-07-28T18:32:41.650+0000] {processor.py:925} INFO - DAG(s) 'avito_to_raw_midraw' retrieved from /opt/airflow/dags/avito_to_raw_midraw.py
[2026-07-28T18:32:41.675+0000] {logging_mixin.py:190} INFO - [2026-07-28T18:32:41.675+0000] {dag.py:3239} INFO - Sync 1 DAGs
[2026-07-28T18:32:41.690+0000] {logging_mixin.py:190} INFO - [2026-07-28T18:32:41.689+0000] {dag.py:4180} INFO - Setting next_dagrun for avito_to_raw_midraw to 2026-07-28 18:00:00+00:00, run_after=2026-07-28 19:00:00+00:00
[2026-07-28T18:32:41.703+0000] {processor.py:208} INFO - Processing /opt/airflow/dags/avito_to_raw_midraw.py took 0.080 seconds
[2026-07-28T18:33:12.009+0000] {processor.py:186} INFO - Started process (PID=5630) to work on /opt/airflow/dags/avito_to_raw_midraw.py
[2026-07-28T18:33:12.010+0000] {processor.py:914} INFO - Processing file /opt/airflow/dags/avito_to_raw_midraw.py for tasks to queue
[2026-07-28T18:33:12.010+0000] {logging_mixin.py:190} INFO - [2026-07-28T18:33:12.010+0000] {dagbag.py:588} INFO - Filling up the DagBag from /opt/airflow/dags/avito_to_raw_midraw.py
[2026-07-28T18:33:12.028+0000] {processor.py:925} INFO - DAG(s) 'avito_to_raw_midraw' retrieved from /opt/airflow/dags/avito_to_raw_midraw.py
[2026-07-28T18:33:12.058+0000] {logging_mixin.py:190} INFO - [2026-07-28T18:33:12.058+0000] {dag.py:3239} INFO - Sync 1 DAGs
[2026-07-28T18:33:12.072+0000] {logging_mixin.py:190} INFO - [2026-07-28T18:33:12.072+0000] {dag.py:4180} INFO - Setting next_dagrun for avito_to_raw_midraw to 2026-07-28 18:00:00+00:00, run_after=2026-07-28 19:00:00+00:00
[2026-07-28T18:33:12.085+0000] {processor.py:208} INFO - Processing /opt/airflow/dags/avito_to_raw_midraw.py took 0.080 seconds
[2026-07-28T18:33:42.291+0000] {processor.py:186} INFO - Started process (PID=5632) to work on /opt/airflow/dags/avito_to_raw_midraw.py
[2026-07-28T18:33:42.291+0000] {processor.py:914} INFO - Processing file /opt/airflow/dags/avito_to_raw_midraw.py for tasks to queue
[2026-07-28T18:33:42.293+0000] {logging_mixin.py:190} INFO - [2026-07-28T18:33:42.293+0000] {dagbag.py:588} INFO - Filling up the DagBag from /opt/airflow/dags/avito_to_raw_midraw.py
[2026-07-28T18:33:42.312+0000] {processor.py:925} INFO - DAG(s) 'avito_to_raw_midraw' retrieved from /opt/airflow/dags/avito_to_raw_midraw.py
[2026-07-28T18:33:42.335+0000] {logging_mixin.py:190} INFO - [2026-07-28T18:33:42.335+0000] {dag.py:3239} INFO - Sync 1 DAGs
[2026-07-28T18:33:42.353+0000] {logging_mixin.py:190} INFO - [2026-07-28T18:33:42.353+0000] {dag.py:4180} INFO - Setting next_dagrun for avito_to_raw_midraw to 2026-07-28 18:00:00+00:00, run_after=2026-07-28 19:00:00+00:00
[2026-07-28T18:33:42.373+0000] {processor.py:208} INFO - Processing /opt/airflow/dags/avito_to_raw_midraw.py took 0.086 seconds
[2026-07-28T18:34:12.575+0000] {processor.py:186} INFO - Started process (PID=5634) to work on /opt/airflow/dags/avito_to_raw_midraw.py
[2026-07-28T18:34:12.575+0000] {processor.py:914} INFO - Processing file /opt/airflow/dags/avito_to_raw_midraw.py for tasks to queue
[2026-07-28T18:34:12.576+0000] {logging_mixin.py:190} INFO - [2026-07-28T18:34:12.576+0000] {dagbag.py:588} INFO - Filling up the DagBag from /opt/airflow/dags/avito_to_raw_midraw.py
[2026-07-28T18:34:12.591+0000] {processor.py:925} INFO - DAG(s) 'avito_to_raw_midraw' retrieved from /opt/airflow/dags/avito_to_raw_midraw.py
[2026-07-28T18:34:12.608+0000] {logging_mixin.py:190} INFO - [2026-07-28T18:34:12.607+0000] {dag.py:3239} INFO - Sync 1 DAGs
[2026-07-28T18:34:12.622+0000] {logging_mixin.py:190} INFO - [2026-07-28T18:34:12.621+0000] {dag.py:4180} INFO - Setting next_dagrun for avito_to_raw_midraw to 2026-07-28 18:00:00+00:00, run_after=2026-07-28 19:00:00+00:00
[2026-07-28T18:34:12.636+0000] {processor.py:208} INFO - Processing /opt/airflow/dags/avito_to_raw_midraw.py took 0.064 seconds
[2026-07-28T18:34:42.850+0000] {processor.py:186} INFO - Started process (PID=5636) to work on /opt/airflow/dags/avito_to_raw_midraw.py
[2026-07-28T18:34:42.852+0000] {processor.py:914} INFO - Processing file /opt/airflow/dags/avito_to_raw_midraw.py for tasks to queue
[2026-07-28T18:34:42.854+0000] {logging_mixin.py:190} INFO - [2026-07-28T18:34:42.853+0000] {dagbag.py:588} INFO - Filling up the DagBag from /opt/airflow/dags/avito_to_raw_midraw.py
[2026-07-28T18:34:42.872+0000] {processor.py:925} INFO - DAG(s) 'avito_to_raw_midraw' retrieved from /opt/airflow/dags/avito_to_raw_midraw.py
[2026-07-28T18:34:42.895+0000] {logging_mixin.py:190} INFO - [2026-07-28T18:34:42.894+0000] {dag.py:3239} INFO - Sync 1 DAGs
[2026-07-28T18:34:42.912+0000] {logging_mixin.py:190} INFO - [2026-07-28T18:34:42.912+0000] {dag.py:4180} INFO - Setting next_dagrun for avito_to_raw_midraw to 2026-07-28 18:00:00+00:00, run_after=2026-07-28 19:00:00+00:00
[2026-07-28T18:34:42.926+0000] {processor.py:208} INFO - Processing /opt/airflow/dags/avito_to_raw_midraw.py took 0.081 seconds
[2026-07-28T18:35:13.202+0000] {processor.py:186} INFO - Started process (PID=5638) to work on /opt/airflow/dags/avito_to_raw_midraw.py
[2026-07-28T18:35:13.203+0000] {processor.py:914} INFO - Processing file /opt/airflow/dags/avito_to_raw_midraw.py for tasks to queue
[2026-07-28T18:35:13.204+0000] {logging_mixin.py:190} INFO - [2026-07-28T18:35:13.204+0000] {dagbag.py:588} INFO - Filling up the DagBag from /opt/airflow/dags/avito_to_raw_midraw.py
[2026-07-28T18:35:13.223+0000] {processor.py:925} INFO - DAG(s) 'avito_to_raw_midraw' retrieved from /opt/airflow/dags/avito_to_raw_midraw.py
[2026-07-28T18:35:13.246+0000] {logging_mixin.py:190} INFO - [2026-07-28T18:35:13.245+0000] {dag.py:3239} INFO - Sync 1 DAGs
[2026-07-28T18:35:13.262+0000] {logging_mixin.py:190} INFO - [2026-07-28T18:35:13.262+0000] {dag.py:4180} INFO - Setting next_dagrun for avito_to_raw_midraw to 2026-07-28 18:00:00+00:00, run_after=2026-07-28 19:00:00+00:00
[2026-07-28T18:35:13.273+0000] {processor.py:208} INFO - Processing /opt/airflow/dags/avito_to_raw_midraw.py took 0.075 seconds
[2026-07-28T18:35:43.431+0000] {processor.py:186} INFO - Started process (PID=5640) to work on /opt/airflow/dags/avito_to_raw_midraw.py
[2026-07-28T18:35:43.432+0000] {processor.py:914} INFO - Processing file /opt/airflow/dags/avito_to_raw_midraw.py for tasks to queue
[2026-07-28T18:35:43.433+0000] {logging_mixin.py:190} INFO - [2026-07-28T18:35:43.433+0000] {dagbag.py:588} INFO - Filling up the DagBag from /opt/airflow/dags/avito_to_raw_midraw.py
[2026-07-28T18:35:43.448+0000] {processor.py:925} INFO - DAG(s) 'avito_to_raw_midraw' retrieved from /opt/airflow/dags/avito_to_raw_midraw.py
[2026-07-28T18:35:43.465+0000] {logging_mixin.py:190} INFO - [2026-07-28T18:35:43.464+0000] {dag.py:3239} INFO - Sync 1 DAGs
[2026-07-28T18:35:43.477+0000] {logging_mixin.py:190} INFO - [2026-07-28T18:35:43.477+0000] {dag.py:4180} INFO - Setting next_dagrun for avito_to_raw_midraw to 2026-07-28 18:00:00+00:00, run_after=2026-07-28 19:00:00+00:00
[2026-07-28T18:35:43.487+0000] {processor.py:208} INFO - Processing /opt/airflow/dags/avito_to_raw_midraw.py took 0.060 seconds
[2026-07-28T18:36:13.748+0000] {processor.py:186} INFO - Started process (PID=5642) to work on /opt/airflow/dags/avito_to_raw_midraw.py
[2026-07-28T18:36:13.749+0000] {processor.py:914} INFO - Processing file /opt/airflow/dags/avito_to_raw_midraw.py for tasks to queue
[2026-07-28T18:36:13.750+0000] {logging_mixin.py:190} INFO - [2026-07-28T18:36:13.750+0000] {dagbag.py:588} INFO - Filling up the DagBag from /opt/airflow/dags/avito_to_raw_midraw.py
[2026-07-28T18:36:13.766+0000] {processor.py:925} INFO - DAG(s) 'avito_to_raw_midraw' retrieved from /opt/airflow/dags/avito_to_raw_midraw.py
[2026-07-28T18:36:13.784+0000] {logging_mixin.py:190} INFO - [2026-07-28T18:36:13.784+0000] {dag.py:3239} INFO - Sync 1 DAGs
[2026-07-28T18:36:13.800+0000] {logging_mixin.py:190} INFO - [2026-07-28T18:36:13.800+0000] {dag.py:4180} INFO - Setting next_dagrun for avito_to_raw_midraw to 2026-07-28 18:00:00+00:00, run_after=2026-07-28 19:00:00+00:00
[2026-07-28T18:36:13.810+0000] {processor.py:208} INFO - Processing /opt/airflow/dags/avito_to_raw_midraw.py took 0.065 seconds
[2026-07-28T18:36:44.047+0000] {processor.py:186} INFO - Started process (PID=5644) to work on /opt/airflow/dags/avito_to_raw_midraw.py
[2026-07-28T18:36:44.048+0000] {processor.py:914} INFO - Processing file /opt/airflow/dags/avito_to_raw_midraw.py for tasks to queue
[2026-07-28T18:36:44.049+0000] {logging_mixin.py:190} INFO - [2026-07-28T18:36:44.048+0000] {dagbag.py:588} INFO - Filling up the DagBag from /opt/airflow/dags/avito_to_raw_midraw.py
[2026-07-28T18:36:44.065+0000] {processor.py:925} INFO - DAG(s) 'avito_to_raw_midraw' retrieved from /opt/airflow/dags/avito_to_raw_midraw.py
[2026-07-28T18:36:44.099+0000] {logging_mixin.py:190} INFO - [2026-07-28T18:36:44.099+0000] {dag.py:3239} INFO - Sync 1 DAGs
[2026-07-28T18:36:44.118+0000] {logging_mixin.py:190} INFO - [2026-07-28T18:36:44.117+0000] {dag.py:4180} INFO - Setting next_dagrun for avito_to_raw_midraw to 2026-07-28 18:00:00+00:00, run_after=2026-07-28 19:00:00+00:00
[2026-07-28T18:36:44.129+0000] {processor.py:208} INFO - Processing /opt/airflow/dags/avito_to_raw_midraw.py took 0.086 seconds
[2026-07-28T18:37:14.314+0000] {processor.py:186} INFO - Started process (PID=5646) to work on /opt/airflow/dags/avito_to_raw_midraw.py
[2026-07-28T18:37:14.315+0000] {processor.py:914} INFO - Processing file /opt/airflow/dags/avito_to_raw_midraw.py for tasks to queue
[2026-07-28T18:37:14.316+0000] {logging_mixin.py:190} INFO - [2026-07-28T18:37:14.315+0000] {dagbag.py:588} INFO - Filling up the DagBag from /opt/airflow/dags/avito_to_raw_midraw.py
[2026-07-28T18:37:14.330+0000] {processor.py:925} INFO - DAG(s) 'avito_to_raw_midraw' retrieved from /opt/airflow/dags/avito_to_raw_midraw.py
[2026-07-28T18:37:14.348+0000] {logging_mixin.py:190} INFO - [2026-07-28T18:37:14.347+0000] {dag.py:3239} INFO - Sync 1 DAGs
[2026-07-28T18:37:14.364+0000] {logging_mixin.py:190} INFO - [2026-07-28T18:37:14.364+0000] {dag.py:4180} INFO - Setting next_dagrun for avito_to_raw_midraw to 2026-07-28 18:00:00+00:00, run_after=2026-07-28 19:00:00+00:00
[2026-07-28T18:37:14.376+0000] {processor.py:208} INFO - Processing /opt/airflow/dags/avito_to_raw_midraw.py took 0.065 seconds
[2026-07-28T18:37:45.818+0000] {processor.py:186} INFO - Started process (PID=5648) to work on /opt/airflow/dags/avito_to_raw_midraw.py
[2026-07-28T18:37:45.831+0000] {processor.py:914} INFO - Processing file /opt/airflow/dags/avito_to_raw_midraw.py for tasks to queue
[2026-07-28T18:37:45.856+0000] {logging_mixin.py:190} INFO - [2026-07-28T18:37:45.847+0000] {dagbag.py:588} INFO - Filling up the DagBag from /opt/airflow/dags/avito_to_raw_midraw.py
[2026-07-28T18:37:47.720+0000] {processor.py:925} INFO - DAG(s) 'avito_to_raw_midraw' retrieved from /opt/airflow/dags/avito_to_raw_midraw.py
[2026-07-28T18:37:47.926+0000] {logging_mixin.py:190} INFO - [2026-07-28T18:37:47.926+0000] {dag.py:3239} INFO - Sync 1 DAGs
[2026-07-28T18:37:48.013+0000] {logging_mixin.py:190} INFO - [2026-07-28T18:37:48.013+0000] {dag.py:4180} INFO - Setting next_dagrun for avito_to_raw_midraw to 2026-07-28 18:00:00+00:00, run_after=2026-07-28 19:00:00+00:00
[2026-07-28T18:37:48.069+0000] {processor.py:208} INFO - Processing /opt/airflow/dags/avito_to_raw_midraw.py took 2.453 seconds
[2026-07-28T18:38:18.553+0000] {processor.py:186} INFO - Started process (PID=5650) to work on /opt/airflow/dags/avito_to_raw_midraw.py
[2026-07-28T18:38:18.561+0000] {processor.py:914} INFO - Processing file /opt/airflow/dags/avito_to_raw_midraw.py for tasks to queue
[2026-07-28T18:38:18.572+0000] {logging_mixin.py:190} INFO - [2026-07-28T18:38:18.569+0000] {dagbag.py:588} INFO - Filling up the DagBag from /opt/airflow/dags/avito_to_raw_midraw.py
[2026-07-28T18:38:18.878+0000] {processor.py:925} INFO - DAG(s) 'avito_to_raw_midraw' retrieved from /opt/airflow/dags/avito_to_raw_midraw.py
[2026-07-28T18:38:19.111+0000] {logging_mixin.py:190} INFO - [2026-07-28T18:38:19.111+0000] {dag.py:3239} INFO - Sync 1 DAGs
[2026-07-28T18:38:19.284+0000] {logging_mixin.py:190} INFO - [2026-07-28T18:38:19.272+0000] {dag.py:4180} INFO - Setting next_dagrun for avito_to_raw_midraw to 2026-07-28 18:00:00+00:00, run_after=2026-07-28 19:00:00+00:00
[2026-07-28T18:38:19.576+0000] {processor.py:208} INFO - Processing /opt/airflow/dags/avito_to_raw_midraw.py took 1.164 seconds
[2026-07-28T18:38:55.239+0000] {processor.py:186} INFO - Started process (PID=5652) to work on /opt/airflow/dags/avito_to_raw_midraw.py
[2026-07-28T18:38:55.360+0000] {processor.py:914} INFO - Processing file /opt/airflow/dags/avito_to_raw_midraw.py for tasks to queue
[2026-07-28T18:38:55.569+0000] {logging_mixin.py:190} INFO - [2026-07-28T18:38:55.374+0000] {dagbag.py:588} INFO - Filling up the DagBag from /opt/airflow/dags/avito_to_raw_midraw.py
[2026-07-28T18:38:56.962+0000] {processor.py:925} INFO - DAG(s) 'avito_to_raw_midraw' retrieved from /opt/airflow/dags/avito_to_raw_midraw.py
[2026-07-28T18:39:01.082+0000] {logging_mixin.py:190} INFO - [2026-07-28T18:39:01.062+0000] {dag.py:3239} INFO - Sync 1 DAGs
[2026-07-28T18:39:02.490+0000] {logging_mixin.py:190} INFO - [2026-07-28T18:39:02.475+0000] {dag.py:4180} INFO - Setting next_dagrun for avito_to_raw_midraw to 2026-07-28 18:00:00+00:00, run_after=2026-07-28 19:00:00+00:00
[2026-07-28T18:39:03.103+0000] {processor.py:208} INFO - Processing /opt/airflow/dags/avito_to_raw_midraw.py took 8.472 seconds
[2026-07-28T18:39:35.538+0000] {processor.py:186} INFO - Started process (PID=5654) to work on /opt/airflow/dags/avito_to_raw_midraw.py
[2026-07-28T18:39:35.604+0000] {processor.py:914} INFO - Processing file /opt/airflow/dags/avito_to_raw_midraw.py for tasks to queue
[2026-07-28T18:39:35.741+0000] {logging_mixin.py:190} INFO - [2026-07-28T18:39:35.740+0000] {dagbag.py:588} INFO - Filling up the DagBag from /opt/airflow/dags/avito_to_raw_midraw.py
[2026-07-28T18:39:36.942+0000] {processor.py:925} INFO - DAG(s) 'avito_to_raw_midraw' retrieved from /opt/airflow/dags/avito_to_raw_midraw.py
[2026-07-28T18:39:40.746+0000] {logging_mixin.py:190} INFO - [2026-07-28T18:39:40.745+0000] {dag.py:3239} INFO - Sync 1 DAGs
[2026-07-28T18:39:43.221+0000] {logging_mixin.py:190} INFO - [2026-07-28T18:39:43.220+0000] {dag.py:4180} INFO - Setting next_dagrun for avito_to_raw_midraw to 2026-07-28 18:00:00+00:00, run_after=2026-07-28 19:00:00+00:00
[2026-07-28T18:39:46.654+0000] {processor.py:208} INFO - Processing /opt/airflow/dags/avito_to_raw_midraw.py took 11.311 seconds
[2026-07-28T18:40:19.472+0000] {processor.py:186} INFO - Started process (PID=5655) to work on /opt/airflow/dags/avito_to_raw_midraw.py
[2026-07-28T18:40:19.726+0000] {processor.py:914} INFO - Processing file /opt/airflow/dags/avito_to_raw_midraw.py for tasks to queue
[2026-07-28T18:40:19.871+0000] {logging_mixin.py:190} INFO - [2026-07-28T18:40:19.869+0000] {dagbag.py:588} INFO - Filling up the DagBag from /opt/airflow/dags/avito_to_raw_midraw.py
[2026-07-28T18:40:22.451+0000] {processor.py:925} INFO - DAG(s) 'avito_to_raw_midraw' retrieved from /opt/airflow/dags/avito_to_raw_midraw.py
[2026-07-28T18:40:24.086+0000] {logging_mixin.py:190} INFO - [2026-07-28T18:40:24.047+0000] {dag.py:3239} INFO - Sync 1 DAGs
[2026-07-28T18:40:25.452+0000] {logging_mixin.py:190} INFO - [2026-07-28T18:40:25.435+0000] {dag.py:4180} INFO - Setting next_dagrun for avito_to_raw_midraw to 2026-07-28 18:00:00+00:00, run_after=2026-07-28 19:00:00+00:00
[2026-07-28T18:40:26.634+0000] {processor.py:208} INFO - Processing /opt/airflow/dags/avito_to_raw_midraw.py took 7.363 seconds
[2026-07-28T18:40:59.190+0000] {processor.py:186} INFO - Started process (PID=5657) to work on /opt/airflow/dags/avito_to_raw_midraw.py
[2026-07-28T18:40:59.683+0000] {processor.py:914} INFO - Processing file /opt/airflow/dags/avito_to_raw_midraw.py for tasks to queue
[2026-07-28T18:40:59.813+0000] {logging_mixin.py:190} INFO - [2026-07-28T18:40:59.812+0000] {dagbag.py:588} INFO - Filling up the DagBag from /opt/airflow/dags/avito_to_raw_midraw.py
[2026-07-28T18:41:01.764+0000] {processor.py:925} INFO - DAG(s) 'avito_to_raw_midraw' retrieved from /opt/airflow/dags/avito_to_raw_midraw.py
[2026-07-28T18:41:03.302+0000] {logging_mixin.py:190} INFO - [2026-07-28T18:41:03.282+0000] {dag.py:3239} INFO - Sync 1 DAGs
[2026-07-28T18:41:04.250+0000] {logging_mixin.py:190} INFO - [2026-07-28T18:41:04.250+0000] {dag.py:4180} INFO - Setting next_dagrun for avito_to_raw_midraw to 2026-07-28 18:00:00+00:00, run_after=2026-07-28 19:00:00+00:00
[2026-07-28T18:41:05.847+0000] {processor.py:208} INFO - Processing /opt/airflow/dags/avito_to_raw_midraw.py took 6.982 seconds
[2026-07-28T18:41:38.773+0000] {processor.py:186} INFO - Started process (PID=5659) to work on /opt/airflow/dags/avito_to_raw_midraw.py
[2026-07-28T18:41:38.993+0000] {processor.py:914} INFO - Processing file /opt/airflow/dags/avito_to_raw_midraw.py for tasks to queue
[2026-07-28T18:41:39.208+0000] {logging_mixin.py:190} INFO - [2026-07-28T18:41:39.206+0000] {dagbag.py:588} INFO - Filling up the DagBag from /opt/airflow/dags/avito_to_raw_midraw.py
[2026-07-28T18:41:41.010+0000] {processor.py:925} INFO - DAG(s) 'avito_to_raw_midraw' retrieved from /opt/airflow/dags/avito_to_raw_midraw.py
[2026-07-28T18:41:44.434+0000] {logging_mixin.py:190} INFO - [2026-07-28T18:41:44.431+0000] {dag.py:3239} INFO - Sync 1 DAGs
[2026-07-28T18:41:46.018+0000] {logging_mixin.py:190} INFO - [2026-07-28T18:41:46.017+0000] {dag.py:4180} INFO - Setting next_dagrun for avito_to_raw_midraw to 2026-07-28 18:00:00+00:00, run_after=2026-07-28 19:00:00+00:00
[2026-07-28T18:41:47.566+0000] {processor.py:208} INFO - Processing /opt/airflow/dags/avito_to_raw_midraw.py took 9.217 seconds
[2026-07-28T18:42:20.866+0000] {processor.py:186} INFO - Started process (PID=5661) to work on /opt/airflow/dags/avito_to_raw_midraw.py
[2026-07-28T18:42:21.072+0000] {processor.py:914} INFO - Processing file /opt/airflow/dags/avito_to_raw_midraw.py for tasks to queue
[2026-07-28T18:42:21.264+0000] {logging_mixin.py:190} INFO - [2026-07-28T18:42:21.252+0000] {dagbag.py:588} INFO - Filling up the DagBag from /opt/airflow/dags/avito_to_raw_midraw.py
[2026-07-28T18:42:25.013+0000] {processor.py:925} INFO - DAG(s) 'avito_to_raw_midraw' retrieved from /opt/airflow/dags/avito_to_raw_midraw.py
[2026-07-28T18:42:26.638+0000] {logging_mixin.py:190} INFO - [2026-07-28T18:42:26.617+0000] {dag.py:3239} INFO - Sync 1 DAGs
[2026-07-28T18:42:27.551+0000] {logging_mixin.py:190} INFO - [2026-07-28T18:42:27.518+0000] {dag.py:4180} INFO - Setting next_dagrun for avito_to_raw_midraw to 2026-07-28 18:00:00+00:00, run_after=2026-07-28 19:00:00+00:00
[2026-07-28T18:42:29.625+0000] {processor.py:208} INFO - Processing /opt/airflow/dags/avito_to_raw_midraw.py took 9.044 seconds
[2026-07-28T18:43:07.212+0000] {processor.py:186} INFO - Started process (PID=5663) to work on /opt/airflow/dags/avito_to_raw_midraw.py
[2026-07-28T18:43:09.454+0000] {processor.py:914} INFO - Processing file /opt/airflow/dags/avito_to_raw_midraw.py for tasks to queue
[2026-07-28T18:43:09.830+0000] {logging_mixin.py:190} INFO - [2026-07-28T18:43:09.770+0000] {dagbag.py:588} INFO - Filling up the DagBag from /opt/airflow/dags/avito_to_raw_midraw.py
[2026-07-28T18:43:17.093+0000] {processor.py:925} INFO - DAG(s) 'avito_to_raw_midraw' retrieved from /opt/airflow/dags/avito_to_raw_midraw.py
[2026-07-28T18:43:20.902+0000] {logging_mixin.py:190} INFO - [2026-07-28T18:43:20.872+0000] {dag.py:3239} INFO - Sync 1 DAGs
[2026-07-28T18:43:22.178+0000] {logging_mixin.py:190} INFO - [2026-07-28T18:43:22.168+0000] {dag.py:4180} INFO - Setting next_dagrun for avito_to_raw_midraw to 2026-07-28 18:00:00+00:00, run_after=2026-07-28 19:00:00+00:00
[2026-07-28T18:43:23.114+0000] {processor.py:208} INFO - Processing /opt/airflow/dags/avito_to_raw_midraw.py took 17.933 seconds
[2026-07-28T18:43:54.371+0000] {processor.py:186} INFO - Started process (PID=5665) to work on /opt/airflow/dags/avito_to_raw_midraw.py
[2026-07-28T18:43:54.424+0000] {processor.py:914} INFO - Processing file /opt/airflow/dags/avito_to_raw_midraw.py for tasks to queue
[2026-07-28T18:43:54.479+0000] {logging_mixin.py:190} INFO - [2026-07-28T18:43:54.472+0000] {dagbag.py:588} INFO - Filling up the DagBag from /opt/airflow/dags/avito_to_raw_midraw.py
[2026-07-28T18:43:54.761+0000] {processor.py:925} INFO - DAG(s) 'avito_to_raw_midraw' retrieved from /opt/airflow/dags/avito_to_raw_midraw.py
[2026-07-28T18:43:55.027+0000] {logging_mixin.py:190} INFO - [2026-07-28T18:43:55.027+0000] {dag.py:3239} INFO - Sync 1 DAGs
[2026-07-28T18:43:55.216+0000] {logging_mixin.py:190} INFO - [2026-07-28T18:43:55.216+0000] {dag.py:4180} INFO - Setting next_dagrun for avito_to_raw_midraw to 2026-07-28 18:00:00+00:00, run_after=2026-07-28 19:00:00+00:00
[2026-07-28T18:43:55.441+0000] {processor.py:208} INFO - Processing /opt/airflow/dags/avito_to_raw_midraw.py took 1.134 seconds
[2026-07-28T18:44:28.470+0000] {processor.py:186} INFO - Started process (PID=5668) to work on /opt/airflow/dags/avito_to_raw_midraw.py
[2026-07-28T18:44:28.762+0000] {processor.py:914} INFO - Processing file /opt/airflow/dags/avito_to_raw_midraw.py for tasks to queue
[2026-07-28T18:44:28.972+0000] {logging_mixin.py:190} INFO - [2026-07-28T18:44:28.947+0000] {dagbag.py:588} INFO - Filling up the DagBag from /opt/airflow/dags/avito_to_raw_midraw.py
[2026-07-28T18:44:30.354+0000] {processor.py:925} INFO - DAG(s) 'avito_to_raw_midraw' retrieved from /opt/airflow/dags/avito_to_raw_midraw.py
[2026-07-28T18:44:33.886+0000] {logging_mixin.py:190} INFO - [2026-07-28T18:44:33.845+0000] {dag.py:3239} INFO - Sync 1 DAGs
[2026-07-28T18:44:35.351+0000] {logging_mixin.py:190} INFO - [2026-07-28T18:44:35.350+0000] {dag.py:4180} INFO - Setting next_dagrun for avito_to_raw_midraw to 2026-07-28 18:00:00+00:00, run_after=2026-07-28 19:00:00+00:00
[2026-07-28T18:44:37.254+0000] {processor.py:208} INFO - Processing /opt/airflow/dags/avito_to_raw_midraw.py took 9.069 seconds
[2026-07-28T18:45:11.180+0000] {processor.py:186} INFO - Started process (PID=5670) to work on /opt/airflow/dags/avito_to_raw_midraw.py
[2026-07-28T18:45:11.358+0000] {processor.py:914} INFO - Processing file /opt/airflow/dags/avito_to_raw_midraw.py for tasks to queue
[2026-07-28T18:45:11.446+0000] {logging_mixin.py:190} INFO - [2026-07-28T18:45:11.444+0000] {dagbag.py:588} INFO - Filling up the DagBag from /opt/airflow/dags/avito_to_raw_midraw.py
[2026-07-28T18:45:13.357+0000] {processor.py:925} INFO - DAG(s) 'avito_to_raw_midraw' retrieved from /opt/airflow/dags/avito_to_raw_midraw.py
[2026-07-28T18:45:16.677+0000] {logging_mixin.py:190} INFO - [2026-07-28T18:45:16.671+0000] {dag.py:3239} INFO - Sync 1 DAGs
[2026-07-28T18:45:19.156+0000] {logging_mixin.py:190} INFO - [2026-07-28T18:45:19.081+0000] {dag.py:4180} INFO - Setting next_dagrun for avito_to_raw_midraw to 2026-07-28 18:00:00+00:00, run_after=2026-07-28 19:00:00+00:00
[2026-07-28T18:45:21.406+0000] {processor.py:208} INFO - Processing /opt/airflow/dags/avito_to_raw_midraw.py took 10.351 seconds
[2026-07-28T18:45:57.629+0000] {processor.py:186} INFO - Started process (PID=5672) to work on /opt/airflow/dags/avito_to_raw_midraw.py
[2026-07-28T18:45:57.674+0000] {processor.py:914} INFO - Processing file /opt/airflow/dags/avito_to_raw_midraw.py for tasks to queue
[2026-07-28T18:45:57.680+0000] {logging_mixin.py:190} INFO - [2026-07-28T18:45:57.679+0000] {dagbag.py:588} INFO - Filling up the DagBag from /opt/airflow/dags/avito_to_raw_midraw.py
[2026-07-28T18:45:58.511+0000] {processor.py:925} INFO - DAG(s) 'avito_to_raw_midraw' retrieved from /opt/airflow/dags/avito_to_raw_midraw.py
[2026-07-28T18:46:00.823+0000] {logging_mixin.py:190} INFO - [2026-07-28T18:46:00.808+0000] {dag.py:3239} INFO - Sync 1 DAGs
[2026-07-28T18:46:01.222+0000] {logging_mixin.py:190} INFO - [2026-07-28T18:46:01.211+0000] {dag.py:4180} INFO - Setting next_dagrun for avito_to_raw_midraw to 2026-07-28 18:00:00+00:00, run_after=2026-07-28 19:00:00+00:00
[2026-07-28T18:46:01.607+0000] {processor.py:208} INFO - Processing /opt/airflow/dags/avito_to_raw_midraw.py took 4.235 seconds
[2026-07-28T18:47:51.806+0000] {processor.py:186} INFO - Started process (PID=5675) to work on /opt/airflow/dags/avito_to_raw_midraw.py
[2026-07-28T18:47:51.825+0000] {processor.py:914} INFO - Processing file /opt/airflow/dags/avito_to_raw_midraw.py for tasks to queue
[2026-07-28T18:47:51.866+0000] {logging_mixin.py:190} INFO - [2026-07-28T18:47:51.865+0000] {dagbag.py:588} INFO - Filling up the DagBag from /opt/airflow/dags/avito_to_raw_midraw.py
[2026-07-28T18:47:55.734+0000] {processor.py:925} INFO - DAG(s) 'avito_to_raw_midraw' retrieved from /opt/airflow/dags/avito_to_raw_midraw.py
[2026-07-28T18:47:58.290+0000] {logging_mixin.py:190} INFO - [2026-07-28T18:47:58.274+0000] {dag.py:3239} INFO - Sync 1 DAGs
[2026-07-28T18:47:59.400+0000] {logging_mixin.py:190} INFO - [2026-07-28T18:47:59.348+0000] {dag.py:4180} INFO - Setting next_dagrun for avito_to_raw_midraw to 2026-07-28 18:00:00+00:00, run_after=2026-07-28 19:00:00+00:00
[2026-07-28T18:48:01.891+0000] {processor.py:208} INFO - Processing /opt/airflow/dags/avito_to_raw_midraw.py took 10.290 seconds
[2026-07-28T18:48:35.128+0000] {processor.py:186} INFO - Started process (PID=5676) to work on /opt/airflow/dags/avito_to_raw_midraw.py
[2026-07-28T18:48:35.289+0000] {processor.py:914} INFO - Processing file /opt/airflow/dags/avito_to_raw_midraw.py for tasks to queue
[2026-07-28T18:48:35.301+0000] {logging_mixin.py:190} INFO - [2026-07-28T18:48:35.299+0000] {dagbag.py:588} INFO - Filling up the DagBag from /opt/airflow/dags/avito_to_raw_midraw.py
[2026-07-28T18:48:37.467+0000] {processor.py:925} INFO - DAG(s) 'avito_to_raw_midraw' retrieved from /opt/airflow/dags/avito_to_raw_midraw.py
[2026-07-28T18:48:44.625+0000] {logging_mixin.py:190} INFO - [2026-07-28T18:48:44.621+0000] {dag.py:3239} INFO - Sync 1 DAGs
[2026-07-28T18:48:49.383+0000] {logging_mixin.py:190} INFO - [2026-07-28T18:48:49.380+0000] {dag.py:4180} INFO - Setting next_dagrun for avito_to_raw_midraw to 2026-07-28 18:00:00+00:00, run_after=2026-07-28 19:00:00+00:00
[2026-07-28T18:48:57.308+0000] {processor.py:208} INFO - Processing /opt/airflow/dags/avito_to_raw_midraw.py took 22.468 seconds
[2026-07-28T18:49:32.678+0000] {processor.py:186} INFO - Started process (PID=5678) to work on /opt/airflow/dags/avito_to_raw_midraw.py
[2026-07-28T18:49:33.007+0000] {processor.py:914} INFO - Processing file /opt/airflow/dags/avito_to_raw_midraw.py for tasks to queue
[2026-07-28T18:49:33.314+0000] {logging_mixin.py:190} INFO - [2026-07-28T18:49:33.303+0000] {dagbag.py:588} INFO - Filling up the DagBag from /opt/airflow/dags/avito_to_raw_midraw.py
[2026-07-28T18:49:36.057+0000] {processor.py:925} INFO - DAG(s) 'avito_to_raw_midraw' retrieved from /opt/airflow/dags/avito_to_raw_midraw.py
[2026-07-28T18:49:37.750+0000] {logging_mixin.py:190} INFO - [2026-07-28T18:49:37.749+0000] {dag.py:3239} INFO - Sync 1 DAGs
[2026-07-28T18:49:38.283+0000] {logging_mixin.py:190} INFO - [2026-07-28T18:49:38.283+0000] {dag.py:4180} INFO - Setting next_dagrun for avito_to_raw_midraw to 2026-07-28 18:00:00+00:00, run_after=2026-07-28 19:00:00+00:00
[2026-07-28T18:49:38.614+0000] {processor.py:208} INFO - Processing /opt/airflow/dags/avito_to_raw_midraw.py took 6.431 seconds
[2026-07-28T18:50:10.400+0000] {processor.py:186} INFO - Started process (PID=5681) to work on /opt/airflow/dags/avito_to_raw_midraw.py
[2026-07-28T18:50:10.425+0000] {processor.py:914} INFO - Processing file /opt/airflow/dags/avito_to_raw_midraw.py for tasks to queue
[2026-07-28T18:50:10.432+0000] {logging_mixin.py:190} INFO - [2026-07-28T18:50:10.432+0000] {dagbag.py:588} INFO - Filling up the DagBag from /opt/airflow/dags/avito_to_raw_midraw.py
[2026-07-28T18:50:10.971+0000] {processor.py:925} INFO - DAG(s) 'avito_to_raw_midraw' retrieved from /opt/airflow/dags/avito_to_raw_midraw.py
[2026-07-28T18:50:11.340+0000] {logging_mixin.py:190} INFO - [2026-07-28T18:50:11.340+0000] {dag.py:3239} INFO - Sync 1 DAGs
[2026-07-28T18:50:11.502+0000] {logging_mixin.py:190} INFO - [2026-07-28T18:50:11.502+0000] {dag.py:4180} INFO - Setting next_dagrun for avito_to_raw_midraw to 2026-07-28 18:00:00+00:00, run_after=2026-07-28 19:00:00+00:00
[2026-07-28T18:50:11.685+0000] {processor.py:208} INFO - Processing /opt/airflow/dags/avito_to_raw_midraw.py took 1.447 seconds
[2026-07-28T18:50:42.027+0000] {processor.py:186} INFO - Started process (PID=5682) to work on /opt/airflow/dags/avito_to_raw_midraw.py
[2026-07-28T18:50:42.035+0000] {processor.py:914} INFO - Processing file /opt/airflow/dags/avito_to_raw_midraw.py for tasks to queue
[2026-07-28T18:50:42.046+0000] {logging_mixin.py:190} INFO - [2026-07-28T18:50:42.041+0000] {dagbag.py:588} INFO - Filling up the DagBag from /opt/airflow/dags/avito_to_raw_midraw.py
[2026-07-28T18:50:42.284+0000] {processor.py:925} INFO - DAG(s) 'avito_to_raw_midraw' retrieved from /opt/airflow/dags/avito_to_raw_midraw.py
[2026-07-28T18:50:42.679+0000] {logging_mixin.py:190} INFO - [2026-07-28T18:50:42.678+0000] {dag.py:3239} INFO - Sync 1 DAGs
[2026-07-28T18:50:43.012+0000] {logging_mixin.py:190} INFO - [2026-07-28T18:50:43.011+0000] {dag.py:4180} INFO - Setting next_dagrun for avito_to_raw_midraw to 2026-07-28 18:00:00+00:00, run_after=2026-07-28 19:00:00+00:00
[2026-07-28T18:50:43.189+0000] {processor.py:208} INFO - Processing /opt/airflow/dags/avito_to_raw_midraw.py took 1.264 seconds
[2026-07-28T18:51:47.023+0000] {processor.py:186} INFO - Started process (PID=5685) to work on /opt/airflow/dags/avito_to_raw_midraw.py
[2026-07-28T18:51:47.119+0000] {processor.py:914} INFO - Processing file /opt/airflow/dags/avito_to_raw_midraw.py for tasks to queue
[2026-07-28T18:51:47.166+0000] {logging_mixin.py:190} INFO - [2026-07-28T18:51:47.120+0000] {dagbag.py:588} INFO - Filling up the DagBag from /opt/airflow/dags/avito_to_raw_midraw.py
[2026-07-28T18:51:48.790+0000] {processor.py:925} INFO - DAG(s) 'avito_to_raw_midraw' retrieved from /opt/airflow/dags/avito_to_raw_midraw.py
[2026-07-28T18:51:54.246+0000] {logging_mixin.py:190} INFO - [2026-07-28T18:51:54.124+0000] {dag.py:3239} INFO - Sync 1 DAGs
[2026-07-28T18:51:55.750+0000] {logging_mixin.py:190} INFO - [2026-07-28T18:51:55.744+0000] {dag.py:4180} INFO - Setting next_dagrun for avito_to_raw_midraw to 2026-07-28 18:00:00+00:00, run_after=2026-07-28 19:00:00+00:00
[2026-07-28T18:51:58.363+0000] {processor.py:208} INFO - Processing /opt/airflow/dags/avito_to_raw_midraw.py took 13.544 seconds
[2026-07-28T18:52:47.975+0000] {processor.py:186} INFO - Started process (PID=5687) to work on /opt/airflow/dags/avito_to_raw_midraw.py
[2026-07-28T18:52:48.011+0000] {processor.py:914} INFO - Processing file /opt/airflow/dags/avito_to_raw_midraw.py for tasks to queue
[2026-07-28T18:52:48.051+0000] {logging_mixin.py:190} INFO - [2026-07-28T18:52:48.050+0000] {dagbag.py:588} INFO - Filling up the DagBag from /opt/airflow/dags/avito_to_raw_midraw.py
[2026-07-28T18:52:49.423+0000] {processor.py:925} INFO - DAG(s) 'avito_to_raw_midraw' retrieved from /opt/airflow/dags/avito_to_raw_midraw.py
[2026-07-28T18:52:56.393+0000] {logging_mixin.py:190} INFO - [2026-07-28T18:52:56.391+0000] {dag.py:3239} INFO - Sync 1 DAGs
[2026-07-28T18:52:57.687+0000] {logging_mixin.py:190} INFO - [2026-07-28T18:52:57.678+0000] {dag.py:4180} INFO - Setting next_dagrun for avito_to_raw_midraw to 2026-07-28 18:00:00+00:00, run_after=2026-07-28 19:00:00+00:00
[2026-07-28T18:53:00.381+0000] {processor.py:208} INFO - Processing /opt/airflow/dags/avito_to_raw_midraw.py took 13.187 seconds
[2026-07-28T18:53:32.509+0000] {processor.py:186} INFO - Started process (PID=5689) to work on /opt/airflow/dags/avito_to_raw_midraw.py
[2026-07-28T18:53:32.735+0000] {processor.py:914} INFO - Processing file /opt/airflow/dags/avito_to_raw_midraw.py for tasks to queue
[2026-07-28T18:53:32.766+0000] {logging_mixin.py:190} INFO - [2026-07-28T18:53:32.764+0000] {dagbag.py:588} INFO - Filling up the DagBag from /opt/airflow/dags/avito_to_raw_midraw.py
[2026-07-28T18:53:43.989+0000] {processor.py:925} INFO - DAG(s) 'avito_to_raw_midraw' retrieved from /opt/airflow/dags/avito_to_raw_midraw.py
[2026-07-28T18:53:45.037+0000] {logging_mixin.py:190} INFO - [2026-07-28T18:53:45.033+0000] {dag.py:3239} INFO - Sync 1 DAGs
[2026-07-28T18:53:45.785+0000] {logging_mixin.py:190} INFO - [2026-07-28T18:53:45.784+0000] {dag.py:4180} INFO - Setting next_dagrun for avito_to_raw_midraw to 2026-07-28 18:00:00+00:00, run_after=2026-07-28 19:00:00+00:00
[2026-07-28T18:53:46.170+0000] {processor.py:208} INFO - Processing /opt/airflow/dags/avito_to_raw_midraw.py took 14.514 seconds
[2026-07-28T18:54:22.351+0000] {processor.py:186} INFO - Started process (PID=5691) to work on /opt/airflow/dags/avito_to_raw_midraw.py
[2026-07-28T18:54:22.809+0000] {processor.py:914} INFO - Processing file /opt/airflow/dags/avito_to_raw_midraw.py for tasks to queue
[2026-07-28T18:54:22.912+0000] {logging_mixin.py:190} INFO - [2026-07-28T18:54:22.901+0000] {dagbag.py:588} INFO - Filling up the DagBag from /opt/airflow/dags/avito_to_raw_midraw.py
[2026-07-28T18:54:23.771+0000] {processor.py:925} INFO - DAG(s) 'avito_to_raw_midraw' retrieved from /opt/airflow/dags/avito_to_raw_midraw.py
[2026-07-28T18:54:24.395+0000] {logging_mixin.py:190} INFO - [2026-07-28T18:54:24.363+0000] {dag.py:3239} INFO - Sync 1 DAGs
[2026-07-28T18:54:25.873+0000] {logging_mixin.py:190} INFO - [2026-07-28T18:54:25.867+0000] {dag.py:4180} INFO - Setting next_dagrun for avito_to_raw_midraw to 2026-07-28 18:00:00+00:00, run_after=2026-07-28 19:00:00+00:00
[2026-07-28T18:54:26.452+0000] {processor.py:208} INFO - Processing /opt/airflow/dags/avito_to_raw_midraw.py took 4.281 seconds
[2026-07-28T18:55:04.657+0000] {processor.py:186} INFO - Started process (PID=5693) to work on /opt/airflow/dags/avito_to_raw_midraw.py
[2026-07-28T18:55:04.713+0000] {processor.py:914} INFO - Processing file /opt/airflow/dags/avito_to_raw_midraw.py for tasks to queue
[2026-07-28T18:55:04.785+0000] {logging_mixin.py:190} INFO - [2026-07-28T18:55:04.737+0000] {dagbag.py:588} INFO - Filling up the DagBag from /opt/airflow/dags/avito_to_raw_midraw.py
[2026-07-28T18:55:06.090+0000] {processor.py:925} INFO - DAG(s) 'avito_to_raw_midraw' retrieved from /opt/airflow/dags/avito_to_raw_midraw.py
[2026-07-28T18:55:07.070+0000] {logging_mixin.py:190} INFO - [2026-07-28T18:55:07.069+0000] {dag.py:3239} INFO - Sync 1 DAGs
[2026-07-28T18:55:07.346+0000] {logging_mixin.py:190} INFO - [2026-07-28T18:55:07.345+0000] {dag.py:4180} INFO - Setting next_dagrun for avito_to_raw_midraw to 2026-07-28 18:00:00+00:00, run_after=2026-07-28 19:00:00+00:00
[2026-07-28T18:55:07.856+0000] {processor.py:208} INFO - Processing /opt/airflow/dags/avito_to_raw_midraw.py took 3.437 seconds
[2026-07-28T18:55:39.479+0000] {processor.py:186} INFO - Started process (PID=5695) to work on /opt/airflow/dags/avito_to_raw_midraw.py
[2026-07-28T18:55:39.507+0000] {processor.py:914} INFO - Processing file /opt/airflow/dags/avito_to_raw_midraw.py for tasks to queue
[2026-07-28T18:55:39.553+0000] {logging_mixin.py:190} INFO - [2026-07-28T18:55:39.536+0000] {dagbag.py:588} INFO - Filling up the DagBag from /opt/airflow/dags/avito_to_raw_midraw.py
[2026-07-28T18:55:40.383+0000] {processor.py:925} INFO - DAG(s) 'avito_to_raw_midraw' retrieved from /opt/airflow/dags/avito_to_raw_midraw.py
[2026-07-28T18:55:40.797+0000] {logging_mixin.py:190} INFO - [2026-07-28T18:55:40.796+0000] {dag.py:3239} INFO - Sync 1 DAGs
[2026-07-28T18:55:41.449+0000] {logging_mixin.py:190} INFO - [2026-07-28T18:55:41.448+0000] {dag.py:4180} INFO - Setting next_dagrun for avito_to_raw_midraw to 2026-07-28 18:00:00+00:00, run_after=2026-07-28 19:00:00+00:00
[2026-07-28T18:55:41.721+0000] {processor.py:208} INFO - Processing /opt/airflow/dags/avito_to_raw_midraw.py took 2.360 seconds
[2026-07-28T19:00:29.353+0000] {processor.py:186} INFO - Started process (PID=5697) to work on /opt/airflow/dags/avito_to_raw_midraw.py
[2026-07-28T19:00:29.368+0000] {processor.py:914} INFO - Processing file /opt/airflow/dags/avito_to_raw_midraw.py for tasks to queue
[2026-07-28T19:00:29.373+0000] {logging_mixin.py:190} INFO - [2026-07-28T19:00:29.372+0000] {dagbag.py:588} INFO - Filling up the DagBag from /opt/airflow/dags/avito_to_raw_midraw.py
[2026-07-28T19:00:29.469+0000] {processor.py:925} INFO - DAG(s) 'avito_to_raw_midraw' retrieved from /opt/airflow/dags/avito_to_raw_midraw.py
[2026-07-28T19:00:29.517+0000] {logging_mixin.py:190} INFO - [2026-07-28T19:00:29.517+0000] {dag.py:3239} INFO - Sync 1 DAGs
[2026-07-28T19:00:29.543+0000] {logging_mixin.py:190} INFO - [2026-07-28T19:00:29.542+0000] {dag.py:4180} INFO - Setting next_dagrun for avito_to_raw_midraw to 2026-07-28 18:00:00+00:00, run_after=2026-07-28 19:00:00+00:00
[2026-07-28T19:00:29.591+0000] {processor.py:208} INFO - Processing /opt/airflow/dags/avito_to_raw_midraw.py took 0.286 seconds
[2026-07-28T19:01:05.235+0000] {processor.py:186} INFO - Started process (PID=5699) to work on /opt/airflow/dags/avito_to_raw_midraw.py
[2026-07-28T19:01:05.591+0000] {processor.py:914} INFO - Processing file /opt/airflow/dags/avito_to_raw_midraw.py for tasks to queue
[2026-07-28T19:01:05.985+0000] {logging_mixin.py:190} INFO - [2026-07-28T19:01:05.984+0000] {dagbag.py:588} INFO - Filling up the DagBag from /opt/airflow/dags/avito_to_raw_midraw.py
[2026-07-28T19:01:10.978+0000] {processor.py:925} INFO - DAG(s) 'avito_to_raw_midraw' retrieved from /opt/airflow/dags/avito_to_raw_midraw.py
[2026-07-28T19:01:13.798+0000] {logging_mixin.py:190} INFO - [2026-07-28T19:01:13.797+0000] {dag.py:3239} INFO - Sync 1 DAGs
[2026-07-28T19:01:19.990+0000] {processor.py:208} INFO - Processing /opt/airflow/dags/avito_to_raw_midraw.py took 15.009 seconds
[2026-07-28T19:01:53.546+0000] {processor.py:186} INFO - Started process (PID=5700) to work on /opt/airflow/dags/avito_to_raw_midraw.py
[2026-07-28T19:01:53.592+0000] {processor.py:914} INFO - Processing file /opt/airflow/dags/avito_to_raw_midraw.py for tasks to queue
[2026-07-28T19:01:53.636+0000] {logging_mixin.py:190} INFO - [2026-07-28T19:01:53.625+0000] {dagbag.py:588} INFO - Filling up the DagBag from /opt/airflow/dags/avito_to_raw_midraw.py
[2026-07-28T19:01:54.749+0000] {processor.py:925} INFO - DAG(s) 'avito_to_raw_midraw' retrieved from /opt/airflow/dags/avito_to_raw_midraw.py
[2026-07-28T19:01:56.520+0000] {logging_mixin.py:190} INFO - [2026-07-28T19:01:56.518+0000] {dag.py:3239} INFO - Sync 1 DAGs
[2026-07-28T19:01:59.498+0000] {processor.py:208} INFO - Processing /opt/airflow/dags/avito_to_raw_midraw.py took 6.228 seconds
[2026-07-28T19:02:33.201+0000] {processor.py:186} INFO - Started process (PID=5702) to work on /opt/airflow/dags/avito_to_raw_midraw.py
[2026-07-28T19:02:33.268+0000] {processor.py:914} INFO - Processing file /opt/airflow/dags/avito_to_raw_midraw.py for tasks to queue
[2026-07-28T19:02:33.333+0000] {logging_mixin.py:190} INFO - [2026-07-28T19:02:33.321+0000] {dagbag.py:588} INFO - Filling up the DagBag from /opt/airflow/dags/avito_to_raw_midraw.py
[2026-07-28T19:02:40.266+0000] {processor.py:925} INFO - DAG(s) 'avito_to_raw_midraw' retrieved from /opt/airflow/dags/avito_to_raw_midraw.py
[2026-07-28T19:02:41.942+0000] {logging_mixin.py:190} INFO - [2026-07-28T19:02:41.934+0000] {dag.py:3239} INFO - Sync 1 DAGs
[2026-07-28T19:02:45.609+0000] {processor.py:208} INFO - Processing /opt/airflow/dags/avito_to_raw_midraw.py took 12.720 seconds
[2026-07-28T19:03:17.693+0000] {processor.py:186} INFO - Started process (PID=5704) to work on /opt/airflow/dags/avito_to_raw_midraw.py
[2026-07-28T19:03:17.698+0000] {processor.py:914} INFO - Processing file /opt/airflow/dags/avito_to_raw_midraw.py for tasks to queue
[2026-07-28T19:03:17.733+0000] {logging_mixin.py:190} INFO - [2026-07-28T19:03:17.714+0000] {dagbag.py:588} INFO - Filling up the DagBag from /opt/airflow/dags/avito_to_raw_midraw.py
[2026-07-28T19:03:21.267+0000] {processor.py:925} INFO - DAG(s) 'avito_to_raw_midraw' retrieved from /opt/airflow/dags/avito_to_raw_midraw.py
[2026-07-28T19:03:22.135+0000] {logging_mixin.py:190} INFO - [2026-07-28T19:03:22.125+0000] {dag.py:3239} INFO - Sync 1 DAGs
[2026-07-28T19:03:22.950+0000] {processor.py:208} INFO - Processing /opt/airflow/dags/avito_to_raw_midraw.py took 5.425 seconds
[2026-07-28T19:03:55.969+0000] {processor.py:186} INFO - Started process (PID=5707) to work on /opt/airflow/dags/avito_to_raw_midraw.py
[2026-07-28T19:03:56.007+0000] {processor.py:914} INFO - Processing file /opt/airflow/dags/avito_to_raw_midraw.py for tasks to queue
[2026-07-28T19:03:56.041+0000] {logging_mixin.py:190} INFO - [2026-07-28T19:03:56.040+0000] {dagbag.py:588} INFO - Filling up the DagBag from /opt/airflow/dags/avito_to_raw_midraw.py
[2026-07-28T19:04:12.342+0000] {processor.py:925} INFO - DAG(s) 'avito_to_raw_midraw' retrieved from /opt/airflow/dags/avito_to_raw_midraw.py
[2026-07-28T19:04:12.977+0000] {logging_mixin.py:190} INFO - [2026-07-28T19:04:12.971+0000] {dag.py:3239} INFO - Sync 1 DAGs
[2026-07-28T19:04:14.169+0000] {processor.py:208} INFO - Processing /opt/airflow/dags/avito_to_raw_midraw.py took 18.794 seconds
[2026-07-28T19:04:46.195+0000] {processor.py:186} INFO - Started process (PID=5708) to work on /opt/airflow/dags/avito_to_raw_midraw.py
[2026-07-28T19:04:46.298+0000] {processor.py:914} INFO - Processing file /opt/airflow/dags/avito_to_raw_midraw.py for tasks to queue
[2026-07-28T19:04:46.437+0000] {logging_mixin.py:190} INFO - [2026-07-28T19:04:46.436+0000] {dagbag.py:588} INFO - Filling up the DagBag from /opt/airflow/dags/avito_to_raw_midraw.py
[2026-07-28T19:04:48.328+0000] {processor.py:925} INFO - DAG(s) 'avito_to_raw_midraw' retrieved from /opt/airflow/dags/avito_to_raw_midraw.py
[2026-07-28T19:04:49.523+0000] {logging_mixin.py:190} INFO - [2026-07-28T19:04:49.522+0000] {dag.py:3239} INFO - Sync 1 DAGs
[2026-07-28T19:04:51.106+0000] {processor.py:208} INFO - Processing /opt/airflow/dags/avito_to_raw_midraw.py took 5.012 seconds
[2026-07-28T19:13:05.662+0000] {processor.py:186} INFO - Started process (PID=5710) to work on /opt/airflow/dags/avito_to_raw_midraw.py
[2026-07-28T19:13:05.678+0000] {processor.py:914} INFO - Processing file /opt/airflow/dags/avito_to_raw_midraw.py for tasks to queue
[2026-07-28T19:13:05.699+0000] {logging_mixin.py:190} INFO - [2026-07-28T19:13:05.695+0000] {dagbag.py:588} INFO - Filling up the DagBag from /opt/airflow/dags/avito_to_raw_midraw.py
[2026-07-28T19:13:05.991+0000] {processor.py:925} INFO - DAG(s) 'avito_to_raw_midraw' retrieved from /opt/airflow/dags/avito_to_raw_midraw.py
[2026-07-28T19:13:06.231+0000] {logging_mixin.py:190} INFO - [2026-07-28T19:13:06.230+0000] {dag.py:3239} INFO - Sync 1 DAGs
[2026-07-28T19:13:06.535+0000] {processor.py:208} INFO - Processing /opt/airflow/dags/avito_to_raw_midraw.py took 1.175 seconds
[2026-07-28T19:13:06.607+0000] {processor.py:186} INFO - Started process (PID=5712) to work on /opt/airflow/dags/avito_to_raw_midraw.py
[2026-07-28T19:13:06.608+0000] {processor.py:914} INFO - Processing file /opt/airflow/dags/avito_to_raw_midraw.py for tasks to queue
[2026-07-28T19:13:06.609+0000] {logging_mixin.py:190} INFO - [2026-07-28T19:13:06.609+0000] {dagbag.py:588} INFO - Filling up the DagBag from /opt/airflow/dags/avito_to_raw_midraw.py
[2026-07-28T19:13:06.628+0000] {processor.py:925} INFO - DAG(s) 'avito_to_raw_midraw' retrieved from /opt/airflow/dags/avito_to_raw_midraw.py
[2026-07-28T19:13:06.668+0000] {logging_mixin.py:190} INFO - [2026-07-28T19:13:06.668+0000] {taskinstance.py:3315} ERROR - {'DAG Id': 'avito_to_raw_midraw', 'Task Id': 'dbt_build_midraw', 'Run Id': 'scheduled__2026-07-28T18:00:00+00:00', 'Hostname': '4c6dd7d943f5', 'External Executor Id': '91e91d81-dc31-4eac-9c08-237459cb0b8b'}
[2026-07-28T19:13:06.706+0000] {logging_mixin.py:190} INFO - [2026-07-28T19:13:06.706+0000] {taskinstance.py:1226} INFO - Marking task as UP_FOR_RETRY. dag_id=avito_to_raw_midraw, task_id=dbt_build_midraw, run_id=scheduled__2026-07-28T18:00:00+00:00, execution_date=20260728T180000, start_date=20260728T190031, end_date=20260728T191306
[2026-07-28T19:13:06.745+0000] {logging_mixin.py:190} INFO - [2026-07-28T19:13:06.745+0000] {processor.py:876} INFO - Executed callback for <TaskInstance: avito_to_raw_midraw.dbt_build_midraw scheduled__2026-07-28T18:00:00+00:00 [up_for_retry]> in state up_for_retry
[2026-07-28T19:13:06.757+0000] {logging_mixin.py:190} INFO - [2026-07-28T19:13:06.757+0000] {dag.py:3239} INFO - Sync 1 DAGs
[2026-07-28T19:13:06.778+0000] {processor.py:208} INFO - Processing /opt/airflow/dags/avito_to_raw_midraw.py took 0.177 seconds
[2026-07-28T19:13:36.850+0000] {processor.py:186} INFO - Started process (PID=5714) to work on /opt/airflow/dags/avito_to_raw_midraw.py
[2026-07-28T19:13:36.852+0000] {processor.py:914} INFO - Processing file /opt/airflow/dags/avito_to_raw_midraw.py for tasks to queue
[2026-07-28T19:13:36.853+0000] {logging_mixin.py:190} INFO - [2026-07-28T19:13:36.853+0000] {dagbag.py:588} INFO - Filling up the DagBag from /opt/airflow/dags/avito_to_raw_midraw.py
[2026-07-28T19:13:36.869+0000] {processor.py:925} INFO - DAG(s) 'avito_to_raw_midraw' retrieved from /opt/airflow/dags/avito_to_raw_midraw.py
[2026-07-28T19:13:36.891+0000] {logging_mixin.py:190} INFO - [2026-07-28T19:13:36.891+0000] {dag.py:3239} INFO - Sync 1 DAGs
[2026-07-28T19:13:36.917+0000] {processor.py:208} INFO - Processing /opt/airflow/dags/avito_to_raw_midraw.py took 0.072 seconds
[2026-07-28T19:14:07.218+0000] {processor.py:186} INFO - Started process (PID=5716) to work on /opt/airflow/dags/avito_to_raw_midraw.py
[2026-07-28T19:14:07.219+0000] {processor.py:914} INFO - Processing file /opt/airflow/dags/avito_to_raw_midraw.py for tasks to queue
[2026-07-28T19:14:07.222+0000] {logging_mixin.py:190} INFO - [2026-07-28T19:14:07.221+0000] {dagbag.py:588} INFO - Filling up the DagBag from /opt/airflow/dags/avito_to_raw_midraw.py
[2026-07-28T19:14:07.242+0000] {processor.py:925} INFO - DAG(s) 'avito_to_raw_midraw' retrieved from /opt/airflow/dags/avito_to_raw_midraw.py
[2026-07-28T19:14:07.268+0000] {logging_mixin.py:190} INFO - [2026-07-28T19:14:07.267+0000] {dag.py:3239} INFO - Sync 1 DAGs
[2026-07-28T19:14:07.303+0000] {processor.py:208} INFO - Processing /opt/airflow/dags/avito_to_raw_midraw.py took 0.094 seconds
[2026-07-28T19:29:58.401+0000] {processor.py:186} INFO - Started process (PID=5718) to work on /opt/airflow/dags/avito_to_raw_midraw.py
[2026-07-28T19:29:58.402+0000] {processor.py:914} INFO - Processing file /opt/airflow/dags/avito_to_raw_midraw.py for tasks to queue
[2026-07-28T19:29:58.403+0000] {logging_mixin.py:190} INFO - [2026-07-28T19:29:58.403+0000] {dagbag.py:588} INFO - Filling up the DagBag from /opt/airflow/dags/avito_to_raw_midraw.py
[2026-07-28T19:29:58.423+0000] {processor.py:925} INFO - DAG(s) 'avito_to_raw_midraw' retrieved from /opt/airflow/dags/avito_to_raw_midraw.py
[2026-07-28T19:29:58.442+0000] {logging_mixin.py:190} INFO - [2026-07-28T19:29:58.442+0000] {dag.py:3239} INFO - Sync 1 DAGs
[2026-07-28T19:29:58.469+0000] {processor.py:208} INFO - Processing /opt/airflow/dags/avito_to_raw_midraw.py took 0.074 seconds
[2026-07-28T19:46:48.599+0000] {processor.py:186} INFO - Started process (PID=5720) to work on /opt/airflow/dags/avito_to_raw_midraw.py
[2026-07-28T19:46:48.601+0000] {processor.py:914} INFO - Processing file /opt/airflow/dags/avito_to_raw_midraw.py for tasks to queue
[2026-07-28T19:46:48.602+0000] {logging_mixin.py:190} INFO - [2026-07-28T19:46:48.602+0000] {dagbag.py:588} INFO - Filling up the DagBag from /opt/airflow/dags/avito_to_raw_midraw.py
[2026-07-28T19:46:48.631+0000] {processor.py:925} INFO - DAG(s) 'avito_to_raw_midraw' retrieved from /opt/airflow/dags/avito_to_raw_midraw.py
[2026-07-28T19:46:48.667+0000] {logging_mixin.py:190} INFO - [2026-07-28T19:46:48.667+0000] {dag.py:3239} INFO - Sync 1 DAGs
[2026-07-28T19:46:48.694+0000] {logging_mixin.py:190} INFO - [2026-07-28T19:46:48.694+0000] {dag.py:4180} INFO - Setting next_dagrun for avito_to_raw_midraw to 2026-07-28 19:00:00+00:00, run_after=2026-07-28 20:00:00+00:00
[2026-07-28T19:46:48.717+0000] {processor.py:208} INFO - Processing /opt/airflow/dags/avito_to_raw_midraw.py took 0.127 seconds
[2026-07-28T19:57:13.300+0000] {processor.py:186} INFO - Started process (PID=5722) to work on /opt/airflow/dags/avito_to_raw_midraw.py
[2026-07-28T19:57:13.304+0000] {processor.py:914} INFO - Processing file /opt/airflow/dags/avito_to_raw_midraw.py for tasks to queue
[2026-07-28T19:57:13.311+0000] {logging_mixin.py:190} INFO - [2026-07-28T19:57:13.307+0000] {dagbag.py:588} INFO - Filling up the DagBag from /opt/airflow/dags/avito_to_raw_midraw.py
[2026-07-28T19:57:13.407+0000] {processor.py:925} INFO - DAG(s) 'avito_to_raw_midraw' retrieved from /opt/airflow/dags/avito_to_raw_midraw.py
[2026-07-28T19:57:13.528+0000] {logging_mixin.py:190} INFO - [2026-07-28T19:57:13.528+0000] {dag.py:3239} INFO - Sync 1 DAGs
[2026-07-28T19:57:13.633+0000] {logging_mixin.py:190} INFO - [2026-07-28T19:57:13.633+0000] {dag.py:4180} INFO - Setting next_dagrun for avito_to_raw_midraw to 2026-07-28 19:00:00+00:00, run_after=2026-07-28 20:00:00+00:00
[2026-07-28T19:57:13.696+0000] {processor.py:208} INFO - Processing /opt/airflow/dags/avito_to_raw_midraw.py took 0.421 seconds
[2026-07-28T19:57:44.217+0000] {processor.py:186} INFO - Started process (PID=5724) to work on /opt/airflow/dags/avito_to_raw_midraw.py
[2026-07-28T19:57:44.220+0000] {processor.py:914} INFO - Processing file /opt/airflow/dags/avito_to_raw_midraw.py for tasks to queue
[2026-07-28T19:57:44.223+0000] {logging_mixin.py:190} INFO - [2026-07-28T19:57:44.222+0000] {dagbag.py:588} INFO - Filling up the DagBag from /opt/airflow/dags/avito_to_raw_midraw.py
[2026-07-28T19:57:44.303+0000] {processor.py:925} INFO - DAG(s) 'avito_to_raw_midraw' retrieved from /opt/airflow/dags/avito_to_raw_midraw.py
[2026-07-28T19:57:44.429+0000] {logging_mixin.py:190} INFO - [2026-07-28T19:57:44.427+0000] {dag.py:3239} INFO - Sync 1 DAGs
[2026-07-28T19:57:44.569+0000] {logging_mixin.py:190} INFO - [2026-07-28T19:57:44.562+0000] {dag.py:4180} INFO - Setting next_dagrun for avito_to_raw_midraw to 2026-07-28 19:00:00+00:00, run_after=2026-07-28 20:00:00+00:00
[2026-07-28T19:57:44.783+0000] {processor.py:208} INFO - Processing /opt/airflow/dags/avito_to_raw_midraw.py took 0.586 seconds
[2026-07-28T19:58:17.562+0000] {processor.py:186} INFO - Started process (PID=5726) to work on /opt/airflow/dags/avito_to_raw_midraw.py
[2026-07-28T19:58:17.582+0000] {processor.py:914} INFO - Processing file /opt/airflow/dags/avito_to_raw_midraw.py for tasks to queue
[2026-07-28T19:58:17.608+0000] {logging_mixin.py:190} INFO - [2026-07-28T19:58:17.593+0000] {dagbag.py:588} INFO - Filling up the DagBag from /opt/airflow/dags/avito_to_raw_midraw.py
[2026-07-28T19:58:18.235+0000] {processor.py:925} INFO - DAG(s) 'avito_to_raw_midraw' retrieved from /opt/airflow/dags/avito_to_raw_midraw.py
[2026-07-28T19:58:18.875+0000] {logging_mixin.py:190} INFO - [2026-07-28T19:58:18.874+0000] {dag.py:3239} INFO - Sync 1 DAGs
[2026-07-28T19:58:19.167+0000] {logging_mixin.py:190} INFO - [2026-07-28T19:58:19.164+0000] {dag.py:4180} INFO - Setting next_dagrun for avito_to_raw_midraw to 2026-07-28 19:00:00+00:00, run_after=2026-07-28 20:00:00+00:00
[2026-07-28T19:58:19.397+0000] {processor.py:208} INFO - Processing /opt/airflow/dags/avito_to_raw_midraw.py took 2.104 seconds
[2026-07-28T20:00:09.690+0000] {processor.py:186} INFO - Started process (PID=5728) to work on /opt/airflow/dags/avito_to_raw_midraw.py
[2026-07-28T20:00:09.759+0000] {processor.py:914} INFO - Processing file /opt/airflow/dags/avito_to_raw_midraw.py for tasks to queue
[2026-07-28T20:00:09.931+0000] {logging_mixin.py:190} INFO - [2026-07-28T20:00:09.901+0000] {dagbag.py:588} INFO - Filling up the DagBag from /opt/airflow/dags/avito_to_raw_midraw.py
[2026-07-28T20:00:12.429+0000] {processor.py:925} INFO - DAG(s) 'avito_to_raw_midraw' retrieved from /opt/airflow/dags/avito_to_raw_midraw.py
[2026-07-28T20:00:13.046+0000] {logging_mixin.py:190} INFO - [2026-07-28T20:00:13.045+0000] {dag.py:3239} INFO - Sync 1 DAGs
[2026-07-28T20:00:15.121+0000] {processor.py:208} INFO - Processing /opt/airflow/dags/avito_to_raw_midraw.py took 5.674 seconds
[2026-07-28T20:00:48.591+0000] {processor.py:186} INFO - Started process (PID=5730) to work on /opt/airflow/dags/avito_to_raw_midraw.py
[2026-07-28T20:00:48.705+0000] {processor.py:914} INFO - Processing file /opt/airflow/dags/avito_to_raw_midraw.py for tasks to queue
[2026-07-28T20:00:48.819+0000] {logging_mixin.py:190} INFO - [2026-07-28T20:00:48.815+0000] {dagbag.py:588} INFO - Filling up the DagBag from /opt/airflow/dags/avito_to_raw_midraw.py
[2026-07-28T20:00:51.214+0000] {processor.py:925} INFO - DAG(s) 'avito_to_raw_midraw' retrieved from /opt/airflow/dags/avito_to_raw_midraw.py
[2026-07-28T20:00:54.168+0000] {logging_mixin.py:190} INFO - [2026-07-28T20:00:54.154+0000] {dag.py:3239} INFO - Sync 1 DAGs
[2026-07-28T20:00:56.400+0000] {processor.py:208} INFO - Processing /opt/airflow/dags/avito_to_raw_midraw.py took 7.953 seconds
[2026-07-28T20:01:27.645+0000] {processor.py:186} INFO - Started process (PID=5732) to work on /opt/airflow/dags/avito_to_raw_midraw.py
[2026-07-28T20:01:27.791+0000] {processor.py:914} INFO - Processing file /opt/airflow/dags/avito_to_raw_midraw.py for tasks to queue
[2026-07-28T20:01:27.923+0000] {logging_mixin.py:190} INFO - [2026-07-28T20:01:27.885+0000] {dagbag.py:588} INFO - Filling up the DagBag from /opt/airflow/dags/avito_to_raw_midraw.py
[2026-07-28T20:01:28.726+0000] {processor.py:925} INFO - DAG(s) 'avito_to_raw_midraw' retrieved from /opt/airflow/dags/avito_to_raw_midraw.py
[2026-07-28T20:01:29.393+0000] {logging_mixin.py:190} INFO - [2026-07-28T20:01:29.392+0000] {dag.py:3239} INFO - Sync 1 DAGs
[2026-07-28T20:01:29.769+0000] {processor.py:208} INFO - Processing /opt/airflow/dags/avito_to_raw_midraw.py took 2.277 seconds
[2026-07-28T20:02:01.463+0000] {processor.py:186} INFO - Started process (PID=5734) to work on /opt/airflow/dags/avito_to_raw_midraw.py
[2026-07-28T20:02:01.581+0000] {processor.py:914} INFO - Processing file /opt/airflow/dags/avito_to_raw_midraw.py for tasks to queue
[2026-07-28T20:02:01.642+0000] {logging_mixin.py:190} INFO - [2026-07-28T20:02:01.610+0000] {dagbag.py:588} INFO - Filling up the DagBag from /opt/airflow/dags/avito_to_raw_midraw.py
[2026-07-28T20:02:02.010+0000] {processor.py:925} INFO - DAG(s) 'avito_to_raw_midraw' retrieved from /opt/airflow/dags/avito_to_raw_midraw.py
[2026-07-28T20:02:02.452+0000] {logging_mixin.py:190} INFO - [2026-07-28T20:02:02.451+0000] {dag.py:3239} INFO - Sync 1 DAGs
[2026-07-28T20:02:02.828+0000] {logging_mixin.py:190} INFO - [2026-07-28T20:02:02.827+0000] {dag.py:4180} INFO - Setting next_dagrun for avito_to_raw_midraw to 2026-07-28 20:00:00+00:00, run_after=2026-07-28 21:00:00+00:00
[2026-07-28T20:02:02.993+0000] {processor.py:208} INFO - Processing /opt/airflow/dags/avito_to_raw_midraw.py took 1.868 seconds
[2026-07-28T20:02:39.386+0000] {processor.py:186} INFO - Started process (PID=5736) to work on /opt/airflow/dags/avito_to_raw_midraw.py
[2026-07-28T20:02:39.390+0000] {processor.py:914} INFO - Processing file /opt/airflow/dags/avito_to_raw_midraw.py for tasks to queue
[2026-07-28T20:02:39.415+0000] {logging_mixin.py:190} INFO - [2026-07-28T20:02:39.408+0000] {dagbag.py:588} INFO - Filling up the DagBag from /opt/airflow/dags/avito_to_raw_midraw.py
[2026-07-28T20:02:39.469+0000] {processor.py:925} INFO - DAG(s) 'avito_to_raw_midraw' retrieved from /opt/airflow/dags/avito_to_raw_midraw.py
[2026-07-28T20:02:39.598+0000] {logging_mixin.py:190} INFO - [2026-07-28T20:02:39.598+0000] {dag.py:3239} INFO - Sync 1 DAGs
[2026-07-28T20:02:39.667+0000] {logging_mixin.py:190} INFO - [2026-07-28T20:02:39.667+0000] {dag.py:4180} INFO - Setting next_dagrun for avito_to_raw_midraw to 2026-07-28 20:00:00+00:00, run_after=2026-07-28 21:00:00+00:00
[2026-07-28T20:02:39.695+0000] {processor.py:208} INFO - Processing /opt/airflow/dags/avito_to_raw_midraw.py took 0.336 seconds
[2026-07-28T20:03:13.255+0000] {processor.py:186} INFO - Started process (PID=5738) to work on /opt/airflow/dags/avito_to_raw_midraw.py
[2026-07-28T20:03:13.521+0000] {processor.py:914} INFO - Processing file /opt/airflow/dags/avito_to_raw_midraw.py for tasks to queue
[2026-07-28T20:03:14.222+0000] {logging_mixin.py:190} INFO - [2026-07-28T20:03:14.221+0000] {dagbag.py:588} INFO - Filling up the DagBag from /opt/airflow/dags/avito_to_raw_midraw.py
[2026-07-28T20:03:17.644+0000] {processor.py:925} INFO - DAG(s) 'avito_to_raw_midraw' retrieved from /opt/airflow/dags/avito_to_raw_midraw.py
[2026-07-28T20:03:20.069+0000] {logging_mixin.py:190} INFO - [2026-07-28T20:03:20.068+0000] {dag.py:3239} INFO - Sync 1 DAGs
[2026-07-28T20:03:21.869+0000] {logging_mixin.py:190} INFO - [2026-07-28T20:03:21.868+0000] {dag.py:4180} INFO - Setting next_dagrun for avito_to_raw_midraw to 2026-07-28 20:00:00+00:00, run_after=2026-07-28 21:00:00+00:00
[2026-07-28T20:03:23.910+0000] {processor.py:208} INFO - Processing /opt/airflow/dags/avito_to_raw_midraw.py took 10.942 seconds
[2026-07-28T20:03:56.340+0000] {processor.py:186} INFO - Started process (PID=5739) to work on /opt/airflow/dags/avito_to_raw_midraw.py
[2026-07-28T20:03:56.371+0000] {processor.py:914} INFO - Processing file /opt/airflow/dags/avito_to_raw_midraw.py for tasks to queue
[2026-07-28T20:03:56.396+0000] {logging_mixin.py:190} INFO - [2026-07-28T20:03:56.391+0000] {dagbag.py:588} INFO - Filling up the DagBag from /opt/airflow/dags/avito_to_raw_midraw.py
[2026-07-28T20:03:57.218+0000] {processor.py:925} INFO - DAG(s) 'avito_to_raw_midraw' retrieved from /opt/airflow/dags/avito_to_raw_midraw.py
[2026-07-28T20:03:57.900+0000] {logging_mixin.py:190} INFO - [2026-07-28T20:03:57.900+0000] {dag.py:3239} INFO - Sync 1 DAGs
[2026-07-28T20:03:58.235+0000] {logging_mixin.py:190} INFO - [2026-07-28T20:03:58.228+0000] {dag.py:4180} INFO - Setting next_dagrun for avito_to_raw_midraw to 2026-07-28 20:00:00+00:00, run_after=2026-07-28 21:00:00+00:00
[2026-07-28T20:03:58.659+0000] {processor.py:208} INFO - Processing /opt/airflow/dags/avito_to_raw_midraw.py took 2.573 seconds
[2026-07-28T20:04:30.946+0000] {processor.py:186} INFO - Started process (PID=5741) to work on /opt/airflow/dags/avito_to_raw_midraw.py
[2026-07-28T20:04:31.335+0000] {processor.py:914} INFO - Processing file /opt/airflow/dags/avito_to_raw_midraw.py for tasks to queue
[2026-07-28T20:04:31.500+0000] {logging_mixin.py:190} INFO - [2026-07-28T20:04:31.481+0000] {dagbag.py:588} INFO - Filling up the DagBag from /opt/airflow/dags/avito_to_raw_midraw.py
[2026-07-28T20:04:32.799+0000] {processor.py:925} INFO - DAG(s) 'avito_to_raw_midraw' retrieved from /opt/airflow/dags/avito_to_raw_midraw.py
[2026-07-28T20:04:33.449+0000] {logging_mixin.py:190} INFO - [2026-07-28T20:04:33.447+0000] {dag.py:3239} INFO - Sync 1 DAGs
[2026-07-28T20:04:33.873+0000] {logging_mixin.py:190} INFO - [2026-07-28T20:04:33.861+0000] {dag.py:4180} INFO - Setting next_dagrun for avito_to_raw_midraw to 2026-07-28 20:00:00+00:00, run_after=2026-07-28 21:00:00+00:00
[2026-07-28T20:04:34.527+0000] {processor.py:208} INFO - Processing /opt/airflow/dags/avito_to_raw_midraw.py took 4.388 seconds
[2026-07-28T20:05:05.585+0000] {processor.py:186} INFO - Started process (PID=5743) to work on /opt/airflow/dags/avito_to_raw_midraw.py
[2026-07-28T20:05:05.585+0000] {processor.py:914} INFO - Processing file /opt/airflow/dags/avito_to_raw_midraw.py for tasks to queue
[2026-07-28T20:05:05.586+0000] {logging_mixin.py:190} INFO - [2026-07-28T20:05:05.586+0000] {dagbag.py:588} INFO - Filling up the DagBag from /opt/airflow/dags/avito_to_raw_midraw.py
[2026-07-28T20:05:05.599+0000] {processor.py:925} INFO - DAG(s) 'avito_to_raw_midraw' retrieved from /opt/airflow/dags/avito_to_raw_midraw.py
[2026-07-28T20:05:05.617+0000] {logging_mixin.py:190} INFO - [2026-07-28T20:05:05.617+0000] {dag.py:3239} INFO - Sync 1 DAGs
[2026-07-28T20:05:05.630+0000] {logging_mixin.py:190} INFO - [2026-07-28T20:05:05.630+0000] {dag.py:4180} INFO - Setting next_dagrun for avito_to_raw_midraw to 2026-07-28 20:00:00+00:00, run_after=2026-07-28 21:00:00+00:00
[2026-07-28T20:05:05.637+0000] {processor.py:208} INFO - Processing /opt/airflow/dags/avito_to_raw_midraw.py took 0.057 seconds
[2026-07-28T20:05:35.857+0000] {processor.py:186} INFO - Started process (PID=5745) to work on /opt/airflow/dags/avito_to_raw_midraw.py
[2026-07-28T20:05:35.858+0000] {processor.py:914} INFO - Processing file /opt/airflow/dags/avito_to_raw_midraw.py for tasks to queue
[2026-07-28T20:05:35.859+0000] {logging_mixin.py:190} INFO - [2026-07-28T20:05:35.859+0000] {dagbag.py:588} INFO - Filling up the DagBag from /opt/airflow/dags/avito_to_raw_midraw.py
[2026-07-28T20:05:35.875+0000] {processor.py:925} INFO - DAG(s) 'avito_to_raw_midraw' retrieved from /opt/airflow/dags/avito_to_raw_midraw.py
[2026-07-28T20:05:35.896+0000] {logging_mixin.py:190} INFO - [2026-07-28T20:05:35.896+0000] {dag.py:3239} INFO - Sync 1 DAGs
[2026-07-28T20:05:35.912+0000] {logging_mixin.py:190} INFO - [2026-07-28T20:05:35.912+0000] {dag.py:4180} INFO - Setting next_dagrun for avito_to_raw_midraw to 2026-07-28 20:00:00+00:00, run_after=2026-07-28 21:00:00+00:00
[2026-07-28T20:05:35.921+0000] {processor.py:208} INFO - Processing /opt/airflow/dags/avito_to_raw_midraw.py took 0.072 seconds
[2026-07-28T20:06:06.169+0000] {processor.py:186} INFO - Started process (PID=5747) to work on /opt/airflow/dags/avito_to_raw_midraw.py
[2026-07-28T20:06:06.169+0000] {processor.py:914} INFO - Processing file /opt/airflow/dags/avito_to_raw_midraw.py for tasks to queue
[2026-07-28T20:06:06.170+0000] {logging_mixin.py:190} INFO - [2026-07-28T20:06:06.170+0000] {dagbag.py:588} INFO - Filling up the DagBag from /opt/airflow/dags/avito_to_raw_midraw.py
[2026-07-28T20:06:06.179+0000] {processor.py:925} INFO - DAG(s) 'avito_to_raw_midraw' retrieved from /opt/airflow/dags/avito_to_raw_midraw.py
[2026-07-28T20:06:06.195+0000] {logging_mixin.py:190} INFO - [2026-07-28T20:06:06.195+0000] {dag.py:3239} INFO - Sync 1 DAGs
[2026-07-28T20:06:06.209+0000] {logging_mixin.py:190} INFO - [2026-07-28T20:06:06.209+0000] {dag.py:4180} INFO - Setting next_dagrun for avito_to_raw_midraw to 2026-07-28 20:00:00+00:00, run_after=2026-07-28 21:00:00+00:00
[2026-07-28T20:06:06.218+0000] {processor.py:208} INFO - Processing /opt/airflow/dags/avito_to_raw_midraw.py took 0.054 seconds
[2026-07-28T20:06:36.455+0000] {processor.py:186} INFO - Started process (PID=5749) to work on /opt/airflow/dags/avito_to_raw_midraw.py
[2026-07-28T20:06:36.456+0000] {processor.py:914} INFO - Processing file /opt/airflow/dags/avito_to_raw_midraw.py for tasks to queue
[2026-07-28T20:06:36.457+0000] {logging_mixin.py:190} INFO - [2026-07-28T20:06:36.456+0000] {dagbag.py:588} INFO - Filling up the DagBag from /opt/airflow/dags/avito_to_raw_midraw.py
[2026-07-28T20:06:36.465+0000] {processor.py:925} INFO - DAG(s) 'avito_to_raw_midraw' retrieved from /opt/airflow/dags/avito_to_raw_midraw.py
[2026-07-28T20:06:36.479+0000] {logging_mixin.py:190} INFO - [2026-07-28T20:06:36.479+0000] {dag.py:3239} INFO - Sync 1 DAGs
[2026-07-28T20:06:36.490+0000] {logging_mixin.py:190} INFO - [2026-07-28T20:06:36.490+0000] {dag.py:4180} INFO - Setting next_dagrun for avito_to_raw_midraw to 2026-07-28 20:00:00+00:00, run_after=2026-07-28 21:00:00+00:00
[2026-07-28T20:06:36.499+0000] {processor.py:208} INFO - Processing /opt/airflow/dags/avito_to_raw_midraw.py took 0.047 seconds
[2026-07-28T20:07:06.741+0000] {processor.py:186} INFO - Started process (PID=5751) to work on /opt/airflow/dags/avito_to_raw_midraw.py
[2026-07-28T20:07:06.742+0000] {processor.py:914} INFO - Processing file /opt/airflow/dags/avito_to_raw_midraw.py for tasks to queue
[2026-07-28T20:07:06.743+0000] {logging_mixin.py:190} INFO - [2026-07-28T20:07:06.742+0000] {dagbag.py:588} INFO - Filling up the DagBag from /opt/airflow/dags/avito_to_raw_midraw.py
[2026-07-28T20:07:06.753+0000] {processor.py:925} INFO - DAG(s) 'avito_to_raw_midraw' retrieved from /opt/airflow/dags/avito_to_raw_midraw.py
[2026-07-28T20:07:06.768+0000] {logging_mixin.py:190} INFO - [2026-07-28T20:07:06.768+0000] {dag.py:3239} INFO - Sync 1 DAGs
[2026-07-28T20:07:06.781+0000] {logging_mixin.py:190} INFO - [2026-07-28T20:07:06.781+0000] {dag.py:4180} INFO - Setting next_dagrun for avito_to_raw_midraw to 2026-07-28 20:00:00+00:00, run_after=2026-07-28 21:00:00+00:00
[2026-07-28T20:07:06.789+0000] {processor.py:208} INFO - Processing /opt/airflow/dags/avito_to_raw_midraw.py took 0.053 seconds
[2026-07-28T20:07:37.034+0000] {processor.py:186} INFO - Started process (PID=5753) to work on /opt/airflow/dags/avito_to_raw_midraw.py
[2026-07-28T20:07:37.034+0000] {processor.py:914} INFO - Processing file /opt/airflow/dags/avito_to_raw_midraw.py for tasks to queue
[2026-07-28T20:07:37.035+0000] {logging_mixin.py:190} INFO - [2026-07-28T20:07:37.035+0000] {dagbag.py:588} INFO - Filling up the DagBag from /opt/airflow/dags/avito_to_raw_midraw.py
[2026-07-28T20:07:37.043+0000] {processor.py:925} INFO - DAG(s) 'avito_to_raw_midraw' retrieved from /opt/airflow/dags/avito_to_raw_midraw.py
[2026-07-28T20:07:37.056+0000] {logging_mixin.py:190} INFO - [2026-07-28T20:07:37.056+0000] {dag.py:3239} INFO - Sync 1 DAGs
[2026-07-28T20:07:37.067+0000] {logging_mixin.py:190} INFO - [2026-07-28T20:07:37.067+0000] {dag.py:4180} INFO - Setting next_dagrun for avito_to_raw_midraw to 2026-07-28 20:00:00+00:00, run_after=2026-07-28 21:00:00+00:00
[2026-07-28T20:07:37.074+0000] {processor.py:208} INFO - Processing /opt/airflow/dags/avito_to_raw_midraw.py took 0.044 seconds
[2026-07-28T20:08:07.309+0000] {processor.py:186} INFO - Started process (PID=5755) to work on /opt/airflow/dags/avito_to_raw_midraw.py
[2026-07-28T20:08:07.309+0000] {processor.py:914} INFO - Processing file /opt/airflow/dags/avito_to_raw_midraw.py for tasks to queue
[2026-07-28T20:08:07.310+0000] {logging_mixin.py:190} INFO - [2026-07-28T20:08:07.310+0000] {dagbag.py:588} INFO - Filling up the DagBag from /opt/airflow/dags/avito_to_raw_midraw.py
[2026-07-28T20:08:07.318+0000] {processor.py:925} INFO - DAG(s) 'avito_to_raw_midraw' retrieved from /opt/airflow/dags/avito_to_raw_midraw.py
[2026-07-28T20:08:07.332+0000] {logging_mixin.py:190} INFO - [2026-07-28T20:08:07.332+0000] {dag.py:3239} INFO - Sync 1 DAGs
[2026-07-28T20:08:07.342+0000] {logging_mixin.py:190} INFO - [2026-07-28T20:08:07.342+0000] {dag.py:4180} INFO - Setting next_dagrun for avito_to_raw_midraw to 2026-07-28 20:00:00+00:00, run_after=2026-07-28 21:00:00+00:00
[2026-07-28T20:08:07.350+0000] {processor.py:208} INFO - Processing /opt/airflow/dags/avito_to_raw_midraw.py took 0.045 seconds
[2026-07-28T20:08:37.573+0000] {processor.py:186} INFO - Started process (PID=5757) to work on /opt/airflow/dags/avito_to_raw_midraw.py
[2026-07-28T20:08:37.573+0000] {processor.py:914} INFO - Processing file /opt/airflow/dags/avito_to_raw_midraw.py for tasks to queue
[2026-07-28T20:08:37.574+0000] {logging_mixin.py:190} INFO - [2026-07-28T20:08:37.574+0000] {dagbag.py:588} INFO - Filling up the DagBag from /opt/airflow/dags/avito_to_raw_midraw.py
[2026-07-28T20:08:37.583+0000] {processor.py:925} INFO - DAG(s) 'avito_to_raw_midraw' retrieved from /opt/airflow/dags/avito_to_raw_midraw.py
[2026-07-28T20:08:37.596+0000] {logging_mixin.py:190} INFO - [2026-07-28T20:08:37.596+0000] {dag.py:3239} INFO - Sync 1 DAGs
[2026-07-28T20:08:37.607+0000] {logging_mixin.py:190} INFO - [2026-07-28T20:08:37.607+0000] {dag.py:4180} INFO - Setting next_dagrun for avito_to_raw_midraw to 2026-07-28 20:00:00+00:00, run_after=2026-07-28 21:00:00+00:00
[2026-07-28T20:08:37.615+0000] {processor.py:208} INFO - Processing /opt/airflow/dags/avito_to_raw_midraw.py took 0.046 seconds
[2026-07-28T20:09:07.870+0000] {processor.py:186} INFO - Started process (PID=5759) to work on /opt/airflow/dags/avito_to_raw_midraw.py
[2026-07-28T20:09:07.871+0000] {processor.py:914} INFO - Processing file /opt/airflow/dags/avito_to_raw_midraw.py for tasks to queue
[2026-07-28T20:09:07.871+0000] {logging_mixin.py:190} INFO - [2026-07-28T20:09:07.871+0000] {dagbag.py:588} INFO - Filling up the DagBag from /opt/airflow/dags/avito_to_raw_midraw.py
[2026-07-28T20:09:07.879+0000] {processor.py:925} INFO - DAG(s) 'avito_to_raw_midraw' retrieved from /opt/airflow/dags/avito_to_raw_midraw.py
[2026-07-28T20:09:07.893+0000] {logging_mixin.py:190} INFO - [2026-07-28T20:09:07.892+0000] {dag.py:3239} INFO - Sync 1 DAGs
[2026-07-28T20:09:07.903+0000] {logging_mixin.py:190} INFO - [2026-07-28T20:09:07.903+0000] {dag.py:4180} INFO - Setting next_dagrun for avito_to_raw_midraw to 2026-07-28 20:00:00+00:00, run_after=2026-07-28 21:00:00+00:00
[2026-07-28T20:09:07.911+0000] {processor.py:208} INFO - Processing /opt/airflow/dags/avito_to_raw_midraw.py took 0.044 seconds
[2026-07-28T20:09:38.184+0000] {processor.py:186} INFO - Started process (PID=5761) to work on /opt/airflow/dags/avito_to_raw_midraw.py
[2026-07-28T20:09:38.184+0000] {processor.py:914} INFO - Processing file /opt/airflow/dags/avito_to_raw_midraw.py for tasks to queue
[2026-07-28T20:09:38.185+0000] {logging_mixin.py:190} INFO - [2026-07-28T20:09:38.185+0000] {dagbag.py:588} INFO - Filling up the DagBag from /opt/airflow/dags/avito_to_raw_midraw.py
[2026-07-28T20:09:38.194+0000] {processor.py:925} INFO - DAG(s) 'avito_to_raw_midraw' retrieved from /opt/airflow/dags/avito_to_raw_midraw.py
[2026-07-28T20:09:38.208+0000] {logging_mixin.py:190} INFO - [2026-07-28T20:09:38.208+0000] {dag.py:3239} INFO - Sync 1 DAGs
[2026-07-28T20:09:38.219+0000] {logging_mixin.py:190} INFO - [2026-07-28T20:09:38.218+0000] {dag.py:4180} INFO - Setting next_dagrun for avito_to_raw_midraw to 2026-07-28 20:00:00+00:00, run_after=2026-07-28 21:00:00+00:00
[2026-07-28T20:09:38.226+0000] {processor.py:208} INFO - Processing /opt/airflow/dags/avito_to_raw_midraw.py took 0.046 seconds
[2026-07-28T20:10:08.481+0000] {processor.py:186} INFO - Started process (PID=5763) to work on /opt/airflow/dags/avito_to_raw_midraw.py
[2026-07-28T20:10:08.482+0000] {processor.py:914} INFO - Processing file /opt/airflow/dags/avito_to_raw_midraw.py for tasks to queue
[2026-07-28T20:10:08.483+0000] {logging_mixin.py:190} INFO - [2026-07-28T20:10:08.483+0000] {dagbag.py:588} INFO - Filling up the DagBag from /opt/airflow/dags/avito_to_raw_midraw.py
[2026-07-28T20:10:08.498+0000] {processor.py:925} INFO - DAG(s) 'avito_to_raw_midraw' retrieved from /opt/airflow/dags/avito_to_raw_midraw.py
[2026-07-28T20:10:08.520+0000] {logging_mixin.py:190} INFO - [2026-07-28T20:10:08.520+0000] {dag.py:3239} INFO - Sync 1 DAGs
[2026-07-28T20:10:08.534+0000] {logging_mixin.py:190} INFO - [2026-07-28T20:10:08.534+0000] {dag.py:4180} INFO - Setting next_dagrun for avito_to_raw_midraw to 2026-07-28 20:00:00+00:00, run_after=2026-07-28 21:00:00+00:00
[2026-07-28T20:10:08.543+0000] {processor.py:208} INFO - Processing /opt/airflow/dags/avito_to_raw_midraw.py took 0.067 seconds
[2026-07-28T20:10:38.796+0000] {processor.py:186} INFO - Started process (PID=5765) to work on /opt/airflow/dags/avito_to_raw_midraw.py
[2026-07-28T20:10:38.796+0000] {processor.py:914} INFO - Processing file /opt/airflow/dags/avito_to_raw_midraw.py for tasks to queue
[2026-07-28T20:10:38.797+0000] {logging_mixin.py:190} INFO - [2026-07-28T20:10:38.797+0000] {dagbag.py:588} INFO - Filling up the DagBag from /opt/airflow/dags/avito_to_raw_midraw.py
[2026-07-28T20:10:38.805+0000] {processor.py:925} INFO - DAG(s) 'avito_to_raw_midraw' retrieved from /opt/airflow/dags/avito_to_raw_midraw.py
[2026-07-28T20:10:38.819+0000] {logging_mixin.py:190} INFO - [2026-07-28T20:10:38.819+0000] {dag.py:3239} INFO - Sync 1 DAGs
[2026-07-28T20:10:38.829+0000] {logging_mixin.py:190} INFO - [2026-07-28T20:10:38.829+0000] {dag.py:4180} INFO - Setting next_dagrun for avito_to_raw_midraw to 2026-07-28 20:00:00+00:00, run_after=2026-07-28 21:00:00+00:00
[2026-07-28T20:10:38.836+0000] {processor.py:208} INFO - Processing /opt/airflow/dags/avito_to_raw_midraw.py took 0.043 seconds
[2026-07-28T20:11:09.094+0000] {processor.py:186} INFO - Started process (PID=5767) to work on /opt/airflow/dags/avito_to_raw_midraw.py
[2026-07-28T20:11:09.095+0000] {processor.py:914} INFO - Processing file /opt/airflow/dags/avito_to_raw_midraw.py for tasks to queue
[2026-07-28T20:11:09.096+0000] {logging_mixin.py:190} INFO - [2026-07-28T20:11:09.095+0000] {dagbag.py:588} INFO - Filling up the DagBag from /opt/airflow/dags/avito_to_raw_midraw.py
[2026-07-28T20:11:09.106+0000] {processor.py:925} INFO - DAG(s) 'avito_to_raw_midraw' retrieved from /opt/airflow/dags/avito_to_raw_midraw.py
[2026-07-28T20:11:09.120+0000] {logging_mixin.py:190} INFO - [2026-07-28T20:11:09.120+0000] {dag.py:3239} INFO - Sync 1 DAGs
[2026-07-28T20:11:09.130+0000] {logging_mixin.py:190} INFO - [2026-07-28T20:11:09.130+0000] {dag.py:4180} INFO - Setting next_dagrun for avito_to_raw_midraw to 2026-07-28 20:00:00+00:00, run_after=2026-07-28 21:00:00+00:00
[2026-07-28T20:11:09.137+0000] {processor.py:208} INFO - Processing /opt/airflow/dags/avito_to_raw_midraw.py took 0.046 seconds
[2026-07-28T20:11:39.375+0000] {processor.py:186} INFO - Started process (PID=5769) to work on /opt/airflow/dags/avito_to_raw_midraw.py
[2026-07-28T20:11:39.375+0000] {processor.py:914} INFO - Processing file /opt/airflow/dags/avito_to_raw_midraw.py for tasks to queue
[2026-07-28T20:11:39.376+0000] {logging_mixin.py:190} INFO - [2026-07-28T20:11:39.376+0000] {dagbag.py:588} INFO - Filling up the DagBag from /opt/airflow/dags/avito_to_raw_midraw.py
[2026-07-28T20:11:39.384+0000] {processor.py:925} INFO - DAG(s) 'avito_to_raw_midraw' retrieved from /opt/airflow/dags/avito_to_raw_midraw.py
[2026-07-28T20:11:39.402+0000] {logging_mixin.py:190} INFO - [2026-07-28T20:11:39.402+0000] {dag.py:3239} INFO - Sync 1 DAGs
[2026-07-28T20:11:39.413+0000] {logging_mixin.py:190} INFO - [2026-07-28T20:11:39.413+0000] {dag.py:4180} INFO - Setting next_dagrun for avito_to_raw_midraw to 2026-07-28 20:00:00+00:00, run_after=2026-07-28 21:00:00+00:00
[2026-07-28T20:11:39.420+0000] {processor.py:208} INFO - Processing /opt/airflow/dags/avito_to_raw_midraw.py took 0.049 seconds
[2026-07-28T20:12:09.663+0000] {processor.py:186} INFO - Started process (PID=5771) to work on /opt/airflow/dags/avito_to_raw_midraw.py
[2026-07-28T20:12:09.663+0000] {processor.py:914} INFO - Processing file /opt/airflow/dags/avito_to_raw_midraw.py for tasks to queue
[2026-07-28T20:12:09.664+0000] {logging_mixin.py:190} INFO - [2026-07-28T20:12:09.664+0000] {dagbag.py:588} INFO - Filling up the DagBag from /opt/airflow/dags/avito_to_raw_midraw.py
[2026-07-28T20:12:09.673+0000] {processor.py:925} INFO - DAG(s) 'avito_to_raw_midraw' retrieved from /opt/airflow/dags/avito_to_raw_midraw.py
[2026-07-28T20:12:09.687+0000] {logging_mixin.py:190} INFO - [2026-07-28T20:12:09.687+0000] {dag.py:3239} INFO - Sync 1 DAGs
[2026-07-28T20:12:09.700+0000] {logging_mixin.py:190} INFO - [2026-07-28T20:12:09.700+0000] {dag.py:4180} INFO - Setting next_dagrun for avito_to_raw_midraw to 2026-07-28 20:00:00+00:00, run_after=2026-07-28 21:00:00+00:00
[2026-07-28T20:12:09.707+0000] {processor.py:208} INFO - Processing /opt/airflow/dags/avito_to_raw_midraw.py took 0.048 seconds
[2026-07-28T20:12:39.962+0000] {processor.py:186} INFO - Started process (PID=5773) to work on /opt/airflow/dags/avito_to_raw_midraw.py
[2026-07-28T20:12:39.963+0000] {processor.py:914} INFO - Processing file /opt/airflow/dags/avito_to_raw_midraw.py for tasks to queue
[2026-07-28T20:12:39.963+0000] {logging_mixin.py:190} INFO - [2026-07-28T20:12:39.963+0000] {dagbag.py:588} INFO - Filling up the DagBag from /opt/airflow/dags/avito_to_raw_midraw.py
[2026-07-28T20:12:39.972+0000] {processor.py:925} INFO - DAG(s) 'avito_to_raw_midraw' retrieved from /opt/airflow/dags/avito_to_raw_midraw.py
[2026-07-28T20:12:39.987+0000] {logging_mixin.py:190} INFO - [2026-07-28T20:12:39.987+0000] {dag.py:3239} INFO - Sync 1 DAGs
[2026-07-28T20:12:39.997+0000] {logging_mixin.py:190} INFO - [2026-07-28T20:12:39.997+0000] {dag.py:4180} INFO - Setting next_dagrun for avito_to_raw_midraw to 2026-07-28 20:00:00+00:00, run_after=2026-07-28 21:00:00+00:00
[2026-07-28T20:12:40.004+0000] {processor.py:208} INFO - Processing /opt/airflow/dags/avito_to_raw_midraw.py took 0.045 seconds
[2026-07-28T20:13:10.252+0000] {processor.py:186} INFO - Started process (PID=5775) to work on /opt/airflow/dags/avito_to_raw_midraw.py
[2026-07-28T20:13:10.252+0000] {processor.py:914} INFO - Processing file /opt/airflow/dags/avito_to_raw_midraw.py for tasks to queue
[2026-07-28T20:13:10.253+0000] {logging_mixin.py:190} INFO - [2026-07-28T20:13:10.253+0000] {dagbag.py:588} INFO - Filling up the DagBag from /opt/airflow/dags/avito_to_raw_midraw.py
[2026-07-28T20:13:10.261+0000] {processor.py:925} INFO - DAG(s) 'avito_to_raw_midraw' retrieved from /opt/airflow/dags/avito_to_raw_midraw.py
[2026-07-28T20:13:10.276+0000] {logging_mixin.py:190} INFO - [2026-07-28T20:13:10.275+0000] {dag.py:3239} INFO - Sync 1 DAGs
[2026-07-28T20:13:10.285+0000] {logging_mixin.py:190} INFO - [2026-07-28T20:13:10.285+0000] {dag.py:4180} INFO - Setting next_dagrun for avito_to_raw_midraw to 2026-07-28 20:00:00+00:00, run_after=2026-07-28 21:00:00+00:00
[2026-07-28T20:13:10.292+0000] {processor.py:208} INFO - Processing /opt/airflow/dags/avito_to_raw_midraw.py took 0.043 seconds
[2026-07-28T20:13:40.536+0000] {processor.py:186} INFO - Started process (PID=5777) to work on /opt/airflow/dags/avito_to_raw_midraw.py
[2026-07-28T20:13:40.536+0000] {processor.py:914} INFO - Processing file /opt/airflow/dags/avito_to_raw_midraw.py for tasks to queue
[2026-07-28T20:13:40.537+0000] {logging_mixin.py:190} INFO - [2026-07-28T20:13:40.537+0000] {dagbag.py:588} INFO - Filling up the DagBag from /opt/airflow/dags/avito_to_raw_midraw.py
[2026-07-28T20:13:40.545+0000] {processor.py:925} INFO - DAG(s) 'avito_to_raw_midraw' retrieved from /opt/airflow/dags/avito_to_raw_midraw.py
[2026-07-28T20:13:40.557+0000] {logging_mixin.py:190} INFO - [2026-07-28T20:13:40.557+0000] {dag.py:3239} INFO - Sync 1 DAGs
[2026-07-28T20:13:40.567+0000] {logging_mixin.py:190} INFO - [2026-07-28T20:13:40.567+0000] {dag.py:4180} INFO - Setting next_dagrun for avito_to_raw_midraw to 2026-07-28 20:00:00+00:00, run_after=2026-07-28 21:00:00+00:00
[2026-07-28T20:13:40.574+0000] {processor.py:208} INFO - Processing /opt/airflow/dags/avito_to_raw_midraw.py took 0.042 seconds
[2026-07-28T20:14:10.827+0000] {processor.py:186} INFO - Started process (PID=5779) to work on /opt/airflow/dags/avito_to_raw_midraw.py
[2026-07-28T20:14:10.827+0000] {processor.py:914} INFO - Processing file /opt/airflow/dags/avito_to_raw_midraw.py for tasks to queue
[2026-07-28T20:14:10.828+0000] {logging_mixin.py:190} INFO - [2026-07-28T20:14:10.828+0000] {dagbag.py:588} INFO - Filling up the DagBag from /opt/airflow/dags/avito_to_raw_midraw.py
[2026-07-28T20:14:10.837+0000] {processor.py:925} INFO - DAG(s) 'avito_to_raw_midraw' retrieved from /opt/airflow/dags/avito_to_raw_midraw.py
[2026-07-28T20:14:10.851+0000] {logging_mixin.py:190} INFO - [2026-07-28T20:14:10.851+0000] {dag.py:3239} INFO - Sync 1 DAGs
[2026-07-28T20:14:10.864+0000] {logging_mixin.py:190} INFO - [2026-07-28T20:14:10.864+0000] {dag.py:4180} INFO - Setting next_dagrun for avito_to_raw_midraw to 2026-07-28 20:00:00+00:00, run_after=2026-07-28 21:00:00+00:00
[2026-07-28T20:14:10.872+0000] {processor.py:208} INFO - Processing /opt/airflow/dags/avito_to_raw_midraw.py took 0.049 seconds
[2026-07-28T20:14:41.147+0000] {processor.py:186} INFO - Started process (PID=5781) to work on /opt/airflow/dags/avito_to_raw_midraw.py
[2026-07-28T20:14:41.148+0000] {processor.py:914} INFO - Processing file /opt/airflow/dags/avito_to_raw_midraw.py for tasks to queue
[2026-07-28T20:14:41.148+0000] {logging_mixin.py:190} INFO - [2026-07-28T20:14:41.148+0000] {dagbag.py:588} INFO - Filling up the DagBag from /opt/airflow/dags/avito_to_raw_midraw.py
[2026-07-28T20:14:41.159+0000] {processor.py:925} INFO - DAG(s) 'avito_to_raw_midraw' retrieved from /opt/airflow/dags/avito_to_raw_midraw.py
[2026-07-28T20:14:41.175+0000] {logging_mixin.py:190} INFO - [2026-07-28T20:14:41.175+0000] {dag.py:3239} INFO - Sync 1 DAGs
[2026-07-28T20:14:41.188+0000] {logging_mixin.py:190} INFO - [2026-07-28T20:14:41.188+0000] {dag.py:4180} INFO - Setting next_dagrun for avito_to_raw_midraw to 2026-07-28 20:00:00+00:00, run_after=2026-07-28 21:00:00+00:00
[2026-07-28T20:14:41.197+0000] {processor.py:208} INFO - Processing /opt/airflow/dags/avito_to_raw_midraw.py took 0.053 seconds
[2026-07-28T20:15:11.434+0000] {processor.py:186} INFO - Started process (PID=5783) to work on /opt/airflow/dags/avito_to_raw_midraw.py
[2026-07-28T20:15:11.435+0000] {processor.py:914} INFO - Processing file /opt/airflow/dags/avito_to_raw_midraw.py for tasks to queue
[2026-07-28T20:15:11.435+0000] {logging_mixin.py:190} INFO - [2026-07-28T20:15:11.435+0000] {dagbag.py:588} INFO - Filling up the DagBag from /opt/airflow/dags/avito_to_raw_midraw.py
[2026-07-28T20:15:11.444+0000] {processor.py:925} INFO - DAG(s) 'avito_to_raw_midraw' retrieved from /opt/airflow/dags/avito_to_raw_midraw.py
[2026-07-28T20:15:11.457+0000] {logging_mixin.py:190} INFO - [2026-07-28T20:15:11.457+0000] {dag.py:3239} INFO - Sync 1 DAGs
[2026-07-28T20:15:11.468+0000] {logging_mixin.py:190} INFO - [2026-07-28T20:15:11.468+0000] {dag.py:4180} INFO - Setting next_dagrun for avito_to_raw_midraw to 2026-07-28 20:00:00+00:00, run_after=2026-07-28 21:00:00+00:00
[2026-07-28T20:15:11.477+0000] {processor.py:208} INFO - Processing /opt/airflow/dags/avito_to_raw_midraw.py took 0.046 seconds
[2026-07-28T20:15:41.728+0000] {processor.py:186} INFO - Started process (PID=5785) to work on /opt/airflow/dags/avito_to_raw_midraw.py
[2026-07-28T20:15:41.728+0000] {processor.py:914} INFO - Processing file /opt/airflow/dags/avito_to_raw_midraw.py for tasks to queue
[2026-07-28T20:15:41.729+0000] {logging_mixin.py:190} INFO - [2026-07-28T20:15:41.729+0000] {dagbag.py:588} INFO - Filling up the DagBag from /opt/airflow/dags/avito_to_raw_midraw.py
[2026-07-28T20:15:41.742+0000] {processor.py:925} INFO - DAG(s) 'avito_to_raw_midraw' retrieved from /opt/airflow/dags/avito_to_raw_midraw.py
[2026-07-28T20:15:41.759+0000] {logging_mixin.py:190} INFO - [2026-07-28T20:15:41.758+0000] {dag.py:3239} INFO - Sync 1 DAGs
[2026-07-28T20:15:41.772+0000] {logging_mixin.py:190} INFO - [2026-07-28T20:15:41.772+0000] {dag.py:4180} INFO - Setting next_dagrun for avito_to_raw_midraw to 2026-07-28 20:00:00+00:00, run_after=2026-07-28 21:00:00+00:00
[2026-07-28T20:15:41.781+0000] {processor.py:208} INFO - Processing /opt/airflow/dags/avito_to_raw_midraw.py took 0.058 seconds
[2026-07-28T20:16:12.013+0000] {processor.py:186} INFO - Started process (PID=5787) to work on /opt/airflow/dags/avito_to_raw_midraw.py
[2026-07-28T20:16:12.014+0000] {processor.py:914} INFO - Processing file /opt/airflow/dags/avito_to_raw_midraw.py for tasks to queue
[2026-07-28T20:16:12.015+0000] {logging_mixin.py:190} INFO - [2026-07-28T20:16:12.015+0000] {dagbag.py:588} INFO - Filling up the DagBag from /opt/airflow/dags/avito_to_raw_midraw.py
[2026-07-28T20:16:12.030+0000] {processor.py:925} INFO - DAG(s) 'avito_to_raw_midraw' retrieved from /opt/airflow/dags/avito_to_raw_midraw.py
[2026-07-28T20:16:12.047+0000] {logging_mixin.py:190} INFO - [2026-07-28T20:16:12.047+0000] {dag.py:3239} INFO - Sync 1 DAGs
[2026-07-28T20:16:12.061+0000] {logging_mixin.py:190} INFO - [2026-07-28T20:16:12.061+0000] {dag.py:4180} INFO - Setting next_dagrun for avito_to_raw_midraw to 2026-07-28 20:00:00+00:00, run_after=2026-07-28 21:00:00+00:00
[2026-07-28T20:16:12.070+0000] {processor.py:208} INFO - Processing /opt/airflow/dags/avito_to_raw_midraw.py took 0.063 seconds
[2026-07-28T20:16:42.290+0000] {processor.py:186} INFO - Started process (PID=5789) to work on /opt/airflow/dags/avito_to_raw_midraw.py
[2026-07-28T20:16:42.291+0000] {processor.py:914} INFO - Processing file /opt/airflow/dags/avito_to_raw_midraw.py for tasks to queue
[2026-07-28T20:16:42.292+0000] {logging_mixin.py:190} INFO - [2026-07-28T20:16:42.291+0000] {dagbag.py:588} INFO - Filling up the DagBag from /opt/airflow/dags/avito_to_raw_midraw.py
[2026-07-28T20:16:42.301+0000] {processor.py:925} INFO - DAG(s) 'avito_to_raw_midraw' retrieved from /opt/airflow/dags/avito_to_raw_midraw.py
[2026-07-28T20:16:42.315+0000] {logging_mixin.py:190} INFO - [2026-07-28T20:16:42.315+0000] {dag.py:3239} INFO - Sync 1 DAGs
[2026-07-28T20:16:42.326+0000] {logging_mixin.py:190} INFO - [2026-07-28T20:16:42.326+0000] {dag.py:4180} INFO - Setting next_dagrun for avito_to_raw_midraw to 2026-07-28 20:00:00+00:00, run_after=2026-07-28 21:00:00+00:00
[2026-07-28T20:16:42.335+0000] {processor.py:208} INFO - Processing /opt/airflow/dags/avito_to_raw_midraw.py took 0.049 seconds
[2026-07-28T20:17:12.547+0000] {processor.py:186} INFO - Started process (PID=5791) to work on /opt/airflow/dags/avito_to_raw_midraw.py
[2026-07-28T20:17:12.547+0000] {processor.py:914} INFO - Processing file /opt/airflow/dags/avito_to_raw_midraw.py for tasks to queue
[2026-07-28T20:17:12.548+0000] {logging_mixin.py:190} INFO - [2026-07-28T20:17:12.548+0000] {dagbag.py:588} INFO - Filling up the DagBag from /opt/airflow/dags/avito_to_raw_midraw.py
[2026-07-28T20:17:12.556+0000] {processor.py:925} INFO - DAG(s) 'avito_to_raw_midraw' retrieved from /opt/airflow/dags/avito_to_raw_midraw.py
[2026-07-28T20:17:12.569+0000] {logging_mixin.py:190} INFO - [2026-07-28T20:17:12.569+0000] {dag.py:3239} INFO - Sync 1 DAGs
[2026-07-28T20:17:12.580+0000] {logging_mixin.py:190} INFO - [2026-07-28T20:17:12.580+0000] {dag.py:4180} INFO - Setting next_dagrun for avito_to_raw_midraw to 2026-07-28 20:00:00+00:00, run_after=2026-07-28 21:00:00+00:00
[2026-07-28T20:17:12.587+0000] {processor.py:208} INFO - Processing /opt/airflow/dags/avito_to_raw_midraw.py took 0.043 seconds
[2026-07-28T20:17:42.808+0000] {processor.py:186} INFO - Started process (PID=5793) to work on /opt/airflow/dags/avito_to_raw_midraw.py
[2026-07-28T20:17:42.809+0000] {processor.py:914} INFO - Processing file /opt/airflow/dags/avito_to_raw_midraw.py for tasks to queue
[2026-07-28T20:17:42.809+0000] {logging_mixin.py:190} INFO - [2026-07-28T20:17:42.809+0000] {dagbag.py:588} INFO - Filling up the DagBag from /opt/airflow/dags/avito_to_raw_midraw.py
[2026-07-28T20:17:42.820+0000] {processor.py:925} INFO - DAG(s) 'avito_to_raw_midraw' retrieved from /opt/airflow/dags/avito_to_raw_midraw.py
[2026-07-28T20:17:42.836+0000] {logging_mixin.py:190} INFO - [2026-07-28T20:17:42.836+0000] {dag.py:3239} INFO - Sync 1 DAGs
[2026-07-28T20:17:42.849+0000] {logging_mixin.py:190} INFO - [2026-07-28T20:17:42.849+0000] {dag.py:4180} INFO - Setting next_dagrun for avito_to_raw_midraw to 2026-07-28 20:00:00+00:00, run_after=2026-07-28 21:00:00+00:00
[2026-07-28T20:17:42.857+0000] {processor.py:208} INFO - Processing /opt/airflow/dags/avito_to_raw_midraw.py took 0.052 seconds
[2026-07-28T20:34:20.118+0000] {processor.py:186} INFO - Started process (PID=5796) to work on /opt/airflow/dags/avito_to_raw_midraw.py
[2026-07-28T20:34:20.118+0000] {processor.py:914} INFO - Processing file /opt/airflow/dags/avito_to_raw_midraw.py for tasks to queue
[2026-07-28T20:34:20.120+0000] {logging_mixin.py:190} INFO - [2026-07-28T20:34:20.120+0000] {dagbag.py:588} INFO - Filling up the DagBag from /opt/airflow/dags/avito_to_raw_midraw.py
[2026-07-28T20:34:20.134+0000] {processor.py:925} INFO - DAG(s) 'avito_to_raw_midraw' retrieved from /opt/airflow/dags/avito_to_raw_midraw.py
[2026-07-28T20:34:20.149+0000] {logging_mixin.py:190} INFO - [2026-07-28T20:34:20.149+0000] {dag.py:3239} INFO - Sync 1 DAGs
[2026-07-28T20:34:20.164+0000] {logging_mixin.py:190} INFO - [2026-07-28T20:34:20.163+0000] {dag.py:4180} INFO - Setting next_dagrun for avito_to_raw_midraw to 2026-07-28 20:00:00+00:00, run_after=2026-07-28 21:00:00+00:00
[2026-07-28T20:34:20.173+0000] {processor.py:208} INFO - Processing /opt/airflow/dags/avito_to_raw_midraw.py took 0.058 seconds
[2026-07-28T21:04:50.241+0000] {processor.py:186} INFO - Started process (PID=5798) to work on /opt/airflow/dags/avito_to_raw_midraw.py
[2026-07-28T21:04:50.242+0000] {processor.py:914} INFO - Processing file /opt/airflow/dags/avito_to_raw_midraw.py for tasks to queue
[2026-07-28T21:04:50.244+0000] {logging_mixin.py:190} INFO - [2026-07-28T21:04:50.244+0000] {dagbag.py:588} INFO - Filling up the DagBag from /opt/airflow/dags/avito_to_raw_midraw.py
[2026-07-28T21:04:50.258+0000] {processor.py:925} INFO - DAG(s) 'avito_to_raw_midraw' retrieved from /opt/airflow/dags/avito_to_raw_midraw.py
[2026-07-28T21:04:50.279+0000] {logging_mixin.py:190} INFO - [2026-07-28T21:04:50.279+0000] {dag.py:3239} INFO - Sync 1 DAGs
[2026-07-28T21:04:50.294+0000] {logging_mixin.py:190} INFO - [2026-07-28T21:04:50.294+0000] {dag.py:4180} INFO - Setting next_dagrun for avito_to_raw_midraw to 2026-07-28 20:00:00+00:00, run_after=2026-07-28 21:00:00+00:00
[2026-07-28T21:04:50.303+0000] {processor.py:208} INFO - Processing /opt/airflow/dags/avito_to_raw_midraw.py took 0.067 seconds
[2026-07-28T21:20:20.403+0000] {processor.py:186} INFO - Started process (PID=5800) to work on /opt/airflow/dags/avito_to_raw_midraw.py
[2026-07-28T21:20:20.405+0000] {processor.py:914} INFO - Processing file /opt/airflow/dags/avito_to_raw_midraw.py for tasks to queue
[2026-07-28T21:20:20.405+0000] {logging_mixin.py:190} INFO - [2026-07-28T21:20:20.405+0000] {dagbag.py:588} INFO - Filling up the DagBag from /opt/airflow/dags/avito_to_raw_midraw.py
[2026-07-28T21:20:20.420+0000] {processor.py:925} INFO - DAG(s) 'avito_to_raw_midraw' retrieved from /opt/airflow/dags/avito_to_raw_midraw.py
[2026-07-28T21:20:20.435+0000] {logging_mixin.py:190} INFO - [2026-07-28T21:20:20.435+0000] {dag.py:3239} INFO - Sync 1 DAGs
[2026-07-28T21:20:20.444+0000] {logging_mixin.py:190} INFO - [2026-07-28T21:20:20.444+0000] {dag.py:4180} INFO - Setting next_dagrun for avito_to_raw_midraw to 2026-07-28 21:00:00+00:00, run_after=2026-07-28 22:00:00+00:00
[2026-07-28T21:20:20.455+0000] {processor.py:208} INFO - Processing /opt/airflow/dags/avito_to_raw_midraw.py took 0.054 seconds
[2026-07-28T21:35:49.679+0000] {processor.py:186} INFO - Started process (PID=5802) to work on /opt/airflow/dags/avito_to_raw_midraw.py
[2026-07-28T21:35:49.680+0000] {processor.py:914} INFO - Processing file /opt/airflow/dags/avito_to_raw_midraw.py for tasks to queue
[2026-07-28T21:35:49.681+0000] {logging_mixin.py:190} INFO - [2026-07-28T21:35:49.680+0000] {dagbag.py:588} INFO - Filling up the DagBag from /opt/airflow/dags/avito_to_raw_midraw.py
[2026-07-28T21:35:49.695+0000] {processor.py:925} INFO - DAG(s) 'avito_to_raw_midraw' retrieved from /opt/airflow/dags/avito_to_raw_midraw.py
[2026-07-28T21:35:49.708+0000] {logging_mixin.py:190} INFO - [2026-07-28T21:35:49.708+0000] {dag.py:3239} INFO - Sync 1 DAGs
[2026-07-28T21:35:49.721+0000] {logging_mixin.py:190} INFO - [2026-07-28T21:35:49.721+0000] {dag.py:4180} INFO - Setting next_dagrun for avito_to_raw_midraw to 2026-07-28 21:00:00+00:00, run_after=2026-07-28 22:00:00+00:00
[2026-07-28T21:35:49.732+0000] {processor.py:208} INFO - Processing /opt/airflow/dags/avito_to_raw_midraw.py took 0.056 seconds
[2026-07-28T22:06:19.776+0000] {processor.py:186} INFO - Started process (PID=5804) to work on /opt/airflow/dags/avito_to_raw_midraw.py
[2026-07-28T22:06:19.777+0000] {processor.py:914} INFO - Processing file /opt/airflow/dags/avito_to_raw_midraw.py for tasks to queue
[2026-07-28T22:06:19.778+0000] {logging_mixin.py:190} INFO - [2026-07-28T22:06:19.778+0000] {dagbag.py:588} INFO - Filling up the DagBag from /opt/airflow/dags/avito_to_raw_midraw.py
[2026-07-28T22:06:19.791+0000] {processor.py:925} INFO - DAG(s) 'avito_to_raw_midraw' retrieved from /opt/airflow/dags/avito_to_raw_midraw.py
[2026-07-28T22:06:19.805+0000] {logging_mixin.py:190} INFO - [2026-07-28T22:06:19.805+0000] {dag.py:3239} INFO - Sync 1 DAGs
[2026-07-28T22:06:19.817+0000] {logging_mixin.py:190} INFO - [2026-07-28T22:06:19.816+0000] {dag.py:4180} INFO - Setting next_dagrun for avito_to_raw_midraw to 2026-07-28 21:00:00+00:00, run_after=2026-07-28 22:00:00+00:00
[2026-07-28T22:06:19.826+0000] {processor.py:208} INFO - Processing /opt/airflow/dags/avito_to_raw_midraw.py took 0.052 seconds
[2026-07-28T22:18:47.964+0000] {processor.py:186} INFO - Started process (PID=5806) to work on /opt/airflow/dags/avito_to_raw_midraw.py
[2026-07-28T22:18:47.964+0000] {processor.py:914} INFO - Processing file /opt/airflow/dags/avito_to_raw_midraw.py for tasks to queue
[2026-07-28T22:18:47.965+0000] {logging_mixin.py:190} INFO - [2026-07-28T22:18:47.965+0000] {dagbag.py:588} INFO - Filling up the DagBag from /opt/airflow/dags/avito_to_raw_midraw.py
[2026-07-28T22:18:47.979+0000] {processor.py:925} INFO - DAG(s) 'avito_to_raw_midraw' retrieved from /opt/airflow/dags/avito_to_raw_midraw.py
[2026-07-28T22:18:47.995+0000] {logging_mixin.py:190} INFO - [2026-07-28T22:18:47.995+0000] {dag.py:3239} INFO - Sync 1 DAGs
[2026-07-28T22:18:48.006+0000] {logging_mixin.py:190} INFO - [2026-07-28T22:18:48.005+0000] {dag.py:4180} INFO - Setting next_dagrun for avito_to_raw_midraw to 2026-07-28 22:00:00+00:00, run_after=2026-07-28 23:00:00+00:00
[2026-07-28T22:18:48.014+0000] {processor.py:208} INFO - Processing /opt/airflow/dags/avito_to_raw_midraw.py took 0.053 seconds
[2026-07-28T22:34:18.174+0000] {processor.py:186} INFO - Started process (PID=5808) to work on /opt/airflow/dags/avito_to_raw_midraw.py
[2026-07-28T22:34:18.175+0000] {processor.py:914} INFO - Processing file /opt/airflow/dags/avito_to_raw_midraw.py for tasks to queue
[2026-07-28T22:34:18.176+0000] {logging_mixin.py:190} INFO - [2026-07-28T22:34:18.176+0000] {dagbag.py:588} INFO - Filling up the DagBag from /opt/airflow/dags/avito_to_raw_midraw.py
[2026-07-28T22:34:18.192+0000] {processor.py:925} INFO - DAG(s) 'avito_to_raw_midraw' retrieved from /opt/airflow/dags/avito_to_raw_midraw.py
[2026-07-28T22:34:18.205+0000] {logging_mixin.py:190} INFO - [2026-07-28T22:34:18.205+0000] {dag.py:3239} INFO - Sync 1 DAGs
[2026-07-28T22:34:18.214+0000] {logging_mixin.py:190} INFO - [2026-07-28T22:34:18.214+0000] {dag.py:4180} INFO - Setting next_dagrun for avito_to_raw_midraw to 2026-07-28 22:00:00+00:00, run_after=2026-07-28 23:00:00+00:00
[2026-07-28T22:34:18.224+0000] {processor.py:208} INFO - Processing /opt/airflow/dags/avito_to_raw_midraw.py took 0.053 seconds
[2026-07-28T23:04:47.284+0000] {processor.py:186} INFO - Started process (PID=5810) to work on /opt/airflow/dags/avito_to_raw_midraw.py
[2026-07-28T23:04:47.285+0000] {processor.py:914} INFO - Processing file /opt/airflow/dags/avito_to_raw_midraw.py for tasks to queue
[2026-07-28T23:04:47.286+0000] {logging_mixin.py:190} INFO - [2026-07-28T23:04:47.285+0000] {dagbag.py:588} INFO - Filling up the DagBag from /opt/airflow/dags/avito_to_raw_midraw.py
[2026-07-28T23:04:47.302+0000] {processor.py:925} INFO - DAG(s) 'avito_to_raw_midraw' retrieved from /opt/airflow/dags/avito_to_raw_midraw.py
[2026-07-28T23:04:47.321+0000] {logging_mixin.py:190} INFO - [2026-07-28T23:04:47.321+0000] {dag.py:3239} INFO - Sync 1 DAGs
[2026-07-28T23:04:47.335+0000] {logging_mixin.py:190} INFO - [2026-07-28T23:04:47.335+0000] {dag.py:4180} INFO - Setting next_dagrun for avito_to_raw_midraw to 2026-07-28 22:00:00+00:00, run_after=2026-07-28 23:00:00+00:00
[2026-07-28T23:04:47.345+0000] {processor.py:208} INFO - Processing /opt/airflow/dags/avito_to_raw_midraw.py took 0.064 seconds
[2026-07-28T23:19:48.940+0000] {processor.py:186} INFO - Started process (PID=5812) to work on /opt/airflow/dags/avito_to_raw_midraw.py
[2026-07-28T23:19:48.940+0000] {processor.py:914} INFO - Processing file /opt/airflow/dags/avito_to_raw_midraw.py for tasks to queue
[2026-07-28T23:19:48.941+0000] {logging_mixin.py:190} INFO - [2026-07-28T23:19:48.941+0000] {dagbag.py:588} INFO - Filling up the DagBag from /opt/airflow/dags/avito_to_raw_midraw.py
[2026-07-28T23:19:48.957+0000] {processor.py:925} INFO - DAG(s) 'avito_to_raw_midraw' retrieved from /opt/airflow/dags/avito_to_raw_midraw.py
[2026-07-28T23:19:48.975+0000] {logging_mixin.py:190} INFO - [2026-07-28T23:19:48.975+0000] {dag.py:3239} INFO - Sync 1 DAGs
[2026-07-28T23:19:48.989+0000] {logging_mixin.py:190} INFO - [2026-07-28T23:19:48.989+0000] {dag.py:4180} INFO - Setting next_dagrun for avito_to_raw_midraw to 2026-07-28 23:00:00+00:00, run_after=2026-07-29 00:00:00+00:00
[2026-07-28T23:19:49.001+0000] {processor.py:208} INFO - Processing /opt/airflow/dags/avito_to_raw_midraw.py took 0.064 seconds
[2026-07-28T23:35:19.225+0000] {processor.py:186} INFO - Started process (PID=5814) to work on /opt/airflow/dags/avito_to_raw_midraw.py
[2026-07-28T23:35:19.226+0000] {processor.py:914} INFO - Processing file /opt/airflow/dags/avito_to_raw_midraw.py for tasks to queue
[2026-07-28T23:35:19.226+0000] {logging_mixin.py:190} INFO - [2026-07-28T23:35:19.226+0000] {dagbag.py:588} INFO - Filling up the DagBag from /opt/airflow/dags/avito_to_raw_midraw.py
[2026-07-28T23:35:19.242+0000] {processor.py:925} INFO - DAG(s) 'avito_to_raw_midraw' retrieved from /opt/airflow/dags/avito_to_raw_midraw.py
[2026-07-28T23:35:19.258+0000] {logging_mixin.py:190} INFO - [2026-07-28T23:35:19.258+0000] {dag.py:3239} INFO - Sync 1 DAGs
[2026-07-28T23:35:19.268+0000] {logging_mixin.py:190} INFO - [2026-07-28T23:35:19.268+0000] {dag.py:4180} INFO - Setting next_dagrun for avito_to_raw_midraw to 2026-07-28 23:00:00+00:00, run_after=2026-07-29 00:00:00+00:00
[2026-07-28T23:35:19.278+0000] {processor.py:208} INFO - Processing /opt/airflow/dags/avito_to_raw_midraw.py took 0.057 seconds
