[2026-08-02T00:03:16.117+0000] {processor.py:186} INFO - Started process (PID=674) to work on /opt/airflow/dags/avito_to_raw_midraw.py
[2026-08-02T00:03:16.686+0000] {processor.py:914} INFO - Processing file /opt/airflow/dags/avito_to_raw_midraw.py for tasks to queue
[2026-08-02T00:03:16.703+0000] {logging_mixin.py:190} INFO - [2026-08-02T00:03:16.695+0000] {dagbag.py:588} INFO - Filling up the DagBag from /opt/airflow/dags/avito_to_raw_midraw.py
[2026-08-02T00:03:22.223+0000] {processor.py:925} INFO - DAG(s) 'avito_to_raw_midraw' retrieved from /opt/airflow/dags/avito_to_raw_midraw.py
[2026-08-02T00:03:26.494+0000] {logging_mixin.py:190} INFO - [2026-08-02T00:03:26.493+0000] {dag.py:3239} INFO - Sync 1 DAGs
[2026-08-02T00:03:27.493+0000] {processor.py:208} INFO - Processing /opt/airflow/dags/avito_to_raw_midraw.py took 11.858 seconds
[2026-08-02T00:03:28.539+0000] {processor.py:186} INFO - Started process (PID=675) to work on /opt/airflow/dags/avito_to_raw_midraw.py
[2026-08-02T00:03:28.555+0000] {processor.py:914} INFO - Processing file /opt/airflow/dags/avito_to_raw_midraw.py for tasks to queue
[2026-08-02T00:03:28.580+0000] {logging_mixin.py:190} INFO - [2026-08-02T00:03:28.579+0000] {dagbag.py:588} INFO - Filling up the DagBag from /opt/airflow/dags/avito_to_raw_midraw.py
[2026-08-02T00:03:29.382+0000] {processor.py:925} INFO - DAG(s) 'avito_to_raw_midraw' retrieved from /opt/airflow/dags/avito_to_raw_midraw.py
[2026-08-02T00:03:30.636+0000] {logging_mixin.py:190} INFO - [2026-08-02T00:03:30.613+0000] {taskinstance.py:3315} ERROR - {'DAG Id': 'avito_to_raw_midraw', 'Task Id': 'dbt_build_midraw', 'Run Id': 'scheduled__2026-08-01T22:00:00+00:00', 'Hostname': '4c6dd7d943f5', 'External Executor Id': 'c673305b-dc33-4dd9-bb06-f44db84d7f5f'}
[2026-08-02T00:03:32.100+0000] {logging_mixin.py:190} INFO - [2026-08-02T00:03:32.092+0000] {taskinstance.py:1226} INFO - Marking task as UP_FOR_RETRY. dag_id=avito_to_raw_midraw, task_id=dbt_build_midraw, run_id=scheduled__2026-08-01T22:00:00+00:00, execution_date=20260801T220000, start_date=20260801T233248, end_date=20260802T000330
[2026-08-02T00:03:34.159+0000] {logging_mixin.py:190} INFO - [2026-08-02T00:03:34.158+0000] {processor.py:876} INFO - Executed callback for <TaskInstance: avito_to_raw_midraw.dbt_build_midraw scheduled__2026-08-01T22:00:00+00:00 [up_for_retry]> in state up_for_retry
[2026-08-02T00:03:34.725+0000] {logging_mixin.py:190} INFO - [2026-08-02T00:03:34.725+0000] {dag.py:3239} INFO - Sync 1 DAGs
[2026-08-02T00:03:37.865+0000] {processor.py:208} INFO - Processing /opt/airflow/dags/avito_to_raw_midraw.py took 9.793 seconds
[2026-08-02T00:04:11.483+0000] {processor.py:186} INFO - Started process (PID=677) to work on /opt/airflow/dags/avito_to_raw_midraw.py
[2026-08-02T00:04:11.544+0000] {processor.py:914} INFO - Processing file /opt/airflow/dags/avito_to_raw_midraw.py for tasks to queue
[2026-08-02T00:04:11.546+0000] {logging_mixin.py:190} INFO - [2026-08-02T00:04:11.545+0000] {dagbag.py:588} INFO - Filling up the DagBag from /opt/airflow/dags/avito_to_raw_midraw.py
[2026-08-02T00:04:12.694+0000] {processor.py:925} INFO - DAG(s) 'avito_to_raw_midraw' retrieved from /opt/airflow/dags/avito_to_raw_midraw.py
[2026-08-02T00:04:13.330+0000] {logging_mixin.py:190} INFO - [2026-08-02T00:04:13.329+0000] {dag.py:3239} INFO - Sync 1 DAGs
[2026-08-02T00:04:15.872+0000] {processor.py:208} INFO - Processing /opt/airflow/dags/avito_to_raw_midraw.py took 4.257 seconds
[2026-08-02T00:04:48.158+0000] {processor.py:186} INFO - Started process (PID=679) to work on /opt/airflow/dags/avito_to_raw_midraw.py
[2026-08-02T00:04:48.162+0000] {processor.py:914} INFO - Processing file /opt/airflow/dags/avito_to_raw_midraw.py for tasks to queue
[2026-08-02T00:04:48.195+0000] {logging_mixin.py:190} INFO - [2026-08-02T00:04:48.193+0000] {dagbag.py:588} INFO - Filling up the DagBag from /opt/airflow/dags/avito_to_raw_midraw.py
[2026-08-02T00:04:48.607+0000] {processor.py:925} INFO - DAG(s) 'avito_to_raw_midraw' retrieved from /opt/airflow/dags/avito_to_raw_midraw.py
[2026-08-02T00:04:49.488+0000] {logging_mixin.py:190} INFO - [2026-08-02T00:04:49.487+0000] {dag.py:3239} INFO - Sync 1 DAGs
[2026-08-02T00:04:50.069+0000] {processor.py:208} INFO - Processing /opt/airflow/dags/avito_to_raw_midraw.py took 2.128 seconds
[2026-08-02T00:05:20.491+0000] {processor.py:186} INFO - Started process (PID=681) to work on /opt/airflow/dags/avito_to_raw_midraw.py
[2026-08-02T00:05:20.493+0000] {processor.py:914} INFO - Processing file /opt/airflow/dags/avito_to_raw_midraw.py for tasks to queue
[2026-08-02T00:05:20.495+0000] {logging_mixin.py:190} INFO - [2026-08-02T00:05:20.495+0000] {dagbag.py:588} INFO - Filling up the DagBag from /opt/airflow/dags/avito_to_raw_midraw.py
[2026-08-02T00:05:20.537+0000] {processor.py:925} INFO - DAG(s) 'avito_to_raw_midraw' retrieved from /opt/airflow/dags/avito_to_raw_midraw.py
[2026-08-02T00:05:20.602+0000] {logging_mixin.py:190} INFO - [2026-08-02T00:05:20.601+0000] {dag.py:3239} INFO - Sync 1 DAGs
[2026-08-02T00:05:20.702+0000] {processor.py:208} INFO - Processing /opt/airflow/dags/avito_to_raw_midraw.py took 0.223 seconds
[2026-08-02T00:05:51.119+0000] {processor.py:186} INFO - Started process (PID=683) to work on /opt/airflow/dags/avito_to_raw_midraw.py
[2026-08-02T00:05:51.121+0000] {processor.py:914} INFO - Processing file /opt/airflow/dags/avito_to_raw_midraw.py for tasks to queue
[2026-08-02T00:05:51.128+0000] {logging_mixin.py:190} INFO - [2026-08-02T00:05:51.127+0000] {dagbag.py:588} INFO - Filling up the DagBag from /opt/airflow/dags/avito_to_raw_midraw.py
[2026-08-02T00:05:51.173+0000] {processor.py:925} INFO - DAG(s) 'avito_to_raw_midraw' retrieved from /opt/airflow/dags/avito_to_raw_midraw.py
[2026-08-02T00:05:51.242+0000] {logging_mixin.py:190} INFO - [2026-08-02T00:05:51.242+0000] {dag.py:3239} INFO - Sync 1 DAGs
[2026-08-02T00:05:51.332+0000] {processor.py:208} INFO - Processing /opt/airflow/dags/avito_to_raw_midraw.py took 0.233 seconds
[2026-08-02T00:06:22.132+0000] {processor.py:186} INFO - Started process (PID=685) to work on /opt/airflow/dags/avito_to_raw_midraw.py
[2026-08-02T00:06:22.135+0000] {processor.py:914} INFO - Processing file /opt/airflow/dags/avito_to_raw_midraw.py for tasks to queue
[2026-08-02T00:06:22.140+0000] {logging_mixin.py:190} INFO - [2026-08-02T00:06:22.138+0000] {dagbag.py:588} INFO - Filling up the DagBag from /opt/airflow/dags/avito_to_raw_midraw.py
[2026-08-02T00:06:22.393+0000] {processor.py:925} INFO - DAG(s) 'avito_to_raw_midraw' retrieved from /opt/airflow/dags/avito_to_raw_midraw.py
[2026-08-02T00:06:22.699+0000] {logging_mixin.py:190} INFO - [2026-08-02T00:06:22.698+0000] {dag.py:3239} INFO - Sync 1 DAGs
[2026-08-02T00:06:22.864+0000] {processor.py:208} INFO - Processing /opt/airflow/dags/avito_to_raw_midraw.py took 0.802 seconds
[2026-08-02T00:06:53.324+0000] {processor.py:186} INFO - Started process (PID=687) to work on /opt/airflow/dags/avito_to_raw_midraw.py
[2026-08-02T00:06:53.328+0000] {processor.py:914} INFO - Processing file /opt/airflow/dags/avito_to_raw_midraw.py for tasks to queue
[2026-08-02T00:06:53.335+0000] {logging_mixin.py:190} INFO - [2026-08-02T00:06:53.334+0000] {dagbag.py:588} INFO - Filling up the DagBag from /opt/airflow/dags/avito_to_raw_midraw.py
[2026-08-02T00:06:53.416+0000] {processor.py:925} INFO - DAG(s) 'avito_to_raw_midraw' retrieved from /opt/airflow/dags/avito_to_raw_midraw.py
[2026-08-02T00:06:53.524+0000] {logging_mixin.py:190} INFO - [2026-08-02T00:06:53.524+0000] {dag.py:3239} INFO - Sync 1 DAGs
[2026-08-02T00:06:53.793+0000] {processor.py:208} INFO - Processing /opt/airflow/dags/avito_to_raw_midraw.py took 0.496 seconds
[2026-08-02T00:07:24.635+0000] {processor.py:186} INFO - Started process (PID=689) to work on /opt/airflow/dags/avito_to_raw_midraw.py
[2026-08-02T00:07:24.713+0000] {processor.py:914} INFO - Processing file /opt/airflow/dags/avito_to_raw_midraw.py for tasks to queue
[2026-08-02T00:07:24.744+0000] {logging_mixin.py:190} INFO - [2026-08-02T00:07:24.743+0000] {dagbag.py:588} INFO - Filling up the DagBag from /opt/airflow/dags/avito_to_raw_midraw.py
[2026-08-02T00:07:25.003+0000] {processor.py:925} INFO - DAG(s) 'avito_to_raw_midraw' retrieved from /opt/airflow/dags/avito_to_raw_midraw.py
[2026-08-02T00:07:25.302+0000] {logging_mixin.py:190} INFO - [2026-08-02T00:07:25.302+0000] {dag.py:3239} INFO - Sync 1 DAGs
[2026-08-02T00:07:25.460+0000] {processor.py:208} INFO - Processing /opt/airflow/dags/avito_to_raw_midraw.py took 0.880 seconds
[2026-08-02T00:07:56.340+0000] {processor.py:186} INFO - Started process (PID=691) to work on /opt/airflow/dags/avito_to_raw_midraw.py
[2026-08-02T00:07:56.345+0000] {processor.py:914} INFO - Processing file /opt/airflow/dags/avito_to_raw_midraw.py for tasks to queue
[2026-08-02T00:07:56.352+0000] {logging_mixin.py:190} INFO - [2026-08-02T00:07:56.351+0000] {dagbag.py:588} INFO - Filling up the DagBag from /opt/airflow/dags/avito_to_raw_midraw.py
[2026-08-02T00:07:56.444+0000] {processor.py:925} INFO - DAG(s) 'avito_to_raw_midraw' retrieved from /opt/airflow/dags/avito_to_raw_midraw.py
[2026-08-02T00:07:56.610+0000] {logging_mixin.py:190} INFO - [2026-08-02T00:07:56.609+0000] {dag.py:3239} INFO - Sync 1 DAGs
[2026-08-02T00:07:56.721+0000] {processor.py:208} INFO - Processing /opt/airflow/dags/avito_to_raw_midraw.py took 0.417 seconds
[2026-08-02T00:08:27.931+0000] {processor.py:186} INFO - Started process (PID=693) to work on /opt/airflow/dags/avito_to_raw_midraw.py
[2026-08-02T00:08:28.175+0000] {processor.py:914} INFO - Processing file /opt/airflow/dags/avito_to_raw_midraw.py for tasks to queue
[2026-08-02T00:08:28.243+0000] {logging_mixin.py:190} INFO - [2026-08-02T00:08:28.235+0000] {dagbag.py:588} INFO - Filling up the DagBag from /opt/airflow/dags/avito_to_raw_midraw.py
[2026-08-02T00:08:28.986+0000] {processor.py:925} INFO - DAG(s) 'avito_to_raw_midraw' retrieved from /opt/airflow/dags/avito_to_raw_midraw.py
[2026-08-02T00:08:30.581+0000] {logging_mixin.py:190} INFO - [2026-08-02T00:08:30.581+0000] {dag.py:3239} INFO - Sync 1 DAGs
[2026-08-02T00:08:31.960+0000] {processor.py:208} INFO - Processing /opt/airflow/dags/avito_to_raw_midraw.py took 4.127 seconds
[2026-08-02T00:09:03.143+0000] {processor.py:186} INFO - Started process (PID=694) to work on /opt/airflow/dags/avito_to_raw_midraw.py
[2026-08-02T00:09:03.300+0000] {processor.py:914} INFO - Processing file /opt/airflow/dags/avito_to_raw_midraw.py for tasks to queue
[2026-08-02T00:09:03.315+0000] {logging_mixin.py:190} INFO - [2026-08-02T00:09:03.303+0000] {dagbag.py:588} INFO - Filling up the DagBag from /opt/airflow/dags/avito_to_raw_midraw.py
[2026-08-02T00:09:04.101+0000] {processor.py:925} INFO - DAG(s) 'avito_to_raw_midraw' retrieved from /opt/airflow/dags/avito_to_raw_midraw.py
[2026-08-02T00:09:04.773+0000] {logging_mixin.py:190} INFO - [2026-08-02T00:09:04.755+0000] {dag.py:3239} INFO - Sync 1 DAGs
[2026-08-02T00:09:05.935+0000] {processor.py:208} INFO - Processing /opt/airflow/dags/avito_to_raw_midraw.py took 2.851 seconds
[2026-08-02T00:09:36.364+0000] {processor.py:186} INFO - Started process (PID=696) to work on /opt/airflow/dags/avito_to_raw_midraw.py
[2026-08-02T00:09:36.365+0000] {processor.py:914} INFO - Processing file /opt/airflow/dags/avito_to_raw_midraw.py for tasks to queue
[2026-08-02T00:09:36.365+0000] {logging_mixin.py:190} INFO - [2026-08-02T00:09:36.365+0000] {dagbag.py:588} INFO - Filling up the DagBag from /opt/airflow/dags/avito_to_raw_midraw.py
[2026-08-02T00:09:36.375+0000] {processor.py:925} INFO - DAG(s) 'avito_to_raw_midraw' retrieved from /opt/airflow/dags/avito_to_raw_midraw.py
[2026-08-02T00:09:36.389+0000] {logging_mixin.py:190} INFO - [2026-08-02T00:09:36.389+0000] {dag.py:3239} INFO - Sync 1 DAGs
[2026-08-02T00:09:36.398+0000] {logging_mixin.py:190} INFO - [2026-08-02T00:09:36.398+0000] {dag.py:4180} INFO - Setting next_dagrun for avito_to_raw_midraw to 2026-08-02 00:00:00+00:00, run_after=2026-08-02 01:00:00+00:00
[2026-08-02T00:09:36.404+0000] {processor.py:208} INFO - Processing /opt/airflow/dags/avito_to_raw_midraw.py took 0.045 seconds
[2026-08-02T00:10:06.663+0000] {processor.py:186} INFO - Started process (PID=698) to work on /opt/airflow/dags/avito_to_raw_midraw.py
[2026-08-02T00:10:06.663+0000] {processor.py:914} INFO - Processing file /opt/airflow/dags/avito_to_raw_midraw.py for tasks to queue
[2026-08-02T00:10:06.664+0000] {logging_mixin.py:190} INFO - [2026-08-02T00:10:06.664+0000] {dagbag.py:588} INFO - Filling up the DagBag from /opt/airflow/dags/avito_to_raw_midraw.py
[2026-08-02T00:10:06.671+0000] {processor.py:925} INFO - DAG(s) 'avito_to_raw_midraw' retrieved from /opt/airflow/dags/avito_to_raw_midraw.py
[2026-08-02T00:10:06.685+0000] {logging_mixin.py:190} INFO - [2026-08-02T00:10:06.685+0000] {dag.py:3239} INFO - Sync 1 DAGs
[2026-08-02T00:10:06.695+0000] {logging_mixin.py:190} INFO - [2026-08-02T00:10:06.695+0000] {dag.py:4180} INFO - Setting next_dagrun for avito_to_raw_midraw to 2026-08-02 00:00:00+00:00, run_after=2026-08-02 01:00:00+00:00
[2026-08-02T00:10:06.701+0000] {processor.py:208} INFO - Processing /opt/airflow/dags/avito_to_raw_midraw.py took 0.042 seconds
[2026-08-02T00:10:36.877+0000] {processor.py:186} INFO - Started process (PID=700) to work on /opt/airflow/dags/avito_to_raw_midraw.py
[2026-08-02T00:10:36.878+0000] {processor.py:914} INFO - Processing file /opt/airflow/dags/avito_to_raw_midraw.py for tasks to queue
[2026-08-02T00:10:36.879+0000] {logging_mixin.py:190} INFO - [2026-08-02T00:10:36.878+0000] {dagbag.py:588} INFO - Filling up the DagBag from /opt/airflow/dags/avito_to_raw_midraw.py
[2026-08-02T00:10:36.892+0000] {processor.py:925} INFO - DAG(s) 'avito_to_raw_midraw' retrieved from /opt/airflow/dags/avito_to_raw_midraw.py
[2026-08-02T00:10:36.911+0000] {logging_mixin.py:190} INFO - [2026-08-02T00:10:36.911+0000] {dag.py:3239} INFO - Sync 1 DAGs
[2026-08-02T00:10:36.924+0000] {logging_mixin.py:190} INFO - [2026-08-02T00:10:36.924+0000] {dag.py:4180} INFO - Setting next_dagrun for avito_to_raw_midraw to 2026-08-02 00:00:00+00:00, run_after=2026-08-02 01:00:00+00:00
[2026-08-02T00:10:36.931+0000] {processor.py:208} INFO - Processing /opt/airflow/dags/avito_to_raw_midraw.py took 0.058 seconds
[2026-08-02T00:11:07.095+0000] {processor.py:186} INFO - Started process (PID=702) to work on /opt/airflow/dags/avito_to_raw_midraw.py
[2026-08-02T00:11:07.096+0000] {processor.py:914} INFO - Processing file /opt/airflow/dags/avito_to_raw_midraw.py for tasks to queue
[2026-08-02T00:11:07.097+0000] {logging_mixin.py:190} INFO - [2026-08-02T00:11:07.097+0000] {dagbag.py:588} INFO - Filling up the DagBag from /opt/airflow/dags/avito_to_raw_midraw.py
[2026-08-02T00:11:07.109+0000] {processor.py:925} INFO - DAG(s) 'avito_to_raw_midraw' retrieved from /opt/airflow/dags/avito_to_raw_midraw.py
[2026-08-02T00:11:07.131+0000] {logging_mixin.py:190} INFO - [2026-08-02T00:11:07.131+0000] {dag.py:3239} INFO - Sync 1 DAGs
[2026-08-02T00:11:07.145+0000] {logging_mixin.py:190} INFO - [2026-08-02T00:11:07.145+0000] {dag.py:4180} INFO - Setting next_dagrun for avito_to_raw_midraw to 2026-08-02 00:00:00+00:00, run_after=2026-08-02 01:00:00+00:00
[2026-08-02T00:11:07.152+0000] {processor.py:208} INFO - Processing /opt/airflow/dags/avito_to_raw_midraw.py took 0.063 seconds
[2026-08-02T00:11:37.302+0000] {processor.py:186} INFO - Started process (PID=704) to work on /opt/airflow/dags/avito_to_raw_midraw.py
[2026-08-02T00:11:37.303+0000] {processor.py:914} INFO - Processing file /opt/airflow/dags/avito_to_raw_midraw.py for tasks to queue
[2026-08-02T00:11:37.304+0000] {logging_mixin.py:190} INFO - [2026-08-02T00:11:37.304+0000] {dagbag.py:588} INFO - Filling up the DagBag from /opt/airflow/dags/avito_to_raw_midraw.py
[2026-08-02T00:11:37.313+0000] {processor.py:925} INFO - DAG(s) 'avito_to_raw_midraw' retrieved from /opt/airflow/dags/avito_to_raw_midraw.py
[2026-08-02T00:11:37.330+0000] {logging_mixin.py:190} INFO - [2026-08-02T00:11:37.330+0000] {dag.py:3239} INFO - Sync 1 DAGs
[2026-08-02T00:11:37.342+0000] {logging_mixin.py:190} INFO - [2026-08-02T00:11:37.342+0000] {dag.py:4180} INFO - Setting next_dagrun for avito_to_raw_midraw to 2026-08-02 00:00:00+00:00, run_after=2026-08-02 01:00:00+00:00
[2026-08-02T00:11:37.349+0000] {processor.py:208} INFO - Processing /opt/airflow/dags/avito_to_raw_midraw.py took 0.050 seconds
[2026-08-02T00:12:07.479+0000] {processor.py:186} INFO - Started process (PID=706) to work on /opt/airflow/dags/avito_to_raw_midraw.py
[2026-08-02T00:12:07.480+0000] {processor.py:914} INFO - Processing file /opt/airflow/dags/avito_to_raw_midraw.py for tasks to queue
[2026-08-02T00:12:07.481+0000] {logging_mixin.py:190} INFO - [2026-08-02T00:12:07.480+0000] {dagbag.py:588} INFO - Filling up the DagBag from /opt/airflow/dags/avito_to_raw_midraw.py
[2026-08-02T00:12:07.493+0000] {processor.py:925} INFO - DAG(s) 'avito_to_raw_midraw' retrieved from /opt/airflow/dags/avito_to_raw_midraw.py
[2026-08-02T00:12:07.512+0000] {logging_mixin.py:190} INFO - [2026-08-02T00:12:07.512+0000] {dag.py:3239} INFO - Sync 1 DAGs
[2026-08-02T00:12:07.524+0000] {logging_mixin.py:190} INFO - [2026-08-02T00:12:07.524+0000] {dag.py:4180} INFO - Setting next_dagrun for avito_to_raw_midraw to 2026-08-02 00:00:00+00:00, run_after=2026-08-02 01:00:00+00:00
[2026-08-02T00:12:07.531+0000] {processor.py:208} INFO - Processing /opt/airflow/dags/avito_to_raw_midraw.py took 0.057 seconds
[2026-08-02T00:12:37.856+0000] {processor.py:186} INFO - Started process (PID=708) to work on /opt/airflow/dags/avito_to_raw_midraw.py
[2026-08-02T00:12:37.859+0000] {processor.py:914} INFO - Processing file /opt/airflow/dags/avito_to_raw_midraw.py for tasks to queue
[2026-08-02T00:12:37.862+0000] {logging_mixin.py:190} INFO - [2026-08-02T00:12:37.861+0000] {dagbag.py:588} INFO - Filling up the DagBag from /opt/airflow/dags/avito_to_raw_midraw.py
[2026-08-02T00:12:37.893+0000] {processor.py:925} INFO - DAG(s) 'avito_to_raw_midraw' retrieved from /opt/airflow/dags/avito_to_raw_midraw.py
[2026-08-02T00:12:37.961+0000] {logging_mixin.py:190} INFO - [2026-08-02T00:12:37.961+0000] {dag.py:3239} INFO - Sync 1 DAGs
[2026-08-02T00:12:38.016+0000] {logging_mixin.py:190} INFO - [2026-08-02T00:12:38.015+0000] {dag.py:4180} INFO - Setting next_dagrun for avito_to_raw_midraw to 2026-08-02 00:00:00+00:00, run_after=2026-08-02 01:00:00+00:00
[2026-08-02T00:12:38.053+0000] {processor.py:208} INFO - Processing /opt/airflow/dags/avito_to_raw_midraw.py took 0.228 seconds
[2026-08-02T00:13:08.212+0000] {processor.py:186} INFO - Started process (PID=710) to work on /opt/airflow/dags/avito_to_raw_midraw.py
[2026-08-02T00:13:08.214+0000] {processor.py:914} INFO - Processing file /opt/airflow/dags/avito_to_raw_midraw.py for tasks to queue
[2026-08-02T00:13:08.218+0000] {logging_mixin.py:190} INFO - [2026-08-02T00:13:08.216+0000] {dagbag.py:588} INFO - Filling up the DagBag from /opt/airflow/dags/avito_to_raw_midraw.py
[2026-08-02T00:13:08.250+0000] {processor.py:925} INFO - DAG(s) 'avito_to_raw_midraw' retrieved from /opt/airflow/dags/avito_to_raw_midraw.py
[2026-08-02T00:13:08.307+0000] {logging_mixin.py:190} INFO - [2026-08-02T00:13:08.307+0000] {dag.py:3239} INFO - Sync 1 DAGs
[2026-08-02T00:13:08.339+0000] {logging_mixin.py:190} INFO - [2026-08-02T00:13:08.338+0000] {dag.py:4180} INFO - Setting next_dagrun for avito_to_raw_midraw to 2026-08-02 00:00:00+00:00, run_after=2026-08-02 01:00:00+00:00
[2026-08-02T00:13:08.371+0000] {processor.py:208} INFO - Processing /opt/airflow/dags/avito_to_raw_midraw.py took 0.170 seconds
[2026-08-02T00:20:29.150+0000] {processor.py:186} INFO - Started process (PID=712) to work on /opt/airflow/dags/avito_to_raw_midraw.py
[2026-08-02T00:20:31.460+0000] {processor.py:914} INFO - Processing file /opt/airflow/dags/avito_to_raw_midraw.py for tasks to queue
[2026-08-02T00:20:31.670+0000] {logging_mixin.py:190} INFO - [2026-08-02T00:20:31.669+0000] {dagbag.py:588} INFO - Filling up the DagBag from /opt/airflow/dags/avito_to_raw_midraw.py
[2026-08-02T00:20:36.488+0000] {processor.py:925} INFO - DAG(s) 'avito_to_raw_midraw' retrieved from /opt/airflow/dags/avito_to_raw_midraw.py
[2026-08-02T00:20:42.414+0000] {logging_mixin.py:190} INFO - [2026-08-02T00:20:42.411+0000] {dag.py:3239} INFO - Sync 1 DAGs
[2026-08-02T00:20:44.127+0000] {logging_mixin.py:190} INFO - [2026-08-02T00:20:43.965+0000] {dag.py:4180} INFO - Setting next_dagrun for avito_to_raw_midraw to 2026-08-02 00:00:00+00:00, run_after=2026-08-02 01:00:00+00:00
[2026-08-02T00:20:45.072+0000] {processor.py:208} INFO - Processing /opt/airflow/dags/avito_to_raw_midraw.py took 28.808 seconds
[2026-08-02T00:21:15.996+0000] {processor.py:186} INFO - Started process (PID=714) to work on /opt/airflow/dags/avito_to_raw_midraw.py
[2026-08-02T00:21:15.998+0000] {processor.py:914} INFO - Processing file /opt/airflow/dags/avito_to_raw_midraw.py for tasks to queue
[2026-08-02T00:21:16.000+0000] {logging_mixin.py:190} INFO - [2026-08-02T00:21:16.000+0000] {dagbag.py:588} INFO - Filling up the DagBag from /opt/airflow/dags/avito_to_raw_midraw.py
[2026-08-02T00:21:16.035+0000] {processor.py:925} INFO - DAG(s) 'avito_to_raw_midraw' retrieved from /opt/airflow/dags/avito_to_raw_midraw.py
[2026-08-02T00:21:16.081+0000] {logging_mixin.py:190} INFO - [2026-08-02T00:21:16.081+0000] {dag.py:3239} INFO - Sync 1 DAGs
[2026-08-02T00:21:16.125+0000] {logging_mixin.py:190} INFO - [2026-08-02T00:21:16.125+0000] {dag.py:4180} INFO - Setting next_dagrun for avito_to_raw_midraw to 2026-08-02 00:00:00+00:00, run_after=2026-08-02 01:00:00+00:00
[2026-08-02T00:21:16.156+0000] {processor.py:208} INFO - Processing /opt/airflow/dags/avito_to_raw_midraw.py took 0.173 seconds
[2026-08-02T00:21:46.302+0000] {processor.py:186} INFO - Started process (PID=716) to work on /opt/airflow/dags/avito_to_raw_midraw.py
[2026-08-02T00:21:46.308+0000] {processor.py:914} INFO - Processing file /opt/airflow/dags/avito_to_raw_midraw.py for tasks to queue
[2026-08-02T00:21:46.313+0000] {logging_mixin.py:190} INFO - [2026-08-02T00:21:46.311+0000] {dagbag.py:588} INFO - Filling up the DagBag from /opt/airflow/dags/avito_to_raw_midraw.py
[2026-08-02T00:21:46.365+0000] {processor.py:925} INFO - DAG(s) 'avito_to_raw_midraw' retrieved from /opt/airflow/dags/avito_to_raw_midraw.py
[2026-08-02T00:21:46.458+0000] {logging_mixin.py:190} INFO - [2026-08-02T00:21:46.455+0000] {dag.py:3239} INFO - Sync 1 DAGs
[2026-08-02T00:21:46.521+0000] {logging_mixin.py:190} INFO - [2026-08-02T00:21:46.520+0000] {dag.py:4180} INFO - Setting next_dagrun for avito_to_raw_midraw to 2026-08-02 00:00:00+00:00, run_after=2026-08-02 01:00:00+00:00
[2026-08-02T00:21:46.578+0000] {processor.py:208} INFO - Processing /opt/airflow/dags/avito_to_raw_midraw.py took 0.296 seconds
[2026-08-02T00:22:16.831+0000] {processor.py:186} INFO - Started process (PID=718) to work on /opt/airflow/dags/avito_to_raw_midraw.py
[2026-08-02T00:22:16.838+0000] {processor.py:914} INFO - Processing file /opt/airflow/dags/avito_to_raw_midraw.py for tasks to queue
[2026-08-02T00:22:16.856+0000] {logging_mixin.py:190} INFO - [2026-08-02T00:22:16.847+0000] {dagbag.py:588} INFO - Filling up the DagBag from /opt/airflow/dags/avito_to_raw_midraw.py
[2026-08-02T00:22:17.137+0000] {processor.py:925} INFO - DAG(s) 'avito_to_raw_midraw' retrieved from /opt/airflow/dags/avito_to_raw_midraw.py
[2026-08-02T00:22:17.277+0000] {logging_mixin.py:190} INFO - [2026-08-02T00:22:17.277+0000] {dag.py:3239} INFO - Sync 1 DAGs
[2026-08-02T00:22:17.354+0000] {logging_mixin.py:190} INFO - [2026-08-02T00:22:17.353+0000] {dag.py:4180} INFO - Setting next_dagrun for avito_to_raw_midraw to 2026-08-02 00:00:00+00:00, run_after=2026-08-02 01:00:00+00:00
[2026-08-02T00:22:17.410+0000] {processor.py:208} INFO - Processing /opt/airflow/dags/avito_to_raw_midraw.py took 0.614 seconds
[2026-08-02T00:22:47.550+0000] {processor.py:186} INFO - Started process (PID=720) to work on /opt/airflow/dags/avito_to_raw_midraw.py
[2026-08-02T00:22:47.552+0000] {processor.py:914} INFO - Processing file /opt/airflow/dags/avito_to_raw_midraw.py for tasks to queue
[2026-08-02T00:22:47.554+0000] {logging_mixin.py:190} INFO - [2026-08-02T00:22:47.554+0000] {dagbag.py:588} INFO - Filling up the DagBag from /opt/airflow/dags/avito_to_raw_midraw.py
[2026-08-02T00:22:47.581+0000] {processor.py:925} INFO - DAG(s) 'avito_to_raw_midraw' retrieved from /opt/airflow/dags/avito_to_raw_midraw.py
[2026-08-02T00:22:47.862+0000] {logging_mixin.py:190} INFO - [2026-08-02T00:22:47.862+0000] {dag.py:3239} INFO - Sync 1 DAGs
[2026-08-02T00:22:48.419+0000] {logging_mixin.py:190} INFO - [2026-08-02T00:22:48.417+0000] {dag.py:4180} INFO - Setting next_dagrun for avito_to_raw_midraw to 2026-08-02 00:00:00+00:00, run_after=2026-08-02 01:00:00+00:00
[2026-08-02T00:22:48.486+0000] {processor.py:208} INFO - Processing /opt/airflow/dags/avito_to_raw_midraw.py took 0.948 seconds
[2026-08-02T00:23:45.740+0000] {processor.py:186} INFO - Started process (PID=722) to work on /opt/airflow/dags/avito_to_raw_midraw.py
[2026-08-02T00:23:45.841+0000] {processor.py:914} INFO - Processing file /opt/airflow/dags/avito_to_raw_midraw.py for tasks to queue
[2026-08-02T00:23:45.901+0000] {logging_mixin.py:190} INFO - [2026-08-02T00:23:45.894+0000] {dagbag.py:588} INFO - Filling up the DagBag from /opt/airflow/dags/avito_to_raw_midraw.py
[2026-08-02T00:23:46.418+0000] {processor.py:925} INFO - DAG(s) 'avito_to_raw_midraw' retrieved from /opt/airflow/dags/avito_to_raw_midraw.py
[2026-08-02T00:23:46.906+0000] {logging_mixin.py:190} INFO - [2026-08-02T00:23:46.905+0000] {dag.py:3239} INFO - Sync 1 DAGs
[2026-08-02T00:23:47.559+0000] {logging_mixin.py:190} INFO - [2026-08-02T00:23:47.548+0000] {dag.py:4180} INFO - Setting next_dagrun for avito_to_raw_midraw to 2026-08-02 00:00:00+00:00, run_after=2026-08-02 01:00:00+00:00
[2026-08-02T00:23:48.290+0000] {processor.py:208} INFO - Processing /opt/airflow/dags/avito_to_raw_midraw.py took 2.679 seconds
[2026-08-02T00:24:19.714+0000] {processor.py:186} INFO - Started process (PID=724) to work on /opt/airflow/dags/avito_to_raw_midraw.py
[2026-08-02T00:24:19.771+0000] {processor.py:914} INFO - Processing file /opt/airflow/dags/avito_to_raw_midraw.py for tasks to queue
[2026-08-02T00:24:19.826+0000] {logging_mixin.py:190} INFO - [2026-08-02T00:24:19.824+0000] {dagbag.py:588} INFO - Filling up the DagBag from /opt/airflow/dags/avito_to_raw_midraw.py
[2026-08-02T00:24:21.017+0000] {processor.py:925} INFO - DAG(s) 'avito_to_raw_midraw' retrieved from /opt/airflow/dags/avito_to_raw_midraw.py
[2026-08-02T00:24:21.986+0000] {logging_mixin.py:190} INFO - [2026-08-02T00:24:21.977+0000] {dag.py:3239} INFO - Sync 1 DAGs
[2026-08-02T00:24:22.514+0000] {logging_mixin.py:190} INFO - [2026-08-02T00:24:22.514+0000] {dag.py:4180} INFO - Setting next_dagrun for avito_to_raw_midraw to 2026-08-02 00:00:00+00:00, run_after=2026-08-02 01:00:00+00:00
[2026-08-02T00:24:22.824+0000] {processor.py:208} INFO - Processing /opt/airflow/dags/avito_to_raw_midraw.py took 3.234 seconds
[2026-08-02T00:24:54.298+0000] {processor.py:186} INFO - Started process (PID=727) to work on /opt/airflow/dags/avito_to_raw_midraw.py
[2026-08-02T00:24:54.347+0000] {processor.py:914} INFO - Processing file /opt/airflow/dags/avito_to_raw_midraw.py for tasks to queue
[2026-08-02T00:24:54.408+0000] {logging_mixin.py:190} INFO - [2026-08-02T00:24:54.399+0000] {dagbag.py:588} INFO - Filling up the DagBag from /opt/airflow/dags/avito_to_raw_midraw.py
[2026-08-02T00:24:55.413+0000] {processor.py:925} INFO - DAG(s) 'avito_to_raw_midraw' retrieved from /opt/airflow/dags/avito_to_raw_midraw.py
[2026-08-02T00:24:56.226+0000] {logging_mixin.py:190} INFO - [2026-08-02T00:24:56.198+0000] {dag.py:3239} INFO - Sync 1 DAGs
[2026-08-02T00:24:56.672+0000] {logging_mixin.py:190} INFO - [2026-08-02T00:24:56.663+0000] {dag.py:4180} INFO - Setting next_dagrun for avito_to_raw_midraw to 2026-08-02 00:00:00+00:00, run_after=2026-08-02 01:00:00+00:00
[2026-08-02T00:24:57.052+0000] {processor.py:208} INFO - Processing /opt/airflow/dags/avito_to_raw_midraw.py took 2.822 seconds
[2026-08-02T00:25:28.244+0000] {processor.py:186} INFO - Started process (PID=728) to work on /opt/airflow/dags/avito_to_raw_midraw.py
[2026-08-02T00:25:28.420+0000] {processor.py:914} INFO - Processing file /opt/airflow/dags/avito_to_raw_midraw.py for tasks to queue
[2026-08-02T00:25:28.507+0000] {logging_mixin.py:190} INFO - [2026-08-02T00:25:28.499+0000] {dagbag.py:588} INFO - Filling up the DagBag from /opt/airflow/dags/avito_to_raw_midraw.py
[2026-08-02T00:25:29.108+0000] {processor.py:925} INFO - DAG(s) 'avito_to_raw_midraw' retrieved from /opt/airflow/dags/avito_to_raw_midraw.py
[2026-08-02T00:25:30.759+0000] {logging_mixin.py:190} INFO - [2026-08-02T00:25:30.752+0000] {dag.py:3239} INFO - Sync 1 DAGs
[2026-08-02T00:25:31.918+0000] {logging_mixin.py:190} INFO - [2026-08-02T00:25:31.901+0000] {dag.py:4180} INFO - Setting next_dagrun for avito_to_raw_midraw to 2026-08-02 00:00:00+00:00, run_after=2026-08-02 01:00:00+00:00
[2026-08-02T00:25:32.955+0000] {processor.py:208} INFO - Processing /opt/airflow/dags/avito_to_raw_midraw.py took 4.818 seconds
[2026-08-02T00:26:05.157+0000] {processor.py:186} INFO - Started process (PID=731) to work on /opt/airflow/dags/avito_to_raw_midraw.py
[2026-08-02T00:26:05.201+0000] {processor.py:914} INFO - Processing file /opt/airflow/dags/avito_to_raw_midraw.py for tasks to queue
[2026-08-02T00:26:05.283+0000] {logging_mixin.py:190} INFO - [2026-08-02T00:26:05.261+0000] {dagbag.py:588} INFO - Filling up the DagBag from /opt/airflow/dags/avito_to_raw_midraw.py
[2026-08-02T00:26:06.899+0000] {processor.py:925} INFO - DAG(s) 'avito_to_raw_midraw' retrieved from /opt/airflow/dags/avito_to_raw_midraw.py
[2026-08-02T00:26:07.658+0000] {logging_mixin.py:190} INFO - [2026-08-02T00:26:07.657+0000] {dag.py:3239} INFO - Sync 1 DAGs
[2026-08-02T00:26:08.112+0000] {logging_mixin.py:190} INFO - [2026-08-02T00:26:08.112+0000] {dag.py:4180} INFO - Setting next_dagrun for avito_to_raw_midraw to 2026-08-02 00:00:00+00:00, run_after=2026-08-02 01:00:00+00:00
[2026-08-02T00:26:08.659+0000] {processor.py:208} INFO - Processing /opt/airflow/dags/avito_to_raw_midraw.py took 3.574 seconds
[2026-08-02T00:26:40.244+0000] {processor.py:186} INFO - Started process (PID=733) to work on /opt/airflow/dags/avito_to_raw_midraw.py
[2026-08-02T00:26:40.299+0000] {processor.py:914} INFO - Processing file /opt/airflow/dags/avito_to_raw_midraw.py for tasks to queue
[2026-08-02T00:26:40.450+0000] {logging_mixin.py:190} INFO - [2026-08-02T00:26:40.437+0000] {dagbag.py:588} INFO - Filling up the DagBag from /opt/airflow/dags/avito_to_raw_midraw.py
[2026-08-02T00:26:41.467+0000] {processor.py:925} INFO - DAG(s) 'avito_to_raw_midraw' retrieved from /opt/airflow/dags/avito_to_raw_midraw.py
[2026-08-02T00:26:42.172+0000] {logging_mixin.py:190} INFO - [2026-08-02T00:26:42.156+0000] {dag.py:3239} INFO - Sync 1 DAGs
[2026-08-02T00:26:42.782+0000] {logging_mixin.py:190} INFO - [2026-08-02T00:26:42.765+0000] {dag.py:4180} INFO - Setting next_dagrun for avito_to_raw_midraw to 2026-08-02 00:00:00+00:00, run_after=2026-08-02 01:00:00+00:00
[2026-08-02T00:26:44.374+0000] {processor.py:208} INFO - Processing /opt/airflow/dags/avito_to_raw_midraw.py took 4.266 seconds
[2026-08-02T00:27:15.013+0000] {processor.py:186} INFO - Started process (PID=735) to work on /opt/airflow/dags/avito_to_raw_midraw.py
[2026-08-02T00:27:15.126+0000] {processor.py:914} INFO - Processing file /opt/airflow/dags/avito_to_raw_midraw.py for tasks to queue
[2026-08-02T00:27:15.150+0000] {logging_mixin.py:190} INFO - [2026-08-02T00:27:15.143+0000] {dagbag.py:588} INFO - Filling up the DagBag from /opt/airflow/dags/avito_to_raw_midraw.py
[2026-08-02T00:27:16.273+0000] {processor.py:925} INFO - DAG(s) 'avito_to_raw_midraw' retrieved from /opt/airflow/dags/avito_to_raw_midraw.py
[2026-08-02T00:27:17.784+0000] {logging_mixin.py:190} INFO - [2026-08-02T00:27:17.731+0000] {dag.py:3239} INFO - Sync 1 DAGs
[2026-08-02T00:27:18.326+0000] {logging_mixin.py:190} INFO - [2026-08-02T00:27:18.326+0000] {dag.py:4180} INFO - Setting next_dagrun for avito_to_raw_midraw to 2026-08-02 00:00:00+00:00, run_after=2026-08-02 01:00:00+00:00
[2026-08-02T00:27:18.962+0000] {processor.py:208} INFO - Processing /opt/airflow/dags/avito_to_raw_midraw.py took 4.071 seconds
[2026-08-02T00:27:50.957+0000] {processor.py:186} INFO - Started process (PID=737) to work on /opt/airflow/dags/avito_to_raw_midraw.py
[2026-08-02T00:27:51.052+0000] {processor.py:914} INFO - Processing file /opt/airflow/dags/avito_to_raw_midraw.py for tasks to queue
[2026-08-02T00:27:51.096+0000] {logging_mixin.py:190} INFO - [2026-08-02T00:27:51.089+0000] {dagbag.py:588} INFO - Filling up the DagBag from /opt/airflow/dags/avito_to_raw_midraw.py
[2026-08-02T00:27:51.686+0000] {processor.py:925} INFO - DAG(s) 'avito_to_raw_midraw' retrieved from /opt/airflow/dags/avito_to_raw_midraw.py
[2026-08-02T00:27:52.772+0000] {logging_mixin.py:190} INFO - [2026-08-02T00:27:52.772+0000] {dag.py:3239} INFO - Sync 1 DAGs
[2026-08-02T00:27:53.100+0000] {logging_mixin.py:190} INFO - [2026-08-02T00:27:53.100+0000] {dag.py:4180} INFO - Setting next_dagrun for avito_to_raw_midraw to 2026-08-02 00:00:00+00:00, run_after=2026-08-02 01:00:00+00:00
[2026-08-02T00:27:53.564+0000] {processor.py:208} INFO - Processing /opt/airflow/dags/avito_to_raw_midraw.py took 2.685 seconds
[2026-08-02T00:28:24.936+0000] {processor.py:186} INFO - Started process (PID=739) to work on /opt/airflow/dags/avito_to_raw_midraw.py
[2026-08-02T00:28:24.979+0000] {processor.py:914} INFO - Processing file /opt/airflow/dags/avito_to_raw_midraw.py for tasks to queue
[2026-08-02T00:28:25.008+0000] {logging_mixin.py:190} INFO - [2026-08-02T00:28:25.000+0000] {dagbag.py:588} INFO - Filling up the DagBag from /opt/airflow/dags/avito_to_raw_midraw.py
[2026-08-02T00:28:25.793+0000] {processor.py:925} INFO - DAG(s) 'avito_to_raw_midraw' retrieved from /opt/airflow/dags/avito_to_raw_midraw.py
[2026-08-02T00:28:26.757+0000] {logging_mixin.py:190} INFO - [2026-08-02T00:28:26.757+0000] {dag.py:3239} INFO - Sync 1 DAGs
[2026-08-02T00:28:27.208+0000] {logging_mixin.py:190} INFO - [2026-08-02T00:28:27.207+0000] {dag.py:4180} INFO - Setting next_dagrun for avito_to_raw_midraw to 2026-08-02 00:00:00+00:00, run_after=2026-08-02 01:00:00+00:00
[2026-08-02T00:28:27.744+0000] {processor.py:208} INFO - Processing /opt/airflow/dags/avito_to_raw_midraw.py took 2.887 seconds
[2026-08-02T00:29:00.103+0000] {processor.py:186} INFO - Started process (PID=741) to work on /opt/airflow/dags/avito_to_raw_midraw.py
[2026-08-02T00:29:00.202+0000] {processor.py:914} INFO - Processing file /opt/airflow/dags/avito_to_raw_midraw.py for tasks to queue
[2026-08-02T00:29:00.250+0000] {logging_mixin.py:190} INFO - [2026-08-02T00:29:00.249+0000] {dagbag.py:588} INFO - Filling up the DagBag from /opt/airflow/dags/avito_to_raw_midraw.py
[2026-08-02T00:29:00.629+0000] {processor.py:925} INFO - DAG(s) 'avito_to_raw_midraw' retrieved from /opt/airflow/dags/avito_to_raw_midraw.py
[2026-08-02T00:29:01.979+0000] {logging_mixin.py:190} INFO - [2026-08-02T00:29:01.979+0000] {dag.py:3239} INFO - Sync 1 DAGs
[2026-08-02T00:29:02.457+0000] {logging_mixin.py:190} INFO - [2026-08-02T00:29:02.456+0000] {dag.py:4180} INFO - Setting next_dagrun for avito_to_raw_midraw to 2026-08-02 00:00:00+00:00, run_after=2026-08-02 01:00:00+00:00
[2026-08-02T00:29:03.115+0000] {processor.py:208} INFO - Processing /opt/airflow/dags/avito_to_raw_midraw.py took 3.103 seconds
[2026-08-02T00:29:35.110+0000] {processor.py:186} INFO - Started process (PID=743) to work on /opt/airflow/dags/avito_to_raw_midraw.py
[2026-08-02T00:29:35.157+0000] {processor.py:914} INFO - Processing file /opt/airflow/dags/avito_to_raw_midraw.py for tasks to queue
[2026-08-02T00:29:35.199+0000] {logging_mixin.py:190} INFO - [2026-08-02T00:29:35.198+0000] {dagbag.py:588} INFO - Filling up the DagBag from /opt/airflow/dags/avito_to_raw_midraw.py
[2026-08-02T00:29:37.154+0000] {processor.py:925} INFO - DAG(s) 'avito_to_raw_midraw' retrieved from /opt/airflow/dags/avito_to_raw_midraw.py
[2026-08-02T00:29:39.436+0000] {logging_mixin.py:190} INFO - [2026-08-02T00:29:39.435+0000] {dag.py:3239} INFO - Sync 1 DAGs
[2026-08-02T00:29:39.709+0000] {logging_mixin.py:190} INFO - [2026-08-02T00:29:39.709+0000] {dag.py:4180} INFO - Setting next_dagrun for avito_to_raw_midraw to 2026-08-02 00:00:00+00:00, run_after=2026-08-02 01:00:00+00:00
[2026-08-02T00:29:40.097+0000] {processor.py:208} INFO - Processing /opt/airflow/dags/avito_to_raw_midraw.py took 5.046 seconds
[2026-08-02T00:30:11.605+0000] {processor.py:186} INFO - Started process (PID=745) to work on /opt/airflow/dags/avito_to_raw_midraw.py
[2026-08-02T00:30:11.762+0000] {processor.py:914} INFO - Processing file /opt/airflow/dags/avito_to_raw_midraw.py for tasks to queue
[2026-08-02T00:30:11.890+0000] {logging_mixin.py:190} INFO - [2026-08-02T00:30:11.890+0000] {dagbag.py:588} INFO - Filling up the DagBag from /opt/airflow/dags/avito_to_raw_midraw.py
[2026-08-02T00:30:12.989+0000] {processor.py:925} INFO - DAG(s) 'avito_to_raw_midraw' retrieved from /opt/airflow/dags/avito_to_raw_midraw.py
[2026-08-02T00:30:14.017+0000] {logging_mixin.py:190} INFO - [2026-08-02T00:30:13.996+0000] {dag.py:3239} INFO - Sync 1 DAGs
[2026-08-02T00:30:14.338+0000] {logging_mixin.py:190} INFO - [2026-08-02T00:30:14.337+0000] {dag.py:4180} INFO - Setting next_dagrun for avito_to_raw_midraw to 2026-08-02 00:00:00+00:00, run_after=2026-08-02 01:00:00+00:00
[2026-08-02T00:30:15.021+0000] {processor.py:208} INFO - Processing /opt/airflow/dags/avito_to_raw_midraw.py took 3.629 seconds
[2026-08-02T00:30:46.206+0000] {processor.py:186} INFO - Started process (PID=747) to work on /opt/airflow/dags/avito_to_raw_midraw.py
[2026-08-02T00:30:46.259+0000] {processor.py:914} INFO - Processing file /opt/airflow/dags/avito_to_raw_midraw.py for tasks to queue
[2026-08-02T00:30:46.382+0000] {logging_mixin.py:190} INFO - [2026-08-02T00:30:46.381+0000] {dagbag.py:588} INFO - Filling up the DagBag from /opt/airflow/dags/avito_to_raw_midraw.py
[2026-08-02T00:30:47.744+0000] {processor.py:925} INFO - DAG(s) 'avito_to_raw_midraw' retrieved from /opt/airflow/dags/avito_to_raw_midraw.py
[2026-08-02T00:30:48.550+0000] {logging_mixin.py:190} INFO - [2026-08-02T00:30:48.542+0000] {dag.py:3239} INFO - Sync 1 DAGs
[2026-08-02T00:30:49.588+0000] {logging_mixin.py:190} INFO - [2026-08-02T00:30:49.588+0000] {dag.py:4180} INFO - Setting next_dagrun for avito_to_raw_midraw to 2026-08-02 00:00:00+00:00, run_after=2026-08-02 01:00:00+00:00
[2026-08-02T00:30:50.189+0000] {processor.py:208} INFO - Processing /opt/airflow/dags/avito_to_raw_midraw.py took 3.999 seconds
[2026-08-02T00:31:21.284+0000] {processor.py:186} INFO - Started process (PID=749) to work on /opt/airflow/dags/avito_to_raw_midraw.py
[2026-08-02T00:31:21.343+0000] {processor.py:914} INFO - Processing file /opt/airflow/dags/avito_to_raw_midraw.py for tasks to queue
[2026-08-02T00:31:21.384+0000] {logging_mixin.py:190} INFO - [2026-08-02T00:31:21.383+0000] {dagbag.py:588} INFO - Filling up the DagBag from /opt/airflow/dags/avito_to_raw_midraw.py
[2026-08-02T00:31:22.505+0000] {processor.py:925} INFO - DAG(s) 'avito_to_raw_midraw' retrieved from /opt/airflow/dags/avito_to_raw_midraw.py
[2026-08-02T00:31:23.552+0000] {logging_mixin.py:190} INFO - [2026-08-02T00:31:23.551+0000] {dag.py:3239} INFO - Sync 1 DAGs
[2026-08-02T00:31:23.982+0000] {logging_mixin.py:190} INFO - [2026-08-02T00:31:23.982+0000] {dag.py:4180} INFO - Setting next_dagrun for avito_to_raw_midraw to 2026-08-02 00:00:00+00:00, run_after=2026-08-02 01:00:00+00:00
[2026-08-02T00:31:25.078+0000] {processor.py:208} INFO - Processing /opt/airflow/dags/avito_to_raw_midraw.py took 3.910 seconds
[2026-08-02T00:31:56.367+0000] {processor.py:186} INFO - Started process (PID=751) to work on /opt/airflow/dags/avito_to_raw_midraw.py
[2026-08-02T00:31:56.525+0000] {processor.py:914} INFO - Processing file /opt/airflow/dags/avito_to_raw_midraw.py for tasks to queue
[2026-08-02T00:31:56.534+0000] {logging_mixin.py:190} INFO - [2026-08-02T00:31:56.530+0000] {dagbag.py:588} INFO - Filling up the DagBag from /opt/airflow/dags/avito_to_raw_midraw.py
[2026-08-02T00:31:57.257+0000] {processor.py:925} INFO - DAG(s) 'avito_to_raw_midraw' retrieved from /opt/airflow/dags/avito_to_raw_midraw.py
[2026-08-02T00:31:57.940+0000] {logging_mixin.py:190} INFO - [2026-08-02T00:31:57.930+0000] {dag.py:3239} INFO - Sync 1 DAGs
[2026-08-02T00:31:58.441+0000] {logging_mixin.py:190} INFO - [2026-08-02T00:31:58.440+0000] {dag.py:4180} INFO - Setting next_dagrun for avito_to_raw_midraw to 2026-08-02 00:00:00+00:00, run_after=2026-08-02 01:00:00+00:00
[2026-08-02T00:31:59.008+0000] {processor.py:208} INFO - Processing /opt/airflow/dags/avito_to_raw_midraw.py took 2.694 seconds
[2026-08-02T00:32:30.912+0000] {processor.py:186} INFO - Started process (PID=753) to work on /opt/airflow/dags/avito_to_raw_midraw.py
[2026-08-02T00:32:30.966+0000] {processor.py:914} INFO - Processing file /opt/airflow/dags/avito_to_raw_midraw.py for tasks to queue
[2026-08-02T00:32:31.028+0000] {logging_mixin.py:190} INFO - [2026-08-02T00:32:31.027+0000] {dagbag.py:588} INFO - Filling up the DagBag from /opt/airflow/dags/avito_to_raw_midraw.py
[2026-08-02T00:32:31.903+0000] {processor.py:925} INFO - DAG(s) 'avito_to_raw_midraw' retrieved from /opt/airflow/dags/avito_to_raw_midraw.py
[2026-08-02T00:32:33.443+0000] {logging_mixin.py:190} INFO - [2026-08-02T00:32:33.443+0000] {dag.py:3239} INFO - Sync 1 DAGs
[2026-08-02T00:32:33.861+0000] {logging_mixin.py:190} INFO - [2026-08-02T00:32:33.852+0000] {dag.py:4180} INFO - Setting next_dagrun for avito_to_raw_midraw to 2026-08-02 00:00:00+00:00, run_after=2026-08-02 01:00:00+00:00
[2026-08-02T00:32:34.403+0000] {processor.py:208} INFO - Processing /opt/airflow/dags/avito_to_raw_midraw.py took 3.628 seconds
[2026-08-02T00:33:05.891+0000] {processor.py:186} INFO - Started process (PID=755) to work on /opt/airflow/dags/avito_to_raw_midraw.py
[2026-08-02T00:33:05.932+0000] {processor.py:914} INFO - Processing file /opt/airflow/dags/avito_to_raw_midraw.py for tasks to queue
[2026-08-02T00:33:05.986+0000] {logging_mixin.py:190} INFO - [2026-08-02T00:33:05.974+0000] {dagbag.py:588} INFO - Filling up the DagBag from /opt/airflow/dags/avito_to_raw_midraw.py
[2026-08-02T00:33:06.658+0000] {processor.py:925} INFO - DAG(s) 'avito_to_raw_midraw' retrieved from /opt/airflow/dags/avito_to_raw_midraw.py
[2026-08-02T00:33:07.680+0000] {logging_mixin.py:190} INFO - [2026-08-02T00:33:07.679+0000] {dag.py:3239} INFO - Sync 1 DAGs
[2026-08-02T00:33:08.103+0000] {logging_mixin.py:190} INFO - [2026-08-02T00:33:08.103+0000] {dag.py:4180} INFO - Setting next_dagrun for avito_to_raw_midraw to 2026-08-02 00:00:00+00:00, run_after=2026-08-02 01:00:00+00:00
[2026-08-02T00:33:08.774+0000] {processor.py:208} INFO - Processing /opt/airflow/dags/avito_to_raw_midraw.py took 2.963 seconds
[2026-08-02T00:33:41.334+0000] {processor.py:186} INFO - Started process (PID=757) to work on /opt/airflow/dags/avito_to_raw_midraw.py
[2026-08-02T00:33:41.398+0000] {processor.py:914} INFO - Processing file /opt/airflow/dags/avito_to_raw_midraw.py for tasks to queue
[2026-08-02T00:33:41.408+0000] {logging_mixin.py:190} INFO - [2026-08-02T00:33:41.407+0000] {dagbag.py:588} INFO - Filling up the DagBag from /opt/airflow/dags/avito_to_raw_midraw.py
[2026-08-02T00:33:41.937+0000] {processor.py:925} INFO - DAG(s) 'avito_to_raw_midraw' retrieved from /opt/airflow/dags/avito_to_raw_midraw.py
[2026-08-02T00:33:43.790+0000] {logging_mixin.py:190} INFO - [2026-08-02T00:33:43.788+0000] {dag.py:3239} INFO - Sync 1 DAGs
[2026-08-02T00:33:44.152+0000] {logging_mixin.py:190} INFO - [2026-08-02T00:33:44.151+0000] {dag.py:4180} INFO - Setting next_dagrun for avito_to_raw_midraw to 2026-08-02 00:00:00+00:00, run_after=2026-08-02 01:00:00+00:00
[2026-08-02T00:33:44.608+0000] {processor.py:208} INFO - Processing /opt/airflow/dags/avito_to_raw_midraw.py took 3.441 seconds
[2026-08-02T00:34:17.060+0000] {processor.py:186} INFO - Started process (PID=759) to work on /opt/airflow/dags/avito_to_raw_midraw.py
[2026-08-02T00:34:17.228+0000] {processor.py:914} INFO - Processing file /opt/airflow/dags/avito_to_raw_midraw.py for tasks to queue
[2026-08-02T00:34:17.663+0000] {logging_mixin.py:190} INFO - [2026-08-02T00:34:17.663+0000] {dagbag.py:588} INFO - Filling up the DagBag from /opt/airflow/dags/avito_to_raw_midraw.py
[2026-08-02T00:34:17.957+0000] {processor.py:925} INFO - DAG(s) 'avito_to_raw_midraw' retrieved from /opt/airflow/dags/avito_to_raw_midraw.py
[2026-08-02T00:34:19.208+0000] {logging_mixin.py:190} INFO - [2026-08-02T00:34:19.207+0000] {dag.py:3239} INFO - Sync 1 DAGs
[2026-08-02T00:34:19.514+0000] {logging_mixin.py:190} INFO - [2026-08-02T00:34:19.506+0000] {dag.py:4180} INFO - Setting next_dagrun for avito_to_raw_midraw to 2026-08-02 00:00:00+00:00, run_after=2026-08-02 01:00:00+00:00
[2026-08-02T00:34:20.143+0000] {processor.py:208} INFO - Processing /opt/airflow/dags/avito_to_raw_midraw.py took 3.193 seconds
[2026-08-02T00:34:51.748+0000] {processor.py:186} INFO - Started process (PID=761) to work on /opt/airflow/dags/avito_to_raw_midraw.py
[2026-08-02T00:34:51.770+0000] {processor.py:914} INFO - Processing file /opt/airflow/dags/avito_to_raw_midraw.py for tasks to queue
[2026-08-02T00:34:51.826+0000] {logging_mixin.py:190} INFO - [2026-08-02T00:34:51.809+0000] {dagbag.py:588} INFO - Filling up the DagBag from /opt/airflow/dags/avito_to_raw_midraw.py
[2026-08-02T00:34:52.296+0000] {processor.py:925} INFO - DAG(s) 'avito_to_raw_midraw' retrieved from /opt/airflow/dags/avito_to_raw_midraw.py
[2026-08-02T00:34:53.700+0000] {logging_mixin.py:190} INFO - [2026-08-02T00:34:53.699+0000] {dag.py:3239} INFO - Sync 1 DAGs
[2026-08-02T00:34:54.216+0000] {logging_mixin.py:190} INFO - [2026-08-02T00:34:54.216+0000] {dag.py:4180} INFO - Setting next_dagrun for avito_to_raw_midraw to 2026-08-02 00:00:00+00:00, run_after=2026-08-02 01:00:00+00:00
[2026-08-02T00:34:54.992+0000] {processor.py:208} INFO - Processing /opt/airflow/dags/avito_to_raw_midraw.py took 3.297 seconds
[2026-08-02T00:35:26.980+0000] {processor.py:186} INFO - Started process (PID=763) to work on /opt/airflow/dags/avito_to_raw_midraw.py
[2026-08-02T00:35:27.263+0000] {processor.py:914} INFO - Processing file /opt/airflow/dags/avito_to_raw_midraw.py for tasks to queue
[2026-08-02T00:35:27.534+0000] {logging_mixin.py:190} INFO - [2026-08-02T00:35:27.470+0000] {dagbag.py:588} INFO - Filling up the DagBag from /opt/airflow/dags/avito_to_raw_midraw.py
[2026-08-02T00:35:28.288+0000] {processor.py:925} INFO - DAG(s) 'avito_to_raw_midraw' retrieved from /opt/airflow/dags/avito_to_raw_midraw.py
[2026-08-02T00:35:29.108+0000] {logging_mixin.py:190} INFO - [2026-08-02T00:35:29.093+0000] {dag.py:3239} INFO - Sync 1 DAGs
[2026-08-02T00:35:29.466+0000] {logging_mixin.py:190} INFO - [2026-08-02T00:35:29.466+0000] {dag.py:4180} INFO - Setting next_dagrun for avito_to_raw_midraw to 2026-08-02 00:00:00+00:00, run_after=2026-08-02 01:00:00+00:00
[2026-08-02T00:35:30.246+0000] {processor.py:208} INFO - Processing /opt/airflow/dags/avito_to_raw_midraw.py took 3.315 seconds
[2026-08-02T00:36:04.654+0000] {processor.py:186} INFO - Started process (PID=765) to work on /opt/airflow/dags/avito_to_raw_midraw.py
[2026-08-02T00:36:04.737+0000] {processor.py:914} INFO - Processing file /opt/airflow/dags/avito_to_raw_midraw.py for tasks to queue
[2026-08-02T00:36:04.766+0000] {logging_mixin.py:190} INFO - [2026-08-02T00:36:04.759+0000] {dagbag.py:588} INFO - Filling up the DagBag from /opt/airflow/dags/avito_to_raw_midraw.py
[2026-08-02T00:36:05.731+0000] {processor.py:925} INFO - DAG(s) 'avito_to_raw_midraw' retrieved from /opt/airflow/dags/avito_to_raw_midraw.py
[2026-08-02T00:36:06.700+0000] {logging_mixin.py:190} INFO - [2026-08-02T00:36:06.699+0000] {dag.py:3239} INFO - Sync 1 DAGs
[2026-08-02T00:36:07.705+0000] {logging_mixin.py:190} INFO - [2026-08-02T00:36:07.704+0000] {dag.py:4180} INFO - Setting next_dagrun for avito_to_raw_midraw to 2026-08-02 00:00:00+00:00, run_after=2026-08-02 01:00:00+00:00
[2026-08-02T00:36:08.108+0000] {processor.py:208} INFO - Processing /opt/airflow/dags/avito_to_raw_midraw.py took 3.526 seconds
[2026-08-02T00:36:39.277+0000] {processor.py:186} INFO - Started process (PID=767) to work on /opt/airflow/dags/avito_to_raw_midraw.py
[2026-08-02T00:36:39.391+0000] {processor.py:914} INFO - Processing file /opt/airflow/dags/avito_to_raw_midraw.py for tasks to queue
[2026-08-02T00:36:39.406+0000] {logging_mixin.py:190} INFO - [2026-08-02T00:36:39.399+0000] {dagbag.py:588} INFO - Filling up the DagBag from /opt/airflow/dags/avito_to_raw_midraw.py
[2026-08-02T00:36:40.961+0000] {processor.py:925} INFO - DAG(s) 'avito_to_raw_midraw' retrieved from /opt/airflow/dags/avito_to_raw_midraw.py
[2026-08-02T00:36:42.160+0000] {logging_mixin.py:190} INFO - [2026-08-02T00:36:42.160+0000] {dag.py:3239} INFO - Sync 1 DAGs
[2026-08-02T00:36:42.502+0000] {logging_mixin.py:190} INFO - [2026-08-02T00:36:42.491+0000] {dag.py:4180} INFO - Setting next_dagrun for avito_to_raw_midraw to 2026-08-02 00:00:00+00:00, run_after=2026-08-02 01:00:00+00:00
[2026-08-02T00:36:43.147+0000] {processor.py:208} INFO - Processing /opt/airflow/dags/avito_to_raw_midraw.py took 3.950 seconds
[2026-08-02T00:37:14.607+0000] {processor.py:186} INFO - Started process (PID=769) to work on /opt/airflow/dags/avito_to_raw_midraw.py
[2026-08-02T00:37:14.663+0000] {processor.py:914} INFO - Processing file /opt/airflow/dags/avito_to_raw_midraw.py for tasks to queue
[2026-08-02T00:37:14.732+0000] {logging_mixin.py:190} INFO - [2026-08-02T00:37:14.704+0000] {dagbag.py:588} INFO - Filling up the DagBag from /opt/airflow/dags/avito_to_raw_midraw.py
[2026-08-02T00:37:16.046+0000] {processor.py:925} INFO - DAG(s) 'avito_to_raw_midraw' retrieved from /opt/airflow/dags/avito_to_raw_midraw.py
[2026-08-02T00:37:17.085+0000] {logging_mixin.py:190} INFO - [2026-08-02T00:37:17.084+0000] {dag.py:3239} INFO - Sync 1 DAGs
[2026-08-02T00:37:17.392+0000] {logging_mixin.py:190} INFO - [2026-08-02T00:37:17.392+0000] {dag.py:4180} INFO - Setting next_dagrun for avito_to_raw_midraw to 2026-08-02 00:00:00+00:00, run_after=2026-08-02 01:00:00+00:00
[2026-08-02T00:37:17.896+0000] {processor.py:208} INFO - Processing /opt/airflow/dags/avito_to_raw_midraw.py took 3.336 seconds
[2026-08-02T00:37:49.045+0000] {processor.py:186} INFO - Started process (PID=771) to work on /opt/airflow/dags/avito_to_raw_midraw.py
[2026-08-02T00:37:49.061+0000] {processor.py:914} INFO - Processing file /opt/airflow/dags/avito_to_raw_midraw.py for tasks to queue
[2026-08-02T00:37:49.075+0000] {logging_mixin.py:190} INFO - [2026-08-02T00:37:49.063+0000] {dagbag.py:588} INFO - Filling up the DagBag from /opt/airflow/dags/avito_to_raw_midraw.py
[2026-08-02T00:37:49.789+0000] {processor.py:925} INFO - DAG(s) 'avito_to_raw_midraw' retrieved from /opt/airflow/dags/avito_to_raw_midraw.py
[2026-08-02T00:37:50.444+0000] {logging_mixin.py:190} INFO - [2026-08-02T00:37:50.443+0000] {dag.py:3239} INFO - Sync 1 DAGs
[2026-08-02T00:37:50.873+0000] {logging_mixin.py:190} INFO - [2026-08-02T00:37:50.873+0000] {dag.py:4180} INFO - Setting next_dagrun for avito_to_raw_midraw to 2026-08-02 00:00:00+00:00, run_after=2026-08-02 01:00:00+00:00
[2026-08-02T00:37:51.732+0000] {processor.py:208} INFO - Processing /opt/airflow/dags/avito_to_raw_midraw.py took 2.765 seconds
[2026-08-02T00:38:22.812+0000] {processor.py:186} INFO - Started process (PID=773) to work on /opt/airflow/dags/avito_to_raw_midraw.py
[2026-08-02T00:38:22.892+0000] {processor.py:914} INFO - Processing file /opt/airflow/dags/avito_to_raw_midraw.py for tasks to queue
[2026-08-02T00:38:22.906+0000] {logging_mixin.py:190} INFO - [2026-08-02T00:38:22.905+0000] {dagbag.py:588} INFO - Filling up the DagBag from /opt/airflow/dags/avito_to_raw_midraw.py
[2026-08-02T00:38:24.162+0000] {processor.py:925} INFO - DAG(s) 'avito_to_raw_midraw' retrieved from /opt/airflow/dags/avito_to_raw_midraw.py
[2026-08-02T00:38:25.500+0000] {logging_mixin.py:190} INFO - [2026-08-02T00:38:25.499+0000] {dag.py:3239} INFO - Sync 1 DAGs
[2026-08-02T00:38:26.255+0000] {logging_mixin.py:190} INFO - [2026-08-02T00:38:26.254+0000] {dag.py:4180} INFO - Setting next_dagrun for avito_to_raw_midraw to 2026-08-02 00:00:00+00:00, run_after=2026-08-02 01:00:00+00:00
[2026-08-02T00:38:26.631+0000] {processor.py:208} INFO - Processing /opt/airflow/dags/avito_to_raw_midraw.py took 3.939 seconds
[2026-08-02T00:38:57.646+0000] {processor.py:186} INFO - Started process (PID=775) to work on /opt/airflow/dags/avito_to_raw_midraw.py
[2026-08-02T00:38:57.686+0000] {processor.py:914} INFO - Processing file /opt/airflow/dags/avito_to_raw_midraw.py for tasks to queue
[2026-08-02T00:38:57.753+0000] {logging_mixin.py:190} INFO - [2026-08-02T00:38:57.753+0000] {dagbag.py:588} INFO - Filling up the DagBag from /opt/airflow/dags/avito_to_raw_midraw.py
[2026-08-02T00:38:58.955+0000] {processor.py:925} INFO - DAG(s) 'avito_to_raw_midraw' retrieved from /opt/airflow/dags/avito_to_raw_midraw.py
[2026-08-02T00:39:00.233+0000] {logging_mixin.py:190} INFO - [2026-08-02T00:39:00.223+0000] {dag.py:3239} INFO - Sync 1 DAGs
[2026-08-02T00:39:00.471+0000] {logging_mixin.py:190} INFO - [2026-08-02T00:39:00.471+0000] {dag.py:4180} INFO - Setting next_dagrun for avito_to_raw_midraw to 2026-08-02 00:00:00+00:00, run_after=2026-08-02 01:00:00+00:00
[2026-08-02T00:39:00.901+0000] {processor.py:208} INFO - Processing /opt/airflow/dags/avito_to_raw_midraw.py took 3.351 seconds
[2026-08-02T00:39:32.109+0000] {processor.py:186} INFO - Started process (PID=777) to work on /opt/airflow/dags/avito_to_raw_midraw.py
[2026-08-02T00:39:32.267+0000] {processor.py:914} INFO - Processing file /opt/airflow/dags/avito_to_raw_midraw.py for tasks to queue
[2026-08-02T00:39:32.275+0000] {logging_mixin.py:190} INFO - [2026-08-02T00:39:32.274+0000] {dagbag.py:588} INFO - Filling up the DagBag from /opt/airflow/dags/avito_to_raw_midraw.py
[2026-08-02T00:39:33.684+0000] {processor.py:925} INFO - DAG(s) 'avito_to_raw_midraw' retrieved from /opt/airflow/dags/avito_to_raw_midraw.py
[2026-08-02T00:39:35.283+0000] {logging_mixin.py:190} INFO - [2026-08-02T00:39:35.283+0000] {dag.py:3239} INFO - Sync 1 DAGs
[2026-08-02T00:39:35.569+0000] {logging_mixin.py:190} INFO - [2026-08-02T00:39:35.568+0000] {dag.py:4180} INFO - Setting next_dagrun for avito_to_raw_midraw to 2026-08-02 00:00:00+00:00, run_after=2026-08-02 01:00:00+00:00
[2026-08-02T00:39:36.285+0000] {processor.py:208} INFO - Processing /opt/airflow/dags/avito_to_raw_midraw.py took 4.214 seconds
[2026-08-02T00:40:07.412+0000] {processor.py:186} INFO - Started process (PID=779) to work on /opt/airflow/dags/avito_to_raw_midraw.py
[2026-08-02T00:40:07.478+0000] {processor.py:914} INFO - Processing file /opt/airflow/dags/avito_to_raw_midraw.py for tasks to queue
[2026-08-02T00:40:07.602+0000] {logging_mixin.py:190} INFO - [2026-08-02T00:40:07.569+0000] {dagbag.py:588} INFO - Filling up the DagBag from /opt/airflow/dags/avito_to_raw_midraw.py
[2026-08-02T00:40:09.076+0000] {processor.py:925} INFO - DAG(s) 'avito_to_raw_midraw' retrieved from /opt/airflow/dags/avito_to_raw_midraw.py
[2026-08-02T00:40:10.758+0000] {logging_mixin.py:190} INFO - [2026-08-02T00:40:10.742+0000] {dag.py:3239} INFO - Sync 1 DAGs
[2026-08-02T00:40:11.046+0000] {logging_mixin.py:190} INFO - [2026-08-02T00:40:11.015+0000] {dag.py:4180} INFO - Setting next_dagrun for avito_to_raw_midraw to 2026-08-02 00:00:00+00:00, run_after=2026-08-02 01:00:00+00:00
[2026-08-02T00:40:11.463+0000] {processor.py:208} INFO - Processing /opt/airflow/dags/avito_to_raw_midraw.py took 4.172 seconds
[2026-08-02T00:40:42.769+0000] {processor.py:186} INFO - Started process (PID=781) to work on /opt/airflow/dags/avito_to_raw_midraw.py
[2026-08-02T00:40:42.784+0000] {processor.py:914} INFO - Processing file /opt/airflow/dags/avito_to_raw_midraw.py for tasks to queue
[2026-08-02T00:40:42.835+0000] {logging_mixin.py:190} INFO - [2026-08-02T00:40:42.834+0000] {dagbag.py:588} INFO - Filling up the DagBag from /opt/airflow/dags/avito_to_raw_midraw.py
[2026-08-02T00:40:44.361+0000] {processor.py:925} INFO - DAG(s) 'avito_to_raw_midraw' retrieved from /opt/airflow/dags/avito_to_raw_midraw.py
[2026-08-02T00:40:44.765+0000] {logging_mixin.py:190} INFO - [2026-08-02T00:40:44.758+0000] {dag.py:3239} INFO - Sync 1 DAGs
[2026-08-02T00:40:45.280+0000] {logging_mixin.py:190} INFO - [2026-08-02T00:40:45.280+0000] {dag.py:4180} INFO - Setting next_dagrun for avito_to_raw_midraw to 2026-08-02 00:00:00+00:00, run_after=2026-08-02 01:00:00+00:00
[2026-08-02T00:40:46.055+0000] {processor.py:208} INFO - Processing /opt/airflow/dags/avito_to_raw_midraw.py took 3.349 seconds
[2026-08-02T00:41:17.307+0000] {processor.py:186} INFO - Started process (PID=783) to work on /opt/airflow/dags/avito_to_raw_midraw.py
[2026-08-02T00:41:17.342+0000] {processor.py:914} INFO - Processing file /opt/airflow/dags/avito_to_raw_midraw.py for tasks to queue
[2026-08-02T00:41:17.385+0000] {logging_mixin.py:190} INFO - [2026-08-02T00:41:17.384+0000] {dagbag.py:588} INFO - Filling up the DagBag from /opt/airflow/dags/avito_to_raw_midraw.py
[2026-08-02T00:41:19.067+0000] {processor.py:925} INFO - DAG(s) 'avito_to_raw_midraw' retrieved from /opt/airflow/dags/avito_to_raw_midraw.py
[2026-08-02T00:41:20.700+0000] {logging_mixin.py:190} INFO - [2026-08-02T00:41:20.700+0000] {dag.py:3239} INFO - Sync 1 DAGs
[2026-08-02T00:41:20.953+0000] {logging_mixin.py:190} INFO - [2026-08-02T00:41:20.943+0000] {dag.py:4180} INFO - Setting next_dagrun for avito_to_raw_midraw to 2026-08-02 00:00:00+00:00, run_after=2026-08-02 01:00:00+00:00
[2026-08-02T00:41:21.288+0000] {processor.py:208} INFO - Processing /opt/airflow/dags/avito_to_raw_midraw.py took 4.029 seconds
[2026-08-02T00:41:53.423+0000] {processor.py:186} INFO - Started process (PID=785) to work on /opt/airflow/dags/avito_to_raw_midraw.py
[2026-08-02T00:41:53.483+0000] {processor.py:914} INFO - Processing file /opt/airflow/dags/avito_to_raw_midraw.py for tasks to queue
[2026-08-02T00:41:53.708+0000] {logging_mixin.py:190} INFO - [2026-08-02T00:41:53.699+0000] {dagbag.py:588} INFO - Filling up the DagBag from /opt/airflow/dags/avito_to_raw_midraw.py
[2026-08-02T00:41:54.555+0000] {processor.py:925} INFO - DAG(s) 'avito_to_raw_midraw' retrieved from /opt/airflow/dags/avito_to_raw_midraw.py
[2026-08-02T00:41:55.160+0000] {logging_mixin.py:190} INFO - [2026-08-02T00:41:55.160+0000] {dag.py:3239} INFO - Sync 1 DAGs
[2026-08-02T00:41:55.733+0000] {logging_mixin.py:190} INFO - [2026-08-02T00:41:55.733+0000] {dag.py:4180} INFO - Setting next_dagrun for avito_to_raw_midraw to 2026-08-02 00:00:00+00:00, run_after=2026-08-02 01:00:00+00:00
[2026-08-02T00:41:56.435+0000] {processor.py:208} INFO - Processing /opt/airflow/dags/avito_to_raw_midraw.py took 3.080 seconds
[2026-08-02T00:42:58.489+0000] {processor.py:186} INFO - Started process (PID=787) to work on /opt/airflow/dags/avito_to_raw_midraw.py
[2026-08-02T00:42:58.557+0000] {processor.py:914} INFO - Processing file /opt/airflow/dags/avito_to_raw_midraw.py for tasks to queue
[2026-08-02T00:42:58.924+0000] {logging_mixin.py:190} INFO - [2026-08-02T00:42:58.923+0000] {dagbag.py:588} INFO - Filling up the DagBag from /opt/airflow/dags/avito_to_raw_midraw.py
[2026-08-02T00:43:02.108+0000] {processor.py:925} INFO - DAG(s) 'avito_to_raw_midraw' retrieved from /opt/airflow/dags/avito_to_raw_midraw.py
[2026-08-02T00:43:06.606+0000] {logging_mixin.py:190} INFO - [2026-08-02T00:43:06.605+0000] {dag.py:3239} INFO - Sync 1 DAGs
[2026-08-02T00:43:07.190+0000] {logging_mixin.py:190} INFO - [2026-08-02T00:43:07.190+0000] {dag.py:4180} INFO - Setting next_dagrun for avito_to_raw_midraw to 2026-08-02 00:00:00+00:00, run_after=2026-08-02 01:00:00+00:00
[2026-08-02T00:43:07.569+0000] {processor.py:208} INFO - Processing /opt/airflow/dags/avito_to_raw_midraw.py took 15.532 seconds
[2026-08-02T00:43:44.614+0000] {processor.py:186} INFO - Started process (PID=789) to work on /opt/airflow/dags/avito_to_raw_midraw.py
[2026-08-02T00:43:44.991+0000] {processor.py:914} INFO - Processing file /opt/airflow/dags/avito_to_raw_midraw.py for tasks to queue
[2026-08-02T00:43:45.189+0000] {logging_mixin.py:190} INFO - [2026-08-02T00:43:45.189+0000] {dagbag.py:588} INFO - Filling up the DagBag from /opt/airflow/dags/avito_to_raw_midraw.py
[2026-08-02T00:43:45.621+0000] {processor.py:925} INFO - DAG(s) 'avito_to_raw_midraw' retrieved from /opt/airflow/dags/avito_to_raw_midraw.py
[2026-08-02T00:43:47.340+0000] {logging_mixin.py:190} INFO - [2026-08-02T00:43:47.339+0000] {dag.py:3239} INFO - Sync 1 DAGs
[2026-08-02T00:43:51.495+0000] {logging_mixin.py:190} INFO - [2026-08-02T00:43:51.494+0000] {dag.py:4180} INFO - Setting next_dagrun for avito_to_raw_midraw to 2026-08-02 00:00:00+00:00, run_after=2026-08-02 01:00:00+00:00
[2026-08-02T00:43:52.002+0000] {processor.py:208} INFO - Processing /opt/airflow/dags/avito_to_raw_midraw.py took 8.301 seconds
[2026-08-02T00:44:27.874+0000] {processor.py:186} INFO - Started process (PID=791) to work on /opt/airflow/dags/avito_to_raw_midraw.py
[2026-08-02T00:44:28.081+0000] {processor.py:914} INFO - Processing file /opt/airflow/dags/avito_to_raw_midraw.py for tasks to queue
[2026-08-02T00:44:28.491+0000] {logging_mixin.py:190} INFO - [2026-08-02T00:44:28.490+0000] {dagbag.py:588} INFO - Filling up the DagBag from /opt/airflow/dags/avito_to_raw_midraw.py
[2026-08-02T00:44:29.597+0000] {processor.py:925} INFO - DAG(s) 'avito_to_raw_midraw' retrieved from /opt/airflow/dags/avito_to_raw_midraw.py
[2026-08-02T00:44:33.538+0000] {logging_mixin.py:190} INFO - [2026-08-02T00:44:33.537+0000] {dag.py:3239} INFO - Sync 1 DAGs
[2026-08-02T00:44:34.466+0000] {logging_mixin.py:190} INFO - [2026-08-02T00:44:34.465+0000] {dag.py:4180} INFO - Setting next_dagrun for avito_to_raw_midraw to 2026-08-02 00:00:00+00:00, run_after=2026-08-02 01:00:00+00:00
[2026-08-02T00:44:38.117+0000] {processor.py:208} INFO - Processing /opt/airflow/dags/avito_to_raw_midraw.py took 10.771 seconds
[2026-08-02T00:45:09.783+0000] {processor.py:186} INFO - Started process (PID=792) to work on /opt/airflow/dags/avito_to_raw_midraw.py
[2026-08-02T00:45:09.785+0000] {processor.py:914} INFO - Processing file /opt/airflow/dags/avito_to_raw_midraw.py for tasks to queue
[2026-08-02T00:45:09.788+0000] {logging_mixin.py:190} INFO - [2026-08-02T00:45:09.788+0000] {dagbag.py:588} INFO - Filling up the DagBag from /opt/airflow/dags/avito_to_raw_midraw.py
[2026-08-02T00:45:09.862+0000] {processor.py:925} INFO - DAG(s) 'avito_to_raw_midraw' retrieved from /opt/airflow/dags/avito_to_raw_midraw.py
[2026-08-02T00:45:09.946+0000] {logging_mixin.py:190} INFO - [2026-08-02T00:45:09.945+0000] {dag.py:3239} INFO - Sync 1 DAGs
[2026-08-02T00:45:10.168+0000] {logging_mixin.py:190} INFO - [2026-08-02T00:45:10.164+0000] {dag.py:4180} INFO - Setting next_dagrun for avito_to_raw_midraw to 2026-08-02 00:00:00+00:00, run_after=2026-08-02 01:00:00+00:00
[2026-08-02T00:45:10.303+0000] {processor.py:208} INFO - Processing /opt/airflow/dags/avito_to_raw_midraw.py took 0.539 seconds
[2026-08-02T00:45:41.033+0000] {processor.py:186} INFO - Started process (PID=794) to work on /opt/airflow/dags/avito_to_raw_midraw.py
[2026-08-02T00:45:41.042+0000] {processor.py:914} INFO - Processing file /opt/airflow/dags/avito_to_raw_midraw.py for tasks to queue
[2026-08-02T00:45:41.057+0000] {logging_mixin.py:190} INFO - [2026-08-02T00:45:41.056+0000] {dagbag.py:588} INFO - Filling up the DagBag from /opt/airflow/dags/avito_to_raw_midraw.py
[2026-08-02T00:45:41.355+0000] {processor.py:925} INFO - DAG(s) 'avito_to_raw_midraw' retrieved from /opt/airflow/dags/avito_to_raw_midraw.py
[2026-08-02T00:45:42.461+0000] {logging_mixin.py:190} INFO - [2026-08-02T00:45:42.461+0000] {dag.py:3239} INFO - Sync 1 DAGs
[2026-08-02T00:45:42.790+0000] {logging_mixin.py:190} INFO - [2026-08-02T00:45:42.790+0000] {dag.py:4180} INFO - Setting next_dagrun for avito_to_raw_midraw to 2026-08-02 00:00:00+00:00, run_after=2026-08-02 01:00:00+00:00
[2026-08-02T00:45:43.911+0000] {processor.py:208} INFO - Processing /opt/airflow/dags/avito_to_raw_midraw.py took 2.936 seconds
[2026-08-02T00:46:15.235+0000] {processor.py:186} INFO - Started process (PID=796) to work on /opt/airflow/dags/avito_to_raw_midraw.py
[2026-08-02T00:46:15.274+0000] {processor.py:914} INFO - Processing file /opt/airflow/dags/avito_to_raw_midraw.py for tasks to queue
[2026-08-02T00:46:15.340+0000] {logging_mixin.py:190} INFO - [2026-08-02T00:46:15.333+0000] {dagbag.py:588} INFO - Filling up the DagBag from /opt/airflow/dags/avito_to_raw_midraw.py
[2026-08-02T00:46:16.567+0000] {processor.py:925} INFO - DAG(s) 'avito_to_raw_midraw' retrieved from /opt/airflow/dags/avito_to_raw_midraw.py
[2026-08-02T00:46:17.185+0000] {logging_mixin.py:190} INFO - [2026-08-02T00:46:17.184+0000] {dag.py:3239} INFO - Sync 1 DAGs
[2026-08-02T00:46:17.806+0000] {logging_mixin.py:190} INFO - [2026-08-02T00:46:17.806+0000] {dag.py:4180} INFO - Setting next_dagrun for avito_to_raw_midraw to 2026-08-02 00:00:00+00:00, run_after=2026-08-02 01:00:00+00:00
[2026-08-02T00:46:18.214+0000] {processor.py:208} INFO - Processing /opt/airflow/dags/avito_to_raw_midraw.py took 3.102 seconds
[2026-08-02T00:46:49.110+0000] {processor.py:186} INFO - Started process (PID=798) to work on /opt/airflow/dags/avito_to_raw_midraw.py
[2026-08-02T00:46:49.171+0000] {processor.py:914} INFO - Processing file /opt/airflow/dags/avito_to_raw_midraw.py for tasks to queue
[2026-08-02T00:46:49.300+0000] {logging_mixin.py:190} INFO - [2026-08-02T00:46:49.293+0000] {dagbag.py:588} INFO - Filling up the DagBag from /opt/airflow/dags/avito_to_raw_midraw.py
[2026-08-02T00:46:51.413+0000] {processor.py:925} INFO - DAG(s) 'avito_to_raw_midraw' retrieved from /opt/airflow/dags/avito_to_raw_midraw.py
[2026-08-02T00:46:52.161+0000] {logging_mixin.py:190} INFO - [2026-08-02T00:46:52.149+0000] {dag.py:3239} INFO - Sync 1 DAGs
[2026-08-02T00:46:52.763+0000] {logging_mixin.py:190} INFO - [2026-08-02T00:46:52.762+0000] {dag.py:4180} INFO - Setting next_dagrun for avito_to_raw_midraw to 2026-08-02 00:00:00+00:00, run_after=2026-08-02 01:00:00+00:00
[2026-08-02T00:46:53.858+0000] {processor.py:208} INFO - Processing /opt/airflow/dags/avito_to_raw_midraw.py took 4.819 seconds
[2026-08-02T00:47:25.353+0000] {processor.py:186} INFO - Started process (PID=800) to work on /opt/airflow/dags/avito_to_raw_midraw.py
[2026-08-02T00:47:25.405+0000] {processor.py:914} INFO - Processing file /opt/airflow/dags/avito_to_raw_midraw.py for tasks to queue
[2026-08-02T00:47:25.705+0000] {logging_mixin.py:190} INFO - [2026-08-02T00:47:25.693+0000] {dagbag.py:588} INFO - Filling up the DagBag from /opt/airflow/dags/avito_to_raw_midraw.py
[2026-08-02T00:47:26.417+0000] {processor.py:925} INFO - DAG(s) 'avito_to_raw_midraw' retrieved from /opt/airflow/dags/avito_to_raw_midraw.py
[2026-08-02T00:47:27.202+0000] {logging_mixin.py:190} INFO - [2026-08-02T00:47:27.202+0000] {dag.py:3239} INFO - Sync 1 DAGs
[2026-08-02T00:47:27.653+0000] {logging_mixin.py:190} INFO - [2026-08-02T00:47:27.652+0000] {dag.py:4180} INFO - Setting next_dagrun for avito_to_raw_midraw to 2026-08-02 00:00:00+00:00, run_after=2026-08-02 01:00:00+00:00
[2026-08-02T00:47:28.757+0000] {processor.py:208} INFO - Processing /opt/airflow/dags/avito_to_raw_midraw.py took 3.348 seconds
[2026-08-02T00:47:59.978+0000] {processor.py:186} INFO - Started process (PID=802) to work on /opt/airflow/dags/avito_to_raw_midraw.py
[2026-08-02T00:48:00.101+0000] {processor.py:914} INFO - Processing file /opt/airflow/dags/avito_to_raw_midraw.py for tasks to queue
[2026-08-02T00:48:00.272+0000] {logging_mixin.py:190} INFO - [2026-08-02T00:48:00.266+0000] {dagbag.py:588} INFO - Filling up the DagBag from /opt/airflow/dags/avito_to_raw_midraw.py
[2026-08-02T00:48:01.063+0000] {processor.py:925} INFO - DAG(s) 'avito_to_raw_midraw' retrieved from /opt/airflow/dags/avito_to_raw_midraw.py
[2026-08-02T00:48:01.781+0000] {logging_mixin.py:190} INFO - [2026-08-02T00:48:01.780+0000] {dag.py:3239} INFO - Sync 1 DAGs
[2026-08-02T00:48:02.088+0000] {logging_mixin.py:190} INFO - [2026-08-02T00:48:02.087+0000] {dag.py:4180} INFO - Setting next_dagrun for avito_to_raw_midraw to 2026-08-02 00:00:00+00:00, run_after=2026-08-02 01:00:00+00:00
[2026-08-02T00:48:02.591+0000] {processor.py:208} INFO - Processing /opt/airflow/dags/avito_to_raw_midraw.py took 2.770 seconds
[2026-08-02T00:48:33.191+0000] {processor.py:186} INFO - Started process (PID=804) to work on /opt/airflow/dags/avito_to_raw_midraw.py
[2026-08-02T00:48:33.199+0000] {processor.py:914} INFO - Processing file /opt/airflow/dags/avito_to_raw_midraw.py for tasks to queue
[2026-08-02T00:48:33.205+0000] {logging_mixin.py:190} INFO - [2026-08-02T00:48:33.203+0000] {dagbag.py:588} INFO - Filling up the DagBag from /opt/airflow/dags/avito_to_raw_midraw.py
[2026-08-02T00:48:33.290+0000] {processor.py:925} INFO - DAG(s) 'avito_to_raw_midraw' retrieved from /opt/airflow/dags/avito_to_raw_midraw.py
[2026-08-02T00:48:33.420+0000] {logging_mixin.py:190} INFO - [2026-08-02T00:48:33.419+0000] {dag.py:3239} INFO - Sync 1 DAGs
[2026-08-02T00:48:33.488+0000] {logging_mixin.py:190} INFO - [2026-08-02T00:48:33.488+0000] {dag.py:4180} INFO - Setting next_dagrun for avito_to_raw_midraw to 2026-08-02 00:00:00+00:00, run_after=2026-08-02 01:00:00+00:00
[2026-08-02T00:48:33.543+0000] {processor.py:208} INFO - Processing /opt/airflow/dags/avito_to_raw_midraw.py took 0.392 seconds
[2026-08-02T00:49:05.061+0000] {processor.py:186} INFO - Started process (PID=806) to work on /opt/airflow/dags/avito_to_raw_midraw.py
[2026-08-02T00:49:05.102+0000] {processor.py:914} INFO - Processing file /opt/airflow/dags/avito_to_raw_midraw.py for tasks to queue
[2026-08-02T00:49:05.237+0000] {logging_mixin.py:190} INFO - [2026-08-02T00:49:05.225+0000] {dagbag.py:588} INFO - Filling up the DagBag from /opt/airflow/dags/avito_to_raw_midraw.py
[2026-08-02T00:49:06.970+0000] {processor.py:925} INFO - DAG(s) 'avito_to_raw_midraw' retrieved from /opt/airflow/dags/avito_to_raw_midraw.py
[2026-08-02T00:49:07.741+0000] {logging_mixin.py:190} INFO - [2026-08-02T00:49:07.741+0000] {dag.py:3239} INFO - Sync 1 DAGs
[2026-08-02T00:49:08.326+0000] {logging_mixin.py:190} INFO - [2026-08-02T00:49:08.313+0000] {dag.py:4180} INFO - Setting next_dagrun for avito_to_raw_midraw to 2026-08-02 00:00:00+00:00, run_after=2026-08-02 01:00:00+00:00
[2026-08-02T00:49:09.283+0000] {processor.py:208} INFO - Processing /opt/airflow/dags/avito_to_raw_midraw.py took 4.287 seconds
[2026-08-02T00:49:40.757+0000] {processor.py:186} INFO - Started process (PID=808) to work on /opt/airflow/dags/avito_to_raw_midraw.py
[2026-08-02T00:49:40.837+0000] {processor.py:914} INFO - Processing file /opt/airflow/dags/avito_to_raw_midraw.py for tasks to queue
[2026-08-02T00:49:40.881+0000] {logging_mixin.py:190} INFO - [2026-08-02T00:49:40.880+0000] {dagbag.py:588} INFO - Filling up the DagBag from /opt/airflow/dags/avito_to_raw_midraw.py
[2026-08-02T00:49:41.629+0000] {processor.py:925} INFO - DAG(s) 'avito_to_raw_midraw' retrieved from /opt/airflow/dags/avito_to_raw_midraw.py
[2026-08-02T00:49:44.150+0000] {logging_mixin.py:190} INFO - [2026-08-02T00:49:44.137+0000] {dag.py:3239} INFO - Sync 1 DAGs
[2026-08-02T00:49:44.752+0000] {logging_mixin.py:190} INFO - [2026-08-02T00:49:44.751+0000] {dag.py:4180} INFO - Setting next_dagrun for avito_to_raw_midraw to 2026-08-02 00:00:00+00:00, run_after=2026-08-02 01:00:00+00:00
[2026-08-02T00:49:45.431+0000] {processor.py:208} INFO - Processing /opt/airflow/dags/avito_to_raw_midraw.py took 4.779 seconds
[2026-08-02T00:50:17.372+0000] {processor.py:186} INFO - Started process (PID=810) to work on /opt/airflow/dags/avito_to_raw_midraw.py
[2026-08-02T00:50:17.444+0000] {processor.py:914} INFO - Processing file /opt/airflow/dags/avito_to_raw_midraw.py for tasks to queue
[2026-08-02T00:50:17.462+0000] {logging_mixin.py:190} INFO - [2026-08-02T00:50:17.461+0000] {dagbag.py:588} INFO - Filling up the DagBag from /opt/airflow/dags/avito_to_raw_midraw.py
[2026-08-02T00:50:18.221+0000] {processor.py:925} INFO - DAG(s) 'avito_to_raw_midraw' retrieved from /opt/airflow/dags/avito_to_raw_midraw.py
[2026-08-02T00:50:19.131+0000] {logging_mixin.py:190} INFO - [2026-08-02T00:50:19.130+0000] {dag.py:3239} INFO - Sync 1 DAGs
[2026-08-02T00:50:19.458+0000] {logging_mixin.py:190} INFO - [2026-08-02T00:50:19.457+0000] {dag.py:4180} INFO - Setting next_dagrun for avito_to_raw_midraw to 2026-08-02 00:00:00+00:00, run_after=2026-08-02 01:00:00+00:00
[2026-08-02T00:50:19.898+0000] {processor.py:208} INFO - Processing /opt/airflow/dags/avito_to_raw_midraw.py took 2.607 seconds
[2026-08-02T00:50:51.647+0000] {processor.py:186} INFO - Started process (PID=812) to work on /opt/airflow/dags/avito_to_raw_midraw.py
[2026-08-02T00:50:51.886+0000] {processor.py:914} INFO - Processing file /opt/airflow/dags/avito_to_raw_midraw.py for tasks to queue
[2026-08-02T00:50:52.114+0000] {logging_mixin.py:190} INFO - [2026-08-02T00:50:52.103+0000] {dagbag.py:588} INFO - Filling up the DagBag from /opt/airflow/dags/avito_to_raw_midraw.py
[2026-08-02T00:50:53.410+0000] {processor.py:925} INFO - DAG(s) 'avito_to_raw_midraw' retrieved from /opt/airflow/dags/avito_to_raw_midraw.py
[2026-08-02T00:50:54.356+0000] {logging_mixin.py:190} INFO - [2026-08-02T00:50:54.348+0000] {dag.py:3239} INFO - Sync 1 DAGs
[2026-08-02T00:50:55.979+0000] {logging_mixin.py:190} INFO - [2026-08-02T00:50:55.978+0000] {dag.py:4180} INFO - Setting next_dagrun for avito_to_raw_midraw to 2026-08-02 00:00:00+00:00, run_after=2026-08-02 01:00:00+00:00
[2026-08-02T00:50:56.637+0000] {processor.py:208} INFO - Processing /opt/airflow/dags/avito_to_raw_midraw.py took 5.259 seconds
[2026-08-02T00:51:27.973+0000] {processor.py:186} INFO - Started process (PID=814) to work on /opt/airflow/dags/avito_to_raw_midraw.py
[2026-08-02T00:51:28.022+0000] {processor.py:914} INFO - Processing file /opt/airflow/dags/avito_to_raw_midraw.py for tasks to queue
[2026-08-02T00:51:28.067+0000] {logging_mixin.py:190} INFO - [2026-08-02T00:51:28.058+0000] {dagbag.py:588} INFO - Filling up the DagBag from /opt/airflow/dags/avito_to_raw_midraw.py
[2026-08-02T00:51:28.979+0000] {processor.py:925} INFO - DAG(s) 'avito_to_raw_midraw' retrieved from /opt/airflow/dags/avito_to_raw_midraw.py
[2026-08-02T00:51:29.798+0000] {logging_mixin.py:190} INFO - [2026-08-02T00:51:29.798+0000] {dag.py:3239} INFO - Sync 1 DAGs
[2026-08-02T00:51:30.251+0000] {logging_mixin.py:190} INFO - [2026-08-02T00:51:30.242+0000] {dag.py:4180} INFO - Setting next_dagrun for avito_to_raw_midraw to 2026-08-02 00:00:00+00:00, run_after=2026-08-02 01:00:00+00:00
[2026-08-02T00:51:30.768+0000] {processor.py:208} INFO - Processing /opt/airflow/dags/avito_to_raw_midraw.py took 2.870 seconds
[2026-08-02T00:52:02.635+0000] {processor.py:186} INFO - Started process (PID=816) to work on /opt/airflow/dags/avito_to_raw_midraw.py
[2026-08-02T00:52:02.682+0000] {processor.py:914} INFO - Processing file /opt/airflow/dags/avito_to_raw_midraw.py for tasks to queue
[2026-08-02T00:52:02.764+0000] {logging_mixin.py:190} INFO - [2026-08-02T00:52:02.756+0000] {dagbag.py:588} INFO - Filling up the DagBag from /opt/airflow/dags/avito_to_raw_midraw.py
[2026-08-02T00:52:03.525+0000] {processor.py:925} INFO - DAG(s) 'avito_to_raw_midraw' retrieved from /opt/airflow/dags/avito_to_raw_midraw.py
[2026-08-02T00:52:04.591+0000] {logging_mixin.py:190} INFO - [2026-08-02T00:52:04.591+0000] {dag.py:3239} INFO - Sync 1 DAGs
[2026-08-02T00:52:05.153+0000] {logging_mixin.py:190} INFO - [2026-08-02T00:52:05.152+0000] {dag.py:4180} INFO - Setting next_dagrun for avito_to_raw_midraw to 2026-08-02 00:00:00+00:00, run_after=2026-08-02 01:00:00+00:00
[2026-08-02T00:52:05.598+0000] {processor.py:208} INFO - Processing /opt/airflow/dags/avito_to_raw_midraw.py took 3.064 seconds
[2026-08-02T00:52:37.249+0000] {processor.py:186} INFO - Started process (PID=818) to work on /opt/airflow/dags/avito_to_raw_midraw.py
[2026-08-02T00:52:37.282+0000] {processor.py:914} INFO - Processing file /opt/airflow/dags/avito_to_raw_midraw.py for tasks to queue
[2026-08-02T00:52:37.320+0000] {logging_mixin.py:190} INFO - [2026-08-02T00:52:37.313+0000] {dagbag.py:588} INFO - Filling up the DagBag from /opt/airflow/dags/avito_to_raw_midraw.py
[2026-08-02T00:52:38.861+0000] {processor.py:925} INFO - DAG(s) 'avito_to_raw_midraw' retrieved from /opt/airflow/dags/avito_to_raw_midraw.py
[2026-08-02T00:52:39.496+0000] {logging_mixin.py:190} INFO - [2026-08-02T00:52:39.496+0000] {dag.py:3239} INFO - Sync 1 DAGs
[2026-08-02T00:52:39.803+0000] {logging_mixin.py:190} INFO - [2026-08-02T00:52:39.803+0000] {dag.py:4180} INFO - Setting next_dagrun for avito_to_raw_midraw to 2026-08-02 00:00:00+00:00, run_after=2026-08-02 01:00:00+00:00
[2026-08-02T00:52:41.283+0000] {processor.py:208} INFO - Processing /opt/airflow/dags/avito_to_raw_midraw.py took 4.098 seconds
[2026-08-02T00:53:13.357+0000] {processor.py:186} INFO - Started process (PID=820) to work on /opt/airflow/dags/avito_to_raw_midraw.py
[2026-08-02T00:53:13.398+0000] {processor.py:914} INFO - Processing file /opt/airflow/dags/avito_to_raw_midraw.py for tasks to queue
[2026-08-02T00:53:13.460+0000] {logging_mixin.py:190} INFO - [2026-08-02T00:53:13.451+0000] {dagbag.py:588} INFO - Filling up the DagBag from /opt/airflow/dags/avito_to_raw_midraw.py
[2026-08-02T00:53:14.408+0000] {processor.py:925} INFO - DAG(s) 'avito_to_raw_midraw' retrieved from /opt/airflow/dags/avito_to_raw_midraw.py
[2026-08-02T00:53:15.528+0000] {logging_mixin.py:190} INFO - [2026-08-02T00:53:15.528+0000] {dag.py:3239} INFO - Sync 1 DAGs
[2026-08-02T00:53:16.113+0000] {logging_mixin.py:190} INFO - [2026-08-02T00:53:16.113+0000] {dag.py:4180} INFO - Setting next_dagrun for avito_to_raw_midraw to 2026-08-02 00:00:00+00:00, run_after=2026-08-02 01:00:00+00:00
[2026-08-02T00:53:17.083+0000] {processor.py:208} INFO - Processing /opt/airflow/dags/avito_to_raw_midraw.py took 3.791 seconds
[2026-08-02T00:53:49.509+0000] {processor.py:186} INFO - Started process (PID=822) to work on /opt/airflow/dags/avito_to_raw_midraw.py
[2026-08-02T00:53:49.575+0000] {processor.py:914} INFO - Processing file /opt/airflow/dags/avito_to_raw_midraw.py for tasks to queue
[2026-08-02T00:53:49.611+0000] {logging_mixin.py:190} INFO - [2026-08-02T00:53:49.586+0000] {dagbag.py:588} INFO - Filling up the DagBag from /opt/airflow/dags/avito_to_raw_midraw.py
[2026-08-02T00:53:50.051+0000] {processor.py:925} INFO - DAG(s) 'avito_to_raw_midraw' retrieved from /opt/airflow/dags/avito_to_raw_midraw.py
[2026-08-02T00:53:51.665+0000] {logging_mixin.py:190} INFO - [2026-08-02T00:53:51.664+0000] {dag.py:3239} INFO - Sync 1 DAGs
[2026-08-02T00:53:52.064+0000] {logging_mixin.py:190} INFO - [2026-08-02T00:53:52.063+0000] {dag.py:4180} INFO - Setting next_dagrun for avito_to_raw_midraw to 2026-08-02 00:00:00+00:00, run_after=2026-08-02 01:00:00+00:00
[2026-08-02T00:53:53.020+0000] {processor.py:208} INFO - Processing /opt/airflow/dags/avito_to_raw_midraw.py took 3.629 seconds
[2026-08-02T00:54:24.013+0000] {processor.py:186} INFO - Started process (PID=824) to work on /opt/airflow/dags/avito_to_raw_midraw.py
[2026-08-02T00:54:24.017+0000] {processor.py:914} INFO - Processing file /opt/airflow/dags/avito_to_raw_midraw.py for tasks to queue
[2026-08-02T00:54:24.021+0000] {logging_mixin.py:190} INFO - [2026-08-02T00:54:24.020+0000] {dagbag.py:588} INFO - Filling up the DagBag from /opt/airflow/dags/avito_to_raw_midraw.py
[2026-08-02T00:54:24.052+0000] {processor.py:925} INFO - DAG(s) 'avito_to_raw_midraw' retrieved from /opt/airflow/dags/avito_to_raw_midraw.py
[2026-08-02T00:54:24.150+0000] {logging_mixin.py:190} INFO - [2026-08-02T00:54:24.150+0000] {dag.py:3239} INFO - Sync 1 DAGs
[2026-08-02T00:54:24.197+0000] {logging_mixin.py:190} INFO - [2026-08-02T00:54:24.196+0000] {dag.py:4180} INFO - Setting next_dagrun for avito_to_raw_midraw to 2026-08-02 00:00:00+00:00, run_after=2026-08-02 01:00:00+00:00
[2026-08-02T00:54:24.247+0000] {processor.py:208} INFO - Processing /opt/airflow/dags/avito_to_raw_midraw.py took 0.255 seconds
[2026-08-02T00:54:54.327+0000] {processor.py:186} INFO - Started process (PID=826) to work on /opt/airflow/dags/avito_to_raw_midraw.py
[2026-08-02T00:54:54.334+0000] {processor.py:914} INFO - Processing file /opt/airflow/dags/avito_to_raw_midraw.py for tasks to queue
[2026-08-02T00:54:54.342+0000] {logging_mixin.py:190} INFO - [2026-08-02T00:54:54.341+0000] {dagbag.py:588} INFO - Filling up the DagBag from /opt/airflow/dags/avito_to_raw_midraw.py
[2026-08-02T00:54:54.376+0000] {processor.py:925} INFO - DAG(s) 'avito_to_raw_midraw' retrieved from /opt/airflow/dags/avito_to_raw_midraw.py
[2026-08-02T00:54:54.425+0000] {logging_mixin.py:190} INFO - [2026-08-02T00:54:54.425+0000] {dag.py:3239} INFO - Sync 1 DAGs
[2026-08-02T00:54:54.476+0000] {logging_mixin.py:190} INFO - [2026-08-02T00:54:54.476+0000] {dag.py:4180} INFO - Setting next_dagrun for avito_to_raw_midraw to 2026-08-02 00:00:00+00:00, run_after=2026-08-02 01:00:00+00:00
[2026-08-02T00:54:54.508+0000] {processor.py:208} INFO - Processing /opt/airflow/dags/avito_to_raw_midraw.py took 0.201 seconds
[2026-08-02T00:57:11.837+0000] {processor.py:186} INFO - Started process (PID=828) to work on /opt/airflow/dags/avito_to_raw_midraw.py
[2026-08-02T00:57:11.864+0000] {processor.py:914} INFO - Processing file /opt/airflow/dags/avito_to_raw_midraw.py for tasks to queue
[2026-08-02T00:57:11.906+0000] {logging_mixin.py:190} INFO - [2026-08-02T00:57:11.887+0000] {dagbag.py:588} INFO - Filling up the DagBag from /opt/airflow/dags/avito_to_raw_midraw.py
[2026-08-02T00:57:12.386+0000] {processor.py:925} INFO - DAG(s) 'avito_to_raw_midraw' retrieved from /opt/airflow/dags/avito_to_raw_midraw.py
[2026-08-02T00:57:13.564+0000] {logging_mixin.py:190} INFO - [2026-08-02T00:57:13.563+0000] {dag.py:3239} INFO - Sync 1 DAGs
[2026-08-02T00:57:16.093+0000] {logging_mixin.py:190} INFO - [2026-08-02T00:57:16.092+0000] {dag.py:4180} INFO - Setting next_dagrun for avito_to_raw_midraw to 2026-08-02 00:00:00+00:00, run_after=2026-08-02 01:00:00+00:00
[2026-08-02T00:57:17.488+0000] {processor.py:208} INFO - Processing /opt/airflow/dags/avito_to_raw_midraw.py took 5.717 seconds
[2026-08-02T01:03:38.065+0000] {processor.py:186} INFO - Started process (PID=830) to work on /opt/airflow/dags/avito_to_raw_midraw.py
[2026-08-02T01:03:38.068+0000] {processor.py:914} INFO - Processing file /opt/airflow/dags/avito_to_raw_midraw.py for tasks to queue
[2026-08-02T01:03:38.096+0000] {logging_mixin.py:190} INFO - [2026-08-02T01:03:38.073+0000] {dagbag.py:588} INFO - Filling up the DagBag from /opt/airflow/dags/avito_to_raw_midraw.py
[2026-08-02T01:03:38.174+0000] {processor.py:925} INFO - DAG(s) 'avito_to_raw_midraw' retrieved from /opt/airflow/dags/avito_to_raw_midraw.py
[2026-08-02T01:03:38.217+0000] {logging_mixin.py:190} INFO - [2026-08-02T01:03:38.217+0000] {dag.py:3239} INFO - Sync 1 DAGs
[2026-08-02T01:03:38.240+0000] {logging_mixin.py:190} INFO - [2026-08-02T01:03:38.240+0000] {dag.py:4180} INFO - Setting next_dagrun for avito_to_raw_midraw to 2026-08-02 00:00:00+00:00, run_after=2026-08-02 01:00:00+00:00
[2026-08-02T01:03:38.301+0000] {processor.py:208} INFO - Processing /opt/airflow/dags/avito_to_raw_midraw.py took 0.267 seconds
[2026-08-02T01:04:08.398+0000] {processor.py:186} INFO - Started process (PID=832) to work on /opt/airflow/dags/avito_to_raw_midraw.py
[2026-08-02T01:04:08.398+0000] {processor.py:914} INFO - Processing file /opt/airflow/dags/avito_to_raw_midraw.py for tasks to queue
[2026-08-02T01:04:08.399+0000] {logging_mixin.py:190} INFO - [2026-08-02T01:04:08.399+0000] {dagbag.py:588} INFO - Filling up the DagBag from /opt/airflow/dags/avito_to_raw_midraw.py
[2026-08-02T01:04:08.411+0000] {processor.py:925} INFO - DAG(s) 'avito_to_raw_midraw' retrieved from /opt/airflow/dags/avito_to_raw_midraw.py
[2026-08-02T01:04:08.428+0000] {logging_mixin.py:190} INFO - [2026-08-02T01:04:08.428+0000] {dag.py:3239} INFO - Sync 1 DAGs
[2026-08-02T01:04:08.440+0000] {logging_mixin.py:190} INFO - [2026-08-02T01:04:08.440+0000] {dag.py:4180} INFO - Setting next_dagrun for avito_to_raw_midraw to 2026-08-02 01:00:00+00:00, run_after=2026-08-02 02:00:00+00:00
[2026-08-02T01:04:08.451+0000] {processor.py:208} INFO - Processing /opt/airflow/dags/avito_to_raw_midraw.py took 0.057 seconds
[2026-08-02T01:04:38.718+0000] {processor.py:186} INFO - Started process (PID=834) to work on /opt/airflow/dags/avito_to_raw_midraw.py
[2026-08-02T01:04:38.719+0000] {processor.py:914} INFO - Processing file /opt/airflow/dags/avito_to_raw_midraw.py for tasks to queue
[2026-08-02T01:04:38.719+0000] {logging_mixin.py:190} INFO - [2026-08-02T01:04:38.719+0000] {dagbag.py:588} INFO - Filling up the DagBag from /opt/airflow/dags/avito_to_raw_midraw.py
[2026-08-02T01:04:38.732+0000] {processor.py:925} INFO - DAG(s) 'avito_to_raw_midraw' retrieved from /opt/airflow/dags/avito_to_raw_midraw.py
[2026-08-02T01:04:38.750+0000] {logging_mixin.py:190} INFO - [2026-08-02T01:04:38.750+0000] {dag.py:3239} INFO - Sync 1 DAGs
[2026-08-02T01:04:38.760+0000] {logging_mixin.py:190} INFO - [2026-08-02T01:04:38.760+0000] {dag.py:4180} INFO - Setting next_dagrun for avito_to_raw_midraw to 2026-08-02 01:00:00+00:00, run_after=2026-08-02 02:00:00+00:00
[2026-08-02T01:04:38.768+0000] {processor.py:208} INFO - Processing /opt/airflow/dags/avito_to_raw_midraw.py took 0.054 seconds
[2026-08-02T01:05:08.985+0000] {processor.py:186} INFO - Started process (PID=836) to work on /opt/airflow/dags/avito_to_raw_midraw.py
[2026-08-02T01:05:08.985+0000] {processor.py:914} INFO - Processing file /opt/airflow/dags/avito_to_raw_midraw.py for tasks to queue
[2026-08-02T01:05:08.986+0000] {logging_mixin.py:190} INFO - [2026-08-02T01:05:08.986+0000] {dagbag.py:588} INFO - Filling up the DagBag from /opt/airflow/dags/avito_to_raw_midraw.py
[2026-08-02T01:05:09.000+0000] {processor.py:925} INFO - DAG(s) 'avito_to_raw_midraw' retrieved from /opt/airflow/dags/avito_to_raw_midraw.py
[2026-08-02T01:05:09.014+0000] {logging_mixin.py:190} INFO - [2026-08-02T01:05:09.014+0000] {dag.py:3239} INFO - Sync 1 DAGs
[2026-08-02T01:05:09.024+0000] {logging_mixin.py:190} INFO - [2026-08-02T01:05:09.024+0000] {dag.py:4180} INFO - Setting next_dagrun for avito_to_raw_midraw to 2026-08-02 01:00:00+00:00, run_after=2026-08-02 02:00:00+00:00
[2026-08-02T01:05:09.032+0000] {processor.py:208} INFO - Processing /opt/airflow/dags/avito_to_raw_midraw.py took 0.051 seconds
[2026-08-02T01:05:39.382+0000] {processor.py:186} INFO - Started process (PID=838) to work on /opt/airflow/dags/avito_to_raw_midraw.py
[2026-08-02T01:05:39.383+0000] {processor.py:914} INFO - Processing file /opt/airflow/dags/avito_to_raw_midraw.py for tasks to queue
[2026-08-02T01:05:39.383+0000] {logging_mixin.py:190} INFO - [2026-08-02T01:05:39.383+0000] {dagbag.py:588} INFO - Filling up the DagBag from /opt/airflow/dags/avito_to_raw_midraw.py
[2026-08-02T01:05:39.396+0000] {processor.py:925} INFO - DAG(s) 'avito_to_raw_midraw' retrieved from /opt/airflow/dags/avito_to_raw_midraw.py
[2026-08-02T01:05:39.414+0000] {logging_mixin.py:190} INFO - [2026-08-02T01:05:39.414+0000] {dag.py:3239} INFO - Sync 1 DAGs
[2026-08-02T01:05:39.425+0000] {logging_mixin.py:190} INFO - [2026-08-02T01:05:39.425+0000] {dag.py:4180} INFO - Setting next_dagrun for avito_to_raw_midraw to 2026-08-02 01:00:00+00:00, run_after=2026-08-02 02:00:00+00:00
[2026-08-02T01:05:39.435+0000] {processor.py:208} INFO - Processing /opt/airflow/dags/avito_to_raw_midraw.py took 0.057 seconds
[2026-08-02T01:06:09.698+0000] {processor.py:186} INFO - Started process (PID=840) to work on /opt/airflow/dags/avito_to_raw_midraw.py
[2026-08-02T01:06:09.699+0000] {processor.py:914} INFO - Processing file /opt/airflow/dags/avito_to_raw_midraw.py for tasks to queue
[2026-08-02T01:06:09.700+0000] {logging_mixin.py:190} INFO - [2026-08-02T01:06:09.699+0000] {dagbag.py:588} INFO - Filling up the DagBag from /opt/airflow/dags/avito_to_raw_midraw.py
[2026-08-02T01:06:09.715+0000] {processor.py:925} INFO - DAG(s) 'avito_to_raw_midraw' retrieved from /opt/airflow/dags/avito_to_raw_midraw.py
[2026-08-02T01:06:09.731+0000] {logging_mixin.py:190} INFO - [2026-08-02T01:06:09.731+0000] {dag.py:3239} INFO - Sync 1 DAGs
[2026-08-02T01:06:09.739+0000] {logging_mixin.py:190} INFO - [2026-08-02T01:06:09.738+0000] {dag.py:4180} INFO - Setting next_dagrun for avito_to_raw_midraw to 2026-08-02 01:00:00+00:00, run_after=2026-08-02 02:00:00+00:00
[2026-08-02T01:06:09.747+0000] {processor.py:208} INFO - Processing /opt/airflow/dags/avito_to_raw_midraw.py took 0.052 seconds
[2026-08-02T01:06:39.955+0000] {processor.py:186} INFO - Started process (PID=842) to work on /opt/airflow/dags/avito_to_raw_midraw.py
[2026-08-02T01:06:39.956+0000] {processor.py:914} INFO - Processing file /opt/airflow/dags/avito_to_raw_midraw.py for tasks to queue
[2026-08-02T01:06:39.957+0000] {logging_mixin.py:190} INFO - [2026-08-02T01:06:39.956+0000] {dagbag.py:588} INFO - Filling up the DagBag from /opt/airflow/dags/avito_to_raw_midraw.py
[2026-08-02T01:06:39.971+0000] {processor.py:925} INFO - DAG(s) 'avito_to_raw_midraw' retrieved from /opt/airflow/dags/avito_to_raw_midraw.py
[2026-08-02T01:06:39.986+0000] {logging_mixin.py:190} INFO - [2026-08-02T01:06:39.986+0000] {dag.py:3239} INFO - Sync 1 DAGs
[2026-08-02T01:06:39.994+0000] {logging_mixin.py:190} INFO - [2026-08-02T01:06:39.994+0000] {dag.py:4180} INFO - Setting next_dagrun for avito_to_raw_midraw to 2026-08-02 01:00:00+00:00, run_after=2026-08-02 02:00:00+00:00
[2026-08-02T01:06:40.001+0000] {processor.py:208} INFO - Processing /opt/airflow/dags/avito_to_raw_midraw.py took 0.050 seconds
[2026-08-02T01:07:10.314+0000] {processor.py:186} INFO - Started process (PID=844) to work on /opt/airflow/dags/avito_to_raw_midraw.py
[2026-08-02T01:07:10.314+0000] {processor.py:914} INFO - Processing file /opt/airflow/dags/avito_to_raw_midraw.py for tasks to queue
[2026-08-02T01:07:10.315+0000] {logging_mixin.py:190} INFO - [2026-08-02T01:07:10.315+0000] {dagbag.py:588} INFO - Filling up the DagBag from /opt/airflow/dags/avito_to_raw_midraw.py
[2026-08-02T01:07:10.328+0000] {processor.py:925} INFO - DAG(s) 'avito_to_raw_midraw' retrieved from /opt/airflow/dags/avito_to_raw_midraw.py
[2026-08-02T01:07:10.344+0000] {logging_mixin.py:190} INFO - [2026-08-02T01:07:10.344+0000] {dag.py:3239} INFO - Sync 1 DAGs
[2026-08-02T01:07:10.352+0000] {logging_mixin.py:190} INFO - [2026-08-02T01:07:10.352+0000] {dag.py:4180} INFO - Setting next_dagrun for avito_to_raw_midraw to 2026-08-02 01:00:00+00:00, run_after=2026-08-02 02:00:00+00:00
[2026-08-02T01:07:10.361+0000] {processor.py:208} INFO - Processing /opt/airflow/dags/avito_to_raw_midraw.py took 0.051 seconds
[2026-08-02T01:07:40.676+0000] {processor.py:186} INFO - Started process (PID=846) to work on /opt/airflow/dags/avito_to_raw_midraw.py
[2026-08-02T01:07:40.676+0000] {processor.py:914} INFO - Processing file /opt/airflow/dags/avito_to_raw_midraw.py for tasks to queue
[2026-08-02T01:07:40.677+0000] {logging_mixin.py:190} INFO - [2026-08-02T01:07:40.677+0000] {dagbag.py:588} INFO - Filling up the DagBag from /opt/airflow/dags/avito_to_raw_midraw.py
[2026-08-02T01:07:40.691+0000] {processor.py:925} INFO - DAG(s) 'avito_to_raw_midraw' retrieved from /opt/airflow/dags/avito_to_raw_midraw.py
[2026-08-02T01:07:40.709+0000] {logging_mixin.py:190} INFO - [2026-08-02T01:07:40.708+0000] {dag.py:3239} INFO - Sync 1 DAGs
[2026-08-02T01:07:40.718+0000] {logging_mixin.py:190} INFO - [2026-08-02T01:07:40.717+0000] {dag.py:4180} INFO - Setting next_dagrun for avito_to_raw_midraw to 2026-08-02 01:00:00+00:00, run_after=2026-08-02 02:00:00+00:00
[2026-08-02T01:07:40.725+0000] {processor.py:208} INFO - Processing /opt/airflow/dags/avito_to_raw_midraw.py took 0.053 seconds
[2026-08-02T01:08:10.985+0000] {processor.py:186} INFO - Started process (PID=848) to work on /opt/airflow/dags/avito_to_raw_midraw.py
[2026-08-02T01:08:10.986+0000] {processor.py:914} INFO - Processing file /opt/airflow/dags/avito_to_raw_midraw.py for tasks to queue
[2026-08-02T01:08:10.986+0000] {logging_mixin.py:190} INFO - [2026-08-02T01:08:10.986+0000] {dagbag.py:588} INFO - Filling up the DagBag from /opt/airflow/dags/avito_to_raw_midraw.py
[2026-08-02T01:08:11.001+0000] {processor.py:925} INFO - DAG(s) 'avito_to_raw_midraw' retrieved from /opt/airflow/dags/avito_to_raw_midraw.py
[2026-08-02T01:08:11.017+0000] {logging_mixin.py:190} INFO - [2026-08-02T01:08:11.017+0000] {dag.py:3239} INFO - Sync 1 DAGs
[2026-08-02T01:08:11.025+0000] {logging_mixin.py:190} INFO - [2026-08-02T01:08:11.025+0000] {dag.py:4180} INFO - Setting next_dagrun for avito_to_raw_midraw to 2026-08-02 01:00:00+00:00, run_after=2026-08-02 02:00:00+00:00
[2026-08-02T01:08:11.032+0000] {processor.py:208} INFO - Processing /opt/airflow/dags/avito_to_raw_midraw.py took 0.052 seconds
[2026-08-02T01:08:41.273+0000] {processor.py:186} INFO - Started process (PID=850) to work on /opt/airflow/dags/avito_to_raw_midraw.py
[2026-08-02T01:08:41.273+0000] {processor.py:914} INFO - Processing file /opt/airflow/dags/avito_to_raw_midraw.py for tasks to queue
[2026-08-02T01:08:41.274+0000] {logging_mixin.py:190} INFO - [2026-08-02T01:08:41.274+0000] {dagbag.py:588} INFO - Filling up the DagBag from /opt/airflow/dags/avito_to_raw_midraw.py
[2026-08-02T01:08:41.284+0000] {processor.py:925} INFO - DAG(s) 'avito_to_raw_midraw' retrieved from /opt/airflow/dags/avito_to_raw_midraw.py
[2026-08-02T01:08:41.298+0000] {logging_mixin.py:190} INFO - [2026-08-02T01:08:41.298+0000] {dag.py:3239} INFO - Sync 1 DAGs
[2026-08-02T01:08:41.305+0000] {logging_mixin.py:190} INFO - [2026-08-02T01:08:41.305+0000] {dag.py:4180} INFO - Setting next_dagrun for avito_to_raw_midraw to 2026-08-02 01:00:00+00:00, run_after=2026-08-02 02:00:00+00:00
[2026-08-02T01:08:41.313+0000] {processor.py:208} INFO - Processing /opt/airflow/dags/avito_to_raw_midraw.py took 0.043 seconds
[2026-08-02T01:09:11.673+0000] {processor.py:186} INFO - Started process (PID=852) to work on /opt/airflow/dags/avito_to_raw_midraw.py
[2026-08-02T01:09:11.673+0000] {processor.py:914} INFO - Processing file /opt/airflow/dags/avito_to_raw_midraw.py for tasks to queue
[2026-08-02T01:09:11.675+0000] {logging_mixin.py:190} INFO - [2026-08-02T01:09:11.675+0000] {dagbag.py:588} INFO - Filling up the DagBag from /opt/airflow/dags/avito_to_raw_midraw.py
[2026-08-02T01:09:11.691+0000] {processor.py:925} INFO - DAG(s) 'avito_to_raw_midraw' retrieved from /opt/airflow/dags/avito_to_raw_midraw.py
[2026-08-02T01:09:11.711+0000] {logging_mixin.py:190} INFO - [2026-08-02T01:09:11.711+0000] {dag.py:3239} INFO - Sync 1 DAGs
[2026-08-02T01:09:11.722+0000] {logging_mixin.py:190} INFO - [2026-08-02T01:09:11.722+0000] {dag.py:4180} INFO - Setting next_dagrun for avito_to_raw_midraw to 2026-08-02 01:00:00+00:00, run_after=2026-08-02 02:00:00+00:00
[2026-08-02T01:09:11.733+0000] {processor.py:208} INFO - Processing /opt/airflow/dags/avito_to_raw_midraw.py took 0.065 seconds
[2026-08-02T01:09:42.032+0000] {processor.py:186} INFO - Started process (PID=854) to work on /opt/airflow/dags/avito_to_raw_midraw.py
[2026-08-02T01:09:42.033+0000] {processor.py:914} INFO - Processing file /opt/airflow/dags/avito_to_raw_midraw.py for tasks to queue
[2026-08-02T01:09:42.034+0000] {logging_mixin.py:190} INFO - [2026-08-02T01:09:42.034+0000] {dagbag.py:588} INFO - Filling up the DagBag from /opt/airflow/dags/avito_to_raw_midraw.py
[2026-08-02T01:09:42.043+0000] {processor.py:925} INFO - DAG(s) 'avito_to_raw_midraw' retrieved from /opt/airflow/dags/avito_to_raw_midraw.py
[2026-08-02T01:09:42.056+0000] {logging_mixin.py:190} INFO - [2026-08-02T01:09:42.055+0000] {dag.py:3239} INFO - Sync 1 DAGs
[2026-08-02T01:09:42.065+0000] {logging_mixin.py:190} INFO - [2026-08-02T01:09:42.065+0000] {dag.py:4180} INFO - Setting next_dagrun for avito_to_raw_midraw to 2026-08-02 01:00:00+00:00, run_after=2026-08-02 02:00:00+00:00
[2026-08-02T01:09:42.072+0000] {processor.py:208} INFO - Processing /opt/airflow/dags/avito_to_raw_midraw.py took 0.042 seconds
[2026-08-02T01:10:12.338+0000] {processor.py:186} INFO - Started process (PID=856) to work on /opt/airflow/dags/avito_to_raw_midraw.py
[2026-08-02T01:10:12.338+0000] {processor.py:914} INFO - Processing file /opt/airflow/dags/avito_to_raw_midraw.py for tasks to queue
[2026-08-02T01:10:12.339+0000] {logging_mixin.py:190} INFO - [2026-08-02T01:10:12.339+0000] {dagbag.py:588} INFO - Filling up the DagBag from /opt/airflow/dags/avito_to_raw_midraw.py
[2026-08-02T01:10:12.353+0000] {processor.py:925} INFO - DAG(s) 'avito_to_raw_midraw' retrieved from /opt/airflow/dags/avito_to_raw_midraw.py
[2026-08-02T01:10:12.369+0000] {logging_mixin.py:190} INFO - [2026-08-02T01:10:12.369+0000] {dag.py:3239} INFO - Sync 1 DAGs
[2026-08-02T01:10:12.379+0000] {logging_mixin.py:190} INFO - [2026-08-02T01:10:12.379+0000] {dag.py:4180} INFO - Setting next_dagrun for avito_to_raw_midraw to 2026-08-02 01:00:00+00:00, run_after=2026-08-02 02:00:00+00:00
[2026-08-02T01:10:12.387+0000] {processor.py:208} INFO - Processing /opt/airflow/dags/avito_to_raw_midraw.py took 0.053 seconds
[2026-08-02T01:10:42.705+0000] {processor.py:186} INFO - Started process (PID=858) to work on /opt/airflow/dags/avito_to_raw_midraw.py
[2026-08-02T01:10:42.706+0000] {processor.py:914} INFO - Processing file /opt/airflow/dags/avito_to_raw_midraw.py for tasks to queue
[2026-08-02T01:10:42.706+0000] {logging_mixin.py:190} INFO - [2026-08-02T01:10:42.706+0000] {dagbag.py:588} INFO - Filling up the DagBag from /opt/airflow/dags/avito_to_raw_midraw.py
[2026-08-02T01:10:42.716+0000] {processor.py:925} INFO - DAG(s) 'avito_to_raw_midraw' retrieved from /opt/airflow/dags/avito_to_raw_midraw.py
[2026-08-02T01:10:42.732+0000] {logging_mixin.py:190} INFO - [2026-08-02T01:10:42.732+0000] {dag.py:3239} INFO - Sync 1 DAGs
[2026-08-02T01:10:42.742+0000] {logging_mixin.py:190} INFO - [2026-08-02T01:10:42.742+0000] {dag.py:4180} INFO - Setting next_dagrun for avito_to_raw_midraw to 2026-08-02 01:00:00+00:00, run_after=2026-08-02 02:00:00+00:00
[2026-08-02T01:10:42.754+0000] {processor.py:208} INFO - Processing /opt/airflow/dags/avito_to_raw_midraw.py took 0.052 seconds
[2026-08-02T01:11:12.994+0000] {processor.py:186} INFO - Started process (PID=860) to work on /opt/airflow/dags/avito_to_raw_midraw.py
[2026-08-02T01:11:12.995+0000] {processor.py:914} INFO - Processing file /opt/airflow/dags/avito_to_raw_midraw.py for tasks to queue
[2026-08-02T01:11:12.995+0000] {logging_mixin.py:190} INFO - [2026-08-02T01:11:12.995+0000] {dagbag.py:588} INFO - Filling up the DagBag from /opt/airflow/dags/avito_to_raw_midraw.py
[2026-08-02T01:11:13.010+0000] {processor.py:925} INFO - DAG(s) 'avito_to_raw_midraw' retrieved from /opt/airflow/dags/avito_to_raw_midraw.py
[2026-08-02T01:11:13.025+0000] {logging_mixin.py:190} INFO - [2026-08-02T01:11:13.024+0000] {dag.py:3239} INFO - Sync 1 DAGs
[2026-08-02T01:11:13.033+0000] {logging_mixin.py:190} INFO - [2026-08-02T01:11:13.033+0000] {dag.py:4180} INFO - Setting next_dagrun for avito_to_raw_midraw to 2026-08-02 01:00:00+00:00, run_after=2026-08-02 02:00:00+00:00
[2026-08-02T01:11:13.041+0000] {processor.py:208} INFO - Processing /opt/airflow/dags/avito_to_raw_midraw.py took 0.051 seconds
[2026-08-02T01:11:43.336+0000] {processor.py:186} INFO - Started process (PID=862) to work on /opt/airflow/dags/avito_to_raw_midraw.py
[2026-08-02T01:11:43.337+0000] {processor.py:914} INFO - Processing file /opt/airflow/dags/avito_to_raw_midraw.py for tasks to queue
[2026-08-02T01:11:43.337+0000] {logging_mixin.py:190} INFO - [2026-08-02T01:11:43.337+0000] {dagbag.py:588} INFO - Filling up the DagBag from /opt/airflow/dags/avito_to_raw_midraw.py
[2026-08-02T01:11:43.351+0000] {processor.py:925} INFO - DAG(s) 'avito_to_raw_midraw' retrieved from /opt/airflow/dags/avito_to_raw_midraw.py
[2026-08-02T01:11:43.365+0000] {logging_mixin.py:190} INFO - [2026-08-02T01:11:43.365+0000] {dag.py:3239} INFO - Sync 1 DAGs
[2026-08-02T01:11:43.374+0000] {logging_mixin.py:190} INFO - [2026-08-02T01:11:43.374+0000] {dag.py:4180} INFO - Setting next_dagrun for avito_to_raw_midraw to 2026-08-02 01:00:00+00:00, run_after=2026-08-02 02:00:00+00:00
[2026-08-02T01:11:43.382+0000] {processor.py:208} INFO - Processing /opt/airflow/dags/avito_to_raw_midraw.py took 0.049 seconds
[2026-08-02T01:12:13.658+0000] {processor.py:186} INFO - Started process (PID=864) to work on /opt/airflow/dags/avito_to_raw_midraw.py
[2026-08-02T01:12:13.658+0000] {processor.py:914} INFO - Processing file /opt/airflow/dags/avito_to_raw_midraw.py for tasks to queue
[2026-08-02T01:12:13.659+0000] {logging_mixin.py:190} INFO - [2026-08-02T01:12:13.659+0000] {dagbag.py:588} INFO - Filling up the DagBag from /opt/airflow/dags/avito_to_raw_midraw.py
[2026-08-02T01:12:13.673+0000] {processor.py:925} INFO - DAG(s) 'avito_to_raw_midraw' retrieved from /opt/airflow/dags/avito_to_raw_midraw.py
[2026-08-02T01:12:13.689+0000] {logging_mixin.py:190} INFO - [2026-08-02T01:12:13.689+0000] {dag.py:3239} INFO - Sync 1 DAGs
[2026-08-02T01:12:13.699+0000] {logging_mixin.py:190} INFO - [2026-08-02T01:12:13.699+0000] {dag.py:4180} INFO - Setting next_dagrun for avito_to_raw_midraw to 2026-08-02 01:00:00+00:00, run_after=2026-08-02 02:00:00+00:00
[2026-08-02T01:12:13.708+0000] {processor.py:208} INFO - Processing /opt/airflow/dags/avito_to_raw_midraw.py took 0.054 seconds
[2026-08-02T01:12:43.966+0000] {processor.py:186} INFO - Started process (PID=866) to work on /opt/airflow/dags/avito_to_raw_midraw.py
[2026-08-02T01:12:43.966+0000] {processor.py:914} INFO - Processing file /opt/airflow/dags/avito_to_raw_midraw.py for tasks to queue
[2026-08-02T01:12:43.966+0000] {logging_mixin.py:190} INFO - [2026-08-02T01:12:43.966+0000] {dagbag.py:588} INFO - Filling up the DagBag from /opt/airflow/dags/avito_to_raw_midraw.py
[2026-08-02T01:12:43.977+0000] {processor.py:925} INFO - DAG(s) 'avito_to_raw_midraw' retrieved from /opt/airflow/dags/avito_to_raw_midraw.py
[2026-08-02T01:12:43.991+0000] {logging_mixin.py:190} INFO - [2026-08-02T01:12:43.991+0000] {dag.py:3239} INFO - Sync 1 DAGs
[2026-08-02T01:12:44.001+0000] {logging_mixin.py:190} INFO - [2026-08-02T01:12:44.001+0000] {dag.py:4180} INFO - Setting next_dagrun for avito_to_raw_midraw to 2026-08-02 01:00:00+00:00, run_after=2026-08-02 02:00:00+00:00
[2026-08-02T01:12:44.008+0000] {processor.py:208} INFO - Processing /opt/airflow/dags/avito_to_raw_midraw.py took 0.046 seconds
[2026-08-02T01:13:14.200+0000] {processor.py:186} INFO - Started process (PID=868) to work on /opt/airflow/dags/avito_to_raw_midraw.py
[2026-08-02T01:13:14.201+0000] {processor.py:914} INFO - Processing file /opt/airflow/dags/avito_to_raw_midraw.py for tasks to queue
[2026-08-02T01:13:14.202+0000] {logging_mixin.py:190} INFO - [2026-08-02T01:13:14.201+0000] {dagbag.py:588} INFO - Filling up the DagBag from /opt/airflow/dags/avito_to_raw_midraw.py
[2026-08-02T01:13:14.211+0000] {processor.py:925} INFO - DAG(s) 'avito_to_raw_midraw' retrieved from /opt/airflow/dags/avito_to_raw_midraw.py
[2026-08-02T01:13:14.229+0000] {logging_mixin.py:190} INFO - [2026-08-02T01:13:14.229+0000] {dag.py:3239} INFO - Sync 1 DAGs
[2026-08-02T01:13:14.240+0000] {logging_mixin.py:190} INFO - [2026-08-02T01:13:14.240+0000] {dag.py:4180} INFO - Setting next_dagrun for avito_to_raw_midraw to 2026-08-02 01:00:00+00:00, run_after=2026-08-02 02:00:00+00:00
[2026-08-02T01:13:14.249+0000] {processor.py:208} INFO - Processing /opt/airflow/dags/avito_to_raw_midraw.py took 0.053 seconds
[2026-08-02T01:13:44.449+0000] {processor.py:186} INFO - Started process (PID=870) to work on /opt/airflow/dags/avito_to_raw_midraw.py
[2026-08-02T01:13:44.450+0000] {processor.py:914} INFO - Processing file /opt/airflow/dags/avito_to_raw_midraw.py for tasks to queue
[2026-08-02T01:13:44.450+0000] {logging_mixin.py:190} INFO - [2026-08-02T01:13:44.450+0000] {dagbag.py:588} INFO - Filling up the DagBag from /opt/airflow/dags/avito_to_raw_midraw.py
[2026-08-02T01:13:44.462+0000] {processor.py:925} INFO - DAG(s) 'avito_to_raw_midraw' retrieved from /opt/airflow/dags/avito_to_raw_midraw.py
[2026-08-02T01:13:44.479+0000] {logging_mixin.py:190} INFO - [2026-08-02T01:13:44.479+0000] {dag.py:3239} INFO - Sync 1 DAGs
[2026-08-02T01:13:44.488+0000] {logging_mixin.py:190} INFO - [2026-08-02T01:13:44.488+0000] {dag.py:4180} INFO - Setting next_dagrun for avito_to_raw_midraw to 2026-08-02 01:00:00+00:00, run_after=2026-08-02 02:00:00+00:00
[2026-08-02T01:13:44.496+0000] {processor.py:208} INFO - Processing /opt/airflow/dags/avito_to_raw_midraw.py took 0.051 seconds
[2026-08-02T01:14:14.726+0000] {processor.py:186} INFO - Started process (PID=872) to work on /opt/airflow/dags/avito_to_raw_midraw.py
[2026-08-02T01:14:14.726+0000] {processor.py:914} INFO - Processing file /opt/airflow/dags/avito_to_raw_midraw.py for tasks to queue
[2026-08-02T01:14:14.727+0000] {logging_mixin.py:190} INFO - [2026-08-02T01:14:14.727+0000] {dagbag.py:588} INFO - Filling up the DagBag from /opt/airflow/dags/avito_to_raw_midraw.py
[2026-08-02T01:14:14.738+0000] {processor.py:925} INFO - DAG(s) 'avito_to_raw_midraw' retrieved from /opt/airflow/dags/avito_to_raw_midraw.py
[2026-08-02T01:14:14.757+0000] {logging_mixin.py:190} INFO - [2026-08-02T01:14:14.757+0000] {dag.py:3239} INFO - Sync 1 DAGs
[2026-08-02T01:14:14.766+0000] {logging_mixin.py:190} INFO - [2026-08-02T01:14:14.766+0000] {dag.py:4180} INFO - Setting next_dagrun for avito_to_raw_midraw to 2026-08-02 01:00:00+00:00, run_after=2026-08-02 02:00:00+00:00
[2026-08-02T01:14:14.775+0000] {processor.py:208} INFO - Processing /opt/airflow/dags/avito_to_raw_midraw.py took 0.054 seconds
[2026-08-02T01:14:45.065+0000] {processor.py:186} INFO - Started process (PID=874) to work on /opt/airflow/dags/avito_to_raw_midraw.py
[2026-08-02T01:14:45.066+0000] {processor.py:914} INFO - Processing file /opt/airflow/dags/avito_to_raw_midraw.py for tasks to queue
[2026-08-02T01:14:45.067+0000] {logging_mixin.py:190} INFO - [2026-08-02T01:14:45.067+0000] {dagbag.py:588} INFO - Filling up the DagBag from /opt/airflow/dags/avito_to_raw_midraw.py
[2026-08-02T01:14:45.083+0000] {processor.py:925} INFO - DAG(s) 'avito_to_raw_midraw' retrieved from /opt/airflow/dags/avito_to_raw_midraw.py
[2026-08-02T01:14:45.096+0000] {logging_mixin.py:190} INFO - [2026-08-02T01:14:45.096+0000] {dag.py:3239} INFO - Sync 1 DAGs
[2026-08-02T01:14:45.106+0000] {logging_mixin.py:190} INFO - [2026-08-02T01:14:45.106+0000] {dag.py:4180} INFO - Setting next_dagrun for avito_to_raw_midraw to 2026-08-02 01:00:00+00:00, run_after=2026-08-02 02:00:00+00:00
[2026-08-02T01:14:45.116+0000] {processor.py:208} INFO - Processing /opt/airflow/dags/avito_to_raw_midraw.py took 0.055 seconds
[2026-08-02T01:15:15.339+0000] {processor.py:186} INFO - Started process (PID=876) to work on /opt/airflow/dags/avito_to_raw_midraw.py
[2026-08-02T01:15:15.339+0000] {processor.py:914} INFO - Processing file /opt/airflow/dags/avito_to_raw_midraw.py for tasks to queue
[2026-08-02T01:15:15.341+0000] {logging_mixin.py:190} INFO - [2026-08-02T01:15:15.341+0000] {dagbag.py:588} INFO - Filling up the DagBag from /opt/airflow/dags/avito_to_raw_midraw.py
[2026-08-02T01:15:15.355+0000] {processor.py:925} INFO - DAG(s) 'avito_to_raw_midraw' retrieved from /opt/airflow/dags/avito_to_raw_midraw.py
[2026-08-02T01:15:15.373+0000] {logging_mixin.py:190} INFO - [2026-08-02T01:15:15.373+0000] {dag.py:3239} INFO - Sync 1 DAGs
[2026-08-02T01:15:15.384+0000] {logging_mixin.py:190} INFO - [2026-08-02T01:15:15.384+0000] {dag.py:4180} INFO - Setting next_dagrun for avito_to_raw_midraw to 2026-08-02 01:00:00+00:00, run_after=2026-08-02 02:00:00+00:00
[2026-08-02T01:15:15.395+0000] {processor.py:208} INFO - Processing /opt/airflow/dags/avito_to_raw_midraw.py took 0.060 seconds
[2026-08-02T01:15:45.673+0000] {processor.py:186} INFO - Started process (PID=878) to work on /opt/airflow/dags/avito_to_raw_midraw.py
[2026-08-02T01:15:45.674+0000] {processor.py:914} INFO - Processing file /opt/airflow/dags/avito_to_raw_midraw.py for tasks to queue
[2026-08-02T01:15:45.675+0000] {logging_mixin.py:190} INFO - [2026-08-02T01:15:45.675+0000] {dagbag.py:588} INFO - Filling up the DagBag from /opt/airflow/dags/avito_to_raw_midraw.py
[2026-08-02T01:15:45.689+0000] {processor.py:925} INFO - DAG(s) 'avito_to_raw_midraw' retrieved from /opt/airflow/dags/avito_to_raw_midraw.py
[2026-08-02T01:15:45.703+0000] {logging_mixin.py:190} INFO - [2026-08-02T01:15:45.703+0000] {dag.py:3239} INFO - Sync 1 DAGs
[2026-08-02T01:15:45.713+0000] {logging_mixin.py:190} INFO - [2026-08-02T01:15:45.712+0000] {dag.py:4180} INFO - Setting next_dagrun for avito_to_raw_midraw to 2026-08-02 01:00:00+00:00, run_after=2026-08-02 02:00:00+00:00
[2026-08-02T01:15:45.720+0000] {processor.py:208} INFO - Processing /opt/airflow/dags/avito_to_raw_midraw.py took 0.051 seconds
[2026-08-02T01:16:15.996+0000] {processor.py:186} INFO - Started process (PID=880) to work on /opt/airflow/dags/avito_to_raw_midraw.py
[2026-08-02T01:16:15.997+0000] {processor.py:914} INFO - Processing file /opt/airflow/dags/avito_to_raw_midraw.py for tasks to queue
[2026-08-02T01:16:15.997+0000] {logging_mixin.py:190} INFO - [2026-08-02T01:16:15.997+0000] {dagbag.py:588} INFO - Filling up the DagBag from /opt/airflow/dags/avito_to_raw_midraw.py
[2026-08-02T01:16:16.008+0000] {processor.py:925} INFO - DAG(s) 'avito_to_raw_midraw' retrieved from /opt/airflow/dags/avito_to_raw_midraw.py
[2026-08-02T01:16:16.023+0000] {logging_mixin.py:190} INFO - [2026-08-02T01:16:16.023+0000] {dag.py:3239} INFO - Sync 1 DAGs
[2026-08-02T01:16:16.033+0000] {logging_mixin.py:190} INFO - [2026-08-02T01:16:16.033+0000] {dag.py:4180} INFO - Setting next_dagrun for avito_to_raw_midraw to 2026-08-02 01:00:00+00:00, run_after=2026-08-02 02:00:00+00:00
[2026-08-02T01:16:16.043+0000] {processor.py:208} INFO - Processing /opt/airflow/dags/avito_to_raw_midraw.py took 0.050 seconds
[2026-08-02T01:16:46.286+0000] {processor.py:186} INFO - Started process (PID=882) to work on /opt/airflow/dags/avito_to_raw_midraw.py
[2026-08-02T01:16:46.287+0000] {processor.py:914} INFO - Processing file /opt/airflow/dags/avito_to_raw_midraw.py for tasks to queue
[2026-08-02T01:16:46.287+0000] {logging_mixin.py:190} INFO - [2026-08-02T01:16:46.287+0000] {dagbag.py:588} INFO - Filling up the DagBag from /opt/airflow/dags/avito_to_raw_midraw.py
[2026-08-02T01:16:46.299+0000] {processor.py:925} INFO - DAG(s) 'avito_to_raw_midraw' retrieved from /opt/airflow/dags/avito_to_raw_midraw.py
[2026-08-02T01:16:46.315+0000] {logging_mixin.py:190} INFO - [2026-08-02T01:16:46.314+0000] {dag.py:3239} INFO - Sync 1 DAGs
[2026-08-02T01:16:46.322+0000] {logging_mixin.py:190} INFO - [2026-08-02T01:16:46.322+0000] {dag.py:4180} INFO - Setting next_dagrun for avito_to_raw_midraw to 2026-08-02 01:00:00+00:00, run_after=2026-08-02 02:00:00+00:00
[2026-08-02T01:16:46.330+0000] {processor.py:208} INFO - Processing /opt/airflow/dags/avito_to_raw_midraw.py took 0.047 seconds
[2026-08-02T01:17:16.586+0000] {processor.py:186} INFO - Started process (PID=884) to work on /opt/airflow/dags/avito_to_raw_midraw.py
[2026-08-02T01:17:16.587+0000] {processor.py:914} INFO - Processing file /opt/airflow/dags/avito_to_raw_midraw.py for tasks to queue
[2026-08-02T01:17:16.588+0000] {logging_mixin.py:190} INFO - [2026-08-02T01:17:16.588+0000] {dagbag.py:588} INFO - Filling up the DagBag from /opt/airflow/dags/avito_to_raw_midraw.py
[2026-08-02T01:17:16.599+0000] {processor.py:925} INFO - DAG(s) 'avito_to_raw_midraw' retrieved from /opt/airflow/dags/avito_to_raw_midraw.py
[2026-08-02T01:17:16.616+0000] {logging_mixin.py:190} INFO - [2026-08-02T01:17:16.616+0000] {dag.py:3239} INFO - Sync 1 DAGs
[2026-08-02T01:17:16.625+0000] {logging_mixin.py:190} INFO - [2026-08-02T01:17:16.625+0000] {dag.py:4180} INFO - Setting next_dagrun for avito_to_raw_midraw to 2026-08-02 01:00:00+00:00, run_after=2026-08-02 02:00:00+00:00
[2026-08-02T01:17:16.634+0000] {processor.py:208} INFO - Processing /opt/airflow/dags/avito_to_raw_midraw.py took 0.051 seconds
[2026-08-02T01:17:46.940+0000] {processor.py:186} INFO - Started process (PID=886) to work on /opt/airflow/dags/avito_to_raw_midraw.py
[2026-08-02T01:17:46.940+0000] {processor.py:914} INFO - Processing file /opt/airflow/dags/avito_to_raw_midraw.py for tasks to queue
[2026-08-02T01:17:46.941+0000] {logging_mixin.py:190} INFO - [2026-08-02T01:17:46.941+0000] {dagbag.py:588} INFO - Filling up the DagBag from /opt/airflow/dags/avito_to_raw_midraw.py
[2026-08-02T01:17:46.954+0000] {processor.py:925} INFO - DAG(s) 'avito_to_raw_midraw' retrieved from /opt/airflow/dags/avito_to_raw_midraw.py
[2026-08-02T01:17:46.970+0000] {logging_mixin.py:190} INFO - [2026-08-02T01:17:46.969+0000] {dag.py:3239} INFO - Sync 1 DAGs
[2026-08-02T01:17:46.978+0000] {logging_mixin.py:190} INFO - [2026-08-02T01:17:46.978+0000] {dag.py:4180} INFO - Setting next_dagrun for avito_to_raw_midraw to 2026-08-02 01:00:00+00:00, run_after=2026-08-02 02:00:00+00:00
[2026-08-02T01:17:46.988+0000] {processor.py:208} INFO - Processing /opt/airflow/dags/avito_to_raw_midraw.py took 0.052 seconds
[2026-08-02T01:18:17.266+0000] {processor.py:186} INFO - Started process (PID=888) to work on /opt/airflow/dags/avito_to_raw_midraw.py
[2026-08-02T01:18:17.267+0000] {processor.py:914} INFO - Processing file /opt/airflow/dags/avito_to_raw_midraw.py for tasks to queue
[2026-08-02T01:18:17.269+0000] {logging_mixin.py:190} INFO - [2026-08-02T01:18:17.268+0000] {dagbag.py:588} INFO - Filling up the DagBag from /opt/airflow/dags/avito_to_raw_midraw.py
[2026-08-02T01:18:17.283+0000] {processor.py:925} INFO - DAG(s) 'avito_to_raw_midraw' retrieved from /opt/airflow/dags/avito_to_raw_midraw.py
[2026-08-02T01:18:17.299+0000] {logging_mixin.py:190} INFO - [2026-08-02T01:18:17.299+0000] {dag.py:3239} INFO - Sync 1 DAGs
[2026-08-02T01:18:17.310+0000] {logging_mixin.py:190} INFO - [2026-08-02T01:18:17.310+0000] {dag.py:4180} INFO - Setting next_dagrun for avito_to_raw_midraw to 2026-08-02 01:00:00+00:00, run_after=2026-08-02 02:00:00+00:00
[2026-08-02T01:18:17.320+0000] {processor.py:208} INFO - Processing /opt/airflow/dags/avito_to_raw_midraw.py took 0.057 seconds
[2026-08-02T01:18:47.612+0000] {processor.py:186} INFO - Started process (PID=890) to work on /opt/airflow/dags/avito_to_raw_midraw.py
[2026-08-02T01:18:47.612+0000] {processor.py:914} INFO - Processing file /opt/airflow/dags/avito_to_raw_midraw.py for tasks to queue
[2026-08-02T01:18:47.613+0000] {logging_mixin.py:190} INFO - [2026-08-02T01:18:47.613+0000] {dagbag.py:588} INFO - Filling up the DagBag from /opt/airflow/dags/avito_to_raw_midraw.py
[2026-08-02T01:18:47.622+0000] {processor.py:925} INFO - DAG(s) 'avito_to_raw_midraw' retrieved from /opt/airflow/dags/avito_to_raw_midraw.py
[2026-08-02T01:18:47.638+0000] {logging_mixin.py:190} INFO - [2026-08-02T01:18:47.638+0000] {dag.py:3239} INFO - Sync 1 DAGs
[2026-08-02T01:18:47.649+0000] {logging_mixin.py:190} INFO - [2026-08-02T01:18:47.649+0000] {dag.py:4180} INFO - Setting next_dagrun for avito_to_raw_midraw to 2026-08-02 01:00:00+00:00, run_after=2026-08-02 02:00:00+00:00
[2026-08-02T01:18:47.659+0000] {processor.py:208} INFO - Processing /opt/airflow/dags/avito_to_raw_midraw.py took 0.052 seconds
[2026-08-02T01:19:17.937+0000] {processor.py:186} INFO - Started process (PID=892) to work on /opt/airflow/dags/avito_to_raw_midraw.py
[2026-08-02T01:19:17.938+0000] {processor.py:914} INFO - Processing file /opt/airflow/dags/avito_to_raw_midraw.py for tasks to queue
[2026-08-02T01:19:17.939+0000] {logging_mixin.py:190} INFO - [2026-08-02T01:19:17.939+0000] {dagbag.py:588} INFO - Filling up the DagBag from /opt/airflow/dags/avito_to_raw_midraw.py
[2026-08-02T01:19:17.950+0000] {processor.py:925} INFO - DAG(s) 'avito_to_raw_midraw' retrieved from /opt/airflow/dags/avito_to_raw_midraw.py
[2026-08-02T01:19:17.967+0000] {logging_mixin.py:190} INFO - [2026-08-02T01:19:17.967+0000] {dag.py:3239} INFO - Sync 1 DAGs
[2026-08-02T01:19:17.977+0000] {logging_mixin.py:190} INFO - [2026-08-02T01:19:17.977+0000] {dag.py:4180} INFO - Setting next_dagrun for avito_to_raw_midraw to 2026-08-02 01:00:00+00:00, run_after=2026-08-02 02:00:00+00:00
[2026-08-02T01:19:17.985+0000] {processor.py:208} INFO - Processing /opt/airflow/dags/avito_to_raw_midraw.py took 0.052 seconds
[2026-08-02T01:19:48.240+0000] {processor.py:186} INFO - Started process (PID=894) to work on /opt/airflow/dags/avito_to_raw_midraw.py
[2026-08-02T01:19:48.240+0000] {processor.py:914} INFO - Processing file /opt/airflow/dags/avito_to_raw_midraw.py for tasks to queue
[2026-08-02T01:19:48.241+0000] {logging_mixin.py:190} INFO - [2026-08-02T01:19:48.241+0000] {dagbag.py:588} INFO - Filling up the DagBag from /opt/airflow/dags/avito_to_raw_midraw.py
[2026-08-02T01:19:48.253+0000] {processor.py:925} INFO - DAG(s) 'avito_to_raw_midraw' retrieved from /opt/airflow/dags/avito_to_raw_midraw.py
[2026-08-02T01:19:48.269+0000] {logging_mixin.py:190} INFO - [2026-08-02T01:19:48.269+0000] {dag.py:3239} INFO - Sync 1 DAGs
[2026-08-02T01:19:48.278+0000] {logging_mixin.py:190} INFO - [2026-08-02T01:19:48.278+0000] {dag.py:4180} INFO - Setting next_dagrun for avito_to_raw_midraw to 2026-08-02 01:00:00+00:00, run_after=2026-08-02 02:00:00+00:00
[2026-08-02T01:19:48.287+0000] {processor.py:208} INFO - Processing /opt/airflow/dags/avito_to_raw_midraw.py took 0.050 seconds
[2026-08-02T01:20:18.526+0000] {processor.py:186} INFO - Started process (PID=896) to work on /opt/airflow/dags/avito_to_raw_midraw.py
[2026-08-02T01:20:18.527+0000] {processor.py:914} INFO - Processing file /opt/airflow/dags/avito_to_raw_midraw.py for tasks to queue
[2026-08-02T01:20:18.528+0000] {logging_mixin.py:190} INFO - [2026-08-02T01:20:18.528+0000] {dagbag.py:588} INFO - Filling up the DagBag from /opt/airflow/dags/avito_to_raw_midraw.py
[2026-08-02T01:20:18.541+0000] {processor.py:925} INFO - DAG(s) 'avito_to_raw_midraw' retrieved from /opt/airflow/dags/avito_to_raw_midraw.py
[2026-08-02T01:20:18.555+0000] {logging_mixin.py:190} INFO - [2026-08-02T01:20:18.555+0000] {dag.py:3239} INFO - Sync 1 DAGs
[2026-08-02T01:20:18.565+0000] {logging_mixin.py:190} INFO - [2026-08-02T01:20:18.565+0000] {dag.py:4180} INFO - Setting next_dagrun for avito_to_raw_midraw to 2026-08-02 01:00:00+00:00, run_after=2026-08-02 02:00:00+00:00
[2026-08-02T01:20:18.574+0000] {processor.py:208} INFO - Processing /opt/airflow/dags/avito_to_raw_midraw.py took 0.051 seconds
[2026-08-02T01:20:48.837+0000] {processor.py:186} INFO - Started process (PID=898) to work on /opt/airflow/dags/avito_to_raw_midraw.py
[2026-08-02T01:20:48.837+0000] {processor.py:914} INFO - Processing file /opt/airflow/dags/avito_to_raw_midraw.py for tasks to queue
[2026-08-02T01:20:48.838+0000] {logging_mixin.py:190} INFO - [2026-08-02T01:20:48.838+0000] {dagbag.py:588} INFO - Filling up the DagBag from /opt/airflow/dags/avito_to_raw_midraw.py
[2026-08-02T01:20:48.852+0000] {processor.py:925} INFO - DAG(s) 'avito_to_raw_midraw' retrieved from /opt/airflow/dags/avito_to_raw_midraw.py
[2026-08-02T01:20:48.870+0000] {logging_mixin.py:190} INFO - [2026-08-02T01:20:48.870+0000] {dag.py:3239} INFO - Sync 1 DAGs
[2026-08-02T01:20:48.880+0000] {logging_mixin.py:190} INFO - [2026-08-02T01:20:48.880+0000] {dag.py:4180} INFO - Setting next_dagrun for avito_to_raw_midraw to 2026-08-02 01:00:00+00:00, run_after=2026-08-02 02:00:00+00:00
[2026-08-02T01:20:48.892+0000] {processor.py:208} INFO - Processing /opt/airflow/dags/avito_to_raw_midraw.py took 0.060 seconds
[2026-08-02T01:21:19.120+0000] {processor.py:186} INFO - Started process (PID=900) to work on /opt/airflow/dags/avito_to_raw_midraw.py
[2026-08-02T01:21:19.121+0000] {processor.py:914} INFO - Processing file /opt/airflow/dags/avito_to_raw_midraw.py for tasks to queue
[2026-08-02T01:21:19.121+0000] {logging_mixin.py:190} INFO - [2026-08-02T01:21:19.121+0000] {dagbag.py:588} INFO - Filling up the DagBag from /opt/airflow/dags/avito_to_raw_midraw.py
[2026-08-02T01:21:19.133+0000] {processor.py:925} INFO - DAG(s) 'avito_to_raw_midraw' retrieved from /opt/airflow/dags/avito_to_raw_midraw.py
[2026-08-02T01:21:19.148+0000] {logging_mixin.py:190} INFO - [2026-08-02T01:21:19.148+0000] {dag.py:3239} INFO - Sync 1 DAGs
[2026-08-02T01:21:19.157+0000] {logging_mixin.py:190} INFO - [2026-08-02T01:21:19.157+0000] {dag.py:4180} INFO - Setting next_dagrun for avito_to_raw_midraw to 2026-08-02 01:00:00+00:00, run_after=2026-08-02 02:00:00+00:00
[2026-08-02T01:21:19.166+0000] {processor.py:208} INFO - Processing /opt/airflow/dags/avito_to_raw_midraw.py took 0.051 seconds
[2026-08-02T01:21:49.422+0000] {processor.py:186} INFO - Started process (PID=902) to work on /opt/airflow/dags/avito_to_raw_midraw.py
[2026-08-02T01:21:49.422+0000] {processor.py:914} INFO - Processing file /opt/airflow/dags/avito_to_raw_midraw.py for tasks to queue
[2026-08-02T01:21:49.423+0000] {logging_mixin.py:190} INFO - [2026-08-02T01:21:49.423+0000] {dagbag.py:588} INFO - Filling up the DagBag from /opt/airflow/dags/avito_to_raw_midraw.py
[2026-08-02T01:21:49.439+0000] {processor.py:925} INFO - DAG(s) 'avito_to_raw_midraw' retrieved from /opt/airflow/dags/avito_to_raw_midraw.py
[2026-08-02T01:21:49.458+0000] {logging_mixin.py:190} INFO - [2026-08-02T01:21:49.458+0000] {dag.py:3239} INFO - Sync 1 DAGs
[2026-08-02T01:21:49.469+0000] {logging_mixin.py:190} INFO - [2026-08-02T01:21:49.469+0000] {dag.py:4180} INFO - Setting next_dagrun for avito_to_raw_midraw to 2026-08-02 01:00:00+00:00, run_after=2026-08-02 02:00:00+00:00
[2026-08-02T01:21:49.479+0000] {processor.py:208} INFO - Processing /opt/airflow/dags/avito_to_raw_midraw.py took 0.061 seconds
[2026-08-02T01:22:19.780+0000] {processor.py:186} INFO - Started process (PID=904) to work on /opt/airflow/dags/avito_to_raw_midraw.py
[2026-08-02T01:22:19.780+0000] {processor.py:914} INFO - Processing file /opt/airflow/dags/avito_to_raw_midraw.py for tasks to queue
[2026-08-02T01:22:19.781+0000] {logging_mixin.py:190} INFO - [2026-08-02T01:22:19.781+0000] {dagbag.py:588} INFO - Filling up the DagBag from /opt/airflow/dags/avito_to_raw_midraw.py
[2026-08-02T01:22:19.794+0000] {processor.py:925} INFO - DAG(s) 'avito_to_raw_midraw' retrieved from /opt/airflow/dags/avito_to_raw_midraw.py
[2026-08-02T01:22:19.809+0000] {logging_mixin.py:190} INFO - [2026-08-02T01:22:19.808+0000] {dag.py:3239} INFO - Sync 1 DAGs
[2026-08-02T01:22:19.818+0000] {logging_mixin.py:190} INFO - [2026-08-02T01:22:19.818+0000] {dag.py:4180} INFO - Setting next_dagrun for avito_to_raw_midraw to 2026-08-02 01:00:00+00:00, run_after=2026-08-02 02:00:00+00:00
[2026-08-02T01:22:19.825+0000] {processor.py:208} INFO - Processing /opt/airflow/dags/avito_to_raw_midraw.py took 0.049 seconds
[2026-08-02T01:22:50.057+0000] {processor.py:186} INFO - Started process (PID=906) to work on /opt/airflow/dags/avito_to_raw_midraw.py
[2026-08-02T01:22:50.057+0000] {processor.py:914} INFO - Processing file /opt/airflow/dags/avito_to_raw_midraw.py for tasks to queue
[2026-08-02T01:22:50.058+0000] {logging_mixin.py:190} INFO - [2026-08-02T01:22:50.058+0000] {dagbag.py:588} INFO - Filling up the DagBag from /opt/airflow/dags/avito_to_raw_midraw.py
[2026-08-02T01:22:50.065+0000] {processor.py:925} INFO - DAG(s) 'avito_to_raw_midraw' retrieved from /opt/airflow/dags/avito_to_raw_midraw.py
[2026-08-02T01:22:50.082+0000] {logging_mixin.py:190} INFO - [2026-08-02T01:22:50.081+0000] {dag.py:3239} INFO - Sync 1 DAGs
[2026-08-02T01:22:50.091+0000] {logging_mixin.py:190} INFO - [2026-08-02T01:22:50.091+0000] {dag.py:4180} INFO - Setting next_dagrun for avito_to_raw_midraw to 2026-08-02 01:00:00+00:00, run_after=2026-08-02 02:00:00+00:00
[2026-08-02T01:22:50.098+0000] {processor.py:208} INFO - Processing /opt/airflow/dags/avito_to_raw_midraw.py took 0.044 seconds
[2026-08-02T01:23:20.400+0000] {processor.py:186} INFO - Started process (PID=908) to work on /opt/airflow/dags/avito_to_raw_midraw.py
[2026-08-02T01:23:20.401+0000] {processor.py:914} INFO - Processing file /opt/airflow/dags/avito_to_raw_midraw.py for tasks to queue
[2026-08-02T01:23:20.402+0000] {logging_mixin.py:190} INFO - [2026-08-02T01:23:20.402+0000] {dagbag.py:588} INFO - Filling up the DagBag from /opt/airflow/dags/avito_to_raw_midraw.py
[2026-08-02T01:23:20.418+0000] {processor.py:925} INFO - DAG(s) 'avito_to_raw_midraw' retrieved from /opt/airflow/dags/avito_to_raw_midraw.py
[2026-08-02T01:23:20.435+0000] {logging_mixin.py:190} INFO - [2026-08-02T01:23:20.435+0000] {dag.py:3239} INFO - Sync 1 DAGs
[2026-08-02T01:23:20.444+0000] {logging_mixin.py:190} INFO - [2026-08-02T01:23:20.443+0000] {dag.py:4180} INFO - Setting next_dagrun for avito_to_raw_midraw to 2026-08-02 01:00:00+00:00, run_after=2026-08-02 02:00:00+00:00
[2026-08-02T01:23:20.452+0000] {processor.py:208} INFO - Processing /opt/airflow/dags/avito_to_raw_midraw.py took 0.057 seconds
[2026-08-02T01:23:50.713+0000] {processor.py:186} INFO - Started process (PID=910) to work on /opt/airflow/dags/avito_to_raw_midraw.py
[2026-08-02T01:23:50.713+0000] {processor.py:914} INFO - Processing file /opt/airflow/dags/avito_to_raw_midraw.py for tasks to queue
[2026-08-02T01:23:50.714+0000] {logging_mixin.py:190} INFO - [2026-08-02T01:23:50.714+0000] {dagbag.py:588} INFO - Filling up the DagBag from /opt/airflow/dags/avito_to_raw_midraw.py
[2026-08-02T01:23:50.728+0000] {processor.py:925} INFO - DAG(s) 'avito_to_raw_midraw' retrieved from /opt/airflow/dags/avito_to_raw_midraw.py
[2026-08-02T01:23:50.745+0000] {logging_mixin.py:190} INFO - [2026-08-02T01:23:50.745+0000] {dag.py:3239} INFO - Sync 1 DAGs
[2026-08-02T01:23:50.758+0000] {logging_mixin.py:190} INFO - [2026-08-02T01:23:50.758+0000] {dag.py:4180} INFO - Setting next_dagrun for avito_to_raw_midraw to 2026-08-02 01:00:00+00:00, run_after=2026-08-02 02:00:00+00:00
[2026-08-02T01:23:50.770+0000] {processor.py:208} INFO - Processing /opt/airflow/dags/avito_to_raw_midraw.py took 0.061 seconds
[2026-08-02T01:24:21.031+0000] {processor.py:186} INFO - Started process (PID=912) to work on /opt/airflow/dags/avito_to_raw_midraw.py
[2026-08-02T01:24:21.031+0000] {processor.py:914} INFO - Processing file /opt/airflow/dags/avito_to_raw_midraw.py for tasks to queue
[2026-08-02T01:24:21.032+0000] {logging_mixin.py:190} INFO - [2026-08-02T01:24:21.032+0000] {dagbag.py:588} INFO - Filling up the DagBag from /opt/airflow/dags/avito_to_raw_midraw.py
[2026-08-02T01:24:21.043+0000] {processor.py:925} INFO - DAG(s) 'avito_to_raw_midraw' retrieved from /opt/airflow/dags/avito_to_raw_midraw.py
[2026-08-02T01:24:21.060+0000] {logging_mixin.py:190} INFO - [2026-08-02T01:24:21.060+0000] {dag.py:3239} INFO - Sync 1 DAGs
[2026-08-02T01:24:21.070+0000] {logging_mixin.py:190} INFO - [2026-08-02T01:24:21.070+0000] {dag.py:4180} INFO - Setting next_dagrun for avito_to_raw_midraw to 2026-08-02 01:00:00+00:00, run_after=2026-08-02 02:00:00+00:00
[2026-08-02T01:24:21.079+0000] {processor.py:208} INFO - Processing /opt/airflow/dags/avito_to_raw_midraw.py took 0.051 seconds
[2026-08-02T01:24:51.383+0000] {processor.py:186} INFO - Started process (PID=914) to work on /opt/airflow/dags/avito_to_raw_midraw.py
[2026-08-02T01:24:51.383+0000] {processor.py:914} INFO - Processing file /opt/airflow/dags/avito_to_raw_midraw.py for tasks to queue
[2026-08-02T01:24:51.384+0000] {logging_mixin.py:190} INFO - [2026-08-02T01:24:51.384+0000] {dagbag.py:588} INFO - Filling up the DagBag from /opt/airflow/dags/avito_to_raw_midraw.py
[2026-08-02T01:24:51.398+0000] {processor.py:925} INFO - DAG(s) 'avito_to_raw_midraw' retrieved from /opt/airflow/dags/avito_to_raw_midraw.py
[2026-08-02T01:24:51.411+0000] {logging_mixin.py:190} INFO - [2026-08-02T01:24:51.411+0000] {dag.py:3239} INFO - Sync 1 DAGs
[2026-08-02T01:24:51.418+0000] {logging_mixin.py:190} INFO - [2026-08-02T01:24:51.418+0000] {dag.py:4180} INFO - Setting next_dagrun for avito_to_raw_midraw to 2026-08-02 01:00:00+00:00, run_after=2026-08-02 02:00:00+00:00
[2026-08-02T01:24:51.426+0000] {processor.py:208} INFO - Processing /opt/airflow/dags/avito_to_raw_midraw.py took 0.047 seconds
[2026-08-02T01:25:21.722+0000] {processor.py:186} INFO - Started process (PID=916) to work on /opt/airflow/dags/avito_to_raw_midraw.py
[2026-08-02T01:25:21.723+0000] {processor.py:914} INFO - Processing file /opt/airflow/dags/avito_to_raw_midraw.py for tasks to queue
[2026-08-02T01:25:21.724+0000] {logging_mixin.py:190} INFO - [2026-08-02T01:25:21.724+0000] {dagbag.py:588} INFO - Filling up the DagBag from /opt/airflow/dags/avito_to_raw_midraw.py
[2026-08-02T01:25:21.737+0000] {processor.py:925} INFO - DAG(s) 'avito_to_raw_midraw' retrieved from /opt/airflow/dags/avito_to_raw_midraw.py
[2026-08-02T01:25:21.755+0000] {logging_mixin.py:190} INFO - [2026-08-02T01:25:21.755+0000] {dag.py:3239} INFO - Sync 1 DAGs
[2026-08-02T01:25:21.763+0000] {logging_mixin.py:190} INFO - [2026-08-02T01:25:21.763+0000] {dag.py:4180} INFO - Setting next_dagrun for avito_to_raw_midraw to 2026-08-02 01:00:00+00:00, run_after=2026-08-02 02:00:00+00:00
[2026-08-02T01:25:21.770+0000] {processor.py:208} INFO - Processing /opt/airflow/dags/avito_to_raw_midraw.py took 0.052 seconds
[2026-08-02T01:25:52.113+0000] {processor.py:186} INFO - Started process (PID=918) to work on /opt/airflow/dags/avito_to_raw_midraw.py
[2026-08-02T01:25:52.114+0000] {processor.py:914} INFO - Processing file /opt/airflow/dags/avito_to_raw_midraw.py for tasks to queue
[2026-08-02T01:25:52.115+0000] {logging_mixin.py:190} INFO - [2026-08-02T01:25:52.114+0000] {dagbag.py:588} INFO - Filling up the DagBag from /opt/airflow/dags/avito_to_raw_midraw.py
[2026-08-02T01:25:52.127+0000] {processor.py:925} INFO - DAG(s) 'avito_to_raw_midraw' retrieved from /opt/airflow/dags/avito_to_raw_midraw.py
[2026-08-02T01:25:52.141+0000] {logging_mixin.py:190} INFO - [2026-08-02T01:25:52.141+0000] {dag.py:3239} INFO - Sync 1 DAGs
[2026-08-02T01:25:52.153+0000] {logging_mixin.py:190} INFO - [2026-08-02T01:25:52.153+0000] {dag.py:4180} INFO - Setting next_dagrun for avito_to_raw_midraw to 2026-08-02 01:00:00+00:00, run_after=2026-08-02 02:00:00+00:00
[2026-08-02T01:25:52.159+0000] {processor.py:208} INFO - Processing /opt/airflow/dags/avito_to_raw_midraw.py took 0.048 seconds
[2026-08-02T01:26:22.447+0000] {processor.py:186} INFO - Started process (PID=920) to work on /opt/airflow/dags/avito_to_raw_midraw.py
[2026-08-02T01:26:22.447+0000] {processor.py:914} INFO - Processing file /opt/airflow/dags/avito_to_raw_midraw.py for tasks to queue
[2026-08-02T01:26:22.449+0000] {logging_mixin.py:190} INFO - [2026-08-02T01:26:22.448+0000] {dagbag.py:588} INFO - Filling up the DagBag from /opt/airflow/dags/avito_to_raw_midraw.py
[2026-08-02T01:26:22.460+0000] {processor.py:925} INFO - DAG(s) 'avito_to_raw_midraw' retrieved from /opt/airflow/dags/avito_to_raw_midraw.py
[2026-08-02T01:26:22.475+0000] {logging_mixin.py:190} INFO - [2026-08-02T01:26:22.475+0000] {dag.py:3239} INFO - Sync 1 DAGs
[2026-08-02T01:26:22.484+0000] {logging_mixin.py:190} INFO - [2026-08-02T01:26:22.484+0000] {dag.py:4180} INFO - Setting next_dagrun for avito_to_raw_midraw to 2026-08-02 01:00:00+00:00, run_after=2026-08-02 02:00:00+00:00
[2026-08-02T01:26:22.493+0000] {processor.py:208} INFO - Processing /opt/airflow/dags/avito_to_raw_midraw.py took 0.049 seconds
[2026-08-02T01:26:52.787+0000] {processor.py:186} INFO - Started process (PID=922) to work on /opt/airflow/dags/avito_to_raw_midraw.py
[2026-08-02T01:26:52.788+0000] {processor.py:914} INFO - Processing file /opt/airflow/dags/avito_to_raw_midraw.py for tasks to queue
[2026-08-02T01:26:52.789+0000] {logging_mixin.py:190} INFO - [2026-08-02T01:26:52.789+0000] {dagbag.py:588} INFO - Filling up the DagBag from /opt/airflow/dags/avito_to_raw_midraw.py
[2026-08-02T01:26:52.803+0000] {processor.py:925} INFO - DAG(s) 'avito_to_raw_midraw' retrieved from /opt/airflow/dags/avito_to_raw_midraw.py
[2026-08-02T01:26:52.818+0000] {logging_mixin.py:190} INFO - [2026-08-02T01:26:52.818+0000] {dag.py:3239} INFO - Sync 1 DAGs
[2026-08-02T01:26:52.828+0000] {logging_mixin.py:190} INFO - [2026-08-02T01:26:52.827+0000] {dag.py:4180} INFO - Setting next_dagrun for avito_to_raw_midraw to 2026-08-02 01:00:00+00:00, run_after=2026-08-02 02:00:00+00:00
[2026-08-02T01:26:52.836+0000] {processor.py:208} INFO - Processing /opt/airflow/dags/avito_to_raw_midraw.py took 0.052 seconds
[2026-08-02T01:27:23.122+0000] {processor.py:186} INFO - Started process (PID=924) to work on /opt/airflow/dags/avito_to_raw_midraw.py
[2026-08-02T01:27:23.123+0000] {processor.py:914} INFO - Processing file /opt/airflow/dags/avito_to_raw_midraw.py for tasks to queue
[2026-08-02T01:27:23.123+0000] {logging_mixin.py:190} INFO - [2026-08-02T01:27:23.123+0000] {dagbag.py:588} INFO - Filling up the DagBag from /opt/airflow/dags/avito_to_raw_midraw.py
[2026-08-02T01:27:23.135+0000] {processor.py:925} INFO - DAG(s) 'avito_to_raw_midraw' retrieved from /opt/airflow/dags/avito_to_raw_midraw.py
[2026-08-02T01:27:23.149+0000] {logging_mixin.py:190} INFO - [2026-08-02T01:27:23.149+0000] {dag.py:3239} INFO - Sync 1 DAGs
[2026-08-02T01:27:23.157+0000] {logging_mixin.py:190} INFO - [2026-08-02T01:27:23.157+0000] {dag.py:4180} INFO - Setting next_dagrun for avito_to_raw_midraw to 2026-08-02 01:00:00+00:00, run_after=2026-08-02 02:00:00+00:00
[2026-08-02T01:27:23.169+0000] {processor.py:208} INFO - Processing /opt/airflow/dags/avito_to_raw_midraw.py took 0.050 seconds
[2026-08-02T01:27:53.356+0000] {processor.py:186} INFO - Started process (PID=926) to work on /opt/airflow/dags/avito_to_raw_midraw.py
[2026-08-02T01:27:53.356+0000] {processor.py:914} INFO - Processing file /opt/airflow/dags/avito_to_raw_midraw.py for tasks to queue
[2026-08-02T01:27:53.357+0000] {logging_mixin.py:190} INFO - [2026-08-02T01:27:53.357+0000] {dagbag.py:588} INFO - Filling up the DagBag from /opt/airflow/dags/avito_to_raw_midraw.py
[2026-08-02T01:27:53.372+0000] {processor.py:925} INFO - DAG(s) 'avito_to_raw_midraw' retrieved from /opt/airflow/dags/avito_to_raw_midraw.py
[2026-08-02T01:27:53.386+0000] {logging_mixin.py:190} INFO - [2026-08-02T01:27:53.386+0000] {dag.py:3239} INFO - Sync 1 DAGs
[2026-08-02T01:27:53.394+0000] {logging_mixin.py:190} INFO - [2026-08-02T01:27:53.394+0000] {dag.py:4180} INFO - Setting next_dagrun for avito_to_raw_midraw to 2026-08-02 01:00:00+00:00, run_after=2026-08-02 02:00:00+00:00
[2026-08-02T01:27:53.402+0000] {processor.py:208} INFO - Processing /opt/airflow/dags/avito_to_raw_midraw.py took 0.049 seconds
[2026-08-02T01:28:23.647+0000] {processor.py:186} INFO - Started process (PID=928) to work on /opt/airflow/dags/avito_to_raw_midraw.py
[2026-08-02T01:28:23.648+0000] {processor.py:914} INFO - Processing file /opt/airflow/dags/avito_to_raw_midraw.py for tasks to queue
[2026-08-02T01:28:23.648+0000] {logging_mixin.py:190} INFO - [2026-08-02T01:28:23.648+0000] {dagbag.py:588} INFO - Filling up the DagBag from /opt/airflow/dags/avito_to_raw_midraw.py
[2026-08-02T01:28:23.662+0000] {processor.py:925} INFO - DAG(s) 'avito_to_raw_midraw' retrieved from /opt/airflow/dags/avito_to_raw_midraw.py
[2026-08-02T01:28:23.677+0000] {logging_mixin.py:190} INFO - [2026-08-02T01:28:23.677+0000] {dag.py:3239} INFO - Sync 1 DAGs
[2026-08-02T01:28:23.687+0000] {logging_mixin.py:190} INFO - [2026-08-02T01:28:23.687+0000] {dag.py:4180} INFO - Setting next_dagrun for avito_to_raw_midraw to 2026-08-02 01:00:00+00:00, run_after=2026-08-02 02:00:00+00:00
[2026-08-02T01:28:23.695+0000] {processor.py:208} INFO - Processing /opt/airflow/dags/avito_to_raw_midraw.py took 0.051 seconds
[2026-08-02T01:28:53.974+0000] {processor.py:186} INFO - Started process (PID=930) to work on /opt/airflow/dags/avito_to_raw_midraw.py
[2026-08-02T01:28:53.974+0000] {processor.py:914} INFO - Processing file /opt/airflow/dags/avito_to_raw_midraw.py for tasks to queue
[2026-08-02T01:28:53.975+0000] {logging_mixin.py:190} INFO - [2026-08-02T01:28:53.975+0000] {dagbag.py:588} INFO - Filling up the DagBag from /opt/airflow/dags/avito_to_raw_midraw.py
[2026-08-02T01:28:53.987+0000] {processor.py:925} INFO - DAG(s) 'avito_to_raw_midraw' retrieved from /opt/airflow/dags/avito_to_raw_midraw.py
[2026-08-02T01:28:54.004+0000] {logging_mixin.py:190} INFO - [2026-08-02T01:28:54.004+0000] {dag.py:3239} INFO - Sync 1 DAGs
[2026-08-02T01:28:54.013+0000] {logging_mixin.py:190} INFO - [2026-08-02T01:28:54.012+0000] {dag.py:4180} INFO - Setting next_dagrun for avito_to_raw_midraw to 2026-08-02 01:00:00+00:00, run_after=2026-08-02 02:00:00+00:00
[2026-08-02T01:28:54.021+0000] {processor.py:208} INFO - Processing /opt/airflow/dags/avito_to_raw_midraw.py took 0.051 seconds
[2026-08-02T01:29:24.268+0000] {processor.py:186} INFO - Started process (PID=932) to work on /opt/airflow/dags/avito_to_raw_midraw.py
[2026-08-02T01:29:24.269+0000] {processor.py:914} INFO - Processing file /opt/airflow/dags/avito_to_raw_midraw.py for tasks to queue
[2026-08-02T01:29:24.271+0000] {logging_mixin.py:190} INFO - [2026-08-02T01:29:24.271+0000] {dagbag.py:588} INFO - Filling up the DagBag from /opt/airflow/dags/avito_to_raw_midraw.py
[2026-08-02T01:29:24.298+0000] {processor.py:925} INFO - DAG(s) 'avito_to_raw_midraw' retrieved from /opt/airflow/dags/avito_to_raw_midraw.py
[2026-08-02T01:29:24.315+0000] {logging_mixin.py:190} INFO - [2026-08-02T01:29:24.315+0000] {dag.py:3239} INFO - Sync 1 DAGs
[2026-08-02T01:29:24.325+0000] {logging_mixin.py:190} INFO - [2026-08-02T01:29:24.325+0000] {dag.py:4180} INFO - Setting next_dagrun for avito_to_raw_midraw to 2026-08-02 01:00:00+00:00, run_after=2026-08-02 02:00:00+00:00
[2026-08-02T01:29:24.332+0000] {processor.py:208} INFO - Processing /opt/airflow/dags/avito_to_raw_midraw.py took 0.069 seconds
[2026-08-02T01:29:54.636+0000] {processor.py:186} INFO - Started process (PID=934) to work on /opt/airflow/dags/avito_to_raw_midraw.py
[2026-08-02T01:29:54.637+0000] {processor.py:914} INFO - Processing file /opt/airflow/dags/avito_to_raw_midraw.py for tasks to queue
[2026-08-02T01:29:54.638+0000] {logging_mixin.py:190} INFO - [2026-08-02T01:29:54.638+0000] {dagbag.py:588} INFO - Filling up the DagBag from /opt/airflow/dags/avito_to_raw_midraw.py
[2026-08-02T01:29:54.656+0000] {processor.py:925} INFO - DAG(s) 'avito_to_raw_midraw' retrieved from /opt/airflow/dags/avito_to_raw_midraw.py
[2026-08-02T01:29:54.674+0000] {logging_mixin.py:190} INFO - [2026-08-02T01:29:54.674+0000] {dag.py:3239} INFO - Sync 1 DAGs
[2026-08-02T01:29:54.687+0000] {logging_mixin.py:190} INFO - [2026-08-02T01:29:54.687+0000] {dag.py:4180} INFO - Setting next_dagrun for avito_to_raw_midraw to 2026-08-02 01:00:00+00:00, run_after=2026-08-02 02:00:00+00:00
[2026-08-02T01:29:54.694+0000] {processor.py:208} INFO - Processing /opt/airflow/dags/avito_to_raw_midraw.py took 0.064 seconds
[2026-08-02T01:30:24.995+0000] {processor.py:186} INFO - Started process (PID=936) to work on /opt/airflow/dags/avito_to_raw_midraw.py
[2026-08-02T01:30:24.996+0000] {processor.py:914} INFO - Processing file /opt/airflow/dags/avito_to_raw_midraw.py for tasks to queue
[2026-08-02T01:30:24.997+0000] {logging_mixin.py:190} INFO - [2026-08-02T01:30:24.997+0000] {dagbag.py:588} INFO - Filling up the DagBag from /opt/airflow/dags/avito_to_raw_midraw.py
[2026-08-02T01:30:25.009+0000] {processor.py:925} INFO - DAG(s) 'avito_to_raw_midraw' retrieved from /opt/airflow/dags/avito_to_raw_midraw.py
[2026-08-02T01:30:25.025+0000] {logging_mixin.py:190} INFO - [2026-08-02T01:30:25.025+0000] {dag.py:3239} INFO - Sync 1 DAGs
[2026-08-02T01:30:25.033+0000] {logging_mixin.py:190} INFO - [2026-08-02T01:30:25.033+0000] {dag.py:4180} INFO - Setting next_dagrun for avito_to_raw_midraw to 2026-08-02 01:00:00+00:00, run_after=2026-08-02 02:00:00+00:00
[2026-08-02T01:30:25.042+0000] {processor.py:208} INFO - Processing /opt/airflow/dags/avito_to_raw_midraw.py took 0.050 seconds
[2026-08-02T01:30:55.303+0000] {processor.py:186} INFO - Started process (PID=938) to work on /opt/airflow/dags/avito_to_raw_midraw.py
[2026-08-02T01:30:55.303+0000] {processor.py:914} INFO - Processing file /opt/airflow/dags/avito_to_raw_midraw.py for tasks to queue
[2026-08-02T01:30:55.304+0000] {logging_mixin.py:190} INFO - [2026-08-02T01:30:55.304+0000] {dagbag.py:588} INFO - Filling up the DagBag from /opt/airflow/dags/avito_to_raw_midraw.py
[2026-08-02T01:30:55.317+0000] {processor.py:925} INFO - DAG(s) 'avito_to_raw_midraw' retrieved from /opt/airflow/dags/avito_to_raw_midraw.py
[2026-08-02T01:30:55.332+0000] {logging_mixin.py:190} INFO - [2026-08-02T01:30:55.331+0000] {dag.py:3239} INFO - Sync 1 DAGs
[2026-08-02T01:30:55.340+0000] {logging_mixin.py:190} INFO - [2026-08-02T01:30:55.340+0000] {dag.py:4180} INFO - Setting next_dagrun for avito_to_raw_midraw to 2026-08-02 01:00:00+00:00, run_after=2026-08-02 02:00:00+00:00
[2026-08-02T01:30:55.348+0000] {processor.py:208} INFO - Processing /opt/airflow/dags/avito_to_raw_midraw.py took 0.048 seconds
[2026-08-02T01:31:25.873+0000] {processor.py:186} INFO - Started process (PID=940) to work on /opt/airflow/dags/avito_to_raw_midraw.py
[2026-08-02T01:31:25.887+0000] {processor.py:914} INFO - Processing file /opt/airflow/dags/avito_to_raw_midraw.py for tasks to queue
[2026-08-02T01:31:25.894+0000] {logging_mixin.py:190} INFO - [2026-08-02T01:31:25.891+0000] {dagbag.py:588} INFO - Filling up the DagBag from /opt/airflow/dags/avito_to_raw_midraw.py
[2026-08-02T01:31:25.943+0000] {processor.py:925} INFO - DAG(s) 'avito_to_raw_midraw' retrieved from /opt/airflow/dags/avito_to_raw_midraw.py
[2026-08-02T01:31:26.079+0000] {logging_mixin.py:190} INFO - [2026-08-02T01:31:26.079+0000] {dag.py:3239} INFO - Sync 1 DAGs
[2026-08-02T01:31:26.131+0000] {logging_mixin.py:190} INFO - [2026-08-02T01:31:26.131+0000] {dag.py:4180} INFO - Setting next_dagrun for avito_to_raw_midraw to 2026-08-02 01:00:00+00:00, run_after=2026-08-02 02:00:00+00:00
[2026-08-02T01:31:26.153+0000] {processor.py:208} INFO - Processing /opt/airflow/dags/avito_to_raw_midraw.py took 0.359 seconds
[2026-08-02T01:31:56.240+0000] {processor.py:186} INFO - Started process (PID=942) to work on /opt/airflow/dags/avito_to_raw_midraw.py
[2026-08-02T01:31:56.241+0000] {processor.py:914} INFO - Processing file /opt/airflow/dags/avito_to_raw_midraw.py for tasks to queue
[2026-08-02T01:31:56.242+0000] {logging_mixin.py:190} INFO - [2026-08-02T01:31:56.242+0000] {dagbag.py:588} INFO - Filling up the DagBag from /opt/airflow/dags/avito_to_raw_midraw.py
[2026-08-02T01:31:56.261+0000] {processor.py:925} INFO - DAG(s) 'avito_to_raw_midraw' retrieved from /opt/airflow/dags/avito_to_raw_midraw.py
[2026-08-02T01:31:56.291+0000] {logging_mixin.py:190} INFO - [2026-08-02T01:31:56.291+0000] {dag.py:3239} INFO - Sync 1 DAGs
[2026-08-02T01:31:56.305+0000] {logging_mixin.py:190} INFO - [2026-08-02T01:31:56.305+0000] {dag.py:4180} INFO - Setting next_dagrun for avito_to_raw_midraw to 2026-08-02 01:00:00+00:00, run_after=2026-08-02 02:00:00+00:00
[2026-08-02T01:31:56.315+0000] {processor.py:208} INFO - Processing /opt/airflow/dags/avito_to_raw_midraw.py took 0.080 seconds
[2026-08-02T01:32:26.637+0000] {processor.py:186} INFO - Started process (PID=944) to work on /opt/airflow/dags/avito_to_raw_midraw.py
[2026-08-02T01:41:54.054+0000] {processor.py:914} INFO - Processing file /opt/airflow/dags/avito_to_raw_midraw.py for tasks to queue
[2026-08-02T01:41:54.261+0000] {logging_mixin.py:190} INFO - [2026-08-02T01:41:54.245+0000] {dagbag.py:588} INFO - Filling up the DagBag from /opt/airflow/dags/avito_to_raw_midraw.py
[2026-08-02T01:41:54.363+0000] {processor.py:925} INFO - DAG(s) 'avito_to_raw_midraw' retrieved from /opt/airflow/dags/avito_to_raw_midraw.py
[2026-08-02T01:42:25.112+0000] {processor.py:186} INFO - Started process (PID=946) to work on /opt/airflow/dags/avito_to_raw_midraw.py
[2026-08-02T01:42:25.132+0000] {processor.py:914} INFO - Processing file /opt/airflow/dags/avito_to_raw_midraw.py for tasks to queue
[2026-08-02T01:42:25.136+0000] {logging_mixin.py:190} INFO - [2026-08-02T01:42:25.136+0000] {dagbag.py:588} INFO - Filling up the DagBag from /opt/airflow/dags/avito_to_raw_midraw.py
[2026-08-02T01:42:25.322+0000] {processor.py:925} INFO - DAG(s) 'avito_to_raw_midraw' retrieved from /opt/airflow/dags/avito_to_raw_midraw.py
[2026-08-02T01:42:26.236+0000] {logging_mixin.py:190} INFO - [2026-08-02T01:42:26.228+0000] {dag.py:3239} INFO - Sync 1 DAGs
[2026-08-02T01:42:55.415+0000] {logging_mixin.py:190} INFO - [2026-08-02T01:42:55.414+0000] {dag.py:4180} INFO - Setting next_dagrun for avito_to_raw_midraw to 2026-08-02 01:00:00+00:00, run_after=2026-08-02 02:00:00+00:00
[2026-08-02T01:42:55.749+0000] {processor.py:208} INFO - Processing /opt/airflow/dags/avito_to_raw_midraw.py took 30.851 seconds
[2026-08-02T01:43:27.815+0000] {processor.py:186} INFO - Started process (PID=948) to work on /opt/airflow/dags/avito_to_raw_midraw.py
[2026-08-02T01:43:27.839+0000] {processor.py:914} INFO - Processing file /opt/airflow/dags/avito_to_raw_midraw.py for tasks to queue
[2026-08-02T01:43:27.863+0000] {logging_mixin.py:190} INFO - [2026-08-02T01:43:27.841+0000] {dagbag.py:588} INFO - Filling up the DagBag from /opt/airflow/dags/avito_to_raw_midraw.py
[2026-08-02T01:43:28.455+0000] {processor.py:925} INFO - DAG(s) 'avito_to_raw_midraw' retrieved from /opt/airflow/dags/avito_to_raw_midraw.py
[2026-08-02T01:43:36.453+0000] {logging_mixin.py:190} INFO - [2026-08-02T01:43:36.425+0000] {dag.py:3239} INFO - Sync 1 DAGs
[2026-08-02T01:43:36.793+0000] {logging_mixin.py:190} INFO - [2026-08-02T01:43:36.793+0000] {dag.py:4180} INFO - Setting next_dagrun for avito_to_raw_midraw to 2026-08-02 01:00:00+00:00, run_after=2026-08-02 02:00:00+00:00
[2026-08-02T01:43:37.531+0000] {processor.py:208} INFO - Processing /opt/airflow/dags/avito_to_raw_midraw.py took 10.155 seconds
[2026-08-02T01:44:09.976+0000] {processor.py:186} INFO - Started process (PID=949) to work on /opt/airflow/dags/avito_to_raw_midraw.py
[2026-08-02T01:44:10.219+0000] {processor.py:914} INFO - Processing file /opt/airflow/dags/avito_to_raw_midraw.py for tasks to queue
[2026-08-02T01:44:10.379+0000] {logging_mixin.py:190} INFO - [2026-08-02T01:44:10.377+0000] {dagbag.py:588} INFO - Filling up the DagBag from /opt/airflow/dags/avito_to_raw_midraw.py
[2026-08-02T01:44:11.412+0000] {processor.py:925} INFO - DAG(s) 'avito_to_raw_midraw' retrieved from /opt/airflow/dags/avito_to_raw_midraw.py
[2026-08-02T01:44:12.651+0000] {logging_mixin.py:190} INFO - [2026-08-02T01:44:12.650+0000] {dag.py:3239} INFO - Sync 1 DAGs
[2026-08-02T01:44:12.995+0000] {logging_mixin.py:190} INFO - [2026-08-02T01:44:12.995+0000] {dag.py:4180} INFO - Setting next_dagrun for avito_to_raw_midraw to 2026-08-02 01:00:00+00:00, run_after=2026-08-02 02:00:00+00:00
[2026-08-02T01:44:13.998+0000] {processor.py:208} INFO - Processing /opt/airflow/dags/avito_to_raw_midraw.py took 4.360 seconds
[2026-08-02T01:44:45.788+0000] {processor.py:186} INFO - Started process (PID=952) to work on /opt/airflow/dags/avito_to_raw_midraw.py
[2026-08-02T01:44:45.844+0000] {processor.py:914} INFO - Processing file /opt/airflow/dags/avito_to_raw_midraw.py for tasks to queue
[2026-08-02T01:44:45.905+0000] {logging_mixin.py:190} INFO - [2026-08-02T01:44:45.896+0000] {dagbag.py:588} INFO - Filling up the DagBag from /opt/airflow/dags/avito_to_raw_midraw.py
[2026-08-02T01:44:46.299+0000] {processor.py:925} INFO - DAG(s) 'avito_to_raw_midraw' retrieved from /opt/airflow/dags/avito_to_raw_midraw.py
[2026-08-02T01:44:47.428+0000] {logging_mixin.py:190} INFO - [2026-08-02T01:44:47.427+0000] {dag.py:3239} INFO - Sync 1 DAGs
[2026-08-02T01:44:47.845+0000] {logging_mixin.py:190} INFO - [2026-08-02T01:44:47.844+0000] {dag.py:4180} INFO - Setting next_dagrun for avito_to_raw_midraw to 2026-08-02 01:00:00+00:00, run_after=2026-08-02 02:00:00+00:00
[2026-08-02T01:44:48.373+0000] {processor.py:208} INFO - Processing /opt/airflow/dags/avito_to_raw_midraw.py took 2.690 seconds
[2026-08-02T01:45:20.209+0000] {processor.py:186} INFO - Started process (PID=954) to work on /opt/airflow/dags/avito_to_raw_midraw.py
[2026-08-02T01:45:20.529+0000] {processor.py:914} INFO - Processing file /opt/airflow/dags/avito_to_raw_midraw.py for tasks to queue
[2026-08-02T01:45:20.553+0000] {logging_mixin.py:190} INFO - [2026-08-02T01:45:20.552+0000] {dagbag.py:588} INFO - Filling up the DagBag from /opt/airflow/dags/avito_to_raw_midraw.py
[2026-08-02T01:45:21.392+0000] {processor.py:925} INFO - DAG(s) 'avito_to_raw_midraw' retrieved from /opt/airflow/dags/avito_to_raw_midraw.py
[2026-08-02T01:45:22.507+0000] {logging_mixin.py:190} INFO - [2026-08-02T01:45:22.500+0000] {dag.py:3239} INFO - Sync 1 DAGs
[2026-08-02T01:45:23.159+0000] {logging_mixin.py:190} INFO - [2026-08-02T01:45:23.158+0000] {dag.py:4180} INFO - Setting next_dagrun for avito_to_raw_midraw to 2026-08-02 01:00:00+00:00, run_after=2026-08-02 02:00:00+00:00
[2026-08-02T01:45:23.627+0000] {processor.py:208} INFO - Processing /opt/airflow/dags/avito_to_raw_midraw.py took 3.557 seconds
[2026-08-02T01:45:54.855+0000] {processor.py:186} INFO - Started process (PID=955) to work on /opt/airflow/dags/avito_to_raw_midraw.py
[2026-08-02T01:45:54.997+0000] {processor.py:914} INFO - Processing file /opt/airflow/dags/avito_to_raw_midraw.py for tasks to queue
[2026-08-02T01:45:55.046+0000] {logging_mixin.py:190} INFO - [2026-08-02T01:45:55.046+0000] {dagbag.py:588} INFO - Filling up the DagBag from /opt/airflow/dags/avito_to_raw_midraw.py
[2026-08-02T01:45:56.103+0000] {processor.py:925} INFO - DAG(s) 'avito_to_raw_midraw' retrieved from /opt/airflow/dags/avito_to_raw_midraw.py
[2026-08-02T01:45:56.820+0000] {logging_mixin.py:190} INFO - [2026-08-02T01:45:56.819+0000] {dag.py:3239} INFO - Sync 1 DAGs
[2026-08-02T01:45:57.159+0000] {logging_mixin.py:190} INFO - [2026-08-02T01:45:57.159+0000] {dag.py:4180} INFO - Setting next_dagrun for avito_to_raw_midraw to 2026-08-02 01:00:00+00:00, run_after=2026-08-02 02:00:00+00:00
[2026-08-02T01:45:58.107+0000] {processor.py:208} INFO - Processing /opt/airflow/dags/avito_to_raw_midraw.py took 3.340 seconds
[2026-08-02T01:46:30.428+0000] {processor.py:186} INFO - Started process (PID=958) to work on /opt/airflow/dags/avito_to_raw_midraw.py
[2026-08-02T01:46:30.620+0000] {processor.py:914} INFO - Processing file /opt/airflow/dags/avito_to_raw_midraw.py for tasks to queue
[2026-08-02T01:46:30.684+0000] {logging_mixin.py:190} INFO - [2026-08-02T01:46:30.666+0000] {dagbag.py:588} INFO - Filling up the DagBag from /opt/airflow/dags/avito_to_raw_midraw.py
[2026-08-02T01:46:31.571+0000] {processor.py:925} INFO - DAG(s) 'avito_to_raw_midraw' retrieved from /opt/airflow/dags/avito_to_raw_midraw.py
[2026-08-02T01:46:32.846+0000] {logging_mixin.py:190} INFO - [2026-08-02T01:46:32.838+0000] {dag.py:3239} INFO - Sync 1 DAGs
[2026-08-02T01:46:33.161+0000] {logging_mixin.py:190} INFO - [2026-08-02T01:46:33.161+0000] {dag.py:4180} INFO - Setting next_dagrun for avito_to_raw_midraw to 2026-08-02 01:00:00+00:00, run_after=2026-08-02 02:00:00+00:00
[2026-08-02T01:46:33.921+0000] {processor.py:208} INFO - Processing /opt/airflow/dags/avito_to_raw_midraw.py took 3.573 seconds
[2026-08-02T01:47:05.289+0000] {processor.py:186} INFO - Started process (PID=960) to work on /opt/airflow/dags/avito_to_raw_midraw.py
[2026-08-02T01:47:05.406+0000] {processor.py:914} INFO - Processing file /opt/airflow/dags/avito_to_raw_midraw.py for tasks to queue
[2026-08-02T01:47:05.408+0000] {logging_mixin.py:190} INFO - [2026-08-02T01:47:05.408+0000] {dagbag.py:588} INFO - Filling up the DagBag from /opt/airflow/dags/avito_to_raw_midraw.py
[2026-08-02T01:47:06.040+0000] {processor.py:925} INFO - DAG(s) 'avito_to_raw_midraw' retrieved from /opt/airflow/dags/avito_to_raw_midraw.py
[2026-08-02T01:47:06.906+0000] {logging_mixin.py:190} INFO - [2026-08-02T01:47:06.898+0000] {dag.py:3239} INFO - Sync 1 DAGs
[2026-08-02T01:47:07.238+0000] {logging_mixin.py:190} INFO - [2026-08-02T01:47:07.238+0000] {dag.py:4180} INFO - Setting next_dagrun for avito_to_raw_midraw to 2026-08-02 01:00:00+00:00, run_after=2026-08-02 02:00:00+00:00
[2026-08-02T01:47:08.125+0000] {processor.py:208} INFO - Processing /opt/airflow/dags/avito_to_raw_midraw.py took 2.931 seconds
[2026-08-02T01:47:40.415+0000] {processor.py:186} INFO - Started process (PID=961) to work on /opt/airflow/dags/avito_to_raw_midraw.py
[2026-08-02T01:47:40.453+0000] {processor.py:914} INFO - Processing file /opt/airflow/dags/avito_to_raw_midraw.py for tasks to queue
[2026-08-02T01:47:40.511+0000] {logging_mixin.py:190} INFO - [2026-08-02T01:47:40.509+0000] {dagbag.py:588} INFO - Filling up the DagBag from /opt/airflow/dags/avito_to_raw_midraw.py
[2026-08-02T01:47:41.966+0000] {processor.py:925} INFO - DAG(s) 'avito_to_raw_midraw' retrieved from /opt/airflow/dags/avito_to_raw_midraw.py
[2026-08-02T01:47:43.383+0000] {logging_mixin.py:190} INFO - [2026-08-02T01:47:43.383+0000] {dag.py:3239} INFO - Sync 1 DAGs
[2026-08-02T01:47:43.856+0000] {logging_mixin.py:190} INFO - [2026-08-02T01:47:43.856+0000] {dag.py:4180} INFO - Setting next_dagrun for avito_to_raw_midraw to 2026-08-02 01:00:00+00:00, run_after=2026-08-02 02:00:00+00:00
[2026-08-02T01:47:44.820+0000] {processor.py:208} INFO - Processing /opt/airflow/dags/avito_to_raw_midraw.py took 4.465 seconds
[2026-08-02T01:48:16.503+0000] {processor.py:186} INFO - Started process (PID=964) to work on /opt/airflow/dags/avito_to_raw_midraw.py
[2026-08-02T01:48:16.626+0000] {processor.py:914} INFO - Processing file /opt/airflow/dags/avito_to_raw_midraw.py for tasks to queue
[2026-08-02T01:48:16.628+0000] {logging_mixin.py:190} INFO - [2026-08-02T01:48:16.627+0000] {dagbag.py:588} INFO - Filling up the DagBag from /opt/airflow/dags/avito_to_raw_midraw.py
[2026-08-02T01:48:17.094+0000] {processor.py:925} INFO - DAG(s) 'avito_to_raw_midraw' retrieved from /opt/airflow/dags/avito_to_raw_midraw.py
[2026-08-02T01:48:18.017+0000] {logging_mixin.py:190} INFO - [2026-08-02T01:48:18.007+0000] {dag.py:3239} INFO - Sync 1 DAGs
[2026-08-02T01:48:18.370+0000] {logging_mixin.py:190} INFO - [2026-08-02T01:48:18.370+0000] {dag.py:4180} INFO - Setting next_dagrun for avito_to_raw_midraw to 2026-08-02 01:00:00+00:00, run_after=2026-08-02 02:00:00+00:00
[2026-08-02T01:48:19.091+0000] {processor.py:208} INFO - Processing /opt/airflow/dags/avito_to_raw_midraw.py took 2.728 seconds
[2026-08-02T01:48:51.319+0000] {processor.py:186} INFO - Started process (PID=966) to work on /opt/airflow/dags/avito_to_raw_midraw.py
[2026-08-02T01:48:51.418+0000] {processor.py:914} INFO - Processing file /opt/airflow/dags/avito_to_raw_midraw.py for tasks to queue
[2026-08-02T01:48:51.428+0000] {logging_mixin.py:190} INFO - [2026-08-02T01:48:51.428+0000] {dagbag.py:588} INFO - Filling up the DagBag from /opt/airflow/dags/avito_to_raw_midraw.py
[2026-08-02T01:48:51.693+0000] {processor.py:925} INFO - DAG(s) 'avito_to_raw_midraw' retrieved from /opt/airflow/dags/avito_to_raw_midraw.py
[2026-08-02T01:48:52.970+0000] {logging_mixin.py:190} INFO - [2026-08-02T01:48:52.961+0000] {dag.py:3239} INFO - Sync 1 DAGs
[2026-08-02T01:48:53.377+0000] {logging_mixin.py:190} INFO - [2026-08-02T01:48:53.377+0000] {dag.py:4180} INFO - Setting next_dagrun for avito_to_raw_midraw to 2026-08-02 01:00:00+00:00, run_after=2026-08-02 02:00:00+00:00
[2026-08-02T01:48:54.015+0000] {processor.py:208} INFO - Processing /opt/airflow/dags/avito_to_raw_midraw.py took 2.869 seconds
[2026-08-02T01:49:25.562+0000] {processor.py:186} INFO - Started process (PID=968) to work on /opt/airflow/dags/avito_to_raw_midraw.py
[2026-08-02T01:49:25.765+0000] {processor.py:914} INFO - Processing file /opt/airflow/dags/avito_to_raw_midraw.py for tasks to queue
[2026-08-02T01:49:25.980+0000] {logging_mixin.py:190} INFO - [2026-08-02T01:49:25.979+0000] {dagbag.py:588} INFO - Filling up the DagBag from /opt/airflow/dags/avito_to_raw_midraw.py
[2026-08-02T01:49:26.142+0000] {processor.py:925} INFO - DAG(s) 'avito_to_raw_midraw' retrieved from /opt/airflow/dags/avito_to_raw_midraw.py
[2026-08-02T01:49:27.714+0000] {logging_mixin.py:190} INFO - [2026-08-02T01:49:27.708+0000] {dag.py:3239} INFO - Sync 1 DAGs
[2026-08-02T01:49:28.068+0000] {logging_mixin.py:190} INFO - [2026-08-02T01:49:28.068+0000] {dag.py:4180} INFO - Setting next_dagrun for avito_to_raw_midraw to 2026-08-02 01:00:00+00:00, run_after=2026-08-02 02:00:00+00:00
[2026-08-02T01:49:28.636+0000] {processor.py:208} INFO - Processing /opt/airflow/dags/avito_to_raw_midraw.py took 3.114 seconds
[2026-08-02T01:50:00.057+0000] {processor.py:186} INFO - Started process (PID=970) to work on /opt/airflow/dags/avito_to_raw_midraw.py
[2026-08-02T01:50:00.135+0000] {processor.py:914} INFO - Processing file /opt/airflow/dags/avito_to_raw_midraw.py for tasks to queue
[2026-08-02T01:50:00.153+0000] {logging_mixin.py:190} INFO - [2026-08-02T01:50:00.153+0000] {dagbag.py:588} INFO - Filling up the DagBag from /opt/airflow/dags/avito_to_raw_midraw.py
[2026-08-02T01:50:00.635+0000] {processor.py:925} INFO - DAG(s) 'avito_to_raw_midraw' retrieved from /opt/airflow/dags/avito_to_raw_midraw.py
[2026-08-02T01:50:01.467+0000] {logging_mixin.py:190} INFO - [2026-08-02T01:50:01.466+0000] {dag.py:3239} INFO - Sync 1 DAGs
[2026-08-02T01:50:01.951+0000] {logging_mixin.py:190} INFO - [2026-08-02T01:50:01.935+0000] {dag.py:4180} INFO - Setting next_dagrun for avito_to_raw_midraw to 2026-08-02 01:00:00+00:00, run_after=2026-08-02 02:00:00+00:00
[2026-08-02T01:50:02.585+0000] {processor.py:208} INFO - Processing /opt/airflow/dags/avito_to_raw_midraw.py took 2.688 seconds
[2026-08-02T01:50:34.788+0000] {processor.py:186} INFO - Started process (PID=972) to work on /opt/airflow/dags/avito_to_raw_midraw.py
[2026-08-02T01:50:34.800+0000] {processor.py:914} INFO - Processing file /opt/airflow/dags/avito_to_raw_midraw.py for tasks to queue
[2026-08-02T01:50:34.817+0000] {logging_mixin.py:190} INFO - [2026-08-02T01:50:34.817+0000] {dagbag.py:588} INFO - Filling up the DagBag from /opt/airflow/dags/avito_to_raw_midraw.py
[2026-08-02T01:50:35.467+0000] {processor.py:925} INFO - DAG(s) 'avito_to_raw_midraw' retrieved from /opt/airflow/dags/avito_to_raw_midraw.py
[2026-08-02T01:50:36.090+0000] {logging_mixin.py:190} INFO - [2026-08-02T01:50:36.089+0000] {dag.py:3239} INFO - Sync 1 DAGs
[2026-08-02T01:50:36.476+0000] {logging_mixin.py:190} INFO - [2026-08-02T01:50:36.467+0000] {dag.py:4180} INFO - Setting next_dagrun for avito_to_raw_midraw to 2026-08-02 01:00:00+00:00, run_after=2026-08-02 02:00:00+00:00
[2026-08-02T01:50:37.162+0000] {processor.py:208} INFO - Processing /opt/airflow/dags/avito_to_raw_midraw.py took 2.471 seconds
[2026-08-02T01:51:08.926+0000] {processor.py:186} INFO - Started process (PID=974) to work on /opt/airflow/dags/avito_to_raw_midraw.py
[2026-08-02T01:51:09.051+0000] {processor.py:914} INFO - Processing file /opt/airflow/dags/avito_to_raw_midraw.py for tasks to queue
[2026-08-02T01:51:09.074+0000] {logging_mixin.py:190} INFO - [2026-08-02T01:51:09.073+0000] {dagbag.py:588} INFO - Filling up the DagBag from /opt/airflow/dags/avito_to_raw_midraw.py
[2026-08-02T01:51:09.420+0000] {processor.py:925} INFO - DAG(s) 'avito_to_raw_midraw' retrieved from /opt/airflow/dags/avito_to_raw_midraw.py
[2026-08-02T01:51:11.778+0000] {logging_mixin.py:190} INFO - [2026-08-02T01:51:11.778+0000] {dag.py:3239} INFO - Sync 1 DAGs
[2026-08-02T01:51:12.124+0000] {logging_mixin.py:190} INFO - [2026-08-02T01:51:12.123+0000] {dag.py:4180} INFO - Setting next_dagrun for avito_to_raw_midraw to 2026-08-02 01:00:00+00:00, run_after=2026-08-02 02:00:00+00:00
[2026-08-02T01:51:13.045+0000] {processor.py:208} INFO - Processing /opt/airflow/dags/avito_to_raw_midraw.py took 4.239 seconds
[2026-08-02T01:51:45.084+0000] {processor.py:186} INFO - Started process (PID=976) to work on /opt/airflow/dags/avito_to_raw_midraw.py
[2026-08-02T01:51:45.126+0000] {processor.py:914} INFO - Processing file /opt/airflow/dags/avito_to_raw_midraw.py for tasks to queue
[2026-08-02T01:51:45.175+0000] {logging_mixin.py:190} INFO - [2026-08-02T01:51:45.168+0000] {dagbag.py:588} INFO - Filling up the DagBag from /opt/airflow/dags/avito_to_raw_midraw.py
[2026-08-02T01:51:45.975+0000] {processor.py:925} INFO - DAG(s) 'avito_to_raw_midraw' retrieved from /opt/airflow/dags/avito_to_raw_midraw.py
[2026-08-02T01:51:47.068+0000] {logging_mixin.py:190} INFO - [2026-08-02T01:51:47.067+0000] {dag.py:3239} INFO - Sync 1 DAGs
[2026-08-02T01:51:47.295+0000] {logging_mixin.py:190} INFO - [2026-08-02T01:51:47.294+0000] {dag.py:4180} INFO - Setting next_dagrun for avito_to_raw_midraw to 2026-08-02 01:00:00+00:00, run_after=2026-08-02 02:00:00+00:00
[2026-08-02T01:51:47.777+0000] {processor.py:208} INFO - Processing /opt/airflow/dags/avito_to_raw_midraw.py took 2.778 seconds
[2026-08-02T01:52:19.338+0000] {processor.py:186} INFO - Started process (PID=978) to work on /opt/airflow/dags/avito_to_raw_midraw.py
[2026-08-02T01:52:19.428+0000] {processor.py:914} INFO - Processing file /opt/airflow/dags/avito_to_raw_midraw.py for tasks to queue
[2026-08-02T01:52:19.473+0000] {logging_mixin.py:190} INFO - [2026-08-02T01:52:19.466+0000] {dagbag.py:588} INFO - Filling up the DagBag from /opt/airflow/dags/avito_to_raw_midraw.py
[2026-08-02T01:52:20.236+0000] {processor.py:925} INFO - DAG(s) 'avito_to_raw_midraw' retrieved from /opt/airflow/dags/avito_to_raw_midraw.py
[2026-08-02T01:52:21.764+0000] {logging_mixin.py:190} INFO - [2026-08-02T01:52:21.764+0000] {dag.py:3239} INFO - Sync 1 DAGs
[2026-08-02T01:52:22.269+0000] {logging_mixin.py:190} INFO - [2026-08-02T01:52:22.268+0000] {dag.py:4180} INFO - Setting next_dagrun for avito_to_raw_midraw to 2026-08-02 01:00:00+00:00, run_after=2026-08-02 02:00:00+00:00
[2026-08-02T01:52:22.624+0000] {processor.py:208} INFO - Processing /opt/airflow/dags/avito_to_raw_midraw.py took 3.359 seconds
[2026-08-02T01:52:54.273+0000] {processor.py:186} INFO - Started process (PID=980) to work on /opt/airflow/dags/avito_to_raw_midraw.py
[2026-08-02T01:52:54.284+0000] {processor.py:914} INFO - Processing file /opt/airflow/dags/avito_to_raw_midraw.py for tasks to queue
[2026-08-02T01:52:54.294+0000] {logging_mixin.py:190} INFO - [2026-08-02T01:52:54.293+0000] {dagbag.py:588} INFO - Filling up the DagBag from /opt/airflow/dags/avito_to_raw_midraw.py
[2026-08-02T01:52:55.080+0000] {processor.py:925} INFO - DAG(s) 'avito_to_raw_midraw' retrieved from /opt/airflow/dags/avito_to_raw_midraw.py
[2026-08-02T01:52:56.111+0000] {logging_mixin.py:190} INFO - [2026-08-02T01:52:56.079+0000] {dag.py:3239} INFO - Sync 1 DAGs
[2026-08-02T01:52:56.425+0000] {logging_mixin.py:190} INFO - [2026-08-02T01:52:56.424+0000] {dag.py:4180} INFO - Setting next_dagrun for avito_to_raw_midraw to 2026-08-02 01:00:00+00:00, run_after=2026-08-02 02:00:00+00:00
[2026-08-02T01:52:57.160+0000] {processor.py:208} INFO - Processing /opt/airflow/dags/avito_to_raw_midraw.py took 2.953 seconds
[2026-08-02T01:53:28.785+0000] {processor.py:186} INFO - Started process (PID=982) to work on /opt/airflow/dags/avito_to_raw_midraw.py
[2026-08-02T01:53:28.832+0000] {processor.py:914} INFO - Processing file /opt/airflow/dags/avito_to_raw_midraw.py for tasks to queue
[2026-08-02T01:53:28.885+0000] {logging_mixin.py:190} INFO - [2026-08-02T01:53:28.878+0000] {dagbag.py:588} INFO - Filling up the DagBag from /opt/airflow/dags/avito_to_raw_midraw.py
[2026-08-02T01:53:29.395+0000] {processor.py:925} INFO - DAG(s) 'avito_to_raw_midraw' retrieved from /opt/airflow/dags/avito_to_raw_midraw.py
[2026-08-02T01:53:29.993+0000] {logging_mixin.py:190} INFO - [2026-08-02T01:53:29.993+0000] {dag.py:3239} INFO - Sync 1 DAGs
[2026-08-02T01:53:30.339+0000] {logging_mixin.py:190} INFO - [2026-08-02T01:53:30.339+0000] {dag.py:4180} INFO - Setting next_dagrun for avito_to_raw_midraw to 2026-08-02 01:00:00+00:00, run_after=2026-08-02 02:00:00+00:00
[2026-08-02T01:53:30.636+0000] {processor.py:208} INFO - Processing /opt/airflow/dags/avito_to_raw_midraw.py took 1.900 seconds
[2026-08-02T01:54:01.856+0000] {processor.py:186} INFO - Started process (PID=984) to work on /opt/airflow/dags/avito_to_raw_midraw.py
[2026-08-02T01:54:01.892+0000] {processor.py:914} INFO - Processing file /opt/airflow/dags/avito_to_raw_midraw.py for tasks to queue
[2026-08-02T01:54:02.052+0000] {logging_mixin.py:190} INFO - [2026-08-02T01:54:02.049+0000] {dagbag.py:588} INFO - Filling up the DagBag from /opt/airflow/dags/avito_to_raw_midraw.py
[2026-08-02T01:54:02.866+0000] {processor.py:925} INFO - DAG(s) 'avito_to_raw_midraw' retrieved from /opt/airflow/dags/avito_to_raw_midraw.py
[2026-08-02T01:57:31.776+0000] {logging_mixin.py:190} INFO - [2026-08-02T01:57:31.772+0000] {dag.py:3239} INFO - Sync 1 DAGs
[2026-08-02T01:58:26.961+0000] {processor.py:186} INFO - Started process (PID=986) to work on /opt/airflow/dags/avito_to_raw_midraw.py
[2026-08-02T01:58:27.021+0000] {processor.py:914} INFO - Processing file /opt/airflow/dags/avito_to_raw_midraw.py for tasks to queue
[2026-08-02T01:58:27.089+0000] {logging_mixin.py:190} INFO - [2026-08-02T01:58:27.088+0000] {dagbag.py:588} INFO - Filling up the DagBag from /opt/airflow/dags/avito_to_raw_midraw.py
[2026-08-02T01:58:27.860+0000] {processor.py:925} INFO - DAG(s) 'avito_to_raw_midraw' retrieved from /opt/airflow/dags/avito_to_raw_midraw.py
[2026-08-02T01:58:30.549+0000] {logging_mixin.py:190} INFO - [2026-08-02T01:58:30.539+0000] {dag.py:3239} INFO - Sync 1 DAGs
[2026-08-02T01:58:32.858+0000] {logging_mixin.py:190} INFO - [2026-08-02T01:58:32.858+0000] {dag.py:4180} INFO - Setting next_dagrun for avito_to_raw_midraw to 2026-08-02 01:00:00+00:00, run_after=2026-08-02 02:00:00+00:00
[2026-08-02T01:58:33.564+0000] {processor.py:208} INFO - Processing /opt/airflow/dags/avito_to_raw_midraw.py took 7.944 seconds
[2026-08-02T01:59:04.336+0000] {processor.py:186} INFO - Started process (PID=988) to work on /opt/airflow/dags/avito_to_raw_midraw.py
[2026-08-02T01:59:04.340+0000] {processor.py:914} INFO - Processing file /opt/airflow/dags/avito_to_raw_midraw.py for tasks to queue
[2026-08-02T01:59:04.352+0000] {logging_mixin.py:190} INFO - [2026-08-02T01:59:04.350+0000] {dagbag.py:588} INFO - Filling up the DagBag from /opt/airflow/dags/avito_to_raw_midraw.py
[2026-08-02T01:59:04.697+0000] {processor.py:925} INFO - DAG(s) 'avito_to_raw_midraw' retrieved from /opt/airflow/dags/avito_to_raw_midraw.py
[2026-08-02T01:59:05.120+0000] {logging_mixin.py:190} INFO - [2026-08-02T01:59:05.119+0000] {dag.py:3239} INFO - Sync 1 DAGs
[2026-08-02T01:59:05.176+0000] {logging_mixin.py:190} INFO - [2026-08-02T01:59:05.175+0000] {dag.py:4180} INFO - Setting next_dagrun for avito_to_raw_midraw to 2026-08-02 01:00:00+00:00, run_after=2026-08-02 02:00:00+00:00
[2026-08-02T01:59:05.221+0000] {processor.py:208} INFO - Processing /opt/airflow/dags/avito_to_raw_midraw.py took 0.926 seconds
[2026-08-02T01:59:35.756+0000] {processor.py:186} INFO - Started process (PID=990) to work on /opt/airflow/dags/avito_to_raw_midraw.py
[2026-08-02T01:59:35.759+0000] {processor.py:914} INFO - Processing file /opt/airflow/dags/avito_to_raw_midraw.py for tasks to queue
[2026-08-02T01:59:35.769+0000] {logging_mixin.py:190} INFO - [2026-08-02T01:59:35.765+0000] {dagbag.py:588} INFO - Filling up the DagBag from /opt/airflow/dags/avito_to_raw_midraw.py
[2026-08-02T01:59:35.831+0000] {processor.py:925} INFO - DAG(s) 'avito_to_raw_midraw' retrieved from /opt/airflow/dags/avito_to_raw_midraw.py
[2026-08-02T01:59:35.901+0000] {logging_mixin.py:190} INFO - [2026-08-02T01:59:35.901+0000] {dag.py:3239} INFO - Sync 1 DAGs
[2026-08-02T01:59:35.953+0000] {logging_mixin.py:190} INFO - [2026-08-02T01:59:35.952+0000] {dag.py:4180} INFO - Setting next_dagrun for avito_to_raw_midraw to 2026-08-02 01:00:00+00:00, run_after=2026-08-02 02:00:00+00:00
[2026-08-02T01:59:35.987+0000] {processor.py:208} INFO - Processing /opt/airflow/dags/avito_to_raw_midraw.py took 0.253 seconds
[2026-08-02T02:00:06.814+0000] {processor.py:186} INFO - Started process (PID=992) to work on /opt/airflow/dags/avito_to_raw_midraw.py
[2026-08-02T02:00:06.816+0000] {processor.py:914} INFO - Processing file /opt/airflow/dags/avito_to_raw_midraw.py for tasks to queue
[2026-08-02T02:00:06.819+0000] {logging_mixin.py:190} INFO - [2026-08-02T02:00:06.819+0000] {dagbag.py:588} INFO - Filling up the DagBag from /opt/airflow/dags/avito_to_raw_midraw.py
[2026-08-02T02:00:06.874+0000] {processor.py:925} INFO - DAG(s) 'avito_to_raw_midraw' retrieved from /opt/airflow/dags/avito_to_raw_midraw.py
[2026-08-02T02:00:06.974+0000] {logging_mixin.py:190} INFO - [2026-08-02T02:00:06.973+0000] {dag.py:3239} INFO - Sync 1 DAGs
[2026-08-02T02:00:07.159+0000] {processor.py:208} INFO - Processing /opt/airflow/dags/avito_to_raw_midraw.py took 0.370 seconds
[2026-08-02T02:00:39.763+0000] {processor.py:186} INFO - Started process (PID=994) to work on /opt/airflow/dags/avito_to_raw_midraw.py
[2026-08-02T02:00:39.838+0000] {processor.py:914} INFO - Processing file /opt/airflow/dags/avito_to_raw_midraw.py for tasks to queue
[2026-08-02T02:00:40.006+0000] {logging_mixin.py:190} INFO - [2026-08-02T02:00:39.931+0000] {dagbag.py:588} INFO - Filling up the DagBag from /opt/airflow/dags/avito_to_raw_midraw.py
[2026-08-02T02:00:41.761+0000] {processor.py:925} INFO - DAG(s) 'avito_to_raw_midraw' retrieved from /opt/airflow/dags/avito_to_raw_midraw.py
[2026-08-02T02:00:42.478+0000] {logging_mixin.py:190} INFO - [2026-08-02T02:00:42.468+0000] {dag.py:3239} INFO - Sync 1 DAGs
[2026-08-02T02:00:43.214+0000] {processor.py:208} INFO - Processing /opt/airflow/dags/avito_to_raw_midraw.py took 3.705 seconds
[2026-08-02T02:01:15.059+0000] {processor.py:186} INFO - Started process (PID=995) to work on /opt/airflow/dags/avito_to_raw_midraw.py
[2026-08-02T02:01:15.069+0000] {processor.py:914} INFO - Processing file /opt/airflow/dags/avito_to_raw_midraw.py for tasks to queue
[2026-08-02T02:01:15.088+0000] {logging_mixin.py:190} INFO - [2026-08-02T02:01:15.087+0000] {dagbag.py:588} INFO - Filling up the DagBag from /opt/airflow/dags/avito_to_raw_midraw.py
[2026-08-02T02:01:15.352+0000] {processor.py:925} INFO - DAG(s) 'avito_to_raw_midraw' retrieved from /opt/airflow/dags/avito_to_raw_midraw.py
[2026-08-02T02:01:15.864+0000] {logging_mixin.py:190} INFO - [2026-08-02T02:01:15.856+0000] {dag.py:3239} INFO - Sync 1 DAGs
[2026-08-02T02:01:16.515+0000] {processor.py:208} INFO - Processing /opt/airflow/dags/avito_to_raw_midraw.py took 2.006 seconds
[2026-08-02T02:08:12.146+0000] {processor.py:186} INFO - Started process (PID=998) to work on /opt/airflow/dags/avito_to_raw_midraw.py
[2026-08-02T02:08:12.415+0000] {processor.py:914} INFO - Processing file /opt/airflow/dags/avito_to_raw_midraw.py for tasks to queue
[2026-08-02T02:08:12.601+0000] {logging_mixin.py:190} INFO - [2026-08-02T02:08:12.600+0000] {dagbag.py:588} INFO - Filling up the DagBag from /opt/airflow/dags/avito_to_raw_midraw.py
[2026-08-02T02:08:14.937+0000] {processor.py:925} INFO - DAG(s) 'avito_to_raw_midraw' retrieved from /opt/airflow/dags/avito_to_raw_midraw.py
[2026-08-02T02:08:16.268+0000] {logging_mixin.py:190} INFO - [2026-08-02T02:08:16.262+0000] {dag.py:3239} INFO - Sync 1 DAGs
[2026-08-02T02:08:18.955+0000] {processor.py:208} INFO - Processing /opt/airflow/dags/avito_to_raw_midraw.py took 6.909 seconds
[2026-08-02T02:08:22.899+0000] {processor.py:186} INFO - Started process (PID=999) to work on /opt/airflow/dags/avito_to_raw_midraw.py
[2026-08-02T02:08:23.017+0000] {processor.py:914} INFO - Processing file /opt/airflow/dags/avito_to_raw_midraw.py for tasks to queue
[2026-08-02T02:08:23.061+0000] {logging_mixin.py:190} INFO - [2026-08-02T02:08:23.026+0000] {dagbag.py:588} INFO - Filling up the DagBag from /opt/airflow/dags/avito_to_raw_midraw.py
[2026-08-02T02:08:25.068+0000] {processor.py:925} INFO - DAG(s) 'avito_to_raw_midraw' retrieved from /opt/airflow/dags/avito_to_raw_midraw.py
[2026-08-02T02:08:26.584+0000] {logging_mixin.py:190} INFO - [2026-08-02T02:08:26.558+0000] {taskinstance.py:3315} ERROR - {'DAG Id': 'avito_to_raw_midraw', 'Task Id': 'dbt_build_midraw', 'Run Id': 'scheduled__2026-08-02T01:00:00+00:00', 'Hostname': '4c6dd7d943f5', 'External Executor Id': 'a2dd959d-76fd-4ab0-8a5f-ad9b71fce889'}
[2026-08-02T02:08:29.095+0000] {logging_mixin.py:190} INFO - [2026-08-02T02:08:29.095+0000] {taskinstance.py:1226} INFO - Marking task as UP_FOR_RETRY. dag_id=avito_to_raw_midraw, task_id=dbt_build_midraw, run_id=scheduled__2026-08-02T01:00:00+00:00, execution_date=20260802T010000, start_date=20260802T020006, end_date=20260802T020827
[2026-08-02T02:08:29.988+0000] {logging_mixin.py:190} INFO - [2026-08-02T02:08:29.987+0000] {processor.py:876} INFO - Executed callback for <TaskInstance: avito_to_raw_midraw.dbt_build_midraw scheduled__2026-08-02T01:00:00+00:00 [up_for_retry]> in state up_for_retry
[2026-08-02T02:08:32.504+0000] {logging_mixin.py:190} INFO - [2026-08-02T02:08:32.502+0000] {dag.py:3239} INFO - Sync 1 DAGs
[2026-08-02T02:08:34.027+0000] {processor.py:208} INFO - Processing /opt/airflow/dags/avito_to_raw_midraw.py took 11.805 seconds
[2026-08-02T02:09:04.610+0000] {processor.py:186} INFO - Started process (PID=1001) to work on /opt/airflow/dags/avito_to_raw_midraw.py
[2026-08-02T02:09:04.614+0000] {processor.py:914} INFO - Processing file /opt/airflow/dags/avito_to_raw_midraw.py for tasks to queue
[2026-08-02T02:09:04.617+0000] {logging_mixin.py:190} INFO - [2026-08-02T02:09:04.616+0000] {dagbag.py:588} INFO - Filling up the DagBag from /opt/airflow/dags/avito_to_raw_midraw.py
[2026-08-02T02:09:04.681+0000] {processor.py:925} INFO - DAG(s) 'avito_to_raw_midraw' retrieved from /opt/airflow/dags/avito_to_raw_midraw.py
[2026-08-02T02:09:04.739+0000] {logging_mixin.py:190} INFO - [2026-08-02T02:09:04.739+0000] {dag.py:3239} INFO - Sync 1 DAGs
[2026-08-02T02:09:04.838+0000] {processor.py:208} INFO - Processing /opt/airflow/dags/avito_to_raw_midraw.py took 0.244 seconds
[2026-08-02T02:09:35.041+0000] {processor.py:186} INFO - Started process (PID=1003) to work on /opt/airflow/dags/avito_to_raw_midraw.py
[2026-08-02T02:09:35.044+0000] {processor.py:914} INFO - Processing file /opt/airflow/dags/avito_to_raw_midraw.py for tasks to queue
[2026-08-02T02:09:35.052+0000] {logging_mixin.py:190} INFO - [2026-08-02T02:09:35.048+0000] {dagbag.py:588} INFO - Filling up the DagBag from /opt/airflow/dags/avito_to_raw_midraw.py
[2026-08-02T02:09:35.084+0000] {processor.py:925} INFO - DAG(s) 'avito_to_raw_midraw' retrieved from /opt/airflow/dags/avito_to_raw_midraw.py
[2026-08-02T02:09:35.141+0000] {logging_mixin.py:190} INFO - [2026-08-02T02:09:35.141+0000] {dag.py:3239} INFO - Sync 1 DAGs
[2026-08-02T02:09:35.209+0000] {processor.py:208} INFO - Processing /opt/airflow/dags/avito_to_raw_midraw.py took 0.184 seconds
[2026-08-02T02:10:05.387+0000] {processor.py:186} INFO - Started process (PID=1005) to work on /opt/airflow/dags/avito_to_raw_midraw.py
[2026-08-02T02:10:05.389+0000] {processor.py:914} INFO - Processing file /opt/airflow/dags/avito_to_raw_midraw.py for tasks to queue
[2026-08-02T02:10:05.391+0000] {logging_mixin.py:190} INFO - [2026-08-02T02:10:05.391+0000] {dagbag.py:588} INFO - Filling up the DagBag from /opt/airflow/dags/avito_to_raw_midraw.py
[2026-08-02T02:10:05.427+0000] {processor.py:925} INFO - DAG(s) 'avito_to_raw_midraw' retrieved from /opt/airflow/dags/avito_to_raw_midraw.py
[2026-08-02T02:10:05.491+0000] {logging_mixin.py:190} INFO - [2026-08-02T02:10:05.490+0000] {dag.py:3239} INFO - Sync 1 DAGs
[2026-08-02T02:10:05.657+0000] {processor.py:208} INFO - Processing /opt/airflow/dags/avito_to_raw_midraw.py took 0.282 seconds
[2026-08-02T02:10:47.386+0000] {processor.py:186} INFO - Started process (PID=1007) to work on /opt/airflow/dags/avito_to_raw_midraw.py
[2026-08-02T02:10:47.471+0000] {processor.py:914} INFO - Processing file /opt/airflow/dags/avito_to_raw_midraw.py for tasks to queue
[2026-08-02T02:10:47.486+0000] {logging_mixin.py:190} INFO - [2026-08-02T02:10:47.477+0000] {dagbag.py:588} INFO - Filling up the DagBag from /opt/airflow/dags/avito_to_raw_midraw.py
[2026-08-02T02:10:47.801+0000] {processor.py:925} INFO - DAG(s) 'avito_to_raw_midraw' retrieved from /opt/airflow/dags/avito_to_raw_midraw.py
[2026-08-02T02:10:48.218+0000] {logging_mixin.py:190} INFO - [2026-08-02T02:10:48.218+0000] {dag.py:3239} INFO - Sync 1 DAGs
[2026-08-02T02:10:48.630+0000] {processor.py:208} INFO - Processing /opt/airflow/dags/avito_to_raw_midraw.py took 1.347 seconds
[2026-08-02T02:11:19.497+0000] {processor.py:186} INFO - Started process (PID=1009) to work on /opt/airflow/dags/avito_to_raw_midraw.py
[2026-08-02T02:11:19.549+0000] {processor.py:914} INFO - Processing file /opt/airflow/dags/avito_to_raw_midraw.py for tasks to queue
[2026-08-02T02:11:19.579+0000] {logging_mixin.py:190} INFO - [2026-08-02T02:11:19.578+0000] {dagbag.py:588} INFO - Filling up the DagBag from /opt/airflow/dags/avito_to_raw_midraw.py
[2026-08-02T02:11:20.092+0000] {processor.py:925} INFO - DAG(s) 'avito_to_raw_midraw' retrieved from /opt/airflow/dags/avito_to_raw_midraw.py
[2026-08-02T02:11:20.767+0000] {logging_mixin.py:190} INFO - [2026-08-02T02:11:20.767+0000] {dag.py:3239} INFO - Sync 1 DAGs
[2026-08-02T02:11:22.476+0000] {processor.py:208} INFO - Processing /opt/airflow/dags/avito_to_raw_midraw.py took 3.023 seconds
[2026-08-02T02:11:54.767+0000] {processor.py:186} INFO - Started process (PID=1011) to work on /opt/airflow/dags/avito_to_raw_midraw.py
[2026-08-02T02:11:54.886+0000] {processor.py:914} INFO - Processing file /opt/airflow/dags/avito_to_raw_midraw.py for tasks to queue
[2026-08-02T02:11:55.016+0000] {logging_mixin.py:190} INFO - [2026-08-02T02:11:55.013+0000] {dagbag.py:588} INFO - Filling up the DagBag from /opt/airflow/dags/avito_to_raw_midraw.py
[2026-08-02T02:11:55.830+0000] {processor.py:925} INFO - DAG(s) 'avito_to_raw_midraw' retrieved from /opt/airflow/dags/avito_to_raw_midraw.py
[2026-08-02T02:11:56.830+0000] {logging_mixin.py:190} INFO - [2026-08-02T02:11:56.822+0000] {dag.py:3239} INFO - Sync 1 DAGs
[2026-08-02T02:11:57.816+0000] {processor.py:208} INFO - Processing /opt/airflow/dags/avito_to_raw_midraw.py took 3.134 seconds
[2026-08-02T02:12:28.849+0000] {processor.py:186} INFO - Started process (PID=1013) to work on /opt/airflow/dags/avito_to_raw_midraw.py
[2026-08-02T02:12:28.907+0000] {processor.py:914} INFO - Processing file /opt/airflow/dags/avito_to_raw_midraw.py for tasks to queue
[2026-08-02T02:12:28.963+0000] {logging_mixin.py:190} INFO - [2026-08-02T02:12:28.962+0000] {dagbag.py:588} INFO - Filling up the DagBag from /opt/airflow/dags/avito_to_raw_midraw.py
[2026-08-02T02:12:30.137+0000] {processor.py:925} INFO - DAG(s) 'avito_to_raw_midraw' retrieved from /opt/airflow/dags/avito_to_raw_midraw.py
[2026-08-02T02:12:30.810+0000] {logging_mixin.py:190} INFO - [2026-08-02T02:12:30.802+0000] {dag.py:3239} INFO - Sync 1 DAGs
[2026-08-02T02:12:31.219+0000] {processor.py:208} INFO - Processing /opt/airflow/dags/avito_to_raw_midraw.py took 2.451 seconds
[2026-08-02T02:13:03.483+0000] {processor.py:186} INFO - Started process (PID=1015) to work on /opt/airflow/dags/avito_to_raw_midraw.py
[2026-08-02T02:13:03.640+0000] {processor.py:914} INFO - Processing file /opt/airflow/dags/avito_to_raw_midraw.py for tasks to queue
[2026-08-02T02:13:03.794+0000] {logging_mixin.py:190} INFO - [2026-08-02T02:13:03.786+0000] {dagbag.py:588} INFO - Filling up the DagBag from /opt/airflow/dags/avito_to_raw_midraw.py
[2026-08-02T02:13:06.323+0000] {processor.py:925} INFO - DAG(s) 'avito_to_raw_midraw' retrieved from /opt/airflow/dags/avito_to_raw_midraw.py
[2026-08-02T02:13:08.495+0000] {logging_mixin.py:190} INFO - [2026-08-02T02:13:08.494+0000] {dag.py:3239} INFO - Sync 1 DAGs
[2026-08-02T02:13:09.190+0000] {processor.py:208} INFO - Processing /opt/airflow/dags/avito_to_raw_midraw.py took 5.834 seconds
[2026-08-02T02:13:40.062+0000] {processor.py:186} INFO - Started process (PID=1017) to work on /opt/airflow/dags/avito_to_raw_midraw.py
[2026-08-02T02:13:40.101+0000] {processor.py:914} INFO - Processing file /opt/airflow/dags/avito_to_raw_midraw.py for tasks to queue
[2026-08-02T02:13:40.171+0000] {logging_mixin.py:190} INFO - [2026-08-02T02:13:40.171+0000] {dagbag.py:588} INFO - Filling up the DagBag from /opt/airflow/dags/avito_to_raw_midraw.py
[2026-08-02T02:13:41.402+0000] {processor.py:925} INFO - DAG(s) 'avito_to_raw_midraw' retrieved from /opt/airflow/dags/avito_to_raw_midraw.py
[2026-08-02T02:13:42.288+0000] {logging_mixin.py:190} INFO - [2026-08-02T02:13:42.287+0000] {dag.py:3239} INFO - Sync 1 DAGs
[2026-08-02T02:13:42.988+0000] {processor.py:208} INFO - Processing /opt/airflow/dags/avito_to_raw_midraw.py took 3.002 seconds
[2026-08-02T02:14:14.545+0000] {processor.py:186} INFO - Started process (PID=1019) to work on /opt/airflow/dags/avito_to_raw_midraw.py
[2026-08-02T02:14:14.573+0000] {processor.py:914} INFO - Processing file /opt/airflow/dags/avito_to_raw_midraw.py for tasks to queue
[2026-08-02T02:14:14.618+0000] {logging_mixin.py:190} INFO - [2026-08-02T02:14:14.601+0000] {dagbag.py:588} INFO - Filling up the DagBag from /opt/airflow/dags/avito_to_raw_midraw.py
[2026-08-02T02:14:15.641+0000] {processor.py:925} INFO - DAG(s) 'avito_to_raw_midraw' retrieved from /opt/airflow/dags/avito_to_raw_midraw.py
[2026-08-02T02:14:16.247+0000] {logging_mixin.py:190} INFO - [2026-08-02T02:14:16.246+0000] {dag.py:3239} INFO - Sync 1 DAGs
[2026-08-02T02:14:17.673+0000] {processor.py:208} INFO - Processing /opt/airflow/dags/avito_to_raw_midraw.py took 3.260 seconds
[2026-08-02T02:14:49.127+0000] {processor.py:186} INFO - Started process (PID=1021) to work on /opt/airflow/dags/avito_to_raw_midraw.py
[2026-08-02T02:14:49.167+0000] {processor.py:914} INFO - Processing file /opt/airflow/dags/avito_to_raw_midraw.py for tasks to queue
[2026-08-02T02:14:49.266+0000] {logging_mixin.py:190} INFO - [2026-08-02T02:14:49.266+0000] {dagbag.py:588} INFO - Filling up the DagBag from /opt/airflow/dags/avito_to_raw_midraw.py
[2026-08-02T02:14:49.801+0000] {processor.py:925} INFO - DAG(s) 'avito_to_raw_midraw' retrieved from /opt/airflow/dags/avito_to_raw_midraw.py
[2026-08-02T02:14:50.148+0000] {logging_mixin.py:190} INFO - [2026-08-02T02:14:50.140+0000] {dag.py:3239} INFO - Sync 1 DAGs
[2026-08-02T02:14:51.077+0000] {processor.py:208} INFO - Processing /opt/airflow/dags/avito_to_raw_midraw.py took 1.999 seconds
[2026-08-02T02:15:22.842+0000] {processor.py:186} INFO - Started process (PID=1023) to work on /opt/airflow/dags/avito_to_raw_midraw.py
[2026-08-02T02:15:23.002+0000] {processor.py:914} INFO - Processing file /opt/airflow/dags/avito_to_raw_midraw.py for tasks to queue
[2026-08-02T02:15:23.100+0000] {logging_mixin.py:190} INFO - [2026-08-02T02:15:23.092+0000] {dagbag.py:588} INFO - Filling up the DagBag from /opt/airflow/dags/avito_to_raw_midraw.py
[2026-08-02T02:15:23.734+0000] {processor.py:925} INFO - DAG(s) 'avito_to_raw_midraw' retrieved from /opt/airflow/dags/avito_to_raw_midraw.py
[2026-08-02T02:15:24.754+0000] {logging_mixin.py:190} INFO - [2026-08-02T02:15:24.738+0000] {dag.py:3239} INFO - Sync 1 DAGs
[2026-08-02T02:15:26.536+0000] {processor.py:208} INFO - Processing /opt/airflow/dags/avito_to_raw_midraw.py took 3.747 seconds
[2026-08-02T02:15:57.669+0000] {processor.py:186} INFO - Started process (PID=1025) to work on /opt/airflow/dags/avito_to_raw_midraw.py
[2026-08-02T02:15:57.671+0000] {processor.py:914} INFO - Processing file /opt/airflow/dags/avito_to_raw_midraw.py for tasks to queue
[2026-08-02T02:15:57.671+0000] {logging_mixin.py:190} INFO - [2026-08-02T02:15:57.671+0000] {dagbag.py:588} INFO - Filling up the DagBag from /opt/airflow/dags/avito_to_raw_midraw.py
[2026-08-02T02:15:57.679+0000] {processor.py:925} INFO - DAG(s) 'avito_to_raw_midraw' retrieved from /opt/airflow/dags/avito_to_raw_midraw.py
[2026-08-02T02:15:57.691+0000] {logging_mixin.py:190} INFO - [2026-08-02T02:15:57.691+0000] {dag.py:3239} INFO - Sync 1 DAGs
[2026-08-02T02:15:57.698+0000] {logging_mixin.py:190} INFO - [2026-08-02T02:15:57.698+0000] {dag.py:4180} INFO - Setting next_dagrun for avito_to_raw_midraw to 2026-08-02 02:00:00+00:00, run_after=2026-08-02 03:00:00+00:00
[2026-08-02T02:15:57.704+0000] {processor.py:208} INFO - Processing /opt/airflow/dags/avito_to_raw_midraw.py took 0.055 seconds
[2026-08-02T02:31:19.396+0000] {processor.py:186} INFO - Started process (PID=1027) to work on /opt/airflow/dags/avito_to_raw_midraw.py
[2026-08-02T02:31:19.397+0000] {processor.py:914} INFO - Processing file /opt/airflow/dags/avito_to_raw_midraw.py for tasks to queue
[2026-08-02T02:31:19.398+0000] {logging_mixin.py:190} INFO - [2026-08-02T02:31:19.398+0000] {dagbag.py:588} INFO - Filling up the DagBag from /opt/airflow/dags/avito_to_raw_midraw.py
[2026-08-02T02:31:19.410+0000] {processor.py:925} INFO - DAG(s) 'avito_to_raw_midraw' retrieved from /opt/airflow/dags/avito_to_raw_midraw.py
[2026-08-02T02:31:19.427+0000] {logging_mixin.py:190} INFO - [2026-08-02T02:31:19.427+0000] {dag.py:3239} INFO - Sync 1 DAGs
[2026-08-02T02:31:19.439+0000] {logging_mixin.py:190} INFO - [2026-08-02T02:31:19.439+0000] {dag.py:4180} INFO - Setting next_dagrun for avito_to_raw_midraw to 2026-08-02 02:00:00+00:00, run_after=2026-08-02 03:00:00+00:00
[2026-08-02T02:31:19.457+0000] {processor.py:208} INFO - Processing /opt/airflow/dags/avito_to_raw_midraw.py took 0.065 seconds
[2026-08-02T02:31:49.680+0000] {processor.py:186} INFO - Started process (PID=1029) to work on /opt/airflow/dags/avito_to_raw_midraw.py
[2026-08-02T02:31:49.680+0000] {processor.py:914} INFO - Processing file /opt/airflow/dags/avito_to_raw_midraw.py for tasks to queue
[2026-08-02T02:31:49.681+0000] {logging_mixin.py:190} INFO - [2026-08-02T02:31:49.681+0000] {dagbag.py:588} INFO - Filling up the DagBag from /opt/airflow/dags/avito_to_raw_midraw.py
[2026-08-02T02:31:49.697+0000] {processor.py:925} INFO - DAG(s) 'avito_to_raw_midraw' retrieved from /opt/airflow/dags/avito_to_raw_midraw.py
[2026-08-02T02:31:49.714+0000] {logging_mixin.py:190} INFO - [2026-08-02T02:31:49.714+0000] {dag.py:3239} INFO - Sync 1 DAGs
[2026-08-02T02:31:49.725+0000] {logging_mixin.py:190} INFO - [2026-08-02T02:31:49.724+0000] {dag.py:4180} INFO - Setting next_dagrun for avito_to_raw_midraw to 2026-08-02 02:00:00+00:00, run_after=2026-08-02 03:00:00+00:00
[2026-08-02T02:31:49.732+0000] {processor.py:208} INFO - Processing /opt/airflow/dags/avito_to_raw_midraw.py took 0.057 seconds
[2026-08-02T02:48:46.086+0000] {processor.py:186} INFO - Started process (PID=1031) to work on /opt/airflow/dags/avito_to_raw_midraw.py
[2026-08-02T02:48:46.087+0000] {processor.py:914} INFO - Processing file /opt/airflow/dags/avito_to_raw_midraw.py for tasks to queue
[2026-08-02T02:48:46.088+0000] {logging_mixin.py:190} INFO - [2026-08-02T02:48:46.088+0000] {dagbag.py:588} INFO - Filling up the DagBag from /opt/airflow/dags/avito_to_raw_midraw.py
[2026-08-02T02:48:46.099+0000] {processor.py:925} INFO - DAG(s) 'avito_to_raw_midraw' retrieved from /opt/airflow/dags/avito_to_raw_midraw.py
[2026-08-02T02:48:46.114+0000] {logging_mixin.py:190} INFO - [2026-08-02T02:48:46.114+0000] {dag.py:3239} INFO - Sync 1 DAGs
[2026-08-02T02:48:46.122+0000] {logging_mixin.py:190} INFO - [2026-08-02T02:48:46.121+0000] {dag.py:4180} INFO - Setting next_dagrun for avito_to_raw_midraw to 2026-08-02 02:00:00+00:00, run_after=2026-08-02 03:00:00+00:00
[2026-08-02T02:48:46.129+0000] {processor.py:208} INFO - Processing /opt/airflow/dags/avito_to_raw_midraw.py took 0.046 seconds
[2026-08-02T03:21:10.015+0000] {processor.py:186} INFO - Started process (PID=1033) to work on /opt/airflow/dags/avito_to_raw_midraw.py
[2026-08-02T03:21:10.016+0000] {processor.py:914} INFO - Processing file /opt/airflow/dags/avito_to_raw_midraw.py for tasks to queue
[2026-08-02T03:21:10.017+0000] {logging_mixin.py:190} INFO - [2026-08-02T03:21:10.017+0000] {dagbag.py:588} INFO - Filling up the DagBag from /opt/airflow/dags/avito_to_raw_midraw.py
[2026-08-02T03:21:10.029+0000] {processor.py:925} INFO - DAG(s) 'avito_to_raw_midraw' retrieved from /opt/airflow/dags/avito_to_raw_midraw.py
[2026-08-02T03:21:10.047+0000] {logging_mixin.py:190} INFO - [2026-08-02T03:21:10.047+0000] {dag.py:3239} INFO - Sync 1 DAGs
[2026-08-02T03:21:10.056+0000] {logging_mixin.py:190} INFO - [2026-08-02T03:21:10.056+0000] {dag.py:4180} INFO - Setting next_dagrun for avito_to_raw_midraw to 2026-08-02 02:00:00+00:00, run_after=2026-08-02 03:00:00+00:00
[2026-08-02T03:21:10.064+0000] {processor.py:208} INFO - Processing /opt/airflow/dags/avito_to_raw_midraw.py took 0.052 seconds
[2026-08-02T03:37:35.170+0000] {processor.py:186} INFO - Started process (PID=1035) to work on /opt/airflow/dags/avito_to_raw_midraw.py
[2026-08-02T03:37:35.170+0000] {processor.py:914} INFO - Processing file /opt/airflow/dags/avito_to_raw_midraw.py for tasks to queue
[2026-08-02T03:37:35.171+0000] {logging_mixin.py:190} INFO - [2026-08-02T03:37:35.171+0000] {dagbag.py:588} INFO - Filling up the DagBag from /opt/airflow/dags/avito_to_raw_midraw.py
[2026-08-02T03:37:35.183+0000] {processor.py:925} INFO - DAG(s) 'avito_to_raw_midraw' retrieved from /opt/airflow/dags/avito_to_raw_midraw.py
[2026-08-02T03:37:35.199+0000] {logging_mixin.py:190} INFO - [2026-08-02T03:37:35.199+0000] {dag.py:3239} INFO - Sync 1 DAGs
[2026-08-02T03:37:35.207+0000] {logging_mixin.py:190} INFO - [2026-08-02T03:37:35.207+0000] {dag.py:4180} INFO - Setting next_dagrun for avito_to_raw_midraw to 2026-08-02 03:00:00+00:00, run_after=2026-08-02 04:00:00+00:00
[2026-08-02T03:37:35.217+0000] {processor.py:208} INFO - Processing /opt/airflow/dags/avito_to_raw_midraw.py took 0.051 seconds
[2026-08-02T03:55:26.689+0000] {processor.py:186} INFO - Started process (PID=1037) to work on /opt/airflow/dags/avito_to_raw_midraw.py
[2026-08-02T03:55:26.690+0000] {processor.py:914} INFO - Processing file /opt/airflow/dags/avito_to_raw_midraw.py for tasks to queue
[2026-08-02T03:55:26.691+0000] {logging_mixin.py:190} INFO - [2026-08-02T03:55:26.691+0000] {dagbag.py:588} INFO - Filling up the DagBag from /opt/airflow/dags/avito_to_raw_midraw.py
[2026-08-02T03:55:26.699+0000] {processor.py:925} INFO - DAG(s) 'avito_to_raw_midraw' retrieved from /opt/airflow/dags/avito_to_raw_midraw.py
[2026-08-02T03:55:26.715+0000] {logging_mixin.py:190} INFO - [2026-08-02T03:55:26.715+0000] {dag.py:3239} INFO - Sync 1 DAGs
[2026-08-02T03:55:26.723+0000] {logging_mixin.py:190} INFO - [2026-08-02T03:55:26.723+0000] {dag.py:4180} INFO - Setting next_dagrun for avito_to_raw_midraw to 2026-08-02 03:00:00+00:00, run_after=2026-08-02 04:00:00+00:00
[2026-08-02T03:55:26.731+0000] {processor.py:208} INFO - Processing /opt/airflow/dags/avito_to_raw_midraw.py took 0.045 seconds
[2026-08-02T04:16:42.743+0000] {processor.py:186} INFO - Started process (PID=1039) to work on /opt/airflow/dags/avito_to_raw_midraw.py
[2026-08-02T04:16:42.744+0000] {processor.py:914} INFO - Processing file /opt/airflow/dags/avito_to_raw_midraw.py for tasks to queue
[2026-08-02T04:16:42.744+0000] {logging_mixin.py:190} INFO - [2026-08-02T04:16:42.744+0000] {dagbag.py:588} INFO - Filling up the DagBag from /opt/airflow/dags/avito_to_raw_midraw.py
[2026-08-02T04:16:42.760+0000] {processor.py:925} INFO - DAG(s) 'avito_to_raw_midraw' retrieved from /opt/airflow/dags/avito_to_raw_midraw.py
[2026-08-02T04:16:42.793+0000] {logging_mixin.py:190} INFO - [2026-08-02T04:16:42.793+0000] {dag.py:3239} INFO - Sync 1 DAGs
[2026-08-02T04:16:42.815+0000] {processor.py:208} INFO - Processing /opt/airflow/dags/avito_to_raw_midraw.py took 0.075 seconds
[2026-08-02T04:17:13.090+0000] {processor.py:186} INFO - Started process (PID=1041) to work on /opt/airflow/dags/avito_to_raw_midraw.py
[2026-08-02T04:17:13.090+0000] {processor.py:914} INFO - Processing file /opt/airflow/dags/avito_to_raw_midraw.py for tasks to queue
[2026-08-02T04:17:13.091+0000] {logging_mixin.py:190} INFO - [2026-08-02T04:17:13.091+0000] {dagbag.py:588} INFO - Filling up the DagBag from /opt/airflow/dags/avito_to_raw_midraw.py
[2026-08-02T04:17:13.103+0000] {processor.py:925} INFO - DAG(s) 'avito_to_raw_midraw' retrieved from /opt/airflow/dags/avito_to_raw_midraw.py
[2026-08-02T04:17:13.116+0000] {logging_mixin.py:190} INFO - [2026-08-02T04:17:13.116+0000] {dag.py:3239} INFO - Sync 1 DAGs
[2026-08-02T04:17:13.124+0000] {logging_mixin.py:190} INFO - [2026-08-02T04:17:13.124+0000] {dag.py:4180} INFO - Setting next_dagrun for avito_to_raw_midraw to 2026-08-02 04:00:00+00:00, run_after=2026-08-02 05:00:00+00:00
[2026-08-02T04:17:13.130+0000] {processor.py:208} INFO - Processing /opt/airflow/dags/avito_to_raw_midraw.py took 0.043 seconds
[2026-08-02T04:17:43.395+0000] {processor.py:186} INFO - Started process (PID=1043) to work on /opt/airflow/dags/avito_to_raw_midraw.py
[2026-08-02T04:17:43.396+0000] {processor.py:914} INFO - Processing file /opt/airflow/dags/avito_to_raw_midraw.py for tasks to queue
[2026-08-02T04:17:43.396+0000] {logging_mixin.py:190} INFO - [2026-08-02T04:17:43.396+0000] {dagbag.py:588} INFO - Filling up the DagBag from /opt/airflow/dags/avito_to_raw_midraw.py
[2026-08-02T04:17:43.407+0000] {processor.py:925} INFO - DAG(s) 'avito_to_raw_midraw' retrieved from /opt/airflow/dags/avito_to_raw_midraw.py
[2026-08-02T04:17:43.421+0000] {logging_mixin.py:190} INFO - [2026-08-02T04:17:43.421+0000] {dag.py:3239} INFO - Sync 1 DAGs
[2026-08-02T04:17:43.428+0000] {logging_mixin.py:190} INFO - [2026-08-02T04:17:43.428+0000] {dag.py:4180} INFO - Setting next_dagrun for avito_to_raw_midraw to 2026-08-02 04:00:00+00:00, run_after=2026-08-02 05:00:00+00:00
[2026-08-02T04:17:43.437+0000] {processor.py:208} INFO - Processing /opt/airflow/dags/avito_to_raw_midraw.py took 0.045 seconds
[2026-08-02T04:34:23.058+0000] {processor.py:186} INFO - Started process (PID=1045) to work on /opt/airflow/dags/avito_to_raw_midraw.py
[2026-08-02T04:34:23.059+0000] {processor.py:914} INFO - Processing file /opt/airflow/dags/avito_to_raw_midraw.py for tasks to queue
[2026-08-02T04:34:23.060+0000] {logging_mixin.py:190} INFO - [2026-08-02T04:34:23.060+0000] {dagbag.py:588} INFO - Filling up the DagBag from /opt/airflow/dags/avito_to_raw_midraw.py
[2026-08-02T04:34:23.072+0000] {processor.py:925} INFO - DAG(s) 'avito_to_raw_midraw' retrieved from /opt/airflow/dags/avito_to_raw_midraw.py
[2026-08-02T04:34:23.084+0000] {logging_mixin.py:190} INFO - [2026-08-02T04:34:23.084+0000] {dag.py:3239} INFO - Sync 1 DAGs
[2026-08-02T04:34:23.093+0000] {logging_mixin.py:190} INFO - [2026-08-02T04:34:23.092+0000] {dag.py:4180} INFO - Setting next_dagrun for avito_to_raw_midraw to 2026-08-02 04:00:00+00:00, run_after=2026-08-02 05:00:00+00:00
[2026-08-02T04:34:23.100+0000] {processor.py:208} INFO - Processing /opt/airflow/dags/avito_to_raw_midraw.py took 0.045 seconds
[2026-08-02T04:34:53.381+0000] {processor.py:186} INFO - Started process (PID=1047) to work on /opt/airflow/dags/avito_to_raw_midraw.py
[2026-08-02T04:34:53.381+0000] {processor.py:914} INFO - Processing file /opt/airflow/dags/avito_to_raw_midraw.py for tasks to queue
[2026-08-02T04:34:53.383+0000] {logging_mixin.py:190} INFO - [2026-08-02T04:34:53.383+0000] {dagbag.py:588} INFO - Filling up the DagBag from /opt/airflow/dags/avito_to_raw_midraw.py
[2026-08-02T04:34:53.397+0000] {processor.py:925} INFO - DAG(s) 'avito_to_raw_midraw' retrieved from /opt/airflow/dags/avito_to_raw_midraw.py
[2026-08-02T04:34:53.412+0000] {logging_mixin.py:190} INFO - [2026-08-02T04:34:53.412+0000] {dag.py:3239} INFO - Sync 1 DAGs
[2026-08-02T04:34:53.420+0000] {logging_mixin.py:190} INFO - [2026-08-02T04:34:53.420+0000] {dag.py:4180} INFO - Setting next_dagrun for avito_to_raw_midraw to 2026-08-02 04:00:00+00:00, run_after=2026-08-02 05:00:00+00:00
[2026-08-02T04:34:53.431+0000] {processor.py:208} INFO - Processing /opt/airflow/dags/avito_to_raw_midraw.py took 0.054 seconds
[2026-08-02T05:10:11.964+0000] {processor.py:186} INFO - Started process (PID=1049) to work on /opt/airflow/dags/avito_to_raw_midraw.py
[2026-08-02T05:10:11.964+0000] {processor.py:914} INFO - Processing file /opt/airflow/dags/avito_to_raw_midraw.py for tasks to queue
[2026-08-02T05:10:11.965+0000] {logging_mixin.py:190} INFO - [2026-08-02T05:10:11.965+0000] {dagbag.py:588} INFO - Filling up the DagBag from /opt/airflow/dags/avito_to_raw_midraw.py
[2026-08-02T05:10:11.977+0000] {processor.py:925} INFO - DAG(s) 'avito_to_raw_midraw' retrieved from /opt/airflow/dags/avito_to_raw_midraw.py
[2026-08-02T05:10:11.991+0000] {logging_mixin.py:190} INFO - [2026-08-02T05:10:11.991+0000] {dag.py:3239} INFO - Sync 1 DAGs
[2026-08-02T05:10:11.999+0000] {logging_mixin.py:190} INFO - [2026-08-02T05:10:11.999+0000] {dag.py:4180} INFO - Setting next_dagrun for avito_to_raw_midraw to 2026-08-02 04:00:00+00:00, run_after=2026-08-02 05:00:00+00:00
[2026-08-02T05:10:12.007+0000] {processor.py:208} INFO - Processing /opt/airflow/dags/avito_to_raw_midraw.py took 0.047 seconds
[2026-08-02T05:17:54.587+0000] {processor.py:186} INFO - Started process (PID=1051) to work on /opt/airflow/dags/avito_to_raw_midraw.py
[2026-08-02T05:17:54.588+0000] {processor.py:914} INFO - Processing file /opt/airflow/dags/avito_to_raw_midraw.py for tasks to queue
[2026-08-02T05:17:54.588+0000] {logging_mixin.py:190} INFO - [2026-08-02T05:17:54.588+0000] {dagbag.py:588} INFO - Filling up the DagBag from /opt/airflow/dags/avito_to_raw_midraw.py
[2026-08-02T05:17:54.602+0000] {processor.py:925} INFO - DAG(s) 'avito_to_raw_midraw' retrieved from /opt/airflow/dags/avito_to_raw_midraw.py
[2026-08-02T05:17:54.621+0000] {logging_mixin.py:190} INFO - [2026-08-02T05:17:54.621+0000] {dag.py:3239} INFO - Sync 1 DAGs
[2026-08-02T05:17:54.631+0000] {logging_mixin.py:190} INFO - [2026-08-02T05:17:54.631+0000] {dag.py:4180} INFO - Setting next_dagrun for avito_to_raw_midraw to 2026-08-02 05:00:00+00:00, run_after=2026-08-02 06:00:00+00:00
[2026-08-02T05:17:54.641+0000] {processor.py:208} INFO - Processing /opt/airflow/dags/avito_to_raw_midraw.py took 0.057 seconds
[2026-08-02T05:18:24.905+0000] {processor.py:186} INFO - Started process (PID=1053) to work on /opt/airflow/dags/avito_to_raw_midraw.py
[2026-08-02T05:18:24.906+0000] {processor.py:914} INFO - Processing file /opt/airflow/dags/avito_to_raw_midraw.py for tasks to queue
[2026-08-02T05:18:24.906+0000] {logging_mixin.py:190} INFO - [2026-08-02T05:18:24.906+0000] {dagbag.py:588} INFO - Filling up the DagBag from /opt/airflow/dags/avito_to_raw_midraw.py
[2026-08-02T05:18:24.921+0000] {processor.py:925} INFO - DAG(s) 'avito_to_raw_midraw' retrieved from /opt/airflow/dags/avito_to_raw_midraw.py
[2026-08-02T05:18:24.934+0000] {logging_mixin.py:190} INFO - [2026-08-02T05:18:24.934+0000] {dag.py:3239} INFO - Sync 1 DAGs
[2026-08-02T05:18:24.942+0000] {logging_mixin.py:190} INFO - [2026-08-02T05:18:24.942+0000] {dag.py:4180} INFO - Setting next_dagrun for avito_to_raw_midraw to 2026-08-02 05:00:00+00:00, run_after=2026-08-02 06:00:00+00:00
[2026-08-02T05:18:24.950+0000] {processor.py:208} INFO - Processing /opt/airflow/dags/avito_to_raw_midraw.py took 0.049 seconds
[2026-08-02T05:18:55.262+0000] {processor.py:186} INFO - Started process (PID=1055) to work on /opt/airflow/dags/avito_to_raw_midraw.py
[2026-08-02T05:18:55.262+0000] {processor.py:914} INFO - Processing file /opt/airflow/dags/avito_to_raw_midraw.py for tasks to queue
[2026-08-02T05:18:55.263+0000] {logging_mixin.py:190} INFO - [2026-08-02T05:18:55.263+0000] {dagbag.py:588} INFO - Filling up the DagBag from /opt/airflow/dags/avito_to_raw_midraw.py
[2026-08-02T05:18:55.277+0000] {processor.py:925} INFO - DAG(s) 'avito_to_raw_midraw' retrieved from /opt/airflow/dags/avito_to_raw_midraw.py
[2026-08-02T05:18:55.290+0000] {logging_mixin.py:190} INFO - [2026-08-02T05:18:55.290+0000] {dag.py:3239} INFO - Sync 1 DAGs
[2026-08-02T05:18:55.298+0000] {logging_mixin.py:190} INFO - [2026-08-02T05:18:55.298+0000] {dag.py:4180} INFO - Setting next_dagrun for avito_to_raw_midraw to 2026-08-02 05:00:00+00:00, run_after=2026-08-02 06:00:00+00:00
[2026-08-02T05:18:55.307+0000] {processor.py:208} INFO - Processing /opt/airflow/dags/avito_to_raw_midraw.py took 0.049 seconds
[2026-08-02T05:36:26.009+0000] {processor.py:186} INFO - Started process (PID=1057) to work on /opt/airflow/dags/avito_to_raw_midraw.py
[2026-08-02T05:36:26.010+0000] {processor.py:914} INFO - Processing file /opt/airflow/dags/avito_to_raw_midraw.py for tasks to queue
[2026-08-02T05:36:26.010+0000] {logging_mixin.py:190} INFO - [2026-08-02T05:36:26.010+0000] {dagbag.py:588} INFO - Filling up the DagBag from /opt/airflow/dags/avito_to_raw_midraw.py
[2026-08-02T05:36:26.018+0000] {processor.py:925} INFO - DAG(s) 'avito_to_raw_midraw' retrieved from /opt/airflow/dags/avito_to_raw_midraw.py
[2026-08-02T05:36:26.032+0000] {logging_mixin.py:190} INFO - [2026-08-02T05:36:26.032+0000] {dag.py:3239} INFO - Sync 1 DAGs
[2026-08-02T05:36:26.040+0000] {logging_mixin.py:190} INFO - [2026-08-02T05:36:26.040+0000] {dag.py:4180} INFO - Setting next_dagrun for avito_to_raw_midraw to 2026-08-02 05:00:00+00:00, run_after=2026-08-02 06:00:00+00:00
[2026-08-02T05:36:26.049+0000] {processor.py:208} INFO - Processing /opt/airflow/dags/avito_to_raw_midraw.py took 0.043 seconds
[2026-08-02T05:52:48.557+0000] {processor.py:186} INFO - Started process (PID=1059) to work on /opt/airflow/dags/avito_to_raw_midraw.py
[2026-08-02T05:52:48.558+0000] {processor.py:914} INFO - Processing file /opt/airflow/dags/avito_to_raw_midraw.py for tasks to queue
[2026-08-02T05:52:48.559+0000] {logging_mixin.py:190} INFO - [2026-08-02T05:52:48.559+0000] {dagbag.py:588} INFO - Filling up the DagBag from /opt/airflow/dags/avito_to_raw_midraw.py
[2026-08-02T05:52:48.570+0000] {processor.py:925} INFO - DAG(s) 'avito_to_raw_midraw' retrieved from /opt/airflow/dags/avito_to_raw_midraw.py
[2026-08-02T05:52:48.586+0000] {logging_mixin.py:190} INFO - [2026-08-02T05:52:48.586+0000] {dag.py:3239} INFO - Sync 1 DAGs
[2026-08-02T05:52:48.597+0000] {logging_mixin.py:190} INFO - [2026-08-02T05:52:48.597+0000] {dag.py:4180} INFO - Setting next_dagrun for avito_to_raw_midraw to 2026-08-02 05:00:00+00:00, run_after=2026-08-02 06:00:00+00:00
[2026-08-02T05:52:48.608+0000] {processor.py:208} INFO - Processing /opt/airflow/dags/avito_to_raw_midraw.py took 0.054 seconds
[2026-08-02T06:09:42.222+0000] {processor.py:186} INFO - Started process (PID=1061) to work on /opt/airflow/dags/avito_to_raw_midraw.py
[2026-08-02T06:09:42.222+0000] {processor.py:914} INFO - Processing file /opt/airflow/dags/avito_to_raw_midraw.py for tasks to queue
[2026-08-02T06:09:42.223+0000] {logging_mixin.py:190} INFO - [2026-08-02T06:09:42.223+0000] {dagbag.py:588} INFO - Filling up the DagBag from /opt/airflow/dags/avito_to_raw_midraw.py
[2026-08-02T06:09:42.238+0000] {processor.py:925} INFO - DAG(s) 'avito_to_raw_midraw' retrieved from /opt/airflow/dags/avito_to_raw_midraw.py
[2026-08-02T06:09:42.251+0000] {logging_mixin.py:190} INFO - [2026-08-02T06:09:42.251+0000] {dag.py:3239} INFO - Sync 1 DAGs
[2026-08-02T06:09:42.258+0000] {logging_mixin.py:190} INFO - [2026-08-02T06:09:42.258+0000] {dag.py:4180} INFO - Setting next_dagrun for avito_to_raw_midraw to 2026-08-02 05:00:00+00:00, run_after=2026-08-02 06:00:00+00:00
[2026-08-02T06:09:42.267+0000] {processor.py:208} INFO - Processing /opt/airflow/dags/avito_to_raw_midraw.py took 0.049 seconds
[2026-08-02T06:19:00.828+0000] {processor.py:186} INFO - Started process (PID=1063) to work on /opt/airflow/dags/avito_to_raw_midraw.py
[2026-08-02T06:19:00.828+0000] {processor.py:914} INFO - Processing file /opt/airflow/dags/avito_to_raw_midraw.py for tasks to queue
[2026-08-02T06:19:00.830+0000] {logging_mixin.py:190} INFO - [2026-08-02T06:19:00.829+0000] {dagbag.py:588} INFO - Filling up the DagBag from /opt/airflow/dags/avito_to_raw_midraw.py
[2026-08-02T06:19:00.841+0000] {processor.py:925} INFO - DAG(s) 'avito_to_raw_midraw' retrieved from /opt/airflow/dags/avito_to_raw_midraw.py
[2026-08-02T06:19:00.855+0000] {logging_mixin.py:190} INFO - [2026-08-02T06:19:00.855+0000] {dag.py:3239} INFO - Sync 1 DAGs
[2026-08-02T06:19:00.864+0000] {logging_mixin.py:190} INFO - [2026-08-02T06:19:00.864+0000] {dag.py:4180} INFO - Setting next_dagrun for avito_to_raw_midraw to 2026-08-02 06:00:00+00:00, run_after=2026-08-02 07:00:00+00:00
[2026-08-02T06:19:00.872+0000] {processor.py:208} INFO - Processing /opt/airflow/dags/avito_to_raw_midraw.py took 0.048 seconds
[2026-08-02T06:34:49.457+0000] {processor.py:186} INFO - Started process (PID=1065) to work on /opt/airflow/dags/avito_to_raw_midraw.py
[2026-08-02T06:34:49.458+0000] {processor.py:914} INFO - Processing file /opt/airflow/dags/avito_to_raw_midraw.py for tasks to queue
[2026-08-02T06:34:49.458+0000] {logging_mixin.py:190} INFO - [2026-08-02T06:34:49.458+0000] {dagbag.py:588} INFO - Filling up the DagBag from /opt/airflow/dags/avito_to_raw_midraw.py
[2026-08-02T06:34:49.470+0000] {processor.py:925} INFO - DAG(s) 'avito_to_raw_midraw' retrieved from /opt/airflow/dags/avito_to_raw_midraw.py
[2026-08-02T06:34:49.483+0000] {logging_mixin.py:190} INFO - [2026-08-02T06:34:49.483+0000] {dag.py:3239} INFO - Sync 1 DAGs
[2026-08-02T06:34:49.490+0000] {logging_mixin.py:190} INFO - [2026-08-02T06:34:49.490+0000] {dag.py:4180} INFO - Setting next_dagrun for avito_to_raw_midraw to 2026-08-02 06:00:00+00:00, run_after=2026-08-02 07:00:00+00:00
[2026-08-02T06:34:49.499+0000] {processor.py:208} INFO - Processing /opt/airflow/dags/avito_to_raw_midraw.py took 0.045 seconds
[2026-08-02T06:50:48.955+0000] {processor.py:186} INFO - Started process (PID=1067) to work on /opt/airflow/dags/avito_to_raw_midraw.py
[2026-08-02T06:50:48.956+0000] {processor.py:914} INFO - Processing file /opt/airflow/dags/avito_to_raw_midraw.py for tasks to queue
[2026-08-02T06:50:48.958+0000] {logging_mixin.py:190} INFO - [2026-08-02T06:50:48.957+0000] {dagbag.py:588} INFO - Filling up the DagBag from /opt/airflow/dags/avito_to_raw_midraw.py
[2026-08-02T06:50:48.969+0000] {processor.py:925} INFO - DAG(s) 'avito_to_raw_midraw' retrieved from /opt/airflow/dags/avito_to_raw_midraw.py
[2026-08-02T06:50:48.984+0000] {logging_mixin.py:190} INFO - [2026-08-02T06:50:48.984+0000] {dag.py:3239} INFO - Sync 1 DAGs
[2026-08-02T06:50:48.992+0000] {logging_mixin.py:190} INFO - [2026-08-02T06:50:48.992+0000] {dag.py:4180} INFO - Setting next_dagrun for avito_to_raw_midraw to 2026-08-02 06:00:00+00:00, run_after=2026-08-02 07:00:00+00:00
[2026-08-02T06:50:49.000+0000] {processor.py:208} INFO - Processing /opt/airflow/dags/avito_to_raw_midraw.py took 0.049 seconds
[2026-08-02T07:07:15.110+0000] {processor.py:186} INFO - Started process (PID=1069) to work on /opt/airflow/dags/avito_to_raw_midraw.py
[2026-08-02T07:07:15.110+0000] {processor.py:914} INFO - Processing file /opt/airflow/dags/avito_to_raw_midraw.py for tasks to queue
[2026-08-02T07:07:15.111+0000] {logging_mixin.py:190} INFO - [2026-08-02T07:07:15.111+0000] {dagbag.py:588} INFO - Filling up the DagBag from /opt/airflow/dags/avito_to_raw_midraw.py
[2026-08-02T07:07:15.120+0000] {processor.py:925} INFO - DAG(s) 'avito_to_raw_midraw' retrieved from /opt/airflow/dags/avito_to_raw_midraw.py
[2026-08-02T07:07:15.132+0000] {logging_mixin.py:190} INFO - [2026-08-02T07:07:15.131+0000] {dag.py:3239} INFO - Sync 1 DAGs
[2026-08-02T07:07:15.147+0000] {processor.py:208} INFO - Processing /opt/airflow/dags/avito_to_raw_midraw.py took 0.040 seconds
[2026-08-02T07:19:58.724+0000] {processor.py:186} INFO - Started process (PID=1071) to work on /opt/airflow/dags/avito_to_raw_midraw.py
[2026-08-02T07:19:58.725+0000] {processor.py:914} INFO - Processing file /opt/airflow/dags/avito_to_raw_midraw.py for tasks to queue
[2026-08-02T07:19:58.726+0000] {logging_mixin.py:190} INFO - [2026-08-02T07:19:58.726+0000] {dagbag.py:588} INFO - Filling up the DagBag from /opt/airflow/dags/avito_to_raw_midraw.py
[2026-08-02T07:19:58.740+0000] {processor.py:925} INFO - DAG(s) 'avito_to_raw_midraw' retrieved from /opt/airflow/dags/avito_to_raw_midraw.py
[2026-08-02T07:19:58.756+0000] {logging_mixin.py:190} INFO - [2026-08-02T07:19:58.756+0000] {dag.py:3239} INFO - Sync 1 DAGs
[2026-08-02T07:19:58.764+0000] {logging_mixin.py:190} INFO - [2026-08-02T07:19:58.764+0000] {dag.py:4180} INFO - Setting next_dagrun for avito_to_raw_midraw to 2026-08-02 07:00:00+00:00, run_after=2026-08-02 08:00:00+00:00
[2026-08-02T07:19:58.771+0000] {processor.py:208} INFO - Processing /opt/airflow/dags/avito_to_raw_midraw.py took 0.050 seconds
[2026-08-02T07:38:23.027+0000] {processor.py:186} INFO - Started process (PID=1073) to work on /opt/airflow/dags/avito_to_raw_midraw.py
[2026-08-02T07:38:23.027+0000] {processor.py:914} INFO - Processing file /opt/airflow/dags/avito_to_raw_midraw.py for tasks to queue
[2026-08-02T07:38:23.028+0000] {logging_mixin.py:190} INFO - [2026-08-02T07:38:23.028+0000] {dagbag.py:588} INFO - Filling up the DagBag from /opt/airflow/dags/avito_to_raw_midraw.py
[2026-08-02T07:38:23.040+0000] {processor.py:925} INFO - DAG(s) 'avito_to_raw_midraw' retrieved from /opt/airflow/dags/avito_to_raw_midraw.py
[2026-08-02T07:38:23.052+0000] {logging_mixin.py:190} INFO - [2026-08-02T07:38:23.052+0000] {dag.py:3239} INFO - Sync 1 DAGs
[2026-08-02T07:38:23.062+0000] {logging_mixin.py:190} INFO - [2026-08-02T07:38:23.062+0000] {dag.py:4180} INFO - Setting next_dagrun for avito_to_raw_midraw to 2026-08-02 07:00:00+00:00, run_after=2026-08-02 08:00:00+00:00
[2026-08-02T07:38:23.070+0000] {processor.py:208} INFO - Processing /opt/airflow/dags/avito_to_raw_midraw.py took 0.046 seconds
[2026-08-02T07:54:25.556+0000] {processor.py:186} INFO - Started process (PID=1075) to work on /opt/airflow/dags/avito_to_raw_midraw.py
[2026-08-02T07:54:25.556+0000] {processor.py:914} INFO - Processing file /opt/airflow/dags/avito_to_raw_midraw.py for tasks to queue
[2026-08-02T07:54:25.557+0000] {logging_mixin.py:190} INFO - [2026-08-02T07:54:25.557+0000] {dagbag.py:588} INFO - Filling up the DagBag from /opt/airflow/dags/avito_to_raw_midraw.py
[2026-08-02T07:54:25.568+0000] {processor.py:925} INFO - DAG(s) 'avito_to_raw_midraw' retrieved from /opt/airflow/dags/avito_to_raw_midraw.py
[2026-08-02T07:54:25.581+0000] {logging_mixin.py:190} INFO - [2026-08-02T07:54:25.580+0000] {dag.py:3239} INFO - Sync 1 DAGs
[2026-08-02T07:54:25.589+0000] {logging_mixin.py:190} INFO - [2026-08-02T07:54:25.589+0000] {dag.py:4180} INFO - Setting next_dagrun for avito_to_raw_midraw to 2026-08-02 07:00:00+00:00, run_after=2026-08-02 08:00:00+00:00
[2026-08-02T07:54:25.597+0000] {processor.py:208} INFO - Processing /opt/airflow/dags/avito_to_raw_midraw.py took 0.043 seconds
[2026-08-02T08:06:13.329+0000] {processor.py:186} INFO - Started process (PID=1077) to work on /opt/airflow/dags/avito_to_raw_midraw.py
[2026-08-02T08:06:13.330+0000] {processor.py:914} INFO - Processing file /opt/airflow/dags/avito_to_raw_midraw.py for tasks to queue
[2026-08-02T08:06:13.330+0000] {logging_mixin.py:190} INFO - [2026-08-02T08:06:13.330+0000] {dagbag.py:588} INFO - Filling up the DagBag from /opt/airflow/dags/avito_to_raw_midraw.py
[2026-08-02T08:06:13.338+0000] {processor.py:925} INFO - DAG(s) 'avito_to_raw_midraw' retrieved from /opt/airflow/dags/avito_to_raw_midraw.py
[2026-08-02T08:06:13.354+0000] {logging_mixin.py:190} INFO - [2026-08-02T08:06:13.354+0000] {dag.py:3239} INFO - Sync 1 DAGs
[2026-08-02T08:06:13.373+0000] {logging_mixin.py:190} INFO - [2026-08-02T08:06:13.373+0000] {dag.py:4180} INFO - Setting next_dagrun for avito_to_raw_midraw to 2026-08-02 07:00:00+00:00, run_after=2026-08-02 08:00:00+00:00
[2026-08-02T08:06:13.382+0000] {processor.py:208} INFO - Processing /opt/airflow/dags/avito_to_raw_midraw.py took 0.055 seconds
[2026-08-02T08:20:58.035+0000] {processor.py:186} INFO - Started process (PID=1079) to work on /opt/airflow/dags/avito_to_raw_midraw.py
[2026-08-02T08:20:58.035+0000] {processor.py:914} INFO - Processing file /opt/airflow/dags/avito_to_raw_midraw.py for tasks to queue
[2026-08-02T08:20:58.036+0000] {logging_mixin.py:190} INFO - [2026-08-02T08:20:58.036+0000] {dagbag.py:588} INFO - Filling up the DagBag from /opt/airflow/dags/avito_to_raw_midraw.py
[2026-08-02T08:20:58.049+0000] {processor.py:925} INFO - DAG(s) 'avito_to_raw_midraw' retrieved from /opt/airflow/dags/avito_to_raw_midraw.py
[2026-08-02T08:20:58.063+0000] {logging_mixin.py:190} INFO - [2026-08-02T08:20:58.063+0000] {dag.py:3239} INFO - Sync 1 DAGs
[2026-08-02T08:20:58.071+0000] {logging_mixin.py:190} INFO - [2026-08-02T08:20:58.071+0000] {dag.py:4180} INFO - Setting next_dagrun for avito_to_raw_midraw to 2026-08-02 08:00:00+00:00, run_after=2026-08-02 09:00:00+00:00
[2026-08-02T08:20:58.078+0000] {processor.py:208} INFO - Processing /opt/airflow/dags/avito_to_raw_midraw.py took 0.047 seconds
[2026-08-02T08:52:17.057+0000] {processor.py:186} INFO - Started process (PID=1081) to work on /opt/airflow/dags/avito_to_raw_midraw.py
[2026-08-02T08:52:17.058+0000] {processor.py:914} INFO - Processing file /opt/airflow/dags/avito_to_raw_midraw.py for tasks to queue
[2026-08-02T08:52:17.059+0000] {logging_mixin.py:190} INFO - [2026-08-02T08:52:17.059+0000] {dagbag.py:588} INFO - Filling up the DagBag from /opt/airflow/dags/avito_to_raw_midraw.py
[2026-08-02T08:52:17.070+0000] {processor.py:925} INFO - DAG(s) 'avito_to_raw_midraw' retrieved from /opt/airflow/dags/avito_to_raw_midraw.py
[2026-08-02T08:52:17.082+0000] {logging_mixin.py:190} INFO - [2026-08-02T08:52:17.082+0000] {dag.py:3239} INFO - Sync 1 DAGs
[2026-08-02T08:52:17.091+0000] {logging_mixin.py:190} INFO - [2026-08-02T08:52:17.091+0000] {dag.py:4180} INFO - Setting next_dagrun for avito_to_raw_midraw to 2026-08-02 08:00:00+00:00, run_after=2026-08-02 09:00:00+00:00
[2026-08-02T08:52:17.099+0000] {processor.py:208} INFO - Processing /opt/airflow/dags/avito_to_raw_midraw.py took 0.045 seconds
[2026-08-02T08:52:47.399+0000] {processor.py:186} INFO - Started process (PID=1083) to work on /opt/airflow/dags/avito_to_raw_midraw.py
[2026-08-02T08:52:47.400+0000] {processor.py:914} INFO - Processing file /opt/airflow/dags/avito_to_raw_midraw.py for tasks to queue
[2026-08-02T08:52:47.401+0000] {logging_mixin.py:190} INFO - [2026-08-02T08:52:47.401+0000] {dagbag.py:588} INFO - Filling up the DagBag from /opt/airflow/dags/avito_to_raw_midraw.py
[2026-08-02T08:52:47.415+0000] {processor.py:925} INFO - DAG(s) 'avito_to_raw_midraw' retrieved from /opt/airflow/dags/avito_to_raw_midraw.py
[2026-08-02T08:52:47.428+0000] {logging_mixin.py:190} INFO - [2026-08-02T08:52:47.428+0000] {dag.py:3239} INFO - Sync 1 DAGs
[2026-08-02T08:52:47.438+0000] {logging_mixin.py:190} INFO - [2026-08-02T08:52:47.438+0000] {dag.py:4180} INFO - Setting next_dagrun for avito_to_raw_midraw to 2026-08-02 08:00:00+00:00, run_after=2026-08-02 09:00:00+00:00
[2026-08-02T08:52:47.447+0000] {processor.py:208} INFO - Processing /opt/airflow/dags/avito_to_raw_midraw.py took 0.052 seconds
[2026-08-02T09:09:29.729+0000] {processor.py:186} INFO - Started process (PID=1085) to work on /opt/airflow/dags/avito_to_raw_midraw.py
[2026-08-02T09:09:29.730+0000] {processor.py:914} INFO - Processing file /opt/airflow/dags/avito_to_raw_midraw.py for tasks to queue
[2026-08-02T09:09:29.730+0000] {logging_mixin.py:190} INFO - [2026-08-02T09:09:29.730+0000] {dagbag.py:588} INFO - Filling up the DagBag from /opt/airflow/dags/avito_to_raw_midraw.py
[2026-08-02T09:09:29.744+0000] {processor.py:925} INFO - DAG(s) 'avito_to_raw_midraw' retrieved from /opt/airflow/dags/avito_to_raw_midraw.py
[2026-08-02T09:09:29.759+0000] {logging_mixin.py:190} INFO - [2026-08-02T09:09:29.759+0000] {dag.py:3239} INFO - Sync 1 DAGs
[2026-08-02T09:09:29.768+0000] {logging_mixin.py:190} INFO - [2026-08-02T09:09:29.768+0000] {dag.py:4180} INFO - Setting next_dagrun for avito_to_raw_midraw to 2026-08-02 08:00:00+00:00, run_after=2026-08-02 09:00:00+00:00
[2026-08-02T09:09:29.779+0000] {processor.py:208} INFO - Processing /opt/airflow/dags/avito_to_raw_midraw.py took 0.053 seconds
[2026-08-02T09:22:02.650+0000] {processor.py:186} INFO - Started process (PID=1087) to work on /opt/airflow/dags/avito_to_raw_midraw.py
[2026-08-02T09:22:02.651+0000] {processor.py:914} INFO - Processing file /opt/airflow/dags/avito_to_raw_midraw.py for tasks to queue
[2026-08-02T09:22:02.651+0000] {logging_mixin.py:190} INFO - [2026-08-02T09:22:02.651+0000] {dagbag.py:588} INFO - Filling up the DagBag from /opt/airflow/dags/avito_to_raw_midraw.py
[2026-08-02T09:22:02.668+0000] {processor.py:925} INFO - DAG(s) 'avito_to_raw_midraw' retrieved from /opt/airflow/dags/avito_to_raw_midraw.py
[2026-08-02T09:22:02.688+0000] {logging_mixin.py:190} INFO - [2026-08-02T09:22:02.688+0000] {dag.py:3239} INFO - Sync 1 DAGs
[2026-08-02T09:22:02.699+0000] {logging_mixin.py:190} INFO - [2026-08-02T09:22:02.699+0000] {dag.py:4180} INFO - Setting next_dagrun for avito_to_raw_midraw to 2026-08-02 09:00:00+00:00, run_after=2026-08-02 10:00:00+00:00
[2026-08-02T09:22:02.708+0000] {processor.py:208} INFO - Processing /opt/airflow/dags/avito_to_raw_midraw.py took 0.062 seconds
[2026-08-02T09:22:32.920+0000] {processor.py:186} INFO - Started process (PID=1089) to work on /opt/airflow/dags/avito_to_raw_midraw.py
[2026-08-02T09:22:32.921+0000] {processor.py:914} INFO - Processing file /opt/airflow/dags/avito_to_raw_midraw.py for tasks to queue
[2026-08-02T09:22:32.922+0000] {logging_mixin.py:190} INFO - [2026-08-02T09:22:32.922+0000] {dagbag.py:588} INFO - Filling up the DagBag from /opt/airflow/dags/avito_to_raw_midraw.py
[2026-08-02T09:22:32.937+0000] {processor.py:925} INFO - DAG(s) 'avito_to_raw_midraw' retrieved from /opt/airflow/dags/avito_to_raw_midraw.py
[2026-08-02T09:22:32.952+0000] {logging_mixin.py:190} INFO - [2026-08-02T09:22:32.952+0000] {dag.py:3239} INFO - Sync 1 DAGs
[2026-08-02T09:22:32.961+0000] {logging_mixin.py:190} INFO - [2026-08-02T09:22:32.961+0000] {dag.py:4180} INFO - Setting next_dagrun for avito_to_raw_midraw to 2026-08-02 09:00:00+00:00, run_after=2026-08-02 10:00:00+00:00
[2026-08-02T09:22:32.970+0000] {processor.py:208} INFO - Processing /opt/airflow/dags/avito_to_raw_midraw.py took 0.054 seconds
[2026-08-02T09:23:03.195+0000] {processor.py:186} INFO - Started process (PID=1091) to work on /opt/airflow/dags/avito_to_raw_midraw.py
[2026-08-02T09:23:03.196+0000] {processor.py:914} INFO - Processing file /opt/airflow/dags/avito_to_raw_midraw.py for tasks to queue
[2026-08-02T09:23:03.197+0000] {logging_mixin.py:190} INFO - [2026-08-02T09:23:03.196+0000] {dagbag.py:588} INFO - Filling up the DagBag from /opt/airflow/dags/avito_to_raw_midraw.py
[2026-08-02T09:23:03.213+0000] {processor.py:925} INFO - DAG(s) 'avito_to_raw_midraw' retrieved from /opt/airflow/dags/avito_to_raw_midraw.py
[2026-08-02T09:23:03.227+0000] {logging_mixin.py:190} INFO - [2026-08-02T09:23:03.227+0000] {dag.py:3239} INFO - Sync 1 DAGs
[2026-08-02T09:23:03.240+0000] {logging_mixin.py:190} INFO - [2026-08-02T09:23:03.239+0000] {dag.py:4180} INFO - Setting next_dagrun for avito_to_raw_midraw to 2026-08-02 09:00:00+00:00, run_after=2026-08-02 10:00:00+00:00
[2026-08-02T09:23:03.249+0000] {processor.py:208} INFO - Processing /opt/airflow/dags/avito_to_raw_midraw.py took 0.058 seconds
[2026-08-02T09:23:33.497+0000] {processor.py:186} INFO - Started process (PID=1093) to work on /opt/airflow/dags/avito_to_raw_midraw.py
[2026-08-02T09:23:33.497+0000] {processor.py:914} INFO - Processing file /opt/airflow/dags/avito_to_raw_midraw.py for tasks to queue
[2026-08-02T09:23:33.498+0000] {logging_mixin.py:190} INFO - [2026-08-02T09:23:33.498+0000] {dagbag.py:588} INFO - Filling up the DagBag from /opt/airflow/dags/avito_to_raw_midraw.py
[2026-08-02T09:23:33.514+0000] {processor.py:925} INFO - DAG(s) 'avito_to_raw_midraw' retrieved from /opt/airflow/dags/avito_to_raw_midraw.py
[2026-08-02T09:23:33.527+0000] {logging_mixin.py:190} INFO - [2026-08-02T09:23:33.527+0000] {dag.py:3239} INFO - Sync 1 DAGs
[2026-08-02T09:23:33.535+0000] {logging_mixin.py:190} INFO - [2026-08-02T09:23:33.535+0000] {dag.py:4180} INFO - Setting next_dagrun for avito_to_raw_midraw to 2026-08-02 09:00:00+00:00, run_after=2026-08-02 10:00:00+00:00
[2026-08-02T09:23:33.542+0000] {processor.py:208} INFO - Processing /opt/airflow/dags/avito_to_raw_midraw.py took 0.049 seconds
[2026-08-02T09:24:03.749+0000] {processor.py:186} INFO - Started process (PID=1095) to work on /opt/airflow/dags/avito_to_raw_midraw.py
[2026-08-02T09:24:03.750+0000] {processor.py:914} INFO - Processing file /opt/airflow/dags/avito_to_raw_midraw.py for tasks to queue
[2026-08-02T09:24:03.751+0000] {logging_mixin.py:190} INFO - [2026-08-02T09:24:03.751+0000] {dagbag.py:588} INFO - Filling up the DagBag from /opt/airflow/dags/avito_to_raw_midraw.py
[2026-08-02T09:24:03.765+0000] {processor.py:925} INFO - DAG(s) 'avito_to_raw_midraw' retrieved from /opt/airflow/dags/avito_to_raw_midraw.py
[2026-08-02T09:24:03.781+0000] {logging_mixin.py:190} INFO - [2026-08-02T09:24:03.781+0000] {dag.py:3239} INFO - Sync 1 DAGs
[2026-08-02T09:24:03.791+0000] {logging_mixin.py:190} INFO - [2026-08-02T09:24:03.791+0000] {dag.py:4180} INFO - Setting next_dagrun for avito_to_raw_midraw to 2026-08-02 09:00:00+00:00, run_after=2026-08-02 10:00:00+00:00
[2026-08-02T09:24:03.800+0000] {processor.py:208} INFO - Processing /opt/airflow/dags/avito_to_raw_midraw.py took 0.055 seconds
[2026-08-02T09:24:33.990+0000] {processor.py:186} INFO - Started process (PID=1097) to work on /opt/airflow/dags/avito_to_raw_midraw.py
[2026-08-02T09:24:33.991+0000] {processor.py:914} INFO - Processing file /opt/airflow/dags/avito_to_raw_midraw.py for tasks to queue
[2026-08-02T09:24:33.993+0000] {logging_mixin.py:190} INFO - [2026-08-02T09:24:33.993+0000] {dagbag.py:588} INFO - Filling up the DagBag from /opt/airflow/dags/avito_to_raw_midraw.py
[2026-08-02T09:24:34.007+0000] {processor.py:925} INFO - DAG(s) 'avito_to_raw_midraw' retrieved from /opt/airflow/dags/avito_to_raw_midraw.py
[2026-08-02T09:24:34.025+0000] {logging_mixin.py:190} INFO - [2026-08-02T09:24:34.025+0000] {dag.py:3239} INFO - Sync 1 DAGs
[2026-08-02T09:24:34.035+0000] {logging_mixin.py:190} INFO - [2026-08-02T09:24:34.035+0000] {dag.py:4180} INFO - Setting next_dagrun for avito_to_raw_midraw to 2026-08-02 09:00:00+00:00, run_after=2026-08-02 10:00:00+00:00
[2026-08-02T09:24:34.044+0000] {processor.py:208} INFO - Processing /opt/airflow/dags/avito_to_raw_midraw.py took 0.058 seconds
[2026-08-02T09:25:04.265+0000] {processor.py:186} INFO - Started process (PID=1099) to work on /opt/airflow/dags/avito_to_raw_midraw.py
[2026-08-02T09:25:04.266+0000] {processor.py:914} INFO - Processing file /opt/airflow/dags/avito_to_raw_midraw.py for tasks to queue
[2026-08-02T09:25:04.267+0000] {logging_mixin.py:190} INFO - [2026-08-02T09:25:04.267+0000] {dagbag.py:588} INFO - Filling up the DagBag from /opt/airflow/dags/avito_to_raw_midraw.py
[2026-08-02T09:25:04.282+0000] {processor.py:925} INFO - DAG(s) 'avito_to_raw_midraw' retrieved from /opt/airflow/dags/avito_to_raw_midraw.py
[2026-08-02T09:25:04.302+0000] {logging_mixin.py:190} INFO - [2026-08-02T09:25:04.302+0000] {dag.py:3239} INFO - Sync 1 DAGs
[2026-08-02T09:25:04.313+0000] {logging_mixin.py:190} INFO - [2026-08-02T09:25:04.313+0000] {dag.py:4180} INFO - Setting next_dagrun for avito_to_raw_midraw to 2026-08-02 09:00:00+00:00, run_after=2026-08-02 10:00:00+00:00
[2026-08-02T09:25:04.324+0000] {processor.py:208} INFO - Processing /opt/airflow/dags/avito_to_raw_midraw.py took 0.063 seconds
[2026-08-02T09:25:34.468+0000] {processor.py:186} INFO - Started process (PID=1101) to work on /opt/airflow/dags/avito_to_raw_midraw.py
[2026-08-02T09:25:34.468+0000] {processor.py:914} INFO - Processing file /opt/airflow/dags/avito_to_raw_midraw.py for tasks to queue
[2026-08-02T09:25:34.469+0000] {logging_mixin.py:190} INFO - [2026-08-02T09:25:34.469+0000] {dagbag.py:588} INFO - Filling up the DagBag from /opt/airflow/dags/avito_to_raw_midraw.py
[2026-08-02T09:25:34.483+0000] {processor.py:925} INFO - DAG(s) 'avito_to_raw_midraw' retrieved from /opt/airflow/dags/avito_to_raw_midraw.py
[2026-08-02T09:25:34.501+0000] {logging_mixin.py:190} INFO - [2026-08-02T09:25:34.500+0000] {dag.py:3239} INFO - Sync 1 DAGs
[2026-08-02T09:25:34.510+0000] {logging_mixin.py:190} INFO - [2026-08-02T09:25:34.510+0000] {dag.py:4180} INFO - Setting next_dagrun for avito_to_raw_midraw to 2026-08-02 09:00:00+00:00, run_after=2026-08-02 10:00:00+00:00
[2026-08-02T09:25:34.516+0000] {processor.py:208} INFO - Processing /opt/airflow/dags/avito_to_raw_midraw.py took 0.052 seconds
[2026-08-02T09:26:04.688+0000] {processor.py:186} INFO - Started process (PID=1103) to work on /opt/airflow/dags/avito_to_raw_midraw.py
[2026-08-02T09:26:04.689+0000] {processor.py:914} INFO - Processing file /opt/airflow/dags/avito_to_raw_midraw.py for tasks to queue
[2026-08-02T09:26:04.690+0000] {logging_mixin.py:190} INFO - [2026-08-02T09:26:04.689+0000] {dagbag.py:588} INFO - Filling up the DagBag from /opt/airflow/dags/avito_to_raw_midraw.py
[2026-08-02T09:26:04.703+0000] {processor.py:925} INFO - DAG(s) 'avito_to_raw_midraw' retrieved from /opt/airflow/dags/avito_to_raw_midraw.py
[2026-08-02T09:26:04.717+0000] {logging_mixin.py:190} INFO - [2026-08-02T09:26:04.717+0000] {dag.py:3239} INFO - Sync 1 DAGs
[2026-08-02T09:26:04.726+0000] {logging_mixin.py:190} INFO - [2026-08-02T09:26:04.726+0000] {dag.py:4180} INFO - Setting next_dagrun for avito_to_raw_midraw to 2026-08-02 09:00:00+00:00, run_after=2026-08-02 10:00:00+00:00
[2026-08-02T09:26:04.735+0000] {processor.py:208} INFO - Processing /opt/airflow/dags/avito_to_raw_midraw.py took 0.051 seconds
[2026-08-02T09:26:34.930+0000] {processor.py:186} INFO - Started process (PID=1105) to work on /opt/airflow/dags/avito_to_raw_midraw.py
[2026-08-02T09:26:34.931+0000] {processor.py:914} INFO - Processing file /opt/airflow/dags/avito_to_raw_midraw.py for tasks to queue
[2026-08-02T09:26:34.932+0000] {logging_mixin.py:190} INFO - [2026-08-02T09:26:34.932+0000] {dagbag.py:588} INFO - Filling up the DagBag from /opt/airflow/dags/avito_to_raw_midraw.py
[2026-08-02T09:26:34.947+0000] {processor.py:925} INFO - DAG(s) 'avito_to_raw_midraw' retrieved from /opt/airflow/dags/avito_to_raw_midraw.py
[2026-08-02T09:26:34.963+0000] {logging_mixin.py:190} INFO - [2026-08-02T09:26:34.963+0000] {dag.py:3239} INFO - Sync 1 DAGs
[2026-08-02T09:26:34.973+0000] {logging_mixin.py:190} INFO - [2026-08-02T09:26:34.973+0000] {dag.py:4180} INFO - Setting next_dagrun for avito_to_raw_midraw to 2026-08-02 09:00:00+00:00, run_after=2026-08-02 10:00:00+00:00
[2026-08-02T09:26:34.980+0000] {processor.py:208} INFO - Processing /opt/airflow/dags/avito_to_raw_midraw.py took 0.054 seconds
[2026-08-02T09:27:05.247+0000] {processor.py:186} INFO - Started process (PID=1107) to work on /opt/airflow/dags/avito_to_raw_midraw.py
[2026-08-02T09:27:05.248+0000] {processor.py:914} INFO - Processing file /opt/airflow/dags/avito_to_raw_midraw.py for tasks to queue
[2026-08-02T09:27:05.249+0000] {logging_mixin.py:190} INFO - [2026-08-02T09:27:05.249+0000] {dagbag.py:588} INFO - Filling up the DagBag from /opt/airflow/dags/avito_to_raw_midraw.py
[2026-08-02T09:27:05.263+0000] {processor.py:925} INFO - DAG(s) 'avito_to_raw_midraw' retrieved from /opt/airflow/dags/avito_to_raw_midraw.py
[2026-08-02T09:27:05.278+0000] {logging_mixin.py:190} INFO - [2026-08-02T09:27:05.278+0000] {dag.py:3239} INFO - Sync 1 DAGs
[2026-08-02T09:27:05.287+0000] {logging_mixin.py:190} INFO - [2026-08-02T09:27:05.286+0000] {dag.py:4180} INFO - Setting next_dagrun for avito_to_raw_midraw to 2026-08-02 09:00:00+00:00, run_after=2026-08-02 10:00:00+00:00
[2026-08-02T09:27:05.294+0000] {processor.py:208} INFO - Processing /opt/airflow/dags/avito_to_raw_midraw.py took 0.051 seconds
[2026-08-02T09:27:35.533+0000] {processor.py:186} INFO - Started process (PID=1109) to work on /opt/airflow/dags/avito_to_raw_midraw.py
[2026-08-02T09:27:35.534+0000] {processor.py:914} INFO - Processing file /opt/airflow/dags/avito_to_raw_midraw.py for tasks to queue
[2026-08-02T09:27:35.535+0000] {logging_mixin.py:190} INFO - [2026-08-02T09:27:35.535+0000] {dagbag.py:588} INFO - Filling up the DagBag from /opt/airflow/dags/avito_to_raw_midraw.py
[2026-08-02T09:27:35.550+0000] {processor.py:925} INFO - DAG(s) 'avito_to_raw_midraw' retrieved from /opt/airflow/dags/avito_to_raw_midraw.py
[2026-08-02T09:27:35.568+0000] {logging_mixin.py:190} INFO - [2026-08-02T09:27:35.568+0000] {dag.py:3239} INFO - Sync 1 DAGs
[2026-08-02T09:27:35.579+0000] {logging_mixin.py:190} INFO - [2026-08-02T09:27:35.579+0000] {dag.py:4180} INFO - Setting next_dagrun for avito_to_raw_midraw to 2026-08-02 09:00:00+00:00, run_after=2026-08-02 10:00:00+00:00
[2026-08-02T09:27:35.587+0000] {processor.py:208} INFO - Processing /opt/airflow/dags/avito_to_raw_midraw.py took 0.059 seconds
[2026-08-02T09:28:05.795+0000] {processor.py:186} INFO - Started process (PID=1111) to work on /opt/airflow/dags/avito_to_raw_midraw.py
[2026-08-02T09:28:05.796+0000] {processor.py:914} INFO - Processing file /opt/airflow/dags/avito_to_raw_midraw.py for tasks to queue
[2026-08-02T09:28:05.797+0000] {logging_mixin.py:190} INFO - [2026-08-02T09:28:05.797+0000] {dagbag.py:588} INFO - Filling up the DagBag from /opt/airflow/dags/avito_to_raw_midraw.py
[2026-08-02T09:28:05.808+0000] {processor.py:925} INFO - DAG(s) 'avito_to_raw_midraw' retrieved from /opt/airflow/dags/avito_to_raw_midraw.py
[2026-08-02T09:28:05.821+0000] {logging_mixin.py:190} INFO - [2026-08-02T09:28:05.821+0000] {dag.py:3239} INFO - Sync 1 DAGs
[2026-08-02T09:28:05.828+0000] {logging_mixin.py:190} INFO - [2026-08-02T09:28:05.828+0000] {dag.py:4180} INFO - Setting next_dagrun for avito_to_raw_midraw to 2026-08-02 09:00:00+00:00, run_after=2026-08-02 10:00:00+00:00
[2026-08-02T09:28:05.838+0000] {processor.py:208} INFO - Processing /opt/airflow/dags/avito_to_raw_midraw.py took 0.045 seconds
[2026-08-02T09:28:36.094+0000] {processor.py:186} INFO - Started process (PID=1113) to work on /opt/airflow/dags/avito_to_raw_midraw.py
[2026-08-02T09:28:36.094+0000] {processor.py:914} INFO - Processing file /opt/airflow/dags/avito_to_raw_midraw.py for tasks to queue
[2026-08-02T09:28:36.095+0000] {logging_mixin.py:190} INFO - [2026-08-02T09:28:36.095+0000] {dagbag.py:588} INFO - Filling up the DagBag from /opt/airflow/dags/avito_to_raw_midraw.py
[2026-08-02T09:28:36.107+0000] {processor.py:925} INFO - DAG(s) 'avito_to_raw_midraw' retrieved from /opt/airflow/dags/avito_to_raw_midraw.py
[2026-08-02T09:28:36.122+0000] {logging_mixin.py:190} INFO - [2026-08-02T09:28:36.122+0000] {dag.py:3239} INFO - Sync 1 DAGs
[2026-08-02T09:28:36.132+0000] {logging_mixin.py:190} INFO - [2026-08-02T09:28:36.132+0000] {dag.py:4180} INFO - Setting next_dagrun for avito_to_raw_midraw to 2026-08-02 09:00:00+00:00, run_after=2026-08-02 10:00:00+00:00
[2026-08-02T09:28:36.140+0000] {processor.py:208} INFO - Processing /opt/airflow/dags/avito_to_raw_midraw.py took 0.049 seconds
[2026-08-02T09:29:06.430+0000] {processor.py:186} INFO - Started process (PID=1115) to work on /opt/airflow/dags/avito_to_raw_midraw.py
[2026-08-02T09:29:06.431+0000] {processor.py:914} INFO - Processing file /opt/airflow/dags/avito_to_raw_midraw.py for tasks to queue
[2026-08-02T09:29:06.432+0000] {logging_mixin.py:190} INFO - [2026-08-02T09:29:06.431+0000] {dagbag.py:588} INFO - Filling up the DagBag from /opt/airflow/dags/avito_to_raw_midraw.py
[2026-08-02T09:29:06.449+0000] {processor.py:925} INFO - DAG(s) 'avito_to_raw_midraw' retrieved from /opt/airflow/dags/avito_to_raw_midraw.py
[2026-08-02T09:29:06.474+0000] {logging_mixin.py:190} INFO - [2026-08-02T09:29:06.473+0000] {dag.py:3239} INFO - Sync 1 DAGs
[2026-08-02T09:29:06.486+0000] {logging_mixin.py:190} INFO - [2026-08-02T09:29:06.486+0000] {dag.py:4180} INFO - Setting next_dagrun for avito_to_raw_midraw to 2026-08-02 09:00:00+00:00, run_after=2026-08-02 10:00:00+00:00
[2026-08-02T09:29:06.494+0000] {processor.py:208} INFO - Processing /opt/airflow/dags/avito_to_raw_midraw.py took 0.068 seconds
[2026-08-02T09:29:36.796+0000] {processor.py:186} INFO - Started process (PID=1117) to work on /opt/airflow/dags/avito_to_raw_midraw.py
[2026-08-02T09:29:36.797+0000] {processor.py:914} INFO - Processing file /opt/airflow/dags/avito_to_raw_midraw.py for tasks to queue
[2026-08-02T09:29:36.798+0000] {logging_mixin.py:190} INFO - [2026-08-02T09:29:36.798+0000] {dagbag.py:588} INFO - Filling up the DagBag from /opt/airflow/dags/avito_to_raw_midraw.py
[2026-08-02T09:29:36.810+0000] {processor.py:925} INFO - DAG(s) 'avito_to_raw_midraw' retrieved from /opt/airflow/dags/avito_to_raw_midraw.py
[2026-08-02T09:29:36.825+0000] {logging_mixin.py:190} INFO - [2026-08-02T09:29:36.825+0000] {dag.py:3239} INFO - Sync 1 DAGs
[2026-08-02T09:29:36.834+0000] {logging_mixin.py:190} INFO - [2026-08-02T09:29:36.834+0000] {dag.py:4180} INFO - Setting next_dagrun for avito_to_raw_midraw to 2026-08-02 09:00:00+00:00, run_after=2026-08-02 10:00:00+00:00
[2026-08-02T09:29:36.842+0000] {processor.py:208} INFO - Processing /opt/airflow/dags/avito_to_raw_midraw.py took 0.051 seconds
[2026-08-02T09:30:07.051+0000] {processor.py:186} INFO - Started process (PID=1119) to work on /opt/airflow/dags/avito_to_raw_midraw.py
[2026-08-02T09:30:07.052+0000] {processor.py:914} INFO - Processing file /opt/airflow/dags/avito_to_raw_midraw.py for tasks to queue
[2026-08-02T09:30:07.054+0000] {logging_mixin.py:190} INFO - [2026-08-02T09:30:07.053+0000] {dagbag.py:588} INFO - Filling up the DagBag from /opt/airflow/dags/avito_to_raw_midraw.py
[2026-08-02T09:30:07.065+0000] {processor.py:925} INFO - DAG(s) 'avito_to_raw_midraw' retrieved from /opt/airflow/dags/avito_to_raw_midraw.py
[2026-08-02T09:30:07.083+0000] {logging_mixin.py:190} INFO - [2026-08-02T09:30:07.083+0000] {dag.py:3239} INFO - Sync 1 DAGs
[2026-08-02T09:30:07.093+0000] {logging_mixin.py:190} INFO - [2026-08-02T09:30:07.093+0000] {dag.py:4180} INFO - Setting next_dagrun for avito_to_raw_midraw to 2026-08-02 09:00:00+00:00, run_after=2026-08-02 10:00:00+00:00
[2026-08-02T09:30:07.101+0000] {processor.py:208} INFO - Processing /opt/airflow/dags/avito_to_raw_midraw.py took 0.054 seconds
[2026-08-02T09:30:37.395+0000] {processor.py:186} INFO - Started process (PID=1121) to work on /opt/airflow/dags/avito_to_raw_midraw.py
[2026-08-02T09:30:37.396+0000] {processor.py:914} INFO - Processing file /opt/airflow/dags/avito_to_raw_midraw.py for tasks to queue
[2026-08-02T09:30:37.396+0000] {logging_mixin.py:190} INFO - [2026-08-02T09:30:37.396+0000] {dagbag.py:588} INFO - Filling up the DagBag from /opt/airflow/dags/avito_to_raw_midraw.py
[2026-08-02T09:30:37.411+0000] {processor.py:925} INFO - DAG(s) 'avito_to_raw_midraw' retrieved from /opt/airflow/dags/avito_to_raw_midraw.py
[2026-08-02T09:30:37.427+0000] {logging_mixin.py:190} INFO - [2026-08-02T09:30:37.427+0000] {dag.py:3239} INFO - Sync 1 DAGs
[2026-08-02T09:30:37.435+0000] {logging_mixin.py:190} INFO - [2026-08-02T09:30:37.435+0000] {dag.py:4180} INFO - Setting next_dagrun for avito_to_raw_midraw to 2026-08-02 09:00:00+00:00, run_after=2026-08-02 10:00:00+00:00
[2026-08-02T09:30:37.443+0000] {processor.py:208} INFO - Processing /opt/airflow/dags/avito_to_raw_midraw.py took 0.053 seconds
[2026-08-02T09:31:07.696+0000] {processor.py:186} INFO - Started process (PID=1123) to work on /opt/airflow/dags/avito_to_raw_midraw.py
[2026-08-02T09:31:07.696+0000] {processor.py:914} INFO - Processing file /opt/airflow/dags/avito_to_raw_midraw.py for tasks to queue
[2026-08-02T09:31:07.698+0000] {logging_mixin.py:190} INFO - [2026-08-02T09:31:07.698+0000] {dagbag.py:588} INFO - Filling up the DagBag from /opt/airflow/dags/avito_to_raw_midraw.py
[2026-08-02T09:31:07.710+0000] {processor.py:925} INFO - DAG(s) 'avito_to_raw_midraw' retrieved from /opt/airflow/dags/avito_to_raw_midraw.py
[2026-08-02T09:31:07.729+0000] {logging_mixin.py:190} INFO - [2026-08-02T09:31:07.729+0000] {dag.py:3239} INFO - Sync 1 DAGs
[2026-08-02T09:31:07.739+0000] {logging_mixin.py:190} INFO - [2026-08-02T09:31:07.739+0000] {dag.py:4180} INFO - Setting next_dagrun for avito_to_raw_midraw to 2026-08-02 09:00:00+00:00, run_after=2026-08-02 10:00:00+00:00
[2026-08-02T09:31:07.748+0000] {processor.py:208} INFO - Processing /opt/airflow/dags/avito_to_raw_midraw.py took 0.057 seconds
[2026-08-02T09:31:37.964+0000] {processor.py:186} INFO - Started process (PID=1125) to work on /opt/airflow/dags/avito_to_raw_midraw.py
[2026-08-02T09:31:37.965+0000] {processor.py:914} INFO - Processing file /opt/airflow/dags/avito_to_raw_midraw.py for tasks to queue
[2026-08-02T09:31:37.966+0000] {logging_mixin.py:190} INFO - [2026-08-02T09:31:37.965+0000] {dagbag.py:588} INFO - Filling up the DagBag from /opt/airflow/dags/avito_to_raw_midraw.py
[2026-08-02T09:31:37.978+0000] {processor.py:925} INFO - DAG(s) 'avito_to_raw_midraw' retrieved from /opt/airflow/dags/avito_to_raw_midraw.py
[2026-08-02T09:31:37.994+0000] {logging_mixin.py:190} INFO - [2026-08-02T09:31:37.994+0000] {dag.py:3239} INFO - Sync 1 DAGs
[2026-08-02T09:31:38.006+0000] {logging_mixin.py:190} INFO - [2026-08-02T09:31:38.006+0000] {dag.py:4180} INFO - Setting next_dagrun for avito_to_raw_midraw to 2026-08-02 09:00:00+00:00, run_after=2026-08-02 10:00:00+00:00
[2026-08-02T09:31:38.014+0000] {processor.py:208} INFO - Processing /opt/airflow/dags/avito_to_raw_midraw.py took 0.054 seconds
[2026-08-02T09:32:08.366+0000] {processor.py:186} INFO - Started process (PID=1127) to work on /opt/airflow/dags/avito_to_raw_midraw.py
[2026-08-02T09:32:08.366+0000] {processor.py:914} INFO - Processing file /opt/airflow/dags/avito_to_raw_midraw.py for tasks to queue
[2026-08-02T09:32:08.367+0000] {logging_mixin.py:190} INFO - [2026-08-02T09:32:08.367+0000] {dagbag.py:588} INFO - Filling up the DagBag from /opt/airflow/dags/avito_to_raw_midraw.py
[2026-08-02T09:32:08.381+0000] {processor.py:925} INFO - DAG(s) 'avito_to_raw_midraw' retrieved from /opt/airflow/dags/avito_to_raw_midraw.py
[2026-08-02T09:32:08.395+0000] {logging_mixin.py:190} INFO - [2026-08-02T09:32:08.395+0000] {dag.py:3239} INFO - Sync 1 DAGs
[2026-08-02T09:32:08.405+0000] {logging_mixin.py:190} INFO - [2026-08-02T09:32:08.405+0000] {dag.py:4180} INFO - Setting next_dagrun for avito_to_raw_midraw to 2026-08-02 09:00:00+00:00, run_after=2026-08-02 10:00:00+00:00
[2026-08-02T09:32:08.413+0000] {processor.py:208} INFO - Processing /opt/airflow/dags/avito_to_raw_midraw.py took 0.050 seconds
[2026-08-02T09:32:38.675+0000] {processor.py:186} INFO - Started process (PID=1129) to work on /opt/airflow/dags/avito_to_raw_midraw.py
[2026-08-02T09:32:38.675+0000] {processor.py:914} INFO - Processing file /opt/airflow/dags/avito_to_raw_midraw.py for tasks to queue
[2026-08-02T09:32:38.677+0000] {logging_mixin.py:190} INFO - [2026-08-02T09:32:38.676+0000] {dagbag.py:588} INFO - Filling up the DagBag from /opt/airflow/dags/avito_to_raw_midraw.py
[2026-08-02T09:32:38.688+0000] {processor.py:925} INFO - DAG(s) 'avito_to_raw_midraw' retrieved from /opt/airflow/dags/avito_to_raw_midraw.py
[2026-08-02T09:32:38.702+0000] {logging_mixin.py:190} INFO - [2026-08-02T09:32:38.702+0000] {dag.py:3239} INFO - Sync 1 DAGs
[2026-08-02T09:32:38.710+0000] {logging_mixin.py:190} INFO - [2026-08-02T09:32:38.710+0000] {dag.py:4180} INFO - Setting next_dagrun for avito_to_raw_midraw to 2026-08-02 09:00:00+00:00, run_after=2026-08-02 10:00:00+00:00
[2026-08-02T09:32:38.718+0000] {processor.py:208} INFO - Processing /opt/airflow/dags/avito_to_raw_midraw.py took 0.047 seconds
[2026-08-02T09:33:08.979+0000] {processor.py:186} INFO - Started process (PID=1131) to work on /opt/airflow/dags/avito_to_raw_midraw.py
[2026-08-02T09:33:08.980+0000] {processor.py:914} INFO - Processing file /opt/airflow/dags/avito_to_raw_midraw.py for tasks to queue
[2026-08-02T09:33:08.981+0000] {logging_mixin.py:190} INFO - [2026-08-02T09:33:08.981+0000] {dagbag.py:588} INFO - Filling up the DagBag from /opt/airflow/dags/avito_to_raw_midraw.py
[2026-08-02T09:33:08.997+0000] {processor.py:925} INFO - DAG(s) 'avito_to_raw_midraw' retrieved from /opt/airflow/dags/avito_to_raw_midraw.py
[2026-08-02T09:33:09.017+0000] {logging_mixin.py:190} INFO - [2026-08-02T09:33:09.017+0000] {dag.py:3239} INFO - Sync 1 DAGs
[2026-08-02T09:33:09.025+0000] {logging_mixin.py:190} INFO - [2026-08-02T09:33:09.025+0000] {dag.py:4180} INFO - Setting next_dagrun for avito_to_raw_midraw to 2026-08-02 09:00:00+00:00, run_after=2026-08-02 10:00:00+00:00
[2026-08-02T09:33:09.032+0000] {processor.py:208} INFO - Processing /opt/airflow/dags/avito_to_raw_midraw.py took 0.058 seconds
[2026-08-02T09:33:39.319+0000] {processor.py:186} INFO - Started process (PID=1133) to work on /opt/airflow/dags/avito_to_raw_midraw.py
[2026-08-02T09:33:39.320+0000] {processor.py:914} INFO - Processing file /opt/airflow/dags/avito_to_raw_midraw.py for tasks to queue
[2026-08-02T09:33:39.323+0000] {logging_mixin.py:190} INFO - [2026-08-02T09:33:39.321+0000] {dagbag.py:588} INFO - Filling up the DagBag from /opt/airflow/dags/avito_to_raw_midraw.py
[2026-08-02T09:33:39.339+0000] {processor.py:925} INFO - DAG(s) 'avito_to_raw_midraw' retrieved from /opt/airflow/dags/avito_to_raw_midraw.py
[2026-08-02T09:33:39.357+0000] {logging_mixin.py:190} INFO - [2026-08-02T09:33:39.357+0000] {dag.py:3239} INFO - Sync 1 DAGs
[2026-08-02T09:33:39.365+0000] {logging_mixin.py:190} INFO - [2026-08-02T09:33:39.365+0000] {dag.py:4180} INFO - Setting next_dagrun for avito_to_raw_midraw to 2026-08-02 09:00:00+00:00, run_after=2026-08-02 10:00:00+00:00
[2026-08-02T09:33:39.371+0000] {processor.py:208} INFO - Processing /opt/airflow/dags/avito_to_raw_midraw.py took 0.059 seconds
[2026-08-02T09:34:09.631+0000] {processor.py:186} INFO - Started process (PID=1135) to work on /opt/airflow/dags/avito_to_raw_midraw.py
[2026-08-02T09:34:09.631+0000] {processor.py:914} INFO - Processing file /opt/airflow/dags/avito_to_raw_midraw.py for tasks to queue
[2026-08-02T09:34:09.633+0000] {logging_mixin.py:190} INFO - [2026-08-02T09:34:09.632+0000] {dagbag.py:588} INFO - Filling up the DagBag from /opt/airflow/dags/avito_to_raw_midraw.py
[2026-08-02T09:34:09.642+0000] {processor.py:925} INFO - DAG(s) 'avito_to_raw_midraw' retrieved from /opt/airflow/dags/avito_to_raw_midraw.py
[2026-08-02T09:34:09.657+0000] {logging_mixin.py:190} INFO - [2026-08-02T09:34:09.656+0000] {dag.py:3239} INFO - Sync 1 DAGs
[2026-08-02T09:34:09.666+0000] {logging_mixin.py:190} INFO - [2026-08-02T09:34:09.666+0000] {dag.py:4180} INFO - Setting next_dagrun for avito_to_raw_midraw to 2026-08-02 09:00:00+00:00, run_after=2026-08-02 10:00:00+00:00
[2026-08-02T09:34:09.674+0000] {processor.py:208} INFO - Processing /opt/airflow/dags/avito_to_raw_midraw.py took 0.046 seconds
[2026-08-02T09:34:39.871+0000] {processor.py:186} INFO - Started process (PID=1137) to work on /opt/airflow/dags/avito_to_raw_midraw.py
[2026-08-02T09:34:39.872+0000] {processor.py:914} INFO - Processing file /opt/airflow/dags/avito_to_raw_midraw.py for tasks to queue
[2026-08-02T09:34:39.873+0000] {logging_mixin.py:190} INFO - [2026-08-02T09:34:39.873+0000] {dagbag.py:588} INFO - Filling up the DagBag from /opt/airflow/dags/avito_to_raw_midraw.py
[2026-08-02T09:34:39.882+0000] {processor.py:925} INFO - DAG(s) 'avito_to_raw_midraw' retrieved from /opt/airflow/dags/avito_to_raw_midraw.py
[2026-08-02T09:34:39.897+0000] {logging_mixin.py:190} INFO - [2026-08-02T09:34:39.897+0000] {dag.py:3239} INFO - Sync 1 DAGs
[2026-08-02T09:34:39.905+0000] {logging_mixin.py:190} INFO - [2026-08-02T09:34:39.905+0000] {dag.py:4180} INFO - Setting next_dagrun for avito_to_raw_midraw to 2026-08-02 09:00:00+00:00, run_after=2026-08-02 10:00:00+00:00
[2026-08-02T09:34:39.911+0000] {processor.py:208} INFO - Processing /opt/airflow/dags/avito_to_raw_midraw.py took 0.043 seconds
[2026-08-02T09:35:10.142+0000] {processor.py:186} INFO - Started process (PID=1139) to work on /opt/airflow/dags/avito_to_raw_midraw.py
[2026-08-02T09:35:10.143+0000] {processor.py:914} INFO - Processing file /opt/airflow/dags/avito_to_raw_midraw.py for tasks to queue
[2026-08-02T09:35:10.143+0000] {logging_mixin.py:190} INFO - [2026-08-02T09:35:10.143+0000] {dagbag.py:588} INFO - Filling up the DagBag from /opt/airflow/dags/avito_to_raw_midraw.py
[2026-08-02T09:35:10.155+0000] {processor.py:925} INFO - DAG(s) 'avito_to_raw_midraw' retrieved from /opt/airflow/dags/avito_to_raw_midraw.py
[2026-08-02T09:35:10.167+0000] {logging_mixin.py:190} INFO - [2026-08-02T09:35:10.167+0000] {dag.py:3239} INFO - Sync 1 DAGs
[2026-08-02T09:35:10.176+0000] {logging_mixin.py:190} INFO - [2026-08-02T09:35:10.176+0000] {dag.py:4180} INFO - Setting next_dagrun for avito_to_raw_midraw to 2026-08-02 09:00:00+00:00, run_after=2026-08-02 10:00:00+00:00
[2026-08-02T09:35:10.184+0000] {processor.py:208} INFO - Processing /opt/airflow/dags/avito_to_raw_midraw.py took 0.045 seconds
[2026-08-02T09:35:40.370+0000] {processor.py:186} INFO - Started process (PID=1141) to work on /opt/airflow/dags/avito_to_raw_midraw.py
[2026-08-02T09:35:40.370+0000] {processor.py:914} INFO - Processing file /opt/airflow/dags/avito_to_raw_midraw.py for tasks to queue
[2026-08-02T09:35:40.371+0000] {logging_mixin.py:190} INFO - [2026-08-02T09:35:40.371+0000] {dagbag.py:588} INFO - Filling up the DagBag from /opt/airflow/dags/avito_to_raw_midraw.py
[2026-08-02T09:35:40.383+0000] {processor.py:925} INFO - DAG(s) 'avito_to_raw_midraw' retrieved from /opt/airflow/dags/avito_to_raw_midraw.py
[2026-08-02T09:35:40.397+0000] {logging_mixin.py:190} INFO - [2026-08-02T09:35:40.397+0000] {dag.py:3239} INFO - Sync 1 DAGs
[2026-08-02T09:35:40.406+0000] {logging_mixin.py:190} INFO - [2026-08-02T09:35:40.406+0000] {dag.py:4180} INFO - Setting next_dagrun for avito_to_raw_midraw to 2026-08-02 09:00:00+00:00, run_after=2026-08-02 10:00:00+00:00
[2026-08-02T09:35:40.413+0000] {processor.py:208} INFO - Processing /opt/airflow/dags/avito_to_raw_midraw.py took 0.046 seconds
[2026-08-02T09:36:10.646+0000] {processor.py:186} INFO - Started process (PID=1143) to work on /opt/airflow/dags/avito_to_raw_midraw.py
[2026-08-02T09:36:10.647+0000] {processor.py:914} INFO - Processing file /opt/airflow/dags/avito_to_raw_midraw.py for tasks to queue
[2026-08-02T09:36:10.648+0000] {logging_mixin.py:190} INFO - [2026-08-02T09:36:10.647+0000] {dagbag.py:588} INFO - Filling up the DagBag from /opt/airflow/dags/avito_to_raw_midraw.py
[2026-08-02T09:36:10.660+0000] {processor.py:925} INFO - DAG(s) 'avito_to_raw_midraw' retrieved from /opt/airflow/dags/avito_to_raw_midraw.py
[2026-08-02T09:36:10.674+0000] {logging_mixin.py:190} INFO - [2026-08-02T09:36:10.674+0000] {dag.py:3239} INFO - Sync 1 DAGs
[2026-08-02T09:36:10.682+0000] {logging_mixin.py:190} INFO - [2026-08-02T09:36:10.681+0000] {dag.py:4180} INFO - Setting next_dagrun for avito_to_raw_midraw to 2026-08-02 09:00:00+00:00, run_after=2026-08-02 10:00:00+00:00
[2026-08-02T09:36:10.689+0000] {processor.py:208} INFO - Processing /opt/airflow/dags/avito_to_raw_midraw.py took 0.045 seconds
[2026-08-02T09:36:40.943+0000] {processor.py:186} INFO - Started process (PID=1145) to work on /opt/airflow/dags/avito_to_raw_midraw.py
[2026-08-02T09:36:40.944+0000] {processor.py:914} INFO - Processing file /opt/airflow/dags/avito_to_raw_midraw.py for tasks to queue
[2026-08-02T09:36:40.945+0000] {logging_mixin.py:190} INFO - [2026-08-02T09:36:40.945+0000] {dagbag.py:588} INFO - Filling up the DagBag from /opt/airflow/dags/avito_to_raw_midraw.py
[2026-08-02T09:36:40.959+0000] {processor.py:925} INFO - DAG(s) 'avito_to_raw_midraw' retrieved from /opt/airflow/dags/avito_to_raw_midraw.py
[2026-08-02T09:36:40.973+0000] {logging_mixin.py:190} INFO - [2026-08-02T09:36:40.973+0000] {dag.py:3239} INFO - Sync 1 DAGs
[2026-08-02T09:36:40.982+0000] {logging_mixin.py:190} INFO - [2026-08-02T09:36:40.982+0000] {dag.py:4180} INFO - Setting next_dagrun for avito_to_raw_midraw to 2026-08-02 09:00:00+00:00, run_after=2026-08-02 10:00:00+00:00
[2026-08-02T09:36:40.990+0000] {processor.py:208} INFO - Processing /opt/airflow/dags/avito_to_raw_midraw.py took 0.050 seconds
[2026-08-02T09:37:11.206+0000] {processor.py:186} INFO - Started process (PID=1147) to work on /opt/airflow/dags/avito_to_raw_midraw.py
[2026-08-02T09:37:11.207+0000] {processor.py:914} INFO - Processing file /opt/airflow/dags/avito_to_raw_midraw.py for tasks to queue
[2026-08-02T09:37:11.208+0000] {logging_mixin.py:190} INFO - [2026-08-02T09:37:11.208+0000] {dagbag.py:588} INFO - Filling up the DagBag from /opt/airflow/dags/avito_to_raw_midraw.py
[2026-08-02T09:37:11.220+0000] {processor.py:925} INFO - DAG(s) 'avito_to_raw_midraw' retrieved from /opt/airflow/dags/avito_to_raw_midraw.py
[2026-08-02T09:37:11.239+0000] {logging_mixin.py:190} INFO - [2026-08-02T09:37:11.239+0000] {dag.py:3239} INFO - Sync 1 DAGs
[2026-08-02T09:37:11.250+0000] {logging_mixin.py:190} INFO - [2026-08-02T09:37:11.250+0000] {dag.py:4180} INFO - Setting next_dagrun for avito_to_raw_midraw to 2026-08-02 09:00:00+00:00, run_after=2026-08-02 10:00:00+00:00
[2026-08-02T09:37:11.258+0000] {processor.py:208} INFO - Processing /opt/airflow/dags/avito_to_raw_midraw.py took 0.057 seconds
[2026-08-02T09:37:41.537+0000] {processor.py:186} INFO - Started process (PID=1149) to work on /opt/airflow/dags/avito_to_raw_midraw.py
[2026-08-02T09:37:41.538+0000] {processor.py:914} INFO - Processing file /opt/airflow/dags/avito_to_raw_midraw.py for tasks to queue
[2026-08-02T09:37:41.538+0000] {logging_mixin.py:190} INFO - [2026-08-02T09:37:41.538+0000] {dagbag.py:588} INFO - Filling up the DagBag from /opt/airflow/dags/avito_to_raw_midraw.py
[2026-08-02T09:37:41.552+0000] {processor.py:925} INFO - DAG(s) 'avito_to_raw_midraw' retrieved from /opt/airflow/dags/avito_to_raw_midraw.py
[2026-08-02T09:37:41.567+0000] {logging_mixin.py:190} INFO - [2026-08-02T09:37:41.567+0000] {dag.py:3239} INFO - Sync 1 DAGs
[2026-08-02T09:37:41.575+0000] {logging_mixin.py:190} INFO - [2026-08-02T09:37:41.575+0000] {dag.py:4180} INFO - Setting next_dagrun for avito_to_raw_midraw to 2026-08-02 09:00:00+00:00, run_after=2026-08-02 10:00:00+00:00
[2026-08-02T09:37:41.584+0000] {processor.py:208} INFO - Processing /opt/airflow/dags/avito_to_raw_midraw.py took 0.051 seconds
[2026-08-02T09:38:11.858+0000] {processor.py:186} INFO - Started process (PID=1151) to work on /opt/airflow/dags/avito_to_raw_midraw.py
[2026-08-02T09:38:11.859+0000] {processor.py:914} INFO - Processing file /opt/airflow/dags/avito_to_raw_midraw.py for tasks to queue
[2026-08-02T09:38:11.860+0000] {logging_mixin.py:190} INFO - [2026-08-02T09:38:11.860+0000] {dagbag.py:588} INFO - Filling up the DagBag from /opt/airflow/dags/avito_to_raw_midraw.py
[2026-08-02T09:38:11.875+0000] {processor.py:925} INFO - DAG(s) 'avito_to_raw_midraw' retrieved from /opt/airflow/dags/avito_to_raw_midraw.py
[2026-08-02T09:38:11.895+0000] {logging_mixin.py:190} INFO - [2026-08-02T09:38:11.895+0000] {dag.py:3239} INFO - Sync 1 DAGs
[2026-08-02T09:38:11.905+0000] {logging_mixin.py:190} INFO - [2026-08-02T09:38:11.905+0000] {dag.py:4180} INFO - Setting next_dagrun for avito_to_raw_midraw to 2026-08-02 09:00:00+00:00, run_after=2026-08-02 10:00:00+00:00
[2026-08-02T09:38:11.913+0000] {processor.py:208} INFO - Processing /opt/airflow/dags/avito_to_raw_midraw.py took 0.059 seconds
[2026-08-02T09:38:42.143+0000] {processor.py:186} INFO - Started process (PID=1153) to work on /opt/airflow/dags/avito_to_raw_midraw.py
[2026-08-02T09:38:42.144+0000] {processor.py:914} INFO - Processing file /opt/airflow/dags/avito_to_raw_midraw.py for tasks to queue
[2026-08-02T09:38:42.145+0000] {logging_mixin.py:190} INFO - [2026-08-02T09:38:42.145+0000] {dagbag.py:588} INFO - Filling up the DagBag from /opt/airflow/dags/avito_to_raw_midraw.py
[2026-08-02T09:38:42.160+0000] {processor.py:925} INFO - DAG(s) 'avito_to_raw_midraw' retrieved from /opt/airflow/dags/avito_to_raw_midraw.py
[2026-08-02T09:38:42.173+0000] {logging_mixin.py:190} INFO - [2026-08-02T09:38:42.173+0000] {dag.py:3239} INFO - Sync 1 DAGs
[2026-08-02T09:38:42.181+0000] {logging_mixin.py:190} INFO - [2026-08-02T09:38:42.181+0000] {dag.py:4180} INFO - Setting next_dagrun for avito_to_raw_midraw to 2026-08-02 09:00:00+00:00, run_after=2026-08-02 10:00:00+00:00
[2026-08-02T09:38:42.189+0000] {processor.py:208} INFO - Processing /opt/airflow/dags/avito_to_raw_midraw.py took 0.050 seconds
[2026-08-02T09:39:12.497+0000] {processor.py:186} INFO - Started process (PID=1155) to work on /opt/airflow/dags/avito_to_raw_midraw.py
[2026-08-02T09:39:12.498+0000] {processor.py:914} INFO - Processing file /opt/airflow/dags/avito_to_raw_midraw.py for tasks to queue
[2026-08-02T09:39:12.499+0000] {logging_mixin.py:190} INFO - [2026-08-02T09:39:12.499+0000] {dagbag.py:588} INFO - Filling up the DagBag from /opt/airflow/dags/avito_to_raw_midraw.py
[2026-08-02T09:39:12.515+0000] {processor.py:925} INFO - DAG(s) 'avito_to_raw_midraw' retrieved from /opt/airflow/dags/avito_to_raw_midraw.py
[2026-08-02T09:39:12.533+0000] {logging_mixin.py:190} INFO - [2026-08-02T09:39:12.533+0000] {dag.py:3239} INFO - Sync 1 DAGs
[2026-08-02T09:39:12.542+0000] {logging_mixin.py:190} INFO - [2026-08-02T09:39:12.542+0000] {dag.py:4180} INFO - Setting next_dagrun for avito_to_raw_midraw to 2026-08-02 09:00:00+00:00, run_after=2026-08-02 10:00:00+00:00
[2026-08-02T09:39:12.552+0000] {processor.py:208} INFO - Processing /opt/airflow/dags/avito_to_raw_midraw.py took 0.059 seconds
[2026-08-02T09:39:42.854+0000] {processor.py:186} INFO - Started process (PID=1157) to work on /opt/airflow/dags/avito_to_raw_midraw.py
[2026-08-02T09:39:42.855+0000] {processor.py:914} INFO - Processing file /opt/airflow/dags/avito_to_raw_midraw.py for tasks to queue
[2026-08-02T09:39:42.856+0000] {logging_mixin.py:190} INFO - [2026-08-02T09:39:42.856+0000] {dagbag.py:588} INFO - Filling up the DagBag from /opt/airflow/dags/avito_to_raw_midraw.py
[2026-08-02T09:39:42.869+0000] {processor.py:925} INFO - DAG(s) 'avito_to_raw_midraw' retrieved from /opt/airflow/dags/avito_to_raw_midraw.py
[2026-08-02T09:39:42.882+0000] {logging_mixin.py:190} INFO - [2026-08-02T09:39:42.882+0000] {dag.py:3239} INFO - Sync 1 DAGs
[2026-08-02T09:39:42.891+0000] {logging_mixin.py:190} INFO - [2026-08-02T09:39:42.891+0000] {dag.py:4180} INFO - Setting next_dagrun for avito_to_raw_midraw to 2026-08-02 09:00:00+00:00, run_after=2026-08-02 10:00:00+00:00
[2026-08-02T09:39:42.900+0000] {processor.py:208} INFO - Processing /opt/airflow/dags/avito_to_raw_midraw.py took 0.049 seconds
[2026-08-02T09:40:13.162+0000] {processor.py:186} INFO - Started process (PID=1159) to work on /opt/airflow/dags/avito_to_raw_midraw.py
[2026-08-02T09:40:13.162+0000] {processor.py:914} INFO - Processing file /opt/airflow/dags/avito_to_raw_midraw.py for tasks to queue
[2026-08-02T09:40:13.163+0000] {logging_mixin.py:190} INFO - [2026-08-02T09:40:13.163+0000] {dagbag.py:588} INFO - Filling up the DagBag from /opt/airflow/dags/avito_to_raw_midraw.py
[2026-08-02T09:40:13.180+0000] {processor.py:925} INFO - DAG(s) 'avito_to_raw_midraw' retrieved from /opt/airflow/dags/avito_to_raw_midraw.py
[2026-08-02T09:40:13.198+0000] {logging_mixin.py:190} INFO - [2026-08-02T09:40:13.198+0000] {dag.py:3239} INFO - Sync 1 DAGs
[2026-08-02T09:40:13.207+0000] {logging_mixin.py:190} INFO - [2026-08-02T09:40:13.207+0000] {dag.py:4180} INFO - Setting next_dagrun for avito_to_raw_midraw to 2026-08-02 09:00:00+00:00, run_after=2026-08-02 10:00:00+00:00
[2026-08-02T09:40:13.214+0000] {processor.py:208} INFO - Processing /opt/airflow/dags/avito_to_raw_midraw.py took 0.057 seconds
[2026-08-02T09:40:43.454+0000] {processor.py:186} INFO - Started process (PID=1161) to work on /opt/airflow/dags/avito_to_raw_midraw.py
[2026-08-02T09:40:43.455+0000] {processor.py:914} INFO - Processing file /opt/airflow/dags/avito_to_raw_midraw.py for tasks to queue
[2026-08-02T09:40:43.456+0000] {logging_mixin.py:190} INFO - [2026-08-02T09:40:43.456+0000] {dagbag.py:588} INFO - Filling up the DagBag from /opt/airflow/dags/avito_to_raw_midraw.py
[2026-08-02T09:40:43.470+0000] {processor.py:925} INFO - DAG(s) 'avito_to_raw_midraw' retrieved from /opt/airflow/dags/avito_to_raw_midraw.py
[2026-08-02T09:40:43.485+0000] {logging_mixin.py:190} INFO - [2026-08-02T09:40:43.485+0000] {dag.py:3239} INFO - Sync 1 DAGs
[2026-08-02T09:40:43.496+0000] {logging_mixin.py:190} INFO - [2026-08-02T09:40:43.496+0000] {dag.py:4180} INFO - Setting next_dagrun for avito_to_raw_midraw to 2026-08-02 09:00:00+00:00, run_after=2026-08-02 10:00:00+00:00
[2026-08-02T09:40:43.503+0000] {processor.py:208} INFO - Processing /opt/airflow/dags/avito_to_raw_midraw.py took 0.054 seconds
[2026-08-02T09:41:13.770+0000] {processor.py:186} INFO - Started process (PID=1163) to work on /opt/airflow/dags/avito_to_raw_midraw.py
[2026-08-02T09:41:13.771+0000] {processor.py:914} INFO - Processing file /opt/airflow/dags/avito_to_raw_midraw.py for tasks to queue
[2026-08-02T09:41:13.772+0000] {logging_mixin.py:190} INFO - [2026-08-02T09:41:13.771+0000] {dagbag.py:588} INFO - Filling up the DagBag from /opt/airflow/dags/avito_to_raw_midraw.py
[2026-08-02T09:41:13.785+0000] {processor.py:925} INFO - DAG(s) 'avito_to_raw_midraw' retrieved from /opt/airflow/dags/avito_to_raw_midraw.py
[2026-08-02T09:41:13.801+0000] {logging_mixin.py:190} INFO - [2026-08-02T09:41:13.801+0000] {dag.py:3239} INFO - Sync 1 DAGs
[2026-08-02T09:41:13.810+0000] {logging_mixin.py:190} INFO - [2026-08-02T09:41:13.810+0000] {dag.py:4180} INFO - Setting next_dagrun for avito_to_raw_midraw to 2026-08-02 09:00:00+00:00, run_after=2026-08-02 10:00:00+00:00
[2026-08-02T09:41:13.817+0000] {processor.py:208} INFO - Processing /opt/airflow/dags/avito_to_raw_midraw.py took 0.051 seconds
[2026-08-02T09:41:44.043+0000] {processor.py:186} INFO - Started process (PID=1165) to work on /opt/airflow/dags/avito_to_raw_midraw.py
[2026-08-02T09:41:44.043+0000] {processor.py:914} INFO - Processing file /opt/airflow/dags/avito_to_raw_midraw.py for tasks to queue
[2026-08-02T09:41:44.044+0000] {logging_mixin.py:190} INFO - [2026-08-02T09:41:44.044+0000] {dagbag.py:588} INFO - Filling up the DagBag from /opt/airflow/dags/avito_to_raw_midraw.py
[2026-08-02T09:41:44.058+0000] {processor.py:925} INFO - DAG(s) 'avito_to_raw_midraw' retrieved from /opt/airflow/dags/avito_to_raw_midraw.py
[2026-08-02T09:41:44.071+0000] {logging_mixin.py:190} INFO - [2026-08-02T09:41:44.071+0000] {dag.py:3239} INFO - Sync 1 DAGs
[2026-08-02T09:41:44.081+0000] {logging_mixin.py:190} INFO - [2026-08-02T09:41:44.081+0000] {dag.py:4180} INFO - Setting next_dagrun for avito_to_raw_midraw to 2026-08-02 09:00:00+00:00, run_after=2026-08-02 10:00:00+00:00
[2026-08-02T09:41:44.089+0000] {processor.py:208} INFO - Processing /opt/airflow/dags/avito_to_raw_midraw.py took 0.050 seconds
[2026-08-02T09:42:14.301+0000] {processor.py:186} INFO - Started process (PID=1167) to work on /opt/airflow/dags/avito_to_raw_midraw.py
[2026-08-02T09:42:14.302+0000] {processor.py:914} INFO - Processing file /opt/airflow/dags/avito_to_raw_midraw.py for tasks to queue
[2026-08-02T09:42:14.303+0000] {logging_mixin.py:190} INFO - [2026-08-02T09:42:14.303+0000] {dagbag.py:588} INFO - Filling up the DagBag from /opt/airflow/dags/avito_to_raw_midraw.py
[2026-08-02T09:42:14.317+0000] {processor.py:925} INFO - DAG(s) 'avito_to_raw_midraw' retrieved from /opt/airflow/dags/avito_to_raw_midraw.py
[2026-08-02T09:42:14.331+0000] {logging_mixin.py:190} INFO - [2026-08-02T09:42:14.331+0000] {dag.py:3239} INFO - Sync 1 DAGs
[2026-08-02T09:42:14.342+0000] {logging_mixin.py:190} INFO - [2026-08-02T09:42:14.342+0000] {dag.py:4180} INFO - Setting next_dagrun for avito_to_raw_midraw to 2026-08-02 09:00:00+00:00, run_after=2026-08-02 10:00:00+00:00
[2026-08-02T09:42:14.349+0000] {processor.py:208} INFO - Processing /opt/airflow/dags/avito_to_raw_midraw.py took 0.051 seconds
[2026-08-02T09:42:44.590+0000] {processor.py:186} INFO - Started process (PID=1169) to work on /opt/airflow/dags/avito_to_raw_midraw.py
[2026-08-02T09:42:44.591+0000] {processor.py:914} INFO - Processing file /opt/airflow/dags/avito_to_raw_midraw.py for tasks to queue
[2026-08-02T09:42:44.592+0000] {logging_mixin.py:190} INFO - [2026-08-02T09:42:44.592+0000] {dagbag.py:588} INFO - Filling up the DagBag from /opt/airflow/dags/avito_to_raw_midraw.py
[2026-08-02T09:42:44.604+0000] {processor.py:925} INFO - DAG(s) 'avito_to_raw_midraw' retrieved from /opt/airflow/dags/avito_to_raw_midraw.py
[2026-08-02T09:42:44.618+0000] {logging_mixin.py:190} INFO - [2026-08-02T09:42:44.618+0000] {dag.py:3239} INFO - Sync 1 DAGs
[2026-08-02T09:42:44.626+0000] {logging_mixin.py:190} INFO - [2026-08-02T09:42:44.626+0000] {dag.py:4180} INFO - Setting next_dagrun for avito_to_raw_midraw to 2026-08-02 09:00:00+00:00, run_after=2026-08-02 10:00:00+00:00
[2026-08-02T09:42:44.633+0000] {processor.py:208} INFO - Processing /opt/airflow/dags/avito_to_raw_midraw.py took 0.046 seconds
[2026-08-02T09:43:14.860+0000] {processor.py:186} INFO - Started process (PID=1171) to work on /opt/airflow/dags/avito_to_raw_midraw.py
[2026-08-02T09:43:14.861+0000] {processor.py:914} INFO - Processing file /opt/airflow/dags/avito_to_raw_midraw.py for tasks to queue
[2026-08-02T09:43:14.862+0000] {logging_mixin.py:190} INFO - [2026-08-02T09:43:14.861+0000] {dagbag.py:588} INFO - Filling up the DagBag from /opt/airflow/dags/avito_to_raw_midraw.py
[2026-08-02T09:43:14.880+0000] {processor.py:925} INFO - DAG(s) 'avito_to_raw_midraw' retrieved from /opt/airflow/dags/avito_to_raw_midraw.py
[2026-08-02T09:43:14.899+0000] {logging_mixin.py:190} INFO - [2026-08-02T09:43:14.898+0000] {dag.py:3239} INFO - Sync 1 DAGs
[2026-08-02T09:43:14.909+0000] {logging_mixin.py:190} INFO - [2026-08-02T09:43:14.908+0000] {dag.py:4180} INFO - Setting next_dagrun for avito_to_raw_midraw to 2026-08-02 09:00:00+00:00, run_after=2026-08-02 10:00:00+00:00
[2026-08-02T09:43:14.918+0000] {processor.py:208} INFO - Processing /opt/airflow/dags/avito_to_raw_midraw.py took 0.064 seconds
[2026-08-02T09:43:45.196+0000] {processor.py:186} INFO - Started process (PID=1173) to work on /opt/airflow/dags/avito_to_raw_midraw.py
[2026-08-02T09:43:45.197+0000] {processor.py:914} INFO - Processing file /opt/airflow/dags/avito_to_raw_midraw.py for tasks to queue
[2026-08-02T09:43:45.199+0000] {logging_mixin.py:190} INFO - [2026-08-02T09:43:45.199+0000] {dagbag.py:588} INFO - Filling up the DagBag from /opt/airflow/dags/avito_to_raw_midraw.py
[2026-08-02T09:43:45.214+0000] {processor.py:925} INFO - DAG(s) 'avito_to_raw_midraw' retrieved from /opt/airflow/dags/avito_to_raw_midraw.py
[2026-08-02T09:43:45.233+0000] {logging_mixin.py:190} INFO - [2026-08-02T09:43:45.232+0000] {dag.py:3239} INFO - Sync 1 DAGs
[2026-08-02T09:43:45.244+0000] {logging_mixin.py:190} INFO - [2026-08-02T09:43:45.244+0000] {dag.py:4180} INFO - Setting next_dagrun for avito_to_raw_midraw to 2026-08-02 09:00:00+00:00, run_after=2026-08-02 10:00:00+00:00
[2026-08-02T09:43:45.251+0000] {processor.py:208} INFO - Processing /opt/airflow/dags/avito_to_raw_midraw.py took 0.060 seconds
[2026-08-02T09:44:15.507+0000] {processor.py:186} INFO - Started process (PID=1175) to work on /opt/airflow/dags/avito_to_raw_midraw.py
[2026-08-02T09:44:15.508+0000] {processor.py:914} INFO - Processing file /opt/airflow/dags/avito_to_raw_midraw.py for tasks to queue
[2026-08-02T09:44:15.509+0000] {logging_mixin.py:190} INFO - [2026-08-02T09:44:15.509+0000] {dagbag.py:588} INFO - Filling up the DagBag from /opt/airflow/dags/avito_to_raw_midraw.py
[2026-08-02T09:44:15.522+0000] {processor.py:925} INFO - DAG(s) 'avito_to_raw_midraw' retrieved from /opt/airflow/dags/avito_to_raw_midraw.py
[2026-08-02T09:44:15.538+0000] {logging_mixin.py:190} INFO - [2026-08-02T09:44:15.538+0000] {dag.py:3239} INFO - Sync 1 DAGs
[2026-08-02T09:44:15.547+0000] {logging_mixin.py:190} INFO - [2026-08-02T09:44:15.547+0000] {dag.py:4180} INFO - Setting next_dagrun for avito_to_raw_midraw to 2026-08-02 09:00:00+00:00, run_after=2026-08-02 10:00:00+00:00
[2026-08-02T09:44:15.556+0000] {processor.py:208} INFO - Processing /opt/airflow/dags/avito_to_raw_midraw.py took 0.052 seconds
[2026-08-02T09:44:45.784+0000] {processor.py:186} INFO - Started process (PID=1177) to work on /opt/airflow/dags/avito_to_raw_midraw.py
[2026-08-02T09:44:45.785+0000] {processor.py:914} INFO - Processing file /opt/airflow/dags/avito_to_raw_midraw.py for tasks to queue
[2026-08-02T09:44:45.786+0000] {logging_mixin.py:190} INFO - [2026-08-02T09:44:45.786+0000] {dagbag.py:588} INFO - Filling up the DagBag from /opt/airflow/dags/avito_to_raw_midraw.py
[2026-08-02T09:44:45.798+0000] {processor.py:925} INFO - DAG(s) 'avito_to_raw_midraw' retrieved from /opt/airflow/dags/avito_to_raw_midraw.py
[2026-08-02T09:44:45.815+0000] {logging_mixin.py:190} INFO - [2026-08-02T09:44:45.814+0000] {dag.py:3239} INFO - Sync 1 DAGs
[2026-08-02T09:44:45.824+0000] {logging_mixin.py:190} INFO - [2026-08-02T09:44:45.823+0000] {dag.py:4180} INFO - Setting next_dagrun for avito_to_raw_midraw to 2026-08-02 09:00:00+00:00, run_after=2026-08-02 10:00:00+00:00
[2026-08-02T09:44:45.831+0000] {processor.py:208} INFO - Processing /opt/airflow/dags/avito_to_raw_midraw.py took 0.051 seconds
[2026-08-02T09:45:16.107+0000] {processor.py:186} INFO - Started process (PID=1179) to work on /opt/airflow/dags/avito_to_raw_midraw.py
[2026-08-02T09:45:16.108+0000] {processor.py:914} INFO - Processing file /opt/airflow/dags/avito_to_raw_midraw.py for tasks to queue
[2026-08-02T09:45:16.109+0000] {logging_mixin.py:190} INFO - [2026-08-02T09:45:16.109+0000] {dagbag.py:588} INFO - Filling up the DagBag from /opt/airflow/dags/avito_to_raw_midraw.py
[2026-08-02T09:45:16.122+0000] {processor.py:925} INFO - DAG(s) 'avito_to_raw_midraw' retrieved from /opt/airflow/dags/avito_to_raw_midraw.py
[2026-08-02T09:45:16.138+0000] {logging_mixin.py:190} INFO - [2026-08-02T09:45:16.138+0000] {dag.py:3239} INFO - Sync 1 DAGs
[2026-08-02T09:45:16.148+0000] {logging_mixin.py:190} INFO - [2026-08-02T09:45:16.148+0000] {dag.py:4180} INFO - Setting next_dagrun for avito_to_raw_midraw to 2026-08-02 09:00:00+00:00, run_after=2026-08-02 10:00:00+00:00
[2026-08-02T09:45:16.156+0000] {processor.py:208} INFO - Processing /opt/airflow/dags/avito_to_raw_midraw.py took 0.052 seconds
[2026-08-02T09:45:46.432+0000] {processor.py:186} INFO - Started process (PID=1181) to work on /opt/airflow/dags/avito_to_raw_midraw.py
[2026-08-02T09:45:46.433+0000] {processor.py:914} INFO - Processing file /opt/airflow/dags/avito_to_raw_midraw.py for tasks to queue
[2026-08-02T09:45:46.434+0000] {logging_mixin.py:190} INFO - [2026-08-02T09:45:46.434+0000] {dagbag.py:588} INFO - Filling up the DagBag from /opt/airflow/dags/avito_to_raw_midraw.py
[2026-08-02T09:45:46.446+0000] {processor.py:925} INFO - DAG(s) 'avito_to_raw_midraw' retrieved from /opt/airflow/dags/avito_to_raw_midraw.py
[2026-08-02T09:45:46.460+0000] {logging_mixin.py:190} INFO - [2026-08-02T09:45:46.459+0000] {dag.py:3239} INFO - Sync 1 DAGs
[2026-08-02T09:45:46.468+0000] {logging_mixin.py:190} INFO - [2026-08-02T09:45:46.468+0000] {dag.py:4180} INFO - Setting next_dagrun for avito_to_raw_midraw to 2026-08-02 09:00:00+00:00, run_after=2026-08-02 10:00:00+00:00
[2026-08-02T09:45:46.476+0000] {processor.py:208} INFO - Processing /opt/airflow/dags/avito_to_raw_midraw.py took 0.048 seconds
[2026-08-02T10:03:38.638+0000] {processor.py:186} INFO - Started process (PID=1183) to work on /opt/airflow/dags/avito_to_raw_midraw.py
[2026-08-02T10:03:38.639+0000] {processor.py:914} INFO - Processing file /opt/airflow/dags/avito_to_raw_midraw.py for tasks to queue
[2026-08-02T10:03:38.640+0000] {logging_mixin.py:190} INFO - [2026-08-02T10:03:38.639+0000] {dagbag.py:588} INFO - Filling up the DagBag from /opt/airflow/dags/avito_to_raw_midraw.py
[2026-08-02T10:03:38.649+0000] {processor.py:925} INFO - DAG(s) 'avito_to_raw_midraw' retrieved from /opt/airflow/dags/avito_to_raw_midraw.py
[2026-08-02T10:03:38.662+0000] {logging_mixin.py:190} INFO - [2026-08-02T10:03:38.662+0000] {dag.py:3239} INFO - Sync 1 DAGs
[2026-08-02T10:03:38.670+0000] {logging_mixin.py:190} INFO - [2026-08-02T10:03:38.670+0000] {dag.py:4180} INFO - Setting next_dagrun for avito_to_raw_midraw to 2026-08-02 09:00:00+00:00, run_after=2026-08-02 10:00:00+00:00
[2026-08-02T10:03:38.677+0000] {processor.py:208} INFO - Processing /opt/airflow/dags/avito_to_raw_midraw.py took 0.041 seconds
[2026-08-02T10:21:12.298+0000] {processor.py:186} INFO - Started process (PID=1185) to work on /opt/airflow/dags/avito_to_raw_midraw.py
[2026-08-02T10:21:12.298+0000] {processor.py:914} INFO - Processing file /opt/airflow/dags/avito_to_raw_midraw.py for tasks to queue
[2026-08-02T10:21:12.299+0000] {logging_mixin.py:190} INFO - [2026-08-02T10:21:12.299+0000] {dagbag.py:588} INFO - Filling up the DagBag from /opt/airflow/dags/avito_to_raw_midraw.py
[2026-08-02T10:21:12.314+0000] {processor.py:925} INFO - DAG(s) 'avito_to_raw_midraw' retrieved from /opt/airflow/dags/avito_to_raw_midraw.py
[2026-08-02T10:21:12.333+0000] {logging_mixin.py:190} INFO - [2026-08-02T10:21:12.333+0000] {dag.py:3239} INFO - Sync 1 DAGs
[2026-08-02T10:21:12.343+0000] {logging_mixin.py:190} INFO - [2026-08-02T10:21:12.343+0000] {dag.py:4180} INFO - Setting next_dagrun for avito_to_raw_midraw to 2026-08-02 10:00:00+00:00, run_after=2026-08-02 11:00:00+00:00
[2026-08-02T10:21:12.352+0000] {processor.py:208} INFO - Processing /opt/airflow/dags/avito_to_raw_midraw.py took 0.059 seconds
[2026-08-02T10:38:29.571+0000] {processor.py:186} INFO - Started process (PID=1187) to work on /opt/airflow/dags/avito_to_raw_midraw.py
[2026-08-02T10:38:29.571+0000] {processor.py:914} INFO - Processing file /opt/airflow/dags/avito_to_raw_midraw.py for tasks to queue
[2026-08-02T10:38:29.572+0000] {logging_mixin.py:190} INFO - [2026-08-02T10:38:29.572+0000] {dagbag.py:588} INFO - Filling up the DagBag from /opt/airflow/dags/avito_to_raw_midraw.py
[2026-08-02T10:38:29.584+0000] {processor.py:925} INFO - DAG(s) 'avito_to_raw_midraw' retrieved from /opt/airflow/dags/avito_to_raw_midraw.py
[2026-08-02T10:38:29.596+0000] {logging_mixin.py:190} INFO - [2026-08-02T10:38:29.596+0000] {dag.py:3239} INFO - Sync 1 DAGs
[2026-08-02T10:38:29.606+0000] {logging_mixin.py:190} INFO - [2026-08-02T10:38:29.605+0000] {dag.py:4180} INFO - Setting next_dagrun for avito_to_raw_midraw to 2026-08-02 10:00:00+00:00, run_after=2026-08-02 11:00:00+00:00
[2026-08-02T10:38:29.614+0000] {processor.py:208} INFO - Processing /opt/airflow/dags/avito_to_raw_midraw.py took 0.047 seconds
[2026-08-02T10:55:08.068+0000] {processor.py:186} INFO - Started process (PID=1189) to work on /opt/airflow/dags/avito_to_raw_midraw.py
[2026-08-02T10:55:08.069+0000] {processor.py:914} INFO - Processing file /opt/airflow/dags/avito_to_raw_midraw.py for tasks to queue
[2026-08-02T10:55:08.070+0000] {logging_mixin.py:190} INFO - [2026-08-02T10:55:08.070+0000] {dagbag.py:588} INFO - Filling up the DagBag from /opt/airflow/dags/avito_to_raw_midraw.py
[2026-08-02T10:55:08.080+0000] {processor.py:925} INFO - DAG(s) 'avito_to_raw_midraw' retrieved from /opt/airflow/dags/avito_to_raw_midraw.py
[2026-08-02T10:55:08.093+0000] {logging_mixin.py:190} INFO - [2026-08-02T10:55:08.093+0000] {dag.py:3239} INFO - Sync 1 DAGs
[2026-08-02T10:55:08.102+0000] {logging_mixin.py:190} INFO - [2026-08-02T10:55:08.101+0000] {dag.py:4180} INFO - Setting next_dagrun for avito_to_raw_midraw to 2026-08-02 10:00:00+00:00, run_after=2026-08-02 11:00:00+00:00
[2026-08-02T10:55:08.112+0000] {processor.py:208} INFO - Processing /opt/airflow/dags/avito_to_raw_midraw.py took 0.046 seconds
[2026-08-02T10:56:31.293+0000] {processor.py:186} INFO - Started process (PID=1191) to work on /opt/airflow/dags/avito_to_raw_midraw.py
[2026-08-02T10:56:31.294+0000] {processor.py:914} INFO - Processing file /opt/airflow/dags/avito_to_raw_midraw.py for tasks to queue
[2026-08-02T10:56:31.296+0000] {logging_mixin.py:190} INFO - [2026-08-02T10:56:31.296+0000] {dagbag.py:588} INFO - Filling up the DagBag from /opt/airflow/dags/avito_to_raw_midraw.py
[2026-08-02T10:56:31.310+0000] {processor.py:925} INFO - DAG(s) 'avito_to_raw_midraw' retrieved from /opt/airflow/dags/avito_to_raw_midraw.py
[2026-08-02T10:56:31.328+0000] {logging_mixin.py:190} INFO - [2026-08-02T10:56:31.328+0000] {dag.py:3239} INFO - Sync 1 DAGs
[2026-08-02T10:56:31.341+0000] {logging_mixin.py:190} INFO - [2026-08-02T10:56:31.341+0000] {dag.py:4180} INFO - Setting next_dagrun for avito_to_raw_midraw to 2026-08-02 10:00:00+00:00, run_after=2026-08-02 11:00:00+00:00
[2026-08-02T10:56:31.350+0000] {processor.py:208} INFO - Processing /opt/airflow/dags/avito_to_raw_midraw.py took 0.061 seconds
[2026-08-02T10:57:01.627+0000] {processor.py:186} INFO - Started process (PID=1193) to work on /opt/airflow/dags/avito_to_raw_midraw.py
[2026-08-02T10:57:01.628+0000] {processor.py:914} INFO - Processing file /opt/airflow/dags/avito_to_raw_midraw.py for tasks to queue
[2026-08-02T10:57:01.629+0000] {logging_mixin.py:190} INFO - [2026-08-02T10:57:01.628+0000] {dagbag.py:588} INFO - Filling up the DagBag from /opt/airflow/dags/avito_to_raw_midraw.py
[2026-08-02T10:57:01.643+0000] {processor.py:925} INFO - DAG(s) 'avito_to_raw_midraw' retrieved from /opt/airflow/dags/avito_to_raw_midraw.py
[2026-08-02T10:57:01.657+0000] {logging_mixin.py:190} INFO - [2026-08-02T10:57:01.657+0000] {dag.py:3239} INFO - Sync 1 DAGs
[2026-08-02T10:57:01.665+0000] {logging_mixin.py:190} INFO - [2026-08-02T10:57:01.665+0000] {dag.py:4180} INFO - Setting next_dagrun for avito_to_raw_midraw to 2026-08-02 10:00:00+00:00, run_after=2026-08-02 11:00:00+00:00
[2026-08-02T10:57:01.673+0000] {processor.py:208} INFO - Processing /opt/airflow/dags/avito_to_raw_midraw.py took 0.050 seconds
[2026-08-02T10:57:31.901+0000] {processor.py:186} INFO - Started process (PID=1195) to work on /opt/airflow/dags/avito_to_raw_midraw.py
[2026-08-02T10:57:31.902+0000] {processor.py:914} INFO - Processing file /opt/airflow/dags/avito_to_raw_midraw.py for tasks to queue
[2026-08-02T10:57:31.902+0000] {logging_mixin.py:190} INFO - [2026-08-02T10:57:31.902+0000] {dagbag.py:588} INFO - Filling up the DagBag from /opt/airflow/dags/avito_to_raw_midraw.py
[2026-08-02T10:57:31.917+0000] {processor.py:925} INFO - DAG(s) 'avito_to_raw_midraw' retrieved from /opt/airflow/dags/avito_to_raw_midraw.py
[2026-08-02T10:57:31.930+0000] {logging_mixin.py:190} INFO - [2026-08-02T10:57:31.930+0000] {dag.py:3239} INFO - Sync 1 DAGs
[2026-08-02T10:57:31.940+0000] {logging_mixin.py:190} INFO - [2026-08-02T10:57:31.940+0000] {dag.py:4180} INFO - Setting next_dagrun for avito_to_raw_midraw to 2026-08-02 10:00:00+00:00, run_after=2026-08-02 11:00:00+00:00
[2026-08-02T10:57:31.949+0000] {processor.py:208} INFO - Processing /opt/airflow/dags/avito_to_raw_midraw.py took 0.052 seconds
[2026-08-02T10:58:02.187+0000] {processor.py:186} INFO - Started process (PID=1197) to work on /opt/airflow/dags/avito_to_raw_midraw.py
[2026-08-02T10:58:02.188+0000] {processor.py:914} INFO - Processing file /opt/airflow/dags/avito_to_raw_midraw.py for tasks to queue
[2026-08-02T10:58:02.188+0000] {logging_mixin.py:190} INFO - [2026-08-02T10:58:02.188+0000] {dagbag.py:588} INFO - Filling up the DagBag from /opt/airflow/dags/avito_to_raw_midraw.py
[2026-08-02T10:58:02.203+0000] {processor.py:925} INFO - DAG(s) 'avito_to_raw_midraw' retrieved from /opt/airflow/dags/avito_to_raw_midraw.py
[2026-08-02T10:58:02.220+0000] {logging_mixin.py:190} INFO - [2026-08-02T10:58:02.220+0000] {dag.py:3239} INFO - Sync 1 DAGs
[2026-08-02T10:58:02.228+0000] {logging_mixin.py:190} INFO - [2026-08-02T10:58:02.228+0000] {dag.py:4180} INFO - Setting next_dagrun for avito_to_raw_midraw to 2026-08-02 10:00:00+00:00, run_after=2026-08-02 11:00:00+00:00
[2026-08-02T10:58:02.238+0000] {processor.py:208} INFO - Processing /opt/airflow/dags/avito_to_raw_midraw.py took 0.057 seconds
[2026-08-02T10:58:32.463+0000] {processor.py:186} INFO - Started process (PID=1199) to work on /opt/airflow/dags/avito_to_raw_midraw.py
[2026-08-02T10:58:32.464+0000] {processor.py:914} INFO - Processing file /opt/airflow/dags/avito_to_raw_midraw.py for tasks to queue
[2026-08-02T10:58:32.465+0000] {logging_mixin.py:190} INFO - [2026-08-02T10:58:32.465+0000] {dagbag.py:588} INFO - Filling up the DagBag from /opt/airflow/dags/avito_to_raw_midraw.py
[2026-08-02T10:58:32.475+0000] {processor.py:925} INFO - DAG(s) 'avito_to_raw_midraw' retrieved from /opt/airflow/dags/avito_to_raw_midraw.py
[2026-08-02T10:58:32.492+0000] {logging_mixin.py:190} INFO - [2026-08-02T10:58:32.492+0000] {dag.py:3239} INFO - Sync 1 DAGs
[2026-08-02T10:58:32.501+0000] {logging_mixin.py:190} INFO - [2026-08-02T10:58:32.501+0000] {dag.py:4180} INFO - Setting next_dagrun for avito_to_raw_midraw to 2026-08-02 10:00:00+00:00, run_after=2026-08-02 11:00:00+00:00
[2026-08-02T10:58:32.511+0000] {processor.py:208} INFO - Processing /opt/airflow/dags/avito_to_raw_midraw.py took 0.050 seconds
[2026-08-02T10:59:02.761+0000] {processor.py:186} INFO - Started process (PID=1201) to work on /opt/airflow/dags/avito_to_raw_midraw.py
[2026-08-02T10:59:02.762+0000] {processor.py:914} INFO - Processing file /opt/airflow/dags/avito_to_raw_midraw.py for tasks to queue
[2026-08-02T10:59:02.762+0000] {logging_mixin.py:190} INFO - [2026-08-02T10:59:02.762+0000] {dagbag.py:588} INFO - Filling up the DagBag from /opt/airflow/dags/avito_to_raw_midraw.py
[2026-08-02T10:59:02.779+0000] {processor.py:925} INFO - DAG(s) 'avito_to_raw_midraw' retrieved from /opt/airflow/dags/avito_to_raw_midraw.py
[2026-08-02T10:59:02.794+0000] {logging_mixin.py:190} INFO - [2026-08-02T10:59:02.794+0000] {dag.py:3239} INFO - Sync 1 DAGs
[2026-08-02T10:59:02.804+0000] {logging_mixin.py:190} INFO - [2026-08-02T10:59:02.803+0000] {dag.py:4180} INFO - Setting next_dagrun for avito_to_raw_midraw to 2026-08-02 10:00:00+00:00, run_after=2026-08-02 11:00:00+00:00
[2026-08-02T10:59:02.811+0000] {processor.py:208} INFO - Processing /opt/airflow/dags/avito_to_raw_midraw.py took 0.054 seconds
[2026-08-02T10:59:33.115+0000] {processor.py:186} INFO - Started process (PID=1203) to work on /opt/airflow/dags/avito_to_raw_midraw.py
[2026-08-02T10:59:33.116+0000] {processor.py:914} INFO - Processing file /opt/airflow/dags/avito_to_raw_midraw.py for tasks to queue
[2026-08-02T10:59:33.118+0000] {logging_mixin.py:190} INFO - [2026-08-02T10:59:33.118+0000] {dagbag.py:588} INFO - Filling up the DagBag from /opt/airflow/dags/avito_to_raw_midraw.py
[2026-08-02T10:59:33.133+0000] {processor.py:925} INFO - DAG(s) 'avito_to_raw_midraw' retrieved from /opt/airflow/dags/avito_to_raw_midraw.py
[2026-08-02T10:59:33.149+0000] {logging_mixin.py:190} INFO - [2026-08-02T10:59:33.149+0000] {dag.py:3239} INFO - Sync 1 DAGs
[2026-08-02T10:59:33.160+0000] {logging_mixin.py:190} INFO - [2026-08-02T10:59:33.160+0000] {dag.py:4180} INFO - Setting next_dagrun for avito_to_raw_midraw to 2026-08-02 10:00:00+00:00, run_after=2026-08-02 11:00:00+00:00
[2026-08-02T10:59:33.170+0000] {processor.py:208} INFO - Processing /opt/airflow/dags/avito_to_raw_midraw.py took 0.059 seconds
[2026-08-02T11:00:03.386+0000] {processor.py:186} INFO - Started process (PID=1205) to work on /opt/airflow/dags/avito_to_raw_midraw.py
[2026-08-02T11:00:03.387+0000] {processor.py:914} INFO - Processing file /opt/airflow/dags/avito_to_raw_midraw.py for tasks to queue
[2026-08-02T11:00:03.388+0000] {logging_mixin.py:190} INFO - [2026-08-02T11:00:03.388+0000] {dagbag.py:588} INFO - Filling up the DagBag from /opt/airflow/dags/avito_to_raw_midraw.py
[2026-08-02T11:00:03.397+0000] {processor.py:925} INFO - DAG(s) 'avito_to_raw_midraw' retrieved from /opt/airflow/dags/avito_to_raw_midraw.py
[2026-08-02T11:00:03.413+0000] {logging_mixin.py:190} INFO - [2026-08-02T11:00:03.413+0000] {dag.py:3239} INFO - Sync 1 DAGs
[2026-08-02T11:00:03.428+0000] {processor.py:208} INFO - Processing /opt/airflow/dags/avito_to_raw_midraw.py took 0.046 seconds
[2026-08-02T11:00:33.644+0000] {processor.py:186} INFO - Started process (PID=1207) to work on /opt/airflow/dags/avito_to_raw_midraw.py
[2026-08-02T11:00:33.645+0000] {processor.py:914} INFO - Processing file /opt/airflow/dags/avito_to_raw_midraw.py for tasks to queue
[2026-08-02T11:00:33.646+0000] {logging_mixin.py:190} INFO - [2026-08-02T11:00:33.646+0000] {dagbag.py:588} INFO - Filling up the DagBag from /opt/airflow/dags/avito_to_raw_midraw.py
[2026-08-02T11:00:33.662+0000] {processor.py:925} INFO - DAG(s) 'avito_to_raw_midraw' retrieved from /opt/airflow/dags/avito_to_raw_midraw.py
[2026-08-02T11:00:33.677+0000] {logging_mixin.py:190} INFO - [2026-08-02T11:00:33.677+0000] {dag.py:3239} INFO - Sync 1 DAGs
[2026-08-02T11:00:33.689+0000] {logging_mixin.py:190} INFO - [2026-08-02T11:00:33.688+0000] {dag.py:4180} INFO - Setting next_dagrun for avito_to_raw_midraw to 2026-08-02 11:00:00+00:00, run_after=2026-08-02 12:00:00+00:00
[2026-08-02T11:00:33.697+0000] {processor.py:208} INFO - Processing /opt/airflow/dags/avito_to_raw_midraw.py took 0.057 seconds
[2026-08-02T11:01:03.977+0000] {processor.py:186} INFO - Started process (PID=1209) to work on /opt/airflow/dags/avito_to_raw_midraw.py
[2026-08-02T11:01:03.977+0000] {processor.py:914} INFO - Processing file /opt/airflow/dags/avito_to_raw_midraw.py for tasks to queue
[2026-08-02T11:01:03.978+0000] {logging_mixin.py:190} INFO - [2026-08-02T11:01:03.978+0000] {dagbag.py:588} INFO - Filling up the DagBag from /opt/airflow/dags/avito_to_raw_midraw.py
[2026-08-02T11:01:03.989+0000] {processor.py:925} INFO - DAG(s) 'avito_to_raw_midraw' retrieved from /opt/airflow/dags/avito_to_raw_midraw.py
[2026-08-02T11:01:04.001+0000] {logging_mixin.py:190} INFO - [2026-08-02T11:01:04.001+0000] {dag.py:3239} INFO - Sync 1 DAGs
[2026-08-02T11:01:04.009+0000] {logging_mixin.py:190} INFO - [2026-08-02T11:01:04.009+0000] {dag.py:4180} INFO - Setting next_dagrun for avito_to_raw_midraw to 2026-08-02 11:00:00+00:00, run_after=2026-08-02 12:00:00+00:00
[2026-08-02T11:01:04.017+0000] {processor.py:208} INFO - Processing /opt/airflow/dags/avito_to_raw_midraw.py took 0.044 seconds
[2026-08-02T11:01:34.302+0000] {processor.py:186} INFO - Started process (PID=1211) to work on /opt/airflow/dags/avito_to_raw_midraw.py
[2026-08-02T11:01:34.303+0000] {processor.py:914} INFO - Processing file /opt/airflow/dags/avito_to_raw_midraw.py for tasks to queue
[2026-08-02T11:01:34.303+0000] {logging_mixin.py:190} INFO - [2026-08-02T11:01:34.303+0000] {dagbag.py:588} INFO - Filling up the DagBag from /opt/airflow/dags/avito_to_raw_midraw.py
[2026-08-02T11:01:34.317+0000] {processor.py:925} INFO - DAG(s) 'avito_to_raw_midraw' retrieved from /opt/airflow/dags/avito_to_raw_midraw.py
[2026-08-02T11:01:34.331+0000] {logging_mixin.py:190} INFO - [2026-08-02T11:01:34.331+0000] {dag.py:3239} INFO - Sync 1 DAGs
[2026-08-02T11:01:34.340+0000] {logging_mixin.py:190} INFO - [2026-08-02T11:01:34.340+0000] {dag.py:4180} INFO - Setting next_dagrun for avito_to_raw_midraw to 2026-08-02 11:00:00+00:00, run_after=2026-08-02 12:00:00+00:00
[2026-08-02T11:01:34.348+0000] {processor.py:208} INFO - Processing /opt/airflow/dags/avito_to_raw_midraw.py took 0.050 seconds
[2026-08-02T11:02:04.564+0000] {processor.py:186} INFO - Started process (PID=1213) to work on /opt/airflow/dags/avito_to_raw_midraw.py
[2026-08-02T11:02:04.565+0000] {processor.py:914} INFO - Processing file /opt/airflow/dags/avito_to_raw_midraw.py for tasks to queue
[2026-08-02T11:02:04.565+0000] {logging_mixin.py:190} INFO - [2026-08-02T11:02:04.565+0000] {dagbag.py:588} INFO - Filling up the DagBag from /opt/airflow/dags/avito_to_raw_midraw.py
[2026-08-02T11:02:04.577+0000] {processor.py:925} INFO - DAG(s) 'avito_to_raw_midraw' retrieved from /opt/airflow/dags/avito_to_raw_midraw.py
[2026-08-02T11:02:04.592+0000] {logging_mixin.py:190} INFO - [2026-08-02T11:02:04.591+0000] {dag.py:3239} INFO - Sync 1 DAGs
[2026-08-02T11:02:04.604+0000] {logging_mixin.py:190} INFO - [2026-08-02T11:02:04.604+0000] {dag.py:4180} INFO - Setting next_dagrun for avito_to_raw_midraw to 2026-08-02 11:00:00+00:00, run_after=2026-08-02 12:00:00+00:00
[2026-08-02T11:02:04.617+0000] {processor.py:208} INFO - Processing /opt/airflow/dags/avito_to_raw_midraw.py took 0.057 seconds
[2026-08-02T11:02:34.911+0000] {processor.py:186} INFO - Started process (PID=1215) to work on /opt/airflow/dags/avito_to_raw_midraw.py
[2026-08-02T11:02:34.912+0000] {processor.py:914} INFO - Processing file /opt/airflow/dags/avito_to_raw_midraw.py for tasks to queue
[2026-08-02T11:02:34.913+0000] {logging_mixin.py:190} INFO - [2026-08-02T11:02:34.913+0000] {dagbag.py:588} INFO - Filling up the DagBag from /opt/airflow/dags/avito_to_raw_midraw.py
[2026-08-02T11:02:34.928+0000] {processor.py:925} INFO - DAG(s) 'avito_to_raw_midraw' retrieved from /opt/airflow/dags/avito_to_raw_midraw.py
[2026-08-02T11:02:34.944+0000] {logging_mixin.py:190} INFO - [2026-08-02T11:02:34.944+0000] {dag.py:3239} INFO - Sync 1 DAGs
[2026-08-02T11:02:34.953+0000] {logging_mixin.py:190} INFO - [2026-08-02T11:02:34.952+0000] {dag.py:4180} INFO - Setting next_dagrun for avito_to_raw_midraw to 2026-08-02 11:00:00+00:00, run_after=2026-08-02 12:00:00+00:00
[2026-08-02T11:02:34.962+0000] {processor.py:208} INFO - Processing /opt/airflow/dags/avito_to_raw_midraw.py took 0.054 seconds
[2026-08-02T11:03:05.220+0000] {processor.py:186} INFO - Started process (PID=1217) to work on /opt/airflow/dags/avito_to_raw_midraw.py
[2026-08-02T11:03:05.221+0000] {processor.py:914} INFO - Processing file /opt/airflow/dags/avito_to_raw_midraw.py for tasks to queue
[2026-08-02T11:03:05.222+0000] {logging_mixin.py:190} INFO - [2026-08-02T11:03:05.222+0000] {dagbag.py:588} INFO - Filling up the DagBag from /opt/airflow/dags/avito_to_raw_midraw.py
[2026-08-02T11:03:05.234+0000] {processor.py:925} INFO - DAG(s) 'avito_to_raw_midraw' retrieved from /opt/airflow/dags/avito_to_raw_midraw.py
[2026-08-02T11:03:05.252+0000] {logging_mixin.py:190} INFO - [2026-08-02T11:03:05.251+0000] {dag.py:3239} INFO - Sync 1 DAGs
[2026-08-02T11:03:05.263+0000] {logging_mixin.py:190} INFO - [2026-08-02T11:03:05.262+0000] {dag.py:4180} INFO - Setting next_dagrun for avito_to_raw_midraw to 2026-08-02 11:00:00+00:00, run_after=2026-08-02 12:00:00+00:00
[2026-08-02T11:03:05.273+0000] {processor.py:208} INFO - Processing /opt/airflow/dags/avito_to_raw_midraw.py took 0.057 seconds
[2026-08-02T11:03:35.509+0000] {processor.py:186} INFO - Started process (PID=1219) to work on /opt/airflow/dags/avito_to_raw_midraw.py
[2026-08-02T11:03:35.510+0000] {processor.py:914} INFO - Processing file /opt/airflow/dags/avito_to_raw_midraw.py for tasks to queue
[2026-08-02T11:03:35.511+0000] {logging_mixin.py:190} INFO - [2026-08-02T11:03:35.511+0000] {dagbag.py:588} INFO - Filling up the DagBag from /opt/airflow/dags/avito_to_raw_midraw.py
[2026-08-02T11:03:35.523+0000] {processor.py:925} INFO - DAG(s) 'avito_to_raw_midraw' retrieved from /opt/airflow/dags/avito_to_raw_midraw.py
[2026-08-02T11:03:35.542+0000] {logging_mixin.py:190} INFO - [2026-08-02T11:03:35.542+0000] {dag.py:3239} INFO - Sync 1 DAGs
[2026-08-02T11:03:35.552+0000] {logging_mixin.py:190} INFO - [2026-08-02T11:03:35.552+0000] {dag.py:4180} INFO - Setting next_dagrun for avito_to_raw_midraw to 2026-08-02 11:00:00+00:00, run_after=2026-08-02 12:00:00+00:00
[2026-08-02T11:03:35.561+0000] {processor.py:208} INFO - Processing /opt/airflow/dags/avito_to_raw_midraw.py took 0.058 seconds
[2026-08-02T11:04:05.814+0000] {processor.py:186} INFO - Started process (PID=1221) to work on /opt/airflow/dags/avito_to_raw_midraw.py
[2026-08-02T11:04:05.816+0000] {processor.py:914} INFO - Processing file /opt/airflow/dags/avito_to_raw_midraw.py for tasks to queue
[2026-08-02T11:04:05.817+0000] {logging_mixin.py:190} INFO - [2026-08-02T11:04:05.817+0000] {dagbag.py:588} INFO - Filling up the DagBag from /opt/airflow/dags/avito_to_raw_midraw.py
[2026-08-02T11:04:05.836+0000] {processor.py:925} INFO - DAG(s) 'avito_to_raw_midraw' retrieved from /opt/airflow/dags/avito_to_raw_midraw.py
[2026-08-02T11:04:05.856+0000] {logging_mixin.py:190} INFO - [2026-08-02T11:04:05.856+0000] {dag.py:3239} INFO - Sync 1 DAGs
[2026-08-02T11:04:05.868+0000] {logging_mixin.py:190} INFO - [2026-08-02T11:04:05.868+0000] {dag.py:4180} INFO - Setting next_dagrun for avito_to_raw_midraw to 2026-08-02 11:00:00+00:00, run_after=2026-08-02 12:00:00+00:00
[2026-08-02T11:04:05.877+0000] {processor.py:208} INFO - Processing /opt/airflow/dags/avito_to_raw_midraw.py took 0.068 seconds
[2026-08-02T11:04:36.125+0000] {processor.py:186} INFO - Started process (PID=1223) to work on /opt/airflow/dags/avito_to_raw_midraw.py
[2026-08-02T11:04:36.126+0000] {processor.py:914} INFO - Processing file /opt/airflow/dags/avito_to_raw_midraw.py for tasks to queue
[2026-08-02T11:04:36.127+0000] {logging_mixin.py:190} INFO - [2026-08-02T11:04:36.127+0000] {dagbag.py:588} INFO - Filling up the DagBag from /opt/airflow/dags/avito_to_raw_midraw.py
[2026-08-02T11:04:36.140+0000] {processor.py:925} INFO - DAG(s) 'avito_to_raw_midraw' retrieved from /opt/airflow/dags/avito_to_raw_midraw.py
[2026-08-02T11:04:36.158+0000] {logging_mixin.py:190} INFO - [2026-08-02T11:04:36.158+0000] {dag.py:3239} INFO - Sync 1 DAGs
[2026-08-02T11:04:36.167+0000] {logging_mixin.py:190} INFO - [2026-08-02T11:04:36.167+0000] {dag.py:4180} INFO - Setting next_dagrun for avito_to_raw_midraw to 2026-08-02 11:00:00+00:00, run_after=2026-08-02 12:00:00+00:00
[2026-08-02T11:04:36.178+0000] {processor.py:208} INFO - Processing /opt/airflow/dags/avito_to_raw_midraw.py took 0.057 seconds
[2026-08-02T11:05:06.407+0000] {processor.py:186} INFO - Started process (PID=1225) to work on /opt/airflow/dags/avito_to_raw_midraw.py
[2026-08-02T11:05:06.408+0000] {processor.py:914} INFO - Processing file /opt/airflow/dags/avito_to_raw_midraw.py for tasks to queue
[2026-08-02T11:05:06.408+0000] {logging_mixin.py:190} INFO - [2026-08-02T11:05:06.408+0000] {dagbag.py:588} INFO - Filling up the DagBag from /opt/airflow/dags/avito_to_raw_midraw.py
[2026-08-02T11:05:06.421+0000] {processor.py:925} INFO - DAG(s) 'avito_to_raw_midraw' retrieved from /opt/airflow/dags/avito_to_raw_midraw.py
[2026-08-02T11:05:06.436+0000] {logging_mixin.py:190} INFO - [2026-08-02T11:05:06.436+0000] {dag.py:3239} INFO - Sync 1 DAGs
[2026-08-02T11:05:06.446+0000] {logging_mixin.py:190} INFO - [2026-08-02T11:05:06.446+0000] {dag.py:4180} INFO - Setting next_dagrun for avito_to_raw_midraw to 2026-08-02 11:00:00+00:00, run_after=2026-08-02 12:00:00+00:00
[2026-08-02T11:05:06.454+0000] {processor.py:208} INFO - Processing /opt/airflow/dags/avito_to_raw_midraw.py took 0.051 seconds
[2026-08-02T11:05:36.639+0000] {processor.py:186} INFO - Started process (PID=1227) to work on /opt/airflow/dags/avito_to_raw_midraw.py
[2026-08-02T11:05:36.641+0000] {processor.py:914} INFO - Processing file /opt/airflow/dags/avito_to_raw_midraw.py for tasks to queue
[2026-08-02T11:05:36.642+0000] {logging_mixin.py:190} INFO - [2026-08-02T11:05:36.642+0000] {dagbag.py:588} INFO - Filling up the DagBag from /opt/airflow/dags/avito_to_raw_midraw.py
[2026-08-02T11:05:36.658+0000] {processor.py:925} INFO - DAG(s) 'avito_to_raw_midraw' retrieved from /opt/airflow/dags/avito_to_raw_midraw.py
[2026-08-02T11:05:36.680+0000] {logging_mixin.py:190} INFO - [2026-08-02T11:05:36.680+0000] {dag.py:3239} INFO - Sync 1 DAGs
[2026-08-02T11:05:36.694+0000] {logging_mixin.py:190} INFO - [2026-08-02T11:05:36.694+0000] {dag.py:4180} INFO - Setting next_dagrun for avito_to_raw_midraw to 2026-08-02 11:00:00+00:00, run_after=2026-08-02 12:00:00+00:00
[2026-08-02T11:05:36.703+0000] {processor.py:208} INFO - Processing /opt/airflow/dags/avito_to_raw_midraw.py took 0.070 seconds
[2026-08-02T11:06:06.897+0000] {processor.py:186} INFO - Started process (PID=1229) to work on /opt/airflow/dags/avito_to_raw_midraw.py
[2026-08-02T11:06:06.898+0000] {processor.py:914} INFO - Processing file /opt/airflow/dags/avito_to_raw_midraw.py for tasks to queue
[2026-08-02T11:06:06.899+0000] {logging_mixin.py:190} INFO - [2026-08-02T11:06:06.899+0000] {dagbag.py:588} INFO - Filling up the DagBag from /opt/airflow/dags/avito_to_raw_midraw.py
[2026-08-02T11:06:06.913+0000] {processor.py:925} INFO - DAG(s) 'avito_to_raw_midraw' retrieved from /opt/airflow/dags/avito_to_raw_midraw.py
[2026-08-02T11:06:06.929+0000] {logging_mixin.py:190} INFO - [2026-08-02T11:06:06.929+0000] {dag.py:3239} INFO - Sync 1 DAGs
[2026-08-02T11:06:06.937+0000] {logging_mixin.py:190} INFO - [2026-08-02T11:06:06.937+0000] {dag.py:4180} INFO - Setting next_dagrun for avito_to_raw_midraw to 2026-08-02 11:00:00+00:00, run_after=2026-08-02 12:00:00+00:00
[2026-08-02T11:06:06.946+0000] {processor.py:208} INFO - Processing /opt/airflow/dags/avito_to_raw_midraw.py took 0.052 seconds
[2026-08-02T11:06:37.213+0000] {processor.py:186} INFO - Started process (PID=1231) to work on /opt/airflow/dags/avito_to_raw_midraw.py
[2026-08-02T11:06:37.214+0000] {processor.py:914} INFO - Processing file /opt/airflow/dags/avito_to_raw_midraw.py for tasks to queue
[2026-08-02T11:06:37.215+0000] {logging_mixin.py:190} INFO - [2026-08-02T11:06:37.215+0000] {dagbag.py:588} INFO - Filling up the DagBag from /opt/airflow/dags/avito_to_raw_midraw.py
[2026-08-02T11:06:37.228+0000] {processor.py:925} INFO - DAG(s) 'avito_to_raw_midraw' retrieved from /opt/airflow/dags/avito_to_raw_midraw.py
[2026-08-02T11:06:37.244+0000] {logging_mixin.py:190} INFO - [2026-08-02T11:06:37.244+0000] {dag.py:3239} INFO - Sync 1 DAGs
[2026-08-02T11:06:37.255+0000] {logging_mixin.py:190} INFO - [2026-08-02T11:06:37.255+0000] {dag.py:4180} INFO - Setting next_dagrun for avito_to_raw_midraw to 2026-08-02 11:00:00+00:00, run_after=2026-08-02 12:00:00+00:00
[2026-08-02T11:06:37.263+0000] {processor.py:208} INFO - Processing /opt/airflow/dags/avito_to_raw_midraw.py took 0.056 seconds
[2026-08-02T11:07:07.488+0000] {processor.py:186} INFO - Started process (PID=1233) to work on /opt/airflow/dags/avito_to_raw_midraw.py
[2026-08-02T11:07:07.489+0000] {processor.py:914} INFO - Processing file /opt/airflow/dags/avito_to_raw_midraw.py for tasks to queue
[2026-08-02T11:07:07.490+0000] {logging_mixin.py:190} INFO - [2026-08-02T11:07:07.490+0000] {dagbag.py:588} INFO - Filling up the DagBag from /opt/airflow/dags/avito_to_raw_midraw.py
[2026-08-02T11:07:07.503+0000] {processor.py:925} INFO - DAG(s) 'avito_to_raw_midraw' retrieved from /opt/airflow/dags/avito_to_raw_midraw.py
[2026-08-02T11:07:07.519+0000] {logging_mixin.py:190} INFO - [2026-08-02T11:07:07.519+0000] {dag.py:3239} INFO - Sync 1 DAGs
[2026-08-02T11:07:07.529+0000] {logging_mixin.py:190} INFO - [2026-08-02T11:07:07.529+0000] {dag.py:4180} INFO - Setting next_dagrun for avito_to_raw_midraw to 2026-08-02 11:00:00+00:00, run_after=2026-08-02 12:00:00+00:00
[2026-08-02T11:07:07.538+0000] {processor.py:208} INFO - Processing /opt/airflow/dags/avito_to_raw_midraw.py took 0.053 seconds
[2026-08-02T11:07:37.827+0000] {processor.py:186} INFO - Started process (PID=1235) to work on /opt/airflow/dags/avito_to_raw_midraw.py
[2026-08-02T11:07:37.828+0000] {processor.py:914} INFO - Processing file /opt/airflow/dags/avito_to_raw_midraw.py for tasks to queue
[2026-08-02T11:07:37.829+0000] {logging_mixin.py:190} INFO - [2026-08-02T11:07:37.829+0000] {dagbag.py:588} INFO - Filling up the DagBag from /opt/airflow/dags/avito_to_raw_midraw.py
[2026-08-02T11:07:37.843+0000] {processor.py:925} INFO - DAG(s) 'avito_to_raw_midraw' retrieved from /opt/airflow/dags/avito_to_raw_midraw.py
[2026-08-02T11:07:37.859+0000] {logging_mixin.py:190} INFO - [2026-08-02T11:07:37.859+0000] {dag.py:3239} INFO - Sync 1 DAGs
[2026-08-02T11:07:37.867+0000] {logging_mixin.py:190} INFO - [2026-08-02T11:07:37.867+0000] {dag.py:4180} INFO - Setting next_dagrun for avito_to_raw_midraw to 2026-08-02 11:00:00+00:00, run_after=2026-08-02 12:00:00+00:00
[2026-08-02T11:07:37.877+0000] {processor.py:208} INFO - Processing /opt/airflow/dags/avito_to_raw_midraw.py took 0.054 seconds
[2026-08-02T11:08:08.074+0000] {processor.py:186} INFO - Started process (PID=1237) to work on /opt/airflow/dags/avito_to_raw_midraw.py
[2026-08-02T11:08:08.074+0000] {processor.py:914} INFO - Processing file /opt/airflow/dags/avito_to_raw_midraw.py for tasks to queue
[2026-08-02T11:08:08.076+0000] {logging_mixin.py:190} INFO - [2026-08-02T11:08:08.075+0000] {dagbag.py:588} INFO - Filling up the DagBag from /opt/airflow/dags/avito_to_raw_midraw.py
[2026-08-02T11:08:08.086+0000] {processor.py:925} INFO - DAG(s) 'avito_to_raw_midraw' retrieved from /opt/airflow/dags/avito_to_raw_midraw.py
[2026-08-02T11:08:08.105+0000] {logging_mixin.py:190} INFO - [2026-08-02T11:08:08.105+0000] {dag.py:3239} INFO - Sync 1 DAGs
[2026-08-02T11:08:08.118+0000] {logging_mixin.py:190} INFO - [2026-08-02T11:08:08.118+0000] {dag.py:4180} INFO - Setting next_dagrun for avito_to_raw_midraw to 2026-08-02 11:00:00+00:00, run_after=2026-08-02 12:00:00+00:00
[2026-08-02T11:08:08.128+0000] {processor.py:208} INFO - Processing /opt/airflow/dags/avito_to_raw_midraw.py took 0.057 seconds
[2026-08-02T11:08:38.376+0000] {processor.py:186} INFO - Started process (PID=1239) to work on /opt/airflow/dags/avito_to_raw_midraw.py
[2026-08-02T11:08:38.376+0000] {processor.py:914} INFO - Processing file /opt/airflow/dags/avito_to_raw_midraw.py for tasks to queue
[2026-08-02T11:08:38.378+0000] {logging_mixin.py:190} INFO - [2026-08-02T11:08:38.378+0000] {dagbag.py:588} INFO - Filling up the DagBag from /opt/airflow/dags/avito_to_raw_midraw.py
[2026-08-02T11:08:38.389+0000] {processor.py:925} INFO - DAG(s) 'avito_to_raw_midraw' retrieved from /opt/airflow/dags/avito_to_raw_midraw.py
[2026-08-02T11:08:38.405+0000] {logging_mixin.py:190} INFO - [2026-08-02T11:08:38.405+0000] {dag.py:3239} INFO - Sync 1 DAGs
[2026-08-02T11:08:38.414+0000] {logging_mixin.py:190} INFO - [2026-08-02T11:08:38.414+0000] {dag.py:4180} INFO - Setting next_dagrun for avito_to_raw_midraw to 2026-08-02 11:00:00+00:00, run_after=2026-08-02 12:00:00+00:00
[2026-08-02T11:08:38.422+0000] {processor.py:208} INFO - Processing /opt/airflow/dags/avito_to_raw_midraw.py took 0.051 seconds
[2026-08-02T11:09:08.645+0000] {processor.py:186} INFO - Started process (PID=1241) to work on /opt/airflow/dags/avito_to_raw_midraw.py
[2026-08-02T11:09:08.646+0000] {processor.py:914} INFO - Processing file /opt/airflow/dags/avito_to_raw_midraw.py for tasks to queue
[2026-08-02T11:09:08.648+0000] {logging_mixin.py:190} INFO - [2026-08-02T11:09:08.648+0000] {dagbag.py:588} INFO - Filling up the DagBag from /opt/airflow/dags/avito_to_raw_midraw.py
[2026-08-02T11:09:08.662+0000] {processor.py:925} INFO - DAG(s) 'avito_to_raw_midraw' retrieved from /opt/airflow/dags/avito_to_raw_midraw.py
[2026-08-02T11:09:08.678+0000] {logging_mixin.py:190} INFO - [2026-08-02T11:09:08.678+0000] {dag.py:3239} INFO - Sync 1 DAGs
[2026-08-02T11:09:08.688+0000] {logging_mixin.py:190} INFO - [2026-08-02T11:09:08.688+0000] {dag.py:4180} INFO - Setting next_dagrun for avito_to_raw_midraw to 2026-08-02 11:00:00+00:00, run_after=2026-08-02 12:00:00+00:00
[2026-08-02T11:09:08.697+0000] {processor.py:208} INFO - Processing /opt/airflow/dags/avito_to_raw_midraw.py took 0.056 seconds
[2026-08-02T11:09:38.910+0000] {processor.py:186} INFO - Started process (PID=1243) to work on /opt/airflow/dags/avito_to_raw_midraw.py
[2026-08-02T11:09:38.911+0000] {processor.py:914} INFO - Processing file /opt/airflow/dags/avito_to_raw_midraw.py for tasks to queue
[2026-08-02T11:09:38.912+0000] {logging_mixin.py:190} INFO - [2026-08-02T11:09:38.911+0000] {dagbag.py:588} INFO - Filling up the DagBag from /opt/airflow/dags/avito_to_raw_midraw.py
[2026-08-02T11:09:38.922+0000] {processor.py:925} INFO - DAG(s) 'avito_to_raw_midraw' retrieved from /opt/airflow/dags/avito_to_raw_midraw.py
[2026-08-02T11:09:38.938+0000] {logging_mixin.py:190} INFO - [2026-08-02T11:09:38.938+0000] {dag.py:3239} INFO - Sync 1 DAGs
[2026-08-02T11:09:38.947+0000] {logging_mixin.py:190} INFO - [2026-08-02T11:09:38.947+0000] {dag.py:4180} INFO - Setting next_dagrun for avito_to_raw_midraw to 2026-08-02 11:00:00+00:00, run_after=2026-08-02 12:00:00+00:00
[2026-08-02T11:09:38.956+0000] {processor.py:208} INFO - Processing /opt/airflow/dags/avito_to_raw_midraw.py took 0.049 seconds
[2026-08-02T11:10:09.186+0000] {processor.py:186} INFO - Started process (PID=1245) to work on /opt/airflow/dags/avito_to_raw_midraw.py
[2026-08-02T11:10:09.187+0000] {processor.py:914} INFO - Processing file /opt/airflow/dags/avito_to_raw_midraw.py for tasks to queue
[2026-08-02T11:10:09.188+0000] {logging_mixin.py:190} INFO - [2026-08-02T11:10:09.188+0000] {dagbag.py:588} INFO - Filling up the DagBag from /opt/airflow/dags/avito_to_raw_midraw.py
[2026-08-02T11:10:09.199+0000] {processor.py:925} INFO - DAG(s) 'avito_to_raw_midraw' retrieved from /opt/airflow/dags/avito_to_raw_midraw.py
[2026-08-02T11:10:09.217+0000] {logging_mixin.py:190} INFO - [2026-08-02T11:10:09.216+0000] {dag.py:3239} INFO - Sync 1 DAGs
[2026-08-02T11:10:09.229+0000] {logging_mixin.py:190} INFO - [2026-08-02T11:10:09.229+0000] {dag.py:4180} INFO - Setting next_dagrun for avito_to_raw_midraw to 2026-08-02 11:00:00+00:00, run_after=2026-08-02 12:00:00+00:00
[2026-08-02T11:10:09.238+0000] {processor.py:208} INFO - Processing /opt/airflow/dags/avito_to_raw_midraw.py took 0.056 seconds
[2026-08-02T11:10:39.444+0000] {processor.py:186} INFO - Started process (PID=1247) to work on /opt/airflow/dags/avito_to_raw_midraw.py
[2026-08-02T11:10:39.445+0000] {processor.py:914} INFO - Processing file /opt/airflow/dags/avito_to_raw_midraw.py for tasks to queue
[2026-08-02T11:10:39.446+0000] {logging_mixin.py:190} INFO - [2026-08-02T11:10:39.446+0000] {dagbag.py:588} INFO - Filling up the DagBag from /opt/airflow/dags/avito_to_raw_midraw.py
[2026-08-02T11:10:39.464+0000] {processor.py:925} INFO - DAG(s) 'avito_to_raw_midraw' retrieved from /opt/airflow/dags/avito_to_raw_midraw.py
[2026-08-02T11:10:39.483+0000] {logging_mixin.py:190} INFO - [2026-08-02T11:10:39.482+0000] {dag.py:3239} INFO - Sync 1 DAGs
[2026-08-02T11:10:39.493+0000] {logging_mixin.py:190} INFO - [2026-08-02T11:10:39.493+0000] {dag.py:4180} INFO - Setting next_dagrun for avito_to_raw_midraw to 2026-08-02 11:00:00+00:00, run_after=2026-08-02 12:00:00+00:00
[2026-08-02T11:10:39.503+0000] {processor.py:208} INFO - Processing /opt/airflow/dags/avito_to_raw_midraw.py took 0.064 seconds
[2026-08-02T11:11:09.734+0000] {processor.py:186} INFO - Started process (PID=1249) to work on /opt/airflow/dags/avito_to_raw_midraw.py
[2026-08-02T11:11:09.735+0000] {processor.py:914} INFO - Processing file /opt/airflow/dags/avito_to_raw_midraw.py for tasks to queue
[2026-08-02T11:11:09.735+0000] {logging_mixin.py:190} INFO - [2026-08-02T11:11:09.735+0000] {dagbag.py:588} INFO - Filling up the DagBag from /opt/airflow/dags/avito_to_raw_midraw.py
[2026-08-02T11:11:09.745+0000] {processor.py:925} INFO - DAG(s) 'avito_to_raw_midraw' retrieved from /opt/airflow/dags/avito_to_raw_midraw.py
[2026-08-02T11:11:09.759+0000] {logging_mixin.py:190} INFO - [2026-08-02T11:11:09.758+0000] {dag.py:3239} INFO - Sync 1 DAGs
[2026-08-02T11:11:09.766+0000] {logging_mixin.py:190} INFO - [2026-08-02T11:11:09.766+0000] {dag.py:4180} INFO - Setting next_dagrun for avito_to_raw_midraw to 2026-08-02 11:00:00+00:00, run_after=2026-08-02 12:00:00+00:00
[2026-08-02T11:11:09.774+0000] {processor.py:208} INFO - Processing /opt/airflow/dags/avito_to_raw_midraw.py took 0.043 seconds
[2026-08-02T11:11:40.002+0000] {processor.py:186} INFO - Started process (PID=1251) to work on /opt/airflow/dags/avito_to_raw_midraw.py
[2026-08-02T11:11:40.003+0000] {processor.py:914} INFO - Processing file /opt/airflow/dags/avito_to_raw_midraw.py for tasks to queue
[2026-08-02T11:11:40.004+0000] {logging_mixin.py:190} INFO - [2026-08-02T11:11:40.004+0000] {dagbag.py:588} INFO - Filling up the DagBag from /opt/airflow/dags/avito_to_raw_midraw.py
[2026-08-02T11:11:40.018+0000] {processor.py:925} INFO - DAG(s) 'avito_to_raw_midraw' retrieved from /opt/airflow/dags/avito_to_raw_midraw.py
[2026-08-02T11:11:40.033+0000] {logging_mixin.py:190} INFO - [2026-08-02T11:11:40.032+0000] {dag.py:3239} INFO - Sync 1 DAGs
[2026-08-02T11:11:40.043+0000] {logging_mixin.py:190} INFO - [2026-08-02T11:11:40.043+0000] {dag.py:4180} INFO - Setting next_dagrun for avito_to_raw_midraw to 2026-08-02 11:00:00+00:00, run_after=2026-08-02 12:00:00+00:00
[2026-08-02T11:11:40.049+0000] {processor.py:208} INFO - Processing /opt/airflow/dags/avito_to_raw_midraw.py took 0.051 seconds
[2026-08-02T11:12:10.326+0000] {processor.py:186} INFO - Started process (PID=1253) to work on /opt/airflow/dags/avito_to_raw_midraw.py
[2026-08-02T11:12:10.326+0000] {processor.py:914} INFO - Processing file /opt/airflow/dags/avito_to_raw_midraw.py for tasks to queue
[2026-08-02T11:12:10.328+0000] {logging_mixin.py:190} INFO - [2026-08-02T11:12:10.327+0000] {dagbag.py:588} INFO - Filling up the DagBag from /opt/airflow/dags/avito_to_raw_midraw.py
[2026-08-02T11:12:10.339+0000] {processor.py:925} INFO - DAG(s) 'avito_to_raw_midraw' retrieved from /opt/airflow/dags/avito_to_raw_midraw.py
[2026-08-02T11:12:10.355+0000] {logging_mixin.py:190} INFO - [2026-08-02T11:12:10.355+0000] {dag.py:3239} INFO - Sync 1 DAGs
[2026-08-02T11:12:10.366+0000] {logging_mixin.py:190} INFO - [2026-08-02T11:12:10.366+0000] {dag.py:4180} INFO - Setting next_dagrun for avito_to_raw_midraw to 2026-08-02 11:00:00+00:00, run_after=2026-08-02 12:00:00+00:00
[2026-08-02T11:12:10.376+0000] {processor.py:208} INFO - Processing /opt/airflow/dags/avito_to_raw_midraw.py took 0.053 seconds
[2026-08-02T11:12:40.611+0000] {processor.py:186} INFO - Started process (PID=1255) to work on /opt/airflow/dags/avito_to_raw_midraw.py
[2026-08-02T11:12:40.612+0000] {processor.py:914} INFO - Processing file /opt/airflow/dags/avito_to_raw_midraw.py for tasks to queue
[2026-08-02T11:12:40.613+0000] {logging_mixin.py:190} INFO - [2026-08-02T11:12:40.613+0000] {dagbag.py:588} INFO - Filling up the DagBag from /opt/airflow/dags/avito_to_raw_midraw.py
[2026-08-02T11:12:40.626+0000] {processor.py:925} INFO - DAG(s) 'avito_to_raw_midraw' retrieved from /opt/airflow/dags/avito_to_raw_midraw.py
[2026-08-02T11:12:40.640+0000] {logging_mixin.py:190} INFO - [2026-08-02T11:12:40.640+0000] {dag.py:3239} INFO - Sync 1 DAGs
[2026-08-02T11:12:40.650+0000] {logging_mixin.py:190} INFO - [2026-08-02T11:12:40.650+0000] {dag.py:4180} INFO - Setting next_dagrun for avito_to_raw_midraw to 2026-08-02 11:00:00+00:00, run_after=2026-08-02 12:00:00+00:00
[2026-08-02T11:12:40.658+0000] {processor.py:208} INFO - Processing /opt/airflow/dags/avito_to_raw_midraw.py took 0.051 seconds
[2026-08-02T11:13:10.868+0000] {processor.py:186} INFO - Started process (PID=1257) to work on /opt/airflow/dags/avito_to_raw_midraw.py
[2026-08-02T11:13:10.869+0000] {processor.py:914} INFO - Processing file /opt/airflow/dags/avito_to_raw_midraw.py for tasks to queue
[2026-08-02T11:13:10.870+0000] {logging_mixin.py:190} INFO - [2026-08-02T11:13:10.870+0000] {dagbag.py:588} INFO - Filling up the DagBag from /opt/airflow/dags/avito_to_raw_midraw.py
[2026-08-02T11:13:10.884+0000] {processor.py:925} INFO - DAG(s) 'avito_to_raw_midraw' retrieved from /opt/airflow/dags/avito_to_raw_midraw.py
[2026-08-02T11:13:10.902+0000] {logging_mixin.py:190} INFO - [2026-08-02T11:13:10.902+0000] {dag.py:3239} INFO - Sync 1 DAGs
[2026-08-02T11:13:10.911+0000] {logging_mixin.py:190} INFO - [2026-08-02T11:13:10.911+0000] {dag.py:4180} INFO - Setting next_dagrun for avito_to_raw_midraw to 2026-08-02 11:00:00+00:00, run_after=2026-08-02 12:00:00+00:00
[2026-08-02T11:13:10.917+0000] {processor.py:208} INFO - Processing /opt/airflow/dags/avito_to_raw_midraw.py took 0.053 seconds
[2026-08-02T11:13:41.179+0000] {processor.py:186} INFO - Started process (PID=1259) to work on /opt/airflow/dags/avito_to_raw_midraw.py
[2026-08-02T11:13:41.179+0000] {processor.py:914} INFO - Processing file /opt/airflow/dags/avito_to_raw_midraw.py for tasks to queue
[2026-08-02T11:13:41.181+0000] {logging_mixin.py:190} INFO - [2026-08-02T11:13:41.181+0000] {dagbag.py:588} INFO - Filling up the DagBag from /opt/airflow/dags/avito_to_raw_midraw.py
[2026-08-02T11:13:41.195+0000] {processor.py:925} INFO - DAG(s) 'avito_to_raw_midraw' retrieved from /opt/airflow/dags/avito_to_raw_midraw.py
[2026-08-02T11:13:41.214+0000] {logging_mixin.py:190} INFO - [2026-08-02T11:13:41.214+0000] {dag.py:3239} INFO - Sync 1 DAGs
[2026-08-02T11:13:41.225+0000] {logging_mixin.py:190} INFO - [2026-08-02T11:13:41.225+0000] {dag.py:4180} INFO - Setting next_dagrun for avito_to_raw_midraw to 2026-08-02 11:00:00+00:00, run_after=2026-08-02 12:00:00+00:00
[2026-08-02T11:13:41.234+0000] {processor.py:208} INFO - Processing /opt/airflow/dags/avito_to_raw_midraw.py took 0.061 seconds
[2026-08-02T11:14:11.480+0000] {processor.py:186} INFO - Started process (PID=1261) to work on /opt/airflow/dags/avito_to_raw_midraw.py
[2026-08-02T11:14:11.480+0000] {processor.py:914} INFO - Processing file /opt/airflow/dags/avito_to_raw_midraw.py for tasks to queue
[2026-08-02T11:14:11.481+0000] {logging_mixin.py:190} INFO - [2026-08-02T11:14:11.481+0000] {dagbag.py:588} INFO - Filling up the DagBag from /opt/airflow/dags/avito_to_raw_midraw.py
[2026-08-02T11:14:11.495+0000] {processor.py:925} INFO - DAG(s) 'avito_to_raw_midraw' retrieved from /opt/airflow/dags/avito_to_raw_midraw.py
[2026-08-02T11:14:11.511+0000] {logging_mixin.py:190} INFO - [2026-08-02T11:14:11.511+0000] {dag.py:3239} INFO - Sync 1 DAGs
[2026-08-02T11:14:11.519+0000] {logging_mixin.py:190} INFO - [2026-08-02T11:14:11.519+0000] {dag.py:4180} INFO - Setting next_dagrun for avito_to_raw_midraw to 2026-08-02 11:00:00+00:00, run_after=2026-08-02 12:00:00+00:00
[2026-08-02T11:14:11.528+0000] {processor.py:208} INFO - Processing /opt/airflow/dags/avito_to_raw_midraw.py took 0.052 seconds
[2026-08-02T11:14:41.722+0000] {processor.py:186} INFO - Started process (PID=1263) to work on /opt/airflow/dags/avito_to_raw_midraw.py
[2026-08-02T11:14:41.722+0000] {processor.py:914} INFO - Processing file /opt/airflow/dags/avito_to_raw_midraw.py for tasks to queue
[2026-08-02T11:14:41.724+0000] {logging_mixin.py:190} INFO - [2026-08-02T11:14:41.723+0000] {dagbag.py:588} INFO - Filling up the DagBag from /opt/airflow/dags/avito_to_raw_midraw.py
[2026-08-02T11:14:41.735+0000] {processor.py:925} INFO - DAG(s) 'avito_to_raw_midraw' retrieved from /opt/airflow/dags/avito_to_raw_midraw.py
[2026-08-02T11:14:41.751+0000] {logging_mixin.py:190} INFO - [2026-08-02T11:14:41.751+0000] {dag.py:3239} INFO - Sync 1 DAGs
[2026-08-02T11:14:41.760+0000] {logging_mixin.py:190} INFO - [2026-08-02T11:14:41.760+0000] {dag.py:4180} INFO - Setting next_dagrun for avito_to_raw_midraw to 2026-08-02 11:00:00+00:00, run_after=2026-08-02 12:00:00+00:00
[2026-08-02T11:14:41.767+0000] {processor.py:208} INFO - Processing /opt/airflow/dags/avito_to_raw_midraw.py took 0.050 seconds
[2026-08-02T11:15:11.990+0000] {processor.py:186} INFO - Started process (PID=1265) to work on /opt/airflow/dags/avito_to_raw_midraw.py
[2026-08-02T11:15:11.990+0000] {processor.py:914} INFO - Processing file /opt/airflow/dags/avito_to_raw_midraw.py for tasks to queue
[2026-08-02T11:15:11.992+0000] {logging_mixin.py:190} INFO - [2026-08-02T11:15:11.991+0000] {dagbag.py:588} INFO - Filling up the DagBag from /opt/airflow/dags/avito_to_raw_midraw.py
[2026-08-02T11:15:12.005+0000] {processor.py:925} INFO - DAG(s) 'avito_to_raw_midraw' retrieved from /opt/airflow/dags/avito_to_raw_midraw.py
[2026-08-02T11:15:12.020+0000] {logging_mixin.py:190} INFO - [2026-08-02T11:15:12.020+0000] {dag.py:3239} INFO - Sync 1 DAGs
[2026-08-02T11:15:12.028+0000] {logging_mixin.py:190} INFO - [2026-08-02T11:15:12.028+0000] {dag.py:4180} INFO - Setting next_dagrun for avito_to_raw_midraw to 2026-08-02 11:00:00+00:00, run_after=2026-08-02 12:00:00+00:00
[2026-08-02T11:15:12.036+0000] {processor.py:208} INFO - Processing /opt/airflow/dags/avito_to_raw_midraw.py took 0.051 seconds
[2026-08-02T11:15:42.340+0000] {processor.py:186} INFO - Started process (PID=1267) to work on /opt/airflow/dags/avito_to_raw_midraw.py
[2026-08-02T11:15:42.341+0000] {processor.py:914} INFO - Processing file /opt/airflow/dags/avito_to_raw_midraw.py for tasks to queue
[2026-08-02T11:15:42.342+0000] {logging_mixin.py:190} INFO - [2026-08-02T11:15:42.341+0000] {dagbag.py:588} INFO - Filling up the DagBag from /opt/airflow/dags/avito_to_raw_midraw.py
[2026-08-02T11:15:42.356+0000] {processor.py:925} INFO - DAG(s) 'avito_to_raw_midraw' retrieved from /opt/airflow/dags/avito_to_raw_midraw.py
[2026-08-02T11:15:42.371+0000] {logging_mixin.py:190} INFO - [2026-08-02T11:15:42.371+0000] {dag.py:3239} INFO - Sync 1 DAGs
[2026-08-02T11:15:42.383+0000] {logging_mixin.py:190} INFO - [2026-08-02T11:15:42.383+0000] {dag.py:4180} INFO - Setting next_dagrun for avito_to_raw_midraw to 2026-08-02 11:00:00+00:00, run_after=2026-08-02 12:00:00+00:00
[2026-08-02T11:15:42.389+0000] {processor.py:208} INFO - Processing /opt/airflow/dags/avito_to_raw_midraw.py took 0.053 seconds
[2026-08-02T11:16:12.680+0000] {processor.py:186} INFO - Started process (PID=1269) to work on /opt/airflow/dags/avito_to_raw_midraw.py
[2026-08-02T11:16:12.681+0000] {processor.py:914} INFO - Processing file /opt/airflow/dags/avito_to_raw_midraw.py for tasks to queue
[2026-08-02T11:16:12.683+0000] {logging_mixin.py:190} INFO - [2026-08-02T11:16:12.683+0000] {dagbag.py:588} INFO - Filling up the DagBag from /opt/airflow/dags/avito_to_raw_midraw.py
[2026-08-02T11:16:12.696+0000] {processor.py:925} INFO - DAG(s) 'avito_to_raw_midraw' retrieved from /opt/airflow/dags/avito_to_raw_midraw.py
[2026-08-02T11:16:12.716+0000] {logging_mixin.py:190} INFO - [2026-08-02T11:16:12.716+0000] {dag.py:3239} INFO - Sync 1 DAGs
[2026-08-02T11:16:12.726+0000] {logging_mixin.py:190} INFO - [2026-08-02T11:16:12.726+0000] {dag.py:4180} INFO - Setting next_dagrun for avito_to_raw_midraw to 2026-08-02 11:00:00+00:00, run_after=2026-08-02 12:00:00+00:00
[2026-08-02T11:16:12.736+0000] {processor.py:208} INFO - Processing /opt/airflow/dags/avito_to_raw_midraw.py took 0.062 seconds
[2026-08-02T11:16:42.928+0000] {processor.py:186} INFO - Started process (PID=1271) to work on /opt/airflow/dags/avito_to_raw_midraw.py
[2026-08-02T11:16:42.928+0000] {processor.py:914} INFO - Processing file /opt/airflow/dags/avito_to_raw_midraw.py for tasks to queue
[2026-08-02T11:16:42.929+0000] {logging_mixin.py:190} INFO - [2026-08-02T11:16:42.928+0000] {dagbag.py:588} INFO - Filling up the DagBag from /opt/airflow/dags/avito_to_raw_midraw.py
[2026-08-02T11:16:42.943+0000] {processor.py:925} INFO - DAG(s) 'avito_to_raw_midraw' retrieved from /opt/airflow/dags/avito_to_raw_midraw.py
[2026-08-02T11:16:42.959+0000] {logging_mixin.py:190} INFO - [2026-08-02T11:16:42.958+0000] {dag.py:3239} INFO - Sync 1 DAGs
[2026-08-02T11:16:42.967+0000] {logging_mixin.py:190} INFO - [2026-08-02T11:16:42.967+0000] {dag.py:4180} INFO - Setting next_dagrun for avito_to_raw_midraw to 2026-08-02 11:00:00+00:00, run_after=2026-08-02 12:00:00+00:00
[2026-08-02T11:16:42.975+0000] {processor.py:208} INFO - Processing /opt/airflow/dags/avito_to_raw_midraw.py took 0.051 seconds
[2026-08-02T11:17:13.237+0000] {processor.py:186} INFO - Started process (PID=1273) to work on /opt/airflow/dags/avito_to_raw_midraw.py
[2026-08-02T11:17:13.238+0000] {processor.py:914} INFO - Processing file /opt/airflow/dags/avito_to_raw_midraw.py for tasks to queue
[2026-08-02T11:17:13.240+0000] {logging_mixin.py:190} INFO - [2026-08-02T11:17:13.239+0000] {dagbag.py:588} INFO - Filling up the DagBag from /opt/airflow/dags/avito_to_raw_midraw.py
[2026-08-02T11:17:13.255+0000] {processor.py:925} INFO - DAG(s) 'avito_to_raw_midraw' retrieved from /opt/airflow/dags/avito_to_raw_midraw.py
[2026-08-02T11:17:13.271+0000] {logging_mixin.py:190} INFO - [2026-08-02T11:17:13.271+0000] {dag.py:3239} INFO - Sync 1 DAGs
[2026-08-02T11:17:13.280+0000] {logging_mixin.py:190} INFO - [2026-08-02T11:17:13.280+0000] {dag.py:4180} INFO - Setting next_dagrun for avito_to_raw_midraw to 2026-08-02 11:00:00+00:00, run_after=2026-08-02 12:00:00+00:00
[2026-08-02T11:17:13.289+0000] {processor.py:208} INFO - Processing /opt/airflow/dags/avito_to_raw_midraw.py took 0.056 seconds
[2026-08-02T11:17:43.527+0000] {processor.py:186} INFO - Started process (PID=1275) to work on /opt/airflow/dags/avito_to_raw_midraw.py
[2026-08-02T11:17:43.527+0000] {processor.py:914} INFO - Processing file /opt/airflow/dags/avito_to_raw_midraw.py for tasks to queue
[2026-08-02T11:17:43.528+0000] {logging_mixin.py:190} INFO - [2026-08-02T11:17:43.528+0000] {dagbag.py:588} INFO - Filling up the DagBag from /opt/airflow/dags/avito_to_raw_midraw.py
[2026-08-02T11:17:43.542+0000] {processor.py:925} INFO - DAG(s) 'avito_to_raw_midraw' retrieved from /opt/airflow/dags/avito_to_raw_midraw.py
[2026-08-02T11:17:43.559+0000] {logging_mixin.py:190} INFO - [2026-08-02T11:17:43.559+0000] {dag.py:3239} INFO - Sync 1 DAGs
[2026-08-02T11:17:43.569+0000] {logging_mixin.py:190} INFO - [2026-08-02T11:17:43.569+0000] {dag.py:4180} INFO - Setting next_dagrun for avito_to_raw_midraw to 2026-08-02 11:00:00+00:00, run_after=2026-08-02 12:00:00+00:00
[2026-08-02T11:17:43.579+0000] {processor.py:208} INFO - Processing /opt/airflow/dags/avito_to_raw_midraw.py took 0.057 seconds
[2026-08-02T11:18:13.811+0000] {processor.py:186} INFO - Started process (PID=1277) to work on /opt/airflow/dags/avito_to_raw_midraw.py
[2026-08-02T11:18:13.811+0000] {processor.py:914} INFO - Processing file /opt/airflow/dags/avito_to_raw_midraw.py for tasks to queue
[2026-08-02T11:18:13.812+0000] {logging_mixin.py:190} INFO - [2026-08-02T11:18:13.812+0000] {dagbag.py:588} INFO - Filling up the DagBag from /opt/airflow/dags/avito_to_raw_midraw.py
[2026-08-02T11:18:13.828+0000] {processor.py:925} INFO - DAG(s) 'avito_to_raw_midraw' retrieved from /opt/airflow/dags/avito_to_raw_midraw.py
[2026-08-02T11:18:13.843+0000] {logging_mixin.py:190} INFO - [2026-08-02T11:18:13.842+0000] {dag.py:3239} INFO - Sync 1 DAGs
[2026-08-02T11:18:13.852+0000] {logging_mixin.py:190} INFO - [2026-08-02T11:18:13.852+0000] {dag.py:4180} INFO - Setting next_dagrun for avito_to_raw_midraw to 2026-08-02 11:00:00+00:00, run_after=2026-08-02 12:00:00+00:00
[2026-08-02T11:18:13.860+0000] {processor.py:208} INFO - Processing /opt/airflow/dags/avito_to_raw_midraw.py took 0.053 seconds
[2026-08-02T11:18:44.114+0000] {processor.py:186} INFO - Started process (PID=1279) to work on /opt/airflow/dags/avito_to_raw_midraw.py
[2026-08-02T11:18:44.114+0000] {processor.py:914} INFO - Processing file /opt/airflow/dags/avito_to_raw_midraw.py for tasks to queue
[2026-08-02T11:18:44.115+0000] {logging_mixin.py:190} INFO - [2026-08-02T11:18:44.115+0000] {dagbag.py:588} INFO - Filling up the DagBag from /opt/airflow/dags/avito_to_raw_midraw.py
[2026-08-02T11:18:44.127+0000] {processor.py:925} INFO - DAG(s) 'avito_to_raw_midraw' retrieved from /opt/airflow/dags/avito_to_raw_midraw.py
[2026-08-02T11:18:44.147+0000] {logging_mixin.py:190} INFO - [2026-08-02T11:18:44.147+0000] {dag.py:3239} INFO - Sync 1 DAGs
[2026-08-02T11:18:44.162+0000] {logging_mixin.py:190} INFO - [2026-08-02T11:18:44.161+0000] {dag.py:4180} INFO - Setting next_dagrun for avito_to_raw_midraw to 2026-08-02 11:00:00+00:00, run_after=2026-08-02 12:00:00+00:00
[2026-08-02T11:18:44.171+0000] {processor.py:208} INFO - Processing /opt/airflow/dags/avito_to_raw_midraw.py took 0.062 seconds
[2026-08-02T11:19:14.387+0000] {processor.py:186} INFO - Started process (PID=1281) to work on /opt/airflow/dags/avito_to_raw_midraw.py
[2026-08-02T11:19:14.388+0000] {processor.py:914} INFO - Processing file /opt/airflow/dags/avito_to_raw_midraw.py for tasks to queue
[2026-08-02T11:19:14.389+0000] {logging_mixin.py:190} INFO - [2026-08-02T11:19:14.389+0000] {dagbag.py:588} INFO - Filling up the DagBag from /opt/airflow/dags/avito_to_raw_midraw.py
[2026-08-02T11:19:14.404+0000] {processor.py:925} INFO - DAG(s) 'avito_to_raw_midraw' retrieved from /opt/airflow/dags/avito_to_raw_midraw.py
[2026-08-02T11:19:14.423+0000] {logging_mixin.py:190} INFO - [2026-08-02T11:19:14.423+0000] {dag.py:3239} INFO - Sync 1 DAGs
[2026-08-02T11:19:14.435+0000] {logging_mixin.py:190} INFO - [2026-08-02T11:19:14.435+0000] {dag.py:4180} INFO - Setting next_dagrun for avito_to_raw_midraw to 2026-08-02 11:00:00+00:00, run_after=2026-08-02 12:00:00+00:00
[2026-08-02T11:19:14.445+0000] {processor.py:208} INFO - Processing /opt/airflow/dags/avito_to_raw_midraw.py took 0.062 seconds
[2026-08-02T11:19:44.695+0000] {processor.py:186} INFO - Started process (PID=1283) to work on /opt/airflow/dags/avito_to_raw_midraw.py
[2026-08-02T11:19:44.696+0000] {processor.py:914} INFO - Processing file /opt/airflow/dags/avito_to_raw_midraw.py for tasks to queue
[2026-08-02T11:19:44.697+0000] {logging_mixin.py:190} INFO - [2026-08-02T11:19:44.697+0000] {dagbag.py:588} INFO - Filling up the DagBag from /opt/airflow/dags/avito_to_raw_midraw.py
[2026-08-02T11:19:44.709+0000] {processor.py:925} INFO - DAG(s) 'avito_to_raw_midraw' retrieved from /opt/airflow/dags/avito_to_raw_midraw.py
[2026-08-02T11:19:44.727+0000] {logging_mixin.py:190} INFO - [2026-08-02T11:19:44.726+0000] {dag.py:3239} INFO - Sync 1 DAGs
[2026-08-02T11:19:44.737+0000] {logging_mixin.py:190} INFO - [2026-08-02T11:19:44.737+0000] {dag.py:4180} INFO - Setting next_dagrun for avito_to_raw_midraw to 2026-08-02 11:00:00+00:00, run_after=2026-08-02 12:00:00+00:00
[2026-08-02T11:19:44.745+0000] {processor.py:208} INFO - Processing /opt/airflow/dags/avito_to_raw_midraw.py took 0.054 seconds
[2026-08-02T11:20:15.028+0000] {processor.py:186} INFO - Started process (PID=1285) to work on /opt/airflow/dags/avito_to_raw_midraw.py
[2026-08-02T11:20:15.028+0000] {processor.py:914} INFO - Processing file /opt/airflow/dags/avito_to_raw_midraw.py for tasks to queue
[2026-08-02T11:20:15.030+0000] {logging_mixin.py:190} INFO - [2026-08-02T11:20:15.029+0000] {dagbag.py:588} INFO - Filling up the DagBag from /opt/airflow/dags/avito_to_raw_midraw.py
[2026-08-02T11:20:15.043+0000] {processor.py:925} INFO - DAG(s) 'avito_to_raw_midraw' retrieved from /opt/airflow/dags/avito_to_raw_midraw.py
[2026-08-02T11:20:15.062+0000] {logging_mixin.py:190} INFO - [2026-08-02T11:20:15.062+0000] {dag.py:3239} INFO - Sync 1 DAGs
[2026-08-02T11:20:15.072+0000] {logging_mixin.py:190} INFO - [2026-08-02T11:20:15.072+0000] {dag.py:4180} INFO - Setting next_dagrun for avito_to_raw_midraw to 2026-08-02 11:00:00+00:00, run_after=2026-08-02 12:00:00+00:00
[2026-08-02T11:20:15.078+0000] {processor.py:208} INFO - Processing /opt/airflow/dags/avito_to_raw_midraw.py took 0.054 seconds
[2026-08-02T11:20:45.331+0000] {processor.py:186} INFO - Started process (PID=1287) to work on /opt/airflow/dags/avito_to_raw_midraw.py
[2026-08-02T11:20:45.332+0000] {processor.py:914} INFO - Processing file /opt/airflow/dags/avito_to_raw_midraw.py for tasks to queue
[2026-08-02T11:20:45.333+0000] {logging_mixin.py:190} INFO - [2026-08-02T11:20:45.333+0000] {dagbag.py:588} INFO - Filling up the DagBag from /opt/airflow/dags/avito_to_raw_midraw.py
[2026-08-02T11:20:45.346+0000] {processor.py:925} INFO - DAG(s) 'avito_to_raw_midraw' retrieved from /opt/airflow/dags/avito_to_raw_midraw.py
[2026-08-02T11:20:45.360+0000] {logging_mixin.py:190} INFO - [2026-08-02T11:20:45.360+0000] {dag.py:3239} INFO - Sync 1 DAGs
[2026-08-02T11:20:45.369+0000] {logging_mixin.py:190} INFO - [2026-08-02T11:20:45.369+0000] {dag.py:4180} INFO - Setting next_dagrun for avito_to_raw_midraw to 2026-08-02 11:00:00+00:00, run_after=2026-08-02 12:00:00+00:00
[2026-08-02T11:20:45.378+0000] {processor.py:208} INFO - Processing /opt/airflow/dags/avito_to_raw_midraw.py took 0.051 seconds
[2026-08-02T11:21:15.639+0000] {processor.py:186} INFO - Started process (PID=1289) to work on /opt/airflow/dags/avito_to_raw_midraw.py
[2026-08-02T11:21:15.640+0000] {processor.py:914} INFO - Processing file /opt/airflow/dags/avito_to_raw_midraw.py for tasks to queue
[2026-08-02T11:21:15.640+0000] {logging_mixin.py:190} INFO - [2026-08-02T11:21:15.640+0000] {dagbag.py:588} INFO - Filling up the DagBag from /opt/airflow/dags/avito_to_raw_midraw.py
[2026-08-02T11:21:15.656+0000] {processor.py:925} INFO - DAG(s) 'avito_to_raw_midraw' retrieved from /opt/airflow/dags/avito_to_raw_midraw.py
[2026-08-02T11:21:15.669+0000] {logging_mixin.py:190} INFO - [2026-08-02T11:21:15.669+0000] {dag.py:3239} INFO - Sync 1 DAGs
[2026-08-02T11:21:15.678+0000] {logging_mixin.py:190} INFO - [2026-08-02T11:21:15.678+0000] {dag.py:4180} INFO - Setting next_dagrun for avito_to_raw_midraw to 2026-08-02 11:00:00+00:00, run_after=2026-08-02 12:00:00+00:00
[2026-08-02T11:21:15.687+0000] {processor.py:208} INFO - Processing /opt/airflow/dags/avito_to_raw_midraw.py took 0.052 seconds
[2026-08-02T11:21:45.946+0000] {processor.py:186} INFO - Started process (PID=1291) to work on /opt/airflow/dags/avito_to_raw_midraw.py
[2026-08-02T11:21:45.947+0000] {processor.py:914} INFO - Processing file /opt/airflow/dags/avito_to_raw_midraw.py for tasks to queue
[2026-08-02T11:21:45.947+0000] {logging_mixin.py:190} INFO - [2026-08-02T11:21:45.947+0000] {dagbag.py:588} INFO - Filling up the DagBag from /opt/airflow/dags/avito_to_raw_midraw.py
[2026-08-02T11:21:45.960+0000] {processor.py:925} INFO - DAG(s) 'avito_to_raw_midraw' retrieved from /opt/airflow/dags/avito_to_raw_midraw.py
[2026-08-02T11:21:45.974+0000] {logging_mixin.py:190} INFO - [2026-08-02T11:21:45.974+0000] {dag.py:3239} INFO - Sync 1 DAGs
[2026-08-02T11:21:45.983+0000] {logging_mixin.py:190} INFO - [2026-08-02T11:21:45.982+0000] {dag.py:4180} INFO - Setting next_dagrun for avito_to_raw_midraw to 2026-08-02 11:00:00+00:00, run_after=2026-08-02 12:00:00+00:00
[2026-08-02T11:21:45.988+0000] {processor.py:208} INFO - Processing /opt/airflow/dags/avito_to_raw_midraw.py took 0.046 seconds
[2026-08-02T11:22:16.231+0000] {processor.py:186} INFO - Started process (PID=1293) to work on /opt/airflow/dags/avito_to_raw_midraw.py
[2026-08-02T11:22:16.233+0000] {processor.py:914} INFO - Processing file /opt/airflow/dags/avito_to_raw_midraw.py for tasks to queue
[2026-08-02T11:22:16.233+0000] {logging_mixin.py:190} INFO - [2026-08-02T11:22:16.233+0000] {dagbag.py:588} INFO - Filling up the DagBag from /opt/airflow/dags/avito_to_raw_midraw.py
[2026-08-02T11:22:16.248+0000] {processor.py:925} INFO - DAG(s) 'avito_to_raw_midraw' retrieved from /opt/airflow/dags/avito_to_raw_midraw.py
[2026-08-02T11:22:16.265+0000] {logging_mixin.py:190} INFO - [2026-08-02T11:22:16.265+0000] {dag.py:3239} INFO - Sync 1 DAGs
[2026-08-02T11:22:16.274+0000] {logging_mixin.py:190} INFO - [2026-08-02T11:22:16.274+0000] {dag.py:4180} INFO - Setting next_dagrun for avito_to_raw_midraw to 2026-08-02 11:00:00+00:00, run_after=2026-08-02 12:00:00+00:00
[2026-08-02T11:22:16.282+0000] {processor.py:208} INFO - Processing /opt/airflow/dags/avito_to_raw_midraw.py took 0.056 seconds
[2026-08-02T11:22:46.494+0000] {processor.py:186} INFO - Started process (PID=1295) to work on /opt/airflow/dags/avito_to_raw_midraw.py
[2026-08-02T11:22:46.495+0000] {processor.py:914} INFO - Processing file /opt/airflow/dags/avito_to_raw_midraw.py for tasks to queue
[2026-08-02T11:22:46.496+0000] {logging_mixin.py:190} INFO - [2026-08-02T11:22:46.495+0000] {dagbag.py:588} INFO - Filling up the DagBag from /opt/airflow/dags/avito_to_raw_midraw.py
[2026-08-02T11:22:46.509+0000] {processor.py:925} INFO - DAG(s) 'avito_to_raw_midraw' retrieved from /opt/airflow/dags/avito_to_raw_midraw.py
[2026-08-02T11:22:46.524+0000] {logging_mixin.py:190} INFO - [2026-08-02T11:22:46.524+0000] {dag.py:3239} INFO - Sync 1 DAGs
[2026-08-02T11:22:46.532+0000] {logging_mixin.py:190} INFO - [2026-08-02T11:22:46.532+0000] {dag.py:4180} INFO - Setting next_dagrun for avito_to_raw_midraw to 2026-08-02 11:00:00+00:00, run_after=2026-08-02 12:00:00+00:00
[2026-08-02T11:22:46.540+0000] {processor.py:208} INFO - Processing /opt/airflow/dags/avito_to_raw_midraw.py took 0.050 seconds
[2026-08-02T11:23:16.806+0000] {processor.py:186} INFO - Started process (PID=1297) to work on /opt/airflow/dags/avito_to_raw_midraw.py
[2026-08-02T11:23:16.807+0000] {processor.py:914} INFO - Processing file /opt/airflow/dags/avito_to_raw_midraw.py for tasks to queue
[2026-08-02T11:23:16.808+0000] {logging_mixin.py:190} INFO - [2026-08-02T11:23:16.808+0000] {dagbag.py:588} INFO - Filling up the DagBag from /opt/airflow/dags/avito_to_raw_midraw.py
[2026-08-02T11:23:16.822+0000] {processor.py:925} INFO - DAG(s) 'avito_to_raw_midraw' retrieved from /opt/airflow/dags/avito_to_raw_midraw.py
[2026-08-02T11:23:16.837+0000] {logging_mixin.py:190} INFO - [2026-08-02T11:23:16.836+0000] {dag.py:3239} INFO - Sync 1 DAGs
[2026-08-02T11:23:16.844+0000] {logging_mixin.py:190} INFO - [2026-08-02T11:23:16.844+0000] {dag.py:4180} INFO - Setting next_dagrun for avito_to_raw_midraw to 2026-08-02 11:00:00+00:00, run_after=2026-08-02 12:00:00+00:00
[2026-08-02T11:23:16.853+0000] {processor.py:208} INFO - Processing /opt/airflow/dags/avito_to_raw_midraw.py took 0.050 seconds
[2026-08-02T11:23:47.055+0000] {processor.py:186} INFO - Started process (PID=1299) to work on /opt/airflow/dags/avito_to_raw_midraw.py
[2026-08-02T11:23:47.056+0000] {processor.py:914} INFO - Processing file /opt/airflow/dags/avito_to_raw_midraw.py for tasks to queue
[2026-08-02T11:23:47.057+0000] {logging_mixin.py:190} INFO - [2026-08-02T11:23:47.056+0000] {dagbag.py:588} INFO - Filling up the DagBag from /opt/airflow/dags/avito_to_raw_midraw.py
[2026-08-02T11:23:47.071+0000] {processor.py:925} INFO - DAG(s) 'avito_to_raw_midraw' retrieved from /opt/airflow/dags/avito_to_raw_midraw.py
[2026-08-02T11:23:47.085+0000] {logging_mixin.py:190} INFO - [2026-08-02T11:23:47.084+0000] {dag.py:3239} INFO - Sync 1 DAGs
[2026-08-02T11:23:47.093+0000] {logging_mixin.py:190} INFO - [2026-08-02T11:23:47.093+0000] {dag.py:4180} INFO - Setting next_dagrun for avito_to_raw_midraw to 2026-08-02 11:00:00+00:00, run_after=2026-08-02 12:00:00+00:00
[2026-08-02T11:23:47.101+0000] {processor.py:208} INFO - Processing /opt/airflow/dags/avito_to_raw_midraw.py took 0.050 seconds
[2026-08-02T11:24:17.326+0000] {processor.py:186} INFO - Started process (PID=1301) to work on /opt/airflow/dags/avito_to_raw_midraw.py
[2026-08-02T11:24:17.326+0000] {processor.py:914} INFO - Processing file /opt/airflow/dags/avito_to_raw_midraw.py for tasks to queue
[2026-08-02T11:24:17.328+0000] {logging_mixin.py:190} INFO - [2026-08-02T11:24:17.328+0000] {dagbag.py:588} INFO - Filling up the DagBag from /opt/airflow/dags/avito_to_raw_midraw.py
[2026-08-02T11:24:17.343+0000] {processor.py:925} INFO - DAG(s) 'avito_to_raw_midraw' retrieved from /opt/airflow/dags/avito_to_raw_midraw.py
[2026-08-02T11:24:17.360+0000] {logging_mixin.py:190} INFO - [2026-08-02T11:24:17.359+0000] {dag.py:3239} INFO - Sync 1 DAGs
[2026-08-02T11:24:17.370+0000] {logging_mixin.py:190} INFO - [2026-08-02T11:24:17.370+0000] {dag.py:4180} INFO - Setting next_dagrun for avito_to_raw_midraw to 2026-08-02 11:00:00+00:00, run_after=2026-08-02 12:00:00+00:00
[2026-08-02T11:24:17.378+0000] {processor.py:208} INFO - Processing /opt/airflow/dags/avito_to_raw_midraw.py took 0.057 seconds
[2026-08-02T11:24:47.615+0000] {processor.py:186} INFO - Started process (PID=1303) to work on /opt/airflow/dags/avito_to_raw_midraw.py
[2026-08-02T11:24:47.616+0000] {processor.py:914} INFO - Processing file /opt/airflow/dags/avito_to_raw_midraw.py for tasks to queue
[2026-08-02T11:24:47.617+0000] {logging_mixin.py:190} INFO - [2026-08-02T11:24:47.617+0000] {dagbag.py:588} INFO - Filling up the DagBag from /opt/airflow/dags/avito_to_raw_midraw.py
[2026-08-02T11:24:47.631+0000] {processor.py:925} INFO - DAG(s) 'avito_to_raw_midraw' retrieved from /opt/airflow/dags/avito_to_raw_midraw.py
[2026-08-02T11:24:47.646+0000] {logging_mixin.py:190} INFO - [2026-08-02T11:24:47.646+0000] {dag.py:3239} INFO - Sync 1 DAGs
[2026-08-02T11:24:47.660+0000] {logging_mixin.py:190} INFO - [2026-08-02T11:24:47.660+0000] {dag.py:4180} INFO - Setting next_dagrun for avito_to_raw_midraw to 2026-08-02 11:00:00+00:00, run_after=2026-08-02 12:00:00+00:00
[2026-08-02T11:24:47.671+0000] {processor.py:208} INFO - Processing /opt/airflow/dags/avito_to_raw_midraw.py took 0.060 seconds
[2026-08-02T11:25:17.921+0000] {processor.py:186} INFO - Started process (PID=1305) to work on /opt/airflow/dags/avito_to_raw_midraw.py
[2026-08-02T11:25:17.922+0000] {processor.py:914} INFO - Processing file /opt/airflow/dags/avito_to_raw_midraw.py for tasks to queue
[2026-08-02T11:25:17.922+0000] {logging_mixin.py:190} INFO - [2026-08-02T11:25:17.922+0000] {dagbag.py:588} INFO - Filling up the DagBag from /opt/airflow/dags/avito_to_raw_midraw.py
[2026-08-02T11:25:17.933+0000] {processor.py:925} INFO - DAG(s) 'avito_to_raw_midraw' retrieved from /opt/airflow/dags/avito_to_raw_midraw.py
[2026-08-02T11:25:17.946+0000] {logging_mixin.py:190} INFO - [2026-08-02T11:25:17.946+0000] {dag.py:3239} INFO - Sync 1 DAGs
[2026-08-02T11:25:17.957+0000] {logging_mixin.py:190} INFO - [2026-08-02T11:25:17.957+0000] {dag.py:4180} INFO - Setting next_dagrun for avito_to_raw_midraw to 2026-08-02 11:00:00+00:00, run_after=2026-08-02 12:00:00+00:00
[2026-08-02T11:25:17.964+0000] {processor.py:208} INFO - Processing /opt/airflow/dags/avito_to_raw_midraw.py took 0.046 seconds
[2026-08-02T11:25:48.231+0000] {processor.py:186} INFO - Started process (PID=1307) to work on /opt/airflow/dags/avito_to_raw_midraw.py
[2026-08-02T11:25:48.232+0000] {processor.py:914} INFO - Processing file /opt/airflow/dags/avito_to_raw_midraw.py for tasks to queue
[2026-08-02T11:25:48.233+0000] {logging_mixin.py:190} INFO - [2026-08-02T11:25:48.232+0000] {dagbag.py:588} INFO - Filling up the DagBag from /opt/airflow/dags/avito_to_raw_midraw.py
[2026-08-02T11:25:48.244+0000] {processor.py:925} INFO - DAG(s) 'avito_to_raw_midraw' retrieved from /opt/airflow/dags/avito_to_raw_midraw.py
[2026-08-02T11:25:48.256+0000] {logging_mixin.py:190} INFO - [2026-08-02T11:25:48.256+0000] {dag.py:3239} INFO - Sync 1 DAGs
[2026-08-02T11:25:48.267+0000] {logging_mixin.py:190} INFO - [2026-08-02T11:25:48.267+0000] {dag.py:4180} INFO - Setting next_dagrun for avito_to_raw_midraw to 2026-08-02 11:00:00+00:00, run_after=2026-08-02 12:00:00+00:00
[2026-08-02T11:25:48.277+0000] {processor.py:208} INFO - Processing /opt/airflow/dags/avito_to_raw_midraw.py took 0.049 seconds
[2026-08-02T11:26:18.553+0000] {processor.py:186} INFO - Started process (PID=1309) to work on /opt/airflow/dags/avito_to_raw_midraw.py
[2026-08-02T11:26:18.554+0000] {processor.py:914} INFO - Processing file /opt/airflow/dags/avito_to_raw_midraw.py for tasks to queue
[2026-08-02T11:26:18.555+0000] {logging_mixin.py:190} INFO - [2026-08-02T11:26:18.555+0000] {dagbag.py:588} INFO - Filling up the DagBag from /opt/airflow/dags/avito_to_raw_midraw.py
[2026-08-02T11:26:18.568+0000] {processor.py:925} INFO - DAG(s) 'avito_to_raw_midraw' retrieved from /opt/airflow/dags/avito_to_raw_midraw.py
[2026-08-02T11:26:18.583+0000] {logging_mixin.py:190} INFO - [2026-08-02T11:26:18.583+0000] {dag.py:3239} INFO - Sync 1 DAGs
[2026-08-02T11:26:18.594+0000] {logging_mixin.py:190} INFO - [2026-08-02T11:26:18.594+0000] {dag.py:4180} INFO - Setting next_dagrun for avito_to_raw_midraw to 2026-08-02 11:00:00+00:00, run_after=2026-08-02 12:00:00+00:00
[2026-08-02T11:26:18.602+0000] {processor.py:208} INFO - Processing /opt/airflow/dags/avito_to_raw_midraw.py took 0.053 seconds
[2026-08-02T11:26:48.824+0000] {processor.py:186} INFO - Started process (PID=1311) to work on /opt/airflow/dags/avito_to_raw_midraw.py
[2026-08-02T11:26:48.825+0000] {processor.py:914} INFO - Processing file /opt/airflow/dags/avito_to_raw_midraw.py for tasks to queue
[2026-08-02T11:26:48.825+0000] {logging_mixin.py:190} INFO - [2026-08-02T11:26:48.825+0000] {dagbag.py:588} INFO - Filling up the DagBag from /opt/airflow/dags/avito_to_raw_midraw.py
[2026-08-02T11:26:48.836+0000] {processor.py:925} INFO - DAG(s) 'avito_to_raw_midraw' retrieved from /opt/airflow/dags/avito_to_raw_midraw.py
[2026-08-02T11:26:48.849+0000] {logging_mixin.py:190} INFO - [2026-08-02T11:26:48.849+0000] {dag.py:3239} INFO - Sync 1 DAGs
[2026-08-02T11:26:48.857+0000] {logging_mixin.py:190} INFO - [2026-08-02T11:26:48.857+0000] {dag.py:4180} INFO - Setting next_dagrun for avito_to_raw_midraw to 2026-08-02 11:00:00+00:00, run_after=2026-08-02 12:00:00+00:00
[2026-08-02T11:26:48.865+0000] {processor.py:208} INFO - Processing /opt/airflow/dags/avito_to_raw_midraw.py took 0.043 seconds
[2026-08-02T11:27:19.136+0000] {processor.py:186} INFO - Started process (PID=1313) to work on /opt/airflow/dags/avito_to_raw_midraw.py
[2026-08-02T11:27:19.137+0000] {processor.py:914} INFO - Processing file /opt/airflow/dags/avito_to_raw_midraw.py for tasks to queue
[2026-08-02T11:27:19.138+0000] {logging_mixin.py:190} INFO - [2026-08-02T11:27:19.138+0000] {dagbag.py:588} INFO - Filling up the DagBag from /opt/airflow/dags/avito_to_raw_midraw.py
[2026-08-02T11:27:19.149+0000] {processor.py:925} INFO - DAG(s) 'avito_to_raw_midraw' retrieved from /opt/airflow/dags/avito_to_raw_midraw.py
[2026-08-02T11:27:19.164+0000] {logging_mixin.py:190} INFO - [2026-08-02T11:27:19.164+0000] {dag.py:3239} INFO - Sync 1 DAGs
[2026-08-02T11:27:19.174+0000] {logging_mixin.py:190} INFO - [2026-08-02T11:27:19.174+0000] {dag.py:4180} INFO - Setting next_dagrun for avito_to_raw_midraw to 2026-08-02 11:00:00+00:00, run_after=2026-08-02 12:00:00+00:00
[2026-08-02T11:27:19.181+0000] {processor.py:208} INFO - Processing /opt/airflow/dags/avito_to_raw_midraw.py took 0.048 seconds
[2026-08-02T11:27:49.411+0000] {processor.py:186} INFO - Started process (PID=1315) to work on /opt/airflow/dags/avito_to_raw_midraw.py
[2026-08-02T11:27:49.411+0000] {processor.py:914} INFO - Processing file /opt/airflow/dags/avito_to_raw_midraw.py for tasks to queue
[2026-08-02T11:27:49.413+0000] {logging_mixin.py:190} INFO - [2026-08-02T11:27:49.413+0000] {dagbag.py:588} INFO - Filling up the DagBag from /opt/airflow/dags/avito_to_raw_midraw.py
[2026-08-02T11:27:49.424+0000] {processor.py:925} INFO - DAG(s) 'avito_to_raw_midraw' retrieved from /opt/airflow/dags/avito_to_raw_midraw.py
[2026-08-02T11:27:49.440+0000] {logging_mixin.py:190} INFO - [2026-08-02T11:27:49.440+0000] {dag.py:3239} INFO - Sync 1 DAGs
[2026-08-02T11:27:49.449+0000] {logging_mixin.py:190} INFO - [2026-08-02T11:27:49.449+0000] {dag.py:4180} INFO - Setting next_dagrun for avito_to_raw_midraw to 2026-08-02 11:00:00+00:00, run_after=2026-08-02 12:00:00+00:00
[2026-08-02T11:27:49.456+0000] {processor.py:208} INFO - Processing /opt/airflow/dags/avito_to_raw_midraw.py took 0.049 seconds
[2026-08-02T11:28:19.715+0000] {processor.py:186} INFO - Started process (PID=1317) to work on /opt/airflow/dags/avito_to_raw_midraw.py
[2026-08-02T11:28:19.716+0000] {processor.py:914} INFO - Processing file /opt/airflow/dags/avito_to_raw_midraw.py for tasks to queue
[2026-08-02T11:28:19.718+0000] {logging_mixin.py:190} INFO - [2026-08-02T11:28:19.718+0000] {dagbag.py:588} INFO - Filling up the DagBag from /opt/airflow/dags/avito_to_raw_midraw.py
[2026-08-02T11:28:19.727+0000] {processor.py:925} INFO - DAG(s) 'avito_to_raw_midraw' retrieved from /opt/airflow/dags/avito_to_raw_midraw.py
[2026-08-02T11:28:19.744+0000] {logging_mixin.py:190} INFO - [2026-08-02T11:28:19.744+0000] {dag.py:3239} INFO - Sync 1 DAGs
[2026-08-02T11:28:19.753+0000] {logging_mixin.py:190} INFO - [2026-08-02T11:28:19.753+0000] {dag.py:4180} INFO - Setting next_dagrun for avito_to_raw_midraw to 2026-08-02 11:00:00+00:00, run_after=2026-08-02 12:00:00+00:00
[2026-08-02T11:28:19.762+0000] {processor.py:208} INFO - Processing /opt/airflow/dags/avito_to_raw_midraw.py took 0.051 seconds
[2026-08-02T11:28:49.992+0000] {processor.py:186} INFO - Started process (PID=1319) to work on /opt/airflow/dags/avito_to_raw_midraw.py
[2026-08-02T11:28:49.993+0000] {processor.py:914} INFO - Processing file /opt/airflow/dags/avito_to_raw_midraw.py for tasks to queue
[2026-08-02T11:28:49.994+0000] {logging_mixin.py:190} INFO - [2026-08-02T11:28:49.994+0000] {dagbag.py:588} INFO - Filling up the DagBag from /opt/airflow/dags/avito_to_raw_midraw.py
[2026-08-02T11:28:50.006+0000] {processor.py:925} INFO - DAG(s) 'avito_to_raw_midraw' retrieved from /opt/airflow/dags/avito_to_raw_midraw.py
[2026-08-02T11:28:50.021+0000] {logging_mixin.py:190} INFO - [2026-08-02T11:28:50.020+0000] {dag.py:3239} INFO - Sync 1 DAGs
[2026-08-02T11:28:50.029+0000] {logging_mixin.py:190} INFO - [2026-08-02T11:28:50.029+0000] {dag.py:4180} INFO - Setting next_dagrun for avito_to_raw_midraw to 2026-08-02 11:00:00+00:00, run_after=2026-08-02 12:00:00+00:00
[2026-08-02T11:28:50.037+0000] {processor.py:208} INFO - Processing /opt/airflow/dags/avito_to_raw_midraw.py took 0.049 seconds
[2026-08-02T11:29:20.272+0000] {processor.py:186} INFO - Started process (PID=1321) to work on /opt/airflow/dags/avito_to_raw_midraw.py
[2026-08-02T11:29:20.274+0000] {processor.py:914} INFO - Processing file /opt/airflow/dags/avito_to_raw_midraw.py for tasks to queue
[2026-08-02T11:29:20.275+0000] {logging_mixin.py:190} INFO - [2026-08-02T11:29:20.275+0000] {dagbag.py:588} INFO - Filling up the DagBag from /opt/airflow/dags/avito_to_raw_midraw.py
[2026-08-02T11:29:20.290+0000] {processor.py:925} INFO - DAG(s) 'avito_to_raw_midraw' retrieved from /opt/airflow/dags/avito_to_raw_midraw.py
[2026-08-02T11:29:20.314+0000] {logging_mixin.py:190} INFO - [2026-08-02T11:29:20.314+0000] {dag.py:3239} INFO - Sync 1 DAGs
[2026-08-02T11:29:20.329+0000] {logging_mixin.py:190} INFO - [2026-08-02T11:29:20.329+0000] {dag.py:4180} INFO - Setting next_dagrun for avito_to_raw_midraw to 2026-08-02 11:00:00+00:00, run_after=2026-08-02 12:00:00+00:00
[2026-08-02T11:29:20.340+0000] {processor.py:208} INFO - Processing /opt/airflow/dags/avito_to_raw_midraw.py took 0.075 seconds
[2026-08-02T11:29:50.552+0000] {processor.py:186} INFO - Started process (PID=1323) to work on /opt/airflow/dags/avito_to_raw_midraw.py
[2026-08-02T11:29:50.552+0000] {processor.py:914} INFO - Processing file /opt/airflow/dags/avito_to_raw_midraw.py for tasks to queue
[2026-08-02T11:29:50.553+0000] {logging_mixin.py:190} INFO - [2026-08-02T11:29:50.553+0000] {dagbag.py:588} INFO - Filling up the DagBag from /opt/airflow/dags/avito_to_raw_midraw.py
[2026-08-02T11:29:50.566+0000] {processor.py:925} INFO - DAG(s) 'avito_to_raw_midraw' retrieved from /opt/airflow/dags/avito_to_raw_midraw.py
[2026-08-02T11:29:50.582+0000] {logging_mixin.py:190} INFO - [2026-08-02T11:29:50.582+0000] {dag.py:3239} INFO - Sync 1 DAGs
[2026-08-02T11:29:50.590+0000] {logging_mixin.py:190} INFO - [2026-08-02T11:29:50.590+0000] {dag.py:4180} INFO - Setting next_dagrun for avito_to_raw_midraw to 2026-08-02 11:00:00+00:00, run_after=2026-08-02 12:00:00+00:00
[2026-08-02T11:29:50.598+0000] {processor.py:208} INFO - Processing /opt/airflow/dags/avito_to_raw_midraw.py took 0.050 seconds
[2026-08-02T11:30:20.861+0000] {processor.py:186} INFO - Started process (PID=1325) to work on /opt/airflow/dags/avito_to_raw_midraw.py
[2026-08-02T11:30:20.862+0000] {processor.py:914} INFO - Processing file /opt/airflow/dags/avito_to_raw_midraw.py for tasks to queue
[2026-08-02T11:30:20.863+0000] {logging_mixin.py:190} INFO - [2026-08-02T11:30:20.862+0000] {dagbag.py:588} INFO - Filling up the DagBag from /opt/airflow/dags/avito_to_raw_midraw.py
[2026-08-02T11:30:20.876+0000] {processor.py:925} INFO - DAG(s) 'avito_to_raw_midraw' retrieved from /opt/airflow/dags/avito_to_raw_midraw.py
[2026-08-02T11:30:20.893+0000] {logging_mixin.py:190} INFO - [2026-08-02T11:30:20.893+0000] {dag.py:3239} INFO - Sync 1 DAGs
[2026-08-02T11:30:20.901+0000] {logging_mixin.py:190} INFO - [2026-08-02T11:30:20.901+0000] {dag.py:4180} INFO - Setting next_dagrun for avito_to_raw_midraw to 2026-08-02 11:00:00+00:00, run_after=2026-08-02 12:00:00+00:00
[2026-08-02T11:30:20.910+0000] {processor.py:208} INFO - Processing /opt/airflow/dags/avito_to_raw_midraw.py took 0.052 seconds
[2026-08-02T11:30:51.165+0000] {processor.py:186} INFO - Started process (PID=1327) to work on /opt/airflow/dags/avito_to_raw_midraw.py
[2026-08-02T11:30:51.166+0000] {processor.py:914} INFO - Processing file /opt/airflow/dags/avito_to_raw_midraw.py for tasks to queue
[2026-08-02T11:30:51.167+0000] {logging_mixin.py:190} INFO - [2026-08-02T11:30:51.167+0000] {dagbag.py:588} INFO - Filling up the DagBag from /opt/airflow/dags/avito_to_raw_midraw.py
[2026-08-02T11:30:51.184+0000] {processor.py:925} INFO - DAG(s) 'avito_to_raw_midraw' retrieved from /opt/airflow/dags/avito_to_raw_midraw.py
[2026-08-02T11:30:51.201+0000] {logging_mixin.py:190} INFO - [2026-08-02T11:30:51.201+0000] {dag.py:3239} INFO - Sync 1 DAGs
[2026-08-02T11:30:51.209+0000] {logging_mixin.py:190} INFO - [2026-08-02T11:30:51.209+0000] {dag.py:4180} INFO - Setting next_dagrun for avito_to_raw_midraw to 2026-08-02 11:00:00+00:00, run_after=2026-08-02 12:00:00+00:00
[2026-08-02T11:30:51.218+0000] {processor.py:208} INFO - Processing /opt/airflow/dags/avito_to_raw_midraw.py took 0.057 seconds
[2026-08-02T11:31:21.418+0000] {processor.py:186} INFO - Started process (PID=1329) to work on /opt/airflow/dags/avito_to_raw_midraw.py
[2026-08-02T11:31:21.418+0000] {processor.py:914} INFO - Processing file /opt/airflow/dags/avito_to_raw_midraw.py for tasks to queue
[2026-08-02T11:31:21.419+0000] {logging_mixin.py:190} INFO - [2026-08-02T11:31:21.419+0000] {dagbag.py:588} INFO - Filling up the DagBag from /opt/airflow/dags/avito_to_raw_midraw.py
[2026-08-02T11:31:21.431+0000] {processor.py:925} INFO - DAG(s) 'avito_to_raw_midraw' retrieved from /opt/airflow/dags/avito_to_raw_midraw.py
[2026-08-02T11:31:21.449+0000] {logging_mixin.py:190} INFO - [2026-08-02T11:31:21.449+0000] {dag.py:3239} INFO - Sync 1 DAGs
[2026-08-02T11:31:21.459+0000] {logging_mixin.py:190} INFO - [2026-08-02T11:31:21.459+0000] {dag.py:4180} INFO - Setting next_dagrun for avito_to_raw_midraw to 2026-08-02 11:00:00+00:00, run_after=2026-08-02 12:00:00+00:00
[2026-08-02T11:31:21.468+0000] {processor.py:208} INFO - Processing /opt/airflow/dags/avito_to_raw_midraw.py took 0.054 seconds
[2026-08-02T11:31:51.740+0000] {processor.py:186} INFO - Started process (PID=1331) to work on /opt/airflow/dags/avito_to_raw_midraw.py
[2026-08-02T11:31:51.741+0000] {processor.py:914} INFO - Processing file /opt/airflow/dags/avito_to_raw_midraw.py for tasks to queue
[2026-08-02T11:31:51.743+0000] {logging_mixin.py:190} INFO - [2026-08-02T11:31:51.743+0000] {dagbag.py:588} INFO - Filling up the DagBag from /opt/airflow/dags/avito_to_raw_midraw.py
[2026-08-02T11:31:51.760+0000] {processor.py:925} INFO - DAG(s) 'avito_to_raw_midraw' retrieved from /opt/airflow/dags/avito_to_raw_midraw.py
[2026-08-02T11:31:51.779+0000] {logging_mixin.py:190} INFO - [2026-08-02T11:31:51.779+0000] {dag.py:3239} INFO - Sync 1 DAGs
[2026-08-02T11:31:51.789+0000] {logging_mixin.py:190} INFO - [2026-08-02T11:31:51.789+0000] {dag.py:4180} INFO - Setting next_dagrun for avito_to_raw_midraw to 2026-08-02 11:00:00+00:00, run_after=2026-08-02 12:00:00+00:00
[2026-08-02T11:31:51.797+0000] {processor.py:208} INFO - Processing /opt/airflow/dags/avito_to_raw_midraw.py took 0.061 seconds
[2026-08-02T11:32:22.021+0000] {processor.py:186} INFO - Started process (PID=1333) to work on /opt/airflow/dags/avito_to_raw_midraw.py
[2026-08-02T11:32:22.022+0000] {processor.py:914} INFO - Processing file /opt/airflow/dags/avito_to_raw_midraw.py for tasks to queue
[2026-08-02T11:32:22.023+0000] {logging_mixin.py:190} INFO - [2026-08-02T11:32:22.023+0000] {dagbag.py:588} INFO - Filling up the DagBag from /opt/airflow/dags/avito_to_raw_midraw.py
[2026-08-02T11:32:22.038+0000] {processor.py:925} INFO - DAG(s) 'avito_to_raw_midraw' retrieved from /opt/airflow/dags/avito_to_raw_midraw.py
[2026-08-02T11:32:22.054+0000] {logging_mixin.py:190} INFO - [2026-08-02T11:32:22.054+0000] {dag.py:3239} INFO - Sync 1 DAGs
[2026-08-02T11:32:22.064+0000] {logging_mixin.py:190} INFO - [2026-08-02T11:32:22.064+0000] {dag.py:4180} INFO - Setting next_dagrun for avito_to_raw_midraw to 2026-08-02 11:00:00+00:00, run_after=2026-08-02 12:00:00+00:00
[2026-08-02T11:32:22.073+0000] {processor.py:208} INFO - Processing /opt/airflow/dags/avito_to_raw_midraw.py took 0.057 seconds
[2026-08-02T11:32:52.331+0000] {processor.py:186} INFO - Started process (PID=1335) to work on /opt/airflow/dags/avito_to_raw_midraw.py
[2026-08-02T11:32:52.331+0000] {processor.py:914} INFO - Processing file /opt/airflow/dags/avito_to_raw_midraw.py for tasks to queue
[2026-08-02T11:32:52.332+0000] {logging_mixin.py:190} INFO - [2026-08-02T11:32:52.332+0000] {dagbag.py:588} INFO - Filling up the DagBag from /opt/airflow/dags/avito_to_raw_midraw.py
[2026-08-02T11:32:52.346+0000] {processor.py:925} INFO - DAG(s) 'avito_to_raw_midraw' retrieved from /opt/airflow/dags/avito_to_raw_midraw.py
[2026-08-02T11:32:52.363+0000] {logging_mixin.py:190} INFO - [2026-08-02T11:32:52.363+0000] {dag.py:3239} INFO - Sync 1 DAGs
[2026-08-02T11:32:52.373+0000] {logging_mixin.py:190} INFO - [2026-08-02T11:32:52.373+0000] {dag.py:4180} INFO - Setting next_dagrun for avito_to_raw_midraw to 2026-08-02 11:00:00+00:00, run_after=2026-08-02 12:00:00+00:00
[2026-08-02T11:32:52.382+0000] {processor.py:208} INFO - Processing /opt/airflow/dags/avito_to_raw_midraw.py took 0.056 seconds
[2026-08-02T11:33:22.591+0000] {processor.py:186} INFO - Started process (PID=1337) to work on /opt/airflow/dags/avito_to_raw_midraw.py
[2026-08-02T11:33:22.592+0000] {processor.py:914} INFO - Processing file /opt/airflow/dags/avito_to_raw_midraw.py for tasks to queue
[2026-08-02T11:33:22.593+0000] {logging_mixin.py:190} INFO - [2026-08-02T11:33:22.593+0000] {dagbag.py:588} INFO - Filling up the DagBag from /opt/airflow/dags/avito_to_raw_midraw.py
[2026-08-02T11:33:22.605+0000] {processor.py:925} INFO - DAG(s) 'avito_to_raw_midraw' retrieved from /opt/airflow/dags/avito_to_raw_midraw.py
[2026-08-02T11:33:22.625+0000] {logging_mixin.py:190} INFO - [2026-08-02T11:33:22.625+0000] {dag.py:3239} INFO - Sync 1 DAGs
[2026-08-02T11:33:22.636+0000] {logging_mixin.py:190} INFO - [2026-08-02T11:33:22.636+0000] {dag.py:4180} INFO - Setting next_dagrun for avito_to_raw_midraw to 2026-08-02 11:00:00+00:00, run_after=2026-08-02 12:00:00+00:00
[2026-08-02T11:33:22.645+0000] {processor.py:208} INFO - Processing /opt/airflow/dags/avito_to_raw_midraw.py took 0.057 seconds
[2026-08-02T11:33:52.854+0000] {processor.py:186} INFO - Started process (PID=1339) to work on /opt/airflow/dags/avito_to_raw_midraw.py
[2026-08-02T11:33:52.854+0000] {processor.py:914} INFO - Processing file /opt/airflow/dags/avito_to_raw_midraw.py for tasks to queue
[2026-08-02T11:33:52.855+0000] {logging_mixin.py:190} INFO - [2026-08-02T11:33:52.855+0000] {dagbag.py:588} INFO - Filling up the DagBag from /opt/airflow/dags/avito_to_raw_midraw.py
[2026-08-02T11:33:52.865+0000] {processor.py:925} INFO - DAG(s) 'avito_to_raw_midraw' retrieved from /opt/airflow/dags/avito_to_raw_midraw.py
[2026-08-02T11:33:52.880+0000] {logging_mixin.py:190} INFO - [2026-08-02T11:33:52.880+0000] {dag.py:3239} INFO - Sync 1 DAGs
[2026-08-02T11:33:52.888+0000] {logging_mixin.py:190} INFO - [2026-08-02T11:33:52.888+0000] {dag.py:4180} INFO - Setting next_dagrun for avito_to_raw_midraw to 2026-08-02 11:00:00+00:00, run_after=2026-08-02 12:00:00+00:00
[2026-08-02T11:33:52.897+0000] {processor.py:208} INFO - Processing /opt/airflow/dags/avito_to_raw_midraw.py took 0.046 seconds
[2026-08-02T11:34:23.076+0000] {processor.py:186} INFO - Started process (PID=1341) to work on /opt/airflow/dags/avito_to_raw_midraw.py
[2026-08-02T11:34:23.076+0000] {processor.py:914} INFO - Processing file /opt/airflow/dags/avito_to_raw_midraw.py for tasks to queue
[2026-08-02T11:34:23.077+0000] {logging_mixin.py:190} INFO - [2026-08-02T11:34:23.077+0000] {dagbag.py:588} INFO - Filling up the DagBag from /opt/airflow/dags/avito_to_raw_midraw.py
[2026-08-02T11:34:23.089+0000] {processor.py:925} INFO - DAG(s) 'avito_to_raw_midraw' retrieved from /opt/airflow/dags/avito_to_raw_midraw.py
[2026-08-02T11:34:23.103+0000] {logging_mixin.py:190} INFO - [2026-08-02T11:34:23.103+0000] {dag.py:3239} INFO - Sync 1 DAGs
[2026-08-02T11:34:23.110+0000] {logging_mixin.py:190} INFO - [2026-08-02T11:34:23.110+0000] {dag.py:4180} INFO - Setting next_dagrun for avito_to_raw_midraw to 2026-08-02 11:00:00+00:00, run_after=2026-08-02 12:00:00+00:00
[2026-08-02T11:34:23.118+0000] {processor.py:208} INFO - Processing /opt/airflow/dags/avito_to_raw_midraw.py took 0.045 seconds
[2026-08-02T11:34:53.366+0000] {processor.py:186} INFO - Started process (PID=1343) to work on /opt/airflow/dags/avito_to_raw_midraw.py
[2026-08-02T11:34:53.367+0000] {processor.py:914} INFO - Processing file /opt/airflow/dags/avito_to_raw_midraw.py for tasks to queue
[2026-08-02T11:34:53.367+0000] {logging_mixin.py:190} INFO - [2026-08-02T11:34:53.367+0000] {dagbag.py:588} INFO - Filling up the DagBag from /opt/airflow/dags/avito_to_raw_midraw.py
[2026-08-02T11:34:53.381+0000] {processor.py:925} INFO - DAG(s) 'avito_to_raw_midraw' retrieved from /opt/airflow/dags/avito_to_raw_midraw.py
[2026-08-02T11:34:53.397+0000] {logging_mixin.py:190} INFO - [2026-08-02T11:34:53.397+0000] {dag.py:3239} INFO - Sync 1 DAGs
[2026-08-02T11:34:53.404+0000] {logging_mixin.py:190} INFO - [2026-08-02T11:34:53.404+0000] {dag.py:4180} INFO - Setting next_dagrun for avito_to_raw_midraw to 2026-08-02 11:00:00+00:00, run_after=2026-08-02 12:00:00+00:00
[2026-08-02T11:34:53.412+0000] {processor.py:208} INFO - Processing /opt/airflow/dags/avito_to_raw_midraw.py took 0.049 seconds
[2026-08-02T11:35:23.737+0000] {processor.py:186} INFO - Started process (PID=1345) to work on /opt/airflow/dags/avito_to_raw_midraw.py
[2026-08-02T11:35:23.738+0000] {processor.py:914} INFO - Processing file /opt/airflow/dags/avito_to_raw_midraw.py for tasks to queue
[2026-08-02T11:35:23.739+0000] {logging_mixin.py:190} INFO - [2026-08-02T11:35:23.738+0000] {dagbag.py:588} INFO - Filling up the DagBag from /opt/airflow/dags/avito_to_raw_midraw.py
[2026-08-02T11:35:23.750+0000] {processor.py:925} INFO - DAG(s) 'avito_to_raw_midraw' retrieved from /opt/airflow/dags/avito_to_raw_midraw.py
[2026-08-02T11:35:23.767+0000] {logging_mixin.py:190} INFO - [2026-08-02T11:35:23.767+0000] {dag.py:3239} INFO - Sync 1 DAGs
[2026-08-02T11:35:23.778+0000] {logging_mixin.py:190} INFO - [2026-08-02T11:35:23.778+0000] {dag.py:4180} INFO - Setting next_dagrun for avito_to_raw_midraw to 2026-08-02 11:00:00+00:00, run_after=2026-08-02 12:00:00+00:00
[2026-08-02T11:35:23.786+0000] {processor.py:208} INFO - Processing /opt/airflow/dags/avito_to_raw_midraw.py took 0.054 seconds
[2026-08-02T11:35:54.020+0000] {processor.py:186} INFO - Started process (PID=1347) to work on /opt/airflow/dags/avito_to_raw_midraw.py
[2026-08-02T11:35:54.021+0000] {processor.py:914} INFO - Processing file /opt/airflow/dags/avito_to_raw_midraw.py for tasks to queue
[2026-08-02T11:35:54.022+0000] {logging_mixin.py:190} INFO - [2026-08-02T11:35:54.022+0000] {dagbag.py:588} INFO - Filling up the DagBag from /opt/airflow/dags/avito_to_raw_midraw.py
[2026-08-02T11:35:54.032+0000] {processor.py:925} INFO - DAG(s) 'avito_to_raw_midraw' retrieved from /opt/airflow/dags/avito_to_raw_midraw.py
[2026-08-02T11:35:54.049+0000] {logging_mixin.py:190} INFO - [2026-08-02T11:35:54.048+0000] {dag.py:3239} INFO - Sync 1 DAGs
[2026-08-02T11:35:54.059+0000] {logging_mixin.py:190} INFO - [2026-08-02T11:35:54.059+0000] {dag.py:4180} INFO - Setting next_dagrun for avito_to_raw_midraw to 2026-08-02 11:00:00+00:00, run_after=2026-08-02 12:00:00+00:00
[2026-08-02T11:35:54.068+0000] {processor.py:208} INFO - Processing /opt/airflow/dags/avito_to_raw_midraw.py took 0.051 seconds
[2026-08-02T11:36:24.272+0000] {processor.py:186} INFO - Started process (PID=1349) to work on /opt/airflow/dags/avito_to_raw_midraw.py
[2026-08-02T11:36:24.273+0000] {processor.py:914} INFO - Processing file /opt/airflow/dags/avito_to_raw_midraw.py for tasks to queue
[2026-08-02T11:36:24.274+0000] {logging_mixin.py:190} INFO - [2026-08-02T11:36:24.274+0000] {dagbag.py:588} INFO - Filling up the DagBag from /opt/airflow/dags/avito_to_raw_midraw.py
[2026-08-02T11:36:24.287+0000] {processor.py:925} INFO - DAG(s) 'avito_to_raw_midraw' retrieved from /opt/airflow/dags/avito_to_raw_midraw.py
[2026-08-02T11:36:24.302+0000] {logging_mixin.py:190} INFO - [2026-08-02T11:36:24.302+0000] {dag.py:3239} INFO - Sync 1 DAGs
[2026-08-02T11:36:24.314+0000] {logging_mixin.py:190} INFO - [2026-08-02T11:36:24.313+0000] {dag.py:4180} INFO - Setting next_dagrun for avito_to_raw_midraw to 2026-08-02 11:00:00+00:00, run_after=2026-08-02 12:00:00+00:00
[2026-08-02T11:36:24.323+0000] {processor.py:208} INFO - Processing /opt/airflow/dags/avito_to_raw_midraw.py took 0.055 seconds
[2026-08-02T11:36:54.594+0000] {processor.py:186} INFO - Started process (PID=1351) to work on /opt/airflow/dags/avito_to_raw_midraw.py
[2026-08-02T11:36:54.595+0000] {processor.py:914} INFO - Processing file /opt/airflow/dags/avito_to_raw_midraw.py for tasks to queue
[2026-08-02T11:36:54.596+0000] {logging_mixin.py:190} INFO - [2026-08-02T11:36:54.596+0000] {dagbag.py:588} INFO - Filling up the DagBag from /opt/airflow/dags/avito_to_raw_midraw.py
[2026-08-02T11:36:54.606+0000] {processor.py:925} INFO - DAG(s) 'avito_to_raw_midraw' retrieved from /opt/airflow/dags/avito_to_raw_midraw.py
[2026-08-02T11:36:54.623+0000] {logging_mixin.py:190} INFO - [2026-08-02T11:36:54.623+0000] {dag.py:3239} INFO - Sync 1 DAGs
[2026-08-02T11:36:54.632+0000] {logging_mixin.py:190} INFO - [2026-08-02T11:36:54.632+0000] {dag.py:4180} INFO - Setting next_dagrun for avito_to_raw_midraw to 2026-08-02 11:00:00+00:00, run_after=2026-08-02 12:00:00+00:00
[2026-08-02T11:36:54.642+0000] {processor.py:208} INFO - Processing /opt/airflow/dags/avito_to_raw_midraw.py took 0.051 seconds
[2026-08-02T11:37:24.876+0000] {processor.py:186} INFO - Started process (PID=1353) to work on /opt/airflow/dags/avito_to_raw_midraw.py
[2026-08-02T11:37:24.878+0000] {processor.py:914} INFO - Processing file /opt/airflow/dags/avito_to_raw_midraw.py for tasks to queue
[2026-08-02T11:37:24.878+0000] {logging_mixin.py:190} INFO - [2026-08-02T11:37:24.878+0000] {dagbag.py:588} INFO - Filling up the DagBag from /opt/airflow/dags/avito_to_raw_midraw.py
[2026-08-02T11:37:24.894+0000] {processor.py:925} INFO - DAG(s) 'avito_to_raw_midraw' retrieved from /opt/airflow/dags/avito_to_raw_midraw.py
[2026-08-02T11:37:24.910+0000] {logging_mixin.py:190} INFO - [2026-08-02T11:37:24.910+0000] {dag.py:3239} INFO - Sync 1 DAGs
[2026-08-02T11:37:24.920+0000] {logging_mixin.py:190} INFO - [2026-08-02T11:37:24.920+0000] {dag.py:4180} INFO - Setting next_dagrun for avito_to_raw_midraw to 2026-08-02 11:00:00+00:00, run_after=2026-08-02 12:00:00+00:00
[2026-08-02T11:37:24.929+0000] {processor.py:208} INFO - Processing /opt/airflow/dags/avito_to_raw_midraw.py took 0.057 seconds
[2026-08-02T11:37:55.190+0000] {processor.py:186} INFO - Started process (PID=1355) to work on /opt/airflow/dags/avito_to_raw_midraw.py
[2026-08-02T11:37:55.190+0000] {processor.py:914} INFO - Processing file /opt/airflow/dags/avito_to_raw_midraw.py for tasks to queue
[2026-08-02T11:37:55.192+0000] {logging_mixin.py:190} INFO - [2026-08-02T11:37:55.192+0000] {dagbag.py:588} INFO - Filling up the DagBag from /opt/airflow/dags/avito_to_raw_midraw.py
[2026-08-02T11:37:55.208+0000] {processor.py:925} INFO - DAG(s) 'avito_to_raw_midraw' retrieved from /opt/airflow/dags/avito_to_raw_midraw.py
[2026-08-02T11:37:55.231+0000] {logging_mixin.py:190} INFO - [2026-08-02T11:37:55.231+0000] {dag.py:3239} INFO - Sync 1 DAGs
[2026-08-02T11:37:55.244+0000] {logging_mixin.py:190} INFO - [2026-08-02T11:37:55.244+0000] {dag.py:4180} INFO - Setting next_dagrun for avito_to_raw_midraw to 2026-08-02 11:00:00+00:00, run_after=2026-08-02 12:00:00+00:00
[2026-08-02T11:37:55.255+0000] {processor.py:208} INFO - Processing /opt/airflow/dags/avito_to_raw_midraw.py took 0.071 seconds
[2026-08-02T11:38:25.440+0000] {processor.py:186} INFO - Started process (PID=1357) to work on /opt/airflow/dags/avito_to_raw_midraw.py
[2026-08-02T11:38:25.441+0000] {processor.py:914} INFO - Processing file /opt/airflow/dags/avito_to_raw_midraw.py for tasks to queue
[2026-08-02T11:38:25.442+0000] {logging_mixin.py:190} INFO - [2026-08-02T11:38:25.442+0000] {dagbag.py:588} INFO - Filling up the DagBag from /opt/airflow/dags/avito_to_raw_midraw.py
[2026-08-02T11:38:25.456+0000] {processor.py:925} INFO - DAG(s) 'avito_to_raw_midraw' retrieved from /opt/airflow/dags/avito_to_raw_midraw.py
[2026-08-02T11:38:25.472+0000] {logging_mixin.py:190} INFO - [2026-08-02T11:38:25.472+0000] {dag.py:3239} INFO - Sync 1 DAGs
[2026-08-02T11:38:25.480+0000] {logging_mixin.py:190} INFO - [2026-08-02T11:38:25.480+0000] {dag.py:4180} INFO - Setting next_dagrun for avito_to_raw_midraw to 2026-08-02 11:00:00+00:00, run_after=2026-08-02 12:00:00+00:00
[2026-08-02T11:38:25.488+0000] {processor.py:208} INFO - Processing /opt/airflow/dags/avito_to_raw_midraw.py took 0.053 seconds
[2026-08-02T11:38:55.677+0000] {processor.py:186} INFO - Started process (PID=1359) to work on /opt/airflow/dags/avito_to_raw_midraw.py
[2026-08-02T11:38:55.678+0000] {processor.py:914} INFO - Processing file /opt/airflow/dags/avito_to_raw_midraw.py for tasks to queue
[2026-08-02T11:38:55.679+0000] {logging_mixin.py:190} INFO - [2026-08-02T11:38:55.679+0000] {dagbag.py:588} INFO - Filling up the DagBag from /opt/airflow/dags/avito_to_raw_midraw.py
[2026-08-02T11:38:55.691+0000] {processor.py:925} INFO - DAG(s) 'avito_to_raw_midraw' retrieved from /opt/airflow/dags/avito_to_raw_midraw.py
[2026-08-02T11:38:55.712+0000] {logging_mixin.py:190} INFO - [2026-08-02T11:38:55.712+0000] {dag.py:3239} INFO - Sync 1 DAGs
[2026-08-02T11:38:55.720+0000] {logging_mixin.py:190} INFO - [2026-08-02T11:38:55.720+0000] {dag.py:4180} INFO - Setting next_dagrun for avito_to_raw_midraw to 2026-08-02 11:00:00+00:00, run_after=2026-08-02 12:00:00+00:00
[2026-08-02T11:38:55.728+0000] {processor.py:208} INFO - Processing /opt/airflow/dags/avito_to_raw_midraw.py took 0.055 seconds
[2026-08-02T11:39:26.015+0000] {processor.py:186} INFO - Started process (PID=1361) to work on /opt/airflow/dags/avito_to_raw_midraw.py
[2026-08-02T11:39:26.015+0000] {processor.py:914} INFO - Processing file /opt/airflow/dags/avito_to_raw_midraw.py for tasks to queue
[2026-08-02T11:39:26.016+0000] {logging_mixin.py:190} INFO - [2026-08-02T11:39:26.016+0000] {dagbag.py:588} INFO - Filling up the DagBag from /opt/airflow/dags/avito_to_raw_midraw.py
[2026-08-02T11:39:26.028+0000] {processor.py:925} INFO - DAG(s) 'avito_to_raw_midraw' retrieved from /opt/airflow/dags/avito_to_raw_midraw.py
[2026-08-02T11:39:26.044+0000] {logging_mixin.py:190} INFO - [2026-08-02T11:39:26.044+0000] {dag.py:3239} INFO - Sync 1 DAGs
[2026-08-02T11:39:26.053+0000] {logging_mixin.py:190} INFO - [2026-08-02T11:39:26.053+0000] {dag.py:4180} INFO - Setting next_dagrun for avito_to_raw_midraw to 2026-08-02 11:00:00+00:00, run_after=2026-08-02 12:00:00+00:00
[2026-08-02T11:39:26.063+0000] {processor.py:208} INFO - Processing /opt/airflow/dags/avito_to_raw_midraw.py took 0.052 seconds
[2026-08-02T11:39:56.330+0000] {processor.py:186} INFO - Started process (PID=1363) to work on /opt/airflow/dags/avito_to_raw_midraw.py
[2026-08-02T11:39:56.331+0000] {processor.py:914} INFO - Processing file /opt/airflow/dags/avito_to_raw_midraw.py for tasks to queue
[2026-08-02T11:39:56.332+0000] {logging_mixin.py:190} INFO - [2026-08-02T11:39:56.331+0000] {dagbag.py:588} INFO - Filling up the DagBag from /opt/airflow/dags/avito_to_raw_midraw.py
[2026-08-02T11:39:56.349+0000] {processor.py:925} INFO - DAG(s) 'avito_to_raw_midraw' retrieved from /opt/airflow/dags/avito_to_raw_midraw.py
[2026-08-02T11:39:56.369+0000] {logging_mixin.py:190} INFO - [2026-08-02T11:39:56.369+0000] {dag.py:3239} INFO - Sync 1 DAGs
[2026-08-02T11:39:56.380+0000] {logging_mixin.py:190} INFO - [2026-08-02T11:39:56.380+0000] {dag.py:4180} INFO - Setting next_dagrun for avito_to_raw_midraw to 2026-08-02 11:00:00+00:00, run_after=2026-08-02 12:00:00+00:00
[2026-08-02T11:39:56.389+0000] {processor.py:208} INFO - Processing /opt/airflow/dags/avito_to_raw_midraw.py took 0.065 seconds
[2026-08-02T11:40:27.022+0000] {processor.py:186} INFO - Started process (PID=1365) to work on /opt/airflow/dags/avito_to_raw_midraw.py
[2026-08-02T11:40:27.023+0000] {processor.py:914} INFO - Processing file /opt/airflow/dags/avito_to_raw_midraw.py for tasks to queue
[2026-08-02T11:40:27.023+0000] {logging_mixin.py:190} INFO - [2026-08-02T11:40:27.023+0000] {dagbag.py:588} INFO - Filling up the DagBag from /opt/airflow/dags/avito_to_raw_midraw.py
[2026-08-02T11:40:27.041+0000] {processor.py:925} INFO - DAG(s) 'avito_to_raw_midraw' retrieved from /opt/airflow/dags/avito_to_raw_midraw.py
[2026-08-02T11:40:27.065+0000] {logging_mixin.py:190} INFO - [2026-08-02T11:40:27.065+0000] {dag.py:3239} INFO - Sync 1 DAGs
[2026-08-02T11:40:27.078+0000] {logging_mixin.py:190} INFO - [2026-08-02T11:40:27.078+0000] {dag.py:4180} INFO - Setting next_dagrun for avito_to_raw_midraw to 2026-08-02 11:00:00+00:00, run_after=2026-08-02 12:00:00+00:00
[2026-08-02T11:40:27.086+0000] {processor.py:208} INFO - Processing /opt/airflow/dags/avito_to_raw_midraw.py took 0.068 seconds
[2026-08-02T11:40:57.306+0000] {processor.py:186} INFO - Started process (PID=1367) to work on /opt/airflow/dags/avito_to_raw_midraw.py
[2026-08-02T11:40:57.306+0000] {processor.py:914} INFO - Processing file /opt/airflow/dags/avito_to_raw_midraw.py for tasks to queue
[2026-08-02T11:40:57.308+0000] {logging_mixin.py:190} INFO - [2026-08-02T11:40:57.307+0000] {dagbag.py:588} INFO - Filling up the DagBag from /opt/airflow/dags/avito_to_raw_midraw.py
[2026-08-02T11:40:57.321+0000] {processor.py:925} INFO - DAG(s) 'avito_to_raw_midraw' retrieved from /opt/airflow/dags/avito_to_raw_midraw.py
[2026-08-02T11:40:57.337+0000] {logging_mixin.py:190} INFO - [2026-08-02T11:40:57.337+0000] {dag.py:3239} INFO - Sync 1 DAGs
[2026-08-02T11:40:57.347+0000] {logging_mixin.py:190} INFO - [2026-08-02T11:40:57.347+0000] {dag.py:4180} INFO - Setting next_dagrun for avito_to_raw_midraw to 2026-08-02 11:00:00+00:00, run_after=2026-08-02 12:00:00+00:00
[2026-08-02T11:40:57.357+0000] {processor.py:208} INFO - Processing /opt/airflow/dags/avito_to_raw_midraw.py took 0.057 seconds
[2026-08-02T11:41:27.649+0000] {processor.py:186} INFO - Started process (PID=1369) to work on /opt/airflow/dags/avito_to_raw_midraw.py
[2026-08-02T11:41:27.649+0000] {processor.py:914} INFO - Processing file /opt/airflow/dags/avito_to_raw_midraw.py for tasks to queue
[2026-08-02T11:41:27.650+0000] {logging_mixin.py:190} INFO - [2026-08-02T11:41:27.650+0000] {dagbag.py:588} INFO - Filling up the DagBag from /opt/airflow/dags/avito_to_raw_midraw.py
[2026-08-02T11:41:27.663+0000] {processor.py:925} INFO - DAG(s) 'avito_to_raw_midraw' retrieved from /opt/airflow/dags/avito_to_raw_midraw.py
[2026-08-02T11:41:27.679+0000] {logging_mixin.py:190} INFO - [2026-08-02T11:41:27.679+0000] {dag.py:3239} INFO - Sync 1 DAGs
[2026-08-02T11:41:27.689+0000] {logging_mixin.py:190} INFO - [2026-08-02T11:41:27.689+0000] {dag.py:4180} INFO - Setting next_dagrun for avito_to_raw_midraw to 2026-08-02 11:00:00+00:00, run_after=2026-08-02 12:00:00+00:00
[2026-08-02T11:41:27.697+0000] {processor.py:208} INFO - Processing /opt/airflow/dags/avito_to_raw_midraw.py took 0.052 seconds
[2026-08-02T11:41:57.926+0000] {processor.py:186} INFO - Started process (PID=1371) to work on /opt/airflow/dags/avito_to_raw_midraw.py
[2026-08-02T11:41:57.927+0000] {processor.py:914} INFO - Processing file /opt/airflow/dags/avito_to_raw_midraw.py for tasks to queue
[2026-08-02T11:41:57.928+0000] {logging_mixin.py:190} INFO - [2026-08-02T11:41:57.928+0000] {dagbag.py:588} INFO - Filling up the DagBag from /opt/airflow/dags/avito_to_raw_midraw.py
[2026-08-02T11:41:57.943+0000] {processor.py:925} INFO - DAG(s) 'avito_to_raw_midraw' retrieved from /opt/airflow/dags/avito_to_raw_midraw.py
[2026-08-02T11:41:57.958+0000] {logging_mixin.py:190} INFO - [2026-08-02T11:41:57.958+0000] {dag.py:3239} INFO - Sync 1 DAGs
[2026-08-02T11:41:57.968+0000] {logging_mixin.py:190} INFO - [2026-08-02T11:41:57.967+0000] {dag.py:4180} INFO - Setting next_dagrun for avito_to_raw_midraw to 2026-08-02 11:00:00+00:00, run_after=2026-08-02 12:00:00+00:00
[2026-08-02T11:41:57.977+0000] {processor.py:208} INFO - Processing /opt/airflow/dags/avito_to_raw_midraw.py took 0.056 seconds
[2026-08-02T11:42:28.186+0000] {processor.py:186} INFO - Started process (PID=1373) to work on /opt/airflow/dags/avito_to_raw_midraw.py
[2026-08-02T11:42:28.187+0000] {processor.py:914} INFO - Processing file /opt/airflow/dags/avito_to_raw_midraw.py for tasks to queue
[2026-08-02T11:42:28.187+0000] {logging_mixin.py:190} INFO - [2026-08-02T11:42:28.187+0000] {dagbag.py:588} INFO - Filling up the DagBag from /opt/airflow/dags/avito_to_raw_midraw.py
[2026-08-02T11:42:28.203+0000] {processor.py:925} INFO - DAG(s) 'avito_to_raw_midraw' retrieved from /opt/airflow/dags/avito_to_raw_midraw.py
[2026-08-02T11:42:28.225+0000] {logging_mixin.py:190} INFO - [2026-08-02T11:42:28.225+0000] {dag.py:3239} INFO - Sync 1 DAGs
[2026-08-02T11:42:28.241+0000] {logging_mixin.py:190} INFO - [2026-08-02T11:42:28.241+0000] {dag.py:4180} INFO - Setting next_dagrun for avito_to_raw_midraw to 2026-08-02 11:00:00+00:00, run_after=2026-08-02 12:00:00+00:00
[2026-08-02T11:42:28.252+0000] {processor.py:208} INFO - Processing /opt/airflow/dags/avito_to_raw_midraw.py took 0.071 seconds
[2026-08-02T11:42:58.445+0000] {processor.py:186} INFO - Started process (PID=1375) to work on /opt/airflow/dags/avito_to_raw_midraw.py
[2026-08-02T11:42:58.446+0000] {processor.py:914} INFO - Processing file /opt/airflow/dags/avito_to_raw_midraw.py for tasks to queue
[2026-08-02T11:42:58.447+0000] {logging_mixin.py:190} INFO - [2026-08-02T11:42:58.446+0000] {dagbag.py:588} INFO - Filling up the DagBag from /opt/airflow/dags/avito_to_raw_midraw.py
[2026-08-02T11:42:58.463+0000] {processor.py:925} INFO - DAG(s) 'avito_to_raw_midraw' retrieved from /opt/airflow/dags/avito_to_raw_midraw.py
[2026-08-02T11:42:58.481+0000] {logging_mixin.py:190} INFO - [2026-08-02T11:42:58.481+0000] {dag.py:3239} INFO - Sync 1 DAGs
[2026-08-02T11:42:58.490+0000] {logging_mixin.py:190} INFO - [2026-08-02T11:42:58.490+0000] {dag.py:4180} INFO - Setting next_dagrun for avito_to_raw_midraw to 2026-08-02 11:00:00+00:00, run_after=2026-08-02 12:00:00+00:00
[2026-08-02T11:42:58.496+0000] {processor.py:208} INFO - Processing /opt/airflow/dags/avito_to_raw_midraw.py took 0.055 seconds
[2026-08-02T11:43:28.706+0000] {processor.py:186} INFO - Started process (PID=1377) to work on /opt/airflow/dags/avito_to_raw_midraw.py
[2026-08-02T11:43:28.707+0000] {processor.py:914} INFO - Processing file /opt/airflow/dags/avito_to_raw_midraw.py for tasks to queue
[2026-08-02T11:43:28.708+0000] {logging_mixin.py:190} INFO - [2026-08-02T11:43:28.708+0000] {dagbag.py:588} INFO - Filling up the DagBag from /opt/airflow/dags/avito_to_raw_midraw.py
[2026-08-02T11:43:28.721+0000] {processor.py:925} INFO - DAG(s) 'avito_to_raw_midraw' retrieved from /opt/airflow/dags/avito_to_raw_midraw.py
[2026-08-02T11:43:28.735+0000] {logging_mixin.py:190} INFO - [2026-08-02T11:43:28.735+0000] {dag.py:3239} INFO - Sync 1 DAGs
[2026-08-02T11:43:28.744+0000] {logging_mixin.py:190} INFO - [2026-08-02T11:43:28.744+0000] {dag.py:4180} INFO - Setting next_dagrun for avito_to_raw_midraw to 2026-08-02 11:00:00+00:00, run_after=2026-08-02 12:00:00+00:00
[2026-08-02T11:43:28.753+0000] {processor.py:208} INFO - Processing /opt/airflow/dags/avito_to_raw_midraw.py took 0.051 seconds
[2026-08-02T11:43:58.954+0000] {processor.py:186} INFO - Started process (PID=1379) to work on /opt/airflow/dags/avito_to_raw_midraw.py
[2026-08-02T11:43:58.954+0000] {processor.py:914} INFO - Processing file /opt/airflow/dags/avito_to_raw_midraw.py for tasks to queue
[2026-08-02T11:43:58.956+0000] {logging_mixin.py:190} INFO - [2026-08-02T11:43:58.956+0000] {dagbag.py:588} INFO - Filling up the DagBag from /opt/airflow/dags/avito_to_raw_midraw.py
[2026-08-02T11:43:58.970+0000] {processor.py:925} INFO - DAG(s) 'avito_to_raw_midraw' retrieved from /opt/airflow/dags/avito_to_raw_midraw.py
[2026-08-02T11:43:58.987+0000] {logging_mixin.py:190} INFO - [2026-08-02T11:43:58.987+0000] {dag.py:3239} INFO - Sync 1 DAGs
[2026-08-02T11:43:58.997+0000] {logging_mixin.py:190} INFO - [2026-08-02T11:43:58.997+0000] {dag.py:4180} INFO - Setting next_dagrun for avito_to_raw_midraw to 2026-08-02 11:00:00+00:00, run_after=2026-08-02 12:00:00+00:00
[2026-08-02T11:43:59.008+0000] {processor.py:208} INFO - Processing /opt/airflow/dags/avito_to_raw_midraw.py took 0.059 seconds
[2026-08-02T11:44:29.182+0000] {processor.py:186} INFO - Started process (PID=1381) to work on /opt/airflow/dags/avito_to_raw_midraw.py
[2026-08-02T11:44:29.183+0000] {processor.py:914} INFO - Processing file /opt/airflow/dags/avito_to_raw_midraw.py for tasks to queue
[2026-08-02T11:44:29.183+0000] {logging_mixin.py:190} INFO - [2026-08-02T11:44:29.183+0000] {dagbag.py:588} INFO - Filling up the DagBag from /opt/airflow/dags/avito_to_raw_midraw.py
[2026-08-02T11:44:29.196+0000] {processor.py:925} INFO - DAG(s) 'avito_to_raw_midraw' retrieved from /opt/airflow/dags/avito_to_raw_midraw.py
[2026-08-02T11:44:29.213+0000] {logging_mixin.py:190} INFO - [2026-08-02T11:44:29.213+0000] {dag.py:3239} INFO - Sync 1 DAGs
[2026-08-02T11:44:29.222+0000] {logging_mixin.py:190} INFO - [2026-08-02T11:44:29.222+0000] {dag.py:4180} INFO - Setting next_dagrun for avito_to_raw_midraw to 2026-08-02 11:00:00+00:00, run_after=2026-08-02 12:00:00+00:00
[2026-08-02T11:44:29.232+0000] {processor.py:208} INFO - Processing /opt/airflow/dags/avito_to_raw_midraw.py took 0.053 seconds
[2026-08-02T11:44:59.450+0000] {processor.py:186} INFO - Started process (PID=1383) to work on /opt/airflow/dags/avito_to_raw_midraw.py
[2026-08-02T11:44:59.451+0000] {processor.py:914} INFO - Processing file /opt/airflow/dags/avito_to_raw_midraw.py for tasks to queue
[2026-08-02T11:44:59.453+0000] {logging_mixin.py:190} INFO - [2026-08-02T11:44:59.453+0000] {dagbag.py:588} INFO - Filling up the DagBag from /opt/airflow/dags/avito_to_raw_midraw.py
[2026-08-02T11:44:59.471+0000] {processor.py:925} INFO - DAG(s) 'avito_to_raw_midraw' retrieved from /opt/airflow/dags/avito_to_raw_midraw.py
[2026-08-02T11:44:59.500+0000] {logging_mixin.py:190} INFO - [2026-08-02T11:44:59.500+0000] {dag.py:3239} INFO - Sync 1 DAGs
[2026-08-02T11:44:59.521+0000] {logging_mixin.py:190} INFO - [2026-08-02T11:44:59.521+0000] {dag.py:4180} INFO - Setting next_dagrun for avito_to_raw_midraw to 2026-08-02 11:00:00+00:00, run_after=2026-08-02 12:00:00+00:00
[2026-08-02T11:44:59.535+0000] {processor.py:208} INFO - Processing /opt/airflow/dags/avito_to_raw_midraw.py took 0.090 seconds
[2026-08-02T11:45:29.631+0000] {processor.py:186} INFO - Started process (PID=1385) to work on /opt/airflow/dags/avito_to_raw_midraw.py
[2026-08-02T11:45:29.632+0000] {processor.py:914} INFO - Processing file /opt/airflow/dags/avito_to_raw_midraw.py for tasks to queue
[2026-08-02T11:45:29.634+0000] {logging_mixin.py:190} INFO - [2026-08-02T11:45:29.633+0000] {dagbag.py:588} INFO - Filling up the DagBag from /opt/airflow/dags/avito_to_raw_midraw.py
[2026-08-02T11:45:29.669+0000] {processor.py:925} INFO - DAG(s) 'avito_to_raw_midraw' retrieved from /opt/airflow/dags/avito_to_raw_midraw.py
[2026-08-02T11:45:29.705+0000] {logging_mixin.py:190} INFO - [2026-08-02T11:45:29.705+0000] {dag.py:3239} INFO - Sync 1 DAGs
[2026-08-02T11:45:29.735+0000] {logging_mixin.py:190} INFO - [2026-08-02T11:45:29.735+0000] {dag.py:4180} INFO - Setting next_dagrun for avito_to_raw_midraw to 2026-08-02 11:00:00+00:00, run_after=2026-08-02 12:00:00+00:00
[2026-08-02T11:45:29.778+0000] {processor.py:208} INFO - Processing /opt/airflow/dags/avito_to_raw_midraw.py took 0.151 seconds
[2026-08-02T11:45:59.956+0000] {processor.py:186} INFO - Started process (PID=1387) to work on /opt/airflow/dags/avito_to_raw_midraw.py
[2026-08-02T11:45:59.965+0000] {processor.py:914} INFO - Processing file /opt/airflow/dags/avito_to_raw_midraw.py for tasks to queue
[2026-08-02T11:45:59.973+0000] {logging_mixin.py:190} INFO - [2026-08-02T11:45:59.971+0000] {dagbag.py:588} INFO - Filling up the DagBag from /opt/airflow/dags/avito_to_raw_midraw.py
[2026-08-02T11:46:00.035+0000] {processor.py:925} INFO - DAG(s) 'avito_to_raw_midraw' retrieved from /opt/airflow/dags/avito_to_raw_midraw.py
[2026-08-02T11:46:00.059+0000] {logging_mixin.py:190} INFO - [2026-08-02T11:46:00.059+0000] {dag.py:3239} INFO - Sync 1 DAGs
[2026-08-02T11:46:00.084+0000] {logging_mixin.py:190} INFO - [2026-08-02T11:46:00.084+0000] {dag.py:4180} INFO - Setting next_dagrun for avito_to_raw_midraw to 2026-08-02 11:00:00+00:00, run_after=2026-08-02 12:00:00+00:00
[2026-08-02T11:46:00.102+0000] {processor.py:208} INFO - Processing /opt/airflow/dags/avito_to_raw_midraw.py took 0.149 seconds
[2026-08-02T11:46:30.270+0000] {processor.py:186} INFO - Started process (PID=1389) to work on /opt/airflow/dags/avito_to_raw_midraw.py
[2026-08-02T11:46:30.274+0000] {processor.py:914} INFO - Processing file /opt/airflow/dags/avito_to_raw_midraw.py for tasks to queue
[2026-08-02T11:46:30.275+0000] {logging_mixin.py:190} INFO - [2026-08-02T11:46:30.275+0000] {dagbag.py:588} INFO - Filling up the DagBag from /opt/airflow/dags/avito_to_raw_midraw.py
[2026-08-02T11:46:30.310+0000] {processor.py:925} INFO - DAG(s) 'avito_to_raw_midraw' retrieved from /opt/airflow/dags/avito_to_raw_midraw.py
[2026-08-02T11:46:30.342+0000] {logging_mixin.py:190} INFO - [2026-08-02T11:46:30.342+0000] {dag.py:3239} INFO - Sync 1 DAGs
[2026-08-02T11:46:30.354+0000] {logging_mixin.py:190} INFO - [2026-08-02T11:46:30.354+0000] {dag.py:4180} INFO - Setting next_dagrun for avito_to_raw_midraw to 2026-08-02 11:00:00+00:00, run_after=2026-08-02 12:00:00+00:00
[2026-08-02T11:46:30.428+0000] {processor.py:208} INFO - Processing /opt/airflow/dags/avito_to_raw_midraw.py took 0.160 seconds
[2026-08-02T11:47:00.626+0000] {processor.py:186} INFO - Started process (PID=1391) to work on /opt/airflow/dags/avito_to_raw_midraw.py
[2026-08-02T11:47:00.627+0000] {processor.py:914} INFO - Processing file /opt/airflow/dags/avito_to_raw_midraw.py for tasks to queue
[2026-08-02T11:47:00.633+0000] {logging_mixin.py:190} INFO - [2026-08-02T11:47:00.632+0000] {dagbag.py:588} INFO - Filling up the DagBag from /opt/airflow/dags/avito_to_raw_midraw.py
[2026-08-02T11:47:00.643+0000] {processor.py:925} INFO - DAG(s) 'avito_to_raw_midraw' retrieved from /opt/airflow/dags/avito_to_raw_midraw.py
[2026-08-02T11:47:00.675+0000] {logging_mixin.py:190} INFO - [2026-08-02T11:47:00.675+0000] {dag.py:3239} INFO - Sync 1 DAGs
[2026-08-02T11:47:00.697+0000] {logging_mixin.py:190} INFO - [2026-08-02T11:47:00.697+0000] {dag.py:4180} INFO - Setting next_dagrun for avito_to_raw_midraw to 2026-08-02 11:00:00+00:00, run_after=2026-08-02 12:00:00+00:00
[2026-08-02T11:47:00.706+0000] {processor.py:208} INFO - Processing /opt/airflow/dags/avito_to_raw_midraw.py took 0.091 seconds
[2026-08-02T11:47:30.776+0000] {processor.py:186} INFO - Started process (PID=1393) to work on /opt/airflow/dags/avito_to_raw_midraw.py
[2026-08-02T11:47:30.778+0000] {processor.py:914} INFO - Processing file /opt/airflow/dags/avito_to_raw_midraw.py for tasks to queue
[2026-08-02T11:47:30.778+0000] {logging_mixin.py:190} INFO - [2026-08-02T11:47:30.778+0000] {dagbag.py:588} INFO - Filling up the DagBag from /opt/airflow/dags/avito_to_raw_midraw.py
[2026-08-02T11:47:30.799+0000] {processor.py:925} INFO - DAG(s) 'avito_to_raw_midraw' retrieved from /opt/airflow/dags/avito_to_raw_midraw.py
[2026-08-02T11:47:30.835+0000] {logging_mixin.py:190} INFO - [2026-08-02T11:47:30.835+0000] {dag.py:3239} INFO - Sync 1 DAGs
[2026-08-02T11:47:30.858+0000] {logging_mixin.py:190} INFO - [2026-08-02T11:47:30.858+0000] {dag.py:4180} INFO - Setting next_dagrun for avito_to_raw_midraw to 2026-08-02 11:00:00+00:00, run_after=2026-08-02 12:00:00+00:00
[2026-08-02T11:47:30.868+0000] {processor.py:208} INFO - Processing /opt/airflow/dags/avito_to_raw_midraw.py took 0.094 seconds
[2026-08-02T11:48:01.046+0000] {processor.py:186} INFO - Started process (PID=1395) to work on /opt/airflow/dags/avito_to_raw_midraw.py
[2026-08-02T11:48:01.065+0000] {processor.py:914} INFO - Processing file /opt/airflow/dags/avito_to_raw_midraw.py for tasks to queue
[2026-08-02T11:48:01.072+0000] {logging_mixin.py:190} INFO - [2026-08-02T11:48:01.072+0000] {dagbag.py:588} INFO - Filling up the DagBag from /opt/airflow/dags/avito_to_raw_midraw.py
[2026-08-02T11:48:01.125+0000] {processor.py:925} INFO - DAG(s) 'avito_to_raw_midraw' retrieved from /opt/airflow/dags/avito_to_raw_midraw.py
[2026-08-02T11:48:01.175+0000] {logging_mixin.py:190} INFO - [2026-08-02T11:48:01.175+0000] {dag.py:3239} INFO - Sync 1 DAGs
[2026-08-02T11:48:01.188+0000] {logging_mixin.py:190} INFO - [2026-08-02T11:48:01.188+0000] {dag.py:4180} INFO - Setting next_dagrun for avito_to_raw_midraw to 2026-08-02 11:00:00+00:00, run_after=2026-08-02 12:00:00+00:00
[2026-08-02T11:48:01.209+0000] {processor.py:208} INFO - Processing /opt/airflow/dags/avito_to_raw_midraw.py took 0.169 seconds
[2026-08-02T11:48:31.376+0000] {processor.py:186} INFO - Started process (PID=1397) to work on /opt/airflow/dags/avito_to_raw_midraw.py
[2026-08-02T11:48:31.377+0000] {processor.py:914} INFO - Processing file /opt/airflow/dags/avito_to_raw_midraw.py for tasks to queue
[2026-08-02T11:48:31.378+0000] {logging_mixin.py:190} INFO - [2026-08-02T11:48:31.378+0000] {dagbag.py:588} INFO - Filling up the DagBag from /opt/airflow/dags/avito_to_raw_midraw.py
[2026-08-02T11:48:31.402+0000] {processor.py:925} INFO - DAG(s) 'avito_to_raw_midraw' retrieved from /opt/airflow/dags/avito_to_raw_midraw.py
[2026-08-02T11:48:31.431+0000] {logging_mixin.py:190} INFO - [2026-08-02T11:48:31.431+0000] {dag.py:3239} INFO - Sync 1 DAGs
[2026-08-02T11:48:31.461+0000] {logging_mixin.py:190} INFO - [2026-08-02T11:48:31.461+0000] {dag.py:4180} INFO - Setting next_dagrun for avito_to_raw_midraw to 2026-08-02 11:00:00+00:00, run_after=2026-08-02 12:00:00+00:00
[2026-08-02T11:48:31.481+0000] {processor.py:208} INFO - Processing /opt/airflow/dags/avito_to_raw_midraw.py took 0.109 seconds
[2026-08-02T11:49:01.587+0000] {processor.py:186} INFO - Started process (PID=1399) to work on /opt/airflow/dags/avito_to_raw_midraw.py
[2026-08-02T11:49:01.588+0000] {processor.py:914} INFO - Processing file /opt/airflow/dags/avito_to_raw_midraw.py for tasks to queue
[2026-08-02T11:49:01.589+0000] {logging_mixin.py:190} INFO - [2026-08-02T11:49:01.589+0000] {dagbag.py:588} INFO - Filling up the DagBag from /opt/airflow/dags/avito_to_raw_midraw.py
[2026-08-02T11:49:01.633+0000] {processor.py:925} INFO - DAG(s) 'avito_to_raw_midraw' retrieved from /opt/airflow/dags/avito_to_raw_midraw.py
[2026-08-02T11:49:01.670+0000] {logging_mixin.py:190} INFO - [2026-08-02T11:49:01.670+0000] {dag.py:3239} INFO - Sync 1 DAGs
[2026-08-02T11:49:01.686+0000] {logging_mixin.py:190} INFO - [2026-08-02T11:49:01.686+0000] {dag.py:4180} INFO - Setting next_dagrun for avito_to_raw_midraw to 2026-08-02 11:00:00+00:00, run_after=2026-08-02 12:00:00+00:00
[2026-08-02T11:49:01.700+0000] {processor.py:208} INFO - Processing /opt/airflow/dags/avito_to_raw_midraw.py took 0.121 seconds
[2026-08-02T11:49:31.999+0000] {processor.py:186} INFO - Started process (PID=1401) to work on /opt/airflow/dags/avito_to_raw_midraw.py
[2026-08-02T11:49:32.006+0000] {processor.py:914} INFO - Processing file /opt/airflow/dags/avito_to_raw_midraw.py for tasks to queue
[2026-08-02T11:49:32.011+0000] {logging_mixin.py:190} INFO - [2026-08-02T11:49:32.011+0000] {dagbag.py:588} INFO - Filling up the DagBag from /opt/airflow/dags/avito_to_raw_midraw.py
[2026-08-02T11:49:32.097+0000] {processor.py:925} INFO - DAG(s) 'avito_to_raw_midraw' retrieved from /opt/airflow/dags/avito_to_raw_midraw.py
[2026-08-02T11:49:32.173+0000] {logging_mixin.py:190} INFO - [2026-08-02T11:49:32.173+0000] {dag.py:3239} INFO - Sync 1 DAGs
[2026-08-02T11:49:32.200+0000] {logging_mixin.py:190} INFO - [2026-08-02T11:49:32.200+0000] {dag.py:4180} INFO - Setting next_dagrun for avito_to_raw_midraw to 2026-08-02 11:00:00+00:00, run_after=2026-08-02 12:00:00+00:00
[2026-08-02T11:49:32.240+0000] {processor.py:208} INFO - Processing /opt/airflow/dags/avito_to_raw_midraw.py took 0.245 seconds
[2026-08-02T11:50:02.419+0000] {processor.py:186} INFO - Started process (PID=1403) to work on /opt/airflow/dags/avito_to_raw_midraw.py
[2026-08-02T11:50:02.421+0000] {processor.py:914} INFO - Processing file /opt/airflow/dags/avito_to_raw_midraw.py for tasks to queue
[2026-08-02T11:50:02.422+0000] {logging_mixin.py:190} INFO - [2026-08-02T11:50:02.422+0000] {dagbag.py:588} INFO - Filling up the DagBag from /opt/airflow/dags/avito_to_raw_midraw.py
[2026-08-02T11:50:02.500+0000] {processor.py:925} INFO - DAG(s) 'avito_to_raw_midraw' retrieved from /opt/airflow/dags/avito_to_raw_midraw.py
[2026-08-02T11:50:02.550+0000] {logging_mixin.py:190} INFO - [2026-08-02T11:50:02.550+0000] {dag.py:3239} INFO - Sync 1 DAGs
[2026-08-02T11:50:02.578+0000] {logging_mixin.py:190} INFO - [2026-08-02T11:50:02.578+0000] {dag.py:4180} INFO - Setting next_dagrun for avito_to_raw_midraw to 2026-08-02 11:00:00+00:00, run_after=2026-08-02 12:00:00+00:00
[2026-08-02T11:50:02.601+0000] {processor.py:208} INFO - Processing /opt/airflow/dags/avito_to_raw_midraw.py took 0.186 seconds
[2026-08-02T11:50:32.809+0000] {processor.py:186} INFO - Started process (PID=1405) to work on /opt/airflow/dags/avito_to_raw_midraw.py
[2026-08-02T11:50:32.815+0000] {processor.py:914} INFO - Processing file /opt/airflow/dags/avito_to_raw_midraw.py for tasks to queue
[2026-08-02T11:50:32.819+0000] {logging_mixin.py:190} INFO - [2026-08-02T11:50:32.819+0000] {dagbag.py:588} INFO - Filling up the DagBag from /opt/airflow/dags/avito_to_raw_midraw.py
[2026-08-02T11:50:32.893+0000] {processor.py:925} INFO - DAG(s) 'avito_to_raw_midraw' retrieved from /opt/airflow/dags/avito_to_raw_midraw.py
[2026-08-02T11:50:32.927+0000] {logging_mixin.py:190} INFO - [2026-08-02T11:50:32.927+0000] {dag.py:3239} INFO - Sync 1 DAGs
[2026-08-02T11:50:32.958+0000] {logging_mixin.py:190} INFO - [2026-08-02T11:50:32.958+0000] {dag.py:4180} INFO - Setting next_dagrun for avito_to_raw_midraw to 2026-08-02 11:00:00+00:00, run_after=2026-08-02 12:00:00+00:00
[2026-08-02T11:50:32.987+0000] {processor.py:208} INFO - Processing /opt/airflow/dags/avito_to_raw_midraw.py took 0.186 seconds
[2026-08-02T11:51:03.128+0000] {processor.py:186} INFO - Started process (PID=1407) to work on /opt/airflow/dags/avito_to_raw_midraw.py
[2026-08-02T11:51:03.129+0000] {processor.py:914} INFO - Processing file /opt/airflow/dags/avito_to_raw_midraw.py for tasks to queue
[2026-08-02T11:51:03.129+0000] {logging_mixin.py:190} INFO - [2026-08-02T11:51:03.129+0000] {dagbag.py:588} INFO - Filling up the DagBag from /opt/airflow/dags/avito_to_raw_midraw.py
[2026-08-02T11:51:03.141+0000] {processor.py:925} INFO - DAG(s) 'avito_to_raw_midraw' retrieved from /opt/airflow/dags/avito_to_raw_midraw.py
[2026-08-02T11:51:03.153+0000] {logging_mixin.py:190} INFO - [2026-08-02T11:51:03.153+0000] {dag.py:3239} INFO - Sync 1 DAGs
[2026-08-02T11:51:03.161+0000] {logging_mixin.py:190} INFO - [2026-08-02T11:51:03.161+0000] {dag.py:4180} INFO - Setting next_dagrun for avito_to_raw_midraw to 2026-08-02 11:00:00+00:00, run_after=2026-08-02 12:00:00+00:00
[2026-08-02T11:51:03.168+0000] {processor.py:208} INFO - Processing /opt/airflow/dags/avito_to_raw_midraw.py took 0.043 seconds
[2026-08-02T11:51:33.355+0000] {processor.py:186} INFO - Started process (PID=1409) to work on /opt/airflow/dags/avito_to_raw_midraw.py
[2026-08-02T11:51:33.356+0000] {processor.py:914} INFO - Processing file /opt/airflow/dags/avito_to_raw_midraw.py for tasks to queue
[2026-08-02T11:51:33.358+0000] {logging_mixin.py:190} INFO - [2026-08-02T11:51:33.358+0000] {dagbag.py:588} INFO - Filling up the DagBag from /opt/airflow/dags/avito_to_raw_midraw.py
[2026-08-02T11:51:33.401+0000] {processor.py:925} INFO - DAG(s) 'avito_to_raw_midraw' retrieved from /opt/airflow/dags/avito_to_raw_midraw.py
[2026-08-02T11:51:33.439+0000] {logging_mixin.py:190} INFO - [2026-08-02T11:51:33.438+0000] {dag.py:3239} INFO - Sync 1 DAGs
[2026-08-02T11:51:33.455+0000] {logging_mixin.py:190} INFO - [2026-08-02T11:51:33.455+0000] {dag.py:4180} INFO - Setting next_dagrun for avito_to_raw_midraw to 2026-08-02 11:00:00+00:00, run_after=2026-08-02 12:00:00+00:00
[2026-08-02T11:51:33.471+0000] {processor.py:208} INFO - Processing /opt/airflow/dags/avito_to_raw_midraw.py took 0.119 seconds
[2026-08-02T11:52:03.537+0000] {processor.py:186} INFO - Started process (PID=1411) to work on /opt/airflow/dags/avito_to_raw_midraw.py
[2026-08-02T11:52:03.539+0000] {processor.py:914} INFO - Processing file /opt/airflow/dags/avito_to_raw_midraw.py for tasks to queue
[2026-08-02T11:52:03.542+0000] {logging_mixin.py:190} INFO - [2026-08-02T11:52:03.540+0000] {dagbag.py:588} INFO - Filling up the DagBag from /opt/airflow/dags/avito_to_raw_midraw.py
[2026-08-02T11:52:03.568+0000] {processor.py:925} INFO - DAG(s) 'avito_to_raw_midraw' retrieved from /opt/airflow/dags/avito_to_raw_midraw.py
[2026-08-02T11:52:03.596+0000] {logging_mixin.py:190} INFO - [2026-08-02T11:52:03.596+0000] {dag.py:3239} INFO - Sync 1 DAGs
[2026-08-02T11:52:03.614+0000] {logging_mixin.py:190} INFO - [2026-08-02T11:52:03.613+0000] {dag.py:4180} INFO - Setting next_dagrun for avito_to_raw_midraw to 2026-08-02 11:00:00+00:00, run_after=2026-08-02 12:00:00+00:00
[2026-08-02T11:52:03.635+0000] {processor.py:208} INFO - Processing /opt/airflow/dags/avito_to_raw_midraw.py took 0.101 seconds
[2026-08-02T11:52:33.740+0000] {processor.py:186} INFO - Started process (PID=1413) to work on /opt/airflow/dags/avito_to_raw_midraw.py
[2026-08-02T11:52:33.741+0000] {processor.py:914} INFO - Processing file /opt/airflow/dags/avito_to_raw_midraw.py for tasks to queue
[2026-08-02T11:52:33.743+0000] {logging_mixin.py:190} INFO - [2026-08-02T11:52:33.742+0000] {dagbag.py:588} INFO - Filling up the DagBag from /opt/airflow/dags/avito_to_raw_midraw.py
[2026-08-02T11:52:33.773+0000] {processor.py:925} INFO - DAG(s) 'avito_to_raw_midraw' retrieved from /opt/airflow/dags/avito_to_raw_midraw.py
[2026-08-02T11:52:33.798+0000] {logging_mixin.py:190} INFO - [2026-08-02T11:52:33.798+0000] {dag.py:3239} INFO - Sync 1 DAGs
[2026-08-02T11:52:33.808+0000] {logging_mixin.py:190} INFO - [2026-08-02T11:52:33.808+0000] {dag.py:4180} INFO - Setting next_dagrun for avito_to_raw_midraw to 2026-08-02 11:00:00+00:00, run_after=2026-08-02 12:00:00+00:00
[2026-08-02T11:52:33.822+0000] {processor.py:208} INFO - Processing /opt/airflow/dags/avito_to_raw_midraw.py took 0.085 seconds
[2026-08-02T11:53:03.883+0000] {processor.py:186} INFO - Started process (PID=1415) to work on /opt/airflow/dags/avito_to_raw_midraw.py
[2026-08-02T11:53:03.884+0000] {processor.py:914} INFO - Processing file /opt/airflow/dags/avito_to_raw_midraw.py for tasks to queue
[2026-08-02T11:53:03.885+0000] {logging_mixin.py:190} INFO - [2026-08-02T11:53:03.885+0000] {dagbag.py:588} INFO - Filling up the DagBag from /opt/airflow/dags/avito_to_raw_midraw.py
[2026-08-02T11:53:03.909+0000] {processor.py:925} INFO - DAG(s) 'avito_to_raw_midraw' retrieved from /opt/airflow/dags/avito_to_raw_midraw.py
[2026-08-02T11:53:03.939+0000] {logging_mixin.py:190} INFO - [2026-08-02T11:53:03.938+0000] {dag.py:3239} INFO - Sync 1 DAGs
[2026-08-02T11:53:03.949+0000] {logging_mixin.py:190} INFO - [2026-08-02T11:53:03.949+0000] {dag.py:4180} INFO - Setting next_dagrun for avito_to_raw_midraw to 2026-08-02 11:00:00+00:00, run_after=2026-08-02 12:00:00+00:00
[2026-08-02T11:53:03.986+0000] {processor.py:208} INFO - Processing /opt/airflow/dags/avito_to_raw_midraw.py took 0.108 seconds
[2026-08-02T11:53:34.192+0000] {processor.py:186} INFO - Started process (PID=1417) to work on /opt/airflow/dags/avito_to_raw_midraw.py
[2026-08-02T11:53:34.198+0000] {processor.py:914} INFO - Processing file /opt/airflow/dags/avito_to_raw_midraw.py for tasks to queue
[2026-08-02T11:53:34.202+0000] {logging_mixin.py:190} INFO - [2026-08-02T11:53:34.201+0000] {dagbag.py:588} INFO - Filling up the DagBag from /opt/airflow/dags/avito_to_raw_midraw.py
[2026-08-02T11:53:34.281+0000] {processor.py:925} INFO - DAG(s) 'avito_to_raw_midraw' retrieved from /opt/airflow/dags/avito_to_raw_midraw.py
[2026-08-02T11:53:34.338+0000] {logging_mixin.py:190} INFO - [2026-08-02T11:53:34.338+0000] {dag.py:3239} INFO - Sync 1 DAGs
[2026-08-02T11:53:34.353+0000] {logging_mixin.py:190} INFO - [2026-08-02T11:53:34.353+0000] {dag.py:4180} INFO - Setting next_dagrun for avito_to_raw_midraw to 2026-08-02 11:00:00+00:00, run_after=2026-08-02 12:00:00+00:00
[2026-08-02T11:53:34.376+0000] {processor.py:208} INFO - Processing /opt/airflow/dags/avito_to_raw_midraw.py took 0.199 seconds
[2026-08-02T11:54:04.642+0000] {processor.py:186} INFO - Started process (PID=1419) to work on /opt/airflow/dags/avito_to_raw_midraw.py
[2026-08-02T11:54:04.644+0000] {processor.py:914} INFO - Processing file /opt/airflow/dags/avito_to_raw_midraw.py for tasks to queue
[2026-08-02T11:54:04.645+0000] {logging_mixin.py:190} INFO - [2026-08-02T11:54:04.645+0000] {dagbag.py:588} INFO - Filling up the DagBag from /opt/airflow/dags/avito_to_raw_midraw.py
[2026-08-02T11:54:04.677+0000] {processor.py:925} INFO - DAG(s) 'avito_to_raw_midraw' retrieved from /opt/airflow/dags/avito_to_raw_midraw.py
[2026-08-02T11:54:04.709+0000] {logging_mixin.py:190} INFO - [2026-08-02T11:54:04.708+0000] {dag.py:3239} INFO - Sync 1 DAGs
[2026-08-02T11:54:04.728+0000] {logging_mixin.py:190} INFO - [2026-08-02T11:54:04.728+0000] {dag.py:4180} INFO - Setting next_dagrun for avito_to_raw_midraw to 2026-08-02 11:00:00+00:00, run_after=2026-08-02 12:00:00+00:00
[2026-08-02T11:54:04.771+0000] {processor.py:208} INFO - Processing /opt/airflow/dags/avito_to_raw_midraw.py took 0.137 seconds
[2026-08-02T11:54:34.923+0000] {processor.py:186} INFO - Started process (PID=1421) to work on /opt/airflow/dags/avito_to_raw_midraw.py
[2026-08-02T11:54:34.927+0000] {processor.py:914} INFO - Processing file /opt/airflow/dags/avito_to_raw_midraw.py for tasks to queue
[2026-08-02T11:54:34.932+0000] {logging_mixin.py:190} INFO - [2026-08-02T11:54:34.932+0000] {dagbag.py:588} INFO - Filling up the DagBag from /opt/airflow/dags/avito_to_raw_midraw.py
[2026-08-02T11:54:34.953+0000] {processor.py:925} INFO - DAG(s) 'avito_to_raw_midraw' retrieved from /opt/airflow/dags/avito_to_raw_midraw.py
[2026-08-02T11:54:34.977+0000] {logging_mixin.py:190} INFO - [2026-08-02T11:54:34.977+0000] {dag.py:3239} INFO - Sync 1 DAGs
[2026-08-02T11:54:34.989+0000] {logging_mixin.py:190} INFO - [2026-08-02T11:54:34.989+0000] {dag.py:4180} INFO - Setting next_dagrun for avito_to_raw_midraw to 2026-08-02 11:00:00+00:00, run_after=2026-08-02 12:00:00+00:00
[2026-08-02T11:54:35.001+0000] {processor.py:208} INFO - Processing /opt/airflow/dags/avito_to_raw_midraw.py took 0.080 seconds
[2026-08-02T11:55:05.173+0000] {processor.py:186} INFO - Started process (PID=1423) to work on /opt/airflow/dags/avito_to_raw_midraw.py
[2026-08-02T11:55:05.173+0000] {processor.py:914} INFO - Processing file /opt/airflow/dags/avito_to_raw_midraw.py for tasks to queue
[2026-08-02T11:55:05.175+0000] {logging_mixin.py:190} INFO - [2026-08-02T11:55:05.175+0000] {dagbag.py:588} INFO - Filling up the DagBag from /opt/airflow/dags/avito_to_raw_midraw.py
[2026-08-02T11:55:05.187+0000] {processor.py:925} INFO - DAG(s) 'avito_to_raw_midraw' retrieved from /opt/airflow/dags/avito_to_raw_midraw.py
[2026-08-02T11:55:05.201+0000] {logging_mixin.py:190} INFO - [2026-08-02T11:55:05.201+0000] {dag.py:3239} INFO - Sync 1 DAGs
[2026-08-02T11:55:05.209+0000] {logging_mixin.py:190} INFO - [2026-08-02T11:55:05.209+0000] {dag.py:4180} INFO - Setting next_dagrun for avito_to_raw_midraw to 2026-08-02 11:00:00+00:00, run_after=2026-08-02 12:00:00+00:00
[2026-08-02T11:55:05.218+0000] {processor.py:208} INFO - Processing /opt/airflow/dags/avito_to_raw_midraw.py took 0.049 seconds
[2026-08-02T11:55:35.395+0000] {processor.py:186} INFO - Started process (PID=1425) to work on /opt/airflow/dags/avito_to_raw_midraw.py
[2026-08-02T11:55:35.396+0000] {processor.py:914} INFO - Processing file /opt/airflow/dags/avito_to_raw_midraw.py for tasks to queue
[2026-08-02T11:55:35.397+0000] {logging_mixin.py:190} INFO - [2026-08-02T11:55:35.397+0000] {dagbag.py:588} INFO - Filling up the DagBag from /opt/airflow/dags/avito_to_raw_midraw.py
[2026-08-02T11:55:35.428+0000] {processor.py:925} INFO - DAG(s) 'avito_to_raw_midraw' retrieved from /opt/airflow/dags/avito_to_raw_midraw.py
[2026-08-02T11:55:35.469+0000] {logging_mixin.py:190} INFO - [2026-08-02T11:55:35.469+0000] {dag.py:3239} INFO - Sync 1 DAGs
[2026-08-02T11:55:35.492+0000] {logging_mixin.py:190} INFO - [2026-08-02T11:55:35.492+0000] {dag.py:4180} INFO - Setting next_dagrun for avito_to_raw_midraw to 2026-08-02 11:00:00+00:00, run_after=2026-08-02 12:00:00+00:00
[2026-08-02T11:55:35.513+0000] {processor.py:208} INFO - Processing /opt/airflow/dags/avito_to_raw_midraw.py took 0.125 seconds
[2026-08-02T11:56:05.687+0000] {processor.py:186} INFO - Started process (PID=1427) to work on /opt/airflow/dags/avito_to_raw_midraw.py
[2026-08-02T11:56:05.690+0000] {processor.py:914} INFO - Processing file /opt/airflow/dags/avito_to_raw_midraw.py for tasks to queue
[2026-08-02T11:56:05.694+0000] {logging_mixin.py:190} INFO - [2026-08-02T11:56:05.693+0000] {dagbag.py:588} INFO - Filling up the DagBag from /opt/airflow/dags/avito_to_raw_midraw.py
[2026-08-02T11:56:05.731+0000] {processor.py:925} INFO - DAG(s) 'avito_to_raw_midraw' retrieved from /opt/airflow/dags/avito_to_raw_midraw.py
[2026-08-02T11:56:05.772+0000] {logging_mixin.py:190} INFO - [2026-08-02T11:56:05.771+0000] {dag.py:3239} INFO - Sync 1 DAGs
[2026-08-02T11:56:05.785+0000] {logging_mixin.py:190} INFO - [2026-08-02T11:56:05.785+0000] {dag.py:4180} INFO - Setting next_dagrun for avito_to_raw_midraw to 2026-08-02 11:00:00+00:00, run_after=2026-08-02 12:00:00+00:00
[2026-08-02T11:56:05.796+0000] {processor.py:208} INFO - Processing /opt/airflow/dags/avito_to_raw_midraw.py took 0.116 seconds
[2026-08-02T11:56:35.959+0000] {processor.py:186} INFO - Started process (PID=1429) to work on /opt/airflow/dags/avito_to_raw_midraw.py
[2026-08-02T11:56:35.962+0000] {processor.py:914} INFO - Processing file /opt/airflow/dags/avito_to_raw_midraw.py for tasks to queue
[2026-08-02T11:56:35.965+0000] {logging_mixin.py:190} INFO - [2026-08-02T11:56:35.964+0000] {dagbag.py:588} INFO - Filling up the DagBag from /opt/airflow/dags/avito_to_raw_midraw.py
[2026-08-02T11:56:35.990+0000] {processor.py:925} INFO - DAG(s) 'avito_to_raw_midraw' retrieved from /opt/airflow/dags/avito_to_raw_midraw.py
[2026-08-02T11:56:36.024+0000] {logging_mixin.py:190} INFO - [2026-08-02T11:56:36.024+0000] {dag.py:3239} INFO - Sync 1 DAGs
[2026-08-02T11:56:36.036+0000] {logging_mixin.py:190} INFO - [2026-08-02T11:56:36.036+0000] {dag.py:4180} INFO - Setting next_dagrun for avito_to_raw_midraw to 2026-08-02 11:00:00+00:00, run_after=2026-08-02 12:00:00+00:00
[2026-08-02T11:56:36.047+0000] {processor.py:208} INFO - Processing /opt/airflow/dags/avito_to_raw_midraw.py took 0.099 seconds
[2026-08-02T11:57:06.189+0000] {processor.py:186} INFO - Started process (PID=1431) to work on /opt/airflow/dags/avito_to_raw_midraw.py
[2026-08-02T11:57:06.190+0000] {processor.py:914} INFO - Processing file /opt/airflow/dags/avito_to_raw_midraw.py for tasks to queue
[2026-08-02T11:57:06.190+0000] {logging_mixin.py:190} INFO - [2026-08-02T11:57:06.190+0000] {dagbag.py:588} INFO - Filling up the DagBag from /opt/airflow/dags/avito_to_raw_midraw.py
[2026-08-02T11:57:06.209+0000] {processor.py:925} INFO - DAG(s) 'avito_to_raw_midraw' retrieved from /opt/airflow/dags/avito_to_raw_midraw.py
[2026-08-02T11:57:06.238+0000] {logging_mixin.py:190} INFO - [2026-08-02T11:57:06.238+0000] {dag.py:3239} INFO - Sync 1 DAGs
[2026-08-02T11:57:06.256+0000] {logging_mixin.py:190} INFO - [2026-08-02T11:57:06.255+0000] {dag.py:4180} INFO - Setting next_dagrun for avito_to_raw_midraw to 2026-08-02 11:00:00+00:00, run_after=2026-08-02 12:00:00+00:00
[2026-08-02T11:57:06.267+0000] {processor.py:208} INFO - Processing /opt/airflow/dags/avito_to_raw_midraw.py took 0.081 seconds
[2026-08-02T11:57:36.319+0000] {processor.py:186} INFO - Started process (PID=1433) to work on /opt/airflow/dags/avito_to_raw_midraw.py
[2026-08-02T11:57:36.321+0000] {processor.py:914} INFO - Processing file /opt/airflow/dags/avito_to_raw_midraw.py for tasks to queue
[2026-08-02T11:57:36.329+0000] {logging_mixin.py:190} INFO - [2026-08-02T11:57:36.329+0000] {dagbag.py:588} INFO - Filling up the DagBag from /opt/airflow/dags/avito_to_raw_midraw.py
[2026-08-02T11:57:36.357+0000] {processor.py:925} INFO - DAG(s) 'avito_to_raw_midraw' retrieved from /opt/airflow/dags/avito_to_raw_midraw.py
[2026-08-02T11:57:36.386+0000] {logging_mixin.py:190} INFO - [2026-08-02T11:57:36.386+0000] {dag.py:3239} INFO - Sync 1 DAGs
[2026-08-02T11:57:36.402+0000] {logging_mixin.py:190} INFO - [2026-08-02T11:57:36.401+0000] {dag.py:4180} INFO - Setting next_dagrun for avito_to_raw_midraw to 2026-08-02 11:00:00+00:00, run_after=2026-08-02 12:00:00+00:00
[2026-08-02T11:57:36.415+0000] {processor.py:208} INFO - Processing /opt/airflow/dags/avito_to_raw_midraw.py took 0.103 seconds
[2026-08-02T11:58:06.573+0000] {processor.py:186} INFO - Started process (PID=1435) to work on /opt/airflow/dags/avito_to_raw_midraw.py
[2026-08-02T11:58:06.586+0000] {processor.py:914} INFO - Processing file /opt/airflow/dags/avito_to_raw_midraw.py for tasks to queue
[2026-08-02T11:58:06.587+0000] {logging_mixin.py:190} INFO - [2026-08-02T11:58:06.587+0000] {dagbag.py:588} INFO - Filling up the DagBag from /opt/airflow/dags/avito_to_raw_midraw.py
[2026-08-02T11:58:06.619+0000] {processor.py:925} INFO - DAG(s) 'avito_to_raw_midraw' retrieved from /opt/airflow/dags/avito_to_raw_midraw.py
[2026-08-02T11:58:06.657+0000] {logging_mixin.py:190} INFO - [2026-08-02T11:58:06.657+0000] {dag.py:3239} INFO - Sync 1 DAGs
[2026-08-02T11:58:06.683+0000] {logging_mixin.py:190} INFO - [2026-08-02T11:58:06.683+0000] {dag.py:4180} INFO - Setting next_dagrun for avito_to_raw_midraw to 2026-08-02 11:00:00+00:00, run_after=2026-08-02 12:00:00+00:00
[2026-08-02T11:58:06.694+0000] {processor.py:208} INFO - Processing /opt/airflow/dags/avito_to_raw_midraw.py took 0.123 seconds
[2026-08-02T11:58:36.864+0000] {processor.py:186} INFO - Started process (PID=1437) to work on /opt/airflow/dags/avito_to_raw_midraw.py
[2026-08-02T11:58:36.867+0000] {processor.py:914} INFO - Processing file /opt/airflow/dags/avito_to_raw_midraw.py for tasks to queue
[2026-08-02T11:58:36.871+0000] {logging_mixin.py:190} INFO - [2026-08-02T11:58:36.871+0000] {dagbag.py:588} INFO - Filling up the DagBag from /opt/airflow/dags/avito_to_raw_midraw.py
[2026-08-02T11:58:36.892+0000] {processor.py:925} INFO - DAG(s) 'avito_to_raw_midraw' retrieved from /opt/airflow/dags/avito_to_raw_midraw.py
[2026-08-02T11:58:36.923+0000] {logging_mixin.py:190} INFO - [2026-08-02T11:58:36.923+0000] {dag.py:3239} INFO - Sync 1 DAGs
[2026-08-02T11:58:36.940+0000] {logging_mixin.py:190} INFO - [2026-08-02T11:58:36.940+0000] {dag.py:4180} INFO - Setting next_dagrun for avito_to_raw_midraw to 2026-08-02 11:00:00+00:00, run_after=2026-08-02 12:00:00+00:00
[2026-08-02T11:58:36.950+0000] {processor.py:208} INFO - Processing /opt/airflow/dags/avito_to_raw_midraw.py took 0.097 seconds
[2026-08-02T11:59:07.082+0000] {processor.py:186} INFO - Started process (PID=1439) to work on /opt/airflow/dags/avito_to_raw_midraw.py
[2026-08-02T11:59:07.083+0000] {processor.py:914} INFO - Processing file /opt/airflow/dags/avito_to_raw_midraw.py for tasks to queue
[2026-08-02T11:59:07.084+0000] {logging_mixin.py:190} INFO - [2026-08-02T11:59:07.084+0000] {dagbag.py:588} INFO - Filling up the DagBag from /opt/airflow/dags/avito_to_raw_midraw.py
[2026-08-02T11:59:07.108+0000] {processor.py:925} INFO - DAG(s) 'avito_to_raw_midraw' retrieved from /opt/airflow/dags/avito_to_raw_midraw.py
[2026-08-02T11:59:07.140+0000] {logging_mixin.py:190} INFO - [2026-08-02T11:59:07.139+0000] {dag.py:3239} INFO - Sync 1 DAGs
[2026-08-02T11:59:07.160+0000] {logging_mixin.py:190} INFO - [2026-08-02T11:59:07.159+0000] {dag.py:4180} INFO - Setting next_dagrun for avito_to_raw_midraw to 2026-08-02 11:00:00+00:00, run_after=2026-08-02 12:00:00+00:00
[2026-08-02T11:59:07.169+0000] {processor.py:208} INFO - Processing /opt/airflow/dags/avito_to_raw_midraw.py took 0.096 seconds
[2026-08-02T11:59:37.228+0000] {processor.py:186} INFO - Started process (PID=1441) to work on /opt/airflow/dags/avito_to_raw_midraw.py
[2026-08-02T11:59:37.232+0000] {processor.py:914} INFO - Processing file /opt/airflow/dags/avito_to_raw_midraw.py for tasks to queue
[2026-08-02T11:59:37.234+0000] {logging_mixin.py:190} INFO - [2026-08-02T11:59:37.234+0000] {dagbag.py:588} INFO - Filling up the DagBag from /opt/airflow/dags/avito_to_raw_midraw.py
[2026-08-02T11:59:37.257+0000] {processor.py:925} INFO - DAG(s) 'avito_to_raw_midraw' retrieved from /opt/airflow/dags/avito_to_raw_midraw.py
[2026-08-02T11:59:37.299+0000] {logging_mixin.py:190} INFO - [2026-08-02T11:59:37.299+0000] {dag.py:3239} INFO - Sync 1 DAGs
[2026-08-02T11:59:37.319+0000] {logging_mixin.py:190} INFO - [2026-08-02T11:59:37.319+0000] {dag.py:4180} INFO - Setting next_dagrun for avito_to_raw_midraw to 2026-08-02 11:00:00+00:00, run_after=2026-08-02 12:00:00+00:00
[2026-08-02T11:59:37.351+0000] {processor.py:208} INFO - Processing /opt/airflow/dags/avito_to_raw_midraw.py took 0.136 seconds
[2026-08-02T12:00:07.540+0000] {processor.py:186} INFO - Started process (PID=1443) to work on /opt/airflow/dags/avito_to_raw_midraw.py
[2026-08-02T12:00:07.540+0000] {processor.py:914} INFO - Processing file /opt/airflow/dags/avito_to_raw_midraw.py for tasks to queue
[2026-08-02T12:00:07.543+0000] {logging_mixin.py:190} INFO - [2026-08-02T12:00:07.542+0000] {dagbag.py:588} INFO - Filling up the DagBag from /opt/airflow/dags/avito_to_raw_midraw.py
[2026-08-02T12:00:07.595+0000] {processor.py:925} INFO - DAG(s) 'avito_to_raw_midraw' retrieved from /opt/airflow/dags/avito_to_raw_midraw.py
[2026-08-02T12:00:07.636+0000] {logging_mixin.py:190} INFO - [2026-08-02T12:00:07.636+0000] {dag.py:3239} INFO - Sync 1 DAGs
[2026-08-02T12:00:07.675+0000] {processor.py:208} INFO - Processing /opt/airflow/dags/avito_to_raw_midraw.py took 0.141 seconds
[2026-08-02T12:00:37.878+0000] {processor.py:186} INFO - Started process (PID=1445) to work on /opt/airflow/dags/avito_to_raw_midraw.py
[2026-08-02T12:00:37.879+0000] {processor.py:914} INFO - Processing file /opt/airflow/dags/avito_to_raw_midraw.py for tasks to queue
[2026-08-02T12:00:37.885+0000] {logging_mixin.py:190} INFO - [2026-08-02T12:00:37.885+0000] {dagbag.py:588} INFO - Filling up the DagBag from /opt/airflow/dags/avito_to_raw_midraw.py
[2026-08-02T12:00:37.928+0000] {processor.py:925} INFO - DAG(s) 'avito_to_raw_midraw' retrieved from /opt/airflow/dags/avito_to_raw_midraw.py
[2026-08-02T12:00:37.974+0000] {logging_mixin.py:190} INFO - [2026-08-02T12:00:37.973+0000] {dag.py:3239} INFO - Sync 1 DAGs
[2026-08-02T12:00:38.018+0000] {processor.py:208} INFO - Processing /opt/airflow/dags/avito_to_raw_midraw.py took 0.146 seconds
[2026-08-02T12:01:08.223+0000] {processor.py:186} INFO - Started process (PID=1447) to work on /opt/airflow/dags/avito_to_raw_midraw.py
[2026-08-02T12:01:08.229+0000] {processor.py:914} INFO - Processing file /opt/airflow/dags/avito_to_raw_midraw.py for tasks to queue
[2026-08-02T12:01:08.232+0000] {logging_mixin.py:190} INFO - [2026-08-02T12:01:08.232+0000] {dagbag.py:588} INFO - Filling up the DagBag from /opt/airflow/dags/avito_to_raw_midraw.py
[2026-08-02T12:01:08.271+0000] {processor.py:925} INFO - DAG(s) 'avito_to_raw_midraw' retrieved from /opt/airflow/dags/avito_to_raw_midraw.py
[2026-08-02T12:01:08.307+0000] {logging_mixin.py:190} INFO - [2026-08-02T12:01:08.307+0000] {dag.py:3239} INFO - Sync 1 DAGs
[2026-08-02T12:01:08.370+0000] {processor.py:208} INFO - Processing /opt/airflow/dags/avito_to_raw_midraw.py took 0.150 seconds
[2026-08-02T12:01:38.575+0000] {processor.py:186} INFO - Started process (PID=1449) to work on /opt/airflow/dags/avito_to_raw_midraw.py
[2026-08-02T12:01:38.580+0000] {processor.py:914} INFO - Processing file /opt/airflow/dags/avito_to_raw_midraw.py for tasks to queue
[2026-08-02T12:01:38.586+0000] {logging_mixin.py:190} INFO - [2026-08-02T12:01:38.586+0000] {dagbag.py:588} INFO - Filling up the DagBag from /opt/airflow/dags/avito_to_raw_midraw.py
[2026-08-02T12:01:38.615+0000] {processor.py:925} INFO - DAG(s) 'avito_to_raw_midraw' retrieved from /opt/airflow/dags/avito_to_raw_midraw.py
[2026-08-02T12:01:38.660+0000] {logging_mixin.py:190} INFO - [2026-08-02T12:01:38.660+0000] {dag.py:3239} INFO - Sync 1 DAGs
[2026-08-02T12:01:38.720+0000] {processor.py:208} INFO - Processing /opt/airflow/dags/avito_to_raw_midraw.py took 0.156 seconds
[2026-08-02T12:02:08.935+0000] {processor.py:186} INFO - Started process (PID=1451) to work on /opt/airflow/dags/avito_to_raw_midraw.py
[2026-08-02T12:02:08.936+0000] {processor.py:914} INFO - Processing file /opt/airflow/dags/avito_to_raw_midraw.py for tasks to queue
[2026-08-02T12:02:08.937+0000] {logging_mixin.py:190} INFO - [2026-08-02T12:02:08.937+0000] {dagbag.py:588} INFO - Filling up the DagBag from /opt/airflow/dags/avito_to_raw_midraw.py
[2026-08-02T12:02:08.968+0000] {processor.py:925} INFO - DAG(s) 'avito_to_raw_midraw' retrieved from /opt/airflow/dags/avito_to_raw_midraw.py
[2026-08-02T12:02:09.007+0000] {logging_mixin.py:190} INFO - [2026-08-02T12:02:09.006+0000] {dag.py:3239} INFO - Sync 1 DAGs
[2026-08-02T12:02:09.049+0000] {processor.py:208} INFO - Processing /opt/airflow/dags/avito_to_raw_midraw.py took 0.117 seconds
[2026-08-02T12:02:39.091+0000] {processor.py:186} INFO - Started process (PID=1453) to work on /opt/airflow/dags/avito_to_raw_midraw.py
[2026-08-02T12:02:39.093+0000] {processor.py:914} INFO - Processing file /opt/airflow/dags/avito_to_raw_midraw.py for tasks to queue
[2026-08-02T12:02:39.096+0000] {logging_mixin.py:190} INFO - [2026-08-02T12:02:39.095+0000] {dagbag.py:588} INFO - Filling up the DagBag from /opt/airflow/dags/avito_to_raw_midraw.py
[2026-08-02T12:02:39.126+0000] {processor.py:925} INFO - DAG(s) 'avito_to_raw_midraw' retrieved from /opt/airflow/dags/avito_to_raw_midraw.py
[2026-08-02T12:02:39.156+0000] {logging_mixin.py:190} INFO - [2026-08-02T12:02:39.156+0000] {dag.py:3239} INFO - Sync 1 DAGs
[2026-08-02T12:02:39.189+0000] {processor.py:208} INFO - Processing /opt/airflow/dags/avito_to_raw_midraw.py took 0.100 seconds
[2026-08-02T12:03:09.356+0000] {processor.py:186} INFO - Started process (PID=1455) to work on /opt/airflow/dags/avito_to_raw_midraw.py
[2026-08-02T12:03:09.360+0000] {processor.py:914} INFO - Processing file /opt/airflow/dags/avito_to_raw_midraw.py for tasks to queue
[2026-08-02T12:03:09.367+0000] {logging_mixin.py:190} INFO - [2026-08-02T12:03:09.364+0000] {dagbag.py:588} INFO - Filling up the DagBag from /opt/airflow/dags/avito_to_raw_midraw.py
[2026-08-02T12:03:09.400+0000] {processor.py:925} INFO - DAG(s) 'avito_to_raw_midraw' retrieved from /opt/airflow/dags/avito_to_raw_midraw.py
[2026-08-02T12:03:09.427+0000] {logging_mixin.py:190} INFO - [2026-08-02T12:03:09.427+0000] {dag.py:3239} INFO - Sync 1 DAGs
[2026-08-02T12:03:09.452+0000] {processor.py:208} INFO - Processing /opt/airflow/dags/avito_to_raw_midraw.py took 0.098 seconds
[2026-08-02T12:03:39.641+0000] {processor.py:186} INFO - Started process (PID=1457) to work on /opt/airflow/dags/avito_to_raw_midraw.py
[2026-08-02T12:03:39.644+0000] {processor.py:914} INFO - Processing file /opt/airflow/dags/avito_to_raw_midraw.py for tasks to queue
[2026-08-02T12:03:39.650+0000] {logging_mixin.py:190} INFO - [2026-08-02T12:03:39.650+0000] {dagbag.py:588} INFO - Filling up the DagBag from /opt/airflow/dags/avito_to_raw_midraw.py
[2026-08-02T12:03:39.685+0000] {processor.py:925} INFO - DAG(s) 'avito_to_raw_midraw' retrieved from /opt/airflow/dags/avito_to_raw_midraw.py
[2026-08-02T12:03:39.713+0000] {logging_mixin.py:190} INFO - [2026-08-02T12:03:39.713+0000] {dag.py:3239} INFO - Sync 1 DAGs
[2026-08-02T12:03:39.740+0000] {processor.py:208} INFO - Processing /opt/airflow/dags/avito_to_raw_midraw.py took 0.102 seconds
[2026-08-02T12:04:09.965+0000] {processor.py:186} INFO - Started process (PID=1459) to work on /opt/airflow/dags/avito_to_raw_midraw.py
[2026-08-02T12:04:09.966+0000] {processor.py:914} INFO - Processing file /opt/airflow/dags/avito_to_raw_midraw.py for tasks to queue
[2026-08-02T12:04:09.967+0000] {logging_mixin.py:190} INFO - [2026-08-02T12:04:09.966+0000] {dagbag.py:588} INFO - Filling up the DagBag from /opt/airflow/dags/avito_to_raw_midraw.py
[2026-08-02T12:04:09.990+0000] {processor.py:925} INFO - DAG(s) 'avito_to_raw_midraw' retrieved from /opt/airflow/dags/avito_to_raw_midraw.py
[2026-08-02T12:04:10.025+0000] {logging_mixin.py:190} INFO - [2026-08-02T12:04:10.025+0000] {dag.py:3239} INFO - Sync 1 DAGs
[2026-08-02T12:04:10.071+0000] {processor.py:208} INFO - Processing /opt/airflow/dags/avito_to_raw_midraw.py took 0.113 seconds
[2026-08-02T12:04:40.312+0000] {processor.py:186} INFO - Started process (PID=1461) to work on /opt/airflow/dags/avito_to_raw_midraw.py
[2026-08-02T12:04:40.314+0000] {processor.py:914} INFO - Processing file /opt/airflow/dags/avito_to_raw_midraw.py for tasks to queue
[2026-08-02T12:04:40.315+0000] {logging_mixin.py:190} INFO - [2026-08-02T12:04:40.315+0000] {dagbag.py:588} INFO - Filling up the DagBag from /opt/airflow/dags/avito_to_raw_midraw.py
[2026-08-02T12:04:40.357+0000] {processor.py:925} INFO - DAG(s) 'avito_to_raw_midraw' retrieved from /opt/airflow/dags/avito_to_raw_midraw.py
[2026-08-02T12:04:40.391+0000] {logging_mixin.py:190} INFO - [2026-08-02T12:04:40.391+0000] {dag.py:3239} INFO - Sync 1 DAGs
[2026-08-02T12:04:40.425+0000] {processor.py:208} INFO - Processing /opt/airflow/dags/avito_to_raw_midraw.py took 0.118 seconds
[2026-08-02T12:05:10.573+0000] {processor.py:186} INFO - Started process (PID=1463) to work on /opt/airflow/dags/avito_to_raw_midraw.py
[2026-08-02T12:05:10.579+0000] {processor.py:914} INFO - Processing file /opt/airflow/dags/avito_to_raw_midraw.py for tasks to queue
[2026-08-02T12:05:10.580+0000] {logging_mixin.py:190} INFO - [2026-08-02T12:05:10.579+0000] {dagbag.py:588} INFO - Filling up the DagBag from /opt/airflow/dags/avito_to_raw_midraw.py
[2026-08-02T12:05:10.611+0000] {processor.py:925} INFO - DAG(s) 'avito_to_raw_midraw' retrieved from /opt/airflow/dags/avito_to_raw_midraw.py
[2026-08-02T12:05:10.643+0000] {logging_mixin.py:190} INFO - [2026-08-02T12:05:10.642+0000] {dag.py:3239} INFO - Sync 1 DAGs
[2026-08-02T12:05:10.684+0000] {processor.py:208} INFO - Processing /opt/airflow/dags/avito_to_raw_midraw.py took 0.120 seconds
[2026-08-02T12:05:40.824+0000] {processor.py:186} INFO - Started process (PID=1465) to work on /opt/airflow/dags/avito_to_raw_midraw.py
[2026-08-02T12:05:40.831+0000] {processor.py:914} INFO - Processing file /opt/airflow/dags/avito_to_raw_midraw.py for tasks to queue
[2026-08-02T12:05:40.835+0000] {logging_mixin.py:190} INFO - [2026-08-02T12:05:40.834+0000] {dagbag.py:588} INFO - Filling up the DagBag from /opt/airflow/dags/avito_to_raw_midraw.py
[2026-08-02T12:05:40.882+0000] {processor.py:925} INFO - DAG(s) 'avito_to_raw_midraw' retrieved from /opt/airflow/dags/avito_to_raw_midraw.py
[2026-08-02T12:05:40.906+0000] {logging_mixin.py:190} INFO - [2026-08-02T12:05:40.905+0000] {dag.py:3239} INFO - Sync 1 DAGs
[2026-08-02T12:05:40.936+0000] {processor.py:208} INFO - Processing /opt/airflow/dags/avito_to_raw_midraw.py took 0.116 seconds
[2026-08-02T12:06:11.127+0000] {processor.py:186} INFO - Started process (PID=1467) to work on /opt/airflow/dags/avito_to_raw_midraw.py
[2026-08-02T12:06:11.128+0000] {processor.py:914} INFO - Processing file /opt/airflow/dags/avito_to_raw_midraw.py for tasks to queue
[2026-08-02T12:06:11.129+0000] {logging_mixin.py:190} INFO - [2026-08-02T12:06:11.129+0000] {dagbag.py:588} INFO - Filling up the DagBag from /opt/airflow/dags/avito_to_raw_midraw.py
[2026-08-02T12:06:11.160+0000] {processor.py:925} INFO - DAG(s) 'avito_to_raw_midraw' retrieved from /opt/airflow/dags/avito_to_raw_midraw.py
[2026-08-02T12:06:11.201+0000] {logging_mixin.py:190} INFO - [2026-08-02T12:06:11.200+0000] {dag.py:3239} INFO - Sync 1 DAGs
[2026-08-02T12:06:11.242+0000] {processor.py:208} INFO - Processing /opt/airflow/dags/avito_to_raw_midraw.py took 0.119 seconds
[2026-08-02T12:06:41.425+0000] {processor.py:186} INFO - Started process (PID=1469) to work on /opt/airflow/dags/avito_to_raw_midraw.py
[2026-08-02T12:06:41.426+0000] {processor.py:914} INFO - Processing file /opt/airflow/dags/avito_to_raw_midraw.py for tasks to queue
[2026-08-02T12:06:41.427+0000] {logging_mixin.py:190} INFO - [2026-08-02T12:06:41.427+0000] {dagbag.py:588} INFO - Filling up the DagBag from /opt/airflow/dags/avito_to_raw_midraw.py
[2026-08-02T12:06:41.457+0000] {processor.py:925} INFO - DAG(s) 'avito_to_raw_midraw' retrieved from /opt/airflow/dags/avito_to_raw_midraw.py
[2026-08-02T12:06:41.500+0000] {logging_mixin.py:190} INFO - [2026-08-02T12:06:41.500+0000] {dag.py:3239} INFO - Sync 1 DAGs
[2026-08-02T12:06:41.525+0000] {processor.py:208} INFO - Processing /opt/airflow/dags/avito_to_raw_midraw.py took 0.103 seconds
[2026-08-02T12:07:11.712+0000] {processor.py:186} INFO - Started process (PID=1471) to work on /opt/airflow/dags/avito_to_raw_midraw.py
[2026-08-02T12:07:11.715+0000] {processor.py:914} INFO - Processing file /opt/airflow/dags/avito_to_raw_midraw.py for tasks to queue
[2026-08-02T12:07:11.719+0000] {logging_mixin.py:190} INFO - [2026-08-02T12:07:11.719+0000] {dagbag.py:588} INFO - Filling up the DagBag from /opt/airflow/dags/avito_to_raw_midraw.py
[2026-08-02T12:07:11.744+0000] {processor.py:925} INFO - DAG(s) 'avito_to_raw_midraw' retrieved from /opt/airflow/dags/avito_to_raw_midraw.py
[2026-08-02T12:07:11.765+0000] {logging_mixin.py:190} INFO - [2026-08-02T12:07:11.765+0000] {dag.py:3239} INFO - Sync 1 DAGs
[2026-08-02T12:07:11.792+0000] {processor.py:208} INFO - Processing /opt/airflow/dags/avito_to_raw_midraw.py took 0.084 seconds
[2026-08-02T12:07:41.983+0000] {processor.py:186} INFO - Started process (PID=1473) to work on /opt/airflow/dags/avito_to_raw_midraw.py
[2026-08-02T12:07:41.989+0000] {processor.py:914} INFO - Processing file /opt/airflow/dags/avito_to_raw_midraw.py for tasks to queue
[2026-08-02T12:07:41.994+0000] {logging_mixin.py:190} INFO - [2026-08-02T12:07:41.993+0000] {dagbag.py:588} INFO - Filling up the DagBag from /opt/airflow/dags/avito_to_raw_midraw.py
[2026-08-02T12:07:42.029+0000] {processor.py:925} INFO - DAG(s) 'avito_to_raw_midraw' retrieved from /opt/airflow/dags/avito_to_raw_midraw.py
[2026-08-02T12:07:42.075+0000] {logging_mixin.py:190} INFO - [2026-08-02T12:07:42.075+0000] {dag.py:3239} INFO - Sync 1 DAGs
[2026-08-02T12:07:42.093+0000] {logging_mixin.py:190} INFO - [2026-08-02T12:07:42.093+0000] {dag.py:4180} INFO - Setting next_dagrun for avito_to_raw_midraw to 2026-08-02 12:00:00+00:00, run_after=2026-08-02 13:00:00+00:00
[2026-08-02T12:07:42.111+0000] {processor.py:208} INFO - Processing /opt/airflow/dags/avito_to_raw_midraw.py took 0.135 seconds
[2026-08-02T12:08:12.332+0000] {processor.py:186} INFO - Started process (PID=1475) to work on /opt/airflow/dags/avito_to_raw_midraw.py
[2026-08-02T12:08:12.333+0000] {processor.py:914} INFO - Processing file /opt/airflow/dags/avito_to_raw_midraw.py for tasks to queue
[2026-08-02T12:08:12.334+0000] {logging_mixin.py:190} INFO - [2026-08-02T12:08:12.334+0000] {dagbag.py:588} INFO - Filling up the DagBag from /opt/airflow/dags/avito_to_raw_midraw.py
[2026-08-02T12:08:12.361+0000] {processor.py:925} INFO - DAG(s) 'avito_to_raw_midraw' retrieved from /opt/airflow/dags/avito_to_raw_midraw.py
[2026-08-02T12:08:12.392+0000] {logging_mixin.py:190} INFO - [2026-08-02T12:08:12.392+0000] {dag.py:3239} INFO - Sync 1 DAGs
[2026-08-02T12:08:12.409+0000] {logging_mixin.py:190} INFO - [2026-08-02T12:08:12.409+0000] {dag.py:4180} INFO - Setting next_dagrun for avito_to_raw_midraw to 2026-08-02 12:00:00+00:00, run_after=2026-08-02 13:00:00+00:00
[2026-08-02T12:08:12.435+0000] {processor.py:208} INFO - Processing /opt/airflow/dags/avito_to_raw_midraw.py took 0.107 seconds
[2026-08-02T12:08:42.620+0000] {processor.py:186} INFO - Started process (PID=1477) to work on /opt/airflow/dags/avito_to_raw_midraw.py
[2026-08-02T12:08:42.622+0000] {processor.py:914} INFO - Processing file /opt/airflow/dags/avito_to_raw_midraw.py for tasks to queue
[2026-08-02T12:08:42.623+0000] {logging_mixin.py:190} INFO - [2026-08-02T12:08:42.623+0000] {dagbag.py:588} INFO - Filling up the DagBag from /opt/airflow/dags/avito_to_raw_midraw.py
[2026-08-02T12:08:42.652+0000] {processor.py:925} INFO - DAG(s) 'avito_to_raw_midraw' retrieved from /opt/airflow/dags/avito_to_raw_midraw.py
[2026-08-02T12:08:42.685+0000] {logging_mixin.py:190} INFO - [2026-08-02T12:08:42.685+0000] {dag.py:3239} INFO - Sync 1 DAGs
[2026-08-02T12:08:42.708+0000] {logging_mixin.py:190} INFO - [2026-08-02T12:08:42.708+0000] {dag.py:4180} INFO - Setting next_dagrun for avito_to_raw_midraw to 2026-08-02 12:00:00+00:00, run_after=2026-08-02 13:00:00+00:00
[2026-08-02T12:08:42.734+0000] {processor.py:208} INFO - Processing /opt/airflow/dags/avito_to_raw_midraw.py took 0.125 seconds
[2026-08-02T12:09:12.784+0000] {processor.py:186} INFO - Started process (PID=1479) to work on /opt/airflow/dags/avito_to_raw_midraw.py
[2026-08-02T12:09:12.784+0000] {processor.py:914} INFO - Processing file /opt/airflow/dags/avito_to_raw_midraw.py for tasks to queue
[2026-08-02T12:09:12.785+0000] {logging_mixin.py:190} INFO - [2026-08-02T12:09:12.785+0000] {dagbag.py:588} INFO - Filling up the DagBag from /opt/airflow/dags/avito_to_raw_midraw.py
[2026-08-02T12:09:12.801+0000] {processor.py:925} INFO - DAG(s) 'avito_to_raw_midraw' retrieved from /opt/airflow/dags/avito_to_raw_midraw.py
[2026-08-02T12:09:12.835+0000] {logging_mixin.py:190} INFO - [2026-08-02T12:09:12.835+0000] {dag.py:3239} INFO - Sync 1 DAGs
[2026-08-02T12:09:12.888+0000] {logging_mixin.py:190} INFO - [2026-08-02T12:09:12.888+0000] {dag.py:4180} INFO - Setting next_dagrun for avito_to_raw_midraw to 2026-08-02 12:00:00+00:00, run_after=2026-08-02 13:00:00+00:00
[2026-08-02T12:09:12.914+0000] {processor.py:208} INFO - Processing /opt/airflow/dags/avito_to_raw_midraw.py took 0.135 seconds
[2026-08-02T12:09:43.120+0000] {processor.py:186} INFO - Started process (PID=1481) to work on /opt/airflow/dags/avito_to_raw_midraw.py
[2026-08-02T12:09:43.123+0000] {processor.py:914} INFO - Processing file /opt/airflow/dags/avito_to_raw_midraw.py for tasks to queue
[2026-08-02T12:09:43.126+0000] {logging_mixin.py:190} INFO - [2026-08-02T12:09:43.126+0000] {dagbag.py:588} INFO - Filling up the DagBag from /opt/airflow/dags/avito_to_raw_midraw.py
[2026-08-02T12:09:43.158+0000] {processor.py:925} INFO - DAG(s) 'avito_to_raw_midraw' retrieved from /opt/airflow/dags/avito_to_raw_midraw.py
[2026-08-02T12:09:43.214+0000] {logging_mixin.py:190} INFO - [2026-08-02T12:09:43.214+0000] {dag.py:3239} INFO - Sync 1 DAGs
[2026-08-02T12:09:43.234+0000] {logging_mixin.py:190} INFO - [2026-08-02T12:09:43.231+0000] {dag.py:4180} INFO - Setting next_dagrun for avito_to_raw_midraw to 2026-08-02 12:00:00+00:00, run_after=2026-08-02 13:00:00+00:00
[2026-08-02T12:09:43.259+0000] {processor.py:208} INFO - Processing /opt/airflow/dags/avito_to_raw_midraw.py took 0.148 seconds
[2026-08-02T12:10:13.447+0000] {processor.py:186} INFO - Started process (PID=1483) to work on /opt/airflow/dags/avito_to_raw_midraw.py
[2026-08-02T12:10:13.453+0000] {processor.py:914} INFO - Processing file /opt/airflow/dags/avito_to_raw_midraw.py for tasks to queue
[2026-08-02T12:10:13.454+0000] {logging_mixin.py:190} INFO - [2026-08-02T12:10:13.454+0000] {dagbag.py:588} INFO - Filling up the DagBag from /opt/airflow/dags/avito_to_raw_midraw.py
[2026-08-02T12:10:13.520+0000] {processor.py:925} INFO - DAG(s) 'avito_to_raw_midraw' retrieved from /opt/airflow/dags/avito_to_raw_midraw.py
[2026-08-02T12:10:13.575+0000] {logging_mixin.py:190} INFO - [2026-08-02T12:10:13.575+0000] {dag.py:3239} INFO - Sync 1 DAGs
[2026-08-02T12:10:13.594+0000] {logging_mixin.py:190} INFO - [2026-08-02T12:10:13.593+0000] {dag.py:4180} INFO - Setting next_dagrun for avito_to_raw_midraw to 2026-08-02 12:00:00+00:00, run_after=2026-08-02 13:00:00+00:00
[2026-08-02T12:10:13.618+0000] {processor.py:208} INFO - Processing /opt/airflow/dags/avito_to_raw_midraw.py took 0.175 seconds
[2026-08-02T12:10:43.796+0000] {processor.py:186} INFO - Started process (PID=1485) to work on /opt/airflow/dags/avito_to_raw_midraw.py
[2026-08-02T12:10:43.806+0000] {processor.py:914} INFO - Processing file /opt/airflow/dags/avito_to_raw_midraw.py for tasks to queue
[2026-08-02T12:10:43.808+0000] {logging_mixin.py:190} INFO - [2026-08-02T12:10:43.807+0000] {dagbag.py:588} INFO - Filling up the DagBag from /opt/airflow/dags/avito_to_raw_midraw.py
[2026-08-02T12:10:43.838+0000] {processor.py:925} INFO - DAG(s) 'avito_to_raw_midraw' retrieved from /opt/airflow/dags/avito_to_raw_midraw.py
[2026-08-02T12:10:43.887+0000] {logging_mixin.py:190} INFO - [2026-08-02T12:10:43.887+0000] {dag.py:3239} INFO - Sync 1 DAGs
[2026-08-02T12:10:43.904+0000] {logging_mixin.py:190} INFO - [2026-08-02T12:10:43.904+0000] {dag.py:4180} INFO - Setting next_dagrun for avito_to_raw_midraw to 2026-08-02 12:00:00+00:00, run_after=2026-08-02 13:00:00+00:00
[2026-08-02T12:10:43.931+0000] {processor.py:208} INFO - Processing /opt/airflow/dags/avito_to_raw_midraw.py took 0.137 seconds
[2026-08-02T12:11:14.000+0000] {processor.py:186} INFO - Started process (PID=1487) to work on /opt/airflow/dags/avito_to_raw_midraw.py
[2026-08-02T12:11:14.003+0000] {processor.py:914} INFO - Processing file /opt/airflow/dags/avito_to_raw_midraw.py for tasks to queue
[2026-08-02T12:11:14.006+0000] {logging_mixin.py:190} INFO - [2026-08-02T12:11:14.005+0000] {dagbag.py:588} INFO - Filling up the DagBag from /opt/airflow/dags/avito_to_raw_midraw.py
[2026-08-02T12:11:14.096+0000] {processor.py:925} INFO - DAG(s) 'avito_to_raw_midraw' retrieved from /opt/airflow/dags/avito_to_raw_midraw.py
[2026-08-02T12:11:14.141+0000] {logging_mixin.py:190} INFO - [2026-08-02T12:11:14.141+0000] {dag.py:3239} INFO - Sync 1 DAGs
[2026-08-02T12:11:14.167+0000] {logging_mixin.py:190} INFO - [2026-08-02T12:11:14.167+0000] {dag.py:4180} INFO - Setting next_dagrun for avito_to_raw_midraw to 2026-08-02 12:00:00+00:00, run_after=2026-08-02 13:00:00+00:00
[2026-08-02T12:11:14.188+0000] {processor.py:208} INFO - Processing /opt/airflow/dags/avito_to_raw_midraw.py took 0.196 seconds
[2026-08-02T12:11:44.280+0000] {processor.py:186} INFO - Started process (PID=1489) to work on /opt/airflow/dags/avito_to_raw_midraw.py
[2026-08-02T12:11:44.280+0000] {processor.py:914} INFO - Processing file /opt/airflow/dags/avito_to_raw_midraw.py for tasks to queue
[2026-08-02T12:11:44.282+0000] {logging_mixin.py:190} INFO - [2026-08-02T12:11:44.281+0000] {dagbag.py:588} INFO - Filling up the DagBag from /opt/airflow/dags/avito_to_raw_midraw.py
[2026-08-02T12:11:44.308+0000] {processor.py:925} INFO - DAG(s) 'avito_to_raw_midraw' retrieved from /opt/airflow/dags/avito_to_raw_midraw.py
[2026-08-02T12:11:44.345+0000] {logging_mixin.py:190} INFO - [2026-08-02T12:11:44.345+0000] {dag.py:3239} INFO - Sync 1 DAGs
[2026-08-02T12:11:44.378+0000] {logging_mixin.py:190} INFO - [2026-08-02T12:11:44.377+0000] {dag.py:4180} INFO - Setting next_dagrun for avito_to_raw_midraw to 2026-08-02 12:00:00+00:00, run_after=2026-08-02 13:00:00+00:00
[2026-08-02T12:11:44.404+0000] {processor.py:208} INFO - Processing /opt/airflow/dags/avito_to_raw_midraw.py took 0.136 seconds
[2026-08-02T12:12:14.489+0000] {processor.py:186} INFO - Started process (PID=1491) to work on /opt/airflow/dags/avito_to_raw_midraw.py
[2026-08-02T12:12:14.490+0000] {processor.py:914} INFO - Processing file /opt/airflow/dags/avito_to_raw_midraw.py for tasks to queue
[2026-08-02T12:12:14.490+0000] {logging_mixin.py:190} INFO - [2026-08-02T12:12:14.490+0000] {dagbag.py:588} INFO - Filling up the DagBag from /opt/airflow/dags/avito_to_raw_midraw.py
[2026-08-02T12:12:14.523+0000] {processor.py:925} INFO - DAG(s) 'avito_to_raw_midraw' retrieved from /opt/airflow/dags/avito_to_raw_midraw.py
[2026-08-02T12:12:14.554+0000] {logging_mixin.py:190} INFO - [2026-08-02T12:12:14.554+0000] {dag.py:3239} INFO - Sync 1 DAGs
[2026-08-02T12:12:14.574+0000] {logging_mixin.py:190} INFO - [2026-08-02T12:12:14.574+0000] {dag.py:4180} INFO - Setting next_dagrun for avito_to_raw_midraw to 2026-08-02 12:00:00+00:00, run_after=2026-08-02 13:00:00+00:00
[2026-08-02T12:12:14.597+0000] {processor.py:208} INFO - Processing /opt/airflow/dags/avito_to_raw_midraw.py took 0.114 seconds
[2026-08-02T12:12:44.717+0000] {processor.py:186} INFO - Started process (PID=1493) to work on /opt/airflow/dags/avito_to_raw_midraw.py
[2026-08-02T12:12:44.719+0000] {processor.py:914} INFO - Processing file /opt/airflow/dags/avito_to_raw_midraw.py for tasks to queue
[2026-08-02T12:12:44.721+0000] {logging_mixin.py:190} INFO - [2026-08-02T12:12:44.721+0000] {dagbag.py:588} INFO - Filling up the DagBag from /opt/airflow/dags/avito_to_raw_midraw.py
[2026-08-02T12:12:44.755+0000] {processor.py:925} INFO - DAG(s) 'avito_to_raw_midraw' retrieved from /opt/airflow/dags/avito_to_raw_midraw.py
[2026-08-02T12:12:44.781+0000] {logging_mixin.py:190} INFO - [2026-08-02T12:12:44.781+0000] {dag.py:3239} INFO - Sync 1 DAGs
[2026-08-02T12:12:44.794+0000] {logging_mixin.py:190} INFO - [2026-08-02T12:12:44.793+0000] {dag.py:4180} INFO - Setting next_dagrun for avito_to_raw_midraw to 2026-08-02 12:00:00+00:00, run_after=2026-08-02 13:00:00+00:00
[2026-08-02T12:12:44.818+0000] {processor.py:208} INFO - Processing /opt/airflow/dags/avito_to_raw_midraw.py took 0.109 seconds
[2026-08-02T12:13:14.891+0000] {processor.py:186} INFO - Started process (PID=1495) to work on /opt/airflow/dags/avito_to_raw_midraw.py
[2026-08-02T12:13:14.896+0000] {processor.py:914} INFO - Processing file /opt/airflow/dags/avito_to_raw_midraw.py for tasks to queue
[2026-08-02T12:13:14.899+0000] {logging_mixin.py:190} INFO - [2026-08-02T12:13:14.899+0000] {dagbag.py:588} INFO - Filling up the DagBag from /opt/airflow/dags/avito_to_raw_midraw.py
[2026-08-02T12:13:14.934+0000] {processor.py:925} INFO - DAG(s) 'avito_to_raw_midraw' retrieved from /opt/airflow/dags/avito_to_raw_midraw.py
[2026-08-02T12:13:14.961+0000] {logging_mixin.py:190} INFO - [2026-08-02T12:13:14.960+0000] {dag.py:3239} INFO - Sync 1 DAGs
[2026-08-02T12:13:14.982+0000] {logging_mixin.py:190} INFO - [2026-08-02T12:13:14.982+0000] {dag.py:4180} INFO - Setting next_dagrun for avito_to_raw_midraw to 2026-08-02 12:00:00+00:00, run_after=2026-08-02 13:00:00+00:00
[2026-08-02T12:13:14.993+0000] {processor.py:208} INFO - Processing /opt/airflow/dags/avito_to_raw_midraw.py took 0.108 seconds
[2026-08-02T12:13:45.225+0000] {processor.py:186} INFO - Started process (PID=1497) to work on /opt/airflow/dags/avito_to_raw_midraw.py
[2026-08-02T12:13:45.230+0000] {processor.py:914} INFO - Processing file /opt/airflow/dags/avito_to_raw_midraw.py for tasks to queue
[2026-08-02T12:13:45.231+0000] {logging_mixin.py:190} INFO - [2026-08-02T12:13:45.231+0000] {dagbag.py:588} INFO - Filling up the DagBag from /opt/airflow/dags/avito_to_raw_midraw.py
[2026-08-02T12:13:45.289+0000] {processor.py:925} INFO - DAG(s) 'avito_to_raw_midraw' retrieved from /opt/airflow/dags/avito_to_raw_midraw.py
[2026-08-02T12:13:45.347+0000] {logging_mixin.py:190} INFO - [2026-08-02T12:13:45.347+0000] {dag.py:3239} INFO - Sync 1 DAGs
[2026-08-02T12:13:45.375+0000] {logging_mixin.py:190} INFO - [2026-08-02T12:13:45.373+0000] {dag.py:4180} INFO - Setting next_dagrun for avito_to_raw_midraw to 2026-08-02 12:00:00+00:00, run_after=2026-08-02 13:00:00+00:00
[2026-08-02T12:13:45.395+0000] {processor.py:208} INFO - Processing /opt/airflow/dags/avito_to_raw_midraw.py took 0.178 seconds
[2026-08-02T12:14:15.637+0000] {processor.py:186} INFO - Started process (PID=1499) to work on /opt/airflow/dags/avito_to_raw_midraw.py
[2026-08-02T12:14:15.648+0000] {processor.py:914} INFO - Processing file /opt/airflow/dags/avito_to_raw_midraw.py for tasks to queue
[2026-08-02T12:14:15.650+0000] {logging_mixin.py:190} INFO - [2026-08-02T12:14:15.649+0000] {dagbag.py:588} INFO - Filling up the DagBag from /opt/airflow/dags/avito_to_raw_midraw.py
[2026-08-02T12:14:15.695+0000] {processor.py:925} INFO - DAG(s) 'avito_to_raw_midraw' retrieved from /opt/airflow/dags/avito_to_raw_midraw.py
[2026-08-02T12:14:15.748+0000] {logging_mixin.py:190} INFO - [2026-08-02T12:14:15.748+0000] {dag.py:3239} INFO - Sync 1 DAGs
[2026-08-02T12:14:15.769+0000] {logging_mixin.py:190} INFO - [2026-08-02T12:14:15.767+0000] {dag.py:4180} INFO - Setting next_dagrun for avito_to_raw_midraw to 2026-08-02 12:00:00+00:00, run_after=2026-08-02 13:00:00+00:00
[2026-08-02T12:14:15.806+0000] {processor.py:208} INFO - Processing /opt/airflow/dags/avito_to_raw_midraw.py took 0.178 seconds
[2026-08-02T12:14:45.998+0000] {processor.py:186} INFO - Started process (PID=1501) to work on /opt/airflow/dags/avito_to_raw_midraw.py
[2026-08-02T12:14:46.002+0000] {processor.py:914} INFO - Processing file /opt/airflow/dags/avito_to_raw_midraw.py for tasks to queue
[2026-08-02T12:14:46.003+0000] {logging_mixin.py:190} INFO - [2026-08-02T12:14:46.003+0000] {dagbag.py:588} INFO - Filling up the DagBag from /opt/airflow/dags/avito_to_raw_midraw.py
[2026-08-02T12:14:46.022+0000] {processor.py:925} INFO - DAG(s) 'avito_to_raw_midraw' retrieved from /opt/airflow/dags/avito_to_raw_midraw.py
[2026-08-02T12:14:46.043+0000] {logging_mixin.py:190} INFO - [2026-08-02T12:14:46.043+0000] {dag.py:3239} INFO - Sync 1 DAGs
[2026-08-02T12:14:46.056+0000] {logging_mixin.py:190} INFO - [2026-08-02T12:14:46.056+0000] {dag.py:4180} INFO - Setting next_dagrun for avito_to_raw_midraw to 2026-08-02 12:00:00+00:00, run_after=2026-08-02 13:00:00+00:00
[2026-08-02T12:14:46.081+0000] {processor.py:208} INFO - Processing /opt/airflow/dags/avito_to_raw_midraw.py took 0.092 seconds
[2026-08-02T12:15:16.383+0000] {processor.py:186} INFO - Started process (PID=1503) to work on /opt/airflow/dags/avito_to_raw_midraw.py
[2026-08-02T12:15:16.389+0000] {processor.py:914} INFO - Processing file /opt/airflow/dags/avito_to_raw_midraw.py for tasks to queue
[2026-08-02T12:15:16.393+0000] {logging_mixin.py:190} INFO - [2026-08-02T12:15:16.391+0000] {dagbag.py:588} INFO - Filling up the DagBag from /opt/airflow/dags/avito_to_raw_midraw.py
[2026-08-02T12:15:16.476+0000] {processor.py:925} INFO - DAG(s) 'avito_to_raw_midraw' retrieved from /opt/airflow/dags/avito_to_raw_midraw.py
[2026-08-02T12:15:16.543+0000] {logging_mixin.py:190} INFO - [2026-08-02T12:15:16.543+0000] {dag.py:3239} INFO - Sync 1 DAGs
[2026-08-02T12:15:16.562+0000] {logging_mixin.py:190} INFO - [2026-08-02T12:15:16.562+0000] {dag.py:4180} INFO - Setting next_dagrun for avito_to_raw_midraw to 2026-08-02 12:00:00+00:00, run_after=2026-08-02 13:00:00+00:00
[2026-08-02T12:15:16.579+0000] {processor.py:208} INFO - Processing /opt/airflow/dags/avito_to_raw_midraw.py took 0.203 seconds
[2026-08-02T12:15:46.732+0000] {processor.py:186} INFO - Started process (PID=1505) to work on /opt/airflow/dags/avito_to_raw_midraw.py
[2026-08-02T12:15:46.733+0000] {processor.py:914} INFO - Processing file /opt/airflow/dags/avito_to_raw_midraw.py for tasks to queue
[2026-08-02T12:15:46.747+0000] {logging_mixin.py:190} INFO - [2026-08-02T12:15:46.747+0000] {dagbag.py:588} INFO - Filling up the DagBag from /opt/airflow/dags/avito_to_raw_midraw.py
[2026-08-02T12:15:46.785+0000] {processor.py:925} INFO - DAG(s) 'avito_to_raw_midraw' retrieved from /opt/airflow/dags/avito_to_raw_midraw.py
[2026-08-02T12:15:46.809+0000] {logging_mixin.py:190} INFO - [2026-08-02T12:15:46.809+0000] {dag.py:3239} INFO - Sync 1 DAGs
[2026-08-02T12:15:46.820+0000] {logging_mixin.py:190} INFO - [2026-08-02T12:15:46.820+0000] {dag.py:4180} INFO - Setting next_dagrun for avito_to_raw_midraw to 2026-08-02 12:00:00+00:00, run_after=2026-08-02 13:00:00+00:00
[2026-08-02T12:15:46.833+0000] {processor.py:208} INFO - Processing /opt/airflow/dags/avito_to_raw_midraw.py took 0.108 seconds
[2026-08-02T12:16:16.884+0000] {processor.py:186} INFO - Started process (PID=1507) to work on /opt/airflow/dags/avito_to_raw_midraw.py
[2026-08-02T12:16:16.884+0000] {processor.py:914} INFO - Processing file /opt/airflow/dags/avito_to_raw_midraw.py for tasks to queue
[2026-08-02T12:16:16.886+0000] {logging_mixin.py:190} INFO - [2026-08-02T12:16:16.886+0000] {dagbag.py:588} INFO - Filling up the DagBag from /opt/airflow/dags/avito_to_raw_midraw.py
[2026-08-02T12:16:16.900+0000] {processor.py:925} INFO - DAG(s) 'avito_to_raw_midraw' retrieved from /opt/airflow/dags/avito_to_raw_midraw.py
[2026-08-02T12:16:16.928+0000] {logging_mixin.py:190} INFO - [2026-08-02T12:16:16.928+0000] {dag.py:3239} INFO - Sync 1 DAGs
[2026-08-02T12:16:16.962+0000] {logging_mixin.py:190} INFO - [2026-08-02T12:16:16.962+0000] {dag.py:4180} INFO - Setting next_dagrun for avito_to_raw_midraw to 2026-08-02 12:00:00+00:00, run_after=2026-08-02 13:00:00+00:00
[2026-08-02T12:16:16.996+0000] {processor.py:208} INFO - Processing /opt/airflow/dags/avito_to_raw_midraw.py took 0.118 seconds
[2026-08-02T12:16:47.151+0000] {processor.py:186} INFO - Started process (PID=1509) to work on /opt/airflow/dags/avito_to_raw_midraw.py
[2026-08-02T12:16:47.156+0000] {processor.py:914} INFO - Processing file /opt/airflow/dags/avito_to_raw_midraw.py for tasks to queue
[2026-08-02T12:16:47.160+0000] {logging_mixin.py:190} INFO - [2026-08-02T12:16:47.159+0000] {dagbag.py:588} INFO - Filling up the DagBag from /opt/airflow/dags/avito_to_raw_midraw.py
[2026-08-02T12:16:47.186+0000] {processor.py:925} INFO - DAG(s) 'avito_to_raw_midraw' retrieved from /opt/airflow/dags/avito_to_raw_midraw.py
[2026-08-02T12:16:47.221+0000] {logging_mixin.py:190} INFO - [2026-08-02T12:16:47.221+0000] {dag.py:3239} INFO - Sync 1 DAGs
[2026-08-02T12:16:47.238+0000] {logging_mixin.py:190} INFO - [2026-08-02T12:16:47.238+0000] {dag.py:4180} INFO - Setting next_dagrun for avito_to_raw_midraw to 2026-08-02 12:00:00+00:00, run_after=2026-08-02 13:00:00+00:00
[2026-08-02T12:16:47.262+0000] {processor.py:208} INFO - Processing /opt/airflow/dags/avito_to_raw_midraw.py took 0.113 seconds
[2026-08-02T12:17:17.483+0000] {processor.py:186} INFO - Started process (PID=1511) to work on /opt/airflow/dags/avito_to_raw_midraw.py
[2026-08-02T12:17:17.490+0000] {processor.py:914} INFO - Processing file /opt/airflow/dags/avito_to_raw_midraw.py for tasks to queue
[2026-08-02T12:17:17.495+0000] {logging_mixin.py:190} INFO - [2026-08-02T12:17:17.495+0000] {dagbag.py:588} INFO - Filling up the DagBag from /opt/airflow/dags/avito_to_raw_midraw.py
[2026-08-02T12:17:17.524+0000] {processor.py:925} INFO - DAG(s) 'avito_to_raw_midraw' retrieved from /opt/airflow/dags/avito_to_raw_midraw.py
[2026-08-02T12:17:17.556+0000] {logging_mixin.py:190} INFO - [2026-08-02T12:17:17.556+0000] {dag.py:3239} INFO - Sync 1 DAGs
[2026-08-02T12:17:17.580+0000] {logging_mixin.py:190} INFO - [2026-08-02T12:17:17.580+0000] {dag.py:4180} INFO - Setting next_dagrun for avito_to_raw_midraw to 2026-08-02 12:00:00+00:00, run_after=2026-08-02 13:00:00+00:00
[2026-08-02T12:17:17.666+0000] {processor.py:208} INFO - Processing /opt/airflow/dags/avito_to_raw_midraw.py took 0.188 seconds
[2026-08-02T12:17:47.980+0000] {processor.py:186} INFO - Started process (PID=1513) to work on /opt/airflow/dags/avito_to_raw_midraw.py
[2026-08-02T12:17:47.987+0000] {processor.py:914} INFO - Processing file /opt/airflow/dags/avito_to_raw_midraw.py for tasks to queue
[2026-08-02T12:17:47.988+0000] {logging_mixin.py:190} INFO - [2026-08-02T12:17:47.988+0000] {dagbag.py:588} INFO - Filling up the DagBag from /opt/airflow/dags/avito_to_raw_midraw.py
[2026-08-02T12:17:48.007+0000] {processor.py:925} INFO - DAG(s) 'avito_to_raw_midraw' retrieved from /opt/airflow/dags/avito_to_raw_midraw.py
[2026-08-02T12:17:48.103+0000] {logging_mixin.py:190} INFO - [2026-08-02T12:17:48.103+0000] {dag.py:3239} INFO - Sync 1 DAGs
[2026-08-02T12:17:48.136+0000] {logging_mixin.py:190} INFO - [2026-08-02T12:17:48.136+0000] {dag.py:4180} INFO - Setting next_dagrun for avito_to_raw_midraw to 2026-08-02 12:00:00+00:00, run_after=2026-08-02 13:00:00+00:00
[2026-08-02T12:17:48.164+0000] {processor.py:208} INFO - Processing /opt/airflow/dags/avito_to_raw_midraw.py took 0.191 seconds
[2026-08-02T12:18:18.399+0000] {processor.py:186} INFO - Started process (PID=1515) to work on /opt/airflow/dags/avito_to_raw_midraw.py
[2026-08-02T12:18:18.402+0000] {processor.py:914} INFO - Processing file /opt/airflow/dags/avito_to_raw_midraw.py for tasks to queue
[2026-08-02T12:18:18.403+0000] {logging_mixin.py:190} INFO - [2026-08-02T12:18:18.403+0000] {dagbag.py:588} INFO - Filling up the DagBag from /opt/airflow/dags/avito_to_raw_midraw.py
[2026-08-02T12:18:18.435+0000] {processor.py:925} INFO - DAG(s) 'avito_to_raw_midraw' retrieved from /opt/airflow/dags/avito_to_raw_midraw.py
[2026-08-02T12:18:18.479+0000] {logging_mixin.py:190} INFO - [2026-08-02T12:18:18.476+0000] {dag.py:3239} INFO - Sync 1 DAGs
[2026-08-02T12:18:18.502+0000] {logging_mixin.py:190} INFO - [2026-08-02T12:18:18.502+0000] {dag.py:4180} INFO - Setting next_dagrun for avito_to_raw_midraw to 2026-08-02 12:00:00+00:00, run_after=2026-08-02 13:00:00+00:00
[2026-08-02T12:18:18.536+0000] {processor.py:208} INFO - Processing /opt/airflow/dags/avito_to_raw_midraw.py took 0.144 seconds
[2026-08-02T12:18:48.680+0000] {processor.py:186} INFO - Started process (PID=1517) to work on /opt/airflow/dags/avito_to_raw_midraw.py
[2026-08-02T12:18:48.682+0000] {processor.py:914} INFO - Processing file /opt/airflow/dags/avito_to_raw_midraw.py for tasks to queue
[2026-08-02T12:18:48.684+0000] {logging_mixin.py:190} INFO - [2026-08-02T12:18:48.684+0000] {dagbag.py:588} INFO - Filling up the DagBag from /opt/airflow/dags/avito_to_raw_midraw.py
[2026-08-02T12:18:48.716+0000] {processor.py:925} INFO - DAG(s) 'avito_to_raw_midraw' retrieved from /opt/airflow/dags/avito_to_raw_midraw.py
[2026-08-02T12:18:48.740+0000] {logging_mixin.py:190} INFO - [2026-08-02T12:18:48.740+0000] {dag.py:3239} INFO - Sync 1 DAGs
[2026-08-02T12:18:48.761+0000] {logging_mixin.py:190} INFO - [2026-08-02T12:18:48.761+0000] {dag.py:4180} INFO - Setting next_dagrun for avito_to_raw_midraw to 2026-08-02 12:00:00+00:00, run_after=2026-08-02 13:00:00+00:00
[2026-08-02T12:18:48.782+0000] {processor.py:208} INFO - Processing /opt/airflow/dags/avito_to_raw_midraw.py took 0.106 seconds
[2026-08-02T12:19:18.974+0000] {processor.py:186} INFO - Started process (PID=1519) to work on /opt/airflow/dags/avito_to_raw_midraw.py
[2026-08-02T12:19:18.982+0000] {processor.py:914} INFO - Processing file /opt/airflow/dags/avito_to_raw_midraw.py for tasks to queue
[2026-08-02T12:19:18.989+0000] {logging_mixin.py:190} INFO - [2026-08-02T12:19:18.989+0000] {dagbag.py:588} INFO - Filling up the DagBag from /opt/airflow/dags/avito_to_raw_midraw.py
[2026-08-02T12:19:19.066+0000] {processor.py:925} INFO - DAG(s) 'avito_to_raw_midraw' retrieved from /opt/airflow/dags/avito_to_raw_midraw.py
[2026-08-02T12:19:19.098+0000] {logging_mixin.py:190} INFO - [2026-08-02T12:19:19.097+0000] {dag.py:3239} INFO - Sync 1 DAGs
[2026-08-02T12:19:19.110+0000] {logging_mixin.py:190} INFO - [2026-08-02T12:19:19.110+0000] {dag.py:4180} INFO - Setting next_dagrun for avito_to_raw_midraw to 2026-08-02 12:00:00+00:00, run_after=2026-08-02 13:00:00+00:00
[2026-08-02T12:19:19.134+0000] {processor.py:208} INFO - Processing /opt/airflow/dags/avito_to_raw_midraw.py took 0.168 seconds
[2026-08-02T12:19:49.348+0000] {processor.py:186} INFO - Started process (PID=1521) to work on /opt/airflow/dags/avito_to_raw_midraw.py
[2026-08-02T12:19:49.358+0000] {processor.py:914} INFO - Processing file /opt/airflow/dags/avito_to_raw_midraw.py for tasks to queue
[2026-08-02T12:19:49.366+0000] {logging_mixin.py:190} INFO - [2026-08-02T12:19:49.366+0000] {dagbag.py:588} INFO - Filling up the DagBag from /opt/airflow/dags/avito_to_raw_midraw.py
[2026-08-02T12:19:49.494+0000] {processor.py:925} INFO - DAG(s) 'avito_to_raw_midraw' retrieved from /opt/airflow/dags/avito_to_raw_midraw.py
[2026-08-02T12:19:49.563+0000] {logging_mixin.py:190} INFO - [2026-08-02T12:19:49.563+0000] {dag.py:3239} INFO - Sync 1 DAGs
[2026-08-02T12:19:49.617+0000] {logging_mixin.py:190} INFO - [2026-08-02T12:19:49.617+0000] {dag.py:4180} INFO - Setting next_dagrun for avito_to_raw_midraw to 2026-08-02 12:00:00+00:00, run_after=2026-08-02 13:00:00+00:00
[2026-08-02T12:19:49.630+0000] {processor.py:208} INFO - Processing /opt/airflow/dags/avito_to_raw_midraw.py took 0.302 seconds
[2026-08-02T12:20:19.769+0000] {processor.py:186} INFO - Started process (PID=1523) to work on /opt/airflow/dags/avito_to_raw_midraw.py
[2026-08-02T12:20:19.770+0000] {processor.py:914} INFO - Processing file /opt/airflow/dags/avito_to_raw_midraw.py for tasks to queue
[2026-08-02T12:20:19.771+0000] {logging_mixin.py:190} INFO - [2026-08-02T12:20:19.771+0000] {dagbag.py:588} INFO - Filling up the DagBag from /opt/airflow/dags/avito_to_raw_midraw.py
[2026-08-02T12:20:19.786+0000] {processor.py:925} INFO - DAG(s) 'avito_to_raw_midraw' retrieved from /opt/airflow/dags/avito_to_raw_midraw.py
[2026-08-02T12:20:19.801+0000] {logging_mixin.py:190} INFO - [2026-08-02T12:20:19.801+0000] {dag.py:3239} INFO - Sync 1 DAGs
[2026-08-02T12:20:19.811+0000] {logging_mixin.py:190} INFO - [2026-08-02T12:20:19.811+0000] {dag.py:4180} INFO - Setting next_dagrun for avito_to_raw_midraw to 2026-08-02 12:00:00+00:00, run_after=2026-08-02 13:00:00+00:00
[2026-08-02T12:20:19.820+0000] {processor.py:208} INFO - Processing /opt/airflow/dags/avito_to_raw_midraw.py took 0.055 seconds
[2026-08-02T12:20:49.950+0000] {processor.py:186} INFO - Started process (PID=1525) to work on /opt/airflow/dags/avito_to_raw_midraw.py
[2026-08-02T12:20:49.953+0000] {processor.py:914} INFO - Processing file /opt/airflow/dags/avito_to_raw_midraw.py for tasks to queue
[2026-08-02T12:20:49.955+0000] {logging_mixin.py:190} INFO - [2026-08-02T12:20:49.955+0000] {dagbag.py:588} INFO - Filling up the DagBag from /opt/airflow/dags/avito_to_raw_midraw.py
[2026-08-02T12:20:49.988+0000] {processor.py:925} INFO - DAG(s) 'avito_to_raw_midraw' retrieved from /opt/airflow/dags/avito_to_raw_midraw.py
[2026-08-02T12:20:50.024+0000] {logging_mixin.py:190} INFO - [2026-08-02T12:20:50.024+0000] {dag.py:3239} INFO - Sync 1 DAGs
[2026-08-02T12:20:50.037+0000] {logging_mixin.py:190} INFO - [2026-08-02T12:20:50.037+0000] {dag.py:4180} INFO - Setting next_dagrun for avito_to_raw_midraw to 2026-08-02 12:00:00+00:00, run_after=2026-08-02 13:00:00+00:00
[2026-08-02T12:20:50.048+0000] {processor.py:208} INFO - Processing /opt/airflow/dags/avito_to_raw_midraw.py took 0.103 seconds
[2026-08-02T12:21:20.141+0000] {processor.py:186} INFO - Started process (PID=1527) to work on /opt/airflow/dags/avito_to_raw_midraw.py
[2026-08-02T12:21:20.142+0000] {processor.py:914} INFO - Processing file /opt/airflow/dags/avito_to_raw_midraw.py for tasks to queue
[2026-08-02T12:21:20.144+0000] {logging_mixin.py:190} INFO - [2026-08-02T12:21:20.144+0000] {dagbag.py:588} INFO - Filling up the DagBag from /opt/airflow/dags/avito_to_raw_midraw.py
[2026-08-02T12:21:20.223+0000] {processor.py:925} INFO - DAG(s) 'avito_to_raw_midraw' retrieved from /opt/airflow/dags/avito_to_raw_midraw.py
[2026-08-02T12:21:20.267+0000] {logging_mixin.py:190} INFO - [2026-08-02T12:21:20.267+0000] {dag.py:3239} INFO - Sync 1 DAGs
[2026-08-02T12:21:20.283+0000] {logging_mixin.py:190} INFO - [2026-08-02T12:21:20.283+0000] {dag.py:4180} INFO - Setting next_dagrun for avito_to_raw_midraw to 2026-08-02 12:00:00+00:00, run_after=2026-08-02 13:00:00+00:00
[2026-08-02T12:21:20.298+0000] {processor.py:208} INFO - Processing /opt/airflow/dags/avito_to_raw_midraw.py took 0.166 seconds
[2026-08-02T12:21:50.409+0000] {processor.py:186} INFO - Started process (PID=1529) to work on /opt/airflow/dags/avito_to_raw_midraw.py
[2026-08-02T12:21:50.411+0000] {processor.py:914} INFO - Processing file /opt/airflow/dags/avito_to_raw_midraw.py for tasks to queue
[2026-08-02T12:21:50.412+0000] {logging_mixin.py:190} INFO - [2026-08-02T12:21:50.412+0000] {dagbag.py:588} INFO - Filling up the DagBag from /opt/airflow/dags/avito_to_raw_midraw.py
[2026-08-02T12:21:50.445+0000] {processor.py:925} INFO - DAG(s) 'avito_to_raw_midraw' retrieved from /opt/airflow/dags/avito_to_raw_midraw.py
[2026-08-02T12:21:50.468+0000] {logging_mixin.py:190} INFO - [2026-08-02T12:21:50.468+0000] {dag.py:3239} INFO - Sync 1 DAGs
[2026-08-02T12:21:50.479+0000] {logging_mixin.py:190} INFO - [2026-08-02T12:21:50.478+0000] {dag.py:4180} INFO - Setting next_dagrun for avito_to_raw_midraw to 2026-08-02 12:00:00+00:00, run_after=2026-08-02 13:00:00+00:00
[2026-08-02T12:21:50.501+0000] {processor.py:208} INFO - Processing /opt/airflow/dags/avito_to_raw_midraw.py took 0.098 seconds
[2026-08-02T12:22:20.671+0000] {processor.py:186} INFO - Started process (PID=1531) to work on /opt/airflow/dags/avito_to_raw_midraw.py
[2026-08-02T12:22:20.674+0000] {processor.py:914} INFO - Processing file /opt/airflow/dags/avito_to_raw_midraw.py for tasks to queue
[2026-08-02T12:22:20.676+0000] {logging_mixin.py:190} INFO - [2026-08-02T12:22:20.676+0000] {dagbag.py:588} INFO - Filling up the DagBag from /opt/airflow/dags/avito_to_raw_midraw.py
[2026-08-02T12:22:20.709+0000] {processor.py:925} INFO - DAG(s) 'avito_to_raw_midraw' retrieved from /opt/airflow/dags/avito_to_raw_midraw.py
[2026-08-02T12:22:20.734+0000] {logging_mixin.py:190} INFO - [2026-08-02T12:22:20.734+0000] {dag.py:3239} INFO - Sync 1 DAGs
[2026-08-02T12:22:20.770+0000] {logging_mixin.py:190} INFO - [2026-08-02T12:22:20.770+0000] {dag.py:4180} INFO - Setting next_dagrun for avito_to_raw_midraw to 2026-08-02 12:00:00+00:00, run_after=2026-08-02 13:00:00+00:00
[2026-08-02T12:22:20.811+0000] {processor.py:208} INFO - Processing /opt/airflow/dags/avito_to_raw_midraw.py took 0.142 seconds
[2026-08-02T12:22:51.066+0000] {processor.py:186} INFO - Started process (PID=1533) to work on /opt/airflow/dags/avito_to_raw_midraw.py
[2026-08-02T12:22:51.069+0000] {processor.py:914} INFO - Processing file /opt/airflow/dags/avito_to_raw_midraw.py for tasks to queue
[2026-08-02T12:22:51.072+0000] {logging_mixin.py:190} INFO - [2026-08-02T12:22:51.072+0000] {dagbag.py:588} INFO - Filling up the DagBag from /opt/airflow/dags/avito_to_raw_midraw.py
[2026-08-02T12:22:51.156+0000] {processor.py:925} INFO - DAG(s) 'avito_to_raw_midraw' retrieved from /opt/airflow/dags/avito_to_raw_midraw.py
[2026-08-02T12:22:51.181+0000] {logging_mixin.py:190} INFO - [2026-08-02T12:22:51.181+0000] {dag.py:3239} INFO - Sync 1 DAGs
[2026-08-02T12:22:51.198+0000] {logging_mixin.py:190} INFO - [2026-08-02T12:22:51.198+0000] {dag.py:4180} INFO - Setting next_dagrun for avito_to_raw_midraw to 2026-08-02 12:00:00+00:00, run_after=2026-08-02 13:00:00+00:00
[2026-08-02T12:22:51.214+0000] {processor.py:208} INFO - Processing /opt/airflow/dags/avito_to_raw_midraw.py took 0.155 seconds
[2026-08-02T12:23:21.413+0000] {processor.py:186} INFO - Started process (PID=1535) to work on /opt/airflow/dags/avito_to_raw_midraw.py
[2026-08-02T12:23:21.414+0000] {processor.py:914} INFO - Processing file /opt/airflow/dags/avito_to_raw_midraw.py for tasks to queue
[2026-08-02T12:23:21.417+0000] {logging_mixin.py:190} INFO - [2026-08-02T12:23:21.416+0000] {dagbag.py:588} INFO - Filling up the DagBag from /opt/airflow/dags/avito_to_raw_midraw.py
[2026-08-02T12:23:21.455+0000] {processor.py:925} INFO - DAG(s) 'avito_to_raw_midraw' retrieved from /opt/airflow/dags/avito_to_raw_midraw.py
[2026-08-02T12:23:21.469+0000] {logging_mixin.py:190} INFO - [2026-08-02T12:23:21.469+0000] {dag.py:3239} INFO - Sync 1 DAGs
[2026-08-02T12:23:21.488+0000] {logging_mixin.py:190} INFO - [2026-08-02T12:23:21.488+0000] {dag.py:4180} INFO - Setting next_dagrun for avito_to_raw_midraw to 2026-08-02 12:00:00+00:00, run_after=2026-08-02 13:00:00+00:00
[2026-08-02T12:23:21.508+0000] {processor.py:208} INFO - Processing /opt/airflow/dags/avito_to_raw_midraw.py took 0.098 seconds
[2026-08-02T12:23:51.692+0000] {processor.py:186} INFO - Started process (PID=1537) to work on /opt/airflow/dags/avito_to_raw_midraw.py
[2026-08-02T12:23:51.694+0000] {processor.py:914} INFO - Processing file /opt/airflow/dags/avito_to_raw_midraw.py for tasks to queue
[2026-08-02T12:23:51.695+0000] {logging_mixin.py:190} INFO - [2026-08-02T12:23:51.695+0000] {dagbag.py:588} INFO - Filling up the DagBag from /opt/airflow/dags/avito_to_raw_midraw.py
[2026-08-02T12:23:51.720+0000] {processor.py:925} INFO - DAG(s) 'avito_to_raw_midraw' retrieved from /opt/airflow/dags/avito_to_raw_midraw.py
[2026-08-02T12:23:51.756+0000] {logging_mixin.py:190} INFO - [2026-08-02T12:23:51.756+0000] {dag.py:3239} INFO - Sync 1 DAGs
[2026-08-02T12:23:51.773+0000] {logging_mixin.py:190} INFO - [2026-08-02T12:23:51.773+0000] {dag.py:4180} INFO - Setting next_dagrun for avito_to_raw_midraw to 2026-08-02 12:00:00+00:00, run_after=2026-08-02 13:00:00+00:00
[2026-08-02T12:23:51.783+0000] {processor.py:208} INFO - Processing /opt/airflow/dags/avito_to_raw_midraw.py took 0.097 seconds
[2026-08-02T12:24:21.951+0000] {processor.py:186} INFO - Started process (PID=1539) to work on /opt/airflow/dags/avito_to_raw_midraw.py
[2026-08-02T12:24:21.952+0000] {processor.py:914} INFO - Processing file /opt/airflow/dags/avito_to_raw_midraw.py for tasks to queue
[2026-08-02T12:24:21.953+0000] {logging_mixin.py:190} INFO - [2026-08-02T12:24:21.953+0000] {dagbag.py:588} INFO - Filling up the DagBag from /opt/airflow/dags/avito_to_raw_midraw.py
[2026-08-02T12:24:22.016+0000] {processor.py:925} INFO - DAG(s) 'avito_to_raw_midraw' retrieved from /opt/airflow/dags/avito_to_raw_midraw.py
[2026-08-02T12:24:22.050+0000] {logging_mixin.py:190} INFO - [2026-08-02T12:24:22.050+0000] {dag.py:3239} INFO - Sync 1 DAGs
[2026-08-02T12:24:22.064+0000] {logging_mixin.py:190} INFO - [2026-08-02T12:24:22.064+0000] {dag.py:4180} INFO - Setting next_dagrun for avito_to_raw_midraw to 2026-08-02 12:00:00+00:00, run_after=2026-08-02 13:00:00+00:00
[2026-08-02T12:24:22.084+0000] {processor.py:208} INFO - Processing /opt/airflow/dags/avito_to_raw_midraw.py took 0.141 seconds
[2026-08-02T12:24:52.242+0000] {processor.py:186} INFO - Started process (PID=1541) to work on /opt/airflow/dags/avito_to_raw_midraw.py
[2026-08-02T12:24:52.244+0000] {processor.py:914} INFO - Processing file /opt/airflow/dags/avito_to_raw_midraw.py for tasks to queue
[2026-08-02T12:24:52.245+0000] {logging_mixin.py:190} INFO - [2026-08-02T12:24:52.245+0000] {dagbag.py:588} INFO - Filling up the DagBag from /opt/airflow/dags/avito_to_raw_midraw.py
[2026-08-02T12:24:52.289+0000] {processor.py:925} INFO - DAG(s) 'avito_to_raw_midraw' retrieved from /opt/airflow/dags/avito_to_raw_midraw.py
[2026-08-02T12:24:52.314+0000] {logging_mixin.py:190} INFO - [2026-08-02T12:24:52.314+0000] {dag.py:3239} INFO - Sync 1 DAGs
[2026-08-02T12:24:52.330+0000] {logging_mixin.py:190} INFO - [2026-08-02T12:24:52.330+0000] {dag.py:4180} INFO - Setting next_dagrun for avito_to_raw_midraw to 2026-08-02 12:00:00+00:00, run_after=2026-08-02 13:00:00+00:00
[2026-08-02T12:24:52.345+0000] {processor.py:208} INFO - Processing /opt/airflow/dags/avito_to_raw_midraw.py took 0.109 seconds
[2026-08-02T12:25:22.546+0000] {processor.py:186} INFO - Started process (PID=1543) to work on /opt/airflow/dags/avito_to_raw_midraw.py
[2026-08-02T12:25:22.546+0000] {processor.py:914} INFO - Processing file /opt/airflow/dags/avito_to_raw_midraw.py for tasks to queue
[2026-08-02T12:25:22.551+0000] {logging_mixin.py:190} INFO - [2026-08-02T12:25:22.550+0000] {dagbag.py:588} INFO - Filling up the DagBag from /opt/airflow/dags/avito_to_raw_midraw.py
[2026-08-02T12:25:22.574+0000] {processor.py:925} INFO - DAG(s) 'avito_to_raw_midraw' retrieved from /opt/airflow/dags/avito_to_raw_midraw.py
[2026-08-02T12:25:22.592+0000] {logging_mixin.py:190} INFO - [2026-08-02T12:25:22.591+0000] {dag.py:3239} INFO - Sync 1 DAGs
[2026-08-02T12:25:22.612+0000] {logging_mixin.py:190} INFO - [2026-08-02T12:25:22.612+0000] {dag.py:4180} INFO - Setting next_dagrun for avito_to_raw_midraw to 2026-08-02 12:00:00+00:00, run_after=2026-08-02 13:00:00+00:00
[2026-08-02T12:25:22.637+0000] {processor.py:208} INFO - Processing /opt/airflow/dags/avito_to_raw_midraw.py took 0.104 seconds
[2026-08-02T12:25:52.780+0000] {processor.py:186} INFO - Started process (PID=1545) to work on /opt/airflow/dags/avito_to_raw_midraw.py
[2026-08-02T12:25:52.781+0000] {processor.py:914} INFO - Processing file /opt/airflow/dags/avito_to_raw_midraw.py for tasks to queue
[2026-08-02T12:25:52.782+0000] {logging_mixin.py:190} INFO - [2026-08-02T12:25:52.782+0000] {dagbag.py:588} INFO - Filling up the DagBag from /opt/airflow/dags/avito_to_raw_midraw.py
[2026-08-02T12:25:52.809+0000] {processor.py:925} INFO - DAG(s) 'avito_to_raw_midraw' retrieved from /opt/airflow/dags/avito_to_raw_midraw.py
[2026-08-02T12:25:52.840+0000] {logging_mixin.py:190} INFO - [2026-08-02T12:25:52.840+0000] {dag.py:3239} INFO - Sync 1 DAGs
[2026-08-02T12:25:52.861+0000] {logging_mixin.py:190} INFO - [2026-08-02T12:25:52.861+0000] {dag.py:4180} INFO - Setting next_dagrun for avito_to_raw_midraw to 2026-08-02 12:00:00+00:00, run_after=2026-08-02 13:00:00+00:00
[2026-08-02T12:25:52.871+0000] {processor.py:208} INFO - Processing /opt/airflow/dags/avito_to_raw_midraw.py took 0.097 seconds
[2026-08-02T12:26:23.062+0000] {processor.py:186} INFO - Started process (PID=1547) to work on /opt/airflow/dags/avito_to_raw_midraw.py
[2026-08-02T12:26:23.063+0000] {processor.py:914} INFO - Processing file /opt/airflow/dags/avito_to_raw_midraw.py for tasks to queue
[2026-08-02T12:26:23.064+0000] {logging_mixin.py:190} INFO - [2026-08-02T12:26:23.064+0000] {dagbag.py:588} INFO - Filling up the DagBag from /opt/airflow/dags/avito_to_raw_midraw.py
[2026-08-02T12:26:23.075+0000] {processor.py:925} INFO - DAG(s) 'avito_to_raw_midraw' retrieved from /opt/airflow/dags/avito_to_raw_midraw.py
[2026-08-02T12:26:23.093+0000] {logging_mixin.py:190} INFO - [2026-08-02T12:26:23.093+0000] {dag.py:3239} INFO - Sync 1 DAGs
[2026-08-02T12:26:23.103+0000] {logging_mixin.py:190} INFO - [2026-08-02T12:26:23.103+0000] {dag.py:4180} INFO - Setting next_dagrun for avito_to_raw_midraw to 2026-08-02 12:00:00+00:00, run_after=2026-08-02 13:00:00+00:00
[2026-08-02T12:26:23.111+0000] {processor.py:208} INFO - Processing /opt/airflow/dags/avito_to_raw_midraw.py took 0.053 seconds
[2026-08-02T12:26:53.360+0000] {processor.py:186} INFO - Started process (PID=1549) to work on /opt/airflow/dags/avito_to_raw_midraw.py
[2026-08-02T12:26:53.360+0000] {processor.py:914} INFO - Processing file /opt/airflow/dags/avito_to_raw_midraw.py for tasks to queue
[2026-08-02T12:26:53.362+0000] {logging_mixin.py:190} INFO - [2026-08-02T12:26:53.362+0000] {dagbag.py:588} INFO - Filling up the DagBag from /opt/airflow/dags/avito_to_raw_midraw.py
[2026-08-02T12:26:53.374+0000] {processor.py:925} INFO - DAG(s) 'avito_to_raw_midraw' retrieved from /opt/airflow/dags/avito_to_raw_midraw.py
[2026-08-02T12:26:53.391+0000] {logging_mixin.py:190} INFO - [2026-08-02T12:26:53.391+0000] {dag.py:3239} INFO - Sync 1 DAGs
[2026-08-02T12:26:53.400+0000] {logging_mixin.py:190} INFO - [2026-08-02T12:26:53.400+0000] {dag.py:4180} INFO - Setting next_dagrun for avito_to_raw_midraw to 2026-08-02 12:00:00+00:00, run_after=2026-08-02 13:00:00+00:00
[2026-08-02T12:26:53.408+0000] {processor.py:208} INFO - Processing /opt/airflow/dags/avito_to_raw_midraw.py took 0.053 seconds
[2026-08-02T12:27:23.600+0000] {processor.py:186} INFO - Started process (PID=1551) to work on /opt/airflow/dags/avito_to_raw_midraw.py
[2026-08-02T12:27:23.601+0000] {processor.py:914} INFO - Processing file /opt/airflow/dags/avito_to_raw_midraw.py for tasks to queue
[2026-08-02T12:27:23.603+0000] {logging_mixin.py:190} INFO - [2026-08-02T12:27:23.602+0000] {dagbag.py:588} INFO - Filling up the DagBag from /opt/airflow/dags/avito_to_raw_midraw.py
[2026-08-02T12:27:23.616+0000] {processor.py:925} INFO - DAG(s) 'avito_to_raw_midraw' retrieved from /opt/airflow/dags/avito_to_raw_midraw.py
[2026-08-02T12:27:23.634+0000] {logging_mixin.py:190} INFO - [2026-08-02T12:27:23.634+0000] {dag.py:3239} INFO - Sync 1 DAGs
[2026-08-02T12:27:23.646+0000] {logging_mixin.py:190} INFO - [2026-08-02T12:27:23.646+0000] {dag.py:4180} INFO - Setting next_dagrun for avito_to_raw_midraw to 2026-08-02 12:00:00+00:00, run_after=2026-08-02 13:00:00+00:00
[2026-08-02T12:27:23.655+0000] {processor.py:208} INFO - Processing /opt/airflow/dags/avito_to_raw_midraw.py took 0.060 seconds
[2026-08-02T12:27:53.824+0000] {processor.py:186} INFO - Started process (PID=1553) to work on /opt/airflow/dags/avito_to_raw_midraw.py
[2026-08-02T12:27:53.825+0000] {processor.py:914} INFO - Processing file /opt/airflow/dags/avito_to_raw_midraw.py for tasks to queue
[2026-08-02T12:27:53.826+0000] {logging_mixin.py:190} INFO - [2026-08-02T12:27:53.826+0000] {dagbag.py:588} INFO - Filling up the DagBag from /opt/airflow/dags/avito_to_raw_midraw.py
[2026-08-02T12:27:53.839+0000] {processor.py:925} INFO - DAG(s) 'avito_to_raw_midraw' retrieved from /opt/airflow/dags/avito_to_raw_midraw.py
[2026-08-02T12:27:53.855+0000] {logging_mixin.py:190} INFO - [2026-08-02T12:27:53.855+0000] {dag.py:3239} INFO - Sync 1 DAGs
[2026-08-02T12:27:53.864+0000] {logging_mixin.py:190} INFO - [2026-08-02T12:27:53.864+0000] {dag.py:4180} INFO - Setting next_dagrun for avito_to_raw_midraw to 2026-08-02 12:00:00+00:00, run_after=2026-08-02 13:00:00+00:00
[2026-08-02T12:27:53.871+0000] {processor.py:208} INFO - Processing /opt/airflow/dags/avito_to_raw_midraw.py took 0.051 seconds
[2026-08-02T12:28:24.085+0000] {processor.py:186} INFO - Started process (PID=1555) to work on /opt/airflow/dags/avito_to_raw_midraw.py
[2026-08-02T12:28:24.085+0000] {processor.py:914} INFO - Processing file /opt/airflow/dags/avito_to_raw_midraw.py for tasks to queue
[2026-08-02T12:28:24.086+0000] {logging_mixin.py:190} INFO - [2026-08-02T12:28:24.086+0000] {dagbag.py:588} INFO - Filling up the DagBag from /opt/airflow/dags/avito_to_raw_midraw.py
[2026-08-02T12:28:24.102+0000] {processor.py:925} INFO - DAG(s) 'avito_to_raw_midraw' retrieved from /opt/airflow/dags/avito_to_raw_midraw.py
[2026-08-02T12:28:24.120+0000] {logging_mixin.py:190} INFO - [2026-08-02T12:28:24.120+0000] {dag.py:3239} INFO - Sync 1 DAGs
[2026-08-02T12:28:24.134+0000] {logging_mixin.py:190} INFO - [2026-08-02T12:28:24.134+0000] {dag.py:4180} INFO - Setting next_dagrun for avito_to_raw_midraw to 2026-08-02 12:00:00+00:00, run_after=2026-08-02 13:00:00+00:00
[2026-08-02T12:28:24.144+0000] {processor.py:208} INFO - Processing /opt/airflow/dags/avito_to_raw_midraw.py took 0.065 seconds
[2026-08-02T12:28:54.448+0000] {processor.py:186} INFO - Started process (PID=1557) to work on /opt/airflow/dags/avito_to_raw_midraw.py
[2026-08-02T12:28:54.449+0000] {processor.py:914} INFO - Processing file /opt/airflow/dags/avito_to_raw_midraw.py for tasks to queue
[2026-08-02T12:28:54.450+0000] {logging_mixin.py:190} INFO - [2026-08-02T12:28:54.450+0000] {dagbag.py:588} INFO - Filling up the DagBag from /opt/airflow/dags/avito_to_raw_midraw.py
[2026-08-02T12:28:54.467+0000] {processor.py:925} INFO - DAG(s) 'avito_to_raw_midraw' retrieved from /opt/airflow/dags/avito_to_raw_midraw.py
[2026-08-02T12:28:54.487+0000] {logging_mixin.py:190} INFO - [2026-08-02T12:28:54.487+0000] {dag.py:3239} INFO - Sync 1 DAGs
[2026-08-02T12:28:54.504+0000] {logging_mixin.py:190} INFO - [2026-08-02T12:28:54.504+0000] {dag.py:4180} INFO - Setting next_dagrun for avito_to_raw_midraw to 2026-08-02 12:00:00+00:00, run_after=2026-08-02 13:00:00+00:00
[2026-08-02T12:28:54.514+0000] {processor.py:208} INFO - Processing /opt/airflow/dags/avito_to_raw_midraw.py took 0.072 seconds
[2026-08-02T12:29:24.700+0000] {processor.py:186} INFO - Started process (PID=1559) to work on /opt/airflow/dags/avito_to_raw_midraw.py
[2026-08-02T12:29:24.701+0000] {processor.py:914} INFO - Processing file /opt/airflow/dags/avito_to_raw_midraw.py for tasks to queue
[2026-08-02T12:29:24.702+0000] {logging_mixin.py:190} INFO - [2026-08-02T12:29:24.702+0000] {dagbag.py:588} INFO - Filling up the DagBag from /opt/airflow/dags/avito_to_raw_midraw.py
[2026-08-02T12:29:24.715+0000] {processor.py:925} INFO - DAG(s) 'avito_to_raw_midraw' retrieved from /opt/airflow/dags/avito_to_raw_midraw.py
[2026-08-02T12:29:24.728+0000] {logging_mixin.py:190} INFO - [2026-08-02T12:29:24.728+0000] {dag.py:3239} INFO - Sync 1 DAGs
[2026-08-02T12:29:24.738+0000] {logging_mixin.py:190} INFO - [2026-08-02T12:29:24.738+0000] {dag.py:4180} INFO - Setting next_dagrun for avito_to_raw_midraw to 2026-08-02 12:00:00+00:00, run_after=2026-08-02 13:00:00+00:00
[2026-08-02T12:29:24.747+0000] {processor.py:208} INFO - Processing /opt/airflow/dags/avito_to_raw_midraw.py took 0.051 seconds
[2026-08-02T12:29:55.038+0000] {processor.py:186} INFO - Started process (PID=1561) to work on /opt/airflow/dags/avito_to_raw_midraw.py
[2026-08-02T12:29:55.039+0000] {processor.py:914} INFO - Processing file /opt/airflow/dags/avito_to_raw_midraw.py for tasks to queue
[2026-08-02T12:29:55.040+0000] {logging_mixin.py:190} INFO - [2026-08-02T12:29:55.040+0000] {dagbag.py:588} INFO - Filling up the DagBag from /opt/airflow/dags/avito_to_raw_midraw.py
[2026-08-02T12:29:55.054+0000] {processor.py:925} INFO - DAG(s) 'avito_to_raw_midraw' retrieved from /opt/airflow/dags/avito_to_raw_midraw.py
[2026-08-02T12:29:55.074+0000] {logging_mixin.py:190} INFO - [2026-08-02T12:29:55.074+0000] {dag.py:3239} INFO - Sync 1 DAGs
[2026-08-02T12:29:55.085+0000] {logging_mixin.py:190} INFO - [2026-08-02T12:29:55.085+0000] {dag.py:4180} INFO - Setting next_dagrun for avito_to_raw_midraw to 2026-08-02 12:00:00+00:00, run_after=2026-08-02 13:00:00+00:00
[2026-08-02T12:29:55.092+0000] {processor.py:208} INFO - Processing /opt/airflow/dags/avito_to_raw_midraw.py took 0.067 seconds
[2026-08-02T12:30:25.295+0000] {processor.py:186} INFO - Started process (PID=1563) to work on /opt/airflow/dags/avito_to_raw_midraw.py
[2026-08-02T12:30:25.295+0000] {processor.py:914} INFO - Processing file /opt/airflow/dags/avito_to_raw_midraw.py for tasks to queue
[2026-08-02T12:30:25.297+0000] {logging_mixin.py:190} INFO - [2026-08-02T12:30:25.296+0000] {dagbag.py:588} INFO - Filling up the DagBag from /opt/airflow/dags/avito_to_raw_midraw.py
[2026-08-02T12:30:25.318+0000] {processor.py:925} INFO - DAG(s) 'avito_to_raw_midraw' retrieved from /opt/airflow/dags/avito_to_raw_midraw.py
[2026-08-02T12:30:25.335+0000] {logging_mixin.py:190} INFO - [2026-08-02T12:30:25.335+0000] {dag.py:3239} INFO - Sync 1 DAGs
[2026-08-02T12:30:25.349+0000] {logging_mixin.py:190} INFO - [2026-08-02T12:30:25.349+0000] {dag.py:4180} INFO - Setting next_dagrun for avito_to_raw_midraw to 2026-08-02 12:00:00+00:00, run_after=2026-08-02 13:00:00+00:00
[2026-08-02T12:30:25.359+0000] {processor.py:208} INFO - Processing /opt/airflow/dags/avito_to_raw_midraw.py took 0.069 seconds
[2026-08-02T12:30:55.552+0000] {processor.py:186} INFO - Started process (PID=1565) to work on /opt/airflow/dags/avito_to_raw_midraw.py
[2026-08-02T12:30:55.553+0000] {processor.py:914} INFO - Processing file /opt/airflow/dags/avito_to_raw_midraw.py for tasks to queue
[2026-08-02T12:30:55.554+0000] {logging_mixin.py:190} INFO - [2026-08-02T12:30:55.553+0000] {dagbag.py:588} INFO - Filling up the DagBag from /opt/airflow/dags/avito_to_raw_midraw.py
[2026-08-02T12:30:55.568+0000] {processor.py:925} INFO - DAG(s) 'avito_to_raw_midraw' retrieved from /opt/airflow/dags/avito_to_raw_midraw.py
[2026-08-02T12:30:55.591+0000] {logging_mixin.py:190} INFO - [2026-08-02T12:30:55.591+0000] {dag.py:3239} INFO - Sync 1 DAGs
[2026-08-02T12:30:55.606+0000] {logging_mixin.py:190} INFO - [2026-08-02T12:30:55.606+0000] {dag.py:4180} INFO - Setting next_dagrun for avito_to_raw_midraw to 2026-08-02 12:00:00+00:00, run_after=2026-08-02 13:00:00+00:00
[2026-08-02T12:30:55.616+0000] {processor.py:208} INFO - Processing /opt/airflow/dags/avito_to_raw_midraw.py took 0.068 seconds
[2026-08-02T12:31:25.862+0000] {processor.py:186} INFO - Started process (PID=1567) to work on /opt/airflow/dags/avito_to_raw_midraw.py
[2026-08-02T12:31:25.863+0000] {processor.py:914} INFO - Processing file /opt/airflow/dags/avito_to_raw_midraw.py for tasks to queue
[2026-08-02T12:31:25.864+0000] {logging_mixin.py:190} INFO - [2026-08-02T12:31:25.863+0000] {dagbag.py:588} INFO - Filling up the DagBag from /opt/airflow/dags/avito_to_raw_midraw.py
[2026-08-02T12:31:25.881+0000] {processor.py:925} INFO - DAG(s) 'avito_to_raw_midraw' retrieved from /opt/airflow/dags/avito_to_raw_midraw.py
[2026-08-02T12:31:25.896+0000] {logging_mixin.py:190} INFO - [2026-08-02T12:31:25.896+0000] {dag.py:3239} INFO - Sync 1 DAGs
[2026-08-02T12:31:25.906+0000] {logging_mixin.py:190} INFO - [2026-08-02T12:31:25.906+0000] {dag.py:4180} INFO - Setting next_dagrun for avito_to_raw_midraw to 2026-08-02 12:00:00+00:00, run_after=2026-08-02 13:00:00+00:00
[2026-08-02T12:31:25.913+0000] {processor.py:208} INFO - Processing /opt/airflow/dags/avito_to_raw_midraw.py took 0.055 seconds
[2026-08-02T12:31:56.213+0000] {processor.py:186} INFO - Started process (PID=1569) to work on /opt/airflow/dags/avito_to_raw_midraw.py
[2026-08-02T12:31:56.214+0000] {processor.py:914} INFO - Processing file /opt/airflow/dags/avito_to_raw_midraw.py for tasks to queue
[2026-08-02T12:31:56.215+0000] {logging_mixin.py:190} INFO - [2026-08-02T12:31:56.215+0000] {dagbag.py:588} INFO - Filling up the DagBag from /opt/airflow/dags/avito_to_raw_midraw.py
[2026-08-02T12:31:56.226+0000] {processor.py:925} INFO - DAG(s) 'avito_to_raw_midraw' retrieved from /opt/airflow/dags/avito_to_raw_midraw.py
[2026-08-02T12:31:56.250+0000] {logging_mixin.py:190} INFO - [2026-08-02T12:31:56.250+0000] {dag.py:3239} INFO - Sync 1 DAGs
[2026-08-02T12:31:56.264+0000] {logging_mixin.py:190} INFO - [2026-08-02T12:31:56.263+0000] {dag.py:4180} INFO - Setting next_dagrun for avito_to_raw_midraw to 2026-08-02 12:00:00+00:00, run_after=2026-08-02 13:00:00+00:00
[2026-08-02T12:31:56.275+0000] {processor.py:208} INFO - Processing /opt/airflow/dags/avito_to_raw_midraw.py took 0.067 seconds
[2026-08-02T12:32:26.482+0000] {processor.py:186} INFO - Started process (PID=1571) to work on /opt/airflow/dags/avito_to_raw_midraw.py
[2026-08-02T12:32:26.482+0000] {processor.py:914} INFO - Processing file /opt/airflow/dags/avito_to_raw_midraw.py for tasks to queue
[2026-08-02T12:32:26.484+0000] {logging_mixin.py:190} INFO - [2026-08-02T12:32:26.484+0000] {dagbag.py:588} INFO - Filling up the DagBag from /opt/airflow/dags/avito_to_raw_midraw.py
[2026-08-02T12:32:26.494+0000] {processor.py:925} INFO - DAG(s) 'avito_to_raw_midraw' retrieved from /opt/airflow/dags/avito_to_raw_midraw.py
[2026-08-02T12:32:26.513+0000] {logging_mixin.py:190} INFO - [2026-08-02T12:32:26.513+0000] {dag.py:3239} INFO - Sync 1 DAGs
[2026-08-02T12:32:26.522+0000] {logging_mixin.py:190} INFO - [2026-08-02T12:32:26.522+0000] {dag.py:4180} INFO - Setting next_dagrun for avito_to_raw_midraw to 2026-08-02 12:00:00+00:00, run_after=2026-08-02 13:00:00+00:00
[2026-08-02T12:32:26.530+0000] {processor.py:208} INFO - Processing /opt/airflow/dags/avito_to_raw_midraw.py took 0.052 seconds
[2026-08-02T12:32:56.758+0000] {processor.py:186} INFO - Started process (PID=1573) to work on /opt/airflow/dags/avito_to_raw_midraw.py
[2026-08-02T12:32:56.759+0000] {processor.py:914} INFO - Processing file /opt/airflow/dags/avito_to_raw_midraw.py for tasks to queue
[2026-08-02T12:32:56.760+0000] {logging_mixin.py:190} INFO - [2026-08-02T12:32:56.759+0000] {dagbag.py:588} INFO - Filling up the DagBag from /opt/airflow/dags/avito_to_raw_midraw.py
[2026-08-02T12:32:56.774+0000] {processor.py:925} INFO - DAG(s) 'avito_to_raw_midraw' retrieved from /opt/airflow/dags/avito_to_raw_midraw.py
[2026-08-02T12:32:56.791+0000] {logging_mixin.py:190} INFO - [2026-08-02T12:32:56.791+0000] {dag.py:3239} INFO - Sync 1 DAGs
[2026-08-02T12:32:56.800+0000] {logging_mixin.py:190} INFO - [2026-08-02T12:32:56.800+0000] {dag.py:4180} INFO - Setting next_dagrun for avito_to_raw_midraw to 2026-08-02 12:00:00+00:00, run_after=2026-08-02 13:00:00+00:00
[2026-08-02T12:32:56.809+0000] {processor.py:208} INFO - Processing /opt/airflow/dags/avito_to_raw_midraw.py took 0.054 seconds
[2026-08-02T12:33:27.047+0000] {processor.py:186} INFO - Started process (PID=1575) to work on /opt/airflow/dags/avito_to_raw_midraw.py
[2026-08-02T12:33:27.048+0000] {processor.py:914} INFO - Processing file /opt/airflow/dags/avito_to_raw_midraw.py for tasks to queue
[2026-08-02T12:33:27.049+0000] {logging_mixin.py:190} INFO - [2026-08-02T12:33:27.049+0000] {dagbag.py:588} INFO - Filling up the DagBag from /opt/airflow/dags/avito_to_raw_midraw.py
[2026-08-02T12:33:27.063+0000] {processor.py:925} INFO - DAG(s) 'avito_to_raw_midraw' retrieved from /opt/airflow/dags/avito_to_raw_midraw.py
[2026-08-02T12:33:27.083+0000] {logging_mixin.py:190} INFO - [2026-08-02T12:33:27.083+0000] {dag.py:3239} INFO - Sync 1 DAGs
[2026-08-02T12:33:27.095+0000] {logging_mixin.py:190} INFO - [2026-08-02T12:33:27.095+0000] {dag.py:4180} INFO - Setting next_dagrun for avito_to_raw_midraw to 2026-08-02 12:00:00+00:00, run_after=2026-08-02 13:00:00+00:00
[2026-08-02T12:33:27.105+0000] {processor.py:208} INFO - Processing /opt/airflow/dags/avito_to_raw_midraw.py took 0.062 seconds
[2026-08-02T12:33:57.337+0000] {processor.py:186} INFO - Started process (PID=1577) to work on /opt/airflow/dags/avito_to_raw_midraw.py
[2026-08-02T12:33:57.338+0000] {processor.py:914} INFO - Processing file /opt/airflow/dags/avito_to_raw_midraw.py for tasks to queue
[2026-08-02T12:33:57.339+0000] {logging_mixin.py:190} INFO - [2026-08-02T12:33:57.339+0000] {dagbag.py:588} INFO - Filling up the DagBag from /opt/airflow/dags/avito_to_raw_midraw.py
[2026-08-02T12:33:57.358+0000] {processor.py:925} INFO - DAG(s) 'avito_to_raw_midraw' retrieved from /opt/airflow/dags/avito_to_raw_midraw.py
[2026-08-02T12:33:57.377+0000] {logging_mixin.py:190} INFO - [2026-08-02T12:33:57.377+0000] {dag.py:3239} INFO - Sync 1 DAGs
[2026-08-02T12:33:57.390+0000] {logging_mixin.py:190} INFO - [2026-08-02T12:33:57.390+0000] {dag.py:4180} INFO - Setting next_dagrun for avito_to_raw_midraw to 2026-08-02 12:00:00+00:00, run_after=2026-08-02 13:00:00+00:00
[2026-08-02T12:33:57.405+0000] {processor.py:208} INFO - Processing /opt/airflow/dags/avito_to_raw_midraw.py took 0.074 seconds
[2026-08-02T12:34:27.643+0000] {processor.py:186} INFO - Started process (PID=1579) to work on /opt/airflow/dags/avito_to_raw_midraw.py
[2026-08-02T12:34:27.644+0000] {processor.py:914} INFO - Processing file /opt/airflow/dags/avito_to_raw_midraw.py for tasks to queue
[2026-08-02T12:34:27.645+0000] {logging_mixin.py:190} INFO - [2026-08-02T12:34:27.645+0000] {dagbag.py:588} INFO - Filling up the DagBag from /opt/airflow/dags/avito_to_raw_midraw.py
[2026-08-02T12:34:27.659+0000] {processor.py:925} INFO - DAG(s) 'avito_to_raw_midraw' retrieved from /opt/airflow/dags/avito_to_raw_midraw.py
[2026-08-02T12:34:27.680+0000] {logging_mixin.py:190} INFO - [2026-08-02T12:34:27.680+0000] {dag.py:3239} INFO - Sync 1 DAGs
[2026-08-02T12:34:27.691+0000] {logging_mixin.py:190} INFO - [2026-08-02T12:34:27.691+0000] {dag.py:4180} INFO - Setting next_dagrun for avito_to_raw_midraw to 2026-08-02 12:00:00+00:00, run_after=2026-08-02 13:00:00+00:00
[2026-08-02T12:34:27.699+0000] {processor.py:208} INFO - Processing /opt/airflow/dags/avito_to_raw_midraw.py took 0.060 seconds
[2026-08-02T12:34:57.909+0000] {processor.py:186} INFO - Started process (PID=1581) to work on /opt/airflow/dags/avito_to_raw_midraw.py
[2026-08-02T12:34:57.910+0000] {processor.py:914} INFO - Processing file /opt/airflow/dags/avito_to_raw_midraw.py for tasks to queue
[2026-08-02T12:34:57.911+0000] {logging_mixin.py:190} INFO - [2026-08-02T12:34:57.911+0000] {dagbag.py:588} INFO - Filling up the DagBag from /opt/airflow/dags/avito_to_raw_midraw.py
[2026-08-02T12:34:57.927+0000] {processor.py:925} INFO - DAG(s) 'avito_to_raw_midraw' retrieved from /opt/airflow/dags/avito_to_raw_midraw.py
[2026-08-02T12:34:57.945+0000] {logging_mixin.py:190} INFO - [2026-08-02T12:34:57.945+0000] {dag.py:3239} INFO - Sync 1 DAGs
[2026-08-02T12:34:57.955+0000] {logging_mixin.py:190} INFO - [2026-08-02T12:34:57.955+0000] {dag.py:4180} INFO - Setting next_dagrun for avito_to_raw_midraw to 2026-08-02 12:00:00+00:00, run_after=2026-08-02 13:00:00+00:00
[2026-08-02T12:34:57.964+0000] {processor.py:208} INFO - Processing /opt/airflow/dags/avito_to_raw_midraw.py took 0.061 seconds
[2026-08-02T12:35:28.177+0000] {processor.py:186} INFO - Started process (PID=1583) to work on /opt/airflow/dags/avito_to_raw_midraw.py
[2026-08-02T12:35:28.178+0000] {processor.py:914} INFO - Processing file /opt/airflow/dags/avito_to_raw_midraw.py for tasks to queue
[2026-08-02T12:35:28.180+0000] {logging_mixin.py:190} INFO - [2026-08-02T12:35:28.179+0000] {dagbag.py:588} INFO - Filling up the DagBag from /opt/airflow/dags/avito_to_raw_midraw.py
[2026-08-02T12:35:28.196+0000] {processor.py:925} INFO - DAG(s) 'avito_to_raw_midraw' retrieved from /opt/airflow/dags/avito_to_raw_midraw.py
[2026-08-02T12:35:28.218+0000] {logging_mixin.py:190} INFO - [2026-08-02T12:35:28.218+0000] {dag.py:3239} INFO - Sync 1 DAGs
[2026-08-02T12:35:28.232+0000] {logging_mixin.py:190} INFO - [2026-08-02T12:35:28.232+0000] {dag.py:4180} INFO - Setting next_dagrun for avito_to_raw_midraw to 2026-08-02 12:00:00+00:00, run_after=2026-08-02 13:00:00+00:00
[2026-08-02T12:35:28.242+0000] {processor.py:208} INFO - Processing /opt/airflow/dags/avito_to_raw_midraw.py took 0.069 seconds
[2026-08-02T12:35:58.428+0000] {processor.py:186} INFO - Started process (PID=1585) to work on /opt/airflow/dags/avito_to_raw_midraw.py
[2026-08-02T12:35:58.428+0000] {processor.py:914} INFO - Processing file /opt/airflow/dags/avito_to_raw_midraw.py for tasks to queue
[2026-08-02T12:35:58.430+0000] {logging_mixin.py:190} INFO - [2026-08-02T12:35:58.430+0000] {dagbag.py:588} INFO - Filling up the DagBag from /opt/airflow/dags/avito_to_raw_midraw.py
[2026-08-02T12:35:58.444+0000] {processor.py:925} INFO - DAG(s) 'avito_to_raw_midraw' retrieved from /opt/airflow/dags/avito_to_raw_midraw.py
[2026-08-02T12:35:58.458+0000] {logging_mixin.py:190} INFO - [2026-08-02T12:35:58.458+0000] {dag.py:3239} INFO - Sync 1 DAGs
[2026-08-02T12:35:58.468+0000] {logging_mixin.py:190} INFO - [2026-08-02T12:35:58.468+0000] {dag.py:4180} INFO - Setting next_dagrun for avito_to_raw_midraw to 2026-08-02 12:00:00+00:00, run_after=2026-08-02 13:00:00+00:00
[2026-08-02T12:35:58.478+0000] {processor.py:208} INFO - Processing /opt/airflow/dags/avito_to_raw_midraw.py took 0.054 seconds
[2026-08-02T12:36:28.674+0000] {processor.py:186} INFO - Started process (PID=1587) to work on /opt/airflow/dags/avito_to_raw_midraw.py
[2026-08-02T12:36:28.675+0000] {processor.py:914} INFO - Processing file /opt/airflow/dags/avito_to_raw_midraw.py for tasks to queue
[2026-08-02T12:36:28.676+0000] {logging_mixin.py:190} INFO - [2026-08-02T12:36:28.676+0000] {dagbag.py:588} INFO - Filling up the DagBag from /opt/airflow/dags/avito_to_raw_midraw.py
[2026-08-02T12:36:28.693+0000] {processor.py:925} INFO - DAG(s) 'avito_to_raw_midraw' retrieved from /opt/airflow/dags/avito_to_raw_midraw.py
[2026-08-02T12:36:28.711+0000] {logging_mixin.py:190} INFO - [2026-08-02T12:36:28.711+0000] {dag.py:3239} INFO - Sync 1 DAGs
[2026-08-02T12:36:28.722+0000] {logging_mixin.py:190} INFO - [2026-08-02T12:36:28.722+0000] {dag.py:4180} INFO - Setting next_dagrun for avito_to_raw_midraw to 2026-08-02 12:00:00+00:00, run_after=2026-08-02 13:00:00+00:00
[2026-08-02T12:36:28.732+0000] {processor.py:208} INFO - Processing /opt/airflow/dags/avito_to_raw_midraw.py took 0.062 seconds
[2026-08-02T12:36:59.033+0000] {processor.py:186} INFO - Started process (PID=1589) to work on /opt/airflow/dags/avito_to_raw_midraw.py
[2026-08-02T12:36:59.035+0000] {processor.py:914} INFO - Processing file /opt/airflow/dags/avito_to_raw_midraw.py for tasks to queue
[2026-08-02T12:36:59.038+0000] {logging_mixin.py:190} INFO - [2026-08-02T12:36:59.037+0000] {dagbag.py:588} INFO - Filling up the DagBag from /opt/airflow/dags/avito_to_raw_midraw.py
[2026-08-02T12:36:59.056+0000] {processor.py:925} INFO - DAG(s) 'avito_to_raw_midraw' retrieved from /opt/airflow/dags/avito_to_raw_midraw.py
[2026-08-02T12:36:59.093+0000] {logging_mixin.py:190} INFO - [2026-08-02T12:36:59.092+0000] {dag.py:3239} INFO - Sync 1 DAGs
[2026-08-02T12:36:59.111+0000] {logging_mixin.py:190} INFO - [2026-08-02T12:36:59.111+0000] {dag.py:4180} INFO - Setting next_dagrun for avito_to_raw_midraw to 2026-08-02 12:00:00+00:00, run_after=2026-08-02 13:00:00+00:00
[2026-08-02T12:36:59.122+0000] {processor.py:208} INFO - Processing /opt/airflow/dags/avito_to_raw_midraw.py took 0.101 seconds
[2026-08-02T12:37:29.299+0000] {processor.py:186} INFO - Started process (PID=1591) to work on /opt/airflow/dags/avito_to_raw_midraw.py
[2026-08-02T12:37:29.300+0000] {processor.py:914} INFO - Processing file /opt/airflow/dags/avito_to_raw_midraw.py for tasks to queue
[2026-08-02T12:37:29.301+0000] {logging_mixin.py:190} INFO - [2026-08-02T12:37:29.301+0000] {dagbag.py:588} INFO - Filling up the DagBag from /opt/airflow/dags/avito_to_raw_midraw.py
[2026-08-02T12:37:29.319+0000] {processor.py:925} INFO - DAG(s) 'avito_to_raw_midraw' retrieved from /opt/airflow/dags/avito_to_raw_midraw.py
[2026-08-02T12:37:29.337+0000] {logging_mixin.py:190} INFO - [2026-08-02T12:37:29.337+0000] {dag.py:3239} INFO - Sync 1 DAGs
[2026-08-02T12:37:29.348+0000] {logging_mixin.py:190} INFO - [2026-08-02T12:37:29.348+0000] {dag.py:4180} INFO - Setting next_dagrun for avito_to_raw_midraw to 2026-08-02 12:00:00+00:00, run_after=2026-08-02 13:00:00+00:00
[2026-08-02T12:37:29.356+0000] {processor.py:208} INFO - Processing /opt/airflow/dags/avito_to_raw_midraw.py took 0.062 seconds
[2026-08-02T12:37:59.635+0000] {processor.py:186} INFO - Started process (PID=1593) to work on /opt/airflow/dags/avito_to_raw_midraw.py
[2026-08-02T12:37:59.636+0000] {processor.py:914} INFO - Processing file /opt/airflow/dags/avito_to_raw_midraw.py for tasks to queue
[2026-08-02T12:37:59.637+0000] {logging_mixin.py:190} INFO - [2026-08-02T12:37:59.637+0000] {dagbag.py:588} INFO - Filling up the DagBag from /opt/airflow/dags/avito_to_raw_midraw.py
[2026-08-02T12:37:59.650+0000] {processor.py:925} INFO - DAG(s) 'avito_to_raw_midraw' retrieved from /opt/airflow/dags/avito_to_raw_midraw.py
[2026-08-02T12:37:59.665+0000] {logging_mixin.py:190} INFO - [2026-08-02T12:37:59.665+0000] {dag.py:3239} INFO - Sync 1 DAGs
[2026-08-02T12:37:59.674+0000] {logging_mixin.py:190} INFO - [2026-08-02T12:37:59.674+0000] {dag.py:4180} INFO - Setting next_dagrun for avito_to_raw_midraw to 2026-08-02 12:00:00+00:00, run_after=2026-08-02 13:00:00+00:00
[2026-08-02T12:37:59.681+0000] {processor.py:208} INFO - Processing /opt/airflow/dags/avito_to_raw_midraw.py took 0.050 seconds
[2026-08-02T12:38:29.884+0000] {processor.py:186} INFO - Started process (PID=1595) to work on /opt/airflow/dags/avito_to_raw_midraw.py
[2026-08-02T12:38:29.885+0000] {processor.py:914} INFO - Processing file /opt/airflow/dags/avito_to_raw_midraw.py for tasks to queue
[2026-08-02T12:38:29.886+0000] {logging_mixin.py:190} INFO - [2026-08-02T12:38:29.886+0000] {dagbag.py:588} INFO - Filling up the DagBag from /opt/airflow/dags/avito_to_raw_midraw.py
[2026-08-02T12:38:29.906+0000] {processor.py:925} INFO - DAG(s) 'avito_to_raw_midraw' retrieved from /opt/airflow/dags/avito_to_raw_midraw.py
[2026-08-02T12:38:29.928+0000] {logging_mixin.py:190} INFO - [2026-08-02T12:38:29.928+0000] {dag.py:3239} INFO - Sync 1 DAGs
[2026-08-02T12:38:29.941+0000] {logging_mixin.py:190} INFO - [2026-08-02T12:38:29.941+0000] {dag.py:4180} INFO - Setting next_dagrun for avito_to_raw_midraw to 2026-08-02 12:00:00+00:00, run_after=2026-08-02 13:00:00+00:00
[2026-08-02T12:38:29.952+0000] {processor.py:208} INFO - Processing /opt/airflow/dags/avito_to_raw_midraw.py took 0.073 seconds
[2026-08-02T12:39:00.174+0000] {processor.py:186} INFO - Started process (PID=1597) to work on /opt/airflow/dags/avito_to_raw_midraw.py
[2026-08-02T12:39:00.176+0000] {processor.py:914} INFO - Processing file /opt/airflow/dags/avito_to_raw_midraw.py for tasks to queue
[2026-08-02T12:39:00.178+0000] {logging_mixin.py:190} INFO - [2026-08-02T12:39:00.177+0000] {dagbag.py:588} INFO - Filling up the DagBag from /opt/airflow/dags/avito_to_raw_midraw.py
[2026-08-02T12:39:00.191+0000] {processor.py:925} INFO - DAG(s) 'avito_to_raw_midraw' retrieved from /opt/airflow/dags/avito_to_raw_midraw.py
[2026-08-02T12:39:00.212+0000] {logging_mixin.py:190} INFO - [2026-08-02T12:39:00.212+0000] {dag.py:3239} INFO - Sync 1 DAGs
[2026-08-02T12:39:00.222+0000] {logging_mixin.py:190} INFO - [2026-08-02T12:39:00.222+0000] {dag.py:4180} INFO - Setting next_dagrun for avito_to_raw_midraw to 2026-08-02 12:00:00+00:00, run_after=2026-08-02 13:00:00+00:00
[2026-08-02T12:39:00.231+0000] {processor.py:208} INFO - Processing /opt/airflow/dags/avito_to_raw_midraw.py took 0.062 seconds
[2026-08-02T12:39:30.460+0000] {processor.py:186} INFO - Started process (PID=1599) to work on /opt/airflow/dags/avito_to_raw_midraw.py
[2026-08-02T12:39:30.460+0000] {processor.py:914} INFO - Processing file /opt/airflow/dags/avito_to_raw_midraw.py for tasks to queue
[2026-08-02T12:39:30.462+0000] {logging_mixin.py:190} INFO - [2026-08-02T12:39:30.461+0000] {dagbag.py:588} INFO - Filling up the DagBag from /opt/airflow/dags/avito_to_raw_midraw.py
[2026-08-02T12:39:30.474+0000] {processor.py:925} INFO - DAG(s) 'avito_to_raw_midraw' retrieved from /opt/airflow/dags/avito_to_raw_midraw.py
[2026-08-02T12:39:30.492+0000] {logging_mixin.py:190} INFO - [2026-08-02T12:39:30.492+0000] {dag.py:3239} INFO - Sync 1 DAGs
[2026-08-02T12:39:30.501+0000] {logging_mixin.py:190} INFO - [2026-08-02T12:39:30.501+0000] {dag.py:4180} INFO - Setting next_dagrun for avito_to_raw_midraw to 2026-08-02 12:00:00+00:00, run_after=2026-08-02 13:00:00+00:00
[2026-08-02T12:39:30.508+0000] {processor.py:208} INFO - Processing /opt/airflow/dags/avito_to_raw_midraw.py took 0.053 seconds
[2026-08-02T12:40:00.705+0000] {processor.py:186} INFO - Started process (PID=1601) to work on /opt/airflow/dags/avito_to_raw_midraw.py
[2026-08-02T12:40:00.706+0000] {processor.py:914} INFO - Processing file /opt/airflow/dags/avito_to_raw_midraw.py for tasks to queue
[2026-08-02T12:40:00.707+0000] {logging_mixin.py:190} INFO - [2026-08-02T12:40:00.706+0000] {dagbag.py:588} INFO - Filling up the DagBag from /opt/airflow/dags/avito_to_raw_midraw.py
[2026-08-02T12:40:00.719+0000] {processor.py:925} INFO - DAG(s) 'avito_to_raw_midraw' retrieved from /opt/airflow/dags/avito_to_raw_midraw.py
[2026-08-02T12:40:00.742+0000] {logging_mixin.py:190} INFO - [2026-08-02T12:40:00.742+0000] {dag.py:3239} INFO - Sync 1 DAGs
[2026-08-02T12:40:00.755+0000] {logging_mixin.py:190} INFO - [2026-08-02T12:40:00.755+0000] {dag.py:4180} INFO - Setting next_dagrun for avito_to_raw_midraw to 2026-08-02 12:00:00+00:00, run_after=2026-08-02 13:00:00+00:00
[2026-08-02T12:40:00.763+0000] {processor.py:208} INFO - Processing /opt/airflow/dags/avito_to_raw_midraw.py took 0.064 seconds
[2026-08-02T12:40:30.991+0000] {processor.py:186} INFO - Started process (PID=1603) to work on /opt/airflow/dags/avito_to_raw_midraw.py
[2026-08-02T12:40:30.992+0000] {processor.py:914} INFO - Processing file /opt/airflow/dags/avito_to_raw_midraw.py for tasks to queue
[2026-08-02T12:40:30.993+0000] {logging_mixin.py:190} INFO - [2026-08-02T12:40:30.993+0000] {dagbag.py:588} INFO - Filling up the DagBag from /opt/airflow/dags/avito_to_raw_midraw.py
[2026-08-02T12:40:31.009+0000] {processor.py:925} INFO - DAG(s) 'avito_to_raw_midraw' retrieved from /opt/airflow/dags/avito_to_raw_midraw.py
[2026-08-02T12:40:31.025+0000] {logging_mixin.py:190} INFO - [2026-08-02T12:40:31.025+0000] {dag.py:3239} INFO - Sync 1 DAGs
[2026-08-02T12:40:31.035+0000] {logging_mixin.py:190} INFO - [2026-08-02T12:40:31.035+0000] {dag.py:4180} INFO - Setting next_dagrun for avito_to_raw_midraw to 2026-08-02 12:00:00+00:00, run_after=2026-08-02 13:00:00+00:00
[2026-08-02T12:40:31.044+0000] {processor.py:208} INFO - Processing /opt/airflow/dags/avito_to_raw_midraw.py took 0.057 seconds
[2026-08-02T12:41:01.354+0000] {processor.py:186} INFO - Started process (PID=1605) to work on /opt/airflow/dags/avito_to_raw_midraw.py
[2026-08-02T12:41:01.356+0000] {processor.py:914} INFO - Processing file /opt/airflow/dags/avito_to_raw_midraw.py for tasks to queue
[2026-08-02T12:41:01.356+0000] {logging_mixin.py:190} INFO - [2026-08-02T12:41:01.356+0000] {dagbag.py:588} INFO - Filling up the DagBag from /opt/airflow/dags/avito_to_raw_midraw.py
[2026-08-02T12:41:01.373+0000] {processor.py:925} INFO - DAG(s) 'avito_to_raw_midraw' retrieved from /opt/airflow/dags/avito_to_raw_midraw.py
[2026-08-02T12:41:01.392+0000] {logging_mixin.py:190} INFO - [2026-08-02T12:41:01.392+0000] {dag.py:3239} INFO - Sync 1 DAGs
[2026-08-02T12:41:01.402+0000] {logging_mixin.py:190} INFO - [2026-08-02T12:41:01.402+0000] {dag.py:4180} INFO - Setting next_dagrun for avito_to_raw_midraw to 2026-08-02 12:00:00+00:00, run_after=2026-08-02 13:00:00+00:00
[2026-08-02T12:41:01.412+0000] {processor.py:208} INFO - Processing /opt/airflow/dags/avito_to_raw_midraw.py took 0.063 seconds
[2026-08-02T12:41:31.650+0000] {processor.py:186} INFO - Started process (PID=1607) to work on /opt/airflow/dags/avito_to_raw_midraw.py
[2026-08-02T12:41:31.652+0000] {processor.py:914} INFO - Processing file /opt/airflow/dags/avito_to_raw_midraw.py for tasks to queue
[2026-08-02T12:41:31.655+0000] {logging_mixin.py:190} INFO - [2026-08-02T12:41:31.655+0000] {dagbag.py:588} INFO - Filling up the DagBag from /opt/airflow/dags/avito_to_raw_midraw.py
[2026-08-02T12:41:31.680+0000] {processor.py:925} INFO - DAG(s) 'avito_to_raw_midraw' retrieved from /opt/airflow/dags/avito_to_raw_midraw.py
[2026-08-02T12:41:31.699+0000] {logging_mixin.py:190} INFO - [2026-08-02T12:41:31.698+0000] {dag.py:3239} INFO - Sync 1 DAGs
[2026-08-02T12:41:31.710+0000] {logging_mixin.py:190} INFO - [2026-08-02T12:41:31.709+0000] {dag.py:4180} INFO - Setting next_dagrun for avito_to_raw_midraw to 2026-08-02 12:00:00+00:00, run_after=2026-08-02 13:00:00+00:00
[2026-08-02T12:41:31.718+0000] {processor.py:208} INFO - Processing /opt/airflow/dags/avito_to_raw_midraw.py took 0.074 seconds
[2026-08-02T12:42:01.889+0000] {processor.py:186} INFO - Started process (PID=1609) to work on /opt/airflow/dags/avito_to_raw_midraw.py
[2026-08-02T12:42:01.889+0000] {processor.py:914} INFO - Processing file /opt/airflow/dags/avito_to_raw_midraw.py for tasks to queue
[2026-08-02T12:42:01.890+0000] {logging_mixin.py:190} INFO - [2026-08-02T12:42:01.890+0000] {dagbag.py:588} INFO - Filling up the DagBag from /opt/airflow/dags/avito_to_raw_midraw.py
[2026-08-02T12:42:01.905+0000] {processor.py:925} INFO - DAG(s) 'avito_to_raw_midraw' retrieved from /opt/airflow/dags/avito_to_raw_midraw.py
[2026-08-02T12:42:01.925+0000] {logging_mixin.py:190} INFO - [2026-08-02T12:42:01.924+0000] {dag.py:3239} INFO - Sync 1 DAGs
[2026-08-02T12:42:01.936+0000] {logging_mixin.py:190} INFO - [2026-08-02T12:42:01.936+0000] {dag.py:4180} INFO - Setting next_dagrun for avito_to_raw_midraw to 2026-08-02 12:00:00+00:00, run_after=2026-08-02 13:00:00+00:00
[2026-08-02T12:42:01.943+0000] {processor.py:208} INFO - Processing /opt/airflow/dags/avito_to_raw_midraw.py took 0.060 seconds
[2026-08-02T12:42:32.236+0000] {processor.py:186} INFO - Started process (PID=1611) to work on /opt/airflow/dags/avito_to_raw_midraw.py
[2026-08-02T12:42:32.236+0000] {processor.py:914} INFO - Processing file /opt/airflow/dags/avito_to_raw_midraw.py for tasks to queue
[2026-08-02T12:42:32.237+0000] {logging_mixin.py:190} INFO - [2026-08-02T12:42:32.237+0000] {dagbag.py:588} INFO - Filling up the DagBag from /opt/airflow/dags/avito_to_raw_midraw.py
[2026-08-02T12:42:32.251+0000] {processor.py:925} INFO - DAG(s) 'avito_to_raw_midraw' retrieved from /opt/airflow/dags/avito_to_raw_midraw.py
[2026-08-02T12:42:32.272+0000] {logging_mixin.py:190} INFO - [2026-08-02T12:42:32.272+0000] {dag.py:3239} INFO - Sync 1 DAGs
[2026-08-02T12:42:32.286+0000] {logging_mixin.py:190} INFO - [2026-08-02T12:42:32.286+0000] {dag.py:4180} INFO - Setting next_dagrun for avito_to_raw_midraw to 2026-08-02 12:00:00+00:00, run_after=2026-08-02 13:00:00+00:00
[2026-08-02T12:42:32.296+0000] {processor.py:208} INFO - Processing /opt/airflow/dags/avito_to_raw_midraw.py took 0.066 seconds
[2026-08-02T12:43:02.541+0000] {processor.py:186} INFO - Started process (PID=1613) to work on /opt/airflow/dags/avito_to_raw_midraw.py
[2026-08-02T12:43:02.542+0000] {processor.py:914} INFO - Processing file /opt/airflow/dags/avito_to_raw_midraw.py for tasks to queue
[2026-08-02T12:43:02.543+0000] {logging_mixin.py:190} INFO - [2026-08-02T12:43:02.542+0000] {dagbag.py:588} INFO - Filling up the DagBag from /opt/airflow/dags/avito_to_raw_midraw.py
[2026-08-02T12:43:02.561+0000] {processor.py:925} INFO - DAG(s) 'avito_to_raw_midraw' retrieved from /opt/airflow/dags/avito_to_raw_midraw.py
[2026-08-02T12:43:02.596+0000] {logging_mixin.py:190} INFO - [2026-08-02T12:43:02.596+0000] {dag.py:3239} INFO - Sync 1 DAGs
[2026-08-02T12:43:02.611+0000] {logging_mixin.py:190} INFO - [2026-08-02T12:43:02.611+0000] {dag.py:4180} INFO - Setting next_dagrun for avito_to_raw_midraw to 2026-08-02 12:00:00+00:00, run_after=2026-08-02 13:00:00+00:00
[2026-08-02T12:43:02.626+0000] {processor.py:208} INFO - Processing /opt/airflow/dags/avito_to_raw_midraw.py took 0.092 seconds
[2026-08-02T12:43:32.831+0000] {processor.py:186} INFO - Started process (PID=1615) to work on /opt/airflow/dags/avito_to_raw_midraw.py
[2026-08-02T12:43:32.831+0000] {processor.py:914} INFO - Processing file /opt/airflow/dags/avito_to_raw_midraw.py for tasks to queue
[2026-08-02T12:43:32.833+0000] {logging_mixin.py:190} INFO - [2026-08-02T12:43:32.833+0000] {dagbag.py:588} INFO - Filling up the DagBag from /opt/airflow/dags/avito_to_raw_midraw.py
[2026-08-02T12:43:32.849+0000] {processor.py:925} INFO - DAG(s) 'avito_to_raw_midraw' retrieved from /opt/airflow/dags/avito_to_raw_midraw.py
[2026-08-02T12:43:32.868+0000] {logging_mixin.py:190} INFO - [2026-08-02T12:43:32.868+0000] {dag.py:3239} INFO - Sync 1 DAGs
[2026-08-02T12:43:32.880+0000] {logging_mixin.py:190} INFO - [2026-08-02T12:43:32.880+0000] {dag.py:4180} INFO - Setting next_dagrun for avito_to_raw_midraw to 2026-08-02 12:00:00+00:00, run_after=2026-08-02 13:00:00+00:00
[2026-08-02T12:43:32.891+0000] {processor.py:208} INFO - Processing /opt/airflow/dags/avito_to_raw_midraw.py took 0.064 seconds
[2026-08-02T12:44:03.140+0000] {processor.py:186} INFO - Started process (PID=1617) to work on /opt/airflow/dags/avito_to_raw_midraw.py
[2026-08-02T12:44:03.141+0000] {processor.py:914} INFO - Processing file /opt/airflow/dags/avito_to_raw_midraw.py for tasks to queue
[2026-08-02T12:44:03.141+0000] {logging_mixin.py:190} INFO - [2026-08-02T12:44:03.141+0000] {dagbag.py:588} INFO - Filling up the DagBag from /opt/airflow/dags/avito_to_raw_midraw.py
[2026-08-02T12:44:03.155+0000] {processor.py:925} INFO - DAG(s) 'avito_to_raw_midraw' retrieved from /opt/airflow/dags/avito_to_raw_midraw.py
[2026-08-02T12:44:03.172+0000] {logging_mixin.py:190} INFO - [2026-08-02T12:44:03.172+0000] {dag.py:3239} INFO - Sync 1 DAGs
[2026-08-02T12:44:03.182+0000] {logging_mixin.py:190} INFO - [2026-08-02T12:44:03.182+0000] {dag.py:4180} INFO - Setting next_dagrun for avito_to_raw_midraw to 2026-08-02 12:00:00+00:00, run_after=2026-08-02 13:00:00+00:00
[2026-08-02T12:44:03.191+0000] {processor.py:208} INFO - Processing /opt/airflow/dags/avito_to_raw_midraw.py took 0.053 seconds
[2026-08-02T12:44:33.460+0000] {processor.py:186} INFO - Started process (PID=1619) to work on /opt/airflow/dags/avito_to_raw_midraw.py
[2026-08-02T12:44:33.461+0000] {processor.py:914} INFO - Processing file /opt/airflow/dags/avito_to_raw_midraw.py for tasks to queue
[2026-08-02T12:44:33.463+0000] {logging_mixin.py:190} INFO - [2026-08-02T12:44:33.463+0000] {dagbag.py:588} INFO - Filling up the DagBag from /opt/airflow/dags/avito_to_raw_midraw.py
[2026-08-02T12:44:33.480+0000] {processor.py:925} INFO - DAG(s) 'avito_to_raw_midraw' retrieved from /opt/airflow/dags/avito_to_raw_midraw.py
[2026-08-02T12:44:33.502+0000] {logging_mixin.py:190} INFO - [2026-08-02T12:44:33.502+0000] {dag.py:3239} INFO - Sync 1 DAGs
[2026-08-02T12:44:33.514+0000] {logging_mixin.py:190} INFO - [2026-08-02T12:44:33.514+0000] {dag.py:4180} INFO - Setting next_dagrun for avito_to_raw_midraw to 2026-08-02 12:00:00+00:00, run_after=2026-08-02 13:00:00+00:00
[2026-08-02T12:44:33.524+0000] {processor.py:208} INFO - Processing /opt/airflow/dags/avito_to_raw_midraw.py took 0.071 seconds
[2026-08-02T12:45:03.777+0000] {processor.py:186} INFO - Started process (PID=1621) to work on /opt/airflow/dags/avito_to_raw_midraw.py
[2026-08-02T12:45:03.778+0000] {processor.py:914} INFO - Processing file /opt/airflow/dags/avito_to_raw_midraw.py for tasks to queue
[2026-08-02T12:45:03.779+0000] {logging_mixin.py:190} INFO - [2026-08-02T12:45:03.779+0000] {dagbag.py:588} INFO - Filling up the DagBag from /opt/airflow/dags/avito_to_raw_midraw.py
[2026-08-02T12:45:03.793+0000] {processor.py:925} INFO - DAG(s) 'avito_to_raw_midraw' retrieved from /opt/airflow/dags/avito_to_raw_midraw.py
[2026-08-02T12:45:03.807+0000] {logging_mixin.py:190} INFO - [2026-08-02T12:45:03.807+0000] {dag.py:3239} INFO - Sync 1 DAGs
[2026-08-02T12:45:03.819+0000] {logging_mixin.py:190} INFO - [2026-08-02T12:45:03.819+0000] {dag.py:4180} INFO - Setting next_dagrun for avito_to_raw_midraw to 2026-08-02 12:00:00+00:00, run_after=2026-08-02 13:00:00+00:00
[2026-08-02T12:45:03.829+0000] {processor.py:208} INFO - Processing /opt/airflow/dags/avito_to_raw_midraw.py took 0.056 seconds
[2026-08-02T12:45:34.120+0000] {processor.py:186} INFO - Started process (PID=1623) to work on /opt/airflow/dags/avito_to_raw_midraw.py
[2026-08-02T12:45:34.121+0000] {processor.py:914} INFO - Processing file /opt/airflow/dags/avito_to_raw_midraw.py for tasks to queue
[2026-08-02T12:45:34.122+0000] {logging_mixin.py:190} INFO - [2026-08-02T12:45:34.122+0000] {dagbag.py:588} INFO - Filling up the DagBag from /opt/airflow/dags/avito_to_raw_midraw.py
[2026-08-02T12:45:34.140+0000] {processor.py:925} INFO - DAG(s) 'avito_to_raw_midraw' retrieved from /opt/airflow/dags/avito_to_raw_midraw.py
[2026-08-02T12:45:34.161+0000] {logging_mixin.py:190} INFO - [2026-08-02T12:45:34.161+0000] {dag.py:3239} INFO - Sync 1 DAGs
[2026-08-02T12:45:34.173+0000] {logging_mixin.py:190} INFO - [2026-08-02T12:45:34.173+0000] {dag.py:4180} INFO - Setting next_dagrun for avito_to_raw_midraw to 2026-08-02 12:00:00+00:00, run_after=2026-08-02 13:00:00+00:00
[2026-08-02T12:45:34.182+0000] {processor.py:208} INFO - Processing /opt/airflow/dags/avito_to_raw_midraw.py took 0.066 seconds
[2026-08-02T12:46:04.396+0000] {processor.py:186} INFO - Started process (PID=1625) to work on /opt/airflow/dags/avito_to_raw_midraw.py
[2026-08-02T12:46:04.397+0000] {processor.py:914} INFO - Processing file /opt/airflow/dags/avito_to_raw_midraw.py for tasks to queue
[2026-08-02T12:46:04.398+0000] {logging_mixin.py:190} INFO - [2026-08-02T12:46:04.398+0000] {dagbag.py:588} INFO - Filling up the DagBag from /opt/airflow/dags/avito_to_raw_midraw.py
[2026-08-02T12:46:04.411+0000] {processor.py:925} INFO - DAG(s) 'avito_to_raw_midraw' retrieved from /opt/airflow/dags/avito_to_raw_midraw.py
[2026-08-02T12:46:04.428+0000] {logging_mixin.py:190} INFO - [2026-08-02T12:46:04.428+0000] {dag.py:3239} INFO - Sync 1 DAGs
[2026-08-02T12:46:04.438+0000] {logging_mixin.py:190} INFO - [2026-08-02T12:46:04.438+0000] {dag.py:4180} INFO - Setting next_dagrun for avito_to_raw_midraw to 2026-08-02 12:00:00+00:00, run_after=2026-08-02 13:00:00+00:00
[2026-08-02T12:46:04.446+0000] {processor.py:208} INFO - Processing /opt/airflow/dags/avito_to_raw_midraw.py took 0.054 seconds
[2026-08-02T12:46:34.696+0000] {processor.py:186} INFO - Started process (PID=1627) to work on /opt/airflow/dags/avito_to_raw_midraw.py
[2026-08-02T12:46:34.701+0000] {processor.py:914} INFO - Processing file /opt/airflow/dags/avito_to_raw_midraw.py for tasks to queue
[2026-08-02T12:46:34.702+0000] {logging_mixin.py:190} INFO - [2026-08-02T12:46:34.702+0000] {dagbag.py:588} INFO - Filling up the DagBag from /opt/airflow/dags/avito_to_raw_midraw.py
[2026-08-02T12:46:34.720+0000] {processor.py:925} INFO - DAG(s) 'avito_to_raw_midraw' retrieved from /opt/airflow/dags/avito_to_raw_midraw.py
[2026-08-02T12:46:34.744+0000] {logging_mixin.py:190} INFO - [2026-08-02T12:46:34.744+0000] {dag.py:3239} INFO - Sync 1 DAGs
[2026-08-02T12:46:34.758+0000] {logging_mixin.py:190} INFO - [2026-08-02T12:46:34.758+0000] {dag.py:4180} INFO - Setting next_dagrun for avito_to_raw_midraw to 2026-08-02 12:00:00+00:00, run_after=2026-08-02 13:00:00+00:00
[2026-08-02T12:46:34.770+0000] {processor.py:208} INFO - Processing /opt/airflow/dags/avito_to_raw_midraw.py took 0.085 seconds
[2026-08-02T12:47:04.960+0000] {processor.py:186} INFO - Started process (PID=1629) to work on /opt/airflow/dags/avito_to_raw_midraw.py
[2026-08-02T12:47:04.961+0000] {processor.py:914} INFO - Processing file /opt/airflow/dags/avito_to_raw_midraw.py for tasks to queue
[2026-08-02T12:47:04.962+0000] {logging_mixin.py:190} INFO - [2026-08-02T12:47:04.962+0000] {dagbag.py:588} INFO - Filling up the DagBag from /opt/airflow/dags/avito_to_raw_midraw.py
[2026-08-02T12:47:04.980+0000] {processor.py:925} INFO - DAG(s) 'avito_to_raw_midraw' retrieved from /opt/airflow/dags/avito_to_raw_midraw.py
[2026-08-02T12:47:04.999+0000] {logging_mixin.py:190} INFO - [2026-08-02T12:47:04.999+0000] {dag.py:3239} INFO - Sync 1 DAGs
[2026-08-02T12:47:05.012+0000] {logging_mixin.py:190} INFO - [2026-08-02T12:47:05.012+0000] {dag.py:4180} INFO - Setting next_dagrun for avito_to_raw_midraw to 2026-08-02 12:00:00+00:00, run_after=2026-08-02 13:00:00+00:00
[2026-08-02T12:47:05.022+0000] {processor.py:208} INFO - Processing /opt/airflow/dags/avito_to_raw_midraw.py took 0.069 seconds
[2026-08-02T12:47:35.281+0000] {processor.py:186} INFO - Started process (PID=1631) to work on /opt/airflow/dags/avito_to_raw_midraw.py
[2026-08-02T12:47:35.282+0000] {processor.py:914} INFO - Processing file /opt/airflow/dags/avito_to_raw_midraw.py for tasks to queue
[2026-08-02T12:47:35.283+0000] {logging_mixin.py:190} INFO - [2026-08-02T12:47:35.283+0000] {dagbag.py:588} INFO - Filling up the DagBag from /opt/airflow/dags/avito_to_raw_midraw.py
[2026-08-02T12:47:35.298+0000] {processor.py:925} INFO - DAG(s) 'avito_to_raw_midraw' retrieved from /opt/airflow/dags/avito_to_raw_midraw.py
[2026-08-02T12:47:35.316+0000] {logging_mixin.py:190} INFO - [2026-08-02T12:47:35.316+0000] {dag.py:3239} INFO - Sync 1 DAGs
[2026-08-02T12:47:35.327+0000] {logging_mixin.py:190} INFO - [2026-08-02T12:47:35.327+0000] {dag.py:4180} INFO - Setting next_dagrun for avito_to_raw_midraw to 2026-08-02 12:00:00+00:00, run_after=2026-08-02 13:00:00+00:00
[2026-08-02T12:47:35.336+0000] {processor.py:208} INFO - Processing /opt/airflow/dags/avito_to_raw_midraw.py took 0.059 seconds
[2026-08-02T12:48:05.542+0000] {processor.py:186} INFO - Started process (PID=1633) to work on /opt/airflow/dags/avito_to_raw_midraw.py
[2026-08-02T12:48:05.543+0000] {processor.py:914} INFO - Processing file /opt/airflow/dags/avito_to_raw_midraw.py for tasks to queue
[2026-08-02T12:48:05.545+0000] {logging_mixin.py:190} INFO - [2026-08-02T12:48:05.544+0000] {dagbag.py:588} INFO - Filling up the DagBag from /opt/airflow/dags/avito_to_raw_midraw.py
[2026-08-02T12:48:05.558+0000] {processor.py:925} INFO - DAG(s) 'avito_to_raw_midraw' retrieved from /opt/airflow/dags/avito_to_raw_midraw.py
[2026-08-02T12:48:05.575+0000] {logging_mixin.py:190} INFO - [2026-08-02T12:48:05.575+0000] {dag.py:3239} INFO - Sync 1 DAGs
[2026-08-02T12:48:05.586+0000] {logging_mixin.py:190} INFO - [2026-08-02T12:48:05.586+0000] {dag.py:4180} INFO - Setting next_dagrun for avito_to_raw_midraw to 2026-08-02 12:00:00+00:00, run_after=2026-08-02 13:00:00+00:00
[2026-08-02T12:48:05.598+0000] {processor.py:208} INFO - Processing /opt/airflow/dags/avito_to_raw_midraw.py took 0.061 seconds
[2026-08-02T12:48:35.816+0000] {processor.py:186} INFO - Started process (PID=1635) to work on /opt/airflow/dags/avito_to_raw_midraw.py
[2026-08-02T12:48:35.817+0000] {processor.py:914} INFO - Processing file /opt/airflow/dags/avito_to_raw_midraw.py for tasks to queue
[2026-08-02T12:48:35.817+0000] {logging_mixin.py:190} INFO - [2026-08-02T12:48:35.817+0000] {dagbag.py:588} INFO - Filling up the DagBag from /opt/airflow/dags/avito_to_raw_midraw.py
[2026-08-02T12:48:35.828+0000] {processor.py:925} INFO - DAG(s) 'avito_to_raw_midraw' retrieved from /opt/airflow/dags/avito_to_raw_midraw.py
[2026-08-02T12:48:35.846+0000] {logging_mixin.py:190} INFO - [2026-08-02T12:48:35.846+0000] {dag.py:3239} INFO - Sync 1 DAGs
[2026-08-02T12:48:35.856+0000] {logging_mixin.py:190} INFO - [2026-08-02T12:48:35.856+0000] {dag.py:4180} INFO - Setting next_dagrun for avito_to_raw_midraw to 2026-08-02 12:00:00+00:00, run_after=2026-08-02 13:00:00+00:00
[2026-08-02T12:48:35.863+0000] {processor.py:208} INFO - Processing /opt/airflow/dags/avito_to_raw_midraw.py took 0.052 seconds
[2026-08-02T12:49:06.089+0000] {processor.py:186} INFO - Started process (PID=1637) to work on /opt/airflow/dags/avito_to_raw_midraw.py
[2026-08-02T12:49:06.090+0000] {processor.py:914} INFO - Processing file /opt/airflow/dags/avito_to_raw_midraw.py for tasks to queue
[2026-08-02T12:49:06.092+0000] {logging_mixin.py:190} INFO - [2026-08-02T12:49:06.091+0000] {dagbag.py:588} INFO - Filling up the DagBag from /opt/airflow/dags/avito_to_raw_midraw.py
[2026-08-02T12:49:06.106+0000] {processor.py:925} INFO - DAG(s) 'avito_to_raw_midraw' retrieved from /opt/airflow/dags/avito_to_raw_midraw.py
[2026-08-02T12:49:06.130+0000] {logging_mixin.py:190} INFO - [2026-08-02T12:49:06.130+0000] {dag.py:3239} INFO - Sync 1 DAGs
[2026-08-02T12:49:06.145+0000] {logging_mixin.py:190} INFO - [2026-08-02T12:49:06.144+0000] {dag.py:4180} INFO - Setting next_dagrun for avito_to_raw_midraw to 2026-08-02 12:00:00+00:00, run_after=2026-08-02 13:00:00+00:00
[2026-08-02T12:49:06.155+0000] {processor.py:208} INFO - Processing /opt/airflow/dags/avito_to_raw_midraw.py took 0.072 seconds
[2026-08-02T12:49:36.394+0000] {processor.py:186} INFO - Started process (PID=1639) to work on /opt/airflow/dags/avito_to_raw_midraw.py
[2026-08-02T12:49:36.400+0000] {processor.py:914} INFO - Processing file /opt/airflow/dags/avito_to_raw_midraw.py for tasks to queue
[2026-08-02T12:49:36.404+0000] {logging_mixin.py:190} INFO - [2026-08-02T12:49:36.403+0000] {dagbag.py:588} INFO - Filling up the DagBag from /opt/airflow/dags/avito_to_raw_midraw.py
[2026-08-02T12:49:36.425+0000] {processor.py:925} INFO - DAG(s) 'avito_to_raw_midraw' retrieved from /opt/airflow/dags/avito_to_raw_midraw.py
[2026-08-02T12:49:36.451+0000] {logging_mixin.py:190} INFO - [2026-08-02T12:49:36.451+0000] {dag.py:3239} INFO - Sync 1 DAGs
[2026-08-02T12:49:36.477+0000] {logging_mixin.py:190} INFO - [2026-08-02T12:49:36.477+0000] {dag.py:4180} INFO - Setting next_dagrun for avito_to_raw_midraw to 2026-08-02 12:00:00+00:00, run_after=2026-08-02 13:00:00+00:00
[2026-08-02T12:49:36.490+0000] {processor.py:208} INFO - Processing /opt/airflow/dags/avito_to_raw_midraw.py took 0.106 seconds
[2026-08-02T12:50:06.672+0000] {processor.py:186} INFO - Started process (PID=1641) to work on /opt/airflow/dags/avito_to_raw_midraw.py
[2026-08-02T12:50:06.673+0000] {processor.py:914} INFO - Processing file /opt/airflow/dags/avito_to_raw_midraw.py for tasks to queue
[2026-08-02T12:50:06.674+0000] {logging_mixin.py:190} INFO - [2026-08-02T12:50:06.674+0000] {dagbag.py:588} INFO - Filling up the DagBag from /opt/airflow/dags/avito_to_raw_midraw.py
[2026-08-02T12:50:06.687+0000] {processor.py:925} INFO - DAG(s) 'avito_to_raw_midraw' retrieved from /opt/airflow/dags/avito_to_raw_midraw.py
[2026-08-02T12:50:06.703+0000] {logging_mixin.py:190} INFO - [2026-08-02T12:50:06.703+0000] {dag.py:3239} INFO - Sync 1 DAGs
[2026-08-02T12:50:06.715+0000] {logging_mixin.py:190} INFO - [2026-08-02T12:50:06.715+0000] {dag.py:4180} INFO - Setting next_dagrun for avito_to_raw_midraw to 2026-08-02 12:00:00+00:00, run_after=2026-08-02 13:00:00+00:00
[2026-08-02T12:50:06.723+0000] {processor.py:208} INFO - Processing /opt/airflow/dags/avito_to_raw_midraw.py took 0.057 seconds
[2026-08-02T12:50:37.021+0000] {processor.py:186} INFO - Started process (PID=1643) to work on /opt/airflow/dags/avito_to_raw_midraw.py
[2026-08-02T12:50:37.022+0000] {processor.py:914} INFO - Processing file /opt/airflow/dags/avito_to_raw_midraw.py for tasks to queue
[2026-08-02T12:50:37.023+0000] {logging_mixin.py:190} INFO - [2026-08-02T12:50:37.023+0000] {dagbag.py:588} INFO - Filling up the DagBag from /opt/airflow/dags/avito_to_raw_midraw.py
[2026-08-02T12:50:37.042+0000] {processor.py:925} INFO - DAG(s) 'avito_to_raw_midraw' retrieved from /opt/airflow/dags/avito_to_raw_midraw.py
[2026-08-02T12:50:37.059+0000] {logging_mixin.py:190} INFO - [2026-08-02T12:50:37.059+0000] {dag.py:3239} INFO - Sync 1 DAGs
[2026-08-02T12:50:37.071+0000] {logging_mixin.py:190} INFO - [2026-08-02T12:50:37.071+0000] {dag.py:4180} INFO - Setting next_dagrun for avito_to_raw_midraw to 2026-08-02 12:00:00+00:00, run_after=2026-08-02 13:00:00+00:00
[2026-08-02T12:50:37.079+0000] {processor.py:208} INFO - Processing /opt/airflow/dags/avito_to_raw_midraw.py took 0.065 seconds
[2026-08-02T12:51:07.283+0000] {processor.py:186} INFO - Started process (PID=1645) to work on /opt/airflow/dags/avito_to_raw_midraw.py
[2026-08-02T12:51:07.284+0000] {processor.py:914} INFO - Processing file /opt/airflow/dags/avito_to_raw_midraw.py for tasks to queue
[2026-08-02T12:51:07.287+0000] {logging_mixin.py:190} INFO - [2026-08-02T12:51:07.286+0000] {dagbag.py:588} INFO - Filling up the DagBag from /opt/airflow/dags/avito_to_raw_midraw.py
[2026-08-02T12:51:07.306+0000] {processor.py:925} INFO - DAG(s) 'avito_to_raw_midraw' retrieved from /opt/airflow/dags/avito_to_raw_midraw.py
[2026-08-02T12:51:07.325+0000] {logging_mixin.py:190} INFO - [2026-08-02T12:51:07.325+0000] {dag.py:3239} INFO - Sync 1 DAGs
[2026-08-02T12:51:07.338+0000] {logging_mixin.py:190} INFO - [2026-08-02T12:51:07.337+0000] {dag.py:4180} INFO - Setting next_dagrun for avito_to_raw_midraw to 2026-08-02 12:00:00+00:00, run_after=2026-08-02 13:00:00+00:00
[2026-08-02T12:51:07.348+0000] {processor.py:208} INFO - Processing /opt/airflow/dags/avito_to_raw_midraw.py took 0.074 seconds
[2026-08-02T12:51:37.551+0000] {processor.py:186} INFO - Started process (PID=1647) to work on /opt/airflow/dags/avito_to_raw_midraw.py
[2026-08-02T12:51:37.552+0000] {processor.py:914} INFO - Processing file /opt/airflow/dags/avito_to_raw_midraw.py for tasks to queue
[2026-08-02T12:51:37.552+0000] {logging_mixin.py:190} INFO - [2026-08-02T12:51:37.552+0000] {dagbag.py:588} INFO - Filling up the DagBag from /opt/airflow/dags/avito_to_raw_midraw.py
[2026-08-02T12:51:37.569+0000] {processor.py:925} INFO - DAG(s) 'avito_to_raw_midraw' retrieved from /opt/airflow/dags/avito_to_raw_midraw.py
[2026-08-02T12:51:37.591+0000] {logging_mixin.py:190} INFO - [2026-08-02T12:51:37.591+0000] {dag.py:3239} INFO - Sync 1 DAGs
[2026-08-02T12:51:37.604+0000] {logging_mixin.py:190} INFO - [2026-08-02T12:51:37.603+0000] {dag.py:4180} INFO - Setting next_dagrun for avito_to_raw_midraw to 2026-08-02 12:00:00+00:00, run_after=2026-08-02 13:00:00+00:00
[2026-08-02T12:51:37.613+0000] {processor.py:208} INFO - Processing /opt/airflow/dags/avito_to_raw_midraw.py took 0.066 seconds
[2026-08-02T12:52:07.859+0000] {processor.py:186} INFO - Started process (PID=1649) to work on /opt/airflow/dags/avito_to_raw_midraw.py
[2026-08-02T12:52:07.860+0000] {processor.py:914} INFO - Processing file /opt/airflow/dags/avito_to_raw_midraw.py for tasks to queue
[2026-08-02T12:52:07.863+0000] {logging_mixin.py:190} INFO - [2026-08-02T12:52:07.862+0000] {dagbag.py:588} INFO - Filling up the DagBag from /opt/airflow/dags/avito_to_raw_midraw.py
[2026-08-02T12:52:07.876+0000] {processor.py:925} INFO - DAG(s) 'avito_to_raw_midraw' retrieved from /opt/airflow/dags/avito_to_raw_midraw.py
[2026-08-02T12:52:07.893+0000] {logging_mixin.py:190} INFO - [2026-08-02T12:52:07.893+0000] {dag.py:3239} INFO - Sync 1 DAGs
[2026-08-02T12:52:07.902+0000] {logging_mixin.py:190} INFO - [2026-08-02T12:52:07.902+0000] {dag.py:4180} INFO - Setting next_dagrun for avito_to_raw_midraw to 2026-08-02 12:00:00+00:00, run_after=2026-08-02 13:00:00+00:00
[2026-08-02T12:52:07.911+0000] {processor.py:208} INFO - Processing /opt/airflow/dags/avito_to_raw_midraw.py took 0.056 seconds
[2026-08-02T12:52:38.158+0000] {processor.py:186} INFO - Started process (PID=1651) to work on /opt/airflow/dags/avito_to_raw_midraw.py
[2026-08-02T12:52:38.159+0000] {processor.py:914} INFO - Processing file /opt/airflow/dags/avito_to_raw_midraw.py for tasks to queue
[2026-08-02T12:52:38.161+0000] {logging_mixin.py:190} INFO - [2026-08-02T12:52:38.160+0000] {dagbag.py:588} INFO - Filling up the DagBag from /opt/airflow/dags/avito_to_raw_midraw.py
[2026-08-02T12:52:38.174+0000] {processor.py:925} INFO - DAG(s) 'avito_to_raw_midraw' retrieved from /opt/airflow/dags/avito_to_raw_midraw.py
[2026-08-02T12:52:38.190+0000] {logging_mixin.py:190} INFO - [2026-08-02T12:52:38.189+0000] {dag.py:3239} INFO - Sync 1 DAGs
[2026-08-02T12:52:38.198+0000] {logging_mixin.py:190} INFO - [2026-08-02T12:52:38.198+0000] {dag.py:4180} INFO - Setting next_dagrun for avito_to_raw_midraw to 2026-08-02 12:00:00+00:00, run_after=2026-08-02 13:00:00+00:00
[2026-08-02T12:52:38.207+0000] {processor.py:208} INFO - Processing /opt/airflow/dags/avito_to_raw_midraw.py took 0.053 seconds
[2026-08-02T12:53:08.470+0000] {processor.py:186} INFO - Started process (PID=1653) to work on /opt/airflow/dags/avito_to_raw_midraw.py
[2026-08-02T12:53:08.471+0000] {processor.py:914} INFO - Processing file /opt/airflow/dags/avito_to_raw_midraw.py for tasks to queue
[2026-08-02T12:53:08.472+0000] {logging_mixin.py:190} INFO - [2026-08-02T12:53:08.472+0000] {dagbag.py:588} INFO - Filling up the DagBag from /opt/airflow/dags/avito_to_raw_midraw.py
[2026-08-02T12:53:08.488+0000] {processor.py:925} INFO - DAG(s) 'avito_to_raw_midraw' retrieved from /opt/airflow/dags/avito_to_raw_midraw.py
[2026-08-02T12:53:08.505+0000] {logging_mixin.py:190} INFO - [2026-08-02T12:53:08.504+0000] {dag.py:3239} INFO - Sync 1 DAGs
[2026-08-02T12:53:08.515+0000] {logging_mixin.py:190} INFO - [2026-08-02T12:53:08.514+0000] {dag.py:4180} INFO - Setting next_dagrun for avito_to_raw_midraw to 2026-08-02 12:00:00+00:00, run_after=2026-08-02 13:00:00+00:00
[2026-08-02T12:53:08.524+0000] {processor.py:208} INFO - Processing /opt/airflow/dags/avito_to_raw_midraw.py took 0.059 seconds
[2026-08-02T12:53:38.736+0000] {processor.py:186} INFO - Started process (PID=1655) to work on /opt/airflow/dags/avito_to_raw_midraw.py
[2026-08-02T12:53:38.737+0000] {processor.py:914} INFO - Processing file /opt/airflow/dags/avito_to_raw_midraw.py for tasks to queue
[2026-08-02T12:53:38.737+0000] {logging_mixin.py:190} INFO - [2026-08-02T12:53:38.737+0000] {dagbag.py:588} INFO - Filling up the DagBag from /opt/airflow/dags/avito_to_raw_midraw.py
[2026-08-02T12:53:38.754+0000] {processor.py:925} INFO - DAG(s) 'avito_to_raw_midraw' retrieved from /opt/airflow/dags/avito_to_raw_midraw.py
[2026-08-02T12:53:38.776+0000] {logging_mixin.py:190} INFO - [2026-08-02T12:53:38.776+0000] {dag.py:3239} INFO - Sync 1 DAGs
[2026-08-02T12:53:38.790+0000] {logging_mixin.py:190} INFO - [2026-08-02T12:53:38.790+0000] {dag.py:4180} INFO - Setting next_dagrun for avito_to_raw_midraw to 2026-08-02 12:00:00+00:00, run_after=2026-08-02 13:00:00+00:00
[2026-08-02T12:53:38.802+0000] {processor.py:208} INFO - Processing /opt/airflow/dags/avito_to_raw_midraw.py took 0.072 seconds
[2026-08-02T12:54:08.973+0000] {processor.py:186} INFO - Started process (PID=1657) to work on /opt/airflow/dags/avito_to_raw_midraw.py
[2026-08-02T12:54:08.973+0000] {processor.py:914} INFO - Processing file /opt/airflow/dags/avito_to_raw_midraw.py for tasks to queue
[2026-08-02T12:54:08.974+0000] {logging_mixin.py:190} INFO - [2026-08-02T12:54:08.974+0000] {dagbag.py:588} INFO - Filling up the DagBag from /opt/airflow/dags/avito_to_raw_midraw.py
[2026-08-02T12:54:08.990+0000] {processor.py:925} INFO - DAG(s) 'avito_to_raw_midraw' retrieved from /opt/airflow/dags/avito_to_raw_midraw.py
[2026-08-02T12:54:09.007+0000] {logging_mixin.py:190} INFO - [2026-08-02T12:54:09.007+0000] {dag.py:3239} INFO - Sync 1 DAGs
[2026-08-02T12:54:09.020+0000] {logging_mixin.py:190} INFO - [2026-08-02T12:54:09.020+0000] {dag.py:4180} INFO - Setting next_dagrun for avito_to_raw_midraw to 2026-08-02 12:00:00+00:00, run_after=2026-08-02 13:00:00+00:00
[2026-08-02T12:54:09.026+0000] {processor.py:208} INFO - Processing /opt/airflow/dags/avito_to_raw_midraw.py took 0.058 seconds
[2026-08-02T12:54:39.249+0000] {processor.py:186} INFO - Started process (PID=1659) to work on /opt/airflow/dags/avito_to_raw_midraw.py
[2026-08-02T12:54:39.250+0000] {processor.py:914} INFO - Processing file /opt/airflow/dags/avito_to_raw_midraw.py for tasks to queue
[2026-08-02T12:54:39.250+0000] {logging_mixin.py:190} INFO - [2026-08-02T12:54:39.250+0000] {dagbag.py:588} INFO - Filling up the DagBag from /opt/airflow/dags/avito_to_raw_midraw.py
[2026-08-02T12:54:39.263+0000] {processor.py:925} INFO - DAG(s) 'avito_to_raw_midraw' retrieved from /opt/airflow/dags/avito_to_raw_midraw.py
[2026-08-02T12:54:39.281+0000] {logging_mixin.py:190} INFO - [2026-08-02T12:54:39.281+0000] {dag.py:3239} INFO - Sync 1 DAGs
[2026-08-02T12:54:39.292+0000] {logging_mixin.py:190} INFO - [2026-08-02T12:54:39.292+0000] {dag.py:4180} INFO - Setting next_dagrun for avito_to_raw_midraw to 2026-08-02 12:00:00+00:00, run_after=2026-08-02 13:00:00+00:00
[2026-08-02T12:54:39.301+0000] {processor.py:208} INFO - Processing /opt/airflow/dags/avito_to_raw_midraw.py took 0.056 seconds
[2026-08-02T12:55:09.496+0000] {processor.py:186} INFO - Started process (PID=1661) to work on /opt/airflow/dags/avito_to_raw_midraw.py
[2026-08-02T12:55:09.497+0000] {processor.py:914} INFO - Processing file /opt/airflow/dags/avito_to_raw_midraw.py for tasks to queue
[2026-08-02T12:55:09.498+0000] {logging_mixin.py:190} INFO - [2026-08-02T12:55:09.497+0000] {dagbag.py:588} INFO - Filling up the DagBag from /opt/airflow/dags/avito_to_raw_midraw.py
[2026-08-02T12:55:09.511+0000] {processor.py:925} INFO - DAG(s) 'avito_to_raw_midraw' retrieved from /opt/airflow/dags/avito_to_raw_midraw.py
[2026-08-02T12:55:09.530+0000] {logging_mixin.py:190} INFO - [2026-08-02T12:55:09.530+0000] {dag.py:3239} INFO - Sync 1 DAGs
[2026-08-02T12:55:09.540+0000] {logging_mixin.py:190} INFO - [2026-08-02T12:55:09.540+0000] {dag.py:4180} INFO - Setting next_dagrun for avito_to_raw_midraw to 2026-08-02 12:00:00+00:00, run_after=2026-08-02 13:00:00+00:00
[2026-08-02T12:55:09.548+0000] {processor.py:208} INFO - Processing /opt/airflow/dags/avito_to_raw_midraw.py took 0.056 seconds
[2026-08-02T12:55:39.784+0000] {processor.py:186} INFO - Started process (PID=1663) to work on /opt/airflow/dags/avito_to_raw_midraw.py
[2026-08-02T12:55:39.785+0000] {processor.py:914} INFO - Processing file /opt/airflow/dags/avito_to_raw_midraw.py for tasks to queue
[2026-08-02T12:55:39.786+0000] {logging_mixin.py:190} INFO - [2026-08-02T12:55:39.786+0000] {dagbag.py:588} INFO - Filling up the DagBag from /opt/airflow/dags/avito_to_raw_midraw.py
[2026-08-02T12:55:39.803+0000] {processor.py:925} INFO - DAG(s) 'avito_to_raw_midraw' retrieved from /opt/airflow/dags/avito_to_raw_midraw.py
[2026-08-02T12:55:39.817+0000] {logging_mixin.py:190} INFO - [2026-08-02T12:55:39.817+0000] {dag.py:3239} INFO - Sync 1 DAGs
[2026-08-02T12:55:39.829+0000] {logging_mixin.py:190} INFO - [2026-08-02T12:55:39.829+0000] {dag.py:4180} INFO - Setting next_dagrun for avito_to_raw_midraw to 2026-08-02 12:00:00+00:00, run_after=2026-08-02 13:00:00+00:00
[2026-08-02T12:55:39.837+0000] {processor.py:208} INFO - Processing /opt/airflow/dags/avito_to_raw_midraw.py took 0.056 seconds
[2026-08-02T12:56:10.107+0000] {processor.py:186} INFO - Started process (PID=1665) to work on /opt/airflow/dags/avito_to_raw_midraw.py
[2026-08-02T12:56:10.108+0000] {processor.py:914} INFO - Processing file /opt/airflow/dags/avito_to_raw_midraw.py for tasks to queue
[2026-08-02T12:56:10.110+0000] {logging_mixin.py:190} INFO - [2026-08-02T12:56:10.110+0000] {dagbag.py:588} INFO - Filling up the DagBag from /opt/airflow/dags/avito_to_raw_midraw.py
[2026-08-02T12:56:10.127+0000] {processor.py:925} INFO - DAG(s) 'avito_to_raw_midraw' retrieved from /opt/airflow/dags/avito_to_raw_midraw.py
[2026-08-02T12:56:10.150+0000] {logging_mixin.py:190} INFO - [2026-08-02T12:56:10.149+0000] {dag.py:3239} INFO - Sync 1 DAGs
[2026-08-02T12:56:10.164+0000] {logging_mixin.py:190} INFO - [2026-08-02T12:56:10.164+0000] {dag.py:4180} INFO - Setting next_dagrun for avito_to_raw_midraw to 2026-08-02 12:00:00+00:00, run_after=2026-08-02 13:00:00+00:00
[2026-08-02T12:56:10.174+0000] {processor.py:208} INFO - Processing /opt/airflow/dags/avito_to_raw_midraw.py took 0.071 seconds
[2026-08-02T12:56:40.353+0000] {processor.py:186} INFO - Started process (PID=1667) to work on /opt/airflow/dags/avito_to_raw_midraw.py
[2026-08-02T12:56:40.353+0000] {processor.py:914} INFO - Processing file /opt/airflow/dags/avito_to_raw_midraw.py for tasks to queue
[2026-08-02T12:56:40.355+0000] {logging_mixin.py:190} INFO - [2026-08-02T12:56:40.355+0000] {dagbag.py:588} INFO - Filling up the DagBag from /opt/airflow/dags/avito_to_raw_midraw.py
[2026-08-02T12:56:40.368+0000] {processor.py:925} INFO - DAG(s) 'avito_to_raw_midraw' retrieved from /opt/airflow/dags/avito_to_raw_midraw.py
[2026-08-02T12:56:40.386+0000] {logging_mixin.py:190} INFO - [2026-08-02T12:56:40.386+0000] {dag.py:3239} INFO - Sync 1 DAGs
[2026-08-02T12:56:40.396+0000] {logging_mixin.py:190} INFO - [2026-08-02T12:56:40.396+0000] {dag.py:4180} INFO - Setting next_dagrun for avito_to_raw_midraw to 2026-08-02 12:00:00+00:00, run_after=2026-08-02 13:00:00+00:00
[2026-08-02T12:56:40.404+0000] {processor.py:208} INFO - Processing /opt/airflow/dags/avito_to_raw_midraw.py took 0.056 seconds
[2026-08-02T12:57:10.698+0000] {processor.py:186} INFO - Started process (PID=1669) to work on /opt/airflow/dags/avito_to_raw_midraw.py
[2026-08-02T12:57:10.699+0000] {processor.py:914} INFO - Processing file /opt/airflow/dags/avito_to_raw_midraw.py for tasks to queue
[2026-08-02T12:57:10.700+0000] {logging_mixin.py:190} INFO - [2026-08-02T12:57:10.700+0000] {dagbag.py:588} INFO - Filling up the DagBag from /opt/airflow/dags/avito_to_raw_midraw.py
[2026-08-02T12:57:10.714+0000] {processor.py:925} INFO - DAG(s) 'avito_to_raw_midraw' retrieved from /opt/airflow/dags/avito_to_raw_midraw.py
[2026-08-02T12:57:10.731+0000] {logging_mixin.py:190} INFO - [2026-08-02T12:57:10.731+0000] {dag.py:3239} INFO - Sync 1 DAGs
[2026-08-02T12:57:10.739+0000] {logging_mixin.py:190} INFO - [2026-08-02T12:57:10.739+0000] {dag.py:4180} INFO - Setting next_dagrun for avito_to_raw_midraw to 2026-08-02 12:00:00+00:00, run_after=2026-08-02 13:00:00+00:00
[2026-08-02T12:57:10.747+0000] {processor.py:208} INFO - Processing /opt/airflow/dags/avito_to_raw_midraw.py took 0.053 seconds
[2026-08-02T12:57:41.022+0000] {processor.py:186} INFO - Started process (PID=1671) to work on /opt/airflow/dags/avito_to_raw_midraw.py
[2026-08-02T12:57:41.024+0000] {processor.py:914} INFO - Processing file /opt/airflow/dags/avito_to_raw_midraw.py for tasks to queue
[2026-08-02T12:57:41.026+0000] {logging_mixin.py:190} INFO - [2026-08-02T12:57:41.026+0000] {dagbag.py:588} INFO - Filling up the DagBag from /opt/airflow/dags/avito_to_raw_midraw.py
[2026-08-02T12:57:41.043+0000] {processor.py:925} INFO - DAG(s) 'avito_to_raw_midraw' retrieved from /opt/airflow/dags/avito_to_raw_midraw.py
[2026-08-02T12:57:41.057+0000] {logging_mixin.py:190} INFO - [2026-08-02T12:57:41.057+0000] {dag.py:3239} INFO - Sync 1 DAGs
[2026-08-02T12:57:41.066+0000] {logging_mixin.py:190} INFO - [2026-08-02T12:57:41.066+0000] {dag.py:4180} INFO - Setting next_dagrun for avito_to_raw_midraw to 2026-08-02 12:00:00+00:00, run_after=2026-08-02 13:00:00+00:00
[2026-08-02T12:57:41.075+0000] {processor.py:208} INFO - Processing /opt/airflow/dags/avito_to_raw_midraw.py took 0.057 seconds
[2026-08-02T12:58:11.327+0000] {processor.py:186} INFO - Started process (PID=1673) to work on /opt/airflow/dags/avito_to_raw_midraw.py
[2026-08-02T12:58:11.329+0000] {processor.py:914} INFO - Processing file /opt/airflow/dags/avito_to_raw_midraw.py for tasks to queue
[2026-08-02T12:58:11.330+0000] {logging_mixin.py:190} INFO - [2026-08-02T12:58:11.329+0000] {dagbag.py:588} INFO - Filling up the DagBag from /opt/airflow/dags/avito_to_raw_midraw.py
[2026-08-02T12:58:11.350+0000] {processor.py:925} INFO - DAG(s) 'avito_to_raw_midraw' retrieved from /opt/airflow/dags/avito_to_raw_midraw.py
[2026-08-02T12:58:11.379+0000] {logging_mixin.py:190} INFO - [2026-08-02T12:58:11.379+0000] {dag.py:3239} INFO - Sync 1 DAGs
[2026-08-02T12:58:11.391+0000] {logging_mixin.py:190} INFO - [2026-08-02T12:58:11.391+0000] {dag.py:4180} INFO - Setting next_dagrun for avito_to_raw_midraw to 2026-08-02 12:00:00+00:00, run_after=2026-08-02 13:00:00+00:00
[2026-08-02T12:58:11.399+0000] {processor.py:208} INFO - Processing /opt/airflow/dags/avito_to_raw_midraw.py took 0.082 seconds
[2026-08-02T12:58:41.578+0000] {processor.py:186} INFO - Started process (PID=1675) to work on /opt/airflow/dags/avito_to_raw_midraw.py
[2026-08-02T12:58:41.578+0000] {processor.py:914} INFO - Processing file /opt/airflow/dags/avito_to_raw_midraw.py for tasks to queue
[2026-08-02T12:58:41.579+0000] {logging_mixin.py:190} INFO - [2026-08-02T12:58:41.579+0000] {dagbag.py:588} INFO - Filling up the DagBag from /opt/airflow/dags/avito_to_raw_midraw.py
[2026-08-02T12:58:41.589+0000] {processor.py:925} INFO - DAG(s) 'avito_to_raw_midraw' retrieved from /opt/airflow/dags/avito_to_raw_midraw.py
[2026-08-02T12:58:41.603+0000] {logging_mixin.py:190} INFO - [2026-08-02T12:58:41.603+0000] {dag.py:3239} INFO - Sync 1 DAGs
[2026-08-02T12:58:41.612+0000] {logging_mixin.py:190} INFO - [2026-08-02T12:58:41.612+0000] {dag.py:4180} INFO - Setting next_dagrun for avito_to_raw_midraw to 2026-08-02 12:00:00+00:00, run_after=2026-08-02 13:00:00+00:00
[2026-08-02T12:58:41.623+0000] {processor.py:208} INFO - Processing /opt/airflow/dags/avito_to_raw_midraw.py took 0.049 seconds
[2026-08-02T12:59:11.877+0000] {processor.py:186} INFO - Started process (PID=1677) to work on /opt/airflow/dags/avito_to_raw_midraw.py
[2026-08-02T12:59:11.878+0000] {processor.py:914} INFO - Processing file /opt/airflow/dags/avito_to_raw_midraw.py for tasks to queue
[2026-08-02T12:59:11.879+0000] {logging_mixin.py:190} INFO - [2026-08-02T12:59:11.878+0000] {dagbag.py:588} INFO - Filling up the DagBag from /opt/airflow/dags/avito_to_raw_midraw.py
[2026-08-02T12:59:11.897+0000] {processor.py:925} INFO - DAG(s) 'avito_to_raw_midraw' retrieved from /opt/airflow/dags/avito_to_raw_midraw.py
[2026-08-02T12:59:11.915+0000] {logging_mixin.py:190} INFO - [2026-08-02T12:59:11.914+0000] {dag.py:3239} INFO - Sync 1 DAGs
[2026-08-02T12:59:11.925+0000] {logging_mixin.py:190} INFO - [2026-08-02T12:59:11.925+0000] {dag.py:4180} INFO - Setting next_dagrun for avito_to_raw_midraw to 2026-08-02 12:00:00+00:00, run_after=2026-08-02 13:00:00+00:00
[2026-08-02T12:59:11.934+0000] {processor.py:208} INFO - Processing /opt/airflow/dags/avito_to_raw_midraw.py took 0.061 seconds
[2026-08-02T12:59:42.203+0000] {processor.py:186} INFO - Started process (PID=1679) to work on /opt/airflow/dags/avito_to_raw_midraw.py
[2026-08-02T12:59:42.204+0000] {processor.py:914} INFO - Processing file /opt/airflow/dags/avito_to_raw_midraw.py for tasks to queue
[2026-08-02T12:59:42.205+0000] {logging_mixin.py:190} INFO - [2026-08-02T12:59:42.205+0000] {dagbag.py:588} INFO - Filling up the DagBag from /opt/airflow/dags/avito_to_raw_midraw.py
[2026-08-02T12:59:42.218+0000] {processor.py:925} INFO - DAG(s) 'avito_to_raw_midraw' retrieved from /opt/airflow/dags/avito_to_raw_midraw.py
[2026-08-02T12:59:42.233+0000] {logging_mixin.py:190} INFO - [2026-08-02T12:59:42.233+0000] {dag.py:3239} INFO - Sync 1 DAGs
[2026-08-02T12:59:42.245+0000] {logging_mixin.py:190} INFO - [2026-08-02T12:59:42.244+0000] {dag.py:4180} INFO - Setting next_dagrun for avito_to_raw_midraw to 2026-08-02 12:00:00+00:00, run_after=2026-08-02 13:00:00+00:00
[2026-08-02T12:59:42.255+0000] {processor.py:208} INFO - Processing /opt/airflow/dags/avito_to_raw_midraw.py took 0.055 seconds
[2026-08-02T13:00:12.530+0000] {processor.py:186} INFO - Started process (PID=1681) to work on /opt/airflow/dags/avito_to_raw_midraw.py
[2026-08-02T13:00:12.531+0000] {processor.py:914} INFO - Processing file /opt/airflow/dags/avito_to_raw_midraw.py for tasks to queue
[2026-08-02T13:00:12.532+0000] {logging_mixin.py:190} INFO - [2026-08-02T13:00:12.532+0000] {dagbag.py:588} INFO - Filling up the DagBag from /opt/airflow/dags/avito_to_raw_midraw.py
[2026-08-02T13:00:12.547+0000] {processor.py:925} INFO - DAG(s) 'avito_to_raw_midraw' retrieved from /opt/airflow/dags/avito_to_raw_midraw.py
[2026-08-02T13:00:12.560+0000] {logging_mixin.py:190} INFO - [2026-08-02T13:00:12.560+0000] {dag.py:3239} INFO - Sync 1 DAGs
[2026-08-02T13:00:12.570+0000] {logging_mixin.py:190} INFO - [2026-08-02T13:00:12.570+0000] {dag.py:4180} INFO - Setting next_dagrun for avito_to_raw_midraw to 2026-08-02 13:00:00+00:00, run_after=2026-08-02 14:00:00+00:00
[2026-08-02T13:00:12.578+0000] {processor.py:208} INFO - Processing /opt/airflow/dags/avito_to_raw_midraw.py took 0.052 seconds
[2026-08-02T13:00:42.802+0000] {processor.py:186} INFO - Started process (PID=1683) to work on /opt/airflow/dags/avito_to_raw_midraw.py
[2026-08-02T13:00:42.803+0000] {processor.py:914} INFO - Processing file /opt/airflow/dags/avito_to_raw_midraw.py for tasks to queue
[2026-08-02T13:00:42.804+0000] {logging_mixin.py:190} INFO - [2026-08-02T13:00:42.804+0000] {dagbag.py:588} INFO - Filling up the DagBag from /opt/airflow/dags/avito_to_raw_midraw.py
[2026-08-02T13:00:42.822+0000] {processor.py:925} INFO - DAG(s) 'avito_to_raw_midraw' retrieved from /opt/airflow/dags/avito_to_raw_midraw.py
[2026-08-02T13:00:42.844+0000] {logging_mixin.py:190} INFO - [2026-08-02T13:00:42.844+0000] {dag.py:3239} INFO - Sync 1 DAGs
[2026-08-02T13:00:42.857+0000] {logging_mixin.py:190} INFO - [2026-08-02T13:00:42.856+0000] {dag.py:4180} INFO - Setting next_dagrun for avito_to_raw_midraw to 2026-08-02 13:00:00+00:00, run_after=2026-08-02 14:00:00+00:00
[2026-08-02T13:00:42.865+0000] {processor.py:208} INFO - Processing /opt/airflow/dags/avito_to_raw_midraw.py took 0.068 seconds
[2026-08-02T13:01:12.990+0000] {processor.py:186} INFO - Started process (PID=1685) to work on /opt/airflow/dags/avito_to_raw_midraw.py
[2026-08-02T13:01:12.990+0000] {processor.py:914} INFO - Processing file /opt/airflow/dags/avito_to_raw_midraw.py for tasks to queue
[2026-08-02T13:01:12.992+0000] {logging_mixin.py:190} INFO - [2026-08-02T13:01:12.992+0000] {dagbag.py:588} INFO - Filling up the DagBag from /opt/airflow/dags/avito_to_raw_midraw.py
[2026-08-02T13:01:13.006+0000] {processor.py:925} INFO - DAG(s) 'avito_to_raw_midraw' retrieved from /opt/airflow/dags/avito_to_raw_midraw.py
[2026-08-02T13:01:13.023+0000] {logging_mixin.py:190} INFO - [2026-08-02T13:01:13.023+0000] {dag.py:3239} INFO - Sync 1 DAGs
[2026-08-02T13:01:13.033+0000] {logging_mixin.py:190} INFO - [2026-08-02T13:01:13.032+0000] {dag.py:4180} INFO - Setting next_dagrun for avito_to_raw_midraw to 2026-08-02 13:00:00+00:00, run_after=2026-08-02 14:00:00+00:00
[2026-08-02T13:01:13.040+0000] {processor.py:208} INFO - Processing /opt/airflow/dags/avito_to_raw_midraw.py took 0.054 seconds
[2026-08-02T13:01:43.279+0000] {processor.py:186} INFO - Started process (PID=1687) to work on /opt/airflow/dags/avito_to_raw_midraw.py
[2026-08-02T13:01:43.280+0000] {processor.py:914} INFO - Processing file /opt/airflow/dags/avito_to_raw_midraw.py for tasks to queue
[2026-08-02T13:01:43.281+0000] {logging_mixin.py:190} INFO - [2026-08-02T13:01:43.281+0000] {dagbag.py:588} INFO - Filling up the DagBag from /opt/airflow/dags/avito_to_raw_midraw.py
[2026-08-02T13:01:43.295+0000] {processor.py:925} INFO - DAG(s) 'avito_to_raw_midraw' retrieved from /opt/airflow/dags/avito_to_raw_midraw.py
[2026-08-02T13:01:43.315+0000] {logging_mixin.py:190} INFO - [2026-08-02T13:01:43.315+0000] {dag.py:3239} INFO - Sync 1 DAGs
[2026-08-02T13:01:43.325+0000] {logging_mixin.py:190} INFO - [2026-08-02T13:01:43.325+0000] {dag.py:4180} INFO - Setting next_dagrun for avito_to_raw_midraw to 2026-08-02 13:00:00+00:00, run_after=2026-08-02 14:00:00+00:00
[2026-08-02T13:01:43.335+0000] {processor.py:208} INFO - Processing /opt/airflow/dags/avito_to_raw_midraw.py took 0.060 seconds
[2026-08-02T13:02:13.633+0000] {processor.py:186} INFO - Started process (PID=1689) to work on /opt/airflow/dags/avito_to_raw_midraw.py
[2026-08-02T13:02:13.634+0000] {processor.py:914} INFO - Processing file /opt/airflow/dags/avito_to_raw_midraw.py for tasks to queue
[2026-08-02T13:02:13.635+0000] {logging_mixin.py:190} INFO - [2026-08-02T13:02:13.635+0000] {dagbag.py:588} INFO - Filling up the DagBag from /opt/airflow/dags/avito_to_raw_midraw.py
[2026-08-02T13:02:13.654+0000] {processor.py:925} INFO - DAG(s) 'avito_to_raw_midraw' retrieved from /opt/airflow/dags/avito_to_raw_midraw.py
[2026-08-02T13:02:13.674+0000] {logging_mixin.py:190} INFO - [2026-08-02T13:02:13.674+0000] {dag.py:3239} INFO - Sync 1 DAGs
[2026-08-02T13:02:13.686+0000] {logging_mixin.py:190} INFO - [2026-08-02T13:02:13.686+0000] {dag.py:4180} INFO - Setting next_dagrun for avito_to_raw_midraw to 2026-08-02 13:00:00+00:00, run_after=2026-08-02 14:00:00+00:00
[2026-08-02T13:02:13.694+0000] {processor.py:208} INFO - Processing /opt/airflow/dags/avito_to_raw_midraw.py took 0.068 seconds
[2026-08-02T13:02:43.982+0000] {processor.py:186} INFO - Started process (PID=1691) to work on /opt/airflow/dags/avito_to_raw_midraw.py
[2026-08-02T13:02:43.983+0000] {processor.py:914} INFO - Processing file /opt/airflow/dags/avito_to_raw_midraw.py for tasks to queue
[2026-08-02T13:02:43.984+0000] {logging_mixin.py:190} INFO - [2026-08-02T13:02:43.984+0000] {dagbag.py:588} INFO - Filling up the DagBag from /opt/airflow/dags/avito_to_raw_midraw.py
[2026-08-02T13:02:44.000+0000] {processor.py:925} INFO - DAG(s) 'avito_to_raw_midraw' retrieved from /opt/airflow/dags/avito_to_raw_midraw.py
[2026-08-02T13:02:44.023+0000] {logging_mixin.py:190} INFO - [2026-08-02T13:02:44.023+0000] {dag.py:3239} INFO - Sync 1 DAGs
[2026-08-02T13:02:44.037+0000] {logging_mixin.py:190} INFO - [2026-08-02T13:02:44.037+0000] {dag.py:4180} INFO - Setting next_dagrun for avito_to_raw_midraw to 2026-08-02 13:00:00+00:00, run_after=2026-08-02 14:00:00+00:00
[2026-08-02T13:02:44.047+0000] {processor.py:208} INFO - Processing /opt/airflow/dags/avito_to_raw_midraw.py took 0.071 seconds
[2026-08-02T13:03:14.301+0000] {processor.py:186} INFO - Started process (PID=1693) to work on /opt/airflow/dags/avito_to_raw_midraw.py
[2026-08-02T13:03:14.302+0000] {processor.py:914} INFO - Processing file /opt/airflow/dags/avito_to_raw_midraw.py for tasks to queue
[2026-08-02T13:03:14.302+0000] {logging_mixin.py:190} INFO - [2026-08-02T13:03:14.302+0000] {dagbag.py:588} INFO - Filling up the DagBag from /opt/airflow/dags/avito_to_raw_midraw.py
[2026-08-02T13:03:14.315+0000] {processor.py:925} INFO - DAG(s) 'avito_to_raw_midraw' retrieved from /opt/airflow/dags/avito_to_raw_midraw.py
[2026-08-02T13:03:14.334+0000] {logging_mixin.py:190} INFO - [2026-08-02T13:03:14.334+0000] {dag.py:3239} INFO - Sync 1 DAGs
[2026-08-02T13:03:14.345+0000] {logging_mixin.py:190} INFO - [2026-08-02T13:03:14.345+0000] {dag.py:4180} INFO - Setting next_dagrun for avito_to_raw_midraw to 2026-08-02 13:00:00+00:00, run_after=2026-08-02 14:00:00+00:00
[2026-08-02T13:03:14.355+0000] {processor.py:208} INFO - Processing /opt/airflow/dags/avito_to_raw_midraw.py took 0.058 seconds
[2026-08-02T13:03:44.587+0000] {processor.py:186} INFO - Started process (PID=1695) to work on /opt/airflow/dags/avito_to_raw_midraw.py
[2026-08-02T13:03:44.589+0000] {processor.py:914} INFO - Processing file /opt/airflow/dags/avito_to_raw_midraw.py for tasks to queue
[2026-08-02T13:03:44.591+0000] {logging_mixin.py:190} INFO - [2026-08-02T13:03:44.590+0000] {dagbag.py:588} INFO - Filling up the DagBag from /opt/airflow/dags/avito_to_raw_midraw.py
[2026-08-02T13:03:44.608+0000] {processor.py:925} INFO - DAG(s) 'avito_to_raw_midraw' retrieved from /opt/airflow/dags/avito_to_raw_midraw.py
[2026-08-02T13:03:44.628+0000] {logging_mixin.py:190} INFO - [2026-08-02T13:03:44.628+0000] {dag.py:3239} INFO - Sync 1 DAGs
[2026-08-02T13:03:44.642+0000] {logging_mixin.py:190} INFO - [2026-08-02T13:03:44.642+0000] {dag.py:4180} INFO - Setting next_dagrun for avito_to_raw_midraw to 2026-08-02 13:00:00+00:00, run_after=2026-08-02 14:00:00+00:00
[2026-08-02T13:03:44.652+0000] {processor.py:208} INFO - Processing /opt/airflow/dags/avito_to_raw_midraw.py took 0.073 seconds
[2026-08-02T13:04:14.937+0000] {processor.py:186} INFO - Started process (PID=1697) to work on /opt/airflow/dags/avito_to_raw_midraw.py
[2026-08-02T13:04:14.938+0000] {processor.py:914} INFO - Processing file /opt/airflow/dags/avito_to_raw_midraw.py for tasks to queue
[2026-08-02T13:04:14.940+0000] {logging_mixin.py:190} INFO - [2026-08-02T13:04:14.939+0000] {dagbag.py:588} INFO - Filling up the DagBag from /opt/airflow/dags/avito_to_raw_midraw.py
[2026-08-02T13:04:14.955+0000] {processor.py:925} INFO - DAG(s) 'avito_to_raw_midraw' retrieved from /opt/airflow/dags/avito_to_raw_midraw.py
[2026-08-02T13:04:14.983+0000] {logging_mixin.py:190} INFO - [2026-08-02T13:04:14.983+0000] {dag.py:3239} INFO - Sync 1 DAGs
[2026-08-02T13:04:14.997+0000] {logging_mixin.py:190} INFO - [2026-08-02T13:04:14.997+0000] {dag.py:4180} INFO - Setting next_dagrun for avito_to_raw_midraw to 2026-08-02 13:00:00+00:00, run_after=2026-08-02 14:00:00+00:00
[2026-08-02T13:04:15.008+0000] {processor.py:208} INFO - Processing /opt/airflow/dags/avito_to_raw_midraw.py took 0.076 seconds
[2026-08-02T13:04:45.194+0000] {processor.py:186} INFO - Started process (PID=1699) to work on /opt/airflow/dags/avito_to_raw_midraw.py
[2026-08-02T13:04:45.195+0000] {processor.py:914} INFO - Processing file /opt/airflow/dags/avito_to_raw_midraw.py for tasks to queue
[2026-08-02T13:04:45.196+0000] {logging_mixin.py:190} INFO - [2026-08-02T13:04:45.196+0000] {dagbag.py:588} INFO - Filling up the DagBag from /opt/airflow/dags/avito_to_raw_midraw.py
[2026-08-02T13:04:45.208+0000] {processor.py:925} INFO - DAG(s) 'avito_to_raw_midraw' retrieved from /opt/airflow/dags/avito_to_raw_midraw.py
[2026-08-02T13:04:45.226+0000] {logging_mixin.py:190} INFO - [2026-08-02T13:04:45.226+0000] {dag.py:3239} INFO - Sync 1 DAGs
[2026-08-02T13:04:45.236+0000] {logging_mixin.py:190} INFO - [2026-08-02T13:04:45.236+0000] {dag.py:4180} INFO - Setting next_dagrun for avito_to_raw_midraw to 2026-08-02 13:00:00+00:00, run_after=2026-08-02 14:00:00+00:00
[2026-08-02T13:04:45.244+0000] {processor.py:208} INFO - Processing /opt/airflow/dags/avito_to_raw_midraw.py took 0.054 seconds
[2026-08-02T13:05:15.524+0000] {processor.py:186} INFO - Started process (PID=1701) to work on /opt/airflow/dags/avito_to_raw_midraw.py
[2026-08-02T13:05:15.525+0000] {processor.py:914} INFO - Processing file /opt/airflow/dags/avito_to_raw_midraw.py for tasks to queue
[2026-08-02T13:05:15.526+0000] {logging_mixin.py:190} INFO - [2026-08-02T13:05:15.526+0000] {dagbag.py:588} INFO - Filling up the DagBag from /opt/airflow/dags/avito_to_raw_midraw.py
[2026-08-02T13:05:15.545+0000] {processor.py:925} INFO - DAG(s) 'avito_to_raw_midraw' retrieved from /opt/airflow/dags/avito_to_raw_midraw.py
[2026-08-02T13:05:15.563+0000] {logging_mixin.py:190} INFO - [2026-08-02T13:05:15.563+0000] {dag.py:3239} INFO - Sync 1 DAGs
[2026-08-02T13:05:15.574+0000] {logging_mixin.py:190} INFO - [2026-08-02T13:05:15.574+0000] {dag.py:4180} INFO - Setting next_dagrun for avito_to_raw_midraw to 2026-08-02 13:00:00+00:00, run_after=2026-08-02 14:00:00+00:00
[2026-08-02T13:05:15.582+0000] {processor.py:208} INFO - Processing /opt/airflow/dags/avito_to_raw_midraw.py took 0.065 seconds
[2026-08-02T13:05:45.819+0000] {processor.py:186} INFO - Started process (PID=1703) to work on /opt/airflow/dags/avito_to_raw_midraw.py
[2026-08-02T13:05:45.820+0000] {processor.py:914} INFO - Processing file /opt/airflow/dags/avito_to_raw_midraw.py for tasks to queue
[2026-08-02T13:05:45.821+0000] {logging_mixin.py:190} INFO - [2026-08-02T13:05:45.821+0000] {dagbag.py:588} INFO - Filling up the DagBag from /opt/airflow/dags/avito_to_raw_midraw.py
[2026-08-02T13:05:45.836+0000] {processor.py:925} INFO - DAG(s) 'avito_to_raw_midraw' retrieved from /opt/airflow/dags/avito_to_raw_midraw.py
[2026-08-02T13:05:45.852+0000] {logging_mixin.py:190} INFO - [2026-08-02T13:05:45.852+0000] {dag.py:3239} INFO - Sync 1 DAGs
[2026-08-02T13:05:45.861+0000] {logging_mixin.py:190} INFO - [2026-08-02T13:05:45.861+0000] {dag.py:4180} INFO - Setting next_dagrun for avito_to_raw_midraw to 2026-08-02 13:00:00+00:00, run_after=2026-08-02 14:00:00+00:00
[2026-08-02T13:05:45.870+0000] {processor.py:208} INFO - Processing /opt/airflow/dags/avito_to_raw_midraw.py took 0.055 seconds
[2026-08-02T13:06:16.119+0000] {processor.py:186} INFO - Started process (PID=1705) to work on /opt/airflow/dags/avito_to_raw_midraw.py
[2026-08-02T13:06:16.120+0000] {processor.py:914} INFO - Processing file /opt/airflow/dags/avito_to_raw_midraw.py for tasks to queue
[2026-08-02T13:06:16.122+0000] {logging_mixin.py:190} INFO - [2026-08-02T13:06:16.121+0000] {dagbag.py:588} INFO - Filling up the DagBag from /opt/airflow/dags/avito_to_raw_midraw.py
[2026-08-02T13:06:16.136+0000] {processor.py:925} INFO - DAG(s) 'avito_to_raw_midraw' retrieved from /opt/airflow/dags/avito_to_raw_midraw.py
[2026-08-02T13:06:16.159+0000] {logging_mixin.py:190} INFO - [2026-08-02T13:06:16.159+0000] {dag.py:3239} INFO - Sync 1 DAGs
[2026-08-02T13:06:16.174+0000] {logging_mixin.py:190} INFO - [2026-08-02T13:06:16.173+0000] {dag.py:4180} INFO - Setting next_dagrun for avito_to_raw_midraw to 2026-08-02 13:00:00+00:00, run_after=2026-08-02 14:00:00+00:00
[2026-08-02T13:06:16.183+0000] {processor.py:208} INFO - Processing /opt/airflow/dags/avito_to_raw_midraw.py took 0.070 seconds
[2026-08-02T13:06:46.345+0000] {processor.py:186} INFO - Started process (PID=1707) to work on /opt/airflow/dags/avito_to_raw_midraw.py
[2026-08-02T13:06:46.345+0000] {processor.py:914} INFO - Processing file /opt/airflow/dags/avito_to_raw_midraw.py for tasks to queue
[2026-08-02T13:06:46.346+0000] {logging_mixin.py:190} INFO - [2026-08-02T13:06:46.346+0000] {dagbag.py:588} INFO - Filling up the DagBag from /opt/airflow/dags/avito_to_raw_midraw.py
[2026-08-02T13:06:46.357+0000] {processor.py:925} INFO - DAG(s) 'avito_to_raw_midraw' retrieved from /opt/airflow/dags/avito_to_raw_midraw.py
[2026-08-02T13:06:46.372+0000] {logging_mixin.py:190} INFO - [2026-08-02T13:06:46.372+0000] {dag.py:3239} INFO - Sync 1 DAGs
[2026-08-02T13:06:46.381+0000] {logging_mixin.py:190} INFO - [2026-08-02T13:06:46.381+0000] {dag.py:4180} INFO - Setting next_dagrun for avito_to_raw_midraw to 2026-08-02 13:00:00+00:00, run_after=2026-08-02 14:00:00+00:00
[2026-08-02T13:06:46.388+0000] {processor.py:208} INFO - Processing /opt/airflow/dags/avito_to_raw_midraw.py took 0.047 seconds
[2026-08-02T13:07:16.618+0000] {processor.py:186} INFO - Started process (PID=1709) to work on /opt/airflow/dags/avito_to_raw_midraw.py
[2026-08-02T13:07:16.618+0000] {processor.py:914} INFO - Processing file /opt/airflow/dags/avito_to_raw_midraw.py for tasks to queue
[2026-08-02T13:07:16.619+0000] {logging_mixin.py:190} INFO - [2026-08-02T13:07:16.619+0000] {dagbag.py:588} INFO - Filling up the DagBag from /opt/airflow/dags/avito_to_raw_midraw.py
[2026-08-02T13:07:16.628+0000] {processor.py:925} INFO - DAG(s) 'avito_to_raw_midraw' retrieved from /opt/airflow/dags/avito_to_raw_midraw.py
[2026-08-02T13:07:16.645+0000] {logging_mixin.py:190} INFO - [2026-08-02T13:07:16.644+0000] {dag.py:3239} INFO - Sync 1 DAGs
[2026-08-02T13:07:16.654+0000] {logging_mixin.py:190} INFO - [2026-08-02T13:07:16.654+0000] {dag.py:4180} INFO - Setting next_dagrun for avito_to_raw_midraw to 2026-08-02 13:00:00+00:00, run_after=2026-08-02 14:00:00+00:00
[2026-08-02T13:07:16.661+0000] {processor.py:208} INFO - Processing /opt/airflow/dags/avito_to_raw_midraw.py took 0.046 seconds
[2026-08-02T13:07:46.901+0000] {processor.py:186} INFO - Started process (PID=1711) to work on /opt/airflow/dags/avito_to_raw_midraw.py
[2026-08-02T13:07:46.902+0000] {processor.py:914} INFO - Processing file /opt/airflow/dags/avito_to_raw_midraw.py for tasks to queue
[2026-08-02T13:07:46.904+0000] {logging_mixin.py:190} INFO - [2026-08-02T13:07:46.903+0000] {dagbag.py:588} INFO - Filling up the DagBag from /opt/airflow/dags/avito_to_raw_midraw.py
[2026-08-02T13:07:46.929+0000] {processor.py:925} INFO - DAG(s) 'avito_to_raw_midraw' retrieved from /opt/airflow/dags/avito_to_raw_midraw.py
[2026-08-02T13:07:46.967+0000] {logging_mixin.py:190} INFO - [2026-08-02T13:07:46.967+0000] {dag.py:3239} INFO - Sync 1 DAGs
[2026-08-02T13:07:46.982+0000] {logging_mixin.py:190} INFO - [2026-08-02T13:07:46.982+0000] {dag.py:4180} INFO - Setting next_dagrun for avito_to_raw_midraw to 2026-08-02 13:00:00+00:00, run_after=2026-08-02 14:00:00+00:00
[2026-08-02T13:07:46.993+0000] {processor.py:208} INFO - Processing /opt/airflow/dags/avito_to_raw_midraw.py took 0.096 seconds
[2026-08-02T13:08:17.157+0000] {processor.py:186} INFO - Started process (PID=1713) to work on /opt/airflow/dags/avito_to_raw_midraw.py
[2026-08-02T13:08:17.158+0000] {processor.py:914} INFO - Processing file /opt/airflow/dags/avito_to_raw_midraw.py for tasks to queue
[2026-08-02T13:08:17.160+0000] {logging_mixin.py:190} INFO - [2026-08-02T13:08:17.160+0000] {dagbag.py:588} INFO - Filling up the DagBag from /opt/airflow/dags/avito_to_raw_midraw.py
[2026-08-02T13:08:17.178+0000] {processor.py:925} INFO - DAG(s) 'avito_to_raw_midraw' retrieved from /opt/airflow/dags/avito_to_raw_midraw.py
[2026-08-02T13:08:17.214+0000] {logging_mixin.py:190} INFO - [2026-08-02T13:08:17.214+0000] {dag.py:3239} INFO - Sync 1 DAGs
[2026-08-02T13:08:17.242+0000] {logging_mixin.py:190} INFO - [2026-08-02T13:08:17.242+0000] {dag.py:4180} INFO - Setting next_dagrun for avito_to_raw_midraw to 2026-08-02 13:00:00+00:00, run_after=2026-08-02 14:00:00+00:00
[2026-08-02T13:08:17.253+0000] {processor.py:208} INFO - Processing /opt/airflow/dags/avito_to_raw_midraw.py took 0.099 seconds
[2026-08-02T13:08:47.432+0000] {processor.py:186} INFO - Started process (PID=1715) to work on /opt/airflow/dags/avito_to_raw_midraw.py
[2026-08-02T13:08:47.442+0000] {processor.py:914} INFO - Processing file /opt/airflow/dags/avito_to_raw_midraw.py for tasks to queue
[2026-08-02T13:08:47.444+0000] {logging_mixin.py:190} INFO - [2026-08-02T13:08:47.444+0000] {dagbag.py:588} INFO - Filling up the DagBag from /opt/airflow/dags/avito_to_raw_midraw.py
[2026-08-02T13:08:47.476+0000] {processor.py:925} INFO - DAG(s) 'avito_to_raw_midraw' retrieved from /opt/airflow/dags/avito_to_raw_midraw.py
[2026-08-02T13:08:47.515+0000] {logging_mixin.py:190} INFO - [2026-08-02T13:08:47.515+0000] {dag.py:3239} INFO - Sync 1 DAGs
[2026-08-02T13:08:47.541+0000] {logging_mixin.py:190} INFO - [2026-08-02T13:08:47.541+0000] {dag.py:4180} INFO - Setting next_dagrun for avito_to_raw_midraw to 2026-08-02 13:00:00+00:00, run_after=2026-08-02 14:00:00+00:00
[2026-08-02T13:08:47.558+0000] {processor.py:208} INFO - Processing /opt/airflow/dags/avito_to_raw_midraw.py took 0.140 seconds
[2026-08-02T13:09:17.669+0000] {processor.py:186} INFO - Started process (PID=1717) to work on /opt/airflow/dags/avito_to_raw_midraw.py
[2026-08-02T13:09:17.670+0000] {processor.py:914} INFO - Processing file /opt/airflow/dags/avito_to_raw_midraw.py for tasks to queue
[2026-08-02T13:09:17.671+0000] {logging_mixin.py:190} INFO - [2026-08-02T13:09:17.671+0000] {dagbag.py:588} INFO - Filling up the DagBag from /opt/airflow/dags/avito_to_raw_midraw.py
[2026-08-02T13:09:17.691+0000] {processor.py:925} INFO - DAG(s) 'avito_to_raw_midraw' retrieved from /opt/airflow/dags/avito_to_raw_midraw.py
[2026-08-02T13:09:17.719+0000] {logging_mixin.py:190} INFO - [2026-08-02T13:09:17.719+0000] {dag.py:3239} INFO - Sync 1 DAGs
[2026-08-02T13:09:17.738+0000] {logging_mixin.py:190} INFO - [2026-08-02T13:09:17.737+0000] {dag.py:4180} INFO - Setting next_dagrun for avito_to_raw_midraw to 2026-08-02 13:00:00+00:00, run_after=2026-08-02 14:00:00+00:00
[2026-08-02T13:09:17.751+0000] {processor.py:208} INFO - Processing /opt/airflow/dags/avito_to_raw_midraw.py took 0.086 seconds
[2026-08-02T13:09:48.002+0000] {processor.py:186} INFO - Started process (PID=1719) to work on /opt/airflow/dags/avito_to_raw_midraw.py
[2026-08-02T13:09:48.003+0000] {processor.py:914} INFO - Processing file /opt/airflow/dags/avito_to_raw_midraw.py for tasks to queue
[2026-08-02T13:09:48.004+0000] {logging_mixin.py:190} INFO - [2026-08-02T13:09:48.004+0000] {dagbag.py:588} INFO - Filling up the DagBag from /opt/airflow/dags/avito_to_raw_midraw.py
[2026-08-02T13:09:48.025+0000] {processor.py:925} INFO - DAG(s) 'avito_to_raw_midraw' retrieved from /opt/airflow/dags/avito_to_raw_midraw.py
[2026-08-02T13:09:48.054+0000] {logging_mixin.py:190} INFO - [2026-08-02T13:09:48.054+0000] {dag.py:3239} INFO - Sync 1 DAGs
[2026-08-02T13:09:48.078+0000] {logging_mixin.py:190} INFO - [2026-08-02T13:09:48.078+0000] {dag.py:4180} INFO - Setting next_dagrun for avito_to_raw_midraw to 2026-08-02 13:00:00+00:00, run_after=2026-08-02 14:00:00+00:00
[2026-08-02T13:09:48.089+0000] {processor.py:208} INFO - Processing /opt/airflow/dags/avito_to_raw_midraw.py took 0.092 seconds
[2026-08-02T13:10:18.308+0000] {processor.py:186} INFO - Started process (PID=1721) to work on /opt/airflow/dags/avito_to_raw_midraw.py
[2026-08-02T13:10:18.309+0000] {processor.py:914} INFO - Processing file /opt/airflow/dags/avito_to_raw_midraw.py for tasks to queue
[2026-08-02T13:10:18.311+0000] {logging_mixin.py:190} INFO - [2026-08-02T13:10:18.311+0000] {dagbag.py:588} INFO - Filling up the DagBag from /opt/airflow/dags/avito_to_raw_midraw.py
[2026-08-02T13:10:18.328+0000] {processor.py:925} INFO - DAG(s) 'avito_to_raw_midraw' retrieved from /opt/airflow/dags/avito_to_raw_midraw.py
[2026-08-02T13:10:18.364+0000] {logging_mixin.py:190} INFO - [2026-08-02T13:10:18.364+0000] {dag.py:3239} INFO - Sync 1 DAGs
[2026-08-02T13:10:18.379+0000] {logging_mixin.py:190} INFO - [2026-08-02T13:10:18.379+0000] {dag.py:4180} INFO - Setting next_dagrun for avito_to_raw_midraw to 2026-08-02 13:00:00+00:00, run_after=2026-08-02 14:00:00+00:00
[2026-08-02T13:10:18.393+0000] {processor.py:208} INFO - Processing /opt/airflow/dags/avito_to_raw_midraw.py took 0.091 seconds
[2026-08-02T13:10:48.598+0000] {processor.py:186} INFO - Started process (PID=1723) to work on /opt/airflow/dags/avito_to_raw_midraw.py
[2026-08-02T13:10:48.599+0000] {processor.py:914} INFO - Processing file /opt/airflow/dags/avito_to_raw_midraw.py for tasks to queue
[2026-08-02T13:10:48.601+0000] {logging_mixin.py:190} INFO - [2026-08-02T13:10:48.601+0000] {dagbag.py:588} INFO - Filling up the DagBag from /opt/airflow/dags/avito_to_raw_midraw.py
[2026-08-02T13:10:48.616+0000] {processor.py:925} INFO - DAG(s) 'avito_to_raw_midraw' retrieved from /opt/airflow/dags/avito_to_raw_midraw.py
[2026-08-02T13:10:48.640+0000] {logging_mixin.py:190} INFO - [2026-08-02T13:10:48.640+0000] {dag.py:3239} INFO - Sync 1 DAGs
[2026-08-02T13:10:48.655+0000] {logging_mixin.py:190} INFO - [2026-08-02T13:10:48.655+0000] {dag.py:4180} INFO - Setting next_dagrun for avito_to_raw_midraw to 2026-08-02 13:00:00+00:00, run_after=2026-08-02 14:00:00+00:00
[2026-08-02T13:10:48.665+0000] {processor.py:208} INFO - Processing /opt/airflow/dags/avito_to_raw_midraw.py took 0.071 seconds
[2026-08-02T13:11:18.926+0000] {processor.py:186} INFO - Started process (PID=1725) to work on /opt/airflow/dags/avito_to_raw_midraw.py
[2026-08-02T13:11:18.928+0000] {processor.py:914} INFO - Processing file /opt/airflow/dags/avito_to_raw_midraw.py for tasks to queue
[2026-08-02T13:11:18.930+0000] {logging_mixin.py:190} INFO - [2026-08-02T13:11:18.929+0000] {dagbag.py:588} INFO - Filling up the DagBag from /opt/airflow/dags/avito_to_raw_midraw.py
[2026-08-02T13:11:18.950+0000] {processor.py:925} INFO - DAG(s) 'avito_to_raw_midraw' retrieved from /opt/airflow/dags/avito_to_raw_midraw.py
[2026-08-02T13:11:18.978+0000] {logging_mixin.py:190} INFO - [2026-08-02T13:11:18.978+0000] {dag.py:3239} INFO - Sync 1 DAGs
[2026-08-02T13:11:18.994+0000] {logging_mixin.py:190} INFO - [2026-08-02T13:11:18.994+0000] {dag.py:4180} INFO - Setting next_dagrun for avito_to_raw_midraw to 2026-08-02 13:00:00+00:00, run_after=2026-08-02 14:00:00+00:00
[2026-08-02T13:11:19.007+0000] {processor.py:208} INFO - Processing /opt/airflow/dags/avito_to_raw_midraw.py took 0.088 seconds
[2026-08-02T13:11:49.131+0000] {processor.py:186} INFO - Started process (PID=1727) to work on /opt/airflow/dags/avito_to_raw_midraw.py
[2026-08-02T13:11:49.131+0000] {processor.py:914} INFO - Processing file /opt/airflow/dags/avito_to_raw_midraw.py for tasks to queue
[2026-08-02T13:11:49.132+0000] {logging_mixin.py:190} INFO - [2026-08-02T13:11:49.132+0000] {dagbag.py:588} INFO - Filling up the DagBag from /opt/airflow/dags/avito_to_raw_midraw.py
[2026-08-02T13:11:49.148+0000] {processor.py:925} INFO - DAG(s) 'avito_to_raw_midraw' retrieved from /opt/airflow/dags/avito_to_raw_midraw.py
[2026-08-02T13:11:49.166+0000] {logging_mixin.py:190} INFO - [2026-08-02T13:11:49.166+0000] {dag.py:3239} INFO - Sync 1 DAGs
[2026-08-02T13:11:49.176+0000] {logging_mixin.py:190} INFO - [2026-08-02T13:11:49.176+0000] {dag.py:4180} INFO - Setting next_dagrun for avito_to_raw_midraw to 2026-08-02 13:00:00+00:00, run_after=2026-08-02 14:00:00+00:00
[2026-08-02T13:11:49.185+0000] {processor.py:208} INFO - Processing /opt/airflow/dags/avito_to_raw_midraw.py took 0.059 seconds
[2026-08-02T13:12:19.402+0000] {processor.py:186} INFO - Started process (PID=1729) to work on /opt/airflow/dags/avito_to_raw_midraw.py
[2026-08-02T13:12:19.403+0000] {processor.py:914} INFO - Processing file /opt/airflow/dags/avito_to_raw_midraw.py for tasks to queue
[2026-08-02T13:12:19.404+0000] {logging_mixin.py:190} INFO - [2026-08-02T13:12:19.404+0000] {dagbag.py:588} INFO - Filling up the DagBag from /opt/airflow/dags/avito_to_raw_midraw.py
[2026-08-02T13:12:19.418+0000] {processor.py:925} INFO - DAG(s) 'avito_to_raw_midraw' retrieved from /opt/airflow/dags/avito_to_raw_midraw.py
[2026-08-02T13:12:19.442+0000] {logging_mixin.py:190} INFO - [2026-08-02T13:12:19.442+0000] {dag.py:3239} INFO - Sync 1 DAGs
[2026-08-02T13:12:19.457+0000] {logging_mixin.py:190} INFO - [2026-08-02T13:12:19.457+0000] {dag.py:4180} INFO - Setting next_dagrun for avito_to_raw_midraw to 2026-08-02 13:00:00+00:00, run_after=2026-08-02 14:00:00+00:00
[2026-08-02T13:12:19.467+0000] {processor.py:208} INFO - Processing /opt/airflow/dags/avito_to_raw_midraw.py took 0.068 seconds
[2026-08-02T13:12:49.629+0000] {processor.py:186} INFO - Started process (PID=1731) to work on /opt/airflow/dags/avito_to_raw_midraw.py
[2026-08-02T13:12:49.629+0000] {processor.py:914} INFO - Processing file /opt/airflow/dags/avito_to_raw_midraw.py for tasks to queue
[2026-08-02T13:12:49.630+0000] {logging_mixin.py:190} INFO - [2026-08-02T13:12:49.630+0000] {dagbag.py:588} INFO - Filling up the DagBag from /opt/airflow/dags/avito_to_raw_midraw.py
[2026-08-02T13:12:49.640+0000] {processor.py:925} INFO - DAG(s) 'avito_to_raw_midraw' retrieved from /opt/airflow/dags/avito_to_raw_midraw.py
[2026-08-02T13:12:49.657+0000] {logging_mixin.py:190} INFO - [2026-08-02T13:12:49.657+0000] {dag.py:3239} INFO - Sync 1 DAGs
[2026-08-02T13:12:49.667+0000] {logging_mixin.py:190} INFO - [2026-08-02T13:12:49.667+0000] {dag.py:4180} INFO - Setting next_dagrun for avito_to_raw_midraw to 2026-08-02 13:00:00+00:00, run_after=2026-08-02 14:00:00+00:00
[2026-08-02T13:12:49.679+0000] {processor.py:208} INFO - Processing /opt/airflow/dags/avito_to_raw_midraw.py took 0.053 seconds
[2026-08-02T13:13:19.868+0000] {processor.py:186} INFO - Started process (PID=1733) to work on /opt/airflow/dags/avito_to_raw_midraw.py
[2026-08-02T13:13:19.869+0000] {processor.py:914} INFO - Processing file /opt/airflow/dags/avito_to_raw_midraw.py for tasks to queue
[2026-08-02T13:13:19.870+0000] {logging_mixin.py:190} INFO - [2026-08-02T13:13:19.870+0000] {dagbag.py:588} INFO - Filling up the DagBag from /opt/airflow/dags/avito_to_raw_midraw.py
[2026-08-02T13:13:19.886+0000] {processor.py:925} INFO - DAG(s) 'avito_to_raw_midraw' retrieved from /opt/airflow/dags/avito_to_raw_midraw.py
[2026-08-02T13:13:19.909+0000] {logging_mixin.py:190} INFO - [2026-08-02T13:13:19.909+0000] {dag.py:3239} INFO - Sync 1 DAGs
[2026-08-02T13:13:19.922+0000] {logging_mixin.py:190} INFO - [2026-08-02T13:13:19.922+0000] {dag.py:4180} INFO - Setting next_dagrun for avito_to_raw_midraw to 2026-08-02 13:00:00+00:00, run_after=2026-08-02 14:00:00+00:00
[2026-08-02T13:13:19.936+0000] {processor.py:208} INFO - Processing /opt/airflow/dags/avito_to_raw_midraw.py took 0.074 seconds
[2026-08-02T13:13:50.123+0000] {processor.py:186} INFO - Started process (PID=1735) to work on /opt/airflow/dags/avito_to_raw_midraw.py
[2026-08-02T13:13:50.124+0000] {processor.py:914} INFO - Processing file /opt/airflow/dags/avito_to_raw_midraw.py for tasks to queue
[2026-08-02T13:13:50.126+0000] {logging_mixin.py:190} INFO - [2026-08-02T13:13:50.126+0000] {dagbag.py:588} INFO - Filling up the DagBag from /opt/airflow/dags/avito_to_raw_midraw.py
[2026-08-02T13:13:50.141+0000] {processor.py:925} INFO - DAG(s) 'avito_to_raw_midraw' retrieved from /opt/airflow/dags/avito_to_raw_midraw.py
[2026-08-02T13:13:50.161+0000] {logging_mixin.py:190} INFO - [2026-08-02T13:13:50.161+0000] {dag.py:3239} INFO - Sync 1 DAGs
[2026-08-02T13:13:50.174+0000] {logging_mixin.py:190} INFO - [2026-08-02T13:13:50.174+0000] {dag.py:4180} INFO - Setting next_dagrun for avito_to_raw_midraw to 2026-08-02 13:00:00+00:00, run_after=2026-08-02 14:00:00+00:00
[2026-08-02T13:13:50.184+0000] {processor.py:208} INFO - Processing /opt/airflow/dags/avito_to_raw_midraw.py took 0.065 seconds
[2026-08-02T13:14:20.389+0000] {processor.py:186} INFO - Started process (PID=1737) to work on /opt/airflow/dags/avito_to_raw_midraw.py
[2026-08-02T13:14:20.390+0000] {processor.py:914} INFO - Processing file /opt/airflow/dags/avito_to_raw_midraw.py for tasks to queue
[2026-08-02T13:14:20.391+0000] {logging_mixin.py:190} INFO - [2026-08-02T13:14:20.391+0000] {dagbag.py:588} INFO - Filling up the DagBag from /opt/airflow/dags/avito_to_raw_midraw.py
[2026-08-02T13:14:20.424+0000] {processor.py:925} INFO - DAG(s) 'avito_to_raw_midraw' retrieved from /opt/airflow/dags/avito_to_raw_midraw.py
[2026-08-02T13:14:20.457+0000] {logging_mixin.py:190} INFO - [2026-08-02T13:14:20.457+0000] {dag.py:3239} INFO - Sync 1 DAGs
[2026-08-02T13:14:20.479+0000] {logging_mixin.py:190} INFO - [2026-08-02T13:14:20.478+0000] {dag.py:4180} INFO - Setting next_dagrun for avito_to_raw_midraw to 2026-08-02 13:00:00+00:00, run_after=2026-08-02 14:00:00+00:00
[2026-08-02T13:14:20.488+0000] {processor.py:208} INFO - Processing /opt/airflow/dags/avito_to_raw_midraw.py took 0.117 seconds
[2026-08-02T13:14:50.630+0000] {processor.py:186} INFO - Started process (PID=1739) to work on /opt/airflow/dags/avito_to_raw_midraw.py
[2026-08-02T13:14:50.633+0000] {processor.py:914} INFO - Processing file /opt/airflow/dags/avito_to_raw_midraw.py for tasks to queue
[2026-08-02T13:14:50.635+0000] {logging_mixin.py:190} INFO - [2026-08-02T13:14:50.635+0000] {dagbag.py:588} INFO - Filling up the DagBag from /opt/airflow/dags/avito_to_raw_midraw.py
[2026-08-02T13:14:50.657+0000] {processor.py:925} INFO - DAG(s) 'avito_to_raw_midraw' retrieved from /opt/airflow/dags/avito_to_raw_midraw.py
[2026-08-02T13:14:50.685+0000] {logging_mixin.py:190} INFO - [2026-08-02T13:14:50.685+0000] {dag.py:3239} INFO - Sync 1 DAGs
[2026-08-02T13:14:50.700+0000] {logging_mixin.py:190} INFO - [2026-08-02T13:14:50.700+0000] {dag.py:4180} INFO - Setting next_dagrun for avito_to_raw_midraw to 2026-08-02 13:00:00+00:00, run_after=2026-08-02 14:00:00+00:00
[2026-08-02T13:14:50.710+0000] {processor.py:208} INFO - Processing /opt/airflow/dags/avito_to_raw_midraw.py took 0.088 seconds
[2026-08-02T13:15:20.942+0000] {processor.py:186} INFO - Started process (PID=1741) to work on /opt/airflow/dags/avito_to_raw_midraw.py
[2026-08-02T13:15:20.944+0000] {processor.py:914} INFO - Processing file /opt/airflow/dags/avito_to_raw_midraw.py for tasks to queue
[2026-08-02T13:15:20.944+0000] {logging_mixin.py:190} INFO - [2026-08-02T13:15:20.944+0000] {dagbag.py:588} INFO - Filling up the DagBag from /opt/airflow/dags/avito_to_raw_midraw.py
[2026-08-02T13:15:20.961+0000] {processor.py:925} INFO - DAG(s) 'avito_to_raw_midraw' retrieved from /opt/airflow/dags/avito_to_raw_midraw.py
[2026-08-02T13:15:20.985+0000] {logging_mixin.py:190} INFO - [2026-08-02T13:15:20.985+0000] {dag.py:3239} INFO - Sync 1 DAGs
[2026-08-02T13:15:20.998+0000] {logging_mixin.py:190} INFO - [2026-08-02T13:15:20.998+0000] {dag.py:4180} INFO - Setting next_dagrun for avito_to_raw_midraw to 2026-08-02 13:00:00+00:00, run_after=2026-08-02 14:00:00+00:00
[2026-08-02T13:15:21.009+0000] {processor.py:208} INFO - Processing /opt/airflow/dags/avito_to_raw_midraw.py took 0.070 seconds
[2026-08-02T13:15:51.329+0000] {processor.py:186} INFO - Started process (PID=1744) to work on /opt/airflow/dags/avito_to_raw_midraw.py
[2026-08-02T13:15:51.331+0000] {processor.py:914} INFO - Processing file /opt/airflow/dags/avito_to_raw_midraw.py for tasks to queue
[2026-08-02T13:15:51.339+0000] {logging_mixin.py:190} INFO - [2026-08-02T13:15:51.336+0000] {dagbag.py:588} INFO - Filling up the DagBag from /opt/airflow/dags/avito_to_raw_midraw.py
[2026-08-02T13:15:51.365+0000] {processor.py:925} INFO - DAG(s) 'avito_to_raw_midraw' retrieved from /opt/airflow/dags/avito_to_raw_midraw.py
[2026-08-02T13:15:51.419+0000] {logging_mixin.py:190} INFO - [2026-08-02T13:15:51.419+0000] {dag.py:3239} INFO - Sync 1 DAGs
[2026-08-02T13:15:51.465+0000] {logging_mixin.py:190} INFO - [2026-08-02T13:15:51.465+0000] {dag.py:4180} INFO - Setting next_dagrun for avito_to_raw_midraw to 2026-08-02 13:00:00+00:00, run_after=2026-08-02 14:00:00+00:00
[2026-08-02T13:15:51.487+0000] {processor.py:208} INFO - Processing /opt/airflow/dags/avito_to_raw_midraw.py took 0.166 seconds
[2026-08-02T13:16:21.572+0000] {processor.py:186} INFO - Started process (PID=1747) to work on /opt/airflow/dags/avito_to_raw_midraw.py
[2026-08-02T13:16:21.572+0000] {processor.py:914} INFO - Processing file /opt/airflow/dags/avito_to_raw_midraw.py for tasks to queue
[2026-08-02T13:16:21.573+0000] {logging_mixin.py:190} INFO - [2026-08-02T13:16:21.573+0000] {dagbag.py:588} INFO - Filling up the DagBag from /opt/airflow/dags/avito_to_raw_midraw.py
[2026-08-02T13:16:21.596+0000] {processor.py:925} INFO - DAG(s) 'avito_to_raw_midraw' retrieved from /opt/airflow/dags/avito_to_raw_midraw.py
[2026-08-02T13:16:21.618+0000] {logging_mixin.py:190} INFO - [2026-08-02T13:16:21.618+0000] {dag.py:3239} INFO - Sync 1 DAGs
[2026-08-02T13:16:21.631+0000] {logging_mixin.py:190} INFO - [2026-08-02T13:16:21.631+0000] {dag.py:4180} INFO - Setting next_dagrun for avito_to_raw_midraw to 2026-08-02 13:00:00+00:00, run_after=2026-08-02 14:00:00+00:00
[2026-08-02T13:16:21.644+0000] {processor.py:208} INFO - Processing /opt/airflow/dags/avito_to_raw_midraw.py took 0.076 seconds
[2026-08-02T13:16:51.920+0000] {processor.py:186} INFO - Started process (PID=1750) to work on /opt/airflow/dags/avito_to_raw_midraw.py
[2026-08-02T13:16:51.922+0000] {processor.py:914} INFO - Processing file /opt/airflow/dags/avito_to_raw_midraw.py for tasks to queue
[2026-08-02T13:16:51.925+0000] {logging_mixin.py:190} INFO - [2026-08-02T13:16:51.924+0000] {dagbag.py:588} INFO - Filling up the DagBag from /opt/airflow/dags/avito_to_raw_midraw.py
[2026-08-02T13:16:51.953+0000] {processor.py:925} INFO - DAG(s) 'avito_to_raw_midraw' retrieved from /opt/airflow/dags/avito_to_raw_midraw.py
[2026-08-02T13:16:51.974+0000] {logging_mixin.py:190} INFO - [2026-08-02T13:16:51.974+0000] {dag.py:3239} INFO - Sync 1 DAGs
[2026-08-02T13:16:51.991+0000] {logging_mixin.py:190} INFO - [2026-08-02T13:16:51.991+0000] {dag.py:4180} INFO - Setting next_dagrun for avito_to_raw_midraw to 2026-08-02 13:00:00+00:00, run_after=2026-08-02 14:00:00+00:00
[2026-08-02T13:16:52.004+0000] {processor.py:208} INFO - Processing /opt/airflow/dags/avito_to_raw_midraw.py took 0.089 seconds
[2026-08-02T13:17:22.275+0000] {processor.py:186} INFO - Started process (PID=1753) to work on /opt/airflow/dags/avito_to_raw_midraw.py
[2026-08-02T13:17:22.276+0000] {processor.py:914} INFO - Processing file /opt/airflow/dags/avito_to_raw_midraw.py for tasks to queue
[2026-08-02T13:17:22.278+0000] {logging_mixin.py:190} INFO - [2026-08-02T13:17:22.277+0000] {dagbag.py:588} INFO - Filling up the DagBag from /opt/airflow/dags/avito_to_raw_midraw.py
[2026-08-02T13:17:22.295+0000] {processor.py:925} INFO - DAG(s) 'avito_to_raw_midraw' retrieved from /opt/airflow/dags/avito_to_raw_midraw.py
[2026-08-02T13:17:22.321+0000] {logging_mixin.py:190} INFO - [2026-08-02T13:17:22.321+0000] {dag.py:3239} INFO - Sync 1 DAGs
[2026-08-02T13:17:22.337+0000] {logging_mixin.py:190} INFO - [2026-08-02T13:17:22.337+0000] {dag.py:4180} INFO - Setting next_dagrun for avito_to_raw_midraw to 2026-08-02 13:00:00+00:00, run_after=2026-08-02 14:00:00+00:00
[2026-08-02T13:17:22.347+0000] {processor.py:208} INFO - Processing /opt/airflow/dags/avito_to_raw_midraw.py took 0.076 seconds
[2026-08-02T13:17:52.574+0000] {processor.py:186} INFO - Started process (PID=1756) to work on /opt/airflow/dags/avito_to_raw_midraw.py
[2026-08-02T13:17:52.575+0000] {processor.py:914} INFO - Processing file /opt/airflow/dags/avito_to_raw_midraw.py for tasks to queue
[2026-08-02T13:17:52.576+0000] {logging_mixin.py:190} INFO - [2026-08-02T13:17:52.576+0000] {dagbag.py:588} INFO - Filling up the DagBag from /opt/airflow/dags/avito_to_raw_midraw.py
[2026-08-02T13:17:52.590+0000] {processor.py:925} INFO - DAG(s) 'avito_to_raw_midraw' retrieved from /opt/airflow/dags/avito_to_raw_midraw.py
[2026-08-02T13:17:52.615+0000] {logging_mixin.py:190} INFO - [2026-08-02T13:17:52.615+0000] {dag.py:3239} INFO - Sync 1 DAGs
[2026-08-02T13:17:52.633+0000] {logging_mixin.py:190} INFO - [2026-08-02T13:17:52.632+0000] {dag.py:4180} INFO - Setting next_dagrun for avito_to_raw_midraw to 2026-08-02 13:00:00+00:00, run_after=2026-08-02 14:00:00+00:00
[2026-08-02T13:17:52.643+0000] {processor.py:208} INFO - Processing /opt/airflow/dags/avito_to_raw_midraw.py took 0.072 seconds
[2026-08-02T13:18:22.853+0000] {processor.py:186} INFO - Started process (PID=1759) to work on /opt/airflow/dags/avito_to_raw_midraw.py
[2026-08-02T13:18:22.853+0000] {processor.py:914} INFO - Processing file /opt/airflow/dags/avito_to_raw_midraw.py for tasks to queue
[2026-08-02T13:18:22.854+0000] {logging_mixin.py:190} INFO - [2026-08-02T13:18:22.854+0000] {dagbag.py:588} INFO - Filling up the DagBag from /opt/airflow/dags/avito_to_raw_midraw.py
[2026-08-02T13:18:22.866+0000] {processor.py:925} INFO - DAG(s) 'avito_to_raw_midraw' retrieved from /opt/airflow/dags/avito_to_raw_midraw.py
[2026-08-02T13:18:22.885+0000] {logging_mixin.py:190} INFO - [2026-08-02T13:18:22.885+0000] {dag.py:3239} INFO - Sync 1 DAGs
[2026-08-02T13:18:22.897+0000] {logging_mixin.py:190} INFO - [2026-08-02T13:18:22.897+0000] {dag.py:4180} INFO - Setting next_dagrun for avito_to_raw_midraw to 2026-08-02 13:00:00+00:00, run_after=2026-08-02 14:00:00+00:00
[2026-08-02T13:18:22.905+0000] {processor.py:208} INFO - Processing /opt/airflow/dags/avito_to_raw_midraw.py took 0.056 seconds
[2026-08-02T13:18:53.211+0000] {processor.py:186} INFO - Started process (PID=1762) to work on /opt/airflow/dags/avito_to_raw_midraw.py
[2026-08-02T13:18:53.212+0000] {processor.py:914} INFO - Processing file /opt/airflow/dags/avito_to_raw_midraw.py for tasks to queue
[2026-08-02T13:18:53.213+0000] {logging_mixin.py:190} INFO - [2026-08-02T13:18:53.213+0000] {dagbag.py:588} INFO - Filling up the DagBag from /opt/airflow/dags/avito_to_raw_midraw.py
[2026-08-02T13:18:53.225+0000] {processor.py:925} INFO - DAG(s) 'avito_to_raw_midraw' retrieved from /opt/airflow/dags/avito_to_raw_midraw.py
[2026-08-02T13:18:53.246+0000] {logging_mixin.py:190} INFO - [2026-08-02T13:18:53.246+0000] {dag.py:3239} INFO - Sync 1 DAGs
[2026-08-02T13:18:53.260+0000] {logging_mixin.py:190} INFO - [2026-08-02T13:18:53.260+0000] {dag.py:4180} INFO - Setting next_dagrun for avito_to_raw_midraw to 2026-08-02 13:00:00+00:00, run_after=2026-08-02 14:00:00+00:00
[2026-08-02T13:18:53.271+0000] {processor.py:208} INFO - Processing /opt/airflow/dags/avito_to_raw_midraw.py took 0.066 seconds
[2026-08-02T13:19:23.465+0000] {processor.py:186} INFO - Started process (PID=1765) to work on /opt/airflow/dags/avito_to_raw_midraw.py
[2026-08-02T13:19:23.466+0000] {processor.py:914} INFO - Processing file /opt/airflow/dags/avito_to_raw_midraw.py for tasks to queue
[2026-08-02T13:19:23.467+0000] {logging_mixin.py:190} INFO - [2026-08-02T13:19:23.467+0000] {dagbag.py:588} INFO - Filling up the DagBag from /opt/airflow/dags/avito_to_raw_midraw.py
[2026-08-02T13:19:23.477+0000] {processor.py:925} INFO - DAG(s) 'avito_to_raw_midraw' retrieved from /opt/airflow/dags/avito_to_raw_midraw.py
[2026-08-02T13:19:23.491+0000] {logging_mixin.py:190} INFO - [2026-08-02T13:19:23.491+0000] {dag.py:3239} INFO - Sync 1 DAGs
[2026-08-02T13:19:23.502+0000] {logging_mixin.py:190} INFO - [2026-08-02T13:19:23.502+0000] {dag.py:4180} INFO - Setting next_dagrun for avito_to_raw_midraw to 2026-08-02 13:00:00+00:00, run_after=2026-08-02 14:00:00+00:00
[2026-08-02T13:19:23.509+0000] {processor.py:208} INFO - Processing /opt/airflow/dags/avito_to_raw_midraw.py took 0.049 seconds
[2026-08-02T13:19:53.736+0000] {processor.py:186} INFO - Started process (PID=1768) to work on /opt/airflow/dags/avito_to_raw_midraw.py
[2026-08-02T13:19:53.737+0000] {processor.py:914} INFO - Processing file /opt/airflow/dags/avito_to_raw_midraw.py for tasks to queue
[2026-08-02T13:19:53.737+0000] {logging_mixin.py:190} INFO - [2026-08-02T13:19:53.737+0000] {dagbag.py:588} INFO - Filling up the DagBag from /opt/airflow/dags/avito_to_raw_midraw.py
[2026-08-02T13:19:53.744+0000] {processor.py:925} INFO - DAG(s) 'avito_to_raw_midraw' retrieved from /opt/airflow/dags/avito_to_raw_midraw.py
[2026-08-02T13:19:53.762+0000] {logging_mixin.py:190} INFO - [2026-08-02T13:19:53.762+0000] {dag.py:3239} INFO - Sync 1 DAGs
[2026-08-02T13:19:53.773+0000] {logging_mixin.py:190} INFO - [2026-08-02T13:19:53.773+0000] {dag.py:4180} INFO - Setting next_dagrun for avito_to_raw_midraw to 2026-08-02 13:00:00+00:00, run_after=2026-08-02 14:00:00+00:00
[2026-08-02T13:19:53.780+0000] {processor.py:208} INFO - Processing /opt/airflow/dags/avito_to_raw_midraw.py took 0.048 seconds
[2026-08-02T13:20:24.039+0000] {processor.py:186} INFO - Started process (PID=1771) to work on /opt/airflow/dags/avito_to_raw_midraw.py
[2026-08-02T13:20:24.040+0000] {processor.py:914} INFO - Processing file /opt/airflow/dags/avito_to_raw_midraw.py for tasks to queue
[2026-08-02T13:20:24.041+0000] {logging_mixin.py:190} INFO - [2026-08-02T13:20:24.040+0000] {dagbag.py:588} INFO - Filling up the DagBag from /opt/airflow/dags/avito_to_raw_midraw.py
[2026-08-02T13:20:24.053+0000] {processor.py:925} INFO - DAG(s) 'avito_to_raw_midraw' retrieved from /opt/airflow/dags/avito_to_raw_midraw.py
[2026-08-02T13:20:24.072+0000] {logging_mixin.py:190} INFO - [2026-08-02T13:20:24.072+0000] {dag.py:3239} INFO - Sync 1 DAGs
[2026-08-02T13:20:24.084+0000] {logging_mixin.py:190} INFO - [2026-08-02T13:20:24.084+0000] {dag.py:4180} INFO - Setting next_dagrun for avito_to_raw_midraw to 2026-08-02 13:00:00+00:00, run_after=2026-08-02 14:00:00+00:00
[2026-08-02T13:20:24.093+0000] {processor.py:208} INFO - Processing /opt/airflow/dags/avito_to_raw_midraw.py took 0.058 seconds
[2026-08-02T13:20:54.376+0000] {processor.py:186} INFO - Started process (PID=1774) to work on /opt/airflow/dags/avito_to_raw_midraw.py
[2026-08-02T13:20:54.377+0000] {processor.py:914} INFO - Processing file /opt/airflow/dags/avito_to_raw_midraw.py for tasks to queue
[2026-08-02T13:20:54.379+0000] {logging_mixin.py:190} INFO - [2026-08-02T13:20:54.378+0000] {dagbag.py:588} INFO - Filling up the DagBag from /opt/airflow/dags/avito_to_raw_midraw.py
[2026-08-02T13:20:54.393+0000] {processor.py:925} INFO - DAG(s) 'avito_to_raw_midraw' retrieved from /opt/airflow/dags/avito_to_raw_midraw.py
[2026-08-02T13:20:54.413+0000] {logging_mixin.py:190} INFO - [2026-08-02T13:20:54.413+0000] {dag.py:3239} INFO - Sync 1 DAGs
[2026-08-02T13:20:54.426+0000] {logging_mixin.py:190} INFO - [2026-08-02T13:20:54.426+0000] {dag.py:4180} INFO - Setting next_dagrun for avito_to_raw_midraw to 2026-08-02 13:00:00+00:00, run_after=2026-08-02 14:00:00+00:00
[2026-08-02T13:20:54.435+0000] {processor.py:208} INFO - Processing /opt/airflow/dags/avito_to_raw_midraw.py took 0.070 seconds
[2026-08-02T13:21:24.632+0000] {processor.py:186} INFO - Started process (PID=1777) to work on /opt/airflow/dags/avito_to_raw_midraw.py
[2026-08-02T13:21:24.633+0000] {processor.py:914} INFO - Processing file /opt/airflow/dags/avito_to_raw_midraw.py for tasks to queue
[2026-08-02T13:21:24.635+0000] {logging_mixin.py:190} INFO - [2026-08-02T13:21:24.635+0000] {dagbag.py:588} INFO - Filling up the DagBag from /opt/airflow/dags/avito_to_raw_midraw.py
[2026-08-02T13:21:24.648+0000] {processor.py:925} INFO - DAG(s) 'avito_to_raw_midraw' retrieved from /opt/airflow/dags/avito_to_raw_midraw.py
[2026-08-02T13:21:24.675+0000] {logging_mixin.py:190} INFO - [2026-08-02T13:21:24.675+0000] {dag.py:3239} INFO - Sync 1 DAGs
[2026-08-02T13:21:24.687+0000] {logging_mixin.py:190} INFO - [2026-08-02T13:21:24.687+0000] {dag.py:4180} INFO - Setting next_dagrun for avito_to_raw_midraw to 2026-08-02 13:00:00+00:00, run_after=2026-08-02 14:00:00+00:00
[2026-08-02T13:21:24.696+0000] {processor.py:208} INFO - Processing /opt/airflow/dags/avito_to_raw_midraw.py took 0.067 seconds
[2026-08-02T13:21:54.841+0000] {processor.py:186} INFO - Started process (PID=1780) to work on /opt/airflow/dags/avito_to_raw_midraw.py
[2026-08-02T13:21:54.842+0000] {processor.py:914} INFO - Processing file /opt/airflow/dags/avito_to_raw_midraw.py for tasks to queue
[2026-08-02T13:21:54.843+0000] {logging_mixin.py:190} INFO - [2026-08-02T13:21:54.843+0000] {dagbag.py:588} INFO - Filling up the DagBag from /opt/airflow/dags/avito_to_raw_midraw.py
[2026-08-02T13:21:54.856+0000] {processor.py:925} INFO - DAG(s) 'avito_to_raw_midraw' retrieved from /opt/airflow/dags/avito_to_raw_midraw.py
[2026-08-02T13:21:54.872+0000] {logging_mixin.py:190} INFO - [2026-08-02T13:21:54.872+0000] {dag.py:3239} INFO - Sync 1 DAGs
[2026-08-02T13:21:54.885+0000] {logging_mixin.py:190} INFO - [2026-08-02T13:21:54.884+0000] {dag.py:4180} INFO - Setting next_dagrun for avito_to_raw_midraw to 2026-08-02 13:00:00+00:00, run_after=2026-08-02 14:00:00+00:00
[2026-08-02T13:21:54.892+0000] {processor.py:208} INFO - Processing /opt/airflow/dags/avito_to_raw_midraw.py took 0.055 seconds
[2026-08-02T13:22:25.139+0000] {processor.py:186} INFO - Started process (PID=1783) to work on /opt/airflow/dags/avito_to_raw_midraw.py
[2026-08-02T13:22:25.140+0000] {processor.py:914} INFO - Processing file /opt/airflow/dags/avito_to_raw_midraw.py for tasks to queue
[2026-08-02T13:22:25.141+0000] {logging_mixin.py:190} INFO - [2026-08-02T13:22:25.141+0000] {dagbag.py:588} INFO - Filling up the DagBag from /opt/airflow/dags/avito_to_raw_midraw.py
[2026-08-02T13:22:25.155+0000] {processor.py:925} INFO - DAG(s) 'avito_to_raw_midraw' retrieved from /opt/airflow/dags/avito_to_raw_midraw.py
[2026-08-02T13:22:25.178+0000] {logging_mixin.py:190} INFO - [2026-08-02T13:22:25.178+0000] {dag.py:3239} INFO - Sync 1 DAGs
[2026-08-02T13:22:25.196+0000] {logging_mixin.py:190} INFO - [2026-08-02T13:22:25.196+0000] {dag.py:4180} INFO - Setting next_dagrun for avito_to_raw_midraw to 2026-08-02 13:00:00+00:00, run_after=2026-08-02 14:00:00+00:00
[2026-08-02T13:22:25.209+0000] {processor.py:208} INFO - Processing /opt/airflow/dags/avito_to_raw_midraw.py took 0.079 seconds
[2026-08-02T13:22:55.492+0000] {processor.py:186} INFO - Started process (PID=1786) to work on /opt/airflow/dags/avito_to_raw_midraw.py
[2026-08-02T13:22:55.492+0000] {processor.py:914} INFO - Processing file /opt/airflow/dags/avito_to_raw_midraw.py for tasks to queue
[2026-08-02T13:22:55.494+0000] {logging_mixin.py:190} INFO - [2026-08-02T13:22:55.493+0000] {dagbag.py:588} INFO - Filling up the DagBag from /opt/airflow/dags/avito_to_raw_midraw.py
[2026-08-02T13:22:55.512+0000] {processor.py:925} INFO - DAG(s) 'avito_to_raw_midraw' retrieved from /opt/airflow/dags/avito_to_raw_midraw.py
[2026-08-02T13:22:55.539+0000] {logging_mixin.py:190} INFO - [2026-08-02T13:22:55.539+0000] {dag.py:3239} INFO - Sync 1 DAGs
[2026-08-02T13:22:55.553+0000] {logging_mixin.py:190} INFO - [2026-08-02T13:22:55.553+0000] {dag.py:4180} INFO - Setting next_dagrun for avito_to_raw_midraw to 2026-08-02 13:00:00+00:00, run_after=2026-08-02 14:00:00+00:00
[2026-08-02T13:22:55.563+0000] {processor.py:208} INFO - Processing /opt/airflow/dags/avito_to_raw_midraw.py took 0.078 seconds
[2026-08-02T13:23:25.746+0000] {processor.py:186} INFO - Started process (PID=1789) to work on /opt/airflow/dags/avito_to_raw_midraw.py
[2026-08-02T13:23:25.746+0000] {processor.py:914} INFO - Processing file /opt/airflow/dags/avito_to_raw_midraw.py for tasks to queue
[2026-08-02T13:23:25.747+0000] {logging_mixin.py:190} INFO - [2026-08-02T13:23:25.747+0000] {dagbag.py:588} INFO - Filling up the DagBag from /opt/airflow/dags/avito_to_raw_midraw.py
[2026-08-02T13:23:25.765+0000] {processor.py:925} INFO - DAG(s) 'avito_to_raw_midraw' retrieved from /opt/airflow/dags/avito_to_raw_midraw.py
[2026-08-02T13:23:25.786+0000] {logging_mixin.py:190} INFO - [2026-08-02T13:23:25.786+0000] {dag.py:3239} INFO - Sync 1 DAGs
[2026-08-02T13:23:25.800+0000] {logging_mixin.py:190} INFO - [2026-08-02T13:23:25.800+0000] {dag.py:4180} INFO - Setting next_dagrun for avito_to_raw_midraw to 2026-08-02 13:00:00+00:00, run_after=2026-08-02 14:00:00+00:00
[2026-08-02T13:23:25.808+0000] {processor.py:208} INFO - Processing /opt/airflow/dags/avito_to_raw_midraw.py took 0.068 seconds
[2026-08-02T13:23:56.011+0000] {processor.py:186} INFO - Started process (PID=1792) to work on /opt/airflow/dags/avito_to_raw_midraw.py
[2026-08-02T13:23:56.012+0000] {processor.py:914} INFO - Processing file /opt/airflow/dags/avito_to_raw_midraw.py for tasks to queue
[2026-08-02T13:23:56.013+0000] {logging_mixin.py:190} INFO - [2026-08-02T13:23:56.013+0000] {dagbag.py:588} INFO - Filling up the DagBag from /opt/airflow/dags/avito_to_raw_midraw.py
[2026-08-02T13:23:56.027+0000] {processor.py:925} INFO - DAG(s) 'avito_to_raw_midraw' retrieved from /opt/airflow/dags/avito_to_raw_midraw.py
[2026-08-02T13:23:56.054+0000] {logging_mixin.py:190} INFO - [2026-08-02T13:23:56.054+0000] {dag.py:3239} INFO - Sync 1 DAGs
[2026-08-02T13:23:56.068+0000] {logging_mixin.py:190} INFO - [2026-08-02T13:23:56.068+0000] {dag.py:4180} INFO - Setting next_dagrun for avito_to_raw_midraw to 2026-08-02 13:00:00+00:00, run_after=2026-08-02 14:00:00+00:00
[2026-08-02T13:23:56.077+0000] {processor.py:208} INFO - Processing /opt/airflow/dags/avito_to_raw_midraw.py took 0.069 seconds
[2026-08-02T13:24:26.270+0000] {processor.py:186} INFO - Started process (PID=1795) to work on /opt/airflow/dags/avito_to_raw_midraw.py
[2026-08-02T13:24:26.270+0000] {processor.py:914} INFO - Processing file /opt/airflow/dags/avito_to_raw_midraw.py for tasks to queue
[2026-08-02T13:24:26.271+0000] {logging_mixin.py:190} INFO - [2026-08-02T13:24:26.271+0000] {dagbag.py:588} INFO - Filling up the DagBag from /opt/airflow/dags/avito_to_raw_midraw.py
[2026-08-02T13:24:26.279+0000] {processor.py:925} INFO - DAG(s) 'avito_to_raw_midraw' retrieved from /opt/airflow/dags/avito_to_raw_midraw.py
[2026-08-02T13:24:26.294+0000] {logging_mixin.py:190} INFO - [2026-08-02T13:24:26.294+0000] {dag.py:3239} INFO - Sync 1 DAGs
[2026-08-02T13:24:26.305+0000] {logging_mixin.py:190} INFO - [2026-08-02T13:24:26.305+0000] {dag.py:4180} INFO - Setting next_dagrun for avito_to_raw_midraw to 2026-08-02 13:00:00+00:00, run_after=2026-08-02 14:00:00+00:00
[2026-08-02T13:24:26.313+0000] {processor.py:208} INFO - Processing /opt/airflow/dags/avito_to_raw_midraw.py took 0.047 seconds
[2026-08-02T13:24:56.580+0000] {processor.py:186} INFO - Started process (PID=1798) to work on /opt/airflow/dags/avito_to_raw_midraw.py
[2026-08-02T13:24:56.580+0000] {processor.py:914} INFO - Processing file /opt/airflow/dags/avito_to_raw_midraw.py for tasks to queue
[2026-08-02T13:24:56.581+0000] {logging_mixin.py:190} INFO - [2026-08-02T13:24:56.581+0000] {dagbag.py:588} INFO - Filling up the DagBag from /opt/airflow/dags/avito_to_raw_midraw.py
[2026-08-02T13:24:56.595+0000] {processor.py:925} INFO - DAG(s) 'avito_to_raw_midraw' retrieved from /opt/airflow/dags/avito_to_raw_midraw.py
[2026-08-02T13:24:56.616+0000] {logging_mixin.py:190} INFO - [2026-08-02T13:24:56.616+0000] {dag.py:3239} INFO - Sync 1 DAGs
[2026-08-02T13:24:56.631+0000] {logging_mixin.py:190} INFO - [2026-08-02T13:24:56.631+0000] {dag.py:4180} INFO - Setting next_dagrun for avito_to_raw_midraw to 2026-08-02 13:00:00+00:00, run_after=2026-08-02 14:00:00+00:00
[2026-08-02T13:24:56.641+0000] {processor.py:208} INFO - Processing /opt/airflow/dags/avito_to_raw_midraw.py took 0.066 seconds
[2026-08-02T13:25:26.885+0000] {processor.py:186} INFO - Started process (PID=1801) to work on /opt/airflow/dags/avito_to_raw_midraw.py
[2026-08-02T13:25:26.885+0000] {processor.py:914} INFO - Processing file /opt/airflow/dags/avito_to_raw_midraw.py for tasks to queue
[2026-08-02T13:25:26.887+0000] {logging_mixin.py:190} INFO - [2026-08-02T13:25:26.887+0000] {dagbag.py:588} INFO - Filling up the DagBag from /opt/airflow/dags/avito_to_raw_midraw.py
[2026-08-02T13:25:26.903+0000] {processor.py:925} INFO - DAG(s) 'avito_to_raw_midraw' retrieved from /opt/airflow/dags/avito_to_raw_midraw.py
[2026-08-02T13:25:26.937+0000] {logging_mixin.py:190} INFO - [2026-08-02T13:25:26.936+0000] {dag.py:3239} INFO - Sync 1 DAGs
[2026-08-02T13:25:26.951+0000] {logging_mixin.py:190} INFO - [2026-08-02T13:25:26.951+0000] {dag.py:4180} INFO - Setting next_dagrun for avito_to_raw_midraw to 2026-08-02 13:00:00+00:00, run_after=2026-08-02 14:00:00+00:00
[2026-08-02T13:25:26.960+0000] {processor.py:208} INFO - Processing /opt/airflow/dags/avito_to_raw_midraw.py took 0.079 seconds
[2026-08-02T13:25:57.151+0000] {processor.py:186} INFO - Started process (PID=1804) to work on /opt/airflow/dags/avito_to_raw_midraw.py
[2026-08-02T13:25:57.152+0000] {processor.py:914} INFO - Processing file /opt/airflow/dags/avito_to_raw_midraw.py for tasks to queue
[2026-08-02T13:25:57.153+0000] {logging_mixin.py:190} INFO - [2026-08-02T13:25:57.152+0000] {dagbag.py:588} INFO - Filling up the DagBag from /opt/airflow/dags/avito_to_raw_midraw.py
[2026-08-02T13:25:57.168+0000] {processor.py:925} INFO - DAG(s) 'avito_to_raw_midraw' retrieved from /opt/airflow/dags/avito_to_raw_midraw.py
[2026-08-02T13:25:57.189+0000] {logging_mixin.py:190} INFO - [2026-08-02T13:25:57.189+0000] {dag.py:3239} INFO - Sync 1 DAGs
[2026-08-02T13:25:57.200+0000] {logging_mixin.py:190} INFO - [2026-08-02T13:25:57.199+0000] {dag.py:4180} INFO - Setting next_dagrun for avito_to_raw_midraw to 2026-08-02 13:00:00+00:00, run_after=2026-08-02 14:00:00+00:00
[2026-08-02T13:25:57.207+0000] {processor.py:208} INFO - Processing /opt/airflow/dags/avito_to_raw_midraw.py took 0.061 seconds
[2026-08-02T13:26:27.383+0000] {processor.py:186} INFO - Started process (PID=1807) to work on /opt/airflow/dags/avito_to_raw_midraw.py
[2026-08-02T13:26:27.384+0000] {processor.py:914} INFO - Processing file /opt/airflow/dags/avito_to_raw_midraw.py for tasks to queue
[2026-08-02T13:26:27.385+0000] {logging_mixin.py:190} INFO - [2026-08-02T13:26:27.385+0000] {dagbag.py:588} INFO - Filling up the DagBag from /opt/airflow/dags/avito_to_raw_midraw.py
[2026-08-02T13:26:27.401+0000] {processor.py:925} INFO - DAG(s) 'avito_to_raw_midraw' retrieved from /opt/airflow/dags/avito_to_raw_midraw.py
[2026-08-02T13:26:27.417+0000] {logging_mixin.py:190} INFO - [2026-08-02T13:26:27.417+0000] {dag.py:3239} INFO - Sync 1 DAGs
[2026-08-02T13:26:27.429+0000] {logging_mixin.py:190} INFO - [2026-08-02T13:26:27.429+0000] {dag.py:4180} INFO - Setting next_dagrun for avito_to_raw_midraw to 2026-08-02 13:00:00+00:00, run_after=2026-08-02 14:00:00+00:00
[2026-08-02T13:26:27.436+0000] {processor.py:208} INFO - Processing /opt/airflow/dags/avito_to_raw_midraw.py took 0.059 seconds
[2026-08-02T13:26:57.730+0000] {processor.py:186} INFO - Started process (PID=1810) to work on /opt/airflow/dags/avito_to_raw_midraw.py
[2026-08-02T13:26:57.731+0000] {processor.py:914} INFO - Processing file /opt/airflow/dags/avito_to_raw_midraw.py for tasks to queue
[2026-08-02T13:26:57.732+0000] {logging_mixin.py:190} INFO - [2026-08-02T13:26:57.732+0000] {dagbag.py:588} INFO - Filling up the DagBag from /opt/airflow/dags/avito_to_raw_midraw.py
[2026-08-02T13:26:57.745+0000] {processor.py:925} INFO - DAG(s) 'avito_to_raw_midraw' retrieved from /opt/airflow/dags/avito_to_raw_midraw.py
[2026-08-02T13:26:57.767+0000] {logging_mixin.py:190} INFO - [2026-08-02T13:26:57.767+0000] {dag.py:3239} INFO - Sync 1 DAGs
[2026-08-02T13:26:57.780+0000] {logging_mixin.py:190} INFO - [2026-08-02T13:26:57.780+0000] {dag.py:4180} INFO - Setting next_dagrun for avito_to_raw_midraw to 2026-08-02 13:00:00+00:00, run_after=2026-08-02 14:00:00+00:00
[2026-08-02T13:26:57.789+0000] {processor.py:208} INFO - Processing /opt/airflow/dags/avito_to_raw_midraw.py took 0.063 seconds
[2026-08-02T13:27:27.947+0000] {processor.py:186} INFO - Started process (PID=1813) to work on /opt/airflow/dags/avito_to_raw_midraw.py
[2026-08-02T13:27:27.948+0000] {processor.py:914} INFO - Processing file /opt/airflow/dags/avito_to_raw_midraw.py for tasks to queue
[2026-08-02T13:27:27.949+0000] {logging_mixin.py:190} INFO - [2026-08-02T13:27:27.948+0000] {dagbag.py:588} INFO - Filling up the DagBag from /opt/airflow/dags/avito_to_raw_midraw.py
[2026-08-02T13:27:27.959+0000] {processor.py:925} INFO - DAG(s) 'avito_to_raw_midraw' retrieved from /opt/airflow/dags/avito_to_raw_midraw.py
[2026-08-02T13:27:27.976+0000] {logging_mixin.py:190} INFO - [2026-08-02T13:27:27.976+0000] {dag.py:3239} INFO - Sync 1 DAGs
[2026-08-02T13:27:27.994+0000] {logging_mixin.py:190} INFO - [2026-08-02T13:27:27.994+0000] {dag.py:4180} INFO - Setting next_dagrun for avito_to_raw_midraw to 2026-08-02 13:00:00+00:00, run_after=2026-08-02 14:00:00+00:00
[2026-08-02T13:27:28.002+0000] {processor.py:208} INFO - Processing /opt/airflow/dags/avito_to_raw_midraw.py took 0.058 seconds
[2026-08-02T13:27:58.244+0000] {processor.py:186} INFO - Started process (PID=1816) to work on /opt/airflow/dags/avito_to_raw_midraw.py
[2026-08-02T13:27:58.245+0000] {processor.py:914} INFO - Processing file /opt/airflow/dags/avito_to_raw_midraw.py for tasks to queue
[2026-08-02T13:27:58.246+0000] {logging_mixin.py:190} INFO - [2026-08-02T13:27:58.246+0000] {dagbag.py:588} INFO - Filling up the DagBag from /opt/airflow/dags/avito_to_raw_midraw.py
[2026-08-02T13:27:58.260+0000] {processor.py:925} INFO - DAG(s) 'avito_to_raw_midraw' retrieved from /opt/airflow/dags/avito_to_raw_midraw.py
[2026-08-02T13:27:58.280+0000] {logging_mixin.py:190} INFO - [2026-08-02T13:27:58.280+0000] {dag.py:3239} INFO - Sync 1 DAGs
[2026-08-02T13:27:58.293+0000] {logging_mixin.py:190} INFO - [2026-08-02T13:27:58.293+0000] {dag.py:4180} INFO - Setting next_dagrun for avito_to_raw_midraw to 2026-08-02 13:00:00+00:00, run_after=2026-08-02 14:00:00+00:00
[2026-08-02T13:27:58.302+0000] {processor.py:208} INFO - Processing /opt/airflow/dags/avito_to_raw_midraw.py took 0.063 seconds
[2026-08-02T13:28:28.477+0000] {processor.py:186} INFO - Started process (PID=1819) to work on /opt/airflow/dags/avito_to_raw_midraw.py
[2026-08-02T13:28:28.479+0000] {processor.py:914} INFO - Processing file /opt/airflow/dags/avito_to_raw_midraw.py for tasks to queue
[2026-08-02T13:28:28.481+0000] {logging_mixin.py:190} INFO - [2026-08-02T13:28:28.480+0000] {dagbag.py:588} INFO - Filling up the DagBag from /opt/airflow/dags/avito_to_raw_midraw.py
[2026-08-02T13:28:28.498+0000] {processor.py:925} INFO - DAG(s) 'avito_to_raw_midraw' retrieved from /opt/airflow/dags/avito_to_raw_midraw.py
[2026-08-02T13:28:28.520+0000] {logging_mixin.py:190} INFO - [2026-08-02T13:28:28.520+0000] {dag.py:3239} INFO - Sync 1 DAGs
[2026-08-02T13:28:28.534+0000] {logging_mixin.py:190} INFO - [2026-08-02T13:28:28.534+0000] {dag.py:4180} INFO - Setting next_dagrun for avito_to_raw_midraw to 2026-08-02 13:00:00+00:00, run_after=2026-08-02 14:00:00+00:00
[2026-08-02T13:28:28.548+0000] {processor.py:208} INFO - Processing /opt/airflow/dags/avito_to_raw_midraw.py took 0.077 seconds
[2026-08-02T13:28:58.675+0000] {processor.py:186} INFO - Started process (PID=1822) to work on /opt/airflow/dags/avito_to_raw_midraw.py
[2026-08-02T13:28:58.676+0000] {processor.py:914} INFO - Processing file /opt/airflow/dags/avito_to_raw_midraw.py for tasks to queue
[2026-08-02T13:28:58.677+0000] {logging_mixin.py:190} INFO - [2026-08-02T13:28:58.677+0000] {dagbag.py:588} INFO - Filling up the DagBag from /opt/airflow/dags/avito_to_raw_midraw.py
[2026-08-02T13:28:58.696+0000] {processor.py:925} INFO - DAG(s) 'avito_to_raw_midraw' retrieved from /opt/airflow/dags/avito_to_raw_midraw.py
[2026-08-02T13:28:58.717+0000] {logging_mixin.py:190} INFO - [2026-08-02T13:28:58.717+0000] {dag.py:3239} INFO - Sync 1 DAGs
[2026-08-02T13:28:58.729+0000] {logging_mixin.py:190} INFO - [2026-08-02T13:28:58.729+0000] {dag.py:4180} INFO - Setting next_dagrun for avito_to_raw_midraw to 2026-08-02 13:00:00+00:00, run_after=2026-08-02 14:00:00+00:00
[2026-08-02T13:28:58.740+0000] {processor.py:208} INFO - Processing /opt/airflow/dags/avito_to_raw_midraw.py took 0.069 seconds
[2026-08-02T13:29:28.806+0000] {processor.py:186} INFO - Started process (PID=1825) to work on /opt/airflow/dags/avito_to_raw_midraw.py
[2026-08-02T13:29:28.807+0000] {processor.py:914} INFO - Processing file /opt/airflow/dags/avito_to_raw_midraw.py for tasks to queue
[2026-08-02T13:29:28.808+0000] {logging_mixin.py:190} INFO - [2026-08-02T13:29:28.808+0000] {dagbag.py:588} INFO - Filling up the DagBag from /opt/airflow/dags/avito_to_raw_midraw.py
[2026-08-02T13:29:28.820+0000] {processor.py:925} INFO - DAG(s) 'avito_to_raw_midraw' retrieved from /opt/airflow/dags/avito_to_raw_midraw.py
[2026-08-02T13:29:28.842+0000] {logging_mixin.py:190} INFO - [2026-08-02T13:29:28.842+0000] {dag.py:3239} INFO - Sync 1 DAGs
[2026-08-02T13:29:28.856+0000] {logging_mixin.py:190} INFO - [2026-08-02T13:29:28.855+0000] {dag.py:4180} INFO - Setting next_dagrun for avito_to_raw_midraw to 2026-08-02 13:00:00+00:00, run_after=2026-08-02 14:00:00+00:00
[2026-08-02T13:29:28.865+0000] {processor.py:208} INFO - Processing /opt/airflow/dags/avito_to_raw_midraw.py took 0.063 seconds
[2026-08-02T13:29:59.004+0000] {processor.py:186} INFO - Started process (PID=1828) to work on /opt/airflow/dags/avito_to_raw_midraw.py
[2026-08-02T13:29:59.007+0000] {processor.py:914} INFO - Processing file /opt/airflow/dags/avito_to_raw_midraw.py for tasks to queue
[2026-08-02T13:29:59.008+0000] {logging_mixin.py:190} INFO - [2026-08-02T13:29:59.007+0000] {dagbag.py:588} INFO - Filling up the DagBag from /opt/airflow/dags/avito_to_raw_midraw.py
[2026-08-02T13:29:59.024+0000] {processor.py:925} INFO - DAG(s) 'avito_to_raw_midraw' retrieved from /opt/airflow/dags/avito_to_raw_midraw.py
[2026-08-02T13:29:59.040+0000] {logging_mixin.py:190} INFO - [2026-08-02T13:29:59.040+0000] {dag.py:3239} INFO - Sync 1 DAGs
[2026-08-02T13:29:59.050+0000] {logging_mixin.py:190} INFO - [2026-08-02T13:29:59.049+0000] {dag.py:4180} INFO - Setting next_dagrun for avito_to_raw_midraw to 2026-08-02 13:00:00+00:00, run_after=2026-08-02 14:00:00+00:00
[2026-08-02T13:29:59.060+0000] {processor.py:208} INFO - Processing /opt/airflow/dags/avito_to_raw_midraw.py took 0.061 seconds
[2026-08-02T13:30:29.293+0000] {processor.py:186} INFO - Started process (PID=1831) to work on /opt/airflow/dags/avito_to_raw_midraw.py
[2026-08-02T13:30:29.294+0000] {processor.py:914} INFO - Processing file /opt/airflow/dags/avito_to_raw_midraw.py for tasks to queue
[2026-08-02T13:30:29.294+0000] {logging_mixin.py:190} INFO - [2026-08-02T13:30:29.294+0000] {dagbag.py:588} INFO - Filling up the DagBag from /opt/airflow/dags/avito_to_raw_midraw.py
[2026-08-02T13:30:29.307+0000] {processor.py:925} INFO - DAG(s) 'avito_to_raw_midraw' retrieved from /opt/airflow/dags/avito_to_raw_midraw.py
[2026-08-02T13:30:29.328+0000] {logging_mixin.py:190} INFO - [2026-08-02T13:30:29.328+0000] {dag.py:3239} INFO - Sync 1 DAGs
[2026-08-02T13:30:29.345+0000] {logging_mixin.py:190} INFO - [2026-08-02T13:30:29.344+0000] {dag.py:4180} INFO - Setting next_dagrun for avito_to_raw_midraw to 2026-08-02 13:00:00+00:00, run_after=2026-08-02 14:00:00+00:00
[2026-08-02T13:30:29.353+0000] {processor.py:208} INFO - Processing /opt/airflow/dags/avito_to_raw_midraw.py took 0.064 seconds
[2026-08-02T13:30:59.531+0000] {processor.py:186} INFO - Started process (PID=1834) to work on /opt/airflow/dags/avito_to_raw_midraw.py
[2026-08-02T13:30:59.532+0000] {processor.py:914} INFO - Processing file /opt/airflow/dags/avito_to_raw_midraw.py for tasks to queue
[2026-08-02T13:30:59.535+0000] {logging_mixin.py:190} INFO - [2026-08-02T13:30:59.534+0000] {dagbag.py:588} INFO - Filling up the DagBag from /opt/airflow/dags/avito_to_raw_midraw.py
[2026-08-02T13:30:59.548+0000] {processor.py:925} INFO - DAG(s) 'avito_to_raw_midraw' retrieved from /opt/airflow/dags/avito_to_raw_midraw.py
[2026-08-02T13:30:59.566+0000] {logging_mixin.py:190} INFO - [2026-08-02T13:30:59.565+0000] {dag.py:3239} INFO - Sync 1 DAGs
[2026-08-02T13:30:59.577+0000] {logging_mixin.py:190} INFO - [2026-08-02T13:30:59.577+0000] {dag.py:4180} INFO - Setting next_dagrun for avito_to_raw_midraw to 2026-08-02 13:00:00+00:00, run_after=2026-08-02 14:00:00+00:00
[2026-08-02T13:30:59.588+0000] {processor.py:208} INFO - Processing /opt/airflow/dags/avito_to_raw_midraw.py took 0.066 seconds
[2026-08-02T13:31:29.974+0000] {processor.py:186} INFO - Started process (PID=1837) to work on /opt/airflow/dags/avito_to_raw_midraw.py
[2026-08-02T13:31:29.975+0000] {processor.py:914} INFO - Processing file /opt/airflow/dags/avito_to_raw_midraw.py for tasks to queue
[2026-08-02T13:31:29.977+0000] {logging_mixin.py:190} INFO - [2026-08-02T13:31:29.977+0000] {dagbag.py:588} INFO - Filling up the DagBag from /opt/airflow/dags/avito_to_raw_midraw.py
[2026-08-02T13:31:29.993+0000] {processor.py:925} INFO - DAG(s) 'avito_to_raw_midraw' retrieved from /opt/airflow/dags/avito_to_raw_midraw.py
[2026-08-02T13:31:30.027+0000] {logging_mixin.py:190} INFO - [2026-08-02T13:31:30.027+0000] {dag.py:3239} INFO - Sync 1 DAGs
[2026-08-02T13:31:30.043+0000] {logging_mixin.py:190} INFO - [2026-08-02T13:31:30.043+0000] {dag.py:4180} INFO - Setting next_dagrun for avito_to_raw_midraw to 2026-08-02 13:00:00+00:00, run_after=2026-08-02 14:00:00+00:00
[2026-08-02T13:31:30.057+0000] {processor.py:208} INFO - Processing /opt/airflow/dags/avito_to_raw_midraw.py took 0.089 seconds
[2026-08-02T13:33:56.729+0000] {processor.py:186} INFO - Started process (PID=1840) to work on /opt/airflow/dags/avito_to_raw_midraw.py
[2026-08-02T13:33:56.729+0000] {processor.py:914} INFO - Processing file /opt/airflow/dags/avito_to_raw_midraw.py for tasks to queue
[2026-08-02T13:33:56.730+0000] {logging_mixin.py:190} INFO - [2026-08-02T13:33:56.730+0000] {dagbag.py:588} INFO - Filling up the DagBag from /opt/airflow/dags/avito_to_raw_midraw.py
[2026-08-02T13:33:56.741+0000] {processor.py:925} INFO - DAG(s) 'avito_to_raw_midraw' retrieved from /opt/airflow/dags/avito_to_raw_midraw.py
[2026-08-02T13:33:56.762+0000] {logging_mixin.py:190} INFO - [2026-08-02T13:33:56.761+0000] {dag.py:3239} INFO - Sync 1 DAGs
[2026-08-02T13:33:56.770+0000] {logging_mixin.py:190} INFO - [2026-08-02T13:33:56.770+0000] {dag.py:4180} INFO - Setting next_dagrun for avito_to_raw_midraw to 2026-08-02 13:00:00+00:00, run_after=2026-08-02 14:00:00+00:00
[2026-08-02T13:33:56.776+0000] {processor.py:208} INFO - Processing /opt/airflow/dags/avito_to_raw_midraw.py took 0.054 seconds
[2026-08-02T13:34:27.188+0000] {processor.py:186} INFO - Started process (PID=1843) to work on /opt/airflow/dags/avito_to_raw_midraw.py
[2026-08-02T13:34:27.189+0000] {processor.py:914} INFO - Processing file /opt/airflow/dags/avito_to_raw_midraw.py for tasks to queue
[2026-08-02T13:34:27.189+0000] {logging_mixin.py:190} INFO - [2026-08-02T13:34:27.189+0000] {dagbag.py:588} INFO - Filling up the DagBag from /opt/airflow/dags/avito_to_raw_midraw.py
[2026-08-02T13:34:27.197+0000] {processor.py:925} INFO - DAG(s) 'avito_to_raw_midraw' retrieved from /opt/airflow/dags/avito_to_raw_midraw.py
[2026-08-02T13:34:27.210+0000] {logging_mixin.py:190} INFO - [2026-08-02T13:34:27.210+0000] {dag.py:3239} INFO - Sync 1 DAGs
[2026-08-02T13:34:27.219+0000] {logging_mixin.py:190} INFO - [2026-08-02T13:34:27.219+0000] {dag.py:4180} INFO - Setting next_dagrun for avito_to_raw_midraw to 2026-08-02 13:00:00+00:00, run_after=2026-08-02 14:00:00+00:00
[2026-08-02T13:34:27.226+0000] {processor.py:208} INFO - Processing /opt/airflow/dags/avito_to_raw_midraw.py took 0.041 seconds
[2026-08-02T13:34:57.552+0000] {processor.py:186} INFO - Started process (PID=1846) to work on /opt/airflow/dags/avito_to_raw_midraw.py
[2026-08-02T13:34:57.553+0000] {processor.py:914} INFO - Processing file /opt/airflow/dags/avito_to_raw_midraw.py for tasks to queue
[2026-08-02T13:34:57.554+0000] {logging_mixin.py:190} INFO - [2026-08-02T13:34:57.554+0000] {dagbag.py:588} INFO - Filling up the DagBag from /opt/airflow/dags/avito_to_raw_midraw.py
[2026-08-02T13:34:57.565+0000] {processor.py:925} INFO - DAG(s) 'avito_to_raw_midraw' retrieved from /opt/airflow/dags/avito_to_raw_midraw.py
[2026-08-02T13:34:57.582+0000] {logging_mixin.py:190} INFO - [2026-08-02T13:34:57.582+0000] {dag.py:3239} INFO - Sync 1 DAGs
[2026-08-02T13:34:57.592+0000] {logging_mixin.py:190} INFO - [2026-08-02T13:34:57.592+0000] {dag.py:4180} INFO - Setting next_dagrun for avito_to_raw_midraw to 2026-08-02 13:00:00+00:00, run_after=2026-08-02 14:00:00+00:00
[2026-08-02T13:34:57.601+0000] {processor.py:208} INFO - Processing /opt/airflow/dags/avito_to_raw_midraw.py took 0.053 seconds
[2026-08-02T13:35:27.888+0000] {processor.py:186} INFO - Started process (PID=1849) to work on /opt/airflow/dags/avito_to_raw_midraw.py
[2026-08-02T13:35:27.888+0000] {processor.py:914} INFO - Processing file /opt/airflow/dags/avito_to_raw_midraw.py for tasks to queue
[2026-08-02T13:35:27.889+0000] {logging_mixin.py:190} INFO - [2026-08-02T13:35:27.888+0000] {dagbag.py:588} INFO - Filling up the DagBag from /opt/airflow/dags/avito_to_raw_midraw.py
[2026-08-02T13:35:27.896+0000] {processor.py:925} INFO - DAG(s) 'avito_to_raw_midraw' retrieved from /opt/airflow/dags/avito_to_raw_midraw.py
[2026-08-02T13:35:27.912+0000] {logging_mixin.py:190} INFO - [2026-08-02T13:35:27.912+0000] {dag.py:3239} INFO - Sync 1 DAGs
[2026-08-02T13:35:27.922+0000] {logging_mixin.py:190} INFO - [2026-08-02T13:35:27.922+0000] {dag.py:4180} INFO - Setting next_dagrun for avito_to_raw_midraw to 2026-08-02 13:00:00+00:00, run_after=2026-08-02 14:00:00+00:00
[2026-08-02T13:35:27.929+0000] {processor.py:208} INFO - Processing /opt/airflow/dags/avito_to_raw_midraw.py took 0.044 seconds
[2026-08-02T13:35:58.234+0000] {processor.py:186} INFO - Started process (PID=1852) to work on /opt/airflow/dags/avito_to_raw_midraw.py
[2026-08-02T13:35:58.234+0000] {processor.py:914} INFO - Processing file /opt/airflow/dags/avito_to_raw_midraw.py for tasks to queue
[2026-08-02T13:35:58.235+0000] {logging_mixin.py:190} INFO - [2026-08-02T13:35:58.235+0000] {dagbag.py:588} INFO - Filling up the DagBag from /opt/airflow/dags/avito_to_raw_midraw.py
[2026-08-02T13:35:58.243+0000] {processor.py:925} INFO - DAG(s) 'avito_to_raw_midraw' retrieved from /opt/airflow/dags/avito_to_raw_midraw.py
[2026-08-02T13:35:58.258+0000] {logging_mixin.py:190} INFO - [2026-08-02T13:35:58.258+0000] {dag.py:3239} INFO - Sync 1 DAGs
[2026-08-02T13:35:58.268+0000] {logging_mixin.py:190} INFO - [2026-08-02T13:35:58.268+0000] {dag.py:4180} INFO - Setting next_dagrun for avito_to_raw_midraw to 2026-08-02 13:00:00+00:00, run_after=2026-08-02 14:00:00+00:00
[2026-08-02T13:35:58.275+0000] {processor.py:208} INFO - Processing /opt/airflow/dags/avito_to_raw_midraw.py took 0.044 seconds
[2026-08-02T13:36:28.540+0000] {processor.py:186} INFO - Started process (PID=1855) to work on /opt/airflow/dags/avito_to_raw_midraw.py
[2026-08-02T13:36:28.540+0000] {processor.py:914} INFO - Processing file /opt/airflow/dags/avito_to_raw_midraw.py for tasks to queue
[2026-08-02T13:36:28.541+0000] {logging_mixin.py:190} INFO - [2026-08-02T13:36:28.541+0000] {dagbag.py:588} INFO - Filling up the DagBag from /opt/airflow/dags/avito_to_raw_midraw.py
[2026-08-02T13:36:28.548+0000] {processor.py:925} INFO - DAG(s) 'avito_to_raw_midraw' retrieved from /opt/airflow/dags/avito_to_raw_midraw.py
[2026-08-02T13:36:28.562+0000] {logging_mixin.py:190} INFO - [2026-08-02T13:36:28.562+0000] {dag.py:3239} INFO - Sync 1 DAGs
[2026-08-02T13:36:28.571+0000] {logging_mixin.py:190} INFO - [2026-08-02T13:36:28.571+0000] {dag.py:4180} INFO - Setting next_dagrun for avito_to_raw_midraw to 2026-08-02 13:00:00+00:00, run_after=2026-08-02 14:00:00+00:00
[2026-08-02T13:36:28.577+0000] {processor.py:208} INFO - Processing /opt/airflow/dags/avito_to_raw_midraw.py took 0.040 seconds
[2026-08-02T13:36:58.828+0000] {processor.py:186} INFO - Started process (PID=1858) to work on /opt/airflow/dags/avito_to_raw_midraw.py
[2026-08-02T13:36:58.828+0000] {processor.py:914} INFO - Processing file /opt/airflow/dags/avito_to_raw_midraw.py for tasks to queue
[2026-08-02T13:36:58.829+0000] {logging_mixin.py:190} INFO - [2026-08-02T13:36:58.828+0000] {dagbag.py:588} INFO - Filling up the DagBag from /opt/airflow/dags/avito_to_raw_midraw.py
[2026-08-02T13:36:58.835+0000] {processor.py:925} INFO - DAG(s) 'avito_to_raw_midraw' retrieved from /opt/airflow/dags/avito_to_raw_midraw.py
[2026-08-02T13:36:58.849+0000] {logging_mixin.py:190} INFO - [2026-08-02T13:36:58.849+0000] {dag.py:3239} INFO - Sync 1 DAGs
[2026-08-02T13:36:58.857+0000] {logging_mixin.py:190} INFO - [2026-08-02T13:36:58.857+0000] {dag.py:4180} INFO - Setting next_dagrun for avito_to_raw_midraw to 2026-08-02 13:00:00+00:00, run_after=2026-08-02 14:00:00+00:00
[2026-08-02T13:36:58.863+0000] {processor.py:208} INFO - Processing /opt/airflow/dags/avito_to_raw_midraw.py took 0.038 seconds
[2026-08-02T13:37:29.090+0000] {processor.py:186} INFO - Started process (PID=1861) to work on /opt/airflow/dags/avito_to_raw_midraw.py
[2026-08-02T13:37:29.090+0000] {processor.py:914} INFO - Processing file /opt/airflow/dags/avito_to_raw_midraw.py for tasks to queue
[2026-08-02T13:37:29.091+0000] {logging_mixin.py:190} INFO - [2026-08-02T13:37:29.091+0000] {dagbag.py:588} INFO - Filling up the DagBag from /opt/airflow/dags/avito_to_raw_midraw.py
[2026-08-02T13:37:29.098+0000] {processor.py:925} INFO - DAG(s) 'avito_to_raw_midraw' retrieved from /opt/airflow/dags/avito_to_raw_midraw.py
[2026-08-02T13:37:29.111+0000] {logging_mixin.py:190} INFO - [2026-08-02T13:37:29.111+0000] {dag.py:3239} INFO - Sync 1 DAGs
[2026-08-02T13:37:29.119+0000] {logging_mixin.py:190} INFO - [2026-08-02T13:37:29.119+0000] {dag.py:4180} INFO - Setting next_dagrun for avito_to_raw_midraw to 2026-08-02 13:00:00+00:00, run_after=2026-08-02 14:00:00+00:00
[2026-08-02T13:37:29.125+0000] {processor.py:208} INFO - Processing /opt/airflow/dags/avito_to_raw_midraw.py took 0.038 seconds
[2026-08-02T13:37:59.394+0000] {processor.py:186} INFO - Started process (PID=1864) to work on /opt/airflow/dags/avito_to_raw_midraw.py
[2026-08-02T13:37:59.394+0000] {processor.py:914} INFO - Processing file /opt/airflow/dags/avito_to_raw_midraw.py for tasks to queue
[2026-08-02T13:37:59.395+0000] {logging_mixin.py:190} INFO - [2026-08-02T13:37:59.395+0000] {dagbag.py:588} INFO - Filling up the DagBag from /opt/airflow/dags/avito_to_raw_midraw.py
[2026-08-02T13:37:59.401+0000] {processor.py:925} INFO - DAG(s) 'avito_to_raw_midraw' retrieved from /opt/airflow/dags/avito_to_raw_midraw.py
[2026-08-02T13:37:59.413+0000] {logging_mixin.py:190} INFO - [2026-08-02T13:37:59.413+0000] {dag.py:3239} INFO - Sync 1 DAGs
[2026-08-02T13:37:59.422+0000] {logging_mixin.py:190} INFO - [2026-08-02T13:37:59.422+0000] {dag.py:4180} INFO - Setting next_dagrun for avito_to_raw_midraw to 2026-08-02 13:00:00+00:00, run_after=2026-08-02 14:00:00+00:00
[2026-08-02T13:37:59.428+0000] {processor.py:208} INFO - Processing /opt/airflow/dags/avito_to_raw_midraw.py took 0.037 seconds
[2026-08-02T13:38:29.691+0000] {processor.py:186} INFO - Started process (PID=1867) to work on /opt/airflow/dags/avito_to_raw_midraw.py
[2026-08-02T13:38:29.691+0000] {processor.py:914} INFO - Processing file /opt/airflow/dags/avito_to_raw_midraw.py for tasks to queue
[2026-08-02T13:38:29.692+0000] {logging_mixin.py:190} INFO - [2026-08-02T13:38:29.692+0000] {dagbag.py:588} INFO - Filling up the DagBag from /opt/airflow/dags/avito_to_raw_midraw.py
[2026-08-02T13:38:29.699+0000] {processor.py:925} INFO - DAG(s) 'avito_to_raw_midraw' retrieved from /opt/airflow/dags/avito_to_raw_midraw.py
[2026-08-02T13:38:29.714+0000] {logging_mixin.py:190} INFO - [2026-08-02T13:38:29.714+0000] {dag.py:3239} INFO - Sync 1 DAGs
[2026-08-02T13:38:29.723+0000] {logging_mixin.py:190} INFO - [2026-08-02T13:38:29.723+0000] {dag.py:4180} INFO - Setting next_dagrun for avito_to_raw_midraw to 2026-08-02 13:00:00+00:00, run_after=2026-08-02 14:00:00+00:00
[2026-08-02T13:38:29.729+0000] {processor.py:208} INFO - Processing /opt/airflow/dags/avito_to_raw_midraw.py took 0.042 seconds
[2026-08-02T13:39:00.053+0000] {processor.py:186} INFO - Started process (PID=1870) to work on /opt/airflow/dags/avito_to_raw_midraw.py
[2026-08-02T13:39:00.053+0000] {processor.py:914} INFO - Processing file /opt/airflow/dags/avito_to_raw_midraw.py for tasks to queue
[2026-08-02T13:39:00.054+0000] {logging_mixin.py:190} INFO - [2026-08-02T13:39:00.054+0000] {dagbag.py:588} INFO - Filling up the DagBag from /opt/airflow/dags/avito_to_raw_midraw.py
[2026-08-02T13:39:00.062+0000] {processor.py:925} INFO - DAG(s) 'avito_to_raw_midraw' retrieved from /opt/airflow/dags/avito_to_raw_midraw.py
[2026-08-02T13:39:00.076+0000] {logging_mixin.py:190} INFO - [2026-08-02T13:39:00.076+0000] {dag.py:3239} INFO - Sync 1 DAGs
[2026-08-02T13:39:00.085+0000] {logging_mixin.py:190} INFO - [2026-08-02T13:39:00.085+0000] {dag.py:4180} INFO - Setting next_dagrun for avito_to_raw_midraw to 2026-08-02 13:00:00+00:00, run_after=2026-08-02 14:00:00+00:00
[2026-08-02T13:39:00.092+0000] {processor.py:208} INFO - Processing /opt/airflow/dags/avito_to_raw_midraw.py took 0.042 seconds
[2026-08-02T13:39:30.359+0000] {processor.py:186} INFO - Started process (PID=1873) to work on /opt/airflow/dags/avito_to_raw_midraw.py
[2026-08-02T13:39:30.360+0000] {processor.py:914} INFO - Processing file /opt/airflow/dags/avito_to_raw_midraw.py for tasks to queue
[2026-08-02T13:39:30.360+0000] {logging_mixin.py:190} INFO - [2026-08-02T13:39:30.360+0000] {dagbag.py:588} INFO - Filling up the DagBag from /opt/airflow/dags/avito_to_raw_midraw.py
[2026-08-02T13:39:30.367+0000] {processor.py:925} INFO - DAG(s) 'avito_to_raw_midraw' retrieved from /opt/airflow/dags/avito_to_raw_midraw.py
[2026-08-02T13:39:30.381+0000] {logging_mixin.py:190} INFO - [2026-08-02T13:39:30.381+0000] {dag.py:3239} INFO - Sync 1 DAGs
[2026-08-02T13:39:30.389+0000] {logging_mixin.py:190} INFO - [2026-08-02T13:39:30.389+0000] {dag.py:4180} INFO - Setting next_dagrun for avito_to_raw_midraw to 2026-08-02 13:00:00+00:00, run_after=2026-08-02 14:00:00+00:00
[2026-08-02T13:39:30.395+0000] {processor.py:208} INFO - Processing /opt/airflow/dags/avito_to_raw_midraw.py took 0.039 seconds
[2026-08-02T13:40:00.686+0000] {processor.py:186} INFO - Started process (PID=1876) to work on /opt/airflow/dags/avito_to_raw_midraw.py
[2026-08-02T13:40:00.687+0000] {processor.py:914} INFO - Processing file /opt/airflow/dags/avito_to_raw_midraw.py for tasks to queue
[2026-08-02T13:40:00.687+0000] {logging_mixin.py:190} INFO - [2026-08-02T13:40:00.687+0000] {dagbag.py:588} INFO - Filling up the DagBag from /opt/airflow/dags/avito_to_raw_midraw.py
[2026-08-02T13:40:00.695+0000] {processor.py:925} INFO - DAG(s) 'avito_to_raw_midraw' retrieved from /opt/airflow/dags/avito_to_raw_midraw.py
[2026-08-02T13:40:00.707+0000] {logging_mixin.py:190} INFO - [2026-08-02T13:40:00.707+0000] {dag.py:3239} INFO - Sync 1 DAGs
[2026-08-02T13:40:00.715+0000] {logging_mixin.py:190} INFO - [2026-08-02T13:40:00.715+0000] {dag.py:4180} INFO - Setting next_dagrun for avito_to_raw_midraw to 2026-08-02 13:00:00+00:00, run_after=2026-08-02 14:00:00+00:00
[2026-08-02T13:40:00.720+0000] {processor.py:208} INFO - Processing /opt/airflow/dags/avito_to_raw_midraw.py took 0.037 seconds
[2026-08-02T13:40:31.039+0000] {processor.py:186} INFO - Started process (PID=1879) to work on /opt/airflow/dags/avito_to_raw_midraw.py
[2026-08-02T13:40:31.040+0000] {processor.py:914} INFO - Processing file /opt/airflow/dags/avito_to_raw_midraw.py for tasks to queue
[2026-08-02T13:40:31.041+0000] {logging_mixin.py:190} INFO - [2026-08-02T13:40:31.041+0000] {dagbag.py:588} INFO - Filling up the DagBag from /opt/airflow/dags/avito_to_raw_midraw.py
[2026-08-02T13:40:31.047+0000] {processor.py:925} INFO - DAG(s) 'avito_to_raw_midraw' retrieved from /opt/airflow/dags/avito_to_raw_midraw.py
[2026-08-02T13:40:31.062+0000] {logging_mixin.py:190} INFO - [2026-08-02T13:40:31.061+0000] {dag.py:3239} INFO - Sync 1 DAGs
[2026-08-02T13:40:31.070+0000] {logging_mixin.py:190} INFO - [2026-08-02T13:40:31.070+0000] {dag.py:4180} INFO - Setting next_dagrun for avito_to_raw_midraw to 2026-08-02 13:00:00+00:00, run_after=2026-08-02 14:00:00+00:00
[2026-08-02T13:40:31.077+0000] {processor.py:208} INFO - Processing /opt/airflow/dags/avito_to_raw_midraw.py took 0.041 seconds
[2026-08-02T13:41:01.341+0000] {processor.py:186} INFO - Started process (PID=1882) to work on /opt/airflow/dags/avito_to_raw_midraw.py
[2026-08-02T13:41:01.342+0000] {processor.py:914} INFO - Processing file /opt/airflow/dags/avito_to_raw_midraw.py for tasks to queue
[2026-08-02T13:41:01.343+0000] {logging_mixin.py:190} INFO - [2026-08-02T13:41:01.343+0000] {dagbag.py:588} INFO - Filling up the DagBag from /opt/airflow/dags/avito_to_raw_midraw.py
[2026-08-02T13:41:01.349+0000] {processor.py:925} INFO - DAG(s) 'avito_to_raw_midraw' retrieved from /opt/airflow/dags/avito_to_raw_midraw.py
[2026-08-02T13:41:01.364+0000] {logging_mixin.py:190} INFO - [2026-08-02T13:41:01.364+0000] {dag.py:3239} INFO - Sync 1 DAGs
[2026-08-02T13:41:01.373+0000] {logging_mixin.py:190} INFO - [2026-08-02T13:41:01.373+0000] {dag.py:4180} INFO - Setting next_dagrun for avito_to_raw_midraw to 2026-08-02 13:00:00+00:00, run_after=2026-08-02 14:00:00+00:00
[2026-08-02T13:41:01.379+0000] {processor.py:208} INFO - Processing /opt/airflow/dags/avito_to_raw_midraw.py took 0.042 seconds
[2026-08-02T13:41:31.638+0000] {processor.py:186} INFO - Started process (PID=1885) to work on /opt/airflow/dags/avito_to_raw_midraw.py
[2026-08-02T13:41:31.639+0000] {processor.py:914} INFO - Processing file /opt/airflow/dags/avito_to_raw_midraw.py for tasks to queue
[2026-08-02T13:41:31.639+0000] {logging_mixin.py:190} INFO - [2026-08-02T13:41:31.639+0000] {dagbag.py:588} INFO - Filling up the DagBag from /opt/airflow/dags/avito_to_raw_midraw.py
[2026-08-02T13:41:31.646+0000] {processor.py:925} INFO - DAG(s) 'avito_to_raw_midraw' retrieved from /opt/airflow/dags/avito_to_raw_midraw.py
[2026-08-02T13:41:31.661+0000] {logging_mixin.py:190} INFO - [2026-08-02T13:41:31.660+0000] {dag.py:3239} INFO - Sync 1 DAGs
[2026-08-02T13:41:31.669+0000] {logging_mixin.py:190} INFO - [2026-08-02T13:41:31.668+0000] {dag.py:4180} INFO - Setting next_dagrun for avito_to_raw_midraw to 2026-08-02 13:00:00+00:00, run_after=2026-08-02 14:00:00+00:00
[2026-08-02T13:41:31.675+0000] {processor.py:208} INFO - Processing /opt/airflow/dags/avito_to_raw_midraw.py took 0.040 seconds
[2026-08-02T13:42:01.963+0000] {processor.py:186} INFO - Started process (PID=1888) to work on /opt/airflow/dags/avito_to_raw_midraw.py
[2026-08-02T13:42:01.964+0000] {processor.py:914} INFO - Processing file /opt/airflow/dags/avito_to_raw_midraw.py for tasks to queue
[2026-08-02T13:42:01.964+0000] {logging_mixin.py:190} INFO - [2026-08-02T13:42:01.964+0000] {dagbag.py:588} INFO - Filling up the DagBag from /opt/airflow/dags/avito_to_raw_midraw.py
[2026-08-02T13:42:01.971+0000] {processor.py:925} INFO - DAG(s) 'avito_to_raw_midraw' retrieved from /opt/airflow/dags/avito_to_raw_midraw.py
[2026-08-02T13:42:01.985+0000] {logging_mixin.py:190} INFO - [2026-08-02T13:42:01.984+0000] {dag.py:3239} INFO - Sync 1 DAGs
[2026-08-02T13:42:01.993+0000] {logging_mixin.py:190} INFO - [2026-08-02T13:42:01.993+0000] {dag.py:4180} INFO - Setting next_dagrun for avito_to_raw_midraw to 2026-08-02 13:00:00+00:00, run_after=2026-08-02 14:00:00+00:00
[2026-08-02T13:42:01.999+0000] {processor.py:208} INFO - Processing /opt/airflow/dags/avito_to_raw_midraw.py took 0.039 seconds
[2026-08-02T13:42:32.242+0000] {processor.py:186} INFO - Started process (PID=1891) to work on /opt/airflow/dags/avito_to_raw_midraw.py
[2026-08-02T13:42:32.243+0000] {processor.py:914} INFO - Processing file /opt/airflow/dags/avito_to_raw_midraw.py for tasks to queue
[2026-08-02T13:42:32.244+0000] {logging_mixin.py:190} INFO - [2026-08-02T13:42:32.243+0000] {dagbag.py:588} INFO - Filling up the DagBag from /opt/airflow/dags/avito_to_raw_midraw.py
[2026-08-02T13:42:32.251+0000] {processor.py:925} INFO - DAG(s) 'avito_to_raw_midraw' retrieved from /opt/airflow/dags/avito_to_raw_midraw.py
[2026-08-02T13:42:32.265+0000] {logging_mixin.py:190} INFO - [2026-08-02T13:42:32.264+0000] {dag.py:3239} INFO - Sync 1 DAGs
[2026-08-02T13:42:32.273+0000] {logging_mixin.py:190} INFO - [2026-08-02T13:42:32.273+0000] {dag.py:4180} INFO - Setting next_dagrun for avito_to_raw_midraw to 2026-08-02 13:00:00+00:00, run_after=2026-08-02 14:00:00+00:00
[2026-08-02T13:42:32.280+0000] {processor.py:208} INFO - Processing /opt/airflow/dags/avito_to_raw_midraw.py took 0.041 seconds
[2026-08-02T13:43:02.547+0000] {processor.py:186} INFO - Started process (PID=1894) to work on /opt/airflow/dags/avito_to_raw_midraw.py
[2026-08-02T13:43:02.547+0000] {processor.py:914} INFO - Processing file /opt/airflow/dags/avito_to_raw_midraw.py for tasks to queue
[2026-08-02T13:43:02.548+0000] {logging_mixin.py:190} INFO - [2026-08-02T13:43:02.548+0000] {dagbag.py:588} INFO - Filling up the DagBag from /opt/airflow/dags/avito_to_raw_midraw.py
[2026-08-02T13:43:02.555+0000] {processor.py:925} INFO - DAG(s) 'avito_to_raw_midraw' retrieved from /opt/airflow/dags/avito_to_raw_midraw.py
[2026-08-02T13:43:02.568+0000] {logging_mixin.py:190} INFO - [2026-08-02T13:43:02.568+0000] {dag.py:3239} INFO - Sync 1 DAGs
[2026-08-02T13:43:02.577+0000] {logging_mixin.py:190} INFO - [2026-08-02T13:43:02.577+0000] {dag.py:4180} INFO - Setting next_dagrun for avito_to_raw_midraw to 2026-08-02 13:00:00+00:00, run_after=2026-08-02 14:00:00+00:00
[2026-08-02T13:43:02.583+0000] {processor.py:208} INFO - Processing /opt/airflow/dags/avito_to_raw_midraw.py took 0.040 seconds
[2026-08-02T13:44:50.185+0000] {processor.py:186} INFO - Started process (PID=1897) to work on /opt/airflow/dags/avito_to_raw_midraw.py
[2026-08-02T13:44:50.185+0000] {processor.py:914} INFO - Processing file /opt/airflow/dags/avito_to_raw_midraw.py for tasks to queue
[2026-08-02T13:44:50.186+0000] {logging_mixin.py:190} INFO - [2026-08-02T13:44:50.186+0000] {dagbag.py:588} INFO - Filling up the DagBag from /opt/airflow/dags/avito_to_raw_midraw.py
[2026-08-02T13:44:50.194+0000] {processor.py:925} INFO - DAG(s) 'avito_to_raw_midraw' retrieved from /opt/airflow/dags/avito_to_raw_midraw.py
[2026-08-02T13:44:50.207+0000] {logging_mixin.py:190} INFO - [2026-08-02T13:44:50.207+0000] {dag.py:3239} INFO - Sync 1 DAGs
[2026-08-02T13:44:50.219+0000] {logging_mixin.py:190} INFO - [2026-08-02T13:44:50.219+0000] {dag.py:4180} INFO - Setting next_dagrun for avito_to_raw_midraw to 2026-08-02 13:00:00+00:00, run_after=2026-08-02 14:00:00+00:00
[2026-08-02T13:44:50.227+0000] {processor.py:208} INFO - Processing /opt/airflow/dags/avito_to_raw_midraw.py took 0.045 seconds
[2026-08-02T13:45:20.432+0000] {processor.py:186} INFO - Started process (PID=1900) to work on /opt/airflow/dags/avito_to_raw_midraw.py
[2026-08-02T13:45:20.432+0000] {processor.py:914} INFO - Processing file /opt/airflow/dags/avito_to_raw_midraw.py for tasks to queue
[2026-08-02T13:45:20.433+0000] {logging_mixin.py:190} INFO - [2026-08-02T13:45:20.433+0000] {dagbag.py:588} INFO - Filling up the DagBag from /opt/airflow/dags/avito_to_raw_midraw.py
[2026-08-02T13:45:20.440+0000] {processor.py:925} INFO - DAG(s) 'avito_to_raw_midraw' retrieved from /opt/airflow/dags/avito_to_raw_midraw.py
[2026-08-02T13:45:20.455+0000] {logging_mixin.py:190} INFO - [2026-08-02T13:45:20.454+0000] {dag.py:3239} INFO - Sync 1 DAGs
[2026-08-02T13:45:20.463+0000] {logging_mixin.py:190} INFO - [2026-08-02T13:45:20.463+0000] {dag.py:4180} INFO - Setting next_dagrun for avito_to_raw_midraw to 2026-08-02 13:00:00+00:00, run_after=2026-08-02 14:00:00+00:00
[2026-08-02T13:45:20.469+0000] {processor.py:208} INFO - Processing /opt/airflow/dags/avito_to_raw_midraw.py took 0.041 seconds
[2026-08-02T13:45:50.726+0000] {processor.py:186} INFO - Started process (PID=1903) to work on /opt/airflow/dags/avito_to_raw_midraw.py
[2026-08-02T13:45:50.727+0000] {processor.py:914} INFO - Processing file /opt/airflow/dags/avito_to_raw_midraw.py for tasks to queue
[2026-08-02T13:45:50.727+0000] {logging_mixin.py:190} INFO - [2026-08-02T13:45:50.727+0000] {dagbag.py:588} INFO - Filling up the DagBag from /opt/airflow/dags/avito_to_raw_midraw.py
[2026-08-02T13:45:50.735+0000] {processor.py:925} INFO - DAG(s) 'avito_to_raw_midraw' retrieved from /opt/airflow/dags/avito_to_raw_midraw.py
[2026-08-02T13:45:50.748+0000] {logging_mixin.py:190} INFO - [2026-08-02T13:45:50.748+0000] {dag.py:3239} INFO - Sync 1 DAGs
[2026-08-02T13:45:50.757+0000] {logging_mixin.py:190} INFO - [2026-08-02T13:45:50.757+0000] {dag.py:4180} INFO - Setting next_dagrun for avito_to_raw_midraw to 2026-08-02 13:00:00+00:00, run_after=2026-08-02 14:00:00+00:00
[2026-08-02T13:45:50.763+0000] {processor.py:208} INFO - Processing /opt/airflow/dags/avito_to_raw_midraw.py took 0.040 seconds
[2026-08-02T13:46:20.997+0000] {processor.py:186} INFO - Started process (PID=1906) to work on /opt/airflow/dags/avito_to_raw_midraw.py
[2026-08-02T13:46:20.997+0000] {processor.py:914} INFO - Processing file /opt/airflow/dags/avito_to_raw_midraw.py for tasks to queue
[2026-08-02T13:46:20.998+0000] {logging_mixin.py:190} INFO - [2026-08-02T13:46:20.998+0000] {dagbag.py:588} INFO - Filling up the DagBag from /opt/airflow/dags/avito_to_raw_midraw.py
[2026-08-02T13:46:21.005+0000] {processor.py:925} INFO - DAG(s) 'avito_to_raw_midraw' retrieved from /opt/airflow/dags/avito_to_raw_midraw.py
[2026-08-02T13:46:21.019+0000] {logging_mixin.py:190} INFO - [2026-08-02T13:46:21.019+0000] {dag.py:3239} INFO - Sync 1 DAGs
[2026-08-02T13:46:21.028+0000] {logging_mixin.py:190} INFO - [2026-08-02T13:46:21.027+0000] {dag.py:4180} INFO - Setting next_dagrun for avito_to_raw_midraw to 2026-08-02 13:00:00+00:00, run_after=2026-08-02 14:00:00+00:00
[2026-08-02T13:46:21.034+0000] {processor.py:208} INFO - Processing /opt/airflow/dags/avito_to_raw_midraw.py took 0.040 seconds
[2026-08-02T13:46:58.020+0000] {processor.py:186} INFO - Started process (PID=1909) to work on /opt/airflow/dags/avito_to_raw_midraw.py
[2026-08-02T13:46:58.021+0000] {processor.py:914} INFO - Processing file /opt/airflow/dags/avito_to_raw_midraw.py for tasks to queue
[2026-08-02T13:46:58.022+0000] {logging_mixin.py:190} INFO - [2026-08-02T13:46:58.021+0000] {dagbag.py:588} INFO - Filling up the DagBag from /opt/airflow/dags/avito_to_raw_midraw.py
[2026-08-02T13:46:58.028+0000] {processor.py:925} INFO - DAG(s) 'avito_to_raw_midraw' retrieved from /opt/airflow/dags/avito_to_raw_midraw.py
[2026-08-02T13:46:58.042+0000] {logging_mixin.py:190} INFO - [2026-08-02T13:46:58.042+0000] {dag.py:3239} INFO - Sync 1 DAGs
[2026-08-02T13:46:58.053+0000] {logging_mixin.py:190} INFO - [2026-08-02T13:46:58.053+0000] {dag.py:4180} INFO - Setting next_dagrun for avito_to_raw_midraw to 2026-08-02 13:00:00+00:00, run_after=2026-08-02 14:00:00+00:00
[2026-08-02T13:46:58.061+0000] {processor.py:208} INFO - Processing /opt/airflow/dags/avito_to_raw_midraw.py took 0.046 seconds
[2026-08-02T13:47:28.683+0000] {processor.py:186} INFO - Started process (PID=1912) to work on /opt/airflow/dags/avito_to_raw_midraw.py
[2026-08-02T13:47:28.684+0000] {processor.py:914} INFO - Processing file /opt/airflow/dags/avito_to_raw_midraw.py for tasks to queue
[2026-08-02T13:47:28.685+0000] {logging_mixin.py:190} INFO - [2026-08-02T13:47:28.684+0000] {dagbag.py:588} INFO - Filling up the DagBag from /opt/airflow/dags/avito_to_raw_midraw.py
[2026-08-02T13:47:28.692+0000] {processor.py:925} INFO - DAG(s) 'avito_to_raw_midraw' retrieved from /opt/airflow/dags/avito_to_raw_midraw.py
[2026-08-02T13:47:28.706+0000] {logging_mixin.py:190} INFO - [2026-08-02T13:47:28.706+0000] {dag.py:3239} INFO - Sync 1 DAGs
[2026-08-02T13:47:28.716+0000] {logging_mixin.py:190} INFO - [2026-08-02T13:47:28.716+0000] {dag.py:4180} INFO - Setting next_dagrun for avito_to_raw_midraw to 2026-08-02 13:00:00+00:00, run_after=2026-08-02 14:00:00+00:00
[2026-08-02T13:47:28.723+0000] {processor.py:208} INFO - Processing /opt/airflow/dags/avito_to_raw_midraw.py took 0.044 seconds
[2026-08-02T13:47:59.055+0000] {processor.py:186} INFO - Started process (PID=1915) to work on /opt/airflow/dags/avito_to_raw_midraw.py
[2026-08-02T13:47:59.056+0000] {processor.py:914} INFO - Processing file /opt/airflow/dags/avito_to_raw_midraw.py for tasks to queue
[2026-08-02T13:47:59.056+0000] {logging_mixin.py:190} INFO - [2026-08-02T13:47:59.056+0000] {dagbag.py:588} INFO - Filling up the DagBag from /opt/airflow/dags/avito_to_raw_midraw.py
[2026-08-02T13:47:59.064+0000] {processor.py:925} INFO - DAG(s) 'avito_to_raw_midraw' retrieved from /opt/airflow/dags/avito_to_raw_midraw.py
[2026-08-02T13:47:59.078+0000] {logging_mixin.py:190} INFO - [2026-08-02T13:47:59.078+0000] {dag.py:3239} INFO - Sync 1 DAGs
[2026-08-02T13:47:59.087+0000] {logging_mixin.py:190} INFO - [2026-08-02T13:47:59.087+0000] {dag.py:4180} INFO - Setting next_dagrun for avito_to_raw_midraw to 2026-08-02 13:00:00+00:00, run_after=2026-08-02 14:00:00+00:00
[2026-08-02T13:47:59.093+0000] {processor.py:208} INFO - Processing /opt/airflow/dags/avito_to_raw_midraw.py took 0.042 seconds
[2026-08-02T13:48:29.412+0000] {processor.py:186} INFO - Started process (PID=1918) to work on /opt/airflow/dags/avito_to_raw_midraw.py
[2026-08-02T13:48:29.412+0000] {processor.py:914} INFO - Processing file /opt/airflow/dags/avito_to_raw_midraw.py for tasks to queue
[2026-08-02T13:48:29.413+0000] {logging_mixin.py:190} INFO - [2026-08-02T13:48:29.413+0000] {dagbag.py:588} INFO - Filling up the DagBag from /opt/airflow/dags/avito_to_raw_midraw.py
[2026-08-02T13:48:29.421+0000] {processor.py:925} INFO - DAG(s) 'avito_to_raw_midraw' retrieved from /opt/airflow/dags/avito_to_raw_midraw.py
[2026-08-02T13:48:29.436+0000] {logging_mixin.py:190} INFO - [2026-08-02T13:48:29.435+0000] {dag.py:3239} INFO - Sync 1 DAGs
[2026-08-02T13:48:29.445+0000] {logging_mixin.py:190} INFO - [2026-08-02T13:48:29.445+0000] {dag.py:4180} INFO - Setting next_dagrun for avito_to_raw_midraw to 2026-08-02 13:00:00+00:00, run_after=2026-08-02 14:00:00+00:00
[2026-08-02T13:48:29.452+0000] {processor.py:208} INFO - Processing /opt/airflow/dags/avito_to_raw_midraw.py took 0.045 seconds
[2026-08-02T13:48:59.818+0000] {processor.py:186} INFO - Started process (PID=1921) to work on /opt/airflow/dags/avito_to_raw_midraw.py
[2026-08-02T13:48:59.819+0000] {processor.py:914} INFO - Processing file /opt/airflow/dags/avito_to_raw_midraw.py for tasks to queue
[2026-08-02T13:48:59.819+0000] {logging_mixin.py:190} INFO - [2026-08-02T13:48:59.819+0000] {dagbag.py:588} INFO - Filling up the DagBag from /opt/airflow/dags/avito_to_raw_midraw.py
[2026-08-02T13:48:59.827+0000] {processor.py:925} INFO - DAG(s) 'avito_to_raw_midraw' retrieved from /opt/airflow/dags/avito_to_raw_midraw.py
[2026-08-02T13:48:59.841+0000] {logging_mixin.py:190} INFO - [2026-08-02T13:48:59.841+0000] {dag.py:3239} INFO - Sync 1 DAGs
[2026-08-02T13:48:59.850+0000] {logging_mixin.py:190} INFO - [2026-08-02T13:48:59.850+0000] {dag.py:4180} INFO - Setting next_dagrun for avito_to_raw_midraw to 2026-08-02 13:00:00+00:00, run_after=2026-08-02 14:00:00+00:00
[2026-08-02T13:48:59.856+0000] {processor.py:208} INFO - Processing /opt/airflow/dags/avito_to_raw_midraw.py took 0.042 seconds
[2026-08-02T13:49:30.222+0000] {processor.py:186} INFO - Started process (PID=1924) to work on /opt/airflow/dags/avito_to_raw_midraw.py
[2026-08-02T13:49:30.222+0000] {processor.py:914} INFO - Processing file /opt/airflow/dags/avito_to_raw_midraw.py for tasks to queue
[2026-08-02T13:49:30.223+0000] {logging_mixin.py:190} INFO - [2026-08-02T13:49:30.223+0000] {dagbag.py:588} INFO - Filling up the DagBag from /opt/airflow/dags/avito_to_raw_midraw.py
[2026-08-02T13:49:30.231+0000] {processor.py:925} INFO - DAG(s) 'avito_to_raw_midraw' retrieved from /opt/airflow/dags/avito_to_raw_midraw.py
[2026-08-02T13:49:30.246+0000] {logging_mixin.py:190} INFO - [2026-08-02T13:49:30.245+0000] {dag.py:3239} INFO - Sync 1 DAGs
[2026-08-02T13:49:30.255+0000] {logging_mixin.py:190} INFO - [2026-08-02T13:49:30.255+0000] {dag.py:4180} INFO - Setting next_dagrun for avito_to_raw_midraw to 2026-08-02 13:00:00+00:00, run_after=2026-08-02 14:00:00+00:00
[2026-08-02T13:49:30.261+0000] {processor.py:208} INFO - Processing /opt/airflow/dags/avito_to_raw_midraw.py took 0.043 seconds
[2026-08-02T13:50:00.583+0000] {processor.py:186} INFO - Started process (PID=1927) to work on /opt/airflow/dags/avito_to_raw_midraw.py
[2026-08-02T13:50:00.583+0000] {processor.py:914} INFO - Processing file /opt/airflow/dags/avito_to_raw_midraw.py for tasks to queue
[2026-08-02T13:50:00.584+0000] {logging_mixin.py:190} INFO - [2026-08-02T13:50:00.584+0000] {dagbag.py:588} INFO - Filling up the DagBag from /opt/airflow/dags/avito_to_raw_midraw.py
[2026-08-02T13:50:00.591+0000] {processor.py:925} INFO - DAG(s) 'avito_to_raw_midraw' retrieved from /opt/airflow/dags/avito_to_raw_midraw.py
[2026-08-02T13:50:00.607+0000] {logging_mixin.py:190} INFO - [2026-08-02T13:50:00.607+0000] {dag.py:3239} INFO - Sync 1 DAGs
[2026-08-02T13:50:00.617+0000] {logging_mixin.py:190} INFO - [2026-08-02T13:50:00.617+0000] {dag.py:4180} INFO - Setting next_dagrun for avito_to_raw_midraw to 2026-08-02 13:00:00+00:00, run_after=2026-08-02 14:00:00+00:00
[2026-08-02T13:50:00.625+0000] {processor.py:208} INFO - Processing /opt/airflow/dags/avito_to_raw_midraw.py took 0.045 seconds
[2026-08-02T13:50:30.891+0000] {processor.py:186} INFO - Started process (PID=1930) to work on /opt/airflow/dags/avito_to_raw_midraw.py
[2026-08-02T13:50:30.891+0000] {processor.py:914} INFO - Processing file /opt/airflow/dags/avito_to_raw_midraw.py for tasks to queue
[2026-08-02T13:50:30.892+0000] {logging_mixin.py:190} INFO - [2026-08-02T13:50:30.892+0000] {dagbag.py:588} INFO - Filling up the DagBag from /opt/airflow/dags/avito_to_raw_midraw.py
[2026-08-02T13:50:30.899+0000] {processor.py:925} INFO - DAG(s) 'avito_to_raw_midraw' retrieved from /opt/airflow/dags/avito_to_raw_midraw.py
[2026-08-02T13:50:30.913+0000] {logging_mixin.py:190} INFO - [2026-08-02T13:50:30.912+0000] {dag.py:3239} INFO - Sync 1 DAGs
[2026-08-02T13:50:30.922+0000] {logging_mixin.py:190} INFO - [2026-08-02T13:50:30.922+0000] {dag.py:4180} INFO - Setting next_dagrun for avito_to_raw_midraw to 2026-08-02 13:00:00+00:00, run_after=2026-08-02 14:00:00+00:00
[2026-08-02T13:50:30.928+0000] {processor.py:208} INFO - Processing /opt/airflow/dags/avito_to_raw_midraw.py took 0.041 seconds
[2026-08-02T13:51:01.224+0000] {processor.py:186} INFO - Started process (PID=1933) to work on /opt/airflow/dags/avito_to_raw_midraw.py
[2026-08-02T13:51:01.225+0000] {processor.py:914} INFO - Processing file /opt/airflow/dags/avito_to_raw_midraw.py for tasks to queue
[2026-08-02T13:51:01.226+0000] {logging_mixin.py:190} INFO - [2026-08-02T13:51:01.225+0000] {dagbag.py:588} INFO - Filling up the DagBag from /opt/airflow/dags/avito_to_raw_midraw.py
[2026-08-02T13:51:01.233+0000] {processor.py:925} INFO - DAG(s) 'avito_to_raw_midraw' retrieved from /opt/airflow/dags/avito_to_raw_midraw.py
[2026-08-02T13:51:01.250+0000] {logging_mixin.py:190} INFO - [2026-08-02T13:51:01.250+0000] {dag.py:3239} INFO - Sync 1 DAGs
[2026-08-02T13:51:01.259+0000] {logging_mixin.py:190} INFO - [2026-08-02T13:51:01.259+0000] {dag.py:4180} INFO - Setting next_dagrun for avito_to_raw_midraw to 2026-08-02 13:00:00+00:00, run_after=2026-08-02 14:00:00+00:00
[2026-08-02T13:51:01.265+0000] {processor.py:208} INFO - Processing /opt/airflow/dags/avito_to_raw_midraw.py took 0.044 seconds
[2026-08-02T13:51:31.590+0000] {processor.py:186} INFO - Started process (PID=1936) to work on /opt/airflow/dags/avito_to_raw_midraw.py
[2026-08-02T13:51:31.591+0000] {processor.py:914} INFO - Processing file /opt/airflow/dags/avito_to_raw_midraw.py for tasks to queue
[2026-08-02T13:51:31.592+0000] {logging_mixin.py:190} INFO - [2026-08-02T13:51:31.591+0000] {dagbag.py:588} INFO - Filling up the DagBag from /opt/airflow/dags/avito_to_raw_midraw.py
[2026-08-02T13:51:31.599+0000] {processor.py:925} INFO - DAG(s) 'avito_to_raw_midraw' retrieved from /opt/airflow/dags/avito_to_raw_midraw.py
[2026-08-02T13:51:31.613+0000] {logging_mixin.py:190} INFO - [2026-08-02T13:51:31.613+0000] {dag.py:3239} INFO - Sync 1 DAGs
[2026-08-02T13:51:31.622+0000] {logging_mixin.py:190} INFO - [2026-08-02T13:51:31.622+0000] {dag.py:4180} INFO - Setting next_dagrun for avito_to_raw_midraw to 2026-08-02 13:00:00+00:00, run_after=2026-08-02 14:00:00+00:00
[2026-08-02T13:51:31.628+0000] {processor.py:208} INFO - Processing /opt/airflow/dags/avito_to_raw_midraw.py took 0.041 seconds
[2026-08-02T13:52:01.851+0000] {processor.py:186} INFO - Started process (PID=1939) to work on /opt/airflow/dags/avito_to_raw_midraw.py
[2026-08-02T13:52:01.851+0000] {processor.py:914} INFO - Processing file /opt/airflow/dags/avito_to_raw_midraw.py for tasks to queue
[2026-08-02T13:52:01.852+0000] {logging_mixin.py:190} INFO - [2026-08-02T13:52:01.852+0000] {dagbag.py:588} INFO - Filling up the DagBag from /opt/airflow/dags/avito_to_raw_midraw.py
[2026-08-02T13:52:01.858+0000] {processor.py:925} INFO - DAG(s) 'avito_to_raw_midraw' retrieved from /opt/airflow/dags/avito_to_raw_midraw.py
[2026-08-02T13:52:01.871+0000] {logging_mixin.py:190} INFO - [2026-08-02T13:52:01.871+0000] {dag.py:3239} INFO - Sync 1 DAGs
[2026-08-02T13:52:01.880+0000] {logging_mixin.py:190} INFO - [2026-08-02T13:52:01.880+0000] {dag.py:4180} INFO - Setting next_dagrun for avito_to_raw_midraw to 2026-08-02 13:00:00+00:00, run_after=2026-08-02 14:00:00+00:00
[2026-08-02T13:52:01.886+0000] {processor.py:208} INFO - Processing /opt/airflow/dags/avito_to_raw_midraw.py took 0.039 seconds
[2026-08-02T13:52:32.149+0000] {processor.py:186} INFO - Started process (PID=1942) to work on /opt/airflow/dags/avito_to_raw_midraw.py
[2026-08-02T13:52:32.150+0000] {processor.py:914} INFO - Processing file /opt/airflow/dags/avito_to_raw_midraw.py for tasks to queue
[2026-08-02T13:52:32.150+0000] {logging_mixin.py:190} INFO - [2026-08-02T13:52:32.150+0000] {dagbag.py:588} INFO - Filling up the DagBag from /opt/airflow/dags/avito_to_raw_midraw.py
[2026-08-02T13:52:32.158+0000] {processor.py:925} INFO - DAG(s) 'avito_to_raw_midraw' retrieved from /opt/airflow/dags/avito_to_raw_midraw.py
[2026-08-02T13:52:32.172+0000] {logging_mixin.py:190} INFO - [2026-08-02T13:52:32.172+0000] {dag.py:3239} INFO - Sync 1 DAGs
[2026-08-02T13:52:32.181+0000] {logging_mixin.py:190} INFO - [2026-08-02T13:52:32.181+0000] {dag.py:4180} INFO - Setting next_dagrun for avito_to_raw_midraw to 2026-08-02 13:00:00+00:00, run_after=2026-08-02 14:00:00+00:00
[2026-08-02T13:52:32.187+0000] {processor.py:208} INFO - Processing /opt/airflow/dags/avito_to_raw_midraw.py took 0.041 seconds
[2026-08-02T13:53:02.430+0000] {processor.py:186} INFO - Started process (PID=1945) to work on /opt/airflow/dags/avito_to_raw_midraw.py
[2026-08-02T13:53:02.431+0000] {processor.py:914} INFO - Processing file /opt/airflow/dags/avito_to_raw_midraw.py for tasks to queue
[2026-08-02T13:53:02.431+0000] {logging_mixin.py:190} INFO - [2026-08-02T13:53:02.431+0000] {dagbag.py:588} INFO - Filling up the DagBag from /opt/airflow/dags/avito_to_raw_midraw.py
[2026-08-02T13:53:02.438+0000] {processor.py:925} INFO - DAG(s) 'avito_to_raw_midraw' retrieved from /opt/airflow/dags/avito_to_raw_midraw.py
[2026-08-02T13:53:02.451+0000] {logging_mixin.py:190} INFO - [2026-08-02T13:53:02.450+0000] {dag.py:3239} INFO - Sync 1 DAGs
[2026-08-02T13:53:02.459+0000] {logging_mixin.py:190} INFO - [2026-08-02T13:53:02.459+0000] {dag.py:4180} INFO - Setting next_dagrun for avito_to_raw_midraw to 2026-08-02 13:00:00+00:00, run_after=2026-08-02 14:00:00+00:00
[2026-08-02T13:53:02.466+0000] {processor.py:208} INFO - Processing /opt/airflow/dags/avito_to_raw_midraw.py took 0.040 seconds
[2026-08-02T13:53:32.767+0000] {processor.py:186} INFO - Started process (PID=1948) to work on /opt/airflow/dags/avito_to_raw_midraw.py
[2026-08-02T13:53:32.768+0000] {processor.py:914} INFO - Processing file /opt/airflow/dags/avito_to_raw_midraw.py for tasks to queue
[2026-08-02T13:53:32.768+0000] {logging_mixin.py:190} INFO - [2026-08-02T13:53:32.768+0000] {dagbag.py:588} INFO - Filling up the DagBag from /opt/airflow/dags/avito_to_raw_midraw.py
[2026-08-02T13:53:32.778+0000] {processor.py:925} INFO - DAG(s) 'avito_to_raw_midraw' retrieved from /opt/airflow/dags/avito_to_raw_midraw.py
[2026-08-02T13:53:32.792+0000] {logging_mixin.py:190} INFO - [2026-08-02T13:53:32.792+0000] {dag.py:3239} INFO - Sync 1 DAGs
[2026-08-02T13:53:32.802+0000] {logging_mixin.py:190} INFO - [2026-08-02T13:53:32.802+0000] {dag.py:4180} INFO - Setting next_dagrun for avito_to_raw_midraw to 2026-08-02 13:00:00+00:00, run_after=2026-08-02 14:00:00+00:00
[2026-08-02T13:53:32.808+0000] {processor.py:208} INFO - Processing /opt/airflow/dags/avito_to_raw_midraw.py took 0.045 seconds
[2026-08-02T13:55:49.326+0000] {processor.py:186} INFO - Started process (PID=1951) to work on /opt/airflow/dags/avito_to_raw_midraw.py
[2026-08-02T13:55:49.327+0000] {processor.py:914} INFO - Processing file /opt/airflow/dags/avito_to_raw_midraw.py for tasks to queue
[2026-08-02T13:55:49.327+0000] {logging_mixin.py:190} INFO - [2026-08-02T13:55:49.327+0000] {dagbag.py:588} INFO - Filling up the DagBag from /opt/airflow/dags/avito_to_raw_midraw.py
[2026-08-02T13:55:49.334+0000] {processor.py:925} INFO - DAG(s) 'avito_to_raw_midraw' retrieved from /opt/airflow/dags/avito_to_raw_midraw.py
[2026-08-02T13:55:49.346+0000] {logging_mixin.py:190} INFO - [2026-08-02T13:55:49.346+0000] {dag.py:3239} INFO - Sync 1 DAGs
[2026-08-02T13:55:49.355+0000] {logging_mixin.py:190} INFO - [2026-08-02T13:55:49.355+0000] {dag.py:4180} INFO - Setting next_dagrun for avito_to_raw_midraw to 2026-08-02 13:00:00+00:00, run_after=2026-08-02 14:00:00+00:00
[2026-08-02T13:55:49.362+0000] {processor.py:208} INFO - Processing /opt/airflow/dags/avito_to_raw_midraw.py took 0.039 seconds
[2026-08-02T13:56:19.624+0000] {processor.py:186} INFO - Started process (PID=1954) to work on /opt/airflow/dags/avito_to_raw_midraw.py
[2026-08-02T13:56:19.624+0000] {processor.py:914} INFO - Processing file /opt/airflow/dags/avito_to_raw_midraw.py for tasks to queue
[2026-08-02T13:56:19.625+0000] {logging_mixin.py:190} INFO - [2026-08-02T13:56:19.625+0000] {dagbag.py:588} INFO - Filling up the DagBag from /opt/airflow/dags/avito_to_raw_midraw.py
[2026-08-02T13:56:19.632+0000] {processor.py:925} INFO - DAG(s) 'avito_to_raw_midraw' retrieved from /opt/airflow/dags/avito_to_raw_midraw.py
[2026-08-02T13:56:19.646+0000] {logging_mixin.py:190} INFO - [2026-08-02T13:56:19.646+0000] {dag.py:3239} INFO - Sync 1 DAGs
[2026-08-02T13:56:19.654+0000] {logging_mixin.py:190} INFO - [2026-08-02T13:56:19.654+0000] {dag.py:4180} INFO - Setting next_dagrun for avito_to_raw_midraw to 2026-08-02 13:00:00+00:00, run_after=2026-08-02 14:00:00+00:00
[2026-08-02T13:56:19.660+0000] {processor.py:208} INFO - Processing /opt/airflow/dags/avito_to_raw_midraw.py took 0.040 seconds
[2026-08-02T13:56:49.907+0000] {processor.py:186} INFO - Started process (PID=1957) to work on /opt/airflow/dags/avito_to_raw_midraw.py
[2026-08-02T13:56:49.908+0000] {processor.py:914} INFO - Processing file /opt/airflow/dags/avito_to_raw_midraw.py for tasks to queue
[2026-08-02T13:56:49.909+0000] {logging_mixin.py:190} INFO - [2026-08-02T13:56:49.908+0000] {dagbag.py:588} INFO - Filling up the DagBag from /opt/airflow/dags/avito_to_raw_midraw.py
[2026-08-02T13:56:49.915+0000] {processor.py:925} INFO - DAG(s) 'avito_to_raw_midraw' retrieved from /opt/airflow/dags/avito_to_raw_midraw.py
[2026-08-02T13:56:49.929+0000] {logging_mixin.py:190} INFO - [2026-08-02T13:56:49.929+0000] {dag.py:3239} INFO - Sync 1 DAGs
[2026-08-02T13:56:49.938+0000] {logging_mixin.py:190} INFO - [2026-08-02T13:56:49.938+0000] {dag.py:4180} INFO - Setting next_dagrun for avito_to_raw_midraw to 2026-08-02 13:00:00+00:00, run_after=2026-08-02 14:00:00+00:00
[2026-08-02T13:56:49.944+0000] {processor.py:208} INFO - Processing /opt/airflow/dags/avito_to_raw_midraw.py took 0.041 seconds
[2026-08-02T13:57:20.174+0000] {processor.py:186} INFO - Started process (PID=1960) to work on /opt/airflow/dags/avito_to_raw_midraw.py
[2026-08-02T13:57:20.175+0000] {processor.py:914} INFO - Processing file /opt/airflow/dags/avito_to_raw_midraw.py for tasks to queue
[2026-08-02T13:57:20.175+0000] {logging_mixin.py:190} INFO - [2026-08-02T13:57:20.175+0000] {dagbag.py:588} INFO - Filling up the DagBag from /opt/airflow/dags/avito_to_raw_midraw.py
[2026-08-02T13:57:20.183+0000] {processor.py:925} INFO - DAG(s) 'avito_to_raw_midraw' retrieved from /opt/airflow/dags/avito_to_raw_midraw.py
[2026-08-02T13:57:20.197+0000] {logging_mixin.py:190} INFO - [2026-08-02T13:57:20.196+0000] {dag.py:3239} INFO - Sync 1 DAGs
[2026-08-02T13:57:20.205+0000] {logging_mixin.py:190} INFO - [2026-08-02T13:57:20.205+0000] {dag.py:4180} INFO - Setting next_dagrun for avito_to_raw_midraw to 2026-08-02 13:00:00+00:00, run_after=2026-08-02 14:00:00+00:00
[2026-08-02T13:57:20.211+0000] {processor.py:208} INFO - Processing /opt/airflow/dags/avito_to_raw_midraw.py took 0.041 seconds
[2026-08-02T13:57:50.474+0000] {processor.py:186} INFO - Started process (PID=1963) to work on /opt/airflow/dags/avito_to_raw_midraw.py
[2026-08-02T13:57:50.475+0000] {processor.py:914} INFO - Processing file /opt/airflow/dags/avito_to_raw_midraw.py for tasks to queue
[2026-08-02T13:57:50.475+0000] {logging_mixin.py:190} INFO - [2026-08-02T13:57:50.475+0000] {dagbag.py:588} INFO - Filling up the DagBag from /opt/airflow/dags/avito_to_raw_midraw.py
[2026-08-02T13:57:50.482+0000] {processor.py:925} INFO - DAG(s) 'avito_to_raw_midraw' retrieved from /opt/airflow/dags/avito_to_raw_midraw.py
[2026-08-02T13:57:50.495+0000] {logging_mixin.py:190} INFO - [2026-08-02T13:57:50.494+0000] {dag.py:3239} INFO - Sync 1 DAGs
[2026-08-02T13:57:50.504+0000] {logging_mixin.py:190} INFO - [2026-08-02T13:57:50.504+0000] {dag.py:4180} INFO - Setting next_dagrun for avito_to_raw_midraw to 2026-08-02 13:00:00+00:00, run_after=2026-08-02 14:00:00+00:00
[2026-08-02T13:57:50.510+0000] {processor.py:208} INFO - Processing /opt/airflow/dags/avito_to_raw_midraw.py took 0.039 seconds
[2026-08-02T13:58:20.828+0000] {processor.py:186} INFO - Started process (PID=1966) to work on /opt/airflow/dags/avito_to_raw_midraw.py
[2026-08-02T13:58:20.828+0000] {processor.py:914} INFO - Processing file /opt/airflow/dags/avito_to_raw_midraw.py for tasks to queue
[2026-08-02T13:58:20.829+0000] {logging_mixin.py:190} INFO - [2026-08-02T13:58:20.829+0000] {dagbag.py:588} INFO - Filling up the DagBag from /opt/airflow/dags/avito_to_raw_midraw.py
[2026-08-02T13:58:20.837+0000] {processor.py:925} INFO - DAG(s) 'avito_to_raw_midraw' retrieved from /opt/airflow/dags/avito_to_raw_midraw.py
[2026-08-02T13:58:20.852+0000] {logging_mixin.py:190} INFO - [2026-08-02T13:58:20.852+0000] {dag.py:3239} INFO - Sync 1 DAGs
[2026-08-02T13:58:20.861+0000] {logging_mixin.py:190} INFO - [2026-08-02T13:58:20.861+0000] {dag.py:4180} INFO - Setting next_dagrun for avito_to_raw_midraw to 2026-08-02 13:00:00+00:00, run_after=2026-08-02 14:00:00+00:00
[2026-08-02T13:58:20.867+0000] {processor.py:208} INFO - Processing /opt/airflow/dags/avito_to_raw_midraw.py took 0.043 seconds
[2026-08-02T13:58:51.132+0000] {processor.py:186} INFO - Started process (PID=1969) to work on /opt/airflow/dags/avito_to_raw_midraw.py
[2026-08-02T13:58:51.133+0000] {processor.py:914} INFO - Processing file /opt/airflow/dags/avito_to_raw_midraw.py for tasks to queue
[2026-08-02T13:58:51.133+0000] {logging_mixin.py:190} INFO - [2026-08-02T13:58:51.133+0000] {dagbag.py:588} INFO - Filling up the DagBag from /opt/airflow/dags/avito_to_raw_midraw.py
[2026-08-02T13:58:51.140+0000] {processor.py:925} INFO - DAG(s) 'avito_to_raw_midraw' retrieved from /opt/airflow/dags/avito_to_raw_midraw.py
[2026-08-02T13:58:51.153+0000] {logging_mixin.py:190} INFO - [2026-08-02T13:58:51.152+0000] {dag.py:3239} INFO - Sync 1 DAGs
[2026-08-02T13:58:51.161+0000] {logging_mixin.py:190} INFO - [2026-08-02T13:58:51.161+0000] {dag.py:4180} INFO - Setting next_dagrun for avito_to_raw_midraw to 2026-08-02 13:00:00+00:00, run_after=2026-08-02 14:00:00+00:00
[2026-08-02T13:58:51.167+0000] {processor.py:208} INFO - Processing /opt/airflow/dags/avito_to_raw_midraw.py took 0.039 seconds
[2026-08-02T13:59:21.454+0000] {processor.py:186} INFO - Started process (PID=1972) to work on /opt/airflow/dags/avito_to_raw_midraw.py
[2026-08-02T13:59:21.454+0000] {processor.py:914} INFO - Processing file /opt/airflow/dags/avito_to_raw_midraw.py for tasks to queue
[2026-08-02T13:59:21.455+0000] {logging_mixin.py:190} INFO - [2026-08-02T13:59:21.455+0000] {dagbag.py:588} INFO - Filling up the DagBag from /opt/airflow/dags/avito_to_raw_midraw.py
[2026-08-02T13:59:21.462+0000] {processor.py:925} INFO - DAG(s) 'avito_to_raw_midraw' retrieved from /opt/airflow/dags/avito_to_raw_midraw.py
[2026-08-02T13:59:21.478+0000] {logging_mixin.py:190} INFO - [2026-08-02T13:59:21.478+0000] {dag.py:3239} INFO - Sync 1 DAGs
[2026-08-02T13:59:21.488+0000] {logging_mixin.py:190} INFO - [2026-08-02T13:59:21.488+0000] {dag.py:4180} INFO - Setting next_dagrun for avito_to_raw_midraw to 2026-08-02 13:00:00+00:00, run_after=2026-08-02 14:00:00+00:00
[2026-08-02T13:59:21.496+0000] {processor.py:208} INFO - Processing /opt/airflow/dags/avito_to_raw_midraw.py took 0.046 seconds
[2026-08-02T13:59:51.798+0000] {processor.py:186} INFO - Started process (PID=1975) to work on /opt/airflow/dags/avito_to_raw_midraw.py
[2026-08-02T13:59:51.798+0000] {processor.py:914} INFO - Processing file /opt/airflow/dags/avito_to_raw_midraw.py for tasks to queue
[2026-08-02T13:59:51.799+0000] {logging_mixin.py:190} INFO - [2026-08-02T13:59:51.799+0000] {dagbag.py:588} INFO - Filling up the DagBag from /opt/airflow/dags/avito_to_raw_midraw.py
[2026-08-02T13:59:51.806+0000] {processor.py:925} INFO - DAG(s) 'avito_to_raw_midraw' retrieved from /opt/airflow/dags/avito_to_raw_midraw.py
[2026-08-02T13:59:51.821+0000] {logging_mixin.py:190} INFO - [2026-08-02T13:59:51.821+0000] {dag.py:3239} INFO - Sync 1 DAGs
[2026-08-02T13:59:51.831+0000] {logging_mixin.py:190} INFO - [2026-08-02T13:59:51.831+0000] {dag.py:4180} INFO - Setting next_dagrun for avito_to_raw_midraw to 2026-08-02 13:00:00+00:00, run_after=2026-08-02 14:00:00+00:00
[2026-08-02T13:59:51.839+0000] {processor.py:208} INFO - Processing /opt/airflow/dags/avito_to_raw_midraw.py took 0.045 seconds
[2026-08-02T14:00:22.090+0000] {processor.py:186} INFO - Started process (PID=1978) to work on /opt/airflow/dags/avito_to_raw_midraw.py
[2026-08-02T14:00:22.090+0000] {processor.py:914} INFO - Processing file /opt/airflow/dags/avito_to_raw_midraw.py for tasks to queue
[2026-08-02T14:00:22.091+0000] {logging_mixin.py:190} INFO - [2026-08-02T14:00:22.091+0000] {dagbag.py:588} INFO - Filling up the DagBag from /opt/airflow/dags/avito_to_raw_midraw.py
[2026-08-02T14:00:22.097+0000] {processor.py:925} INFO - DAG(s) 'avito_to_raw_midraw' retrieved from /opt/airflow/dags/avito_to_raw_midraw.py
[2026-08-02T14:00:22.111+0000] {logging_mixin.py:190} INFO - [2026-08-02T14:00:22.110+0000] {dag.py:3239} INFO - Sync 1 DAGs
[2026-08-02T14:00:22.120+0000] {logging_mixin.py:190} INFO - [2026-08-02T14:00:22.119+0000] {dag.py:4180} INFO - Setting next_dagrun for avito_to_raw_midraw to 2026-08-02 14:00:00+00:00, run_after=2026-08-02 15:00:00+00:00
[2026-08-02T14:00:22.127+0000] {processor.py:208} INFO - Processing /opt/airflow/dags/avito_to_raw_midraw.py took 0.041 seconds
[2026-08-02T14:00:52.392+0000] {processor.py:186} INFO - Started process (PID=1981) to work on /opt/airflow/dags/avito_to_raw_midraw.py
[2026-08-02T14:00:52.392+0000] {processor.py:914} INFO - Processing file /opt/airflow/dags/avito_to_raw_midraw.py for tasks to queue
[2026-08-02T14:00:52.392+0000] {logging_mixin.py:190} INFO - [2026-08-02T14:00:52.392+0000] {dagbag.py:588} INFO - Filling up the DagBag from /opt/airflow/dags/avito_to_raw_midraw.py
[2026-08-02T14:00:52.401+0000] {processor.py:925} INFO - DAG(s) 'avito_to_raw_midraw' retrieved from /opt/airflow/dags/avito_to_raw_midraw.py
[2026-08-02T14:00:52.415+0000] {logging_mixin.py:190} INFO - [2026-08-02T14:00:52.415+0000] {dag.py:3239} INFO - Sync 1 DAGs
[2026-08-02T14:00:52.425+0000] {logging_mixin.py:190} INFO - [2026-08-02T14:00:52.425+0000] {dag.py:4180} INFO - Setting next_dagrun for avito_to_raw_midraw to 2026-08-02 14:00:00+00:00, run_after=2026-08-02 15:00:00+00:00
[2026-08-02T14:00:52.432+0000] {processor.py:208} INFO - Processing /opt/airflow/dags/avito_to_raw_midraw.py took 0.044 seconds
[2026-08-02T14:01:22.689+0000] {processor.py:186} INFO - Started process (PID=1984) to work on /opt/airflow/dags/avito_to_raw_midraw.py
[2026-08-02T14:01:22.690+0000] {processor.py:914} INFO - Processing file /opt/airflow/dags/avito_to_raw_midraw.py for tasks to queue
[2026-08-02T14:01:22.690+0000] {logging_mixin.py:190} INFO - [2026-08-02T14:01:22.690+0000] {dagbag.py:588} INFO - Filling up the DagBag from /opt/airflow/dags/avito_to_raw_midraw.py
[2026-08-02T14:01:22.698+0000] {processor.py:925} INFO - DAG(s) 'avito_to_raw_midraw' retrieved from /opt/airflow/dags/avito_to_raw_midraw.py
[2026-08-02T14:01:22.715+0000] {logging_mixin.py:190} INFO - [2026-08-02T14:01:22.714+0000] {dag.py:3239} INFO - Sync 1 DAGs
[2026-08-02T14:01:22.729+0000] {logging_mixin.py:190} INFO - [2026-08-02T14:01:22.729+0000] {dag.py:4180} INFO - Setting next_dagrun for avito_to_raw_midraw to 2026-08-02 14:00:00+00:00, run_after=2026-08-02 15:00:00+00:00
[2026-08-02T14:01:22.740+0000] {processor.py:208} INFO - Processing /opt/airflow/dags/avito_to_raw_midraw.py took 0.055 seconds
[2026-08-02T14:01:53.003+0000] {processor.py:186} INFO - Started process (PID=1987) to work on /opt/airflow/dags/avito_to_raw_midraw.py
[2026-08-02T14:01:53.003+0000] {processor.py:914} INFO - Processing file /opt/airflow/dags/avito_to_raw_midraw.py for tasks to queue
[2026-08-02T14:01:53.004+0000] {logging_mixin.py:190} INFO - [2026-08-02T14:01:53.004+0000] {dagbag.py:588} INFO - Filling up the DagBag from /opt/airflow/dags/avito_to_raw_midraw.py
[2026-08-02T14:01:53.011+0000] {processor.py:925} INFO - DAG(s) 'avito_to_raw_midraw' retrieved from /opt/airflow/dags/avito_to_raw_midraw.py
[2026-08-02T14:01:53.025+0000] {logging_mixin.py:190} INFO - [2026-08-02T14:01:53.025+0000] {dag.py:3239} INFO - Sync 1 DAGs
[2026-08-02T14:01:53.034+0000] {logging_mixin.py:190} INFO - [2026-08-02T14:01:53.034+0000] {dag.py:4180} INFO - Setting next_dagrun for avito_to_raw_midraw to 2026-08-02 14:00:00+00:00, run_after=2026-08-02 15:00:00+00:00
[2026-08-02T14:01:53.040+0000] {processor.py:208} INFO - Processing /opt/airflow/dags/avito_to_raw_midraw.py took 0.040 seconds
[2026-08-02T14:04:40.950+0000] {processor.py:186} INFO - Started process (PID=1990) to work on /opt/airflow/dags/avito_to_raw_midraw.py
[2026-08-02T14:04:40.952+0000] {processor.py:914} INFO - Processing file /opt/airflow/dags/avito_to_raw_midraw.py for tasks to queue
[2026-08-02T14:04:40.954+0000] {logging_mixin.py:190} INFO - [2026-08-02T14:04:40.953+0000] {dagbag.py:588} INFO - Filling up the DagBag from /opt/airflow/dags/avito_to_raw_midraw.py
[2026-08-02T14:04:40.963+0000] {processor.py:925} INFO - DAG(s) 'avito_to_raw_midraw' retrieved from /opt/airflow/dags/avito_to_raw_midraw.py
[2026-08-02T14:04:40.983+0000] {logging_mixin.py:190} INFO - [2026-08-02T14:04:40.983+0000] {dag.py:3239} INFO - Sync 1 DAGs
[2026-08-02T14:04:40.998+0000] {logging_mixin.py:190} INFO - [2026-08-02T14:04:40.998+0000] {dag.py:4180} INFO - Setting next_dagrun for avito_to_raw_midraw to 2026-08-02 14:00:00+00:00, run_after=2026-08-02 15:00:00+00:00
[2026-08-02T14:04:41.008+0000] {processor.py:208} INFO - Processing /opt/airflow/dags/avito_to_raw_midraw.py took 0.065 seconds
[2026-08-02T14:05:11.314+0000] {processor.py:186} INFO - Started process (PID=1993) to work on /opt/airflow/dags/avito_to_raw_midraw.py
[2026-08-02T14:05:11.315+0000] {processor.py:914} INFO - Processing file /opt/airflow/dags/avito_to_raw_midraw.py for tasks to queue
[2026-08-02T14:05:11.316+0000] {logging_mixin.py:190} INFO - [2026-08-02T14:05:11.315+0000] {dagbag.py:588} INFO - Filling up the DagBag from /opt/airflow/dags/avito_to_raw_midraw.py
[2026-08-02T14:05:11.325+0000] {processor.py:925} INFO - DAG(s) 'avito_to_raw_midraw' retrieved from /opt/airflow/dags/avito_to_raw_midraw.py
[2026-08-02T14:05:11.339+0000] {logging_mixin.py:190} INFO - [2026-08-02T14:05:11.338+0000] {dag.py:3239} INFO - Sync 1 DAGs
[2026-08-02T14:05:11.348+0000] {logging_mixin.py:190} INFO - [2026-08-02T14:05:11.347+0000] {dag.py:4180} INFO - Setting next_dagrun for avito_to_raw_midraw to 2026-08-02 14:00:00+00:00, run_after=2026-08-02 15:00:00+00:00
[2026-08-02T14:05:11.355+0000] {processor.py:208} INFO - Processing /opt/airflow/dags/avito_to_raw_midraw.py took 0.046 seconds
[2026-08-02T14:05:41.616+0000] {processor.py:186} INFO - Started process (PID=1996) to work on /opt/airflow/dags/avito_to_raw_midraw.py
[2026-08-02T14:05:41.616+0000] {processor.py:914} INFO - Processing file /opt/airflow/dags/avito_to_raw_midraw.py for tasks to queue
[2026-08-02T14:05:41.617+0000] {logging_mixin.py:190} INFO - [2026-08-02T14:05:41.617+0000] {dagbag.py:588} INFO - Filling up the DagBag from /opt/airflow/dags/avito_to_raw_midraw.py
[2026-08-02T14:05:41.624+0000] {processor.py:925} INFO - DAG(s) 'avito_to_raw_midraw' retrieved from /opt/airflow/dags/avito_to_raw_midraw.py
[2026-08-02T14:05:41.638+0000] {logging_mixin.py:190} INFO - [2026-08-02T14:05:41.637+0000] {dag.py:3239} INFO - Sync 1 DAGs
[2026-08-02T14:05:41.647+0000] {logging_mixin.py:190} INFO - [2026-08-02T14:05:41.647+0000] {dag.py:4180} INFO - Setting next_dagrun for avito_to_raw_midraw to 2026-08-02 14:00:00+00:00, run_after=2026-08-02 15:00:00+00:00
[2026-08-02T14:05:41.653+0000] {processor.py:208} INFO - Processing /opt/airflow/dags/avito_to_raw_midraw.py took 0.042 seconds
[2026-08-02T14:06:11.987+0000] {processor.py:186} INFO - Started process (PID=1999) to work on /opt/airflow/dags/avito_to_raw_midraw.py
[2026-08-02T14:06:11.988+0000] {processor.py:914} INFO - Processing file /opt/airflow/dags/avito_to_raw_midraw.py for tasks to queue
[2026-08-02T14:06:11.989+0000] {logging_mixin.py:190} INFO - [2026-08-02T14:06:11.988+0000] {dagbag.py:588} INFO - Filling up the DagBag from /opt/airflow/dags/avito_to_raw_midraw.py
[2026-08-02T14:06:11.997+0000] {processor.py:925} INFO - DAG(s) 'avito_to_raw_midraw' retrieved from /opt/airflow/dags/avito_to_raw_midraw.py
[2026-08-02T14:06:12.011+0000] {logging_mixin.py:190} INFO - [2026-08-02T14:06:12.011+0000] {dag.py:3239} INFO - Sync 1 DAGs
[2026-08-02T14:06:12.032+0000] {logging_mixin.py:190} INFO - [2026-08-02T14:06:12.032+0000] {dag.py:4180} INFO - Setting next_dagrun for avito_to_raw_midraw to 2026-08-02 14:00:00+00:00, run_after=2026-08-02 15:00:00+00:00
[2026-08-02T14:06:12.041+0000] {processor.py:208} INFO - Processing /opt/airflow/dags/avito_to_raw_midraw.py took 0.057 seconds
[2026-08-02T14:06:42.339+0000] {processor.py:186} INFO - Started process (PID=2002) to work on /opt/airflow/dags/avito_to_raw_midraw.py
[2026-08-02T14:06:42.339+0000] {processor.py:914} INFO - Processing file /opt/airflow/dags/avito_to_raw_midraw.py for tasks to queue
[2026-08-02T14:06:42.340+0000] {logging_mixin.py:190} INFO - [2026-08-02T14:06:42.340+0000] {dagbag.py:588} INFO - Filling up the DagBag from /opt/airflow/dags/avito_to_raw_midraw.py
[2026-08-02T14:06:42.347+0000] {processor.py:925} INFO - DAG(s) 'avito_to_raw_midraw' retrieved from /opt/airflow/dags/avito_to_raw_midraw.py
[2026-08-02T14:06:42.360+0000] {logging_mixin.py:190} INFO - [2026-08-02T14:06:42.360+0000] {dag.py:3239} INFO - Sync 1 DAGs
[2026-08-02T14:06:42.369+0000] {logging_mixin.py:190} INFO - [2026-08-02T14:06:42.369+0000] {dag.py:4180} INFO - Setting next_dagrun for avito_to_raw_midraw to 2026-08-02 14:00:00+00:00, run_after=2026-08-02 15:00:00+00:00
[2026-08-02T14:06:42.376+0000] {processor.py:208} INFO - Processing /opt/airflow/dags/avito_to_raw_midraw.py took 0.040 seconds
[2026-08-02T14:07:12.625+0000] {processor.py:186} INFO - Started process (PID=2005) to work on /opt/airflow/dags/avito_to_raw_midraw.py
[2026-08-02T14:07:12.626+0000] {processor.py:914} INFO - Processing file /opt/airflow/dags/avito_to_raw_midraw.py for tasks to queue
[2026-08-02T14:07:12.626+0000] {logging_mixin.py:190} INFO - [2026-08-02T14:07:12.626+0000] {dagbag.py:588} INFO - Filling up the DagBag from /opt/airflow/dags/avito_to_raw_midraw.py
[2026-08-02T14:07:12.634+0000] {processor.py:925} INFO - DAG(s) 'avito_to_raw_midraw' retrieved from /opt/airflow/dags/avito_to_raw_midraw.py
[2026-08-02T14:07:12.647+0000] {logging_mixin.py:190} INFO - [2026-08-02T14:07:12.647+0000] {dag.py:3239} INFO - Sync 1 DAGs
[2026-08-02T14:07:12.656+0000] {logging_mixin.py:190} INFO - [2026-08-02T14:07:12.656+0000] {dag.py:4180} INFO - Setting next_dagrun for avito_to_raw_midraw to 2026-08-02 14:00:00+00:00, run_after=2026-08-02 15:00:00+00:00
[2026-08-02T14:07:12.661+0000] {processor.py:208} INFO - Processing /opt/airflow/dags/avito_to_raw_midraw.py took 0.039 seconds
[2026-08-02T14:07:42.956+0000] {processor.py:186} INFO - Started process (PID=2008) to work on /opt/airflow/dags/avito_to_raw_midraw.py
[2026-08-02T14:07:42.957+0000] {processor.py:914} INFO - Processing file /opt/airflow/dags/avito_to_raw_midraw.py for tasks to queue
[2026-08-02T14:07:42.957+0000] {logging_mixin.py:190} INFO - [2026-08-02T14:07:42.957+0000] {dagbag.py:588} INFO - Filling up the DagBag from /opt/airflow/dags/avito_to_raw_midraw.py
[2026-08-02T14:07:42.964+0000] {processor.py:925} INFO - DAG(s) 'avito_to_raw_midraw' retrieved from /opt/airflow/dags/avito_to_raw_midraw.py
[2026-08-02T14:07:42.978+0000] {logging_mixin.py:190} INFO - [2026-08-02T14:07:42.978+0000] {dag.py:3239} INFO - Sync 1 DAGs
[2026-08-02T14:07:42.986+0000] {logging_mixin.py:190} INFO - [2026-08-02T14:07:42.986+0000] {dag.py:4180} INFO - Setting next_dagrun for avito_to_raw_midraw to 2026-08-02 14:00:00+00:00, run_after=2026-08-02 15:00:00+00:00
[2026-08-02T14:07:42.992+0000] {processor.py:208} INFO - Processing /opt/airflow/dags/avito_to_raw_midraw.py took 0.039 seconds
[2026-08-02T14:08:13.277+0000] {processor.py:186} INFO - Started process (PID=2011) to work on /opt/airflow/dags/avito_to_raw_midraw.py
[2026-08-02T14:08:13.278+0000] {processor.py:914} INFO - Processing file /opt/airflow/dags/avito_to_raw_midraw.py for tasks to queue
[2026-08-02T14:08:13.278+0000] {logging_mixin.py:190} INFO - [2026-08-02T14:08:13.278+0000] {dagbag.py:588} INFO - Filling up the DagBag from /opt/airflow/dags/avito_to_raw_midraw.py
[2026-08-02T14:08:13.286+0000] {processor.py:925} INFO - DAG(s) 'avito_to_raw_midraw' retrieved from /opt/airflow/dags/avito_to_raw_midraw.py
[2026-08-02T14:08:13.300+0000] {logging_mixin.py:190} INFO - [2026-08-02T14:08:13.300+0000] {dag.py:3239} INFO - Sync 1 DAGs
[2026-08-02T14:08:13.309+0000] {logging_mixin.py:190} INFO - [2026-08-02T14:08:13.309+0000] {dag.py:4180} INFO - Setting next_dagrun for avito_to_raw_midraw to 2026-08-02 14:00:00+00:00, run_after=2026-08-02 15:00:00+00:00
[2026-08-02T14:08:13.316+0000] {processor.py:208} INFO - Processing /opt/airflow/dags/avito_to_raw_midraw.py took 0.042 seconds
[2026-08-02T14:08:43.582+0000] {processor.py:186} INFO - Started process (PID=2014) to work on /opt/airflow/dags/avito_to_raw_midraw.py
[2026-08-02T14:08:43.583+0000] {processor.py:914} INFO - Processing file /opt/airflow/dags/avito_to_raw_midraw.py for tasks to queue
[2026-08-02T14:08:43.584+0000] {logging_mixin.py:190} INFO - [2026-08-02T14:08:43.584+0000] {dagbag.py:588} INFO - Filling up the DagBag from /opt/airflow/dags/avito_to_raw_midraw.py
[2026-08-02T14:08:43.594+0000] {processor.py:925} INFO - DAG(s) 'avito_to_raw_midraw' retrieved from /opt/airflow/dags/avito_to_raw_midraw.py
[2026-08-02T14:08:43.611+0000] {logging_mixin.py:190} INFO - [2026-08-02T14:08:43.610+0000] {dag.py:3239} INFO - Sync 1 DAGs
[2026-08-02T14:08:43.620+0000] {logging_mixin.py:190} INFO - [2026-08-02T14:08:43.620+0000] {dag.py:4180} INFO - Setting next_dagrun for avito_to_raw_midraw to 2026-08-02 14:00:00+00:00, run_after=2026-08-02 15:00:00+00:00
[2026-08-02T14:08:43.627+0000] {processor.py:208} INFO - Processing /opt/airflow/dags/avito_to_raw_midraw.py took 0.050 seconds
[2026-08-02T14:09:14.023+0000] {processor.py:186} INFO - Started process (PID=2017) to work on /opt/airflow/dags/avito_to_raw_midraw.py
[2026-08-02T14:09:14.024+0000] {processor.py:914} INFO - Processing file /opt/airflow/dags/avito_to_raw_midraw.py for tasks to queue
[2026-08-02T14:09:14.025+0000] {logging_mixin.py:190} INFO - [2026-08-02T14:09:14.024+0000] {dagbag.py:588} INFO - Filling up the DagBag from /opt/airflow/dags/avito_to_raw_midraw.py
[2026-08-02T14:09:14.032+0000] {processor.py:925} INFO - DAG(s) 'avito_to_raw_midraw' retrieved from /opt/airflow/dags/avito_to_raw_midraw.py
[2026-08-02T14:09:14.047+0000] {logging_mixin.py:190} INFO - [2026-08-02T14:09:14.047+0000] {dag.py:3239} INFO - Sync 1 DAGs
[2026-08-02T14:09:14.057+0000] {logging_mixin.py:190} INFO - [2026-08-02T14:09:14.057+0000] {dag.py:4180} INFO - Setting next_dagrun for avito_to_raw_midraw to 2026-08-02 14:00:00+00:00, run_after=2026-08-02 15:00:00+00:00
[2026-08-02T14:09:14.064+0000] {processor.py:208} INFO - Processing /opt/airflow/dags/avito_to_raw_midraw.py took 0.048 seconds
[2026-08-02T14:09:44.490+0000] {processor.py:186} INFO - Started process (PID=2020) to work on /opt/airflow/dags/avito_to_raw_midraw.py
[2026-08-02T14:09:44.491+0000] {processor.py:914} INFO - Processing file /opt/airflow/dags/avito_to_raw_midraw.py for tasks to queue
[2026-08-02T14:09:44.492+0000] {logging_mixin.py:190} INFO - [2026-08-02T14:09:44.492+0000] {dagbag.py:588} INFO - Filling up the DagBag from /opt/airflow/dags/avito_to_raw_midraw.py
[2026-08-02T14:09:44.504+0000] {processor.py:925} INFO - DAG(s) 'avito_to_raw_midraw' retrieved from /opt/airflow/dags/avito_to_raw_midraw.py
[2026-08-02T14:09:44.597+0000] {logging_mixin.py:190} INFO - [2026-08-02T14:09:44.596+0000] {dag.py:3239} INFO - Sync 1 DAGs
[2026-08-02T14:09:44.613+0000] {logging_mixin.py:190} INFO - [2026-08-02T14:09:44.613+0000] {dag.py:4180} INFO - Setting next_dagrun for avito_to_raw_midraw to 2026-08-02 14:00:00+00:00, run_after=2026-08-02 15:00:00+00:00
[2026-08-02T14:09:44.622+0000] {processor.py:208} INFO - Processing /opt/airflow/dags/avito_to_raw_midraw.py took 0.137 seconds
[2026-08-02T14:10:14.771+0000] {processor.py:186} INFO - Started process (PID=2023) to work on /opt/airflow/dags/avito_to_raw_midraw.py
[2026-08-02T14:10:14.771+0000] {processor.py:914} INFO - Processing file /opt/airflow/dags/avito_to_raw_midraw.py for tasks to queue
[2026-08-02T14:10:14.772+0000] {logging_mixin.py:190} INFO - [2026-08-02T14:10:14.772+0000] {dagbag.py:588} INFO - Filling up the DagBag from /opt/airflow/dags/avito_to_raw_midraw.py
[2026-08-02T14:10:14.779+0000] {processor.py:925} INFO - DAG(s) 'avito_to_raw_midraw' retrieved from /opt/airflow/dags/avito_to_raw_midraw.py
[2026-08-02T14:10:14.793+0000] {logging_mixin.py:190} INFO - [2026-08-02T14:10:14.793+0000] {dag.py:3239} INFO - Sync 1 DAGs
[2026-08-02T14:10:14.802+0000] {logging_mixin.py:190} INFO - [2026-08-02T14:10:14.802+0000] {dag.py:4180} INFO - Setting next_dagrun for avito_to_raw_midraw to 2026-08-02 14:00:00+00:00, run_after=2026-08-02 15:00:00+00:00
[2026-08-02T14:10:14.808+0000] {processor.py:208} INFO - Processing /opt/airflow/dags/avito_to_raw_midraw.py took 0.042 seconds
[2026-08-02T14:10:45.112+0000] {processor.py:186} INFO - Started process (PID=2026) to work on /opt/airflow/dags/avito_to_raw_midraw.py
[2026-08-02T14:10:45.113+0000] {processor.py:914} INFO - Processing file /opt/airflow/dags/avito_to_raw_midraw.py for tasks to queue
[2026-08-02T14:10:45.114+0000] {logging_mixin.py:190} INFO - [2026-08-02T14:10:45.113+0000] {dagbag.py:588} INFO - Filling up the DagBag from /opt/airflow/dags/avito_to_raw_midraw.py
[2026-08-02T14:10:45.124+0000] {processor.py:925} INFO - DAG(s) 'avito_to_raw_midraw' retrieved from /opt/airflow/dags/avito_to_raw_midraw.py
[2026-08-02T14:10:45.141+0000] {logging_mixin.py:190} INFO - [2026-08-02T14:10:45.141+0000] {dag.py:3239} INFO - Sync 1 DAGs
[2026-08-02T14:10:45.152+0000] {logging_mixin.py:190} INFO - [2026-08-02T14:10:45.151+0000] {dag.py:4180} INFO - Setting next_dagrun for avito_to_raw_midraw to 2026-08-02 14:00:00+00:00, run_after=2026-08-02 15:00:00+00:00
[2026-08-02T14:10:45.161+0000] {processor.py:208} INFO - Processing /opt/airflow/dags/avito_to_raw_midraw.py took 0.053 seconds
[2026-08-02T14:11:15.504+0000] {processor.py:186} INFO - Started process (PID=2029) to work on /opt/airflow/dags/avito_to_raw_midraw.py
[2026-08-02T14:11:15.504+0000] {processor.py:914} INFO - Processing file /opt/airflow/dags/avito_to_raw_midraw.py for tasks to queue
[2026-08-02T14:11:15.505+0000] {logging_mixin.py:190} INFO - [2026-08-02T14:11:15.505+0000] {dagbag.py:588} INFO - Filling up the DagBag from /opt/airflow/dags/avito_to_raw_midraw.py
[2026-08-02T14:11:15.513+0000] {processor.py:925} INFO - DAG(s) 'avito_to_raw_midraw' retrieved from /opt/airflow/dags/avito_to_raw_midraw.py
[2026-08-02T14:11:15.527+0000] {logging_mixin.py:190} INFO - [2026-08-02T14:11:15.526+0000] {dag.py:3239} INFO - Sync 1 DAGs
[2026-08-02T14:11:15.535+0000] {logging_mixin.py:190} INFO - [2026-08-02T14:11:15.535+0000] {dag.py:4180} INFO - Setting next_dagrun for avito_to_raw_midraw to 2026-08-02 14:00:00+00:00, run_after=2026-08-02 15:00:00+00:00
[2026-08-02T14:11:15.541+0000] {processor.py:208} INFO - Processing /opt/airflow/dags/avito_to_raw_midraw.py took 0.041 seconds
[2026-08-02T14:11:45.782+0000] {processor.py:186} INFO - Started process (PID=2032) to work on /opt/airflow/dags/avito_to_raw_midraw.py
[2026-08-02T14:11:45.783+0000] {processor.py:914} INFO - Processing file /opt/airflow/dags/avito_to_raw_midraw.py for tasks to queue
[2026-08-02T14:11:45.783+0000] {logging_mixin.py:190} INFO - [2026-08-02T14:11:45.783+0000] {dagbag.py:588} INFO - Filling up the DagBag from /opt/airflow/dags/avito_to_raw_midraw.py
[2026-08-02T14:11:45.790+0000] {processor.py:925} INFO - DAG(s) 'avito_to_raw_midraw' retrieved from /opt/airflow/dags/avito_to_raw_midraw.py
[2026-08-02T14:11:45.804+0000] {logging_mixin.py:190} INFO - [2026-08-02T14:11:45.804+0000] {dag.py:3239} INFO - Sync 1 DAGs
[2026-08-02T14:11:45.813+0000] {logging_mixin.py:190} INFO - [2026-08-02T14:11:45.813+0000] {dag.py:4180} INFO - Setting next_dagrun for avito_to_raw_midraw to 2026-08-02 14:00:00+00:00, run_after=2026-08-02 15:00:00+00:00
[2026-08-02T14:11:45.819+0000] {processor.py:208} INFO - Processing /opt/airflow/dags/avito_to_raw_midraw.py took 0.040 seconds
[2026-08-02T14:12:16.093+0000] {processor.py:186} INFO - Started process (PID=2035) to work on /opt/airflow/dags/avito_to_raw_midraw.py
[2026-08-02T14:12:16.094+0000] {processor.py:914} INFO - Processing file /opt/airflow/dags/avito_to_raw_midraw.py for tasks to queue
[2026-08-02T14:12:16.094+0000] {logging_mixin.py:190} INFO - [2026-08-02T14:12:16.094+0000] {dagbag.py:588} INFO - Filling up the DagBag from /opt/airflow/dags/avito_to_raw_midraw.py
[2026-08-02T14:12:16.100+0000] {processor.py:925} INFO - DAG(s) 'avito_to_raw_midraw' retrieved from /opt/airflow/dags/avito_to_raw_midraw.py
[2026-08-02T14:12:16.113+0000] {logging_mixin.py:190} INFO - [2026-08-02T14:12:16.113+0000] {dag.py:3239} INFO - Sync 1 DAGs
[2026-08-02T14:12:16.121+0000] {logging_mixin.py:190} INFO - [2026-08-02T14:12:16.121+0000] {dag.py:4180} INFO - Setting next_dagrun for avito_to_raw_midraw to 2026-08-02 14:00:00+00:00, run_after=2026-08-02 15:00:00+00:00
[2026-08-02T14:12:16.127+0000] {processor.py:208} INFO - Processing /opt/airflow/dags/avito_to_raw_midraw.py took 0.037 seconds
[2026-08-02T14:12:46.379+0000] {processor.py:186} INFO - Started process (PID=2038) to work on /opt/airflow/dags/avito_to_raw_midraw.py
[2026-08-02T14:12:46.380+0000] {processor.py:914} INFO - Processing file /opt/airflow/dags/avito_to_raw_midraw.py for tasks to queue
[2026-08-02T14:12:46.380+0000] {logging_mixin.py:190} INFO - [2026-08-02T14:12:46.380+0000] {dagbag.py:588} INFO - Filling up the DagBag from /opt/airflow/dags/avito_to_raw_midraw.py
[2026-08-02T14:12:46.388+0000] {processor.py:925} INFO - DAG(s) 'avito_to_raw_midraw' retrieved from /opt/airflow/dags/avito_to_raw_midraw.py
[2026-08-02T14:12:46.401+0000] {logging_mixin.py:190} INFO - [2026-08-02T14:12:46.401+0000] {dag.py:3239} INFO - Sync 1 DAGs
[2026-08-02T14:12:46.410+0000] {logging_mixin.py:190} INFO - [2026-08-02T14:12:46.410+0000] {dag.py:4180} INFO - Setting next_dagrun for avito_to_raw_midraw to 2026-08-02 14:00:00+00:00, run_after=2026-08-02 15:00:00+00:00
[2026-08-02T14:12:46.416+0000] {processor.py:208} INFO - Processing /opt/airflow/dags/avito_to_raw_midraw.py took 0.041 seconds
[2026-08-02T14:13:16.670+0000] {processor.py:186} INFO - Started process (PID=2041) to work on /opt/airflow/dags/avito_to_raw_midraw.py
[2026-08-02T14:13:16.671+0000] {processor.py:914} INFO - Processing file /opt/airflow/dags/avito_to_raw_midraw.py for tasks to queue
[2026-08-02T14:13:16.671+0000] {logging_mixin.py:190} INFO - [2026-08-02T14:13:16.671+0000] {dagbag.py:588} INFO - Filling up the DagBag from /opt/airflow/dags/avito_to_raw_midraw.py
[2026-08-02T14:13:16.678+0000] {processor.py:925} INFO - DAG(s) 'avito_to_raw_midraw' retrieved from /opt/airflow/dags/avito_to_raw_midraw.py
[2026-08-02T14:13:16.692+0000] {logging_mixin.py:190} INFO - [2026-08-02T14:13:16.691+0000] {dag.py:3239} INFO - Sync 1 DAGs
[2026-08-02T14:13:16.700+0000] {logging_mixin.py:190} INFO - [2026-08-02T14:13:16.700+0000] {dag.py:4180} INFO - Setting next_dagrun for avito_to_raw_midraw to 2026-08-02 14:00:00+00:00, run_after=2026-08-02 15:00:00+00:00
[2026-08-02T14:13:16.706+0000] {processor.py:208} INFO - Processing /opt/airflow/dags/avito_to_raw_midraw.py took 0.040 seconds
[2026-08-02T14:13:46.978+0000] {processor.py:186} INFO - Started process (PID=2044) to work on /opt/airflow/dags/avito_to_raw_midraw.py
[2026-08-02T14:13:46.979+0000] {processor.py:914} INFO - Processing file /opt/airflow/dags/avito_to_raw_midraw.py for tasks to queue
[2026-08-02T14:13:46.980+0000] {logging_mixin.py:190} INFO - [2026-08-02T14:13:46.979+0000] {dagbag.py:588} INFO - Filling up the DagBag from /opt/airflow/dags/avito_to_raw_midraw.py
[2026-08-02T14:13:46.987+0000] {processor.py:925} INFO - DAG(s) 'avito_to_raw_midraw' retrieved from /opt/airflow/dags/avito_to_raw_midraw.py
[2026-08-02T14:13:47.000+0000] {logging_mixin.py:190} INFO - [2026-08-02T14:13:47.000+0000] {dag.py:3239} INFO - Sync 1 DAGs
[2026-08-02T14:13:47.010+0000] {logging_mixin.py:190} INFO - [2026-08-02T14:13:47.009+0000] {dag.py:4180} INFO - Setting next_dagrun for avito_to_raw_midraw to 2026-08-02 14:00:00+00:00, run_after=2026-08-02 15:00:00+00:00
[2026-08-02T14:13:47.016+0000] {processor.py:208} INFO - Processing /opt/airflow/dags/avito_to_raw_midraw.py took 0.041 seconds
[2026-08-02T14:14:17.355+0000] {processor.py:186} INFO - Started process (PID=2047) to work on /opt/airflow/dags/avito_to_raw_midraw.py
[2026-08-02T14:14:17.355+0000] {processor.py:914} INFO - Processing file /opt/airflow/dags/avito_to_raw_midraw.py for tasks to queue
[2026-08-02T14:14:17.356+0000] {logging_mixin.py:190} INFO - [2026-08-02T14:14:17.356+0000] {dagbag.py:588} INFO - Filling up the DagBag from /opt/airflow/dags/avito_to_raw_midraw.py
[2026-08-02T14:14:17.364+0000] {processor.py:925} INFO - DAG(s) 'avito_to_raw_midraw' retrieved from /opt/airflow/dags/avito_to_raw_midraw.py
[2026-08-02T14:14:17.379+0000] {logging_mixin.py:190} INFO - [2026-08-02T14:14:17.379+0000] {dag.py:3239} INFO - Sync 1 DAGs
[2026-08-02T14:14:17.389+0000] {logging_mixin.py:190} INFO - [2026-08-02T14:14:17.389+0000] {dag.py:4180} INFO - Setting next_dagrun for avito_to_raw_midraw to 2026-08-02 14:00:00+00:00, run_after=2026-08-02 15:00:00+00:00
[2026-08-02T14:14:17.395+0000] {processor.py:208} INFO - Processing /opt/airflow/dags/avito_to_raw_midraw.py took 0.045 seconds
[2026-08-02T14:14:47.815+0000] {processor.py:186} INFO - Started process (PID=2050) to work on /opt/airflow/dags/avito_to_raw_midraw.py
[2026-08-02T14:14:47.815+0000] {processor.py:914} INFO - Processing file /opt/airflow/dags/avito_to_raw_midraw.py for tasks to queue
[2026-08-02T14:14:47.816+0000] {logging_mixin.py:190} INFO - [2026-08-02T14:14:47.816+0000] {dagbag.py:588} INFO - Filling up the DagBag from /opt/airflow/dags/avito_to_raw_midraw.py
[2026-08-02T14:14:47.825+0000] {processor.py:925} INFO - DAG(s) 'avito_to_raw_midraw' retrieved from /opt/airflow/dags/avito_to_raw_midraw.py
[2026-08-02T14:14:47.840+0000] {logging_mixin.py:190} INFO - [2026-08-02T14:14:47.840+0000] {dag.py:3239} INFO - Sync 1 DAGs
[2026-08-02T14:14:47.851+0000] {logging_mixin.py:190} INFO - [2026-08-02T14:14:47.851+0000] {dag.py:4180} INFO - Setting next_dagrun for avito_to_raw_midraw to 2026-08-02 14:00:00+00:00, run_after=2026-08-02 15:00:00+00:00
[2026-08-02T14:14:47.860+0000] {processor.py:208} INFO - Processing /opt/airflow/dags/avito_to_raw_midraw.py took 0.049 seconds
[2026-08-02T14:15:18.269+0000] {processor.py:186} INFO - Started process (PID=2053) to work on /opt/airflow/dags/avito_to_raw_midraw.py
[2026-08-02T14:15:18.270+0000] {processor.py:914} INFO - Processing file /opt/airflow/dags/avito_to_raw_midraw.py for tasks to queue
[2026-08-02T14:15:18.271+0000] {logging_mixin.py:190} INFO - [2026-08-02T14:15:18.270+0000] {dagbag.py:588} INFO - Filling up the DagBag from /opt/airflow/dags/avito_to_raw_midraw.py
[2026-08-02T14:15:18.279+0000] {processor.py:925} INFO - DAG(s) 'avito_to_raw_midraw' retrieved from /opt/airflow/dags/avito_to_raw_midraw.py
[2026-08-02T14:15:18.296+0000] {logging_mixin.py:190} INFO - [2026-08-02T14:15:18.296+0000] {dag.py:3239} INFO - Sync 1 DAGs
[2026-08-02T14:15:18.310+0000] {logging_mixin.py:190} INFO - [2026-08-02T14:15:18.310+0000] {dag.py:4180} INFO - Setting next_dagrun for avito_to_raw_midraw to 2026-08-02 14:00:00+00:00, run_after=2026-08-02 15:00:00+00:00
[2026-08-02T14:15:18.319+0000] {processor.py:208} INFO - Processing /opt/airflow/dags/avito_to_raw_midraw.py took 0.054 seconds
[2026-08-02T14:15:48.952+0000] {processor.py:186} INFO - Started process (PID=2056) to work on /opt/airflow/dags/avito_to_raw_midraw.py
[2026-08-02T14:15:48.953+0000] {processor.py:914} INFO - Processing file /opt/airflow/dags/avito_to_raw_midraw.py for tasks to queue
[2026-08-02T14:15:48.953+0000] {logging_mixin.py:190} INFO - [2026-08-02T14:15:48.953+0000] {dagbag.py:588} INFO - Filling up the DagBag from /opt/airflow/dags/avito_to_raw_midraw.py
[2026-08-02T14:15:48.961+0000] {processor.py:925} INFO - DAG(s) 'avito_to_raw_midraw' retrieved from /opt/airflow/dags/avito_to_raw_midraw.py
[2026-08-02T14:15:48.975+0000] {logging_mixin.py:190} INFO - [2026-08-02T14:15:48.974+0000] {dag.py:3239} INFO - Sync 1 DAGs
[2026-08-02T14:15:48.984+0000] {logging_mixin.py:190} INFO - [2026-08-02T14:15:48.984+0000] {dag.py:4180} INFO - Setting next_dagrun for avito_to_raw_midraw to 2026-08-02 14:00:00+00:00, run_after=2026-08-02 15:00:00+00:00
[2026-08-02T14:15:48.991+0000] {processor.py:208} INFO - Processing /opt/airflow/dags/avito_to_raw_midraw.py took 0.042 seconds
[2026-08-02T14:16:19.364+0000] {processor.py:186} INFO - Started process (PID=2059) to work on /opt/airflow/dags/avito_to_raw_midraw.py
[2026-08-02T14:16:19.365+0000] {processor.py:914} INFO - Processing file /opt/airflow/dags/avito_to_raw_midraw.py for tasks to queue
[2026-08-02T14:16:19.366+0000] {logging_mixin.py:190} INFO - [2026-08-02T14:16:19.365+0000] {dagbag.py:588} INFO - Filling up the DagBag from /opt/airflow/dags/avito_to_raw_midraw.py
[2026-08-02T14:16:19.372+0000] {processor.py:925} INFO - DAG(s) 'avito_to_raw_midraw' retrieved from /opt/airflow/dags/avito_to_raw_midraw.py
[2026-08-02T14:16:19.387+0000] {logging_mixin.py:190} INFO - [2026-08-02T14:16:19.387+0000] {dag.py:3239} INFO - Sync 1 DAGs
[2026-08-02T14:16:19.397+0000] {logging_mixin.py:190} INFO - [2026-08-02T14:16:19.397+0000] {dag.py:4180} INFO - Setting next_dagrun for avito_to_raw_midraw to 2026-08-02 14:00:00+00:00, run_after=2026-08-02 15:00:00+00:00
[2026-08-02T14:16:19.404+0000] {processor.py:208} INFO - Processing /opt/airflow/dags/avito_to_raw_midraw.py took 0.045 seconds
[2026-08-02T14:16:49.709+0000] {processor.py:186} INFO - Started process (PID=2062) to work on /opt/airflow/dags/avito_to_raw_midraw.py
[2026-08-02T14:16:49.710+0000] {processor.py:914} INFO - Processing file /opt/airflow/dags/avito_to_raw_midraw.py for tasks to queue
[2026-08-02T14:16:49.711+0000] {logging_mixin.py:190} INFO - [2026-08-02T14:16:49.711+0000] {dagbag.py:588} INFO - Filling up the DagBag from /opt/airflow/dags/avito_to_raw_midraw.py
[2026-08-02T14:16:49.718+0000] {processor.py:925} INFO - DAG(s) 'avito_to_raw_midraw' retrieved from /opt/airflow/dags/avito_to_raw_midraw.py
[2026-08-02T14:16:49.731+0000] {logging_mixin.py:190} INFO - [2026-08-02T14:16:49.731+0000] {dag.py:3239} INFO - Sync 1 DAGs
[2026-08-02T14:16:49.741+0000] {logging_mixin.py:190} INFO - [2026-08-02T14:16:49.740+0000] {dag.py:4180} INFO - Setting next_dagrun for avito_to_raw_midraw to 2026-08-02 14:00:00+00:00, run_after=2026-08-02 15:00:00+00:00
[2026-08-02T14:16:49.747+0000] {processor.py:208} INFO - Processing /opt/airflow/dags/avito_to_raw_midraw.py took 0.041 seconds
[2026-08-02T14:17:20.101+0000] {processor.py:186} INFO - Started process (PID=2065) to work on /opt/airflow/dags/avito_to_raw_midraw.py
[2026-08-02T14:17:20.101+0000] {processor.py:914} INFO - Processing file /opt/airflow/dags/avito_to_raw_midraw.py for tasks to queue
[2026-08-02T14:17:20.102+0000] {logging_mixin.py:190} INFO - [2026-08-02T14:17:20.102+0000] {dagbag.py:588} INFO - Filling up the DagBag from /opt/airflow/dags/avito_to_raw_midraw.py
[2026-08-02T14:17:20.113+0000] {processor.py:925} INFO - DAG(s) 'avito_to_raw_midraw' retrieved from /opt/airflow/dags/avito_to_raw_midraw.py
[2026-08-02T14:17:20.129+0000] {logging_mixin.py:190} INFO - [2026-08-02T14:17:20.129+0000] {dag.py:3239} INFO - Sync 1 DAGs
[2026-08-02T14:17:20.139+0000] {logging_mixin.py:190} INFO - [2026-08-02T14:17:20.139+0000] {dag.py:4180} INFO - Setting next_dagrun for avito_to_raw_midraw to 2026-08-02 14:00:00+00:00, run_after=2026-08-02 15:00:00+00:00
[2026-08-02T14:17:20.150+0000] {processor.py:208} INFO - Processing /opt/airflow/dags/avito_to_raw_midraw.py took 0.055 seconds
[2026-08-02T14:17:50.482+0000] {processor.py:186} INFO - Started process (PID=2068) to work on /opt/airflow/dags/avito_to_raw_midraw.py
[2026-08-02T14:17:50.483+0000] {processor.py:914} INFO - Processing file /opt/airflow/dags/avito_to_raw_midraw.py for tasks to queue
[2026-08-02T14:17:50.483+0000] {logging_mixin.py:190} INFO - [2026-08-02T14:17:50.483+0000] {dagbag.py:588} INFO - Filling up the DagBag from /opt/airflow/dags/avito_to_raw_midraw.py
[2026-08-02T14:17:50.491+0000] {processor.py:925} INFO - DAG(s) 'avito_to_raw_midraw' retrieved from /opt/airflow/dags/avito_to_raw_midraw.py
[2026-08-02T14:17:50.509+0000] {logging_mixin.py:190} INFO - [2026-08-02T14:17:50.509+0000] {dag.py:3239} INFO - Sync 1 DAGs
[2026-08-02T14:17:50.520+0000] {logging_mixin.py:190} INFO - [2026-08-02T14:17:50.520+0000] {dag.py:4180} INFO - Setting next_dagrun for avito_to_raw_midraw to 2026-08-02 14:00:00+00:00, run_after=2026-08-02 15:00:00+00:00
[2026-08-02T14:17:50.528+0000] {processor.py:208} INFO - Processing /opt/airflow/dags/avito_to_raw_midraw.py took 0.050 seconds
[2026-08-02T14:18:20.879+0000] {processor.py:186} INFO - Started process (PID=2071) to work on /opt/airflow/dags/avito_to_raw_midraw.py
[2026-08-02T14:18:20.880+0000] {processor.py:914} INFO - Processing file /opt/airflow/dags/avito_to_raw_midraw.py for tasks to queue
[2026-08-02T14:18:20.880+0000] {logging_mixin.py:190} INFO - [2026-08-02T14:18:20.880+0000] {dagbag.py:588} INFO - Filling up the DagBag from /opt/airflow/dags/avito_to_raw_midraw.py
[2026-08-02T14:18:20.887+0000] {processor.py:925} INFO - DAG(s) 'avito_to_raw_midraw' retrieved from /opt/airflow/dags/avito_to_raw_midraw.py
[2026-08-02T14:18:20.901+0000] {logging_mixin.py:190} INFO - [2026-08-02T14:18:20.901+0000] {dag.py:3239} INFO - Sync 1 DAGs
[2026-08-02T14:18:20.910+0000] {logging_mixin.py:190} INFO - [2026-08-02T14:18:20.910+0000] {dag.py:4180} INFO - Setting next_dagrun for avito_to_raw_midraw to 2026-08-02 14:00:00+00:00, run_after=2026-08-02 15:00:00+00:00
[2026-08-02T14:18:20.915+0000] {processor.py:208} INFO - Processing /opt/airflow/dags/avito_to_raw_midraw.py took 0.044 seconds
[2026-08-02T14:18:51.261+0000] {processor.py:186} INFO - Started process (PID=2074) to work on /opt/airflow/dags/avito_to_raw_midraw.py
[2026-08-02T14:18:51.262+0000] {processor.py:914} INFO - Processing file /opt/airflow/dags/avito_to_raw_midraw.py for tasks to queue
[2026-08-02T14:18:51.263+0000] {logging_mixin.py:190} INFO - [2026-08-02T14:18:51.262+0000] {dagbag.py:588} INFO - Filling up the DagBag from /opt/airflow/dags/avito_to_raw_midraw.py
[2026-08-02T14:18:51.269+0000] {processor.py:925} INFO - DAG(s) 'avito_to_raw_midraw' retrieved from /opt/airflow/dags/avito_to_raw_midraw.py
[2026-08-02T14:18:51.285+0000] {logging_mixin.py:190} INFO - [2026-08-02T14:18:51.285+0000] {dag.py:3239} INFO - Sync 1 DAGs
[2026-08-02T14:18:51.299+0000] {logging_mixin.py:190} INFO - [2026-08-02T14:18:51.299+0000] {dag.py:4180} INFO - Setting next_dagrun for avito_to_raw_midraw to 2026-08-02 14:00:00+00:00, run_after=2026-08-02 15:00:00+00:00
[2026-08-02T14:18:51.309+0000] {processor.py:208} INFO - Processing /opt/airflow/dags/avito_to_raw_midraw.py took 0.052 seconds
[2026-08-02T14:19:21.673+0000] {processor.py:186} INFO - Started process (PID=2077) to work on /opt/airflow/dags/avito_to_raw_midraw.py
[2026-08-02T14:19:21.673+0000] {processor.py:914} INFO - Processing file /opt/airflow/dags/avito_to_raw_midraw.py for tasks to queue
[2026-08-02T14:19:21.674+0000] {logging_mixin.py:190} INFO - [2026-08-02T14:19:21.674+0000] {dagbag.py:588} INFO - Filling up the DagBag from /opt/airflow/dags/avito_to_raw_midraw.py
[2026-08-02T14:19:21.681+0000] {processor.py:925} INFO - DAG(s) 'avito_to_raw_midraw' retrieved from /opt/airflow/dags/avito_to_raw_midraw.py
[2026-08-02T14:19:21.696+0000] {logging_mixin.py:190} INFO - [2026-08-02T14:19:21.696+0000] {dag.py:3239} INFO - Sync 1 DAGs
[2026-08-02T14:19:21.706+0000] {logging_mixin.py:190} INFO - [2026-08-02T14:19:21.706+0000] {dag.py:4180} INFO - Setting next_dagrun for avito_to_raw_midraw to 2026-08-02 14:00:00+00:00, run_after=2026-08-02 15:00:00+00:00
[2026-08-02T14:19:21.712+0000] {processor.py:208} INFO - Processing /opt/airflow/dags/avito_to_raw_midraw.py took 0.043 seconds
[2026-08-02T14:19:52.009+0000] {processor.py:186} INFO - Started process (PID=2080) to work on /opt/airflow/dags/avito_to_raw_midraw.py
[2026-08-02T14:19:52.010+0000] {processor.py:914} INFO - Processing file /opt/airflow/dags/avito_to_raw_midraw.py for tasks to queue
[2026-08-02T14:19:52.011+0000] {logging_mixin.py:190} INFO - [2026-08-02T14:19:52.010+0000] {dagbag.py:588} INFO - Filling up the DagBag from /opt/airflow/dags/avito_to_raw_midraw.py
[2026-08-02T14:19:52.018+0000] {processor.py:925} INFO - DAG(s) 'avito_to_raw_midraw' retrieved from /opt/airflow/dags/avito_to_raw_midraw.py
[2026-08-02T14:19:52.032+0000] {logging_mixin.py:190} INFO - [2026-08-02T14:19:52.031+0000] {dag.py:3239} INFO - Sync 1 DAGs
[2026-08-02T14:19:52.041+0000] {logging_mixin.py:190} INFO - [2026-08-02T14:19:52.041+0000] {dag.py:4180} INFO - Setting next_dagrun for avito_to_raw_midraw to 2026-08-02 14:00:00+00:00, run_after=2026-08-02 15:00:00+00:00
[2026-08-02T14:19:52.047+0000] {processor.py:208} INFO - Processing /opt/airflow/dags/avito_to_raw_midraw.py took 0.042 seconds
[2026-08-02T14:20:22.301+0000] {processor.py:186} INFO - Started process (PID=2083) to work on /opt/airflow/dags/avito_to_raw_midraw.py
[2026-08-02T14:20:22.302+0000] {processor.py:914} INFO - Processing file /opt/airflow/dags/avito_to_raw_midraw.py for tasks to queue
[2026-08-02T14:20:22.302+0000] {logging_mixin.py:190} INFO - [2026-08-02T14:20:22.302+0000] {dagbag.py:588} INFO - Filling up the DagBag from /opt/airflow/dags/avito_to_raw_midraw.py
[2026-08-02T14:20:22.310+0000] {processor.py:925} INFO - DAG(s) 'avito_to_raw_midraw' retrieved from /opt/airflow/dags/avito_to_raw_midraw.py
[2026-08-02T14:20:22.324+0000] {logging_mixin.py:190} INFO - [2026-08-02T14:20:22.324+0000] {dag.py:3239} INFO - Sync 1 DAGs
[2026-08-02T14:20:22.332+0000] {logging_mixin.py:190} INFO - [2026-08-02T14:20:22.332+0000] {dag.py:4180} INFO - Setting next_dagrun for avito_to_raw_midraw to 2026-08-02 14:00:00+00:00, run_after=2026-08-02 15:00:00+00:00
[2026-08-02T14:20:22.339+0000] {processor.py:208} INFO - Processing /opt/airflow/dags/avito_to_raw_midraw.py took 0.041 seconds
[2026-08-02T14:20:52.766+0000] {processor.py:186} INFO - Started process (PID=2086) to work on /opt/airflow/dags/avito_to_raw_midraw.py
[2026-08-02T14:20:52.767+0000] {processor.py:914} INFO - Processing file /opt/airflow/dags/avito_to_raw_midraw.py for tasks to queue
[2026-08-02T14:20:52.768+0000] {logging_mixin.py:190} INFO - [2026-08-02T14:20:52.768+0000] {dagbag.py:588} INFO - Filling up the DagBag from /opt/airflow/dags/avito_to_raw_midraw.py
[2026-08-02T14:20:52.776+0000] {processor.py:925} INFO - DAG(s) 'avito_to_raw_midraw' retrieved from /opt/airflow/dags/avito_to_raw_midraw.py
[2026-08-02T14:20:52.794+0000] {logging_mixin.py:190} INFO - [2026-08-02T14:20:52.794+0000] {dag.py:3239} INFO - Sync 1 DAGs
[2026-08-02T14:20:52.806+0000] {logging_mixin.py:190} INFO - [2026-08-02T14:20:52.806+0000] {dag.py:4180} INFO - Setting next_dagrun for avito_to_raw_midraw to 2026-08-02 14:00:00+00:00, run_after=2026-08-02 15:00:00+00:00
[2026-08-02T14:20:52.814+0000] {processor.py:208} INFO - Processing /opt/airflow/dags/avito_to_raw_midraw.py took 0.052 seconds
[2026-08-02T14:21:23.077+0000] {processor.py:186} INFO - Started process (PID=2089) to work on /opt/airflow/dags/avito_to_raw_midraw.py
[2026-08-02T14:21:23.078+0000] {processor.py:914} INFO - Processing file /opt/airflow/dags/avito_to_raw_midraw.py for tasks to queue
[2026-08-02T14:21:23.079+0000] {logging_mixin.py:190} INFO - [2026-08-02T14:21:23.079+0000] {dagbag.py:588} INFO - Filling up the DagBag from /opt/airflow/dags/avito_to_raw_midraw.py
[2026-08-02T14:21:23.087+0000] {processor.py:925} INFO - DAG(s) 'avito_to_raw_midraw' retrieved from /opt/airflow/dags/avito_to_raw_midraw.py
[2026-08-02T14:21:23.103+0000] {logging_mixin.py:190} INFO - [2026-08-02T14:21:23.103+0000] {dag.py:3239} INFO - Sync 1 DAGs
[2026-08-02T14:21:23.113+0000] {logging_mixin.py:190} INFO - [2026-08-02T14:21:23.113+0000] {dag.py:4180} INFO - Setting next_dagrun for avito_to_raw_midraw to 2026-08-02 14:00:00+00:00, run_after=2026-08-02 15:00:00+00:00
[2026-08-02T14:21:23.120+0000] {processor.py:208} INFO - Processing /opt/airflow/dags/avito_to_raw_midraw.py took 0.047 seconds
[2026-08-02T14:21:53.554+0000] {processor.py:186} INFO - Started process (PID=2092) to work on /opt/airflow/dags/avito_to_raw_midraw.py
[2026-08-02T14:21:53.555+0000] {processor.py:914} INFO - Processing file /opt/airflow/dags/avito_to_raw_midraw.py for tasks to queue
[2026-08-02T14:21:53.555+0000] {logging_mixin.py:190} INFO - [2026-08-02T14:21:53.555+0000] {dagbag.py:588} INFO - Filling up the DagBag from /opt/airflow/dags/avito_to_raw_midraw.py
[2026-08-02T14:21:53.564+0000] {processor.py:925} INFO - DAG(s) 'avito_to_raw_midraw' retrieved from /opt/airflow/dags/avito_to_raw_midraw.py
[2026-08-02T14:21:53.581+0000] {logging_mixin.py:190} INFO - [2026-08-02T14:21:53.581+0000] {dag.py:3239} INFO - Sync 1 DAGs
[2026-08-02T14:21:53.591+0000] {logging_mixin.py:190} INFO - [2026-08-02T14:21:53.591+0000] {dag.py:4180} INFO - Setting next_dagrun for avito_to_raw_midraw to 2026-08-02 14:00:00+00:00, run_after=2026-08-02 15:00:00+00:00
[2026-08-02T14:21:53.600+0000] {processor.py:208} INFO - Processing /opt/airflow/dags/avito_to_raw_midraw.py took 0.053 seconds
[2026-08-02T14:22:23.903+0000] {processor.py:186} INFO - Started process (PID=2095) to work on /opt/airflow/dags/avito_to_raw_midraw.py
[2026-08-02T14:22:23.904+0000] {processor.py:914} INFO - Processing file /opt/airflow/dags/avito_to_raw_midraw.py for tasks to queue
[2026-08-02T14:22:23.904+0000] {logging_mixin.py:190} INFO - [2026-08-02T14:22:23.904+0000] {dagbag.py:588} INFO - Filling up the DagBag from /opt/airflow/dags/avito_to_raw_midraw.py
[2026-08-02T14:22:23.911+0000] {processor.py:925} INFO - DAG(s) 'avito_to_raw_midraw' retrieved from /opt/airflow/dags/avito_to_raw_midraw.py
[2026-08-02T14:22:23.925+0000] {logging_mixin.py:190} INFO - [2026-08-02T14:22:23.925+0000] {dag.py:3239} INFO - Sync 1 DAGs
[2026-08-02T14:22:23.934+0000] {logging_mixin.py:190} INFO - [2026-08-02T14:22:23.934+0000] {dag.py:4180} INFO - Setting next_dagrun for avito_to_raw_midraw to 2026-08-02 14:00:00+00:00, run_after=2026-08-02 15:00:00+00:00
[2026-08-02T14:22:23.941+0000] {processor.py:208} INFO - Processing /opt/airflow/dags/avito_to_raw_midraw.py took 0.042 seconds
[2026-08-02T14:22:54.247+0000] {processor.py:186} INFO - Started process (PID=2098) to work on /opt/airflow/dags/avito_to_raw_midraw.py
[2026-08-02T14:22:54.247+0000] {processor.py:914} INFO - Processing file /opt/airflow/dags/avito_to_raw_midraw.py for tasks to queue
[2026-08-02T14:22:54.248+0000] {logging_mixin.py:190} INFO - [2026-08-02T14:22:54.248+0000] {dagbag.py:588} INFO - Filling up the DagBag from /opt/airflow/dags/avito_to_raw_midraw.py
[2026-08-02T14:22:54.254+0000] {processor.py:925} INFO - DAG(s) 'avito_to_raw_midraw' retrieved from /opt/airflow/dags/avito_to_raw_midraw.py
[2026-08-02T14:22:54.267+0000] {logging_mixin.py:190} INFO - [2026-08-02T14:22:54.267+0000] {dag.py:3239} INFO - Sync 1 DAGs
[2026-08-02T14:22:54.277+0000] {logging_mixin.py:190} INFO - [2026-08-02T14:22:54.277+0000] {dag.py:4180} INFO - Setting next_dagrun for avito_to_raw_midraw to 2026-08-02 14:00:00+00:00, run_after=2026-08-02 15:00:00+00:00
[2026-08-02T14:22:54.283+0000] {processor.py:208} INFO - Processing /opt/airflow/dags/avito_to_raw_midraw.py took 0.039 seconds
[2026-08-02T14:23:24.600+0000] {processor.py:186} INFO - Started process (PID=2101) to work on /opt/airflow/dags/avito_to_raw_midraw.py
[2026-08-02T14:23:24.600+0000] {processor.py:914} INFO - Processing file /opt/airflow/dags/avito_to_raw_midraw.py for tasks to queue
[2026-08-02T14:23:24.602+0000] {logging_mixin.py:190} INFO - [2026-08-02T14:23:24.602+0000] {dagbag.py:588} INFO - Filling up the DagBag from /opt/airflow/dags/avito_to_raw_midraw.py
[2026-08-02T14:23:24.610+0000] {processor.py:925} INFO - DAG(s) 'avito_to_raw_midraw' retrieved from /opt/airflow/dags/avito_to_raw_midraw.py
[2026-08-02T14:23:24.624+0000] {logging_mixin.py:190} INFO - [2026-08-02T14:23:24.624+0000] {dag.py:3239} INFO - Sync 1 DAGs
[2026-08-02T14:23:24.636+0000] {logging_mixin.py:190} INFO - [2026-08-02T14:23:24.636+0000] {dag.py:4180} INFO - Setting next_dagrun for avito_to_raw_midraw to 2026-08-02 14:00:00+00:00, run_after=2026-08-02 15:00:00+00:00
[2026-08-02T14:23:24.641+0000] {processor.py:208} INFO - Processing /opt/airflow/dags/avito_to_raw_midraw.py took 0.046 seconds
[2026-08-02T14:23:54.908+0000] {processor.py:186} INFO - Started process (PID=2104) to work on /opt/airflow/dags/avito_to_raw_midraw.py
[2026-08-02T14:23:54.909+0000] {processor.py:914} INFO - Processing file /opt/airflow/dags/avito_to_raw_midraw.py for tasks to queue
[2026-08-02T14:23:54.909+0000] {logging_mixin.py:190} INFO - [2026-08-02T14:23:54.909+0000] {dagbag.py:588} INFO - Filling up the DagBag from /opt/airflow/dags/avito_to_raw_midraw.py
[2026-08-02T14:23:54.917+0000] {processor.py:925} INFO - DAG(s) 'avito_to_raw_midraw' retrieved from /opt/airflow/dags/avito_to_raw_midraw.py
[2026-08-02T14:23:54.929+0000] {logging_mixin.py:190} INFO - [2026-08-02T14:23:54.929+0000] {dag.py:3239} INFO - Sync 1 DAGs
[2026-08-02T14:23:54.938+0000] {logging_mixin.py:190} INFO - [2026-08-02T14:23:54.938+0000] {dag.py:4180} INFO - Setting next_dagrun for avito_to_raw_midraw to 2026-08-02 14:00:00+00:00, run_after=2026-08-02 15:00:00+00:00
[2026-08-02T14:23:54.944+0000] {processor.py:208} INFO - Processing /opt/airflow/dags/avito_to_raw_midraw.py took 0.040 seconds
[2026-08-02T14:24:25.197+0000] {processor.py:186} INFO - Started process (PID=2107) to work on /opt/airflow/dags/avito_to_raw_midraw.py
[2026-08-02T14:24:25.197+0000] {processor.py:914} INFO - Processing file /opt/airflow/dags/avito_to_raw_midraw.py for tasks to queue
[2026-08-02T14:24:25.198+0000] {logging_mixin.py:190} INFO - [2026-08-02T14:24:25.198+0000] {dagbag.py:588} INFO - Filling up the DagBag from /opt/airflow/dags/avito_to_raw_midraw.py
[2026-08-02T14:24:25.206+0000] {processor.py:925} INFO - DAG(s) 'avito_to_raw_midraw' retrieved from /opt/airflow/dags/avito_to_raw_midraw.py
[2026-08-02T14:24:25.221+0000] {logging_mixin.py:190} INFO - [2026-08-02T14:24:25.221+0000] {dag.py:3239} INFO - Sync 1 DAGs
[2026-08-02T14:24:25.229+0000] {logging_mixin.py:190} INFO - [2026-08-02T14:24:25.229+0000] {dag.py:4180} INFO - Setting next_dagrun for avito_to_raw_midraw to 2026-08-02 14:00:00+00:00, run_after=2026-08-02 15:00:00+00:00
[2026-08-02T14:24:25.236+0000] {processor.py:208} INFO - Processing /opt/airflow/dags/avito_to_raw_midraw.py took 0.043 seconds
[2026-08-02T14:24:55.549+0000] {processor.py:186} INFO - Started process (PID=2110) to work on /opt/airflow/dags/avito_to_raw_midraw.py
[2026-08-02T14:24:55.551+0000] {processor.py:914} INFO - Processing file /opt/airflow/dags/avito_to_raw_midraw.py for tasks to queue
[2026-08-02T14:24:55.552+0000] {logging_mixin.py:190} INFO - [2026-08-02T14:24:55.551+0000] {dagbag.py:588} INFO - Filling up the DagBag from /opt/airflow/dags/avito_to_raw_midraw.py
[2026-08-02T14:24:55.577+0000] {processor.py:925} INFO - DAG(s) 'avito_to_raw_midraw' retrieved from /opt/airflow/dags/avito_to_raw_midraw.py
[2026-08-02T14:24:55.592+0000] {logging_mixin.py:190} INFO - [2026-08-02T14:24:55.592+0000] {dag.py:3239} INFO - Sync 1 DAGs
[2026-08-02T14:24:55.602+0000] {logging_mixin.py:190} INFO - [2026-08-02T14:24:55.602+0000] {dag.py:4180} INFO - Setting next_dagrun for avito_to_raw_midraw to 2026-08-02 14:00:00+00:00, run_after=2026-08-02 15:00:00+00:00
[2026-08-02T14:24:55.608+0000] {processor.py:208} INFO - Processing /opt/airflow/dags/avito_to_raw_midraw.py took 0.063 seconds
[2026-08-02T14:25:25.922+0000] {processor.py:186} INFO - Started process (PID=2113) to work on /opt/airflow/dags/avito_to_raw_midraw.py
[2026-08-02T14:25:25.922+0000] {processor.py:914} INFO - Processing file /opt/airflow/dags/avito_to_raw_midraw.py for tasks to queue
[2026-08-02T14:25:25.923+0000] {logging_mixin.py:190} INFO - [2026-08-02T14:25:25.923+0000] {dagbag.py:588} INFO - Filling up the DagBag from /opt/airflow/dags/avito_to_raw_midraw.py
[2026-08-02T14:25:25.931+0000] {processor.py:925} INFO - DAG(s) 'avito_to_raw_midraw' retrieved from /opt/airflow/dags/avito_to_raw_midraw.py
[2026-08-02T14:25:25.946+0000] {logging_mixin.py:190} INFO - [2026-08-02T14:25:25.946+0000] {dag.py:3239} INFO - Sync 1 DAGs
[2026-08-02T14:25:25.955+0000] {logging_mixin.py:190} INFO - [2026-08-02T14:25:25.955+0000] {dag.py:4180} INFO - Setting next_dagrun for avito_to_raw_midraw to 2026-08-02 14:00:00+00:00, run_after=2026-08-02 15:00:00+00:00
[2026-08-02T14:25:25.965+0000] {processor.py:208} INFO - Processing /opt/airflow/dags/avito_to_raw_midraw.py took 0.046 seconds
[2026-08-02T14:25:56.315+0000] {processor.py:186} INFO - Started process (PID=2116) to work on /opt/airflow/dags/avito_to_raw_midraw.py
[2026-08-02T14:25:56.315+0000] {processor.py:914} INFO - Processing file /opt/airflow/dags/avito_to_raw_midraw.py for tasks to queue
[2026-08-02T14:25:56.316+0000] {logging_mixin.py:190} INFO - [2026-08-02T14:25:56.316+0000] {dagbag.py:588} INFO - Filling up the DagBag from /opt/airflow/dags/avito_to_raw_midraw.py
[2026-08-02T14:25:56.322+0000] {processor.py:925} INFO - DAG(s) 'avito_to_raw_midraw' retrieved from /opt/airflow/dags/avito_to_raw_midraw.py
[2026-08-02T14:25:56.336+0000] {logging_mixin.py:190} INFO - [2026-08-02T14:25:56.336+0000] {dag.py:3239} INFO - Sync 1 DAGs
[2026-08-02T14:25:56.345+0000] {logging_mixin.py:190} INFO - [2026-08-02T14:25:56.345+0000] {dag.py:4180} INFO - Setting next_dagrun for avito_to_raw_midraw to 2026-08-02 14:00:00+00:00, run_after=2026-08-02 15:00:00+00:00
[2026-08-02T14:25:56.351+0000] {processor.py:208} INFO - Processing /opt/airflow/dags/avito_to_raw_midraw.py took 0.042 seconds
[2026-08-02T14:26:26.675+0000] {processor.py:186} INFO - Started process (PID=2119) to work on /opt/airflow/dags/avito_to_raw_midraw.py
[2026-08-02T14:26:26.676+0000] {processor.py:914} INFO - Processing file /opt/airflow/dags/avito_to_raw_midraw.py for tasks to queue
[2026-08-02T14:26:26.677+0000] {logging_mixin.py:190} INFO - [2026-08-02T14:26:26.676+0000] {dagbag.py:588} INFO - Filling up the DagBag from /opt/airflow/dags/avito_to_raw_midraw.py
[2026-08-02T14:26:26.684+0000] {processor.py:925} INFO - DAG(s) 'avito_to_raw_midraw' retrieved from /opt/airflow/dags/avito_to_raw_midraw.py
[2026-08-02T14:26:26.700+0000] {logging_mixin.py:190} INFO - [2026-08-02T14:26:26.699+0000] {dag.py:3239} INFO - Sync 1 DAGs
[2026-08-02T14:26:26.712+0000] {logging_mixin.py:190} INFO - [2026-08-02T14:26:26.712+0000] {dag.py:4180} INFO - Setting next_dagrun for avito_to_raw_midraw to 2026-08-02 14:00:00+00:00, run_after=2026-08-02 15:00:00+00:00
[2026-08-02T14:26:26.723+0000] {processor.py:208} INFO - Processing /opt/airflow/dags/avito_to_raw_midraw.py took 0.052 seconds
[2026-08-02T14:26:57.035+0000] {processor.py:186} INFO - Started process (PID=2122) to work on /opt/airflow/dags/avito_to_raw_midraw.py
[2026-08-02T14:26:57.035+0000] {processor.py:914} INFO - Processing file /opt/airflow/dags/avito_to_raw_midraw.py for tasks to queue
[2026-08-02T14:26:57.036+0000] {logging_mixin.py:190} INFO - [2026-08-02T14:26:57.036+0000] {dagbag.py:588} INFO - Filling up the DagBag from /opt/airflow/dags/avito_to_raw_midraw.py
[2026-08-02T14:26:57.044+0000] {processor.py:925} INFO - DAG(s) 'avito_to_raw_midraw' retrieved from /opt/airflow/dags/avito_to_raw_midraw.py
[2026-08-02T14:26:57.058+0000] {logging_mixin.py:190} INFO - [2026-08-02T14:26:57.057+0000] {dag.py:3239} INFO - Sync 1 DAGs
[2026-08-02T14:26:57.067+0000] {logging_mixin.py:190} INFO - [2026-08-02T14:26:57.067+0000] {dag.py:4180} INFO - Setting next_dagrun for avito_to_raw_midraw to 2026-08-02 14:00:00+00:00, run_after=2026-08-02 15:00:00+00:00
[2026-08-02T14:26:57.076+0000] {processor.py:208} INFO - Processing /opt/airflow/dags/avito_to_raw_midraw.py took 0.044 seconds
[2026-08-02T14:27:27.568+0000] {processor.py:186} INFO - Started process (PID=2125) to work on /opt/airflow/dags/avito_to_raw_midraw.py
[2026-08-02T14:27:27.568+0000] {processor.py:914} INFO - Processing file /opt/airflow/dags/avito_to_raw_midraw.py for tasks to queue
[2026-08-02T14:27:27.569+0000] {logging_mixin.py:190} INFO - [2026-08-02T14:27:27.569+0000] {dagbag.py:588} INFO - Filling up the DagBag from /opt/airflow/dags/avito_to_raw_midraw.py
[2026-08-02T14:27:27.582+0000] {processor.py:925} INFO - DAG(s) 'avito_to_raw_midraw' retrieved from /opt/airflow/dags/avito_to_raw_midraw.py
[2026-08-02T14:27:27.604+0000] {logging_mixin.py:190} INFO - [2026-08-02T14:27:27.604+0000] {dag.py:3239} INFO - Sync 1 DAGs
[2026-08-02T14:27:27.618+0000] {logging_mixin.py:190} INFO - [2026-08-02T14:27:27.618+0000] {dag.py:4180} INFO - Setting next_dagrun for avito_to_raw_midraw to 2026-08-02 14:00:00+00:00, run_after=2026-08-02 15:00:00+00:00
[2026-08-02T14:27:27.628+0000] {processor.py:208} INFO - Processing /opt/airflow/dags/avito_to_raw_midraw.py took 0.064 seconds
[2026-08-02T14:27:57.962+0000] {processor.py:186} INFO - Started process (PID=2128) to work on /opt/airflow/dags/avito_to_raw_midraw.py
[2026-08-02T14:27:57.963+0000] {processor.py:914} INFO - Processing file /opt/airflow/dags/avito_to_raw_midraw.py for tasks to queue
[2026-08-02T14:27:57.964+0000] {logging_mixin.py:190} INFO - [2026-08-02T14:27:57.963+0000] {dagbag.py:588} INFO - Filling up the DagBag from /opt/airflow/dags/avito_to_raw_midraw.py
[2026-08-02T14:27:57.974+0000] {processor.py:925} INFO - DAG(s) 'avito_to_raw_midraw' retrieved from /opt/airflow/dags/avito_to_raw_midraw.py
[2026-08-02T14:27:57.991+0000] {logging_mixin.py:190} INFO - [2026-08-02T14:27:57.991+0000] {dag.py:3239} INFO - Sync 1 DAGs
[2026-08-02T14:27:58.001+0000] {logging_mixin.py:190} INFO - [2026-08-02T14:27:58.001+0000] {dag.py:4180} INFO - Setting next_dagrun for avito_to_raw_midraw to 2026-08-02 14:00:00+00:00, run_after=2026-08-02 15:00:00+00:00
[2026-08-02T14:27:58.010+0000] {processor.py:208} INFO - Processing /opt/airflow/dags/avito_to_raw_midraw.py took 0.052 seconds
[2026-08-02T14:28:28.437+0000] {processor.py:186} INFO - Started process (PID=2131) to work on /opt/airflow/dags/avito_to_raw_midraw.py
[2026-08-02T14:28:28.437+0000] {processor.py:914} INFO - Processing file /opt/airflow/dags/avito_to_raw_midraw.py for tasks to queue
[2026-08-02T14:28:28.438+0000] {logging_mixin.py:190} INFO - [2026-08-02T14:28:28.438+0000] {dagbag.py:588} INFO - Filling up the DagBag from /opt/airflow/dags/avito_to_raw_midraw.py
[2026-08-02T14:28:28.444+0000] {processor.py:925} INFO - DAG(s) 'avito_to_raw_midraw' retrieved from /opt/airflow/dags/avito_to_raw_midraw.py
[2026-08-02T14:28:28.460+0000] {logging_mixin.py:190} INFO - [2026-08-02T14:28:28.460+0000] {dag.py:3239} INFO - Sync 1 DAGs
[2026-08-02T14:28:28.471+0000] {logging_mixin.py:190} INFO - [2026-08-02T14:28:28.471+0000] {dag.py:4180} INFO - Setting next_dagrun for avito_to_raw_midraw to 2026-08-02 14:00:00+00:00, run_after=2026-08-02 15:00:00+00:00
[2026-08-02T14:28:28.477+0000] {processor.py:208} INFO - Processing /opt/airflow/dags/avito_to_raw_midraw.py took 0.044 seconds
[2026-08-02T14:28:58.875+0000] {processor.py:186} INFO - Started process (PID=2134) to work on /opt/airflow/dags/avito_to_raw_midraw.py
[2026-08-02T14:28:58.876+0000] {processor.py:914} INFO - Processing file /opt/airflow/dags/avito_to_raw_midraw.py for tasks to queue
[2026-08-02T14:28:58.876+0000] {logging_mixin.py:190} INFO - [2026-08-02T14:28:58.876+0000] {dagbag.py:588} INFO - Filling up the DagBag from /opt/airflow/dags/avito_to_raw_midraw.py
[2026-08-02T14:28:58.883+0000] {processor.py:925} INFO - DAG(s) 'avito_to_raw_midraw' retrieved from /opt/airflow/dags/avito_to_raw_midraw.py
[2026-08-02T14:28:58.898+0000] {logging_mixin.py:190} INFO - [2026-08-02T14:28:58.897+0000] {dag.py:3239} INFO - Sync 1 DAGs
[2026-08-02T14:28:58.908+0000] {logging_mixin.py:190} INFO - [2026-08-02T14:28:58.907+0000] {dag.py:4180} INFO - Setting next_dagrun for avito_to_raw_midraw to 2026-08-02 14:00:00+00:00, run_after=2026-08-02 15:00:00+00:00
[2026-08-02T14:28:58.913+0000] {processor.py:208} INFO - Processing /opt/airflow/dags/avito_to_raw_midraw.py took 0.042 seconds
[2026-08-02T14:29:29.218+0000] {processor.py:186} INFO - Started process (PID=2137) to work on /opt/airflow/dags/avito_to_raw_midraw.py
[2026-08-02T14:29:29.219+0000] {processor.py:914} INFO - Processing file /opt/airflow/dags/avito_to_raw_midraw.py for tasks to queue
[2026-08-02T14:29:29.220+0000] {logging_mixin.py:190} INFO - [2026-08-02T14:29:29.220+0000] {dagbag.py:588} INFO - Filling up the DagBag from /opt/airflow/dags/avito_to_raw_midraw.py
[2026-08-02T14:29:29.230+0000] {processor.py:925} INFO - DAG(s) 'avito_to_raw_midraw' retrieved from /opt/airflow/dags/avito_to_raw_midraw.py
[2026-08-02T14:29:29.244+0000] {logging_mixin.py:190} INFO - [2026-08-02T14:29:29.244+0000] {dag.py:3239} INFO - Sync 1 DAGs
[2026-08-02T14:29:29.253+0000] {logging_mixin.py:190} INFO - [2026-08-02T14:29:29.253+0000] {dag.py:4180} INFO - Setting next_dagrun for avito_to_raw_midraw to 2026-08-02 14:00:00+00:00, run_after=2026-08-02 15:00:00+00:00
[2026-08-02T14:29:29.259+0000] {processor.py:208} INFO - Processing /opt/airflow/dags/avito_to_raw_midraw.py took 0.045 seconds
[2026-08-02T14:29:59.714+0000] {processor.py:186} INFO - Started process (PID=2140) to work on /opt/airflow/dags/avito_to_raw_midraw.py
[2026-08-02T14:29:59.714+0000] {processor.py:914} INFO - Processing file /opt/airflow/dags/avito_to_raw_midraw.py for tasks to queue
[2026-08-02T14:29:59.715+0000] {logging_mixin.py:190} INFO - [2026-08-02T14:29:59.715+0000] {dagbag.py:588} INFO - Filling up the DagBag from /opt/airflow/dags/avito_to_raw_midraw.py
[2026-08-02T14:29:59.722+0000] {processor.py:925} INFO - DAG(s) 'avito_to_raw_midraw' retrieved from /opt/airflow/dags/avito_to_raw_midraw.py
[2026-08-02T14:29:59.739+0000] {logging_mixin.py:190} INFO - [2026-08-02T14:29:59.739+0000] {dag.py:3239} INFO - Sync 1 DAGs
[2026-08-02T14:29:59.749+0000] {logging_mixin.py:190} INFO - [2026-08-02T14:29:59.749+0000] {dag.py:4180} INFO - Setting next_dagrun for avito_to_raw_midraw to 2026-08-02 14:00:00+00:00, run_after=2026-08-02 15:00:00+00:00
[2026-08-02T14:29:59.757+0000] {processor.py:208} INFO - Processing /opt/airflow/dags/avito_to_raw_midraw.py took 0.047 seconds
[2026-08-02T14:30:30.092+0000] {processor.py:186} INFO - Started process (PID=2143) to work on /opt/airflow/dags/avito_to_raw_midraw.py
[2026-08-02T14:30:30.093+0000] {processor.py:914} INFO - Processing file /opt/airflow/dags/avito_to_raw_midraw.py for tasks to queue
[2026-08-02T14:30:30.093+0000] {logging_mixin.py:190} INFO - [2026-08-02T14:30:30.093+0000] {dagbag.py:588} INFO - Filling up the DagBag from /opt/airflow/dags/avito_to_raw_midraw.py
[2026-08-02T14:30:30.100+0000] {processor.py:925} INFO - DAG(s) 'avito_to_raw_midraw' retrieved from /opt/airflow/dags/avito_to_raw_midraw.py
[2026-08-02T14:30:30.114+0000] {logging_mixin.py:190} INFO - [2026-08-02T14:30:30.114+0000] {dag.py:3239} INFO - Sync 1 DAGs
[2026-08-02T14:30:30.123+0000] {logging_mixin.py:190} INFO - [2026-08-02T14:30:30.123+0000] {dag.py:4180} INFO - Setting next_dagrun for avito_to_raw_midraw to 2026-08-02 14:00:00+00:00, run_after=2026-08-02 15:00:00+00:00
[2026-08-02T14:30:30.129+0000] {processor.py:208} INFO - Processing /opt/airflow/dags/avito_to_raw_midraw.py took 0.040 seconds
[2026-08-02T14:31:00.490+0000] {processor.py:186} INFO - Started process (PID=2146) to work on /opt/airflow/dags/avito_to_raw_midraw.py
[2026-08-02T14:31:00.493+0000] {processor.py:914} INFO - Processing file /opt/airflow/dags/avito_to_raw_midraw.py for tasks to queue
[2026-08-02T14:31:00.494+0000] {logging_mixin.py:190} INFO - [2026-08-02T14:31:00.493+0000] {dagbag.py:588} INFO - Filling up the DagBag from /opt/airflow/dags/avito_to_raw_midraw.py
[2026-08-02T14:31:00.502+0000] {processor.py:925} INFO - DAG(s) 'avito_to_raw_midraw' retrieved from /opt/airflow/dags/avito_to_raw_midraw.py
[2026-08-02T14:31:00.519+0000] {logging_mixin.py:190} INFO - [2026-08-02T14:31:00.519+0000] {dag.py:3239} INFO - Sync 1 DAGs
[2026-08-02T14:31:00.529+0000] {logging_mixin.py:190} INFO - [2026-08-02T14:31:00.529+0000] {dag.py:4180} INFO - Setting next_dagrun for avito_to_raw_midraw to 2026-08-02 14:00:00+00:00, run_after=2026-08-02 15:00:00+00:00
[2026-08-02T14:31:00.536+0000] {processor.py:208} INFO - Processing /opt/airflow/dags/avito_to_raw_midraw.py took 0.050 seconds
[2026-08-02T14:31:30.894+0000] {processor.py:186} INFO - Started process (PID=2149) to work on /opt/airflow/dags/avito_to_raw_midraw.py
[2026-08-02T14:31:30.895+0000] {processor.py:914} INFO - Processing file /opt/airflow/dags/avito_to_raw_midraw.py for tasks to queue
[2026-08-02T14:31:30.896+0000] {logging_mixin.py:190} INFO - [2026-08-02T14:31:30.896+0000] {dagbag.py:588} INFO - Filling up the DagBag from /opt/airflow/dags/avito_to_raw_midraw.py
[2026-08-02T14:31:30.903+0000] {processor.py:925} INFO - DAG(s) 'avito_to_raw_midraw' retrieved from /opt/airflow/dags/avito_to_raw_midraw.py
[2026-08-02T14:31:30.918+0000] {logging_mixin.py:190} INFO - [2026-08-02T14:31:30.918+0000] {dag.py:3239} INFO - Sync 1 DAGs
[2026-08-02T14:31:30.927+0000] {logging_mixin.py:190} INFO - [2026-08-02T14:31:30.927+0000] {dag.py:4180} INFO - Setting next_dagrun for avito_to_raw_midraw to 2026-08-02 14:00:00+00:00, run_after=2026-08-02 15:00:00+00:00
[2026-08-02T14:31:30.933+0000] {processor.py:208} INFO - Processing /opt/airflow/dags/avito_to_raw_midraw.py took 0.043 seconds
[2026-08-02T14:32:01.291+0000] {processor.py:186} INFO - Started process (PID=2152) to work on /opt/airflow/dags/avito_to_raw_midraw.py
[2026-08-02T14:32:01.292+0000] {processor.py:914} INFO - Processing file /opt/airflow/dags/avito_to_raw_midraw.py for tasks to queue
[2026-08-02T14:32:01.293+0000] {logging_mixin.py:190} INFO - [2026-08-02T14:32:01.292+0000] {dagbag.py:588} INFO - Filling up the DagBag from /opt/airflow/dags/avito_to_raw_midraw.py
[2026-08-02T14:32:01.299+0000] {processor.py:925} INFO - DAG(s) 'avito_to_raw_midraw' retrieved from /opt/airflow/dags/avito_to_raw_midraw.py
[2026-08-02T14:32:01.313+0000] {logging_mixin.py:190} INFO - [2026-08-02T14:32:01.313+0000] {dag.py:3239} INFO - Sync 1 DAGs
[2026-08-02T14:32:01.323+0000] {logging_mixin.py:190} INFO - [2026-08-02T14:32:01.323+0000] {dag.py:4180} INFO - Setting next_dagrun for avito_to_raw_midraw to 2026-08-02 14:00:00+00:00, run_after=2026-08-02 15:00:00+00:00
[2026-08-02T14:32:01.331+0000] {processor.py:208} INFO - Processing /opt/airflow/dags/avito_to_raw_midraw.py took 0.043 seconds
[2026-08-02T14:32:31.613+0000] {processor.py:186} INFO - Started process (PID=2155) to work on /opt/airflow/dags/avito_to_raw_midraw.py
[2026-08-02T14:32:31.613+0000] {processor.py:914} INFO - Processing file /opt/airflow/dags/avito_to_raw_midraw.py for tasks to queue
[2026-08-02T14:32:31.614+0000] {logging_mixin.py:190} INFO - [2026-08-02T14:32:31.614+0000] {dagbag.py:588} INFO - Filling up the DagBag from /opt/airflow/dags/avito_to_raw_midraw.py
[2026-08-02T14:32:31.621+0000] {processor.py:925} INFO - DAG(s) 'avito_to_raw_midraw' retrieved from /opt/airflow/dags/avito_to_raw_midraw.py
[2026-08-02T14:32:31.635+0000] {logging_mixin.py:190} INFO - [2026-08-02T14:32:31.635+0000] {dag.py:3239} INFO - Sync 1 DAGs
[2026-08-02T14:32:31.644+0000] {logging_mixin.py:190} INFO - [2026-08-02T14:32:31.644+0000] {dag.py:4180} INFO - Setting next_dagrun for avito_to_raw_midraw to 2026-08-02 14:00:00+00:00, run_after=2026-08-02 15:00:00+00:00
[2026-08-02T14:32:31.651+0000] {processor.py:208} INFO - Processing /opt/airflow/dags/avito_to_raw_midraw.py took 0.041 seconds
[2026-08-02T14:33:01.943+0000] {processor.py:186} INFO - Started process (PID=2158) to work on /opt/airflow/dags/avito_to_raw_midraw.py
[2026-08-02T14:33:01.944+0000] {processor.py:914} INFO - Processing file /opt/airflow/dags/avito_to_raw_midraw.py for tasks to queue
[2026-08-02T14:33:01.944+0000] {logging_mixin.py:190} INFO - [2026-08-02T14:33:01.944+0000] {dagbag.py:588} INFO - Filling up the DagBag from /opt/airflow/dags/avito_to_raw_midraw.py
[2026-08-02T14:33:01.952+0000] {processor.py:925} INFO - DAG(s) 'avito_to_raw_midraw' retrieved from /opt/airflow/dags/avito_to_raw_midraw.py
[2026-08-02T14:33:01.966+0000] {logging_mixin.py:190} INFO - [2026-08-02T14:33:01.966+0000] {dag.py:3239} INFO - Sync 1 DAGs
[2026-08-02T14:33:01.975+0000] {logging_mixin.py:190} INFO - [2026-08-02T14:33:01.975+0000] {dag.py:4180} INFO - Setting next_dagrun for avito_to_raw_midraw to 2026-08-02 14:00:00+00:00, run_after=2026-08-02 15:00:00+00:00
[2026-08-02T14:33:01.982+0000] {processor.py:208} INFO - Processing /opt/airflow/dags/avito_to_raw_midraw.py took 0.042 seconds
[2026-08-02T14:33:32.310+0000] {processor.py:186} INFO - Started process (PID=2161) to work on /opt/airflow/dags/avito_to_raw_midraw.py
[2026-08-02T14:33:32.311+0000] {processor.py:914} INFO - Processing file /opt/airflow/dags/avito_to_raw_midraw.py for tasks to queue
[2026-08-02T14:33:32.312+0000] {logging_mixin.py:190} INFO - [2026-08-02T14:33:32.312+0000] {dagbag.py:588} INFO - Filling up the DagBag from /opt/airflow/dags/avito_to_raw_midraw.py
[2026-08-02T14:33:32.319+0000] {processor.py:925} INFO - DAG(s) 'avito_to_raw_midraw' retrieved from /opt/airflow/dags/avito_to_raw_midraw.py
[2026-08-02T14:33:32.333+0000] {logging_mixin.py:190} INFO - [2026-08-02T14:33:32.333+0000] {dag.py:3239} INFO - Sync 1 DAGs
[2026-08-02T14:33:32.340+0000] {logging_mixin.py:190} INFO - [2026-08-02T14:33:32.340+0000] {dag.py:4180} INFO - Setting next_dagrun for avito_to_raw_midraw to 2026-08-02 14:00:00+00:00, run_after=2026-08-02 15:00:00+00:00
[2026-08-02T14:33:32.347+0000] {processor.py:208} INFO - Processing /opt/airflow/dags/avito_to_raw_midraw.py took 0.042 seconds
[2026-08-02T14:34:02.574+0000] {processor.py:186} INFO - Started process (PID=2164) to work on /opt/airflow/dags/avito_to_raw_midraw.py
[2026-08-02T14:34:02.574+0000] {processor.py:914} INFO - Processing file /opt/airflow/dags/avito_to_raw_midraw.py for tasks to queue
[2026-08-02T14:34:02.575+0000] {logging_mixin.py:190} INFO - [2026-08-02T14:34:02.575+0000] {dagbag.py:588} INFO - Filling up the DagBag from /opt/airflow/dags/avito_to_raw_midraw.py
[2026-08-02T14:34:02.582+0000] {processor.py:925} INFO - DAG(s) 'avito_to_raw_midraw' retrieved from /opt/airflow/dags/avito_to_raw_midraw.py
[2026-08-02T14:34:02.595+0000] {logging_mixin.py:190} INFO - [2026-08-02T14:34:02.595+0000] {dag.py:3239} INFO - Sync 1 DAGs
[2026-08-02T14:34:02.604+0000] {logging_mixin.py:190} INFO - [2026-08-02T14:34:02.603+0000] {dag.py:4180} INFO - Setting next_dagrun for avito_to_raw_midraw to 2026-08-02 14:00:00+00:00, run_after=2026-08-02 15:00:00+00:00
[2026-08-02T14:34:02.609+0000] {processor.py:208} INFO - Processing /opt/airflow/dags/avito_to_raw_midraw.py took 0.039 seconds
[2026-08-02T14:34:32.925+0000] {processor.py:186} INFO - Started process (PID=2167) to work on /opt/airflow/dags/avito_to_raw_midraw.py
[2026-08-02T14:34:32.926+0000] {processor.py:914} INFO - Processing file /opt/airflow/dags/avito_to_raw_midraw.py for tasks to queue
[2026-08-02T14:34:32.926+0000] {logging_mixin.py:190} INFO - [2026-08-02T14:34:32.926+0000] {dagbag.py:588} INFO - Filling up the DagBag from /opt/airflow/dags/avito_to_raw_midraw.py
[2026-08-02T14:34:32.934+0000] {processor.py:925} INFO - DAG(s) 'avito_to_raw_midraw' retrieved from /opt/airflow/dags/avito_to_raw_midraw.py
[2026-08-02T14:34:32.947+0000] {logging_mixin.py:190} INFO - [2026-08-02T14:34:32.947+0000] {dag.py:3239} INFO - Sync 1 DAGs
[2026-08-02T14:34:32.956+0000] {logging_mixin.py:190} INFO - [2026-08-02T14:34:32.956+0000] {dag.py:4180} INFO - Setting next_dagrun for avito_to_raw_midraw to 2026-08-02 14:00:00+00:00, run_after=2026-08-02 15:00:00+00:00
[2026-08-02T14:34:32.962+0000] {processor.py:208} INFO - Processing /opt/airflow/dags/avito_to_raw_midraw.py took 0.041 seconds
[2026-08-02T14:35:03.238+0000] {processor.py:186} INFO - Started process (PID=2170) to work on /opt/airflow/dags/avito_to_raw_midraw.py
[2026-08-02T14:35:03.238+0000] {processor.py:914} INFO - Processing file /opt/airflow/dags/avito_to_raw_midraw.py for tasks to queue
[2026-08-02T14:35:03.239+0000] {logging_mixin.py:190} INFO - [2026-08-02T14:35:03.239+0000] {dagbag.py:588} INFO - Filling up the DagBag from /opt/airflow/dags/avito_to_raw_midraw.py
[2026-08-02T14:35:03.246+0000] {processor.py:925} INFO - DAG(s) 'avito_to_raw_midraw' retrieved from /opt/airflow/dags/avito_to_raw_midraw.py
[2026-08-02T14:35:03.259+0000] {logging_mixin.py:190} INFO - [2026-08-02T14:35:03.259+0000] {dag.py:3239} INFO - Sync 1 DAGs
[2026-08-02T14:35:03.268+0000] {logging_mixin.py:190} INFO - [2026-08-02T14:35:03.268+0000] {dag.py:4180} INFO - Setting next_dagrun for avito_to_raw_midraw to 2026-08-02 14:00:00+00:00, run_after=2026-08-02 15:00:00+00:00
[2026-08-02T14:35:03.274+0000] {processor.py:208} INFO - Processing /opt/airflow/dags/avito_to_raw_midraw.py took 0.039 seconds
[2026-08-02T14:35:33.614+0000] {processor.py:186} INFO - Started process (PID=2173) to work on /opt/airflow/dags/avito_to_raw_midraw.py
[2026-08-02T14:35:33.614+0000] {processor.py:914} INFO - Processing file /opt/airflow/dags/avito_to_raw_midraw.py for tasks to queue
[2026-08-02T14:35:33.615+0000] {logging_mixin.py:190} INFO - [2026-08-02T14:35:33.615+0000] {dagbag.py:588} INFO - Filling up the DagBag from /opt/airflow/dags/avito_to_raw_midraw.py
[2026-08-02T14:35:33.624+0000] {processor.py:925} INFO - DAG(s) 'avito_to_raw_midraw' retrieved from /opt/airflow/dags/avito_to_raw_midraw.py
[2026-08-02T14:35:33.638+0000] {logging_mixin.py:190} INFO - [2026-08-02T14:35:33.638+0000] {dag.py:3239} INFO - Sync 1 DAGs
[2026-08-02T14:35:33.648+0000] {logging_mixin.py:190} INFO - [2026-08-02T14:35:33.648+0000] {dag.py:4180} INFO - Setting next_dagrun for avito_to_raw_midraw to 2026-08-02 14:00:00+00:00, run_after=2026-08-02 15:00:00+00:00
[2026-08-02T14:35:33.654+0000] {processor.py:208} INFO - Processing /opt/airflow/dags/avito_to_raw_midraw.py took 0.044 seconds
[2026-08-02T14:36:03.990+0000] {processor.py:186} INFO - Started process (PID=2176) to work on /opt/airflow/dags/avito_to_raw_midraw.py
[2026-08-02T14:36:03.990+0000] {processor.py:914} INFO - Processing file /opt/airflow/dags/avito_to_raw_midraw.py for tasks to queue
[2026-08-02T14:36:03.991+0000] {logging_mixin.py:190} INFO - [2026-08-02T14:36:03.991+0000] {dagbag.py:588} INFO - Filling up the DagBag from /opt/airflow/dags/avito_to_raw_midraw.py
[2026-08-02T14:36:03.999+0000] {processor.py:925} INFO - DAG(s) 'avito_to_raw_midraw' retrieved from /opt/airflow/dags/avito_to_raw_midraw.py
[2026-08-02T14:36:04.014+0000] {logging_mixin.py:190} INFO - [2026-08-02T14:36:04.014+0000] {dag.py:3239} INFO - Sync 1 DAGs
[2026-08-02T14:36:04.024+0000] {logging_mixin.py:190} INFO - [2026-08-02T14:36:04.024+0000] {dag.py:4180} INFO - Setting next_dagrun for avito_to_raw_midraw to 2026-08-02 14:00:00+00:00, run_after=2026-08-02 15:00:00+00:00
[2026-08-02T14:36:04.031+0000] {processor.py:208} INFO - Processing /opt/airflow/dags/avito_to_raw_midraw.py took 0.044 seconds
[2026-08-02T14:36:34.391+0000] {processor.py:186} INFO - Started process (PID=2179) to work on /opt/airflow/dags/avito_to_raw_midraw.py
[2026-08-02T14:36:34.392+0000] {processor.py:914} INFO - Processing file /opt/airflow/dags/avito_to_raw_midraw.py for tasks to queue
[2026-08-02T14:36:34.392+0000] {logging_mixin.py:190} INFO - [2026-08-02T14:36:34.392+0000] {dagbag.py:588} INFO - Filling up the DagBag from /opt/airflow/dags/avito_to_raw_midraw.py
[2026-08-02T14:36:34.410+0000] {processor.py:925} INFO - DAG(s) 'avito_to_raw_midraw' retrieved from /opt/airflow/dags/avito_to_raw_midraw.py
[2026-08-02T14:36:34.433+0000] {logging_mixin.py:190} INFO - [2026-08-02T14:36:34.433+0000] {dag.py:3239} INFO - Sync 1 DAGs
[2026-08-02T14:36:34.449+0000] {logging_mixin.py:190} INFO - [2026-08-02T14:36:34.449+0000] {dag.py:4180} INFO - Setting next_dagrun for avito_to_raw_midraw to 2026-08-02 14:00:00+00:00, run_after=2026-08-02 15:00:00+00:00
[2026-08-02T14:36:34.462+0000] {processor.py:208} INFO - Processing /opt/airflow/dags/avito_to_raw_midraw.py took 0.076 seconds
[2026-08-02T14:37:04.777+0000] {processor.py:186} INFO - Started process (PID=2182) to work on /opt/airflow/dags/avito_to_raw_midraw.py
[2026-08-02T14:37:04.778+0000] {processor.py:914} INFO - Processing file /opt/airflow/dags/avito_to_raw_midraw.py for tasks to queue
[2026-08-02T14:37:04.778+0000] {logging_mixin.py:190} INFO - [2026-08-02T14:37:04.778+0000] {dagbag.py:588} INFO - Filling up the DagBag from /opt/airflow/dags/avito_to_raw_midraw.py
[2026-08-02T14:37:04.787+0000] {processor.py:925} INFO - DAG(s) 'avito_to_raw_midraw' retrieved from /opt/airflow/dags/avito_to_raw_midraw.py
[2026-08-02T14:37:04.802+0000] {logging_mixin.py:190} INFO - [2026-08-02T14:37:04.802+0000] {dag.py:3239} INFO - Sync 1 DAGs
[2026-08-02T14:37:04.813+0000] {logging_mixin.py:190} INFO - [2026-08-02T14:37:04.812+0000] {dag.py:4180} INFO - Setting next_dagrun for avito_to_raw_midraw to 2026-08-02 14:00:00+00:00, run_after=2026-08-02 15:00:00+00:00
[2026-08-02T14:37:04.821+0000] {processor.py:208} INFO - Processing /opt/airflow/dags/avito_to_raw_midraw.py took 0.047 seconds
[2026-08-02T14:37:35.136+0000] {processor.py:186} INFO - Started process (PID=2185) to work on /opt/airflow/dags/avito_to_raw_midraw.py
[2026-08-02T14:37:35.136+0000] {processor.py:914} INFO - Processing file /opt/airflow/dags/avito_to_raw_midraw.py for tasks to queue
[2026-08-02T14:37:35.137+0000] {logging_mixin.py:190} INFO - [2026-08-02T14:37:35.137+0000] {dagbag.py:588} INFO - Filling up the DagBag from /opt/airflow/dags/avito_to_raw_midraw.py
[2026-08-02T14:37:35.148+0000] {processor.py:925} INFO - DAG(s) 'avito_to_raw_midraw' retrieved from /opt/airflow/dags/avito_to_raw_midraw.py
[2026-08-02T14:37:35.166+0000] {logging_mixin.py:190} INFO - [2026-08-02T14:37:35.166+0000] {dag.py:3239} INFO - Sync 1 DAGs
[2026-08-02T14:37:35.177+0000] {logging_mixin.py:190} INFO - [2026-08-02T14:37:35.177+0000] {dag.py:4180} INFO - Setting next_dagrun for avito_to_raw_midraw to 2026-08-02 14:00:00+00:00, run_after=2026-08-02 15:00:00+00:00
[2026-08-02T14:37:35.186+0000] {processor.py:208} INFO - Processing /opt/airflow/dags/avito_to_raw_midraw.py took 0.054 seconds
[2026-08-02T14:38:05.446+0000] {processor.py:186} INFO - Started process (PID=2188) to work on /opt/airflow/dags/avito_to_raw_midraw.py
[2026-08-02T14:38:05.447+0000] {processor.py:914} INFO - Processing file /opt/airflow/dags/avito_to_raw_midraw.py for tasks to queue
[2026-08-02T14:38:05.447+0000] {logging_mixin.py:190} INFO - [2026-08-02T14:38:05.447+0000] {dagbag.py:588} INFO - Filling up the DagBag from /opt/airflow/dags/avito_to_raw_midraw.py
[2026-08-02T14:38:05.454+0000] {processor.py:925} INFO - DAG(s) 'avito_to_raw_midraw' retrieved from /opt/airflow/dags/avito_to_raw_midraw.py
[2026-08-02T14:38:05.468+0000] {logging_mixin.py:190} INFO - [2026-08-02T14:38:05.468+0000] {dag.py:3239} INFO - Sync 1 DAGs
[2026-08-02T14:38:05.478+0000] {logging_mixin.py:190} INFO - [2026-08-02T14:38:05.478+0000] {dag.py:4180} INFO - Setting next_dagrun for avito_to_raw_midraw to 2026-08-02 14:00:00+00:00, run_after=2026-08-02 15:00:00+00:00
[2026-08-02T14:38:05.485+0000] {processor.py:208} INFO - Processing /opt/airflow/dags/avito_to_raw_midraw.py took 0.042 seconds
[2026-08-02T14:38:35.810+0000] {processor.py:186} INFO - Started process (PID=2191) to work on /opt/airflow/dags/avito_to_raw_midraw.py
[2026-08-02T14:38:35.811+0000] {processor.py:914} INFO - Processing file /opt/airflow/dags/avito_to_raw_midraw.py for tasks to queue
[2026-08-02T14:38:35.811+0000] {logging_mixin.py:190} INFO - [2026-08-02T14:38:35.811+0000] {dagbag.py:588} INFO - Filling up the DagBag from /opt/airflow/dags/avito_to_raw_midraw.py
[2026-08-02T14:38:35.819+0000] {processor.py:925} INFO - DAG(s) 'avito_to_raw_midraw' retrieved from /opt/airflow/dags/avito_to_raw_midraw.py
[2026-08-02T14:38:35.845+0000] {logging_mixin.py:190} INFO - [2026-08-02T14:38:35.845+0000] {dag.py:3239} INFO - Sync 1 DAGs
[2026-08-02T14:38:35.855+0000] {logging_mixin.py:190} INFO - [2026-08-02T14:38:35.854+0000] {dag.py:4180} INFO - Setting next_dagrun for avito_to_raw_midraw to 2026-08-02 14:00:00+00:00, run_after=2026-08-02 15:00:00+00:00
[2026-08-02T14:38:35.861+0000] {processor.py:208} INFO - Processing /opt/airflow/dags/avito_to_raw_midraw.py took 0.054 seconds
[2026-08-02T14:39:06.154+0000] {processor.py:186} INFO - Started process (PID=2194) to work on /opt/airflow/dags/avito_to_raw_midraw.py
[2026-08-02T14:39:06.154+0000] {processor.py:914} INFO - Processing file /opt/airflow/dags/avito_to_raw_midraw.py for tasks to queue
[2026-08-02T14:39:06.155+0000] {logging_mixin.py:190} INFO - [2026-08-02T14:39:06.155+0000] {dagbag.py:588} INFO - Filling up the DagBag from /opt/airflow/dags/avito_to_raw_midraw.py
[2026-08-02T14:39:06.164+0000] {processor.py:925} INFO - DAG(s) 'avito_to_raw_midraw' retrieved from /opt/airflow/dags/avito_to_raw_midraw.py
[2026-08-02T14:39:06.184+0000] {logging_mixin.py:190} INFO - [2026-08-02T14:39:06.184+0000] {dag.py:3239} INFO - Sync 1 DAGs
[2026-08-02T14:39:06.197+0000] {logging_mixin.py:190} INFO - [2026-08-02T14:39:06.197+0000] {dag.py:4180} INFO - Setting next_dagrun for avito_to_raw_midraw to 2026-08-02 14:00:00+00:00, run_after=2026-08-02 15:00:00+00:00
[2026-08-02T14:39:06.207+0000] {processor.py:208} INFO - Processing /opt/airflow/dags/avito_to_raw_midraw.py took 0.056 seconds
[2026-08-02T14:39:36.556+0000] {processor.py:186} INFO - Started process (PID=2197) to work on /opt/airflow/dags/avito_to_raw_midraw.py
[2026-08-02T14:39:36.557+0000] {processor.py:914} INFO - Processing file /opt/airflow/dags/avito_to_raw_midraw.py for tasks to queue
[2026-08-02T14:39:36.558+0000] {logging_mixin.py:190} INFO - [2026-08-02T14:39:36.557+0000] {dagbag.py:588} INFO - Filling up the DagBag from /opt/airflow/dags/avito_to_raw_midraw.py
[2026-08-02T14:39:36.565+0000] {processor.py:925} INFO - DAG(s) 'avito_to_raw_midraw' retrieved from /opt/airflow/dags/avito_to_raw_midraw.py
[2026-08-02T14:39:36.579+0000] {logging_mixin.py:190} INFO - [2026-08-02T14:39:36.579+0000] {dag.py:3239} INFO - Sync 1 DAGs
[2026-08-02T14:39:36.591+0000] {logging_mixin.py:190} INFO - [2026-08-02T14:39:36.591+0000] {dag.py:4180} INFO - Setting next_dagrun for avito_to_raw_midraw to 2026-08-02 14:00:00+00:00, run_after=2026-08-02 15:00:00+00:00
[2026-08-02T14:39:36.598+0000] {processor.py:208} INFO - Processing /opt/airflow/dags/avito_to_raw_midraw.py took 0.045 seconds
[2026-08-02T14:40:06.899+0000] {processor.py:186} INFO - Started process (PID=2200) to work on /opt/airflow/dags/avito_to_raw_midraw.py
[2026-08-02T14:40:06.899+0000] {processor.py:914} INFO - Processing file /opt/airflow/dags/avito_to_raw_midraw.py for tasks to queue
[2026-08-02T14:40:06.899+0000] {logging_mixin.py:190} INFO - [2026-08-02T14:40:06.899+0000] {dagbag.py:588} INFO - Filling up the DagBag from /opt/airflow/dags/avito_to_raw_midraw.py
[2026-08-02T14:40:06.907+0000] {processor.py:925} INFO - DAG(s) 'avito_to_raw_midraw' retrieved from /opt/airflow/dags/avito_to_raw_midraw.py
[2026-08-02T14:40:06.922+0000] {logging_mixin.py:190} INFO - [2026-08-02T14:40:06.922+0000] {dag.py:3239} INFO - Sync 1 DAGs
[2026-08-02T14:40:06.931+0000] {logging_mixin.py:190} INFO - [2026-08-02T14:40:06.931+0000] {dag.py:4180} INFO - Setting next_dagrun for avito_to_raw_midraw to 2026-08-02 14:00:00+00:00, run_after=2026-08-02 15:00:00+00:00
[2026-08-02T14:40:06.937+0000] {processor.py:208} INFO - Processing /opt/airflow/dags/avito_to_raw_midraw.py took 0.042 seconds
[2026-08-02T14:40:37.199+0000] {processor.py:186} INFO - Started process (PID=2203) to work on /opt/airflow/dags/avito_to_raw_midraw.py
[2026-08-02T14:40:37.200+0000] {processor.py:914} INFO - Processing file /opt/airflow/dags/avito_to_raw_midraw.py for tasks to queue
[2026-08-02T14:40:37.200+0000] {logging_mixin.py:190} INFO - [2026-08-02T14:40:37.200+0000] {dagbag.py:588} INFO - Filling up the DagBag from /opt/airflow/dags/avito_to_raw_midraw.py
[2026-08-02T14:40:37.210+0000] {processor.py:925} INFO - DAG(s) 'avito_to_raw_midraw' retrieved from /opt/airflow/dags/avito_to_raw_midraw.py
[2026-08-02T14:40:37.226+0000] {logging_mixin.py:190} INFO - [2026-08-02T14:40:37.226+0000] {dag.py:3239} INFO - Sync 1 DAGs
[2026-08-02T14:40:37.250+0000] {logging_mixin.py:190} INFO - [2026-08-02T14:40:37.249+0000] {dag.py:4180} INFO - Setting next_dagrun for avito_to_raw_midraw to 2026-08-02 14:00:00+00:00, run_after=2026-08-02 15:00:00+00:00
[2026-08-02T14:40:37.259+0000] {processor.py:208} INFO - Processing /opt/airflow/dags/avito_to_raw_midraw.py took 0.064 seconds
[2026-08-02T14:41:07.606+0000] {processor.py:186} INFO - Started process (PID=2206) to work on /opt/airflow/dags/avito_to_raw_midraw.py
[2026-08-02T14:41:07.607+0000] {processor.py:914} INFO - Processing file /opt/airflow/dags/avito_to_raw_midraw.py for tasks to queue
[2026-08-02T14:41:07.607+0000] {logging_mixin.py:190} INFO - [2026-08-02T14:41:07.607+0000] {dagbag.py:588} INFO - Filling up the DagBag from /opt/airflow/dags/avito_to_raw_midraw.py
[2026-08-02T14:41:07.614+0000] {processor.py:925} INFO - DAG(s) 'avito_to_raw_midraw' retrieved from /opt/airflow/dags/avito_to_raw_midraw.py
[2026-08-02T14:41:07.631+0000] {logging_mixin.py:190} INFO - [2026-08-02T14:41:07.631+0000] {dag.py:3239} INFO - Sync 1 DAGs
[2026-08-02T14:41:07.646+0000] {logging_mixin.py:190} INFO - [2026-08-02T14:41:07.646+0000] {dag.py:4180} INFO - Setting next_dagrun for avito_to_raw_midraw to 2026-08-02 14:00:00+00:00, run_after=2026-08-02 15:00:00+00:00
[2026-08-02T14:41:07.656+0000] {processor.py:208} INFO - Processing /opt/airflow/dags/avito_to_raw_midraw.py took 0.053 seconds
[2026-08-02T14:41:37.912+0000] {processor.py:186} INFO - Started process (PID=2209) to work on /opt/airflow/dags/avito_to_raw_midraw.py
[2026-08-02T14:41:37.912+0000] {processor.py:914} INFO - Processing file /opt/airflow/dags/avito_to_raw_midraw.py for tasks to queue
[2026-08-02T14:41:37.913+0000] {logging_mixin.py:190} INFO - [2026-08-02T14:41:37.913+0000] {dagbag.py:588} INFO - Filling up the DagBag from /opt/airflow/dags/avito_to_raw_midraw.py
[2026-08-02T14:41:37.926+0000] {processor.py:925} INFO - DAG(s) 'avito_to_raw_midraw' retrieved from /opt/airflow/dags/avito_to_raw_midraw.py
[2026-08-02T14:41:37.946+0000] {logging_mixin.py:190} INFO - [2026-08-02T14:41:37.946+0000] {dag.py:3239} INFO - Sync 1 DAGs
[2026-08-02T14:41:37.959+0000] {logging_mixin.py:190} INFO - [2026-08-02T14:41:37.959+0000] {dag.py:4180} INFO - Setting next_dagrun for avito_to_raw_midraw to 2026-08-02 14:00:00+00:00, run_after=2026-08-02 15:00:00+00:00
[2026-08-02T14:41:37.966+0000] {processor.py:208} INFO - Processing /opt/airflow/dags/avito_to_raw_midraw.py took 0.057 seconds
[2026-08-02T14:42:08.206+0000] {processor.py:186} INFO - Started process (PID=2212) to work on /opt/airflow/dags/avito_to_raw_midraw.py
[2026-08-02T14:42:08.207+0000] {processor.py:914} INFO - Processing file /opt/airflow/dags/avito_to_raw_midraw.py for tasks to queue
[2026-08-02T14:42:08.207+0000] {logging_mixin.py:190} INFO - [2026-08-02T14:42:08.207+0000] {dagbag.py:588} INFO - Filling up the DagBag from /opt/airflow/dags/avito_to_raw_midraw.py
[2026-08-02T14:42:08.215+0000] {processor.py:925} INFO - DAG(s) 'avito_to_raw_midraw' retrieved from /opt/airflow/dags/avito_to_raw_midraw.py
[2026-08-02T14:42:08.229+0000] {logging_mixin.py:190} INFO - [2026-08-02T14:42:08.229+0000] {dag.py:3239} INFO - Sync 1 DAGs
[2026-08-02T14:42:08.238+0000] {logging_mixin.py:190} INFO - [2026-08-02T14:42:08.238+0000] {dag.py:4180} INFO - Setting next_dagrun for avito_to_raw_midraw to 2026-08-02 14:00:00+00:00, run_after=2026-08-02 15:00:00+00:00
[2026-08-02T14:42:08.245+0000] {processor.py:208} INFO - Processing /opt/airflow/dags/avito_to_raw_midraw.py took 0.041 seconds
[2026-08-02T14:42:38.486+0000] {processor.py:186} INFO - Started process (PID=2215) to work on /opt/airflow/dags/avito_to_raw_midraw.py
[2026-08-02T14:42:38.486+0000] {processor.py:914} INFO - Processing file /opt/airflow/dags/avito_to_raw_midraw.py for tasks to queue
[2026-08-02T14:42:38.487+0000] {logging_mixin.py:190} INFO - [2026-08-02T14:42:38.487+0000] {dagbag.py:588} INFO - Filling up the DagBag from /opt/airflow/dags/avito_to_raw_midraw.py
[2026-08-02T14:42:38.494+0000] {processor.py:925} INFO - DAG(s) 'avito_to_raw_midraw' retrieved from /opt/airflow/dags/avito_to_raw_midraw.py
[2026-08-02T14:42:38.507+0000] {logging_mixin.py:190} INFO - [2026-08-02T14:42:38.507+0000] {dag.py:3239} INFO - Sync 1 DAGs
[2026-08-02T14:42:38.516+0000] {logging_mixin.py:190} INFO - [2026-08-02T14:42:38.516+0000] {dag.py:4180} INFO - Setting next_dagrun for avito_to_raw_midraw to 2026-08-02 14:00:00+00:00, run_after=2026-08-02 15:00:00+00:00
[2026-08-02T14:42:38.522+0000] {processor.py:208} INFO - Processing /opt/airflow/dags/avito_to_raw_midraw.py took 0.039 seconds
[2026-08-02T14:43:09.460+0000] {processor.py:186} INFO - Started process (PID=2218) to work on /opt/airflow/dags/avito_to_raw_midraw.py
[2026-08-02T14:43:09.461+0000] {processor.py:914} INFO - Processing file /opt/airflow/dags/avito_to_raw_midraw.py for tasks to queue
[2026-08-02T14:43:09.462+0000] {logging_mixin.py:190} INFO - [2026-08-02T14:43:09.462+0000] {dagbag.py:588} INFO - Filling up the DagBag from /opt/airflow/dags/avito_to_raw_midraw.py
[2026-08-02T14:43:09.477+0000] {processor.py:925} INFO - DAG(s) 'avito_to_raw_midraw' retrieved from /opt/airflow/dags/avito_to_raw_midraw.py
[2026-08-02T14:43:09.502+0000] {logging_mixin.py:190} INFO - [2026-08-02T14:43:09.502+0000] {dag.py:3239} INFO - Sync 1 DAGs
[2026-08-02T14:43:09.516+0000] {logging_mixin.py:190} INFO - [2026-08-02T14:43:09.516+0000] {dag.py:4180} INFO - Setting next_dagrun for avito_to_raw_midraw to 2026-08-02 14:00:00+00:00, run_after=2026-08-02 15:00:00+00:00
[2026-08-02T14:43:09.535+0000] {processor.py:208} INFO - Processing /opt/airflow/dags/avito_to_raw_midraw.py took 0.088 seconds
[2026-08-02T14:46:12.796+0000] {processor.py:186} INFO - Started process (PID=2221) to work on /opt/airflow/dags/avito_to_raw_midraw.py
[2026-08-02T14:46:12.796+0000] {processor.py:914} INFO - Processing file /opt/airflow/dags/avito_to_raw_midraw.py for tasks to queue
[2026-08-02T14:46:12.797+0000] {logging_mixin.py:190} INFO - [2026-08-02T14:46:12.797+0000] {dagbag.py:588} INFO - Filling up the DagBag from /opt/airflow/dags/avito_to_raw_midraw.py
[2026-08-02T14:46:12.805+0000] {processor.py:925} INFO - DAG(s) 'avito_to_raw_midraw' retrieved from /opt/airflow/dags/avito_to_raw_midraw.py
[2026-08-02T14:46:12.820+0000] {logging_mixin.py:190} INFO - [2026-08-02T14:46:12.820+0000] {dag.py:3239} INFO - Sync 1 DAGs
[2026-08-02T14:46:12.830+0000] {logging_mixin.py:190} INFO - [2026-08-02T14:46:12.830+0000] {dag.py:4180} INFO - Setting next_dagrun for avito_to_raw_midraw to 2026-08-02 14:00:00+00:00, run_after=2026-08-02 15:00:00+00:00
[2026-08-02T14:46:12.838+0000] {processor.py:208} INFO - Processing /opt/airflow/dags/avito_to_raw_midraw.py took 0.045 seconds
[2026-08-02T14:46:43.146+0000] {processor.py:186} INFO - Started process (PID=2224) to work on /opt/airflow/dags/avito_to_raw_midraw.py
[2026-08-02T14:46:43.147+0000] {processor.py:914} INFO - Processing file /opt/airflow/dags/avito_to_raw_midraw.py for tasks to queue
[2026-08-02T14:46:43.148+0000] {logging_mixin.py:190} INFO - [2026-08-02T14:46:43.147+0000] {dagbag.py:588} INFO - Filling up the DagBag from /opt/airflow/dags/avito_to_raw_midraw.py
[2026-08-02T14:46:43.155+0000] {processor.py:925} INFO - DAG(s) 'avito_to_raw_midraw' retrieved from /opt/airflow/dags/avito_to_raw_midraw.py
[2026-08-02T14:46:43.169+0000] {logging_mixin.py:190} INFO - [2026-08-02T14:46:43.169+0000] {dag.py:3239} INFO - Sync 1 DAGs
[2026-08-02T14:46:43.178+0000] {logging_mixin.py:190} INFO - [2026-08-02T14:46:43.178+0000] {dag.py:4180} INFO - Setting next_dagrun for avito_to_raw_midraw to 2026-08-02 14:00:00+00:00, run_after=2026-08-02 15:00:00+00:00
[2026-08-02T14:46:43.184+0000] {processor.py:208} INFO - Processing /opt/airflow/dags/avito_to_raw_midraw.py took 0.041 seconds
[2026-08-02T14:47:13.435+0000] {processor.py:186} INFO - Started process (PID=2227) to work on /opt/airflow/dags/avito_to_raw_midraw.py
[2026-08-02T14:47:13.435+0000] {processor.py:914} INFO - Processing file /opt/airflow/dags/avito_to_raw_midraw.py for tasks to queue
[2026-08-02T14:47:13.436+0000] {logging_mixin.py:190} INFO - [2026-08-02T14:47:13.436+0000] {dagbag.py:588} INFO - Filling up the DagBag from /opt/airflow/dags/avito_to_raw_midraw.py
[2026-08-02T14:47:13.443+0000] {processor.py:925} INFO - DAG(s) 'avito_to_raw_midraw' retrieved from /opt/airflow/dags/avito_to_raw_midraw.py
[2026-08-02T14:47:13.457+0000] {logging_mixin.py:190} INFO - [2026-08-02T14:47:13.457+0000] {dag.py:3239} INFO - Sync 1 DAGs
[2026-08-02T14:47:13.468+0000] {logging_mixin.py:190} INFO - [2026-08-02T14:47:13.467+0000] {dag.py:4180} INFO - Setting next_dagrun for avito_to_raw_midraw to 2026-08-02 14:00:00+00:00, run_after=2026-08-02 15:00:00+00:00
[2026-08-02T14:47:13.475+0000] {processor.py:208} INFO - Processing /opt/airflow/dags/avito_to_raw_midraw.py took 0.043 seconds
[2026-08-02T14:47:43.835+0000] {processor.py:186} INFO - Started process (PID=2230) to work on /opt/airflow/dags/avito_to_raw_midraw.py
[2026-08-02T14:47:43.835+0000] {processor.py:914} INFO - Processing file /opt/airflow/dags/avito_to_raw_midraw.py for tasks to queue
[2026-08-02T14:47:43.836+0000] {logging_mixin.py:190} INFO - [2026-08-02T14:47:43.836+0000] {dagbag.py:588} INFO - Filling up the DagBag from /opt/airflow/dags/avito_to_raw_midraw.py
[2026-08-02T14:47:43.842+0000] {processor.py:925} INFO - DAG(s) 'avito_to_raw_midraw' retrieved from /opt/airflow/dags/avito_to_raw_midraw.py
[2026-08-02T14:47:43.856+0000] {logging_mixin.py:190} INFO - [2026-08-02T14:47:43.856+0000] {dag.py:3239} INFO - Sync 1 DAGs
[2026-08-02T14:47:43.866+0000] {logging_mixin.py:190} INFO - [2026-08-02T14:47:43.866+0000] {dag.py:4180} INFO - Setting next_dagrun for avito_to_raw_midraw to 2026-08-02 14:00:00+00:00, run_after=2026-08-02 15:00:00+00:00
[2026-08-02T14:47:43.872+0000] {processor.py:208} INFO - Processing /opt/airflow/dags/avito_to_raw_midraw.py took 0.042 seconds
[2026-08-02T14:48:14.145+0000] {processor.py:186} INFO - Started process (PID=2233) to work on /opt/airflow/dags/avito_to_raw_midraw.py
[2026-08-02T14:48:14.145+0000] {processor.py:914} INFO - Processing file /opt/airflow/dags/avito_to_raw_midraw.py for tasks to queue
[2026-08-02T14:48:14.146+0000] {logging_mixin.py:190} INFO - [2026-08-02T14:48:14.146+0000] {dagbag.py:588} INFO - Filling up the DagBag from /opt/airflow/dags/avito_to_raw_midraw.py
[2026-08-02T14:48:14.154+0000] {processor.py:925} INFO - DAG(s) 'avito_to_raw_midraw' retrieved from /opt/airflow/dags/avito_to_raw_midraw.py
[2026-08-02T14:48:14.168+0000] {logging_mixin.py:190} INFO - [2026-08-02T14:48:14.168+0000] {dag.py:3239} INFO - Sync 1 DAGs
[2026-08-02T14:48:14.178+0000] {logging_mixin.py:190} INFO - [2026-08-02T14:48:14.178+0000] {dag.py:4180} INFO - Setting next_dagrun for avito_to_raw_midraw to 2026-08-02 14:00:00+00:00, run_after=2026-08-02 15:00:00+00:00
[2026-08-02T14:48:14.184+0000] {processor.py:208} INFO - Processing /opt/airflow/dags/avito_to_raw_midraw.py took 0.043 seconds
[2026-08-02T14:48:44.487+0000] {processor.py:186} INFO - Started process (PID=2236) to work on /opt/airflow/dags/avito_to_raw_midraw.py
[2026-08-02T14:48:44.488+0000] {processor.py:914} INFO - Processing file /opt/airflow/dags/avito_to_raw_midraw.py for tasks to queue
[2026-08-02T14:48:44.489+0000] {logging_mixin.py:190} INFO - [2026-08-02T14:48:44.489+0000] {dagbag.py:588} INFO - Filling up the DagBag from /opt/airflow/dags/avito_to_raw_midraw.py
[2026-08-02T14:48:44.499+0000] {processor.py:925} INFO - DAG(s) 'avito_to_raw_midraw' retrieved from /opt/airflow/dags/avito_to_raw_midraw.py
[2026-08-02T14:48:44.513+0000] {logging_mixin.py:190} INFO - [2026-08-02T14:48:44.513+0000] {dag.py:3239} INFO - Sync 1 DAGs
[2026-08-02T14:48:44.524+0000] {logging_mixin.py:190} INFO - [2026-08-02T14:48:44.524+0000] {dag.py:4180} INFO - Setting next_dagrun for avito_to_raw_midraw to 2026-08-02 14:00:00+00:00, run_after=2026-08-02 15:00:00+00:00
[2026-08-02T14:48:44.531+0000] {processor.py:208} INFO - Processing /opt/airflow/dags/avito_to_raw_midraw.py took 0.047 seconds
[2026-08-02T14:49:14.813+0000] {processor.py:186} INFO - Started process (PID=2239) to work on /opt/airflow/dags/avito_to_raw_midraw.py
[2026-08-02T14:49:14.813+0000] {processor.py:914} INFO - Processing file /opt/airflow/dags/avito_to_raw_midraw.py for tasks to queue
[2026-08-02T14:49:14.814+0000] {logging_mixin.py:190} INFO - [2026-08-02T14:49:14.814+0000] {dagbag.py:588} INFO - Filling up the DagBag from /opt/airflow/dags/avito_to_raw_midraw.py
[2026-08-02T14:49:14.821+0000] {processor.py:925} INFO - DAG(s) 'avito_to_raw_midraw' retrieved from /opt/airflow/dags/avito_to_raw_midraw.py
[2026-08-02T14:49:14.836+0000] {logging_mixin.py:190} INFO - [2026-08-02T14:49:14.836+0000] {dag.py:3239} INFO - Sync 1 DAGs
[2026-08-02T14:49:14.846+0000] {logging_mixin.py:190} INFO - [2026-08-02T14:49:14.846+0000] {dag.py:4180} INFO - Setting next_dagrun for avito_to_raw_midraw to 2026-08-02 14:00:00+00:00, run_after=2026-08-02 15:00:00+00:00
[2026-08-02T14:49:14.853+0000] {processor.py:208} INFO - Processing /opt/airflow/dags/avito_to_raw_midraw.py took 0.043 seconds
[2026-08-02T14:49:45.152+0000] {processor.py:186} INFO - Started process (PID=2242) to work on /opt/airflow/dags/avito_to_raw_midraw.py
[2026-08-02T14:49:45.153+0000] {processor.py:914} INFO - Processing file /opt/airflow/dags/avito_to_raw_midraw.py for tasks to queue
[2026-08-02T14:49:45.153+0000] {logging_mixin.py:190} INFO - [2026-08-02T14:49:45.153+0000] {dagbag.py:588} INFO - Filling up the DagBag from /opt/airflow/dags/avito_to_raw_midraw.py
[2026-08-02T14:49:45.160+0000] {processor.py:925} INFO - DAG(s) 'avito_to_raw_midraw' retrieved from /opt/airflow/dags/avito_to_raw_midraw.py
[2026-08-02T14:49:45.174+0000] {logging_mixin.py:190} INFO - [2026-08-02T14:49:45.174+0000] {dag.py:3239} INFO - Sync 1 DAGs
[2026-08-02T14:49:45.183+0000] {logging_mixin.py:190} INFO - [2026-08-02T14:49:45.183+0000] {dag.py:4180} INFO - Setting next_dagrun for avito_to_raw_midraw to 2026-08-02 14:00:00+00:00, run_after=2026-08-02 15:00:00+00:00
[2026-08-02T14:49:45.190+0000] {processor.py:208} INFO - Processing /opt/airflow/dags/avito_to_raw_midraw.py took 0.041 seconds
[2026-08-02T14:50:15.401+0000] {processor.py:186} INFO - Started process (PID=2245) to work on /opt/airflow/dags/avito_to_raw_midraw.py
[2026-08-02T14:50:15.402+0000] {processor.py:914} INFO - Processing file /opt/airflow/dags/avito_to_raw_midraw.py for tasks to queue
[2026-08-02T14:50:15.402+0000] {logging_mixin.py:190} INFO - [2026-08-02T14:50:15.402+0000] {dagbag.py:588} INFO - Filling up the DagBag from /opt/airflow/dags/avito_to_raw_midraw.py
[2026-08-02T14:50:15.410+0000] {processor.py:925} INFO - DAG(s) 'avito_to_raw_midraw' retrieved from /opt/airflow/dags/avito_to_raw_midraw.py
[2026-08-02T14:50:15.423+0000] {logging_mixin.py:190} INFO - [2026-08-02T14:50:15.423+0000] {dag.py:3239} INFO - Sync 1 DAGs
[2026-08-02T14:50:15.433+0000] {logging_mixin.py:190} INFO - [2026-08-02T14:50:15.432+0000] {dag.py:4180} INFO - Setting next_dagrun for avito_to_raw_midraw to 2026-08-02 14:00:00+00:00, run_after=2026-08-02 15:00:00+00:00
[2026-08-02T14:50:15.438+0000] {processor.py:208} INFO - Processing /opt/airflow/dags/avito_to_raw_midraw.py took 0.041 seconds
[2026-08-02T14:50:45.646+0000] {processor.py:186} INFO - Started process (PID=2248) to work on /opt/airflow/dags/avito_to_raw_midraw.py
[2026-08-02T14:50:45.647+0000] {processor.py:914} INFO - Processing file /opt/airflow/dags/avito_to_raw_midraw.py for tasks to queue
[2026-08-02T14:50:45.647+0000] {logging_mixin.py:190} INFO - [2026-08-02T14:50:45.647+0000] {dagbag.py:588} INFO - Filling up the DagBag from /opt/airflow/dags/avito_to_raw_midraw.py
[2026-08-02T14:50:45.655+0000] {processor.py:925} INFO - DAG(s) 'avito_to_raw_midraw' retrieved from /opt/airflow/dags/avito_to_raw_midraw.py
[2026-08-02T14:50:45.669+0000] {logging_mixin.py:190} INFO - [2026-08-02T14:50:45.669+0000] {dag.py:3239} INFO - Sync 1 DAGs
[2026-08-02T14:50:45.679+0000] {logging_mixin.py:190} INFO - [2026-08-02T14:50:45.679+0000] {dag.py:4180} INFO - Setting next_dagrun for avito_to_raw_midraw to 2026-08-02 14:00:00+00:00, run_after=2026-08-02 15:00:00+00:00
[2026-08-02T14:50:45.686+0000] {processor.py:208} INFO - Processing /opt/airflow/dags/avito_to_raw_midraw.py took 0.043 seconds
[2026-08-02T14:51:15.987+0000] {processor.py:186} INFO - Started process (PID=2251) to work on /opt/airflow/dags/avito_to_raw_midraw.py
[2026-08-02T14:51:15.989+0000] {processor.py:914} INFO - Processing file /opt/airflow/dags/avito_to_raw_midraw.py for tasks to queue
[2026-08-02T14:51:15.989+0000] {logging_mixin.py:190} INFO - [2026-08-02T14:51:15.989+0000] {dagbag.py:588} INFO - Filling up the DagBag from /opt/airflow/dags/avito_to_raw_midraw.py
[2026-08-02T14:51:15.997+0000] {processor.py:925} INFO - DAG(s) 'avito_to_raw_midraw' retrieved from /opt/airflow/dags/avito_to_raw_midraw.py
[2026-08-02T14:51:16.012+0000] {logging_mixin.py:190} INFO - [2026-08-02T14:51:16.011+0000] {dag.py:3239} INFO - Sync 1 DAGs
[2026-08-02T14:51:16.025+0000] {logging_mixin.py:190} INFO - [2026-08-02T14:51:16.024+0000] {dag.py:4180} INFO - Setting next_dagrun for avito_to_raw_midraw to 2026-08-02 14:00:00+00:00, run_after=2026-08-02 15:00:00+00:00
[2026-08-02T14:51:16.034+0000] {processor.py:208} INFO - Processing /opt/airflow/dags/avito_to_raw_midraw.py took 0.057 seconds
[2026-08-02T14:51:46.447+0000] {processor.py:186} INFO - Started process (PID=2254) to work on /opt/airflow/dags/avito_to_raw_midraw.py
[2026-08-02T14:51:46.448+0000] {processor.py:914} INFO - Processing file /opt/airflow/dags/avito_to_raw_midraw.py for tasks to queue
[2026-08-02T14:51:46.449+0000] {logging_mixin.py:190} INFO - [2026-08-02T14:51:46.449+0000] {dagbag.py:588} INFO - Filling up the DagBag from /opt/airflow/dags/avito_to_raw_midraw.py
[2026-08-02T14:51:46.461+0000] {processor.py:925} INFO - DAG(s) 'avito_to_raw_midraw' retrieved from /opt/airflow/dags/avito_to_raw_midraw.py
[2026-08-02T14:51:46.477+0000] {logging_mixin.py:190} INFO - [2026-08-02T14:51:46.476+0000] {dag.py:3239} INFO - Sync 1 DAGs
[2026-08-02T14:51:46.487+0000] {logging_mixin.py:190} INFO - [2026-08-02T14:51:46.487+0000] {dag.py:4180} INFO - Setting next_dagrun for avito_to_raw_midraw to 2026-08-02 14:00:00+00:00, run_after=2026-08-02 15:00:00+00:00
[2026-08-02T14:51:46.494+0000] {processor.py:208} INFO - Processing /opt/airflow/dags/avito_to_raw_midraw.py took 0.051 seconds
[2026-08-02T14:52:16.747+0000] {processor.py:186} INFO - Started process (PID=2257) to work on /opt/airflow/dags/avito_to_raw_midraw.py
[2026-08-02T14:52:16.747+0000] {processor.py:914} INFO - Processing file /opt/airflow/dags/avito_to_raw_midraw.py for tasks to queue
[2026-08-02T14:52:16.748+0000] {logging_mixin.py:190} INFO - [2026-08-02T14:52:16.748+0000] {dagbag.py:588} INFO - Filling up the DagBag from /opt/airflow/dags/avito_to_raw_midraw.py
[2026-08-02T14:52:16.756+0000] {processor.py:925} INFO - DAG(s) 'avito_to_raw_midraw' retrieved from /opt/airflow/dags/avito_to_raw_midraw.py
[2026-08-02T14:52:16.769+0000] {logging_mixin.py:190} INFO - [2026-08-02T14:52:16.769+0000] {dag.py:3239} INFO - Sync 1 DAGs
[2026-08-02T14:52:16.778+0000] {logging_mixin.py:190} INFO - [2026-08-02T14:52:16.778+0000] {dag.py:4180} INFO - Setting next_dagrun for avito_to_raw_midraw to 2026-08-02 14:00:00+00:00, run_after=2026-08-02 15:00:00+00:00
[2026-08-02T14:52:16.785+0000] {processor.py:208} INFO - Processing /opt/airflow/dags/avito_to_raw_midraw.py took 0.041 seconds
[2026-08-02T14:52:47.009+0000] {processor.py:186} INFO - Started process (PID=2260) to work on /opt/airflow/dags/avito_to_raw_midraw.py
[2026-08-02T14:52:47.009+0000] {processor.py:914} INFO - Processing file /opt/airflow/dags/avito_to_raw_midraw.py for tasks to queue
[2026-08-02T14:52:47.010+0000] {logging_mixin.py:190} INFO - [2026-08-02T14:52:47.009+0000] {dagbag.py:588} INFO - Filling up the DagBag from /opt/airflow/dags/avito_to_raw_midraw.py
[2026-08-02T14:52:47.017+0000] {processor.py:925} INFO - DAG(s) 'avito_to_raw_midraw' retrieved from /opt/airflow/dags/avito_to_raw_midraw.py
[2026-08-02T14:52:47.030+0000] {logging_mixin.py:190} INFO - [2026-08-02T14:52:47.029+0000] {dag.py:3239} INFO - Sync 1 DAGs
[2026-08-02T14:52:47.039+0000] {logging_mixin.py:190} INFO - [2026-08-02T14:52:47.039+0000] {dag.py:4180} INFO - Setting next_dagrun for avito_to_raw_midraw to 2026-08-02 14:00:00+00:00, run_after=2026-08-02 15:00:00+00:00
[2026-08-02T14:52:47.046+0000] {processor.py:208} INFO - Processing /opt/airflow/dags/avito_to_raw_midraw.py took 0.041 seconds
[2026-08-02T14:53:17.279+0000] {processor.py:186} INFO - Started process (PID=2263) to work on /opt/airflow/dags/avito_to_raw_midraw.py
[2026-08-02T14:53:17.279+0000] {processor.py:914} INFO - Processing file /opt/airflow/dags/avito_to_raw_midraw.py for tasks to queue
[2026-08-02T14:53:17.280+0000] {logging_mixin.py:190} INFO - [2026-08-02T14:53:17.280+0000] {dagbag.py:588} INFO - Filling up the DagBag from /opt/airflow/dags/avito_to_raw_midraw.py
[2026-08-02T14:53:17.287+0000] {processor.py:925} INFO - DAG(s) 'avito_to_raw_midraw' retrieved from /opt/airflow/dags/avito_to_raw_midraw.py
[2026-08-02T14:53:17.301+0000] {logging_mixin.py:190} INFO - [2026-08-02T14:53:17.300+0000] {dag.py:3239} INFO - Sync 1 DAGs
[2026-08-02T14:53:17.310+0000] {logging_mixin.py:190} INFO - [2026-08-02T14:53:17.310+0000] {dag.py:4180} INFO - Setting next_dagrun for avito_to_raw_midraw to 2026-08-02 14:00:00+00:00, run_after=2026-08-02 15:00:00+00:00
[2026-08-02T14:53:17.316+0000] {processor.py:208} INFO - Processing /opt/airflow/dags/avito_to_raw_midraw.py took 0.040 seconds
[2026-08-02T14:53:47.591+0000] {processor.py:186} INFO - Started process (PID=2266) to work on /opt/airflow/dags/avito_to_raw_midraw.py
[2026-08-02T14:53:47.592+0000] {processor.py:914} INFO - Processing file /opt/airflow/dags/avito_to_raw_midraw.py for tasks to queue
[2026-08-02T14:53:47.592+0000] {logging_mixin.py:190} INFO - [2026-08-02T14:53:47.592+0000] {dagbag.py:588} INFO - Filling up the DagBag from /opt/airflow/dags/avito_to_raw_midraw.py
[2026-08-02T14:53:47.599+0000] {processor.py:925} INFO - DAG(s) 'avito_to_raw_midraw' retrieved from /opt/airflow/dags/avito_to_raw_midraw.py
[2026-08-02T14:53:47.613+0000] {logging_mixin.py:190} INFO - [2026-08-02T14:53:47.613+0000] {dag.py:3239} INFO - Sync 1 DAGs
[2026-08-02T14:53:47.622+0000] {logging_mixin.py:190} INFO - [2026-08-02T14:53:47.622+0000] {dag.py:4180} INFO - Setting next_dagrun for avito_to_raw_midraw to 2026-08-02 14:00:00+00:00, run_after=2026-08-02 15:00:00+00:00
[2026-08-02T14:53:47.628+0000] {processor.py:208} INFO - Processing /opt/airflow/dags/avito_to_raw_midraw.py took 0.040 seconds
[2026-08-02T14:54:17.865+0000] {processor.py:186} INFO - Started process (PID=2269) to work on /opt/airflow/dags/avito_to_raw_midraw.py
[2026-08-02T14:54:17.866+0000] {processor.py:914} INFO - Processing file /opt/airflow/dags/avito_to_raw_midraw.py for tasks to queue
[2026-08-02T14:54:17.866+0000] {logging_mixin.py:190} INFO - [2026-08-02T14:54:17.866+0000] {dagbag.py:588} INFO - Filling up the DagBag from /opt/airflow/dags/avito_to_raw_midraw.py
[2026-08-02T14:54:17.873+0000] {processor.py:925} INFO - DAG(s) 'avito_to_raw_midraw' retrieved from /opt/airflow/dags/avito_to_raw_midraw.py
[2026-08-02T14:54:17.886+0000] {logging_mixin.py:190} INFO - [2026-08-02T14:54:17.886+0000] {dag.py:3239} INFO - Sync 1 DAGs
[2026-08-02T14:54:17.895+0000] {logging_mixin.py:190} INFO - [2026-08-02T14:54:17.895+0000] {dag.py:4180} INFO - Setting next_dagrun for avito_to_raw_midraw to 2026-08-02 14:00:00+00:00, run_after=2026-08-02 15:00:00+00:00
[2026-08-02T14:54:17.901+0000] {processor.py:208} INFO - Processing /opt/airflow/dags/avito_to_raw_midraw.py took 0.039 seconds
[2026-08-02T14:54:48.165+0000] {processor.py:186} INFO - Started process (PID=2272) to work on /opt/airflow/dags/avito_to_raw_midraw.py
[2026-08-02T14:54:48.166+0000] {processor.py:914} INFO - Processing file /opt/airflow/dags/avito_to_raw_midraw.py for tasks to queue
[2026-08-02T14:54:48.166+0000] {logging_mixin.py:190} INFO - [2026-08-02T14:54:48.166+0000] {dagbag.py:588} INFO - Filling up the DagBag from /opt/airflow/dags/avito_to_raw_midraw.py
[2026-08-02T14:54:48.173+0000] {processor.py:925} INFO - DAG(s) 'avito_to_raw_midraw' retrieved from /opt/airflow/dags/avito_to_raw_midraw.py
[2026-08-02T14:54:48.186+0000] {logging_mixin.py:190} INFO - [2026-08-02T14:54:48.186+0000] {dag.py:3239} INFO - Sync 1 DAGs
[2026-08-02T14:54:48.195+0000] {logging_mixin.py:190} INFO - [2026-08-02T14:54:48.195+0000] {dag.py:4180} INFO - Setting next_dagrun for avito_to_raw_midraw to 2026-08-02 14:00:00+00:00, run_after=2026-08-02 15:00:00+00:00
[2026-08-02T14:54:48.202+0000] {processor.py:208} INFO - Processing /opt/airflow/dags/avito_to_raw_midraw.py took 0.040 seconds
[2026-08-02T14:55:18.416+0000] {processor.py:186} INFO - Started process (PID=2275) to work on /opt/airflow/dags/avito_to_raw_midraw.py
[2026-08-02T14:55:18.416+0000] {processor.py:914} INFO - Processing file /opt/airflow/dags/avito_to_raw_midraw.py for tasks to queue
[2026-08-02T14:55:18.417+0000] {logging_mixin.py:190} INFO - [2026-08-02T14:55:18.417+0000] {dagbag.py:588} INFO - Filling up the DagBag from /opt/airflow/dags/avito_to_raw_midraw.py
[2026-08-02T14:55:18.424+0000] {processor.py:925} INFO - DAG(s) 'avito_to_raw_midraw' retrieved from /opt/airflow/dags/avito_to_raw_midraw.py
[2026-08-02T14:55:18.436+0000] {logging_mixin.py:190} INFO - [2026-08-02T14:55:18.436+0000] {dag.py:3239} INFO - Sync 1 DAGs
[2026-08-02T14:55:18.445+0000] {logging_mixin.py:190} INFO - [2026-08-02T14:55:18.445+0000] {dag.py:4180} INFO - Setting next_dagrun for avito_to_raw_midraw to 2026-08-02 14:00:00+00:00, run_after=2026-08-02 15:00:00+00:00
[2026-08-02T14:55:18.451+0000] {processor.py:208} INFO - Processing /opt/airflow/dags/avito_to_raw_midraw.py took 0.039 seconds
[2026-08-02T14:55:48.687+0000] {processor.py:186} INFO - Started process (PID=2278) to work on /opt/airflow/dags/avito_to_raw_midraw.py
[2026-08-02T14:55:48.688+0000] {processor.py:914} INFO - Processing file /opt/airflow/dags/avito_to_raw_midraw.py for tasks to queue
[2026-08-02T14:55:48.688+0000] {logging_mixin.py:190} INFO - [2026-08-02T14:55:48.688+0000] {dagbag.py:588} INFO - Filling up the DagBag from /opt/airflow/dags/avito_to_raw_midraw.py
[2026-08-02T14:55:48.695+0000] {processor.py:925} INFO - DAG(s) 'avito_to_raw_midraw' retrieved from /opt/airflow/dags/avito_to_raw_midraw.py
[2026-08-02T14:55:48.708+0000] {logging_mixin.py:190} INFO - [2026-08-02T14:55:48.708+0000] {dag.py:3239} INFO - Sync 1 DAGs
[2026-08-02T14:55:48.718+0000] {logging_mixin.py:190} INFO - [2026-08-02T14:55:48.718+0000] {dag.py:4180} INFO - Setting next_dagrun for avito_to_raw_midraw to 2026-08-02 14:00:00+00:00, run_after=2026-08-02 15:00:00+00:00
[2026-08-02T14:55:48.723+0000] {processor.py:208} INFO - Processing /opt/airflow/dags/avito_to_raw_midraw.py took 0.040 seconds
[2026-08-02T15:03:08.618+0000] {processor.py:186} INFO - Started process (PID=2281) to work on /opt/airflow/dags/avito_to_raw_midraw.py
[2026-08-02T15:03:08.619+0000] {processor.py:914} INFO - Processing file /opt/airflow/dags/avito_to_raw_midraw.py for tasks to queue
[2026-08-02T15:03:08.622+0000] {logging_mixin.py:190} INFO - [2026-08-02T15:03:08.621+0000] {dagbag.py:588} INFO - Filling up the DagBag from /opt/airflow/dags/avito_to_raw_midraw.py
[2026-08-02T15:03:08.637+0000] {processor.py:925} INFO - DAG(s) 'avito_to_raw_midraw' retrieved from /opt/airflow/dags/avito_to_raw_midraw.py
[2026-08-02T15:03:08.657+0000] {logging_mixin.py:190} INFO - [2026-08-02T15:03:08.657+0000] {dag.py:3239} INFO - Sync 1 DAGs
[2026-08-02T15:03:08.673+0000] {logging_mixin.py:190} INFO - [2026-08-02T15:03:08.672+0000] {dag.py:4180} INFO - Setting next_dagrun for avito_to_raw_midraw to 2026-08-02 14:00:00+00:00, run_after=2026-08-02 15:00:00+00:00
[2026-08-02T15:03:08.683+0000] {processor.py:208} INFO - Processing /opt/airflow/dags/avito_to_raw_midraw.py took 0.073 seconds
[2026-08-02T15:03:38.833+0000] {processor.py:186} INFO - Started process (PID=2284) to work on /opt/airflow/dags/avito_to_raw_midraw.py
[2026-08-02T15:03:38.833+0000] {processor.py:914} INFO - Processing file /opt/airflow/dags/avito_to_raw_midraw.py for tasks to queue
[2026-08-02T15:03:38.834+0000] {logging_mixin.py:190} INFO - [2026-08-02T15:03:38.833+0000] {dagbag.py:588} INFO - Filling up the DagBag from /opt/airflow/dags/avito_to_raw_midraw.py
[2026-08-02T15:03:38.840+0000] {processor.py:925} INFO - DAG(s) 'avito_to_raw_midraw' retrieved from /opt/airflow/dags/avito_to_raw_midraw.py
[2026-08-02T15:03:38.854+0000] {logging_mixin.py:190} INFO - [2026-08-02T15:03:38.853+0000] {dag.py:3239} INFO - Sync 1 DAGs
[2026-08-02T15:03:38.862+0000] {logging_mixin.py:190} INFO - [2026-08-02T15:03:38.862+0000] {dag.py:4180} INFO - Setting next_dagrun for avito_to_raw_midraw to 2026-08-02 15:00:00+00:00, run_after=2026-08-02 16:00:00+00:00
[2026-08-02T15:03:38.869+0000] {processor.py:208} INFO - Processing /opt/airflow/dags/avito_to_raw_midraw.py took 0.039 seconds
[2026-08-02T15:04:09.095+0000] {processor.py:186} INFO - Started process (PID=2287) to work on /opt/airflow/dags/avito_to_raw_midraw.py
[2026-08-02T15:04:09.095+0000] {processor.py:914} INFO - Processing file /opt/airflow/dags/avito_to_raw_midraw.py for tasks to queue
[2026-08-02T15:04:09.096+0000] {logging_mixin.py:190} INFO - [2026-08-02T15:04:09.096+0000] {dagbag.py:588} INFO - Filling up the DagBag from /opt/airflow/dags/avito_to_raw_midraw.py
[2026-08-02T15:04:09.103+0000] {processor.py:925} INFO - DAG(s) 'avito_to_raw_midraw' retrieved from /opt/airflow/dags/avito_to_raw_midraw.py
[2026-08-02T15:04:09.116+0000] {logging_mixin.py:190} INFO - [2026-08-02T15:04:09.116+0000] {dag.py:3239} INFO - Sync 1 DAGs
[2026-08-02T15:04:09.126+0000] {logging_mixin.py:190} INFO - [2026-08-02T15:04:09.125+0000] {dag.py:4180} INFO - Setting next_dagrun for avito_to_raw_midraw to 2026-08-02 15:00:00+00:00, run_after=2026-08-02 16:00:00+00:00
[2026-08-02T15:04:09.132+0000] {processor.py:208} INFO - Processing /opt/airflow/dags/avito_to_raw_midraw.py took 0.041 seconds
[2026-08-02T15:04:39.356+0000] {processor.py:186} INFO - Started process (PID=2290) to work on /opt/airflow/dags/avito_to_raw_midraw.py
[2026-08-02T15:04:39.358+0000] {processor.py:914} INFO - Processing file /opt/airflow/dags/avito_to_raw_midraw.py for tasks to queue
[2026-08-02T15:04:39.359+0000] {logging_mixin.py:190} INFO - [2026-08-02T15:04:39.358+0000] {dagbag.py:588} INFO - Filling up the DagBag from /opt/airflow/dags/avito_to_raw_midraw.py
[2026-08-02T15:04:39.365+0000] {processor.py:925} INFO - DAG(s) 'avito_to_raw_midraw' retrieved from /opt/airflow/dags/avito_to_raw_midraw.py
[2026-08-02T15:04:39.378+0000] {logging_mixin.py:190} INFO - [2026-08-02T15:04:39.378+0000] {dag.py:3239} INFO - Sync 1 DAGs
[2026-08-02T15:04:39.387+0000] {logging_mixin.py:190} INFO - [2026-08-02T15:04:39.387+0000] {dag.py:4180} INFO - Setting next_dagrun for avito_to_raw_midraw to 2026-08-02 15:00:00+00:00, run_after=2026-08-02 16:00:00+00:00
[2026-08-02T15:04:39.394+0000] {processor.py:208} INFO - Processing /opt/airflow/dags/avito_to_raw_midraw.py took 0.041 seconds
[2026-08-02T15:05:09.653+0000] {processor.py:186} INFO - Started process (PID=2293) to work on /opt/airflow/dags/avito_to_raw_midraw.py
[2026-08-02T15:05:09.654+0000] {processor.py:914} INFO - Processing file /opt/airflow/dags/avito_to_raw_midraw.py for tasks to queue
[2026-08-02T15:05:09.654+0000] {logging_mixin.py:190} INFO - [2026-08-02T15:05:09.654+0000] {dagbag.py:588} INFO - Filling up the DagBag from /opt/airflow/dags/avito_to_raw_midraw.py
[2026-08-02T15:05:09.661+0000] {processor.py:925} INFO - DAG(s) 'avito_to_raw_midraw' retrieved from /opt/airflow/dags/avito_to_raw_midraw.py
[2026-08-02T15:05:09.675+0000] {logging_mixin.py:190} INFO - [2026-08-02T15:05:09.675+0000] {dag.py:3239} INFO - Sync 1 DAGs
[2026-08-02T15:05:09.685+0000] {logging_mixin.py:190} INFO - [2026-08-02T15:05:09.685+0000] {dag.py:4180} INFO - Setting next_dagrun for avito_to_raw_midraw to 2026-08-02 15:00:00+00:00, run_after=2026-08-02 16:00:00+00:00
[2026-08-02T15:05:09.692+0000] {processor.py:208} INFO - Processing /opt/airflow/dags/avito_to_raw_midraw.py took 0.042 seconds
[2026-08-02T15:05:39.909+0000] {processor.py:186} INFO - Started process (PID=2296) to work on /opt/airflow/dags/avito_to_raw_midraw.py
[2026-08-02T15:05:39.910+0000] {processor.py:914} INFO - Processing file /opt/airflow/dags/avito_to_raw_midraw.py for tasks to queue
[2026-08-02T15:05:39.910+0000] {logging_mixin.py:190} INFO - [2026-08-02T15:05:39.910+0000] {dagbag.py:588} INFO - Filling up the DagBag from /opt/airflow/dags/avito_to_raw_midraw.py
[2026-08-02T15:05:39.917+0000] {processor.py:925} INFO - DAG(s) 'avito_to_raw_midraw' retrieved from /opt/airflow/dags/avito_to_raw_midraw.py
[2026-08-02T15:05:39.931+0000] {logging_mixin.py:190} INFO - [2026-08-02T15:05:39.931+0000] {dag.py:3239} INFO - Sync 1 DAGs
[2026-08-02T15:05:39.940+0000] {logging_mixin.py:190} INFO - [2026-08-02T15:05:39.940+0000] {dag.py:4180} INFO - Setting next_dagrun for avito_to_raw_midraw to 2026-08-02 15:00:00+00:00, run_after=2026-08-02 16:00:00+00:00
[2026-08-02T15:05:39.946+0000] {processor.py:208} INFO - Processing /opt/airflow/dags/avito_to_raw_midraw.py took 0.039 seconds
[2026-08-02T15:06:10.137+0000] {processor.py:186} INFO - Started process (PID=2299) to work on /opt/airflow/dags/avito_to_raw_midraw.py
[2026-08-02T15:06:10.138+0000] {processor.py:914} INFO - Processing file /opt/airflow/dags/avito_to_raw_midraw.py for tasks to queue
[2026-08-02T15:06:10.139+0000] {logging_mixin.py:190} INFO - [2026-08-02T15:06:10.139+0000] {dagbag.py:588} INFO - Filling up the DagBag from /opt/airflow/dags/avito_to_raw_midraw.py
[2026-08-02T15:06:10.145+0000] {processor.py:925} INFO - DAG(s) 'avito_to_raw_midraw' retrieved from /opt/airflow/dags/avito_to_raw_midraw.py
[2026-08-02T15:06:10.158+0000] {logging_mixin.py:190} INFO - [2026-08-02T15:06:10.158+0000] {dag.py:3239} INFO - Sync 1 DAGs
[2026-08-02T15:06:10.167+0000] {logging_mixin.py:190} INFO - [2026-08-02T15:06:10.167+0000] {dag.py:4180} INFO - Setting next_dagrun for avito_to_raw_midraw to 2026-08-02 15:00:00+00:00, run_after=2026-08-02 16:00:00+00:00
[2026-08-02T15:06:10.173+0000] {processor.py:208} INFO - Processing /opt/airflow/dags/avito_to_raw_midraw.py took 0.039 seconds
[2026-08-02T15:06:40.401+0000] {processor.py:186} INFO - Started process (PID=2302) to work on /opt/airflow/dags/avito_to_raw_midraw.py
[2026-08-02T15:06:40.402+0000] {processor.py:914} INFO - Processing file /opt/airflow/dags/avito_to_raw_midraw.py for tasks to queue
[2026-08-02T15:06:40.403+0000] {logging_mixin.py:190} INFO - [2026-08-02T15:06:40.403+0000] {dagbag.py:588} INFO - Filling up the DagBag from /opt/airflow/dags/avito_to_raw_midraw.py
[2026-08-02T15:06:40.411+0000] {processor.py:925} INFO - DAG(s) 'avito_to_raw_midraw' retrieved from /opt/airflow/dags/avito_to_raw_midraw.py
[2026-08-02T15:06:40.424+0000] {logging_mixin.py:190} INFO - [2026-08-02T15:06:40.424+0000] {dag.py:3239} INFO - Sync 1 DAGs
[2026-08-02T15:06:40.433+0000] {logging_mixin.py:190} INFO - [2026-08-02T15:06:40.433+0000] {dag.py:4180} INFO - Setting next_dagrun for avito_to_raw_midraw to 2026-08-02 15:00:00+00:00, run_after=2026-08-02 16:00:00+00:00
[2026-08-02T15:06:40.439+0000] {processor.py:208} INFO - Processing /opt/airflow/dags/avito_to_raw_midraw.py took 0.042 seconds
[2026-08-02T15:07:10.697+0000] {processor.py:186} INFO - Started process (PID=2305) to work on /opt/airflow/dags/avito_to_raw_midraw.py
[2026-08-02T15:07:10.698+0000] {processor.py:914} INFO - Processing file /opt/airflow/dags/avito_to_raw_midraw.py for tasks to queue
[2026-08-02T15:07:10.698+0000] {logging_mixin.py:190} INFO - [2026-08-02T15:07:10.698+0000] {dagbag.py:588} INFO - Filling up the DagBag from /opt/airflow/dags/avito_to_raw_midraw.py
[2026-08-02T15:07:10.705+0000] {processor.py:925} INFO - DAG(s) 'avito_to_raw_midraw' retrieved from /opt/airflow/dags/avito_to_raw_midraw.py
[2026-08-02T15:07:10.719+0000] {logging_mixin.py:190} INFO - [2026-08-02T15:07:10.718+0000] {dag.py:3239} INFO - Sync 1 DAGs
[2026-08-02T15:07:10.727+0000] {logging_mixin.py:190} INFO - [2026-08-02T15:07:10.727+0000] {dag.py:4180} INFO - Setting next_dagrun for avito_to_raw_midraw to 2026-08-02 15:00:00+00:00, run_after=2026-08-02 16:00:00+00:00
[2026-08-02T15:07:10.733+0000] {processor.py:208} INFO - Processing /opt/airflow/dags/avito_to_raw_midraw.py took 0.039 seconds
[2026-08-02T15:07:40.955+0000] {processor.py:186} INFO - Started process (PID=2308) to work on /opt/airflow/dags/avito_to_raw_midraw.py
[2026-08-02T15:07:40.956+0000] {processor.py:914} INFO - Processing file /opt/airflow/dags/avito_to_raw_midraw.py for tasks to queue
[2026-08-02T15:07:40.958+0000] {logging_mixin.py:190} INFO - [2026-08-02T15:07:40.958+0000] {dagbag.py:588} INFO - Filling up the DagBag from /opt/airflow/dags/avito_to_raw_midraw.py
[2026-08-02T15:07:40.965+0000] {processor.py:925} INFO - DAG(s) 'avito_to_raw_midraw' retrieved from /opt/airflow/dags/avito_to_raw_midraw.py
[2026-08-02T15:07:40.979+0000] {logging_mixin.py:190} INFO - [2026-08-02T15:07:40.978+0000] {dag.py:3239} INFO - Sync 1 DAGs
[2026-08-02T15:07:40.988+0000] {logging_mixin.py:190} INFO - [2026-08-02T15:07:40.987+0000] {dag.py:4180} INFO - Setting next_dagrun for avito_to_raw_midraw to 2026-08-02 15:00:00+00:00, run_after=2026-08-02 16:00:00+00:00
[2026-08-02T15:07:40.994+0000] {processor.py:208} INFO - Processing /opt/airflow/dags/avito_to_raw_midraw.py took 0.042 seconds
[2026-08-02T15:08:11.280+0000] {processor.py:186} INFO - Started process (PID=2311) to work on /opt/airflow/dags/avito_to_raw_midraw.py
[2026-08-02T15:08:11.280+0000] {processor.py:914} INFO - Processing file /opt/airflow/dags/avito_to_raw_midraw.py for tasks to queue
[2026-08-02T15:08:11.281+0000] {logging_mixin.py:190} INFO - [2026-08-02T15:08:11.280+0000] {dagbag.py:588} INFO - Filling up the DagBag from /opt/airflow/dags/avito_to_raw_midraw.py
[2026-08-02T15:08:11.287+0000] {processor.py:925} INFO - DAG(s) 'avito_to_raw_midraw' retrieved from /opt/airflow/dags/avito_to_raw_midraw.py
[2026-08-02T15:08:11.301+0000] {logging_mixin.py:190} INFO - [2026-08-02T15:08:11.300+0000] {dag.py:3239} INFO - Sync 1 DAGs
[2026-08-02T15:08:11.309+0000] {logging_mixin.py:190} INFO - [2026-08-02T15:08:11.309+0000] {dag.py:4180} INFO - Setting next_dagrun for avito_to_raw_midraw to 2026-08-02 15:00:00+00:00, run_after=2026-08-02 16:00:00+00:00
[2026-08-02T15:08:11.316+0000] {processor.py:208} INFO - Processing /opt/airflow/dags/avito_to_raw_midraw.py took 0.040 seconds
[2026-08-02T15:08:41.551+0000] {processor.py:186} INFO - Started process (PID=2314) to work on /opt/airflow/dags/avito_to_raw_midraw.py
[2026-08-02T15:08:41.552+0000] {processor.py:914} INFO - Processing file /opt/airflow/dags/avito_to_raw_midraw.py for tasks to queue
[2026-08-02T15:08:41.553+0000] {logging_mixin.py:190} INFO - [2026-08-02T15:08:41.552+0000] {dagbag.py:588} INFO - Filling up the DagBag from /opt/airflow/dags/avito_to_raw_midraw.py
[2026-08-02T15:08:41.561+0000] {processor.py:925} INFO - DAG(s) 'avito_to_raw_midraw' retrieved from /opt/airflow/dags/avito_to_raw_midraw.py
[2026-08-02T15:08:41.574+0000] {logging_mixin.py:190} INFO - [2026-08-02T15:08:41.574+0000] {dag.py:3239} INFO - Sync 1 DAGs
[2026-08-02T15:08:41.582+0000] {logging_mixin.py:190} INFO - [2026-08-02T15:08:41.582+0000] {dag.py:4180} INFO - Setting next_dagrun for avito_to_raw_midraw to 2026-08-02 15:00:00+00:00, run_after=2026-08-02 16:00:00+00:00
[2026-08-02T15:08:41.588+0000] {processor.py:208} INFO - Processing /opt/airflow/dags/avito_to_raw_midraw.py took 0.041 seconds
[2026-08-02T15:09:11.824+0000] {processor.py:186} INFO - Started process (PID=2317) to work on /opt/airflow/dags/avito_to_raw_midraw.py
[2026-08-02T15:09:11.825+0000] {processor.py:914} INFO - Processing file /opt/airflow/dags/avito_to_raw_midraw.py for tasks to queue
[2026-08-02T15:09:11.826+0000] {logging_mixin.py:190} INFO - [2026-08-02T15:09:11.826+0000] {dagbag.py:588} INFO - Filling up the DagBag from /opt/airflow/dags/avito_to_raw_midraw.py
[2026-08-02T15:09:11.833+0000] {processor.py:925} INFO - DAG(s) 'avito_to_raw_midraw' retrieved from /opt/airflow/dags/avito_to_raw_midraw.py
[2026-08-02T15:09:11.847+0000] {logging_mixin.py:190} INFO - [2026-08-02T15:09:11.847+0000] {dag.py:3239} INFO - Sync 1 DAGs
[2026-08-02T15:09:11.857+0000] {logging_mixin.py:190} INFO - [2026-08-02T15:09:11.857+0000] {dag.py:4180} INFO - Setting next_dagrun for avito_to_raw_midraw to 2026-08-02 15:00:00+00:00, run_after=2026-08-02 16:00:00+00:00
[2026-08-02T15:09:11.863+0000] {processor.py:208} INFO - Processing /opt/airflow/dags/avito_to_raw_midraw.py took 0.043 seconds
[2026-08-02T15:09:42.110+0000] {processor.py:186} INFO - Started process (PID=2320) to work on /opt/airflow/dags/avito_to_raw_midraw.py
[2026-08-02T15:09:42.110+0000] {processor.py:914} INFO - Processing file /opt/airflow/dags/avito_to_raw_midraw.py for tasks to queue
[2026-08-02T15:09:42.111+0000] {logging_mixin.py:190} INFO - [2026-08-02T15:09:42.111+0000] {dagbag.py:588} INFO - Filling up the DagBag from /opt/airflow/dags/avito_to_raw_midraw.py
[2026-08-02T15:09:42.119+0000] {processor.py:925} INFO - DAG(s) 'avito_to_raw_midraw' retrieved from /opt/airflow/dags/avito_to_raw_midraw.py
[2026-08-02T15:09:42.132+0000] {logging_mixin.py:190} INFO - [2026-08-02T15:09:42.132+0000] {dag.py:3239} INFO - Sync 1 DAGs
[2026-08-02T15:09:42.140+0000] {logging_mixin.py:190} INFO - [2026-08-02T15:09:42.140+0000] {dag.py:4180} INFO - Setting next_dagrun for avito_to_raw_midraw to 2026-08-02 15:00:00+00:00, run_after=2026-08-02 16:00:00+00:00
[2026-08-02T15:09:42.147+0000] {processor.py:208} INFO - Processing /opt/airflow/dags/avito_to_raw_midraw.py took 0.041 seconds
[2026-08-02T15:10:12.372+0000] {processor.py:186} INFO - Started process (PID=2323) to work on /opt/airflow/dags/avito_to_raw_midraw.py
[2026-08-02T15:10:12.373+0000] {processor.py:914} INFO - Processing file /opt/airflow/dags/avito_to_raw_midraw.py for tasks to queue
[2026-08-02T15:10:12.374+0000] {logging_mixin.py:190} INFO - [2026-08-02T15:10:12.373+0000] {dagbag.py:588} INFO - Filling up the DagBag from /opt/airflow/dags/avito_to_raw_midraw.py
[2026-08-02T15:10:12.382+0000] {processor.py:925} INFO - DAG(s) 'avito_to_raw_midraw' retrieved from /opt/airflow/dags/avito_to_raw_midraw.py
[2026-08-02T15:10:12.394+0000] {logging_mixin.py:190} INFO - [2026-08-02T15:10:12.393+0000] {dag.py:3239} INFO - Sync 1 DAGs
[2026-08-02T15:10:12.402+0000] {logging_mixin.py:190} INFO - [2026-08-02T15:10:12.402+0000] {dag.py:4180} INFO - Setting next_dagrun for avito_to_raw_midraw to 2026-08-02 15:00:00+00:00, run_after=2026-08-02 16:00:00+00:00
[2026-08-02T15:10:12.409+0000] {processor.py:208} INFO - Processing /opt/airflow/dags/avito_to_raw_midraw.py took 0.040 seconds
[2026-08-02T15:10:42.619+0000] {processor.py:186} INFO - Started process (PID=2326) to work on /opt/airflow/dags/avito_to_raw_midraw.py
[2026-08-02T15:10:42.619+0000] {processor.py:914} INFO - Processing file /opt/airflow/dags/avito_to_raw_midraw.py for tasks to queue
[2026-08-02T15:10:42.621+0000] {logging_mixin.py:190} INFO - [2026-08-02T15:10:42.620+0000] {dagbag.py:588} INFO - Filling up the DagBag from /opt/airflow/dags/avito_to_raw_midraw.py
[2026-08-02T15:10:42.627+0000] {processor.py:925} INFO - DAG(s) 'avito_to_raw_midraw' retrieved from /opt/airflow/dags/avito_to_raw_midraw.py
[2026-08-02T15:10:42.639+0000] {logging_mixin.py:190} INFO - [2026-08-02T15:10:42.639+0000] {dag.py:3239} INFO - Sync 1 DAGs
[2026-08-02T15:10:42.647+0000] {logging_mixin.py:190} INFO - [2026-08-02T15:10:42.647+0000] {dag.py:4180} INFO - Setting next_dagrun for avito_to_raw_midraw to 2026-08-02 15:00:00+00:00, run_after=2026-08-02 16:00:00+00:00
[2026-08-02T15:10:42.653+0000] {processor.py:208} INFO - Processing /opt/airflow/dags/avito_to_raw_midraw.py took 0.038 seconds
[2026-08-02T15:11:12.936+0000] {processor.py:186} INFO - Started process (PID=2329) to work on /opt/airflow/dags/avito_to_raw_midraw.py
[2026-08-02T15:11:12.937+0000] {processor.py:914} INFO - Processing file /opt/airflow/dags/avito_to_raw_midraw.py for tasks to queue
[2026-08-02T15:11:12.937+0000] {logging_mixin.py:190} INFO - [2026-08-02T15:11:12.937+0000] {dagbag.py:588} INFO - Filling up the DagBag from /opt/airflow/dags/avito_to_raw_midraw.py
[2026-08-02T15:11:12.945+0000] {processor.py:925} INFO - DAG(s) 'avito_to_raw_midraw' retrieved from /opt/airflow/dags/avito_to_raw_midraw.py
[2026-08-02T15:11:12.959+0000] {logging_mixin.py:190} INFO - [2026-08-02T15:11:12.958+0000] {dag.py:3239} INFO - Sync 1 DAGs
[2026-08-02T15:11:12.968+0000] {logging_mixin.py:190} INFO - [2026-08-02T15:11:12.968+0000] {dag.py:4180} INFO - Setting next_dagrun for avito_to_raw_midraw to 2026-08-02 15:00:00+00:00, run_after=2026-08-02 16:00:00+00:00
[2026-08-02T15:11:12.975+0000] {processor.py:208} INFO - Processing /opt/airflow/dags/avito_to_raw_midraw.py took 0.042 seconds
[2026-08-02T15:11:43.213+0000] {processor.py:186} INFO - Started process (PID=2332) to work on /opt/airflow/dags/avito_to_raw_midraw.py
[2026-08-02T15:11:43.214+0000] {processor.py:914} INFO - Processing file /opt/airflow/dags/avito_to_raw_midraw.py for tasks to queue
[2026-08-02T15:11:43.215+0000] {logging_mixin.py:190} INFO - [2026-08-02T15:11:43.215+0000] {dagbag.py:588} INFO - Filling up the DagBag from /opt/airflow/dags/avito_to_raw_midraw.py
[2026-08-02T15:11:43.222+0000] {processor.py:925} INFO - DAG(s) 'avito_to_raw_midraw' retrieved from /opt/airflow/dags/avito_to_raw_midraw.py
[2026-08-02T15:11:43.235+0000] {logging_mixin.py:190} INFO - [2026-08-02T15:11:43.234+0000] {dag.py:3239} INFO - Sync 1 DAGs
[2026-08-02T15:11:43.244+0000] {logging_mixin.py:190} INFO - [2026-08-02T15:11:43.244+0000] {dag.py:4180} INFO - Setting next_dagrun for avito_to_raw_midraw to 2026-08-02 15:00:00+00:00, run_after=2026-08-02 16:00:00+00:00
[2026-08-02T15:11:43.253+0000] {processor.py:208} INFO - Processing /opt/airflow/dags/avito_to_raw_midraw.py took 0.042 seconds
[2026-08-02T15:12:13.471+0000] {processor.py:186} INFO - Started process (PID=2335) to work on /opt/airflow/dags/avito_to_raw_midraw.py
[2026-08-02T15:12:13.472+0000] {processor.py:914} INFO - Processing file /opt/airflow/dags/avito_to_raw_midraw.py for tasks to queue
[2026-08-02T15:12:13.473+0000] {logging_mixin.py:190} INFO - [2026-08-02T15:12:13.473+0000] {dagbag.py:588} INFO - Filling up the DagBag from /opt/airflow/dags/avito_to_raw_midraw.py
[2026-08-02T15:12:13.480+0000] {processor.py:925} INFO - DAG(s) 'avito_to_raw_midraw' retrieved from /opt/airflow/dags/avito_to_raw_midraw.py
[2026-08-02T15:12:13.495+0000] {logging_mixin.py:190} INFO - [2026-08-02T15:12:13.494+0000] {dag.py:3239} INFO - Sync 1 DAGs
[2026-08-02T15:12:13.502+0000] {logging_mixin.py:190} INFO - [2026-08-02T15:12:13.502+0000] {dag.py:4180} INFO - Setting next_dagrun for avito_to_raw_midraw to 2026-08-02 15:00:00+00:00, run_after=2026-08-02 16:00:00+00:00
[2026-08-02T15:12:13.508+0000] {processor.py:208} INFO - Processing /opt/airflow/dags/avito_to_raw_midraw.py took 0.040 seconds
[2026-08-02T15:12:43.739+0000] {processor.py:186} INFO - Started process (PID=2338) to work on /opt/airflow/dags/avito_to_raw_midraw.py
[2026-08-02T15:12:43.740+0000] {processor.py:914} INFO - Processing file /opt/airflow/dags/avito_to_raw_midraw.py for tasks to queue
[2026-08-02T15:12:43.740+0000] {logging_mixin.py:190} INFO - [2026-08-02T15:12:43.740+0000] {dagbag.py:588} INFO - Filling up the DagBag from /opt/airflow/dags/avito_to_raw_midraw.py
[2026-08-02T15:12:43.747+0000] {processor.py:925} INFO - DAG(s) 'avito_to_raw_midraw' retrieved from /opt/airflow/dags/avito_to_raw_midraw.py
[2026-08-02T15:12:43.760+0000] {logging_mixin.py:190} INFO - [2026-08-02T15:12:43.760+0000] {dag.py:3239} INFO - Sync 1 DAGs
[2026-08-02T15:12:43.768+0000] {logging_mixin.py:190} INFO - [2026-08-02T15:12:43.768+0000] {dag.py:4180} INFO - Setting next_dagrun for avito_to_raw_midraw to 2026-08-02 15:00:00+00:00, run_after=2026-08-02 16:00:00+00:00
[2026-08-02T15:12:43.775+0000] {processor.py:208} INFO - Processing /opt/airflow/dags/avito_to_raw_midraw.py took 0.040 seconds
[2026-08-02T15:13:14.001+0000] {processor.py:186} INFO - Started process (PID=2341) to work on /opt/airflow/dags/avito_to_raw_midraw.py
[2026-08-02T15:13:14.002+0000] {processor.py:914} INFO - Processing file /opt/airflow/dags/avito_to_raw_midraw.py for tasks to queue
[2026-08-02T15:13:14.002+0000] {logging_mixin.py:190} INFO - [2026-08-02T15:13:14.002+0000] {dagbag.py:588} INFO - Filling up the DagBag from /opt/airflow/dags/avito_to_raw_midraw.py
[2026-08-02T15:13:14.009+0000] {processor.py:925} INFO - DAG(s) 'avito_to_raw_midraw' retrieved from /opt/airflow/dags/avito_to_raw_midraw.py
[2026-08-02T15:13:14.022+0000] {logging_mixin.py:190} INFO - [2026-08-02T15:13:14.022+0000] {dag.py:3239} INFO - Sync 1 DAGs
[2026-08-02T15:13:14.030+0000] {logging_mixin.py:190} INFO - [2026-08-02T15:13:14.030+0000] {dag.py:4180} INFO - Setting next_dagrun for avito_to_raw_midraw to 2026-08-02 15:00:00+00:00, run_after=2026-08-02 16:00:00+00:00
[2026-08-02T15:13:14.037+0000] {processor.py:208} INFO - Processing /opt/airflow/dags/avito_to_raw_midraw.py took 0.039 seconds
[2026-08-02T15:13:44.258+0000] {processor.py:186} INFO - Started process (PID=2344) to work on /opt/airflow/dags/avito_to_raw_midraw.py
[2026-08-02T15:13:44.258+0000] {processor.py:914} INFO - Processing file /opt/airflow/dags/avito_to_raw_midraw.py for tasks to queue
[2026-08-02T15:13:44.259+0000] {logging_mixin.py:190} INFO - [2026-08-02T15:13:44.259+0000] {dagbag.py:588} INFO - Filling up the DagBag from /opt/airflow/dags/avito_to_raw_midraw.py
[2026-08-02T15:13:44.265+0000] {processor.py:925} INFO - DAG(s) 'avito_to_raw_midraw' retrieved from /opt/airflow/dags/avito_to_raw_midraw.py
[2026-08-02T15:13:44.280+0000] {logging_mixin.py:190} INFO - [2026-08-02T15:13:44.279+0000] {dag.py:3239} INFO - Sync 1 DAGs
[2026-08-02T15:13:44.289+0000] {logging_mixin.py:190} INFO - [2026-08-02T15:13:44.289+0000] {dag.py:4180} INFO - Setting next_dagrun for avito_to_raw_midraw to 2026-08-02 15:00:00+00:00, run_after=2026-08-02 16:00:00+00:00
[2026-08-02T15:13:44.295+0000] {processor.py:208} INFO - Processing /opt/airflow/dags/avito_to_raw_midraw.py took 0.040 seconds
[2026-08-02T15:14:14.487+0000] {processor.py:186} INFO - Started process (PID=2347) to work on /opt/airflow/dags/avito_to_raw_midraw.py
[2026-08-02T15:14:14.487+0000] {processor.py:914} INFO - Processing file /opt/airflow/dags/avito_to_raw_midraw.py for tasks to queue
[2026-08-02T15:14:14.488+0000] {logging_mixin.py:190} INFO - [2026-08-02T15:14:14.488+0000] {dagbag.py:588} INFO - Filling up the DagBag from /opt/airflow/dags/avito_to_raw_midraw.py
[2026-08-02T15:14:14.495+0000] {processor.py:925} INFO - DAG(s) 'avito_to_raw_midraw' retrieved from /opt/airflow/dags/avito_to_raw_midraw.py
[2026-08-02T15:14:14.507+0000] {logging_mixin.py:190} INFO - [2026-08-02T15:14:14.507+0000] {dag.py:3239} INFO - Sync 1 DAGs
[2026-08-02T15:14:14.515+0000] {logging_mixin.py:190} INFO - [2026-08-02T15:14:14.515+0000] {dag.py:4180} INFO - Setting next_dagrun for avito_to_raw_midraw to 2026-08-02 15:00:00+00:00, run_after=2026-08-02 16:00:00+00:00
[2026-08-02T15:14:14.522+0000] {processor.py:208} INFO - Processing /opt/airflow/dags/avito_to_raw_midraw.py took 0.039 seconds
[2026-08-02T15:14:44.759+0000] {processor.py:186} INFO - Started process (PID=2350) to work on /opt/airflow/dags/avito_to_raw_midraw.py
[2026-08-02T15:14:44.759+0000] {processor.py:914} INFO - Processing file /opt/airflow/dags/avito_to_raw_midraw.py for tasks to queue
[2026-08-02T15:14:44.760+0000] {logging_mixin.py:190} INFO - [2026-08-02T15:14:44.759+0000] {dagbag.py:588} INFO - Filling up the DagBag from /opt/airflow/dags/avito_to_raw_midraw.py
[2026-08-02T15:14:44.766+0000] {processor.py:925} INFO - DAG(s) 'avito_to_raw_midraw' retrieved from /opt/airflow/dags/avito_to_raw_midraw.py
[2026-08-02T15:14:44.780+0000] {logging_mixin.py:190} INFO - [2026-08-02T15:14:44.780+0000] {dag.py:3239} INFO - Sync 1 DAGs
[2026-08-02T15:14:44.790+0000] {logging_mixin.py:190} INFO - [2026-08-02T15:14:44.789+0000] {dag.py:4180} INFO - Setting next_dagrun for avito_to_raw_midraw to 2026-08-02 15:00:00+00:00, run_after=2026-08-02 16:00:00+00:00
[2026-08-02T15:14:44.796+0000] {processor.py:208} INFO - Processing /opt/airflow/dags/avito_to_raw_midraw.py took 0.041 seconds
[2026-08-02T15:15:15.002+0000] {processor.py:186} INFO - Started process (PID=2353) to work on /opt/airflow/dags/avito_to_raw_midraw.py
[2026-08-02T15:15:15.003+0000] {processor.py:914} INFO - Processing file /opt/airflow/dags/avito_to_raw_midraw.py for tasks to queue
[2026-08-02T15:15:15.003+0000] {logging_mixin.py:190} INFO - [2026-08-02T15:15:15.003+0000] {dagbag.py:588} INFO - Filling up the DagBag from /opt/airflow/dags/avito_to_raw_midraw.py
[2026-08-02T15:15:15.010+0000] {processor.py:925} INFO - DAG(s) 'avito_to_raw_midraw' retrieved from /opt/airflow/dags/avito_to_raw_midraw.py
[2026-08-02T15:15:15.024+0000] {logging_mixin.py:190} INFO - [2026-08-02T15:15:15.024+0000] {dag.py:3239} INFO - Sync 1 DAGs
[2026-08-02T15:15:15.033+0000] {logging_mixin.py:190} INFO - [2026-08-02T15:15:15.033+0000] {dag.py:4180} INFO - Setting next_dagrun for avito_to_raw_midraw to 2026-08-02 15:00:00+00:00, run_after=2026-08-02 16:00:00+00:00
[2026-08-02T15:15:15.040+0000] {processor.py:208} INFO - Processing /opt/airflow/dags/avito_to_raw_midraw.py took 0.041 seconds
[2026-08-02T15:15:45.231+0000] {processor.py:186} INFO - Started process (PID=2356) to work on /opt/airflow/dags/avito_to_raw_midraw.py
[2026-08-02T15:15:45.232+0000] {processor.py:914} INFO - Processing file /opt/airflow/dags/avito_to_raw_midraw.py for tasks to queue
[2026-08-02T15:15:45.232+0000] {logging_mixin.py:190} INFO - [2026-08-02T15:15:45.232+0000] {dagbag.py:588} INFO - Filling up the DagBag from /opt/airflow/dags/avito_to_raw_midraw.py
[2026-08-02T15:15:45.239+0000] {processor.py:925} INFO - DAG(s) 'avito_to_raw_midraw' retrieved from /opt/airflow/dags/avito_to_raw_midraw.py
[2026-08-02T15:15:45.253+0000] {logging_mixin.py:190} INFO - [2026-08-02T15:15:45.253+0000] {dag.py:3239} INFO - Sync 1 DAGs
[2026-08-02T15:15:45.262+0000] {logging_mixin.py:190} INFO - [2026-08-02T15:15:45.262+0000] {dag.py:4180} INFO - Setting next_dagrun for avito_to_raw_midraw to 2026-08-02 15:00:00+00:00, run_after=2026-08-02 16:00:00+00:00
[2026-08-02T15:15:45.268+0000] {processor.py:208} INFO - Processing /opt/airflow/dags/avito_to_raw_midraw.py took 0.040 seconds
[2026-08-02T15:16:15.480+0000] {processor.py:186} INFO - Started process (PID=2359) to work on /opt/airflow/dags/avito_to_raw_midraw.py
[2026-08-02T15:16:15.480+0000] {processor.py:914} INFO - Processing file /opt/airflow/dags/avito_to_raw_midraw.py for tasks to queue
[2026-08-02T15:16:15.481+0000] {logging_mixin.py:190} INFO - [2026-08-02T15:16:15.480+0000] {dagbag.py:588} INFO - Filling up the DagBag from /opt/airflow/dags/avito_to_raw_midraw.py
[2026-08-02T15:16:15.488+0000] {processor.py:925} INFO - DAG(s) 'avito_to_raw_midraw' retrieved from /opt/airflow/dags/avito_to_raw_midraw.py
[2026-08-02T15:16:15.501+0000] {logging_mixin.py:190} INFO - [2026-08-02T15:16:15.501+0000] {dag.py:3239} INFO - Sync 1 DAGs
[2026-08-02T15:16:15.510+0000] {logging_mixin.py:190} INFO - [2026-08-02T15:16:15.510+0000] {dag.py:4180} INFO - Setting next_dagrun for avito_to_raw_midraw to 2026-08-02 15:00:00+00:00, run_after=2026-08-02 16:00:00+00:00
[2026-08-02T15:16:15.516+0000] {processor.py:208} INFO - Processing /opt/airflow/dags/avito_to_raw_midraw.py took 0.039 seconds
[2026-08-02T15:16:45.728+0000] {processor.py:186} INFO - Started process (PID=2362) to work on /opt/airflow/dags/avito_to_raw_midraw.py
[2026-08-02T15:16:45.729+0000] {processor.py:914} INFO - Processing file /opt/airflow/dags/avito_to_raw_midraw.py for tasks to queue
[2026-08-02T15:16:45.730+0000] {logging_mixin.py:190} INFO - [2026-08-02T15:16:45.729+0000] {dagbag.py:588} INFO - Filling up the DagBag from /opt/airflow/dags/avito_to_raw_midraw.py
[2026-08-02T15:16:45.737+0000] {processor.py:925} INFO - DAG(s) 'avito_to_raw_midraw' retrieved from /opt/airflow/dags/avito_to_raw_midraw.py
[2026-08-02T15:16:45.750+0000] {logging_mixin.py:190} INFO - [2026-08-02T15:16:45.750+0000] {dag.py:3239} INFO - Sync 1 DAGs
[2026-08-02T15:16:45.759+0000] {logging_mixin.py:190} INFO - [2026-08-02T15:16:45.759+0000] {dag.py:4180} INFO - Setting next_dagrun for avito_to_raw_midraw to 2026-08-02 15:00:00+00:00, run_after=2026-08-02 16:00:00+00:00
[2026-08-02T15:16:45.765+0000] {processor.py:208} INFO - Processing /opt/airflow/dags/avito_to_raw_midraw.py took 0.040 seconds
[2026-08-02T15:17:15.984+0000] {processor.py:186} INFO - Started process (PID=2365) to work on /opt/airflow/dags/avito_to_raw_midraw.py
[2026-08-02T15:17:15.984+0000] {processor.py:914} INFO - Processing file /opt/airflow/dags/avito_to_raw_midraw.py for tasks to queue
[2026-08-02T15:17:15.984+0000] {logging_mixin.py:190} INFO - [2026-08-02T15:17:15.984+0000] {dagbag.py:588} INFO - Filling up the DagBag from /opt/airflow/dags/avito_to_raw_midraw.py
[2026-08-02T15:17:15.991+0000] {processor.py:925} INFO - DAG(s) 'avito_to_raw_midraw' retrieved from /opt/airflow/dags/avito_to_raw_midraw.py
[2026-08-02T15:17:16.005+0000] {logging_mixin.py:190} INFO - [2026-08-02T15:17:16.004+0000] {dag.py:3239} INFO - Sync 1 DAGs
[2026-08-02T15:17:16.013+0000] {logging_mixin.py:190} INFO - [2026-08-02T15:17:16.013+0000] {dag.py:4180} INFO - Setting next_dagrun for avito_to_raw_midraw to 2026-08-02 15:00:00+00:00, run_after=2026-08-02 16:00:00+00:00
[2026-08-02T15:17:16.019+0000] {processor.py:208} INFO - Processing /opt/airflow/dags/avito_to_raw_midraw.py took 0.039 seconds
[2026-08-02T15:17:46.240+0000] {processor.py:186} INFO - Started process (PID=2368) to work on /opt/airflow/dags/avito_to_raw_midraw.py
[2026-08-02T15:17:46.241+0000] {processor.py:914} INFO - Processing file /opt/airflow/dags/avito_to_raw_midraw.py for tasks to queue
[2026-08-02T15:17:46.242+0000] {logging_mixin.py:190} INFO - [2026-08-02T15:17:46.241+0000] {dagbag.py:588} INFO - Filling up the DagBag from /opt/airflow/dags/avito_to_raw_midraw.py
[2026-08-02T15:17:46.248+0000] {processor.py:925} INFO - DAG(s) 'avito_to_raw_midraw' retrieved from /opt/airflow/dags/avito_to_raw_midraw.py
[2026-08-02T15:17:46.261+0000] {logging_mixin.py:190} INFO - [2026-08-02T15:17:46.261+0000] {dag.py:3239} INFO - Sync 1 DAGs
[2026-08-02T15:17:46.269+0000] {logging_mixin.py:190} INFO - [2026-08-02T15:17:46.269+0000] {dag.py:4180} INFO - Setting next_dagrun for avito_to_raw_midraw to 2026-08-02 15:00:00+00:00, run_after=2026-08-02 16:00:00+00:00
[2026-08-02T15:17:46.275+0000] {processor.py:208} INFO - Processing /opt/airflow/dags/avito_to_raw_midraw.py took 0.038 seconds
[2026-08-02T15:18:16.540+0000] {processor.py:186} INFO - Started process (PID=2371) to work on /opt/airflow/dags/avito_to_raw_midraw.py
[2026-08-02T15:18:16.541+0000] {processor.py:914} INFO - Processing file /opt/airflow/dags/avito_to_raw_midraw.py for tasks to queue
[2026-08-02T15:18:16.541+0000] {logging_mixin.py:190} INFO - [2026-08-02T15:18:16.541+0000] {dagbag.py:588} INFO - Filling up the DagBag from /opt/airflow/dags/avito_to_raw_midraw.py
[2026-08-02T15:18:16.548+0000] {processor.py:925} INFO - DAG(s) 'avito_to_raw_midraw' retrieved from /opt/airflow/dags/avito_to_raw_midraw.py
[2026-08-02T15:18:16.562+0000] {logging_mixin.py:190} INFO - [2026-08-02T15:18:16.562+0000] {dag.py:3239} INFO - Sync 1 DAGs
[2026-08-02T15:18:16.571+0000] {logging_mixin.py:190} INFO - [2026-08-02T15:18:16.571+0000] {dag.py:4180} INFO - Setting next_dagrun for avito_to_raw_midraw to 2026-08-02 15:00:00+00:00, run_after=2026-08-02 16:00:00+00:00
[2026-08-02T15:18:16.578+0000] {processor.py:208} INFO - Processing /opt/airflow/dags/avito_to_raw_midraw.py took 0.042 seconds
[2026-08-02T15:18:46.794+0000] {processor.py:186} INFO - Started process (PID=2374) to work on /opt/airflow/dags/avito_to_raw_midraw.py
[2026-08-02T15:18:46.795+0000] {processor.py:914} INFO - Processing file /opt/airflow/dags/avito_to_raw_midraw.py for tasks to queue
[2026-08-02T15:18:46.796+0000] {logging_mixin.py:190} INFO - [2026-08-02T15:18:46.795+0000] {dagbag.py:588} INFO - Filling up the DagBag from /opt/airflow/dags/avito_to_raw_midraw.py
[2026-08-02T15:18:46.802+0000] {processor.py:925} INFO - DAG(s) 'avito_to_raw_midraw' retrieved from /opt/airflow/dags/avito_to_raw_midraw.py
[2026-08-02T15:18:46.816+0000] {logging_mixin.py:190} INFO - [2026-08-02T15:18:46.815+0000] {dag.py:3239} INFO - Sync 1 DAGs
[2026-08-02T15:18:46.825+0000] {logging_mixin.py:190} INFO - [2026-08-02T15:18:46.825+0000] {dag.py:4180} INFO - Setting next_dagrun for avito_to_raw_midraw to 2026-08-02 15:00:00+00:00, run_after=2026-08-02 16:00:00+00:00
[2026-08-02T15:18:46.831+0000] {processor.py:208} INFO - Processing /opt/airflow/dags/avito_to_raw_midraw.py took 0.040 seconds
[2026-08-02T15:19:17.070+0000] {processor.py:186} INFO - Started process (PID=2377) to work on /opt/airflow/dags/avito_to_raw_midraw.py
[2026-08-02T15:19:17.071+0000] {processor.py:914} INFO - Processing file /opt/airflow/dags/avito_to_raw_midraw.py for tasks to queue
[2026-08-02T15:19:17.071+0000] {logging_mixin.py:190} INFO - [2026-08-02T15:19:17.071+0000] {dagbag.py:588} INFO - Filling up the DagBag from /opt/airflow/dags/avito_to_raw_midraw.py
[2026-08-02T15:19:17.079+0000] {processor.py:925} INFO - DAG(s) 'avito_to_raw_midraw' retrieved from /opt/airflow/dags/avito_to_raw_midraw.py
[2026-08-02T15:19:17.092+0000] {logging_mixin.py:190} INFO - [2026-08-02T15:19:17.091+0000] {dag.py:3239} INFO - Sync 1 DAGs
[2026-08-02T15:19:17.100+0000] {logging_mixin.py:190} INFO - [2026-08-02T15:19:17.100+0000] {dag.py:4180} INFO - Setting next_dagrun for avito_to_raw_midraw to 2026-08-02 15:00:00+00:00, run_after=2026-08-02 16:00:00+00:00
[2026-08-02T15:19:17.106+0000] {processor.py:208} INFO - Processing /opt/airflow/dags/avito_to_raw_midraw.py took 0.039 seconds
[2026-08-02T15:19:47.342+0000] {processor.py:186} INFO - Started process (PID=2380) to work on /opt/airflow/dags/avito_to_raw_midraw.py
[2026-08-02T15:19:47.343+0000] {processor.py:914} INFO - Processing file /opt/airflow/dags/avito_to_raw_midraw.py for tasks to queue
[2026-08-02T15:19:47.343+0000] {logging_mixin.py:190} INFO - [2026-08-02T15:19:47.343+0000] {dagbag.py:588} INFO - Filling up the DagBag from /opt/airflow/dags/avito_to_raw_midraw.py
[2026-08-02T15:19:47.350+0000] {processor.py:925} INFO - DAG(s) 'avito_to_raw_midraw' retrieved from /opt/airflow/dags/avito_to_raw_midraw.py
[2026-08-02T15:19:47.364+0000] {logging_mixin.py:190} INFO - [2026-08-02T15:19:47.364+0000] {dag.py:3239} INFO - Sync 1 DAGs
[2026-08-02T15:19:47.372+0000] {logging_mixin.py:190} INFO - [2026-08-02T15:19:47.372+0000] {dag.py:4180} INFO - Setting next_dagrun for avito_to_raw_midraw to 2026-08-02 15:00:00+00:00, run_after=2026-08-02 16:00:00+00:00
[2026-08-02T15:19:47.378+0000] {processor.py:208} INFO - Processing /opt/airflow/dags/avito_to_raw_midraw.py took 0.039 seconds
[2026-08-02T15:20:17.626+0000] {processor.py:186} INFO - Started process (PID=2383) to work on /opt/airflow/dags/avito_to_raw_midraw.py
[2026-08-02T15:20:17.627+0000] {processor.py:914} INFO - Processing file /opt/airflow/dags/avito_to_raw_midraw.py for tasks to queue
[2026-08-02T15:20:17.627+0000] {logging_mixin.py:190} INFO - [2026-08-02T15:20:17.627+0000] {dagbag.py:588} INFO - Filling up the DagBag from /opt/airflow/dags/avito_to_raw_midraw.py
[2026-08-02T15:20:17.634+0000] {processor.py:925} INFO - DAG(s) 'avito_to_raw_midraw' retrieved from /opt/airflow/dags/avito_to_raw_midraw.py
[2026-08-02T15:20:17.648+0000] {logging_mixin.py:190} INFO - [2026-08-02T15:20:17.648+0000] {dag.py:3239} INFO - Sync 1 DAGs
[2026-08-02T15:20:17.656+0000] {logging_mixin.py:190} INFO - [2026-08-02T15:20:17.656+0000] {dag.py:4180} INFO - Setting next_dagrun for avito_to_raw_midraw to 2026-08-02 15:00:00+00:00, run_after=2026-08-02 16:00:00+00:00
[2026-08-02T15:20:17.662+0000] {processor.py:208} INFO - Processing /opt/airflow/dags/avito_to_raw_midraw.py took 0.039 seconds
[2026-08-02T15:20:47.876+0000] {processor.py:186} INFO - Started process (PID=2386) to work on /opt/airflow/dags/avito_to_raw_midraw.py
[2026-08-02T15:20:47.876+0000] {processor.py:914} INFO - Processing file /opt/airflow/dags/avito_to_raw_midraw.py for tasks to queue
[2026-08-02T15:20:47.877+0000] {logging_mixin.py:190} INFO - [2026-08-02T15:20:47.876+0000] {dagbag.py:588} INFO - Filling up the DagBag from /opt/airflow/dags/avito_to_raw_midraw.py
[2026-08-02T15:20:47.883+0000] {processor.py:925} INFO - DAG(s) 'avito_to_raw_midraw' retrieved from /opt/airflow/dags/avito_to_raw_midraw.py
[2026-08-02T15:20:47.897+0000] {logging_mixin.py:190} INFO - [2026-08-02T15:20:47.897+0000] {dag.py:3239} INFO - Sync 1 DAGs
[2026-08-02T15:20:47.905+0000] {logging_mixin.py:190} INFO - [2026-08-02T15:20:47.905+0000] {dag.py:4180} INFO - Setting next_dagrun for avito_to_raw_midraw to 2026-08-02 15:00:00+00:00, run_after=2026-08-02 16:00:00+00:00
[2026-08-02T15:20:47.911+0000] {processor.py:208} INFO - Processing /opt/airflow/dags/avito_to_raw_midraw.py took 0.039 seconds
[2026-08-02T15:21:18.159+0000] {processor.py:186} INFO - Started process (PID=2389) to work on /opt/airflow/dags/avito_to_raw_midraw.py
[2026-08-02T15:21:18.160+0000] {processor.py:914} INFO - Processing file /opt/airflow/dags/avito_to_raw_midraw.py for tasks to queue
[2026-08-02T15:21:18.161+0000] {logging_mixin.py:190} INFO - [2026-08-02T15:21:18.161+0000] {dagbag.py:588} INFO - Filling up the DagBag from /opt/airflow/dags/avito_to_raw_midraw.py
[2026-08-02T15:21:18.169+0000] {processor.py:925} INFO - DAG(s) 'avito_to_raw_midraw' retrieved from /opt/airflow/dags/avito_to_raw_midraw.py
[2026-08-02T15:21:18.182+0000] {logging_mixin.py:190} INFO - [2026-08-02T15:21:18.182+0000] {dag.py:3239} INFO - Sync 1 DAGs
[2026-08-02T15:21:18.192+0000] {logging_mixin.py:190} INFO - [2026-08-02T15:21:18.192+0000] {dag.py:4180} INFO - Setting next_dagrun for avito_to_raw_midraw to 2026-08-02 15:00:00+00:00, run_after=2026-08-02 16:00:00+00:00
[2026-08-02T15:21:18.197+0000] {processor.py:208} INFO - Processing /opt/airflow/dags/avito_to_raw_midraw.py took 0.041 seconds
[2026-08-02T15:21:48.462+0000] {processor.py:186} INFO - Started process (PID=2392) to work on /opt/airflow/dags/avito_to_raw_midraw.py
[2026-08-02T15:21:48.463+0000] {processor.py:914} INFO - Processing file /opt/airflow/dags/avito_to_raw_midraw.py for tasks to queue
[2026-08-02T15:21:48.464+0000] {logging_mixin.py:190} INFO - [2026-08-02T15:21:48.464+0000] {dagbag.py:588} INFO - Filling up the DagBag from /opt/airflow/dags/avito_to_raw_midraw.py
[2026-08-02T15:21:48.473+0000] {processor.py:925} INFO - DAG(s) 'avito_to_raw_midraw' retrieved from /opt/airflow/dags/avito_to_raw_midraw.py
[2026-08-02T15:21:48.486+0000] {logging_mixin.py:190} INFO - [2026-08-02T15:21:48.486+0000] {dag.py:3239} INFO - Sync 1 DAGs
[2026-08-02T15:21:48.495+0000] {logging_mixin.py:190} INFO - [2026-08-02T15:21:48.495+0000] {dag.py:4180} INFO - Setting next_dagrun for avito_to_raw_midraw to 2026-08-02 15:00:00+00:00, run_after=2026-08-02 16:00:00+00:00
[2026-08-02T15:21:48.502+0000] {processor.py:208} INFO - Processing /opt/airflow/dags/avito_to_raw_midraw.py took 0.044 seconds
[2026-08-02T15:22:18.746+0000] {processor.py:186} INFO - Started process (PID=2395) to work on /opt/airflow/dags/avito_to_raw_midraw.py
[2026-08-02T15:22:18.747+0000] {processor.py:914} INFO - Processing file /opt/airflow/dags/avito_to_raw_midraw.py for tasks to queue
[2026-08-02T15:22:18.747+0000] {logging_mixin.py:190} INFO - [2026-08-02T15:22:18.747+0000] {dagbag.py:588} INFO - Filling up the DagBag from /opt/airflow/dags/avito_to_raw_midraw.py
[2026-08-02T15:22:18.754+0000] {processor.py:925} INFO - DAG(s) 'avito_to_raw_midraw' retrieved from /opt/airflow/dags/avito_to_raw_midraw.py
[2026-08-02T15:22:18.767+0000] {logging_mixin.py:190} INFO - [2026-08-02T15:22:18.767+0000] {dag.py:3239} INFO - Sync 1 DAGs
[2026-08-02T15:22:18.776+0000] {logging_mixin.py:190} INFO - [2026-08-02T15:22:18.776+0000] {dag.py:4180} INFO - Setting next_dagrun for avito_to_raw_midraw to 2026-08-02 15:00:00+00:00, run_after=2026-08-02 16:00:00+00:00
[2026-08-02T15:22:18.783+0000] {processor.py:208} INFO - Processing /opt/airflow/dags/avito_to_raw_midraw.py took 0.040 seconds
[2026-08-02T15:22:49.012+0000] {processor.py:186} INFO - Started process (PID=2398) to work on /opt/airflow/dags/avito_to_raw_midraw.py
[2026-08-02T15:22:49.013+0000] {processor.py:914} INFO - Processing file /opt/airflow/dags/avito_to_raw_midraw.py for tasks to queue
[2026-08-02T15:22:49.013+0000] {logging_mixin.py:190} INFO - [2026-08-02T15:22:49.013+0000] {dagbag.py:588} INFO - Filling up the DagBag from /opt/airflow/dags/avito_to_raw_midraw.py
[2026-08-02T15:22:49.020+0000] {processor.py:925} INFO - DAG(s) 'avito_to_raw_midraw' retrieved from /opt/airflow/dags/avito_to_raw_midraw.py
[2026-08-02T15:22:49.034+0000] {logging_mixin.py:190} INFO - [2026-08-02T15:22:49.034+0000] {dag.py:3239} INFO - Sync 1 DAGs
[2026-08-02T15:22:49.042+0000] {logging_mixin.py:190} INFO - [2026-08-02T15:22:49.042+0000] {dag.py:4180} INFO - Setting next_dagrun for avito_to_raw_midraw to 2026-08-02 15:00:00+00:00, run_after=2026-08-02 16:00:00+00:00
[2026-08-02T15:22:49.048+0000] {processor.py:208} INFO - Processing /opt/airflow/dags/avito_to_raw_midraw.py took 0.039 seconds
[2026-08-02T15:23:19.275+0000] {processor.py:186} INFO - Started process (PID=2401) to work on /opt/airflow/dags/avito_to_raw_midraw.py
[2026-08-02T15:23:19.276+0000] {processor.py:914} INFO - Processing file /opt/airflow/dags/avito_to_raw_midraw.py for tasks to queue
[2026-08-02T15:23:19.276+0000] {logging_mixin.py:190} INFO - [2026-08-02T15:23:19.276+0000] {dagbag.py:588} INFO - Filling up the DagBag from /opt/airflow/dags/avito_to_raw_midraw.py
[2026-08-02T15:23:19.284+0000] {processor.py:925} INFO - DAG(s) 'avito_to_raw_midraw' retrieved from /opt/airflow/dags/avito_to_raw_midraw.py
[2026-08-02T15:23:19.300+0000] {logging_mixin.py:190} INFO - [2026-08-02T15:23:19.300+0000] {dag.py:3239} INFO - Sync 1 DAGs
[2026-08-02T15:23:19.310+0000] {logging_mixin.py:190} INFO - [2026-08-02T15:23:19.310+0000] {dag.py:4180} INFO - Setting next_dagrun for avito_to_raw_midraw to 2026-08-02 15:00:00+00:00, run_after=2026-08-02 16:00:00+00:00
[2026-08-02T15:23:19.317+0000] {processor.py:208} INFO - Processing /opt/airflow/dags/avito_to_raw_midraw.py took 0.045 seconds
[2026-08-02T15:23:49.559+0000] {processor.py:186} INFO - Started process (PID=2404) to work on /opt/airflow/dags/avito_to_raw_midraw.py
[2026-08-02T15:23:49.560+0000] {processor.py:914} INFO - Processing file /opt/airflow/dags/avito_to_raw_midraw.py for tasks to queue
[2026-08-02T15:23:49.561+0000] {logging_mixin.py:190} INFO - [2026-08-02T15:23:49.560+0000] {dagbag.py:588} INFO - Filling up the DagBag from /opt/airflow/dags/avito_to_raw_midraw.py
[2026-08-02T15:23:49.567+0000] {processor.py:925} INFO - DAG(s) 'avito_to_raw_midraw' retrieved from /opt/airflow/dags/avito_to_raw_midraw.py
[2026-08-02T15:23:49.580+0000] {logging_mixin.py:190} INFO - [2026-08-02T15:23:49.580+0000] {dag.py:3239} INFO - Sync 1 DAGs
[2026-08-02T15:23:49.590+0000] {logging_mixin.py:190} INFO - [2026-08-02T15:23:49.590+0000] {dag.py:4180} INFO - Setting next_dagrun for avito_to_raw_midraw to 2026-08-02 15:00:00+00:00, run_after=2026-08-02 16:00:00+00:00
[2026-08-02T15:23:49.598+0000] {processor.py:208} INFO - Processing /opt/airflow/dags/avito_to_raw_midraw.py took 0.041 seconds
[2026-08-02T15:24:19.810+0000] {processor.py:186} INFO - Started process (PID=2407) to work on /opt/airflow/dags/avito_to_raw_midraw.py
[2026-08-02T15:24:19.811+0000] {processor.py:914} INFO - Processing file /opt/airflow/dags/avito_to_raw_midraw.py for tasks to queue
[2026-08-02T15:24:19.812+0000] {logging_mixin.py:190} INFO - [2026-08-02T15:24:19.811+0000] {dagbag.py:588} INFO - Filling up the DagBag from /opt/airflow/dags/avito_to_raw_midraw.py
[2026-08-02T15:24:19.818+0000] {processor.py:925} INFO - DAG(s) 'avito_to_raw_midraw' retrieved from /opt/airflow/dags/avito_to_raw_midraw.py
[2026-08-02T15:24:19.831+0000] {logging_mixin.py:190} INFO - [2026-08-02T15:24:19.831+0000] {dag.py:3239} INFO - Sync 1 DAGs
[2026-08-02T15:24:19.840+0000] {logging_mixin.py:190} INFO - [2026-08-02T15:24:19.840+0000] {dag.py:4180} INFO - Setting next_dagrun for avito_to_raw_midraw to 2026-08-02 15:00:00+00:00, run_after=2026-08-02 16:00:00+00:00
[2026-08-02T15:24:19.846+0000] {processor.py:208} INFO - Processing /opt/airflow/dags/avito_to_raw_midraw.py took 0.038 seconds
[2026-08-02T15:24:50.082+0000] {processor.py:186} INFO - Started process (PID=2410) to work on /opt/airflow/dags/avito_to_raw_midraw.py
[2026-08-02T15:24:50.082+0000] {processor.py:914} INFO - Processing file /opt/airflow/dags/avito_to_raw_midraw.py for tasks to queue
[2026-08-02T15:24:50.083+0000] {logging_mixin.py:190} INFO - [2026-08-02T15:24:50.082+0000] {dagbag.py:588} INFO - Filling up the DagBag from /opt/airflow/dags/avito_to_raw_midraw.py
[2026-08-02T15:24:50.090+0000] {processor.py:925} INFO - DAG(s) 'avito_to_raw_midraw' retrieved from /opt/airflow/dags/avito_to_raw_midraw.py
[2026-08-02T15:24:50.103+0000] {logging_mixin.py:190} INFO - [2026-08-02T15:24:50.103+0000] {dag.py:3239} INFO - Sync 1 DAGs
[2026-08-02T15:24:50.112+0000] {logging_mixin.py:190} INFO - [2026-08-02T15:24:50.112+0000] {dag.py:4180} INFO - Setting next_dagrun for avito_to_raw_midraw to 2026-08-02 15:00:00+00:00, run_after=2026-08-02 16:00:00+00:00
[2026-08-02T15:24:50.118+0000] {processor.py:208} INFO - Processing /opt/airflow/dags/avito_to_raw_midraw.py took 0.040 seconds
[2026-08-02T15:25:20.382+0000] {processor.py:186} INFO - Started process (PID=2413) to work on /opt/airflow/dags/avito_to_raw_midraw.py
[2026-08-02T15:25:20.382+0000] {processor.py:914} INFO - Processing file /opt/airflow/dags/avito_to_raw_midraw.py for tasks to queue
[2026-08-02T15:25:20.383+0000] {logging_mixin.py:190} INFO - [2026-08-02T15:25:20.382+0000] {dagbag.py:588} INFO - Filling up the DagBag from /opt/airflow/dags/avito_to_raw_midraw.py
[2026-08-02T15:25:20.390+0000] {processor.py:925} INFO - DAG(s) 'avito_to_raw_midraw' retrieved from /opt/airflow/dags/avito_to_raw_midraw.py
[2026-08-02T15:25:20.403+0000] {logging_mixin.py:190} INFO - [2026-08-02T15:25:20.403+0000] {dag.py:3239} INFO - Sync 1 DAGs
[2026-08-02T15:25:20.412+0000] {logging_mixin.py:190} INFO - [2026-08-02T15:25:20.412+0000] {dag.py:4180} INFO - Setting next_dagrun for avito_to_raw_midraw to 2026-08-02 15:00:00+00:00, run_after=2026-08-02 16:00:00+00:00
[2026-08-02T15:25:20.418+0000] {processor.py:208} INFO - Processing /opt/airflow/dags/avito_to_raw_midraw.py took 0.039 seconds
[2026-08-02T15:25:50.667+0000] {processor.py:186} INFO - Started process (PID=2416) to work on /opt/airflow/dags/avito_to_raw_midraw.py
[2026-08-02T15:25:50.668+0000] {processor.py:914} INFO - Processing file /opt/airflow/dags/avito_to_raw_midraw.py for tasks to queue
[2026-08-02T15:25:50.668+0000] {logging_mixin.py:190} INFO - [2026-08-02T15:25:50.668+0000] {dagbag.py:588} INFO - Filling up the DagBag from /opt/airflow/dags/avito_to_raw_midraw.py
[2026-08-02T15:25:50.675+0000] {processor.py:925} INFO - DAG(s) 'avito_to_raw_midraw' retrieved from /opt/airflow/dags/avito_to_raw_midraw.py
[2026-08-02T15:25:50.689+0000] {logging_mixin.py:190} INFO - [2026-08-02T15:25:50.689+0000] {dag.py:3239} INFO - Sync 1 DAGs
[2026-08-02T15:25:50.699+0000] {logging_mixin.py:190} INFO - [2026-08-02T15:25:50.699+0000] {dag.py:4180} INFO - Setting next_dagrun for avito_to_raw_midraw to 2026-08-02 15:00:00+00:00, run_after=2026-08-02 16:00:00+00:00
[2026-08-02T15:25:50.710+0000] {processor.py:208} INFO - Processing /opt/airflow/dags/avito_to_raw_midraw.py took 0.045 seconds
[2026-08-02T15:26:20.964+0000] {processor.py:186} INFO - Started process (PID=2419) to work on /opt/airflow/dags/avito_to_raw_midraw.py
[2026-08-02T15:26:20.964+0000] {processor.py:914} INFO - Processing file /opt/airflow/dags/avito_to_raw_midraw.py for tasks to queue
[2026-08-02T15:26:20.965+0000] {logging_mixin.py:190} INFO - [2026-08-02T15:26:20.965+0000] {dagbag.py:588} INFO - Filling up the DagBag from /opt/airflow/dags/avito_to_raw_midraw.py
[2026-08-02T15:26:20.971+0000] {processor.py:925} INFO - DAG(s) 'avito_to_raw_midraw' retrieved from /opt/airflow/dags/avito_to_raw_midraw.py
[2026-08-02T15:26:20.985+0000] {logging_mixin.py:190} INFO - [2026-08-02T15:26:20.984+0000] {dag.py:3239} INFO - Sync 1 DAGs
[2026-08-02T15:26:20.993+0000] {logging_mixin.py:190} INFO - [2026-08-02T15:26:20.993+0000] {dag.py:4180} INFO - Setting next_dagrun for avito_to_raw_midraw to 2026-08-02 15:00:00+00:00, run_after=2026-08-02 16:00:00+00:00
[2026-08-02T15:26:21.000+0000] {processor.py:208} INFO - Processing /opt/airflow/dags/avito_to_raw_midraw.py took 0.039 seconds
[2026-08-02T15:26:51.260+0000] {processor.py:186} INFO - Started process (PID=2422) to work on /opt/airflow/dags/avito_to_raw_midraw.py
[2026-08-02T15:26:51.260+0000] {processor.py:914} INFO - Processing file /opt/airflow/dags/avito_to_raw_midraw.py for tasks to queue
[2026-08-02T15:26:51.261+0000] {logging_mixin.py:190} INFO - [2026-08-02T15:26:51.261+0000] {dagbag.py:588} INFO - Filling up the DagBag from /opt/airflow/dags/avito_to_raw_midraw.py
[2026-08-02T15:26:51.269+0000] {processor.py:925} INFO - DAG(s) 'avito_to_raw_midraw' retrieved from /opt/airflow/dags/avito_to_raw_midraw.py
[2026-08-02T15:26:51.283+0000] {logging_mixin.py:190} INFO - [2026-08-02T15:26:51.283+0000] {dag.py:3239} INFO - Sync 1 DAGs
[2026-08-02T15:26:51.293+0000] {logging_mixin.py:190} INFO - [2026-08-02T15:26:51.293+0000] {dag.py:4180} INFO - Setting next_dagrun for avito_to_raw_midraw to 2026-08-02 15:00:00+00:00, run_after=2026-08-02 16:00:00+00:00
[2026-08-02T15:26:51.300+0000] {processor.py:208} INFO - Processing /opt/airflow/dags/avito_to_raw_midraw.py took 0.044 seconds
[2026-08-02T15:27:21.545+0000] {processor.py:186} INFO - Started process (PID=2425) to work on /opt/airflow/dags/avito_to_raw_midraw.py
[2026-08-02T15:27:21.546+0000] {processor.py:914} INFO - Processing file /opt/airflow/dags/avito_to_raw_midraw.py for tasks to queue
[2026-08-02T15:27:21.546+0000] {logging_mixin.py:190} INFO - [2026-08-02T15:27:21.546+0000] {dagbag.py:588} INFO - Filling up the DagBag from /opt/airflow/dags/avito_to_raw_midraw.py
[2026-08-02T15:27:21.553+0000] {processor.py:925} INFO - DAG(s) 'avito_to_raw_midraw' retrieved from /opt/airflow/dags/avito_to_raw_midraw.py
[2026-08-02T15:27:21.566+0000] {logging_mixin.py:190} INFO - [2026-08-02T15:27:21.566+0000] {dag.py:3239} INFO - Sync 1 DAGs
[2026-08-02T15:27:21.575+0000] {logging_mixin.py:190} INFO - [2026-08-02T15:27:21.575+0000] {dag.py:4180} INFO - Setting next_dagrun for avito_to_raw_midraw to 2026-08-02 15:00:00+00:00, run_after=2026-08-02 16:00:00+00:00
[2026-08-02T15:27:21.580+0000] {processor.py:208} INFO - Processing /opt/airflow/dags/avito_to_raw_midraw.py took 0.038 seconds
[2026-08-02T15:27:51.850+0000] {processor.py:186} INFO - Started process (PID=2428) to work on /opt/airflow/dags/avito_to_raw_midraw.py
[2026-08-02T15:27:51.850+0000] {processor.py:914} INFO - Processing file /opt/airflow/dags/avito_to_raw_midraw.py for tasks to queue
[2026-08-02T15:27:51.851+0000] {logging_mixin.py:190} INFO - [2026-08-02T15:27:51.851+0000] {dagbag.py:588} INFO - Filling up the DagBag from /opt/airflow/dags/avito_to_raw_midraw.py
[2026-08-02T15:27:51.858+0000] {processor.py:925} INFO - DAG(s) 'avito_to_raw_midraw' retrieved from /opt/airflow/dags/avito_to_raw_midraw.py
[2026-08-02T15:27:51.872+0000] {logging_mixin.py:190} INFO - [2026-08-02T15:27:51.872+0000] {dag.py:3239} INFO - Sync 1 DAGs
[2026-08-02T15:27:51.881+0000] {logging_mixin.py:190} INFO - [2026-08-02T15:27:51.881+0000] {dag.py:4180} INFO - Setting next_dagrun for avito_to_raw_midraw to 2026-08-02 15:00:00+00:00, run_after=2026-08-02 16:00:00+00:00
[2026-08-02T15:27:51.887+0000] {processor.py:208} INFO - Processing /opt/airflow/dags/avito_to_raw_midraw.py took 0.041 seconds
[2026-08-02T15:28:22.132+0000] {processor.py:186} INFO - Started process (PID=2431) to work on /opt/airflow/dags/avito_to_raw_midraw.py
[2026-08-02T15:28:22.132+0000] {processor.py:914} INFO - Processing file /opt/airflow/dags/avito_to_raw_midraw.py for tasks to queue
[2026-08-02T15:28:22.133+0000] {logging_mixin.py:190} INFO - [2026-08-02T15:28:22.133+0000] {dagbag.py:588} INFO - Filling up the DagBag from /opt/airflow/dags/avito_to_raw_midraw.py
[2026-08-02T15:28:22.140+0000] {processor.py:925} INFO - DAG(s) 'avito_to_raw_midraw' retrieved from /opt/airflow/dags/avito_to_raw_midraw.py
[2026-08-02T15:28:22.154+0000] {logging_mixin.py:190} INFO - [2026-08-02T15:28:22.154+0000] {dag.py:3239} INFO - Sync 1 DAGs
[2026-08-02T15:28:22.163+0000] {logging_mixin.py:190} INFO - [2026-08-02T15:28:22.163+0000] {dag.py:4180} INFO - Setting next_dagrun for avito_to_raw_midraw to 2026-08-02 15:00:00+00:00, run_after=2026-08-02 16:00:00+00:00
[2026-08-02T15:28:22.169+0000] {processor.py:208} INFO - Processing /opt/airflow/dags/avito_to_raw_midraw.py took 0.041 seconds
[2026-08-02T15:28:52.428+0000] {processor.py:186} INFO - Started process (PID=2434) to work on /opt/airflow/dags/avito_to_raw_midraw.py
[2026-08-02T15:28:52.429+0000] {processor.py:914} INFO - Processing file /opt/airflow/dags/avito_to_raw_midraw.py for tasks to queue
[2026-08-02T15:28:52.429+0000] {logging_mixin.py:190} INFO - [2026-08-02T15:28:52.429+0000] {dagbag.py:588} INFO - Filling up the DagBag from /opt/airflow/dags/avito_to_raw_midraw.py
[2026-08-02T15:28:52.436+0000] {processor.py:925} INFO - DAG(s) 'avito_to_raw_midraw' retrieved from /opt/airflow/dags/avito_to_raw_midraw.py
[2026-08-02T15:28:52.449+0000] {logging_mixin.py:190} INFO - [2026-08-02T15:28:52.449+0000] {dag.py:3239} INFO - Sync 1 DAGs
[2026-08-02T15:28:52.458+0000] {logging_mixin.py:190} INFO - [2026-08-02T15:28:52.458+0000] {dag.py:4180} INFO - Setting next_dagrun for avito_to_raw_midraw to 2026-08-02 15:00:00+00:00, run_after=2026-08-02 16:00:00+00:00
[2026-08-02T15:28:52.463+0000] {processor.py:208} INFO - Processing /opt/airflow/dags/avito_to_raw_midraw.py took 0.039 seconds
[2026-08-02T15:29:22.760+0000] {processor.py:186} INFO - Started process (PID=2437) to work on /opt/airflow/dags/avito_to_raw_midraw.py
[2026-08-02T15:29:22.760+0000] {processor.py:914} INFO - Processing file /opt/airflow/dags/avito_to_raw_midraw.py for tasks to queue
[2026-08-02T15:29:22.761+0000] {logging_mixin.py:190} INFO - [2026-08-02T15:29:22.761+0000] {dagbag.py:588} INFO - Filling up the DagBag from /opt/airflow/dags/avito_to_raw_midraw.py
[2026-08-02T15:29:22.768+0000] {processor.py:925} INFO - DAG(s) 'avito_to_raw_midraw' retrieved from /opt/airflow/dags/avito_to_raw_midraw.py
[2026-08-02T15:29:22.782+0000] {logging_mixin.py:190} INFO - [2026-08-02T15:29:22.782+0000] {dag.py:3239} INFO - Sync 1 DAGs
[2026-08-02T15:29:22.792+0000] {logging_mixin.py:190} INFO - [2026-08-02T15:29:22.792+0000] {dag.py:4180} INFO - Setting next_dagrun for avito_to_raw_midraw to 2026-08-02 15:00:00+00:00, run_after=2026-08-02 16:00:00+00:00
[2026-08-02T15:29:22.799+0000] {processor.py:208} INFO - Processing /opt/airflow/dags/avito_to_raw_midraw.py took 0.043 seconds
[2026-08-02T15:29:53.057+0000] {processor.py:186} INFO - Started process (PID=2440) to work on /opt/airflow/dags/avito_to_raw_midraw.py
[2026-08-02T15:29:53.058+0000] {processor.py:914} INFO - Processing file /opt/airflow/dags/avito_to_raw_midraw.py for tasks to queue
[2026-08-02T15:29:53.058+0000] {logging_mixin.py:190} INFO - [2026-08-02T15:29:53.058+0000] {dagbag.py:588} INFO - Filling up the DagBag from /opt/airflow/dags/avito_to_raw_midraw.py
[2026-08-02T15:29:53.065+0000] {processor.py:925} INFO - DAG(s) 'avito_to_raw_midraw' retrieved from /opt/airflow/dags/avito_to_raw_midraw.py
[2026-08-02T15:29:53.080+0000] {logging_mixin.py:190} INFO - [2026-08-02T15:29:53.079+0000] {dag.py:3239} INFO - Sync 1 DAGs
[2026-08-02T15:29:53.089+0000] {logging_mixin.py:190} INFO - [2026-08-02T15:29:53.089+0000] {dag.py:4180} INFO - Setting next_dagrun for avito_to_raw_midraw to 2026-08-02 15:00:00+00:00, run_after=2026-08-02 16:00:00+00:00
[2026-08-02T15:29:53.095+0000] {processor.py:208} INFO - Processing /opt/airflow/dags/avito_to_raw_midraw.py took 0.041 seconds
[2026-08-02T15:30:23.399+0000] {processor.py:186} INFO - Started process (PID=2443) to work on /opt/airflow/dags/avito_to_raw_midraw.py
[2026-08-02T15:30:23.399+0000] {processor.py:914} INFO - Processing file /opt/airflow/dags/avito_to_raw_midraw.py for tasks to queue
[2026-08-02T15:30:23.400+0000] {logging_mixin.py:190} INFO - [2026-08-02T15:30:23.400+0000] {dagbag.py:588} INFO - Filling up the DagBag from /opt/airflow/dags/avito_to_raw_midraw.py
[2026-08-02T15:30:23.407+0000] {processor.py:925} INFO - DAG(s) 'avito_to_raw_midraw' retrieved from /opt/airflow/dags/avito_to_raw_midraw.py
[2026-08-02T15:30:23.421+0000] {logging_mixin.py:190} INFO - [2026-08-02T15:30:23.420+0000] {dag.py:3239} INFO - Sync 1 DAGs
[2026-08-02T15:30:23.430+0000] {logging_mixin.py:190} INFO - [2026-08-02T15:30:23.430+0000] {dag.py:4180} INFO - Setting next_dagrun for avito_to_raw_midraw to 2026-08-02 15:00:00+00:00, run_after=2026-08-02 16:00:00+00:00
[2026-08-02T15:30:23.437+0000] {processor.py:208} INFO - Processing /opt/airflow/dags/avito_to_raw_midraw.py took 0.041 seconds
[2026-08-02T15:30:53.699+0000] {processor.py:186} INFO - Started process (PID=2446) to work on /opt/airflow/dags/avito_to_raw_midraw.py
[2026-08-02T15:30:53.699+0000] {processor.py:914} INFO - Processing file /opt/airflow/dags/avito_to_raw_midraw.py for tasks to queue
[2026-08-02T15:30:53.700+0000] {logging_mixin.py:190} INFO - [2026-08-02T15:30:53.700+0000] {dagbag.py:588} INFO - Filling up the DagBag from /opt/airflow/dags/avito_to_raw_midraw.py
[2026-08-02T15:30:53.708+0000] {processor.py:925} INFO - DAG(s) 'avito_to_raw_midraw' retrieved from /opt/airflow/dags/avito_to_raw_midraw.py
[2026-08-02T15:30:53.722+0000] {logging_mixin.py:190} INFO - [2026-08-02T15:30:53.722+0000] {dag.py:3239} INFO - Sync 1 DAGs
[2026-08-02T15:30:53.733+0000] {logging_mixin.py:190} INFO - [2026-08-02T15:30:53.733+0000] {dag.py:4180} INFO - Setting next_dagrun for avito_to_raw_midraw to 2026-08-02 15:00:00+00:00, run_after=2026-08-02 16:00:00+00:00
[2026-08-02T15:30:53.740+0000] {processor.py:208} INFO - Processing /opt/airflow/dags/avito_to_raw_midraw.py took 0.044 seconds
[2026-08-02T15:31:23.959+0000] {processor.py:186} INFO - Started process (PID=2449) to work on /opt/airflow/dags/avito_to_raw_midraw.py
[2026-08-02T15:31:23.959+0000] {processor.py:914} INFO - Processing file /opt/airflow/dags/avito_to_raw_midraw.py for tasks to queue
[2026-08-02T15:31:23.960+0000] {logging_mixin.py:190} INFO - [2026-08-02T15:31:23.960+0000] {dagbag.py:588} INFO - Filling up the DagBag from /opt/airflow/dags/avito_to_raw_midraw.py
[2026-08-02T15:31:23.967+0000] {processor.py:925} INFO - DAG(s) 'avito_to_raw_midraw' retrieved from /opt/airflow/dags/avito_to_raw_midraw.py
[2026-08-02T15:31:23.981+0000] {logging_mixin.py:190} INFO - [2026-08-02T15:31:23.980+0000] {dag.py:3239} INFO - Sync 1 DAGs
[2026-08-02T15:31:23.989+0000] {logging_mixin.py:190} INFO - [2026-08-02T15:31:23.989+0000] {dag.py:4180} INFO - Setting next_dagrun for avito_to_raw_midraw to 2026-08-02 15:00:00+00:00, run_after=2026-08-02 16:00:00+00:00
[2026-08-02T15:31:23.996+0000] {processor.py:208} INFO - Processing /opt/airflow/dags/avito_to_raw_midraw.py took 0.040 seconds
[2026-08-02T15:31:54.248+0000] {processor.py:186} INFO - Started process (PID=2452) to work on /opt/airflow/dags/avito_to_raw_midraw.py
[2026-08-02T15:31:54.249+0000] {processor.py:914} INFO - Processing file /opt/airflow/dags/avito_to_raw_midraw.py for tasks to queue
[2026-08-02T15:31:54.249+0000] {logging_mixin.py:190} INFO - [2026-08-02T15:31:54.249+0000] {dagbag.py:588} INFO - Filling up the DagBag from /opt/airflow/dags/avito_to_raw_midraw.py
[2026-08-02T15:31:54.257+0000] {processor.py:925} INFO - DAG(s) 'avito_to_raw_midraw' retrieved from /opt/airflow/dags/avito_to_raw_midraw.py
[2026-08-02T15:31:54.272+0000] {logging_mixin.py:190} INFO - [2026-08-02T15:31:54.272+0000] {dag.py:3239} INFO - Sync 1 DAGs
[2026-08-02T15:31:54.282+0000] {logging_mixin.py:190} INFO - [2026-08-02T15:31:54.282+0000] {dag.py:4180} INFO - Setting next_dagrun for avito_to_raw_midraw to 2026-08-02 15:00:00+00:00, run_after=2026-08-02 16:00:00+00:00
[2026-08-02T15:31:54.291+0000] {processor.py:208} INFO - Processing /opt/airflow/dags/avito_to_raw_midraw.py took 0.046 seconds
[2026-08-02T15:32:24.592+0000] {processor.py:186} INFO - Started process (PID=2455) to work on /opt/airflow/dags/avito_to_raw_midraw.py
[2026-08-02T15:32:24.592+0000] {processor.py:914} INFO - Processing file /opt/airflow/dags/avito_to_raw_midraw.py for tasks to queue
[2026-08-02T15:32:24.592+0000] {logging_mixin.py:190} INFO - [2026-08-02T15:32:24.592+0000] {dagbag.py:588} INFO - Filling up the DagBag from /opt/airflow/dags/avito_to_raw_midraw.py
[2026-08-02T15:32:24.600+0000] {processor.py:925} INFO - DAG(s) 'avito_to_raw_midraw' retrieved from /opt/airflow/dags/avito_to_raw_midraw.py
[2026-08-02T15:32:24.619+0000] {logging_mixin.py:190} INFO - [2026-08-02T15:32:24.618+0000] {dag.py:3239} INFO - Sync 1 DAGs
[2026-08-02T15:32:24.628+0000] {logging_mixin.py:190} INFO - [2026-08-02T15:32:24.628+0000] {dag.py:4180} INFO - Setting next_dagrun for avito_to_raw_midraw to 2026-08-02 15:00:00+00:00, run_after=2026-08-02 16:00:00+00:00
[2026-08-02T15:32:24.634+0000] {processor.py:208} INFO - Processing /opt/airflow/dags/avito_to_raw_midraw.py took 0.045 seconds
[2026-08-02T15:32:54.890+0000] {processor.py:186} INFO - Started process (PID=2458) to work on /opt/airflow/dags/avito_to_raw_midraw.py
[2026-08-02T15:32:54.891+0000] {processor.py:914} INFO - Processing file /opt/airflow/dags/avito_to_raw_midraw.py for tasks to queue
[2026-08-02T15:32:54.892+0000] {logging_mixin.py:190} INFO - [2026-08-02T15:32:54.892+0000] {dagbag.py:588} INFO - Filling up the DagBag from /opt/airflow/dags/avito_to_raw_midraw.py
[2026-08-02T15:32:54.899+0000] {processor.py:925} INFO - DAG(s) 'avito_to_raw_midraw' retrieved from /opt/airflow/dags/avito_to_raw_midraw.py
[2026-08-02T15:32:54.913+0000] {logging_mixin.py:190} INFO - [2026-08-02T15:32:54.913+0000] {dag.py:3239} INFO - Sync 1 DAGs
[2026-08-02T15:32:54.922+0000] {logging_mixin.py:190} INFO - [2026-08-02T15:32:54.922+0000] {dag.py:4180} INFO - Setting next_dagrun for avito_to_raw_midraw to 2026-08-02 15:00:00+00:00, run_after=2026-08-02 16:00:00+00:00
[2026-08-02T15:32:54.928+0000] {processor.py:208} INFO - Processing /opt/airflow/dags/avito_to_raw_midraw.py took 0.041 seconds
[2026-08-02T15:33:25.217+0000] {processor.py:186} INFO - Started process (PID=2461) to work on /opt/airflow/dags/avito_to_raw_midraw.py
[2026-08-02T15:33:25.217+0000] {processor.py:914} INFO - Processing file /opt/airflow/dags/avito_to_raw_midraw.py for tasks to queue
[2026-08-02T15:33:25.218+0000] {logging_mixin.py:190} INFO - [2026-08-02T15:33:25.218+0000] {dagbag.py:588} INFO - Filling up the DagBag from /opt/airflow/dags/avito_to_raw_midraw.py
[2026-08-02T15:33:25.225+0000] {processor.py:925} INFO - DAG(s) 'avito_to_raw_midraw' retrieved from /opt/airflow/dags/avito_to_raw_midraw.py
[2026-08-02T15:33:25.238+0000] {logging_mixin.py:190} INFO - [2026-08-02T15:33:25.238+0000] {dag.py:3239} INFO - Sync 1 DAGs
[2026-08-02T15:33:25.247+0000] {logging_mixin.py:190} INFO - [2026-08-02T15:33:25.247+0000] {dag.py:4180} INFO - Setting next_dagrun for avito_to_raw_midraw to 2026-08-02 15:00:00+00:00, run_after=2026-08-02 16:00:00+00:00
[2026-08-02T15:33:25.253+0000] {processor.py:208} INFO - Processing /opt/airflow/dags/avito_to_raw_midraw.py took 0.040 seconds
[2026-08-02T15:33:55.505+0000] {processor.py:186} INFO - Started process (PID=2464) to work on /opt/airflow/dags/avito_to_raw_midraw.py
[2026-08-02T15:33:55.506+0000] {processor.py:914} INFO - Processing file /opt/airflow/dags/avito_to_raw_midraw.py for tasks to queue
[2026-08-02T15:33:55.507+0000] {logging_mixin.py:190} INFO - [2026-08-02T15:33:55.506+0000] {dagbag.py:588} INFO - Filling up the DagBag from /opt/airflow/dags/avito_to_raw_midraw.py
[2026-08-02T15:33:55.513+0000] {processor.py:925} INFO - DAG(s) 'avito_to_raw_midraw' retrieved from /opt/airflow/dags/avito_to_raw_midraw.py
[2026-08-02T15:33:55.527+0000] {logging_mixin.py:190} INFO - [2026-08-02T15:33:55.526+0000] {dag.py:3239} INFO - Sync 1 DAGs
[2026-08-02T15:33:55.535+0000] {logging_mixin.py:190} INFO - [2026-08-02T15:33:55.535+0000] {dag.py:4180} INFO - Setting next_dagrun for avito_to_raw_midraw to 2026-08-02 15:00:00+00:00, run_after=2026-08-02 16:00:00+00:00
[2026-08-02T15:33:55.541+0000] {processor.py:208} INFO - Processing /opt/airflow/dags/avito_to_raw_midraw.py took 0.039 seconds
[2026-08-02T15:34:25.783+0000] {processor.py:186} INFO - Started process (PID=2467) to work on /opt/airflow/dags/avito_to_raw_midraw.py
[2026-08-02T15:34:25.783+0000] {processor.py:914} INFO - Processing file /opt/airflow/dags/avito_to_raw_midraw.py for tasks to queue
[2026-08-02T15:34:25.784+0000] {logging_mixin.py:190} INFO - [2026-08-02T15:34:25.784+0000] {dagbag.py:588} INFO - Filling up the DagBag from /opt/airflow/dags/avito_to_raw_midraw.py
[2026-08-02T15:34:25.791+0000] {processor.py:925} INFO - DAG(s) 'avito_to_raw_midraw' retrieved from /opt/airflow/dags/avito_to_raw_midraw.py
[2026-08-02T15:34:25.804+0000] {logging_mixin.py:190} INFO - [2026-08-02T15:34:25.804+0000] {dag.py:3239} INFO - Sync 1 DAGs
[2026-08-02T15:34:25.814+0000] {logging_mixin.py:190} INFO - [2026-08-02T15:34:25.814+0000] {dag.py:4180} INFO - Setting next_dagrun for avito_to_raw_midraw to 2026-08-02 15:00:00+00:00, run_after=2026-08-02 16:00:00+00:00
[2026-08-02T15:34:25.821+0000] {processor.py:208} INFO - Processing /opt/airflow/dags/avito_to_raw_midraw.py took 0.042 seconds
[2026-08-02T15:34:56.070+0000] {processor.py:186} INFO - Started process (PID=2470) to work on /opt/airflow/dags/avito_to_raw_midraw.py
[2026-08-02T15:34:56.070+0000] {processor.py:914} INFO - Processing file /opt/airflow/dags/avito_to_raw_midraw.py for tasks to queue
[2026-08-02T15:34:56.071+0000] {logging_mixin.py:190} INFO - [2026-08-02T15:34:56.071+0000] {dagbag.py:588} INFO - Filling up the DagBag from /opt/airflow/dags/avito_to_raw_midraw.py
[2026-08-02T15:34:56.079+0000] {processor.py:925} INFO - DAG(s) 'avito_to_raw_midraw' retrieved from /opt/airflow/dags/avito_to_raw_midraw.py
[2026-08-02T15:34:56.092+0000] {logging_mixin.py:190} INFO - [2026-08-02T15:34:56.092+0000] {dag.py:3239} INFO - Sync 1 DAGs
[2026-08-02T15:34:56.101+0000] {logging_mixin.py:190} INFO - [2026-08-02T15:34:56.101+0000] {dag.py:4180} INFO - Setting next_dagrun for avito_to_raw_midraw to 2026-08-02 15:00:00+00:00, run_after=2026-08-02 16:00:00+00:00
[2026-08-02T15:34:56.107+0000] {processor.py:208} INFO - Processing /opt/airflow/dags/avito_to_raw_midraw.py took 0.042 seconds
[2026-08-02T15:35:26.362+0000] {processor.py:186} INFO - Started process (PID=2473) to work on /opt/airflow/dags/avito_to_raw_midraw.py
[2026-08-02T15:35:26.362+0000] {processor.py:914} INFO - Processing file /opt/airflow/dags/avito_to_raw_midraw.py for tasks to queue
[2026-08-02T15:35:26.363+0000] {logging_mixin.py:190} INFO - [2026-08-02T15:35:26.363+0000] {dagbag.py:588} INFO - Filling up the DagBag from /opt/airflow/dags/avito_to_raw_midraw.py
[2026-08-02T15:35:26.370+0000] {processor.py:925} INFO - DAG(s) 'avito_to_raw_midraw' retrieved from /opt/airflow/dags/avito_to_raw_midraw.py
[2026-08-02T15:35:26.385+0000] {logging_mixin.py:190} INFO - [2026-08-02T15:35:26.385+0000] {dag.py:3239} INFO - Sync 1 DAGs
[2026-08-02T15:35:26.394+0000] {logging_mixin.py:190} INFO - [2026-08-02T15:35:26.394+0000] {dag.py:4180} INFO - Setting next_dagrun for avito_to_raw_midraw to 2026-08-02 15:00:00+00:00, run_after=2026-08-02 16:00:00+00:00
[2026-08-02T15:35:26.401+0000] {processor.py:208} INFO - Processing /opt/airflow/dags/avito_to_raw_midraw.py took 0.043 seconds
[2026-08-02T15:35:56.669+0000] {processor.py:186} INFO - Started process (PID=2476) to work on /opt/airflow/dags/avito_to_raw_midraw.py
[2026-08-02T15:35:56.670+0000] {processor.py:914} INFO - Processing file /opt/airflow/dags/avito_to_raw_midraw.py for tasks to queue
[2026-08-02T15:35:56.671+0000] {logging_mixin.py:190} INFO - [2026-08-02T15:35:56.670+0000] {dagbag.py:588} INFO - Filling up the DagBag from /opt/airflow/dags/avito_to_raw_midraw.py
[2026-08-02T15:35:56.678+0000] {processor.py:925} INFO - DAG(s) 'avito_to_raw_midraw' retrieved from /opt/airflow/dags/avito_to_raw_midraw.py
[2026-08-02T15:35:56.692+0000] {logging_mixin.py:190} INFO - [2026-08-02T15:35:56.692+0000] {dag.py:3239} INFO - Sync 1 DAGs
[2026-08-02T15:35:56.700+0000] {logging_mixin.py:190} INFO - [2026-08-02T15:35:56.700+0000] {dag.py:4180} INFO - Setting next_dagrun for avito_to_raw_midraw to 2026-08-02 15:00:00+00:00, run_after=2026-08-02 16:00:00+00:00
[2026-08-02T15:35:56.706+0000] {processor.py:208} INFO - Processing /opt/airflow/dags/avito_to_raw_midraw.py took 0.041 seconds
[2026-08-02T15:36:26.936+0000] {processor.py:186} INFO - Started process (PID=2479) to work on /opt/airflow/dags/avito_to_raw_midraw.py
[2026-08-02T15:36:26.937+0000] {processor.py:914} INFO - Processing file /opt/airflow/dags/avito_to_raw_midraw.py for tasks to queue
[2026-08-02T15:36:26.937+0000] {logging_mixin.py:190} INFO - [2026-08-02T15:36:26.937+0000] {dagbag.py:588} INFO - Filling up the DagBag from /opt/airflow/dags/avito_to_raw_midraw.py
[2026-08-02T15:36:26.944+0000] {processor.py:925} INFO - DAG(s) 'avito_to_raw_midraw' retrieved from /opt/airflow/dags/avito_to_raw_midraw.py
[2026-08-02T15:36:26.958+0000] {logging_mixin.py:190} INFO - [2026-08-02T15:36:26.958+0000] {dag.py:3239} INFO - Sync 1 DAGs
[2026-08-02T15:36:26.967+0000] {logging_mixin.py:190} INFO - [2026-08-02T15:36:26.966+0000] {dag.py:4180} INFO - Setting next_dagrun for avito_to_raw_midraw to 2026-08-02 15:00:00+00:00, run_after=2026-08-02 16:00:00+00:00
[2026-08-02T15:36:26.973+0000] {processor.py:208} INFO - Processing /opt/airflow/dags/avito_to_raw_midraw.py took 0.040 seconds
[2026-08-02T15:36:57.192+0000] {processor.py:186} INFO - Started process (PID=2482) to work on /opt/airflow/dags/avito_to_raw_midraw.py
[2026-08-02T15:36:57.193+0000] {processor.py:914} INFO - Processing file /opt/airflow/dags/avito_to_raw_midraw.py for tasks to queue
[2026-08-02T15:36:57.194+0000] {logging_mixin.py:190} INFO - [2026-08-02T15:36:57.194+0000] {dagbag.py:588} INFO - Filling up the DagBag from /opt/airflow/dags/avito_to_raw_midraw.py
[2026-08-02T15:36:57.201+0000] {processor.py:925} INFO - DAG(s) 'avito_to_raw_midraw' retrieved from /opt/airflow/dags/avito_to_raw_midraw.py
[2026-08-02T15:36:57.214+0000] {logging_mixin.py:190} INFO - [2026-08-02T15:36:57.214+0000] {dag.py:3239} INFO - Sync 1 DAGs
[2026-08-02T15:36:57.222+0000] {logging_mixin.py:190} INFO - [2026-08-02T15:36:57.222+0000] {dag.py:4180} INFO - Setting next_dagrun for avito_to_raw_midraw to 2026-08-02 15:00:00+00:00, run_after=2026-08-02 16:00:00+00:00
[2026-08-02T15:36:57.228+0000] {processor.py:208} INFO - Processing /opt/airflow/dags/avito_to_raw_midraw.py took 0.039 seconds
[2026-08-02T15:37:27.471+0000] {processor.py:186} INFO - Started process (PID=2485) to work on /opt/airflow/dags/avito_to_raw_midraw.py
[2026-08-02T15:37:27.472+0000] {processor.py:914} INFO - Processing file /opt/airflow/dags/avito_to_raw_midraw.py for tasks to queue
[2026-08-02T15:37:27.473+0000] {logging_mixin.py:190} INFO - [2026-08-02T15:37:27.473+0000] {dagbag.py:588} INFO - Filling up the DagBag from /opt/airflow/dags/avito_to_raw_midraw.py
[2026-08-02T15:37:27.480+0000] {processor.py:925} INFO - DAG(s) 'avito_to_raw_midraw' retrieved from /opt/airflow/dags/avito_to_raw_midraw.py
[2026-08-02T15:37:27.495+0000] {logging_mixin.py:190} INFO - [2026-08-02T15:37:27.495+0000] {dag.py:3239} INFO - Sync 1 DAGs
[2026-08-02T15:37:27.504+0000] {logging_mixin.py:190} INFO - [2026-08-02T15:37:27.504+0000] {dag.py:4180} INFO - Setting next_dagrun for avito_to_raw_midraw to 2026-08-02 15:00:00+00:00, run_after=2026-08-02 16:00:00+00:00
[2026-08-02T15:37:27.510+0000] {processor.py:208} INFO - Processing /opt/airflow/dags/avito_to_raw_midraw.py took 0.043 seconds
[2026-08-02T15:37:57.818+0000] {processor.py:186} INFO - Started process (PID=2488) to work on /opt/airflow/dags/avito_to_raw_midraw.py
[2026-08-02T15:37:57.818+0000] {processor.py:914} INFO - Processing file /opt/airflow/dags/avito_to_raw_midraw.py for tasks to queue
[2026-08-02T15:37:57.819+0000] {logging_mixin.py:190} INFO - [2026-08-02T15:37:57.819+0000] {dagbag.py:588} INFO - Filling up the DagBag from /opt/airflow/dags/avito_to_raw_midraw.py
[2026-08-02T15:37:57.826+0000] {processor.py:925} INFO - DAG(s) 'avito_to_raw_midraw' retrieved from /opt/airflow/dags/avito_to_raw_midraw.py
[2026-08-02T15:37:57.840+0000] {logging_mixin.py:190} INFO - [2026-08-02T15:37:57.840+0000] {dag.py:3239} INFO - Sync 1 DAGs
[2026-08-02T15:37:57.849+0000] {logging_mixin.py:190} INFO - [2026-08-02T15:37:57.849+0000] {dag.py:4180} INFO - Setting next_dagrun for avito_to_raw_midraw to 2026-08-02 15:00:00+00:00, run_after=2026-08-02 16:00:00+00:00
[2026-08-02T15:37:57.855+0000] {processor.py:208} INFO - Processing /opt/airflow/dags/avito_to_raw_midraw.py took 0.042 seconds
[2026-08-02T15:38:28.078+0000] {processor.py:186} INFO - Started process (PID=2491) to work on /opt/airflow/dags/avito_to_raw_midraw.py
[2026-08-02T15:38:28.078+0000] {processor.py:914} INFO - Processing file /opt/airflow/dags/avito_to_raw_midraw.py for tasks to queue
[2026-08-02T15:38:28.079+0000] {logging_mixin.py:190} INFO - [2026-08-02T15:38:28.079+0000] {dagbag.py:588} INFO - Filling up the DagBag from /opt/airflow/dags/avito_to_raw_midraw.py
[2026-08-02T15:38:28.086+0000] {processor.py:925} INFO - DAG(s) 'avito_to_raw_midraw' retrieved from /opt/airflow/dags/avito_to_raw_midraw.py
[2026-08-02T15:38:28.099+0000] {logging_mixin.py:190} INFO - [2026-08-02T15:38:28.099+0000] {dag.py:3239} INFO - Sync 1 DAGs
[2026-08-02T15:38:28.107+0000] {logging_mixin.py:190} INFO - [2026-08-02T15:38:28.107+0000] {dag.py:4180} INFO - Setting next_dagrun for avito_to_raw_midraw to 2026-08-02 15:00:00+00:00, run_after=2026-08-02 16:00:00+00:00
[2026-08-02T15:38:28.113+0000] {processor.py:208} INFO - Processing /opt/airflow/dags/avito_to_raw_midraw.py took 0.039 seconds
[2026-08-02T15:38:58.351+0000] {processor.py:186} INFO - Started process (PID=2494) to work on /opt/airflow/dags/avito_to_raw_midraw.py
[2026-08-02T15:38:58.351+0000] {processor.py:914} INFO - Processing file /opt/airflow/dags/avito_to_raw_midraw.py for tasks to queue
[2026-08-02T15:38:58.352+0000] {logging_mixin.py:190} INFO - [2026-08-02T15:38:58.351+0000] {dagbag.py:588} INFO - Filling up the DagBag from /opt/airflow/dags/avito_to_raw_midraw.py
[2026-08-02T15:38:58.359+0000] {processor.py:925} INFO - DAG(s) 'avito_to_raw_midraw' retrieved from /opt/airflow/dags/avito_to_raw_midraw.py
[2026-08-02T15:38:58.373+0000] {logging_mixin.py:190} INFO - [2026-08-02T15:38:58.373+0000] {dag.py:3239} INFO - Sync 1 DAGs
[2026-08-02T15:38:58.382+0000] {logging_mixin.py:190} INFO - [2026-08-02T15:38:58.382+0000] {dag.py:4180} INFO - Setting next_dagrun for avito_to_raw_midraw to 2026-08-02 15:00:00+00:00, run_after=2026-08-02 16:00:00+00:00
[2026-08-02T15:38:58.389+0000] {processor.py:208} INFO - Processing /opt/airflow/dags/avito_to_raw_midraw.py took 0.042 seconds
[2026-08-02T15:39:28.591+0000] {processor.py:186} INFO - Started process (PID=2497) to work on /opt/airflow/dags/avito_to_raw_midraw.py
[2026-08-02T15:39:28.591+0000] {processor.py:914} INFO - Processing file /opt/airflow/dags/avito_to_raw_midraw.py for tasks to queue
[2026-08-02T15:39:28.592+0000] {logging_mixin.py:190} INFO - [2026-08-02T15:39:28.592+0000] {dagbag.py:588} INFO - Filling up the DagBag from /opt/airflow/dags/avito_to_raw_midraw.py
[2026-08-02T15:39:28.599+0000] {processor.py:925} INFO - DAG(s) 'avito_to_raw_midraw' retrieved from /opt/airflow/dags/avito_to_raw_midraw.py
[2026-08-02T15:39:28.613+0000] {logging_mixin.py:190} INFO - [2026-08-02T15:39:28.613+0000] {dag.py:3239} INFO - Sync 1 DAGs
[2026-08-02T15:39:28.622+0000] {logging_mixin.py:190} INFO - [2026-08-02T15:39:28.622+0000] {dag.py:4180} INFO - Setting next_dagrun for avito_to_raw_midraw to 2026-08-02 15:00:00+00:00, run_after=2026-08-02 16:00:00+00:00
[2026-08-02T15:39:28.629+0000] {processor.py:208} INFO - Processing /opt/airflow/dags/avito_to_raw_midraw.py took 0.042 seconds
[2026-08-02T15:39:58.897+0000] {processor.py:186} INFO - Started process (PID=2500) to work on /opt/airflow/dags/avito_to_raw_midraw.py
[2026-08-02T15:39:58.898+0000] {processor.py:914} INFO - Processing file /opt/airflow/dags/avito_to_raw_midraw.py for tasks to queue
[2026-08-02T15:39:58.898+0000] {logging_mixin.py:190} INFO - [2026-08-02T15:39:58.898+0000] {dagbag.py:588} INFO - Filling up the DagBag from /opt/airflow/dags/avito_to_raw_midraw.py
[2026-08-02T15:39:58.907+0000] {processor.py:925} INFO - DAG(s) 'avito_to_raw_midraw' retrieved from /opt/airflow/dags/avito_to_raw_midraw.py
[2026-08-02T15:39:58.921+0000] {logging_mixin.py:190} INFO - [2026-08-02T15:39:58.921+0000] {dag.py:3239} INFO - Sync 1 DAGs
[2026-08-02T15:39:58.930+0000] {logging_mixin.py:190} INFO - [2026-08-02T15:39:58.930+0000] {dag.py:4180} INFO - Setting next_dagrun for avito_to_raw_midraw to 2026-08-02 15:00:00+00:00, run_after=2026-08-02 16:00:00+00:00
[2026-08-02T15:39:58.938+0000] {processor.py:208} INFO - Processing /opt/airflow/dags/avito_to_raw_midraw.py took 0.046 seconds
[2026-08-02T15:40:29.145+0000] {processor.py:186} INFO - Started process (PID=2503) to work on /opt/airflow/dags/avito_to_raw_midraw.py
[2026-08-02T15:40:29.147+0000] {processor.py:914} INFO - Processing file /opt/airflow/dags/avito_to_raw_midraw.py for tasks to queue
[2026-08-02T15:40:29.148+0000] {logging_mixin.py:190} INFO - [2026-08-02T15:40:29.147+0000] {dagbag.py:588} INFO - Filling up the DagBag from /opt/airflow/dags/avito_to_raw_midraw.py
[2026-08-02T15:40:29.155+0000] {processor.py:925} INFO - DAG(s) 'avito_to_raw_midraw' retrieved from /opt/airflow/dags/avito_to_raw_midraw.py
[2026-08-02T15:40:29.167+0000] {logging_mixin.py:190} INFO - [2026-08-02T15:40:29.167+0000] {dag.py:3239} INFO - Sync 1 DAGs
[2026-08-02T15:40:29.176+0000] {logging_mixin.py:190} INFO - [2026-08-02T15:40:29.176+0000] {dag.py:4180} INFO - Setting next_dagrun for avito_to_raw_midraw to 2026-08-02 15:00:00+00:00, run_after=2026-08-02 16:00:00+00:00
[2026-08-02T15:40:29.182+0000] {processor.py:208} INFO - Processing /opt/airflow/dags/avito_to_raw_midraw.py took 0.042 seconds
[2026-08-02T15:40:59.382+0000] {processor.py:186} INFO - Started process (PID=2506) to work on /opt/airflow/dags/avito_to_raw_midraw.py
[2026-08-02T15:40:59.383+0000] {processor.py:914} INFO - Processing file /opt/airflow/dags/avito_to_raw_midraw.py for tasks to queue
[2026-08-02T15:40:59.383+0000] {logging_mixin.py:190} INFO - [2026-08-02T15:40:59.383+0000] {dagbag.py:588} INFO - Filling up the DagBag from /opt/airflow/dags/avito_to_raw_midraw.py
[2026-08-02T15:40:59.391+0000] {processor.py:925} INFO - DAG(s) 'avito_to_raw_midraw' retrieved from /opt/airflow/dags/avito_to_raw_midraw.py
[2026-08-02T15:40:59.405+0000] {logging_mixin.py:190} INFO - [2026-08-02T15:40:59.405+0000] {dag.py:3239} INFO - Sync 1 DAGs
[2026-08-02T15:40:59.416+0000] {logging_mixin.py:190} INFO - [2026-08-02T15:40:59.416+0000] {dag.py:4180} INFO - Setting next_dagrun for avito_to_raw_midraw to 2026-08-02 15:00:00+00:00, run_after=2026-08-02 16:00:00+00:00
[2026-08-02T15:40:59.424+0000] {processor.py:208} INFO - Processing /opt/airflow/dags/avito_to_raw_midraw.py took 0.045 seconds
[2026-08-02T15:41:29.621+0000] {processor.py:186} INFO - Started process (PID=2509) to work on /opt/airflow/dags/avito_to_raw_midraw.py
[2026-08-02T15:41:29.622+0000] {processor.py:914} INFO - Processing file /opt/airflow/dags/avito_to_raw_midraw.py for tasks to queue
[2026-08-02T15:41:29.622+0000] {logging_mixin.py:190} INFO - [2026-08-02T15:41:29.622+0000] {dagbag.py:588} INFO - Filling up the DagBag from /opt/airflow/dags/avito_to_raw_midraw.py
[2026-08-02T15:41:29.628+0000] {processor.py:925} INFO - DAG(s) 'avito_to_raw_midraw' retrieved from /opt/airflow/dags/avito_to_raw_midraw.py
[2026-08-02T15:41:29.641+0000] {logging_mixin.py:190} INFO - [2026-08-02T15:41:29.641+0000] {dag.py:3239} INFO - Sync 1 DAGs
[2026-08-02T15:41:29.650+0000] {logging_mixin.py:190} INFO - [2026-08-02T15:41:29.650+0000] {dag.py:4180} INFO - Setting next_dagrun for avito_to_raw_midraw to 2026-08-02 15:00:00+00:00, run_after=2026-08-02 16:00:00+00:00
[2026-08-02T15:41:29.656+0000] {processor.py:208} INFO - Processing /opt/airflow/dags/avito_to_raw_midraw.py took 0.037 seconds
[2026-08-02T15:41:59.848+0000] {processor.py:186} INFO - Started process (PID=2512) to work on /opt/airflow/dags/avito_to_raw_midraw.py
[2026-08-02T15:41:59.848+0000] {processor.py:914} INFO - Processing file /opt/airflow/dags/avito_to_raw_midraw.py for tasks to queue
[2026-08-02T15:41:59.849+0000] {logging_mixin.py:190} INFO - [2026-08-02T15:41:59.849+0000] {dagbag.py:588} INFO - Filling up the DagBag from /opt/airflow/dags/avito_to_raw_midraw.py
[2026-08-02T15:41:59.857+0000] {processor.py:925} INFO - DAG(s) 'avito_to_raw_midraw' retrieved from /opt/airflow/dags/avito_to_raw_midraw.py
[2026-08-02T15:41:59.870+0000] {logging_mixin.py:190} INFO - [2026-08-02T15:41:59.870+0000] {dag.py:3239} INFO - Sync 1 DAGs
[2026-08-02T15:41:59.879+0000] {logging_mixin.py:190} INFO - [2026-08-02T15:41:59.879+0000] {dag.py:4180} INFO - Setting next_dagrun for avito_to_raw_midraw to 2026-08-02 15:00:00+00:00, run_after=2026-08-02 16:00:00+00:00
[2026-08-02T15:41:59.884+0000] {processor.py:208} INFO - Processing /opt/airflow/dags/avito_to_raw_midraw.py took 0.040 seconds
[2026-08-02T15:42:30.135+0000] {processor.py:186} INFO - Started process (PID=2515) to work on /opt/airflow/dags/avito_to_raw_midraw.py
[2026-08-02T15:42:30.136+0000] {processor.py:914} INFO - Processing file /opt/airflow/dags/avito_to_raw_midraw.py for tasks to queue
[2026-08-02T15:42:30.137+0000] {logging_mixin.py:190} INFO - [2026-08-02T15:42:30.137+0000] {dagbag.py:588} INFO - Filling up the DagBag from /opt/airflow/dags/avito_to_raw_midraw.py
[2026-08-02T15:42:30.144+0000] {processor.py:925} INFO - DAG(s) 'avito_to_raw_midraw' retrieved from /opt/airflow/dags/avito_to_raw_midraw.py
[2026-08-02T15:42:30.157+0000] {logging_mixin.py:190} INFO - [2026-08-02T15:42:30.157+0000] {dag.py:3239} INFO - Sync 1 DAGs
[2026-08-02T15:42:30.165+0000] {logging_mixin.py:190} INFO - [2026-08-02T15:42:30.165+0000] {dag.py:4180} INFO - Setting next_dagrun for avito_to_raw_midraw to 2026-08-02 15:00:00+00:00, run_after=2026-08-02 16:00:00+00:00
[2026-08-02T15:42:30.171+0000] {processor.py:208} INFO - Processing /opt/airflow/dags/avito_to_raw_midraw.py took 0.039 seconds
[2026-08-02T15:43:00.436+0000] {processor.py:186} INFO - Started process (PID=2518) to work on /opt/airflow/dags/avito_to_raw_midraw.py
[2026-08-02T15:43:00.436+0000] {processor.py:914} INFO - Processing file /opt/airflow/dags/avito_to_raw_midraw.py for tasks to queue
[2026-08-02T15:43:00.437+0000] {logging_mixin.py:190} INFO - [2026-08-02T15:43:00.437+0000] {dagbag.py:588} INFO - Filling up the DagBag from /opt/airflow/dags/avito_to_raw_midraw.py
[2026-08-02T15:43:00.444+0000] {processor.py:925} INFO - DAG(s) 'avito_to_raw_midraw' retrieved from /opt/airflow/dags/avito_to_raw_midraw.py
[2026-08-02T15:43:00.457+0000] {logging_mixin.py:190} INFO - [2026-08-02T15:43:00.456+0000] {dag.py:3239} INFO - Sync 1 DAGs
[2026-08-02T15:43:00.466+0000] {logging_mixin.py:190} INFO - [2026-08-02T15:43:00.466+0000] {dag.py:4180} INFO - Setting next_dagrun for avito_to_raw_midraw to 2026-08-02 15:00:00+00:00, run_after=2026-08-02 16:00:00+00:00
[2026-08-02T15:43:00.472+0000] {processor.py:208} INFO - Processing /opt/airflow/dags/avito_to_raw_midraw.py took 0.040 seconds
[2026-08-02T15:43:30.716+0000] {processor.py:186} INFO - Started process (PID=2521) to work on /opt/airflow/dags/avito_to_raw_midraw.py
[2026-08-02T15:43:30.717+0000] {processor.py:914} INFO - Processing file /opt/airflow/dags/avito_to_raw_midraw.py for tasks to queue
[2026-08-02T15:43:30.718+0000] {logging_mixin.py:190} INFO - [2026-08-02T15:43:30.717+0000] {dagbag.py:588} INFO - Filling up the DagBag from /opt/airflow/dags/avito_to_raw_midraw.py
[2026-08-02T15:43:30.724+0000] {processor.py:925} INFO - DAG(s) 'avito_to_raw_midraw' retrieved from /opt/airflow/dags/avito_to_raw_midraw.py
[2026-08-02T15:43:30.738+0000] {logging_mixin.py:190} INFO - [2026-08-02T15:43:30.738+0000] {dag.py:3239} INFO - Sync 1 DAGs
[2026-08-02T15:43:30.747+0000] {logging_mixin.py:190} INFO - [2026-08-02T15:43:30.747+0000] {dag.py:4180} INFO - Setting next_dagrun for avito_to_raw_midraw to 2026-08-02 15:00:00+00:00, run_after=2026-08-02 16:00:00+00:00
[2026-08-02T15:43:30.753+0000] {processor.py:208} INFO - Processing /opt/airflow/dags/avito_to_raw_midraw.py took 0.041 seconds
[2026-08-02T15:44:00.974+0000] {processor.py:186} INFO - Started process (PID=2524) to work on /opt/airflow/dags/avito_to_raw_midraw.py
[2026-08-02T15:44:00.975+0000] {processor.py:914} INFO - Processing file /opt/airflow/dags/avito_to_raw_midraw.py for tasks to queue
[2026-08-02T15:44:00.976+0000] {logging_mixin.py:190} INFO - [2026-08-02T15:44:00.975+0000] {dagbag.py:588} INFO - Filling up the DagBag from /opt/airflow/dags/avito_to_raw_midraw.py
[2026-08-02T15:44:00.983+0000] {processor.py:925} INFO - DAG(s) 'avito_to_raw_midraw' retrieved from /opt/airflow/dags/avito_to_raw_midraw.py
[2026-08-02T15:44:00.996+0000] {logging_mixin.py:190} INFO - [2026-08-02T15:44:00.996+0000] {dag.py:3239} INFO - Sync 1 DAGs
[2026-08-02T15:44:01.004+0000] {logging_mixin.py:190} INFO - [2026-08-02T15:44:01.004+0000] {dag.py:4180} INFO - Setting next_dagrun for avito_to_raw_midraw to 2026-08-02 15:00:00+00:00, run_after=2026-08-02 16:00:00+00:00
[2026-08-02T15:44:01.010+0000] {processor.py:208} INFO - Processing /opt/airflow/dags/avito_to_raw_midraw.py took 0.040 seconds
[2026-08-02T15:44:31.275+0000] {processor.py:186} INFO - Started process (PID=2527) to work on /opt/airflow/dags/avito_to_raw_midraw.py
[2026-08-02T15:44:31.276+0000] {processor.py:914} INFO - Processing file /opt/airflow/dags/avito_to_raw_midraw.py for tasks to queue
[2026-08-02T15:44:31.276+0000] {logging_mixin.py:190} INFO - [2026-08-02T15:44:31.276+0000] {dagbag.py:588} INFO - Filling up the DagBag from /opt/airflow/dags/avito_to_raw_midraw.py
[2026-08-02T15:44:31.284+0000] {processor.py:925} INFO - DAG(s) 'avito_to_raw_midraw' retrieved from /opt/airflow/dags/avito_to_raw_midraw.py
[2026-08-02T15:44:31.298+0000] {logging_mixin.py:190} INFO - [2026-08-02T15:44:31.298+0000] {dag.py:3239} INFO - Sync 1 DAGs
[2026-08-02T15:44:31.308+0000] {logging_mixin.py:190} INFO - [2026-08-02T15:44:31.307+0000] {dag.py:4180} INFO - Setting next_dagrun for avito_to_raw_midraw to 2026-08-02 15:00:00+00:00, run_after=2026-08-02 16:00:00+00:00
[2026-08-02T15:44:31.314+0000] {processor.py:208} INFO - Processing /opt/airflow/dags/avito_to_raw_midraw.py took 0.042 seconds
[2026-08-02T15:45:01.558+0000] {processor.py:186} INFO - Started process (PID=2530) to work on /opt/airflow/dags/avito_to_raw_midraw.py
[2026-08-02T15:45:01.558+0000] {processor.py:914} INFO - Processing file /opt/airflow/dags/avito_to_raw_midraw.py for tasks to queue
[2026-08-02T15:45:01.559+0000] {logging_mixin.py:190} INFO - [2026-08-02T15:45:01.559+0000] {dagbag.py:588} INFO - Filling up the DagBag from /opt/airflow/dags/avito_to_raw_midraw.py
[2026-08-02T15:45:01.566+0000] {processor.py:925} INFO - DAG(s) 'avito_to_raw_midraw' retrieved from /opt/airflow/dags/avito_to_raw_midraw.py
[2026-08-02T15:45:01.580+0000] {logging_mixin.py:190} INFO - [2026-08-02T15:45:01.580+0000] {dag.py:3239} INFO - Sync 1 DAGs
[2026-08-02T15:45:01.589+0000] {logging_mixin.py:190} INFO - [2026-08-02T15:45:01.589+0000] {dag.py:4180} INFO - Setting next_dagrun for avito_to_raw_midraw to 2026-08-02 15:00:00+00:00, run_after=2026-08-02 16:00:00+00:00
[2026-08-02T15:45:01.595+0000] {processor.py:208} INFO - Processing /opt/airflow/dags/avito_to_raw_midraw.py took 0.040 seconds
[2026-08-02T15:45:31.835+0000] {processor.py:186} INFO - Started process (PID=2533) to work on /opt/airflow/dags/avito_to_raw_midraw.py
[2026-08-02T15:45:31.837+0000] {processor.py:914} INFO - Processing file /opt/airflow/dags/avito_to_raw_midraw.py for tasks to queue
[2026-08-02T15:45:31.838+0000] {logging_mixin.py:190} INFO - [2026-08-02T15:45:31.837+0000] {dagbag.py:588} INFO - Filling up the DagBag from /opt/airflow/dags/avito_to_raw_midraw.py
[2026-08-02T15:45:31.845+0000] {processor.py:925} INFO - DAG(s) 'avito_to_raw_midraw' retrieved from /opt/airflow/dags/avito_to_raw_midraw.py
[2026-08-02T15:45:31.858+0000] {logging_mixin.py:190} INFO - [2026-08-02T15:45:31.858+0000] {dag.py:3239} INFO - Sync 1 DAGs
[2026-08-02T15:45:31.867+0000] {logging_mixin.py:190} INFO - [2026-08-02T15:45:31.867+0000] {dag.py:4180} INFO - Setting next_dagrun for avito_to_raw_midraw to 2026-08-02 15:00:00+00:00, run_after=2026-08-02 16:00:00+00:00
[2026-08-02T15:45:31.874+0000] {processor.py:208} INFO - Processing /opt/airflow/dags/avito_to_raw_midraw.py took 0.042 seconds
[2026-08-02T15:46:02.208+0000] {processor.py:186} INFO - Started process (PID=2536) to work on /opt/airflow/dags/avito_to_raw_midraw.py
[2026-08-02T15:46:02.209+0000] {processor.py:914} INFO - Processing file /opt/airflow/dags/avito_to_raw_midraw.py for tasks to queue
[2026-08-02T15:46:02.209+0000] {logging_mixin.py:190} INFO - [2026-08-02T15:46:02.209+0000] {dagbag.py:588} INFO - Filling up the DagBag from /opt/airflow/dags/avito_to_raw_midraw.py
[2026-08-02T15:46:02.216+0000] {processor.py:925} INFO - DAG(s) 'avito_to_raw_midraw' retrieved from /opt/airflow/dags/avito_to_raw_midraw.py
[2026-08-02T15:46:02.231+0000] {logging_mixin.py:190} INFO - [2026-08-02T15:46:02.231+0000] {dag.py:3239} INFO - Sync 1 DAGs
[2026-08-02T15:46:02.241+0000] {logging_mixin.py:190} INFO - [2026-08-02T15:46:02.241+0000] {dag.py:4180} INFO - Setting next_dagrun for avito_to_raw_midraw to 2026-08-02 15:00:00+00:00, run_after=2026-08-02 16:00:00+00:00
[2026-08-02T15:46:02.248+0000] {processor.py:208} INFO - Processing /opt/airflow/dags/avito_to_raw_midraw.py took 0.043 seconds
[2026-08-02T15:46:32.473+0000] {processor.py:186} INFO - Started process (PID=2539) to work on /opt/airflow/dags/avito_to_raw_midraw.py
[2026-08-02T15:46:32.474+0000] {processor.py:914} INFO - Processing file /opt/airflow/dags/avito_to_raw_midraw.py for tasks to queue
[2026-08-02T15:46:32.474+0000] {logging_mixin.py:190} INFO - [2026-08-02T15:46:32.474+0000] {dagbag.py:588} INFO - Filling up the DagBag from /opt/airflow/dags/avito_to_raw_midraw.py
[2026-08-02T15:46:32.481+0000] {processor.py:925} INFO - DAG(s) 'avito_to_raw_midraw' retrieved from /opt/airflow/dags/avito_to_raw_midraw.py
[2026-08-02T15:46:32.496+0000] {logging_mixin.py:190} INFO - [2026-08-02T15:46:32.496+0000] {dag.py:3239} INFO - Sync 1 DAGs
[2026-08-02T15:46:32.506+0000] {logging_mixin.py:190} INFO - [2026-08-02T15:46:32.506+0000] {dag.py:4180} INFO - Setting next_dagrun for avito_to_raw_midraw to 2026-08-02 15:00:00+00:00, run_after=2026-08-02 16:00:00+00:00
[2026-08-02T15:46:32.515+0000] {processor.py:208} INFO - Processing /opt/airflow/dags/avito_to_raw_midraw.py took 0.045 seconds
[2026-08-02T15:47:02.773+0000] {processor.py:186} INFO - Started process (PID=2542) to work on /opt/airflow/dags/avito_to_raw_midraw.py
[2026-08-02T15:47:02.774+0000] {processor.py:914} INFO - Processing file /opt/airflow/dags/avito_to_raw_midraw.py for tasks to queue
[2026-08-02T15:47:02.774+0000] {logging_mixin.py:190} INFO - [2026-08-02T15:47:02.774+0000] {dagbag.py:588} INFO - Filling up the DagBag from /opt/airflow/dags/avito_to_raw_midraw.py
[2026-08-02T15:47:02.782+0000] {processor.py:925} INFO - DAG(s) 'avito_to_raw_midraw' retrieved from /opt/airflow/dags/avito_to_raw_midraw.py
[2026-08-02T15:47:02.795+0000] {logging_mixin.py:190} INFO - [2026-08-02T15:47:02.795+0000] {dag.py:3239} INFO - Sync 1 DAGs
[2026-08-02T15:47:02.804+0000] {logging_mixin.py:190} INFO - [2026-08-02T15:47:02.804+0000] {dag.py:4180} INFO - Setting next_dagrun for avito_to_raw_midraw to 2026-08-02 15:00:00+00:00, run_after=2026-08-02 16:00:00+00:00
[2026-08-02T15:47:02.810+0000] {processor.py:208} INFO - Processing /opt/airflow/dags/avito_to_raw_midraw.py took 0.040 seconds
[2026-08-02T15:47:33.034+0000] {processor.py:186} INFO - Started process (PID=2545) to work on /opt/airflow/dags/avito_to_raw_midraw.py
[2026-08-02T15:47:33.035+0000] {processor.py:914} INFO - Processing file /opt/airflow/dags/avito_to_raw_midraw.py for tasks to queue
[2026-08-02T15:47:33.036+0000] {logging_mixin.py:190} INFO - [2026-08-02T15:47:33.036+0000] {dagbag.py:588} INFO - Filling up the DagBag from /opt/airflow/dags/avito_to_raw_midraw.py
[2026-08-02T15:47:33.043+0000] {processor.py:925} INFO - DAG(s) 'avito_to_raw_midraw' retrieved from /opt/airflow/dags/avito_to_raw_midraw.py
[2026-08-02T15:47:33.057+0000] {logging_mixin.py:190} INFO - [2026-08-02T15:47:33.057+0000] {dag.py:3239} INFO - Sync 1 DAGs
[2026-08-02T15:47:33.065+0000] {logging_mixin.py:190} INFO - [2026-08-02T15:47:33.065+0000] {dag.py:4180} INFO - Setting next_dagrun for avito_to_raw_midraw to 2026-08-02 15:00:00+00:00, run_after=2026-08-02 16:00:00+00:00
[2026-08-02T15:47:33.071+0000] {processor.py:208} INFO - Processing /opt/airflow/dags/avito_to_raw_midraw.py took 0.041 seconds
[2026-08-02T15:48:03.291+0000] {processor.py:186} INFO - Started process (PID=2548) to work on /opt/airflow/dags/avito_to_raw_midraw.py
[2026-08-02T15:48:03.291+0000] {processor.py:914} INFO - Processing file /opt/airflow/dags/avito_to_raw_midraw.py for tasks to queue
[2026-08-02T15:48:03.292+0000] {logging_mixin.py:190} INFO - [2026-08-02T15:48:03.292+0000] {dagbag.py:588} INFO - Filling up the DagBag from /opt/airflow/dags/avito_to_raw_midraw.py
[2026-08-02T15:48:03.299+0000] {processor.py:925} INFO - DAG(s) 'avito_to_raw_midraw' retrieved from /opt/airflow/dags/avito_to_raw_midraw.py
[2026-08-02T15:48:03.313+0000] {logging_mixin.py:190} INFO - [2026-08-02T15:48:03.313+0000] {dag.py:3239} INFO - Sync 1 DAGs
[2026-08-02T15:48:03.322+0000] {logging_mixin.py:190} INFO - [2026-08-02T15:48:03.322+0000] {dag.py:4180} INFO - Setting next_dagrun for avito_to_raw_midraw to 2026-08-02 15:00:00+00:00, run_after=2026-08-02 16:00:00+00:00
[2026-08-02T15:48:03.327+0000] {processor.py:208} INFO - Processing /opt/airflow/dags/avito_to_raw_midraw.py took 0.040 seconds
[2026-08-02T15:48:33.547+0000] {processor.py:186} INFO - Started process (PID=2551) to work on /opt/airflow/dags/avito_to_raw_midraw.py
[2026-08-02T15:48:33.548+0000] {processor.py:914} INFO - Processing file /opt/airflow/dags/avito_to_raw_midraw.py for tasks to queue
[2026-08-02T15:48:33.549+0000] {logging_mixin.py:190} INFO - [2026-08-02T15:48:33.548+0000] {dagbag.py:588} INFO - Filling up the DagBag from /opt/airflow/dags/avito_to_raw_midraw.py
[2026-08-02T15:48:33.556+0000] {processor.py:925} INFO - DAG(s) 'avito_to_raw_midraw' retrieved from /opt/airflow/dags/avito_to_raw_midraw.py
[2026-08-02T15:48:33.569+0000] {logging_mixin.py:190} INFO - [2026-08-02T15:48:33.569+0000] {dag.py:3239} INFO - Sync 1 DAGs
[2026-08-02T15:48:33.579+0000] {logging_mixin.py:190} INFO - [2026-08-02T15:48:33.579+0000] {dag.py:4180} INFO - Setting next_dagrun for avito_to_raw_midraw to 2026-08-02 15:00:00+00:00, run_after=2026-08-02 16:00:00+00:00
[2026-08-02T15:48:33.585+0000] {processor.py:208} INFO - Processing /opt/airflow/dags/avito_to_raw_midraw.py took 0.040 seconds
[2026-08-02T15:49:03.852+0000] {processor.py:186} INFO - Started process (PID=2554) to work on /opt/airflow/dags/avito_to_raw_midraw.py
[2026-08-02T15:49:03.853+0000] {processor.py:914} INFO - Processing file /opt/airflow/dags/avito_to_raw_midraw.py for tasks to queue
[2026-08-02T15:49:03.853+0000] {logging_mixin.py:190} INFO - [2026-08-02T15:49:03.853+0000] {dagbag.py:588} INFO - Filling up the DagBag from /opt/airflow/dags/avito_to_raw_midraw.py
[2026-08-02T15:49:03.860+0000] {processor.py:925} INFO - DAG(s) 'avito_to_raw_midraw' retrieved from /opt/airflow/dags/avito_to_raw_midraw.py
[2026-08-02T15:49:03.875+0000] {logging_mixin.py:190} INFO - [2026-08-02T15:49:03.875+0000] {dag.py:3239} INFO - Sync 1 DAGs
[2026-08-02T15:49:03.884+0000] {logging_mixin.py:190} INFO - [2026-08-02T15:49:03.884+0000] {dag.py:4180} INFO - Setting next_dagrun for avito_to_raw_midraw to 2026-08-02 15:00:00+00:00, run_after=2026-08-02 16:00:00+00:00
[2026-08-02T15:49:03.889+0000] {processor.py:208} INFO - Processing /opt/airflow/dags/avito_to_raw_midraw.py took 0.040 seconds
[2026-08-02T15:49:34.170+0000] {processor.py:186} INFO - Started process (PID=2557) to work on /opt/airflow/dags/avito_to_raw_midraw.py
[2026-08-02T15:49:34.170+0000] {processor.py:914} INFO - Processing file /opt/airflow/dags/avito_to_raw_midraw.py for tasks to queue
[2026-08-02T15:49:34.170+0000] {logging_mixin.py:190} INFO - [2026-08-02T15:49:34.170+0000] {dagbag.py:588} INFO - Filling up the DagBag from /opt/airflow/dags/avito_to_raw_midraw.py
[2026-08-02T15:49:34.177+0000] {processor.py:925} INFO - DAG(s) 'avito_to_raw_midraw' retrieved from /opt/airflow/dags/avito_to_raw_midraw.py
[2026-08-02T15:49:34.191+0000] {logging_mixin.py:190} INFO - [2026-08-02T15:49:34.191+0000] {dag.py:3239} INFO - Sync 1 DAGs
[2026-08-02T15:49:34.200+0000] {logging_mixin.py:190} INFO - [2026-08-02T15:49:34.199+0000] {dag.py:4180} INFO - Setting next_dagrun for avito_to_raw_midraw to 2026-08-02 15:00:00+00:00, run_after=2026-08-02 16:00:00+00:00
[2026-08-02T15:49:34.206+0000] {processor.py:208} INFO - Processing /opt/airflow/dags/avito_to_raw_midraw.py took 0.039 seconds
[2026-08-02T15:50:04.473+0000] {processor.py:186} INFO - Started process (PID=2560) to work on /opt/airflow/dags/avito_to_raw_midraw.py
[2026-08-02T15:50:04.473+0000] {processor.py:914} INFO - Processing file /opt/airflow/dags/avito_to_raw_midraw.py for tasks to queue
[2026-08-02T15:50:04.474+0000] {logging_mixin.py:190} INFO - [2026-08-02T15:50:04.474+0000] {dagbag.py:588} INFO - Filling up the DagBag from /opt/airflow/dags/avito_to_raw_midraw.py
[2026-08-02T15:50:04.482+0000] {processor.py:925} INFO - DAG(s) 'avito_to_raw_midraw' retrieved from /opt/airflow/dags/avito_to_raw_midraw.py
[2026-08-02T15:50:04.496+0000] {logging_mixin.py:190} INFO - [2026-08-02T15:50:04.496+0000] {dag.py:3239} INFO - Sync 1 DAGs
[2026-08-02T15:50:04.505+0000] {logging_mixin.py:190} INFO - [2026-08-02T15:50:04.504+0000] {dag.py:4180} INFO - Setting next_dagrun for avito_to_raw_midraw to 2026-08-02 15:00:00+00:00, run_after=2026-08-02 16:00:00+00:00
[2026-08-02T15:50:04.510+0000] {processor.py:208} INFO - Processing /opt/airflow/dags/avito_to_raw_midraw.py took 0.041 seconds
[2026-08-02T15:50:34.780+0000] {processor.py:186} INFO - Started process (PID=2563) to work on /opt/airflow/dags/avito_to_raw_midraw.py
[2026-08-02T15:50:34.781+0000] {processor.py:914} INFO - Processing file /opt/airflow/dags/avito_to_raw_midraw.py for tasks to queue
[2026-08-02T15:50:34.782+0000] {logging_mixin.py:190} INFO - [2026-08-02T15:50:34.781+0000] {dagbag.py:588} INFO - Filling up the DagBag from /opt/airflow/dags/avito_to_raw_midraw.py
[2026-08-02T15:50:34.789+0000] {processor.py:925} INFO - DAG(s) 'avito_to_raw_midraw' retrieved from /opt/airflow/dags/avito_to_raw_midraw.py
[2026-08-02T15:50:34.803+0000] {logging_mixin.py:190} INFO - [2026-08-02T15:50:34.803+0000] {dag.py:3239} INFO - Sync 1 DAGs
[2026-08-02T15:50:34.812+0000] {logging_mixin.py:190} INFO - [2026-08-02T15:50:34.812+0000] {dag.py:4180} INFO - Setting next_dagrun for avito_to_raw_midraw to 2026-08-02 15:00:00+00:00, run_after=2026-08-02 16:00:00+00:00
[2026-08-02T15:50:34.818+0000] {processor.py:208} INFO - Processing /opt/airflow/dags/avito_to_raw_midraw.py took 0.041 seconds
[2026-08-02T15:51:05.120+0000] {processor.py:186} INFO - Started process (PID=2566) to work on /opt/airflow/dags/avito_to_raw_midraw.py
[2026-08-02T15:51:05.121+0000] {processor.py:914} INFO - Processing file /opt/airflow/dags/avito_to_raw_midraw.py for tasks to queue
[2026-08-02T15:51:05.122+0000] {logging_mixin.py:190} INFO - [2026-08-02T15:51:05.122+0000] {dagbag.py:588} INFO - Filling up the DagBag from /opt/airflow/dags/avito_to_raw_midraw.py
[2026-08-02T15:51:05.131+0000] {processor.py:925} INFO - DAG(s) 'avito_to_raw_midraw' retrieved from /opt/airflow/dags/avito_to_raw_midraw.py
[2026-08-02T15:51:05.146+0000] {logging_mixin.py:190} INFO - [2026-08-02T15:51:05.146+0000] {dag.py:3239} INFO - Sync 1 DAGs
[2026-08-02T15:51:05.155+0000] {logging_mixin.py:190} INFO - [2026-08-02T15:51:05.155+0000] {dag.py:4180} INFO - Setting next_dagrun for avito_to_raw_midraw to 2026-08-02 15:00:00+00:00, run_after=2026-08-02 16:00:00+00:00
[2026-08-02T15:51:05.162+0000] {processor.py:208} INFO - Processing /opt/airflow/dags/avito_to_raw_midraw.py took 0.046 seconds
[2026-08-02T15:51:35.457+0000] {processor.py:186} INFO - Started process (PID=2569) to work on /opt/airflow/dags/avito_to_raw_midraw.py
[2026-08-02T15:51:35.457+0000] {processor.py:914} INFO - Processing file /opt/airflow/dags/avito_to_raw_midraw.py for tasks to queue
[2026-08-02T15:51:35.458+0000] {logging_mixin.py:190} INFO - [2026-08-02T15:51:35.457+0000] {dagbag.py:588} INFO - Filling up the DagBag from /opt/airflow/dags/avito_to_raw_midraw.py
[2026-08-02T15:51:35.465+0000] {processor.py:925} INFO - DAG(s) 'avito_to_raw_midraw' retrieved from /opt/airflow/dags/avito_to_raw_midraw.py
[2026-08-02T15:51:35.479+0000] {logging_mixin.py:190} INFO - [2026-08-02T15:51:35.479+0000] {dag.py:3239} INFO - Sync 1 DAGs
[2026-08-02T15:51:35.488+0000] {logging_mixin.py:190} INFO - [2026-08-02T15:51:35.488+0000] {dag.py:4180} INFO - Setting next_dagrun for avito_to_raw_midraw to 2026-08-02 15:00:00+00:00, run_after=2026-08-02 16:00:00+00:00
[2026-08-02T15:51:35.494+0000] {processor.py:208} INFO - Processing /opt/airflow/dags/avito_to_raw_midraw.py took 0.041 seconds
[2026-08-02T15:52:05.761+0000] {processor.py:186} INFO - Started process (PID=2572) to work on /opt/airflow/dags/avito_to_raw_midraw.py
[2026-08-02T15:52:05.762+0000] {processor.py:914} INFO - Processing file /opt/airflow/dags/avito_to_raw_midraw.py for tasks to queue
[2026-08-02T15:52:05.762+0000] {logging_mixin.py:190} INFO - [2026-08-02T15:52:05.762+0000] {dagbag.py:588} INFO - Filling up the DagBag from /opt/airflow/dags/avito_to_raw_midraw.py
[2026-08-02T15:52:05.769+0000] {processor.py:925} INFO - DAG(s) 'avito_to_raw_midraw' retrieved from /opt/airflow/dags/avito_to_raw_midraw.py
[2026-08-02T15:52:05.783+0000] {logging_mixin.py:190} INFO - [2026-08-02T15:52:05.783+0000] {dag.py:3239} INFO - Sync 1 DAGs
[2026-08-02T15:52:05.792+0000] {logging_mixin.py:190} INFO - [2026-08-02T15:52:05.792+0000] {dag.py:4180} INFO - Setting next_dagrun for avito_to_raw_midraw to 2026-08-02 15:00:00+00:00, run_after=2026-08-02 16:00:00+00:00
[2026-08-02T15:52:05.798+0000] {processor.py:208} INFO - Processing /opt/airflow/dags/avito_to_raw_midraw.py took 0.040 seconds
[2026-08-02T15:52:36.151+0000] {processor.py:186} INFO - Started process (PID=2575) to work on /opt/airflow/dags/avito_to_raw_midraw.py
[2026-08-02T15:52:36.151+0000] {processor.py:914} INFO - Processing file /opt/airflow/dags/avito_to_raw_midraw.py for tasks to queue
[2026-08-02T15:52:36.152+0000] {logging_mixin.py:190} INFO - [2026-08-02T15:52:36.152+0000] {dagbag.py:588} INFO - Filling up the DagBag from /opt/airflow/dags/avito_to_raw_midraw.py
[2026-08-02T15:52:36.160+0000] {processor.py:925} INFO - DAG(s) 'avito_to_raw_midraw' retrieved from /opt/airflow/dags/avito_to_raw_midraw.py
[2026-08-02T15:52:36.175+0000] {logging_mixin.py:190} INFO - [2026-08-02T15:52:36.175+0000] {dag.py:3239} INFO - Sync 1 DAGs
[2026-08-02T15:52:36.184+0000] {logging_mixin.py:190} INFO - [2026-08-02T15:52:36.184+0000] {dag.py:4180} INFO - Setting next_dagrun for avito_to_raw_midraw to 2026-08-02 15:00:00+00:00, run_after=2026-08-02 16:00:00+00:00
[2026-08-02T15:52:36.191+0000] {processor.py:208} INFO - Processing /opt/airflow/dags/avito_to_raw_midraw.py took 0.044 seconds
[2026-08-02T15:53:06.489+0000] {processor.py:186} INFO - Started process (PID=2578) to work on /opt/airflow/dags/avito_to_raw_midraw.py
[2026-08-02T15:53:06.489+0000] {processor.py:914} INFO - Processing file /opt/airflow/dags/avito_to_raw_midraw.py for tasks to queue
[2026-08-02T15:53:06.490+0000] {logging_mixin.py:190} INFO - [2026-08-02T15:53:06.490+0000] {dagbag.py:588} INFO - Filling up the DagBag from /opt/airflow/dags/avito_to_raw_midraw.py
[2026-08-02T15:53:06.500+0000] {processor.py:925} INFO - DAG(s) 'avito_to_raw_midraw' retrieved from /opt/airflow/dags/avito_to_raw_midraw.py
[2026-08-02T15:53:06.517+0000] {logging_mixin.py:190} INFO - [2026-08-02T15:53:06.517+0000] {dag.py:3239} INFO - Sync 1 DAGs
[2026-08-02T15:53:06.529+0000] {logging_mixin.py:190} INFO - [2026-08-02T15:53:06.528+0000] {dag.py:4180} INFO - Setting next_dagrun for avito_to_raw_midraw to 2026-08-02 15:00:00+00:00, run_after=2026-08-02 16:00:00+00:00
[2026-08-02T15:53:06.540+0000] {processor.py:208} INFO - Processing /opt/airflow/dags/avito_to_raw_midraw.py took 0.055 seconds
[2026-08-02T15:53:36.794+0000] {processor.py:186} INFO - Started process (PID=2581) to work on /opt/airflow/dags/avito_to_raw_midraw.py
[2026-08-02T15:53:36.794+0000] {processor.py:914} INFO - Processing file /opt/airflow/dags/avito_to_raw_midraw.py for tasks to queue
[2026-08-02T15:53:36.795+0000] {logging_mixin.py:190} INFO - [2026-08-02T15:53:36.795+0000] {dagbag.py:588} INFO - Filling up the DagBag from /opt/airflow/dags/avito_to_raw_midraw.py
[2026-08-02T15:53:36.803+0000] {processor.py:925} INFO - DAG(s) 'avito_to_raw_midraw' retrieved from /opt/airflow/dags/avito_to_raw_midraw.py
[2026-08-02T15:53:36.817+0000] {logging_mixin.py:190} INFO - [2026-08-02T15:53:36.817+0000] {dag.py:3239} INFO - Sync 1 DAGs
[2026-08-02T15:53:36.825+0000] {logging_mixin.py:190} INFO - [2026-08-02T15:53:36.825+0000] {dag.py:4180} INFO - Setting next_dagrun for avito_to_raw_midraw to 2026-08-02 15:00:00+00:00, run_after=2026-08-02 16:00:00+00:00
[2026-08-02T15:53:36.831+0000] {processor.py:208} INFO - Processing /opt/airflow/dags/avito_to_raw_midraw.py took 0.040 seconds
[2026-08-02T15:54:07.063+0000] {processor.py:186} INFO - Started process (PID=2584) to work on /opt/airflow/dags/avito_to_raw_midraw.py
[2026-08-02T15:54:07.064+0000] {processor.py:914} INFO - Processing file /opt/airflow/dags/avito_to_raw_midraw.py for tasks to queue
[2026-08-02T15:54:07.064+0000] {logging_mixin.py:190} INFO - [2026-08-02T15:54:07.064+0000] {dagbag.py:588} INFO - Filling up the DagBag from /opt/airflow/dags/avito_to_raw_midraw.py
[2026-08-02T15:54:07.071+0000] {processor.py:925} INFO - DAG(s) 'avito_to_raw_midraw' retrieved from /opt/airflow/dags/avito_to_raw_midraw.py
[2026-08-02T15:54:07.084+0000] {logging_mixin.py:190} INFO - [2026-08-02T15:54:07.084+0000] {dag.py:3239} INFO - Sync 1 DAGs
[2026-08-02T15:54:07.093+0000] {logging_mixin.py:190} INFO - [2026-08-02T15:54:07.093+0000] {dag.py:4180} INFO - Setting next_dagrun for avito_to_raw_midraw to 2026-08-02 15:00:00+00:00, run_after=2026-08-02 16:00:00+00:00
[2026-08-02T15:54:07.099+0000] {processor.py:208} INFO - Processing /opt/airflow/dags/avito_to_raw_midraw.py took 0.039 seconds
[2026-08-02T15:54:37.343+0000] {processor.py:186} INFO - Started process (PID=2587) to work on /opt/airflow/dags/avito_to_raw_midraw.py
[2026-08-02T15:54:37.343+0000] {processor.py:914} INFO - Processing file /opt/airflow/dags/avito_to_raw_midraw.py for tasks to queue
[2026-08-02T15:54:37.344+0000] {logging_mixin.py:190} INFO - [2026-08-02T15:54:37.344+0000] {dagbag.py:588} INFO - Filling up the DagBag from /opt/airflow/dags/avito_to_raw_midraw.py
[2026-08-02T15:54:37.352+0000] {processor.py:925} INFO - DAG(s) 'avito_to_raw_midraw' retrieved from /opt/airflow/dags/avito_to_raw_midraw.py
[2026-08-02T15:54:37.367+0000] {logging_mixin.py:190} INFO - [2026-08-02T15:54:37.367+0000] {dag.py:3239} INFO - Sync 1 DAGs
[2026-08-02T15:54:37.375+0000] {logging_mixin.py:190} INFO - [2026-08-02T15:54:37.375+0000] {dag.py:4180} INFO - Setting next_dagrun for avito_to_raw_midraw to 2026-08-02 15:00:00+00:00, run_after=2026-08-02 16:00:00+00:00
[2026-08-02T15:54:37.381+0000] {processor.py:208} INFO - Processing /opt/airflow/dags/avito_to_raw_midraw.py took 0.043 seconds
[2026-08-02T15:55:07.605+0000] {processor.py:186} INFO - Started process (PID=2590) to work on /opt/airflow/dags/avito_to_raw_midraw.py
[2026-08-02T15:55:07.606+0000] {processor.py:914} INFO - Processing file /opt/airflow/dags/avito_to_raw_midraw.py for tasks to queue
[2026-08-02T15:55:07.607+0000] {logging_mixin.py:190} INFO - [2026-08-02T15:55:07.606+0000] {dagbag.py:588} INFO - Filling up the DagBag from /opt/airflow/dags/avito_to_raw_midraw.py
[2026-08-02T15:55:07.614+0000] {processor.py:925} INFO - DAG(s) 'avito_to_raw_midraw' retrieved from /opt/airflow/dags/avito_to_raw_midraw.py
[2026-08-02T15:55:07.628+0000] {logging_mixin.py:190} INFO - [2026-08-02T15:55:07.628+0000] {dag.py:3239} INFO - Sync 1 DAGs
[2026-08-02T15:55:07.637+0000] {logging_mixin.py:190} INFO - [2026-08-02T15:55:07.637+0000] {dag.py:4180} INFO - Setting next_dagrun for avito_to_raw_midraw to 2026-08-02 15:00:00+00:00, run_after=2026-08-02 16:00:00+00:00
[2026-08-02T15:55:07.644+0000] {processor.py:208} INFO - Processing /opt/airflow/dags/avito_to_raw_midraw.py took 0.042 seconds
[2026-08-02T15:55:37.853+0000] {processor.py:186} INFO - Started process (PID=2593) to work on /opt/airflow/dags/avito_to_raw_midraw.py
[2026-08-02T15:55:37.854+0000] {processor.py:914} INFO - Processing file /opt/airflow/dags/avito_to_raw_midraw.py for tasks to queue
[2026-08-02T15:55:37.854+0000] {logging_mixin.py:190} INFO - [2026-08-02T15:55:37.854+0000] {dagbag.py:588} INFO - Filling up the DagBag from /opt/airflow/dags/avito_to_raw_midraw.py
[2026-08-02T15:55:37.862+0000] {processor.py:925} INFO - DAG(s) 'avito_to_raw_midraw' retrieved from /opt/airflow/dags/avito_to_raw_midraw.py
[2026-08-02T15:55:37.875+0000] {logging_mixin.py:190} INFO - [2026-08-02T15:55:37.875+0000] {dag.py:3239} INFO - Sync 1 DAGs
[2026-08-02T15:55:37.884+0000] {logging_mixin.py:190} INFO - [2026-08-02T15:55:37.884+0000] {dag.py:4180} INFO - Setting next_dagrun for avito_to_raw_midraw to 2026-08-02 15:00:00+00:00, run_after=2026-08-02 16:00:00+00:00
[2026-08-02T15:55:37.890+0000] {processor.py:208} INFO - Processing /opt/airflow/dags/avito_to_raw_midraw.py took 0.040 seconds
[2026-08-02T15:56:08.161+0000] {processor.py:186} INFO - Started process (PID=2596) to work on /opt/airflow/dags/avito_to_raw_midraw.py
[2026-08-02T15:56:08.162+0000] {processor.py:914} INFO - Processing file /opt/airflow/dags/avito_to_raw_midraw.py for tasks to queue
[2026-08-02T15:56:08.162+0000] {logging_mixin.py:190} INFO - [2026-08-02T15:56:08.162+0000] {dagbag.py:588} INFO - Filling up the DagBag from /opt/airflow/dags/avito_to_raw_midraw.py
[2026-08-02T15:56:08.170+0000] {processor.py:925} INFO - DAG(s) 'avito_to_raw_midraw' retrieved from /opt/airflow/dags/avito_to_raw_midraw.py
[2026-08-02T15:56:08.185+0000] {logging_mixin.py:190} INFO - [2026-08-02T15:56:08.185+0000] {dag.py:3239} INFO - Sync 1 DAGs
[2026-08-02T15:56:08.193+0000] {logging_mixin.py:190} INFO - [2026-08-02T15:56:08.193+0000] {dag.py:4180} INFO - Setting next_dagrun for avito_to_raw_midraw to 2026-08-02 15:00:00+00:00, run_after=2026-08-02 16:00:00+00:00
[2026-08-02T15:56:08.199+0000] {processor.py:208} INFO - Processing /opt/airflow/dags/avito_to_raw_midraw.py took 0.042 seconds
[2026-08-02T15:56:38.504+0000] {processor.py:186} INFO - Started process (PID=2599) to work on /opt/airflow/dags/avito_to_raw_midraw.py
[2026-08-02T15:56:38.504+0000] {processor.py:914} INFO - Processing file /opt/airflow/dags/avito_to_raw_midraw.py for tasks to queue
[2026-08-02T15:56:38.505+0000] {logging_mixin.py:190} INFO - [2026-08-02T15:56:38.505+0000] {dagbag.py:588} INFO - Filling up the DagBag from /opt/airflow/dags/avito_to_raw_midraw.py
[2026-08-02T15:56:38.512+0000] {processor.py:925} INFO - DAG(s) 'avito_to_raw_midraw' retrieved from /opt/airflow/dags/avito_to_raw_midraw.py
[2026-08-02T15:56:38.526+0000] {logging_mixin.py:190} INFO - [2026-08-02T15:56:38.526+0000] {dag.py:3239} INFO - Sync 1 DAGs
[2026-08-02T15:56:38.535+0000] {logging_mixin.py:190} INFO - [2026-08-02T15:56:38.535+0000] {dag.py:4180} INFO - Setting next_dagrun for avito_to_raw_midraw to 2026-08-02 15:00:00+00:00, run_after=2026-08-02 16:00:00+00:00
[2026-08-02T15:56:38.542+0000] {processor.py:208} INFO - Processing /opt/airflow/dags/avito_to_raw_midraw.py took 0.041 seconds
[2026-08-02T15:57:08.848+0000] {processor.py:186} INFO - Started process (PID=2602) to work on /opt/airflow/dags/avito_to_raw_midraw.py
[2026-08-02T15:57:08.849+0000] {processor.py:914} INFO - Processing file /opt/airflow/dags/avito_to_raw_midraw.py for tasks to queue
[2026-08-02T15:57:08.850+0000] {logging_mixin.py:190} INFO - [2026-08-02T15:57:08.849+0000] {dagbag.py:588} INFO - Filling up the DagBag from /opt/airflow/dags/avito_to_raw_midraw.py
[2026-08-02T15:57:08.858+0000] {processor.py:925} INFO - DAG(s) 'avito_to_raw_midraw' retrieved from /opt/airflow/dags/avito_to_raw_midraw.py
[2026-08-02T15:57:08.872+0000] {logging_mixin.py:190} INFO - [2026-08-02T15:57:08.872+0000] {dag.py:3239} INFO - Sync 1 DAGs
[2026-08-02T15:57:08.880+0000] {logging_mixin.py:190} INFO - [2026-08-02T15:57:08.880+0000] {dag.py:4180} INFO - Setting next_dagrun for avito_to_raw_midraw to 2026-08-02 15:00:00+00:00, run_after=2026-08-02 16:00:00+00:00
[2026-08-02T15:57:08.887+0000] {processor.py:208} INFO - Processing /opt/airflow/dags/avito_to_raw_midraw.py took 0.042 seconds
[2026-08-02T15:57:39.181+0000] {processor.py:186} INFO - Started process (PID=2605) to work on /opt/airflow/dags/avito_to_raw_midraw.py
[2026-08-02T15:57:39.182+0000] {processor.py:914} INFO - Processing file /opt/airflow/dags/avito_to_raw_midraw.py for tasks to queue
[2026-08-02T15:57:39.182+0000] {logging_mixin.py:190} INFO - [2026-08-02T15:57:39.182+0000] {dagbag.py:588} INFO - Filling up the DagBag from /opt/airflow/dags/avito_to_raw_midraw.py
[2026-08-02T15:57:39.189+0000] {processor.py:925} INFO - DAG(s) 'avito_to_raw_midraw' retrieved from /opt/airflow/dags/avito_to_raw_midraw.py
[2026-08-02T15:57:39.204+0000] {logging_mixin.py:190} INFO - [2026-08-02T15:57:39.204+0000] {dag.py:3239} INFO - Sync 1 DAGs
[2026-08-02T15:57:39.216+0000] {logging_mixin.py:190} INFO - [2026-08-02T15:57:39.216+0000] {dag.py:4180} INFO - Setting next_dagrun for avito_to_raw_midraw to 2026-08-02 15:00:00+00:00, run_after=2026-08-02 16:00:00+00:00
[2026-08-02T15:57:39.224+0000] {processor.py:208} INFO - Processing /opt/airflow/dags/avito_to_raw_midraw.py took 0.046 seconds
[2026-08-02T15:58:09.500+0000] {processor.py:186} INFO - Started process (PID=2608) to work on /opt/airflow/dags/avito_to_raw_midraw.py
[2026-08-02T15:58:09.500+0000] {processor.py:914} INFO - Processing file /opt/airflow/dags/avito_to_raw_midraw.py for tasks to queue
[2026-08-02T15:58:09.501+0000] {logging_mixin.py:190} INFO - [2026-08-02T15:58:09.501+0000] {dagbag.py:588} INFO - Filling up the DagBag from /opt/airflow/dags/avito_to_raw_midraw.py
[2026-08-02T15:58:09.508+0000] {processor.py:925} INFO - DAG(s) 'avito_to_raw_midraw' retrieved from /opt/airflow/dags/avito_to_raw_midraw.py
[2026-08-02T15:58:09.523+0000] {logging_mixin.py:190} INFO - [2026-08-02T15:58:09.523+0000] {dag.py:3239} INFO - Sync 1 DAGs
[2026-08-02T15:58:09.532+0000] {logging_mixin.py:190} INFO - [2026-08-02T15:58:09.532+0000] {dag.py:4180} INFO - Setting next_dagrun for avito_to_raw_midraw to 2026-08-02 15:00:00+00:00, run_after=2026-08-02 16:00:00+00:00
[2026-08-02T15:58:09.538+0000] {processor.py:208} INFO - Processing /opt/airflow/dags/avito_to_raw_midraw.py took 0.042 seconds
[2026-08-02T15:58:39.840+0000] {processor.py:186} INFO - Started process (PID=2611) to work on /opt/airflow/dags/avito_to_raw_midraw.py
[2026-08-02T15:58:39.840+0000] {processor.py:914} INFO - Processing file /opt/airflow/dags/avito_to_raw_midraw.py for tasks to queue
[2026-08-02T15:58:39.841+0000] {logging_mixin.py:190} INFO - [2026-08-02T15:58:39.841+0000] {dagbag.py:588} INFO - Filling up the DagBag from /opt/airflow/dags/avito_to_raw_midraw.py
[2026-08-02T15:58:39.848+0000] {processor.py:925} INFO - DAG(s) 'avito_to_raw_midraw' retrieved from /opt/airflow/dags/avito_to_raw_midraw.py
[2026-08-02T15:58:39.863+0000] {logging_mixin.py:190} INFO - [2026-08-02T15:58:39.863+0000] {dag.py:3239} INFO - Sync 1 DAGs
[2026-08-02T15:58:39.873+0000] {logging_mixin.py:190} INFO - [2026-08-02T15:58:39.873+0000] {dag.py:4180} INFO - Setting next_dagrun for avito_to_raw_midraw to 2026-08-02 15:00:00+00:00, run_after=2026-08-02 16:00:00+00:00
[2026-08-02T15:58:39.879+0000] {processor.py:208} INFO - Processing /opt/airflow/dags/avito_to_raw_midraw.py took 0.043 seconds
[2026-08-02T15:59:10.153+0000] {processor.py:186} INFO - Started process (PID=2614) to work on /opt/airflow/dags/avito_to_raw_midraw.py
[2026-08-02T15:59:10.153+0000] {processor.py:914} INFO - Processing file /opt/airflow/dags/avito_to_raw_midraw.py for tasks to queue
[2026-08-02T15:59:10.154+0000] {logging_mixin.py:190} INFO - [2026-08-02T15:59:10.153+0000] {dagbag.py:588} INFO - Filling up the DagBag from /opt/airflow/dags/avito_to_raw_midraw.py
[2026-08-02T15:59:10.161+0000] {processor.py:925} INFO - DAG(s) 'avito_to_raw_midraw' retrieved from /opt/airflow/dags/avito_to_raw_midraw.py
[2026-08-02T15:59:10.175+0000] {logging_mixin.py:190} INFO - [2026-08-02T15:59:10.174+0000] {dag.py:3239} INFO - Sync 1 DAGs
[2026-08-02T15:59:10.183+0000] {logging_mixin.py:190} INFO - [2026-08-02T15:59:10.183+0000] {dag.py:4180} INFO - Setting next_dagrun for avito_to_raw_midraw to 2026-08-02 15:00:00+00:00, run_after=2026-08-02 16:00:00+00:00
[2026-08-02T15:59:10.189+0000] {processor.py:208} INFO - Processing /opt/airflow/dags/avito_to_raw_midraw.py took 0.040 seconds
[2026-08-02T15:59:40.600+0000] {processor.py:186} INFO - Started process (PID=2617) to work on /opt/airflow/dags/avito_to_raw_midraw.py
[2026-08-02T15:59:40.602+0000] {processor.py:914} INFO - Processing file /opt/airflow/dags/avito_to_raw_midraw.py for tasks to queue
[2026-08-02T15:59:40.603+0000] {logging_mixin.py:190} INFO - [2026-08-02T15:59:40.603+0000] {dagbag.py:588} INFO - Filling up the DagBag from /opt/airflow/dags/avito_to_raw_midraw.py
[2026-08-02T15:59:40.614+0000] {processor.py:925} INFO - DAG(s) 'avito_to_raw_midraw' retrieved from /opt/airflow/dags/avito_to_raw_midraw.py
[2026-08-02T15:59:40.636+0000] {logging_mixin.py:190} INFO - [2026-08-02T15:59:40.636+0000] {dag.py:3239} INFO - Sync 1 DAGs
[2026-08-02T15:59:40.649+0000] {logging_mixin.py:190} INFO - [2026-08-02T15:59:40.648+0000] {dag.py:4180} INFO - Setting next_dagrun for avito_to_raw_midraw to 2026-08-02 15:00:00+00:00, run_after=2026-08-02 16:00:00+00:00
[2026-08-02T15:59:40.656+0000] {processor.py:208} INFO - Processing /opt/airflow/dags/avito_to_raw_midraw.py took 0.063 seconds
[2026-08-02T16:00:10.921+0000] {processor.py:186} INFO - Started process (PID=2620) to work on /opt/airflow/dags/avito_to_raw_midraw.py
[2026-08-02T16:00:10.922+0000] {processor.py:914} INFO - Processing file /opt/airflow/dags/avito_to_raw_midraw.py for tasks to queue
[2026-08-02T16:00:10.923+0000] {logging_mixin.py:190} INFO - [2026-08-02T16:00:10.923+0000] {dagbag.py:588} INFO - Filling up the DagBag from /opt/airflow/dags/avito_to_raw_midraw.py
[2026-08-02T16:00:10.931+0000] {processor.py:925} INFO - DAG(s) 'avito_to_raw_midraw' retrieved from /opt/airflow/dags/avito_to_raw_midraw.py
[2026-08-02T16:00:10.946+0000] {logging_mixin.py:190} INFO - [2026-08-02T16:00:10.946+0000] {dag.py:3239} INFO - Sync 1 DAGs
[2026-08-02T16:00:10.956+0000] {logging_mixin.py:190} INFO - [2026-08-02T16:00:10.956+0000] {dag.py:4180} INFO - Setting next_dagrun for avito_to_raw_midraw to 2026-08-02 16:00:00+00:00, run_after=2026-08-02 17:00:00+00:00
[2026-08-02T16:00:10.962+0000] {processor.py:208} INFO - Processing /opt/airflow/dags/avito_to_raw_midraw.py took 0.045 seconds
[2026-08-02T16:00:41.295+0000] {processor.py:186} INFO - Started process (PID=2623) to work on /opt/airflow/dags/avito_to_raw_midraw.py
[2026-08-02T16:00:41.296+0000] {processor.py:914} INFO - Processing file /opt/airflow/dags/avito_to_raw_midraw.py for tasks to queue
[2026-08-02T16:00:41.296+0000] {logging_mixin.py:190} INFO - [2026-08-02T16:00:41.296+0000] {dagbag.py:588} INFO - Filling up the DagBag from /opt/airflow/dags/avito_to_raw_midraw.py
[2026-08-02T16:00:41.303+0000] {processor.py:925} INFO - DAG(s) 'avito_to_raw_midraw' retrieved from /opt/airflow/dags/avito_to_raw_midraw.py
[2026-08-02T16:00:41.318+0000] {logging_mixin.py:190} INFO - [2026-08-02T16:00:41.318+0000] {dag.py:3239} INFO - Sync 1 DAGs
[2026-08-02T16:00:41.326+0000] {logging_mixin.py:190} INFO - [2026-08-02T16:00:41.326+0000] {dag.py:4180} INFO - Setting next_dagrun for avito_to_raw_midraw to 2026-08-02 16:00:00+00:00, run_after=2026-08-02 17:00:00+00:00
[2026-08-02T16:00:41.332+0000] {processor.py:208} INFO - Processing /opt/airflow/dags/avito_to_raw_midraw.py took 0.041 seconds
[2026-08-02T16:01:11.730+0000] {processor.py:186} INFO - Started process (PID=2626) to work on /opt/airflow/dags/avito_to_raw_midraw.py
[2026-08-02T16:01:11.731+0000] {processor.py:914} INFO - Processing file /opt/airflow/dags/avito_to_raw_midraw.py for tasks to queue
[2026-08-02T16:01:11.732+0000] {logging_mixin.py:190} INFO - [2026-08-02T16:01:11.732+0000] {dagbag.py:588} INFO - Filling up the DagBag from /opt/airflow/dags/avito_to_raw_midraw.py
[2026-08-02T16:01:11.739+0000] {processor.py:925} INFO - DAG(s) 'avito_to_raw_midraw' retrieved from /opt/airflow/dags/avito_to_raw_midraw.py
[2026-08-02T16:01:11.755+0000] {logging_mixin.py:190} INFO - [2026-08-02T16:01:11.755+0000] {dag.py:3239} INFO - Sync 1 DAGs
[2026-08-02T16:01:11.766+0000] {logging_mixin.py:190} INFO - [2026-08-02T16:01:11.766+0000] {dag.py:4180} INFO - Setting next_dagrun for avito_to_raw_midraw to 2026-08-02 16:00:00+00:00, run_after=2026-08-02 17:00:00+00:00
[2026-08-02T16:01:11.773+0000] {processor.py:208} INFO - Processing /opt/airflow/dags/avito_to_raw_midraw.py took 0.047 seconds
[2026-08-02T16:01:42.080+0000] {processor.py:186} INFO - Started process (PID=2629) to work on /opt/airflow/dags/avito_to_raw_midraw.py
[2026-08-02T16:01:42.081+0000] {processor.py:914} INFO - Processing file /opt/airflow/dags/avito_to_raw_midraw.py for tasks to queue
[2026-08-02T16:01:42.081+0000] {logging_mixin.py:190} INFO - [2026-08-02T16:01:42.081+0000] {dagbag.py:588} INFO - Filling up the DagBag from /opt/airflow/dags/avito_to_raw_midraw.py
[2026-08-02T16:01:42.088+0000] {processor.py:925} INFO - DAG(s) 'avito_to_raw_midraw' retrieved from /opt/airflow/dags/avito_to_raw_midraw.py
[2026-08-02T16:01:42.103+0000] {logging_mixin.py:190} INFO - [2026-08-02T16:01:42.103+0000] {dag.py:3239} INFO - Sync 1 DAGs
[2026-08-02T16:01:42.111+0000] {logging_mixin.py:190} INFO - [2026-08-02T16:01:42.111+0000] {dag.py:4180} INFO - Setting next_dagrun for avito_to_raw_midraw to 2026-08-02 16:00:00+00:00, run_after=2026-08-02 17:00:00+00:00
[2026-08-02T16:01:42.117+0000] {processor.py:208} INFO - Processing /opt/airflow/dags/avito_to_raw_midraw.py took 0.040 seconds
[2026-08-02T16:02:12.457+0000] {processor.py:186} INFO - Started process (PID=2632) to work on /opt/airflow/dags/avito_to_raw_midraw.py
[2026-08-02T16:02:12.458+0000] {processor.py:914} INFO - Processing file /opt/airflow/dags/avito_to_raw_midraw.py for tasks to queue
[2026-08-02T16:02:12.458+0000] {logging_mixin.py:190} INFO - [2026-08-02T16:02:12.458+0000] {dagbag.py:588} INFO - Filling up the DagBag from /opt/airflow/dags/avito_to_raw_midraw.py
[2026-08-02T16:02:12.465+0000] {processor.py:925} INFO - DAG(s) 'avito_to_raw_midraw' retrieved from /opt/airflow/dags/avito_to_raw_midraw.py
[2026-08-02T16:02:12.481+0000] {logging_mixin.py:190} INFO - [2026-08-02T16:02:12.481+0000] {dag.py:3239} INFO - Sync 1 DAGs
[2026-08-02T16:02:12.490+0000] {logging_mixin.py:190} INFO - [2026-08-02T16:02:12.490+0000] {dag.py:4180} INFO - Setting next_dagrun for avito_to_raw_midraw to 2026-08-02 16:00:00+00:00, run_after=2026-08-02 17:00:00+00:00
[2026-08-02T16:02:12.497+0000] {processor.py:208} INFO - Processing /opt/airflow/dags/avito_to_raw_midraw.py took 0.043 seconds
[2026-08-02T16:02:42.800+0000] {processor.py:186} INFO - Started process (PID=2635) to work on /opt/airflow/dags/avito_to_raw_midraw.py
[2026-08-02T16:02:42.801+0000] {processor.py:914} INFO - Processing file /opt/airflow/dags/avito_to_raw_midraw.py for tasks to queue
[2026-08-02T16:02:42.802+0000] {logging_mixin.py:190} INFO - [2026-08-02T16:02:42.802+0000] {dagbag.py:588} INFO - Filling up the DagBag from /opt/airflow/dags/avito_to_raw_midraw.py
[2026-08-02T16:02:42.810+0000] {processor.py:925} INFO - DAG(s) 'avito_to_raw_midraw' retrieved from /opt/airflow/dags/avito_to_raw_midraw.py
[2026-08-02T16:02:42.824+0000] {logging_mixin.py:190} INFO - [2026-08-02T16:02:42.824+0000] {dag.py:3239} INFO - Sync 1 DAGs
[2026-08-02T16:02:42.832+0000] {logging_mixin.py:190} INFO - [2026-08-02T16:02:42.832+0000] {dag.py:4180} INFO - Setting next_dagrun for avito_to_raw_midraw to 2026-08-02 16:00:00+00:00, run_after=2026-08-02 17:00:00+00:00
[2026-08-02T16:02:42.838+0000] {processor.py:208} INFO - Processing /opt/airflow/dags/avito_to_raw_midraw.py took 0.041 seconds
[2026-08-02T16:03:13.148+0000] {processor.py:186} INFO - Started process (PID=2638) to work on /opt/airflow/dags/avito_to_raw_midraw.py
[2026-08-02T16:03:13.149+0000] {processor.py:914} INFO - Processing file /opt/airflow/dags/avito_to_raw_midraw.py for tasks to queue
[2026-08-02T16:03:13.149+0000] {logging_mixin.py:190} INFO - [2026-08-02T16:03:13.149+0000] {dagbag.py:588} INFO - Filling up the DagBag from /opt/airflow/dags/avito_to_raw_midraw.py
[2026-08-02T16:03:13.156+0000] {processor.py:925} INFO - DAG(s) 'avito_to_raw_midraw' retrieved from /opt/airflow/dags/avito_to_raw_midraw.py
[2026-08-02T16:03:13.170+0000] {logging_mixin.py:190} INFO - [2026-08-02T16:03:13.169+0000] {dag.py:3239} INFO - Sync 1 DAGs
[2026-08-02T16:03:13.178+0000] {logging_mixin.py:190} INFO - [2026-08-02T16:03:13.178+0000] {dag.py:4180} INFO - Setting next_dagrun for avito_to_raw_midraw to 2026-08-02 16:00:00+00:00, run_after=2026-08-02 17:00:00+00:00
[2026-08-02T16:03:13.184+0000] {processor.py:208} INFO - Processing /opt/airflow/dags/avito_to_raw_midraw.py took 0.040 seconds
[2026-08-02T16:03:43.468+0000] {processor.py:186} INFO - Started process (PID=2641) to work on /opt/airflow/dags/avito_to_raw_midraw.py
[2026-08-02T16:03:43.469+0000] {processor.py:914} INFO - Processing file /opt/airflow/dags/avito_to_raw_midraw.py for tasks to queue
[2026-08-02T16:03:43.470+0000] {logging_mixin.py:190} INFO - [2026-08-02T16:03:43.470+0000] {dagbag.py:588} INFO - Filling up the DagBag from /opt/airflow/dags/avito_to_raw_midraw.py
[2026-08-02T16:03:43.479+0000] {processor.py:925} INFO - DAG(s) 'avito_to_raw_midraw' retrieved from /opt/airflow/dags/avito_to_raw_midraw.py
[2026-08-02T16:03:43.493+0000] {logging_mixin.py:190} INFO - [2026-08-02T16:03:43.493+0000] {dag.py:3239} INFO - Sync 1 DAGs
[2026-08-02T16:03:43.503+0000] {logging_mixin.py:190} INFO - [2026-08-02T16:03:43.502+0000] {dag.py:4180} INFO - Setting next_dagrun for avito_to_raw_midraw to 2026-08-02 16:00:00+00:00, run_after=2026-08-02 17:00:00+00:00
[2026-08-02T16:03:43.509+0000] {processor.py:208} INFO - Processing /opt/airflow/dags/avito_to_raw_midraw.py took 0.045 seconds
[2026-08-02T16:04:13.810+0000] {processor.py:186} INFO - Started process (PID=2644) to work on /opt/airflow/dags/avito_to_raw_midraw.py
[2026-08-02T16:04:13.811+0000] {processor.py:914} INFO - Processing file /opt/airflow/dags/avito_to_raw_midraw.py for tasks to queue
[2026-08-02T16:04:13.811+0000] {logging_mixin.py:190} INFO - [2026-08-02T16:04:13.811+0000] {dagbag.py:588} INFO - Filling up the DagBag from /opt/airflow/dags/avito_to_raw_midraw.py
[2026-08-02T16:04:13.818+0000] {processor.py:925} INFO - DAG(s) 'avito_to_raw_midraw' retrieved from /opt/airflow/dags/avito_to_raw_midraw.py
[2026-08-02T16:04:13.832+0000] {logging_mixin.py:190} INFO - [2026-08-02T16:04:13.831+0000] {dag.py:3239} INFO - Sync 1 DAGs
[2026-08-02T16:04:13.840+0000] {logging_mixin.py:190} INFO - [2026-08-02T16:04:13.840+0000] {dag.py:4180} INFO - Setting next_dagrun for avito_to_raw_midraw to 2026-08-02 16:00:00+00:00, run_after=2026-08-02 17:00:00+00:00
[2026-08-02T16:04:13.846+0000] {processor.py:208} INFO - Processing /opt/airflow/dags/avito_to_raw_midraw.py took 0.039 seconds
[2026-08-02T16:04:44.175+0000] {processor.py:186} INFO - Started process (PID=2647) to work on /opt/airflow/dags/avito_to_raw_midraw.py
[2026-08-02T16:04:44.176+0000] {processor.py:914} INFO - Processing file /opt/airflow/dags/avito_to_raw_midraw.py for tasks to queue
[2026-08-02T16:04:44.176+0000] {logging_mixin.py:190} INFO - [2026-08-02T16:04:44.176+0000] {dagbag.py:588} INFO - Filling up the DagBag from /opt/airflow/dags/avito_to_raw_midraw.py
[2026-08-02T16:04:44.184+0000] {processor.py:925} INFO - DAG(s) 'avito_to_raw_midraw' retrieved from /opt/airflow/dags/avito_to_raw_midraw.py
[2026-08-02T16:04:44.198+0000] {logging_mixin.py:190} INFO - [2026-08-02T16:04:44.197+0000] {dag.py:3239} INFO - Sync 1 DAGs
[2026-08-02T16:04:44.206+0000] {logging_mixin.py:190} INFO - [2026-08-02T16:04:44.206+0000] {dag.py:4180} INFO - Setting next_dagrun for avito_to_raw_midraw to 2026-08-02 16:00:00+00:00, run_after=2026-08-02 17:00:00+00:00
[2026-08-02T16:04:44.213+0000] {processor.py:208} INFO - Processing /opt/airflow/dags/avito_to_raw_midraw.py took 0.040 seconds
[2026-08-02T16:05:14.515+0000] {processor.py:186} INFO - Started process (PID=2650) to work on /opt/airflow/dags/avito_to_raw_midraw.py
[2026-08-02T16:05:14.515+0000] {processor.py:914} INFO - Processing file /opt/airflow/dags/avito_to_raw_midraw.py for tasks to queue
[2026-08-02T16:05:14.516+0000] {logging_mixin.py:190} INFO - [2026-08-02T16:05:14.516+0000] {dagbag.py:588} INFO - Filling up the DagBag from /opt/airflow/dags/avito_to_raw_midraw.py
[2026-08-02T16:05:14.524+0000] {processor.py:925} INFO - DAG(s) 'avito_to_raw_midraw' retrieved from /opt/airflow/dags/avito_to_raw_midraw.py
[2026-08-02T16:05:14.537+0000] {logging_mixin.py:190} INFO - [2026-08-02T16:05:14.537+0000] {dag.py:3239} INFO - Sync 1 DAGs
[2026-08-02T16:05:14.547+0000] {logging_mixin.py:190} INFO - [2026-08-02T16:05:14.547+0000] {dag.py:4180} INFO - Setting next_dagrun for avito_to_raw_midraw to 2026-08-02 16:00:00+00:00, run_after=2026-08-02 17:00:00+00:00
[2026-08-02T16:05:14.553+0000] {processor.py:208} INFO - Processing /opt/airflow/dags/avito_to_raw_midraw.py took 0.041 seconds
[2026-08-02T16:05:44.831+0000] {processor.py:186} INFO - Started process (PID=2653) to work on /opt/airflow/dags/avito_to_raw_midraw.py
[2026-08-02T16:05:44.831+0000] {processor.py:914} INFO - Processing file /opt/airflow/dags/avito_to_raw_midraw.py for tasks to queue
[2026-08-02T16:05:44.832+0000] {logging_mixin.py:190} INFO - [2026-08-02T16:05:44.832+0000] {dagbag.py:588} INFO - Filling up the DagBag from /opt/airflow/dags/avito_to_raw_midraw.py
[2026-08-02T16:05:44.839+0000] {processor.py:925} INFO - DAG(s) 'avito_to_raw_midraw' retrieved from /opt/airflow/dags/avito_to_raw_midraw.py
[2026-08-02T16:05:44.855+0000] {logging_mixin.py:190} INFO - [2026-08-02T16:05:44.855+0000] {dag.py:3239} INFO - Sync 1 DAGs
[2026-08-02T16:05:44.870+0000] {logging_mixin.py:190} INFO - [2026-08-02T16:05:44.870+0000] {dag.py:4180} INFO - Setting next_dagrun for avito_to_raw_midraw to 2026-08-02 16:00:00+00:00, run_after=2026-08-02 17:00:00+00:00
[2026-08-02T16:05:44.876+0000] {processor.py:208} INFO - Processing /opt/airflow/dags/avito_to_raw_midraw.py took 0.049 seconds
[2026-08-02T16:06:15.202+0000] {processor.py:186} INFO - Started process (PID=2656) to work on /opt/airflow/dags/avito_to_raw_midraw.py
[2026-08-02T16:06:15.203+0000] {processor.py:914} INFO - Processing file /opt/airflow/dags/avito_to_raw_midraw.py for tasks to queue
[2026-08-02T16:06:15.203+0000] {logging_mixin.py:190} INFO - [2026-08-02T16:06:15.203+0000] {dagbag.py:588} INFO - Filling up the DagBag from /opt/airflow/dags/avito_to_raw_midraw.py
[2026-08-02T16:06:15.210+0000] {processor.py:925} INFO - DAG(s) 'avito_to_raw_midraw' retrieved from /opt/airflow/dags/avito_to_raw_midraw.py
[2026-08-02T16:06:15.225+0000] {logging_mixin.py:190} INFO - [2026-08-02T16:06:15.224+0000] {dag.py:3239} INFO - Sync 1 DAGs
[2026-08-02T16:06:15.233+0000] {logging_mixin.py:190} INFO - [2026-08-02T16:06:15.233+0000] {dag.py:4180} INFO - Setting next_dagrun for avito_to_raw_midraw to 2026-08-02 16:00:00+00:00, run_after=2026-08-02 17:00:00+00:00
[2026-08-02T16:06:15.239+0000] {processor.py:208} INFO - Processing /opt/airflow/dags/avito_to_raw_midraw.py took 0.041 seconds
[2026-08-02T16:06:45.575+0000] {processor.py:186} INFO - Started process (PID=2659) to work on /opt/airflow/dags/avito_to_raw_midraw.py
[2026-08-02T16:06:45.576+0000] {processor.py:914} INFO - Processing file /opt/airflow/dags/avito_to_raw_midraw.py for tasks to queue
[2026-08-02T16:06:45.576+0000] {logging_mixin.py:190} INFO - [2026-08-02T16:06:45.576+0000] {dagbag.py:588} INFO - Filling up the DagBag from /opt/airflow/dags/avito_to_raw_midraw.py
[2026-08-02T16:06:45.584+0000] {processor.py:925} INFO - DAG(s) 'avito_to_raw_midraw' retrieved from /opt/airflow/dags/avito_to_raw_midraw.py
[2026-08-02T16:06:45.603+0000] {logging_mixin.py:190} INFO - [2026-08-02T16:06:45.603+0000] {dag.py:3239} INFO - Sync 1 DAGs
[2026-08-02T16:06:45.619+0000] {logging_mixin.py:190} INFO - [2026-08-02T16:06:45.619+0000] {dag.py:4180} INFO - Setting next_dagrun for avito_to_raw_midraw to 2026-08-02 16:00:00+00:00, run_after=2026-08-02 17:00:00+00:00
[2026-08-02T16:06:45.628+0000] {processor.py:208} INFO - Processing /opt/airflow/dags/avito_to_raw_midraw.py took 0.056 seconds
[2026-08-02T16:07:15.999+0000] {processor.py:186} INFO - Started process (PID=2662) to work on /opt/airflow/dags/avito_to_raw_midraw.py
[2026-08-02T16:07:15.999+0000] {processor.py:914} INFO - Processing file /opt/airflow/dags/avito_to_raw_midraw.py for tasks to queue
[2026-08-02T16:07:16.000+0000] {logging_mixin.py:190} INFO - [2026-08-02T16:07:16.000+0000] {dagbag.py:588} INFO - Filling up the DagBag from /opt/airflow/dags/avito_to_raw_midraw.py
[2026-08-02T16:07:16.007+0000] {processor.py:925} INFO - DAG(s) 'avito_to_raw_midraw' retrieved from /opt/airflow/dags/avito_to_raw_midraw.py
[2026-08-02T16:07:16.021+0000] {logging_mixin.py:190} INFO - [2026-08-02T16:07:16.021+0000] {dag.py:3239} INFO - Sync 1 DAGs
[2026-08-02T16:07:16.031+0000] {logging_mixin.py:190} INFO - [2026-08-02T16:07:16.031+0000] {dag.py:4180} INFO - Setting next_dagrun for avito_to_raw_midraw to 2026-08-02 16:00:00+00:00, run_after=2026-08-02 17:00:00+00:00
[2026-08-02T16:07:16.037+0000] {processor.py:208} INFO - Processing /opt/airflow/dags/avito_to_raw_midraw.py took 0.042 seconds
[2026-08-02T16:07:46.357+0000] {processor.py:186} INFO - Started process (PID=2665) to work on /opt/airflow/dags/avito_to_raw_midraw.py
[2026-08-02T16:07:46.357+0000] {processor.py:914} INFO - Processing file /opt/airflow/dags/avito_to_raw_midraw.py for tasks to queue
[2026-08-02T16:07:46.358+0000] {logging_mixin.py:190} INFO - [2026-08-02T16:07:46.358+0000] {dagbag.py:588} INFO - Filling up the DagBag from /opt/airflow/dags/avito_to_raw_midraw.py
[2026-08-02T16:07:46.367+0000] {processor.py:925} INFO - DAG(s) 'avito_to_raw_midraw' retrieved from /opt/airflow/dags/avito_to_raw_midraw.py
[2026-08-02T16:07:46.380+0000] {logging_mixin.py:190} INFO - [2026-08-02T16:07:46.380+0000] {dag.py:3239} INFO - Sync 1 DAGs
[2026-08-02T16:07:46.390+0000] {logging_mixin.py:190} INFO - [2026-08-02T16:07:46.389+0000] {dag.py:4180} INFO - Setting next_dagrun for avito_to_raw_midraw to 2026-08-02 16:00:00+00:00, run_after=2026-08-02 17:00:00+00:00
[2026-08-02T16:07:46.398+0000] {processor.py:208} INFO - Processing /opt/airflow/dags/avito_to_raw_midraw.py took 0.045 seconds
[2026-08-02T16:08:16.754+0000] {processor.py:186} INFO - Started process (PID=2668) to work on /opt/airflow/dags/avito_to_raw_midraw.py
[2026-08-02T16:08:16.755+0000] {processor.py:914} INFO - Processing file /opt/airflow/dags/avito_to_raw_midraw.py for tasks to queue
[2026-08-02T16:08:16.756+0000] {logging_mixin.py:190} INFO - [2026-08-02T16:08:16.755+0000] {dagbag.py:588} INFO - Filling up the DagBag from /opt/airflow/dags/avito_to_raw_midraw.py
[2026-08-02T16:08:16.767+0000] {processor.py:925} INFO - DAG(s) 'avito_to_raw_midraw' retrieved from /opt/airflow/dags/avito_to_raw_midraw.py
[2026-08-02T16:08:16.780+0000] {logging_mixin.py:190} INFO - [2026-08-02T16:08:16.780+0000] {dag.py:3239} INFO - Sync 1 DAGs
[2026-08-02T16:08:16.791+0000] {logging_mixin.py:190} INFO - [2026-08-02T16:08:16.791+0000] {dag.py:4180} INFO - Setting next_dagrun for avito_to_raw_midraw to 2026-08-02 16:00:00+00:00, run_after=2026-08-02 17:00:00+00:00
[2026-08-02T16:08:16.799+0000] {processor.py:208} INFO - Processing /opt/airflow/dags/avito_to_raw_midraw.py took 0.048 seconds
[2026-08-02T16:08:47.412+0000] {processor.py:186} INFO - Started process (PID=2671) to work on /opt/airflow/dags/avito_to_raw_midraw.py
[2026-08-02T16:08:47.412+0000] {processor.py:914} INFO - Processing file /opt/airflow/dags/avito_to_raw_midraw.py for tasks to queue
[2026-08-02T16:08:47.413+0000] {logging_mixin.py:190} INFO - [2026-08-02T16:08:47.413+0000] {dagbag.py:588} INFO - Filling up the DagBag from /opt/airflow/dags/avito_to_raw_midraw.py
[2026-08-02T16:08:47.422+0000] {processor.py:925} INFO - DAG(s) 'avito_to_raw_midraw' retrieved from /opt/airflow/dags/avito_to_raw_midraw.py
[2026-08-02T16:08:47.439+0000] {logging_mixin.py:190} INFO - [2026-08-02T16:08:47.439+0000] {dag.py:3239} INFO - Sync 1 DAGs
[2026-08-02T16:08:47.448+0000] {logging_mixin.py:190} INFO - [2026-08-02T16:08:47.447+0000] {dag.py:4180} INFO - Setting next_dagrun for avito_to_raw_midraw to 2026-08-02 16:00:00+00:00, run_after=2026-08-02 17:00:00+00:00
[2026-08-02T16:08:47.454+0000] {processor.py:208} INFO - Processing /opt/airflow/dags/avito_to_raw_midraw.py took 0.045 seconds
[2026-08-02T16:09:17.916+0000] {processor.py:186} INFO - Started process (PID=2674) to work on /opt/airflow/dags/avito_to_raw_midraw.py
[2026-08-02T16:09:17.917+0000] {processor.py:914} INFO - Processing file /opt/airflow/dags/avito_to_raw_midraw.py for tasks to queue
[2026-08-02T16:09:17.917+0000] {logging_mixin.py:190} INFO - [2026-08-02T16:09:17.917+0000] {dagbag.py:588} INFO - Filling up the DagBag from /opt/airflow/dags/avito_to_raw_midraw.py
[2026-08-02T16:09:17.925+0000] {processor.py:925} INFO - DAG(s) 'avito_to_raw_midraw' retrieved from /opt/airflow/dags/avito_to_raw_midraw.py
[2026-08-02T16:09:17.940+0000] {logging_mixin.py:190} INFO - [2026-08-02T16:09:17.940+0000] {dag.py:3239} INFO - Sync 1 DAGs
[2026-08-02T16:09:17.950+0000] {logging_mixin.py:190} INFO - [2026-08-02T16:09:17.950+0000] {dag.py:4180} INFO - Setting next_dagrun for avito_to_raw_midraw to 2026-08-02 16:00:00+00:00, run_after=2026-08-02 17:00:00+00:00
[2026-08-02T16:09:17.959+0000] {processor.py:208} INFO - Processing /opt/airflow/dags/avito_to_raw_midraw.py took 0.046 seconds
[2026-08-02T16:09:48.293+0000] {processor.py:186} INFO - Started process (PID=2677) to work on /opt/airflow/dags/avito_to_raw_midraw.py
[2026-08-02T16:09:48.293+0000] {processor.py:914} INFO - Processing file /opt/airflow/dags/avito_to_raw_midraw.py for tasks to queue
[2026-08-02T16:09:48.294+0000] {logging_mixin.py:190} INFO - [2026-08-02T16:09:48.294+0000] {dagbag.py:588} INFO - Filling up the DagBag from /opt/airflow/dags/avito_to_raw_midraw.py
[2026-08-02T16:09:48.302+0000] {processor.py:925} INFO - DAG(s) 'avito_to_raw_midraw' retrieved from /opt/airflow/dags/avito_to_raw_midraw.py
[2026-08-02T16:09:48.321+0000] {logging_mixin.py:190} INFO - [2026-08-02T16:09:48.321+0000] {dag.py:3239} INFO - Sync 1 DAGs
[2026-08-02T16:09:48.332+0000] {logging_mixin.py:190} INFO - [2026-08-02T16:09:48.332+0000] {dag.py:4180} INFO - Setting next_dagrun for avito_to_raw_midraw to 2026-08-02 16:00:00+00:00, run_after=2026-08-02 17:00:00+00:00
[2026-08-02T16:09:48.340+0000] {processor.py:208} INFO - Processing /opt/airflow/dags/avito_to_raw_midraw.py took 0.053 seconds
[2026-08-02T16:10:18.687+0000] {processor.py:186} INFO - Started process (PID=2680) to work on /opt/airflow/dags/avito_to_raw_midraw.py
[2026-08-02T16:10:18.688+0000] {processor.py:914} INFO - Processing file /opt/airflow/dags/avito_to_raw_midraw.py for tasks to queue
[2026-08-02T16:10:18.688+0000] {logging_mixin.py:190} INFO - [2026-08-02T16:10:18.688+0000] {dagbag.py:588} INFO - Filling up the DagBag from /opt/airflow/dags/avito_to_raw_midraw.py
[2026-08-02T16:10:18.698+0000] {processor.py:925} INFO - DAG(s) 'avito_to_raw_midraw' retrieved from /opt/airflow/dags/avito_to_raw_midraw.py
[2026-08-02T16:10:18.712+0000] {logging_mixin.py:190} INFO - [2026-08-02T16:10:18.712+0000] {dag.py:3239} INFO - Sync 1 DAGs
[2026-08-02T16:10:18.721+0000] {logging_mixin.py:190} INFO - [2026-08-02T16:10:18.721+0000] {dag.py:4180} INFO - Setting next_dagrun for avito_to_raw_midraw to 2026-08-02 16:00:00+00:00, run_after=2026-08-02 17:00:00+00:00
[2026-08-02T16:10:18.728+0000] {processor.py:208} INFO - Processing /opt/airflow/dags/avito_to_raw_midraw.py took 0.045 seconds
[2026-08-02T16:10:49.081+0000] {processor.py:186} INFO - Started process (PID=2683) to work on /opt/airflow/dags/avito_to_raw_midraw.py
[2026-08-02T16:10:49.082+0000] {processor.py:914} INFO - Processing file /opt/airflow/dags/avito_to_raw_midraw.py for tasks to queue
[2026-08-02T16:10:49.083+0000] {logging_mixin.py:190} INFO - [2026-08-02T16:10:49.082+0000] {dagbag.py:588} INFO - Filling up the DagBag from /opt/airflow/dags/avito_to_raw_midraw.py
[2026-08-02T16:10:49.093+0000] {processor.py:925} INFO - DAG(s) 'avito_to_raw_midraw' retrieved from /opt/airflow/dags/avito_to_raw_midraw.py
[2026-08-02T16:10:49.114+0000] {logging_mixin.py:190} INFO - [2026-08-02T16:10:49.114+0000] {dag.py:3239} INFO - Sync 1 DAGs
[2026-08-02T16:10:49.126+0000] {logging_mixin.py:190} INFO - [2026-08-02T16:10:49.126+0000] {dag.py:4180} INFO - Setting next_dagrun for avito_to_raw_midraw to 2026-08-02 16:00:00+00:00, run_after=2026-08-02 17:00:00+00:00
[2026-08-02T16:10:49.136+0000] {processor.py:208} INFO - Processing /opt/airflow/dags/avito_to_raw_midraw.py took 0.059 seconds
[2026-08-02T16:11:19.430+0000] {processor.py:186} INFO - Started process (PID=2686) to work on /opt/airflow/dags/avito_to_raw_midraw.py
[2026-08-02T16:11:19.430+0000] {processor.py:914} INFO - Processing file /opt/airflow/dags/avito_to_raw_midraw.py for tasks to queue
[2026-08-02T16:11:19.431+0000] {logging_mixin.py:190} INFO - [2026-08-02T16:11:19.431+0000] {dagbag.py:588} INFO - Filling up the DagBag from /opt/airflow/dags/avito_to_raw_midraw.py
[2026-08-02T16:11:19.438+0000] {processor.py:925} INFO - DAG(s) 'avito_to_raw_midraw' retrieved from /opt/airflow/dags/avito_to_raw_midraw.py
[2026-08-02T16:11:19.458+0000] {logging_mixin.py:190} INFO - [2026-08-02T16:11:19.458+0000] {dag.py:3239} INFO - Sync 1 DAGs
[2026-08-02T16:11:19.471+0000] {logging_mixin.py:190} INFO - [2026-08-02T16:11:19.470+0000] {dag.py:4180} INFO - Setting next_dagrun for avito_to_raw_midraw to 2026-08-02 16:00:00+00:00, run_after=2026-08-02 17:00:00+00:00
[2026-08-02T16:11:19.479+0000] {processor.py:208} INFO - Processing /opt/airflow/dags/avito_to_raw_midraw.py took 0.053 seconds
[2026-08-02T16:11:49.842+0000] {processor.py:186} INFO - Started process (PID=2689) to work on /opt/airflow/dags/avito_to_raw_midraw.py
[2026-08-02T16:11:49.842+0000] {processor.py:914} INFO - Processing file /opt/airflow/dags/avito_to_raw_midraw.py for tasks to queue
[2026-08-02T16:11:49.843+0000] {logging_mixin.py:190} INFO - [2026-08-02T16:11:49.843+0000] {dagbag.py:588} INFO - Filling up the DagBag from /opt/airflow/dags/avito_to_raw_midraw.py
[2026-08-02T16:11:49.852+0000] {processor.py:925} INFO - DAG(s) 'avito_to_raw_midraw' retrieved from /opt/airflow/dags/avito_to_raw_midraw.py
[2026-08-02T16:11:49.870+0000] {logging_mixin.py:190} INFO - [2026-08-02T16:11:49.870+0000] {dag.py:3239} INFO - Sync 1 DAGs
[2026-08-02T16:11:49.880+0000] {logging_mixin.py:190} INFO - [2026-08-02T16:11:49.880+0000] {dag.py:4180} INFO - Setting next_dagrun for avito_to_raw_midraw to 2026-08-02 16:00:00+00:00, run_after=2026-08-02 17:00:00+00:00
[2026-08-02T16:11:49.887+0000] {processor.py:208} INFO - Processing /opt/airflow/dags/avito_to_raw_midraw.py took 0.049 seconds
[2026-08-02T16:12:20.156+0000] {processor.py:186} INFO - Started process (PID=2692) to work on /opt/airflow/dags/avito_to_raw_midraw.py
[2026-08-02T16:12:20.157+0000] {processor.py:914} INFO - Processing file /opt/airflow/dags/avito_to_raw_midraw.py for tasks to queue
[2026-08-02T16:12:20.157+0000] {logging_mixin.py:190} INFO - [2026-08-02T16:12:20.157+0000] {dagbag.py:588} INFO - Filling up the DagBag from /opt/airflow/dags/avito_to_raw_midraw.py
[2026-08-02T16:12:20.166+0000] {processor.py:925} INFO - DAG(s) 'avito_to_raw_midraw' retrieved from /opt/airflow/dags/avito_to_raw_midraw.py
[2026-08-02T16:12:20.183+0000] {logging_mixin.py:190} INFO - [2026-08-02T16:12:20.183+0000] {dag.py:3239} INFO - Sync 1 DAGs
[2026-08-02T16:12:20.193+0000] {logging_mixin.py:190} INFO - [2026-08-02T16:12:20.192+0000] {dag.py:4180} INFO - Setting next_dagrun for avito_to_raw_midraw to 2026-08-02 16:00:00+00:00, run_after=2026-08-02 17:00:00+00:00
[2026-08-02T16:12:20.200+0000] {processor.py:208} INFO - Processing /opt/airflow/dags/avito_to_raw_midraw.py took 0.048 seconds
[2026-08-02T16:12:50.486+0000] {processor.py:186} INFO - Started process (PID=2695) to work on /opt/airflow/dags/avito_to_raw_midraw.py
[2026-08-02T16:12:50.487+0000] {processor.py:914} INFO - Processing file /opt/airflow/dags/avito_to_raw_midraw.py for tasks to queue
[2026-08-02T16:12:50.488+0000] {logging_mixin.py:190} INFO - [2026-08-02T16:12:50.487+0000] {dagbag.py:588} INFO - Filling up the DagBag from /opt/airflow/dags/avito_to_raw_midraw.py
[2026-08-02T16:12:50.497+0000] {processor.py:925} INFO - DAG(s) 'avito_to_raw_midraw' retrieved from /opt/airflow/dags/avito_to_raw_midraw.py
[2026-08-02T16:12:50.513+0000] {logging_mixin.py:190} INFO - [2026-08-02T16:12:50.512+0000] {dag.py:3239} INFO - Sync 1 DAGs
[2026-08-02T16:12:50.523+0000] {logging_mixin.py:190} INFO - [2026-08-02T16:12:50.523+0000] {dag.py:4180} INFO - Setting next_dagrun for avito_to_raw_midraw to 2026-08-02 16:00:00+00:00, run_after=2026-08-02 17:00:00+00:00
[2026-08-02T16:12:50.530+0000] {processor.py:208} INFO - Processing /opt/airflow/dags/avito_to_raw_midraw.py took 0.048 seconds
[2026-08-02T16:13:20.798+0000] {processor.py:186} INFO - Started process (PID=2698) to work on /opt/airflow/dags/avito_to_raw_midraw.py
[2026-08-02T16:13:20.798+0000] {processor.py:914} INFO - Processing file /opt/airflow/dags/avito_to_raw_midraw.py for tasks to queue
[2026-08-02T16:13:20.799+0000] {logging_mixin.py:190} INFO - [2026-08-02T16:13:20.799+0000] {dagbag.py:588} INFO - Filling up the DagBag from /opt/airflow/dags/avito_to_raw_midraw.py
[2026-08-02T16:13:20.810+0000] {processor.py:925} INFO - DAG(s) 'avito_to_raw_midraw' retrieved from /opt/airflow/dags/avito_to_raw_midraw.py
[2026-08-02T16:13:20.830+0000] {logging_mixin.py:190} INFO - [2026-08-02T16:13:20.830+0000] {dag.py:3239} INFO - Sync 1 DAGs
[2026-08-02T16:13:20.840+0000] {logging_mixin.py:190} INFO - [2026-08-02T16:13:20.840+0000] {dag.py:4180} INFO - Setting next_dagrun for avito_to_raw_midraw to 2026-08-02 16:00:00+00:00, run_after=2026-08-02 17:00:00+00:00
[2026-08-02T16:13:20.847+0000] {processor.py:208} INFO - Processing /opt/airflow/dags/avito_to_raw_midraw.py took 0.053 seconds
[2026-08-02T16:13:51.083+0000] {processor.py:186} INFO - Started process (PID=2701) to work on /opt/airflow/dags/avito_to_raw_midraw.py
[2026-08-02T16:13:51.083+0000] {processor.py:914} INFO - Processing file /opt/airflow/dags/avito_to_raw_midraw.py for tasks to queue
[2026-08-02T16:13:51.084+0000] {logging_mixin.py:190} INFO - [2026-08-02T16:13:51.084+0000] {dagbag.py:588} INFO - Filling up the DagBag from /opt/airflow/dags/avito_to_raw_midraw.py
[2026-08-02T16:13:51.090+0000] {processor.py:925} INFO - DAG(s) 'avito_to_raw_midraw' retrieved from /opt/airflow/dags/avito_to_raw_midraw.py
[2026-08-02T16:13:51.104+0000] {logging_mixin.py:190} INFO - [2026-08-02T16:13:51.104+0000] {dag.py:3239} INFO - Sync 1 DAGs
[2026-08-02T16:13:51.112+0000] {logging_mixin.py:190} INFO - [2026-08-02T16:13:51.112+0000] {dag.py:4180} INFO - Setting next_dagrun for avito_to_raw_midraw to 2026-08-02 16:00:00+00:00, run_after=2026-08-02 17:00:00+00:00
[2026-08-02T16:13:51.118+0000] {processor.py:208} INFO - Processing /opt/airflow/dags/avito_to_raw_midraw.py took 0.040 seconds
[2026-08-02T16:14:21.363+0000] {processor.py:186} INFO - Started process (PID=2704) to work on /opt/airflow/dags/avito_to_raw_midraw.py
[2026-08-02T16:14:21.363+0000] {processor.py:914} INFO - Processing file /opt/airflow/dags/avito_to_raw_midraw.py for tasks to queue
[2026-08-02T16:14:21.364+0000] {logging_mixin.py:190} INFO - [2026-08-02T16:14:21.364+0000] {dagbag.py:588} INFO - Filling up the DagBag from /opt/airflow/dags/avito_to_raw_midraw.py
[2026-08-02T16:14:21.371+0000] {processor.py:925} INFO - DAG(s) 'avito_to_raw_midraw' retrieved from /opt/airflow/dags/avito_to_raw_midraw.py
[2026-08-02T16:14:21.385+0000] {logging_mixin.py:190} INFO - [2026-08-02T16:14:21.384+0000] {dag.py:3239} INFO - Sync 1 DAGs
[2026-08-02T16:14:21.394+0000] {logging_mixin.py:190} INFO - [2026-08-02T16:14:21.393+0000] {dag.py:4180} INFO - Setting next_dagrun for avito_to_raw_midraw to 2026-08-02 16:00:00+00:00, run_after=2026-08-02 17:00:00+00:00
[2026-08-02T16:14:21.400+0000] {processor.py:208} INFO - Processing /opt/airflow/dags/avito_to_raw_midraw.py took 0.040 seconds
[2026-08-02T16:14:51.671+0000] {processor.py:186} INFO - Started process (PID=2707) to work on /opt/airflow/dags/avito_to_raw_midraw.py
[2026-08-02T16:14:51.672+0000] {processor.py:914} INFO - Processing file /opt/airflow/dags/avito_to_raw_midraw.py for tasks to queue
[2026-08-02T16:14:51.673+0000] {logging_mixin.py:190} INFO - [2026-08-02T16:14:51.672+0000] {dagbag.py:588} INFO - Filling up the DagBag from /opt/airflow/dags/avito_to_raw_midraw.py
[2026-08-02T16:14:51.680+0000] {processor.py:925} INFO - DAG(s) 'avito_to_raw_midraw' retrieved from /opt/airflow/dags/avito_to_raw_midraw.py
[2026-08-02T16:14:51.694+0000] {logging_mixin.py:190} INFO - [2026-08-02T16:14:51.694+0000] {dag.py:3239} INFO - Sync 1 DAGs
[2026-08-02T16:14:51.704+0000] {logging_mixin.py:190} INFO - [2026-08-02T16:14:51.704+0000] {dag.py:4180} INFO - Setting next_dagrun for avito_to_raw_midraw to 2026-08-02 16:00:00+00:00, run_after=2026-08-02 17:00:00+00:00
[2026-08-02T16:14:51.711+0000] {processor.py:208} INFO - Processing /opt/airflow/dags/avito_to_raw_midraw.py took 0.043 seconds
[2026-08-02T16:15:21.912+0000] {processor.py:186} INFO - Started process (PID=2710) to work on /opt/airflow/dags/avito_to_raw_midraw.py
[2026-08-02T16:15:21.913+0000] {processor.py:914} INFO - Processing file /opt/airflow/dags/avito_to_raw_midraw.py for tasks to queue
[2026-08-02T16:15:21.914+0000] {logging_mixin.py:190} INFO - [2026-08-02T16:15:21.914+0000] {dagbag.py:588} INFO - Filling up the DagBag from /opt/airflow/dags/avito_to_raw_midraw.py
[2026-08-02T16:15:21.927+0000] {processor.py:925} INFO - DAG(s) 'avito_to_raw_midraw' retrieved from /opt/airflow/dags/avito_to_raw_midraw.py
[2026-08-02T16:15:21.942+0000] {logging_mixin.py:190} INFO - [2026-08-02T16:15:21.942+0000] {dag.py:3239} INFO - Sync 1 DAGs
[2026-08-02T16:15:21.951+0000] {logging_mixin.py:190} INFO - [2026-08-02T16:15:21.951+0000] {dag.py:4180} INFO - Setting next_dagrun for avito_to_raw_midraw to 2026-08-02 16:00:00+00:00, run_after=2026-08-02 17:00:00+00:00
[2026-08-02T16:15:21.958+0000] {processor.py:208} INFO - Processing /opt/airflow/dags/avito_to_raw_midraw.py took 0.050 seconds
[2026-08-02T16:15:52.221+0000] {processor.py:186} INFO - Started process (PID=2713) to work on /opt/airflow/dags/avito_to_raw_midraw.py
[2026-08-02T16:15:52.221+0000] {processor.py:914} INFO - Processing file /opt/airflow/dags/avito_to_raw_midraw.py for tasks to queue
[2026-08-02T16:15:52.222+0000] {logging_mixin.py:190} INFO - [2026-08-02T16:15:52.222+0000] {dagbag.py:588} INFO - Filling up the DagBag from /opt/airflow/dags/avito_to_raw_midraw.py
[2026-08-02T16:15:52.229+0000] {processor.py:925} INFO - DAG(s) 'avito_to_raw_midraw' retrieved from /opt/airflow/dags/avito_to_raw_midraw.py
[2026-08-02T16:15:52.243+0000] {logging_mixin.py:190} INFO - [2026-08-02T16:15:52.243+0000] {dag.py:3239} INFO - Sync 1 DAGs
[2026-08-02T16:15:52.252+0000] {logging_mixin.py:190} INFO - [2026-08-02T16:15:52.252+0000] {dag.py:4180} INFO - Setting next_dagrun for avito_to_raw_midraw to 2026-08-02 16:00:00+00:00, run_after=2026-08-02 17:00:00+00:00
[2026-08-02T16:15:52.259+0000] {processor.py:208} INFO - Processing /opt/airflow/dags/avito_to_raw_midraw.py took 0.041 seconds
[2026-08-02T16:16:22.499+0000] {processor.py:186} INFO - Started process (PID=2716) to work on /opt/airflow/dags/avito_to_raw_midraw.py
[2026-08-02T16:16:22.500+0000] {processor.py:914} INFO - Processing file /opt/airflow/dags/avito_to_raw_midraw.py for tasks to queue
[2026-08-02T16:16:22.501+0000] {logging_mixin.py:190} INFO - [2026-08-02T16:16:22.501+0000] {dagbag.py:588} INFO - Filling up the DagBag from /opt/airflow/dags/avito_to_raw_midraw.py
[2026-08-02T16:16:22.508+0000] {processor.py:925} INFO - DAG(s) 'avito_to_raw_midraw' retrieved from /opt/airflow/dags/avito_to_raw_midraw.py
[2026-08-02T16:16:22.522+0000] {logging_mixin.py:190} INFO - [2026-08-02T16:16:22.521+0000] {dag.py:3239} INFO - Sync 1 DAGs
[2026-08-02T16:16:22.531+0000] {logging_mixin.py:190} INFO - [2026-08-02T16:16:22.531+0000] {dag.py:4180} INFO - Setting next_dagrun for avito_to_raw_midraw to 2026-08-02 16:00:00+00:00, run_after=2026-08-02 17:00:00+00:00
[2026-08-02T16:16:22.537+0000] {processor.py:208} INFO - Processing /opt/airflow/dags/avito_to_raw_midraw.py took 0.042 seconds
[2026-08-02T16:16:52.777+0000] {processor.py:186} INFO - Started process (PID=2719) to work on /opt/airflow/dags/avito_to_raw_midraw.py
[2026-08-02T16:16:52.777+0000] {processor.py:914} INFO - Processing file /opt/airflow/dags/avito_to_raw_midraw.py for tasks to queue
[2026-08-02T16:16:52.778+0000] {logging_mixin.py:190} INFO - [2026-08-02T16:16:52.777+0000] {dagbag.py:588} INFO - Filling up the DagBag from /opt/airflow/dags/avito_to_raw_midraw.py
[2026-08-02T16:16:52.785+0000] {processor.py:925} INFO - DAG(s) 'avito_to_raw_midraw' retrieved from /opt/airflow/dags/avito_to_raw_midraw.py
[2026-08-02T16:16:52.798+0000] {logging_mixin.py:190} INFO - [2026-08-02T16:16:52.798+0000] {dag.py:3239} INFO - Sync 1 DAGs
[2026-08-02T16:16:52.807+0000] {logging_mixin.py:190} INFO - [2026-08-02T16:16:52.807+0000] {dag.py:4180} INFO - Setting next_dagrun for avito_to_raw_midraw to 2026-08-02 16:00:00+00:00, run_after=2026-08-02 17:00:00+00:00
[2026-08-02T16:16:52.813+0000] {processor.py:208} INFO - Processing /opt/airflow/dags/avito_to_raw_midraw.py took 0.039 seconds
[2026-08-02T16:17:23.054+0000] {processor.py:186} INFO - Started process (PID=2722) to work on /opt/airflow/dags/avito_to_raw_midraw.py
[2026-08-02T16:17:23.054+0000] {processor.py:914} INFO - Processing file /opt/airflow/dags/avito_to_raw_midraw.py for tasks to queue
[2026-08-02T16:17:23.055+0000] {logging_mixin.py:190} INFO - [2026-08-02T16:17:23.054+0000] {dagbag.py:588} INFO - Filling up the DagBag from /opt/airflow/dags/avito_to_raw_midraw.py
[2026-08-02T16:17:23.062+0000] {processor.py:925} INFO - DAG(s) 'avito_to_raw_midraw' retrieved from /opt/airflow/dags/avito_to_raw_midraw.py
[2026-08-02T16:17:23.075+0000] {logging_mixin.py:190} INFO - [2026-08-02T16:17:23.075+0000] {dag.py:3239} INFO - Sync 1 DAGs
[2026-08-02T16:17:23.084+0000] {logging_mixin.py:190} INFO - [2026-08-02T16:17:23.084+0000] {dag.py:4180} INFO - Setting next_dagrun for avito_to_raw_midraw to 2026-08-02 16:00:00+00:00, run_after=2026-08-02 17:00:00+00:00
[2026-08-02T16:17:23.091+0000] {processor.py:208} INFO - Processing /opt/airflow/dags/avito_to_raw_midraw.py took 0.041 seconds
[2026-08-02T16:17:53.360+0000] {processor.py:186} INFO - Started process (PID=2725) to work on /opt/airflow/dags/avito_to_raw_midraw.py
[2026-08-02T16:17:53.361+0000] {processor.py:914} INFO - Processing file /opt/airflow/dags/avito_to_raw_midraw.py for tasks to queue
[2026-08-02T16:17:53.362+0000] {logging_mixin.py:190} INFO - [2026-08-02T16:17:53.361+0000] {dagbag.py:588} INFO - Filling up the DagBag from /opt/airflow/dags/avito_to_raw_midraw.py
[2026-08-02T16:17:53.368+0000] {processor.py:925} INFO - DAG(s) 'avito_to_raw_midraw' retrieved from /opt/airflow/dags/avito_to_raw_midraw.py
[2026-08-02T16:17:53.383+0000] {logging_mixin.py:190} INFO - [2026-08-02T16:17:53.382+0000] {dag.py:3239} INFO - Sync 1 DAGs
[2026-08-02T16:17:53.392+0000] {logging_mixin.py:190} INFO - [2026-08-02T16:17:53.392+0000] {dag.py:4180} INFO - Setting next_dagrun for avito_to_raw_midraw to 2026-08-02 16:00:00+00:00, run_after=2026-08-02 17:00:00+00:00
[2026-08-02T16:17:53.398+0000] {processor.py:208} INFO - Processing /opt/airflow/dags/avito_to_raw_midraw.py took 0.043 seconds
[2026-08-02T16:18:23.639+0000] {processor.py:186} INFO - Started process (PID=2728) to work on /opt/airflow/dags/avito_to_raw_midraw.py
[2026-08-02T16:18:23.640+0000] {processor.py:914} INFO - Processing file /opt/airflow/dags/avito_to_raw_midraw.py for tasks to queue
[2026-08-02T16:18:23.642+0000] {logging_mixin.py:190} INFO - [2026-08-02T16:18:23.642+0000] {dagbag.py:588} INFO - Filling up the DagBag from /opt/airflow/dags/avito_to_raw_midraw.py
[2026-08-02T16:18:23.650+0000] {processor.py:925} INFO - DAG(s) 'avito_to_raw_midraw' retrieved from /opt/airflow/dags/avito_to_raw_midraw.py
[2026-08-02T16:18:23.664+0000] {logging_mixin.py:190} INFO - [2026-08-02T16:18:23.664+0000] {dag.py:3239} INFO - Sync 1 DAGs
[2026-08-02T16:18:23.675+0000] {logging_mixin.py:190} INFO - [2026-08-02T16:18:23.674+0000] {dag.py:4180} INFO - Setting next_dagrun for avito_to_raw_midraw to 2026-08-02 16:00:00+00:00, run_after=2026-08-02 17:00:00+00:00
[2026-08-02T16:18:23.681+0000] {processor.py:208} INFO - Processing /opt/airflow/dags/avito_to_raw_midraw.py took 0.045 seconds
[2026-08-02T16:18:53.968+0000] {processor.py:186} INFO - Started process (PID=2731) to work on /opt/airflow/dags/avito_to_raw_midraw.py
[2026-08-02T16:18:53.968+0000] {processor.py:914} INFO - Processing file /opt/airflow/dags/avito_to_raw_midraw.py for tasks to queue
[2026-08-02T16:18:53.969+0000] {logging_mixin.py:190} INFO - [2026-08-02T16:18:53.969+0000] {dagbag.py:588} INFO - Filling up the DagBag from /opt/airflow/dags/avito_to_raw_midraw.py
[2026-08-02T16:18:53.976+0000] {processor.py:925} INFO - DAG(s) 'avito_to_raw_midraw' retrieved from /opt/airflow/dags/avito_to_raw_midraw.py
[2026-08-02T16:18:53.990+0000] {logging_mixin.py:190} INFO - [2026-08-02T16:18:53.990+0000] {dag.py:3239} INFO - Sync 1 DAGs
[2026-08-02T16:18:53.999+0000] {logging_mixin.py:190} INFO - [2026-08-02T16:18:53.999+0000] {dag.py:4180} INFO - Setting next_dagrun for avito_to_raw_midraw to 2026-08-02 16:00:00+00:00, run_after=2026-08-02 17:00:00+00:00
[2026-08-02T16:18:54.005+0000] {processor.py:208} INFO - Processing /opt/airflow/dags/avito_to_raw_midraw.py took 0.041 seconds
[2026-08-02T16:19:24.269+0000] {processor.py:186} INFO - Started process (PID=2734) to work on /opt/airflow/dags/avito_to_raw_midraw.py
[2026-08-02T16:19:24.269+0000] {processor.py:914} INFO - Processing file /opt/airflow/dags/avito_to_raw_midraw.py for tasks to queue
[2026-08-02T16:19:24.270+0000] {logging_mixin.py:190} INFO - [2026-08-02T16:19:24.270+0000] {dagbag.py:588} INFO - Filling up the DagBag from /opt/airflow/dags/avito_to_raw_midraw.py
[2026-08-02T16:19:24.278+0000] {processor.py:925} INFO - DAG(s) 'avito_to_raw_midraw' retrieved from /opt/airflow/dags/avito_to_raw_midraw.py
[2026-08-02T16:19:24.292+0000] {logging_mixin.py:190} INFO - [2026-08-02T16:19:24.292+0000] {dag.py:3239} INFO - Sync 1 DAGs
[2026-08-02T16:19:24.301+0000] {logging_mixin.py:190} INFO - [2026-08-02T16:19:24.301+0000] {dag.py:4180} INFO - Setting next_dagrun for avito_to_raw_midraw to 2026-08-02 16:00:00+00:00, run_after=2026-08-02 17:00:00+00:00
[2026-08-02T16:19:24.308+0000] {processor.py:208} INFO - Processing /opt/airflow/dags/avito_to_raw_midraw.py took 0.042 seconds
[2026-08-02T16:19:54.563+0000] {processor.py:186} INFO - Started process (PID=2737) to work on /opt/airflow/dags/avito_to_raw_midraw.py
[2026-08-02T16:19:54.564+0000] {processor.py:914} INFO - Processing file /opt/airflow/dags/avito_to_raw_midraw.py for tasks to queue
[2026-08-02T16:19:54.565+0000] {logging_mixin.py:190} INFO - [2026-08-02T16:19:54.564+0000] {dagbag.py:588} INFO - Filling up the DagBag from /opt/airflow/dags/avito_to_raw_midraw.py
[2026-08-02T16:19:54.572+0000] {processor.py:925} INFO - DAG(s) 'avito_to_raw_midraw' retrieved from /opt/airflow/dags/avito_to_raw_midraw.py
[2026-08-02T16:19:54.586+0000] {logging_mixin.py:190} INFO - [2026-08-02T16:19:54.586+0000] {dag.py:3239} INFO - Sync 1 DAGs
[2026-08-02T16:19:54.596+0000] {logging_mixin.py:190} INFO - [2026-08-02T16:19:54.596+0000] {dag.py:4180} INFO - Setting next_dagrun for avito_to_raw_midraw to 2026-08-02 16:00:00+00:00, run_after=2026-08-02 17:00:00+00:00
[2026-08-02T16:19:54.601+0000] {processor.py:208} INFO - Processing /opt/airflow/dags/avito_to_raw_midraw.py took 0.042 seconds
[2026-08-02T16:20:24.857+0000] {processor.py:186} INFO - Started process (PID=2740) to work on /opt/airflow/dags/avito_to_raw_midraw.py
[2026-08-02T16:20:24.857+0000] {processor.py:914} INFO - Processing file /opt/airflow/dags/avito_to_raw_midraw.py for tasks to queue
[2026-08-02T16:20:24.858+0000] {logging_mixin.py:190} INFO - [2026-08-02T16:20:24.858+0000] {dagbag.py:588} INFO - Filling up the DagBag from /opt/airflow/dags/avito_to_raw_midraw.py
[2026-08-02T16:20:24.865+0000] {processor.py:925} INFO - DAG(s) 'avito_to_raw_midraw' retrieved from /opt/airflow/dags/avito_to_raw_midraw.py
[2026-08-02T16:20:24.878+0000] {logging_mixin.py:190} INFO - [2026-08-02T16:20:24.878+0000] {dag.py:3239} INFO - Sync 1 DAGs
[2026-08-02T16:20:24.888+0000] {logging_mixin.py:190} INFO - [2026-08-02T16:20:24.887+0000] {dag.py:4180} INFO - Setting next_dagrun for avito_to_raw_midraw to 2026-08-02 16:00:00+00:00, run_after=2026-08-02 17:00:00+00:00
[2026-08-02T16:20:24.894+0000] {processor.py:208} INFO - Processing /opt/airflow/dags/avito_to_raw_midraw.py took 0.042 seconds
[2026-08-02T16:20:55.168+0000] {processor.py:186} INFO - Started process (PID=2743) to work on /opt/airflow/dags/avito_to_raw_midraw.py
[2026-08-02T16:20:55.168+0000] {processor.py:914} INFO - Processing file /opt/airflow/dags/avito_to_raw_midraw.py for tasks to queue
[2026-08-02T16:20:55.169+0000] {logging_mixin.py:190} INFO - [2026-08-02T16:20:55.169+0000] {dagbag.py:588} INFO - Filling up the DagBag from /opt/airflow/dags/avito_to_raw_midraw.py
[2026-08-02T16:20:55.176+0000] {processor.py:925} INFO - DAG(s) 'avito_to_raw_midraw' retrieved from /opt/airflow/dags/avito_to_raw_midraw.py
[2026-08-02T16:20:55.190+0000] {logging_mixin.py:190} INFO - [2026-08-02T16:20:55.190+0000] {dag.py:3239} INFO - Sync 1 DAGs
[2026-08-02T16:20:55.199+0000] {logging_mixin.py:190} INFO - [2026-08-02T16:20:55.199+0000] {dag.py:4180} INFO - Setting next_dagrun for avito_to_raw_midraw to 2026-08-02 16:00:00+00:00, run_after=2026-08-02 17:00:00+00:00
[2026-08-02T16:20:55.205+0000] {processor.py:208} INFO - Processing /opt/airflow/dags/avito_to_raw_midraw.py took 0.041 seconds
[2026-08-02T16:21:25.436+0000] {processor.py:186} INFO - Started process (PID=2746) to work on /opt/airflow/dags/avito_to_raw_midraw.py
[2026-08-02T16:21:25.436+0000] {processor.py:914} INFO - Processing file /opt/airflow/dags/avito_to_raw_midraw.py for tasks to queue
[2026-08-02T16:21:25.437+0000] {logging_mixin.py:190} INFO - [2026-08-02T16:21:25.437+0000] {dagbag.py:588} INFO - Filling up the DagBag from /opt/airflow/dags/avito_to_raw_midraw.py
[2026-08-02T16:21:25.444+0000] {processor.py:925} INFO - DAG(s) 'avito_to_raw_midraw' retrieved from /opt/airflow/dags/avito_to_raw_midraw.py
[2026-08-02T16:21:25.456+0000] {logging_mixin.py:190} INFO - [2026-08-02T16:21:25.456+0000] {dag.py:3239} INFO - Sync 1 DAGs
[2026-08-02T16:21:25.466+0000] {logging_mixin.py:190} INFO - [2026-08-02T16:21:25.466+0000] {dag.py:4180} INFO - Setting next_dagrun for avito_to_raw_midraw to 2026-08-02 16:00:00+00:00, run_after=2026-08-02 17:00:00+00:00
[2026-08-02T16:21:25.472+0000] {processor.py:208} INFO - Processing /opt/airflow/dags/avito_to_raw_midraw.py took 0.041 seconds
[2026-08-02T16:21:55.721+0000] {processor.py:186} INFO - Started process (PID=2749) to work on /opt/airflow/dags/avito_to_raw_midraw.py
[2026-08-02T16:21:55.721+0000] {processor.py:914} INFO - Processing file /opt/airflow/dags/avito_to_raw_midraw.py for tasks to queue
[2026-08-02T16:21:55.722+0000] {logging_mixin.py:190} INFO - [2026-08-02T16:21:55.722+0000] {dagbag.py:588} INFO - Filling up the DagBag from /opt/airflow/dags/avito_to_raw_midraw.py
[2026-08-02T16:21:55.729+0000] {processor.py:925} INFO - DAG(s) 'avito_to_raw_midraw' retrieved from /opt/airflow/dags/avito_to_raw_midraw.py
[2026-08-02T16:21:55.742+0000] {logging_mixin.py:190} INFO - [2026-08-02T16:21:55.742+0000] {dag.py:3239} INFO - Sync 1 DAGs
[2026-08-02T16:21:55.750+0000] {logging_mixin.py:190} INFO - [2026-08-02T16:21:55.750+0000] {dag.py:4180} INFO - Setting next_dagrun for avito_to_raw_midraw to 2026-08-02 16:00:00+00:00, run_after=2026-08-02 17:00:00+00:00
[2026-08-02T16:21:55.756+0000] {processor.py:208} INFO - Processing /opt/airflow/dags/avito_to_raw_midraw.py took 0.039 seconds
[2026-08-02T16:22:26.083+0000] {processor.py:186} INFO - Started process (PID=2752) to work on /opt/airflow/dags/avito_to_raw_midraw.py
[2026-08-02T16:22:26.084+0000] {processor.py:914} INFO - Processing file /opt/airflow/dags/avito_to_raw_midraw.py for tasks to queue
[2026-08-02T16:22:26.084+0000] {logging_mixin.py:190} INFO - [2026-08-02T16:22:26.084+0000] {dagbag.py:588} INFO - Filling up the DagBag from /opt/airflow/dags/avito_to_raw_midraw.py
[2026-08-02T16:22:26.091+0000] {processor.py:925} INFO - DAG(s) 'avito_to_raw_midraw' retrieved from /opt/airflow/dags/avito_to_raw_midraw.py
[2026-08-02T16:22:26.105+0000] {logging_mixin.py:190} INFO - [2026-08-02T16:22:26.105+0000] {dag.py:3239} INFO - Sync 1 DAGs
[2026-08-02T16:22:26.114+0000] {logging_mixin.py:190} INFO - [2026-08-02T16:22:26.114+0000] {dag.py:4180} INFO - Setting next_dagrun for avito_to_raw_midraw to 2026-08-02 16:00:00+00:00, run_after=2026-08-02 17:00:00+00:00
[2026-08-02T16:22:26.120+0000] {processor.py:208} INFO - Processing /opt/airflow/dags/avito_to_raw_midraw.py took 0.040 seconds
[2026-08-02T16:43:27.545+0000] {processor.py:186} INFO - Started process (PID=2755) to work on /opt/airflow/dags/avito_to_raw_midraw.py
[2026-08-02T16:43:27.546+0000] {processor.py:914} INFO - Processing file /opt/airflow/dags/avito_to_raw_midraw.py for tasks to queue
[2026-08-02T16:43:27.548+0000] {logging_mixin.py:190} INFO - [2026-08-02T16:43:27.547+0000] {dagbag.py:588} INFO - Filling up the DagBag from /opt/airflow/dags/avito_to_raw_midraw.py
[2026-08-02T16:43:27.556+0000] {processor.py:925} INFO - DAG(s) 'avito_to_raw_midraw' retrieved from /opt/airflow/dags/avito_to_raw_midraw.py
[2026-08-02T16:43:27.575+0000] {logging_mixin.py:190} INFO - [2026-08-02T16:43:27.575+0000] {dag.py:3239} INFO - Sync 1 DAGs
[2026-08-02T16:43:27.586+0000] {logging_mixin.py:190} INFO - [2026-08-02T16:43:27.585+0000] {dag.py:4180} INFO - Setting next_dagrun for avito_to_raw_midraw to 2026-08-02 16:00:00+00:00, run_after=2026-08-02 17:00:00+00:00
[2026-08-02T16:43:27.598+0000] {processor.py:208} INFO - Processing /opt/airflow/dags/avito_to_raw_midraw.py took 0.056 seconds
[2026-08-02T16:43:57.960+0000] {processor.py:186} INFO - Started process (PID=2758) to work on /opt/airflow/dags/avito_to_raw_midraw.py
[2026-08-02T16:43:57.961+0000] {processor.py:914} INFO - Processing file /opt/airflow/dags/avito_to_raw_midraw.py for tasks to queue
[2026-08-02T16:43:57.961+0000] {logging_mixin.py:190} INFO - [2026-08-02T16:43:57.961+0000] {dagbag.py:588} INFO - Filling up the DagBag from /opt/airflow/dags/avito_to_raw_midraw.py
[2026-08-02T16:43:57.969+0000] {processor.py:925} INFO - DAG(s) 'avito_to_raw_midraw' retrieved from /opt/airflow/dags/avito_to_raw_midraw.py
[2026-08-02T16:43:57.982+0000] {logging_mixin.py:190} INFO - [2026-08-02T16:43:57.982+0000] {dag.py:3239} INFO - Sync 1 DAGs
[2026-08-02T16:43:57.990+0000] {logging_mixin.py:190} INFO - [2026-08-02T16:43:57.990+0000] {dag.py:4180} INFO - Setting next_dagrun for avito_to_raw_midraw to 2026-08-02 16:00:00+00:00, run_after=2026-08-02 17:00:00+00:00
[2026-08-02T16:43:57.996+0000] {processor.py:208} INFO - Processing /opt/airflow/dags/avito_to_raw_midraw.py took 0.040 seconds
[2026-08-02T16:44:28.474+0000] {processor.py:186} INFO - Started process (PID=2761) to work on /opt/airflow/dags/avito_to_raw_midraw.py
[2026-08-02T16:44:28.475+0000] {processor.py:914} INFO - Processing file /opt/airflow/dags/avito_to_raw_midraw.py for tasks to queue
[2026-08-02T16:44:28.476+0000] {logging_mixin.py:190} INFO - [2026-08-02T16:44:28.476+0000] {dagbag.py:588} INFO - Filling up the DagBag from /opt/airflow/dags/avito_to_raw_midraw.py
[2026-08-02T16:44:28.486+0000] {processor.py:925} INFO - DAG(s) 'avito_to_raw_midraw' retrieved from /opt/airflow/dags/avito_to_raw_midraw.py
[2026-08-02T16:44:28.501+0000] {logging_mixin.py:190} INFO - [2026-08-02T16:44:28.501+0000] {dag.py:3239} INFO - Sync 1 DAGs
[2026-08-02T16:44:28.513+0000] {logging_mixin.py:190} INFO - [2026-08-02T16:44:28.512+0000] {dag.py:4180} INFO - Setting next_dagrun for avito_to_raw_midraw to 2026-08-02 16:00:00+00:00, run_after=2026-08-02 17:00:00+00:00
[2026-08-02T16:44:28.518+0000] {processor.py:208} INFO - Processing /opt/airflow/dags/avito_to_raw_midraw.py took 0.050 seconds
[2026-08-02T16:44:58.902+0000] {processor.py:186} INFO - Started process (PID=2764) to work on /opt/airflow/dags/avito_to_raw_midraw.py
[2026-08-02T16:44:58.903+0000] {processor.py:914} INFO - Processing file /opt/airflow/dags/avito_to_raw_midraw.py for tasks to queue
[2026-08-02T16:44:58.903+0000] {logging_mixin.py:190} INFO - [2026-08-02T16:44:58.903+0000] {dagbag.py:588} INFO - Filling up the DagBag from /opt/airflow/dags/avito_to_raw_midraw.py
[2026-08-02T16:44:58.912+0000] {processor.py:925} INFO - DAG(s) 'avito_to_raw_midraw' retrieved from /opt/airflow/dags/avito_to_raw_midraw.py
[2026-08-02T16:44:58.926+0000] {logging_mixin.py:190} INFO - [2026-08-02T16:44:58.926+0000] {dag.py:3239} INFO - Sync 1 DAGs
[2026-08-02T16:44:58.935+0000] {logging_mixin.py:190} INFO - [2026-08-02T16:44:58.935+0000] {dag.py:4180} INFO - Setting next_dagrun for avito_to_raw_midraw to 2026-08-02 16:00:00+00:00, run_after=2026-08-02 17:00:00+00:00
[2026-08-02T16:44:58.942+0000] {processor.py:208} INFO - Processing /opt/airflow/dags/avito_to_raw_midraw.py took 0.045 seconds
[2026-08-02T16:45:29.292+0000] {processor.py:186} INFO - Started process (PID=2767) to work on /opt/airflow/dags/avito_to_raw_midraw.py
[2026-08-02T16:45:29.293+0000] {processor.py:914} INFO - Processing file /opt/airflow/dags/avito_to_raw_midraw.py for tasks to queue
[2026-08-02T16:45:29.294+0000] {logging_mixin.py:190} INFO - [2026-08-02T16:45:29.294+0000] {dagbag.py:588} INFO - Filling up the DagBag from /opt/airflow/dags/avito_to_raw_midraw.py
[2026-08-02T16:45:29.301+0000] {processor.py:925} INFO - DAG(s) 'avito_to_raw_midraw' retrieved from /opt/airflow/dags/avito_to_raw_midraw.py
[2026-08-02T16:45:29.316+0000] {logging_mixin.py:190} INFO - [2026-08-02T16:45:29.316+0000] {dag.py:3239} INFO - Sync 1 DAGs
[2026-08-02T16:45:29.324+0000] {logging_mixin.py:190} INFO - [2026-08-02T16:45:29.324+0000] {dag.py:4180} INFO - Setting next_dagrun for avito_to_raw_midraw to 2026-08-02 16:00:00+00:00, run_after=2026-08-02 17:00:00+00:00
[2026-08-02T16:45:29.331+0000] {processor.py:208} INFO - Processing /opt/airflow/dags/avito_to_raw_midraw.py took 0.042 seconds
[2026-08-02T16:45:59.614+0000] {processor.py:186} INFO - Started process (PID=2770) to work on /opt/airflow/dags/avito_to_raw_midraw.py
[2026-08-02T16:45:59.614+0000] {processor.py:914} INFO - Processing file /opt/airflow/dags/avito_to_raw_midraw.py for tasks to queue
[2026-08-02T16:45:59.615+0000] {logging_mixin.py:190} INFO - [2026-08-02T16:45:59.615+0000] {dagbag.py:588} INFO - Filling up the DagBag from /opt/airflow/dags/avito_to_raw_midraw.py
[2026-08-02T16:45:59.623+0000] {processor.py:925} INFO - DAG(s) 'avito_to_raw_midraw' retrieved from /opt/airflow/dags/avito_to_raw_midraw.py
[2026-08-02T16:45:59.637+0000] {logging_mixin.py:190} INFO - [2026-08-02T16:45:59.637+0000] {dag.py:3239} INFO - Sync 1 DAGs
[2026-08-02T16:45:59.647+0000] {logging_mixin.py:190} INFO - [2026-08-02T16:45:59.647+0000] {dag.py:4180} INFO - Setting next_dagrun for avito_to_raw_midraw to 2026-08-02 16:00:00+00:00, run_after=2026-08-02 17:00:00+00:00
[2026-08-02T16:45:59.654+0000] {processor.py:208} INFO - Processing /opt/airflow/dags/avito_to_raw_midraw.py took 0.044 seconds
[2026-08-02T16:46:29.972+0000] {processor.py:186} INFO - Started process (PID=2773) to work on /opt/airflow/dags/avito_to_raw_midraw.py
[2026-08-02T16:46:29.973+0000] {processor.py:914} INFO - Processing file /opt/airflow/dags/avito_to_raw_midraw.py for tasks to queue
[2026-08-02T16:46:29.973+0000] {logging_mixin.py:190} INFO - [2026-08-02T16:46:29.973+0000] {dagbag.py:588} INFO - Filling up the DagBag from /opt/airflow/dags/avito_to_raw_midraw.py
[2026-08-02T16:46:29.981+0000] {processor.py:925} INFO - DAG(s) 'avito_to_raw_midraw' retrieved from /opt/airflow/dags/avito_to_raw_midraw.py
[2026-08-02T16:46:29.998+0000] {logging_mixin.py:190} INFO - [2026-08-02T16:46:29.997+0000] {dag.py:3239} INFO - Sync 1 DAGs
[2026-08-02T16:46:30.007+0000] {logging_mixin.py:190} INFO - [2026-08-02T16:46:30.007+0000] {dag.py:4180} INFO - Setting next_dagrun for avito_to_raw_midraw to 2026-08-02 16:00:00+00:00, run_after=2026-08-02 17:00:00+00:00
[2026-08-02T16:46:30.013+0000] {processor.py:208} INFO - Processing /opt/airflow/dags/avito_to_raw_midraw.py took 0.045 seconds
[2026-08-02T16:47:02.051+0000] {processor.py:186} INFO - Started process (PID=2776) to work on /opt/airflow/dags/avito_to_raw_midraw.py
[2026-08-02T16:47:02.093+0000] {processor.py:914} INFO - Processing file /opt/airflow/dags/avito_to_raw_midraw.py for tasks to queue
[2026-08-02T16:47:02.123+0000] {logging_mixin.py:190} INFO - [2026-08-02T16:47:02.122+0000] {dagbag.py:588} INFO - Filling up the DagBag from /opt/airflow/dags/avito_to_raw_midraw.py
[2026-08-02T16:47:02.496+0000] {processor.py:925} INFO - DAG(s) 'avito_to_raw_midraw' retrieved from /opt/airflow/dags/avito_to_raw_midraw.py
[2026-08-02T16:47:02.921+0000] {logging_mixin.py:190} INFO - [2026-08-02T16:47:02.920+0000] {dag.py:3239} INFO - Sync 1 DAGs
[2026-08-02T16:47:03.618+0000] {logging_mixin.py:190} INFO - [2026-08-02T16:47:03.614+0000] {dag.py:4180} INFO - Setting next_dagrun for avito_to_raw_midraw to 2026-08-02 16:00:00+00:00, run_after=2026-08-02 17:00:00+00:00
[2026-08-02T16:47:03.999+0000] {processor.py:208} INFO - Processing /opt/airflow/dags/avito_to_raw_midraw.py took 2.016 seconds
[2026-08-02T16:47:40.998+0000] {processor.py:186} INFO - Started process (PID=2779) to work on /opt/airflow/dags/avito_to_raw_midraw.py
[2026-08-02T16:47:41.003+0000] {processor.py:914} INFO - Processing file /opt/airflow/dags/avito_to_raw_midraw.py for tasks to queue
[2026-08-02T16:47:41.004+0000] {logging_mixin.py:190} INFO - [2026-08-02T16:47:41.004+0000] {dagbag.py:588} INFO - Filling up the DagBag from /opt/airflow/dags/avito_to_raw_midraw.py
[2026-08-02T16:47:41.019+0000] {processor.py:925} INFO - DAG(s) 'avito_to_raw_midraw' retrieved from /opt/airflow/dags/avito_to_raw_midraw.py
[2026-08-02T16:47:41.041+0000] {logging_mixin.py:190} INFO - [2026-08-02T16:47:41.041+0000] {dag.py:3239} INFO - Sync 1 DAGs
[2026-08-02T16:47:41.053+0000] {logging_mixin.py:190} INFO - [2026-08-02T16:47:41.053+0000] {dag.py:4180} INFO - Setting next_dagrun for avito_to_raw_midraw to 2026-08-02 16:00:00+00:00, run_after=2026-08-02 17:00:00+00:00
[2026-08-02T16:47:41.064+0000] {processor.py:208} INFO - Processing /opt/airflow/dags/avito_to_raw_midraw.py took 0.072 seconds
[2026-08-02T16:48:11.373+0000] {processor.py:186} INFO - Started process (PID=2782) to work on /opt/airflow/dags/avito_to_raw_midraw.py
[2026-08-02T16:48:11.374+0000] {processor.py:914} INFO - Processing file /opt/airflow/dags/avito_to_raw_midraw.py for tasks to queue
[2026-08-02T16:48:11.374+0000] {logging_mixin.py:190} INFO - [2026-08-02T16:48:11.374+0000] {dagbag.py:588} INFO - Filling up the DagBag from /opt/airflow/dags/avito_to_raw_midraw.py
[2026-08-02T16:48:11.382+0000] {processor.py:925} INFO - DAG(s) 'avito_to_raw_midraw' retrieved from /opt/airflow/dags/avito_to_raw_midraw.py
[2026-08-02T16:48:11.397+0000] {logging_mixin.py:190} INFO - [2026-08-02T16:48:11.397+0000] {dag.py:3239} INFO - Sync 1 DAGs
[2026-08-02T16:48:11.410+0000] {logging_mixin.py:190} INFO - [2026-08-02T16:48:11.410+0000] {dag.py:4180} INFO - Setting next_dagrun for avito_to_raw_midraw to 2026-08-02 16:00:00+00:00, run_after=2026-08-02 17:00:00+00:00
[2026-08-02T16:48:11.417+0000] {processor.py:208} INFO - Processing /opt/airflow/dags/avito_to_raw_midraw.py took 0.048 seconds
[2026-08-02T16:48:41.645+0000] {processor.py:186} INFO - Started process (PID=2785) to work on /opt/airflow/dags/avito_to_raw_midraw.py
[2026-08-02T16:48:41.647+0000] {processor.py:914} INFO - Processing file /opt/airflow/dags/avito_to_raw_midraw.py for tasks to queue
[2026-08-02T16:48:41.648+0000] {logging_mixin.py:190} INFO - [2026-08-02T16:48:41.648+0000] {dagbag.py:588} INFO - Filling up the DagBag from /opt/airflow/dags/avito_to_raw_midraw.py
[2026-08-02T16:48:41.654+0000] {processor.py:925} INFO - DAG(s) 'avito_to_raw_midraw' retrieved from /opt/airflow/dags/avito_to_raw_midraw.py
[2026-08-02T16:48:41.666+0000] {logging_mixin.py:190} INFO - [2026-08-02T16:48:41.665+0000] {dag.py:3239} INFO - Sync 1 DAGs
[2026-08-02T16:48:41.675+0000] {logging_mixin.py:190} INFO - [2026-08-02T16:48:41.675+0000] {dag.py:4180} INFO - Setting next_dagrun for avito_to_raw_midraw to 2026-08-02 16:00:00+00:00, run_after=2026-08-02 17:00:00+00:00
[2026-08-02T16:48:41.681+0000] {processor.py:208} INFO - Processing /opt/airflow/dags/avito_to_raw_midraw.py took 0.039 seconds
[2026-08-02T16:49:11.950+0000] {processor.py:186} INFO - Started process (PID=2788) to work on /opt/airflow/dags/avito_to_raw_midraw.py
[2026-08-02T16:49:11.951+0000] {processor.py:914} INFO - Processing file /opt/airflow/dags/avito_to_raw_midraw.py for tasks to queue
[2026-08-02T16:49:11.952+0000] {logging_mixin.py:190} INFO - [2026-08-02T16:49:11.952+0000] {dagbag.py:588} INFO - Filling up the DagBag from /opt/airflow/dags/avito_to_raw_midraw.py
[2026-08-02T16:49:11.959+0000] {processor.py:925} INFO - DAG(s) 'avito_to_raw_midraw' retrieved from /opt/airflow/dags/avito_to_raw_midraw.py
[2026-08-02T16:49:11.973+0000] {logging_mixin.py:190} INFO - [2026-08-02T16:49:11.973+0000] {dag.py:3239} INFO - Sync 1 DAGs
[2026-08-02T16:49:11.983+0000] {logging_mixin.py:190} INFO - [2026-08-02T16:49:11.983+0000] {dag.py:4180} INFO - Setting next_dagrun for avito_to_raw_midraw to 2026-08-02 16:00:00+00:00, run_after=2026-08-02 17:00:00+00:00
[2026-08-02T16:49:11.990+0000] {processor.py:208} INFO - Processing /opt/airflow/dags/avito_to_raw_midraw.py took 0.043 seconds
[2026-08-02T16:49:42.258+0000] {processor.py:186} INFO - Started process (PID=2791) to work on /opt/airflow/dags/avito_to_raw_midraw.py
[2026-08-02T16:49:42.258+0000] {processor.py:914} INFO - Processing file /opt/airflow/dags/avito_to_raw_midraw.py for tasks to queue
[2026-08-02T16:49:42.259+0000] {logging_mixin.py:190} INFO - [2026-08-02T16:49:42.259+0000] {dagbag.py:588} INFO - Filling up the DagBag from /opt/airflow/dags/avito_to_raw_midraw.py
[2026-08-02T16:49:42.266+0000] {processor.py:925} INFO - DAG(s) 'avito_to_raw_midraw' retrieved from /opt/airflow/dags/avito_to_raw_midraw.py
[2026-08-02T16:49:42.281+0000] {logging_mixin.py:190} INFO - [2026-08-02T16:49:42.280+0000] {dag.py:3239} INFO - Sync 1 DAGs
[2026-08-02T16:49:42.290+0000] {logging_mixin.py:190} INFO - [2026-08-02T16:49:42.290+0000] {dag.py:4180} INFO - Setting next_dagrun for avito_to_raw_midraw to 2026-08-02 16:00:00+00:00, run_after=2026-08-02 17:00:00+00:00
[2026-08-02T16:49:42.297+0000] {processor.py:208} INFO - Processing /opt/airflow/dags/avito_to_raw_midraw.py took 0.043 seconds
[2026-08-02T16:50:12.544+0000] {processor.py:186} INFO - Started process (PID=2794) to work on /opt/airflow/dags/avito_to_raw_midraw.py
[2026-08-02T16:50:12.544+0000] {processor.py:914} INFO - Processing file /opt/airflow/dags/avito_to_raw_midraw.py for tasks to queue
[2026-08-02T16:50:12.544+0000] {logging_mixin.py:190} INFO - [2026-08-02T16:50:12.544+0000] {dagbag.py:588} INFO - Filling up the DagBag from /opt/airflow/dags/avito_to_raw_midraw.py
[2026-08-02T16:50:12.551+0000] {processor.py:925} INFO - DAG(s) 'avito_to_raw_midraw' retrieved from /opt/airflow/dags/avito_to_raw_midraw.py
[2026-08-02T16:50:12.564+0000] {logging_mixin.py:190} INFO - [2026-08-02T16:50:12.564+0000] {dag.py:3239} INFO - Sync 1 DAGs
[2026-08-02T16:50:12.573+0000] {logging_mixin.py:190} INFO - [2026-08-02T16:50:12.573+0000] {dag.py:4180} INFO - Setting next_dagrun for avito_to_raw_midraw to 2026-08-02 16:00:00+00:00, run_after=2026-08-02 17:00:00+00:00
[2026-08-02T16:50:12.579+0000] {processor.py:208} INFO - Processing /opt/airflow/dags/avito_to_raw_midraw.py took 0.039 seconds
[2026-08-02T16:50:42.857+0000] {processor.py:186} INFO - Started process (PID=2797) to work on /opt/airflow/dags/avito_to_raw_midraw.py
[2026-08-02T16:50:42.857+0000] {processor.py:914} INFO - Processing file /opt/airflow/dags/avito_to_raw_midraw.py for tasks to queue
[2026-08-02T16:50:42.858+0000] {logging_mixin.py:190} INFO - [2026-08-02T16:50:42.858+0000] {dagbag.py:588} INFO - Filling up the DagBag from /opt/airflow/dags/avito_to_raw_midraw.py
[2026-08-02T16:50:42.865+0000] {processor.py:925} INFO - DAG(s) 'avito_to_raw_midraw' retrieved from /opt/airflow/dags/avito_to_raw_midraw.py
[2026-08-02T16:50:42.879+0000] {logging_mixin.py:190} INFO - [2026-08-02T16:50:42.879+0000] {dag.py:3239} INFO - Sync 1 DAGs
[2026-08-02T16:50:42.889+0000] {logging_mixin.py:190} INFO - [2026-08-02T16:50:42.889+0000] {dag.py:4180} INFO - Setting next_dagrun for avito_to_raw_midraw to 2026-08-02 16:00:00+00:00, run_after=2026-08-02 17:00:00+00:00
[2026-08-02T16:50:42.897+0000] {processor.py:208} INFO - Processing /opt/airflow/dags/avito_to_raw_midraw.py took 0.044 seconds
[2026-08-02T16:51:13.221+0000] {processor.py:186} INFO - Started process (PID=2800) to work on /opt/airflow/dags/avito_to_raw_midraw.py
[2026-08-02T16:51:13.221+0000] {processor.py:914} INFO - Processing file /opt/airflow/dags/avito_to_raw_midraw.py for tasks to queue
[2026-08-02T16:51:13.222+0000] {logging_mixin.py:190} INFO - [2026-08-02T16:51:13.222+0000] {dagbag.py:588} INFO - Filling up the DagBag from /opt/airflow/dags/avito_to_raw_midraw.py
[2026-08-02T16:51:13.229+0000] {processor.py:925} INFO - DAG(s) 'avito_to_raw_midraw' retrieved from /opt/airflow/dags/avito_to_raw_midraw.py
[2026-08-02T16:51:13.244+0000] {logging_mixin.py:190} INFO - [2026-08-02T16:51:13.244+0000] {dag.py:3239} INFO - Sync 1 DAGs
[2026-08-02T16:51:13.255+0000] {logging_mixin.py:190} INFO - [2026-08-02T16:51:13.255+0000] {dag.py:4180} INFO - Setting next_dagrun for avito_to_raw_midraw to 2026-08-02 16:00:00+00:00, run_after=2026-08-02 17:00:00+00:00
[2026-08-02T16:51:13.264+0000] {processor.py:208} INFO - Processing /opt/airflow/dags/avito_to_raw_midraw.py took 0.047 seconds
[2026-08-02T16:51:43.632+0000] {processor.py:186} INFO - Started process (PID=2803) to work on /opt/airflow/dags/avito_to_raw_midraw.py
[2026-08-02T16:51:43.633+0000] {processor.py:914} INFO - Processing file /opt/airflow/dags/avito_to_raw_midraw.py for tasks to queue
[2026-08-02T16:51:43.633+0000] {logging_mixin.py:190} INFO - [2026-08-02T16:51:43.633+0000] {dagbag.py:588} INFO - Filling up the DagBag from /opt/airflow/dags/avito_to_raw_midraw.py
[2026-08-02T16:51:43.641+0000] {processor.py:925} INFO - DAG(s) 'avito_to_raw_midraw' retrieved from /opt/airflow/dags/avito_to_raw_midraw.py
[2026-08-02T16:51:43.654+0000] {logging_mixin.py:190} INFO - [2026-08-02T16:51:43.654+0000] {dag.py:3239} INFO - Sync 1 DAGs
[2026-08-02T16:51:43.662+0000] {logging_mixin.py:190} INFO - [2026-08-02T16:51:43.662+0000] {dag.py:4180} INFO - Setting next_dagrun for avito_to_raw_midraw to 2026-08-02 16:00:00+00:00, run_after=2026-08-02 17:00:00+00:00
[2026-08-02T16:51:43.668+0000] {processor.py:208} INFO - Processing /opt/airflow/dags/avito_to_raw_midraw.py took 0.039 seconds
[2026-08-02T16:52:13.926+0000] {processor.py:186} INFO - Started process (PID=2806) to work on /opt/airflow/dags/avito_to_raw_midraw.py
[2026-08-02T16:52:13.926+0000] {processor.py:914} INFO - Processing file /opt/airflow/dags/avito_to_raw_midraw.py for tasks to queue
[2026-08-02T16:52:13.927+0000] {logging_mixin.py:190} INFO - [2026-08-02T16:52:13.927+0000] {dagbag.py:588} INFO - Filling up the DagBag from /opt/airflow/dags/avito_to_raw_midraw.py
[2026-08-02T16:52:13.934+0000] {processor.py:925} INFO - DAG(s) 'avito_to_raw_midraw' retrieved from /opt/airflow/dags/avito_to_raw_midraw.py
[2026-08-02T16:52:13.947+0000] {logging_mixin.py:190} INFO - [2026-08-02T16:52:13.947+0000] {dag.py:3239} INFO - Sync 1 DAGs
[2026-08-02T16:52:13.955+0000] {logging_mixin.py:190} INFO - [2026-08-02T16:52:13.955+0000] {dag.py:4180} INFO - Setting next_dagrun for avito_to_raw_midraw to 2026-08-02 16:00:00+00:00, run_after=2026-08-02 17:00:00+00:00
[2026-08-02T16:52:13.962+0000] {processor.py:208} INFO - Processing /opt/airflow/dags/avito_to_raw_midraw.py took 0.039 seconds
[2026-08-02T16:52:44.218+0000] {processor.py:186} INFO - Started process (PID=2809) to work on /opt/airflow/dags/avito_to_raw_midraw.py
[2026-08-02T16:52:44.219+0000] {processor.py:914} INFO - Processing file /opt/airflow/dags/avito_to_raw_midraw.py for tasks to queue
[2026-08-02T16:52:44.219+0000] {logging_mixin.py:190} INFO - [2026-08-02T16:52:44.219+0000] {dagbag.py:588} INFO - Filling up the DagBag from /opt/airflow/dags/avito_to_raw_midraw.py
[2026-08-02T16:52:44.226+0000] {processor.py:925} INFO - DAG(s) 'avito_to_raw_midraw' retrieved from /opt/airflow/dags/avito_to_raw_midraw.py
[2026-08-02T16:52:44.239+0000] {logging_mixin.py:190} INFO - [2026-08-02T16:52:44.239+0000] {dag.py:3239} INFO - Sync 1 DAGs
[2026-08-02T16:52:44.249+0000] {logging_mixin.py:190} INFO - [2026-08-02T16:52:44.249+0000] {dag.py:4180} INFO - Setting next_dagrun for avito_to_raw_midraw to 2026-08-02 16:00:00+00:00, run_after=2026-08-02 17:00:00+00:00
[2026-08-02T16:52:44.256+0000] {processor.py:208} INFO - Processing /opt/airflow/dags/avito_to_raw_midraw.py took 0.041 seconds
[2026-08-02T16:53:14.514+0000] {processor.py:186} INFO - Started process (PID=2812) to work on /opt/airflow/dags/avito_to_raw_midraw.py
[2026-08-02T16:53:14.515+0000] {processor.py:914} INFO - Processing file /opt/airflow/dags/avito_to_raw_midraw.py for tasks to queue
[2026-08-02T16:53:14.515+0000] {logging_mixin.py:190} INFO - [2026-08-02T16:53:14.515+0000] {dagbag.py:588} INFO - Filling up the DagBag from /opt/airflow/dags/avito_to_raw_midraw.py
[2026-08-02T16:53:14.523+0000] {processor.py:925} INFO - DAG(s) 'avito_to_raw_midraw' retrieved from /opt/airflow/dags/avito_to_raw_midraw.py
[2026-08-02T16:53:14.538+0000] {logging_mixin.py:190} INFO - [2026-08-02T16:53:14.537+0000] {dag.py:3239} INFO - Sync 1 DAGs
[2026-08-02T16:53:14.547+0000] {logging_mixin.py:190} INFO - [2026-08-02T16:53:14.546+0000] {dag.py:4180} INFO - Setting next_dagrun for avito_to_raw_midraw to 2026-08-02 16:00:00+00:00, run_after=2026-08-02 17:00:00+00:00
[2026-08-02T16:53:14.553+0000] {processor.py:208} INFO - Processing /opt/airflow/dags/avito_to_raw_midraw.py took 0.043 seconds
[2026-08-02T16:54:37.744+0000] {processor.py:186} INFO - Started process (PID=2815) to work on /opt/airflow/dags/avito_to_raw_midraw.py
[2026-08-02T16:54:37.745+0000] {processor.py:914} INFO - Processing file /opt/airflow/dags/avito_to_raw_midraw.py for tasks to queue
[2026-08-02T16:54:37.746+0000] {logging_mixin.py:190} INFO - [2026-08-02T16:54:37.746+0000] {dagbag.py:588} INFO - Filling up the DagBag from /opt/airflow/dags/avito_to_raw_midraw.py
[2026-08-02T16:54:37.756+0000] {processor.py:925} INFO - DAG(s) 'avito_to_raw_midraw' retrieved from /opt/airflow/dags/avito_to_raw_midraw.py
[2026-08-02T16:54:37.778+0000] {logging_mixin.py:190} INFO - [2026-08-02T16:54:37.778+0000] {dag.py:3239} INFO - Sync 1 DAGs
[2026-08-02T16:54:37.792+0000] {logging_mixin.py:190} INFO - [2026-08-02T16:54:37.792+0000] {dag.py:4180} INFO - Setting next_dagrun for avito_to_raw_midraw to 2026-08-02 16:00:00+00:00, run_after=2026-08-02 17:00:00+00:00
[2026-08-02T16:54:37.805+0000] {processor.py:208} INFO - Processing /opt/airflow/dags/avito_to_raw_midraw.py took 0.065 seconds
[2026-08-02T16:55:09.461+0000] {processor.py:186} INFO - Started process (PID=2818) to work on /opt/airflow/dags/avito_to_raw_midraw.py
[2026-08-02T16:55:09.467+0000] {processor.py:914} INFO - Processing file /opt/airflow/dags/avito_to_raw_midraw.py for tasks to queue
[2026-08-02T16:55:09.482+0000] {logging_mixin.py:190} INFO - [2026-08-02T16:55:09.481+0000] {dagbag.py:588} INFO - Filling up the DagBag from /opt/airflow/dags/avito_to_raw_midraw.py
[2026-08-02T16:55:09.525+0000] {processor.py:925} INFO - DAG(s) 'avito_to_raw_midraw' retrieved from /opt/airflow/dags/avito_to_raw_midraw.py
[2026-08-02T16:55:09.604+0000] {logging_mixin.py:190} INFO - [2026-08-02T16:55:09.603+0000] {dag.py:3239} INFO - Sync 1 DAGs
[2026-08-02T16:55:09.665+0000] {logging_mixin.py:190} INFO - [2026-08-02T16:55:09.665+0000] {dag.py:4180} INFO - Setting next_dagrun for avito_to_raw_midraw to 2026-08-02 16:00:00+00:00, run_after=2026-08-02 17:00:00+00:00
[2026-08-02T16:55:09.698+0000] {processor.py:208} INFO - Processing /opt/airflow/dags/avito_to_raw_midraw.py took 0.253 seconds
[2026-08-02T16:55:56.330+0000] {processor.py:186} INFO - Started process (PID=2821) to work on /opt/airflow/dags/avito_to_raw_midraw.py
[2026-08-02T16:55:56.499+0000] {processor.py:914} INFO - Processing file /opt/airflow/dags/avito_to_raw_midraw.py for tasks to queue
[2026-08-02T16:55:56.670+0000] {logging_mixin.py:190} INFO - [2026-08-02T16:55:56.600+0000] {dagbag.py:588} INFO - Filling up the DagBag from /opt/airflow/dags/avito_to_raw_midraw.py
[2026-08-02T16:56:00.700+0000] {processor.py:925} INFO - DAG(s) 'avito_to_raw_midraw' retrieved from /opt/airflow/dags/avito_to_raw_midraw.py
[2026-08-02T16:56:04.392+0000] {logging_mixin.py:190} INFO - [2026-08-02T16:56:04.202+0000] {dag.py:3239} INFO - Sync 1 DAGs
[2026-08-02T16:56:12.000+0000] {logging_mixin.py:190} INFO - [2026-08-02T16:56:11.998+0000] {dag.py:4180} INFO - Setting next_dagrun for avito_to_raw_midraw to 2026-08-02 16:00:00+00:00, run_after=2026-08-02 17:00:00+00:00
[2026-08-02T16:56:13.107+0000] {processor.py:208} INFO - Processing /opt/airflow/dags/avito_to_raw_midraw.py took 24.012 seconds
[2026-08-02T16:56:43.655+0000] {processor.py:186} INFO - Started process (PID=2824) to work on /opt/airflow/dags/avito_to_raw_midraw.py
[2026-08-02T16:56:43.656+0000] {processor.py:914} INFO - Processing file /opt/airflow/dags/avito_to_raw_midraw.py for tasks to queue
[2026-08-02T16:56:43.657+0000] {logging_mixin.py:190} INFO - [2026-08-02T16:56:43.657+0000] {dagbag.py:588} INFO - Filling up the DagBag from /opt/airflow/dags/avito_to_raw_midraw.py
[2026-08-02T16:56:43.670+0000] {processor.py:925} INFO - DAG(s) 'avito_to_raw_midraw' retrieved from /opt/airflow/dags/avito_to_raw_midraw.py
[2026-08-02T16:56:43.689+0000] {logging_mixin.py:190} INFO - [2026-08-02T16:56:43.689+0000] {dag.py:3239} INFO - Sync 1 DAGs
[2026-08-02T16:56:43.703+0000] {logging_mixin.py:190} INFO - [2026-08-02T16:56:43.703+0000] {dag.py:4180} INFO - Setting next_dagrun for avito_to_raw_midraw to 2026-08-02 16:00:00+00:00, run_after=2026-08-02 17:00:00+00:00
[2026-08-02T16:56:43.712+0000] {processor.py:208} INFO - Processing /opt/airflow/dags/avito_to_raw_midraw.py took 0.062 seconds
[2026-08-02T16:57:14.146+0000] {processor.py:186} INFO - Started process (PID=2827) to work on /opt/airflow/dags/avito_to_raw_midraw.py
[2026-08-02T16:57:14.149+0000] {processor.py:914} INFO - Processing file /opt/airflow/dags/avito_to_raw_midraw.py for tasks to queue
[2026-08-02T16:57:14.154+0000] {logging_mixin.py:190} INFO - [2026-08-02T16:57:14.152+0000] {dagbag.py:588} INFO - Filling up the DagBag from /opt/airflow/dags/avito_to_raw_midraw.py
[2026-08-02T16:57:14.204+0000] {processor.py:925} INFO - DAG(s) 'avito_to_raw_midraw' retrieved from /opt/airflow/dags/avito_to_raw_midraw.py
[2026-08-02T16:57:14.289+0000] {logging_mixin.py:190} INFO - [2026-08-02T16:57:14.288+0000] {dag.py:3239} INFO - Sync 1 DAGs
[2026-08-02T16:57:14.354+0000] {logging_mixin.py:190} INFO - [2026-08-02T16:57:14.353+0000] {dag.py:4180} INFO - Setting next_dagrun for avito_to_raw_midraw to 2026-08-02 16:00:00+00:00, run_after=2026-08-02 17:00:00+00:00
[2026-08-02T16:57:14.392+0000] {processor.py:208} INFO - Processing /opt/airflow/dags/avito_to_raw_midraw.py took 0.267 seconds
[2026-08-02T16:58:18.249+0000] {processor.py:186} INFO - Started process (PID=2831) to work on /opt/airflow/dags/avito_to_raw_midraw.py
[2026-08-02T16:58:18.250+0000] {processor.py:914} INFO - Processing file /opt/airflow/dags/avito_to_raw_midraw.py for tasks to queue
[2026-08-02T16:58:18.251+0000] {logging_mixin.py:190} INFO - [2026-08-02T16:58:18.250+0000] {dagbag.py:588} INFO - Filling up the DagBag from /opt/airflow/dags/avito_to_raw_midraw.py
[2026-08-02T16:58:18.264+0000] {processor.py:925} INFO - DAG(s) 'avito_to_raw_midraw' retrieved from /opt/airflow/dags/avito_to_raw_midraw.py
[2026-08-02T16:58:18.282+0000] {logging_mixin.py:190} INFO - [2026-08-02T16:58:18.282+0000] {dag.py:3239} INFO - Sync 1 DAGs
[2026-08-02T16:58:18.297+0000] {logging_mixin.py:190} INFO - [2026-08-02T16:58:18.297+0000] {dag.py:4180} INFO - Setting next_dagrun for avito_to_raw_midraw to 2026-08-02 16:00:00+00:00, run_after=2026-08-02 17:00:00+00:00
[2026-08-02T16:58:18.309+0000] {processor.py:208} INFO - Processing /opt/airflow/dags/avito_to_raw_midraw.py took 0.065 seconds
[2026-08-02T16:58:48.796+0000] {processor.py:186} INFO - Started process (PID=2834) to work on /opt/airflow/dags/avito_to_raw_midraw.py
[2026-08-02T16:58:48.797+0000] {processor.py:914} INFO - Processing file /opt/airflow/dags/avito_to_raw_midraw.py for tasks to queue
[2026-08-02T16:58:48.798+0000] {logging_mixin.py:190} INFO - [2026-08-02T16:58:48.798+0000] {dagbag.py:588} INFO - Filling up the DagBag from /opt/airflow/dags/avito_to_raw_midraw.py
[2026-08-02T16:58:48.808+0000] {processor.py:925} INFO - DAG(s) 'avito_to_raw_midraw' retrieved from /opt/airflow/dags/avito_to_raw_midraw.py
[2026-08-02T16:58:48.827+0000] {logging_mixin.py:190} INFO - [2026-08-02T16:58:48.827+0000] {dag.py:3239} INFO - Sync 1 DAGs
[2026-08-02T16:58:48.837+0000] {logging_mixin.py:190} INFO - [2026-08-02T16:58:48.837+0000] {dag.py:4180} INFO - Setting next_dagrun for avito_to_raw_midraw to 2026-08-02 16:00:00+00:00, run_after=2026-08-02 17:00:00+00:00
[2026-08-02T16:58:48.846+0000] {processor.py:208} INFO - Processing /opt/airflow/dags/avito_to_raw_midraw.py took 0.055 seconds
