[2026-07-22T00:33:44.057+0000] {processor.py:186} INFO - Started process (PID=344) to work on /opt/airflow/dags/avito_to_raw_midraw.py
[2026-07-22T00:33:44.058+0000] {processor.py:914} INFO - Processing file /opt/airflow/dags/avito_to_raw_midraw.py for tasks to queue
[2026-07-22T00:33:44.061+0000] {logging_mixin.py:190} INFO - [2026-07-22T00:33:44.061+0000] {dagbag.py:588} INFO - Filling up the DagBag from /opt/airflow/dags/avito_to_raw_midraw.py
[2026-07-22T00:33:44.077+0000] {processor.py:925} INFO - DAG(s) 'avito_to_raw_midraw' retrieved from /opt/airflow/dags/avito_to_raw_midraw.py
[2026-07-22T00:33:44.103+0000] {logging_mixin.py:190} INFO - [2026-07-22T00:33:44.103+0000] {dag.py:3239} INFO - Sync 1 DAGs
[2026-07-22T00:33:44.115+0000] {logging_mixin.py:190} INFO - [2026-07-22T00:33:44.115+0000] {dag.py:4180} INFO - Setting next_dagrun for avito_to_raw_midraw to 2026-07-22 00:00:00+00:00, run_after=2026-07-22 01:00:00+00:00
[2026-07-22T00:33:44.128+0000] {processor.py:208} INFO - Processing /opt/airflow/dags/avito_to_raw_midraw.py took 0.077 seconds
[2026-07-22T00:52:08.412+0000] {processor.py:186} INFO - Started process (PID=346) to work on /opt/airflow/dags/avito_to_raw_midraw.py
[2026-07-22T00:52:08.413+0000] {processor.py:914} INFO - Processing file /opt/airflow/dags/avito_to_raw_midraw.py for tasks to queue
[2026-07-22T00:52:08.415+0000] {logging_mixin.py:190} INFO - [2026-07-22T00:52:08.414+0000] {dagbag.py:588} INFO - Filling up the DagBag from /opt/airflow/dags/avito_to_raw_midraw.py
[2026-07-22T00:52:08.428+0000] {processor.py:925} INFO - DAG(s) 'avito_to_raw_midraw' retrieved from /opt/airflow/dags/avito_to_raw_midraw.py
[2026-07-22T00:52:08.446+0000] {logging_mixin.py:190} INFO - [2026-07-22T00:52:08.446+0000] {dag.py:3239} INFO - Sync 1 DAGs
[2026-07-22T00:52:08.462+0000] {logging_mixin.py:190} INFO - [2026-07-22T00:52:08.461+0000] {dag.py:4180} INFO - Setting next_dagrun for avito_to_raw_midraw to 2026-07-22 00:00:00+00:00, run_after=2026-07-22 01:00:00+00:00
[2026-07-22T00:52:08.472+0000] {processor.py:208} INFO - Processing /opt/airflow/dags/avito_to_raw_midraw.py took 0.064 seconds
[2026-07-22T01:07:55.633+0000] {processor.py:186} INFO - Started process (PID=348) to work on /opt/airflow/dags/avito_to_raw_midraw.py
[2026-07-22T01:07:55.634+0000] {processor.py:914} INFO - Processing file /opt/airflow/dags/avito_to_raw_midraw.py for tasks to queue
[2026-07-22T01:07:55.637+0000] {logging_mixin.py:190} INFO - [2026-07-22T01:07:55.637+0000] {dagbag.py:588} INFO - Filling up the DagBag from /opt/airflow/dags/avito_to_raw_midraw.py
[2026-07-22T01:07:55.655+0000] {processor.py:925} INFO - DAG(s) 'avito_to_raw_midraw' retrieved from /opt/airflow/dags/avito_to_raw_midraw.py
[2026-07-22T01:07:55.682+0000] {logging_mixin.py:190} INFO - [2026-07-22T01:07:55.682+0000] {dag.py:3239} INFO - Sync 1 DAGs
[2026-07-22T01:07:55.709+0000] {processor.py:208} INFO - Processing /opt/airflow/dags/avito_to_raw_midraw.py took 0.080 seconds
[2026-07-22T01:26:10.940+0000] {processor.py:186} INFO - Started process (PID=350) to work on /opt/airflow/dags/avito_to_raw_midraw.py
[2026-07-22T01:26:10.940+0000] {processor.py:914} INFO - Processing file /opt/airflow/dags/avito_to_raw_midraw.py for tasks to queue
[2026-07-22T01:26:10.943+0000] {logging_mixin.py:190} INFO - [2026-07-22T01:26:10.943+0000] {dagbag.py:588} INFO - Filling up the DagBag from /opt/airflow/dags/avito_to_raw_midraw.py
[2026-07-22T01:26:10.958+0000] {processor.py:925} INFO - DAG(s) 'avito_to_raw_midraw' retrieved from /opt/airflow/dags/avito_to_raw_midraw.py
[2026-07-22T01:26:10.972+0000] {logging_mixin.py:190} INFO - [2026-07-22T01:26:10.972+0000] {dag.py:3239} INFO - Sync 1 DAGs
[2026-07-22T01:26:10.982+0000] {logging_mixin.py:190} INFO - [2026-07-22T01:26:10.982+0000] {dag.py:4180} INFO - Setting next_dagrun for avito_to_raw_midraw to 2026-07-22 01:00:00+00:00, run_after=2026-07-22 02:00:00+00:00
[2026-07-22T01:26:10.991+0000] {processor.py:208} INFO - Processing /opt/airflow/dags/avito_to_raw_midraw.py took 0.054 seconds
[2026-07-22T01:59:14.924+0000] {processor.py:186} INFO - Started process (PID=352) to work on /opt/airflow/dags/avito_to_raw_midraw.py
[2026-07-22T01:59:14.924+0000] {processor.py:914} INFO - Processing file /opt/airflow/dags/avito_to_raw_midraw.py for tasks to queue
[2026-07-22T01:59:14.925+0000] {logging_mixin.py:190} INFO - [2026-07-22T01:59:14.925+0000] {dagbag.py:588} INFO - Filling up the DagBag from /opt/airflow/dags/avito_to_raw_midraw.py
[2026-07-22T01:59:14.936+0000] {processor.py:925} INFO - DAG(s) 'avito_to_raw_midraw' retrieved from /opt/airflow/dags/avito_to_raw_midraw.py
[2026-07-22T01:59:14.954+0000] {logging_mixin.py:190} INFO - [2026-07-22T01:59:14.953+0000] {dag.py:3239} INFO - Sync 1 DAGs
[2026-07-22T01:59:14.965+0000] {logging_mixin.py:190} INFO - [2026-07-22T01:59:14.965+0000] {dag.py:4180} INFO - Setting next_dagrun for avito_to_raw_midraw to 2026-07-22 01:00:00+00:00, run_after=2026-07-22 02:00:00+00:00
[2026-07-22T01:59:14.978+0000] {processor.py:208} INFO - Processing /opt/airflow/dags/avito_to_raw_midraw.py took 0.057 seconds
[2026-07-22T02:15:19.092+0000] {processor.py:186} INFO - Started process (PID=354) to work on /opt/airflow/dags/avito_to_raw_midraw.py
[2026-07-22T02:15:19.093+0000] {processor.py:914} INFO - Processing file /opt/airflow/dags/avito_to_raw_midraw.py for tasks to queue
[2026-07-22T02:15:19.095+0000] {logging_mixin.py:190} INFO - [2026-07-22T02:15:19.095+0000] {dagbag.py:588} INFO - Filling up the DagBag from /opt/airflow/dags/avito_to_raw_midraw.py
[2026-07-22T02:15:19.110+0000] {processor.py:925} INFO - DAG(s) 'avito_to_raw_midraw' retrieved from /opt/airflow/dags/avito_to_raw_midraw.py
[2026-07-22T02:15:19.127+0000] {logging_mixin.py:190} INFO - [2026-07-22T02:15:19.127+0000] {dag.py:3239} INFO - Sync 1 DAGs
[2026-07-22T02:15:19.139+0000] {logging_mixin.py:190} INFO - [2026-07-22T02:15:19.139+0000] {dag.py:4180} INFO - Setting next_dagrun for avito_to_raw_midraw to 2026-07-22 01:00:00+00:00, run_after=2026-07-22 02:00:00+00:00
[2026-07-22T02:15:19.148+0000] {processor.py:208} INFO - Processing /opt/airflow/dags/avito_to_raw_midraw.py took 0.059 seconds
[2026-07-22T02:30:55.541+0000] {processor.py:186} INFO - Started process (PID=356) to work on /opt/airflow/dags/avito_to_raw_midraw.py
[2026-07-22T02:30:55.542+0000] {processor.py:914} INFO - Processing file /opt/airflow/dags/avito_to_raw_midraw.py for tasks to queue
[2026-07-22T02:30:55.544+0000] {logging_mixin.py:190} INFO - [2026-07-22T02:30:55.544+0000] {dagbag.py:588} INFO - Filling up the DagBag from /opt/airflow/dags/avito_to_raw_midraw.py
[2026-07-22T02:30:55.561+0000] {processor.py:925} INFO - DAG(s) 'avito_to_raw_midraw' retrieved from /opt/airflow/dags/avito_to_raw_midraw.py
[2026-07-22T02:30:55.581+0000] {logging_mixin.py:190} INFO - [2026-07-22T02:30:55.580+0000] {dag.py:3239} INFO - Sync 1 DAGs
[2026-07-22T02:30:55.593+0000] {logging_mixin.py:190} INFO - [2026-07-22T02:30:55.593+0000] {dag.py:4180} INFO - Setting next_dagrun for avito_to_raw_midraw to 2026-07-22 02:00:00+00:00, run_after=2026-07-22 03:00:00+00:00
[2026-07-22T02:30:55.605+0000] {processor.py:208} INFO - Processing /opt/airflow/dags/avito_to_raw_midraw.py took 0.069 seconds
[2026-07-22T03:01:40.633+0000] {processor.py:186} INFO - Started process (PID=358) to work on /opt/airflow/dags/avito_to_raw_midraw.py
[2026-07-22T03:01:40.634+0000] {processor.py:914} INFO - Processing file /opt/airflow/dags/avito_to_raw_midraw.py for tasks to queue
[2026-07-22T03:01:40.636+0000] {logging_mixin.py:190} INFO - [2026-07-22T03:01:40.636+0000] {dagbag.py:588} INFO - Filling up the DagBag from /opt/airflow/dags/avito_to_raw_midraw.py
[2026-07-22T03:01:40.650+0000] {processor.py:925} INFO - DAG(s) 'avito_to_raw_midraw' retrieved from /opt/airflow/dags/avito_to_raw_midraw.py
[2026-07-22T03:01:40.671+0000] {logging_mixin.py:190} INFO - [2026-07-22T03:01:40.670+0000] {dag.py:3239} INFO - Sync 1 DAGs
[2026-07-22T03:01:40.683+0000] {logging_mixin.py:190} INFO - [2026-07-22T03:01:40.683+0000] {dag.py:4180} INFO - Setting next_dagrun for avito_to_raw_midraw to 2026-07-22 02:00:00+00:00, run_after=2026-07-22 03:00:00+00:00
[2026-07-22T03:01:40.692+0000] {processor.py:208} INFO - Processing /opt/airflow/dags/avito_to_raw_midraw.py took 0.062 seconds
[2026-07-22T03:18:20.601+0000] {processor.py:186} INFO - Started process (PID=360) to work on /opt/airflow/dags/avito_to_raw_midraw.py
[2026-07-22T03:18:20.602+0000] {processor.py:914} INFO - Processing file /opt/airflow/dags/avito_to_raw_midraw.py for tasks to queue
[2026-07-22T03:18:20.603+0000] {logging_mixin.py:190} INFO - [2026-07-22T03:18:20.603+0000] {dagbag.py:588} INFO - Filling up the DagBag from /opt/airflow/dags/avito_to_raw_midraw.py
[2026-07-22T03:18:20.619+0000] {processor.py:925} INFO - DAG(s) 'avito_to_raw_midraw' retrieved from /opt/airflow/dags/avito_to_raw_midraw.py
[2026-07-22T03:18:20.635+0000] {logging_mixin.py:190} INFO - [2026-07-22T03:18:20.634+0000] {dag.py:3239} INFO - Sync 1 DAGs
[2026-07-22T03:18:20.646+0000] {logging_mixin.py:190} INFO - [2026-07-22T03:18:20.646+0000] {dag.py:4180} INFO - Setting next_dagrun for avito_to_raw_midraw to 2026-07-22 03:00:00+00:00, run_after=2026-07-22 04:00:00+00:00
[2026-07-22T03:18:20.655+0000] {processor.py:208} INFO - Processing /opt/airflow/dags/avito_to_raw_midraw.py took 0.058 seconds
[2026-07-22T03:34:15.139+0000] {processor.py:186} INFO - Started process (PID=362) to work on /opt/airflow/dags/avito_to_raw_midraw.py
[2026-07-22T03:34:15.140+0000] {processor.py:914} INFO - Processing file /opt/airflow/dags/avito_to_raw_midraw.py for tasks to queue
[2026-07-22T03:34:15.141+0000] {logging_mixin.py:190} INFO - [2026-07-22T03:34:15.141+0000] {dagbag.py:588} INFO - Filling up the DagBag from /opt/airflow/dags/avito_to_raw_midraw.py
[2026-07-22T03:34:15.156+0000] {processor.py:925} INFO - DAG(s) 'avito_to_raw_midraw' retrieved from /opt/airflow/dags/avito_to_raw_midraw.py
[2026-07-22T03:34:15.173+0000] {logging_mixin.py:190} INFO - [2026-07-22T03:34:15.173+0000] {dag.py:3239} INFO - Sync 1 DAGs
[2026-07-22T03:34:15.185+0000] {logging_mixin.py:190} INFO - [2026-07-22T03:34:15.185+0000] {dag.py:4180} INFO - Setting next_dagrun for avito_to_raw_midraw to 2026-07-22 03:00:00+00:00, run_after=2026-07-22 04:00:00+00:00
[2026-07-22T03:34:15.194+0000] {processor.py:208} INFO - Processing /opt/airflow/dags/avito_to_raw_midraw.py took 0.058 seconds
[2026-07-22T03:49:49.513+0000] {processor.py:186} INFO - Started process (PID=364) to work on /opt/airflow/dags/avito_to_raw_midraw.py
[2026-07-22T03:49:49.513+0000] {processor.py:914} INFO - Processing file /opt/airflow/dags/avito_to_raw_midraw.py for tasks to queue
[2026-07-22T03:49:49.514+0000] {logging_mixin.py:190} INFO - [2026-07-22T03:49:49.514+0000] {dagbag.py:588} INFO - Filling up the DagBag from /opt/airflow/dags/avito_to_raw_midraw.py
[2026-07-22T03:49:49.526+0000] {processor.py:925} INFO - DAG(s) 'avito_to_raw_midraw' retrieved from /opt/airflow/dags/avito_to_raw_midraw.py
[2026-07-22T03:49:49.541+0000] {logging_mixin.py:190} INFO - [2026-07-22T03:49:49.541+0000] {dag.py:3239} INFO - Sync 1 DAGs
[2026-07-22T03:49:49.553+0000] {logging_mixin.py:190} INFO - [2026-07-22T03:49:49.553+0000] {dag.py:4180} INFO - Setting next_dagrun for avito_to_raw_midraw to 2026-07-22 03:00:00+00:00, run_after=2026-07-22 04:00:00+00:00
[2026-07-22T03:49:49.566+0000] {processor.py:208} INFO - Processing /opt/airflow/dags/avito_to_raw_midraw.py took 0.056 seconds
[2026-07-22T04:22:48.768+0000] {processor.py:186} INFO - Started process (PID=366) to work on /opt/airflow/dags/avito_to_raw_midraw.py
[2026-07-22T04:22:48.769+0000] {processor.py:914} INFO - Processing file /opt/airflow/dags/avito_to_raw_midraw.py for tasks to queue
[2026-07-22T04:22:48.771+0000] {logging_mixin.py:190} INFO - [2026-07-22T04:22:48.771+0000] {dagbag.py:588} INFO - Filling up the DagBag from /opt/airflow/dags/avito_to_raw_midraw.py
[2026-07-22T04:22:48.787+0000] {processor.py:925} INFO - DAG(s) 'avito_to_raw_midraw' retrieved from /opt/airflow/dags/avito_to_raw_midraw.py
[2026-07-22T04:22:48.809+0000] {logging_mixin.py:190} INFO - [2026-07-22T04:22:48.809+0000] {dag.py:3239} INFO - Sync 1 DAGs
[2026-07-22T04:22:48.831+0000] {processor.py:208} INFO - Processing /opt/airflow/dags/avito_to_raw_midraw.py took 0.066 seconds
[2026-07-22T04:39:00.094+0000] {processor.py:186} INFO - Started process (PID=368) to work on /opt/airflow/dags/avito_to_raw_midraw.py
[2026-07-22T04:39:00.095+0000] {processor.py:914} INFO - Processing file /opt/airflow/dags/avito_to_raw_midraw.py for tasks to queue
[2026-07-22T04:39:00.097+0000] {logging_mixin.py:190} INFO - [2026-07-22T04:39:00.097+0000] {dagbag.py:588} INFO - Filling up the DagBag from /opt/airflow/dags/avito_to_raw_midraw.py
[2026-07-22T04:39:00.110+0000] {processor.py:925} INFO - DAG(s) 'avito_to_raw_midraw' retrieved from /opt/airflow/dags/avito_to_raw_midraw.py
[2026-07-22T04:39:00.128+0000] {logging_mixin.py:190} INFO - [2026-07-22T04:39:00.128+0000] {dag.py:3239} INFO - Sync 1 DAGs
[2026-07-22T04:39:00.140+0000] {logging_mixin.py:190} INFO - [2026-07-22T04:39:00.140+0000] {dag.py:4180} INFO - Setting next_dagrun for avito_to_raw_midraw to 2026-07-22 04:00:00+00:00, run_after=2026-07-22 05:00:00+00:00
[2026-07-22T04:39:00.151+0000] {processor.py:208} INFO - Processing /opt/airflow/dags/avito_to_raw_midraw.py took 0.060 seconds
[2026-07-22T04:54:33.423+0000] {processor.py:186} INFO - Started process (PID=370) to work on /opt/airflow/dags/avito_to_raw_midraw.py
[2026-07-22T04:54:33.423+0000] {processor.py:914} INFO - Processing file /opt/airflow/dags/avito_to_raw_midraw.py for tasks to queue
[2026-07-22T04:54:33.425+0000] {logging_mixin.py:190} INFO - [2026-07-22T04:54:33.425+0000] {dagbag.py:588} INFO - Filling up the DagBag from /opt/airflow/dags/avito_to_raw_midraw.py
[2026-07-22T04:54:33.442+0000] {processor.py:925} INFO - DAG(s) 'avito_to_raw_midraw' retrieved from /opt/airflow/dags/avito_to_raw_midraw.py
[2026-07-22T04:54:33.460+0000] {logging_mixin.py:190} INFO - [2026-07-22T04:54:33.460+0000] {dag.py:3239} INFO - Sync 1 DAGs
[2026-07-22T04:54:33.474+0000] {logging_mixin.py:190} INFO - [2026-07-22T04:54:33.474+0000] {dag.py:4180} INFO - Setting next_dagrun for avito_to_raw_midraw to 2026-07-22 04:00:00+00:00, run_after=2026-07-22 05:00:00+00:00
[2026-07-22T04:54:33.487+0000] {processor.py:208} INFO - Processing /opt/airflow/dags/avito_to_raw_midraw.py took 0.069 seconds
[2026-07-22T05:27:26.682+0000] {processor.py:186} INFO - Started process (PID=372) to work on /opt/airflow/dags/avito_to_raw_midraw.py
[2026-07-22T05:27:26.682+0000] {processor.py:914} INFO - Processing file /opt/airflow/dags/avito_to_raw_midraw.py for tasks to queue
[2026-07-22T05:27:26.684+0000] {logging_mixin.py:190} INFO - [2026-07-22T05:27:26.684+0000] {dagbag.py:588} INFO - Filling up the DagBag from /opt/airflow/dags/avito_to_raw_midraw.py
[2026-07-22T05:27:26.696+0000] {processor.py:925} INFO - DAG(s) 'avito_to_raw_midraw' retrieved from /opt/airflow/dags/avito_to_raw_midraw.py
[2026-07-22T05:27:26.713+0000] {logging_mixin.py:190} INFO - [2026-07-22T05:27:26.713+0000] {dag.py:3239} INFO - Sync 1 DAGs
[2026-07-22T05:27:26.741+0000] {processor.py:208} INFO - Processing /opt/airflow/dags/avito_to_raw_midraw.py took 0.063 seconds
[2026-07-22T05:40:34.929+0000] {processor.py:186} INFO - Started process (PID=374) to work on /opt/airflow/dags/avito_to_raw_midraw.py
[2026-07-22T05:40:34.930+0000] {processor.py:914} INFO - Processing file /opt/airflow/dags/avito_to_raw_midraw.py for tasks to queue
[2026-07-22T05:40:34.931+0000] {logging_mixin.py:190} INFO - [2026-07-22T05:40:34.931+0000] {dagbag.py:588} INFO - Filling up the DagBag from /opt/airflow/dags/avito_to_raw_midraw.py
[2026-07-22T05:40:34.942+0000] {processor.py:925} INFO - DAG(s) 'avito_to_raw_midraw' retrieved from /opt/airflow/dags/avito_to_raw_midraw.py
[2026-07-22T05:40:34.960+0000] {logging_mixin.py:190} INFO - [2026-07-22T05:40:34.960+0000] {dag.py:3239} INFO - Sync 1 DAGs
[2026-07-22T05:40:34.971+0000] {logging_mixin.py:190} INFO - [2026-07-22T05:40:34.971+0000] {dag.py:4180} INFO - Setting next_dagrun for avito_to_raw_midraw to 2026-07-22 05:00:00+00:00, run_after=2026-07-22 06:00:00+00:00
[2026-07-22T05:40:34.979+0000] {processor.py:208} INFO - Processing /opt/airflow/dags/avito_to_raw_midraw.py took 0.053 seconds
[2026-07-22T05:56:52.303+0000] {processor.py:186} INFO - Started process (PID=376) to work on /opt/airflow/dags/avito_to_raw_midraw.py
[2026-07-22T05:56:52.304+0000] {processor.py:914} INFO - Processing file /opt/airflow/dags/avito_to_raw_midraw.py for tasks to queue
[2026-07-22T05:56:52.306+0000] {logging_mixin.py:190} INFO - [2026-07-22T05:56:52.305+0000] {dagbag.py:588} INFO - Filling up the DagBag from /opt/airflow/dags/avito_to_raw_midraw.py
[2026-07-22T05:56:52.325+0000] {processor.py:925} INFO - DAG(s) 'avito_to_raw_midraw' retrieved from /opt/airflow/dags/avito_to_raw_midraw.py
[2026-07-22T05:56:52.346+0000] {logging_mixin.py:190} INFO - [2026-07-22T05:56:52.346+0000] {dag.py:3239} INFO - Sync 1 DAGs
[2026-07-22T05:56:52.362+0000] {logging_mixin.py:190} INFO - [2026-07-22T05:56:52.362+0000] {dag.py:4180} INFO - Setting next_dagrun for avito_to_raw_midraw to 2026-07-22 05:00:00+00:00, run_after=2026-07-22 06:00:00+00:00
[2026-07-22T05:56:52.373+0000] {processor.py:208} INFO - Processing /opt/airflow/dags/avito_to_raw_midraw.py took 0.074 seconds
[2026-07-22T06:14:13.519+0000] {processor.py:186} INFO - Started process (PID=378) to work on /opt/airflow/dags/avito_to_raw_midraw.py
[2026-07-22T06:14:13.520+0000] {processor.py:914} INFO - Processing file /opt/airflow/dags/avito_to_raw_midraw.py for tasks to queue
[2026-07-22T06:14:13.521+0000] {logging_mixin.py:190} INFO - [2026-07-22T06:14:13.521+0000] {dagbag.py:588} INFO - Filling up the DagBag from /opt/airflow/dags/avito_to_raw_midraw.py
[2026-07-22T06:14:13.534+0000] {processor.py:925} INFO - DAG(s) 'avito_to_raw_midraw' retrieved from /opt/airflow/dags/avito_to_raw_midraw.py
[2026-07-22T06:14:13.551+0000] {logging_mixin.py:190} INFO - [2026-07-22T06:14:13.551+0000] {dag.py:3239} INFO - Sync 1 DAGs
[2026-07-22T06:14:13.572+0000] {processor.py:208} INFO - Processing /opt/airflow/dags/avito_to_raw_midraw.py took 0.056 seconds
[2026-07-22T06:32:26.420+0000] {processor.py:186} INFO - Started process (PID=380) to work on /opt/airflow/dags/avito_to_raw_midraw.py
[2026-07-22T06:32:26.421+0000] {processor.py:914} INFO - Processing file /opt/airflow/dags/avito_to_raw_midraw.py for tasks to queue
[2026-07-22T06:32:26.423+0000] {logging_mixin.py:190} INFO - [2026-07-22T06:32:26.423+0000] {dagbag.py:588} INFO - Filling up the DagBag from /opt/airflow/dags/avito_to_raw_midraw.py
[2026-07-22T06:32:26.435+0000] {processor.py:925} INFO - DAG(s) 'avito_to_raw_midraw' retrieved from /opt/airflow/dags/avito_to_raw_midraw.py
[2026-07-22T06:32:26.451+0000] {logging_mixin.py:190} INFO - [2026-07-22T06:32:26.451+0000] {dag.py:3239} INFO - Sync 1 DAGs
[2026-07-22T06:32:26.463+0000] {logging_mixin.py:190} INFO - [2026-07-22T06:32:26.463+0000] {dag.py:4180} INFO - Setting next_dagrun for avito_to_raw_midraw to 2026-07-22 06:00:00+00:00, run_after=2026-07-22 07:00:00+00:00
[2026-07-22T06:32:26.474+0000] {processor.py:208} INFO - Processing /opt/airflow/dags/avito_to_raw_midraw.py took 0.057 seconds
[2026-07-22T06:50:41.699+0000] {processor.py:186} INFO - Started process (PID=382) to work on /opt/airflow/dags/avito_to_raw_midraw.py
[2026-07-22T06:50:41.699+0000] {processor.py:914} INFO - Processing file /opt/airflow/dags/avito_to_raw_midraw.py for tasks to queue
[2026-07-22T06:50:41.701+0000] {logging_mixin.py:190} INFO - [2026-07-22T06:50:41.701+0000] {dagbag.py:588} INFO - Filling up the DagBag from /opt/airflow/dags/avito_to_raw_midraw.py
[2026-07-22T06:50:41.716+0000] {processor.py:925} INFO - DAG(s) 'avito_to_raw_midraw' retrieved from /opt/airflow/dags/avito_to_raw_midraw.py
[2026-07-22T06:50:41.733+0000] {logging_mixin.py:190} INFO - [2026-07-22T06:50:41.733+0000] {dag.py:3239} INFO - Sync 1 DAGs
[2026-07-22T06:50:41.747+0000] {logging_mixin.py:190} INFO - [2026-07-22T06:50:41.747+0000] {dag.py:4180} INFO - Setting next_dagrun for avito_to_raw_midraw to 2026-07-22 06:00:00+00:00, run_after=2026-07-22 07:00:00+00:00
[2026-07-22T06:50:41.755+0000] {processor.py:208} INFO - Processing /opt/airflow/dags/avito_to_raw_midraw.py took 0.060 seconds
[2026-07-22T07:06:13.996+0000] {processor.py:186} INFO - Started process (PID=384) to work on /opt/airflow/dags/avito_to_raw_midraw.py
[2026-07-22T07:06:13.997+0000] {processor.py:914} INFO - Processing file /opt/airflow/dags/avito_to_raw_midraw.py for tasks to queue
[2026-07-22T07:06:14.000+0000] {logging_mixin.py:190} INFO - [2026-07-22T07:06:13.999+0000] {dagbag.py:588} INFO - Filling up the DagBag from /opt/airflow/dags/avito_to_raw_midraw.py
[2026-07-22T07:06:14.019+0000] {processor.py:925} INFO - DAG(s) 'avito_to_raw_midraw' retrieved from /opt/airflow/dags/avito_to_raw_midraw.py
[2026-07-22T07:06:14.039+0000] {logging_mixin.py:190} INFO - [2026-07-22T07:06:14.039+0000] {dag.py:3239} INFO - Sync 1 DAGs
[2026-07-22T07:06:14.070+0000] {processor.py:208} INFO - Processing /opt/airflow/dags/avito_to_raw_midraw.py took 0.079 seconds
[2026-07-22T07:21:49.375+0000] {processor.py:186} INFO - Started process (PID=386) to work on /opt/airflow/dags/avito_to_raw_midraw.py
[2026-07-22T07:21:49.375+0000] {processor.py:914} INFO - Processing file /opt/airflow/dags/avito_to_raw_midraw.py for tasks to queue
[2026-07-22T07:21:49.378+0000] {logging_mixin.py:190} INFO - [2026-07-22T07:21:49.377+0000] {dagbag.py:588} INFO - Filling up the DagBag from /opt/airflow/dags/avito_to_raw_midraw.py
[2026-07-22T07:21:49.397+0000] {processor.py:925} INFO - DAG(s) 'avito_to_raw_midraw' retrieved from /opt/airflow/dags/avito_to_raw_midraw.py
[2026-07-22T07:21:49.424+0000] {logging_mixin.py:190} INFO - [2026-07-22T07:21:49.423+0000] {dag.py:3239} INFO - Sync 1 DAGs
[2026-07-22T07:21:49.434+0000] {logging_mixin.py:190} INFO - [2026-07-22T07:21:49.434+0000] {dag.py:4180} INFO - Setting next_dagrun for avito_to_raw_midraw to 2026-07-22 07:00:00+00:00, run_after=2026-07-22 08:00:00+00:00
[2026-07-22T07:21:49.443+0000] {processor.py:208} INFO - Processing /opt/airflow/dags/avito_to_raw_midraw.py took 0.072 seconds
[2026-07-22T07:38:06.665+0000] {processor.py:186} INFO - Started process (PID=388) to work on /opt/airflow/dags/avito_to_raw_midraw.py
[2026-07-22T07:38:06.666+0000] {processor.py:914} INFO - Processing file /opt/airflow/dags/avito_to_raw_midraw.py for tasks to queue
[2026-07-22T07:38:06.668+0000] {logging_mixin.py:190} INFO - [2026-07-22T07:38:06.667+0000] {dagbag.py:588} INFO - Filling up the DagBag from /opt/airflow/dags/avito_to_raw_midraw.py
[2026-07-22T07:38:06.682+0000] {processor.py:925} INFO - DAG(s) 'avito_to_raw_midraw' retrieved from /opt/airflow/dags/avito_to_raw_midraw.py
[2026-07-22T07:38:06.698+0000] {logging_mixin.py:190} INFO - [2026-07-22T07:38:06.698+0000] {dag.py:3239} INFO - Sync 1 DAGs
[2026-07-22T07:38:06.710+0000] {logging_mixin.py:190} INFO - [2026-07-22T07:38:06.710+0000] {dag.py:4180} INFO - Setting next_dagrun for avito_to_raw_midraw to 2026-07-22 07:00:00+00:00, run_after=2026-07-22 08:00:00+00:00
[2026-07-22T07:38:06.719+0000] {processor.py:208} INFO - Processing /opt/airflow/dags/avito_to_raw_midraw.py took 0.058 seconds
[2026-07-22T07:56:10.867+0000] {processor.py:186} INFO - Started process (PID=390) to work on /opt/airflow/dags/avito_to_raw_midraw.py
[2026-07-22T07:56:10.868+0000] {processor.py:914} INFO - Processing file /opt/airflow/dags/avito_to_raw_midraw.py for tasks to queue
[2026-07-22T07:56:10.869+0000] {logging_mixin.py:190} INFO - [2026-07-22T07:56:10.869+0000] {dagbag.py:588} INFO - Filling up the DagBag from /opt/airflow/dags/avito_to_raw_midraw.py
[2026-07-22T07:56:10.882+0000] {processor.py:925} INFO - DAG(s) 'avito_to_raw_midraw' retrieved from /opt/airflow/dags/avito_to_raw_midraw.py
[2026-07-22T07:56:10.898+0000] {logging_mixin.py:190} INFO - [2026-07-22T07:56:10.898+0000] {dag.py:3239} INFO - Sync 1 DAGs
[2026-07-22T07:56:10.907+0000] {logging_mixin.py:190} INFO - [2026-07-22T07:56:10.907+0000] {dag.py:4180} INFO - Setting next_dagrun for avito_to_raw_midraw to 2026-07-22 07:00:00+00:00, run_after=2026-07-22 08:00:00+00:00
[2026-07-22T07:56:10.918+0000] {processor.py:208} INFO - Processing /opt/airflow/dags/avito_to_raw_midraw.py took 0.054 seconds
[2026-07-22T08:12:36.198+0000] {processor.py:186} INFO - Started process (PID=392) to work on /opt/airflow/dags/avito_to_raw_midraw.py
[2026-07-22T08:12:36.199+0000] {processor.py:914} INFO - Processing file /opt/airflow/dags/avito_to_raw_midraw.py for tasks to queue
[2026-07-22T08:12:36.202+0000] {logging_mixin.py:190} INFO - [2026-07-22T08:12:36.202+0000] {dagbag.py:588} INFO - Filling up the DagBag from /opt/airflow/dags/avito_to_raw_midraw.py
[2026-07-22T08:12:36.219+0000] {processor.py:925} INFO - DAG(s) 'avito_to_raw_midraw' retrieved from /opt/airflow/dags/avito_to_raw_midraw.py
[2026-07-22T08:12:36.239+0000] {logging_mixin.py:190} INFO - [2026-07-22T08:12:36.239+0000] {dag.py:3239} INFO - Sync 1 DAGs
[2026-07-22T08:12:36.266+0000] {processor.py:208} INFO - Processing /opt/airflow/dags/avito_to_raw_midraw.py took 0.072 seconds
[2026-07-22T08:44:58.814+0000] {processor.py:186} INFO - Started process (PID=394) to work on /opt/airflow/dags/avito_to_raw_midraw.py
[2026-07-22T08:44:58.815+0000] {processor.py:914} INFO - Processing file /opt/airflow/dags/avito_to_raw_midraw.py for tasks to queue
[2026-07-22T08:44:58.816+0000] {logging_mixin.py:190} INFO - [2026-07-22T08:44:58.816+0000] {dagbag.py:588} INFO - Filling up the DagBag from /opt/airflow/dags/avito_to_raw_midraw.py
[2026-07-22T08:44:58.830+0000] {processor.py:925} INFO - DAG(s) 'avito_to_raw_midraw' retrieved from /opt/airflow/dags/avito_to_raw_midraw.py
[2026-07-22T08:44:58.847+0000] {logging_mixin.py:190} INFO - [2026-07-22T08:44:58.847+0000] {dag.py:3239} INFO - Sync 1 DAGs
[2026-07-22T08:44:58.860+0000] {logging_mixin.py:190} INFO - [2026-07-22T08:44:58.860+0000] {dag.py:4180} INFO - Setting next_dagrun for avito_to_raw_midraw to 2026-07-22 08:00:00+00:00, run_after=2026-07-22 09:00:00+00:00
[2026-07-22T08:44:58.871+0000] {processor.py:208} INFO - Processing /opt/airflow/dags/avito_to_raw_midraw.py took 0.060 seconds
[2026-07-22T09:01:03.870+0000] {processor.py:186} INFO - Started process (PID=396) to work on /opt/airflow/dags/avito_to_raw_midraw.py
[2026-07-22T09:01:03.870+0000] {processor.py:914} INFO - Processing file /opt/airflow/dags/avito_to_raw_midraw.py for tasks to queue
[2026-07-22T09:01:03.873+0000] {logging_mixin.py:190} INFO - [2026-07-22T09:01:03.872+0000] {dagbag.py:588} INFO - Filling up the DagBag from /opt/airflow/dags/avito_to_raw_midraw.py
[2026-07-22T09:01:03.890+0000] {processor.py:925} INFO - DAG(s) 'avito_to_raw_midraw' retrieved from /opt/airflow/dags/avito_to_raw_midraw.py
[2026-07-22T09:01:03.906+0000] {logging_mixin.py:190} INFO - [2026-07-22T09:01:03.906+0000] {dag.py:3239} INFO - Sync 1 DAGs
[2026-07-22T09:01:03.928+0000] {processor.py:208} INFO - Processing /opt/airflow/dags/avito_to_raw_midraw.py took 0.060 seconds
[2026-07-22T09:18:06.104+0000] {processor.py:186} INFO - Started process (PID=398) to work on /opt/airflow/dags/avito_to_raw_midraw.py
[2026-07-22T09:18:06.105+0000] {processor.py:914} INFO - Processing file /opt/airflow/dags/avito_to_raw_midraw.py for tasks to queue
[2026-07-22T09:18:06.107+0000] {logging_mixin.py:190} INFO - [2026-07-22T09:18:06.107+0000] {dagbag.py:588} INFO - Filling up the DagBag from /opt/airflow/dags/avito_to_raw_midraw.py
[2026-07-22T09:18:06.123+0000] {processor.py:925} INFO - DAG(s) 'avito_to_raw_midraw' retrieved from /opt/airflow/dags/avito_to_raw_midraw.py
[2026-07-22T09:18:06.138+0000] {logging_mixin.py:190} INFO - [2026-07-22T09:18:06.137+0000] {dag.py:3239} INFO - Sync 1 DAGs
[2026-07-22T09:18:06.149+0000] {logging_mixin.py:190} INFO - [2026-07-22T09:18:06.149+0000] {dag.py:4180} INFO - Setting next_dagrun for avito_to_raw_midraw to 2026-07-22 09:00:00+00:00, run_after=2026-07-22 10:00:00+00:00
[2026-07-22T09:18:06.163+0000] {processor.py:208} INFO - Processing /opt/airflow/dags/avito_to_raw_midraw.py took 0.062 seconds
[2026-07-22T09:36:19.007+0000] {processor.py:186} INFO - Started process (PID=400) to work on /opt/airflow/dags/avito_to_raw_midraw.py
[2026-07-22T09:36:19.008+0000] {processor.py:914} INFO - Processing file /opt/airflow/dags/avito_to_raw_midraw.py for tasks to queue
[2026-07-22T09:36:19.011+0000] {logging_mixin.py:190} INFO - [2026-07-22T09:36:19.011+0000] {dagbag.py:588} INFO - Filling up the DagBag from /opt/airflow/dags/avito_to_raw_midraw.py
[2026-07-22T09:36:19.025+0000] {processor.py:925} INFO - DAG(s) 'avito_to_raw_midraw' retrieved from /opt/airflow/dags/avito_to_raw_midraw.py
[2026-07-22T09:36:19.043+0000] {logging_mixin.py:190} INFO - [2026-07-22T09:36:19.043+0000] {dag.py:3239} INFO - Sync 1 DAGs
[2026-07-22T09:36:19.054+0000] {logging_mixin.py:190} INFO - [2026-07-22T09:36:19.054+0000] {dag.py:4180} INFO - Setting next_dagrun for avito_to_raw_midraw to 2026-07-22 09:00:00+00:00, run_after=2026-07-22 10:00:00+00:00
[2026-07-22T09:36:19.065+0000] {processor.py:208} INFO - Processing /opt/airflow/dags/avito_to_raw_midraw.py took 0.062 seconds
[2026-07-22T09:54:22.243+0000] {processor.py:186} INFO - Started process (PID=402) to work on /opt/airflow/dags/avito_to_raw_midraw.py
[2026-07-22T09:54:22.245+0000] {processor.py:914} INFO - Processing file /opt/airflow/dags/avito_to_raw_midraw.py for tasks to queue
[2026-07-22T09:54:22.247+0000] {logging_mixin.py:190} INFO - [2026-07-22T09:54:22.246+0000] {dagbag.py:588} INFO - Filling up the DagBag from /opt/airflow/dags/avito_to_raw_midraw.py
[2026-07-22T09:54:22.264+0000] {processor.py:925} INFO - DAG(s) 'avito_to_raw_midraw' retrieved from /opt/airflow/dags/avito_to_raw_midraw.py
[2026-07-22T09:54:22.283+0000] {logging_mixin.py:190} INFO - [2026-07-22T09:54:22.283+0000] {dag.py:3239} INFO - Sync 1 DAGs
[2026-07-22T09:54:22.305+0000] {logging_mixin.py:190} INFO - [2026-07-22T09:54:22.304+0000] {dag.py:4180} INFO - Setting next_dagrun for avito_to_raw_midraw to 2026-07-22 09:00:00+00:00, run_after=2026-07-22 10:00:00+00:00
[2026-07-22T09:54:22.320+0000] {processor.py:208} INFO - Processing /opt/airflow/dags/avito_to_raw_midraw.py took 0.081 seconds
[2026-07-22T10:10:55.447+0000] {processor.py:186} INFO - Started process (PID=404) to work on /opt/airflow/dags/avito_to_raw_midraw.py
[2026-07-22T10:10:55.448+0000] {processor.py:914} INFO - Processing file /opt/airflow/dags/avito_to_raw_midraw.py for tasks to queue
[2026-07-22T10:10:55.449+0000] {logging_mixin.py:190} INFO - [2026-07-22T10:10:55.449+0000] {dagbag.py:588} INFO - Filling up the DagBag from /opt/airflow/dags/avito_to_raw_midraw.py
[2026-07-22T10:10:55.465+0000] {processor.py:925} INFO - DAG(s) 'avito_to_raw_midraw' retrieved from /opt/airflow/dags/avito_to_raw_midraw.py
[2026-07-22T10:10:55.493+0000] {logging_mixin.py:190} INFO - [2026-07-22T10:10:55.492+0000] {dag.py:3239} INFO - Sync 1 DAGs
[2026-07-22T10:10:55.505+0000] {logging_mixin.py:190} INFO - [2026-07-22T10:10:55.505+0000] {dag.py:4180} INFO - Setting next_dagrun for avito_to_raw_midraw to 2026-07-22 09:00:00+00:00, run_after=2026-07-22 10:00:00+00:00
[2026-07-22T10:10:55.513+0000] {processor.py:208} INFO - Processing /opt/airflow/dags/avito_to_raw_midraw.py took 0.068 seconds
[2026-07-22T10:29:19.742+0000] {processor.py:186} INFO - Started process (PID=406) to work on /opt/airflow/dags/avito_to_raw_midraw.py
[2026-07-22T10:29:19.743+0000] {processor.py:914} INFO - Processing file /opt/airflow/dags/avito_to_raw_midraw.py for tasks to queue
[2026-07-22T10:29:19.745+0000] {logging_mixin.py:190} INFO - [2026-07-22T10:29:19.745+0000] {dagbag.py:588} INFO - Filling up the DagBag from /opt/airflow/dags/avito_to_raw_midraw.py
[2026-07-22T10:29:19.759+0000] {processor.py:925} INFO - DAG(s) 'avito_to_raw_midraw' retrieved from /opt/airflow/dags/avito_to_raw_midraw.py
[2026-07-22T10:29:19.776+0000] {logging_mixin.py:190} INFO - [2026-07-22T10:29:19.776+0000] {dag.py:3239} INFO - Sync 1 DAGs
[2026-07-22T10:29:19.787+0000] {logging_mixin.py:190} INFO - [2026-07-22T10:29:19.787+0000] {dag.py:4180} INFO - Setting next_dagrun for avito_to_raw_midraw to 2026-07-22 10:00:00+00:00, run_after=2026-07-22 11:00:00+00:00
[2026-07-22T10:29:19.797+0000] {processor.py:208} INFO - Processing /opt/airflow/dags/avito_to_raw_midraw.py took 0.058 seconds
[2026-07-22T10:46:15.709+0000] {processor.py:186} INFO - Started process (PID=408) to work on /opt/airflow/dags/avito_to_raw_midraw.py
[2026-07-22T10:46:15.710+0000] {processor.py:914} INFO - Processing file /opt/airflow/dags/avito_to_raw_midraw.py for tasks to queue
[2026-07-22T10:46:15.711+0000] {logging_mixin.py:190} INFO - [2026-07-22T10:46:15.711+0000] {dagbag.py:588} INFO - Filling up the DagBag from /opt/airflow/dags/avito_to_raw_midraw.py
[2026-07-22T10:46:15.723+0000] {processor.py:925} INFO - DAG(s) 'avito_to_raw_midraw' retrieved from /opt/airflow/dags/avito_to_raw_midraw.py
[2026-07-22T10:46:15.742+0000] {logging_mixin.py:190} INFO - [2026-07-22T10:46:15.742+0000] {dag.py:3239} INFO - Sync 1 DAGs
[2026-07-22T10:46:15.754+0000] {logging_mixin.py:190} INFO - [2026-07-22T10:46:15.754+0000] {dag.py:4180} INFO - Setting next_dagrun for avito_to_raw_midraw to 2026-07-22 10:00:00+00:00, run_after=2026-07-22 11:00:00+00:00
[2026-07-22T10:46:15.765+0000] {processor.py:208} INFO - Processing /opt/airflow/dags/avito_to_raw_midraw.py took 0.060 seconds
[2026-07-22T11:03:36.487+0000] {processor.py:186} INFO - Started process (PID=410) to work on /opt/airflow/dags/avito_to_raw_midraw.py
[2026-07-22T11:03:36.489+0000] {processor.py:914} INFO - Processing file /opt/airflow/dags/avito_to_raw_midraw.py for tasks to queue
[2026-07-22T11:03:36.491+0000] {logging_mixin.py:190} INFO - [2026-07-22T11:03:36.491+0000] {dagbag.py:588} INFO - Filling up the DagBag from /opt/airflow/dags/avito_to_raw_midraw.py
[2026-07-22T11:03:36.508+0000] {processor.py:925} INFO - DAG(s) 'avito_to_raw_midraw' retrieved from /opt/airflow/dags/avito_to_raw_midraw.py
[2026-07-22T11:03:36.531+0000] {logging_mixin.py:190} INFO - [2026-07-22T11:03:36.531+0000] {dag.py:3239} INFO - Sync 1 DAGs
[2026-07-22T11:03:36.547+0000] {logging_mixin.py:190} INFO - [2026-07-22T11:03:36.547+0000] {dag.py:4180} INFO - Setting next_dagrun for avito_to_raw_midraw to 2026-07-22 10:00:00+00:00, run_after=2026-07-22 11:00:00+00:00
[2026-07-22T11:03:36.558+0000] {processor.py:208} INFO - Processing /opt/airflow/dags/avito_to_raw_midraw.py took 0.075 seconds
[2026-07-22T11:19:35.866+0000] {processor.py:186} INFO - Started process (PID=412) to work on /opt/airflow/dags/avito_to_raw_midraw.py
[2026-07-22T11:19:35.867+0000] {processor.py:914} INFO - Processing file /opt/airflow/dags/avito_to_raw_midraw.py for tasks to queue
[2026-07-22T11:19:35.868+0000] {logging_mixin.py:190} INFO - [2026-07-22T11:19:35.868+0000] {dagbag.py:588} INFO - Filling up the DagBag from /opt/airflow/dags/avito_to_raw_midraw.py
[2026-07-22T11:19:35.884+0000] {processor.py:925} INFO - DAG(s) 'avito_to_raw_midraw' retrieved from /opt/airflow/dags/avito_to_raw_midraw.py
[2026-07-22T11:19:35.902+0000] {logging_mixin.py:190} INFO - [2026-07-22T11:19:35.902+0000] {dag.py:3239} INFO - Sync 1 DAGs
[2026-07-22T11:19:35.914+0000] {logging_mixin.py:190} INFO - [2026-07-22T11:19:35.914+0000] {dag.py:4180} INFO - Setting next_dagrun for avito_to_raw_midraw to 2026-07-22 11:00:00+00:00, run_after=2026-07-22 12:00:00+00:00
[2026-07-22T11:19:35.922+0000] {processor.py:208} INFO - Processing /opt/airflow/dags/avito_to_raw_midraw.py took 0.059 seconds
[2026-07-22T11:52:37.903+0000] {processor.py:186} INFO - Started process (PID=414) to work on /opt/airflow/dags/avito_to_raw_midraw.py
[2026-07-22T11:52:37.903+0000] {processor.py:914} INFO - Processing file /opt/airflow/dags/avito_to_raw_midraw.py for tasks to queue
[2026-07-22T11:52:37.906+0000] {logging_mixin.py:190} INFO - [2026-07-22T11:52:37.906+0000] {dagbag.py:588} INFO - Filling up the DagBag from /opt/airflow/dags/avito_to_raw_midraw.py
[2026-07-22T11:52:37.922+0000] {processor.py:925} INFO - DAG(s) 'avito_to_raw_midraw' retrieved from /opt/airflow/dags/avito_to_raw_midraw.py
[2026-07-22T11:52:37.938+0000] {logging_mixin.py:190} INFO - [2026-07-22T11:52:37.938+0000] {dag.py:3239} INFO - Sync 1 DAGs
[2026-07-22T11:52:37.955+0000] {logging_mixin.py:190} INFO - [2026-07-22T11:52:37.954+0000] {dag.py:4180} INFO - Setting next_dagrun for avito_to_raw_midraw to 2026-07-22 11:00:00+00:00, run_after=2026-07-22 12:00:00+00:00
[2026-07-22T11:52:37.965+0000] {processor.py:208} INFO - Processing /opt/airflow/dags/avito_to_raw_midraw.py took 0.066 seconds
[2026-07-22T12:10:59.237+0000] {processor.py:186} INFO - Started process (PID=416) to work on /opt/airflow/dags/avito_to_raw_midraw.py
[2026-07-22T12:10:59.238+0000] {processor.py:914} INFO - Processing file /opt/airflow/dags/avito_to_raw_midraw.py for tasks to queue
[2026-07-22T12:10:59.240+0000] {logging_mixin.py:190} INFO - [2026-07-22T12:10:59.240+0000] {dagbag.py:588} INFO - Filling up the DagBag from /opt/airflow/dags/avito_to_raw_midraw.py
[2026-07-22T12:10:59.255+0000] {processor.py:925} INFO - DAG(s) 'avito_to_raw_midraw' retrieved from /opt/airflow/dags/avito_to_raw_midraw.py
[2026-07-22T12:10:59.276+0000] {logging_mixin.py:190} INFO - [2026-07-22T12:10:59.276+0000] {dag.py:3239} INFO - Sync 1 DAGs
[2026-07-22T12:10:59.291+0000] {logging_mixin.py:190} INFO - [2026-07-22T12:10:59.291+0000] {dag.py:4180} INFO - Setting next_dagrun for avito_to_raw_midraw to 2026-07-22 11:00:00+00:00, run_after=2026-07-22 12:00:00+00:00
[2026-07-22T12:10:59.300+0000] {processor.py:208} INFO - Processing /opt/airflow/dags/avito_to_raw_midraw.py took 0.067 seconds
[2026-07-22T12:28:59.467+0000] {processor.py:186} INFO - Started process (PID=418) to work on /opt/airflow/dags/avito_to_raw_midraw.py
[2026-07-22T12:28:59.468+0000] {processor.py:914} INFO - Processing file /opt/airflow/dags/avito_to_raw_midraw.py for tasks to queue
[2026-07-22T12:28:59.469+0000] {logging_mixin.py:190} INFO - [2026-07-22T12:28:59.469+0000] {dagbag.py:588} INFO - Filling up the DagBag from /opt/airflow/dags/avito_to_raw_midraw.py
[2026-07-22T12:28:59.485+0000] {processor.py:925} INFO - DAG(s) 'avito_to_raw_midraw' retrieved from /opt/airflow/dags/avito_to_raw_midraw.py
[2026-07-22T12:28:59.500+0000] {logging_mixin.py:190} INFO - [2026-07-22T12:28:59.500+0000] {dag.py:3239} INFO - Sync 1 DAGs
[2026-07-22T12:28:59.511+0000] {logging_mixin.py:190} INFO - [2026-07-22T12:28:59.510+0000] {dag.py:4180} INFO - Setting next_dagrun for avito_to_raw_midraw to 2026-07-22 12:00:00+00:00, run_after=2026-07-22 13:00:00+00:00
[2026-07-22T12:28:59.518+0000] {processor.py:208} INFO - Processing /opt/airflow/dags/avito_to_raw_midraw.py took 0.054 seconds
[2026-07-22T12:46:53.267+0000] {processor.py:186} INFO - Started process (PID=420) to work on /opt/airflow/dags/avito_to_raw_midraw.py
[2026-07-22T12:46:53.268+0000] {processor.py:914} INFO - Processing file /opt/airflow/dags/avito_to_raw_midraw.py for tasks to queue
[2026-07-22T12:46:53.270+0000] {logging_mixin.py:190} INFO - [2026-07-22T12:46:53.269+0000] {dagbag.py:588} INFO - Filling up the DagBag from /opt/airflow/dags/avito_to_raw_midraw.py
[2026-07-22T12:46:53.283+0000] {processor.py:925} INFO - DAG(s) 'avito_to_raw_midraw' retrieved from /opt/airflow/dags/avito_to_raw_midraw.py
[2026-07-22T12:46:53.298+0000] {logging_mixin.py:190} INFO - [2026-07-22T12:46:53.298+0000] {dag.py:3239} INFO - Sync 1 DAGs
[2026-07-22T12:46:53.309+0000] {logging_mixin.py:190} INFO - [2026-07-22T12:46:53.309+0000] {dag.py:4180} INFO - Setting next_dagrun for avito_to_raw_midraw to 2026-07-22 12:00:00+00:00, run_after=2026-07-22 13:00:00+00:00
[2026-07-22T12:46:53.320+0000] {processor.py:208} INFO - Processing /opt/airflow/dags/avito_to_raw_midraw.py took 0.055 seconds
[2026-07-22T13:03:45.688+0000] {processor.py:186} INFO - Started process (PID=422) to work on /opt/airflow/dags/avito_to_raw_midraw.py
[2026-07-22T13:03:45.688+0000] {processor.py:914} INFO - Processing file /opt/airflow/dags/avito_to_raw_midraw.py for tasks to queue
[2026-07-22T13:03:45.690+0000] {logging_mixin.py:190} INFO - [2026-07-22T13:03:45.690+0000] {dagbag.py:588} INFO - Filling up the DagBag from /opt/airflow/dags/avito_to_raw_midraw.py
[2026-07-22T13:03:45.703+0000] {processor.py:925} INFO - DAG(s) 'avito_to_raw_midraw' retrieved from /opt/airflow/dags/avito_to_raw_midraw.py
[2026-07-22T13:03:45.720+0000] {logging_mixin.py:190} INFO - [2026-07-22T13:03:45.720+0000] {dag.py:3239} INFO - Sync 1 DAGs
[2026-07-22T13:03:45.734+0000] {logging_mixin.py:190} INFO - [2026-07-22T13:03:45.734+0000] {dag.py:4180} INFO - Setting next_dagrun for avito_to_raw_midraw to 2026-07-22 12:00:00+00:00, run_after=2026-07-22 13:00:00+00:00
[2026-07-22T13:03:45.746+0000] {processor.py:208} INFO - Processing /opt/airflow/dags/avito_to_raw_midraw.py took 0.061 seconds
[2026-07-22T13:19:42.920+0000] {processor.py:186} INFO - Started process (PID=424) to work on /opt/airflow/dags/avito_to_raw_midraw.py
[2026-07-22T13:19:42.921+0000] {processor.py:914} INFO - Processing file /opt/airflow/dags/avito_to_raw_midraw.py for tasks to queue
[2026-07-22T13:19:42.922+0000] {logging_mixin.py:190} INFO - [2026-07-22T13:19:42.922+0000] {dagbag.py:588} INFO - Filling up the DagBag from /opt/airflow/dags/avito_to_raw_midraw.py
[2026-07-22T13:19:42.937+0000] {processor.py:925} INFO - DAG(s) 'avito_to_raw_midraw' retrieved from /opt/airflow/dags/avito_to_raw_midraw.py
[2026-07-22T13:19:42.950+0000] {logging_mixin.py:190} INFO - [2026-07-22T13:19:42.950+0000] {dag.py:3239} INFO - Sync 1 DAGs
[2026-07-22T13:19:42.962+0000] {logging_mixin.py:190} INFO - [2026-07-22T13:19:42.962+0000] {dag.py:4180} INFO - Setting next_dagrun for avito_to_raw_midraw to 2026-07-22 13:00:00+00:00, run_after=2026-07-22 14:00:00+00:00
[2026-07-22T13:19:42.971+0000] {processor.py:208} INFO - Processing /opt/airflow/dags/avito_to_raw_midraw.py took 0.054 seconds
[2026-07-22T13:53:32.480+0000] {processor.py:186} INFO - Started process (PID=426) to work on /opt/airflow/dags/avito_to_raw_midraw.py
[2026-07-22T13:53:32.480+0000] {processor.py:914} INFO - Processing file /opt/airflow/dags/avito_to_raw_midraw.py for tasks to queue
[2026-07-22T13:53:32.484+0000] {logging_mixin.py:190} INFO - [2026-07-22T13:53:32.483+0000] {dagbag.py:588} INFO - Filling up the DagBag from /opt/airflow/dags/avito_to_raw_midraw.py
[2026-07-22T13:53:32.497+0000] {processor.py:925} INFO - DAG(s) 'avito_to_raw_midraw' retrieved from /opt/airflow/dags/avito_to_raw_midraw.py
[2026-07-22T13:53:32.516+0000] {logging_mixin.py:190} INFO - [2026-07-22T13:53:32.516+0000] {dag.py:3239} INFO - Sync 1 DAGs
[2026-07-22T13:53:32.530+0000] {logging_mixin.py:190} INFO - [2026-07-22T13:53:32.530+0000] {dag.py:4180} INFO - Setting next_dagrun for avito_to_raw_midraw to 2026-07-22 13:00:00+00:00, run_after=2026-07-22 14:00:00+00:00
[2026-07-22T13:53:32.541+0000] {processor.py:208} INFO - Processing /opt/airflow/dags/avito_to_raw_midraw.py took 0.064 seconds
[2026-07-22T14:09:39.499+0000] {processor.py:186} INFO - Started process (PID=428) to work on /opt/airflow/dags/avito_to_raw_midraw.py
[2026-07-22T14:09:39.500+0000] {processor.py:914} INFO - Processing file /opt/airflow/dags/avito_to_raw_midraw.py for tasks to queue
[2026-07-22T14:09:39.501+0000] {logging_mixin.py:190} INFO - [2026-07-22T14:09:39.501+0000] {dagbag.py:588} INFO - Filling up the DagBag from /opt/airflow/dags/avito_to_raw_midraw.py
[2026-07-22T14:09:39.513+0000] {processor.py:925} INFO - DAG(s) 'avito_to_raw_midraw' retrieved from /opt/airflow/dags/avito_to_raw_midraw.py
[2026-07-22T14:09:39.528+0000] {logging_mixin.py:190} INFO - [2026-07-22T14:09:39.528+0000] {dag.py:3239} INFO - Sync 1 DAGs
[2026-07-22T14:09:39.539+0000] {logging_mixin.py:190} INFO - [2026-07-22T14:09:39.539+0000] {dag.py:4180} INFO - Setting next_dagrun for avito_to_raw_midraw to 2026-07-22 13:00:00+00:00, run_after=2026-07-22 14:00:00+00:00
[2026-07-22T14:09:39.548+0000] {processor.py:208} INFO - Processing /opt/airflow/dags/avito_to_raw_midraw.py took 0.053 seconds
[2026-07-22T14:25:12.586+0000] {processor.py:186} INFO - Started process (PID=430) to work on /opt/airflow/dags/avito_to_raw_midraw.py
[2026-07-22T14:25:12.587+0000] {processor.py:914} INFO - Processing file /opt/airflow/dags/avito_to_raw_midraw.py for tasks to queue
[2026-07-22T14:25:12.588+0000] {logging_mixin.py:190} INFO - [2026-07-22T14:25:12.588+0000] {dagbag.py:588} INFO - Filling up the DagBag from /opt/airflow/dags/avito_to_raw_midraw.py
[2026-07-22T14:25:12.600+0000] {processor.py:925} INFO - DAG(s) 'avito_to_raw_midraw' retrieved from /opt/airflow/dags/avito_to_raw_midraw.py
[2026-07-22T14:25:12.618+0000] {logging_mixin.py:190} INFO - [2026-07-22T14:25:12.618+0000] {dag.py:3239} INFO - Sync 1 DAGs
[2026-07-22T14:25:12.633+0000] {logging_mixin.py:190} INFO - [2026-07-22T14:25:12.633+0000] {dag.py:4180} INFO - Setting next_dagrun for avito_to_raw_midraw to 2026-07-22 14:00:00+00:00, run_after=2026-07-22 15:00:00+00:00
[2026-07-22T14:25:12.641+0000] {processor.py:208} INFO - Processing /opt/airflow/dags/avito_to_raw_midraw.py took 0.058 seconds
[2026-07-22T14:43:37.680+0000] {processor.py:186} INFO - Started process (PID=432) to work on /opt/airflow/dags/avito_to_raw_midraw.py
[2026-07-22T14:43:37.682+0000] {processor.py:914} INFO - Processing file /opt/airflow/dags/avito_to_raw_midraw.py for tasks to queue
[2026-07-22T14:43:37.684+0000] {logging_mixin.py:190} INFO - [2026-07-22T14:43:37.684+0000] {dagbag.py:588} INFO - Filling up the DagBag from /opt/airflow/dags/avito_to_raw_midraw.py
[2026-07-22T14:43:37.702+0000] {processor.py:925} INFO - DAG(s) 'avito_to_raw_midraw' retrieved from /opt/airflow/dags/avito_to_raw_midraw.py
[2026-07-22T14:43:37.721+0000] {logging_mixin.py:190} INFO - [2026-07-22T14:43:37.721+0000] {dag.py:3239} INFO - Sync 1 DAGs
[2026-07-22T14:43:37.736+0000] {logging_mixin.py:190} INFO - [2026-07-22T14:43:37.736+0000] {dag.py:4180} INFO - Setting next_dagrun for avito_to_raw_midraw to 2026-07-22 14:00:00+00:00, run_after=2026-07-22 15:00:00+00:00
[2026-07-22T14:43:37.748+0000] {processor.py:208} INFO - Processing /opt/airflow/dags/avito_to_raw_midraw.py took 0.073 seconds
[2026-07-22T15:18:27.868+0000] {processor.py:186} INFO - Started process (PID=434) to work on /opt/airflow/dags/avito_to_raw_midraw.py
[2026-07-22T15:18:27.869+0000] {processor.py:914} INFO - Processing file /opt/airflow/dags/avito_to_raw_midraw.py for tasks to queue
[2026-07-22T15:18:27.871+0000] {logging_mixin.py:190} INFO - [2026-07-22T15:18:27.871+0000] {dagbag.py:588} INFO - Filling up the DagBag from /opt/airflow/dags/avito_to_raw_midraw.py
[2026-07-22T15:18:27.889+0000] {processor.py:925} INFO - DAG(s) 'avito_to_raw_midraw' retrieved from /opt/airflow/dags/avito_to_raw_midraw.py
[2026-07-22T15:18:27.907+0000] {logging_mixin.py:190} INFO - [2026-07-22T15:18:27.906+0000] {dag.py:3239} INFO - Sync 1 DAGs
[2026-07-22T15:18:27.918+0000] {logging_mixin.py:190} INFO - [2026-07-22T15:18:27.918+0000] {dag.py:4180} INFO - Setting next_dagrun for avito_to_raw_midraw to 2026-07-22 14:00:00+00:00, run_after=2026-07-22 15:00:00+00:00
[2026-07-22T15:18:27.928+0000] {processor.py:208} INFO - Processing /opt/airflow/dags/avito_to_raw_midraw.py took 0.063 seconds
[2026-07-22T15:34:51.981+0000] {processor.py:186} INFO - Started process (PID=436) to work on /opt/airflow/dags/avito_to_raw_midraw.py
[2026-07-22T15:34:51.981+0000] {processor.py:914} INFO - Processing file /opt/airflow/dags/avito_to_raw_midraw.py for tasks to queue
[2026-07-22T15:34:51.983+0000] {logging_mixin.py:190} INFO - [2026-07-22T15:34:51.983+0000] {dagbag.py:588} INFO - Filling up the DagBag from /opt/airflow/dags/avito_to_raw_midraw.py
[2026-07-22T15:34:51.996+0000] {processor.py:925} INFO - DAG(s) 'avito_to_raw_midraw' retrieved from /opt/airflow/dags/avito_to_raw_midraw.py
[2026-07-22T15:34:52.014+0000] {logging_mixin.py:190} INFO - [2026-07-22T15:34:52.014+0000] {dag.py:3239} INFO - Sync 1 DAGs
[2026-07-22T15:34:52.024+0000] {logging_mixin.py:190} INFO - [2026-07-22T15:34:52.024+0000] {dag.py:4180} INFO - Setting next_dagrun for avito_to_raw_midraw to 2026-07-22 15:00:00+00:00, run_after=2026-07-22 16:00:00+00:00
[2026-07-22T15:34:52.035+0000] {processor.py:208} INFO - Processing /opt/airflow/dags/avito_to_raw_midraw.py took 0.058 seconds
[2026-07-22T15:52:49.996+0000] {processor.py:186} INFO - Started process (PID=438) to work on /opt/airflow/dags/avito_to_raw_midraw.py
[2026-07-22T15:52:49.997+0000] {processor.py:914} INFO - Processing file /opt/airflow/dags/avito_to_raw_midraw.py for tasks to queue
[2026-07-22T15:52:49.999+0000] {logging_mixin.py:190} INFO - [2026-07-22T15:52:49.998+0000] {dagbag.py:588} INFO - Filling up the DagBag from /opt/airflow/dags/avito_to_raw_midraw.py
[2026-07-22T15:52:50.012+0000] {processor.py:925} INFO - DAG(s) 'avito_to_raw_midraw' retrieved from /opt/airflow/dags/avito_to_raw_midraw.py
[2026-07-22T15:52:50.033+0000] {logging_mixin.py:190} INFO - [2026-07-22T15:52:50.033+0000] {dag.py:3239} INFO - Sync 1 DAGs
[2026-07-22T15:52:50.044+0000] {logging_mixin.py:190} INFO - [2026-07-22T15:52:50.044+0000] {dag.py:4180} INFO - Setting next_dagrun for avito_to_raw_midraw to 2026-07-22 15:00:00+00:00, run_after=2026-07-22 16:00:00+00:00
[2026-07-22T15:52:50.051+0000] {processor.py:208} INFO - Processing /opt/airflow/dags/avito_to_raw_midraw.py took 0.058 seconds
[2026-07-22T16:27:53.366+0000] {processor.py:186} INFO - Started process (PID=440) to work on /opt/airflow/dags/avito_to_raw_midraw.py
[2026-07-22T16:27:53.367+0000] {processor.py:914} INFO - Processing file /opt/airflow/dags/avito_to_raw_midraw.py for tasks to queue
[2026-07-22T16:27:53.370+0000] {logging_mixin.py:190} INFO - [2026-07-22T16:27:53.369+0000] {dagbag.py:588} INFO - Filling up the DagBag from /opt/airflow/dags/avito_to_raw_midraw.py
[2026-07-22T16:27:53.385+0000] {processor.py:925} INFO - DAG(s) 'avito_to_raw_midraw' retrieved from /opt/airflow/dags/avito_to_raw_midraw.py
[2026-07-22T16:27:53.403+0000] {logging_mixin.py:190} INFO - [2026-07-22T16:27:53.403+0000] {dag.py:3239} INFO - Sync 1 DAGs
[2026-07-22T16:27:53.424+0000] {processor.py:208} INFO - Processing /opt/airflow/dags/avito_to_raw_midraw.py took 0.062 seconds
[2026-07-22T16:28:23.727+0000] {processor.py:186} INFO - Started process (PID=442) to work on /opt/airflow/dags/avito_to_raw_midraw.py
[2026-07-22T16:28:23.728+0000] {processor.py:914} INFO - Processing file /opt/airflow/dags/avito_to_raw_midraw.py for tasks to queue
[2026-07-22T16:28:23.730+0000] {logging_mixin.py:190} INFO - [2026-07-22T16:28:23.730+0000] {dagbag.py:588} INFO - Filling up the DagBag from /opt/airflow/dags/avito_to_raw_midraw.py
[2026-07-22T16:28:23.744+0000] {processor.py:925} INFO - DAG(s) 'avito_to_raw_midraw' retrieved from /opt/airflow/dags/avito_to_raw_midraw.py
[2026-07-22T16:28:23.761+0000] {logging_mixin.py:190} INFO - [2026-07-22T16:28:23.761+0000] {dag.py:3239} INFO - Sync 1 DAGs
[2026-07-22T16:28:23.772+0000] {logging_mixin.py:190} INFO - [2026-07-22T16:28:23.772+0000] {dag.py:4180} INFO - Setting next_dagrun for avito_to_raw_midraw to 2026-07-22 16:00:00+00:00, run_after=2026-07-22 17:00:00+00:00
[2026-07-22T16:28:23.783+0000] {processor.py:208} INFO - Processing /opt/airflow/dags/avito_to_raw_midraw.py took 0.058 seconds
[2026-07-22T16:46:01.065+0000] {processor.py:186} INFO - Started process (PID=444) to work on /opt/airflow/dags/avito_to_raw_midraw.py
[2026-07-22T16:46:01.066+0000] {processor.py:914} INFO - Processing file /opt/airflow/dags/avito_to_raw_midraw.py for tasks to queue
[2026-07-22T16:46:01.068+0000] {logging_mixin.py:190} INFO - [2026-07-22T16:46:01.068+0000] {dagbag.py:588} INFO - Filling up the DagBag from /opt/airflow/dags/avito_to_raw_midraw.py
[2026-07-22T16:46:01.079+0000] {processor.py:925} INFO - DAG(s) 'avito_to_raw_midraw' retrieved from /opt/airflow/dags/avito_to_raw_midraw.py
[2026-07-22T16:46:01.096+0000] {logging_mixin.py:190} INFO - [2026-07-22T16:46:01.095+0000] {dag.py:3239} INFO - Sync 1 DAGs
[2026-07-22T16:46:01.106+0000] {logging_mixin.py:190} INFO - [2026-07-22T16:46:01.106+0000] {dag.py:4180} INFO - Setting next_dagrun for avito_to_raw_midraw to 2026-07-22 16:00:00+00:00, run_after=2026-07-22 17:00:00+00:00
[2026-07-22T16:46:01.116+0000] {processor.py:208} INFO - Processing /opt/airflow/dags/avito_to_raw_midraw.py took 0.054 seconds
[2026-07-22T16:52:55.894+0000] {processor.py:186} INFO - Started process (PID=446) to work on /opt/airflow/dags/avito_to_raw_midraw.py
[2026-07-22T16:52:55.895+0000] {processor.py:914} INFO - Processing file /opt/airflow/dags/avito_to_raw_midraw.py for tasks to queue
[2026-07-22T16:52:55.898+0000] {logging_mixin.py:190} INFO - [2026-07-22T16:52:55.898+0000] {dagbag.py:588} INFO - Filling up the DagBag from /opt/airflow/dags/avito_to_raw_midraw.py
[2026-07-22T16:52:55.922+0000] {processor.py:925} INFO - DAG(s) 'avito_to_raw_midraw' retrieved from /opt/airflow/dags/avito_to_raw_midraw.py
[2026-07-22T16:52:55.948+0000] {logging_mixin.py:190} INFO - [2026-07-22T16:52:55.947+0000] {dag.py:3239} INFO - Sync 1 DAGs
[2026-07-22T16:52:55.973+0000] {logging_mixin.py:190} INFO - [2026-07-22T16:52:55.973+0000] {dag.py:4180} INFO - Setting next_dagrun for avito_to_raw_midraw to 2026-07-22 16:00:00+00:00, run_after=2026-07-22 17:00:00+00:00
[2026-07-22T16:52:55.989+0000] {processor.py:208} INFO - Processing /opt/airflow/dags/avito_to_raw_midraw.py took 0.102 seconds
[2026-07-22T16:53:26.163+0000] {processor.py:186} INFO - Started process (PID=448) to work on /opt/airflow/dags/avito_to_raw_midraw.py
[2026-07-22T16:53:26.163+0000] {processor.py:914} INFO - Processing file /opt/airflow/dags/avito_to_raw_midraw.py for tasks to queue
[2026-07-22T16:53:26.165+0000] {logging_mixin.py:190} INFO - [2026-07-22T16:53:26.165+0000] {dagbag.py:588} INFO - Filling up the DagBag from /opt/airflow/dags/avito_to_raw_midraw.py
[2026-07-22T16:53:26.176+0000] {processor.py:925} INFO - DAG(s) 'avito_to_raw_midraw' retrieved from /opt/airflow/dags/avito_to_raw_midraw.py
[2026-07-22T16:53:26.193+0000] {logging_mixin.py:190} INFO - [2026-07-22T16:53:26.193+0000] {dag.py:3239} INFO - Sync 1 DAGs
[2026-07-22T16:53:26.205+0000] {logging_mixin.py:190} INFO - [2026-07-22T16:53:26.205+0000] {dag.py:4180} INFO - Setting next_dagrun for avito_to_raw_midraw to 2026-07-22 16:00:00+00:00, run_after=2026-07-22 17:00:00+00:00
[2026-07-22T16:53:26.214+0000] {processor.py:208} INFO - Processing /opt/airflow/dags/avito_to_raw_midraw.py took 0.054 seconds
[2026-07-22T16:53:56.397+0000] {processor.py:186} INFO - Started process (PID=450) to work on /opt/airflow/dags/avito_to_raw_midraw.py
[2026-07-22T16:53:56.398+0000] {processor.py:914} INFO - Processing file /opt/airflow/dags/avito_to_raw_midraw.py for tasks to queue
[2026-07-22T16:53:56.400+0000] {logging_mixin.py:190} INFO - [2026-07-22T16:53:56.400+0000] {dagbag.py:588} INFO - Filling up the DagBag from /opt/airflow/dags/avito_to_raw_midraw.py
[2026-07-22T16:53:56.416+0000] {processor.py:925} INFO - DAG(s) 'avito_to_raw_midraw' retrieved from /opt/airflow/dags/avito_to_raw_midraw.py
[2026-07-22T16:53:56.440+0000] {logging_mixin.py:190} INFO - [2026-07-22T16:53:56.440+0000] {dag.py:3239} INFO - Sync 1 DAGs
[2026-07-22T16:53:56.454+0000] {logging_mixin.py:190} INFO - [2026-07-22T16:53:56.454+0000] {dag.py:4180} INFO - Setting next_dagrun for avito_to_raw_midraw to 2026-07-22 16:00:00+00:00, run_after=2026-07-22 17:00:00+00:00
[2026-07-22T16:53:56.466+0000] {processor.py:208} INFO - Processing /opt/airflow/dags/avito_to_raw_midraw.py took 0.072 seconds
[2026-07-22T16:54:26.678+0000] {processor.py:186} INFO - Started process (PID=452) to work on /opt/airflow/dags/avito_to_raw_midraw.py
[2026-07-22T16:54:26.679+0000] {processor.py:914} INFO - Processing file /opt/airflow/dags/avito_to_raw_midraw.py for tasks to queue
[2026-07-22T16:54:26.680+0000] {logging_mixin.py:190} INFO - [2026-07-22T16:54:26.680+0000] {dagbag.py:588} INFO - Filling up the DagBag from /opt/airflow/dags/avito_to_raw_midraw.py
[2026-07-22T16:54:26.692+0000] {processor.py:925} INFO - DAG(s) 'avito_to_raw_midraw' retrieved from /opt/airflow/dags/avito_to_raw_midraw.py
[2026-07-22T16:54:26.708+0000] {logging_mixin.py:190} INFO - [2026-07-22T16:54:26.708+0000] {dag.py:3239} INFO - Sync 1 DAGs
[2026-07-22T16:54:26.719+0000] {logging_mixin.py:190} INFO - [2026-07-22T16:54:26.719+0000] {dag.py:4180} INFO - Setting next_dagrun for avito_to_raw_midraw to 2026-07-22 16:00:00+00:00, run_after=2026-07-22 17:00:00+00:00
[2026-07-22T16:54:26.727+0000] {processor.py:208} INFO - Processing /opt/airflow/dags/avito_to_raw_midraw.py took 0.052 seconds
[2026-07-22T16:54:57.031+0000] {processor.py:186} INFO - Started process (PID=454) to work on /opt/airflow/dags/avito_to_raw_midraw.py
[2026-07-22T16:54:57.032+0000] {processor.py:914} INFO - Processing file /opt/airflow/dags/avito_to_raw_midraw.py for tasks to queue
[2026-07-22T16:54:57.036+0000] {logging_mixin.py:190} INFO - [2026-07-22T16:54:57.036+0000] {dagbag.py:588} INFO - Filling up the DagBag from /opt/airflow/dags/avito_to_raw_midraw.py
[2026-07-22T16:54:57.070+0000] {processor.py:925} INFO - DAG(s) 'avito_to_raw_midraw' retrieved from /opt/airflow/dags/avito_to_raw_midraw.py
[2026-07-22T16:54:57.096+0000] {logging_mixin.py:190} INFO - [2026-07-22T16:54:57.095+0000] {dag.py:3239} INFO - Sync 1 DAGs
[2026-07-22T16:54:57.115+0000] {logging_mixin.py:190} INFO - [2026-07-22T16:54:57.115+0000] {dag.py:4180} INFO - Setting next_dagrun for avito_to_raw_midraw to 2026-07-22 16:00:00+00:00, run_after=2026-07-22 17:00:00+00:00
[2026-07-22T16:54:57.131+0000] {processor.py:208} INFO - Processing /opt/airflow/dags/avito_to_raw_midraw.py took 0.104 seconds
[2026-07-22T16:55:27.396+0000] {processor.py:186} INFO - Started process (PID=456) to work on /opt/airflow/dags/avito_to_raw_midraw.py
[2026-07-22T16:55:27.396+0000] {processor.py:914} INFO - Processing file /opt/airflow/dags/avito_to_raw_midraw.py for tasks to queue
[2026-07-22T16:55:27.397+0000] {logging_mixin.py:190} INFO - [2026-07-22T16:55:27.397+0000] {dagbag.py:588} INFO - Filling up the DagBag from /opt/airflow/dags/avito_to_raw_midraw.py
[2026-07-22T16:55:27.407+0000] {processor.py:925} INFO - DAG(s) 'avito_to_raw_midraw' retrieved from /opt/airflow/dags/avito_to_raw_midraw.py
[2026-07-22T16:55:27.421+0000] {logging_mixin.py:190} INFO - [2026-07-22T16:55:27.421+0000] {dag.py:3239} INFO - Sync 1 DAGs
[2026-07-22T16:55:27.432+0000] {logging_mixin.py:190} INFO - [2026-07-22T16:55:27.432+0000] {dag.py:4180} INFO - Setting next_dagrun for avito_to_raw_midraw to 2026-07-22 16:00:00+00:00, run_after=2026-07-22 17:00:00+00:00
[2026-07-22T16:55:27.442+0000] {processor.py:208} INFO - Processing /opt/airflow/dags/avito_to_raw_midraw.py took 0.049 seconds
[2026-07-22T16:55:57.727+0000] {processor.py:186} INFO - Started process (PID=458) to work on /opt/airflow/dags/avito_to_raw_midraw.py
[2026-07-22T16:55:57.729+0000] {processor.py:914} INFO - Processing file /opt/airflow/dags/avito_to_raw_midraw.py for tasks to queue
[2026-07-22T16:55:57.731+0000] {logging_mixin.py:190} INFO - [2026-07-22T16:55:57.731+0000] {dagbag.py:588} INFO - Filling up the DagBag from /opt/airflow/dags/avito_to_raw_midraw.py
[2026-07-22T16:55:57.754+0000] {processor.py:925} INFO - DAG(s) 'avito_to_raw_midraw' retrieved from /opt/airflow/dags/avito_to_raw_midraw.py
[2026-07-22T16:55:57.778+0000] {logging_mixin.py:190} INFO - [2026-07-22T16:55:57.778+0000] {dag.py:3239} INFO - Sync 1 DAGs
[2026-07-22T16:55:57.794+0000] {logging_mixin.py:190} INFO - [2026-07-22T16:55:57.794+0000] {dag.py:4180} INFO - Setting next_dagrun for avito_to_raw_midraw to 2026-07-22 16:00:00+00:00, run_after=2026-07-22 17:00:00+00:00
[2026-07-22T16:55:57.809+0000] {processor.py:208} INFO - Processing /opt/airflow/dags/avito_to_raw_midraw.py took 0.086 seconds
[2026-07-22T16:56:28.011+0000] {processor.py:186} INFO - Started process (PID=460) to work on /opt/airflow/dags/avito_to_raw_midraw.py
[2026-07-22T16:56:28.011+0000] {processor.py:914} INFO - Processing file /opt/airflow/dags/avito_to_raw_midraw.py for tasks to queue
[2026-07-22T16:56:28.014+0000] {logging_mixin.py:190} INFO - [2026-07-22T16:56:28.013+0000] {dagbag.py:588} INFO - Filling up the DagBag from /opt/airflow/dags/avito_to_raw_midraw.py
[2026-07-22T16:56:28.032+0000] {processor.py:925} INFO - DAG(s) 'avito_to_raw_midraw' retrieved from /opt/airflow/dags/avito_to_raw_midraw.py
[2026-07-22T16:56:28.046+0000] {logging_mixin.py:190} INFO - [2026-07-22T16:56:28.046+0000] {dag.py:3239} INFO - Sync 1 DAGs
[2026-07-22T16:56:28.057+0000] {logging_mixin.py:190} INFO - [2026-07-22T16:56:28.057+0000] {dag.py:4180} INFO - Setting next_dagrun for avito_to_raw_midraw to 2026-07-22 16:00:00+00:00, run_after=2026-07-22 17:00:00+00:00
[2026-07-22T16:56:28.069+0000] {processor.py:208} INFO - Processing /opt/airflow/dags/avito_to_raw_midraw.py took 0.061 seconds
[2026-07-22T16:56:58.324+0000] {processor.py:186} INFO - Started process (PID=462) to work on /opt/airflow/dags/avito_to_raw_midraw.py
[2026-07-22T16:56:58.325+0000] {processor.py:914} INFO - Processing file /opt/airflow/dags/avito_to_raw_midraw.py for tasks to queue
[2026-07-22T16:56:58.327+0000] {logging_mixin.py:190} INFO - [2026-07-22T16:56:58.327+0000] {dagbag.py:588} INFO - Filling up the DagBag from /opt/airflow/dags/avito_to_raw_midraw.py
[2026-07-22T16:56:58.345+0000] {processor.py:925} INFO - DAG(s) 'avito_to_raw_midraw' retrieved from /opt/airflow/dags/avito_to_raw_midraw.py
[2026-07-22T16:56:58.365+0000] {logging_mixin.py:190} INFO - [2026-07-22T16:56:58.365+0000] {dag.py:3239} INFO - Sync 1 DAGs
[2026-07-22T16:56:58.379+0000] {logging_mixin.py:190} INFO - [2026-07-22T16:56:58.379+0000] {dag.py:4180} INFO - Setting next_dagrun for avito_to_raw_midraw to 2026-07-22 16:00:00+00:00, run_after=2026-07-22 17:00:00+00:00
[2026-07-22T16:56:58.390+0000] {processor.py:208} INFO - Processing /opt/airflow/dags/avito_to_raw_midraw.py took 0.071 seconds
[2026-07-22T16:57:28.669+0000] {processor.py:186} INFO - Started process (PID=464) to work on /opt/airflow/dags/avito_to_raw_midraw.py
[2026-07-22T16:57:28.670+0000] {processor.py:914} INFO - Processing file /opt/airflow/dags/avito_to_raw_midraw.py for tasks to queue
[2026-07-22T16:57:28.672+0000] {logging_mixin.py:190} INFO - [2026-07-22T16:57:28.671+0000] {dagbag.py:588} INFO - Filling up the DagBag from /opt/airflow/dags/avito_to_raw_midraw.py
[2026-07-22T16:57:28.688+0000] {processor.py:925} INFO - DAG(s) 'avito_to_raw_midraw' retrieved from /opt/airflow/dags/avito_to_raw_midraw.py
[2026-07-22T16:57:28.706+0000] {logging_mixin.py:190} INFO - [2026-07-22T16:57:28.706+0000] {dag.py:3239} INFO - Sync 1 DAGs
[2026-07-22T16:57:28.722+0000] {logging_mixin.py:190} INFO - [2026-07-22T16:57:28.722+0000] {dag.py:4180} INFO - Setting next_dagrun for avito_to_raw_midraw to 2026-07-22 16:00:00+00:00, run_after=2026-07-22 17:00:00+00:00
[2026-07-22T16:57:28.732+0000] {processor.py:208} INFO - Processing /opt/airflow/dags/avito_to_raw_midraw.py took 0.067 seconds
[2026-07-22T16:57:59.033+0000] {processor.py:186} INFO - Started process (PID=466) to work on /opt/airflow/dags/avito_to_raw_midraw.py
[2026-07-22T16:57:59.033+0000] {processor.py:914} INFO - Processing file /opt/airflow/dags/avito_to_raw_midraw.py for tasks to queue
[2026-07-22T16:57:59.035+0000] {logging_mixin.py:190} INFO - [2026-07-22T16:57:59.035+0000] {dagbag.py:588} INFO - Filling up the DagBag from /opt/airflow/dags/avito_to_raw_midraw.py
[2026-07-22T16:57:59.049+0000] {processor.py:925} INFO - DAG(s) 'avito_to_raw_midraw' retrieved from /opt/airflow/dags/avito_to_raw_midraw.py
[2026-07-22T16:57:59.067+0000] {logging_mixin.py:190} INFO - [2026-07-22T16:57:59.067+0000] {dag.py:3239} INFO - Sync 1 DAGs
[2026-07-22T16:57:59.080+0000] {logging_mixin.py:190} INFO - [2026-07-22T16:57:59.080+0000] {dag.py:4180} INFO - Setting next_dagrun for avito_to_raw_midraw to 2026-07-22 16:00:00+00:00, run_after=2026-07-22 17:00:00+00:00
[2026-07-22T16:57:59.089+0000] {processor.py:208} INFO - Processing /opt/airflow/dags/avito_to_raw_midraw.py took 0.059 seconds
[2026-07-22T16:58:29.364+0000] {processor.py:186} INFO - Started process (PID=468) to work on /opt/airflow/dags/avito_to_raw_midraw.py
[2026-07-22T16:58:29.365+0000] {processor.py:914} INFO - Processing file /opt/airflow/dags/avito_to_raw_midraw.py for tasks to queue
[2026-07-22T16:58:29.366+0000] {logging_mixin.py:190} INFO - [2026-07-22T16:58:29.366+0000] {dagbag.py:588} INFO - Filling up the DagBag from /opt/airflow/dags/avito_to_raw_midraw.py
[2026-07-22T16:58:29.379+0000] {processor.py:925} INFO - DAG(s) 'avito_to_raw_midraw' retrieved from /opt/airflow/dags/avito_to_raw_midraw.py
[2026-07-22T16:58:29.394+0000] {logging_mixin.py:190} INFO - [2026-07-22T16:58:29.394+0000] {dag.py:3239} INFO - Sync 1 DAGs
[2026-07-22T16:58:29.405+0000] {logging_mixin.py:190} INFO - [2026-07-22T16:58:29.405+0000] {dag.py:4180} INFO - Setting next_dagrun for avito_to_raw_midraw to 2026-07-22 16:00:00+00:00, run_after=2026-07-22 17:00:00+00:00
[2026-07-22T16:58:29.413+0000] {processor.py:208} INFO - Processing /opt/airflow/dags/avito_to_raw_midraw.py took 0.052 seconds
[2026-07-22T16:58:59.691+0000] {processor.py:186} INFO - Started process (PID=470) to work on /opt/airflow/dags/avito_to_raw_midraw.py
[2026-07-22T16:58:59.692+0000] {processor.py:914} INFO - Processing file /opt/airflow/dags/avito_to_raw_midraw.py for tasks to queue
[2026-07-22T16:58:59.693+0000] {logging_mixin.py:190} INFO - [2026-07-22T16:58:59.693+0000] {dagbag.py:588} INFO - Filling up the DagBag from /opt/airflow/dags/avito_to_raw_midraw.py
[2026-07-22T16:58:59.707+0000] {processor.py:925} INFO - DAG(s) 'avito_to_raw_midraw' retrieved from /opt/airflow/dags/avito_to_raw_midraw.py
[2026-07-22T16:58:59.723+0000] {logging_mixin.py:190} INFO - [2026-07-22T16:58:59.723+0000] {dag.py:3239} INFO - Sync 1 DAGs
[2026-07-22T16:58:59.734+0000] {logging_mixin.py:190} INFO - [2026-07-22T16:58:59.734+0000] {dag.py:4180} INFO - Setting next_dagrun for avito_to_raw_midraw to 2026-07-22 16:00:00+00:00, run_after=2026-07-22 17:00:00+00:00
[2026-07-22T16:58:59.746+0000] {processor.py:208} INFO - Processing /opt/airflow/dags/avito_to_raw_midraw.py took 0.057 seconds
[2026-07-22T16:59:30.031+0000] {processor.py:186} INFO - Started process (PID=472) to work on /opt/airflow/dags/avito_to_raw_midraw.py
[2026-07-22T16:59:30.032+0000] {processor.py:914} INFO - Processing file /opt/airflow/dags/avito_to_raw_midraw.py for tasks to queue
[2026-07-22T16:59:30.034+0000] {logging_mixin.py:190} INFO - [2026-07-22T16:59:30.034+0000] {dagbag.py:588} INFO - Filling up the DagBag from /opt/airflow/dags/avito_to_raw_midraw.py
[2026-07-22T16:59:30.047+0000] {processor.py:925} INFO - DAG(s) 'avito_to_raw_midraw' retrieved from /opt/airflow/dags/avito_to_raw_midraw.py
[2026-07-22T16:59:30.060+0000] {logging_mixin.py:190} INFO - [2026-07-22T16:59:30.060+0000] {dag.py:3239} INFO - Sync 1 DAGs
[2026-07-22T16:59:30.070+0000] {logging_mixin.py:190} INFO - [2026-07-22T16:59:30.070+0000] {dag.py:4180} INFO - Setting next_dagrun for avito_to_raw_midraw to 2026-07-22 16:00:00+00:00, run_after=2026-07-22 17:00:00+00:00
[2026-07-22T16:59:30.080+0000] {processor.py:208} INFO - Processing /opt/airflow/dags/avito_to_raw_midraw.py took 0.051 seconds
[2026-07-22T17:00:00.294+0000] {processor.py:186} INFO - Started process (PID=474) to work on /opt/airflow/dags/avito_to_raw_midraw.py
[2026-07-22T17:00:00.295+0000] {processor.py:914} INFO - Processing file /opt/airflow/dags/avito_to_raw_midraw.py for tasks to queue
[2026-07-22T17:00:00.297+0000] {logging_mixin.py:190} INFO - [2026-07-22T17:00:00.297+0000] {dagbag.py:588} INFO - Filling up the DagBag from /opt/airflow/dags/avito_to_raw_midraw.py
[2026-07-22T17:00:00.311+0000] {processor.py:925} INFO - DAG(s) 'avito_to_raw_midraw' retrieved from /opt/airflow/dags/avito_to_raw_midraw.py
[2026-07-22T17:00:00.327+0000] {logging_mixin.py:190} INFO - [2026-07-22T17:00:00.327+0000] {dag.py:3239} INFO - Sync 1 DAGs
[2026-07-22T17:00:00.346+0000] {processor.py:208} INFO - Processing /opt/airflow/dags/avito_to_raw_midraw.py took 0.056 seconds
[2026-07-22T17:00:30.534+0000] {processor.py:186} INFO - Started process (PID=476) to work on /opt/airflow/dags/avito_to_raw_midraw.py
[2026-07-22T17:00:30.535+0000] {processor.py:914} INFO - Processing file /opt/airflow/dags/avito_to_raw_midraw.py for tasks to queue
[2026-07-22T17:00:30.537+0000] {logging_mixin.py:190} INFO - [2026-07-22T17:00:30.536+0000] {dagbag.py:588} INFO - Filling up the DagBag from /opt/airflow/dags/avito_to_raw_midraw.py
[2026-07-22T17:00:30.554+0000] {processor.py:925} INFO - DAG(s) 'avito_to_raw_midraw' retrieved from /opt/airflow/dags/avito_to_raw_midraw.py
[2026-07-22T17:00:30.571+0000] {logging_mixin.py:190} INFO - [2026-07-22T17:00:30.571+0000] {dag.py:3239} INFO - Sync 1 DAGs
[2026-07-22T17:00:30.582+0000] {logging_mixin.py:190} INFO - [2026-07-22T17:00:30.582+0000] {dag.py:4180} INFO - Setting next_dagrun for avito_to_raw_midraw to 2026-07-22 17:00:00+00:00, run_after=2026-07-22 18:00:00+00:00
[2026-07-22T17:00:30.590+0000] {processor.py:208} INFO - Processing /opt/airflow/dags/avito_to_raw_midraw.py took 0.059 seconds
[2026-07-22T17:01:00.872+0000] {processor.py:186} INFO - Started process (PID=478) to work on /opt/airflow/dags/avito_to_raw_midraw.py
[2026-07-22T17:01:00.872+0000] {processor.py:914} INFO - Processing file /opt/airflow/dags/avito_to_raw_midraw.py for tasks to queue
[2026-07-22T17:01:00.874+0000] {logging_mixin.py:190} INFO - [2026-07-22T17:01:00.874+0000] {dagbag.py:588} INFO - Filling up the DagBag from /opt/airflow/dags/avito_to_raw_midraw.py
[2026-07-22T17:01:00.886+0000] {processor.py:925} INFO - DAG(s) 'avito_to_raw_midraw' retrieved from /opt/airflow/dags/avito_to_raw_midraw.py
[2026-07-22T17:01:00.903+0000] {logging_mixin.py:190} INFO - [2026-07-22T17:01:00.903+0000] {dag.py:3239} INFO - Sync 1 DAGs
[2026-07-22T17:01:00.916+0000] {logging_mixin.py:190} INFO - [2026-07-22T17:01:00.916+0000] {dag.py:4180} INFO - Setting next_dagrun for avito_to_raw_midraw to 2026-07-22 17:00:00+00:00, run_after=2026-07-22 18:00:00+00:00
[2026-07-22T17:01:00.926+0000] {processor.py:208} INFO - Processing /opt/airflow/dags/avito_to_raw_midraw.py took 0.057 seconds
[2026-07-22T17:01:31.174+0000] {processor.py:186} INFO - Started process (PID=480) to work on /opt/airflow/dags/avito_to_raw_midraw.py
[2026-07-22T17:01:31.175+0000] {processor.py:914} INFO - Processing file /opt/airflow/dags/avito_to_raw_midraw.py for tasks to queue
[2026-07-22T17:01:31.177+0000] {logging_mixin.py:190} INFO - [2026-07-22T17:01:31.176+0000] {dagbag.py:588} INFO - Filling up the DagBag from /opt/airflow/dags/avito_to_raw_midraw.py
[2026-07-22T17:01:31.188+0000] {processor.py:925} INFO - DAG(s) 'avito_to_raw_midraw' retrieved from /opt/airflow/dags/avito_to_raw_midraw.py
[2026-07-22T17:01:31.203+0000] {logging_mixin.py:190} INFO - [2026-07-22T17:01:31.203+0000] {dag.py:3239} INFO - Sync 1 DAGs
[2026-07-22T17:01:31.213+0000] {logging_mixin.py:190} INFO - [2026-07-22T17:01:31.213+0000] {dag.py:4180} INFO - Setting next_dagrun for avito_to_raw_midraw to 2026-07-22 17:00:00+00:00, run_after=2026-07-22 18:00:00+00:00
[2026-07-22T17:01:31.225+0000] {processor.py:208} INFO - Processing /opt/airflow/dags/avito_to_raw_midraw.py took 0.054 seconds
[2026-07-22T17:02:01.496+0000] {processor.py:186} INFO - Started process (PID=482) to work on /opt/airflow/dags/avito_to_raw_midraw.py
[2026-07-22T17:02:01.497+0000] {processor.py:914} INFO - Processing file /opt/airflow/dags/avito_to_raw_midraw.py for tasks to queue
[2026-07-22T17:02:01.499+0000] {logging_mixin.py:190} INFO - [2026-07-22T17:02:01.498+0000] {dagbag.py:588} INFO - Filling up the DagBag from /opt/airflow/dags/avito_to_raw_midraw.py
[2026-07-22T17:02:01.513+0000] {processor.py:925} INFO - DAG(s) 'avito_to_raw_midraw' retrieved from /opt/airflow/dags/avito_to_raw_midraw.py
[2026-07-22T17:02:01.528+0000] {logging_mixin.py:190} INFO - [2026-07-22T17:02:01.528+0000] {dag.py:3239} INFO - Sync 1 DAGs
[2026-07-22T17:02:01.540+0000] {logging_mixin.py:190} INFO - [2026-07-22T17:02:01.540+0000] {dag.py:4180} INFO - Setting next_dagrun for avito_to_raw_midraw to 2026-07-22 17:00:00+00:00, run_after=2026-07-22 18:00:00+00:00
[2026-07-22T17:02:01.549+0000] {processor.py:208} INFO - Processing /opt/airflow/dags/avito_to_raw_midraw.py took 0.056 seconds
[2026-07-22T17:02:31.809+0000] {processor.py:186} INFO - Started process (PID=484) to work on /opt/airflow/dags/avito_to_raw_midraw.py
[2026-07-22T17:02:31.809+0000] {processor.py:914} INFO - Processing file /opt/airflow/dags/avito_to_raw_midraw.py for tasks to queue
[2026-07-22T17:02:31.811+0000] {logging_mixin.py:190} INFO - [2026-07-22T17:02:31.811+0000] {dagbag.py:588} INFO - Filling up the DagBag from /opt/airflow/dags/avito_to_raw_midraw.py
[2026-07-22T17:02:31.825+0000] {processor.py:925} INFO - DAG(s) 'avito_to_raw_midraw' retrieved from /opt/airflow/dags/avito_to_raw_midraw.py
[2026-07-22T17:02:31.841+0000] {logging_mixin.py:190} INFO - [2026-07-22T17:02:31.841+0000] {dag.py:3239} INFO - Sync 1 DAGs
[2026-07-22T17:02:31.853+0000] {logging_mixin.py:190} INFO - [2026-07-22T17:02:31.853+0000] {dag.py:4180} INFO - Setting next_dagrun for avito_to_raw_midraw to 2026-07-22 17:00:00+00:00, run_after=2026-07-22 18:00:00+00:00
[2026-07-22T17:02:31.864+0000] {processor.py:208} INFO - Processing /opt/airflow/dags/avito_to_raw_midraw.py took 0.059 seconds
[2026-07-22T17:03:02.101+0000] {processor.py:186} INFO - Started process (PID=486) to work on /opt/airflow/dags/avito_to_raw_midraw.py
[2026-07-22T17:03:02.102+0000] {processor.py:914} INFO - Processing file /opt/airflow/dags/avito_to_raw_midraw.py for tasks to queue
[2026-07-22T17:03:02.103+0000] {logging_mixin.py:190} INFO - [2026-07-22T17:03:02.103+0000] {dagbag.py:588} INFO - Filling up the DagBag from /opt/airflow/dags/avito_to_raw_midraw.py
[2026-07-22T17:03:02.119+0000] {processor.py:925} INFO - DAG(s) 'avito_to_raw_midraw' retrieved from /opt/airflow/dags/avito_to_raw_midraw.py
[2026-07-22T17:03:02.137+0000] {logging_mixin.py:190} INFO - [2026-07-22T17:03:02.137+0000] {dag.py:3239} INFO - Sync 1 DAGs
[2026-07-22T17:03:02.151+0000] {logging_mixin.py:190} INFO - [2026-07-22T17:03:02.151+0000] {dag.py:4180} INFO - Setting next_dagrun for avito_to_raw_midraw to 2026-07-22 17:00:00+00:00, run_after=2026-07-22 18:00:00+00:00
[2026-07-22T17:03:02.162+0000] {processor.py:208} INFO - Processing /opt/airflow/dags/avito_to_raw_midraw.py took 0.064 seconds
[2026-07-22T17:03:32.459+0000] {processor.py:186} INFO - Started process (PID=488) to work on /opt/airflow/dags/avito_to_raw_midraw.py
[2026-07-22T17:03:32.459+0000] {processor.py:914} INFO - Processing file /opt/airflow/dags/avito_to_raw_midraw.py for tasks to queue
[2026-07-22T17:03:32.461+0000] {logging_mixin.py:190} INFO - [2026-07-22T17:03:32.461+0000] {dagbag.py:588} INFO - Filling up the DagBag from /opt/airflow/dags/avito_to_raw_midraw.py
[2026-07-22T17:03:32.478+0000] {processor.py:925} INFO - DAG(s) 'avito_to_raw_midraw' retrieved from /opt/airflow/dags/avito_to_raw_midraw.py
[2026-07-22T17:03:32.493+0000] {logging_mixin.py:190} INFO - [2026-07-22T17:03:32.492+0000] {dag.py:3239} INFO - Sync 1 DAGs
[2026-07-22T17:03:32.506+0000] {logging_mixin.py:190} INFO - [2026-07-22T17:03:32.506+0000] {dag.py:4180} INFO - Setting next_dagrun for avito_to_raw_midraw to 2026-07-22 17:00:00+00:00, run_after=2026-07-22 18:00:00+00:00
[2026-07-22T17:03:32.518+0000] {processor.py:208} INFO - Processing /opt/airflow/dags/avito_to_raw_midraw.py took 0.062 seconds
[2026-07-22T17:04:02.840+0000] {processor.py:186} INFO - Started process (PID=490) to work on /opt/airflow/dags/avito_to_raw_midraw.py
[2026-07-22T17:04:02.841+0000] {processor.py:914} INFO - Processing file /opt/airflow/dags/avito_to_raw_midraw.py for tasks to queue
[2026-07-22T17:04:02.843+0000] {logging_mixin.py:190} INFO - [2026-07-22T17:04:02.843+0000] {dagbag.py:588} INFO - Filling up the DagBag from /opt/airflow/dags/avito_to_raw_midraw.py
[2026-07-22T17:04:02.858+0000] {processor.py:925} INFO - DAG(s) 'avito_to_raw_midraw' retrieved from /opt/airflow/dags/avito_to_raw_midraw.py
[2026-07-22T17:04:02.875+0000] {logging_mixin.py:190} INFO - [2026-07-22T17:04:02.875+0000] {dag.py:3239} INFO - Sync 1 DAGs
[2026-07-22T17:04:02.892+0000] {logging_mixin.py:190} INFO - [2026-07-22T17:04:02.892+0000] {dag.py:4180} INFO - Setting next_dagrun for avito_to_raw_midraw to 2026-07-22 17:00:00+00:00, run_after=2026-07-22 18:00:00+00:00
[2026-07-22T17:04:02.902+0000] {processor.py:208} INFO - Processing /opt/airflow/dags/avito_to_raw_midraw.py took 0.065 seconds
[2026-07-22T17:04:33.088+0000] {processor.py:186} INFO - Started process (PID=492) to work on /opt/airflow/dags/avito_to_raw_midraw.py
[2026-07-22T17:04:33.089+0000] {processor.py:914} INFO - Processing file /opt/airflow/dags/avito_to_raw_midraw.py for tasks to queue
[2026-07-22T17:04:33.090+0000] {logging_mixin.py:190} INFO - [2026-07-22T17:04:33.090+0000] {dagbag.py:588} INFO - Filling up the DagBag from /opt/airflow/dags/avito_to_raw_midraw.py
[2026-07-22T17:04:33.105+0000] {processor.py:925} INFO - DAG(s) 'avito_to_raw_midraw' retrieved from /opt/airflow/dags/avito_to_raw_midraw.py
[2026-07-22T17:04:33.121+0000] {logging_mixin.py:190} INFO - [2026-07-22T17:04:33.121+0000] {dag.py:3239} INFO - Sync 1 DAGs
[2026-07-22T17:04:33.134+0000] {logging_mixin.py:190} INFO - [2026-07-22T17:04:33.134+0000] {dag.py:4180} INFO - Setting next_dagrun for avito_to_raw_midraw to 2026-07-22 17:00:00+00:00, run_after=2026-07-22 18:00:00+00:00
[2026-07-22T17:04:33.142+0000] {processor.py:208} INFO - Processing /opt/airflow/dags/avito_to_raw_midraw.py took 0.057 seconds
[2026-07-22T17:05:03.438+0000] {processor.py:186} INFO - Started process (PID=494) to work on /opt/airflow/dags/avito_to_raw_midraw.py
[2026-07-22T17:05:03.439+0000] {processor.py:914} INFO - Processing file /opt/airflow/dags/avito_to_raw_midraw.py for tasks to queue
[2026-07-22T17:05:03.441+0000] {logging_mixin.py:190} INFO - [2026-07-22T17:05:03.441+0000] {dagbag.py:588} INFO - Filling up the DagBag from /opt/airflow/dags/avito_to_raw_midraw.py
[2026-07-22T17:05:03.456+0000] {processor.py:925} INFO - DAG(s) 'avito_to_raw_midraw' retrieved from /opt/airflow/dags/avito_to_raw_midraw.py
[2026-07-22T17:05:03.475+0000] {logging_mixin.py:190} INFO - [2026-07-22T17:05:03.475+0000] {dag.py:3239} INFO - Sync 1 DAGs
[2026-07-22T17:05:03.490+0000] {logging_mixin.py:190} INFO - [2026-07-22T17:05:03.490+0000] {dag.py:4180} INFO - Setting next_dagrun for avito_to_raw_midraw to 2026-07-22 17:00:00+00:00, run_after=2026-07-22 18:00:00+00:00
[2026-07-22T17:05:03.515+0000] {processor.py:208} INFO - Processing /opt/airflow/dags/avito_to_raw_midraw.py took 0.081 seconds
[2026-07-22T17:05:33.813+0000] {processor.py:186} INFO - Started process (PID=496) to work on /opt/airflow/dags/avito_to_raw_midraw.py
[2026-07-22T17:05:33.814+0000] {processor.py:914} INFO - Processing file /opt/airflow/dags/avito_to_raw_midraw.py for tasks to queue
[2026-07-22T17:05:33.816+0000] {logging_mixin.py:190} INFO - [2026-07-22T17:05:33.815+0000] {dagbag.py:588} INFO - Filling up the DagBag from /opt/airflow/dags/avito_to_raw_midraw.py
[2026-07-22T17:05:33.827+0000] {processor.py:925} INFO - DAG(s) 'avito_to_raw_midraw' retrieved from /opt/airflow/dags/avito_to_raw_midraw.py
[2026-07-22T17:05:33.844+0000] {logging_mixin.py:190} INFO - [2026-07-22T17:05:33.844+0000] {dag.py:3239} INFO - Sync 1 DAGs
[2026-07-22T17:05:33.854+0000] {logging_mixin.py:190} INFO - [2026-07-22T17:05:33.854+0000] {dag.py:4180} INFO - Setting next_dagrun for avito_to_raw_midraw to 2026-07-22 17:00:00+00:00, run_after=2026-07-22 18:00:00+00:00
[2026-07-22T17:05:33.867+0000] {processor.py:208} INFO - Processing /opt/airflow/dags/avito_to_raw_midraw.py took 0.056 seconds
[2026-07-22T17:06:04.128+0000] {processor.py:186} INFO - Started process (PID=498) to work on /opt/airflow/dags/avito_to_raw_midraw.py
[2026-07-22T17:06:04.129+0000] {processor.py:914} INFO - Processing file /opt/airflow/dags/avito_to_raw_midraw.py for tasks to queue
[2026-07-22T17:06:04.131+0000] {logging_mixin.py:190} INFO - [2026-07-22T17:06:04.130+0000] {dagbag.py:588} INFO - Filling up the DagBag from /opt/airflow/dags/avito_to_raw_midraw.py
[2026-07-22T17:06:04.145+0000] {processor.py:925} INFO - DAG(s) 'avito_to_raw_midraw' retrieved from /opt/airflow/dags/avito_to_raw_midraw.py
[2026-07-22T17:06:04.162+0000] {logging_mixin.py:190} INFO - [2026-07-22T17:06:04.162+0000] {dag.py:3239} INFO - Sync 1 DAGs
[2026-07-22T17:06:04.172+0000] {logging_mixin.py:190} INFO - [2026-07-22T17:06:04.172+0000] {dag.py:4180} INFO - Setting next_dagrun for avito_to_raw_midraw to 2026-07-22 17:00:00+00:00, run_after=2026-07-22 18:00:00+00:00
[2026-07-22T17:06:04.182+0000] {processor.py:208} INFO - Processing /opt/airflow/dags/avito_to_raw_midraw.py took 0.057 seconds
[2026-07-22T17:06:34.440+0000] {processor.py:186} INFO - Started process (PID=500) to work on /opt/airflow/dags/avito_to_raw_midraw.py
[2026-07-22T17:06:34.440+0000] {processor.py:914} INFO - Processing file /opt/airflow/dags/avito_to_raw_midraw.py for tasks to queue
[2026-07-22T17:06:34.442+0000] {logging_mixin.py:190} INFO - [2026-07-22T17:06:34.441+0000] {dagbag.py:588} INFO - Filling up the DagBag from /opt/airflow/dags/avito_to_raw_midraw.py
[2026-07-22T17:06:34.452+0000] {processor.py:925} INFO - DAG(s) 'avito_to_raw_midraw' retrieved from /opt/airflow/dags/avito_to_raw_midraw.py
[2026-07-22T17:06:34.466+0000] {logging_mixin.py:190} INFO - [2026-07-22T17:06:34.466+0000] {dag.py:3239} INFO - Sync 1 DAGs
[2026-07-22T17:06:34.477+0000] {logging_mixin.py:190} INFO - [2026-07-22T17:06:34.477+0000] {dag.py:4180} INFO - Setting next_dagrun for avito_to_raw_midraw to 2026-07-22 17:00:00+00:00, run_after=2026-07-22 18:00:00+00:00
[2026-07-22T17:06:34.486+0000] {processor.py:208} INFO - Processing /opt/airflow/dags/avito_to_raw_midraw.py took 0.049 seconds
[2026-07-22T17:07:04.761+0000] {processor.py:186} INFO - Started process (PID=502) to work on /opt/airflow/dags/avito_to_raw_midraw.py
[2026-07-22T17:07:04.762+0000] {processor.py:914} INFO - Processing file /opt/airflow/dags/avito_to_raw_midraw.py for tasks to queue
[2026-07-22T17:07:04.765+0000] {logging_mixin.py:190} INFO - [2026-07-22T17:07:04.764+0000] {dagbag.py:588} INFO - Filling up the DagBag from /opt/airflow/dags/avito_to_raw_midraw.py
[2026-07-22T17:07:04.777+0000] {processor.py:925} INFO - DAG(s) 'avito_to_raw_midraw' retrieved from /opt/airflow/dags/avito_to_raw_midraw.py
[2026-07-22T17:07:04.791+0000] {logging_mixin.py:190} INFO - [2026-07-22T17:07:04.791+0000] {dag.py:3239} INFO - Sync 1 DAGs
[2026-07-22T17:07:04.800+0000] {logging_mixin.py:190} INFO - [2026-07-22T17:07:04.800+0000] {dag.py:4180} INFO - Setting next_dagrun for avito_to_raw_midraw to 2026-07-22 17:00:00+00:00, run_after=2026-07-22 18:00:00+00:00
[2026-07-22T17:07:04.809+0000] {processor.py:208} INFO - Processing /opt/airflow/dags/avito_to_raw_midraw.py took 0.050 seconds
[2026-07-22T17:07:35.042+0000] {processor.py:186} INFO - Started process (PID=504) to work on /opt/airflow/dags/avito_to_raw_midraw.py
[2026-07-22T17:07:35.043+0000] {processor.py:914} INFO - Processing file /opt/airflow/dags/avito_to_raw_midraw.py for tasks to queue
[2026-07-22T17:07:35.046+0000] {logging_mixin.py:190} INFO - [2026-07-22T17:07:35.046+0000] {dagbag.py:588} INFO - Filling up the DagBag from /opt/airflow/dags/avito_to_raw_midraw.py
[2026-07-22T17:07:35.211+0000] {processor.py:925} INFO - DAG(s) 'avito_to_raw_midraw' retrieved from /opt/airflow/dags/avito_to_raw_midraw.py
[2026-07-22T17:07:35.248+0000] {logging_mixin.py:190} INFO - [2026-07-22T17:07:35.248+0000] {dag.py:3239} INFO - Sync 1 DAGs
[2026-07-22T17:07:35.268+0000] {logging_mixin.py:190} INFO - [2026-07-22T17:07:35.268+0000] {dag.py:4180} INFO - Setting next_dagrun for avito_to_raw_midraw to 2026-07-22 17:00:00+00:00, run_after=2026-07-22 18:00:00+00:00
[2026-07-22T17:07:35.336+0000] {processor.py:208} INFO - Processing /opt/airflow/dags/avito_to_raw_midraw.py took 0.298 seconds
[2026-07-22T17:13:03.632+0000] {processor.py:186} INFO - Started process (PID=506) to work on /opt/airflow/dags/avito_to_raw_midraw.py
[2026-07-22T17:13:03.633+0000] {processor.py:914} INFO - Processing file /opt/airflow/dags/avito_to_raw_midraw.py for tasks to queue
[2026-07-22T17:13:03.635+0000] {logging_mixin.py:190} INFO - [2026-07-22T17:13:03.635+0000] {dagbag.py:588} INFO - Filling up the DagBag from /opt/airflow/dags/avito_to_raw_midraw.py
[2026-07-22T17:13:03.664+0000] {processor.py:925} INFO - DAG(s) 'avito_to_raw_midraw' retrieved from /opt/airflow/dags/avito_to_raw_midraw.py
[2026-07-22T17:13:03.687+0000] {logging_mixin.py:190} INFO - [2026-07-22T17:13:03.687+0000] {dag.py:3239} INFO - Sync 1 DAGs
[2026-07-22T17:13:03.701+0000] {logging_mixin.py:190} INFO - [2026-07-22T17:13:03.701+0000] {dag.py:4180} INFO - Setting next_dagrun for avito_to_raw_midraw to 2026-07-22 17:00:00+00:00, run_after=2026-07-22 18:00:00+00:00
[2026-07-22T17:13:03.712+0000] {processor.py:208} INFO - Processing /opt/airflow/dags/avito_to_raw_midraw.py took 0.085 seconds
[2026-07-22T17:13:33.970+0000] {processor.py:186} INFO - Started process (PID=508) to work on /opt/airflow/dags/avito_to_raw_midraw.py
[2026-07-22T17:13:33.971+0000] {processor.py:914} INFO - Processing file /opt/airflow/dags/avito_to_raw_midraw.py for tasks to queue
[2026-07-22T17:13:33.972+0000] {logging_mixin.py:190} INFO - [2026-07-22T17:13:33.972+0000] {dagbag.py:588} INFO - Filling up the DagBag from /opt/airflow/dags/avito_to_raw_midraw.py
[2026-07-22T17:13:33.987+0000] {processor.py:925} INFO - DAG(s) 'avito_to_raw_midraw' retrieved from /opt/airflow/dags/avito_to_raw_midraw.py
[2026-07-22T17:13:34.003+0000] {logging_mixin.py:190} INFO - [2026-07-22T17:13:34.003+0000] {dag.py:3239} INFO - Sync 1 DAGs
[2026-07-22T17:13:34.015+0000] {logging_mixin.py:190} INFO - [2026-07-22T17:13:34.014+0000] {dag.py:4180} INFO - Setting next_dagrun for avito_to_raw_midraw to 2026-07-22 17:00:00+00:00, run_after=2026-07-22 18:00:00+00:00
[2026-07-22T17:13:34.025+0000] {processor.py:208} INFO - Processing /opt/airflow/dags/avito_to_raw_midraw.py took 0.058 seconds
[2026-07-22T17:14:04.314+0000] {processor.py:186} INFO - Started process (PID=510) to work on /opt/airflow/dags/avito_to_raw_midraw.py
[2026-07-22T17:14:04.314+0000] {processor.py:914} INFO - Processing file /opt/airflow/dags/avito_to_raw_midraw.py for tasks to queue
[2026-07-22T17:14:04.315+0000] {logging_mixin.py:190} INFO - [2026-07-22T17:14:04.315+0000] {dagbag.py:588} INFO - Filling up the DagBag from /opt/airflow/dags/avito_to_raw_midraw.py
[2026-07-22T17:14:04.331+0000] {processor.py:925} INFO - DAG(s) 'avito_to_raw_midraw' retrieved from /opt/airflow/dags/avito_to_raw_midraw.py
[2026-07-22T17:14:04.349+0000] {logging_mixin.py:190} INFO - [2026-07-22T17:14:04.349+0000] {dag.py:3239} INFO - Sync 1 DAGs
[2026-07-22T17:14:04.362+0000] {logging_mixin.py:190} INFO - [2026-07-22T17:14:04.362+0000] {dag.py:4180} INFO - Setting next_dagrun for avito_to_raw_midraw to 2026-07-22 17:00:00+00:00, run_after=2026-07-22 18:00:00+00:00
[2026-07-22T17:14:04.371+0000] {processor.py:208} INFO - Processing /opt/airflow/dags/avito_to_raw_midraw.py took 0.061 seconds
[2026-07-22T17:14:34.672+0000] {processor.py:186} INFO - Started process (PID=512) to work on /opt/airflow/dags/avito_to_raw_midraw.py
[2026-07-22T17:14:34.673+0000] {processor.py:914} INFO - Processing file /opt/airflow/dags/avito_to_raw_midraw.py for tasks to queue
[2026-07-22T17:14:34.675+0000] {logging_mixin.py:190} INFO - [2026-07-22T17:14:34.675+0000] {dagbag.py:588} INFO - Filling up the DagBag from /opt/airflow/dags/avito_to_raw_midraw.py
[2026-07-22T17:14:34.688+0000] {processor.py:925} INFO - DAG(s) 'avito_to_raw_midraw' retrieved from /opt/airflow/dags/avito_to_raw_midraw.py
[2026-07-22T17:14:34.708+0000] {logging_mixin.py:190} INFO - [2026-07-22T17:14:34.707+0000] {dag.py:3239} INFO - Sync 1 DAGs
[2026-07-22T17:14:34.722+0000] {logging_mixin.py:190} INFO - [2026-07-22T17:14:34.722+0000] {dag.py:4180} INFO - Setting next_dagrun for avito_to_raw_midraw to 2026-07-22 17:00:00+00:00, run_after=2026-07-22 18:00:00+00:00
[2026-07-22T17:14:34.732+0000] {processor.py:208} INFO - Processing /opt/airflow/dags/avito_to_raw_midraw.py took 0.063 seconds
[2026-07-22T17:15:04.954+0000] {processor.py:186} INFO - Started process (PID=514) to work on /opt/airflow/dags/avito_to_raw_midraw.py
[2026-07-22T17:15:04.955+0000] {processor.py:914} INFO - Processing file /opt/airflow/dags/avito_to_raw_midraw.py for tasks to queue
[2026-07-22T17:15:04.957+0000] {logging_mixin.py:190} INFO - [2026-07-22T17:15:04.957+0000] {dagbag.py:588} INFO - Filling up the DagBag from /opt/airflow/dags/avito_to_raw_midraw.py
[2026-07-22T17:15:04.968+0000] {processor.py:925} INFO - DAG(s) 'avito_to_raw_midraw' retrieved from /opt/airflow/dags/avito_to_raw_midraw.py
[2026-07-22T17:15:04.987+0000] {logging_mixin.py:190} INFO - [2026-07-22T17:15:04.987+0000] {dag.py:3239} INFO - Sync 1 DAGs
[2026-07-22T17:15:04.997+0000] {logging_mixin.py:190} INFO - [2026-07-22T17:15:04.997+0000] {dag.py:4180} INFO - Setting next_dagrun for avito_to_raw_midraw to 2026-07-22 17:00:00+00:00, run_after=2026-07-22 18:00:00+00:00
[2026-07-22T17:15:05.007+0000] {processor.py:208} INFO - Processing /opt/airflow/dags/avito_to_raw_midraw.py took 0.056 seconds
[2026-07-22T17:15:35.247+0000] {processor.py:186} INFO - Started process (PID=516) to work on /opt/airflow/dags/avito_to_raw_midraw.py
[2026-07-22T17:15:35.248+0000] {processor.py:914} INFO - Processing file /opt/airflow/dags/avito_to_raw_midraw.py for tasks to queue
[2026-07-22T17:15:35.261+0000] {logging_mixin.py:190} INFO - [2026-07-22T17:15:35.260+0000] {dagbag.py:588} INFO - Filling up the DagBag from /opt/airflow/dags/avito_to_raw_midraw.py
[2026-07-22T17:15:35.281+0000] {processor.py:925} INFO - DAG(s) 'avito_to_raw_midraw' retrieved from /opt/airflow/dags/avito_to_raw_midraw.py
[2026-07-22T17:15:35.303+0000] {logging_mixin.py:190} INFO - [2026-07-22T17:15:35.303+0000] {dag.py:3239} INFO - Sync 1 DAGs
[2026-07-22T17:15:35.325+0000] {logging_mixin.py:190} INFO - [2026-07-22T17:15:35.325+0000] {dag.py:4180} INFO - Setting next_dagrun for avito_to_raw_midraw to 2026-07-22 17:00:00+00:00, run_after=2026-07-22 18:00:00+00:00
[2026-07-22T17:15:35.338+0000] {processor.py:208} INFO - Processing /opt/airflow/dags/avito_to_raw_midraw.py took 0.094 seconds
[2026-07-22T17:32:41.268+0000] {processor.py:186} INFO - Started process (PID=518) to work on /opt/airflow/dags/avito_to_raw_midraw.py
[2026-07-22T17:32:41.269+0000] {processor.py:914} INFO - Processing file /opt/airflow/dags/avito_to_raw_midraw.py for tasks to queue
[2026-07-22T17:32:41.270+0000] {logging_mixin.py:190} INFO - [2026-07-22T17:32:41.270+0000] {dagbag.py:588} INFO - Filling up the DagBag from /opt/airflow/dags/avito_to_raw_midraw.py
[2026-07-22T17:32:41.284+0000] {processor.py:925} INFO - DAG(s) 'avito_to_raw_midraw' retrieved from /opt/airflow/dags/avito_to_raw_midraw.py
[2026-07-22T17:32:41.300+0000] {logging_mixin.py:190} INFO - [2026-07-22T17:32:41.300+0000] {dag.py:3239} INFO - Sync 1 DAGs
[2026-07-22T17:32:41.311+0000] {logging_mixin.py:190} INFO - [2026-07-22T17:32:41.311+0000] {dag.py:4180} INFO - Setting next_dagrun for avito_to_raw_midraw to 2026-07-22 17:00:00+00:00, run_after=2026-07-22 18:00:00+00:00
[2026-07-22T17:32:41.322+0000] {processor.py:208} INFO - Processing /opt/airflow/dags/avito_to_raw_midraw.py took 0.057 seconds
[2026-07-22T17:50:14.396+0000] {processor.py:186} INFO - Started process (PID=520) to work on /opt/airflow/dags/avito_to_raw_midraw.py
[2026-07-22T17:50:14.397+0000] {processor.py:914} INFO - Processing file /opt/airflow/dags/avito_to_raw_midraw.py for tasks to queue
[2026-07-22T17:50:14.398+0000] {logging_mixin.py:190} INFO - [2026-07-22T17:50:14.398+0000] {dagbag.py:588} INFO - Filling up the DagBag from /opt/airflow/dags/avito_to_raw_midraw.py
[2026-07-22T17:50:14.410+0000] {processor.py:925} INFO - DAG(s) 'avito_to_raw_midraw' retrieved from /opt/airflow/dags/avito_to_raw_midraw.py
[2026-07-22T17:50:14.428+0000] {logging_mixin.py:190} INFO - [2026-07-22T17:50:14.428+0000] {dag.py:3239} INFO - Sync 1 DAGs
[2026-07-22T17:50:14.441+0000] {logging_mixin.py:190} INFO - [2026-07-22T17:50:14.441+0000] {dag.py:4180} INFO - Setting next_dagrun for avito_to_raw_midraw to 2026-07-22 17:00:00+00:00, run_after=2026-07-22 18:00:00+00:00
[2026-07-22T17:50:14.452+0000] {processor.py:208} INFO - Processing /opt/airflow/dags/avito_to_raw_midraw.py took 0.059 seconds
[2026-07-22T18:02:05.023+0000] {processor.py:186} INFO - Started process (PID=522) to work on /opt/airflow/dags/avito_to_raw_midraw.py
[2026-07-22T18:02:05.024+0000] {processor.py:914} INFO - Processing file /opt/airflow/dags/avito_to_raw_midraw.py for tasks to queue
[2026-07-22T18:02:05.026+0000] {logging_mixin.py:190} INFO - [2026-07-22T18:02:05.026+0000] {dagbag.py:588} INFO - Filling up the DagBag from /opt/airflow/dags/avito_to_raw_midraw.py
[2026-07-22T18:02:05.040+0000] {processor.py:925} INFO - DAG(s) 'avito_to_raw_midraw' retrieved from /opt/airflow/dags/avito_to_raw_midraw.py
[2026-07-22T18:02:05.060+0000] {logging_mixin.py:190} INFO - [2026-07-22T18:02:05.060+0000] {dag.py:3239} INFO - Sync 1 DAGs
[2026-07-22T18:02:05.089+0000] {processor.py:208} INFO - Processing /opt/airflow/dags/avito_to_raw_midraw.py took 0.068 seconds
[2026-07-22T18:02:35.288+0000] {processor.py:186} INFO - Started process (PID=524) to work on /opt/airflow/dags/avito_to_raw_midraw.py
[2026-07-22T18:02:35.289+0000] {processor.py:914} INFO - Processing file /opt/airflow/dags/avito_to_raw_midraw.py for tasks to queue
[2026-07-22T18:02:35.290+0000] {logging_mixin.py:190} INFO - [2026-07-22T18:02:35.290+0000] {dagbag.py:588} INFO - Filling up the DagBag from /opt/airflow/dags/avito_to_raw_midraw.py
[2026-07-22T18:02:35.304+0000] {processor.py:925} INFO - DAG(s) 'avito_to_raw_midraw' retrieved from /opt/airflow/dags/avito_to_raw_midraw.py
[2026-07-22T18:02:35.323+0000] {logging_mixin.py:190} INFO - [2026-07-22T18:02:35.323+0000] {dag.py:3239} INFO - Sync 1 DAGs
[2026-07-22T18:02:35.337+0000] {logging_mixin.py:190} INFO - [2026-07-22T18:02:35.337+0000] {dag.py:4180} INFO - Setting next_dagrun for avito_to_raw_midraw to 2026-07-22 18:00:00+00:00, run_after=2026-07-22 19:00:00+00:00
[2026-07-22T18:02:35.348+0000] {processor.py:208} INFO - Processing /opt/airflow/dags/avito_to_raw_midraw.py took 0.065 seconds
[2026-07-22T18:03:05.602+0000] {processor.py:186} INFO - Started process (PID=526) to work on /opt/airflow/dags/avito_to_raw_midraw.py
[2026-07-22T18:03:05.602+0000] {processor.py:914} INFO - Processing file /opt/airflow/dags/avito_to_raw_midraw.py for tasks to queue
[2026-07-22T18:03:05.604+0000] {logging_mixin.py:190} INFO - [2026-07-22T18:03:05.604+0000] {dagbag.py:588} INFO - Filling up the DagBag from /opt/airflow/dags/avito_to_raw_midraw.py
[2026-07-22T18:03:05.618+0000] {processor.py:925} INFO - DAG(s) 'avito_to_raw_midraw' retrieved from /opt/airflow/dags/avito_to_raw_midraw.py
[2026-07-22T18:03:05.632+0000] {logging_mixin.py:190} INFO - [2026-07-22T18:03:05.632+0000] {dag.py:3239} INFO - Sync 1 DAGs
[2026-07-22T18:03:05.642+0000] {logging_mixin.py:190} INFO - [2026-07-22T18:03:05.641+0000] {dag.py:4180} INFO - Setting next_dagrun for avito_to_raw_midraw to 2026-07-22 18:00:00+00:00, run_after=2026-07-22 19:00:00+00:00
[2026-07-22T18:03:05.651+0000] {processor.py:208} INFO - Processing /opt/airflow/dags/avito_to_raw_midraw.py took 0.053 seconds
[2026-07-22T18:03:35.953+0000] {processor.py:186} INFO - Started process (PID=528) to work on /opt/airflow/dags/avito_to_raw_midraw.py
[2026-07-22T18:03:35.954+0000] {processor.py:914} INFO - Processing file /opt/airflow/dags/avito_to_raw_midraw.py for tasks to queue
[2026-07-22T18:03:35.956+0000] {logging_mixin.py:190} INFO - [2026-07-22T18:03:35.956+0000] {dagbag.py:588} INFO - Filling up the DagBag from /opt/airflow/dags/avito_to_raw_midraw.py
[2026-07-22T18:03:35.972+0000] {processor.py:925} INFO - DAG(s) 'avito_to_raw_midraw' retrieved from /opt/airflow/dags/avito_to_raw_midraw.py
[2026-07-22T18:03:35.996+0000] {logging_mixin.py:190} INFO - [2026-07-22T18:03:35.996+0000] {dag.py:3239} INFO - Sync 1 DAGs
[2026-07-22T18:03:36.013+0000] {logging_mixin.py:190} INFO - [2026-07-22T18:03:36.012+0000] {dag.py:4180} INFO - Setting next_dagrun for avito_to_raw_midraw to 2026-07-22 18:00:00+00:00, run_after=2026-07-22 19:00:00+00:00
[2026-07-22T18:03:36.026+0000] {processor.py:208} INFO - Processing /opt/airflow/dags/avito_to_raw_midraw.py took 0.076 seconds
[2026-07-22T18:04:06.225+0000] {processor.py:186} INFO - Started process (PID=530) to work on /opt/airflow/dags/avito_to_raw_midraw.py
[2026-07-22T18:04:06.225+0000] {processor.py:914} INFO - Processing file /opt/airflow/dags/avito_to_raw_midraw.py for tasks to queue
[2026-07-22T18:04:06.228+0000] {logging_mixin.py:190} INFO - [2026-07-22T18:04:06.228+0000] {dagbag.py:588} INFO - Filling up the DagBag from /opt/airflow/dags/avito_to_raw_midraw.py
[2026-07-22T18:04:06.240+0000] {processor.py:925} INFO - DAG(s) 'avito_to_raw_midraw' retrieved from /opt/airflow/dags/avito_to_raw_midraw.py
[2026-07-22T18:04:06.255+0000] {logging_mixin.py:190} INFO - [2026-07-22T18:04:06.255+0000] {dag.py:3239} INFO - Sync 1 DAGs
[2026-07-22T18:04:06.266+0000] {logging_mixin.py:190} INFO - [2026-07-22T18:04:06.266+0000] {dag.py:4180} INFO - Setting next_dagrun for avito_to_raw_midraw to 2026-07-22 18:00:00+00:00, run_after=2026-07-22 19:00:00+00:00
[2026-07-22T18:04:06.275+0000] {processor.py:208} INFO - Processing /opt/airflow/dags/avito_to_raw_midraw.py took 0.054 seconds
[2026-07-22T18:04:36.546+0000] {processor.py:186} INFO - Started process (PID=532) to work on /opt/airflow/dags/avito_to_raw_midraw.py
[2026-07-22T18:04:36.547+0000] {processor.py:914} INFO - Processing file /opt/airflow/dags/avito_to_raw_midraw.py for tasks to queue
[2026-07-22T18:04:36.549+0000] {logging_mixin.py:190} INFO - [2026-07-22T18:04:36.548+0000] {dagbag.py:588} INFO - Filling up the DagBag from /opt/airflow/dags/avito_to_raw_midraw.py
[2026-07-22T18:04:36.563+0000] {processor.py:925} INFO - DAG(s) 'avito_to_raw_midraw' retrieved from /opt/airflow/dags/avito_to_raw_midraw.py
[2026-07-22T18:04:36.577+0000] {logging_mixin.py:190} INFO - [2026-07-22T18:04:36.577+0000] {dag.py:3239} INFO - Sync 1 DAGs
[2026-07-22T18:04:36.588+0000] {logging_mixin.py:190} INFO - [2026-07-22T18:04:36.588+0000] {dag.py:4180} INFO - Setting next_dagrun for avito_to_raw_midraw to 2026-07-22 18:00:00+00:00, run_after=2026-07-22 19:00:00+00:00
[2026-07-22T18:04:36.597+0000] {processor.py:208} INFO - Processing /opt/airflow/dags/avito_to_raw_midraw.py took 0.055 seconds
[2026-07-22T18:05:06.832+0000] {processor.py:186} INFO - Started process (PID=534) to work on /opt/airflow/dags/avito_to_raw_midraw.py
[2026-07-22T18:05:06.833+0000] {processor.py:914} INFO - Processing file /opt/airflow/dags/avito_to_raw_midraw.py for tasks to queue
[2026-07-22T18:05:06.836+0000] {logging_mixin.py:190} INFO - [2026-07-22T18:05:06.835+0000] {dagbag.py:588} INFO - Filling up the DagBag from /opt/airflow/dags/avito_to_raw_midraw.py
[2026-07-22T18:05:06.849+0000] {processor.py:925} INFO - DAG(s) 'avito_to_raw_midraw' retrieved from /opt/airflow/dags/avito_to_raw_midraw.py
[2026-07-22T18:05:06.868+0000] {logging_mixin.py:190} INFO - [2026-07-22T18:05:06.868+0000] {dag.py:3239} INFO - Sync 1 DAGs
[2026-07-22T18:05:06.882+0000] {logging_mixin.py:190} INFO - [2026-07-22T18:05:06.882+0000] {dag.py:4180} INFO - Setting next_dagrun for avito_to_raw_midraw to 2026-07-22 18:00:00+00:00, run_after=2026-07-22 19:00:00+00:00
[2026-07-22T18:05:06.892+0000] {processor.py:208} INFO - Processing /opt/airflow/dags/avito_to_raw_midraw.py took 0.063 seconds
[2026-07-22T18:05:37.147+0000] {processor.py:186} INFO - Started process (PID=536) to work on /opt/airflow/dags/avito_to_raw_midraw.py
[2026-07-22T18:05:37.148+0000] {processor.py:914} INFO - Processing file /opt/airflow/dags/avito_to_raw_midraw.py for tasks to queue
[2026-07-22T18:05:37.150+0000] {logging_mixin.py:190} INFO - [2026-07-22T18:05:37.150+0000] {dagbag.py:588} INFO - Filling up the DagBag from /opt/airflow/dags/avito_to_raw_midraw.py
[2026-07-22T18:05:37.172+0000] {processor.py:925} INFO - DAG(s) 'avito_to_raw_midraw' retrieved from /opt/airflow/dags/avito_to_raw_midraw.py
[2026-07-22T18:05:37.192+0000] {logging_mixin.py:190} INFO - [2026-07-22T18:05:37.192+0000] {dag.py:3239} INFO - Sync 1 DAGs
[2026-07-22T18:05:37.206+0000] {logging_mixin.py:190} INFO - [2026-07-22T18:05:37.206+0000] {dag.py:4180} INFO - Setting next_dagrun for avito_to_raw_midraw to 2026-07-22 18:00:00+00:00, run_after=2026-07-22 19:00:00+00:00
[2026-07-22T18:05:37.220+0000] {processor.py:208} INFO - Processing /opt/airflow/dags/avito_to_raw_midraw.py took 0.078 seconds
[2026-07-22T18:06:07.511+0000] {processor.py:186} INFO - Started process (PID=538) to work on /opt/airflow/dags/avito_to_raw_midraw.py
[2026-07-22T18:06:07.512+0000] {processor.py:914} INFO - Processing file /opt/airflow/dags/avito_to_raw_midraw.py for tasks to queue
[2026-07-22T18:06:07.513+0000] {logging_mixin.py:190} INFO - [2026-07-22T18:06:07.512+0000] {dagbag.py:588} INFO - Filling up the DagBag from /opt/airflow/dags/avito_to_raw_midraw.py
[2026-07-22T18:06:07.528+0000] {processor.py:925} INFO - DAG(s) 'avito_to_raw_midraw' retrieved from /opt/airflow/dags/avito_to_raw_midraw.py
[2026-07-22T18:06:07.551+0000] {logging_mixin.py:190} INFO - [2026-07-22T18:06:07.551+0000] {dag.py:3239} INFO - Sync 1 DAGs
[2026-07-22T18:06:07.564+0000] {logging_mixin.py:190} INFO - [2026-07-22T18:06:07.564+0000] {dag.py:4180} INFO - Setting next_dagrun for avito_to_raw_midraw to 2026-07-22 18:00:00+00:00, run_after=2026-07-22 19:00:00+00:00
[2026-07-22T18:06:07.579+0000] {processor.py:208} INFO - Processing /opt/airflow/dags/avito_to_raw_midraw.py took 0.073 seconds
[2026-07-22T18:06:37.873+0000] {processor.py:186} INFO - Started process (PID=540) to work on /opt/airflow/dags/avito_to_raw_midraw.py
[2026-07-22T18:06:37.874+0000] {processor.py:914} INFO - Processing file /opt/airflow/dags/avito_to_raw_midraw.py for tasks to queue
[2026-07-22T18:06:37.876+0000] {logging_mixin.py:190} INFO - [2026-07-22T18:06:37.875+0000] {dagbag.py:588} INFO - Filling up the DagBag from /opt/airflow/dags/avito_to_raw_midraw.py
[2026-07-22T18:06:37.891+0000] {processor.py:925} INFO - DAG(s) 'avito_to_raw_midraw' retrieved from /opt/airflow/dags/avito_to_raw_midraw.py
[2026-07-22T18:06:37.913+0000] {logging_mixin.py:190} INFO - [2026-07-22T18:06:37.913+0000] {dag.py:3239} INFO - Sync 1 DAGs
[2026-07-22T18:06:37.932+0000] {logging_mixin.py:190} INFO - [2026-07-22T18:06:37.932+0000] {dag.py:4180} INFO - Setting next_dagrun for avito_to_raw_midraw to 2026-07-22 18:00:00+00:00, run_after=2026-07-22 19:00:00+00:00
[2026-07-22T18:06:37.944+0000] {processor.py:208} INFO - Processing /opt/airflow/dags/avito_to_raw_midraw.py took 0.076 seconds
[2026-07-22T18:07:08.195+0000] {processor.py:186} INFO - Started process (PID=542) to work on /opt/airflow/dags/avito_to_raw_midraw.py
[2026-07-22T18:07:08.196+0000] {processor.py:914} INFO - Processing file /opt/airflow/dags/avito_to_raw_midraw.py for tasks to queue
[2026-07-22T18:07:08.199+0000] {logging_mixin.py:190} INFO - [2026-07-22T18:07:08.198+0000] {dagbag.py:588} INFO - Filling up the DagBag from /opt/airflow/dags/avito_to_raw_midraw.py
[2026-07-22T18:07:08.213+0000] {processor.py:925} INFO - DAG(s) 'avito_to_raw_midraw' retrieved from /opt/airflow/dags/avito_to_raw_midraw.py
[2026-07-22T18:07:08.232+0000] {logging_mixin.py:190} INFO - [2026-07-22T18:07:08.232+0000] {dag.py:3239} INFO - Sync 1 DAGs
[2026-07-22T18:07:08.251+0000] {logging_mixin.py:190} INFO - [2026-07-22T18:07:08.251+0000] {dag.py:4180} INFO - Setting next_dagrun for avito_to_raw_midraw to 2026-07-22 18:00:00+00:00, run_after=2026-07-22 19:00:00+00:00
[2026-07-22T18:07:08.266+0000] {processor.py:208} INFO - Processing /opt/airflow/dags/avito_to_raw_midraw.py took 0.075 seconds
[2026-07-22T18:07:38.527+0000] {processor.py:186} INFO - Started process (PID=544) to work on /opt/airflow/dags/avito_to_raw_midraw.py
[2026-07-22T18:07:38.528+0000] {processor.py:914} INFO - Processing file /opt/airflow/dags/avito_to_raw_midraw.py for tasks to queue
[2026-07-22T18:07:38.530+0000] {logging_mixin.py:190} INFO - [2026-07-22T18:07:38.529+0000] {dagbag.py:588} INFO - Filling up the DagBag from /opt/airflow/dags/avito_to_raw_midraw.py
[2026-07-22T18:07:38.542+0000] {processor.py:925} INFO - DAG(s) 'avito_to_raw_midraw' retrieved from /opt/airflow/dags/avito_to_raw_midraw.py
[2026-07-22T18:07:38.558+0000] {logging_mixin.py:190} INFO - [2026-07-22T18:07:38.558+0000] {dag.py:3239} INFO - Sync 1 DAGs
[2026-07-22T18:07:38.572+0000] {logging_mixin.py:190} INFO - [2026-07-22T18:07:38.572+0000] {dag.py:4180} INFO - Setting next_dagrun for avito_to_raw_midraw to 2026-07-22 18:00:00+00:00, run_after=2026-07-22 19:00:00+00:00
[2026-07-22T18:07:38.585+0000] {processor.py:208} INFO - Processing /opt/airflow/dags/avito_to_raw_midraw.py took 0.061 seconds
[2026-07-22T18:08:08.778+0000] {processor.py:186} INFO - Started process (PID=546) to work on /opt/airflow/dags/avito_to_raw_midraw.py
[2026-07-22T18:08:08.779+0000] {processor.py:914} INFO - Processing file /opt/airflow/dags/avito_to_raw_midraw.py for tasks to queue
[2026-07-22T18:08:08.781+0000] {logging_mixin.py:190} INFO - [2026-07-22T18:08:08.781+0000] {dagbag.py:588} INFO - Filling up the DagBag from /opt/airflow/dags/avito_to_raw_midraw.py
[2026-07-22T18:08:08.793+0000] {processor.py:925} INFO - DAG(s) 'avito_to_raw_midraw' retrieved from /opt/airflow/dags/avito_to_raw_midraw.py
[2026-07-22T18:08:08.808+0000] {logging_mixin.py:190} INFO - [2026-07-22T18:08:08.808+0000] {dag.py:3239} INFO - Sync 1 DAGs
[2026-07-22T18:08:08.820+0000] {logging_mixin.py:190} INFO - [2026-07-22T18:08:08.820+0000] {dag.py:4180} INFO - Setting next_dagrun for avito_to_raw_midraw to 2026-07-22 18:00:00+00:00, run_after=2026-07-22 19:00:00+00:00
[2026-07-22T18:08:08.829+0000] {processor.py:208} INFO - Processing /opt/airflow/dags/avito_to_raw_midraw.py took 0.055 seconds
[2026-07-22T18:08:39.126+0000] {processor.py:186} INFO - Started process (PID=548) to work on /opt/airflow/dags/avito_to_raw_midraw.py
[2026-07-22T18:08:39.127+0000] {processor.py:914} INFO - Processing file /opt/airflow/dags/avito_to_raw_midraw.py for tasks to queue
[2026-07-22T18:08:39.129+0000] {logging_mixin.py:190} INFO - [2026-07-22T18:08:39.129+0000] {dagbag.py:588} INFO - Filling up the DagBag from /opt/airflow/dags/avito_to_raw_midraw.py
[2026-07-22T18:08:39.144+0000] {processor.py:925} INFO - DAG(s) 'avito_to_raw_midraw' retrieved from /opt/airflow/dags/avito_to_raw_midraw.py
[2026-07-22T18:08:39.166+0000] {logging_mixin.py:190} INFO - [2026-07-22T18:08:39.166+0000] {dag.py:3239} INFO - Sync 1 DAGs
[2026-07-22T18:08:39.181+0000] {logging_mixin.py:190} INFO - [2026-07-22T18:08:39.180+0000] {dag.py:4180} INFO - Setting next_dagrun for avito_to_raw_midraw to 2026-07-22 18:00:00+00:00, run_after=2026-07-22 19:00:00+00:00
[2026-07-22T18:08:39.190+0000] {processor.py:208} INFO - Processing /opt/airflow/dags/avito_to_raw_midraw.py took 0.068 seconds
[2026-07-22T18:09:09.415+0000] {processor.py:186} INFO - Started process (PID=550) to work on /opt/airflow/dags/avito_to_raw_midraw.py
[2026-07-22T18:09:09.416+0000] {processor.py:914} INFO - Processing file /opt/airflow/dags/avito_to_raw_midraw.py for tasks to queue
[2026-07-22T18:09:09.418+0000] {logging_mixin.py:190} INFO - [2026-07-22T18:09:09.418+0000] {dagbag.py:588} INFO - Filling up the DagBag from /opt/airflow/dags/avito_to_raw_midraw.py
[2026-07-22T18:09:09.429+0000] {processor.py:925} INFO - DAG(s) 'avito_to_raw_midraw' retrieved from /opt/airflow/dags/avito_to_raw_midraw.py
[2026-07-22T18:09:09.448+0000] {logging_mixin.py:190} INFO - [2026-07-22T18:09:09.448+0000] {dag.py:3239} INFO - Sync 1 DAGs
[2026-07-22T18:09:09.463+0000] {logging_mixin.py:190} INFO - [2026-07-22T18:09:09.462+0000] {dag.py:4180} INFO - Setting next_dagrun for avito_to_raw_midraw to 2026-07-22 18:00:00+00:00, run_after=2026-07-22 19:00:00+00:00
[2026-07-22T18:09:09.476+0000] {processor.py:208} INFO - Processing /opt/airflow/dags/avito_to_raw_midraw.py took 0.063 seconds
[2026-07-22T18:09:40.077+0000] {processor.py:186} INFO - Started process (PID=552) to work on /opt/airflow/dags/avito_to_raw_midraw.py
[2026-07-22T18:09:40.086+0000] {processor.py:914} INFO - Processing file /opt/airflow/dags/avito_to_raw_midraw.py for tasks to queue
[2026-07-22T18:09:40.114+0000] {logging_mixin.py:190} INFO - [2026-07-22T18:09:40.111+0000] {dagbag.py:588} INFO - Filling up the DagBag from /opt/airflow/dags/avito_to_raw_midraw.py
[2026-07-22T18:09:40.443+0000] {processor.py:925} INFO - DAG(s) 'avito_to_raw_midraw' retrieved from /opt/airflow/dags/avito_to_raw_midraw.py
[2026-07-22T18:09:40.706+0000] {logging_mixin.py:190} INFO - [2026-07-22T18:09:40.704+0000] {dag.py:3239} INFO - Sync 1 DAGs
[2026-07-22T18:09:40.866+0000] {logging_mixin.py:190} INFO - [2026-07-22T18:09:40.866+0000] {dag.py:4180} INFO - Setting next_dagrun for avito_to_raw_midraw to 2026-07-22 18:00:00+00:00, run_after=2026-07-22 19:00:00+00:00
[2026-07-22T18:09:41.020+0000] {processor.py:208} INFO - Processing /opt/airflow/dags/avito_to_raw_midraw.py took 1.026 seconds
[2026-07-22T18:10:13.082+0000] {processor.py:186} INFO - Started process (PID=554) to work on /opt/airflow/dags/avito_to_raw_midraw.py
[2026-07-22T18:10:13.537+0000] {processor.py:914} INFO - Processing file /opt/airflow/dags/avito_to_raw_midraw.py for tasks to queue
[2026-07-22T18:10:13.675+0000] {logging_mixin.py:190} INFO - [2026-07-22T18:10:13.619+0000] {dagbag.py:588} INFO - Filling up the DagBag from /opt/airflow/dags/avito_to_raw_midraw.py
[2026-07-22T18:10:15.661+0000] {processor.py:925} INFO - DAG(s) 'avito_to_raw_midraw' retrieved from /opt/airflow/dags/avito_to_raw_midraw.py
[2026-07-22T18:10:18.661+0000] {logging_mixin.py:190} INFO - [2026-07-22T18:10:18.647+0000] {dag.py:3239} INFO - Sync 1 DAGs
[2026-07-22T18:10:19.158+0000] {logging_mixin.py:190} INFO - [2026-07-22T18:10:19.157+0000] {dag.py:4180} INFO - Setting next_dagrun for avito_to_raw_midraw to 2026-07-22 18:00:00+00:00, run_after=2026-07-22 19:00:00+00:00
[2026-07-22T18:10:21.456+0000] {processor.py:208} INFO - Processing /opt/airflow/dags/avito_to_raw_midraw.py took 8.475 seconds
[2026-07-22T18:10:52.506+0000] {processor.py:186} INFO - Started process (PID=555) to work on /opt/airflow/dags/avito_to_raw_midraw.py
[2026-07-22T18:10:52.507+0000] {processor.py:914} INFO - Processing file /opt/airflow/dags/avito_to_raw_midraw.py for tasks to queue
[2026-07-22T18:10:52.510+0000] {logging_mixin.py:190} INFO - [2026-07-22T18:10:52.509+0000] {dagbag.py:588} INFO - Filling up the DagBag from /opt/airflow/dags/avito_to_raw_midraw.py
[2026-07-22T18:10:52.523+0000] {processor.py:925} INFO - DAG(s) 'avito_to_raw_midraw' retrieved from /opt/airflow/dags/avito_to_raw_midraw.py
[2026-07-22T18:10:52.542+0000] {logging_mixin.py:190} INFO - [2026-07-22T18:10:52.542+0000] {dag.py:3239} INFO - Sync 1 DAGs
[2026-07-22T18:10:52.560+0000] {logging_mixin.py:190} INFO - [2026-07-22T18:10:52.559+0000] {dag.py:4180} INFO - Setting next_dagrun for avito_to_raw_midraw to 2026-07-22 18:00:00+00:00, run_after=2026-07-22 19:00:00+00:00
[2026-07-22T18:10:52.568+0000] {processor.py:208} INFO - Processing /opt/airflow/dags/avito_to_raw_midraw.py took 0.067 seconds
[2026-07-22T18:11:22.778+0000] {processor.py:186} INFO - Started process (PID=557) to work on /opt/airflow/dags/avito_to_raw_midraw.py
[2026-07-22T18:11:22.778+0000] {processor.py:914} INFO - Processing file /opt/airflow/dags/avito_to_raw_midraw.py for tasks to queue
[2026-07-22T18:11:22.780+0000] {logging_mixin.py:190} INFO - [2026-07-22T18:11:22.779+0000] {dagbag.py:588} INFO - Filling up the DagBag from /opt/airflow/dags/avito_to_raw_midraw.py
[2026-07-22T18:11:22.788+0000] {processor.py:925} INFO - DAG(s) 'avito_to_raw_midraw' retrieved from /opt/airflow/dags/avito_to_raw_midraw.py
[2026-07-22T18:11:22.803+0000] {logging_mixin.py:190} INFO - [2026-07-22T18:11:22.803+0000] {dag.py:3239} INFO - Sync 1 DAGs
[2026-07-22T18:11:22.813+0000] {logging_mixin.py:190} INFO - [2026-07-22T18:11:22.813+0000] {dag.py:4180} INFO - Setting next_dagrun for avito_to_raw_midraw to 2026-07-22 18:00:00+00:00, run_after=2026-07-22 19:00:00+00:00
[2026-07-22T18:11:22.821+0000] {processor.py:208} INFO - Processing /opt/airflow/dags/avito_to_raw_midraw.py took 0.046 seconds
[2026-07-22T18:11:56.444+0000] {processor.py:186} INFO - Started process (PID=559) to work on /opt/airflow/dags/avito_to_raw_midraw.py
[2026-07-22T18:11:56.454+0000] {processor.py:914} INFO - Processing file /opt/airflow/dags/avito_to_raw_midraw.py for tasks to queue
[2026-07-22T18:11:56.587+0000] {logging_mixin.py:190} INFO - [2026-07-22T18:11:56.586+0000] {dagbag.py:588} INFO - Filling up the DagBag from /opt/airflow/dags/avito_to_raw_midraw.py
[2026-07-22T18:11:59.383+0000] {processor.py:925} INFO - DAG(s) 'avito_to_raw_midraw' retrieved from /opt/airflow/dags/avito_to_raw_midraw.py
[2026-07-22T18:12:00.673+0000] {logging_mixin.py:190} INFO - [2026-07-22T18:12:00.659+0000] {dag.py:3239} INFO - Sync 1 DAGs
[2026-07-22T18:12:01.005+0000] {logging_mixin.py:190} INFO - [2026-07-22T18:12:01.004+0000] {dag.py:4180} INFO - Setting next_dagrun for avito_to_raw_midraw to 2026-07-22 18:00:00+00:00, run_after=2026-07-22 19:00:00+00:00
[2026-07-22T18:12:01.220+0000] {processor.py:208} INFO - Processing /opt/airflow/dags/avito_to_raw_midraw.py took 6.075 seconds
[2026-07-22T18:12:34.325+0000] {processor.py:186} INFO - Started process (PID=562) to work on /opt/airflow/dags/avito_to_raw_midraw.py
[2026-07-22T18:12:34.541+0000] {processor.py:914} INFO - Processing file /opt/airflow/dags/avito_to_raw_midraw.py for tasks to queue
[2026-07-22T18:12:34.746+0000] {logging_mixin.py:190} INFO - [2026-07-22T18:12:34.720+0000] {dagbag.py:588} INFO - Filling up the DagBag from /opt/airflow/dags/avito_to_raw_midraw.py
[2026-07-22T18:12:37.437+0000] {processor.py:925} INFO - DAG(s) 'avito_to_raw_midraw' retrieved from /opt/airflow/dags/avito_to_raw_midraw.py
[2026-07-22T18:12:40.789+0000] {logging_mixin.py:190} INFO - [2026-07-22T18:12:40.775+0000] {dag.py:3239} INFO - Sync 1 DAGs
[2026-07-22T18:12:44.062+0000] {logging_mixin.py:190} INFO - [2026-07-22T18:12:43.915+0000] {dag.py:4180} INFO - Setting next_dagrun for avito_to_raw_midraw to 2026-07-22 18:00:00+00:00, run_after=2026-07-22 19:00:00+00:00
[2026-07-22T18:12:46.173+0000] {processor.py:208} INFO - Processing /opt/airflow/dags/avito_to_raw_midraw.py took 12.259 seconds
[2026-07-22T18:13:20.185+0000] {processor.py:186} INFO - Started process (PID=564) to work on /opt/airflow/dags/avito_to_raw_midraw.py
[2026-07-22T18:13:20.237+0000] {processor.py:914} INFO - Processing file /opt/airflow/dags/avito_to_raw_midraw.py for tasks to queue
[2026-07-22T18:13:20.416+0000] {logging_mixin.py:190} INFO - [2026-07-22T18:13:20.409+0000] {dagbag.py:588} INFO - Filling up the DagBag from /opt/airflow/dags/avito_to_raw_midraw.py
[2026-07-22T18:13:20.842+0000] {processor.py:925} INFO - DAG(s) 'avito_to_raw_midraw' retrieved from /opt/airflow/dags/avito_to_raw_midraw.py
[2026-07-22T18:13:21.285+0000] {logging_mixin.py:190} INFO - [2026-07-22T18:13:21.284+0000] {dag.py:3239} INFO - Sync 1 DAGs
[2026-07-22T18:13:21.484+0000] {logging_mixin.py:190} INFO - [2026-07-22T18:13:21.482+0000] {dag.py:4180} INFO - Setting next_dagrun for avito_to_raw_midraw to 2026-07-22 18:00:00+00:00, run_after=2026-07-22 19:00:00+00:00
[2026-07-22T18:13:21.631+0000] {processor.py:208} INFO - Processing /opt/airflow/dags/avito_to_raw_midraw.py took 1.721 seconds
[2026-07-22T18:13:57.897+0000] {processor.py:186} INFO - Started process (PID=566) to work on /opt/airflow/dags/avito_to_raw_midraw.py
[2026-07-22T18:13:58.488+0000] {processor.py:914} INFO - Processing file /opt/airflow/dags/avito_to_raw_midraw.py for tasks to queue
[2026-07-22T18:13:58.814+0000] {logging_mixin.py:190} INFO - [2026-07-22T18:13:58.813+0000] {dagbag.py:588} INFO - Filling up the DagBag from /opt/airflow/dags/avito_to_raw_midraw.py
[2026-07-22T18:14:02.210+0000] {processor.py:925} INFO - DAG(s) 'avito_to_raw_midraw' retrieved from /opt/airflow/dags/avito_to_raw_midraw.py
[2026-07-22T18:14:17.555+0000] {logging_mixin.py:190} INFO - [2026-07-22T18:14:17.181+0000] {dag.py:3239} INFO - Sync 1 DAGs
[2026-07-22T18:14:24.970+0000] {logging_mixin.py:190} INFO - [2026-07-22T18:14:24.958+0000] {dag.py:4180} INFO - Setting next_dagrun for avito_to_raw_midraw to 2026-07-22 18:00:00+00:00, run_after=2026-07-22 19:00:00+00:00
[2026-07-22T18:14:30.243+0000] {processor.py:208} INFO - Processing /opt/airflow/dags/avito_to_raw_midraw.py took 33.561 seconds
[2026-07-22T18:15:04.963+0000] {processor.py:186} INFO - Started process (PID=568) to work on /opt/airflow/dags/avito_to_raw_midraw.py
[2026-07-22T18:15:05.341+0000] {processor.py:914} INFO - Processing file /opt/airflow/dags/avito_to_raw_midraw.py for tasks to queue
[2026-07-22T18:15:06.093+0000] {logging_mixin.py:190} INFO - [2026-07-22T18:15:06.089+0000] {dagbag.py:588} INFO - Filling up the DagBag from /opt/airflow/dags/avito_to_raw_midraw.py
[2026-07-22T18:15:11.082+0000] {processor.py:925} INFO - DAG(s) 'avito_to_raw_midraw' retrieved from /opt/airflow/dags/avito_to_raw_midraw.py
[2026-07-22T18:15:15.553+0000] {logging_mixin.py:190} INFO - [2026-07-22T18:15:15.552+0000] {dag.py:3239} INFO - Sync 1 DAGs
[2026-07-22T18:15:31.614+0000] {logging_mixin.py:190} INFO - [2026-07-22T18:15:31.589+0000] {dag.py:4180} INFO - Setting next_dagrun for avito_to_raw_midraw to 2026-07-22 18:00:00+00:00, run_after=2026-07-22 19:00:00+00:00
[2026-07-22T18:15:44.653+0000] {processor.py:208} INFO - Processing /opt/airflow/dags/avito_to_raw_midraw.py took 40.635 seconds
[2026-07-22T18:16:21.149+0000] {processor.py:186} INFO - Started process (PID=570) to work on /opt/airflow/dags/avito_to_raw_midraw.py
[2026-07-22T18:16:21.406+0000] {processor.py:914} INFO - Processing file /opt/airflow/dags/avito_to_raw_midraw.py for tasks to queue
[2026-07-22T18:16:21.486+0000] {logging_mixin.py:190} INFO - [2026-07-22T18:16:21.485+0000] {dagbag.py:588} INFO - Filling up the DagBag from /opt/airflow/dags/avito_to_raw_midraw.py
[2026-07-22T18:16:22.694+0000] {processor.py:925} INFO - DAG(s) 'avito_to_raw_midraw' retrieved from /opt/airflow/dags/avito_to_raw_midraw.py
[2026-07-22T18:16:25.055+0000] {logging_mixin.py:190} INFO - [2026-07-22T18:16:25.046+0000] {dag.py:3239} INFO - Sync 1 DAGs
[2026-07-22T18:16:28.575+0000] {logging_mixin.py:190} INFO - [2026-07-22T18:16:28.532+0000] {dag.py:4180} INFO - Setting next_dagrun for avito_to_raw_midraw to 2026-07-22 18:00:00+00:00, run_after=2026-07-22 19:00:00+00:00
[2026-07-22T18:16:31.447+0000] {processor.py:208} INFO - Processing /opt/airflow/dags/avito_to_raw_midraw.py took 11.240 seconds
[2026-07-22T18:17:05.127+0000] {processor.py:186} INFO - Started process (PID=572) to work on /opt/airflow/dags/avito_to_raw_midraw.py
[2026-07-22T18:17:05.278+0000] {processor.py:914} INFO - Processing file /opt/airflow/dags/avito_to_raw_midraw.py for tasks to queue
[2026-07-22T18:17:05.422+0000] {logging_mixin.py:190} INFO - [2026-07-22T18:17:05.419+0000] {dagbag.py:588} INFO - Filling up the DagBag from /opt/airflow/dags/avito_to_raw_midraw.py
[2026-07-22T18:17:07.458+0000] {processor.py:925} INFO - DAG(s) 'avito_to_raw_midraw' retrieved from /opt/airflow/dags/avito_to_raw_midraw.py
[2026-07-22T18:17:10.130+0000] {logging_mixin.py:190} INFO - [2026-07-22T18:17:10.129+0000] {dag.py:3239} INFO - Sync 1 DAGs
[2026-07-22T18:17:11.593+0000] {logging_mixin.py:190} INFO - [2026-07-22T18:17:11.578+0000] {dag.py:4180} INFO - Setting next_dagrun for avito_to_raw_midraw to 2026-07-22 18:00:00+00:00, run_after=2026-07-22 19:00:00+00:00
[2026-07-22T18:17:12.735+0000] {processor.py:208} INFO - Processing /opt/airflow/dags/avito_to_raw_midraw.py took 7.799 seconds
[2026-07-22T18:17:44.555+0000] {processor.py:186} INFO - Started process (PID=574) to work on /opt/airflow/dags/avito_to_raw_midraw.py
[2026-07-22T18:17:44.599+0000] {processor.py:914} INFO - Processing file /opt/airflow/dags/avito_to_raw_midraw.py for tasks to queue
[2026-07-22T18:17:44.642+0000] {logging_mixin.py:190} INFO - [2026-07-22T18:17:44.608+0000] {dagbag.py:588} INFO - Filling up the DagBag from /opt/airflow/dags/avito_to_raw_midraw.py
[2026-07-22T18:17:45.233+0000] {processor.py:925} INFO - DAG(s) 'avito_to_raw_midraw' retrieved from /opt/airflow/dags/avito_to_raw_midraw.py
[2026-07-22T18:17:47.289+0000] {logging_mixin.py:190} INFO - [2026-07-22T18:17:47.288+0000] {dag.py:3239} INFO - Sync 1 DAGs
[2026-07-22T18:17:49.166+0000] {logging_mixin.py:190} INFO - [2026-07-22T18:17:49.153+0000] {dag.py:4180} INFO - Setting next_dagrun for avito_to_raw_midraw to 2026-07-22 18:00:00+00:00, run_after=2026-07-22 19:00:00+00:00
[2026-07-22T18:17:51.222+0000] {processor.py:208} INFO - Processing /opt/airflow/dags/avito_to_raw_midraw.py took 7.021 seconds
[2026-07-22T18:18:23.464+0000] {processor.py:186} INFO - Started process (PID=576) to work on /opt/airflow/dags/avito_to_raw_midraw.py
[2026-07-22T18:18:23.703+0000] {processor.py:914} INFO - Processing file /opt/airflow/dags/avito_to_raw_midraw.py for tasks to queue
[2026-07-22T18:18:23.910+0000] {logging_mixin.py:190} INFO - [2026-07-22T18:18:23.890+0000] {dagbag.py:588} INFO - Filling up the DagBag from /opt/airflow/dags/avito_to_raw_midraw.py
[2026-07-22T18:18:25.785+0000] {processor.py:925} INFO - DAG(s) 'avito_to_raw_midraw' retrieved from /opt/airflow/dags/avito_to_raw_midraw.py
[2026-07-22T18:18:26.978+0000] {logging_mixin.py:190} INFO - [2026-07-22T18:18:26.978+0000] {dag.py:3239} INFO - Sync 1 DAGs
[2026-07-22T18:18:27.730+0000] {logging_mixin.py:190} INFO - [2026-07-22T18:18:27.691+0000] {dag.py:4180} INFO - Setting next_dagrun for avito_to_raw_midraw to 2026-07-22 18:00:00+00:00, run_after=2026-07-22 19:00:00+00:00
[2026-07-22T18:18:30.434+0000] {processor.py:208} INFO - Processing /opt/airflow/dags/avito_to_raw_midraw.py took 7.108 seconds
[2026-07-22T18:19:03.218+0000] {processor.py:186} INFO - Started process (PID=577) to work on /opt/airflow/dags/avito_to_raw_midraw.py
[2026-07-22T18:19:03.439+0000] {processor.py:914} INFO - Processing file /opt/airflow/dags/avito_to_raw_midraw.py for tasks to queue
[2026-07-22T18:19:03.558+0000] {logging_mixin.py:190} INFO - [2026-07-22T18:19:03.556+0000] {dagbag.py:588} INFO - Filling up the DagBag from /opt/airflow/dags/avito_to_raw_midraw.py
[2026-07-22T18:19:05.546+0000] {processor.py:925} INFO - DAG(s) 'avito_to_raw_midraw' retrieved from /opt/airflow/dags/avito_to_raw_midraw.py
[2026-07-22T18:19:07.060+0000] {logging_mixin.py:190} INFO - [2026-07-22T18:19:07.051+0000] {dag.py:3239} INFO - Sync 1 DAGs
[2026-07-22T18:19:08.028+0000] {logging_mixin.py:190} INFO - [2026-07-22T18:19:08.027+0000] {dag.py:4180} INFO - Setting next_dagrun for avito_to_raw_midraw to 2026-07-22 18:00:00+00:00, run_after=2026-07-22 19:00:00+00:00
[2026-07-22T18:19:09.324+0000] {processor.py:208} INFO - Processing /opt/airflow/dags/avito_to_raw_midraw.py took 6.274 seconds
[2026-07-22T18:19:44.276+0000] {processor.py:186} INFO - Started process (PID=580) to work on /opt/airflow/dags/avito_to_raw_midraw.py
[2026-07-22T18:19:44.304+0000] {processor.py:914} INFO - Processing file /opt/airflow/dags/avito_to_raw_midraw.py for tasks to queue
[2026-07-22T18:19:44.490+0000] {logging_mixin.py:190} INFO - [2026-07-22T18:19:44.489+0000] {dagbag.py:588} INFO - Filling up the DagBag from /opt/airflow/dags/avito_to_raw_midraw.py
[2026-07-22T18:19:46.187+0000] {processor.py:925} INFO - DAG(s) 'avito_to_raw_midraw' retrieved from /opt/airflow/dags/avito_to_raw_midraw.py
[2026-07-22T18:19:48.656+0000] {logging_mixin.py:190} INFO - [2026-07-22T18:19:48.655+0000] {dag.py:3239} INFO - Sync 1 DAGs
[2026-07-22T18:19:49.921+0000] {logging_mixin.py:190} INFO - [2026-07-22T18:19:49.921+0000] {dag.py:4180} INFO - Setting next_dagrun for avito_to_raw_midraw to 2026-07-22 18:00:00+00:00, run_after=2026-07-22 19:00:00+00:00
[2026-07-22T18:19:53.313+0000] {processor.py:208} INFO - Processing /opt/airflow/dags/avito_to_raw_midraw.py took 9.550 seconds
[2026-07-22T18:20:27.545+0000] {processor.py:186} INFO - Started process (PID=582) to work on /opt/airflow/dags/avito_to_raw_midraw.py
[2026-07-22T18:20:27.963+0000] {processor.py:914} INFO - Processing file /opt/airflow/dags/avito_to_raw_midraw.py for tasks to queue
[2026-07-22T18:20:28.401+0000] {logging_mixin.py:190} INFO - [2026-07-22T18:20:28.377+0000] {dagbag.py:588} INFO - Filling up the DagBag from /opt/airflow/dags/avito_to_raw_midraw.py
[2026-07-22T18:20:37.227+0000] {processor.py:925} INFO - DAG(s) 'avito_to_raw_midraw' retrieved from /opt/airflow/dags/avito_to_raw_midraw.py
[2026-07-22T18:20:40.612+0000] {logging_mixin.py:190} INFO - [2026-07-22T18:20:40.596+0000] {dag.py:3239} INFO - Sync 1 DAGs
[2026-07-22T18:20:42.751+0000] {logging_mixin.py:190} INFO - [2026-07-22T18:20:42.619+0000] {dag.py:4180} INFO - Setting next_dagrun for avito_to_raw_midraw to 2026-07-22 18:00:00+00:00, run_after=2026-07-22 19:00:00+00:00
[2026-07-22T18:20:43.768+0000] {processor.py:208} INFO - Processing /opt/airflow/dags/avito_to_raw_midraw.py took 16.810 seconds
[2026-07-22T18:21:17.611+0000] {processor.py:186} INFO - Started process (PID=584) to work on /opt/airflow/dags/avito_to_raw_midraw.py
[2026-07-22T18:21:18.050+0000] {processor.py:914} INFO - Processing file /opt/airflow/dags/avito_to_raw_midraw.py for tasks to queue
[2026-07-22T18:21:18.485+0000] {logging_mixin.py:190} INFO - [2026-07-22T18:21:18.443+0000] {dagbag.py:588} INFO - Filling up the DagBag from /opt/airflow/dags/avito_to_raw_midraw.py
[2026-07-22T18:21:22.964+0000] {processor.py:925} INFO - DAG(s) 'avito_to_raw_midraw' retrieved from /opt/airflow/dags/avito_to_raw_midraw.py
[2026-07-22T18:21:26.084+0000] {logging_mixin.py:190} INFO - [2026-07-22T18:21:26.039+0000] {dag.py:3239} INFO - Sync 1 DAGs
[2026-07-22T18:21:28.341+0000] {logging_mixin.py:190} INFO - [2026-07-22T18:21:28.261+0000] {dag.py:4180} INFO - Setting next_dagrun for avito_to_raw_midraw to 2026-07-22 18:00:00+00:00, run_after=2026-07-22 19:00:00+00:00
[2026-07-22T18:21:31.542+0000] {processor.py:208} INFO - Processing /opt/airflow/dags/avito_to_raw_midraw.py took 14.712 seconds
[2026-07-22T18:22:07.192+0000] {processor.py:186} INFO - Started process (PID=586) to work on /opt/airflow/dags/avito_to_raw_midraw.py
[2026-07-22T18:22:08.373+0000] {processor.py:914} INFO - Processing file /opt/airflow/dags/avito_to_raw_midraw.py for tasks to queue
[2026-07-22T18:22:09.058+0000] {logging_mixin.py:190} INFO - [2026-07-22T18:22:08.917+0000] {dagbag.py:588} INFO - Filling up the DagBag from /opt/airflow/dags/avito_to_raw_midraw.py
[2026-07-22T18:22:13.676+0000] {processor.py:925} INFO - DAG(s) 'avito_to_raw_midraw' retrieved from /opt/airflow/dags/avito_to_raw_midraw.py
[2026-07-22T18:22:19.829+0000] {logging_mixin.py:190} INFO - [2026-07-22T18:22:19.827+0000] {dag.py:3239} INFO - Sync 1 DAGs
[2026-07-22T18:22:21.411+0000] {logging_mixin.py:190} INFO - [2026-07-22T18:22:21.401+0000] {dag.py:4180} INFO - Setting next_dagrun for avito_to_raw_midraw to 2026-07-22 18:00:00+00:00, run_after=2026-07-22 19:00:00+00:00
[2026-07-22T18:22:23.116+0000] {processor.py:208} INFO - Processing /opt/airflow/dags/avito_to_raw_midraw.py took 16.761 seconds
[2026-07-22T18:22:55.204+0000] {processor.py:186} INFO - Started process (PID=588) to work on /opt/airflow/dags/avito_to_raw_midraw.py
[2026-07-22T18:22:55.210+0000] {processor.py:914} INFO - Processing file /opt/airflow/dags/avito_to_raw_midraw.py for tasks to queue
[2026-07-22T18:22:55.234+0000] {logging_mixin.py:190} INFO - [2026-07-22T18:22:55.228+0000] {dagbag.py:588} INFO - Filling up the DagBag from /opt/airflow/dags/avito_to_raw_midraw.py
[2026-07-22T18:22:55.472+0000] {processor.py:925} INFO - DAG(s) 'avito_to_raw_midraw' retrieved from /opt/airflow/dags/avito_to_raw_midraw.py
[2026-07-22T18:22:55.871+0000] {logging_mixin.py:190} INFO - [2026-07-22T18:22:55.870+0000] {dag.py:3239} INFO - Sync 1 DAGs
[2026-07-22T18:22:56.416+0000] {logging_mixin.py:190} INFO - [2026-07-22T18:22:56.414+0000] {dag.py:4180} INFO - Setting next_dagrun for avito_to_raw_midraw to 2026-07-22 18:00:00+00:00, run_after=2026-07-22 19:00:00+00:00
[2026-07-22T18:22:56.936+0000] {processor.py:208} INFO - Processing /opt/airflow/dags/avito_to_raw_midraw.py took 1.837 seconds
[2026-07-22T18:23:31.178+0000] {processor.py:186} INFO - Started process (PID=590) to work on /opt/airflow/dags/avito_to_raw_midraw.py
[2026-07-22T18:23:31.262+0000] {processor.py:914} INFO - Processing file /opt/airflow/dags/avito_to_raw_midraw.py for tasks to queue
[2026-07-22T18:23:31.792+0000] {logging_mixin.py:190} INFO - [2026-07-22T18:23:31.723+0000] {dagbag.py:588} INFO - Filling up the DagBag from /opt/airflow/dags/avito_to_raw_midraw.py
[2026-07-22T18:23:34.204+0000] {processor.py:925} INFO - DAG(s) 'avito_to_raw_midraw' retrieved from /opt/airflow/dags/avito_to_raw_midraw.py
[2026-07-22T18:23:35.688+0000] {logging_mixin.py:190} INFO - [2026-07-22T18:23:35.676+0000] {dag.py:3239} INFO - Sync 1 DAGs
[2026-07-22T18:23:36.620+0000] {logging_mixin.py:190} INFO - [2026-07-22T18:23:36.618+0000] {dag.py:4180} INFO - Setting next_dagrun for avito_to_raw_midraw to 2026-07-22 18:00:00+00:00, run_after=2026-07-22 19:00:00+00:00
[2026-07-22T18:23:37.061+0000] {processor.py:208} INFO - Processing /opt/airflow/dags/avito_to_raw_midraw.py took 6.879 seconds
[2026-07-22T18:24:08.030+0000] {processor.py:186} INFO - Started process (PID=592) to work on /opt/airflow/dags/avito_to_raw_midraw.py
[2026-07-22T18:24:08.043+0000] {processor.py:914} INFO - Processing file /opt/airflow/dags/avito_to_raw_midraw.py for tasks to queue
[2026-07-22T18:24:08.235+0000] {logging_mixin.py:190} INFO - [2026-07-22T18:24:08.233+0000] {dagbag.py:588} INFO - Filling up the DagBag from /opt/airflow/dags/avito_to_raw_midraw.py
[2026-07-22T18:24:08.978+0000] {processor.py:925} INFO - DAG(s) 'avito_to_raw_midraw' retrieved from /opt/airflow/dags/avito_to_raw_midraw.py
[2026-07-22T18:24:11.094+0000] {logging_mixin.py:190} INFO - [2026-07-22T18:24:11.071+0000] {dag.py:3239} INFO - Sync 1 DAGs
[2026-07-22T18:24:12.621+0000] {logging_mixin.py:190} INFO - [2026-07-22T18:24:12.620+0000] {dag.py:4180} INFO - Setting next_dagrun for avito_to_raw_midraw to 2026-07-22 18:00:00+00:00, run_after=2026-07-22 19:00:00+00:00
[2026-07-22T18:24:14.144+0000] {processor.py:208} INFO - Processing /opt/airflow/dags/avito_to_raw_midraw.py took 6.196 seconds
[2026-07-22T18:24:48.293+0000] {processor.py:186} INFO - Started process (PID=594) to work on /opt/airflow/dags/avito_to_raw_midraw.py
[2026-07-22T18:24:48.506+0000] {processor.py:914} INFO - Processing file /opt/airflow/dags/avito_to_raw_midraw.py for tasks to queue
[2026-07-22T18:24:48.936+0000] {logging_mixin.py:190} INFO - [2026-07-22T18:24:48.867+0000] {dagbag.py:588} INFO - Filling up the DagBag from /opt/airflow/dags/avito_to_raw_midraw.py
[2026-07-22T18:24:51.437+0000] {processor.py:925} INFO - DAG(s) 'avito_to_raw_midraw' retrieved from /opt/airflow/dags/avito_to_raw_midraw.py
[2026-07-22T18:24:52.746+0000] {logging_mixin.py:190} INFO - [2026-07-22T18:24:52.734+0000] {dag.py:3239} INFO - Sync 1 DAGs
[2026-07-22T18:24:53.763+0000] {logging_mixin.py:190} INFO - [2026-07-22T18:24:53.763+0000] {dag.py:4180} INFO - Setting next_dagrun for avito_to_raw_midraw to 2026-07-22 18:00:00+00:00, run_after=2026-07-22 19:00:00+00:00
[2026-07-22T18:24:54.443+0000] {processor.py:208} INFO - Processing /opt/airflow/dags/avito_to_raw_midraw.py took 6.365 seconds
[2026-07-22T18:25:28.252+0000] {processor.py:186} INFO - Started process (PID=596) to work on /opt/airflow/dags/avito_to_raw_midraw.py
[2026-07-22T18:25:28.554+0000] {processor.py:914} INFO - Processing file /opt/airflow/dags/avito_to_raw_midraw.py for tasks to queue
[2026-07-22T18:25:28.998+0000] {logging_mixin.py:190} INFO - [2026-07-22T18:25:28.997+0000] {dagbag.py:588} INFO - Filling up the DagBag from /opt/airflow/dags/avito_to_raw_midraw.py
[2026-07-22T18:25:33.860+0000] {processor.py:925} INFO - DAG(s) 'avito_to_raw_midraw' retrieved from /opt/airflow/dags/avito_to_raw_midraw.py
[2026-07-22T18:25:36.455+0000] {logging_mixin.py:190} INFO - [2026-07-22T18:25:36.443+0000] {dag.py:3239} INFO - Sync 1 DAGs
[2026-07-22T18:25:37.347+0000] {logging_mixin.py:190} INFO - [2026-07-22T18:25:37.346+0000] {dag.py:4180} INFO - Setting next_dagrun for avito_to_raw_midraw to 2026-07-22 18:00:00+00:00, run_after=2026-07-22 19:00:00+00:00
[2026-07-22T18:26:48.806+0000] {processor.py:186} INFO - Started process (PID=598) to work on /opt/airflow/dags/avito_to_raw_midraw.py
[2026-07-22T18:26:49.184+0000] {processor.py:914} INFO - Processing file /opt/airflow/dags/avito_to_raw_midraw.py for tasks to queue
[2026-07-22T18:26:49.367+0000] {logging_mixin.py:190} INFO - [2026-07-22T18:26:49.290+0000] {dagbag.py:588} INFO - Filling up the DagBag from /opt/airflow/dags/avito_to_raw_midraw.py
[2026-07-22T18:26:51.578+0000] {processor.py:925} INFO - DAG(s) 'avito_to_raw_midraw' retrieved from /opt/airflow/dags/avito_to_raw_midraw.py
[2026-07-22T18:26:58.892+0000] {logging_mixin.py:190} INFO - [2026-07-22T18:26:58.891+0000] {dag.py:3239} INFO - Sync 1 DAGs
[2026-07-22T18:27:00.420+0000] {logging_mixin.py:190} INFO - [2026-07-22T18:27:00.329+0000] {dag.py:4180} INFO - Setting next_dagrun for avito_to_raw_midraw to 2026-07-22 18:00:00+00:00, run_after=2026-07-22 19:00:00+00:00
[2026-07-22T18:27:03.037+0000] {processor.py:208} INFO - Processing /opt/airflow/dags/avito_to_raw_midraw.py took 15.294 seconds
[2026-07-22T18:27:36.141+0000] {processor.py:186} INFO - Started process (PID=600) to work on /opt/airflow/dags/avito_to_raw_midraw.py
[2026-07-22T18:27:36.173+0000] {processor.py:914} INFO - Processing file /opt/airflow/dags/avito_to_raw_midraw.py for tasks to queue
[2026-07-22T18:27:36.202+0000] {logging_mixin.py:190} INFO - [2026-07-22T18:27:36.192+0000] {dagbag.py:588} INFO - Filling up the DagBag from /opt/airflow/dags/avito_to_raw_midraw.py
[2026-07-22T18:27:37.753+0000] {processor.py:925} INFO - DAG(s) 'avito_to_raw_midraw' retrieved from /opt/airflow/dags/avito_to_raw_midraw.py
[2026-07-22T18:27:40.790+0000] {logging_mixin.py:190} INFO - [2026-07-22T18:27:40.779+0000] {dag.py:3239} INFO - Sync 1 DAGs
[2026-07-22T18:27:41.750+0000] {logging_mixin.py:190} INFO - [2026-07-22T18:27:41.749+0000] {dag.py:4180} INFO - Setting next_dagrun for avito_to_raw_midraw to 2026-07-22 18:00:00+00:00, run_after=2026-07-22 19:00:00+00:00
[2026-07-22T18:27:43.434+0000] {processor.py:208} INFO - Processing /opt/airflow/dags/avito_to_raw_midraw.py took 7.427 seconds
[2026-07-22T18:28:14.173+0000] {processor.py:186} INFO - Started process (PID=602) to work on /opt/airflow/dags/avito_to_raw_midraw.py
[2026-07-22T18:28:14.182+0000] {processor.py:914} INFO - Processing file /opt/airflow/dags/avito_to_raw_midraw.py for tasks to queue
[2026-07-22T18:28:14.218+0000] {logging_mixin.py:190} INFO - [2026-07-22T18:28:14.217+0000] {dagbag.py:588} INFO - Filling up the DagBag from /opt/airflow/dags/avito_to_raw_midraw.py
[2026-07-22T18:28:14.606+0000] {processor.py:925} INFO - DAG(s) 'avito_to_raw_midraw' retrieved from /opt/airflow/dags/avito_to_raw_midraw.py
[2026-07-22T18:28:15.246+0000] {logging_mixin.py:190} INFO - [2026-07-22T18:28:15.242+0000] {dag.py:3239} INFO - Sync 1 DAGs
[2026-07-22T18:28:15.665+0000] {logging_mixin.py:190} INFO - [2026-07-22T18:28:15.665+0000] {dag.py:4180} INFO - Setting next_dagrun for avito_to_raw_midraw to 2026-07-22 18:00:00+00:00, run_after=2026-07-22 19:00:00+00:00
[2026-07-22T18:28:16.072+0000] {processor.py:208} INFO - Processing /opt/airflow/dags/avito_to_raw_midraw.py took 1.949 seconds
[2026-07-22T18:28:47.955+0000] {processor.py:186} INFO - Started process (PID=604) to work on /opt/airflow/dags/avito_to_raw_midraw.py
[2026-07-22T18:28:48.023+0000] {processor.py:914} INFO - Processing file /opt/airflow/dags/avito_to_raw_midraw.py for tasks to queue
[2026-07-22T18:28:48.070+0000] {logging_mixin.py:190} INFO - [2026-07-22T18:28:48.047+0000] {dagbag.py:588} INFO - Filling up the DagBag from /opt/airflow/dags/avito_to_raw_midraw.py
[2026-07-22T18:28:49.852+0000] {processor.py:925} INFO - DAG(s) 'avito_to_raw_midraw' retrieved from /opt/airflow/dags/avito_to_raw_midraw.py
[2026-07-22T18:28:51.027+0000] {logging_mixin.py:190} INFO - [2026-07-22T18:28:51.027+0000] {dag.py:3239} INFO - Sync 1 DAGs
[2026-07-22T18:28:51.882+0000] {logging_mixin.py:190} INFO - [2026-07-22T18:28:51.882+0000] {dag.py:4180} INFO - Setting next_dagrun for avito_to_raw_midraw to 2026-07-22 18:00:00+00:00, run_after=2026-07-22 19:00:00+00:00
[2026-07-22T18:28:53.221+0000] {processor.py:208} INFO - Processing /opt/airflow/dags/avito_to_raw_midraw.py took 5.428 seconds
[2026-07-22T18:29:24.270+0000] {processor.py:186} INFO - Started process (PID=606) to work on /opt/airflow/dags/avito_to_raw_midraw.py
[2026-07-22T18:29:24.271+0000] {processor.py:914} INFO - Processing file /opt/airflow/dags/avito_to_raw_midraw.py for tasks to queue
[2026-07-22T18:29:24.272+0000] {logging_mixin.py:190} INFO - [2026-07-22T18:29:24.272+0000] {dagbag.py:588} INFO - Filling up the DagBag from /opt/airflow/dags/avito_to_raw_midraw.py
[2026-07-22T18:29:24.289+0000] {processor.py:925} INFO - DAG(s) 'avito_to_raw_midraw' retrieved from /opt/airflow/dags/avito_to_raw_midraw.py
[2026-07-22T18:29:24.309+0000] {logging_mixin.py:190} INFO - [2026-07-22T18:29:24.309+0000] {dag.py:3239} INFO - Sync 1 DAGs
[2026-07-22T18:29:24.326+0000] {logging_mixin.py:190} INFO - [2026-07-22T18:29:24.326+0000] {dag.py:4180} INFO - Setting next_dagrun for avito_to_raw_midraw to 2026-07-22 18:00:00+00:00, run_after=2026-07-22 19:00:00+00:00
[2026-07-22T18:29:24.337+0000] {processor.py:208} INFO - Processing /opt/airflow/dags/avito_to_raw_midraw.py took 0.072 seconds
[2026-07-22T18:29:54.500+0000] {processor.py:186} INFO - Started process (PID=608) to work on /opt/airflow/dags/avito_to_raw_midraw.py
[2026-07-22T18:29:54.501+0000] {processor.py:914} INFO - Processing file /opt/airflow/dags/avito_to_raw_midraw.py for tasks to queue
[2026-07-22T18:29:54.502+0000] {logging_mixin.py:190} INFO - [2026-07-22T18:29:54.502+0000] {dagbag.py:588} INFO - Filling up the DagBag from /opt/airflow/dags/avito_to_raw_midraw.py
[2026-07-22T18:29:54.517+0000] {processor.py:925} INFO - DAG(s) 'avito_to_raw_midraw' retrieved from /opt/airflow/dags/avito_to_raw_midraw.py
[2026-07-22T18:29:54.532+0000] {logging_mixin.py:190} INFO - [2026-07-22T18:29:54.531+0000] {dag.py:3239} INFO - Sync 1 DAGs
[2026-07-22T18:29:54.543+0000] {logging_mixin.py:190} INFO - [2026-07-22T18:29:54.543+0000] {dag.py:4180} INFO - Setting next_dagrun for avito_to_raw_midraw to 2026-07-22 18:00:00+00:00, run_after=2026-07-22 19:00:00+00:00
[2026-07-22T18:29:54.554+0000] {processor.py:208} INFO - Processing /opt/airflow/dags/avito_to_raw_midraw.py took 0.057 seconds
[2026-07-22T18:30:24.797+0000] {processor.py:186} INFO - Started process (PID=610) to work on /opt/airflow/dags/avito_to_raw_midraw.py
[2026-07-22T18:30:24.797+0000] {processor.py:914} INFO - Processing file /opt/airflow/dags/avito_to_raw_midraw.py for tasks to queue
[2026-07-22T18:30:24.798+0000] {logging_mixin.py:190} INFO - [2026-07-22T18:30:24.798+0000] {dagbag.py:588} INFO - Filling up the DagBag from /opt/airflow/dags/avito_to_raw_midraw.py
[2026-07-22T18:30:24.815+0000] {processor.py:925} INFO - DAG(s) 'avito_to_raw_midraw' retrieved from /opt/airflow/dags/avito_to_raw_midraw.py
[2026-07-22T18:30:24.840+0000] {logging_mixin.py:190} INFO - [2026-07-22T18:30:24.839+0000] {dag.py:3239} INFO - Sync 1 DAGs
[2026-07-22T18:30:24.856+0000] {logging_mixin.py:190} INFO - [2026-07-22T18:30:24.856+0000] {dag.py:4180} INFO - Setting next_dagrun for avito_to_raw_midraw to 2026-07-22 18:00:00+00:00, run_after=2026-07-22 19:00:00+00:00
[2026-07-22T18:30:24.869+0000] {processor.py:208} INFO - Processing /opt/airflow/dags/avito_to_raw_midraw.py took 0.076 seconds
[2026-07-22T18:30:55.090+0000] {processor.py:186} INFO - Started process (PID=612) to work on /opt/airflow/dags/avito_to_raw_midraw.py
[2026-07-22T18:30:55.090+0000] {processor.py:914} INFO - Processing file /opt/airflow/dags/avito_to_raw_midraw.py for tasks to queue
[2026-07-22T18:30:55.092+0000] {logging_mixin.py:190} INFO - [2026-07-22T18:30:55.091+0000] {dagbag.py:588} INFO - Filling up the DagBag from /opt/airflow/dags/avito_to_raw_midraw.py
[2026-07-22T18:30:55.112+0000] {processor.py:925} INFO - DAG(s) 'avito_to_raw_midraw' retrieved from /opt/airflow/dags/avito_to_raw_midraw.py
[2026-07-22T18:30:55.135+0000] {logging_mixin.py:190} INFO - [2026-07-22T18:30:55.134+0000] {dag.py:3239} INFO - Sync 1 DAGs
[2026-07-22T18:30:55.150+0000] {logging_mixin.py:190} INFO - [2026-07-22T18:30:55.150+0000] {dag.py:4180} INFO - Setting next_dagrun for avito_to_raw_midraw to 2026-07-22 18:00:00+00:00, run_after=2026-07-22 19:00:00+00:00
[2026-07-22T18:30:55.162+0000] {processor.py:208} INFO - Processing /opt/airflow/dags/avito_to_raw_midraw.py took 0.076 seconds
[2026-07-22T18:31:25.346+0000] {processor.py:186} INFO - Started process (PID=614) to work on /opt/airflow/dags/avito_to_raw_midraw.py
[2026-07-22T18:31:25.346+0000] {processor.py:914} INFO - Processing file /opt/airflow/dags/avito_to_raw_midraw.py for tasks to queue
[2026-07-22T18:31:25.347+0000] {logging_mixin.py:190} INFO - [2026-07-22T18:31:25.347+0000] {dagbag.py:588} INFO - Filling up the DagBag from /opt/airflow/dags/avito_to_raw_midraw.py
[2026-07-22T18:31:25.357+0000] {processor.py:925} INFO - DAG(s) 'avito_to_raw_midraw' retrieved from /opt/airflow/dags/avito_to_raw_midraw.py
[2026-07-22T18:31:25.372+0000] {logging_mixin.py:190} INFO - [2026-07-22T18:31:25.372+0000] {dag.py:3239} INFO - Sync 1 DAGs
[2026-07-22T18:31:25.383+0000] {logging_mixin.py:190} INFO - [2026-07-22T18:31:25.383+0000] {dag.py:4180} INFO - Setting next_dagrun for avito_to_raw_midraw to 2026-07-22 18:00:00+00:00, run_after=2026-07-22 19:00:00+00:00
[2026-07-22T18:31:25.392+0000] {processor.py:208} INFO - Processing /opt/airflow/dags/avito_to_raw_midraw.py took 0.049 seconds
[2026-07-22T18:31:55.645+0000] {processor.py:186} INFO - Started process (PID=616) to work on /opt/airflow/dags/avito_to_raw_midraw.py
[2026-07-22T18:31:55.646+0000] {processor.py:914} INFO - Processing file /opt/airflow/dags/avito_to_raw_midraw.py for tasks to queue
[2026-07-22T18:31:55.647+0000] {logging_mixin.py:190} INFO - [2026-07-22T18:31:55.646+0000] {dagbag.py:588} INFO - Filling up the DagBag from /opt/airflow/dags/avito_to_raw_midraw.py
[2026-07-22T18:31:55.659+0000] {processor.py:925} INFO - DAG(s) 'avito_to_raw_midraw' retrieved from /opt/airflow/dags/avito_to_raw_midraw.py
[2026-07-22T18:31:55.673+0000] {logging_mixin.py:190} INFO - [2026-07-22T18:31:55.673+0000] {dag.py:3239} INFO - Sync 1 DAGs
[2026-07-22T18:31:55.685+0000] {logging_mixin.py:190} INFO - [2026-07-22T18:31:55.685+0000] {dag.py:4180} INFO - Setting next_dagrun for avito_to_raw_midraw to 2026-07-22 18:00:00+00:00, run_after=2026-07-22 19:00:00+00:00
[2026-07-22T18:31:55.696+0000] {processor.py:208} INFO - Processing /opt/airflow/dags/avito_to_raw_midraw.py took 0.053 seconds
[2026-07-22T18:32:25.922+0000] {processor.py:186} INFO - Started process (PID=618) to work on /opt/airflow/dags/avito_to_raw_midraw.py
[2026-07-22T18:32:25.923+0000] {processor.py:914} INFO - Processing file /opt/airflow/dags/avito_to_raw_midraw.py for tasks to queue
[2026-07-22T18:32:25.924+0000] {logging_mixin.py:190} INFO - [2026-07-22T18:32:25.924+0000] {dagbag.py:588} INFO - Filling up the DagBag from /opt/airflow/dags/avito_to_raw_midraw.py
[2026-07-22T18:32:25.947+0000] {processor.py:925} INFO - DAG(s) 'avito_to_raw_midraw' retrieved from /opt/airflow/dags/avito_to_raw_midraw.py
[2026-07-22T18:32:25.971+0000] {logging_mixin.py:190} INFO - [2026-07-22T18:32:25.971+0000] {dag.py:3239} INFO - Sync 1 DAGs
[2026-07-22T18:32:25.986+0000] {logging_mixin.py:190} INFO - [2026-07-22T18:32:25.986+0000] {dag.py:4180} INFO - Setting next_dagrun for avito_to_raw_midraw to 2026-07-22 18:00:00+00:00, run_after=2026-07-22 19:00:00+00:00
[2026-07-22T18:32:25.996+0000] {processor.py:208} INFO - Processing /opt/airflow/dags/avito_to_raw_midraw.py took 0.081 seconds
[2026-07-22T18:32:56.311+0000] {processor.py:186} INFO - Started process (PID=620) to work on /opt/airflow/dags/avito_to_raw_midraw.py
[2026-07-22T18:32:56.311+0000] {processor.py:914} INFO - Processing file /opt/airflow/dags/avito_to_raw_midraw.py for tasks to queue
[2026-07-22T18:32:56.312+0000] {logging_mixin.py:190} INFO - [2026-07-22T18:32:56.312+0000] {dagbag.py:588} INFO - Filling up the DagBag from /opt/airflow/dags/avito_to_raw_midraw.py
[2026-07-22T18:32:56.332+0000] {processor.py:925} INFO - DAG(s) 'avito_to_raw_midraw' retrieved from /opt/airflow/dags/avito_to_raw_midraw.py
[2026-07-22T18:32:56.355+0000] {logging_mixin.py:190} INFO - [2026-07-22T18:32:56.354+0000] {dag.py:3239} INFO - Sync 1 DAGs
[2026-07-22T18:32:56.372+0000] {logging_mixin.py:190} INFO - [2026-07-22T18:32:56.372+0000] {dag.py:4180} INFO - Setting next_dagrun for avito_to_raw_midraw to 2026-07-22 18:00:00+00:00, run_after=2026-07-22 19:00:00+00:00
[2026-07-22T18:32:56.386+0000] {processor.py:208} INFO - Processing /opt/airflow/dags/avito_to_raw_midraw.py took 0.079 seconds
[2026-07-22T18:33:26.688+0000] {processor.py:186} INFO - Started process (PID=622) to work on /opt/airflow/dags/avito_to_raw_midraw.py
[2026-07-22T18:33:26.688+0000] {processor.py:914} INFO - Processing file /opt/airflow/dags/avito_to_raw_midraw.py for tasks to queue
[2026-07-22T18:33:26.689+0000] {logging_mixin.py:190} INFO - [2026-07-22T18:33:26.689+0000] {dagbag.py:588} INFO - Filling up the DagBag from /opt/airflow/dags/avito_to_raw_midraw.py
[2026-07-22T18:33:26.704+0000] {processor.py:925} INFO - DAG(s) 'avito_to_raw_midraw' retrieved from /opt/airflow/dags/avito_to_raw_midraw.py
[2026-07-22T18:33:26.720+0000] {logging_mixin.py:190} INFO - [2026-07-22T18:33:26.720+0000] {dag.py:3239} INFO - Sync 1 DAGs
[2026-07-22T18:33:26.739+0000] {logging_mixin.py:190} INFO - [2026-07-22T18:33:26.738+0000] {dag.py:4180} INFO - Setting next_dagrun for avito_to_raw_midraw to 2026-07-22 18:00:00+00:00, run_after=2026-07-22 19:00:00+00:00
[2026-07-22T18:33:26.752+0000] {processor.py:208} INFO - Processing /opt/airflow/dags/avito_to_raw_midraw.py took 0.069 seconds
[2026-07-22T18:33:56.947+0000] {processor.py:186} INFO - Started process (PID=624) to work on /opt/airflow/dags/avito_to_raw_midraw.py
[2026-07-22T18:33:56.948+0000] {processor.py:914} INFO - Processing file /opt/airflow/dags/avito_to_raw_midraw.py for tasks to queue
[2026-07-22T18:33:56.949+0000] {logging_mixin.py:190} INFO - [2026-07-22T18:33:56.948+0000] {dagbag.py:588} INFO - Filling up the DagBag from /opt/airflow/dags/avito_to_raw_midraw.py
[2026-07-22T18:33:56.966+0000] {processor.py:925} INFO - DAG(s) 'avito_to_raw_midraw' retrieved from /opt/airflow/dags/avito_to_raw_midraw.py
[2026-07-22T18:33:56.988+0000] {logging_mixin.py:190} INFO - [2026-07-22T18:33:56.988+0000] {dag.py:3239} INFO - Sync 1 DAGs
[2026-07-22T18:33:57.005+0000] {logging_mixin.py:190} INFO - [2026-07-22T18:33:57.005+0000] {dag.py:4180} INFO - Setting next_dagrun for avito_to_raw_midraw to 2026-07-22 18:00:00+00:00, run_after=2026-07-22 19:00:00+00:00
[2026-07-22T18:33:57.014+0000] {processor.py:208} INFO - Processing /opt/airflow/dags/avito_to_raw_midraw.py took 0.071 seconds
[2026-07-22T18:34:27.248+0000] {processor.py:186} INFO - Started process (PID=626) to work on /opt/airflow/dags/avito_to_raw_midraw.py
[2026-07-22T18:34:27.249+0000] {processor.py:914} INFO - Processing file /opt/airflow/dags/avito_to_raw_midraw.py for tasks to queue
[2026-07-22T18:34:27.250+0000] {logging_mixin.py:190} INFO - [2026-07-22T18:34:27.250+0000] {dagbag.py:588} INFO - Filling up the DagBag from /opt/airflow/dags/avito_to_raw_midraw.py
[2026-07-22T18:34:27.263+0000] {processor.py:925} INFO - DAG(s) 'avito_to_raw_midraw' retrieved from /opt/airflow/dags/avito_to_raw_midraw.py
[2026-07-22T18:34:27.281+0000] {logging_mixin.py:190} INFO - [2026-07-22T18:34:27.281+0000] {dag.py:3239} INFO - Sync 1 DAGs
[2026-07-22T18:34:27.297+0000] {logging_mixin.py:190} INFO - [2026-07-22T18:34:27.297+0000] {dag.py:4180} INFO - Setting next_dagrun for avito_to_raw_midraw to 2026-07-22 18:00:00+00:00, run_after=2026-07-22 19:00:00+00:00
[2026-07-22T18:34:27.310+0000] {processor.py:208} INFO - Processing /opt/airflow/dags/avito_to_raw_midraw.py took 0.065 seconds
[2026-07-22T18:34:57.599+0000] {processor.py:186} INFO - Started process (PID=628) to work on /opt/airflow/dags/avito_to_raw_midraw.py
[2026-07-22T18:34:57.600+0000] {processor.py:914} INFO - Processing file /opt/airflow/dags/avito_to_raw_midraw.py for tasks to queue
[2026-07-22T18:34:57.601+0000] {logging_mixin.py:190} INFO - [2026-07-22T18:34:57.601+0000] {dagbag.py:588} INFO - Filling up the DagBag from /opt/airflow/dags/avito_to_raw_midraw.py
[2026-07-22T18:34:57.620+0000] {processor.py:925} INFO - DAG(s) 'avito_to_raw_midraw' retrieved from /opt/airflow/dags/avito_to_raw_midraw.py
[2026-07-22T18:34:57.637+0000] {logging_mixin.py:190} INFO - [2026-07-22T18:34:57.637+0000] {dag.py:3239} INFO - Sync 1 DAGs
[2026-07-22T18:34:57.648+0000] {logging_mixin.py:190} INFO - [2026-07-22T18:34:57.648+0000] {dag.py:4180} INFO - Setting next_dagrun for avito_to_raw_midraw to 2026-07-22 18:00:00+00:00, run_after=2026-07-22 19:00:00+00:00
[2026-07-22T18:34:57.660+0000] {processor.py:208} INFO - Processing /opt/airflow/dags/avito_to_raw_midraw.py took 0.064 seconds
[2026-07-22T18:35:27.899+0000] {processor.py:186} INFO - Started process (PID=630) to work on /opt/airflow/dags/avito_to_raw_midraw.py
[2026-07-22T18:35:27.899+0000] {processor.py:914} INFO - Processing file /opt/airflow/dags/avito_to_raw_midraw.py for tasks to queue
[2026-07-22T18:35:27.901+0000] {logging_mixin.py:190} INFO - [2026-07-22T18:35:27.900+0000] {dagbag.py:588} INFO - Filling up the DagBag from /opt/airflow/dags/avito_to_raw_midraw.py
[2026-07-22T18:35:27.916+0000] {processor.py:925} INFO - DAG(s) 'avito_to_raw_midraw' retrieved from /opt/airflow/dags/avito_to_raw_midraw.py
[2026-07-22T18:35:27.931+0000] {logging_mixin.py:190} INFO - [2026-07-22T18:35:27.931+0000] {dag.py:3239} INFO - Sync 1 DAGs
[2026-07-22T18:35:27.942+0000] {logging_mixin.py:190} INFO - [2026-07-22T18:35:27.942+0000] {dag.py:4180} INFO - Setting next_dagrun for avito_to_raw_midraw to 2026-07-22 18:00:00+00:00, run_after=2026-07-22 19:00:00+00:00
[2026-07-22T18:35:27.951+0000] {processor.py:208} INFO - Processing /opt/airflow/dags/avito_to_raw_midraw.py took 0.055 seconds
[2026-07-22T18:35:58.169+0000] {processor.py:186} INFO - Started process (PID=632) to work on /opt/airflow/dags/avito_to_raw_midraw.py
[2026-07-22T18:35:58.170+0000] {processor.py:914} INFO - Processing file /opt/airflow/dags/avito_to_raw_midraw.py for tasks to queue
[2026-07-22T18:35:58.170+0000] {logging_mixin.py:190} INFO - [2026-07-22T18:35:58.170+0000] {dagbag.py:588} INFO - Filling up the DagBag from /opt/airflow/dags/avito_to_raw_midraw.py
[2026-07-22T18:35:58.191+0000] {processor.py:925} INFO - DAG(s) 'avito_to_raw_midraw' retrieved from /opt/airflow/dags/avito_to_raw_midraw.py
[2026-07-22T18:35:58.214+0000] {logging_mixin.py:190} INFO - [2026-07-22T18:35:58.214+0000] {dag.py:3239} INFO - Sync 1 DAGs
[2026-07-22T18:35:58.231+0000] {logging_mixin.py:190} INFO - [2026-07-22T18:35:58.230+0000] {dag.py:4180} INFO - Setting next_dagrun for avito_to_raw_midraw to 2026-07-22 18:00:00+00:00, run_after=2026-07-22 19:00:00+00:00
[2026-07-22T18:35:58.244+0000] {processor.py:208} INFO - Processing /opt/airflow/dags/avito_to_raw_midraw.py took 0.081 seconds
[2026-07-22T18:36:28.390+0000] {processor.py:186} INFO - Started process (PID=634) to work on /opt/airflow/dags/avito_to_raw_midraw.py
[2026-07-22T18:36:28.391+0000] {processor.py:914} INFO - Processing file /opt/airflow/dags/avito_to_raw_midraw.py for tasks to queue
[2026-07-22T18:36:28.392+0000] {logging_mixin.py:190} INFO - [2026-07-22T18:36:28.391+0000] {dagbag.py:588} INFO - Filling up the DagBag from /opt/airflow/dags/avito_to_raw_midraw.py
[2026-07-22T18:36:28.402+0000] {processor.py:925} INFO - DAG(s) 'avito_to_raw_midraw' retrieved from /opt/airflow/dags/avito_to_raw_midraw.py
[2026-07-22T18:36:28.418+0000] {logging_mixin.py:190} INFO - [2026-07-22T18:36:28.418+0000] {dag.py:3239} INFO - Sync 1 DAGs
[2026-07-22T18:36:28.432+0000] {logging_mixin.py:190} INFO - [2026-07-22T18:36:28.432+0000] {dag.py:4180} INFO - Setting next_dagrun for avito_to_raw_midraw to 2026-07-22 18:00:00+00:00, run_after=2026-07-22 19:00:00+00:00
[2026-07-22T18:36:28.442+0000] {processor.py:208} INFO - Processing /opt/airflow/dags/avito_to_raw_midraw.py took 0.055 seconds
[2026-07-22T18:36:58.633+0000] {processor.py:186} INFO - Started process (PID=636) to work on /opt/airflow/dags/avito_to_raw_midraw.py
[2026-07-22T18:36:58.634+0000] {processor.py:914} INFO - Processing file /opt/airflow/dags/avito_to_raw_midraw.py for tasks to queue
[2026-07-22T18:36:58.635+0000] {logging_mixin.py:190} INFO - [2026-07-22T18:36:58.635+0000] {dagbag.py:588} INFO - Filling up the DagBag from /opt/airflow/dags/avito_to_raw_midraw.py
[2026-07-22T18:36:58.654+0000] {processor.py:925} INFO - DAG(s) 'avito_to_raw_midraw' retrieved from /opt/airflow/dags/avito_to_raw_midraw.py
[2026-07-22T18:36:58.676+0000] {logging_mixin.py:190} INFO - [2026-07-22T18:36:58.676+0000] {dag.py:3239} INFO - Sync 1 DAGs
[2026-07-22T18:36:58.692+0000] {logging_mixin.py:190} INFO - [2026-07-22T18:36:58.692+0000] {dag.py:4180} INFO - Setting next_dagrun for avito_to_raw_midraw to 2026-07-22 18:00:00+00:00, run_after=2026-07-22 19:00:00+00:00
[2026-07-22T18:36:58.705+0000] {processor.py:208} INFO - Processing /opt/airflow/dags/avito_to_raw_midraw.py took 0.075 seconds
[2026-07-22T18:37:28.899+0000] {processor.py:186} INFO - Started process (PID=638) to work on /opt/airflow/dags/avito_to_raw_midraw.py
[2026-07-22T18:37:28.901+0000] {processor.py:914} INFO - Processing file /opt/airflow/dags/avito_to_raw_midraw.py for tasks to queue
[2026-07-22T18:37:28.902+0000] {logging_mixin.py:190} INFO - [2026-07-22T18:37:28.902+0000] {dagbag.py:588} INFO - Filling up the DagBag from /opt/airflow/dags/avito_to_raw_midraw.py
[2026-07-22T18:37:28.917+0000] {processor.py:925} INFO - DAG(s) 'avito_to_raw_midraw' retrieved from /opt/airflow/dags/avito_to_raw_midraw.py
[2026-07-22T18:37:28.932+0000] {logging_mixin.py:190} INFO - [2026-07-22T18:37:28.932+0000] {dag.py:3239} INFO - Sync 1 DAGs
[2026-07-22T18:37:28.946+0000] {logging_mixin.py:190} INFO - [2026-07-22T18:37:28.945+0000] {dag.py:4180} INFO - Setting next_dagrun for avito_to_raw_midraw to 2026-07-22 18:00:00+00:00, run_after=2026-07-22 19:00:00+00:00
[2026-07-22T18:37:28.956+0000] {processor.py:208} INFO - Processing /opt/airflow/dags/avito_to_raw_midraw.py took 0.061 seconds
[2026-07-22T18:37:59.224+0000] {processor.py:186} INFO - Started process (PID=640) to work on /opt/airflow/dags/avito_to_raw_midraw.py
[2026-07-22T18:37:59.225+0000] {processor.py:914} INFO - Processing file /opt/airflow/dags/avito_to_raw_midraw.py for tasks to queue
[2026-07-22T18:37:59.226+0000] {logging_mixin.py:190} INFO - [2026-07-22T18:37:59.226+0000] {dagbag.py:588} INFO - Filling up the DagBag from /opt/airflow/dags/avito_to_raw_midraw.py
[2026-07-22T18:37:59.242+0000] {processor.py:925} INFO - DAG(s) 'avito_to_raw_midraw' retrieved from /opt/airflow/dags/avito_to_raw_midraw.py
[2026-07-22T18:37:59.260+0000] {logging_mixin.py:190} INFO - [2026-07-22T18:37:59.260+0000] {dag.py:3239} INFO - Sync 1 DAGs
[2026-07-22T18:37:59.275+0000] {logging_mixin.py:190} INFO - [2026-07-22T18:37:59.275+0000] {dag.py:4180} INFO - Setting next_dagrun for avito_to_raw_midraw to 2026-07-22 18:00:00+00:00, run_after=2026-07-22 19:00:00+00:00
[2026-07-22T18:37:59.288+0000] {processor.py:208} INFO - Processing /opt/airflow/dags/avito_to_raw_midraw.py took 0.067 seconds
[2026-07-22T18:38:29.525+0000] {processor.py:186} INFO - Started process (PID=642) to work on /opt/airflow/dags/avito_to_raw_midraw.py
[2026-07-22T18:38:29.526+0000] {processor.py:914} INFO - Processing file /opt/airflow/dags/avito_to_raw_midraw.py for tasks to queue
[2026-07-22T18:38:29.527+0000] {logging_mixin.py:190} INFO - [2026-07-22T18:38:29.527+0000] {dagbag.py:588} INFO - Filling up the DagBag from /opt/airflow/dags/avito_to_raw_midraw.py
[2026-07-22T18:38:29.539+0000] {processor.py:925} INFO - DAG(s) 'avito_to_raw_midraw' retrieved from /opt/airflow/dags/avito_to_raw_midraw.py
[2026-07-22T18:38:29.556+0000] {logging_mixin.py:190} INFO - [2026-07-22T18:38:29.556+0000] {dag.py:3239} INFO - Sync 1 DAGs
[2026-07-22T18:38:29.568+0000] {logging_mixin.py:190} INFO - [2026-07-22T18:38:29.568+0000] {dag.py:4180} INFO - Setting next_dagrun for avito_to_raw_midraw to 2026-07-22 18:00:00+00:00, run_after=2026-07-22 19:00:00+00:00
[2026-07-22T18:38:29.580+0000] {processor.py:208} INFO - Processing /opt/airflow/dags/avito_to_raw_midraw.py took 0.058 seconds
[2026-07-22T18:38:59.846+0000] {processor.py:186} INFO - Started process (PID=644) to work on /opt/airflow/dags/avito_to_raw_midraw.py
[2026-07-22T18:38:59.847+0000] {processor.py:914} INFO - Processing file /opt/airflow/dags/avito_to_raw_midraw.py for tasks to queue
[2026-07-22T18:38:59.847+0000] {logging_mixin.py:190} INFO - [2026-07-22T18:38:59.847+0000] {dagbag.py:588} INFO - Filling up the DagBag from /opt/airflow/dags/avito_to_raw_midraw.py
[2026-07-22T18:38:59.859+0000] {processor.py:925} INFO - DAG(s) 'avito_to_raw_midraw' retrieved from /opt/airflow/dags/avito_to_raw_midraw.py
[2026-07-22T18:38:59.875+0000] {logging_mixin.py:190} INFO - [2026-07-22T18:38:59.875+0000] {dag.py:3239} INFO - Sync 1 DAGs
[2026-07-22T18:38:59.886+0000] {logging_mixin.py:190} INFO - [2026-07-22T18:38:59.886+0000] {dag.py:4180} INFO - Setting next_dagrun for avito_to_raw_midraw to 2026-07-22 18:00:00+00:00, run_after=2026-07-22 19:00:00+00:00
[2026-07-22T18:38:59.900+0000] {processor.py:208} INFO - Processing /opt/airflow/dags/avito_to_raw_midraw.py took 0.057 seconds
[2026-07-22T18:39:30.191+0000] {processor.py:186} INFO - Started process (PID=646) to work on /opt/airflow/dags/avito_to_raw_midraw.py
[2026-07-22T18:39:30.191+0000] {processor.py:914} INFO - Processing file /opt/airflow/dags/avito_to_raw_midraw.py for tasks to queue
[2026-07-22T18:39:30.193+0000] {logging_mixin.py:190} INFO - [2026-07-22T18:39:30.192+0000] {dagbag.py:588} INFO - Filling up the DagBag from /opt/airflow/dags/avito_to_raw_midraw.py
[2026-07-22T18:39:30.207+0000] {processor.py:925} INFO - DAG(s) 'avito_to_raw_midraw' retrieved from /opt/airflow/dags/avito_to_raw_midraw.py
[2026-07-22T18:39:30.225+0000] {logging_mixin.py:190} INFO - [2026-07-22T18:39:30.225+0000] {dag.py:3239} INFO - Sync 1 DAGs
[2026-07-22T18:39:30.241+0000] {logging_mixin.py:190} INFO - [2026-07-22T18:39:30.241+0000] {dag.py:4180} INFO - Setting next_dagrun for avito_to_raw_midraw to 2026-07-22 18:00:00+00:00, run_after=2026-07-22 19:00:00+00:00
[2026-07-22T18:39:30.254+0000] {processor.py:208} INFO - Processing /opt/airflow/dags/avito_to_raw_midraw.py took 0.066 seconds
[2026-07-22T18:40:00.542+0000] {processor.py:186} INFO - Started process (PID=648) to work on /opt/airflow/dags/avito_to_raw_midraw.py
[2026-07-22T18:40:00.543+0000] {processor.py:914} INFO - Processing file /opt/airflow/dags/avito_to_raw_midraw.py for tasks to queue
[2026-07-22T18:40:00.544+0000] {logging_mixin.py:190} INFO - [2026-07-22T18:40:00.543+0000] {dagbag.py:588} INFO - Filling up the DagBag from /opt/airflow/dags/avito_to_raw_midraw.py
[2026-07-22T18:40:00.562+0000] {processor.py:925} INFO - DAG(s) 'avito_to_raw_midraw' retrieved from /opt/airflow/dags/avito_to_raw_midraw.py
[2026-07-22T18:40:00.584+0000] {logging_mixin.py:190} INFO - [2026-07-22T18:40:00.584+0000] {dag.py:3239} INFO - Sync 1 DAGs
[2026-07-22T18:40:00.599+0000] {logging_mixin.py:190} INFO - [2026-07-22T18:40:00.599+0000] {dag.py:4180} INFO - Setting next_dagrun for avito_to_raw_midraw to 2026-07-22 18:00:00+00:00, run_after=2026-07-22 19:00:00+00:00
[2026-07-22T18:40:00.610+0000] {processor.py:208} INFO - Processing /opt/airflow/dags/avito_to_raw_midraw.py took 0.072 seconds
[2026-07-22T18:40:31.006+0000] {processor.py:186} INFO - Started process (PID=650) to work on /opt/airflow/dags/avito_to_raw_midraw.py
[2026-07-22T18:40:31.009+0000] {processor.py:914} INFO - Processing file /opt/airflow/dags/avito_to_raw_midraw.py for tasks to queue
[2026-07-22T18:40:31.014+0000] {logging_mixin.py:190} INFO - [2026-07-22T18:40:31.012+0000] {dagbag.py:588} INFO - Filling up the DagBag from /opt/airflow/dags/avito_to_raw_midraw.py
[2026-07-22T18:40:31.109+0000] {processor.py:925} INFO - DAG(s) 'avito_to_raw_midraw' retrieved from /opt/airflow/dags/avito_to_raw_midraw.py
[2026-07-22T18:40:31.281+0000] {logging_mixin.py:190} INFO - [2026-07-22T18:40:31.280+0000] {dag.py:3239} INFO - Sync 1 DAGs
[2026-07-22T18:40:31.398+0000] {logging_mixin.py:190} INFO - [2026-07-22T18:40:31.396+0000] {dag.py:4180} INFO - Setting next_dagrun for avito_to_raw_midraw to 2026-07-22 18:00:00+00:00, run_after=2026-07-22 19:00:00+00:00
[2026-07-22T18:40:31.502+0000] {processor.py:208} INFO - Processing /opt/airflow/dags/avito_to_raw_midraw.py took 0.513 seconds
[2026-07-22T18:42:16.360+0000] {processor.py:186} INFO - Started process (PID=652) to work on /opt/airflow/dags/avito_to_raw_midraw.py
[2026-07-22T18:42:16.363+0000] {processor.py:914} INFO - Processing file /opt/airflow/dags/avito_to_raw_midraw.py for tasks to queue
[2026-07-22T18:42:16.367+0000] {logging_mixin.py:190} INFO - [2026-07-22T18:42:16.366+0000] {dagbag.py:588} INFO - Filling up the DagBag from /opt/airflow/dags/avito_to_raw_midraw.py
[2026-07-22T18:42:16.408+0000] {processor.py:925} INFO - DAG(s) 'avito_to_raw_midraw' retrieved from /opt/airflow/dags/avito_to_raw_midraw.py
[2026-07-22T18:42:16.455+0000] {logging_mixin.py:190} INFO - [2026-07-22T18:42:16.455+0000] {dag.py:3239} INFO - Sync 1 DAGs
[2026-07-22T18:42:16.483+0000] {logging_mixin.py:190} INFO - [2026-07-22T18:42:16.483+0000] {dag.py:4180} INFO - Setting next_dagrun for avito_to_raw_midraw to 2026-07-22 18:00:00+00:00, run_after=2026-07-22 19:00:00+00:00
[2026-07-22T18:42:16.505+0000] {processor.py:208} INFO - Processing /opt/airflow/dags/avito_to_raw_midraw.py took 0.171 seconds
[2026-07-22T18:42:47.290+0000] {processor.py:186} INFO - Started process (PID=654) to work on /opt/airflow/dags/avito_to_raw_midraw.py
[2026-07-22T18:42:47.297+0000] {processor.py:914} INFO - Processing file /opt/airflow/dags/avito_to_raw_midraw.py for tasks to queue
[2026-07-22T18:42:47.308+0000] {logging_mixin.py:190} INFO - [2026-07-22T18:42:47.306+0000] {dagbag.py:588} INFO - Filling up the DagBag from /opt/airflow/dags/avito_to_raw_midraw.py
[2026-07-22T18:42:47.455+0000] {processor.py:925} INFO - DAG(s) 'avito_to_raw_midraw' retrieved from /opt/airflow/dags/avito_to_raw_midraw.py
[2026-07-22T18:42:47.594+0000] {logging_mixin.py:190} INFO - [2026-07-22T18:42:47.594+0000] {dag.py:3239} INFO - Sync 1 DAGs
[2026-07-22T18:42:47.678+0000] {logging_mixin.py:190} INFO - [2026-07-22T18:42:47.676+0000] {dag.py:4180} INFO - Setting next_dagrun for avito_to_raw_midraw to 2026-07-22 18:00:00+00:00, run_after=2026-07-22 19:00:00+00:00
[2026-07-22T18:42:47.776+0000] {processor.py:208} INFO - Processing /opt/airflow/dags/avito_to_raw_midraw.py took 0.527 seconds
[2026-07-22T18:43:19.918+0000] {processor.py:186} INFO - Started process (PID=656) to work on /opt/airflow/dags/avito_to_raw_midraw.py
[2026-07-22T18:43:19.936+0000] {processor.py:914} INFO - Processing file /opt/airflow/dags/avito_to_raw_midraw.py for tasks to queue
[2026-07-22T18:43:20.148+0000] {logging_mixin.py:190} INFO - [2026-07-22T18:43:20.145+0000] {dagbag.py:588} INFO - Filling up the DagBag from /opt/airflow/dags/avito_to_raw_midraw.py
[2026-07-22T18:43:21.828+0000] {processor.py:925} INFO - DAG(s) 'avito_to_raw_midraw' retrieved from /opt/airflow/dags/avito_to_raw_midraw.py
[2026-07-22T18:43:24.788+0000] {logging_mixin.py:190} INFO - [2026-07-22T18:43:24.788+0000] {dag.py:3239} INFO - Sync 1 DAGs
[2026-07-22T18:43:25.841+0000] {logging_mixin.py:190} INFO - [2026-07-22T18:43:25.841+0000] {dag.py:4180} INFO - Setting next_dagrun for avito_to_raw_midraw to 2026-07-22 18:00:00+00:00, run_after=2026-07-22 19:00:00+00:00
[2026-07-22T18:43:26.838+0000] {processor.py:208} INFO - Processing /opt/airflow/dags/avito_to_raw_midraw.py took 7.086 seconds
[2026-07-22T18:43:58.243+0000] {processor.py:186} INFO - Started process (PID=658) to work on /opt/airflow/dags/avito_to_raw_midraw.py
[2026-07-22T18:43:58.288+0000] {processor.py:914} INFO - Processing file /opt/airflow/dags/avito_to_raw_midraw.py for tasks to queue
[2026-07-22T18:43:58.357+0000] {logging_mixin.py:190} INFO - [2026-07-22T18:43:58.356+0000] {dagbag.py:588} INFO - Filling up the DagBag from /opt/airflow/dags/avito_to_raw_midraw.py
[2026-07-22T18:43:59.077+0000] {processor.py:925} INFO - DAG(s) 'avito_to_raw_midraw' retrieved from /opt/airflow/dags/avito_to_raw_midraw.py
[2026-07-22T18:44:00.417+0000] {logging_mixin.py:190} INFO - [2026-07-22T18:44:00.410+0000] {dag.py:3239} INFO - Sync 1 DAGs
[2026-07-22T18:44:00.897+0000] {logging_mixin.py:190} INFO - [2026-07-22T18:44:00.896+0000] {dag.py:4180} INFO - Setting next_dagrun for avito_to_raw_midraw to 2026-07-22 18:00:00+00:00, run_after=2026-07-22 19:00:00+00:00
[2026-07-22T18:44:01.094+0000] {processor.py:208} INFO - Processing /opt/airflow/dags/avito_to_raw_midraw.py took 2.947 seconds
[2026-07-22T18:44:31.547+0000] {processor.py:186} INFO - Started process (PID=660) to work on /opt/airflow/dags/avito_to_raw_midraw.py
[2026-07-22T18:44:31.551+0000] {processor.py:914} INFO - Processing file /opt/airflow/dags/avito_to_raw_midraw.py for tasks to queue
[2026-07-22T18:44:31.555+0000] {logging_mixin.py:190} INFO - [2026-07-22T18:44:31.553+0000] {dagbag.py:588} INFO - Filling up the DagBag from /opt/airflow/dags/avito_to_raw_midraw.py
[2026-07-22T18:44:31.696+0000] {processor.py:925} INFO - DAG(s) 'avito_to_raw_midraw' retrieved from /opt/airflow/dags/avito_to_raw_midraw.py
[2026-07-22T18:44:31.869+0000] {logging_mixin.py:190} INFO - [2026-07-22T18:44:31.868+0000] {dag.py:3239} INFO - Sync 1 DAGs
[2026-07-22T18:44:32.021+0000] {logging_mixin.py:190} INFO - [2026-07-22T18:44:32.020+0000] {dag.py:4180} INFO - Setting next_dagrun for avito_to_raw_midraw to 2026-07-22 18:00:00+00:00, run_after=2026-07-22 19:00:00+00:00
[2026-07-22T18:44:32.115+0000] {processor.py:208} INFO - Processing /opt/airflow/dags/avito_to_raw_midraw.py took 0.609 seconds
[2026-07-22T18:45:04.295+0000] {processor.py:186} INFO - Started process (PID=662) to work on /opt/airflow/dags/avito_to_raw_midraw.py
[2026-07-22T18:45:04.363+0000] {processor.py:914} INFO - Processing file /opt/airflow/dags/avito_to_raw_midraw.py for tasks to queue
[2026-07-22T18:45:04.429+0000] {logging_mixin.py:190} INFO - [2026-07-22T18:45:04.428+0000] {dagbag.py:588} INFO - Filling up the DagBag from /opt/airflow/dags/avito_to_raw_midraw.py
[2026-07-22T18:45:05.193+0000] {processor.py:925} INFO - DAG(s) 'avito_to_raw_midraw' retrieved from /opt/airflow/dags/avito_to_raw_midraw.py
[2026-07-22T18:45:08.854+0000] {logging_mixin.py:190} INFO - [2026-07-22T18:45:08.842+0000] {dag.py:3239} INFO - Sync 1 DAGs
[2026-07-22T18:45:09.870+0000] {logging_mixin.py:190} INFO - [2026-07-22T18:45:09.869+0000] {dag.py:4180} INFO - Setting next_dagrun for avito_to_raw_midraw to 2026-07-22 18:00:00+00:00, run_after=2026-07-22 19:00:00+00:00
[2026-07-22T18:45:11.356+0000] {processor.py:208} INFO - Processing /opt/airflow/dags/avito_to_raw_midraw.py took 7.179 seconds
[2026-07-22T18:45:43.571+0000] {processor.py:186} INFO - Started process (PID=664) to work on /opt/airflow/dags/avito_to_raw_midraw.py
[2026-07-22T18:45:43.696+0000] {processor.py:914} INFO - Processing file /opt/airflow/dags/avito_to_raw_midraw.py for tasks to queue
[2026-07-22T18:45:43.754+0000] {logging_mixin.py:190} INFO - [2026-07-22T18:45:43.753+0000] {dagbag.py:588} INFO - Filling up the DagBag from /opt/airflow/dags/avito_to_raw_midraw.py
[2026-07-22T18:45:44.654+0000] {processor.py:925} INFO - DAG(s) 'avito_to_raw_midraw' retrieved from /opt/airflow/dags/avito_to_raw_midraw.py
[2026-07-22T18:45:48.412+0000] {logging_mixin.py:190} INFO - [2026-07-22T18:45:48.411+0000] {dag.py:3239} INFO - Sync 1 DAGs
[2026-07-22T18:45:49.857+0000] {logging_mixin.py:190} INFO - [2026-07-22T18:45:49.857+0000] {dag.py:4180} INFO - Setting next_dagrun for avito_to_raw_midraw to 2026-07-22 18:00:00+00:00, run_after=2026-07-22 19:00:00+00:00
[2026-07-22T18:45:50.950+0000] {processor.py:208} INFO - Processing /opt/airflow/dags/avito_to_raw_midraw.py took 7.055 seconds
[2026-07-22T18:46:24.859+0000] {processor.py:186} INFO - Started process (PID=665) to work on /opt/airflow/dags/avito_to_raw_midraw.py
[2026-07-22T18:46:24.920+0000] {processor.py:914} INFO - Processing file /opt/airflow/dags/avito_to_raw_midraw.py for tasks to queue
[2026-07-22T18:46:25.000+0000] {logging_mixin.py:190} INFO - [2026-07-22T18:46:24.954+0000] {dagbag.py:588} INFO - Filling up the DagBag from /opt/airflow/dags/avito_to_raw_midraw.py
[2026-07-22T18:46:27.144+0000] {processor.py:925} INFO - DAG(s) 'avito_to_raw_midraw' retrieved from /opt/airflow/dags/avito_to_raw_midraw.py
[2026-07-22T18:46:30.808+0000] {logging_mixin.py:190} INFO - [2026-07-22T18:46:30.807+0000] {dag.py:3239} INFO - Sync 1 DAGs
[2026-07-22T18:46:31.392+0000] {logging_mixin.py:190} INFO - [2026-07-22T18:46:31.376+0000] {dag.py:4180} INFO - Setting next_dagrun for avito_to_raw_midraw to 2026-07-22 18:00:00+00:00, run_after=2026-07-22 19:00:00+00:00
[2026-07-22T18:46:34.838+0000] {processor.py:208} INFO - Processing /opt/airflow/dags/avito_to_raw_midraw.py took 10.792 seconds
[2026-07-22T18:47:07.395+0000] {processor.py:186} INFO - Started process (PID=668) to work on /opt/airflow/dags/avito_to_raw_midraw.py
[2026-07-22T18:47:07.498+0000] {processor.py:914} INFO - Processing file /opt/airflow/dags/avito_to_raw_midraw.py for tasks to queue
[2026-07-22T18:47:07.600+0000] {logging_mixin.py:190} INFO - [2026-07-22T18:47:07.599+0000] {dagbag.py:588} INFO - Filling up the DagBag from /opt/airflow/dags/avito_to_raw_midraw.py
[2026-07-22T18:47:08.657+0000] {processor.py:925} INFO - DAG(s) 'avito_to_raw_midraw' retrieved from /opt/airflow/dags/avito_to_raw_midraw.py
[2026-07-22T18:47:11.529+0000] {logging_mixin.py:190} INFO - [2026-07-22T18:47:11.505+0000] {dag.py:3239} INFO - Sync 1 DAGs
[2026-07-22T18:47:12.677+0000] {logging_mixin.py:190} INFO - [2026-07-22T18:47:12.658+0000] {dag.py:4180} INFO - Setting next_dagrun for avito_to_raw_midraw to 2026-07-22 18:00:00+00:00, run_after=2026-07-22 19:00:00+00:00
[2026-07-22T18:47:13.410+0000] {processor.py:208} INFO - Processing /opt/airflow/dags/avito_to_raw_midraw.py took 6.377 seconds
[2026-07-22T18:47:45.062+0000] {processor.py:186} INFO - Started process (PID=670) to work on /opt/airflow/dags/avito_to_raw_midraw.py
[2026-07-22T18:47:45.477+0000] {processor.py:914} INFO - Processing file /opt/airflow/dags/avito_to_raw_midraw.py for tasks to queue
[2026-07-22T18:47:45.642+0000] {logging_mixin.py:190} INFO - [2026-07-22T18:47:45.631+0000] {dagbag.py:588} INFO - Filling up the DagBag from /opt/airflow/dags/avito_to_raw_midraw.py
[2026-07-22T18:47:50.227+0000] {processor.py:925} INFO - DAG(s) 'avito_to_raw_midraw' retrieved from /opt/airflow/dags/avito_to_raw_midraw.py
[2026-07-22T18:47:52.086+0000] {logging_mixin.py:190} INFO - [2026-07-22T18:47:52.074+0000] {dag.py:3239} INFO - Sync 1 DAGs
[2026-07-22T18:47:52.735+0000] {logging_mixin.py:190} INFO - [2026-07-22T18:47:52.734+0000] {dag.py:4180} INFO - Setting next_dagrun for avito_to_raw_midraw to 2026-07-22 18:00:00+00:00, run_after=2026-07-22 19:00:00+00:00
[2026-07-22T18:47:53.326+0000] {processor.py:208} INFO - Processing /opt/airflow/dags/avito_to_raw_midraw.py took 8.220 seconds
[2026-07-22T18:48:23.672+0000] {processor.py:186} INFO - Started process (PID=671) to work on /opt/airflow/dags/avito_to_raw_midraw.py
[2026-07-22T18:48:23.672+0000] {processor.py:914} INFO - Processing file /opt/airflow/dags/avito_to_raw_midraw.py for tasks to queue
[2026-07-22T18:48:23.673+0000] {logging_mixin.py:190} INFO - [2026-07-22T18:48:23.673+0000] {dagbag.py:588} INFO - Filling up the DagBag from /opt/airflow/dags/avito_to_raw_midraw.py
[2026-07-22T18:48:23.686+0000] {processor.py:925} INFO - DAG(s) 'avito_to_raw_midraw' retrieved from /opt/airflow/dags/avito_to_raw_midraw.py
[2026-07-22T18:48:23.704+0000] {logging_mixin.py:190} INFO - [2026-07-22T18:48:23.704+0000] {dag.py:3239} INFO - Sync 1 DAGs
[2026-07-22T18:48:23.722+0000] {logging_mixin.py:190} INFO - [2026-07-22T18:48:23.721+0000] {dag.py:4180} INFO - Setting next_dagrun for avito_to_raw_midraw to 2026-07-22 18:00:00+00:00, run_after=2026-07-22 19:00:00+00:00
[2026-07-22T18:48:23.730+0000] {processor.py:208} INFO - Processing /opt/airflow/dags/avito_to_raw_midraw.py took 0.063 seconds
[2026-07-22T18:48:53.864+0000] {processor.py:186} INFO - Started process (PID=673) to work on /opt/airflow/dags/avito_to_raw_midraw.py
[2026-07-22T18:48:53.864+0000] {processor.py:914} INFO - Processing file /opt/airflow/dags/avito_to_raw_midraw.py for tasks to queue
[2026-07-22T18:48:53.865+0000] {logging_mixin.py:190} INFO - [2026-07-22T18:48:53.865+0000] {dagbag.py:588} INFO - Filling up the DagBag from /opt/airflow/dags/avito_to_raw_midraw.py
[2026-07-22T18:48:53.874+0000] {processor.py:925} INFO - DAG(s) 'avito_to_raw_midraw' retrieved from /opt/airflow/dags/avito_to_raw_midraw.py
[2026-07-22T18:48:53.887+0000] {logging_mixin.py:190} INFO - [2026-07-22T18:48:53.887+0000] {dag.py:3239} INFO - Sync 1 DAGs
[2026-07-22T18:48:53.898+0000] {logging_mixin.py:190} INFO - [2026-07-22T18:48:53.898+0000] {dag.py:4180} INFO - Setting next_dagrun for avito_to_raw_midraw to 2026-07-22 18:00:00+00:00, run_after=2026-07-22 19:00:00+00:00
[2026-07-22T18:48:53.905+0000] {processor.py:208} INFO - Processing /opt/airflow/dags/avito_to_raw_midraw.py took 0.045 seconds
[2026-07-22T18:49:25.914+0000] {processor.py:186} INFO - Started process (PID=675) to work on /opt/airflow/dags/avito_to_raw_midraw.py
[2026-07-22T18:49:25.949+0000] {processor.py:914} INFO - Processing file /opt/airflow/dags/avito_to_raw_midraw.py for tasks to queue
[2026-07-22T18:49:26.087+0000] {logging_mixin.py:190} INFO - [2026-07-22T18:49:26.076+0000] {dagbag.py:588} INFO - Filling up the DagBag from /opt/airflow/dags/avito_to_raw_midraw.py
[2026-07-22T18:49:27.360+0000] {processor.py:925} INFO - DAG(s) 'avito_to_raw_midraw' retrieved from /opt/airflow/dags/avito_to_raw_midraw.py
[2026-07-22T18:49:30.216+0000] {logging_mixin.py:190} INFO - [2026-07-22T18:49:30.189+0000] {dag.py:3239} INFO - Sync 1 DAGs
[2026-07-22T18:49:31.100+0000] {logging_mixin.py:190} INFO - [2026-07-22T18:49:31.096+0000] {dag.py:4180} INFO - Setting next_dagrun for avito_to_raw_midraw to 2026-07-22 18:00:00+00:00, run_after=2026-07-22 19:00:00+00:00
[2026-07-22T18:49:32.054+0000] {processor.py:208} INFO - Processing /opt/airflow/dags/avito_to_raw_midraw.py took 6.311 seconds
[2026-07-22T18:50:04.007+0000] {processor.py:186} INFO - Started process (PID=677) to work on /opt/airflow/dags/avito_to_raw_midraw.py
[2026-07-22T18:50:04.169+0000] {processor.py:914} INFO - Processing file /opt/airflow/dags/avito_to_raw_midraw.py for tasks to queue
[2026-07-22T18:50:04.495+0000] {logging_mixin.py:190} INFO - [2026-07-22T18:50:04.373+0000] {dagbag.py:588} INFO - Filling up the DagBag from /opt/airflow/dags/avito_to_raw_midraw.py
[2026-07-22T18:50:05.916+0000] {processor.py:925} INFO - DAG(s) 'avito_to_raw_midraw' retrieved from /opt/airflow/dags/avito_to_raw_midraw.py
[2026-07-22T18:50:09.594+0000] {logging_mixin.py:190} INFO - [2026-07-22T18:50:09.547+0000] {dag.py:3239} INFO - Sync 1 DAGs
[2026-07-22T18:50:12.458+0000] {logging_mixin.py:190} INFO - [2026-07-22T18:50:12.276+0000] {dag.py:4180} INFO - Setting next_dagrun for avito_to_raw_midraw to 2026-07-22 18:00:00+00:00, run_after=2026-07-22 19:00:00+00:00
[2026-07-22T18:50:20.254+0000] {processor.py:208} INFO - Processing /opt/airflow/dags/avito_to_raw_midraw.py took 16.603 seconds
[2026-07-22T18:57:42.670+0000] {processor.py:186} INFO - Started process (PID=680) to work on /opt/airflow/dags/avito_to_raw_midraw.py
[2026-07-22T18:57:43.032+0000] {processor.py:914} INFO - Processing file /opt/airflow/dags/avito_to_raw_midraw.py for tasks to queue
[2026-07-22T18:57:43.233+0000] {logging_mixin.py:190} INFO - [2026-07-22T18:57:43.192+0000] {dagbag.py:588} INFO - Filling up the DagBag from /opt/airflow/dags/avito_to_raw_midraw.py
[2026-07-22T18:57:44.280+0000] {processor.py:925} INFO - DAG(s) 'avito_to_raw_midraw' retrieved from /opt/airflow/dags/avito_to_raw_midraw.py
[2026-07-22T18:57:46.521+0000] {logging_mixin.py:190} INFO - [2026-07-22T18:57:46.520+0000] {dag.py:3239} INFO - Sync 1 DAGs
[2026-07-22T18:57:48.967+0000] {logging_mixin.py:190} INFO - [2026-07-22T18:57:48.966+0000] {dag.py:4180} INFO - Setting next_dagrun for avito_to_raw_midraw to 2026-07-22 18:00:00+00:00, run_after=2026-07-22 19:00:00+00:00
[2026-07-22T18:57:49.573+0000] {processor.py:208} INFO - Processing /opt/airflow/dags/avito_to_raw_midraw.py took 7.784 seconds
[2026-07-22T18:58:22.827+0000] {processor.py:186} INFO - Started process (PID=681) to work on /opt/airflow/dags/avito_to_raw_midraw.py
[2026-07-22T18:58:23.086+0000] {processor.py:914} INFO - Processing file /opt/airflow/dags/avito_to_raw_midraw.py for tasks to queue
[2026-07-22T18:58:23.239+0000] {logging_mixin.py:190} INFO - [2026-07-22T18:58:23.214+0000] {dagbag.py:588} INFO - Filling up the DagBag from /opt/airflow/dags/avito_to_raw_midraw.py
[2026-07-22T18:58:26.358+0000] {processor.py:925} INFO - DAG(s) 'avito_to_raw_midraw' retrieved from /opt/airflow/dags/avito_to_raw_midraw.py
[2026-07-22T18:58:39.588+0000] {logging_mixin.py:190} INFO - [2026-07-22T18:58:39.570+0000] {dag.py:3239} INFO - Sync 1 DAGs
[2026-07-22T19:09:15.150+0000] {logging_mixin.py:190} INFO - [2026-07-22T19:09:15.149+0000] {dag.py:4180} INFO - Setting next_dagrun for avito_to_raw_midraw to 2026-07-22 18:00:00+00:00, run_after=2026-07-22 19:00:00+00:00
[2026-07-22T19:09:45.256+0000] {processor.py:186} INFO - Started process (PID=684) to work on /opt/airflow/dags/avito_to_raw_midraw.py
[2026-07-22T19:09:45.257+0000] {processor.py:914} INFO - Processing file /opt/airflow/dags/avito_to_raw_midraw.py for tasks to queue
[2026-07-22T19:09:45.258+0000] {logging_mixin.py:190} INFO - [2026-07-22T19:09:45.257+0000] {dagbag.py:588} INFO - Filling up the DagBag from /opt/airflow/dags/avito_to_raw_midraw.py
[2026-07-22T19:09:45.273+0000] {processor.py:925} INFO - DAG(s) 'avito_to_raw_midraw' retrieved from /opt/airflow/dags/avito_to_raw_midraw.py
[2026-07-22T19:09:45.295+0000] {logging_mixin.py:190} INFO - [2026-07-22T19:09:45.295+0000] {dag.py:3239} INFO - Sync 1 DAGs
[2026-07-22T19:09:45.310+0000] {logging_mixin.py:190} INFO - [2026-07-22T19:09:45.310+0000] {dag.py:4180} INFO - Setting next_dagrun for avito_to_raw_midraw to 2026-07-22 19:00:00+00:00, run_after=2026-07-22 20:00:00+00:00
[2026-07-22T19:09:45.320+0000] {processor.py:208} INFO - Processing /opt/airflow/dags/avito_to_raw_midraw.py took 0.069 seconds
[2026-07-22T19:10:15.533+0000] {processor.py:186} INFO - Started process (PID=686) to work on /opt/airflow/dags/avito_to_raw_midraw.py
[2026-07-22T19:10:15.533+0000] {processor.py:914} INFO - Processing file /opt/airflow/dags/avito_to_raw_midraw.py for tasks to queue
[2026-07-22T19:10:15.534+0000] {logging_mixin.py:190} INFO - [2026-07-22T19:10:15.534+0000] {dagbag.py:588} INFO - Filling up the DagBag from /opt/airflow/dags/avito_to_raw_midraw.py
[2026-07-22T19:10:15.547+0000] {processor.py:925} INFO - DAG(s) 'avito_to_raw_midraw' retrieved from /opt/airflow/dags/avito_to_raw_midraw.py
[2026-07-22T19:10:15.565+0000] {logging_mixin.py:190} INFO - [2026-07-22T19:10:15.565+0000] {dag.py:3239} INFO - Sync 1 DAGs
[2026-07-22T19:10:15.576+0000] {logging_mixin.py:190} INFO - [2026-07-22T19:10:15.576+0000] {dag.py:4180} INFO - Setting next_dagrun for avito_to_raw_midraw to 2026-07-22 19:00:00+00:00, run_after=2026-07-22 20:00:00+00:00
[2026-07-22T19:10:15.587+0000] {processor.py:208} INFO - Processing /opt/airflow/dags/avito_to_raw_midraw.py took 0.057 seconds
[2026-07-22T19:10:45.833+0000] {processor.py:186} INFO - Started process (PID=688) to work on /opt/airflow/dags/avito_to_raw_midraw.py
[2026-07-22T19:10:45.834+0000] {processor.py:914} INFO - Processing file /opt/airflow/dags/avito_to_raw_midraw.py for tasks to queue
[2026-07-22T19:10:45.835+0000] {logging_mixin.py:190} INFO - [2026-07-22T19:10:45.835+0000] {dagbag.py:588} INFO - Filling up the DagBag from /opt/airflow/dags/avito_to_raw_midraw.py
[2026-07-22T19:10:45.864+0000] {processor.py:925} INFO - DAG(s) 'avito_to_raw_midraw' retrieved from /opt/airflow/dags/avito_to_raw_midraw.py
[2026-07-22T19:10:45.887+0000] {logging_mixin.py:190} INFO - [2026-07-22T19:10:45.887+0000] {dag.py:3239} INFO - Sync 1 DAGs
[2026-07-22T19:10:45.904+0000] {logging_mixin.py:190} INFO - [2026-07-22T19:10:45.904+0000] {dag.py:4180} INFO - Setting next_dagrun for avito_to_raw_midraw to 2026-07-22 19:00:00+00:00, run_after=2026-07-22 20:00:00+00:00
[2026-07-22T19:10:45.918+0000] {processor.py:208} INFO - Processing /opt/airflow/dags/avito_to_raw_midraw.py took 0.090 seconds
[2026-07-22T19:11:16.173+0000] {processor.py:186} INFO - Started process (PID=690) to work on /opt/airflow/dags/avito_to_raw_midraw.py
[2026-07-22T19:11:16.174+0000] {processor.py:914} INFO - Processing file /opt/airflow/dags/avito_to_raw_midraw.py for tasks to queue
[2026-07-22T19:11:16.175+0000] {logging_mixin.py:190} INFO - [2026-07-22T19:11:16.174+0000] {dagbag.py:588} INFO - Filling up the DagBag from /opt/airflow/dags/avito_to_raw_midraw.py
[2026-07-22T19:11:16.188+0000] {processor.py:925} INFO - DAG(s) 'avito_to_raw_midraw' retrieved from /opt/airflow/dags/avito_to_raw_midraw.py
[2026-07-22T19:11:16.205+0000] {logging_mixin.py:190} INFO - [2026-07-22T19:11:16.205+0000] {dag.py:3239} INFO - Sync 1 DAGs
[2026-07-22T19:11:16.218+0000] {logging_mixin.py:190} INFO - [2026-07-22T19:11:16.218+0000] {dag.py:4180} INFO - Setting next_dagrun for avito_to_raw_midraw to 2026-07-22 19:00:00+00:00, run_after=2026-07-22 20:00:00+00:00
[2026-07-22T19:11:16.228+0000] {processor.py:208} INFO - Processing /opt/airflow/dags/avito_to_raw_midraw.py took 0.058 seconds
[2026-07-22T19:11:46.538+0000] {processor.py:186} INFO - Started process (PID=692) to work on /opt/airflow/dags/avito_to_raw_midraw.py
[2026-07-22T19:11:46.540+0000] {processor.py:914} INFO - Processing file /opt/airflow/dags/avito_to_raw_midraw.py for tasks to queue
[2026-07-22T19:11:46.541+0000] {logging_mixin.py:190} INFO - [2026-07-22T19:11:46.540+0000] {dagbag.py:588} INFO - Filling up the DagBag from /opt/airflow/dags/avito_to_raw_midraw.py
[2026-07-22T19:11:46.560+0000] {processor.py:925} INFO - DAG(s) 'avito_to_raw_midraw' retrieved from /opt/airflow/dags/avito_to_raw_midraw.py
[2026-07-22T19:11:46.584+0000] {logging_mixin.py:190} INFO - [2026-07-22T19:11:46.584+0000] {dag.py:3239} INFO - Sync 1 DAGs
[2026-07-22T19:11:46.598+0000] {logging_mixin.py:190} INFO - [2026-07-22T19:11:46.598+0000] {dag.py:4180} INFO - Setting next_dagrun for avito_to_raw_midraw to 2026-07-22 19:00:00+00:00, run_after=2026-07-22 20:00:00+00:00
[2026-07-22T19:11:46.610+0000] {processor.py:208} INFO - Processing /opt/airflow/dags/avito_to_raw_midraw.py took 0.077 seconds
[2026-07-22T19:12:16.812+0000] {processor.py:186} INFO - Started process (PID=694) to work on /opt/airflow/dags/avito_to_raw_midraw.py
[2026-07-22T19:12:16.812+0000] {processor.py:914} INFO - Processing file /opt/airflow/dags/avito_to_raw_midraw.py for tasks to queue
[2026-07-22T19:12:16.813+0000] {logging_mixin.py:190} INFO - [2026-07-22T19:12:16.813+0000] {dagbag.py:588} INFO - Filling up the DagBag from /opt/airflow/dags/avito_to_raw_midraw.py
[2026-07-22T19:12:16.829+0000] {processor.py:925} INFO - DAG(s) 'avito_to_raw_midraw' retrieved from /opt/airflow/dags/avito_to_raw_midraw.py
[2026-07-22T19:12:16.853+0000] {logging_mixin.py:190} INFO - [2026-07-22T19:12:16.853+0000] {dag.py:3239} INFO - Sync 1 DAGs
[2026-07-22T19:12:16.868+0000] {logging_mixin.py:190} INFO - [2026-07-22T19:12:16.867+0000] {dag.py:4180} INFO - Setting next_dagrun for avito_to_raw_midraw to 2026-07-22 19:00:00+00:00, run_after=2026-07-22 20:00:00+00:00
[2026-07-22T19:12:16.877+0000] {processor.py:208} INFO - Processing /opt/airflow/dags/avito_to_raw_midraw.py took 0.069 seconds
[2026-07-22T19:12:47.404+0000] {processor.py:186} INFO - Started process (PID=696) to work on /opt/airflow/dags/avito_to_raw_midraw.py
[2026-07-22T19:12:47.405+0000] {processor.py:914} INFO - Processing file /opt/airflow/dags/avito_to_raw_midraw.py for tasks to queue
[2026-07-22T19:12:47.406+0000] {logging_mixin.py:190} INFO - [2026-07-22T19:12:47.405+0000] {dagbag.py:588} INFO - Filling up the DagBag from /opt/airflow/dags/avito_to_raw_midraw.py
[2026-07-22T19:12:47.420+0000] {processor.py:925} INFO - DAG(s) 'avito_to_raw_midraw' retrieved from /opt/airflow/dags/avito_to_raw_midraw.py
[2026-07-22T19:12:47.445+0000] {logging_mixin.py:190} INFO - [2026-07-22T19:12:47.445+0000] {dag.py:3239} INFO - Sync 1 DAGs
[2026-07-22T19:12:47.463+0000] {logging_mixin.py:190} INFO - [2026-07-22T19:12:47.463+0000] {dag.py:4180} INFO - Setting next_dagrun for avito_to_raw_midraw to 2026-07-22 19:00:00+00:00, run_after=2026-07-22 20:00:00+00:00
[2026-07-22T19:12:47.476+0000] {processor.py:208} INFO - Processing /opt/airflow/dags/avito_to_raw_midraw.py took 0.075 seconds
[2026-07-22T19:13:17.693+0000] {processor.py:186} INFO - Started process (PID=698) to work on /opt/airflow/dags/avito_to_raw_midraw.py
[2026-07-22T19:13:17.695+0000] {processor.py:914} INFO - Processing file /opt/airflow/dags/avito_to_raw_midraw.py for tasks to queue
[2026-07-22T19:13:17.696+0000] {logging_mixin.py:190} INFO - [2026-07-22T19:13:17.695+0000] {dagbag.py:588} INFO - Filling up the DagBag from /opt/airflow/dags/avito_to_raw_midraw.py
[2026-07-22T19:13:17.707+0000] {processor.py:925} INFO - DAG(s) 'avito_to_raw_midraw' retrieved from /opt/airflow/dags/avito_to_raw_midraw.py
[2026-07-22T19:13:17.721+0000] {logging_mixin.py:190} INFO - [2026-07-22T19:13:17.721+0000] {dag.py:3239} INFO - Sync 1 DAGs
[2026-07-22T19:13:17.732+0000] {logging_mixin.py:190} INFO - [2026-07-22T19:13:17.732+0000] {dag.py:4180} INFO - Setting next_dagrun for avito_to_raw_midraw to 2026-07-22 19:00:00+00:00, run_after=2026-07-22 20:00:00+00:00
[2026-07-22T19:13:17.740+0000] {processor.py:208} INFO - Processing /opt/airflow/dags/avito_to_raw_midraw.py took 0.050 seconds
[2026-07-22T19:13:48.025+0000] {processor.py:186} INFO - Started process (PID=700) to work on /opt/airflow/dags/avito_to_raw_midraw.py
[2026-07-22T19:13:48.025+0000] {processor.py:914} INFO - Processing file /opt/airflow/dags/avito_to_raw_midraw.py for tasks to queue
[2026-07-22T19:13:48.026+0000] {logging_mixin.py:190} INFO - [2026-07-22T19:13:48.026+0000] {dagbag.py:588} INFO - Filling up the DagBag from /opt/airflow/dags/avito_to_raw_midraw.py
[2026-07-22T19:13:48.040+0000] {processor.py:925} INFO - DAG(s) 'avito_to_raw_midraw' retrieved from /opt/airflow/dags/avito_to_raw_midraw.py
[2026-07-22T19:13:48.054+0000] {logging_mixin.py:190} INFO - [2026-07-22T19:13:48.054+0000] {dag.py:3239} INFO - Sync 1 DAGs
[2026-07-22T19:13:48.065+0000] {logging_mixin.py:190} INFO - [2026-07-22T19:13:48.065+0000] {dag.py:4180} INFO - Setting next_dagrun for avito_to_raw_midraw to 2026-07-22 19:00:00+00:00, run_after=2026-07-22 20:00:00+00:00
[2026-07-22T19:13:48.077+0000] {processor.py:208} INFO - Processing /opt/airflow/dags/avito_to_raw_midraw.py took 0.055 seconds
[2026-07-22T19:14:18.345+0000] {processor.py:186} INFO - Started process (PID=702) to work on /opt/airflow/dags/avito_to_raw_midraw.py
[2026-07-22T19:14:18.345+0000] {processor.py:914} INFO - Processing file /opt/airflow/dags/avito_to_raw_midraw.py for tasks to queue
[2026-07-22T19:14:18.346+0000] {logging_mixin.py:190} INFO - [2026-07-22T19:14:18.346+0000] {dagbag.py:588} INFO - Filling up the DagBag from /opt/airflow/dags/avito_to_raw_midraw.py
[2026-07-22T19:14:18.362+0000] {processor.py:925} INFO - DAG(s) 'avito_to_raw_midraw' retrieved from /opt/airflow/dags/avito_to_raw_midraw.py
[2026-07-22T19:14:18.378+0000] {logging_mixin.py:190} INFO - [2026-07-22T19:14:18.378+0000] {dag.py:3239} INFO - Sync 1 DAGs
[2026-07-22T19:14:18.392+0000] {logging_mixin.py:190} INFO - [2026-07-22T19:14:18.392+0000] {dag.py:4180} INFO - Setting next_dagrun for avito_to_raw_midraw to 2026-07-22 19:00:00+00:00, run_after=2026-07-22 20:00:00+00:00
[2026-07-22T19:14:18.405+0000] {processor.py:208} INFO - Processing /opt/airflow/dags/avito_to_raw_midraw.py took 0.063 seconds
[2026-07-22T19:14:48.616+0000] {processor.py:186} INFO - Started process (PID=704) to work on /opt/airflow/dags/avito_to_raw_midraw.py
[2026-07-22T19:14:48.617+0000] {processor.py:914} INFO - Processing file /opt/airflow/dags/avito_to_raw_midraw.py for tasks to queue
[2026-07-22T19:14:48.618+0000] {logging_mixin.py:190} INFO - [2026-07-22T19:14:48.617+0000] {dagbag.py:588} INFO - Filling up the DagBag from /opt/airflow/dags/avito_to_raw_midraw.py
[2026-07-22T19:14:48.631+0000] {processor.py:925} INFO - DAG(s) 'avito_to_raw_midraw' retrieved from /opt/airflow/dags/avito_to_raw_midraw.py
[2026-07-22T19:14:48.643+0000] {logging_mixin.py:190} INFO - [2026-07-22T19:14:48.643+0000] {dag.py:3239} INFO - Sync 1 DAGs
[2026-07-22T19:14:48.653+0000] {logging_mixin.py:190} INFO - [2026-07-22T19:14:48.652+0000] {dag.py:4180} INFO - Setting next_dagrun for avito_to_raw_midraw to 2026-07-22 19:00:00+00:00, run_after=2026-07-22 20:00:00+00:00
[2026-07-22T19:14:48.665+0000] {processor.py:208} INFO - Processing /opt/airflow/dags/avito_to_raw_midraw.py took 0.051 seconds
[2026-07-22T19:15:18.930+0000] {processor.py:186} INFO - Started process (PID=706) to work on /opt/airflow/dags/avito_to_raw_midraw.py
[2026-07-22T19:15:18.931+0000] {processor.py:914} INFO - Processing file /opt/airflow/dags/avito_to_raw_midraw.py for tasks to queue
[2026-07-22T19:15:18.932+0000] {logging_mixin.py:190} INFO - [2026-07-22T19:15:18.932+0000] {dagbag.py:588} INFO - Filling up the DagBag from /opt/airflow/dags/avito_to_raw_midraw.py
[2026-07-22T19:15:18.949+0000] {processor.py:925} INFO - DAG(s) 'avito_to_raw_midraw' retrieved from /opt/airflow/dags/avito_to_raw_midraw.py
[2026-07-22T19:15:18.968+0000] {logging_mixin.py:190} INFO - [2026-07-22T19:15:18.968+0000] {dag.py:3239} INFO - Sync 1 DAGs
[2026-07-22T19:15:18.984+0000] {logging_mixin.py:190} INFO - [2026-07-22T19:15:18.983+0000] {dag.py:4180} INFO - Setting next_dagrun for avito_to_raw_midraw to 2026-07-22 19:00:00+00:00, run_after=2026-07-22 20:00:00+00:00
[2026-07-22T19:15:18.993+0000] {processor.py:208} INFO - Processing /opt/airflow/dags/avito_to_raw_midraw.py took 0.066 seconds
[2026-07-22T19:15:49.186+0000] {processor.py:186} INFO - Started process (PID=708) to work on /opt/airflow/dags/avito_to_raw_midraw.py
[2026-07-22T19:15:49.187+0000] {processor.py:914} INFO - Processing file /opt/airflow/dags/avito_to_raw_midraw.py for tasks to queue
[2026-07-22T19:15:49.188+0000] {logging_mixin.py:190} INFO - [2026-07-22T19:15:49.188+0000] {dagbag.py:588} INFO - Filling up the DagBag from /opt/airflow/dags/avito_to_raw_midraw.py
[2026-07-22T19:15:49.199+0000] {processor.py:925} INFO - DAG(s) 'avito_to_raw_midraw' retrieved from /opt/airflow/dags/avito_to_raw_midraw.py
[2026-07-22T19:15:49.211+0000] {logging_mixin.py:190} INFO - [2026-07-22T19:15:49.211+0000] {dag.py:3239} INFO - Sync 1 DAGs
[2026-07-22T19:15:49.221+0000] {logging_mixin.py:190} INFO - [2026-07-22T19:15:49.221+0000] {dag.py:4180} INFO - Setting next_dagrun for avito_to_raw_midraw to 2026-07-22 19:00:00+00:00, run_after=2026-07-22 20:00:00+00:00
[2026-07-22T19:15:49.231+0000] {processor.py:208} INFO - Processing /opt/airflow/dags/avito_to_raw_midraw.py took 0.048 seconds
[2026-07-22T19:16:19.377+0000] {processor.py:186} INFO - Started process (PID=710) to work on /opt/airflow/dags/avito_to_raw_midraw.py
[2026-07-22T19:16:19.379+0000] {processor.py:914} INFO - Processing file /opt/airflow/dags/avito_to_raw_midraw.py for tasks to queue
[2026-07-22T19:16:19.384+0000] {logging_mixin.py:190} INFO - [2026-07-22T19:16:19.383+0000] {dagbag.py:588} INFO - Filling up the DagBag from /opt/airflow/dags/avito_to_raw_midraw.py
[2026-07-22T19:16:19.457+0000] {processor.py:925} INFO - DAG(s) 'avito_to_raw_midraw' retrieved from /opt/airflow/dags/avito_to_raw_midraw.py
[2026-07-22T19:16:19.551+0000] {logging_mixin.py:190} INFO - [2026-07-22T19:16:19.550+0000] {dag.py:3239} INFO - Sync 1 DAGs
[2026-07-22T19:16:19.632+0000] {logging_mixin.py:190} INFO - [2026-07-22T19:16:19.632+0000] {dag.py:4180} INFO - Setting next_dagrun for avito_to_raw_midraw to 2026-07-22 19:00:00+00:00, run_after=2026-07-22 20:00:00+00:00
[2026-07-22T19:16:19.684+0000] {processor.py:208} INFO - Processing /opt/airflow/dags/avito_to_raw_midraw.py took 0.329 seconds
[2026-07-22T19:16:52.310+0000] {processor.py:186} INFO - Started process (PID=712) to work on /opt/airflow/dags/avito_to_raw_midraw.py
[2026-07-22T19:16:52.450+0000] {processor.py:914} INFO - Processing file /opt/airflow/dags/avito_to_raw_midraw.py for tasks to queue
[2026-07-22T19:16:52.576+0000] {logging_mixin.py:190} INFO - [2026-07-22T19:16:52.574+0000] {dagbag.py:588} INFO - Filling up the DagBag from /opt/airflow/dags/avito_to_raw_midraw.py
[2026-07-22T19:16:55.973+0000] {processor.py:925} INFO - DAG(s) 'avito_to_raw_midraw' retrieved from /opt/airflow/dags/avito_to_raw_midraw.py
[2026-07-22T19:16:59.035+0000] {logging_mixin.py:190} INFO - [2026-07-22T19:16:59.033+0000] {dag.py:3239} INFO - Sync 1 DAGs
[2026-07-22T19:16:59.569+0000] {logging_mixin.py:190} INFO - [2026-07-22T19:16:59.569+0000] {dag.py:4180} INFO - Setting next_dagrun for avito_to_raw_midraw to 2026-07-22 19:00:00+00:00, run_after=2026-07-22 20:00:00+00:00
[2026-07-22T19:17:01.539+0000] {processor.py:208} INFO - Processing /opt/airflow/dags/avito_to_raw_midraw.py took 9.392 seconds
[2026-07-22T19:17:33.176+0000] {processor.py:186} INFO - Started process (PID=714) to work on /opt/airflow/dags/avito_to_raw_midraw.py
[2026-07-22T19:17:33.191+0000] {processor.py:914} INFO - Processing file /opt/airflow/dags/avito_to_raw_midraw.py for tasks to queue
[2026-07-22T19:17:33.200+0000] {logging_mixin.py:190} INFO - [2026-07-22T19:17:33.199+0000] {dagbag.py:588} INFO - Filling up the DagBag from /opt/airflow/dags/avito_to_raw_midraw.py
[2026-07-22T19:17:33.382+0000] {processor.py:925} INFO - DAG(s) 'avito_to_raw_midraw' retrieved from /opt/airflow/dags/avito_to_raw_midraw.py
[2026-07-22T19:17:33.630+0000] {logging_mixin.py:190} INFO - [2026-07-22T19:17:33.627+0000] {dag.py:3239} INFO - Sync 1 DAGs
[2026-07-22T19:17:34.069+0000] {logging_mixin.py:190} INFO - [2026-07-22T19:17:34.069+0000] {dag.py:4180} INFO - Setting next_dagrun for avito_to_raw_midraw to 2026-07-22 19:00:00+00:00, run_after=2026-07-22 20:00:00+00:00
[2026-07-22T19:17:34.396+0000] {processor.py:208} INFO - Processing /opt/airflow/dags/avito_to_raw_midraw.py took 1.374 seconds
[2026-07-22T19:18:04.667+0000] {processor.py:186} INFO - Started process (PID=716) to work on /opt/airflow/dags/avito_to_raw_midraw.py
[2026-07-22T19:18:04.669+0000] {processor.py:914} INFO - Processing file /opt/airflow/dags/avito_to_raw_midraw.py for tasks to queue
[2026-07-22T19:18:04.670+0000] {logging_mixin.py:190} INFO - [2026-07-22T19:18:04.670+0000] {dagbag.py:588} INFO - Filling up the DagBag from /opt/airflow/dags/avito_to_raw_midraw.py
[2026-07-22T19:18:04.678+0000] {processor.py:925} INFO - DAG(s) 'avito_to_raw_midraw' retrieved from /opt/airflow/dags/avito_to_raw_midraw.py
[2026-07-22T19:18:04.692+0000] {logging_mixin.py:190} INFO - [2026-07-22T19:18:04.691+0000] {dag.py:3239} INFO - Sync 1 DAGs
[2026-07-22T19:18:04.704+0000] {logging_mixin.py:190} INFO - [2026-07-22T19:18:04.704+0000] {dag.py:4180} INFO - Setting next_dagrun for avito_to_raw_midraw to 2026-07-22 19:00:00+00:00, run_after=2026-07-22 20:00:00+00:00
[2026-07-22T19:18:04.712+0000] {processor.py:208} INFO - Processing /opt/airflow/dags/avito_to_raw_midraw.py took 0.049 seconds
[2026-07-22T19:18:34.998+0000] {processor.py:186} INFO - Started process (PID=718) to work on /opt/airflow/dags/avito_to_raw_midraw.py
[2026-07-22T19:18:34.998+0000] {processor.py:914} INFO - Processing file /opt/airflow/dags/avito_to_raw_midraw.py for tasks to queue
[2026-07-22T19:18:34.999+0000] {logging_mixin.py:190} INFO - [2026-07-22T19:18:34.999+0000] {dagbag.py:588} INFO - Filling up the DagBag from /opt/airflow/dags/avito_to_raw_midraw.py
[2026-07-22T19:18:35.022+0000] {processor.py:925} INFO - DAG(s) 'avito_to_raw_midraw' retrieved from /opt/airflow/dags/avito_to_raw_midraw.py
[2026-07-22T19:18:35.045+0000] {logging_mixin.py:190} INFO - [2026-07-22T19:18:35.044+0000] {dag.py:3239} INFO - Sync 1 DAGs
[2026-07-22T19:18:35.060+0000] {logging_mixin.py:190} INFO - [2026-07-22T19:18:35.060+0000] {dag.py:4180} INFO - Setting next_dagrun for avito_to_raw_midraw to 2026-07-22 19:00:00+00:00, run_after=2026-07-22 20:00:00+00:00
[2026-07-22T19:18:35.071+0000] {processor.py:208} INFO - Processing /opt/airflow/dags/avito_to_raw_midraw.py took 0.081 seconds
[2026-07-22T19:19:05.293+0000] {processor.py:186} INFO - Started process (PID=720) to work on /opt/airflow/dags/avito_to_raw_midraw.py
[2026-07-22T19:19:05.294+0000] {processor.py:914} INFO - Processing file /opt/airflow/dags/avito_to_raw_midraw.py for tasks to queue
[2026-07-22T19:19:05.295+0000] {logging_mixin.py:190} INFO - [2026-07-22T19:19:05.295+0000] {dagbag.py:588} INFO - Filling up the DagBag from /opt/airflow/dags/avito_to_raw_midraw.py
[2026-07-22T19:19:05.309+0000] {processor.py:925} INFO - DAG(s) 'avito_to_raw_midraw' retrieved from /opt/airflow/dags/avito_to_raw_midraw.py
[2026-07-22T19:19:05.324+0000] {logging_mixin.py:190} INFO - [2026-07-22T19:19:05.324+0000] {dag.py:3239} INFO - Sync 1 DAGs
[2026-07-22T19:19:05.335+0000] {logging_mixin.py:190} INFO - [2026-07-22T19:19:05.334+0000] {dag.py:4180} INFO - Setting next_dagrun for avito_to_raw_midraw to 2026-07-22 19:00:00+00:00, run_after=2026-07-22 20:00:00+00:00
[2026-07-22T19:19:05.344+0000] {processor.py:208} INFO - Processing /opt/airflow/dags/avito_to_raw_midraw.py took 0.053 seconds
[2026-07-22T19:19:35.576+0000] {processor.py:186} INFO - Started process (PID=722) to work on /opt/airflow/dags/avito_to_raw_midraw.py
[2026-07-22T19:19:35.577+0000] {processor.py:914} INFO - Processing file /opt/airflow/dags/avito_to_raw_midraw.py for tasks to queue
[2026-07-22T19:19:35.577+0000] {logging_mixin.py:190} INFO - [2026-07-22T19:19:35.577+0000] {dagbag.py:588} INFO - Filling up the DagBag from /opt/airflow/dags/avito_to_raw_midraw.py
[2026-07-22T19:19:35.591+0000] {processor.py:925} INFO - DAG(s) 'avito_to_raw_midraw' retrieved from /opt/airflow/dags/avito_to_raw_midraw.py
[2026-07-22T19:19:35.606+0000] {logging_mixin.py:190} INFO - [2026-07-22T19:19:35.606+0000] {dag.py:3239} INFO - Sync 1 DAGs
[2026-07-22T19:19:35.618+0000] {logging_mixin.py:190} INFO - [2026-07-22T19:19:35.618+0000] {dag.py:4180} INFO - Setting next_dagrun for avito_to_raw_midraw to 2026-07-22 19:00:00+00:00, run_after=2026-07-22 20:00:00+00:00
[2026-07-22T19:19:35.629+0000] {processor.py:208} INFO - Processing /opt/airflow/dags/avito_to_raw_midraw.py took 0.056 seconds
[2026-07-22T19:20:05.793+0000] {processor.py:186} INFO - Started process (PID=724) to work on /opt/airflow/dags/avito_to_raw_midraw.py
[2026-07-22T19:20:05.795+0000] {processor.py:914} INFO - Processing file /opt/airflow/dags/avito_to_raw_midraw.py for tasks to queue
[2026-07-22T19:20:05.796+0000] {logging_mixin.py:190} INFO - [2026-07-22T19:20:05.795+0000] {dagbag.py:588} INFO - Filling up the DagBag from /opt/airflow/dags/avito_to_raw_midraw.py
[2026-07-22T19:20:05.809+0000] {processor.py:925} INFO - DAG(s) 'avito_to_raw_midraw' retrieved from /opt/airflow/dags/avito_to_raw_midraw.py
[2026-07-22T19:20:05.825+0000] {logging_mixin.py:190} INFO - [2026-07-22T19:20:05.825+0000] {dag.py:3239} INFO - Sync 1 DAGs
[2026-07-22T19:20:05.837+0000] {logging_mixin.py:190} INFO - [2026-07-22T19:20:05.837+0000] {dag.py:4180} INFO - Setting next_dagrun for avito_to_raw_midraw to 2026-07-22 19:00:00+00:00, run_after=2026-07-22 20:00:00+00:00
[2026-07-22T19:20:05.849+0000] {processor.py:208} INFO - Processing /opt/airflow/dags/avito_to_raw_midraw.py took 0.060 seconds
[2026-07-22T19:20:36.116+0000] {processor.py:186} INFO - Started process (PID=726) to work on /opt/airflow/dags/avito_to_raw_midraw.py
[2026-07-22T19:20:36.117+0000] {processor.py:914} INFO - Processing file /opt/airflow/dags/avito_to_raw_midraw.py for tasks to queue
[2026-07-22T19:20:36.118+0000] {logging_mixin.py:190} INFO - [2026-07-22T19:20:36.118+0000] {dagbag.py:588} INFO - Filling up the DagBag from /opt/airflow/dags/avito_to_raw_midraw.py
[2026-07-22T19:20:36.134+0000] {processor.py:925} INFO - DAG(s) 'avito_to_raw_midraw' retrieved from /opt/airflow/dags/avito_to_raw_midraw.py
[2026-07-22T19:20:36.155+0000] {logging_mixin.py:190} INFO - [2026-07-22T19:20:36.155+0000] {dag.py:3239} INFO - Sync 1 DAGs
[2026-07-22T19:20:36.172+0000] {logging_mixin.py:190} INFO - [2026-07-22T19:20:36.172+0000] {dag.py:4180} INFO - Setting next_dagrun for avito_to_raw_midraw to 2026-07-22 19:00:00+00:00, run_after=2026-07-22 20:00:00+00:00
[2026-07-22T19:20:36.185+0000] {processor.py:208} INFO - Processing /opt/airflow/dags/avito_to_raw_midraw.py took 0.072 seconds
[2026-07-22T19:21:06.542+0000] {processor.py:186} INFO - Started process (PID=728) to work on /opt/airflow/dags/avito_to_raw_midraw.py
[2026-07-22T19:21:06.543+0000] {processor.py:914} INFO - Processing file /opt/airflow/dags/avito_to_raw_midraw.py for tasks to queue
[2026-07-22T19:21:06.543+0000] {logging_mixin.py:190} INFO - [2026-07-22T19:21:06.543+0000] {dagbag.py:588} INFO - Filling up the DagBag from /opt/airflow/dags/avito_to_raw_midraw.py
[2026-07-22T19:21:06.564+0000] {processor.py:925} INFO - DAG(s) 'avito_to_raw_midraw' retrieved from /opt/airflow/dags/avito_to_raw_midraw.py
[2026-07-22T19:21:06.583+0000] {logging_mixin.py:190} INFO - [2026-07-22T19:21:06.583+0000] {dag.py:3239} INFO - Sync 1 DAGs
[2026-07-22T19:21:06.597+0000] {logging_mixin.py:190} INFO - [2026-07-22T19:21:06.597+0000] {dag.py:4180} INFO - Setting next_dagrun for avito_to_raw_midraw to 2026-07-22 19:00:00+00:00, run_after=2026-07-22 20:00:00+00:00
[2026-07-22T19:21:06.607+0000] {processor.py:208} INFO - Processing /opt/airflow/dags/avito_to_raw_midraw.py took 0.069 seconds
[2026-07-22T19:21:36.809+0000] {processor.py:186} INFO - Started process (PID=730) to work on /opt/airflow/dags/avito_to_raw_midraw.py
[2026-07-22T19:21:36.809+0000] {processor.py:914} INFO - Processing file /opt/airflow/dags/avito_to_raw_midraw.py for tasks to queue
[2026-07-22T19:21:36.810+0000] {logging_mixin.py:190} INFO - [2026-07-22T19:21:36.810+0000] {dagbag.py:588} INFO - Filling up the DagBag from /opt/airflow/dags/avito_to_raw_midraw.py
[2026-07-22T19:21:36.826+0000] {processor.py:925} INFO - DAG(s) 'avito_to_raw_midraw' retrieved from /opt/airflow/dags/avito_to_raw_midraw.py
[2026-07-22T19:21:36.841+0000] {logging_mixin.py:190} INFO - [2026-07-22T19:21:36.841+0000] {dag.py:3239} INFO - Sync 1 DAGs
[2026-07-22T19:21:36.854+0000] {logging_mixin.py:190} INFO - [2026-07-22T19:21:36.854+0000] {dag.py:4180} INFO - Setting next_dagrun for avito_to_raw_midraw to 2026-07-22 19:00:00+00:00, run_after=2026-07-22 20:00:00+00:00
[2026-07-22T19:21:36.864+0000] {processor.py:208} INFO - Processing /opt/airflow/dags/avito_to_raw_midraw.py took 0.058 seconds
[2026-07-22T19:22:07.134+0000] {processor.py:186} INFO - Started process (PID=732) to work on /opt/airflow/dags/avito_to_raw_midraw.py
[2026-07-22T19:22:07.134+0000] {processor.py:914} INFO - Processing file /opt/airflow/dags/avito_to_raw_midraw.py for tasks to queue
[2026-07-22T19:22:07.135+0000] {logging_mixin.py:190} INFO - [2026-07-22T19:22:07.135+0000] {dagbag.py:588} INFO - Filling up the DagBag from /opt/airflow/dags/avito_to_raw_midraw.py
[2026-07-22T19:22:07.154+0000] {processor.py:925} INFO - DAG(s) 'avito_to_raw_midraw' retrieved from /opt/airflow/dags/avito_to_raw_midraw.py
[2026-07-22T19:22:07.169+0000] {logging_mixin.py:190} INFO - [2026-07-22T19:22:07.169+0000] {dag.py:3239} INFO - Sync 1 DAGs
[2026-07-22T19:22:07.181+0000] {logging_mixin.py:190} INFO - [2026-07-22T19:22:07.180+0000] {dag.py:4180} INFO - Setting next_dagrun for avito_to_raw_midraw to 2026-07-22 19:00:00+00:00, run_after=2026-07-22 20:00:00+00:00
[2026-07-22T19:22:07.192+0000] {processor.py:208} INFO - Processing /opt/airflow/dags/avito_to_raw_midraw.py took 0.063 seconds
[2026-07-22T19:22:37.409+0000] {processor.py:186} INFO - Started process (PID=734) to work on /opt/airflow/dags/avito_to_raw_midraw.py
[2026-07-22T19:22:37.410+0000] {processor.py:914} INFO - Processing file /opt/airflow/dags/avito_to_raw_midraw.py for tasks to queue
[2026-07-22T19:22:37.412+0000] {logging_mixin.py:190} INFO - [2026-07-22T19:22:37.412+0000] {dagbag.py:588} INFO - Filling up the DagBag from /opt/airflow/dags/avito_to_raw_midraw.py
[2026-07-22T19:22:37.427+0000] {processor.py:925} INFO - DAG(s) 'avito_to_raw_midraw' retrieved from /opt/airflow/dags/avito_to_raw_midraw.py
[2026-07-22T19:22:37.447+0000] {logging_mixin.py:190} INFO - [2026-07-22T19:22:37.446+0000] {dag.py:3239} INFO - Sync 1 DAGs
[2026-07-22T19:22:37.462+0000] {logging_mixin.py:190} INFO - [2026-07-22T19:22:37.462+0000] {dag.py:4180} INFO - Setting next_dagrun for avito_to_raw_midraw to 2026-07-22 19:00:00+00:00, run_after=2026-07-22 20:00:00+00:00
[2026-07-22T19:22:37.474+0000] {processor.py:208} INFO - Processing /opt/airflow/dags/avito_to_raw_midraw.py took 0.070 seconds
[2026-07-22T19:23:07.691+0000] {processor.py:186} INFO - Started process (PID=736) to work on /opt/airflow/dags/avito_to_raw_midraw.py
[2026-07-22T19:23:07.692+0000] {processor.py:914} INFO - Processing file /opt/airflow/dags/avito_to_raw_midraw.py for tasks to queue
[2026-07-22T19:23:07.693+0000] {logging_mixin.py:190} INFO - [2026-07-22T19:23:07.693+0000] {dagbag.py:588} INFO - Filling up the DagBag from /opt/airflow/dags/avito_to_raw_midraw.py
[2026-07-22T19:23:07.709+0000] {processor.py:925} INFO - DAG(s) 'avito_to_raw_midraw' retrieved from /opt/airflow/dags/avito_to_raw_midraw.py
[2026-07-22T19:23:07.721+0000] {logging_mixin.py:190} INFO - [2026-07-22T19:23:07.721+0000] {dag.py:3239} INFO - Sync 1 DAGs
[2026-07-22T19:23:07.733+0000] {logging_mixin.py:190} INFO - [2026-07-22T19:23:07.733+0000] {dag.py:4180} INFO - Setting next_dagrun for avito_to_raw_midraw to 2026-07-22 19:00:00+00:00, run_after=2026-07-22 20:00:00+00:00
[2026-07-22T19:23:07.743+0000] {processor.py:208} INFO - Processing /opt/airflow/dags/avito_to_raw_midraw.py took 0.055 seconds
[2026-07-22T19:23:38.674+0000] {processor.py:186} INFO - Started process (PID=738) to work on /opt/airflow/dags/avito_to_raw_midraw.py
[2026-07-22T19:23:38.677+0000] {processor.py:914} INFO - Processing file /opt/airflow/dags/avito_to_raw_midraw.py for tasks to queue
[2026-07-22T19:23:38.681+0000] {logging_mixin.py:190} INFO - [2026-07-22T19:23:38.680+0000] {dagbag.py:588} INFO - Filling up the DagBag from /opt/airflow/dags/avito_to_raw_midraw.py
[2026-07-22T19:23:38.763+0000] {processor.py:925} INFO - DAG(s) 'avito_to_raw_midraw' retrieved from /opt/airflow/dags/avito_to_raw_midraw.py
[2026-07-22T19:23:38.847+0000] {logging_mixin.py:190} INFO - [2026-07-22T19:23:38.846+0000] {dag.py:3239} INFO - Sync 1 DAGs
[2026-07-22T19:23:38.918+0000] {logging_mixin.py:190} INFO - [2026-07-22T19:23:38.917+0000] {dag.py:4180} INFO - Setting next_dagrun for avito_to_raw_midraw to 2026-07-22 19:00:00+00:00, run_after=2026-07-22 20:00:00+00:00
[2026-07-22T19:23:38.974+0000] {processor.py:208} INFO - Processing /opt/airflow/dags/avito_to_raw_midraw.py took 0.319 seconds
[2026-07-22T19:24:09.334+0000] {processor.py:186} INFO - Started process (PID=740) to work on /opt/airflow/dags/avito_to_raw_midraw.py
[2026-07-22T19:24:09.347+0000] {processor.py:914} INFO - Processing file /opt/airflow/dags/avito_to_raw_midraw.py for tasks to queue
[2026-07-22T19:24:09.359+0000] {logging_mixin.py:190} INFO - [2026-07-22T19:24:09.354+0000] {dagbag.py:588} INFO - Filling up the DagBag from /opt/airflow/dags/avito_to_raw_midraw.py
[2026-07-22T19:24:09.654+0000] {processor.py:925} INFO - DAG(s) 'avito_to_raw_midraw' retrieved from /opt/airflow/dags/avito_to_raw_midraw.py
[2026-07-22T19:24:09.979+0000] {logging_mixin.py:190} INFO - [2026-07-22T19:24:09.978+0000] {dag.py:3239} INFO - Sync 1 DAGs
[2026-07-22T19:24:10.175+0000] {logging_mixin.py:190} INFO - [2026-07-22T19:24:10.173+0000] {dag.py:4180} INFO - Setting next_dagrun for avito_to_raw_midraw to 2026-07-22 19:00:00+00:00, run_after=2026-07-22 20:00:00+00:00
[2026-07-22T19:24:10.396+0000] {processor.py:208} INFO - Processing /opt/airflow/dags/avito_to_raw_midraw.py took 1.115 seconds
[2026-07-22T19:24:59.875+0000] {processor.py:186} INFO - Started process (PID=741) to work on /opt/airflow/dags/avito_to_raw_midraw.py
[2026-07-22T19:24:59.979+0000] {processor.py:914} INFO - Processing file /opt/airflow/dags/avito_to_raw_midraw.py for tasks to queue
[2026-07-22T19:25:00.390+0000] {logging_mixin.py:190} INFO - [2026-07-22T19:25:00.030+0000] {dagbag.py:588} INFO - Filling up the DagBag from /opt/airflow/dags/avito_to_raw_midraw.py
[2026-07-22T19:25:02.511+0000] {processor.py:925} INFO - DAG(s) 'avito_to_raw_midraw' retrieved from /opt/airflow/dags/avito_to_raw_midraw.py
[2026-07-22T19:25:04.599+0000] {logging_mixin.py:190} INFO - [2026-07-22T19:25:04.598+0000] {dag.py:3239} INFO - Sync 1 DAGs
[2026-07-22T19:25:07.025+0000] {logging_mixin.py:190} INFO - [2026-07-22T19:25:07.025+0000] {dag.py:4180} INFO - Setting next_dagrun for avito_to_raw_midraw to 2026-07-22 19:00:00+00:00, run_after=2026-07-22 20:00:00+00:00
[2026-07-22T19:25:07.659+0000] {processor.py:208} INFO - Processing /opt/airflow/dags/avito_to_raw_midraw.py took 9.166 seconds
[2026-07-22T19:25:38.029+0000] {processor.py:186} INFO - Started process (PID=743) to work on /opt/airflow/dags/avito_to_raw_midraw.py
[2026-07-22T19:25:38.030+0000] {processor.py:914} INFO - Processing file /opt/airflow/dags/avito_to_raw_midraw.py for tasks to queue
[2026-07-22T19:25:38.030+0000] {logging_mixin.py:190} INFO - [2026-07-22T19:25:38.030+0000] {dagbag.py:588} INFO - Filling up the DagBag from /opt/airflow/dags/avito_to_raw_midraw.py
[2026-07-22T19:25:38.040+0000] {processor.py:925} INFO - DAG(s) 'avito_to_raw_midraw' retrieved from /opt/airflow/dags/avito_to_raw_midraw.py
[2026-07-22T19:25:38.058+0000] {logging_mixin.py:190} INFO - [2026-07-22T19:25:38.058+0000] {dag.py:3239} INFO - Sync 1 DAGs
[2026-07-22T19:25:38.072+0000] {logging_mixin.py:190} INFO - [2026-07-22T19:25:38.072+0000] {dag.py:4180} INFO - Setting next_dagrun for avito_to_raw_midraw to 2026-07-22 19:00:00+00:00, run_after=2026-07-22 20:00:00+00:00
[2026-07-22T19:25:38.080+0000] {processor.py:208} INFO - Processing /opt/airflow/dags/avito_to_raw_midraw.py took 0.059 seconds
[2026-07-22T19:26:08.234+0000] {processor.py:186} INFO - Started process (PID=745) to work on /opt/airflow/dags/avito_to_raw_midraw.py
[2026-07-22T19:26:08.236+0000] {processor.py:914} INFO - Processing file /opt/airflow/dags/avito_to_raw_midraw.py for tasks to queue
[2026-07-22T19:26:08.236+0000] {logging_mixin.py:190} INFO - [2026-07-22T19:26:08.236+0000] {dagbag.py:588} INFO - Filling up the DagBag from /opt/airflow/dags/avito_to_raw_midraw.py
[2026-07-22T19:26:08.253+0000] {processor.py:925} INFO - DAG(s) 'avito_to_raw_midraw' retrieved from /opt/airflow/dags/avito_to_raw_midraw.py
[2026-07-22T19:26:08.273+0000] {logging_mixin.py:190} INFO - [2026-07-22T19:26:08.273+0000] {dag.py:3239} INFO - Sync 1 DAGs
[2026-07-22T19:26:08.288+0000] {logging_mixin.py:190} INFO - [2026-07-22T19:26:08.288+0000] {dag.py:4180} INFO - Setting next_dagrun for avito_to_raw_midraw to 2026-07-22 19:00:00+00:00, run_after=2026-07-22 20:00:00+00:00
[2026-07-22T19:26:08.299+0000] {processor.py:208} INFO - Processing /opt/airflow/dags/avito_to_raw_midraw.py took 0.071 seconds
[2026-07-22T19:32:09.694+0000] {processor.py:186} INFO - Started process (PID=748) to work on /opt/airflow/dags/avito_to_raw_midraw.py
[2026-07-22T19:32:09.694+0000] {processor.py:914} INFO - Processing file /opt/airflow/dags/avito_to_raw_midraw.py for tasks to queue
[2026-07-22T19:32:09.696+0000] {logging_mixin.py:190} INFO - [2026-07-22T19:32:09.696+0000] {dagbag.py:588} INFO - Filling up the DagBag from /opt/airflow/dags/avito_to_raw_midraw.py
[2026-07-22T19:32:09.718+0000] {processor.py:925} INFO - DAG(s) 'avito_to_raw_midraw' retrieved from /opt/airflow/dags/avito_to_raw_midraw.py
[2026-07-22T19:32:09.745+0000] {logging_mixin.py:190} INFO - [2026-07-22T19:32:09.745+0000] {dag.py:3239} INFO - Sync 1 DAGs
[2026-07-22T19:32:09.765+0000] {logging_mixin.py:190} INFO - [2026-07-22T19:32:09.764+0000] {dag.py:4180} INFO - Setting next_dagrun for avito_to_raw_midraw to 2026-07-22 19:00:00+00:00, run_after=2026-07-22 20:00:00+00:00
[2026-07-22T19:32:09.775+0000] {processor.py:208} INFO - Processing /opt/airflow/dags/avito_to_raw_midraw.py took 0.086 seconds
[2026-07-22T19:32:43.027+0000] {processor.py:186} INFO - Started process (PID=750) to work on /opt/airflow/dags/avito_to_raw_midraw.py
[2026-07-22T19:32:43.076+0000] {processor.py:914} INFO - Processing file /opt/airflow/dags/avito_to_raw_midraw.py for tasks to queue
[2026-07-22T19:32:43.079+0000] {logging_mixin.py:190} INFO - [2026-07-22T19:32:43.078+0000] {dagbag.py:588} INFO - Filling up the DagBag from /opt/airflow/dags/avito_to_raw_midraw.py
[2026-07-22T19:32:45.033+0000] {processor.py:925} INFO - DAG(s) 'avito_to_raw_midraw' retrieved from /opt/airflow/dags/avito_to_raw_midraw.py
[2026-07-22T19:32:49.231+0000] {logging_mixin.py:190} INFO - [2026-07-22T19:32:49.219+0000] {dag.py:3239} INFO - Sync 1 DAGs
[2026-07-22T19:32:50.201+0000] {logging_mixin.py:190} INFO - [2026-07-22T19:32:50.200+0000] {dag.py:4180} INFO - Setting next_dagrun for avito_to_raw_midraw to 2026-07-22 19:00:00+00:00, run_after=2026-07-22 20:00:00+00:00
[2026-07-22T19:32:52.914+0000] {processor.py:208} INFO - Processing /opt/airflow/dags/avito_to_raw_midraw.py took 10.127 seconds
[2026-07-22T19:33:27.482+0000] {processor.py:186} INFO - Started process (PID=752) to work on /opt/airflow/dags/avito_to_raw_midraw.py
[2026-07-22T19:33:27.624+0000] {processor.py:914} INFO - Processing file /opt/airflow/dags/avito_to_raw_midraw.py for tasks to queue
[2026-07-22T19:33:27.655+0000] {logging_mixin.py:190} INFO - [2026-07-22T19:33:27.641+0000] {dagbag.py:588} INFO - Filling up the DagBag from /opt/airflow/dags/avito_to_raw_midraw.py
[2026-07-22T19:33:30.929+0000] {processor.py:925} INFO - DAG(s) 'avito_to_raw_midraw' retrieved from /opt/airflow/dags/avito_to_raw_midraw.py
[2026-07-22T19:33:33.986+0000] {logging_mixin.py:190} INFO - [2026-07-22T19:33:33.973+0000] {dag.py:3239} INFO - Sync 1 DAGs
[2026-07-22T19:33:35.674+0000] {logging_mixin.py:190} INFO - [2026-07-22T19:33:35.659+0000] {dag.py:4180} INFO - Setting next_dagrun for avito_to_raw_midraw to 2026-07-22 19:00:00+00:00, run_after=2026-07-22 20:00:00+00:00
[2026-07-22T19:33:38.348+0000] {processor.py:208} INFO - Processing /opt/airflow/dags/avito_to_raw_midraw.py took 11.135 seconds
[2026-07-22T19:34:10.949+0000] {processor.py:186} INFO - Started process (PID=753) to work on /opt/airflow/dags/avito_to_raw_midraw.py
[2026-07-22T19:34:11.111+0000] {processor.py:914} INFO - Processing file /opt/airflow/dags/avito_to_raw_midraw.py for tasks to queue
[2026-07-22T19:34:11.115+0000] {logging_mixin.py:190} INFO - [2026-07-22T19:34:11.114+0000] {dagbag.py:588} INFO - Filling up the DagBag from /opt/airflow/dags/avito_to_raw_midraw.py
[2026-07-22T19:34:12.121+0000] {processor.py:925} INFO - DAG(s) 'avito_to_raw_midraw' retrieved from /opt/airflow/dags/avito_to_raw_midraw.py
[2026-07-22T19:34:14.547+0000] {logging_mixin.py:190} INFO - [2026-07-22T19:34:14.534+0000] {dag.py:3239} INFO - Sync 1 DAGs
[2026-07-22T19:34:15.439+0000] {logging_mixin.py:190} INFO - [2026-07-22T19:34:15.429+0000] {dag.py:4180} INFO - Setting next_dagrun for avito_to_raw_midraw to 2026-07-22 19:00:00+00:00, run_after=2026-07-22 20:00:00+00:00
[2026-07-22T19:34:17.185+0000] {processor.py:208} INFO - Processing /opt/airflow/dags/avito_to_raw_midraw.py took 6.544 seconds
[2026-07-22T19:34:47.811+0000] {processor.py:186} INFO - Started process (PID=755) to work on /opt/airflow/dags/avito_to_raw_midraw.py
[2026-07-22T19:34:47.814+0000] {processor.py:914} INFO - Processing file /opt/airflow/dags/avito_to_raw_midraw.py for tasks to queue
[2026-07-22T19:34:47.818+0000] {logging_mixin.py:190} INFO - [2026-07-22T19:34:47.817+0000] {dagbag.py:588} INFO - Filling up the DagBag from /opt/airflow/dags/avito_to_raw_midraw.py
[2026-07-22T19:34:47.891+0000] {processor.py:925} INFO - DAG(s) 'avito_to_raw_midraw' retrieved from /opt/airflow/dags/avito_to_raw_midraw.py
[2026-07-22T19:34:48.019+0000] {logging_mixin.py:190} INFO - [2026-07-22T19:34:48.018+0000] {dag.py:3239} INFO - Sync 1 DAGs
[2026-07-22T19:34:48.094+0000] {logging_mixin.py:190} INFO - [2026-07-22T19:34:48.093+0000] {dag.py:4180} INFO - Setting next_dagrun for avito_to_raw_midraw to 2026-07-22 19:00:00+00:00, run_after=2026-07-22 20:00:00+00:00
[2026-07-22T19:34:48.184+0000] {processor.py:208} INFO - Processing /opt/airflow/dags/avito_to_raw_midraw.py took 0.386 seconds
[2026-07-22T19:35:21.113+0000] {processor.py:186} INFO - Started process (PID=757) to work on /opt/airflow/dags/avito_to_raw_midraw.py
[2026-07-22T19:35:21.170+0000] {processor.py:914} INFO - Processing file /opt/airflow/dags/avito_to_raw_midraw.py for tasks to queue
[2026-07-22T19:35:21.404+0000] {logging_mixin.py:190} INFO - [2026-07-22T19:35:21.403+0000] {dagbag.py:588} INFO - Filling up the DagBag from /opt/airflow/dags/avito_to_raw_midraw.py
[2026-07-22T19:35:23.705+0000] {processor.py:925} INFO - DAG(s) 'avito_to_raw_midraw' retrieved from /opt/airflow/dags/avito_to_raw_midraw.py
[2026-07-22T19:35:29.826+0000] {logging_mixin.py:190} INFO - [2026-07-22T19:35:29.712+0000] {dag.py:3239} INFO - Sync 1 DAGs
[2026-07-22T19:35:32.264+0000] {logging_mixin.py:190} INFO - [2026-07-22T19:35:32.264+0000] {dag.py:4180} INFO - Setting next_dagrun for avito_to_raw_midraw to 2026-07-22 19:00:00+00:00, run_after=2026-07-22 20:00:00+00:00
[2026-07-22T19:35:36.161+0000] {processor.py:208} INFO - Processing /opt/airflow/dags/avito_to_raw_midraw.py took 16.206 seconds
[2026-07-22T19:36:07.371+0000] {processor.py:186} INFO - Started process (PID=760) to work on /opt/airflow/dags/avito_to_raw_midraw.py
[2026-07-22T19:36:07.437+0000] {processor.py:914} INFO - Processing file /opt/airflow/dags/avito_to_raw_midraw.py for tasks to queue
[2026-07-22T19:36:07.659+0000] {logging_mixin.py:190} INFO - [2026-07-22T19:36:07.634+0000] {dagbag.py:588} INFO - Filling up the DagBag from /opt/airflow/dags/avito_to_raw_midraw.py
[2026-07-22T19:36:29.554+0000] {processor.py:925} INFO - DAG(s) 'avito_to_raw_midraw' retrieved from /opt/airflow/dags/avito_to_raw_midraw.py
[2026-07-22T19:37:18.085+0000] {logging_mixin.py:190} INFO - [2026-07-22T19:37:18.081+0000] {dag.py:3239} INFO - Sync 1 DAGs
[2026-07-22T19:37:50.356+0000] {processor.py:186} INFO - Started process (PID=762) to work on /opt/airflow/dags/avito_to_raw_midraw.py
[2026-07-22T19:37:50.365+0000] {processor.py:914} INFO - Processing file /opt/airflow/dags/avito_to_raw_midraw.py for tasks to queue
[2026-07-22T19:37:50.370+0000] {logging_mixin.py:190} INFO - [2026-07-22T19:37:50.369+0000] {dagbag.py:588} INFO - Filling up the DagBag from /opt/airflow/dags/avito_to_raw_midraw.py
[2026-07-22T19:37:50.484+0000] {processor.py:925} INFO - DAG(s) 'avito_to_raw_midraw' retrieved from /opt/airflow/dags/avito_to_raw_midraw.py
[2026-07-22T19:37:51.569+0000] {logging_mixin.py:190} INFO - [2026-07-22T19:37:51.564+0000] {dag.py:3239} INFO - Sync 1 DAGs
[2026-07-22T19:37:51.849+0000] {logging_mixin.py:190} INFO - [2026-07-22T19:37:51.848+0000] {dag.py:4180} INFO - Setting next_dagrun for avito_to_raw_midraw to 2026-07-22 19:00:00+00:00, run_after=2026-07-22 20:00:00+00:00
[2026-07-22T19:37:52.089+0000] {processor.py:208} INFO - Processing /opt/airflow/dags/avito_to_raw_midraw.py took 1.775 seconds
[2026-07-22T19:38:23.186+0000] {processor.py:186} INFO - Started process (PID=764) to work on /opt/airflow/dags/avito_to_raw_midraw.py
[2026-07-22T19:38:23.197+0000] {processor.py:914} INFO - Processing file /opt/airflow/dags/avito_to_raw_midraw.py for tasks to queue
[2026-07-22T19:38:23.229+0000] {logging_mixin.py:190} INFO - [2026-07-22T19:38:23.218+0000] {dagbag.py:588} INFO - Filling up the DagBag from /opt/airflow/dags/avito_to_raw_midraw.py
[2026-07-22T19:38:23.449+0000] {processor.py:925} INFO - DAG(s) 'avito_to_raw_midraw' retrieved from /opt/airflow/dags/avito_to_raw_midraw.py
[2026-07-22T19:38:23.659+0000] {logging_mixin.py:190} INFO - [2026-07-22T19:38:23.655+0000] {dag.py:3239} INFO - Sync 1 DAGs
[2026-07-22T19:38:23.788+0000] {logging_mixin.py:190} INFO - [2026-07-22T19:38:23.783+0000] {dag.py:4180} INFO - Setting next_dagrun for avito_to_raw_midraw to 2026-07-22 19:00:00+00:00, run_after=2026-07-22 20:00:00+00:00
[2026-07-22T19:38:23.906+0000] {processor.py:208} INFO - Processing /opt/airflow/dags/avito_to_raw_midraw.py took 0.779 seconds
[2026-07-22T19:38:55.627+0000] {processor.py:186} INFO - Started process (PID=766) to work on /opt/airflow/dags/avito_to_raw_midraw.py
[2026-07-22T19:38:55.815+0000] {processor.py:914} INFO - Processing file /opt/airflow/dags/avito_to_raw_midraw.py for tasks to queue
[2026-07-22T19:38:55.946+0000] {logging_mixin.py:190} INFO - [2026-07-22T19:38:55.945+0000] {dagbag.py:588} INFO - Filling up the DagBag from /opt/airflow/dags/avito_to_raw_midraw.py
[2026-07-22T19:38:57.926+0000] {processor.py:925} INFO - DAG(s) 'avito_to_raw_midraw' retrieved from /opt/airflow/dags/avito_to_raw_midraw.py
[2026-07-22T19:39:01.059+0000] {logging_mixin.py:190} INFO - [2026-07-22T19:39:01.058+0000] {dag.py:3239} INFO - Sync 1 DAGs
[2026-07-22T19:39:02.102+0000] {logging_mixin.py:190} INFO - [2026-07-22T19:39:02.088+0000] {dag.py:4180} INFO - Setting next_dagrun for avito_to_raw_midraw to 2026-07-22 19:00:00+00:00, run_after=2026-07-22 20:00:00+00:00
[2026-07-22T19:39:03.936+0000] {processor.py:208} INFO - Processing /opt/airflow/dags/avito_to_raw_midraw.py took 8.699 seconds
[2026-07-22T19:39:35.155+0000] {processor.py:186} INFO - Started process (PID=768) to work on /opt/airflow/dags/avito_to_raw_midraw.py
[2026-07-22T19:39:35.171+0000] {processor.py:914} INFO - Processing file /opt/airflow/dags/avito_to_raw_midraw.py for tasks to queue
[2026-07-22T19:39:35.184+0000] {logging_mixin.py:190} INFO - [2026-07-22T19:39:35.178+0000] {dagbag.py:588} INFO - Filling up the DagBag from /opt/airflow/dags/avito_to_raw_midraw.py
[2026-07-22T19:39:35.310+0000] {processor.py:925} INFO - DAG(s) 'avito_to_raw_midraw' retrieved from /opt/airflow/dags/avito_to_raw_midraw.py
[2026-07-22T19:39:35.479+0000] {logging_mixin.py:190} INFO - [2026-07-22T19:39:35.476+0000] {dag.py:3239} INFO - Sync 1 DAGs
[2026-07-22T19:39:35.607+0000] {logging_mixin.py:190} INFO - [2026-07-22T19:39:35.607+0000] {dag.py:4180} INFO - Setting next_dagrun for avito_to_raw_midraw to 2026-07-22 19:00:00+00:00, run_after=2026-07-22 20:00:00+00:00
[2026-07-22T19:39:35.670+0000] {processor.py:208} INFO - Processing /opt/airflow/dags/avito_to_raw_midraw.py took 0.577 seconds
[2026-07-22T19:40:08.527+0000] {processor.py:186} INFO - Started process (PID=770) to work on /opt/airflow/dags/avito_to_raw_midraw.py
[2026-07-22T19:40:08.732+0000] {processor.py:914} INFO - Processing file /opt/airflow/dags/avito_to_raw_midraw.py for tasks to queue
[2026-07-22T19:40:08.914+0000] {logging_mixin.py:190} INFO - [2026-07-22T19:40:08.901+0000] {dagbag.py:588} INFO - Filling up the DagBag from /opt/airflow/dags/avito_to_raw_midraw.py
[2026-07-22T19:40:10.288+0000] {processor.py:925} INFO - DAG(s) 'avito_to_raw_midraw' retrieved from /opt/airflow/dags/avito_to_raw_midraw.py
[2026-07-22T19:40:13.753+0000] {logging_mixin.py:190} INFO - [2026-07-22T19:40:13.746+0000] {dag.py:3239} INFO - Sync 1 DAGs
[2026-07-22T19:40:13.843+0000] {logging_mixin.py:190} INFO - [2026-07-22T19:40:13.843+0000] {dag.py:4180} INFO - Setting next_dagrun for avito_to_raw_midraw to 2026-07-22 19:00:00+00:00, run_after=2026-07-22 20:00:00+00:00
[2026-07-22T19:40:13.869+0000] {processor.py:208} INFO - Processing /opt/airflow/dags/avito_to_raw_midraw.py took 5.478 seconds
[2026-07-22T19:40:44.210+0000] {processor.py:186} INFO - Started process (PID=772) to work on /opt/airflow/dags/avito_to_raw_midraw.py
[2026-07-22T19:40:44.210+0000] {processor.py:914} INFO - Processing file /opt/airflow/dags/avito_to_raw_midraw.py for tasks to queue
[2026-07-22T19:40:44.211+0000] {logging_mixin.py:190} INFO - [2026-07-22T19:40:44.211+0000] {dagbag.py:588} INFO - Filling up the DagBag from /opt/airflow/dags/avito_to_raw_midraw.py
[2026-07-22T19:40:44.219+0000] {processor.py:925} INFO - DAG(s) 'avito_to_raw_midraw' retrieved from /opt/airflow/dags/avito_to_raw_midraw.py
[2026-07-22T19:40:44.233+0000] {logging_mixin.py:190} INFO - [2026-07-22T19:40:44.233+0000] {dag.py:3239} INFO - Sync 1 DAGs
[2026-07-22T19:40:44.245+0000] {logging_mixin.py:190} INFO - [2026-07-22T19:40:44.245+0000] {dag.py:4180} INFO - Setting next_dagrun for avito_to_raw_midraw to 2026-07-22 19:00:00+00:00, run_after=2026-07-22 20:00:00+00:00
[2026-07-22T19:40:44.252+0000] {processor.py:208} INFO - Processing /opt/airflow/dags/avito_to_raw_midraw.py took 0.045 seconds
[2026-07-22T19:41:14.892+0000] {processor.py:186} INFO - Started process (PID=774) to work on /opt/airflow/dags/avito_to_raw_midraw.py
[2026-07-22T19:41:14.894+0000] {processor.py:914} INFO - Processing file /opt/airflow/dags/avito_to_raw_midraw.py for tasks to queue
[2026-07-22T19:41:14.898+0000] {logging_mixin.py:190} INFO - [2026-07-22T19:41:14.897+0000] {dagbag.py:588} INFO - Filling up the DagBag from /opt/airflow/dags/avito_to_raw_midraw.py
[2026-07-22T19:41:14.928+0000] {processor.py:925} INFO - DAG(s) 'avito_to_raw_midraw' retrieved from /opt/airflow/dags/avito_to_raw_midraw.py
[2026-07-22T19:41:15.000+0000] {logging_mixin.py:190} INFO - [2026-07-22T19:41:15.000+0000] {dag.py:3239} INFO - Sync 1 DAGs
[2026-07-22T19:41:15.089+0000] {logging_mixin.py:190} INFO - [2026-07-22T19:41:15.088+0000] {dag.py:4180} INFO - Setting next_dagrun for avito_to_raw_midraw to 2026-07-22 19:00:00+00:00, run_after=2026-07-22 20:00:00+00:00
[2026-07-22T19:41:15.159+0000] {processor.py:208} INFO - Processing /opt/airflow/dags/avito_to_raw_midraw.py took 0.335 seconds
[2026-07-22T19:41:48.325+0000] {processor.py:186} INFO - Started process (PID=776) to work on /opt/airflow/dags/avito_to_raw_midraw.py
[2026-07-22T19:41:48.554+0000] {processor.py:914} INFO - Processing file /opt/airflow/dags/avito_to_raw_midraw.py for tasks to queue
[2026-07-22T19:41:48.903+0000] {logging_mixin.py:190} INFO - [2026-07-22T19:41:48.901+0000] {dagbag.py:588} INFO - Filling up the DagBag from /opt/airflow/dags/avito_to_raw_midraw.py
[2026-07-22T19:41:51.731+0000] {processor.py:925} INFO - DAG(s) 'avito_to_raw_midraw' retrieved from /opt/airflow/dags/avito_to_raw_midraw.py
[2026-07-22T19:41:55.288+0000] {logging_mixin.py:190} INFO - [2026-07-22T19:41:55.223+0000] {dag.py:3239} INFO - Sync 1 DAGs
[2026-07-22T19:41:57.580+0000] {logging_mixin.py:190} INFO - [2026-07-22T19:41:57.580+0000] {dag.py:4180} INFO - Setting next_dagrun for avito_to_raw_midraw to 2026-07-22 19:00:00+00:00, run_after=2026-07-22 20:00:00+00:00
[2026-07-22T19:42:00.589+0000] {processor.py:208} INFO - Processing /opt/airflow/dags/avito_to_raw_midraw.py took 12.402 seconds
[2026-07-22T19:42:35.889+0000] {processor.py:186} INFO - Started process (PID=777) to work on /opt/airflow/dags/avito_to_raw_midraw.py
[2026-07-22T19:42:36.068+0000] {processor.py:914} INFO - Processing file /opt/airflow/dags/avito_to_raw_midraw.py for tasks to queue
[2026-07-22T19:42:36.458+0000] {logging_mixin.py:190} INFO - [2026-07-22T19:42:36.450+0000] {dagbag.py:588} INFO - Filling up the DagBag from /opt/airflow/dags/avito_to_raw_midraw.py
[2026-07-22T19:42:38.388+0000] {processor.py:925} INFO - DAG(s) 'avito_to_raw_midraw' retrieved from /opt/airflow/dags/avito_to_raw_midraw.py
[2026-07-22T19:42:40.707+0000] {logging_mixin.py:190} INFO - [2026-07-22T19:42:40.706+0000] {dag.py:3239} INFO - Sync 1 DAGs
[2026-07-22T19:42:42.896+0000] {logging_mixin.py:190} INFO - [2026-07-22T19:42:42.885+0000] {dag.py:4180} INFO - Setting next_dagrun for avito_to_raw_midraw to 2026-07-22 19:00:00+00:00, run_after=2026-07-22 20:00:00+00:00
[2026-07-22T19:42:46.222+0000] {processor.py:208} INFO - Processing /opt/airflow/dags/avito_to_raw_midraw.py took 10.467 seconds
[2026-07-22T19:43:20.675+0000] {processor.py:186} INFO - Started process (PID=780) to work on /opt/airflow/dags/avito_to_raw_midraw.py
[2026-07-22T19:43:20.774+0000] {processor.py:914} INFO - Processing file /opt/airflow/dags/avito_to_raw_midraw.py for tasks to queue
[2026-07-22T19:43:20.842+0000] {logging_mixin.py:190} INFO - [2026-07-22T19:43:20.841+0000] {dagbag.py:588} INFO - Filling up the DagBag from /opt/airflow/dags/avito_to_raw_midraw.py
[2026-07-22T19:43:21.657+0000] {processor.py:925} INFO - DAG(s) 'avito_to_raw_midraw' retrieved from /opt/airflow/dags/avito_to_raw_midraw.py
[2026-07-22T19:43:22.338+0000] {logging_mixin.py:190} INFO - [2026-07-22T19:43:22.338+0000] {dag.py:3239} INFO - Sync 1 DAGs
[2026-07-22T19:43:22.557+0000] {logging_mixin.py:190} INFO - [2026-07-22T19:43:22.554+0000] {dag.py:4180} INFO - Setting next_dagrun for avito_to_raw_midraw to 2026-07-22 19:00:00+00:00, run_after=2026-07-22 20:00:00+00:00
[2026-07-22T19:43:23.122+0000] {processor.py:208} INFO - Processing /opt/airflow/dags/avito_to_raw_midraw.py took 2.724 seconds
[2026-07-22T19:56:34.117+0000] {processor.py:186} INFO - Started process (PID=782) to work on /opt/airflow/dags/avito_to_raw_midraw.py
[2026-07-22T19:56:34.168+0000] {processor.py:914} INFO - Processing file /opt/airflow/dags/avito_to_raw_midraw.py for tasks to queue
[2026-07-22T19:56:34.207+0000] {logging_mixin.py:190} INFO - [2026-07-22T19:56:34.196+0000] {dagbag.py:588} INFO - Filling up the DagBag from /opt/airflow/dags/avito_to_raw_midraw.py
[2026-07-22T19:56:36.235+0000] {processor.py:925} INFO - DAG(s) 'avito_to_raw_midraw' retrieved from /opt/airflow/dags/avito_to_raw_midraw.py
[2026-07-22T19:56:39.966+0000] {logging_mixin.py:190} INFO - [2026-07-22T19:56:39.965+0000] {dag.py:3239} INFO - Sync 1 DAGs
[2026-07-22T19:56:42.191+0000] {logging_mixin.py:190} INFO - [2026-07-22T19:56:42.183+0000] {dag.py:4180} INFO - Setting next_dagrun for avito_to_raw_midraw to 2026-07-22 19:00:00+00:00, run_after=2026-07-22 20:00:00+00:00
[2026-07-22T19:56:43.132+0000] {processor.py:208} INFO - Processing /opt/airflow/dags/avito_to_raw_midraw.py took 9.352 seconds
[2026-07-22T19:57:14.705+0000] {processor.py:186} INFO - Started process (PID=784) to work on /opt/airflow/dags/avito_to_raw_midraw.py
[2026-07-22T19:57:14.723+0000] {processor.py:914} INFO - Processing file /opt/airflow/dags/avito_to_raw_midraw.py for tasks to queue
[2026-07-22T19:57:14.749+0000] {logging_mixin.py:190} INFO - [2026-07-22T19:57:14.740+0000] {dagbag.py:588} INFO - Filling up the DagBag from /opt/airflow/dags/avito_to_raw_midraw.py
[2026-07-22T19:57:15.167+0000] {processor.py:925} INFO - DAG(s) 'avito_to_raw_midraw' retrieved from /opt/airflow/dags/avito_to_raw_midraw.py
[2026-07-22T19:57:15.696+0000] {logging_mixin.py:190} INFO - [2026-07-22T19:57:15.688+0000] {dag.py:3239} INFO - Sync 1 DAGs
[2026-07-22T19:57:16.106+0000] {logging_mixin.py:190} INFO - [2026-07-22T19:57:16.106+0000] {dag.py:4180} INFO - Setting next_dagrun for avito_to_raw_midraw to 2026-07-22 19:00:00+00:00, run_after=2026-07-22 20:00:00+00:00
[2026-07-22T19:57:17.072+0000] {processor.py:208} INFO - Processing /opt/airflow/dags/avito_to_raw_midraw.py took 2.508 seconds
[2026-07-22T19:57:49.955+0000] {processor.py:186} INFO - Started process (PID=786) to work on /opt/airflow/dags/avito_to_raw_midraw.py
[2026-07-22T19:57:50.240+0000] {processor.py:914} INFO - Processing file /opt/airflow/dags/avito_to_raw_midraw.py for tasks to queue
[2026-07-22T19:57:50.409+0000] {logging_mixin.py:190} INFO - [2026-07-22T19:57:50.387+0000] {dagbag.py:588} INFO - Filling up the DagBag from /opt/airflow/dags/avito_to_raw_midraw.py
[2026-07-22T19:57:52.757+0000] {processor.py:925} INFO - DAG(s) 'avito_to_raw_midraw' retrieved from /opt/airflow/dags/avito_to_raw_midraw.py
[2026-07-22T19:57:55.164+0000] {logging_mixin.py:190} INFO - [2026-07-22T19:57:55.163+0000] {dag.py:3239} INFO - Sync 1 DAGs
[2026-07-22T19:57:56.614+0000] {logging_mixin.py:190} INFO - [2026-07-22T19:57:56.613+0000] {dag.py:4180} INFO - Setting next_dagrun for avito_to_raw_midraw to 2026-07-22 19:00:00+00:00, run_after=2026-07-22 20:00:00+00:00
[2026-07-22T19:57:57.959+0000] {processor.py:208} INFO - Processing /opt/airflow/dags/avito_to_raw_midraw.py took 8.361 seconds
[2026-07-22T19:58:29.814+0000] {processor.py:186} INFO - Started process (PID=788) to work on /opt/airflow/dags/avito_to_raw_midraw.py
[2026-07-22T19:58:29.859+0000] {processor.py:914} INFO - Processing file /opt/airflow/dags/avito_to_raw_midraw.py for tasks to queue
[2026-07-22T19:58:29.914+0000] {logging_mixin.py:190} INFO - [2026-07-22T19:58:29.877+0000] {dagbag.py:588} INFO - Filling up the DagBag from /opt/airflow/dags/avito_to_raw_midraw.py
[2026-07-22T19:58:31.887+0000] {processor.py:925} INFO - DAG(s) 'avito_to_raw_midraw' retrieved from /opt/airflow/dags/avito_to_raw_midraw.py
[2026-07-22T19:58:34.318+0000] {logging_mixin.py:190} INFO - [2026-07-22T19:58:34.290+0000] {dag.py:3239} INFO - Sync 1 DAGs
[2026-07-22T19:58:36.613+0000] {logging_mixin.py:190} INFO - [2026-07-22T19:58:36.610+0000] {dag.py:4180} INFO - Setting next_dagrun for avito_to_raw_midraw to 2026-07-22 19:00:00+00:00, run_after=2026-07-22 20:00:00+00:00
[2026-07-22T19:58:37.705+0000] {processor.py:208} INFO - Processing /opt/airflow/dags/avito_to_raw_midraw.py took 7.985 seconds
[2026-07-22T19:59:10.502+0000] {processor.py:186} INFO - Started process (PID=789) to work on /opt/airflow/dags/avito_to_raw_midraw.py
[2026-07-22T19:59:10.813+0000] {processor.py:914} INFO - Processing file /opt/airflow/dags/avito_to_raw_midraw.py for tasks to queue
[2026-07-22T19:59:10.976+0000] {logging_mixin.py:190} INFO - [2026-07-22T19:59:10.961+0000] {dagbag.py:588} INFO - Filling up the DagBag from /opt/airflow/dags/avito_to_raw_midraw.py
[2026-07-22T19:59:15.024+0000] {processor.py:925} INFO - DAG(s) 'avito_to_raw_midraw' retrieved from /opt/airflow/dags/avito_to_raw_midraw.py
[2026-07-22T19:59:19.195+0000] {logging_mixin.py:190} INFO - [2026-07-22T19:59:18.811+0000] {dag.py:3239} INFO - Sync 1 DAGs
[2026-07-22T19:59:20.343+0000] {logging_mixin.py:190} INFO - [2026-07-22T19:59:20.341+0000] {dag.py:4180} INFO - Setting next_dagrun for avito_to_raw_midraw to 2026-07-22 19:00:00+00:00, run_after=2026-07-22 20:00:00+00:00
[2026-07-22T19:59:20.782+0000] {processor.py:208} INFO - Processing /opt/airflow/dags/avito_to_raw_midraw.py took 10.337 seconds
[2026-07-22T20:04:57.527+0000] {processor.py:186} INFO - Started process (PID=792) to work on /opt/airflow/dags/avito_to_raw_midraw.py
[2026-07-22T20:04:57.530+0000] {processor.py:914} INFO - Processing file /opt/airflow/dags/avito_to_raw_midraw.py for tasks to queue
[2026-07-22T20:04:57.533+0000] {logging_mixin.py:190} INFO - [2026-07-22T20:04:57.532+0000] {dagbag.py:588} INFO - Filling up the DagBag from /opt/airflow/dags/avito_to_raw_midraw.py
[2026-07-22T20:04:57.570+0000] {processor.py:925} INFO - DAG(s) 'avito_to_raw_midraw' retrieved from /opt/airflow/dags/avito_to_raw_midraw.py
[2026-07-22T20:04:57.606+0000] {logging_mixin.py:190} INFO - [2026-07-22T20:04:57.606+0000] {dag.py:3239} INFO - Sync 1 DAGs
[2026-07-22T20:04:57.624+0000] {logging_mixin.py:190} INFO - [2026-07-22T20:04:57.624+0000] {dag.py:4180} INFO - Setting next_dagrun for avito_to_raw_midraw to 2026-07-22 19:00:00+00:00, run_after=2026-07-22 20:00:00+00:00
[2026-07-22T20:04:57.640+0000] {processor.py:208} INFO - Processing /opt/airflow/dags/avito_to_raw_midraw.py took 0.125 seconds
[2026-07-22T20:05:27.852+0000] {processor.py:186} INFO - Started process (PID=794) to work on /opt/airflow/dags/avito_to_raw_midraw.py
[2026-07-22T20:05:27.854+0000] {processor.py:914} INFO - Processing file /opt/airflow/dags/avito_to_raw_midraw.py for tasks to queue
[2026-07-22T20:05:27.856+0000] {logging_mixin.py:190} INFO - [2026-07-22T20:05:27.855+0000] {dagbag.py:588} INFO - Filling up the DagBag from /opt/airflow/dags/avito_to_raw_midraw.py
[2026-07-22T20:05:27.875+0000] {processor.py:925} INFO - DAG(s) 'avito_to_raw_midraw' retrieved from /opt/airflow/dags/avito_to_raw_midraw.py
[2026-07-22T20:05:27.912+0000] {logging_mixin.py:190} INFO - [2026-07-22T20:05:27.912+0000] {dag.py:3239} INFO - Sync 1 DAGs
[2026-07-22T20:05:27.929+0000] {logging_mixin.py:190} INFO - [2026-07-22T20:05:27.929+0000] {dag.py:4180} INFO - Setting next_dagrun for avito_to_raw_midraw to 2026-07-22 20:00:00+00:00, run_after=2026-07-22 21:00:00+00:00
[2026-07-22T20:05:27.940+0000] {processor.py:208} INFO - Processing /opt/airflow/dags/avito_to_raw_midraw.py took 0.092 seconds
[2026-07-22T20:05:58.093+0000] {processor.py:186} INFO - Started process (PID=796) to work on /opt/airflow/dags/avito_to_raw_midraw.py
[2026-07-22T20:05:58.094+0000] {processor.py:914} INFO - Processing file /opt/airflow/dags/avito_to_raw_midraw.py for tasks to queue
[2026-07-22T20:05:58.095+0000] {logging_mixin.py:190} INFO - [2026-07-22T20:05:58.095+0000] {dagbag.py:588} INFO - Filling up the DagBag from /opt/airflow/dags/avito_to_raw_midraw.py
[2026-07-22T20:05:58.114+0000] {processor.py:925} INFO - DAG(s) 'avito_to_raw_midraw' retrieved from /opt/airflow/dags/avito_to_raw_midraw.py
[2026-07-22T20:05:58.134+0000] {logging_mixin.py:190} INFO - [2026-07-22T20:05:58.134+0000] {dag.py:3239} INFO - Sync 1 DAGs
[2026-07-22T20:05:58.152+0000] {logging_mixin.py:190} INFO - [2026-07-22T20:05:58.152+0000] {dag.py:4180} INFO - Setting next_dagrun for avito_to_raw_midraw to 2026-07-22 20:00:00+00:00, run_after=2026-07-22 21:00:00+00:00
[2026-07-22T20:05:58.163+0000] {processor.py:208} INFO - Processing /opt/airflow/dags/avito_to_raw_midraw.py took 0.074 seconds
[2026-07-22T20:06:28.414+0000] {processor.py:186} INFO - Started process (PID=798) to work on /opt/airflow/dags/avito_to_raw_midraw.py
[2026-07-22T20:06:28.414+0000] {processor.py:914} INFO - Processing file /opt/airflow/dags/avito_to_raw_midraw.py for tasks to queue
[2026-07-22T20:06:28.416+0000] {logging_mixin.py:190} INFO - [2026-07-22T20:06:28.415+0000] {dagbag.py:588} INFO - Filling up the DagBag from /opt/airflow/dags/avito_to_raw_midraw.py
[2026-07-22T20:06:28.431+0000] {processor.py:925} INFO - DAG(s) 'avito_to_raw_midraw' retrieved from /opt/airflow/dags/avito_to_raw_midraw.py
[2026-07-22T20:06:28.451+0000] {logging_mixin.py:190} INFO - [2026-07-22T20:06:28.451+0000] {dag.py:3239} INFO - Sync 1 DAGs
[2026-07-22T20:06:28.466+0000] {logging_mixin.py:190} INFO - [2026-07-22T20:06:28.466+0000] {dag.py:4180} INFO - Setting next_dagrun for avito_to_raw_midraw to 2026-07-22 20:00:00+00:00, run_after=2026-07-22 21:00:00+00:00
[2026-07-22T20:06:28.475+0000] {processor.py:208} INFO - Processing /opt/airflow/dags/avito_to_raw_midraw.py took 0.065 seconds
[2026-07-22T20:06:58.780+0000] {processor.py:186} INFO - Started process (PID=800) to work on /opt/airflow/dags/avito_to_raw_midraw.py
[2026-07-22T20:06:58.781+0000] {processor.py:914} INFO - Processing file /opt/airflow/dags/avito_to_raw_midraw.py for tasks to queue
[2026-07-22T20:06:58.781+0000] {logging_mixin.py:190} INFO - [2026-07-22T20:06:58.781+0000] {dagbag.py:588} INFO - Filling up the DagBag from /opt/airflow/dags/avito_to_raw_midraw.py
[2026-07-22T20:06:58.800+0000] {processor.py:925} INFO - DAG(s) 'avito_to_raw_midraw' retrieved from /opt/airflow/dags/avito_to_raw_midraw.py
[2026-07-22T20:06:58.821+0000] {logging_mixin.py:190} INFO - [2026-07-22T20:06:58.821+0000] {dag.py:3239} INFO - Sync 1 DAGs
[2026-07-22T20:06:58.838+0000] {logging_mixin.py:190} INFO - [2026-07-22T20:06:58.838+0000] {dag.py:4180} INFO - Setting next_dagrun for avito_to_raw_midraw to 2026-07-22 20:00:00+00:00, run_after=2026-07-22 21:00:00+00:00
[2026-07-22T20:06:58.854+0000] {processor.py:208} INFO - Processing /opt/airflow/dags/avito_to_raw_midraw.py took 0.077 seconds
[2026-07-22T20:07:29.337+0000] {processor.py:186} INFO - Started process (PID=802) to work on /opt/airflow/dags/avito_to_raw_midraw.py
[2026-07-22T20:07:29.340+0000] {processor.py:914} INFO - Processing file /opt/airflow/dags/avito_to_raw_midraw.py for tasks to queue
[2026-07-22T20:07:29.344+0000] {logging_mixin.py:190} INFO - [2026-07-22T20:07:29.343+0000] {dagbag.py:588} INFO - Filling up the DagBag from /opt/airflow/dags/avito_to_raw_midraw.py
[2026-07-22T20:07:29.390+0000] {processor.py:925} INFO - DAG(s) 'avito_to_raw_midraw' retrieved from /opt/airflow/dags/avito_to_raw_midraw.py
[2026-07-22T20:07:29.445+0000] {logging_mixin.py:190} INFO - [2026-07-22T20:07:29.445+0000] {dag.py:3239} INFO - Sync 1 DAGs
[2026-07-22T20:07:29.510+0000] {logging_mixin.py:190} INFO - [2026-07-22T20:07:29.509+0000] {dag.py:4180} INFO - Setting next_dagrun for avito_to_raw_midraw to 2026-07-22 20:00:00+00:00, run_after=2026-07-22 21:00:00+00:00
[2026-07-22T20:07:29.548+0000] {processor.py:208} INFO - Processing /opt/airflow/dags/avito_to_raw_midraw.py took 0.232 seconds
[2026-07-22T20:08:00.471+0000] {processor.py:186} INFO - Started process (PID=804) to work on /opt/airflow/dags/avito_to_raw_midraw.py
[2026-07-22T20:08:00.474+0000] {processor.py:914} INFO - Processing file /opt/airflow/dags/avito_to_raw_midraw.py for tasks to queue
[2026-07-22T20:08:00.477+0000] {logging_mixin.py:190} INFO - [2026-07-22T20:08:00.476+0000] {dagbag.py:588} INFO - Filling up the DagBag from /opt/airflow/dags/avito_to_raw_midraw.py
[2026-07-22T20:08:00.547+0000] {processor.py:925} INFO - DAG(s) 'avito_to_raw_midraw' retrieved from /opt/airflow/dags/avito_to_raw_midraw.py
[2026-07-22T20:08:00.638+0000] {logging_mixin.py:190} INFO - [2026-07-22T20:08:00.636+0000] {dag.py:3239} INFO - Sync 1 DAGs
[2026-07-22T20:08:00.955+0000] {logging_mixin.py:190} INFO - [2026-07-22T20:08:00.948+0000] {dag.py:4180} INFO - Setting next_dagrun for avito_to_raw_midraw to 2026-07-22 20:00:00+00:00, run_after=2026-07-22 21:00:00+00:00
[2026-07-22T20:08:01.151+0000] {processor.py:208} INFO - Processing /opt/airflow/dags/avito_to_raw_midraw.py took 0.696 seconds
[2026-07-22T20:08:31.411+0000] {processor.py:186} INFO - Started process (PID=806) to work on /opt/airflow/dags/avito_to_raw_midraw.py
[2026-07-22T20:08:31.421+0000] {processor.py:914} INFO - Processing file /opt/airflow/dags/avito_to_raw_midraw.py for tasks to queue
[2026-07-22T20:08:31.425+0000] {logging_mixin.py:190} INFO - [2026-07-22T20:08:31.424+0000] {dagbag.py:588} INFO - Filling up the DagBag from /opt/airflow/dags/avito_to_raw_midraw.py
[2026-07-22T20:08:31.587+0000] {processor.py:925} INFO - DAG(s) 'avito_to_raw_midraw' retrieved from /opt/airflow/dags/avito_to_raw_midraw.py
[2026-07-22T20:08:31.847+0000] {logging_mixin.py:190} INFO - [2026-07-22T20:08:31.847+0000] {dag.py:3239} INFO - Sync 1 DAGs
[2026-07-22T20:08:32.088+0000] {logging_mixin.py:190} INFO - [2026-07-22T20:08:32.088+0000] {dag.py:4180} INFO - Setting next_dagrun for avito_to_raw_midraw to 2026-07-22 20:00:00+00:00, run_after=2026-07-22 21:00:00+00:00
[2026-07-22T20:08:32.245+0000] {processor.py:208} INFO - Processing /opt/airflow/dags/avito_to_raw_midraw.py took 0.876 seconds
[2026-07-22T20:09:04.263+0000] {processor.py:186} INFO - Started process (PID=808) to work on /opt/airflow/dags/avito_to_raw_midraw.py
[2026-07-22T20:09:04.284+0000] {processor.py:914} INFO - Processing file /opt/airflow/dags/avito_to_raw_midraw.py for tasks to queue
[2026-07-22T20:09:04.354+0000] {logging_mixin.py:190} INFO - [2026-07-22T20:09:04.353+0000] {dagbag.py:588} INFO - Filling up the DagBag from /opt/airflow/dags/avito_to_raw_midraw.py
[2026-07-22T20:09:06.671+0000] {processor.py:925} INFO - DAG(s) 'avito_to_raw_midraw' retrieved from /opt/airflow/dags/avito_to_raw_midraw.py
[2026-07-22T20:09:09.396+0000] {logging_mixin.py:190} INFO - [2026-07-22T20:09:09.395+0000] {dag.py:3239} INFO - Sync 1 DAGs
[2026-07-22T20:09:11.001+0000] {logging_mixin.py:190} INFO - [2026-07-22T20:09:10.954+0000] {dag.py:4180} INFO - Setting next_dagrun for avito_to_raw_midraw to 2026-07-22 20:00:00+00:00, run_after=2026-07-22 21:00:00+00:00
[2026-07-22T20:09:13.305+0000] {processor.py:208} INFO - Processing /opt/airflow/dags/avito_to_raw_midraw.py took 9.180 seconds
[2026-07-22T20:09:47.272+0000] {processor.py:186} INFO - Started process (PID=810) to work on /opt/airflow/dags/avito_to_raw_midraw.py
[2026-07-22T20:09:47.474+0000] {processor.py:914} INFO - Processing file /opt/airflow/dags/avito_to_raw_midraw.py for tasks to queue
[2026-07-22T20:09:47.671+0000] {logging_mixin.py:190} INFO - [2026-07-22T20:09:47.655+0000] {dagbag.py:588} INFO - Filling up the DagBag from /opt/airflow/dags/avito_to_raw_midraw.py
[2026-07-22T20:09:49.854+0000] {processor.py:925} INFO - DAG(s) 'avito_to_raw_midraw' retrieved from /opt/airflow/dags/avito_to_raw_midraw.py
[2026-07-22T20:09:51.754+0000] {logging_mixin.py:190} INFO - [2026-07-22T20:09:51.753+0000] {dag.py:3239} INFO - Sync 1 DAGs
[2026-07-22T20:09:53.160+0000] {logging_mixin.py:190} INFO - [2026-07-22T20:09:53.159+0000] {dag.py:4180} INFO - Setting next_dagrun for avito_to_raw_midraw to 2026-07-22 20:00:00+00:00, run_after=2026-07-22 21:00:00+00:00
[2026-07-22T20:09:55.602+0000] {processor.py:208} INFO - Processing /opt/airflow/dags/avito_to_raw_midraw.py took 8.479 seconds
[2026-07-22T20:10:29.128+0000] {processor.py:186} INFO - Started process (PID=811) to work on /opt/airflow/dags/avito_to_raw_midraw.py
[2026-07-22T20:10:29.261+0000] {processor.py:914} INFO - Processing file /opt/airflow/dags/avito_to_raw_midraw.py for tasks to queue
[2026-07-22T20:10:29.355+0000] {logging_mixin.py:190} INFO - [2026-07-22T20:10:29.353+0000] {dagbag.py:588} INFO - Filling up the DagBag from /opt/airflow/dags/avito_to_raw_midraw.py
[2026-07-22T20:10:31.786+0000] {processor.py:925} INFO - DAG(s) 'avito_to_raw_midraw' retrieved from /opt/airflow/dags/avito_to_raw_midraw.py
[2026-07-22T20:10:35.598+0000] {logging_mixin.py:190} INFO - [2026-07-22T20:10:35.550+0000] {dag.py:3239} INFO - Sync 1 DAGs
[2026-07-22T20:10:37.910+0000] {logging_mixin.py:190} INFO - [2026-07-22T20:10:37.909+0000] {dag.py:4180} INFO - Setting next_dagrun for avito_to_raw_midraw to 2026-07-22 20:00:00+00:00, run_after=2026-07-22 21:00:00+00:00
[2026-07-22T20:10:39.838+0000] {processor.py:208} INFO - Processing /opt/airflow/dags/avito_to_raw_midraw.py took 11.069 seconds
[2026-07-22T20:11:13.457+0000] {processor.py:186} INFO - Started process (PID=814) to work on /opt/airflow/dags/avito_to_raw_midraw.py
[2026-07-22T20:11:13.753+0000] {processor.py:914} INFO - Processing file /opt/airflow/dags/avito_to_raw_midraw.py for tasks to queue
[2026-07-22T20:11:13.803+0000] {logging_mixin.py:190} INFO - [2026-07-22T20:11:13.768+0000] {dagbag.py:588} INFO - Filling up the DagBag from /opt/airflow/dags/avito_to_raw_midraw.py
[2026-07-22T20:11:17.125+0000] {processor.py:925} INFO - DAG(s) 'avito_to_raw_midraw' retrieved from /opt/airflow/dags/avito_to_raw_midraw.py
[2026-07-22T20:11:19.703+0000] {logging_mixin.py:190} INFO - [2026-07-22T20:11:19.702+0000] {dag.py:3239} INFO - Sync 1 DAGs
[2026-07-22T20:11:20.809+0000] {logging_mixin.py:190} INFO - [2026-07-22T20:11:20.706+0000] {dag.py:4180} INFO - Setting next_dagrun for avito_to_raw_midraw to 2026-07-22 20:00:00+00:00, run_after=2026-07-22 21:00:00+00:00
[2026-07-22T20:11:21.623+0000] {processor.py:208} INFO - Processing /opt/airflow/dags/avito_to_raw_midraw.py took 8.420 seconds
[2026-07-22T20:11:52.845+0000] {processor.py:186} INFO - Started process (PID=816) to work on /opt/airflow/dags/avito_to_raw_midraw.py
[2026-07-22T20:11:52.862+0000] {processor.py:914} INFO - Processing file /opt/airflow/dags/avito_to_raw_midraw.py for tasks to queue
[2026-07-22T20:11:52.887+0000] {logging_mixin.py:190} INFO - [2026-07-22T20:11:52.881+0000] {dagbag.py:588} INFO - Filling up the DagBag from /opt/airflow/dags/avito_to_raw_midraw.py
[2026-07-22T20:11:53.446+0000] {processor.py:925} INFO - DAG(s) 'avito_to_raw_midraw' retrieved from /opt/airflow/dags/avito_to_raw_midraw.py
[2026-07-22T20:11:54.293+0000] {logging_mixin.py:190} INFO - [2026-07-22T20:11:54.284+0000] {dag.py:3239} INFO - Sync 1 DAGs
[2026-07-22T20:11:55.023+0000] {logging_mixin.py:190} INFO - [2026-07-22T20:11:55.022+0000] {dag.py:4180} INFO - Setting next_dagrun for avito_to_raw_midraw to 2026-07-22 20:00:00+00:00, run_after=2026-07-22 21:00:00+00:00
[2026-07-22T20:11:55.473+0000] {processor.py:208} INFO - Processing /opt/airflow/dags/avito_to_raw_midraw.py took 3.122 seconds
[2026-07-22T20:12:26.379+0000] {processor.py:186} INFO - Started process (PID=818) to work on /opt/airflow/dags/avito_to_raw_midraw.py
[2026-07-22T20:12:26.382+0000] {processor.py:914} INFO - Processing file /opt/airflow/dags/avito_to_raw_midraw.py for tasks to queue
[2026-07-22T20:12:26.385+0000] {logging_mixin.py:190} INFO - [2026-07-22T20:12:26.384+0000] {dagbag.py:588} INFO - Filling up the DagBag from /opt/airflow/dags/avito_to_raw_midraw.py
[2026-07-22T20:12:26.438+0000] {processor.py:925} INFO - DAG(s) 'avito_to_raw_midraw' retrieved from /opt/airflow/dags/avito_to_raw_midraw.py
[2026-07-22T20:12:26.836+0000] {logging_mixin.py:190} INFO - [2026-07-22T20:12:26.835+0000] {dag.py:3239} INFO - Sync 1 DAGs
[2026-07-22T20:12:27.401+0000] {logging_mixin.py:190} INFO - [2026-07-22T20:12:27.393+0000] {dag.py:4180} INFO - Setting next_dagrun for avito_to_raw_midraw to 2026-07-22 20:00:00+00:00, run_after=2026-07-22 21:00:00+00:00
[2026-07-22T20:12:27.833+0000] {processor.py:208} INFO - Processing /opt/airflow/dags/avito_to_raw_midraw.py took 1.468 seconds
[2026-07-22T20:17:55.509+0000] {processor.py:186} INFO - Started process (PID=820) to work on /opt/airflow/dags/avito_to_raw_midraw.py
[2026-07-22T20:17:55.514+0000] {processor.py:914} INFO - Processing file /opt/airflow/dags/avito_to_raw_midraw.py for tasks to queue
[2026-07-22T20:17:55.521+0000] {logging_mixin.py:190} INFO - [2026-07-22T20:17:55.521+0000] {dagbag.py:588} INFO - Filling up the DagBag from /opt/airflow/dags/avito_to_raw_midraw.py
[2026-07-22T20:17:55.667+0000] {processor.py:925} INFO - DAG(s) 'avito_to_raw_midraw' retrieved from /opt/airflow/dags/avito_to_raw_midraw.py
[2026-07-22T20:17:55.703+0000] {logging_mixin.py:190} INFO - [2026-07-22T20:17:55.702+0000] {dag.py:3239} INFO - Sync 1 DAGs
[2026-07-22T20:17:55.749+0000] {logging_mixin.py:190} INFO - [2026-07-22T20:17:55.749+0000] {dag.py:4180} INFO - Setting next_dagrun for avito_to_raw_midraw to 2026-07-22 20:00:00+00:00, run_after=2026-07-22 21:00:00+00:00
[2026-07-22T20:17:55.763+0000] {processor.py:208} INFO - Processing /opt/airflow/dags/avito_to_raw_midraw.py took 0.308 seconds
[2026-07-22T20:18:25.784+0000] {processor.py:186} INFO - Started process (PID=822) to work on /opt/airflow/dags/avito_to_raw_midraw.py
[2026-07-22T20:18:25.785+0000] {processor.py:914} INFO - Processing file /opt/airflow/dags/avito_to_raw_midraw.py for tasks to queue
[2026-07-22T20:18:25.786+0000] {logging_mixin.py:190} INFO - [2026-07-22T20:18:25.786+0000] {dagbag.py:588} INFO - Filling up the DagBag from /opt/airflow/dags/avito_to_raw_midraw.py
[2026-07-22T20:18:25.794+0000] {processor.py:925} INFO - DAG(s) 'avito_to_raw_midraw' retrieved from /opt/airflow/dags/avito_to_raw_midraw.py
[2026-07-22T20:18:25.807+0000] {logging_mixin.py:190} INFO - [2026-07-22T20:18:25.807+0000] {dag.py:3239} INFO - Sync 1 DAGs
[2026-07-22T20:18:25.817+0000] {logging_mixin.py:190} INFO - [2026-07-22T20:18:25.817+0000] {dag.py:4180} INFO - Setting next_dagrun for avito_to_raw_midraw to 2026-07-22 20:00:00+00:00, run_after=2026-07-22 21:00:00+00:00
[2026-07-22T20:18:25.824+0000] {processor.py:208} INFO - Processing /opt/airflow/dags/avito_to_raw_midraw.py took 0.043 seconds
[2026-07-22T20:18:56.039+0000] {processor.py:186} INFO - Started process (PID=824) to work on /opt/airflow/dags/avito_to_raw_midraw.py
[2026-07-22T20:18:56.039+0000] {processor.py:914} INFO - Processing file /opt/airflow/dags/avito_to_raw_midraw.py for tasks to queue
[2026-07-22T20:18:56.039+0000] {logging_mixin.py:190} INFO - [2026-07-22T20:18:56.039+0000] {dagbag.py:588} INFO - Filling up the DagBag from /opt/airflow/dags/avito_to_raw_midraw.py
[2026-07-22T20:18:56.051+0000] {processor.py:925} INFO - DAG(s) 'avito_to_raw_midraw' retrieved from /opt/airflow/dags/avito_to_raw_midraw.py
[2026-07-22T20:18:56.067+0000] {logging_mixin.py:190} INFO - [2026-07-22T20:18:56.067+0000] {dag.py:3239} INFO - Sync 1 DAGs
[2026-07-22T20:18:56.078+0000] {logging_mixin.py:190} INFO - [2026-07-22T20:18:56.078+0000] {dag.py:4180} INFO - Setting next_dagrun for avito_to_raw_midraw to 2026-07-22 20:00:00+00:00, run_after=2026-07-22 21:00:00+00:00
[2026-07-22T20:18:56.087+0000] {processor.py:208} INFO - Processing /opt/airflow/dags/avito_to_raw_midraw.py took 0.051 seconds
[2026-07-22T20:19:26.286+0000] {processor.py:186} INFO - Started process (PID=826) to work on /opt/airflow/dags/avito_to_raw_midraw.py
[2026-07-22T20:19:26.287+0000] {processor.py:914} INFO - Processing file /opt/airflow/dags/avito_to_raw_midraw.py for tasks to queue
[2026-07-22T20:19:26.288+0000] {logging_mixin.py:190} INFO - [2026-07-22T20:19:26.288+0000] {dagbag.py:588} INFO - Filling up the DagBag from /opt/airflow/dags/avito_to_raw_midraw.py
[2026-07-22T20:19:26.302+0000] {processor.py:925} INFO - DAG(s) 'avito_to_raw_midraw' retrieved from /opt/airflow/dags/avito_to_raw_midraw.py
[2026-07-22T20:19:26.316+0000] {logging_mixin.py:190} INFO - [2026-07-22T20:19:26.316+0000] {dag.py:3239} INFO - Sync 1 DAGs
[2026-07-22T20:19:26.327+0000] {logging_mixin.py:190} INFO - [2026-07-22T20:19:26.327+0000] {dag.py:4180} INFO - Setting next_dagrun for avito_to_raw_midraw to 2026-07-22 20:00:00+00:00, run_after=2026-07-22 21:00:00+00:00
[2026-07-22T20:19:26.336+0000] {processor.py:208} INFO - Processing /opt/airflow/dags/avito_to_raw_midraw.py took 0.052 seconds
[2026-07-22T20:19:56.633+0000] {processor.py:186} INFO - Started process (PID=828) to work on /opt/airflow/dags/avito_to_raw_midraw.py
[2026-07-22T20:19:56.634+0000] {processor.py:914} INFO - Processing file /opt/airflow/dags/avito_to_raw_midraw.py for tasks to queue
[2026-07-22T20:19:56.635+0000] {logging_mixin.py:190} INFO - [2026-07-22T20:19:56.634+0000] {dagbag.py:588} INFO - Filling up the DagBag from /opt/airflow/dags/avito_to_raw_midraw.py
[2026-07-22T20:19:56.646+0000] {processor.py:925} INFO - DAG(s) 'avito_to_raw_midraw' retrieved from /opt/airflow/dags/avito_to_raw_midraw.py
[2026-07-22T20:19:56.661+0000] {logging_mixin.py:190} INFO - [2026-07-22T20:19:56.660+0000] {dag.py:3239} INFO - Sync 1 DAGs
[2026-07-22T20:19:56.672+0000] {logging_mixin.py:190} INFO - [2026-07-22T20:19:56.672+0000] {dag.py:4180} INFO - Setting next_dagrun for avito_to_raw_midraw to 2026-07-22 20:00:00+00:00, run_after=2026-07-22 21:00:00+00:00
[2026-07-22T20:19:56.683+0000] {processor.py:208} INFO - Processing /opt/airflow/dags/avito_to_raw_midraw.py took 0.052 seconds
[2026-07-22T20:20:26.949+0000] {processor.py:186} INFO - Started process (PID=830) to work on /opt/airflow/dags/avito_to_raw_midraw.py
[2026-07-22T20:20:26.950+0000] {processor.py:914} INFO - Processing file /opt/airflow/dags/avito_to_raw_midraw.py for tasks to queue
[2026-07-22T20:20:26.950+0000] {logging_mixin.py:190} INFO - [2026-07-22T20:20:26.950+0000] {dagbag.py:588} INFO - Filling up the DagBag from /opt/airflow/dags/avito_to_raw_midraw.py
[2026-07-22T20:20:26.964+0000] {processor.py:925} INFO - DAG(s) 'avito_to_raw_midraw' retrieved from /opt/airflow/dags/avito_to_raw_midraw.py
[2026-07-22T20:20:26.979+0000] {logging_mixin.py:190} INFO - [2026-07-22T20:20:26.979+0000] {dag.py:3239} INFO - Sync 1 DAGs
[2026-07-22T20:20:26.991+0000] {logging_mixin.py:190} INFO - [2026-07-22T20:20:26.991+0000] {dag.py:4180} INFO - Setting next_dagrun for avito_to_raw_midraw to 2026-07-22 20:00:00+00:00, run_after=2026-07-22 21:00:00+00:00
[2026-07-22T20:20:27.002+0000] {processor.py:208} INFO - Processing /opt/airflow/dags/avito_to_raw_midraw.py took 0.056 seconds
[2026-07-22T20:20:57.280+0000] {processor.py:186} INFO - Started process (PID=832) to work on /opt/airflow/dags/avito_to_raw_midraw.py
[2026-07-22T20:20:57.281+0000] {processor.py:914} INFO - Processing file /opt/airflow/dags/avito_to_raw_midraw.py for tasks to queue
[2026-07-22T20:20:57.281+0000] {logging_mixin.py:190} INFO - [2026-07-22T20:20:57.281+0000] {dagbag.py:588} INFO - Filling up the DagBag from /opt/airflow/dags/avito_to_raw_midraw.py
[2026-07-22T20:20:57.291+0000] {processor.py:925} INFO - DAG(s) 'avito_to_raw_midraw' retrieved from /opt/airflow/dags/avito_to_raw_midraw.py
[2026-07-22T20:20:57.307+0000] {logging_mixin.py:190} INFO - [2026-07-22T20:20:57.307+0000] {dag.py:3239} INFO - Sync 1 DAGs
[2026-07-22T20:20:57.319+0000] {logging_mixin.py:190} INFO - [2026-07-22T20:20:57.319+0000] {dag.py:4180} INFO - Setting next_dagrun for avito_to_raw_midraw to 2026-07-22 20:00:00+00:00, run_after=2026-07-22 21:00:00+00:00
[2026-07-22T20:20:57.331+0000] {processor.py:208} INFO - Processing /opt/airflow/dags/avito_to_raw_midraw.py took 0.053 seconds
[2026-07-22T20:21:27.519+0000] {processor.py:186} INFO - Started process (PID=834) to work on /opt/airflow/dags/avito_to_raw_midraw.py
[2026-07-22T20:21:27.520+0000] {processor.py:914} INFO - Processing file /opt/airflow/dags/avito_to_raw_midraw.py for tasks to queue
[2026-07-22T20:21:27.521+0000] {logging_mixin.py:190} INFO - [2026-07-22T20:21:27.520+0000] {dagbag.py:588} INFO - Filling up the DagBag from /opt/airflow/dags/avito_to_raw_midraw.py
[2026-07-22T20:21:27.535+0000] {processor.py:925} INFO - DAG(s) 'avito_to_raw_midraw' retrieved from /opt/airflow/dags/avito_to_raw_midraw.py
[2026-07-22T20:21:27.551+0000] {logging_mixin.py:190} INFO - [2026-07-22T20:21:27.551+0000] {dag.py:3239} INFO - Sync 1 DAGs
[2026-07-22T20:21:27.561+0000] {logging_mixin.py:190} INFO - [2026-07-22T20:21:27.560+0000] {dag.py:4180} INFO - Setting next_dagrun for avito_to_raw_midraw to 2026-07-22 20:00:00+00:00, run_after=2026-07-22 21:00:00+00:00
[2026-07-22T20:21:27.570+0000] {processor.py:208} INFO - Processing /opt/airflow/dags/avito_to_raw_midraw.py took 0.054 seconds
[2026-07-22T20:21:57.834+0000] {processor.py:186} INFO - Started process (PID=836) to work on /opt/airflow/dags/avito_to_raw_midraw.py
[2026-07-22T20:21:57.835+0000] {processor.py:914} INFO - Processing file /opt/airflow/dags/avito_to_raw_midraw.py for tasks to queue
[2026-07-22T20:21:57.836+0000] {logging_mixin.py:190} INFO - [2026-07-22T20:21:57.835+0000] {dagbag.py:588} INFO - Filling up the DagBag from /opt/airflow/dags/avito_to_raw_midraw.py
[2026-07-22T20:21:57.848+0000] {processor.py:925} INFO - DAG(s) 'avito_to_raw_midraw' retrieved from /opt/airflow/dags/avito_to_raw_midraw.py
[2026-07-22T20:21:57.864+0000] {logging_mixin.py:190} INFO - [2026-07-22T20:21:57.864+0000] {dag.py:3239} INFO - Sync 1 DAGs
[2026-07-22T20:21:57.875+0000] {logging_mixin.py:190} INFO - [2026-07-22T20:21:57.875+0000] {dag.py:4180} INFO - Setting next_dagrun for avito_to_raw_midraw to 2026-07-22 20:00:00+00:00, run_after=2026-07-22 21:00:00+00:00
[2026-07-22T20:21:57.884+0000] {processor.py:208} INFO - Processing /opt/airflow/dags/avito_to_raw_midraw.py took 0.052 seconds
[2026-07-22T20:22:28.160+0000] {processor.py:186} INFO - Started process (PID=838) to work on /opt/airflow/dags/avito_to_raw_midraw.py
[2026-07-22T20:22:28.161+0000] {processor.py:914} INFO - Processing file /opt/airflow/dags/avito_to_raw_midraw.py for tasks to queue
[2026-07-22T20:22:28.162+0000] {logging_mixin.py:190} INFO - [2026-07-22T20:22:28.162+0000] {dagbag.py:588} INFO - Filling up the DagBag from /opt/airflow/dags/avito_to_raw_midraw.py
[2026-07-22T20:22:28.175+0000] {processor.py:925} INFO - DAG(s) 'avito_to_raw_midraw' retrieved from /opt/airflow/dags/avito_to_raw_midraw.py
[2026-07-22T20:22:28.194+0000] {logging_mixin.py:190} INFO - [2026-07-22T20:22:28.194+0000] {dag.py:3239} INFO - Sync 1 DAGs
[2026-07-22T20:22:28.204+0000] {logging_mixin.py:190} INFO - [2026-07-22T20:22:28.204+0000] {dag.py:4180} INFO - Setting next_dagrun for avito_to_raw_midraw to 2026-07-22 20:00:00+00:00, run_after=2026-07-22 21:00:00+00:00
[2026-07-22T20:22:28.214+0000] {processor.py:208} INFO - Processing /opt/airflow/dags/avito_to_raw_midraw.py took 0.056 seconds
[2026-07-22T20:22:58.496+0000] {processor.py:186} INFO - Started process (PID=840) to work on /opt/airflow/dags/avito_to_raw_midraw.py
[2026-07-22T20:22:58.496+0000] {processor.py:914} INFO - Processing file /opt/airflow/dags/avito_to_raw_midraw.py for tasks to queue
[2026-07-22T20:22:58.497+0000] {logging_mixin.py:190} INFO - [2026-07-22T20:22:58.497+0000] {dagbag.py:588} INFO - Filling up the DagBag from /opt/airflow/dags/avito_to_raw_midraw.py
[2026-07-22T20:22:58.507+0000] {processor.py:925} INFO - DAG(s) 'avito_to_raw_midraw' retrieved from /opt/airflow/dags/avito_to_raw_midraw.py
[2026-07-22T20:22:58.523+0000] {logging_mixin.py:190} INFO - [2026-07-22T20:22:58.523+0000] {dag.py:3239} INFO - Sync 1 DAGs
[2026-07-22T20:22:58.533+0000] {logging_mixin.py:190} INFO - [2026-07-22T20:22:58.533+0000] {dag.py:4180} INFO - Setting next_dagrun for avito_to_raw_midraw to 2026-07-22 20:00:00+00:00, run_after=2026-07-22 21:00:00+00:00
[2026-07-22T20:22:58.542+0000] {processor.py:208} INFO - Processing /opt/airflow/dags/avito_to_raw_midraw.py took 0.049 seconds
[2026-07-22T20:23:28.784+0000] {processor.py:186} INFO - Started process (PID=842) to work on /opt/airflow/dags/avito_to_raw_midraw.py
[2026-07-22T20:23:28.784+0000] {processor.py:914} INFO - Processing file /opt/airflow/dags/avito_to_raw_midraw.py for tasks to queue
[2026-07-22T20:23:28.785+0000] {logging_mixin.py:190} INFO - [2026-07-22T20:23:28.785+0000] {dagbag.py:588} INFO - Filling up the DagBag from /opt/airflow/dags/avito_to_raw_midraw.py
[2026-07-22T20:23:28.799+0000] {processor.py:925} INFO - DAG(s) 'avito_to_raw_midraw' retrieved from /opt/airflow/dags/avito_to_raw_midraw.py
[2026-07-22T20:23:28.819+0000] {logging_mixin.py:190} INFO - [2026-07-22T20:23:28.818+0000] {dag.py:3239} INFO - Sync 1 DAGs
[2026-07-22T20:23:28.834+0000] {logging_mixin.py:190} INFO - [2026-07-22T20:23:28.834+0000] {dag.py:4180} INFO - Setting next_dagrun for avito_to_raw_midraw to 2026-07-22 20:00:00+00:00, run_after=2026-07-22 21:00:00+00:00
[2026-07-22T20:23:28.844+0000] {processor.py:208} INFO - Processing /opt/airflow/dags/avito_to_raw_midraw.py took 0.064 seconds
[2026-07-22T20:23:59.085+0000] {processor.py:186} INFO - Started process (PID=844) to work on /opt/airflow/dags/avito_to_raw_midraw.py
[2026-07-22T20:23:59.086+0000] {processor.py:914} INFO - Processing file /opt/airflow/dags/avito_to_raw_midraw.py for tasks to queue
[2026-07-22T20:23:59.087+0000] {logging_mixin.py:190} INFO - [2026-07-22T20:23:59.087+0000] {dagbag.py:588} INFO - Filling up the DagBag from /opt/airflow/dags/avito_to_raw_midraw.py
[2026-07-22T20:23:59.098+0000] {processor.py:925} INFO - DAG(s) 'avito_to_raw_midraw' retrieved from /opt/airflow/dags/avito_to_raw_midraw.py
[2026-07-22T20:23:59.117+0000] {logging_mixin.py:190} INFO - [2026-07-22T20:23:59.117+0000] {dag.py:3239} INFO - Sync 1 DAGs
[2026-07-22T20:23:59.130+0000] {logging_mixin.py:190} INFO - [2026-07-22T20:23:59.129+0000] {dag.py:4180} INFO - Setting next_dagrun for avito_to_raw_midraw to 2026-07-22 20:00:00+00:00, run_after=2026-07-22 21:00:00+00:00
[2026-07-22T20:23:59.138+0000] {processor.py:208} INFO - Processing /opt/airflow/dags/avito_to_raw_midraw.py took 0.055 seconds
[2026-07-22T20:24:29.341+0000] {processor.py:186} INFO - Started process (PID=846) to work on /opt/airflow/dags/avito_to_raw_midraw.py
[2026-07-22T20:24:29.341+0000] {processor.py:914} INFO - Processing file /opt/airflow/dags/avito_to_raw_midraw.py for tasks to queue
[2026-07-22T20:24:29.342+0000] {logging_mixin.py:190} INFO - [2026-07-22T20:24:29.342+0000] {dagbag.py:588} INFO - Filling up the DagBag from /opt/airflow/dags/avito_to_raw_midraw.py
[2026-07-22T20:24:29.352+0000] {processor.py:925} INFO - DAG(s) 'avito_to_raw_midraw' retrieved from /opt/airflow/dags/avito_to_raw_midraw.py
[2026-07-22T20:24:29.369+0000] {logging_mixin.py:190} INFO - [2026-07-22T20:24:29.369+0000] {dag.py:3239} INFO - Sync 1 DAGs
[2026-07-22T20:24:29.380+0000] {logging_mixin.py:190} INFO - [2026-07-22T20:24:29.379+0000] {dag.py:4180} INFO - Setting next_dagrun for avito_to_raw_midraw to 2026-07-22 20:00:00+00:00, run_after=2026-07-22 21:00:00+00:00
[2026-07-22T20:24:29.390+0000] {processor.py:208} INFO - Processing /opt/airflow/dags/avito_to_raw_midraw.py took 0.052 seconds
[2026-07-22T20:24:59.621+0000] {processor.py:186} INFO - Started process (PID=848) to work on /opt/airflow/dags/avito_to_raw_midraw.py
[2026-07-22T20:24:59.621+0000] {processor.py:914} INFO - Processing file /opt/airflow/dags/avito_to_raw_midraw.py for tasks to queue
[2026-07-22T20:24:59.622+0000] {logging_mixin.py:190} INFO - [2026-07-22T20:24:59.622+0000] {dagbag.py:588} INFO - Filling up the DagBag from /opt/airflow/dags/avito_to_raw_midraw.py
[2026-07-22T20:24:59.635+0000] {processor.py:925} INFO - DAG(s) 'avito_to_raw_midraw' retrieved from /opt/airflow/dags/avito_to_raw_midraw.py
[2026-07-22T20:24:59.649+0000] {logging_mixin.py:190} INFO - [2026-07-22T20:24:59.649+0000] {dag.py:3239} INFO - Sync 1 DAGs
[2026-07-22T20:24:59.660+0000] {logging_mixin.py:190} INFO - [2026-07-22T20:24:59.660+0000] {dag.py:4180} INFO - Setting next_dagrun for avito_to_raw_midraw to 2026-07-22 20:00:00+00:00, run_after=2026-07-22 21:00:00+00:00
[2026-07-22T20:24:59.672+0000] {processor.py:208} INFO - Processing /opt/airflow/dags/avito_to_raw_midraw.py took 0.055 seconds
[2026-07-22T20:25:29.895+0000] {processor.py:186} INFO - Started process (PID=850) to work on /opt/airflow/dags/avito_to_raw_midraw.py
[2026-07-22T20:25:29.895+0000] {processor.py:914} INFO - Processing file /opt/airflow/dags/avito_to_raw_midraw.py for tasks to queue
[2026-07-22T20:25:29.896+0000] {logging_mixin.py:190} INFO - [2026-07-22T20:25:29.895+0000] {dagbag.py:588} INFO - Filling up the DagBag from /opt/airflow/dags/avito_to_raw_midraw.py
[2026-07-22T20:25:29.908+0000] {processor.py:925} INFO - DAG(s) 'avito_to_raw_midraw' retrieved from /opt/airflow/dags/avito_to_raw_midraw.py
[2026-07-22T20:25:29.922+0000] {logging_mixin.py:190} INFO - [2026-07-22T20:25:29.922+0000] {dag.py:3239} INFO - Sync 1 DAGs
[2026-07-22T20:25:29.933+0000] {logging_mixin.py:190} INFO - [2026-07-22T20:25:29.933+0000] {dag.py:4180} INFO - Setting next_dagrun for avito_to_raw_midraw to 2026-07-22 20:00:00+00:00, run_after=2026-07-22 21:00:00+00:00
[2026-07-22T20:25:29.944+0000] {processor.py:208} INFO - Processing /opt/airflow/dags/avito_to_raw_midraw.py took 0.053 seconds
[2026-07-22T20:26:00.188+0000] {processor.py:186} INFO - Started process (PID=852) to work on /opt/airflow/dags/avito_to_raw_midraw.py
[2026-07-22T20:26:00.190+0000] {processor.py:914} INFO - Processing file /opt/airflow/dags/avito_to_raw_midraw.py for tasks to queue
[2026-07-22T20:26:00.190+0000] {logging_mixin.py:190} INFO - [2026-07-22T20:26:00.190+0000] {dagbag.py:588} INFO - Filling up the DagBag from /opt/airflow/dags/avito_to_raw_midraw.py
[2026-07-22T20:26:00.203+0000] {processor.py:925} INFO - DAG(s) 'avito_to_raw_midraw' retrieved from /opt/airflow/dags/avito_to_raw_midraw.py
[2026-07-22T20:26:00.217+0000] {logging_mixin.py:190} INFO - [2026-07-22T20:26:00.217+0000] {dag.py:3239} INFO - Sync 1 DAGs
[2026-07-22T20:26:00.227+0000] {logging_mixin.py:190} INFO - [2026-07-22T20:26:00.227+0000] {dag.py:4180} INFO - Setting next_dagrun for avito_to_raw_midraw to 2026-07-22 20:00:00+00:00, run_after=2026-07-22 21:00:00+00:00
[2026-07-22T20:26:00.239+0000] {processor.py:208} INFO - Processing /opt/airflow/dags/avito_to_raw_midraw.py took 0.054 seconds
[2026-07-22T20:44:00.259+0000] {processor.py:186} INFO - Started process (PID=854) to work on /opt/airflow/dags/avito_to_raw_midraw.py
[2026-07-22T20:44:00.260+0000] {processor.py:914} INFO - Processing file /opt/airflow/dags/avito_to_raw_midraw.py for tasks to queue
[2026-07-22T20:44:00.260+0000] {logging_mixin.py:190} INFO - [2026-07-22T20:44:00.260+0000] {dagbag.py:588} INFO - Filling up the DagBag from /opt/airflow/dags/avito_to_raw_midraw.py
[2026-07-22T20:44:00.276+0000] {processor.py:925} INFO - DAG(s) 'avito_to_raw_midraw' retrieved from /opt/airflow/dags/avito_to_raw_midraw.py
[2026-07-22T20:44:00.294+0000] {logging_mixin.py:190} INFO - [2026-07-22T20:44:00.294+0000] {dag.py:3239} INFO - Sync 1 DAGs
[2026-07-22T20:44:00.305+0000] {logging_mixin.py:190} INFO - [2026-07-22T20:44:00.305+0000] {dag.py:4180} INFO - Setting next_dagrun for avito_to_raw_midraw to 2026-07-22 20:00:00+00:00, run_after=2026-07-22 21:00:00+00:00
[2026-07-22T20:44:00.313+0000] {processor.py:208} INFO - Processing /opt/airflow/dags/avito_to_raw_midraw.py took 0.057 seconds
[2026-07-22T21:01:54.354+0000] {processor.py:186} INFO - Started process (PID=856) to work on /opt/airflow/dags/avito_to_raw_midraw.py
[2026-07-22T21:01:54.355+0000] {processor.py:914} INFO - Processing file /opt/airflow/dags/avito_to_raw_midraw.py for tasks to queue
[2026-07-22T21:01:54.355+0000] {logging_mixin.py:190} INFO - [2026-07-22T21:01:54.355+0000] {dagbag.py:588} INFO - Filling up the DagBag from /opt/airflow/dags/avito_to_raw_midraw.py
[2026-07-22T21:01:54.372+0000] {processor.py:925} INFO - DAG(s) 'avito_to_raw_midraw' retrieved from /opt/airflow/dags/avito_to_raw_midraw.py
[2026-07-22T21:01:54.391+0000] {logging_mixin.py:190} INFO - [2026-07-22T21:01:54.391+0000] {dag.py:3239} INFO - Sync 1 DAGs
[2026-07-22T21:01:54.419+0000] {processor.py:208} INFO - Processing /opt/airflow/dags/avito_to_raw_midraw.py took 0.069 seconds
[2026-07-22T21:38:17.615+0000] {processor.py:186} INFO - Started process (PID=858) to work on /opt/airflow/dags/avito_to_raw_midraw.py
[2026-07-22T21:38:17.616+0000] {processor.py:914} INFO - Processing file /opt/airflow/dags/avito_to_raw_midraw.py for tasks to queue
[2026-07-22T21:38:17.617+0000] {logging_mixin.py:190} INFO - [2026-07-22T21:38:17.616+0000] {dagbag.py:588} INFO - Filling up the DagBag from /opt/airflow/dags/avito_to_raw_midraw.py
[2026-07-22T21:38:17.630+0000] {processor.py:925} INFO - DAG(s) 'avito_to_raw_midraw' retrieved from /opt/airflow/dags/avito_to_raw_midraw.py
[2026-07-22T21:38:17.649+0000] {logging_mixin.py:190} INFO - [2026-07-22T21:38:17.649+0000] {dag.py:3239} INFO - Sync 1 DAGs
[2026-07-22T21:38:17.663+0000] {logging_mixin.py:190} INFO - [2026-07-22T21:38:17.663+0000] {dag.py:4180} INFO - Setting next_dagrun for avito_to_raw_midraw to 2026-07-22 21:00:00+00:00, run_after=2026-07-22 22:00:00+00:00
[2026-07-22T21:38:17.671+0000] {processor.py:208} INFO - Processing /opt/airflow/dags/avito_to_raw_midraw.py took 0.059 seconds
[2026-07-22T21:54:15.762+0000] {processor.py:186} INFO - Started process (PID=860) to work on /opt/airflow/dags/avito_to_raw_midraw.py
[2026-07-22T21:54:15.763+0000] {processor.py:914} INFO - Processing file /opt/airflow/dags/avito_to_raw_midraw.py for tasks to queue
[2026-07-22T21:54:15.765+0000] {logging_mixin.py:190} INFO - [2026-07-22T21:54:15.765+0000] {dagbag.py:588} INFO - Filling up the DagBag from /opt/airflow/dags/avito_to_raw_midraw.py
[2026-07-22T21:54:15.780+0000] {processor.py:925} INFO - DAG(s) 'avito_to_raw_midraw' retrieved from /opt/airflow/dags/avito_to_raw_midraw.py
[2026-07-22T21:54:15.796+0000] {logging_mixin.py:190} INFO - [2026-07-22T21:54:15.795+0000] {dag.py:3239} INFO - Sync 1 DAGs
[2026-07-22T21:54:15.807+0000] {logging_mixin.py:190} INFO - [2026-07-22T21:54:15.807+0000] {dag.py:4180} INFO - Setting next_dagrun for avito_to_raw_midraw to 2026-07-22 21:00:00+00:00, run_after=2026-07-22 22:00:00+00:00
[2026-07-22T21:54:15.816+0000] {processor.py:208} INFO - Processing /opt/airflow/dags/avito_to_raw_midraw.py took 0.056 seconds
[2026-07-22T22:11:56.213+0000] {processor.py:186} INFO - Started process (PID=862) to work on /opt/airflow/dags/avito_to_raw_midraw.py
[2026-07-22T22:11:56.214+0000] {processor.py:914} INFO - Processing file /opt/airflow/dags/avito_to_raw_midraw.py for tasks to queue
[2026-07-22T22:11:56.215+0000] {logging_mixin.py:190} INFO - [2026-07-22T22:11:56.215+0000] {dagbag.py:588} INFO - Filling up the DagBag from /opt/airflow/dags/avito_to_raw_midraw.py
[2026-07-22T22:11:56.226+0000] {processor.py:925} INFO - DAG(s) 'avito_to_raw_midraw' retrieved from /opt/airflow/dags/avito_to_raw_midraw.py
[2026-07-22T22:11:56.242+0000] {logging_mixin.py:190} INFO - [2026-07-22T22:11:56.242+0000] {dag.py:3239} INFO - Sync 1 DAGs
[2026-07-22T22:11:56.252+0000] {logging_mixin.py:190} INFO - [2026-07-22T22:11:56.252+0000] {dag.py:4180} INFO - Setting next_dagrun for avito_to_raw_midraw to 2026-07-22 21:00:00+00:00, run_after=2026-07-22 22:00:00+00:00
[2026-07-22T22:11:56.262+0000] {processor.py:208} INFO - Processing /opt/airflow/dags/avito_to_raw_midraw.py took 0.051 seconds
[2026-07-22T22:27:17.387+0000] {processor.py:186} INFO - Started process (PID=864) to work on /opt/airflow/dags/avito_to_raw_midraw.py
[2026-07-22T22:27:17.387+0000] {processor.py:914} INFO - Processing file /opt/airflow/dags/avito_to_raw_midraw.py for tasks to queue
[2026-07-22T22:27:17.388+0000] {logging_mixin.py:190} INFO - [2026-07-22T22:27:17.388+0000] {dagbag.py:588} INFO - Filling up the DagBag from /opt/airflow/dags/avito_to_raw_midraw.py
[2026-07-22T22:27:17.402+0000] {processor.py:925} INFO - DAG(s) 'avito_to_raw_midraw' retrieved from /opt/airflow/dags/avito_to_raw_midraw.py
[2026-07-22T22:27:17.414+0000] {logging_mixin.py:190} INFO - [2026-07-22T22:27:17.414+0000] {dag.py:3239} INFO - Sync 1 DAGs
[2026-07-22T22:27:17.426+0000] {logging_mixin.py:190} INFO - [2026-07-22T22:27:17.425+0000] {dag.py:4180} INFO - Setting next_dagrun for avito_to_raw_midraw to 2026-07-22 22:00:00+00:00, run_after=2026-07-22 23:00:00+00:00
[2026-07-22T22:27:17.434+0000] {processor.py:208} INFO - Processing /opt/airflow/dags/avito_to_raw_midraw.py took 0.051 seconds
[2026-07-22T22:44:59.706+0000] {processor.py:186} INFO - Started process (PID=866) to work on /opt/airflow/dags/avito_to_raw_midraw.py
[2026-07-22T22:44:59.706+0000] {processor.py:914} INFO - Processing file /opt/airflow/dags/avito_to_raw_midraw.py for tasks to queue
[2026-07-22T22:44:59.707+0000] {logging_mixin.py:190} INFO - [2026-07-22T22:44:59.707+0000] {dagbag.py:588} INFO - Filling up the DagBag from /opt/airflow/dags/avito_to_raw_midraw.py
[2026-07-22T22:44:59.717+0000] {processor.py:925} INFO - DAG(s) 'avito_to_raw_midraw' retrieved from /opt/airflow/dags/avito_to_raw_midraw.py
[2026-07-22T22:44:59.732+0000] {logging_mixin.py:190} INFO - [2026-07-22T22:44:59.732+0000] {dag.py:3239} INFO - Sync 1 DAGs
[2026-07-22T22:44:59.744+0000] {logging_mixin.py:190} INFO - [2026-07-22T22:44:59.744+0000] {dag.py:4180} INFO - Setting next_dagrun for avito_to_raw_midraw to 2026-07-22 22:00:00+00:00, run_after=2026-07-22 23:00:00+00:00
[2026-07-22T22:44:59.756+0000] {processor.py:208} INFO - Processing /opt/airflow/dags/avito_to_raw_midraw.py took 0.053 seconds
[2026-07-22T23:20:08.960+0000] {processor.py:186} INFO - Started process (PID=868) to work on /opt/airflow/dags/avito_to_raw_midraw.py
[2026-07-22T23:20:08.961+0000] {processor.py:914} INFO - Processing file /opt/airflow/dags/avito_to_raw_midraw.py for tasks to queue
[2026-07-22T23:20:08.961+0000] {logging_mixin.py:190} INFO - [2026-07-22T23:20:08.961+0000] {dagbag.py:588} INFO - Filling up the DagBag from /opt/airflow/dags/avito_to_raw_midraw.py
[2026-07-22T23:20:08.977+0000] {processor.py:925} INFO - DAG(s) 'avito_to_raw_midraw' retrieved from /opt/airflow/dags/avito_to_raw_midraw.py
[2026-07-22T23:20:08.990+0000] {logging_mixin.py:190} INFO - [2026-07-22T23:20:08.990+0000] {dag.py:3239} INFO - Sync 1 DAGs
[2026-07-22T23:20:09.012+0000] {processor.py:208} INFO - Processing /opt/airflow/dags/avito_to_raw_midraw.py took 0.055 seconds
[2026-07-22T23:43:45.576+0000] {processor.py:186} INFO - Started process (PID=870) to work on /opt/airflow/dags/avito_to_raw_midraw.py
[2026-07-22T23:43:45.577+0000] {processor.py:914} INFO - Processing file /opt/airflow/dags/avito_to_raw_midraw.py for tasks to queue
[2026-07-22T23:43:45.578+0000] {logging_mixin.py:190} INFO - [2026-07-22T23:43:45.578+0000] {dagbag.py:588} INFO - Filling up the DagBag from /opt/airflow/dags/avito_to_raw_midraw.py
[2026-07-22T23:43:45.594+0000] {processor.py:925} INFO - DAG(s) 'avito_to_raw_midraw' retrieved from /opt/airflow/dags/avito_to_raw_midraw.py
[2026-07-22T23:43:45.609+0000] {logging_mixin.py:190} INFO - [2026-07-22T23:43:45.609+0000] {dag.py:3239} INFO - Sync 1 DAGs
[2026-07-22T23:43:45.620+0000] {logging_mixin.py:190} INFO - [2026-07-22T23:43:45.620+0000] {dag.py:4180} INFO - Setting next_dagrun for avito_to_raw_midraw to 2026-07-22 23:00:00+00:00, run_after=2026-07-23 00:00:00+00:00
[2026-07-22T23:43:45.631+0000] {processor.py:208} INFO - Processing /opt/airflow/dags/avito_to_raw_midraw.py took 0.058 seconds
