[2026-08-03T00:15:47.071+0000] {processor.py:186} INFO - Started process (PID=3714) to work on /opt/airflow/dags/avito_to_raw_midraw.py
[2026-08-03T00:15:47.071+0000] {processor.py:914} INFO - Processing file /opt/airflow/dags/avito_to_raw_midraw.py for tasks to queue
[2026-08-03T00:15:47.072+0000] {logging_mixin.py:190} INFO - [2026-08-03T00:15:47.072+0000] {dagbag.py:588} INFO - Filling up the DagBag from /opt/airflow/dags/avito_to_raw_midraw.py
[2026-08-03T00:15:47.080+0000] {processor.py:925} INFO - DAG(s) 'avito_to_raw_midraw' retrieved from /opt/airflow/dags/avito_to_raw_midraw.py
[2026-08-03T00:15:47.095+0000] {logging_mixin.py:190} INFO - [2026-08-03T00:15:47.094+0000] {dag.py:3239} INFO - Sync 1 DAGs
[2026-08-03T00:15:47.109+0000] {processor.py:208} INFO - Processing /opt/airflow/dags/avito_to_raw_midraw.py took 0.042 seconds
[2026-08-03T00:16:17.633+0000] {processor.py:186} INFO - Started process (PID=3717) to work on /opt/airflow/dags/avito_to_raw_midraw.py
[2026-08-03T00:16:17.634+0000] {processor.py:914} INFO - Processing file /opt/airflow/dags/avito_to_raw_midraw.py for tasks to queue
[2026-08-03T00:16:17.634+0000] {logging_mixin.py:190} INFO - [2026-08-03T00:16:17.634+0000] {dagbag.py:588} INFO - Filling up the DagBag from /opt/airflow/dags/avito_to_raw_midraw.py
[2026-08-03T00:16:17.641+0000] {processor.py:925} INFO - DAG(s) 'avito_to_raw_midraw' retrieved from /opt/airflow/dags/avito_to_raw_midraw.py
[2026-08-03T00:16:17.662+0000] {logging_mixin.py:190} INFO - [2026-08-03T00:16:17.662+0000] {dag.py:3239} INFO - Sync 1 DAGs
[2026-08-03T00:16:17.778+0000] {processor.py:208} INFO - Processing /opt/airflow/dags/avito_to_raw_midraw.py took 0.150 seconds
[2026-08-03T00:32:30.394+0000] {processor.py:186} INFO - Started process (PID=3720) to work on /opt/airflow/dags/avito_to_raw_midraw.py
[2026-08-03T00:32:30.395+0000] {processor.py:914} INFO - Processing file /opt/airflow/dags/avito_to_raw_midraw.py for tasks to queue
[2026-08-03T00:32:30.395+0000] {logging_mixin.py:190} INFO - [2026-08-03T00:32:30.395+0000] {dagbag.py:588} INFO - Filling up the DagBag from /opt/airflow/dags/avito_to_raw_midraw.py
[2026-08-03T00:32:30.403+0000] {processor.py:925} INFO - DAG(s) 'avito_to_raw_midraw' retrieved from /opt/airflow/dags/avito_to_raw_midraw.py
[2026-08-03T00:32:30.420+0000] {logging_mixin.py:190} INFO - [2026-08-03T00:32:30.420+0000] {dag.py:3239} INFO - Sync 1 DAGs
[2026-08-03T00:32:30.547+0000] {processor.py:208} INFO - Processing /opt/airflow/dags/avito_to_raw_midraw.py took 0.157 seconds
[2026-08-03T00:32:33.120+0000] {processor.py:186} INFO - Started process (PID=3721) to work on /opt/airflow/dags/avito_to_raw_midraw.py
[2026-08-03T00:32:33.121+0000] {processor.py:914} INFO - Processing file /opt/airflow/dags/avito_to_raw_midraw.py for tasks to queue
[2026-08-03T00:32:33.123+0000] {logging_mixin.py:190} INFO - [2026-08-03T00:32:33.122+0000] {dagbag.py:588} INFO - Filling up the DagBag from /opt/airflow/dags/avito_to_raw_midraw.py
[2026-08-03T00:32:33.135+0000] {processor.py:925} INFO - DAG(s) 'avito_to_raw_midraw' retrieved from /opt/airflow/dags/avito_to_raw_midraw.py
[2026-08-03T00:32:33.150+0000] {logging_mixin.py:190} INFO - [2026-08-03T00:32:33.150+0000] {taskinstance.py:3315} ERROR - {'DAG Id': 'avito_to_raw_midraw', 'Task Id': 'dbt_build_midraw', 'Run Id': 'scheduled__2026-08-02T20:00:00+00:00', 'Hostname': '4c6dd7d943f5', 'External Executor Id': 'a4109197-32da-4bf4-a48b-d62fd6a304e6'}
[2026-08-03T00:32:33.325+0000] {logging_mixin.py:190} INFO - [2026-08-03T00:32:33.325+0000] {taskinstance.py:1226} INFO - Marking task as UP_FOR_RETRY. dag_id=avito_to_raw_midraw, task_id=dbt_build_midraw, run_id=scheduled__2026-08-02T20:00:00+00:00, execution_date=20260802T200000, start_date=20260802T215511, end_date=20260803T003233
[2026-08-03T00:32:33.337+0000] {logging_mixin.py:190} INFO - [2026-08-03T00:32:33.337+0000] {processor.py:876} INFO - Executed callback for <TaskInstance: avito_to_raw_midraw.dbt_build_midraw scheduled__2026-08-02T20:00:00+00:00 [up_for_retry]> in state up_for_retry
[2026-08-03T00:32:33.345+0000] {logging_mixin.py:190} INFO - [2026-08-03T00:32:33.345+0000] {dag.py:3239} INFO - Sync 1 DAGs
[2026-08-03T00:32:33.360+0000] {processor.py:208} INFO - Processing /opt/airflow/dags/avito_to_raw_midraw.py took 0.247 seconds
[2026-08-03T00:42:13.671+0000] {processor.py:186} INFO - Started process (PID=3724) to work on /opt/airflow/dags/avito_to_raw_midraw.py
[2026-08-03T00:42:13.671+0000] {processor.py:914} INFO - Processing file /opt/airflow/dags/avito_to_raw_midraw.py for tasks to queue
[2026-08-03T00:42:13.672+0000] {logging_mixin.py:190} INFO - [2026-08-03T00:42:13.672+0000] {dagbag.py:588} INFO - Filling up the DagBag from /opt/airflow/dags/avito_to_raw_midraw.py
[2026-08-03T00:42:13.681+0000] {processor.py:925} INFO - DAG(s) 'avito_to_raw_midraw' retrieved from /opt/airflow/dags/avito_to_raw_midraw.py
[2026-08-03T00:42:13.698+0000] {logging_mixin.py:190} INFO - [2026-08-03T00:42:13.697+0000] {dag.py:3239} INFO - Sync 1 DAGs
[2026-08-03T00:42:13.715+0000] {processor.py:208} INFO - Processing /opt/airflow/dags/avito_to_raw_midraw.py took 0.049 seconds
[2026-08-03T01:14:31.735+0000] {processor.py:186} INFO - Started process (PID=3727) to work on /opt/airflow/dags/avito_to_raw_midraw.py
[2026-08-03T01:14:31.736+0000] {processor.py:914} INFO - Processing file /opt/airflow/dags/avito_to_raw_midraw.py for tasks to queue
[2026-08-03T01:14:31.736+0000] {logging_mixin.py:190} INFO - [2026-08-03T01:14:31.736+0000] {dagbag.py:588} INFO - Filling up the DagBag from /opt/airflow/dags/avito_to_raw_midraw.py
[2026-08-03T01:14:31.744+0000] {processor.py:925} INFO - DAG(s) 'avito_to_raw_midraw' retrieved from /opt/airflow/dags/avito_to_raw_midraw.py
[2026-08-03T01:14:31.761+0000] {logging_mixin.py:190} INFO - [2026-08-03T01:14:31.761+0000] {dag.py:3239} INFO - Sync 1 DAGs
[2026-08-03T01:14:31.775+0000] {processor.py:208} INFO - Processing /opt/airflow/dags/avito_to_raw_midraw.py took 0.043 seconds
[2026-08-03T01:31:01.924+0000] {processor.py:186} INFO - Started process (PID=3731) to work on /opt/airflow/dags/avito_to_raw_midraw.py
[2026-08-03T01:31:01.924+0000] {processor.py:914} INFO - Processing file /opt/airflow/dags/avito_to_raw_midraw.py for tasks to queue
[2026-08-03T01:31:01.925+0000] {logging_mixin.py:190} INFO - [2026-08-03T01:31:01.925+0000] {dagbag.py:588} INFO - Filling up the DagBag from /opt/airflow/dags/avito_to_raw_midraw.py
[2026-08-03T01:31:01.932+0000] {processor.py:925} INFO - DAG(s) 'avito_to_raw_midraw' retrieved from /opt/airflow/dags/avito_to_raw_midraw.py
[2026-08-03T01:31:01.946+0000] {logging_mixin.py:190} INFO - [2026-08-03T01:31:01.946+0000] {dag.py:3239} INFO - Sync 1 DAGs
[2026-08-03T01:31:01.961+0000] {processor.py:208} INFO - Processing /opt/airflow/dags/avito_to_raw_midraw.py took 0.041 seconds
[2026-08-03T01:31:04.761+0000] {processor.py:186} INFO - Started process (PID=3733) to work on /opt/airflow/dags/avito_to_raw_midraw.py
[2026-08-03T01:31:04.762+0000] {processor.py:914} INFO - Processing file /opt/airflow/dags/avito_to_raw_midraw.py for tasks to queue
[2026-08-03T01:31:04.762+0000] {logging_mixin.py:190} INFO - [2026-08-03T01:31:04.762+0000] {dagbag.py:588} INFO - Filling up the DagBag from /opt/airflow/dags/avito_to_raw_midraw.py
[2026-08-03T01:31:04.771+0000] {processor.py:925} INFO - DAG(s) 'avito_to_raw_midraw' retrieved from /opt/airflow/dags/avito_to_raw_midraw.py
[2026-08-03T01:31:04.782+0000] {logging_mixin.py:190} INFO - [2026-08-03T01:31:04.782+0000] {taskinstance.py:3315} ERROR - {'DAG Id': 'avito_to_raw_midraw', 'Task Id': 'dbt_build_midraw', 'Run Id': 'scheduled__2026-08-03T00:00:00+00:00', 'Hostname': '4c6dd7d943f5', 'External Executor Id': '04b35b2d-fced-4ddb-af59-43591294c488'}
[2026-08-03T01:31:04.796+0000] {logging_mixin.py:190} INFO - [2026-08-03T01:31:04.796+0000] {taskinstance.py:1226} INFO - Marking task as UP_FOR_RETRY. dag_id=avito_to_raw_midraw, task_id=dbt_build_midraw, run_id=scheduled__2026-08-03T00:00:00+00:00, execution_date=20260803T000000, start_date=20260803T011444, end_date=20260803T013104
[2026-08-03T01:31:04.811+0000] {logging_mixin.py:190} INFO - [2026-08-03T01:31:04.810+0000] {processor.py:876} INFO - Executed callback for <TaskInstance: avito_to_raw_midraw.dbt_build_midraw scheduled__2026-08-03T00:00:00+00:00 [up_for_retry]> in state up_for_retry
[2026-08-03T01:31:05.002+0000] {logging_mixin.py:190} INFO - [2026-08-03T01:31:05.001+0000] {dag.py:3239} INFO - Sync 1 DAGs
[2026-08-03T01:31:05.018+0000] {processor.py:208} INFO - Processing /opt/airflow/dags/avito_to_raw_midraw.py took 0.261 seconds
[2026-08-03T01:43:13.202+0000] {processor.py:186} INFO - Started process (PID=3740) to work on /opt/airflow/dags/avito_to_raw_midraw.py
[2026-08-03T01:43:13.203+0000] {processor.py:914} INFO - Processing file /opt/airflow/dags/avito_to_raw_midraw.py for tasks to queue
[2026-08-03T01:43:13.204+0000] {logging_mixin.py:190} INFO - [2026-08-03T01:43:13.204+0000] {dagbag.py:588} INFO - Filling up the DagBag from /opt/airflow/dags/avito_to_raw_midraw.py
[2026-08-03T01:43:13.213+0000] {processor.py:925} INFO - DAG(s) 'avito_to_raw_midraw' retrieved from /opt/airflow/dags/avito_to_raw_midraw.py
[2026-08-03T01:43:13.232+0000] {logging_mixin.py:190} INFO - [2026-08-03T01:43:13.232+0000] {dag.py:3239} INFO - Sync 1 DAGs
[2026-08-03T01:43:13.403+0000] {processor.py:208} INFO - Processing /opt/airflow/dags/avito_to_raw_midraw.py took 0.207 seconds
[2026-08-03T01:43:43.689+0000] {processor.py:186} INFO - Started process (PID=3743) to work on /opt/airflow/dags/avito_to_raw_midraw.py
[2026-08-03T01:43:43.690+0000] {processor.py:914} INFO - Processing file /opt/airflow/dags/avito_to_raw_midraw.py for tasks to queue
[2026-08-03T01:43:43.691+0000] {logging_mixin.py:190} INFO - [2026-08-03T01:43:43.690+0000] {dagbag.py:588} INFO - Filling up the DagBag from /opt/airflow/dags/avito_to_raw_midraw.py
[2026-08-03T01:43:43.698+0000] {processor.py:925} INFO - DAG(s) 'avito_to_raw_midraw' retrieved from /opt/airflow/dags/avito_to_raw_midraw.py
[2026-08-03T01:43:43.712+0000] {logging_mixin.py:190} INFO - [2026-08-03T01:43:43.712+0000] {dag.py:3239} INFO - Sync 1 DAGs
[2026-08-03T01:43:43.832+0000] {processor.py:208} INFO - Processing /opt/airflow/dags/avito_to_raw_midraw.py took 0.146 seconds
[2026-08-03T02:13:23.717+0000] {processor.py:186} INFO - Started process (PID=3746) to work on /opt/airflow/dags/avito_to_raw_midraw.py
[2026-08-03T02:13:23.717+0000] {processor.py:914} INFO - Processing file /opt/airflow/dags/avito_to_raw_midraw.py for tasks to queue
[2026-08-03T02:13:23.718+0000] {logging_mixin.py:190} INFO - [2026-08-03T02:13:23.718+0000] {dagbag.py:588} INFO - Filling up the DagBag from /opt/airflow/dags/avito_to_raw_midraw.py
[2026-08-03T02:13:23.725+0000] {processor.py:925} INFO - DAG(s) 'avito_to_raw_midraw' retrieved from /opt/airflow/dags/avito_to_raw_midraw.py
[2026-08-03T02:13:23.738+0000] {logging_mixin.py:190} INFO - [2026-08-03T02:13:23.738+0000] {dag.py:3239} INFO - Sync 1 DAGs
[2026-08-03T02:13:23.750+0000] {processor.py:208} INFO - Processing /opt/airflow/dags/avito_to_raw_midraw.py took 0.037 seconds
[2026-08-03T02:30:39.203+0000] {processor.py:186} INFO - Started process (PID=3749) to work on /opt/airflow/dags/avito_to_raw_midraw.py
[2026-08-03T02:30:39.206+0000] {processor.py:914} INFO - Processing file /opt/airflow/dags/avito_to_raw_midraw.py for tasks to queue
[2026-08-03T02:30:39.207+0000] {logging_mixin.py:190} INFO - [2026-08-03T02:30:39.207+0000] {dagbag.py:588} INFO - Filling up the DagBag from /opt/airflow/dags/avito_to_raw_midraw.py
[2026-08-03T02:30:39.217+0000] {processor.py:925} INFO - DAG(s) 'avito_to_raw_midraw' retrieved from /opt/airflow/dags/avito_to_raw_midraw.py
[2026-08-03T02:30:39.236+0000] {logging_mixin.py:190} INFO - [2026-08-03T02:30:39.235+0000] {dag.py:3239} INFO - Sync 1 DAGs
[2026-08-03T02:30:39.247+0000] {logging_mixin.py:190} INFO - [2026-08-03T02:30:39.247+0000] {dag.py:4180} INFO - Setting next_dagrun for avito_to_raw_midraw to 2026-08-03 02:00:00+00:00, run_after=2026-08-03 03:00:00+00:00
[2026-08-03T02:30:39.255+0000] {processor.py:208} INFO - Processing /opt/airflow/dags/avito_to_raw_midraw.py took 0.058 seconds
[2026-08-03T02:44:12.810+0000] {processor.py:186} INFO - Started process (PID=3752) to work on /opt/airflow/dags/avito_to_raw_midraw.py
[2026-08-03T02:44:12.810+0000] {processor.py:914} INFO - Processing file /opt/airflow/dags/avito_to_raw_midraw.py for tasks to queue
[2026-08-03T02:44:12.811+0000] {logging_mixin.py:190} INFO - [2026-08-03T02:44:12.811+0000] {dagbag.py:588} INFO - Filling up the DagBag from /opt/airflow/dags/avito_to_raw_midraw.py
[2026-08-03T02:44:12.818+0000] {processor.py:925} INFO - DAG(s) 'avito_to_raw_midraw' retrieved from /opt/airflow/dags/avito_to_raw_midraw.py
[2026-08-03T02:44:12.832+0000] {logging_mixin.py:190} INFO - [2026-08-03T02:44:12.832+0000] {dag.py:3239} INFO - Sync 1 DAGs
[2026-08-03T02:44:12.841+0000] {logging_mixin.py:190} INFO - [2026-08-03T02:44:12.841+0000] {dag.py:4180} INFO - Setting next_dagrun for avito_to_raw_midraw to 2026-08-03 02:00:00+00:00, run_after=2026-08-03 03:00:00+00:00
[2026-08-03T02:44:12.847+0000] {processor.py:208} INFO - Processing /opt/airflow/dags/avito_to_raw_midraw.py took 0.041 seconds
[2026-08-03T03:17:33.206+0000] {processor.py:186} INFO - Started process (PID=3755) to work on /opt/airflow/dags/avito_to_raw_midraw.py
[2026-08-03T03:17:33.207+0000] {processor.py:914} INFO - Processing file /opt/airflow/dags/avito_to_raw_midraw.py for tasks to queue
[2026-08-03T03:17:33.208+0000] {logging_mixin.py:190} INFO - [2026-08-03T03:17:33.208+0000] {dagbag.py:588} INFO - Filling up the DagBag from /opt/airflow/dags/avito_to_raw_midraw.py
[2026-08-03T03:17:33.216+0000] {processor.py:925} INFO - DAG(s) 'avito_to_raw_midraw' retrieved from /opt/airflow/dags/avito_to_raw_midraw.py
[2026-08-03T03:17:33.233+0000] {logging_mixin.py:190} INFO - [2026-08-03T03:17:33.233+0000] {dag.py:3239} INFO - Sync 1 DAGs
[2026-08-03T03:17:33.369+0000] {processor.py:208} INFO - Processing /opt/airflow/dags/avito_to_raw_midraw.py took 0.168 seconds
[2026-08-03T03:33:09.000+0000] {processor.py:186} INFO - Started process (PID=3758) to work on /opt/airflow/dags/avito_to_raw_midraw.py
[2026-08-03T03:33:09.000+0000] {processor.py:914} INFO - Processing file /opt/airflow/dags/avito_to_raw_midraw.py for tasks to queue
[2026-08-03T03:33:09.001+0000] {logging_mixin.py:190} INFO - [2026-08-03T03:33:09.001+0000] {dagbag.py:588} INFO - Filling up the DagBag from /opt/airflow/dags/avito_to_raw_midraw.py
[2026-08-03T03:33:09.009+0000] {processor.py:925} INFO - DAG(s) 'avito_to_raw_midraw' retrieved from /opt/airflow/dags/avito_to_raw_midraw.py
[2026-08-03T03:33:09.023+0000] {logging_mixin.py:190} INFO - [2026-08-03T03:33:09.023+0000] {dag.py:3239} INFO - Sync 1 DAGs
[2026-08-03T03:33:09.133+0000] {logging_mixin.py:190} INFO - [2026-08-03T03:33:09.132+0000] {dag.py:4180} INFO - Setting next_dagrun for avito_to_raw_midraw to 2026-08-03 03:00:00+00:00, run_after=2026-08-03 04:00:00+00:00
[2026-08-03T03:33:09.138+0000] {processor.py:208} INFO - Processing /opt/airflow/dags/avito_to_raw_midraw.py took 0.142 seconds
[2026-08-03T03:45:08.652+0000] {processor.py:186} INFO - Started process (PID=3761) to work on /opt/airflow/dags/avito_to_raw_midraw.py
[2026-08-03T03:45:08.652+0000] {processor.py:914} INFO - Processing file /opt/airflow/dags/avito_to_raw_midraw.py for tasks to queue
[2026-08-03T03:45:08.653+0000] {logging_mixin.py:190} INFO - [2026-08-03T03:45:08.653+0000] {dagbag.py:588} INFO - Filling up the DagBag from /opt/airflow/dags/avito_to_raw_midraw.py
[2026-08-03T03:45:08.664+0000] {processor.py:925} INFO - DAG(s) 'avito_to_raw_midraw' retrieved from /opt/airflow/dags/avito_to_raw_midraw.py
[2026-08-03T03:45:08.680+0000] {logging_mixin.py:190} INFO - [2026-08-03T03:45:08.680+0000] {dag.py:3239} INFO - Sync 1 DAGs
[2026-08-03T03:45:08.689+0000] {logging_mixin.py:190} INFO - [2026-08-03T03:45:08.688+0000] {dag.py:4180} INFO - Setting next_dagrun for avito_to_raw_midraw to 2026-08-03 03:00:00+00:00, run_after=2026-08-03 04:00:00+00:00
[2026-08-03T03:45:08.695+0000] {processor.py:208} INFO - Processing /opt/airflow/dags/avito_to_raw_midraw.py took 0.046 seconds
[2026-08-03T04:01:30.538+0000] {processor.py:186} INFO - Started process (PID=3764) to work on /opt/airflow/dags/avito_to_raw_midraw.py
[2026-08-03T04:01:30.539+0000] {processor.py:914} INFO - Processing file /opt/airflow/dags/avito_to_raw_midraw.py for tasks to queue
[2026-08-03T04:01:30.539+0000] {logging_mixin.py:190} INFO - [2026-08-03T04:01:30.539+0000] {dagbag.py:588} INFO - Filling up the DagBag from /opt/airflow/dags/avito_to_raw_midraw.py
[2026-08-03T04:01:30.547+0000] {processor.py:925} INFO - DAG(s) 'avito_to_raw_midraw' retrieved from /opt/airflow/dags/avito_to_raw_midraw.py
[2026-08-03T04:01:30.562+0000] {logging_mixin.py:190} INFO - [2026-08-03T04:01:30.562+0000] {dag.py:3239} INFO - Sync 1 DAGs
[2026-08-03T04:01:30.577+0000] {processor.py:208} INFO - Processing /opt/airflow/dags/avito_to_raw_midraw.py took 0.043 seconds
[2026-08-03T04:18:21.519+0000] {processor.py:186} INFO - Started process (PID=3767) to work on /opt/airflow/dags/avito_to_raw_midraw.py
[2026-08-03T04:18:21.519+0000] {processor.py:914} INFO - Processing file /opt/airflow/dags/avito_to_raw_midraw.py for tasks to queue
[2026-08-03T04:18:21.520+0000] {logging_mixin.py:190} INFO - [2026-08-03T04:18:21.520+0000] {dagbag.py:588} INFO - Filling up the DagBag from /opt/airflow/dags/avito_to_raw_midraw.py
[2026-08-03T04:18:21.529+0000] {processor.py:925} INFO - DAG(s) 'avito_to_raw_midraw' retrieved from /opt/airflow/dags/avito_to_raw_midraw.py
[2026-08-03T04:18:21.548+0000] {logging_mixin.py:190} INFO - [2026-08-03T04:18:21.547+0000] {dag.py:3239} INFO - Sync 1 DAGs
[2026-08-03T04:18:21.559+0000] {logging_mixin.py:190} INFO - [2026-08-03T04:18:21.558+0000] {dag.py:4180} INFO - Setting next_dagrun for avito_to_raw_midraw to 2026-08-03 04:00:00+00:00, run_after=2026-08-03 05:00:00+00:00
[2026-08-03T04:18:21.568+0000] {processor.py:208} INFO - Processing /opt/airflow/dags/avito_to_raw_midraw.py took 0.055 seconds
[2026-08-03T04:35:13.052+0000] {processor.py:186} INFO - Started process (PID=3770) to work on /opt/airflow/dags/avito_to_raw_midraw.py
[2026-08-03T04:35:13.053+0000] {processor.py:914} INFO - Processing file /opt/airflow/dags/avito_to_raw_midraw.py for tasks to queue
[2026-08-03T04:35:13.054+0000] {logging_mixin.py:190} INFO - [2026-08-03T04:35:13.054+0000] {dagbag.py:588} INFO - Filling up the DagBag from /opt/airflow/dags/avito_to_raw_midraw.py
[2026-08-03T04:35:13.072+0000] {processor.py:925} INFO - DAG(s) 'avito_to_raw_midraw' retrieved from /opt/airflow/dags/avito_to_raw_midraw.py
[2026-08-03T04:35:13.097+0000] {logging_mixin.py:190} INFO - [2026-08-03T04:35:13.096+0000] {dag.py:3239} INFO - Sync 1 DAGs
[2026-08-03T04:35:13.113+0000] {logging_mixin.py:190} INFO - [2026-08-03T04:35:13.113+0000] {dag.py:4180} INFO - Setting next_dagrun for avito_to_raw_midraw to 2026-08-03 04:00:00+00:00, run_after=2026-08-03 05:00:00+00:00
[2026-08-03T04:35:13.302+0000] {processor.py:208} INFO - Processing /opt/airflow/dags/avito_to_raw_midraw.py took 0.255 seconds
[2026-08-03T04:39:33.777+0000] {processor.py:186} INFO - Started process (PID=3773) to work on /opt/airflow/dags/avito_to_raw_midraw.py
[2026-08-03T04:39:33.777+0000] {processor.py:914} INFO - Processing file /opt/airflow/dags/avito_to_raw_midraw.py for tasks to queue
[2026-08-03T04:39:33.778+0000] {logging_mixin.py:190} INFO - [2026-08-03T04:39:33.778+0000] {dagbag.py:588} INFO - Filling up the DagBag from /opt/airflow/dags/avito_to_raw_midraw.py
[2026-08-03T04:39:33.785+0000] {processor.py:925} INFO - DAG(s) 'avito_to_raw_midraw' retrieved from /opt/airflow/dags/avito_to_raw_midraw.py
[2026-08-03T04:39:33.798+0000] {logging_mixin.py:190} INFO - [2026-08-03T04:39:33.798+0000] {dag.py:3239} INFO - Sync 1 DAGs
[2026-08-03T04:39:33.905+0000] {logging_mixin.py:190} INFO - [2026-08-03T04:39:33.905+0000] {dag.py:4180} INFO - Setting next_dagrun for avito_to_raw_midraw to 2026-08-03 04:00:00+00:00, run_after=2026-08-03 05:00:00+00:00
[2026-08-03T04:39:33.911+0000] {processor.py:208} INFO - Processing /opt/airflow/dags/avito_to_raw_midraw.py took 0.139 seconds
[2026-08-03T04:46:18.761+0000] {processor.py:186} INFO - Started process (PID=3776) to work on /opt/airflow/dags/avito_to_raw_midraw.py
[2026-08-03T04:46:18.762+0000] {processor.py:914} INFO - Processing file /opt/airflow/dags/avito_to_raw_midraw.py for tasks to queue
[2026-08-03T04:46:18.762+0000] {logging_mixin.py:190} INFO - [2026-08-03T04:46:18.762+0000] {dagbag.py:588} INFO - Filling up the DagBag from /opt/airflow/dags/avito_to_raw_midraw.py
[2026-08-03T04:46:18.771+0000] {processor.py:925} INFO - DAG(s) 'avito_to_raw_midraw' retrieved from /opt/airflow/dags/avito_to_raw_midraw.py
[2026-08-03T04:46:18.786+0000] {logging_mixin.py:190} INFO - [2026-08-03T04:46:18.785+0000] {dag.py:3239} INFO - Sync 1 DAGs
[2026-08-03T04:46:18.794+0000] {logging_mixin.py:190} INFO - [2026-08-03T04:46:18.794+0000] {dag.py:4180} INFO - Setting next_dagrun for avito_to_raw_midraw to 2026-08-03 04:00:00+00:00, run_after=2026-08-03 05:00:00+00:00
[2026-08-03T04:46:18.800+0000] {processor.py:208} INFO - Processing /opt/airflow/dags/avito_to_raw_midraw.py took 0.042 seconds
[2026-08-03T04:46:49.162+0000] {processor.py:186} INFO - Started process (PID=3779) to work on /opt/airflow/dags/avito_to_raw_midraw.py
[2026-08-03T04:46:49.163+0000] {processor.py:914} INFO - Processing file /opt/airflow/dags/avito_to_raw_midraw.py for tasks to queue
[2026-08-03T04:46:49.163+0000] {logging_mixin.py:190} INFO - [2026-08-03T04:46:49.163+0000] {dagbag.py:588} INFO - Filling up the DagBag from /opt/airflow/dags/avito_to_raw_midraw.py
[2026-08-03T04:46:49.170+0000] {processor.py:925} INFO - DAG(s) 'avito_to_raw_midraw' retrieved from /opt/airflow/dags/avito_to_raw_midraw.py
[2026-08-03T04:46:49.183+0000] {logging_mixin.py:190} INFO - [2026-08-03T04:46:49.183+0000] {dag.py:3239} INFO - Sync 1 DAGs
[2026-08-03T04:46:49.192+0000] {logging_mixin.py:190} INFO - [2026-08-03T04:46:49.192+0000] {dag.py:4180} INFO - Setting next_dagrun for avito_to_raw_midraw to 2026-08-03 04:00:00+00:00, run_after=2026-08-03 05:00:00+00:00
[2026-08-03T04:46:49.198+0000] {processor.py:208} INFO - Processing /opt/airflow/dags/avito_to_raw_midraw.py took 0.039 seconds
[2026-08-03T05:03:31.388+0000] {processor.py:186} INFO - Started process (PID=3782) to work on /opt/airflow/dags/avito_to_raw_midraw.py
[2026-08-03T05:03:31.389+0000] {processor.py:914} INFO - Processing file /opt/airflow/dags/avito_to_raw_midraw.py for tasks to queue
[2026-08-03T05:03:31.389+0000] {logging_mixin.py:190} INFO - [2026-08-03T05:03:31.389+0000] {dagbag.py:588} INFO - Filling up the DagBag from /opt/airflow/dags/avito_to_raw_midraw.py
[2026-08-03T05:03:31.398+0000] {processor.py:925} INFO - DAG(s) 'avito_to_raw_midraw' retrieved from /opt/airflow/dags/avito_to_raw_midraw.py
[2026-08-03T05:03:31.416+0000] {logging_mixin.py:190} INFO - [2026-08-03T05:03:31.415+0000] {dag.py:3239} INFO - Sync 1 DAGs
[2026-08-03T05:03:31.440+0000] {processor.py:208} INFO - Processing /opt/airflow/dags/avito_to_raw_midraw.py took 0.056 seconds
[2026-08-03T05:04:01.772+0000] {processor.py:186} INFO - Started process (PID=3785) to work on /opt/airflow/dags/avito_to_raw_midraw.py
[2026-08-03T05:04:01.773+0000] {processor.py:914} INFO - Processing file /opt/airflow/dags/avito_to_raw_midraw.py for tasks to queue
[2026-08-03T05:04:01.773+0000] {logging_mixin.py:190} INFO - [2026-08-03T05:04:01.773+0000] {dagbag.py:588} INFO - Filling up the DagBag from /opt/airflow/dags/avito_to_raw_midraw.py
[2026-08-03T05:04:01.783+0000] {processor.py:925} INFO - DAG(s) 'avito_to_raw_midraw' retrieved from /opt/airflow/dags/avito_to_raw_midraw.py
[2026-08-03T05:04:01.800+0000] {logging_mixin.py:190} INFO - [2026-08-03T05:04:01.800+0000] {dag.py:3239} INFO - Sync 1 DAGs
[2026-08-03T05:04:01.811+0000] {logging_mixin.py:190} INFO - [2026-08-03T05:04:01.811+0000] {dag.py:4180} INFO - Setting next_dagrun for avito_to_raw_midraw to 2026-08-03 05:00:00+00:00, run_after=2026-08-03 06:00:00+00:00
[2026-08-03T05:04:01.818+0000] {processor.py:208} INFO - Processing /opt/airflow/dags/avito_to_raw_midraw.py took 0.050 seconds
[2026-08-03T05:22:13.641+0000] {processor.py:186} INFO - Started process (PID=3788) to work on /opt/airflow/dags/avito_to_raw_midraw.py
[2026-08-03T05:22:13.642+0000] {processor.py:914} INFO - Processing file /opt/airflow/dags/avito_to_raw_midraw.py for tasks to queue
[2026-08-03T05:22:13.643+0000] {logging_mixin.py:190} INFO - [2026-08-03T05:22:13.643+0000] {dagbag.py:588} INFO - Filling up the DagBag from /opt/airflow/dags/avito_to_raw_midraw.py
[2026-08-03T05:22:13.650+0000] {processor.py:925} INFO - DAG(s) 'avito_to_raw_midraw' retrieved from /opt/airflow/dags/avito_to_raw_midraw.py
[2026-08-03T05:22:13.666+0000] {logging_mixin.py:190} INFO - [2026-08-03T05:22:13.665+0000] {dag.py:3239} INFO - Sync 1 DAGs
[2026-08-03T05:22:13.773+0000] {logging_mixin.py:190} INFO - [2026-08-03T05:22:13.773+0000] {dag.py:4180} INFO - Setting next_dagrun for avito_to_raw_midraw to 2026-08-03 05:00:00+00:00, run_after=2026-08-03 06:00:00+00:00
[2026-08-03T05:22:13.781+0000] {processor.py:208} INFO - Processing /opt/airflow/dags/avito_to_raw_midraw.py took 0.143 seconds
[2026-08-03T05:40:38.198+0000] {processor.py:186} INFO - Started process (PID=3791) to work on /opt/airflow/dags/avito_to_raw_midraw.py
[2026-08-03T05:40:38.198+0000] {processor.py:914} INFO - Processing file /opt/airflow/dags/avito_to_raw_midraw.py for tasks to queue
[2026-08-03T05:40:38.199+0000] {logging_mixin.py:190} INFO - [2026-08-03T05:40:38.199+0000] {dagbag.py:588} INFO - Filling up the DagBag from /opt/airflow/dags/avito_to_raw_midraw.py
[2026-08-03T05:40:38.207+0000] {processor.py:925} INFO - DAG(s) 'avito_to_raw_midraw' retrieved from /opt/airflow/dags/avito_to_raw_midraw.py
[2026-08-03T05:40:38.221+0000] {logging_mixin.py:190} INFO - [2026-08-03T05:40:38.221+0000] {dag.py:3239} INFO - Sync 1 DAGs
[2026-08-03T05:40:38.232+0000] {logging_mixin.py:190} INFO - [2026-08-03T05:40:38.232+0000] {dag.py:4180} INFO - Setting next_dagrun for avito_to_raw_midraw to 2026-08-03 05:00:00+00:00, run_after=2026-08-03 06:00:00+00:00
[2026-08-03T05:40:38.240+0000] {processor.py:208} INFO - Processing /opt/airflow/dags/avito_to_raw_midraw.py took 0.047 seconds
[2026-08-03T05:47:16.944+0000] {processor.py:186} INFO - Started process (PID=3794) to work on /opt/airflow/dags/avito_to_raw_midraw.py
[2026-08-03T05:47:16.945+0000] {processor.py:914} INFO - Processing file /opt/airflow/dags/avito_to_raw_midraw.py for tasks to queue
[2026-08-03T05:47:16.946+0000] {logging_mixin.py:190} INFO - [2026-08-03T05:47:16.945+0000] {dagbag.py:588} INFO - Filling up the DagBag from /opt/airflow/dags/avito_to_raw_midraw.py
[2026-08-03T05:47:16.955+0000] {processor.py:925} INFO - DAG(s) 'avito_to_raw_midraw' retrieved from /opt/airflow/dags/avito_to_raw_midraw.py
[2026-08-03T05:47:16.971+0000] {logging_mixin.py:190} INFO - [2026-08-03T05:47:16.971+0000] {dag.py:3239} INFO - Sync 1 DAGs
[2026-08-03T05:47:16.980+0000] {logging_mixin.py:190} INFO - [2026-08-03T05:47:16.980+0000] {dag.py:4180} INFO - Setting next_dagrun for avito_to_raw_midraw to 2026-08-03 05:00:00+00:00, run_after=2026-08-03 06:00:00+00:00
[2026-08-03T05:47:16.987+0000] {processor.py:208} INFO - Processing /opt/airflow/dags/avito_to_raw_midraw.py took 0.047 seconds
[2026-08-03T06:05:23.973+0000] {processor.py:186} INFO - Started process (PID=3797) to work on /opt/airflow/dags/avito_to_raw_midraw.py
[2026-08-03T06:05:23.974+0000] {processor.py:914} INFO - Processing file /opt/airflow/dags/avito_to_raw_midraw.py for tasks to queue
[2026-08-03T06:05:23.975+0000] {logging_mixin.py:190} INFO - [2026-08-03T06:05:23.974+0000] {dagbag.py:588} INFO - Filling up the DagBag from /opt/airflow/dags/avito_to_raw_midraw.py
[2026-08-03T06:05:23.983+0000] {processor.py:925} INFO - DAG(s) 'avito_to_raw_midraw' retrieved from /opt/airflow/dags/avito_to_raw_midraw.py
[2026-08-03T06:05:23.998+0000] {logging_mixin.py:190} INFO - [2026-08-03T06:05:23.997+0000] {dag.py:3239} INFO - Sync 1 DAGs
[2026-08-03T06:05:24.014+0000] {processor.py:208} INFO - Processing /opt/airflow/dags/avito_to_raw_midraw.py took 0.044 seconds
[2026-08-03T06:20:53.499+0000] {processor.py:186} INFO - Started process (PID=3800) to work on /opt/airflow/dags/avito_to_raw_midraw.py
[2026-08-03T06:20:53.500+0000] {processor.py:914} INFO - Processing file /opt/airflow/dags/avito_to_raw_midraw.py for tasks to queue
[2026-08-03T06:20:53.501+0000] {logging_mixin.py:190} INFO - [2026-08-03T06:20:53.500+0000] {dagbag.py:588} INFO - Filling up the DagBag from /opt/airflow/dags/avito_to_raw_midraw.py
[2026-08-03T06:20:53.508+0000] {processor.py:925} INFO - DAG(s) 'avito_to_raw_midraw' retrieved from /opt/airflow/dags/avito_to_raw_midraw.py
[2026-08-03T06:20:53.522+0000] {logging_mixin.py:190} INFO - [2026-08-03T06:20:53.522+0000] {dag.py:3239} INFO - Sync 1 DAGs
[2026-08-03T06:20:53.531+0000] {logging_mixin.py:190} INFO - [2026-08-03T06:20:53.531+0000] {dag.py:4180} INFO - Setting next_dagrun for avito_to_raw_midraw to 2026-08-03 06:00:00+00:00, run_after=2026-08-03 07:00:00+00:00
[2026-08-03T06:20:53.538+0000] {processor.py:208} INFO - Processing /opt/airflow/dags/avito_to_raw_midraw.py took 0.042 seconds
[2026-08-03T06:37:31.395+0000] {processor.py:186} INFO - Started process (PID=3803) to work on /opt/airflow/dags/avito_to_raw_midraw.py
[2026-08-03T06:37:31.396+0000] {processor.py:914} INFO - Processing file /opt/airflow/dags/avito_to_raw_midraw.py for tasks to queue
[2026-08-03T06:37:31.396+0000] {logging_mixin.py:190} INFO - [2026-08-03T06:37:31.396+0000] {dagbag.py:588} INFO - Filling up the DagBag from /opt/airflow/dags/avito_to_raw_midraw.py
[2026-08-03T06:37:31.404+0000] {processor.py:925} INFO - DAG(s) 'avito_to_raw_midraw' retrieved from /opt/airflow/dags/avito_to_raw_midraw.py
[2026-08-03T06:37:31.419+0000] {logging_mixin.py:190} INFO - [2026-08-03T06:37:31.418+0000] {dag.py:3239} INFO - Sync 1 DAGs
[2026-08-03T06:37:31.527+0000] {logging_mixin.py:190} INFO - [2026-08-03T06:37:31.526+0000] {dag.py:4180} INFO - Setting next_dagrun for avito_to_raw_midraw to 2026-08-03 06:00:00+00:00, run_after=2026-08-03 07:00:00+00:00
[2026-08-03T06:37:31.533+0000] {processor.py:208} INFO - Processing /opt/airflow/dags/avito_to_raw_midraw.py took 0.142 seconds
[2026-08-03T06:48:21.257+0000] {processor.py:186} INFO - Started process (PID=3806) to work on /opt/airflow/dags/avito_to_raw_midraw.py
[2026-08-03T06:48:21.258+0000] {processor.py:914} INFO - Processing file /opt/airflow/dags/avito_to_raw_midraw.py for tasks to queue
[2026-08-03T06:48:21.259+0000] {logging_mixin.py:190} INFO - [2026-08-03T06:48:21.258+0000] {dagbag.py:588} INFO - Filling up the DagBag from /opt/airflow/dags/avito_to_raw_midraw.py
[2026-08-03T06:48:21.267+0000] {processor.py:925} INFO - DAG(s) 'avito_to_raw_midraw' retrieved from /opt/airflow/dags/avito_to_raw_midraw.py
[2026-08-03T06:48:21.378+0000] {logging_mixin.py:190} INFO - [2026-08-03T06:48:21.378+0000] {dag.py:3239} INFO - Sync 1 DAGs
[2026-08-03T06:48:21.385+0000] {logging_mixin.py:190} INFO - [2026-08-03T06:48:21.385+0000] {dag.py:4180} INFO - Setting next_dagrun for avito_to_raw_midraw to 2026-08-03 06:00:00+00:00, run_after=2026-08-03 07:00:00+00:00
[2026-08-03T06:48:21.391+0000] {processor.py:208} INFO - Processing /opt/airflow/dags/avito_to_raw_midraw.py took 0.137 seconds
[2026-08-03T07:04:55.872+0000] {processor.py:186} INFO - Started process (PID=3809) to work on /opt/airflow/dags/avito_to_raw_midraw.py
[2026-08-03T07:04:55.872+0000] {processor.py:914} INFO - Processing file /opt/airflow/dags/avito_to_raw_midraw.py for tasks to queue
[2026-08-03T07:04:55.873+0000] {logging_mixin.py:190} INFO - [2026-08-03T07:04:55.873+0000] {dagbag.py:588} INFO - Filling up the DagBag from /opt/airflow/dags/avito_to_raw_midraw.py
[2026-08-03T07:04:55.880+0000] {processor.py:925} INFO - DAG(s) 'avito_to_raw_midraw' retrieved from /opt/airflow/dags/avito_to_raw_midraw.py
[2026-08-03T07:04:55.895+0000] {logging_mixin.py:190} INFO - [2026-08-03T07:04:55.895+0000] {dag.py:3239} INFO - Sync 1 DAGs
[2026-08-03T07:04:55.911+0000] {processor.py:208} INFO - Processing /opt/airflow/dags/avito_to_raw_midraw.py took 0.042 seconds
[2026-08-03T07:22:10.570+0000] {processor.py:186} INFO - Started process (PID=3812) to work on /opt/airflow/dags/avito_to_raw_midraw.py
[2026-08-03T07:22:10.570+0000] {processor.py:914} INFO - Processing file /opt/airflow/dags/avito_to_raw_midraw.py for tasks to queue
[2026-08-03T07:22:10.571+0000] {logging_mixin.py:190} INFO - [2026-08-03T07:22:10.571+0000] {dagbag.py:588} INFO - Filling up the DagBag from /opt/airflow/dags/avito_to_raw_midraw.py
[2026-08-03T07:22:10.578+0000] {processor.py:925} INFO - DAG(s) 'avito_to_raw_midraw' retrieved from /opt/airflow/dags/avito_to_raw_midraw.py
[2026-08-03T07:22:10.591+0000] {logging_mixin.py:190} INFO - [2026-08-03T07:22:10.591+0000] {dag.py:3239} INFO - Sync 1 DAGs
[2026-08-03T07:22:10.600+0000] {logging_mixin.py:190} INFO - [2026-08-03T07:22:10.600+0000] {dag.py:4180} INFO - Setting next_dagrun for avito_to_raw_midraw to 2026-08-03 07:00:00+00:00, run_after=2026-08-03 08:00:00+00:00
[2026-08-03T07:22:10.607+0000] {processor.py:208} INFO - Processing /opt/airflow/dags/avito_to_raw_midraw.py took 0.040 seconds
[2026-08-03T07:38:44.162+0000] {processor.py:186} INFO - Started process (PID=3815) to work on /opt/airflow/dags/avito_to_raw_midraw.py
[2026-08-03T07:38:44.163+0000] {processor.py:914} INFO - Processing file /opt/airflow/dags/avito_to_raw_midraw.py for tasks to queue
[2026-08-03T07:38:44.163+0000] {logging_mixin.py:190} INFO - [2026-08-03T07:38:44.163+0000] {dagbag.py:588} INFO - Filling up the DagBag from /opt/airflow/dags/avito_to_raw_midraw.py
[2026-08-03T07:38:44.171+0000] {processor.py:925} INFO - DAG(s) 'avito_to_raw_midraw' retrieved from /opt/airflow/dags/avito_to_raw_midraw.py
[2026-08-03T07:38:44.185+0000] {logging_mixin.py:190} INFO - [2026-08-03T07:38:44.185+0000] {dag.py:3239} INFO - Sync 1 DAGs
[2026-08-03T07:38:44.194+0000] {logging_mixin.py:190} INFO - [2026-08-03T07:38:44.194+0000] {dag.py:4180} INFO - Setting next_dagrun for avito_to_raw_midraw to 2026-08-03 07:00:00+00:00, run_after=2026-08-03 08:00:00+00:00
[2026-08-03T07:38:44.201+0000] {processor.py:208} INFO - Processing /opt/airflow/dags/avito_to_raw_midraw.py took 0.042 seconds
[2026-08-03T07:49:20.359+0000] {processor.py:186} INFO - Started process (PID=3818) to work on /opt/airflow/dags/avito_to_raw_midraw.py
[2026-08-03T07:49:20.360+0000] {processor.py:914} INFO - Processing file /opt/airflow/dags/avito_to_raw_midraw.py for tasks to queue
[2026-08-03T07:49:20.361+0000] {logging_mixin.py:190} INFO - [2026-08-03T07:49:20.360+0000] {dagbag.py:588} INFO - Filling up the DagBag from /opt/airflow/dags/avito_to_raw_midraw.py
[2026-08-03T07:49:20.368+0000] {processor.py:925} INFO - DAG(s) 'avito_to_raw_midraw' retrieved from /opt/airflow/dags/avito_to_raw_midraw.py
[2026-08-03T07:49:20.383+0000] {logging_mixin.py:190} INFO - [2026-08-03T07:49:20.382+0000] {dag.py:3239} INFO - Sync 1 DAGs
[2026-08-03T07:49:20.488+0000] {logging_mixin.py:190} INFO - [2026-08-03T07:49:20.488+0000] {dag.py:4180} INFO - Setting next_dagrun for avito_to_raw_midraw to 2026-08-03 07:00:00+00:00, run_after=2026-08-03 08:00:00+00:00
[2026-08-03T07:49:20.494+0000] {processor.py:208} INFO - Processing /opt/airflow/dags/avito_to_raw_midraw.py took 0.138 seconds
[2026-08-03T08:06:27.241+0000] {processor.py:186} INFO - Started process (PID=3821) to work on /opt/airflow/dags/avito_to_raw_midraw.py
[2026-08-03T08:06:27.241+0000] {processor.py:914} INFO - Processing file /opt/airflow/dags/avito_to_raw_midraw.py for tasks to queue
[2026-08-03T08:06:27.243+0000] {logging_mixin.py:190} INFO - [2026-08-03T08:06:27.243+0000] {dagbag.py:588} INFO - Filling up the DagBag from /opt/airflow/dags/avito_to_raw_midraw.py
[2026-08-03T08:06:27.251+0000] {processor.py:925} INFO - DAG(s) 'avito_to_raw_midraw' retrieved from /opt/airflow/dags/avito_to_raw_midraw.py
[2026-08-03T08:06:27.385+0000] {logging_mixin.py:190} INFO - [2026-08-03T08:06:27.385+0000] {dag.py:3239} INFO - Sync 1 DAGs
[2026-08-03T08:06:27.399+0000] {processor.py:208} INFO - Processing /opt/airflow/dags/avito_to_raw_midraw.py took 0.165 seconds
[2026-08-03T08:06:57.574+0000] {processor.py:186} INFO - Started process (PID=3824) to work on /opt/airflow/dags/avito_to_raw_midraw.py
[2026-08-03T08:06:57.575+0000] {processor.py:914} INFO - Processing file /opt/airflow/dags/avito_to_raw_midraw.py for tasks to queue
[2026-08-03T08:06:57.576+0000] {logging_mixin.py:190} INFO - [2026-08-03T08:06:57.576+0000] {dagbag.py:588} INFO - Filling up the DagBag from /opt/airflow/dags/avito_to_raw_midraw.py
[2026-08-03T08:06:57.584+0000] {processor.py:925} INFO - DAG(s) 'avito_to_raw_midraw' retrieved from /opt/airflow/dags/avito_to_raw_midraw.py
[2026-08-03T08:06:57.598+0000] {logging_mixin.py:190} INFO - [2026-08-03T08:06:57.598+0000] {dag.py:3239} INFO - Sync 1 DAGs
[2026-08-03T08:06:57.607+0000] {logging_mixin.py:190} INFO - [2026-08-03T08:06:57.607+0000] {dag.py:4180} INFO - Setting next_dagrun for avito_to_raw_midraw to 2026-08-03 08:00:00+00:00, run_after=2026-08-03 09:00:00+00:00
[2026-08-03T08:06:57.614+0000] {processor.py:208} INFO - Processing /opt/airflow/dags/avito_to_raw_midraw.py took 0.044 seconds
[2026-08-03T08:23:45.067+0000] {processor.py:186} INFO - Started process (PID=3827) to work on /opt/airflow/dags/avito_to_raw_midraw.py
[2026-08-03T08:23:45.068+0000] {processor.py:914} INFO - Processing file /opt/airflow/dags/avito_to_raw_midraw.py for tasks to queue
[2026-08-03T08:23:45.069+0000] {logging_mixin.py:190} INFO - [2026-08-03T08:23:45.068+0000] {dagbag.py:588} INFO - Filling up the DagBag from /opt/airflow/dags/avito_to_raw_midraw.py
[2026-08-03T08:23:45.076+0000] {processor.py:925} INFO - DAG(s) 'avito_to_raw_midraw' retrieved from /opt/airflow/dags/avito_to_raw_midraw.py
[2026-08-03T08:23:45.090+0000] {logging_mixin.py:190} INFO - [2026-08-03T08:23:45.090+0000] {dag.py:3239} INFO - Sync 1 DAGs
[2026-08-03T08:23:45.099+0000] {logging_mixin.py:190} INFO - [2026-08-03T08:23:45.099+0000] {dag.py:4180} INFO - Setting next_dagrun for avito_to_raw_midraw to 2026-08-03 08:00:00+00:00, run_after=2026-08-03 09:00:00+00:00
[2026-08-03T08:23:45.105+0000] {processor.py:208} INFO - Processing /opt/airflow/dags/avito_to_raw_midraw.py took 0.042 seconds
[2026-08-03T08:40:24.646+0000] {processor.py:186} INFO - Started process (PID=3830) to work on /opt/airflow/dags/avito_to_raw_midraw.py
[2026-08-03T08:40:24.647+0000] {processor.py:914} INFO - Processing file /opt/airflow/dags/avito_to_raw_midraw.py for tasks to queue
[2026-08-03T08:40:24.647+0000] {logging_mixin.py:190} INFO - [2026-08-03T08:40:24.647+0000] {dagbag.py:588} INFO - Filling up the DagBag from /opt/airflow/dags/avito_to_raw_midraw.py
[2026-08-03T08:40:24.656+0000] {processor.py:925} INFO - DAG(s) 'avito_to_raw_midraw' retrieved from /opt/airflow/dags/avito_to_raw_midraw.py
[2026-08-03T08:40:24.670+0000] {logging_mixin.py:190} INFO - [2026-08-03T08:40:24.670+0000] {dag.py:3239} INFO - Sync 1 DAGs
[2026-08-03T08:40:24.680+0000] {logging_mixin.py:190} INFO - [2026-08-03T08:40:24.679+0000] {dag.py:4180} INFO - Setting next_dagrun for avito_to_raw_midraw to 2026-08-03 08:00:00+00:00, run_after=2026-08-03 09:00:00+00:00
[2026-08-03T08:40:24.686+0000] {processor.py:208} INFO - Processing /opt/airflow/dags/avito_to_raw_midraw.py took 0.044 seconds
[2026-08-03T09:07:27.736+0000] {processor.py:186} INFO - Started process (PID=3833) to work on /opt/airflow/dags/avito_to_raw_midraw.py
[2026-08-03T09:07:27.736+0000] {processor.py:914} INFO - Processing file /opt/airflow/dags/avito_to_raw_midraw.py for tasks to queue
[2026-08-03T09:07:27.737+0000] {logging_mixin.py:190} INFO - [2026-08-03T09:07:27.737+0000] {dagbag.py:588} INFO - Filling up the DagBag from /opt/airflow/dags/avito_to_raw_midraw.py
[2026-08-03T09:07:27.744+0000] {processor.py:925} INFO - DAG(s) 'avito_to_raw_midraw' retrieved from /opt/airflow/dags/avito_to_raw_midraw.py
[2026-08-03T09:07:27.759+0000] {logging_mixin.py:190} INFO - [2026-08-03T09:07:27.759+0000] {dag.py:3239} INFO - Sync 1 DAGs
[2026-08-03T09:07:27.885+0000] {processor.py:208} INFO - Processing /opt/airflow/dags/avito_to_raw_midraw.py took 0.152 seconds
[2026-08-03T09:23:33.614+0000] {processor.py:186} INFO - Started process (PID=3836) to work on /opt/airflow/dags/avito_to_raw_midraw.py
[2026-08-03T09:23:33.614+0000] {processor.py:914} INFO - Processing file /opt/airflow/dags/avito_to_raw_midraw.py for tasks to queue
[2026-08-03T09:23:33.615+0000] {logging_mixin.py:190} INFO - [2026-08-03T09:23:33.615+0000] {dagbag.py:588} INFO - Filling up the DagBag from /opt/airflow/dags/avito_to_raw_midraw.py
[2026-08-03T09:23:33.622+0000] {processor.py:925} INFO - DAG(s) 'avito_to_raw_midraw' retrieved from /opt/airflow/dags/avito_to_raw_midraw.py
[2026-08-03T09:23:33.742+0000] {logging_mixin.py:190} INFO - [2026-08-03T09:23:33.742+0000] {dag.py:3239} INFO - Sync 1 DAGs
[2026-08-03T09:23:33.750+0000] {logging_mixin.py:190} INFO - [2026-08-03T09:23:33.750+0000] {dag.py:4180} INFO - Setting next_dagrun for avito_to_raw_midraw to 2026-08-03 09:00:00+00:00, run_after=2026-08-03 10:00:00+00:00
[2026-08-03T09:23:33.756+0000] {processor.py:208} INFO - Processing /opt/airflow/dags/avito_to_raw_midraw.py took 0.146 seconds
[2026-08-03T09:40:44.871+0000] {processor.py:186} INFO - Started process (PID=3839) to work on /opt/airflow/dags/avito_to_raw_midraw.py
[2026-08-03T09:40:44.872+0000] {processor.py:914} INFO - Processing file /opt/airflow/dags/avito_to_raw_midraw.py for tasks to queue
[2026-08-03T09:40:44.873+0000] {logging_mixin.py:190} INFO - [2026-08-03T09:40:44.873+0000] {dagbag.py:588} INFO - Filling up the DagBag from /opt/airflow/dags/avito_to_raw_midraw.py
[2026-08-03T09:40:44.881+0000] {processor.py:925} INFO - DAG(s) 'avito_to_raw_midraw' retrieved from /opt/airflow/dags/avito_to_raw_midraw.py
[2026-08-03T09:40:44.896+0000] {logging_mixin.py:190} INFO - [2026-08-03T09:40:44.896+0000] {dag.py:3239} INFO - Sync 1 DAGs
[2026-08-03T09:40:44.905+0000] {logging_mixin.py:190} INFO - [2026-08-03T09:40:44.905+0000] {dag.py:4180} INFO - Setting next_dagrun for avito_to_raw_midraw to 2026-08-03 09:00:00+00:00, run_after=2026-08-03 10:00:00+00:00
[2026-08-03T09:40:44.911+0000] {processor.py:208} INFO - Processing /opt/airflow/dags/avito_to_raw_midraw.py took 0.043 seconds
[2026-08-03T09:51:15.347+0000] {processor.py:186} INFO - Started process (PID=3842) to work on /opt/airflow/dags/avito_to_raw_midraw.py
[2026-08-03T09:51:15.348+0000] {processor.py:914} INFO - Processing file /opt/airflow/dags/avito_to_raw_midraw.py for tasks to queue
[2026-08-03T09:51:15.348+0000] {logging_mixin.py:190} INFO - [2026-08-03T09:51:15.348+0000] {dagbag.py:588} INFO - Filling up the DagBag from /opt/airflow/dags/avito_to_raw_midraw.py
[2026-08-03T09:51:15.355+0000] {processor.py:925} INFO - DAG(s) 'avito_to_raw_midraw' retrieved from /opt/airflow/dags/avito_to_raw_midraw.py
[2026-08-03T09:51:15.371+0000] {logging_mixin.py:190} INFO - [2026-08-03T09:51:15.371+0000] {dag.py:3239} INFO - Sync 1 DAGs
[2026-08-03T09:51:15.380+0000] {logging_mixin.py:190} INFO - [2026-08-03T09:51:15.379+0000] {dag.py:4180} INFO - Setting next_dagrun for avito_to_raw_midraw to 2026-08-03 09:00:00+00:00, run_after=2026-08-03 10:00:00+00:00
[2026-08-03T09:51:15.386+0000] {processor.py:208} INFO - Processing /opt/airflow/dags/avito_to_raw_midraw.py took 0.042 seconds
[2026-08-03T10:25:03.253+0000] {processor.py:186} INFO - Started process (PID=3845) to work on /opt/airflow/dags/avito_to_raw_midraw.py
[2026-08-03T10:25:03.253+0000] {processor.py:914} INFO - Processing file /opt/airflow/dags/avito_to_raw_midraw.py for tasks to queue
[2026-08-03T10:25:03.254+0000] {logging_mixin.py:190} INFO - [2026-08-03T10:25:03.254+0000] {dagbag.py:588} INFO - Filling up the DagBag from /opt/airflow/dags/avito_to_raw_midraw.py
[2026-08-03T10:25:03.265+0000] {processor.py:925} INFO - DAG(s) 'avito_to_raw_midraw' retrieved from /opt/airflow/dags/avito_to_raw_midraw.py
[2026-08-03T10:25:03.283+0000] {logging_mixin.py:190} INFO - [2026-08-03T10:25:03.282+0000] {dag.py:3239} INFO - Sync 1 DAGs
[2026-08-03T10:25:03.296+0000] {logging_mixin.py:190} INFO - [2026-08-03T10:25:03.296+0000] {dag.py:4180} INFO - Setting next_dagrun for avito_to_raw_midraw to 2026-08-03 09:00:00+00:00, run_after=2026-08-03 10:00:00+00:00
[2026-08-03T10:25:03.304+0000] {processor.py:208} INFO - Processing /opt/airflow/dags/avito_to_raw_midraw.py took 0.056 seconds
[2026-08-03T10:26:31.956+0000] {processor.py:186} INFO - Started process (PID=3848) to work on /opt/airflow/dags/avito_to_raw_midraw.py
[2026-08-03T10:26:31.956+0000] {processor.py:914} INFO - Processing file /opt/airflow/dags/avito_to_raw_midraw.py for tasks to queue
[2026-08-03T10:26:31.957+0000] {logging_mixin.py:190} INFO - [2026-08-03T10:26:31.957+0000] {dagbag.py:588} INFO - Filling up the DagBag from /opt/airflow/dags/avito_to_raw_midraw.py
[2026-08-03T10:26:31.964+0000] {processor.py:925} INFO - DAG(s) 'avito_to_raw_midraw' retrieved from /opt/airflow/dags/avito_to_raw_midraw.py
[2026-08-03T10:26:31.979+0000] {logging_mixin.py:190} INFO - [2026-08-03T10:26:31.979+0000] {dag.py:3239} INFO - Sync 1 DAGs
[2026-08-03T10:26:32.088+0000] {logging_mixin.py:190} INFO - [2026-08-03T10:26:32.088+0000] {dag.py:4180} INFO - Setting next_dagrun for avito_to_raw_midraw to 2026-08-03 10:00:00+00:00, run_after=2026-08-03 11:00:00+00:00
[2026-08-03T10:26:32.095+0000] {processor.py:208} INFO - Processing /opt/airflow/dags/avito_to_raw_midraw.py took 0.143 seconds
[2026-08-03T10:27:02.465+0000] {processor.py:186} INFO - Started process (PID=3851) to work on /opt/airflow/dags/avito_to_raw_midraw.py
[2026-08-03T10:27:02.465+0000] {processor.py:914} INFO - Processing file /opt/airflow/dags/avito_to_raw_midraw.py for tasks to queue
[2026-08-03T10:27:02.466+0000] {logging_mixin.py:190} INFO - [2026-08-03T10:27:02.466+0000] {dagbag.py:588} INFO - Filling up the DagBag from /opt/airflow/dags/avito_to_raw_midraw.py
[2026-08-03T10:27:02.474+0000] {processor.py:925} INFO - DAG(s) 'avito_to_raw_midraw' retrieved from /opt/airflow/dags/avito_to_raw_midraw.py
[2026-08-03T10:27:02.489+0000] {logging_mixin.py:190} INFO - [2026-08-03T10:27:02.488+0000] {dag.py:3239} INFO - Sync 1 DAGs
[2026-08-03T10:27:02.601+0000] {logging_mixin.py:190} INFO - [2026-08-03T10:27:02.601+0000] {dag.py:4180} INFO - Setting next_dagrun for avito_to_raw_midraw to 2026-08-03 10:00:00+00:00, run_after=2026-08-03 11:00:00+00:00
[2026-08-03T10:27:02.607+0000] {processor.py:208} INFO - Processing /opt/airflow/dags/avito_to_raw_midraw.py took 0.146 seconds
[2026-08-03T10:44:54.391+0000] {processor.py:186} INFO - Started process (PID=3854) to work on /opt/airflow/dags/avito_to_raw_midraw.py
[2026-08-03T10:44:54.391+0000] {processor.py:914} INFO - Processing file /opt/airflow/dags/avito_to_raw_midraw.py for tasks to queue
[2026-08-03T10:44:54.392+0000] {logging_mixin.py:190} INFO - [2026-08-03T10:44:54.392+0000] {dagbag.py:588} INFO - Filling up the DagBag from /opt/airflow/dags/avito_to_raw_midraw.py
[2026-08-03T10:44:54.399+0000] {processor.py:925} INFO - DAG(s) 'avito_to_raw_midraw' retrieved from /opt/airflow/dags/avito_to_raw_midraw.py
[2026-08-03T10:44:54.514+0000] {logging_mixin.py:190} INFO - [2026-08-03T10:44:54.514+0000] {dag.py:3239} INFO - Sync 1 DAGs
[2026-08-03T10:44:54.521+0000] {logging_mixin.py:190} INFO - [2026-08-03T10:44:54.521+0000] {dag.py:4180} INFO - Setting next_dagrun for avito_to_raw_midraw to 2026-08-03 10:00:00+00:00, run_after=2026-08-03 11:00:00+00:00
[2026-08-03T10:44:54.527+0000] {processor.py:208} INFO - Processing /opt/airflow/dags/avito_to_raw_midraw.py took 0.140 seconds
[2026-08-03T10:52:06.379+0000] {processor.py:186} INFO - Started process (PID=3857) to work on /opt/airflow/dags/avito_to_raw_midraw.py
[2026-08-03T10:52:06.379+0000] {processor.py:914} INFO - Processing file /opt/airflow/dags/avito_to_raw_midraw.py for tasks to queue
[2026-08-03T10:52:06.380+0000] {logging_mixin.py:190} INFO - [2026-08-03T10:52:06.380+0000] {dagbag.py:588} INFO - Filling up the DagBag from /opt/airflow/dags/avito_to_raw_midraw.py
[2026-08-03T10:52:06.388+0000] {processor.py:925} INFO - DAG(s) 'avito_to_raw_midraw' retrieved from /opt/airflow/dags/avito_to_raw_midraw.py
[2026-08-03T10:52:06.405+0000] {logging_mixin.py:190} INFO - [2026-08-03T10:52:06.405+0000] {dag.py:3239} INFO - Sync 1 DAGs
[2026-08-03T10:52:06.418+0000] {logging_mixin.py:190} INFO - [2026-08-03T10:52:06.417+0000] {dag.py:4180} INFO - Setting next_dagrun for avito_to_raw_midraw to 2026-08-03 10:00:00+00:00, run_after=2026-08-03 11:00:00+00:00
[2026-08-03T10:52:06.426+0000] {processor.py:208} INFO - Processing /opt/airflow/dags/avito_to_raw_midraw.py took 0.051 seconds
[2026-08-03T10:52:36.730+0000] {processor.py:186} INFO - Started process (PID=3860) to work on /opt/airflow/dags/avito_to_raw_midraw.py
[2026-08-03T10:52:36.730+0000] {processor.py:914} INFO - Processing file /opt/airflow/dags/avito_to_raw_midraw.py for tasks to queue
[2026-08-03T10:52:36.731+0000] {logging_mixin.py:190} INFO - [2026-08-03T10:52:36.731+0000] {dagbag.py:588} INFO - Filling up the DagBag from /opt/airflow/dags/avito_to_raw_midraw.py
[2026-08-03T10:52:36.739+0000] {processor.py:925} INFO - DAG(s) 'avito_to_raw_midraw' retrieved from /opt/airflow/dags/avito_to_raw_midraw.py
[2026-08-03T10:52:36.753+0000] {logging_mixin.py:190} INFO - [2026-08-03T10:52:36.753+0000] {dag.py:3239} INFO - Sync 1 DAGs
[2026-08-03T10:52:36.762+0000] {logging_mixin.py:190} INFO - [2026-08-03T10:52:36.762+0000] {dag.py:4180} INFO - Setting next_dagrun for avito_to_raw_midraw to 2026-08-03 10:00:00+00:00, run_after=2026-08-03 11:00:00+00:00
[2026-08-03T10:52:36.770+0000] {processor.py:208} INFO - Processing /opt/airflow/dags/avito_to_raw_midraw.py took 0.044 seconds
[2026-08-03T10:53:07.090+0000] {processor.py:186} INFO - Started process (PID=3863) to work on /opt/airflow/dags/avito_to_raw_midraw.py
[2026-08-03T10:53:07.091+0000] {processor.py:914} INFO - Processing file /opt/airflow/dags/avito_to_raw_midraw.py for tasks to queue
[2026-08-03T10:53:07.092+0000] {logging_mixin.py:190} INFO - [2026-08-03T10:53:07.092+0000] {dagbag.py:588} INFO - Filling up the DagBag from /opt/airflow/dags/avito_to_raw_midraw.py
[2026-08-03T10:53:07.101+0000] {processor.py:925} INFO - DAG(s) 'avito_to_raw_midraw' retrieved from /opt/airflow/dags/avito_to_raw_midraw.py
[2026-08-03T10:53:07.116+0000] {logging_mixin.py:190} INFO - [2026-08-03T10:53:07.116+0000] {dag.py:3239} INFO - Sync 1 DAGs
[2026-08-03T10:53:07.125+0000] {logging_mixin.py:190} INFO - [2026-08-03T10:53:07.125+0000] {dag.py:4180} INFO - Setting next_dagrun for avito_to_raw_midraw to 2026-08-03 10:00:00+00:00, run_after=2026-08-03 11:00:00+00:00
[2026-08-03T10:53:07.131+0000] {processor.py:208} INFO - Processing /opt/airflow/dags/avito_to_raw_midraw.py took 0.044 seconds
[2026-08-03T11:08:56.359+0000] {processor.py:186} INFO - Started process (PID=3866) to work on /opt/airflow/dags/avito_to_raw_midraw.py
[2026-08-03T11:08:56.360+0000] {processor.py:914} INFO - Processing file /opt/airflow/dags/avito_to_raw_midraw.py for tasks to queue
[2026-08-03T11:08:56.361+0000] {logging_mixin.py:190} INFO - [2026-08-03T11:08:56.360+0000] {dagbag.py:588} INFO - Filling up the DagBag from /opt/airflow/dags/avito_to_raw_midraw.py
[2026-08-03T11:08:56.368+0000] {processor.py:925} INFO - DAG(s) 'avito_to_raw_midraw' retrieved from /opt/airflow/dags/avito_to_raw_midraw.py
[2026-08-03T11:08:56.384+0000] {logging_mixin.py:190} INFO - [2026-08-03T11:08:56.384+0000] {dag.py:3239} INFO - Sync 1 DAGs
[2026-08-03T11:08:56.399+0000] {processor.py:208} INFO - Processing /opt/airflow/dags/avito_to_raw_midraw.py took 0.043 seconds
[2026-08-03T11:09:26.840+0000] {processor.py:186} INFO - Started process (PID=3869) to work on /opt/airflow/dags/avito_to_raw_midraw.py
[2026-08-03T11:09:26.841+0000] {processor.py:914} INFO - Processing file /opt/airflow/dags/avito_to_raw_midraw.py for tasks to queue
[2026-08-03T11:09:26.841+0000] {logging_mixin.py:190} INFO - [2026-08-03T11:09:26.841+0000] {dagbag.py:588} INFO - Filling up the DagBag from /opt/airflow/dags/avito_to_raw_midraw.py
[2026-08-03T11:09:26.849+0000] {processor.py:925} INFO - DAG(s) 'avito_to_raw_midraw' retrieved from /opt/airflow/dags/avito_to_raw_midraw.py
[2026-08-03T11:09:26.862+0000] {logging_mixin.py:190} INFO - [2026-08-03T11:09:26.862+0000] {dag.py:3239} INFO - Sync 1 DAGs
[2026-08-03T11:09:26.880+0000] {processor.py:208} INFO - Processing /opt/airflow/dags/avito_to_raw_midraw.py took 0.043 seconds
[2026-08-03T11:27:27.493+0000] {processor.py:186} INFO - Started process (PID=3872) to work on /opt/airflow/dags/avito_to_raw_midraw.py
[2026-08-03T11:27:27.494+0000] {processor.py:914} INFO - Processing file /opt/airflow/dags/avito_to_raw_midraw.py for tasks to queue
[2026-08-03T11:27:27.495+0000] {logging_mixin.py:190} INFO - [2026-08-03T11:27:27.494+0000] {dagbag.py:588} INFO - Filling up the DagBag from /opt/airflow/dags/avito_to_raw_midraw.py
[2026-08-03T11:27:27.503+0000] {processor.py:925} INFO - DAG(s) 'avito_to_raw_midraw' retrieved from /opt/airflow/dags/avito_to_raw_midraw.py
[2026-08-03T11:27:27.521+0000] {logging_mixin.py:190} INFO - [2026-08-03T11:27:27.521+0000] {dag.py:3239} INFO - Sync 1 DAGs
[2026-08-03T11:27:27.550+0000] {processor.py:208} INFO - Processing /opt/airflow/dags/avito_to_raw_midraw.py took 0.061 seconds
[2026-08-03T11:43:19.983+0000] {processor.py:186} INFO - Started process (PID=3875) to work on /opt/airflow/dags/avito_to_raw_midraw.py
[2026-08-03T11:43:19.984+0000] {processor.py:914} INFO - Processing file /opt/airflow/dags/avito_to_raw_midraw.py for tasks to queue
[2026-08-03T11:43:19.984+0000] {logging_mixin.py:190} INFO - [2026-08-03T11:43:19.984+0000] {dagbag.py:588} INFO - Filling up the DagBag from /opt/airflow/dags/avito_to_raw_midraw.py
[2026-08-03T11:43:19.992+0000] {processor.py:925} INFO - DAG(s) 'avito_to_raw_midraw' retrieved from /opt/airflow/dags/avito_to_raw_midraw.py
[2026-08-03T11:43:20.007+0000] {logging_mixin.py:190} INFO - [2026-08-03T11:43:20.007+0000] {dag.py:3239} INFO - Sync 1 DAGs
[2026-08-03T11:43:20.020+0000] {processor.py:208} INFO - Processing /opt/airflow/dags/avito_to_raw_midraw.py took 0.041 seconds
[2026-08-03T11:43:50.408+0000] {processor.py:186} INFO - Started process (PID=3878) to work on /opt/airflow/dags/avito_to_raw_midraw.py
[2026-08-03T11:43:50.409+0000] {processor.py:914} INFO - Processing file /opt/airflow/dags/avito_to_raw_midraw.py for tasks to queue
[2026-08-03T11:43:50.409+0000] {logging_mixin.py:190} INFO - [2026-08-03T11:43:50.409+0000] {dagbag.py:588} INFO - Filling up the DagBag from /opt/airflow/dags/avito_to_raw_midraw.py
[2026-08-03T11:43:50.419+0000] {processor.py:925} INFO - DAG(s) 'avito_to_raw_midraw' retrieved from /opt/airflow/dags/avito_to_raw_midraw.py
[2026-08-03T11:43:50.436+0000] {logging_mixin.py:190} INFO - [2026-08-03T11:43:50.436+0000] {dag.py:3239} INFO - Sync 1 DAGs
[2026-08-03T11:43:50.454+0000] {processor.py:208} INFO - Processing /opt/airflow/dags/avito_to_raw_midraw.py took 0.051 seconds
[2026-08-03T11:53:09.020+0000] {processor.py:186} INFO - Started process (PID=3881) to work on /opt/airflow/dags/avito_to_raw_midraw.py
[2026-08-03T11:53:09.021+0000] {processor.py:914} INFO - Processing file /opt/airflow/dags/avito_to_raw_midraw.py for tasks to queue
[2026-08-03T11:53:09.022+0000] {logging_mixin.py:190} INFO - [2026-08-03T11:53:09.021+0000] {dagbag.py:588} INFO - Filling up the DagBag from /opt/airflow/dags/avito_to_raw_midraw.py
[2026-08-03T11:53:09.030+0000] {processor.py:925} INFO - DAG(s) 'avito_to_raw_midraw' retrieved from /opt/airflow/dags/avito_to_raw_midraw.py
[2026-08-03T11:53:09.046+0000] {logging_mixin.py:190} INFO - [2026-08-03T11:53:09.046+0000] {dag.py:3239} INFO - Sync 1 DAGs
[2026-08-03T11:53:09.061+0000] {processor.py:208} INFO - Processing /opt/airflow/dags/avito_to_raw_midraw.py took 0.044 seconds
[2026-08-03T12:11:04.517+0000] {processor.py:186} INFO - Started process (PID=3884) to work on /opt/airflow/dags/avito_to_raw_midraw.py
[2026-08-03T12:11:04.518+0000] {processor.py:914} INFO - Processing file /opt/airflow/dags/avito_to_raw_midraw.py for tasks to queue
[2026-08-03T12:11:04.518+0000] {logging_mixin.py:190} INFO - [2026-08-03T12:11:04.518+0000] {dagbag.py:588} INFO - Filling up the DagBag from /opt/airflow/dags/avito_to_raw_midraw.py
[2026-08-03T12:11:04.528+0000] {processor.py:925} INFO - DAG(s) 'avito_to_raw_midraw' retrieved from /opt/airflow/dags/avito_to_raw_midraw.py
[2026-08-03T12:11:04.545+0000] {logging_mixin.py:190} INFO - [2026-08-03T12:11:04.544+0000] {dag.py:3239} INFO - Sync 1 DAGs
[2026-08-03T12:11:04.560+0000] {processor.py:208} INFO - Processing /opt/airflow/dags/avito_to_raw_midraw.py took 0.047 seconds
[2026-08-03T12:28:45.202+0000] {processor.py:186} INFO - Started process (PID=3887) to work on /opt/airflow/dags/avito_to_raw_midraw.py
[2026-08-03T12:28:45.203+0000] {processor.py:914} INFO - Processing file /opt/airflow/dags/avito_to_raw_midraw.py for tasks to queue
[2026-08-03T12:28:45.203+0000] {logging_mixin.py:190} INFO - [2026-08-03T12:28:45.203+0000] {dagbag.py:588} INFO - Filling up the DagBag from /opt/airflow/dags/avito_to_raw_midraw.py
[2026-08-03T12:28:45.211+0000] {processor.py:925} INFO - DAG(s) 'avito_to_raw_midraw' retrieved from /opt/airflow/dags/avito_to_raw_midraw.py
[2026-08-03T12:28:45.223+0000] {logging_mixin.py:190} INFO - [2026-08-03T12:28:45.223+0000] {dag.py:3239} INFO - Sync 1 DAGs
[2026-08-03T12:28:45.237+0000] {processor.py:208} INFO - Processing /opt/airflow/dags/avito_to_raw_midraw.py took 0.038 seconds
[2026-08-03T12:44:45.032+0000] {processor.py:186} INFO - Started process (PID=3890) to work on /opt/airflow/dags/avito_to_raw_midraw.py
[2026-08-03T12:44:45.033+0000] {processor.py:914} INFO - Processing file /opt/airflow/dags/avito_to_raw_midraw.py for tasks to queue
[2026-08-03T12:44:45.034+0000] {logging_mixin.py:190} INFO - [2026-08-03T12:44:45.034+0000] {dagbag.py:588} INFO - Filling up the DagBag from /opt/airflow/dags/avito_to_raw_midraw.py
[2026-08-03T12:44:45.044+0000] {processor.py:925} INFO - DAG(s) 'avito_to_raw_midraw' retrieved from /opt/airflow/dags/avito_to_raw_midraw.py
[2026-08-03T12:44:45.059+0000] {logging_mixin.py:190} INFO - [2026-08-03T12:44:45.059+0000] {dag.py:3239} INFO - Sync 1 DAGs
[2026-08-03T12:44:45.072+0000] {logging_mixin.py:190} INFO - [2026-08-03T12:44:45.072+0000] {dag.py:4180} INFO - Setting next_dagrun for avito_to_raw_midraw to 2026-08-03 12:00:00+00:00, run_after=2026-08-03 13:00:00+00:00
[2026-08-03T12:44:45.080+0000] {processor.py:208} INFO - Processing /opt/airflow/dags/avito_to_raw_midraw.py took 0.053 seconds
[2026-08-03T12:54:08.647+0000] {processor.py:186} INFO - Started process (PID=3893) to work on /opt/airflow/dags/avito_to_raw_midraw.py
[2026-08-03T12:54:08.648+0000] {processor.py:914} INFO - Processing file /opt/airflow/dags/avito_to_raw_midraw.py for tasks to queue
[2026-08-03T12:54:08.648+0000] {logging_mixin.py:190} INFO - [2026-08-03T12:54:08.648+0000] {dagbag.py:588} INFO - Filling up the DagBag from /opt/airflow/dags/avito_to_raw_midraw.py
[2026-08-03T12:54:08.657+0000] {processor.py:925} INFO - DAG(s) 'avito_to_raw_midraw' retrieved from /opt/airflow/dags/avito_to_raw_midraw.py
[2026-08-03T12:54:08.673+0000] {logging_mixin.py:190} INFO - [2026-08-03T12:54:08.673+0000] {dag.py:3239} INFO - Sync 1 DAGs
[2026-08-03T12:54:08.683+0000] {logging_mixin.py:190} INFO - [2026-08-03T12:54:08.683+0000] {dag.py:4180} INFO - Setting next_dagrun for avito_to_raw_midraw to 2026-08-03 12:00:00+00:00, run_after=2026-08-03 13:00:00+00:00
[2026-08-03T12:54:08.690+0000] {processor.py:208} INFO - Processing /opt/airflow/dags/avito_to_raw_midraw.py took 0.046 seconds
[2026-08-03T13:10:32.392+0000] {processor.py:186} INFO - Started process (PID=3896) to work on /opt/airflow/dags/avito_to_raw_midraw.py
[2026-08-03T13:10:32.393+0000] {processor.py:914} INFO - Processing file /opt/airflow/dags/avito_to_raw_midraw.py for tasks to queue
[2026-08-03T13:10:32.393+0000] {logging_mixin.py:190} INFO - [2026-08-03T13:10:32.393+0000] {dagbag.py:588} INFO - Filling up the DagBag from /opt/airflow/dags/avito_to_raw_midraw.py
[2026-08-03T13:10:32.401+0000] {processor.py:925} INFO - DAG(s) 'avito_to_raw_midraw' retrieved from /opt/airflow/dags/avito_to_raw_midraw.py
[2026-08-03T13:10:32.416+0000] {logging_mixin.py:190} INFO - [2026-08-03T13:10:32.416+0000] {dag.py:3239} INFO - Sync 1 DAGs
[2026-08-03T13:10:32.431+0000] {processor.py:208} INFO - Processing /opt/airflow/dags/avito_to_raw_midraw.py took 0.042 seconds
[2026-08-03T13:44:54.309+0000] {processor.py:186} INFO - Started process (PID=3899) to work on /opt/airflow/dags/avito_to_raw_midraw.py
[2026-08-03T13:44:54.310+0000] {processor.py:914} INFO - Processing file /opt/airflow/dags/avito_to_raw_midraw.py for tasks to queue
[2026-08-03T13:44:54.311+0000] {logging_mixin.py:190} INFO - [2026-08-03T13:44:54.310+0000] {dagbag.py:588} INFO - Filling up the DagBag from /opt/airflow/dags/avito_to_raw_midraw.py
[2026-08-03T13:44:54.322+0000] {processor.py:925} INFO - DAG(s) 'avito_to_raw_midraw' retrieved from /opt/airflow/dags/avito_to_raw_midraw.py
[2026-08-03T13:44:54.342+0000] {logging_mixin.py:190} INFO - [2026-08-03T13:44:54.342+0000] {dag.py:3239} INFO - Sync 1 DAGs
[2026-08-03T13:44:54.353+0000] {logging_mixin.py:190} INFO - [2026-08-03T13:44:54.353+0000] {dag.py:4180} INFO - Setting next_dagrun for avito_to_raw_midraw to 2026-08-03 13:00:00+00:00, run_after=2026-08-03 14:00:00+00:00
[2026-08-03T13:44:54.360+0000] {processor.py:208} INFO - Processing /opt/airflow/dags/avito_to_raw_midraw.py took 0.057 seconds
[2026-08-03T13:55:07.471+0000] {processor.py:186} INFO - Started process (PID=3902) to work on /opt/airflow/dags/avito_to_raw_midraw.py
[2026-08-03T13:55:07.471+0000] {processor.py:914} INFO - Processing file /opt/airflow/dags/avito_to_raw_midraw.py for tasks to queue
[2026-08-03T13:55:07.472+0000] {logging_mixin.py:190} INFO - [2026-08-03T13:55:07.472+0000] {dagbag.py:588} INFO - Filling up the DagBag from /opt/airflow/dags/avito_to_raw_midraw.py
[2026-08-03T13:55:07.481+0000] {processor.py:925} INFO - DAG(s) 'avito_to_raw_midraw' retrieved from /opt/airflow/dags/avito_to_raw_midraw.py
[2026-08-03T13:55:07.499+0000] {logging_mixin.py:190} INFO - [2026-08-03T13:55:07.499+0000] {dag.py:3239} INFO - Sync 1 DAGs
[2026-08-03T13:55:07.509+0000] {logging_mixin.py:190} INFO - [2026-08-03T13:55:07.509+0000] {dag.py:4180} INFO - Setting next_dagrun for avito_to_raw_midraw to 2026-08-03 13:00:00+00:00, run_after=2026-08-03 14:00:00+00:00
[2026-08-03T13:55:07.517+0000] {processor.py:208} INFO - Processing /opt/airflow/dags/avito_to_raw_midraw.py took 0.050 seconds
[2026-08-03T14:11:39.846+0000] {processor.py:186} INFO - Started process (PID=3905) to work on /opt/airflow/dags/avito_to_raw_midraw.py
[2026-08-03T14:11:39.847+0000] {processor.py:914} INFO - Processing file /opt/airflow/dags/avito_to_raw_midraw.py for tasks to queue
[2026-08-03T14:11:39.848+0000] {logging_mixin.py:190} INFO - [2026-08-03T14:11:39.847+0000] {dagbag.py:588} INFO - Filling up the DagBag from /opt/airflow/dags/avito_to_raw_midraw.py
[2026-08-03T14:11:39.856+0000] {processor.py:925} INFO - DAG(s) 'avito_to_raw_midraw' retrieved from /opt/airflow/dags/avito_to_raw_midraw.py
[2026-08-03T14:11:39.870+0000] {logging_mixin.py:190} INFO - [2026-08-03T14:11:39.870+0000] {dag.py:3239} INFO - Sync 1 DAGs
[2026-08-03T14:11:39.886+0000] {processor.py:208} INFO - Processing /opt/airflow/dags/avito_to_raw_midraw.py took 0.044 seconds
[2026-08-03T14:43:51.784+0000] {processor.py:186} INFO - Started process (PID=3908) to work on /opt/airflow/dags/avito_to_raw_midraw.py
[2026-08-03T14:43:51.785+0000] {processor.py:914} INFO - Processing file /opt/airflow/dags/avito_to_raw_midraw.py for tasks to queue
[2026-08-03T14:43:51.786+0000] {logging_mixin.py:190} INFO - [2026-08-03T14:43:51.786+0000] {dagbag.py:588} INFO - Filling up the DagBag from /opt/airflow/dags/avito_to_raw_midraw.py
[2026-08-03T14:43:51.801+0000] {processor.py:925} INFO - DAG(s) 'avito_to_raw_midraw' retrieved from /opt/airflow/dags/avito_to_raw_midraw.py
[2026-08-03T14:43:51.820+0000] {logging_mixin.py:190} INFO - [2026-08-03T14:43:51.820+0000] {dag.py:3239} INFO - Sync 1 DAGs
[2026-08-03T14:43:51.833+0000] {logging_mixin.py:190} INFO - [2026-08-03T14:43:51.832+0000] {dag.py:4180} INFO - Setting next_dagrun for avito_to_raw_midraw to 2026-08-03 14:00:00+00:00, run_after=2026-08-03 15:00:00+00:00
[2026-08-03T14:43:51.842+0000] {processor.py:208} INFO - Processing /opt/airflow/dags/avito_to_raw_midraw.py took 0.063 seconds
[2026-08-03T14:56:07.393+0000] {processor.py:186} INFO - Started process (PID=3911) to work on /opt/airflow/dags/avito_to_raw_midraw.py
[2026-08-03T14:56:07.394+0000] {processor.py:914} INFO - Processing file /opt/airflow/dags/avito_to_raw_midraw.py for tasks to queue
[2026-08-03T14:56:07.394+0000] {logging_mixin.py:190} INFO - [2026-08-03T14:56:07.394+0000] {dagbag.py:588} INFO - Filling up the DagBag from /opt/airflow/dags/avito_to_raw_midraw.py
[2026-08-03T14:56:07.404+0000] {processor.py:925} INFO - DAG(s) 'avito_to_raw_midraw' retrieved from /opt/airflow/dags/avito_to_raw_midraw.py
[2026-08-03T14:56:07.431+0000] {logging_mixin.py:190} INFO - [2026-08-03T14:56:07.431+0000] {dag.py:3239} INFO - Sync 1 DAGs
[2026-08-03T14:56:07.442+0000] {logging_mixin.py:190} INFO - [2026-08-03T14:56:07.442+0000] {dag.py:4180} INFO - Setting next_dagrun for avito_to_raw_midraw to 2026-08-03 14:00:00+00:00, run_after=2026-08-03 15:00:00+00:00
[2026-08-03T14:56:07.449+0000] {processor.py:208} INFO - Processing /opt/airflow/dags/avito_to_raw_midraw.py took 0.060 seconds
[2026-08-03T15:13:18.166+0000] {processor.py:186} INFO - Started process (PID=3914) to work on /opt/airflow/dags/avito_to_raw_midraw.py
[2026-08-03T15:13:18.167+0000] {processor.py:914} INFO - Processing file /opt/airflow/dags/avito_to_raw_midraw.py for tasks to queue
[2026-08-03T15:13:18.168+0000] {logging_mixin.py:190} INFO - [2026-08-03T15:13:18.167+0000] {dagbag.py:588} INFO - Filling up the DagBag from /opt/airflow/dags/avito_to_raw_midraw.py
[2026-08-03T15:13:18.177+0000] {processor.py:925} INFO - DAG(s) 'avito_to_raw_midraw' retrieved from /opt/airflow/dags/avito_to_raw_midraw.py
[2026-08-03T15:13:18.193+0000] {logging_mixin.py:190} INFO - [2026-08-03T15:13:18.193+0000] {dag.py:3239} INFO - Sync 1 DAGs
[2026-08-03T15:13:18.210+0000] {processor.py:208} INFO - Processing /opt/airflow/dags/avito_to_raw_midraw.py took 0.048 seconds
[2026-08-03T15:30:47.539+0000] {processor.py:186} INFO - Started process (PID=3917) to work on /opt/airflow/dags/avito_to_raw_midraw.py
[2026-08-03T15:30:47.539+0000] {processor.py:914} INFO - Processing file /opt/airflow/dags/avito_to_raw_midraw.py for tasks to queue
[2026-08-03T15:30:47.540+0000] {logging_mixin.py:190} INFO - [2026-08-03T15:30:47.540+0000] {dagbag.py:588} INFO - Filling up the DagBag from /opt/airflow/dags/avito_to_raw_midraw.py
[2026-08-03T15:30:47.551+0000] {processor.py:925} INFO - DAG(s) 'avito_to_raw_midraw' retrieved from /opt/airflow/dags/avito_to_raw_midraw.py
[2026-08-03T15:30:47.573+0000] {logging_mixin.py:190} INFO - [2026-08-03T15:30:47.573+0000] {dag.py:3239} INFO - Sync 1 DAGs
[2026-08-03T15:30:47.585+0000] {logging_mixin.py:190} INFO - [2026-08-03T15:30:47.585+0000] {dag.py:4180} INFO - Setting next_dagrun for avito_to_raw_midraw to 2026-08-03 15:00:00+00:00, run_after=2026-08-03 16:00:00+00:00
[2026-08-03T15:30:47.594+0000] {processor.py:208} INFO - Processing /opt/airflow/dags/avito_to_raw_midraw.py took 0.059 seconds
[2026-08-03T15:57:07.622+0000] {processor.py:186} INFO - Started process (PID=3920) to work on /opt/airflow/dags/avito_to_raw_midraw.py
[2026-08-03T15:57:07.622+0000] {processor.py:914} INFO - Processing file /opt/airflow/dags/avito_to_raw_midraw.py for tasks to queue
[2026-08-03T15:57:07.623+0000] {logging_mixin.py:190} INFO - [2026-08-03T15:57:07.623+0000] {dagbag.py:588} INFO - Filling up the DagBag from /opt/airflow/dags/avito_to_raw_midraw.py
[2026-08-03T15:57:07.632+0000] {processor.py:925} INFO - DAG(s) 'avito_to_raw_midraw' retrieved from /opt/airflow/dags/avito_to_raw_midraw.py
[2026-08-03T15:57:07.649+0000] {logging_mixin.py:190} INFO - [2026-08-03T15:57:07.648+0000] {dag.py:3239} INFO - Sync 1 DAGs
[2026-08-03T15:57:07.659+0000] {logging_mixin.py:190} INFO - [2026-08-03T15:57:07.659+0000] {dag.py:4180} INFO - Setting next_dagrun for avito_to_raw_midraw to 2026-08-03 15:00:00+00:00, run_after=2026-08-03 16:00:00+00:00
[2026-08-03T15:57:07.666+0000] {processor.py:208} INFO - Processing /opt/airflow/dags/avito_to_raw_midraw.py took 0.049 seconds
[2026-08-03T16:14:46.331+0000] {processor.py:186} INFO - Started process (PID=3923) to work on /opt/airflow/dags/avito_to_raw_midraw.py
[2026-08-03T16:14:46.332+0000] {processor.py:914} INFO - Processing file /opt/airflow/dags/avito_to_raw_midraw.py for tasks to queue
[2026-08-03T16:14:46.332+0000] {logging_mixin.py:190} INFO - [2026-08-03T16:14:46.332+0000] {dagbag.py:588} INFO - Filling up the DagBag from /opt/airflow/dags/avito_to_raw_midraw.py
[2026-08-03T16:14:46.341+0000] {processor.py:925} INFO - DAG(s) 'avito_to_raw_midraw' retrieved from /opt/airflow/dags/avito_to_raw_midraw.py
[2026-08-03T16:14:46.355+0000] {logging_mixin.py:190} INFO - [2026-08-03T16:14:46.355+0000] {dag.py:3239} INFO - Sync 1 DAGs
[2026-08-03T16:14:46.365+0000] {logging_mixin.py:190} INFO - [2026-08-03T16:14:46.365+0000] {dag.py:4180} INFO - Setting next_dagrun for avito_to_raw_midraw to 2026-08-03 15:00:00+00:00, run_after=2026-08-03 16:00:00+00:00
[2026-08-03T16:14:46.372+0000] {processor.py:208} INFO - Processing /opt/airflow/dags/avito_to_raw_midraw.py took 0.046 seconds
[2026-08-03T16:32:06.071+0000] {processor.py:186} INFO - Started process (PID=3927) to work on /opt/airflow/dags/avito_to_raw_midraw.py
[2026-08-03T16:32:06.071+0000] {processor.py:914} INFO - Processing file /opt/airflow/dags/avito_to_raw_midraw.py for tasks to queue
[2026-08-03T16:32:06.072+0000] {logging_mixin.py:190} INFO - [2026-08-03T16:32:06.072+0000] {dagbag.py:588} INFO - Filling up the DagBag from /opt/airflow/dags/avito_to_raw_midraw.py
[2026-08-03T16:32:06.079+0000] {processor.py:925} INFO - DAG(s) 'avito_to_raw_midraw' retrieved from /opt/airflow/dags/avito_to_raw_midraw.py
[2026-08-03T16:32:06.095+0000] {logging_mixin.py:190} INFO - [2026-08-03T16:32:06.094+0000] {dag.py:3239} INFO - Sync 1 DAGs
[2026-08-03T16:32:06.105+0000] {logging_mixin.py:190} INFO - [2026-08-03T16:32:06.105+0000] {dag.py:4180} INFO - Setting next_dagrun for avito_to_raw_midraw to 2026-08-03 16:00:00+00:00, run_after=2026-08-03 17:00:00+00:00
[2026-08-03T16:32:06.117+0000] {processor.py:208} INFO - Processing /opt/airflow/dags/avito_to_raw_midraw.py took 0.050 seconds
[2026-08-03T16:58:06.666+0000] {processor.py:186} INFO - Started process (PID=3930) to work on /opt/airflow/dags/avito_to_raw_midraw.py
[2026-08-03T16:58:06.667+0000] {processor.py:914} INFO - Processing file /opt/airflow/dags/avito_to_raw_midraw.py for tasks to queue
[2026-08-03T16:58:06.668+0000] {logging_mixin.py:190} INFO - [2026-08-03T16:58:06.668+0000] {dagbag.py:588} INFO - Filling up the DagBag from /opt/airflow/dags/avito_to_raw_midraw.py
[2026-08-03T16:58:06.677+0000] {processor.py:925} INFO - DAG(s) 'avito_to_raw_midraw' retrieved from /opt/airflow/dags/avito_to_raw_midraw.py
[2026-08-03T16:58:06.693+0000] {logging_mixin.py:190} INFO - [2026-08-03T16:58:06.693+0000] {dag.py:3239} INFO - Sync 1 DAGs
[2026-08-03T16:58:06.704+0000] {logging_mixin.py:190} INFO - [2026-08-03T16:58:06.704+0000] {dag.py:4180} INFO - Setting next_dagrun for avito_to_raw_midraw to 2026-08-03 16:00:00+00:00, run_after=2026-08-03 17:00:00+00:00
[2026-08-03T16:58:06.711+0000] {processor.py:208} INFO - Processing /opt/airflow/dags/avito_to_raw_midraw.py took 0.050 seconds
[2026-08-03T17:16:06.637+0000] {processor.py:186} INFO - Started process (PID=3934) to work on /opt/airflow/dags/avito_to_raw_midraw.py
[2026-08-03T17:16:06.638+0000] {processor.py:914} INFO - Processing file /opt/airflow/dags/avito_to_raw_midraw.py for tasks to queue
[2026-08-03T17:16:06.639+0000] {logging_mixin.py:190} INFO - [2026-08-03T17:16:06.639+0000] {dagbag.py:588} INFO - Filling up the DagBag from /opt/airflow/dags/avito_to_raw_midraw.py
[2026-08-03T17:16:06.646+0000] {processor.py:925} INFO - DAG(s) 'avito_to_raw_midraw' retrieved from /opt/airflow/dags/avito_to_raw_midraw.py
[2026-08-03T17:16:06.664+0000] {logging_mixin.py:190} INFO - [2026-08-03T17:16:06.664+0000] {dag.py:3239} INFO - Sync 1 DAGs
[2026-08-03T17:16:06.684+0000] {processor.py:208} INFO - Processing /opt/airflow/dags/avito_to_raw_midraw.py took 0.051 seconds
[2026-08-03T17:32:56.166+0000] {processor.py:186} INFO - Started process (PID=3938) to work on /opt/airflow/dags/avito_to_raw_midraw.py
[2026-08-03T17:32:56.166+0000] {processor.py:914} INFO - Processing file /opt/airflow/dags/avito_to_raw_midraw.py for tasks to queue
[2026-08-03T17:32:56.167+0000] {logging_mixin.py:190} INFO - [2026-08-03T17:32:56.167+0000] {dagbag.py:588} INFO - Filling up the DagBag from /opt/airflow/dags/avito_to_raw_midraw.py
[2026-08-03T17:32:56.175+0000] {processor.py:925} INFO - DAG(s) 'avito_to_raw_midraw' retrieved from /opt/airflow/dags/avito_to_raw_midraw.py
[2026-08-03T17:32:56.192+0000] {logging_mixin.py:190} INFO - [2026-08-03T17:32:56.192+0000] {dag.py:3239} INFO - Sync 1 DAGs
[2026-08-03T17:32:56.202+0000] {logging_mixin.py:190} INFO - [2026-08-03T17:32:56.202+0000] {dag.py:4180} INFO - Setting next_dagrun for avito_to_raw_midraw to 2026-08-03 17:00:00+00:00, run_after=2026-08-03 18:00:00+00:00
[2026-08-03T17:32:56.210+0000] {processor.py:208} INFO - Processing /opt/airflow/dags/avito_to_raw_midraw.py took 0.049 seconds
[2026-08-03T17:59:02.987+0000] {processor.py:186} INFO - Started process (PID=3941) to work on /opt/airflow/dags/avito_to_raw_midraw.py
[2026-08-03T17:59:02.988+0000] {processor.py:914} INFO - Processing file /opt/airflow/dags/avito_to_raw_midraw.py for tasks to queue
[2026-08-03T17:59:02.990+0000] {logging_mixin.py:190} INFO - [2026-08-03T17:59:02.989+0000] {dagbag.py:588} INFO - Filling up the DagBag from /opt/airflow/dags/avito_to_raw_midraw.py
[2026-08-03T17:59:03.017+0000] {processor.py:925} INFO - DAG(s) 'avito_to_raw_midraw' retrieved from /opt/airflow/dags/avito_to_raw_midraw.py
[2026-08-03T17:59:03.048+0000] {logging_mixin.py:190} INFO - [2026-08-03T17:59:03.048+0000] {dag.py:3239} INFO - Sync 1 DAGs
[2026-08-03T17:59:03.064+0000] {logging_mixin.py:190} INFO - [2026-08-03T17:59:03.064+0000] {dag.py:4180} INFO - Setting next_dagrun for avito_to_raw_midraw to 2026-08-03 17:00:00+00:00, run_after=2026-08-03 18:00:00+00:00
[2026-08-03T17:59:03.073+0000] {processor.py:208} INFO - Processing /opt/airflow/dags/avito_to_raw_midraw.py took 0.092 seconds
[2026-08-03T18:17:12.332+0000] {processor.py:186} INFO - Started process (PID=3944) to work on /opt/airflow/dags/avito_to_raw_midraw.py
[2026-08-03T18:17:12.333+0000] {processor.py:914} INFO - Processing file /opt/airflow/dags/avito_to_raw_midraw.py for tasks to queue
[2026-08-03T18:17:12.333+0000] {logging_mixin.py:190} INFO - [2026-08-03T18:17:12.333+0000] {dagbag.py:588} INFO - Filling up the DagBag from /opt/airflow/dags/avito_to_raw_midraw.py
[2026-08-03T18:17:12.342+0000] {processor.py:925} INFO - DAG(s) 'avito_to_raw_midraw' retrieved from /opt/airflow/dags/avito_to_raw_midraw.py
[2026-08-03T18:17:12.357+0000] {logging_mixin.py:190} INFO - [2026-08-03T18:17:12.357+0000] {dag.py:3239} INFO - Sync 1 DAGs
[2026-08-03T18:17:12.366+0000] {logging_mixin.py:190} INFO - [2026-08-03T18:17:12.366+0000] {dag.py:4180} INFO - Setting next_dagrun for avito_to_raw_midraw to 2026-08-03 17:00:00+00:00, run_after=2026-08-03 18:00:00+00:00
[2026-08-03T18:17:12.372+0000] {processor.py:208} INFO - Processing /opt/airflow/dags/avito_to_raw_midraw.py took 0.043 seconds
[2026-08-03T18:17:42.669+0000] {processor.py:186} INFO - Started process (PID=3947) to work on /opt/airflow/dags/avito_to_raw_midraw.py
[2026-08-03T18:17:42.670+0000] {processor.py:914} INFO - Processing file /opt/airflow/dags/avito_to_raw_midraw.py for tasks to queue
[2026-08-03T18:17:42.672+0000] {logging_mixin.py:190} INFO - [2026-08-03T18:17:42.671+0000] {dagbag.py:588} INFO - Filling up the DagBag from /opt/airflow/dags/avito_to_raw_midraw.py
[2026-08-03T18:17:42.709+0000] {processor.py:925} INFO - DAG(s) 'avito_to_raw_midraw' retrieved from /opt/airflow/dags/avito_to_raw_midraw.py
[2026-08-03T18:17:42.747+0000] {logging_mixin.py:190} INFO - [2026-08-03T18:17:42.746+0000] {dag.py:3239} INFO - Sync 1 DAGs
[2026-08-03T18:17:42.774+0000] {logging_mixin.py:190} INFO - [2026-08-03T18:17:42.774+0000] {dag.py:4180} INFO - Setting next_dagrun for avito_to_raw_midraw to 2026-08-03 18:00:00+00:00, run_after=2026-08-03 19:00:00+00:00
[2026-08-03T18:17:42.786+0000] {processor.py:208} INFO - Processing /opt/airflow/dags/avito_to_raw_midraw.py took 0.123 seconds
[2026-08-03T18:34:52.260+0000] {processor.py:186} INFO - Started process (PID=3951) to work on /opt/airflow/dags/avito_to_raw_midraw.py
[2026-08-03T18:34:52.261+0000] {processor.py:914} INFO - Processing file /opt/airflow/dags/avito_to_raw_midraw.py for tasks to queue
[2026-08-03T18:34:52.262+0000] {logging_mixin.py:190} INFO - [2026-08-03T18:34:52.262+0000] {dagbag.py:588} INFO - Filling up the DagBag from /opt/airflow/dags/avito_to_raw_midraw.py
[2026-08-03T18:34:52.269+0000] {processor.py:925} INFO - DAG(s) 'avito_to_raw_midraw' retrieved from /opt/airflow/dags/avito_to_raw_midraw.py
[2026-08-03T18:34:52.283+0000] {logging_mixin.py:190} INFO - [2026-08-03T18:34:52.283+0000] {dag.py:3239} INFO - Sync 1 DAGs
[2026-08-03T18:34:52.293+0000] {logging_mixin.py:190} INFO - [2026-08-03T18:34:52.293+0000] {dag.py:4180} INFO - Setting next_dagrun for avito_to_raw_midraw to 2026-08-03 18:00:00+00:00, run_after=2026-08-03 19:00:00+00:00
[2026-08-03T18:34:52.305+0000] {processor.py:208} INFO - Processing /opt/airflow/dags/avito_to_raw_midraw.py took 0.049 seconds
[2026-08-03T18:39:42.939+0000] {processor.py:186} INFO - Started process (PID=3954) to work on /opt/airflow/dags/avito_to_raw_midraw.py
[2026-08-03T18:39:42.940+0000] {processor.py:914} INFO - Processing file /opt/airflow/dags/avito_to_raw_midraw.py for tasks to queue
[2026-08-03T18:39:42.942+0000] {logging_mixin.py:190} INFO - [2026-08-03T18:39:42.941+0000] {dagbag.py:588} INFO - Filling up the DagBag from /opt/airflow/dags/avito_to_raw_midraw.py
[2026-08-03T18:39:42.951+0000] {processor.py:925} INFO - DAG(s) 'avito_to_raw_midraw' retrieved from /opt/airflow/dags/avito_to_raw_midraw.py
[2026-08-03T18:39:42.966+0000] {logging_mixin.py:190} INFO - [2026-08-03T18:39:42.966+0000] {dag.py:3239} INFO - Sync 1 DAGs
[2026-08-03T18:39:42.975+0000] {logging_mixin.py:190} INFO - [2026-08-03T18:39:42.975+0000] {dag.py:4180} INFO - Setting next_dagrun for avito_to_raw_midraw to 2026-08-03 18:00:00+00:00, run_after=2026-08-03 19:00:00+00:00
[2026-08-03T18:39:42.983+0000] {processor.py:208} INFO - Processing /opt/airflow/dags/avito_to_raw_midraw.py took 0.049 seconds
[2026-08-03T18:40:13.299+0000] {processor.py:186} INFO - Started process (PID=3957) to work on /opt/airflow/dags/avito_to_raw_midraw.py
[2026-08-03T18:40:13.300+0000] {processor.py:914} INFO - Processing file /opt/airflow/dags/avito_to_raw_midraw.py for tasks to queue
[2026-08-03T18:40:13.301+0000] {logging_mixin.py:190} INFO - [2026-08-03T18:40:13.300+0000] {dagbag.py:588} INFO - Filling up the DagBag from /opt/airflow/dags/avito_to_raw_midraw.py
[2026-08-03T18:40:13.308+0000] {processor.py:925} INFO - DAG(s) 'avito_to_raw_midraw' retrieved from /opt/airflow/dags/avito_to_raw_midraw.py
[2026-08-03T18:40:13.322+0000] {logging_mixin.py:190} INFO - [2026-08-03T18:40:13.322+0000] {dag.py:3239} INFO - Sync 1 DAGs
[2026-08-03T18:40:13.333+0000] {logging_mixin.py:190} INFO - [2026-08-03T18:40:13.332+0000] {dag.py:4180} INFO - Setting next_dagrun for avito_to_raw_midraw to 2026-08-03 18:00:00+00:00, run_after=2026-08-03 19:00:00+00:00
[2026-08-03T18:40:13.341+0000] {processor.py:208} INFO - Processing /opt/airflow/dags/avito_to_raw_midraw.py took 0.045 seconds
[2026-08-03T18:40:43.782+0000] {processor.py:186} INFO - Started process (PID=3960) to work on /opt/airflow/dags/avito_to_raw_midraw.py
[2026-08-03T18:40:43.784+0000] {processor.py:914} INFO - Processing file /opt/airflow/dags/avito_to_raw_midraw.py for tasks to queue
[2026-08-03T18:40:43.785+0000] {logging_mixin.py:190} INFO - [2026-08-03T18:40:43.785+0000] {dagbag.py:588} INFO - Filling up the DagBag from /opt/airflow/dags/avito_to_raw_midraw.py
[2026-08-03T18:40:43.796+0000] {processor.py:925} INFO - DAG(s) 'avito_to_raw_midraw' retrieved from /opt/airflow/dags/avito_to_raw_midraw.py
[2026-08-03T18:40:43.819+0000] {logging_mixin.py:190} INFO - [2026-08-03T18:40:43.819+0000] {dag.py:3239} INFO - Sync 1 DAGs
[2026-08-03T18:40:43.849+0000] {logging_mixin.py:190} INFO - [2026-08-03T18:40:43.848+0000] {dag.py:4180} INFO - Setting next_dagrun for avito_to_raw_midraw to 2026-08-03 18:00:00+00:00, run_after=2026-08-03 19:00:00+00:00
[2026-08-03T18:40:43.860+0000] {processor.py:208} INFO - Processing /opt/airflow/dags/avito_to_raw_midraw.py took 0.084 seconds
[2026-08-03T18:58:12.944+0000] {processor.py:186} INFO - Started process (PID=3963) to work on /opt/airflow/dags/avito_to_raw_midraw.py
[2026-08-03T18:58:12.945+0000] {processor.py:914} INFO - Processing file /opt/airflow/dags/avito_to_raw_midraw.py for tasks to queue
[2026-08-03T18:58:12.946+0000] {logging_mixin.py:190} INFO - [2026-08-03T18:58:12.945+0000] {dagbag.py:588} INFO - Filling up the DagBag from /opt/airflow/dags/avito_to_raw_midraw.py
[2026-08-03T18:58:12.954+0000] {processor.py:925} INFO - DAG(s) 'avito_to_raw_midraw' retrieved from /opt/airflow/dags/avito_to_raw_midraw.py
[2026-08-03T18:58:12.969+0000] {logging_mixin.py:190} INFO - [2026-08-03T18:58:12.969+0000] {dag.py:3239} INFO - Sync 1 DAGs
[2026-08-03T18:58:12.981+0000] {logging_mixin.py:190} INFO - [2026-08-03T18:58:12.980+0000] {dag.py:4180} INFO - Setting next_dagrun for avito_to_raw_midraw to 2026-08-03 18:00:00+00:00, run_after=2026-08-03 19:00:00+00:00
[2026-08-03T18:58:12.989+0000] {processor.py:208} INFO - Processing /opt/airflow/dags/avito_to_raw_midraw.py took 0.049 seconds
[2026-08-03T19:00:10.923+0000] {processor.py:186} INFO - Started process (PID=3967) to work on /opt/airflow/dags/avito_to_raw_midraw.py
[2026-08-03T19:00:10.924+0000] {processor.py:914} INFO - Processing file /opt/airflow/dags/avito_to_raw_midraw.py for tasks to queue
[2026-08-03T19:00:10.925+0000] {logging_mixin.py:190} INFO - [2026-08-03T19:00:10.925+0000] {dagbag.py:588} INFO - Filling up the DagBag from /opt/airflow/dags/avito_to_raw_midraw.py
[2026-08-03T19:00:10.934+0000] {processor.py:925} INFO - DAG(s) 'avito_to_raw_midraw' retrieved from /opt/airflow/dags/avito_to_raw_midraw.py
[2026-08-03T19:00:10.949+0000] {logging_mixin.py:190} INFO - [2026-08-03T19:00:10.948+0000] {dag.py:3239} INFO - Sync 1 DAGs
[2026-08-03T19:00:10.963+0000] {processor.py:208} INFO - Processing /opt/airflow/dags/avito_to_raw_midraw.py took 0.046 seconds
[2026-08-03T19:00:41.283+0000] {processor.py:186} INFO - Started process (PID=3970) to work on /opt/airflow/dags/avito_to_raw_midraw.py
[2026-08-03T19:00:41.284+0000] {processor.py:914} INFO - Processing file /opt/airflow/dags/avito_to_raw_midraw.py for tasks to queue
[2026-08-03T19:00:41.285+0000] {logging_mixin.py:190} INFO - [2026-08-03T19:00:41.284+0000] {dagbag.py:588} INFO - Filling up the DagBag from /opt/airflow/dags/avito_to_raw_midraw.py
[2026-08-03T19:00:41.293+0000] {processor.py:925} INFO - DAG(s) 'avito_to_raw_midraw' retrieved from /opt/airflow/dags/avito_to_raw_midraw.py
[2026-08-03T19:00:41.307+0000] {logging_mixin.py:190} INFO - [2026-08-03T19:00:41.307+0000] {dag.py:3239} INFO - Sync 1 DAGs
[2026-08-03T19:00:41.322+0000] {processor.py:208} INFO - Processing /opt/airflow/dags/avito_to_raw_midraw.py took 0.043 seconds
[2026-08-03T19:18:58.863+0000] {processor.py:186} INFO - Started process (PID=3973) to work on /opt/airflow/dags/avito_to_raw_midraw.py
[2026-08-03T19:18:58.863+0000] {processor.py:914} INFO - Processing file /opt/airflow/dags/avito_to_raw_midraw.py for tasks to queue
[2026-08-03T19:18:58.864+0000] {logging_mixin.py:190} INFO - [2026-08-03T19:18:58.864+0000] {dagbag.py:588} INFO - Filling up the DagBag from /opt/airflow/dags/avito_to_raw_midraw.py
[2026-08-03T19:18:58.873+0000] {processor.py:925} INFO - DAG(s) 'avito_to_raw_midraw' retrieved from /opt/airflow/dags/avito_to_raw_midraw.py
[2026-08-03T19:18:58.897+0000] {logging_mixin.py:190} INFO - [2026-08-03T19:18:58.897+0000] {dag.py:3239} INFO - Sync 1 DAGs
[2026-08-03T19:18:58.918+0000] {processor.py:208} INFO - Processing /opt/airflow/dags/avito_to_raw_midraw.py took 0.060 seconds
[2026-08-03T19:19:29.298+0000] {processor.py:186} INFO - Started process (PID=3976) to work on /opt/airflow/dags/avito_to_raw_midraw.py
[2026-08-03T19:19:29.299+0000] {processor.py:914} INFO - Processing file /opt/airflow/dags/avito_to_raw_midraw.py for tasks to queue
[2026-08-03T19:19:29.300+0000] {logging_mixin.py:190} INFO - [2026-08-03T19:19:29.300+0000] {dagbag.py:588} INFO - Filling up the DagBag from /opt/airflow/dags/avito_to_raw_midraw.py
[2026-08-03T19:19:29.310+0000] {processor.py:925} INFO - DAG(s) 'avito_to_raw_midraw' retrieved from /opt/airflow/dags/avito_to_raw_midraw.py
[2026-08-03T19:19:29.328+0000] {logging_mixin.py:190} INFO - [2026-08-03T19:19:29.328+0000] {dag.py:3239} INFO - Sync 1 DAGs
[2026-08-03T19:19:29.348+0000] {processor.py:208} INFO - Processing /opt/airflow/dags/avito_to_raw_midraw.py took 0.055 seconds
[2026-08-03T19:35:59.714+0000] {processor.py:186} INFO - Started process (PID=3979) to work on /opt/airflow/dags/avito_to_raw_midraw.py
[2026-08-03T19:35:59.715+0000] {processor.py:914} INFO - Processing file /opt/airflow/dags/avito_to_raw_midraw.py for tasks to queue
[2026-08-03T19:35:59.716+0000] {logging_mixin.py:190} INFO - [2026-08-03T19:35:59.715+0000] {dagbag.py:588} INFO - Filling up the DagBag from /opt/airflow/dags/avito_to_raw_midraw.py
[2026-08-03T19:35:59.724+0000] {processor.py:925} INFO - DAG(s) 'avito_to_raw_midraw' retrieved from /opt/airflow/dags/avito_to_raw_midraw.py
[2026-08-03T19:35:59.737+0000] {logging_mixin.py:190} INFO - [2026-08-03T19:35:59.737+0000] {dag.py:3239} INFO - Sync 1 DAGs
[2026-08-03T19:35:59.752+0000] {processor.py:208} INFO - Processing /opt/airflow/dags/avito_to_raw_midraw.py took 0.041 seconds
[2026-08-03T19:36:01.366+0000] {processor.py:186} INFO - Started process (PID=3980) to work on /opt/airflow/dags/avito_to_raw_midraw.py
[2026-08-03T19:36:01.368+0000] {processor.py:914} INFO - Processing file /opt/airflow/dags/avito_to_raw_midraw.py for tasks to queue
[2026-08-03T19:36:01.368+0000] {logging_mixin.py:190} INFO - [2026-08-03T19:36:01.368+0000] {dagbag.py:588} INFO - Filling up the DagBag from /opt/airflow/dags/avito_to_raw_midraw.py
[2026-08-03T19:36:01.376+0000] {processor.py:925} INFO - DAG(s) 'avito_to_raw_midraw' retrieved from /opt/airflow/dags/avito_to_raw_midraw.py
[2026-08-03T19:36:01.388+0000] {logging_mixin.py:190} INFO - [2026-08-03T19:36:01.388+0000] {taskinstance.py:3315} ERROR - {'DAG Id': 'avito_to_raw_midraw', 'Task Id': 'dbt_build_midraw', 'Run Id': 'scheduled__2026-08-03T18:00:00+00:00', 'Hostname': '4c6dd7d943f5', 'External Executor Id': '38197f39-6fe9-4420-9d21-2a19ad343d70'}
[2026-08-03T19:36:01.408+0000] {logging_mixin.py:190} INFO - [2026-08-03T19:36:01.408+0000] {taskinstance.py:1226} INFO - Marking task as UP_FOR_RETRY. dag_id=avito_to_raw_midraw, task_id=dbt_build_midraw, run_id=scheduled__2026-08-03T18:00:00+00:00, execution_date=20260803T180000, start_date=20260803T190011, end_date=20260803T193601
[2026-08-03T19:36:01.425+0000] {logging_mixin.py:190} INFO - [2026-08-03T19:36:01.425+0000] {processor.py:876} INFO - Executed callback for <TaskInstance: avito_to_raw_midraw.dbt_build_midraw scheduled__2026-08-03T18:00:00+00:00 [up_for_retry]> in state up_for_retry
[2026-08-03T19:36:01.433+0000] {logging_mixin.py:190} INFO - [2026-08-03T19:36:01.433+0000] {dag.py:3239} INFO - Sync 1 DAGs
[2026-08-03T19:36:01.444+0000] {processor.py:208} INFO - Processing /opt/airflow/dags/avito_to_raw_midraw.py took 0.082 seconds
[2026-08-03T19:36:31.966+0000] {processor.py:186} INFO - Started process (PID=3983) to work on /opt/airflow/dags/avito_to_raw_midraw.py
[2026-08-03T19:36:31.967+0000] {processor.py:914} INFO - Processing file /opt/airflow/dags/avito_to_raw_midraw.py for tasks to queue
[2026-08-03T19:36:31.969+0000] {logging_mixin.py:190} INFO - [2026-08-03T19:36:31.969+0000] {dagbag.py:588} INFO - Filling up the DagBag from /opt/airflow/dags/avito_to_raw_midraw.py
[2026-08-03T19:36:31.986+0000] {processor.py:925} INFO - DAG(s) 'avito_to_raw_midraw' retrieved from /opt/airflow/dags/avito_to_raw_midraw.py
[2026-08-03T19:36:32.038+0000] {logging_mixin.py:190} INFO - [2026-08-03T19:36:32.037+0000] {dag.py:3239} INFO - Sync 1 DAGs
[2026-08-03T19:36:32.082+0000] {processor.py:208} INFO - Processing /opt/airflow/dags/avito_to_raw_midraw.py took 0.124 seconds
[2026-08-03T19:37:02.531+0000] {processor.py:186} INFO - Started process (PID=3986) to work on /opt/airflow/dags/avito_to_raw_midraw.py
[2026-08-03T19:37:02.532+0000] {processor.py:914} INFO - Processing file /opt/airflow/dags/avito_to_raw_midraw.py for tasks to queue
[2026-08-03T19:37:02.532+0000] {logging_mixin.py:190} INFO - [2026-08-03T19:37:02.532+0000] {dagbag.py:588} INFO - Filling up the DagBag from /opt/airflow/dags/avito_to_raw_midraw.py
[2026-08-03T19:37:02.542+0000] {processor.py:925} INFO - DAG(s) 'avito_to_raw_midraw' retrieved from /opt/airflow/dags/avito_to_raw_midraw.py
[2026-08-03T19:37:02.558+0000] {logging_mixin.py:190} INFO - [2026-08-03T19:37:02.558+0000] {dag.py:3239} INFO - Sync 1 DAGs
[2026-08-03T19:37:02.576+0000] {processor.py:208} INFO - Processing /opt/airflow/dags/avito_to_raw_midraw.py took 0.050 seconds
[2026-08-03T19:37:32.781+0000] {processor.py:186} INFO - Started process (PID=3989) to work on /opt/airflow/dags/avito_to_raw_midraw.py
[2026-08-03T19:37:32.782+0000] {processor.py:914} INFO - Processing file /opt/airflow/dags/avito_to_raw_midraw.py for tasks to queue
[2026-08-03T19:37:32.782+0000] {logging_mixin.py:190} INFO - [2026-08-03T19:37:32.782+0000] {dagbag.py:588} INFO - Filling up the DagBag from /opt/airflow/dags/avito_to_raw_midraw.py
[2026-08-03T19:37:32.790+0000] {processor.py:925} INFO - DAG(s) 'avito_to_raw_midraw' retrieved from /opt/airflow/dags/avito_to_raw_midraw.py
[2026-08-03T19:37:32.805+0000] {logging_mixin.py:190} INFO - [2026-08-03T19:37:32.805+0000] {dag.py:3239} INFO - Sync 1 DAGs
[2026-08-03T19:37:32.819+0000] {processor.py:208} INFO - Processing /opt/airflow/dags/avito_to_raw_midraw.py took 0.042 seconds
[2026-08-03T19:38:03.055+0000] {processor.py:186} INFO - Started process (PID=3992) to work on /opt/airflow/dags/avito_to_raw_midraw.py
[2026-08-03T19:38:03.056+0000] {processor.py:914} INFO - Processing file /opt/airflow/dags/avito_to_raw_midraw.py for tasks to queue
[2026-08-03T19:38:03.057+0000] {logging_mixin.py:190} INFO - [2026-08-03T19:38:03.057+0000] {dagbag.py:588} INFO - Filling up the DagBag from /opt/airflow/dags/avito_to_raw_midraw.py
[2026-08-03T19:38:03.066+0000] {processor.py:925} INFO - DAG(s) 'avito_to_raw_midraw' retrieved from /opt/airflow/dags/avito_to_raw_midraw.py
[2026-08-03T19:38:03.081+0000] {logging_mixin.py:190} INFO - [2026-08-03T19:38:03.081+0000] {dag.py:3239} INFO - Sync 1 DAGs
[2026-08-03T19:38:03.097+0000] {processor.py:208} INFO - Processing /opt/airflow/dags/avito_to_raw_midraw.py took 0.046 seconds
[2026-08-03T19:38:33.343+0000] {processor.py:186} INFO - Started process (PID=3995) to work on /opt/airflow/dags/avito_to_raw_midraw.py
[2026-08-03T19:38:33.344+0000] {processor.py:914} INFO - Processing file /opt/airflow/dags/avito_to_raw_midraw.py for tasks to queue
[2026-08-03T19:38:33.348+0000] {logging_mixin.py:190} INFO - [2026-08-03T19:38:33.347+0000] {dagbag.py:588} INFO - Filling up the DagBag from /opt/airflow/dags/avito_to_raw_midraw.py
[2026-08-03T19:38:33.357+0000] {processor.py:925} INFO - DAG(s) 'avito_to_raw_midraw' retrieved from /opt/airflow/dags/avito_to_raw_midraw.py
[2026-08-03T19:38:33.371+0000] {logging_mixin.py:190} INFO - [2026-08-03T19:38:33.371+0000] {dag.py:3239} INFO - Sync 1 DAGs
[2026-08-03T19:38:33.385+0000] {processor.py:208} INFO - Processing /opt/airflow/dags/avito_to_raw_midraw.py took 0.048 seconds
[2026-08-03T19:39:03.614+0000] {processor.py:186} INFO - Started process (PID=3998) to work on /opt/airflow/dags/avito_to_raw_midraw.py
[2026-08-03T19:39:03.615+0000] {processor.py:914} INFO - Processing file /opt/airflow/dags/avito_to_raw_midraw.py for tasks to queue
[2026-08-03T19:39:03.616+0000] {logging_mixin.py:190} INFO - [2026-08-03T19:39:03.616+0000] {dagbag.py:588} INFO - Filling up the DagBag from /opt/airflow/dags/avito_to_raw_midraw.py
[2026-08-03T19:39:03.624+0000] {processor.py:925} INFO - DAG(s) 'avito_to_raw_midraw' retrieved from /opt/airflow/dags/avito_to_raw_midraw.py
[2026-08-03T19:39:03.639+0000] {logging_mixin.py:190} INFO - [2026-08-03T19:39:03.639+0000] {dag.py:3239} INFO - Sync 1 DAGs
[2026-08-03T19:39:03.656+0000] {processor.py:208} INFO - Processing /opt/airflow/dags/avito_to_raw_midraw.py took 0.046 seconds
[2026-08-03T19:39:33.882+0000] {processor.py:186} INFO - Started process (PID=4001) to work on /opt/airflow/dags/avito_to_raw_midraw.py
[2026-08-03T19:39:33.883+0000] {processor.py:914} INFO - Processing file /opt/airflow/dags/avito_to_raw_midraw.py for tasks to queue
[2026-08-03T19:39:33.884+0000] {logging_mixin.py:190} INFO - [2026-08-03T19:39:33.884+0000] {dagbag.py:588} INFO - Filling up the DagBag from /opt/airflow/dags/avito_to_raw_midraw.py
[2026-08-03T19:39:33.892+0000] {processor.py:925} INFO - DAG(s) 'avito_to_raw_midraw' retrieved from /opt/airflow/dags/avito_to_raw_midraw.py
[2026-08-03T19:39:33.906+0000] {logging_mixin.py:190} INFO - [2026-08-03T19:39:33.906+0000] {dag.py:3239} INFO - Sync 1 DAGs
[2026-08-03T19:39:33.921+0000] {processor.py:208} INFO - Processing /opt/airflow/dags/avito_to_raw_midraw.py took 0.044 seconds
[2026-08-03T19:40:04.227+0000] {processor.py:186} INFO - Started process (PID=4004) to work on /opt/airflow/dags/avito_to_raw_midraw.py
[2026-08-03T19:40:04.227+0000] {processor.py:914} INFO - Processing file /opt/airflow/dags/avito_to_raw_midraw.py for tasks to queue
[2026-08-03T19:40:04.228+0000] {logging_mixin.py:190} INFO - [2026-08-03T19:40:04.227+0000] {dagbag.py:588} INFO - Filling up the DagBag from /opt/airflow/dags/avito_to_raw_midraw.py
[2026-08-03T19:40:04.234+0000] {processor.py:925} INFO - DAG(s) 'avito_to_raw_midraw' retrieved from /opt/airflow/dags/avito_to_raw_midraw.py
[2026-08-03T19:40:04.248+0000] {logging_mixin.py:190} INFO - [2026-08-03T19:40:04.248+0000] {dag.py:3239} INFO - Sync 1 DAGs
[2026-08-03T19:40:04.263+0000] {processor.py:208} INFO - Processing /opt/airflow/dags/avito_to_raw_midraw.py took 0.039 seconds
[2026-08-03T19:40:34.445+0000] {processor.py:186} INFO - Started process (PID=4007) to work on /opt/airflow/dags/avito_to_raw_midraw.py
[2026-08-03T19:40:34.446+0000] {processor.py:914} INFO - Processing file /opt/airflow/dags/avito_to_raw_midraw.py for tasks to queue
[2026-08-03T19:40:34.447+0000] {logging_mixin.py:190} INFO - [2026-08-03T19:40:34.446+0000] {dagbag.py:588} INFO - Filling up the DagBag from /opt/airflow/dags/avito_to_raw_midraw.py
[2026-08-03T19:40:34.457+0000] {processor.py:925} INFO - DAG(s) 'avito_to_raw_midraw' retrieved from /opt/airflow/dags/avito_to_raw_midraw.py
[2026-08-03T19:40:34.474+0000] {logging_mixin.py:190} INFO - [2026-08-03T19:40:34.474+0000] {dag.py:3239} INFO - Sync 1 DAGs
[2026-08-03T19:40:34.491+0000] {processor.py:208} INFO - Processing /opt/airflow/dags/avito_to_raw_midraw.py took 0.050 seconds
[2026-08-03T19:41:04.678+0000] {processor.py:186} INFO - Started process (PID=4010) to work on /opt/airflow/dags/avito_to_raw_midraw.py
[2026-08-03T19:41:04.679+0000] {processor.py:914} INFO - Processing file /opt/airflow/dags/avito_to_raw_midraw.py for tasks to queue
[2026-08-03T19:41:04.680+0000] {logging_mixin.py:190} INFO - [2026-08-03T19:41:04.679+0000] {dagbag.py:588} INFO - Filling up the DagBag from /opt/airflow/dags/avito_to_raw_midraw.py
[2026-08-03T19:41:04.689+0000] {processor.py:925} INFO - DAG(s) 'avito_to_raw_midraw' retrieved from /opt/airflow/dags/avito_to_raw_midraw.py
[2026-08-03T19:41:04.705+0000] {logging_mixin.py:190} INFO - [2026-08-03T19:41:04.705+0000] {dag.py:3239} INFO - Sync 1 DAGs
[2026-08-03T19:41:04.724+0000] {processor.py:208} INFO - Processing /opt/airflow/dags/avito_to_raw_midraw.py took 0.051 seconds
[2026-08-03T19:41:34.962+0000] {processor.py:186} INFO - Started process (PID=4013) to work on /opt/airflow/dags/avito_to_raw_midraw.py
[2026-08-03T19:41:34.962+0000] {processor.py:914} INFO - Processing file /opt/airflow/dags/avito_to_raw_midraw.py for tasks to queue
[2026-08-03T19:41:34.963+0000] {logging_mixin.py:190} INFO - [2026-08-03T19:41:34.963+0000] {dagbag.py:588} INFO - Filling up the DagBag from /opt/airflow/dags/avito_to_raw_midraw.py
[2026-08-03T19:41:34.971+0000] {processor.py:925} INFO - DAG(s) 'avito_to_raw_midraw' retrieved from /opt/airflow/dags/avito_to_raw_midraw.py
[2026-08-03T19:41:34.985+0000] {logging_mixin.py:190} INFO - [2026-08-03T19:41:34.985+0000] {dag.py:3239} INFO - Sync 1 DAGs
[2026-08-03T19:41:34.999+0000] {processor.py:208} INFO - Processing /opt/airflow/dags/avito_to_raw_midraw.py took 0.041 seconds
[2026-08-03T19:42:05.214+0000] {processor.py:186} INFO - Started process (PID=4016) to work on /opt/airflow/dags/avito_to_raw_midraw.py
[2026-08-03T19:42:05.215+0000] {processor.py:914} INFO - Processing file /opt/airflow/dags/avito_to_raw_midraw.py for tasks to queue
[2026-08-03T19:42:05.216+0000] {logging_mixin.py:190} INFO - [2026-08-03T19:42:05.216+0000] {dagbag.py:588} INFO - Filling up the DagBag from /opt/airflow/dags/avito_to_raw_midraw.py
[2026-08-03T19:42:05.224+0000] {processor.py:925} INFO - DAG(s) 'avito_to_raw_midraw' retrieved from /opt/airflow/dags/avito_to_raw_midraw.py
[2026-08-03T19:42:05.237+0000] {logging_mixin.py:190} INFO - [2026-08-03T19:42:05.237+0000] {dag.py:3239} INFO - Sync 1 DAGs
[2026-08-03T19:42:05.252+0000] {processor.py:208} INFO - Processing /opt/airflow/dags/avito_to_raw_midraw.py took 0.041 seconds
[2026-08-03T19:42:35.489+0000] {processor.py:186} INFO - Started process (PID=4019) to work on /opt/airflow/dags/avito_to_raw_midraw.py
[2026-08-03T19:42:35.490+0000] {processor.py:914} INFO - Processing file /opt/airflow/dags/avito_to_raw_midraw.py for tasks to queue
[2026-08-03T19:42:35.490+0000] {logging_mixin.py:190} INFO - [2026-08-03T19:42:35.490+0000] {dagbag.py:588} INFO - Filling up the DagBag from /opt/airflow/dags/avito_to_raw_midraw.py
[2026-08-03T19:42:35.497+0000] {processor.py:925} INFO - DAG(s) 'avito_to_raw_midraw' retrieved from /opt/airflow/dags/avito_to_raw_midraw.py
[2026-08-03T19:42:35.511+0000] {logging_mixin.py:190} INFO - [2026-08-03T19:42:35.510+0000] {dag.py:3239} INFO - Sync 1 DAGs
[2026-08-03T19:42:35.524+0000] {processor.py:208} INFO - Processing /opt/airflow/dags/avito_to_raw_midraw.py took 0.039 seconds
[2026-08-03T19:43:05.743+0000] {processor.py:186} INFO - Started process (PID=4022) to work on /opt/airflow/dags/avito_to_raw_midraw.py
[2026-08-03T19:43:05.743+0000] {processor.py:914} INFO - Processing file /opt/airflow/dags/avito_to_raw_midraw.py for tasks to queue
[2026-08-03T19:43:05.744+0000] {logging_mixin.py:190} INFO - [2026-08-03T19:43:05.744+0000] {dagbag.py:588} INFO - Filling up the DagBag from /opt/airflow/dags/avito_to_raw_midraw.py
[2026-08-03T19:43:05.751+0000] {processor.py:925} INFO - DAG(s) 'avito_to_raw_midraw' retrieved from /opt/airflow/dags/avito_to_raw_midraw.py
[2026-08-03T19:43:05.765+0000] {logging_mixin.py:190} INFO - [2026-08-03T19:43:05.764+0000] {dag.py:3239} INFO - Sync 1 DAGs
[2026-08-03T19:43:05.779+0000] {processor.py:208} INFO - Processing /opt/airflow/dags/avito_to_raw_midraw.py took 0.040 seconds
[2026-08-03T19:43:36.066+0000] {processor.py:186} INFO - Started process (PID=4025) to work on /opt/airflow/dags/avito_to_raw_midraw.py
[2026-08-03T19:43:36.067+0000] {processor.py:914} INFO - Processing file /opt/airflow/dags/avito_to_raw_midraw.py for tasks to queue
[2026-08-03T19:43:36.067+0000] {logging_mixin.py:190} INFO - [2026-08-03T19:43:36.067+0000] {dagbag.py:588} INFO - Filling up the DagBag from /opt/airflow/dags/avito_to_raw_midraw.py
[2026-08-03T19:43:36.076+0000] {processor.py:925} INFO - DAG(s) 'avito_to_raw_midraw' retrieved from /opt/airflow/dags/avito_to_raw_midraw.py
[2026-08-03T19:43:36.092+0000] {logging_mixin.py:190} INFO - [2026-08-03T19:43:36.092+0000] {dag.py:3239} INFO - Sync 1 DAGs
[2026-08-03T19:43:36.109+0000] {processor.py:208} INFO - Processing /opt/airflow/dags/avito_to_raw_midraw.py took 0.051 seconds
[2026-08-03T19:44:06.304+0000] {processor.py:186} INFO - Started process (PID=4028) to work on /opt/airflow/dags/avito_to_raw_midraw.py
[2026-08-03T19:44:06.304+0000] {processor.py:914} INFO - Processing file /opt/airflow/dags/avito_to_raw_midraw.py for tasks to queue
[2026-08-03T19:44:06.305+0000] {logging_mixin.py:190} INFO - [2026-08-03T19:44:06.305+0000] {dagbag.py:588} INFO - Filling up the DagBag from /opt/airflow/dags/avito_to_raw_midraw.py
[2026-08-03T19:44:06.312+0000] {processor.py:925} INFO - DAG(s) 'avito_to_raw_midraw' retrieved from /opt/airflow/dags/avito_to_raw_midraw.py
[2026-08-03T19:44:06.327+0000] {logging_mixin.py:190} INFO - [2026-08-03T19:44:06.327+0000] {dag.py:3239} INFO - Sync 1 DAGs
[2026-08-03T19:44:06.342+0000] {processor.py:208} INFO - Processing /opt/airflow/dags/avito_to_raw_midraw.py took 0.042 seconds
[2026-08-03T19:44:36.630+0000] {processor.py:186} INFO - Started process (PID=4031) to work on /opt/airflow/dags/avito_to_raw_midraw.py
[2026-08-03T19:44:36.635+0000] {processor.py:914} INFO - Processing file /opt/airflow/dags/avito_to_raw_midraw.py for tasks to queue
[2026-08-03T19:44:36.636+0000] {logging_mixin.py:190} INFO - [2026-08-03T19:44:36.636+0000] {dagbag.py:588} INFO - Filling up the DagBag from /opt/airflow/dags/avito_to_raw_midraw.py
[2026-08-03T19:44:36.650+0000] {processor.py:925} INFO - DAG(s) 'avito_to_raw_midraw' retrieved from /opt/airflow/dags/avito_to_raw_midraw.py
[2026-08-03T19:44:36.709+0000] {logging_mixin.py:190} INFO - [2026-08-03T19:44:36.709+0000] {dag.py:3239} INFO - Sync 1 DAGs
[2026-08-03T19:44:36.734+0000] {processor.py:208} INFO - Processing /opt/airflow/dags/avito_to_raw_midraw.py took 0.121 seconds
[2026-08-03T19:45:06.937+0000] {processor.py:186} INFO - Started process (PID=4034) to work on /opt/airflow/dags/avito_to_raw_midraw.py
[2026-08-03T19:45:06.937+0000] {processor.py:914} INFO - Processing file /opt/airflow/dags/avito_to_raw_midraw.py for tasks to queue
[2026-08-03T19:45:06.939+0000] {logging_mixin.py:190} INFO - [2026-08-03T19:45:06.938+0000] {dagbag.py:588} INFO - Filling up the DagBag from /opt/airflow/dags/avito_to_raw_midraw.py
[2026-08-03T19:45:06.947+0000] {processor.py:925} INFO - DAG(s) 'avito_to_raw_midraw' retrieved from /opt/airflow/dags/avito_to_raw_midraw.py
[2026-08-03T19:45:06.965+0000] {logging_mixin.py:190} INFO - [2026-08-03T19:45:06.964+0000] {dag.py:3239} INFO - Sync 1 DAGs
[2026-08-03T19:45:06.981+0000] {processor.py:208} INFO - Processing /opt/airflow/dags/avito_to_raw_midraw.py took 0.049 seconds
[2026-08-03T19:45:37.230+0000] {processor.py:186} INFO - Started process (PID=4037) to work on /opt/airflow/dags/avito_to_raw_midraw.py
[2026-08-03T19:45:37.230+0000] {processor.py:914} INFO - Processing file /opt/airflow/dags/avito_to_raw_midraw.py for tasks to queue
[2026-08-03T19:45:37.231+0000] {logging_mixin.py:190} INFO - [2026-08-03T19:45:37.231+0000] {dagbag.py:588} INFO - Filling up the DagBag from /opt/airflow/dags/avito_to_raw_midraw.py
[2026-08-03T19:45:37.245+0000] {processor.py:925} INFO - DAG(s) 'avito_to_raw_midraw' retrieved from /opt/airflow/dags/avito_to_raw_midraw.py
[2026-08-03T19:45:37.272+0000] {logging_mixin.py:190} INFO - [2026-08-03T19:45:37.272+0000] {dag.py:3239} INFO - Sync 1 DAGs
[2026-08-03T19:45:37.292+0000] {processor.py:208} INFO - Processing /opt/airflow/dags/avito_to_raw_midraw.py took 0.070 seconds
[2026-08-03T19:46:07.503+0000] {processor.py:186} INFO - Started process (PID=4040) to work on /opt/airflow/dags/avito_to_raw_midraw.py
[2026-08-03T19:46:07.504+0000] {processor.py:914} INFO - Processing file /opt/airflow/dags/avito_to_raw_midraw.py for tasks to queue
[2026-08-03T19:46:07.505+0000] {logging_mixin.py:190} INFO - [2026-08-03T19:46:07.505+0000] {dagbag.py:588} INFO - Filling up the DagBag from /opt/airflow/dags/avito_to_raw_midraw.py
[2026-08-03T19:46:07.512+0000] {processor.py:925} INFO - DAG(s) 'avito_to_raw_midraw' retrieved from /opt/airflow/dags/avito_to_raw_midraw.py
[2026-08-03T19:46:07.530+0000] {logging_mixin.py:190} INFO - [2026-08-03T19:46:07.530+0000] {dag.py:3239} INFO - Sync 1 DAGs
[2026-08-03T19:46:07.550+0000] {processor.py:208} INFO - Processing /opt/airflow/dags/avito_to_raw_midraw.py took 0.052 seconds
[2026-08-03T19:46:37.779+0000] {processor.py:186} INFO - Started process (PID=4043) to work on /opt/airflow/dags/avito_to_raw_midraw.py
[2026-08-03T19:46:37.780+0000] {processor.py:914} INFO - Processing file /opt/airflow/dags/avito_to_raw_midraw.py for tasks to queue
[2026-08-03T19:46:37.781+0000] {logging_mixin.py:190} INFO - [2026-08-03T19:46:37.781+0000] {dagbag.py:588} INFO - Filling up the DagBag from /opt/airflow/dags/avito_to_raw_midraw.py
[2026-08-03T19:46:37.789+0000] {processor.py:925} INFO - DAG(s) 'avito_to_raw_midraw' retrieved from /opt/airflow/dags/avito_to_raw_midraw.py
[2026-08-03T19:46:37.804+0000] {logging_mixin.py:190} INFO - [2026-08-03T19:46:37.803+0000] {dag.py:3239} INFO - Sync 1 DAGs
[2026-08-03T19:46:37.818+0000] {processor.py:208} INFO - Processing /opt/airflow/dags/avito_to_raw_midraw.py took 0.042 seconds
[2026-08-03T19:47:08.090+0000] {processor.py:186} INFO - Started process (PID=4046) to work on /opt/airflow/dags/avito_to_raw_midraw.py
[2026-08-03T19:47:08.091+0000] {processor.py:914} INFO - Processing file /opt/airflow/dags/avito_to_raw_midraw.py for tasks to queue
[2026-08-03T19:47:08.092+0000] {logging_mixin.py:190} INFO - [2026-08-03T19:47:08.092+0000] {dagbag.py:588} INFO - Filling up the DagBag from /opt/airflow/dags/avito_to_raw_midraw.py
[2026-08-03T19:47:08.102+0000] {processor.py:925} INFO - DAG(s) 'avito_to_raw_midraw' retrieved from /opt/airflow/dags/avito_to_raw_midraw.py
[2026-08-03T19:47:08.118+0000] {logging_mixin.py:190} INFO - [2026-08-03T19:47:08.118+0000] {dag.py:3239} INFO - Sync 1 DAGs
[2026-08-03T19:47:08.134+0000] {processor.py:208} INFO - Processing /opt/airflow/dags/avito_to_raw_midraw.py took 0.048 seconds
[2026-08-03T19:47:38.363+0000] {processor.py:186} INFO - Started process (PID=4049) to work on /opt/airflow/dags/avito_to_raw_midraw.py
[2026-08-03T19:47:38.364+0000] {processor.py:914} INFO - Processing file /opt/airflow/dags/avito_to_raw_midraw.py for tasks to queue
[2026-08-03T19:47:38.365+0000] {logging_mixin.py:190} INFO - [2026-08-03T19:47:38.364+0000] {dagbag.py:588} INFO - Filling up the DagBag from /opt/airflow/dags/avito_to_raw_midraw.py
[2026-08-03T19:47:38.373+0000] {processor.py:925} INFO - DAG(s) 'avito_to_raw_midraw' retrieved from /opt/airflow/dags/avito_to_raw_midraw.py
[2026-08-03T19:47:38.390+0000] {logging_mixin.py:190} INFO - [2026-08-03T19:47:38.389+0000] {dag.py:3239} INFO - Sync 1 DAGs
[2026-08-03T19:47:38.405+0000] {processor.py:208} INFO - Processing /opt/airflow/dags/avito_to_raw_midraw.py took 0.047 seconds
[2026-08-03T19:48:08.643+0000] {processor.py:186} INFO - Started process (PID=4052) to work on /opt/airflow/dags/avito_to_raw_midraw.py
[2026-08-03T19:48:08.643+0000] {processor.py:914} INFO - Processing file /opt/airflow/dags/avito_to_raw_midraw.py for tasks to queue
[2026-08-03T19:48:08.645+0000] {logging_mixin.py:190} INFO - [2026-08-03T19:48:08.644+0000] {dagbag.py:588} INFO - Filling up the DagBag from /opt/airflow/dags/avito_to_raw_midraw.py
[2026-08-03T19:48:08.652+0000] {processor.py:925} INFO - DAG(s) 'avito_to_raw_midraw' retrieved from /opt/airflow/dags/avito_to_raw_midraw.py
[2026-08-03T19:48:08.667+0000] {logging_mixin.py:190} INFO - [2026-08-03T19:48:08.667+0000] {dag.py:3239} INFO - Sync 1 DAGs
[2026-08-03T19:48:08.681+0000] {processor.py:208} INFO - Processing /opt/airflow/dags/avito_to_raw_midraw.py took 0.042 seconds
[2026-08-03T19:48:38.946+0000] {processor.py:186} INFO - Started process (PID=4055) to work on /opt/airflow/dags/avito_to_raw_midraw.py
[2026-08-03T19:48:38.947+0000] {processor.py:914} INFO - Processing file /opt/airflow/dags/avito_to_raw_midraw.py for tasks to queue
[2026-08-03T19:48:38.948+0000] {logging_mixin.py:190} INFO - [2026-08-03T19:48:38.947+0000] {dagbag.py:588} INFO - Filling up the DagBag from /opt/airflow/dags/avito_to_raw_midraw.py
[2026-08-03T19:48:38.960+0000] {processor.py:925} INFO - DAG(s) 'avito_to_raw_midraw' retrieved from /opt/airflow/dags/avito_to_raw_midraw.py
[2026-08-03T19:48:38.978+0000] {logging_mixin.py:190} INFO - [2026-08-03T19:48:38.978+0000] {dag.py:3239} INFO - Sync 1 DAGs
[2026-08-03T19:48:38.995+0000] {processor.py:208} INFO - Processing /opt/airflow/dags/avito_to_raw_midraw.py took 0.054 seconds
[2026-08-03T19:49:09.201+0000] {processor.py:186} INFO - Started process (PID=4058) to work on /opt/airflow/dags/avito_to_raw_midraw.py
[2026-08-03T19:49:09.202+0000] {processor.py:914} INFO - Processing file /opt/airflow/dags/avito_to_raw_midraw.py for tasks to queue
[2026-08-03T19:49:09.202+0000] {logging_mixin.py:190} INFO - [2026-08-03T19:49:09.202+0000] {dagbag.py:588} INFO - Filling up the DagBag from /opt/airflow/dags/avito_to_raw_midraw.py
[2026-08-03T19:49:09.210+0000] {processor.py:925} INFO - DAG(s) 'avito_to_raw_midraw' retrieved from /opt/airflow/dags/avito_to_raw_midraw.py
[2026-08-03T19:49:09.224+0000] {logging_mixin.py:190} INFO - [2026-08-03T19:49:09.224+0000] {dag.py:3239} INFO - Sync 1 DAGs
[2026-08-03T19:49:09.239+0000] {processor.py:208} INFO - Processing /opt/airflow/dags/avito_to_raw_midraw.py took 0.042 seconds
[2026-08-03T19:49:39.479+0000] {processor.py:186} INFO - Started process (PID=4061) to work on /opt/airflow/dags/avito_to_raw_midraw.py
[2026-08-03T19:49:39.480+0000] {processor.py:914} INFO - Processing file /opt/airflow/dags/avito_to_raw_midraw.py for tasks to queue
[2026-08-03T19:49:39.480+0000] {logging_mixin.py:190} INFO - [2026-08-03T19:49:39.480+0000] {dagbag.py:588} INFO - Filling up the DagBag from /opt/airflow/dags/avito_to_raw_midraw.py
[2026-08-03T19:49:39.488+0000] {processor.py:925} INFO - DAG(s) 'avito_to_raw_midraw' retrieved from /opt/airflow/dags/avito_to_raw_midraw.py
[2026-08-03T19:49:39.502+0000] {logging_mixin.py:190} INFO - [2026-08-03T19:49:39.502+0000] {dag.py:3239} INFO - Sync 1 DAGs
[2026-08-03T19:49:39.519+0000] {processor.py:208} INFO - Processing /opt/airflow/dags/avito_to_raw_midraw.py took 0.045 seconds
[2026-08-03T19:50:09.817+0000] {processor.py:186} INFO - Started process (PID=4064) to work on /opt/airflow/dags/avito_to_raw_midraw.py
[2026-08-03T19:50:09.818+0000] {processor.py:914} INFO - Processing file /opt/airflow/dags/avito_to_raw_midraw.py for tasks to queue
[2026-08-03T19:50:09.819+0000] {logging_mixin.py:190} INFO - [2026-08-03T19:50:09.818+0000] {dagbag.py:588} INFO - Filling up the DagBag from /opt/airflow/dags/avito_to_raw_midraw.py
[2026-08-03T19:50:09.827+0000] {processor.py:925} INFO - DAG(s) 'avito_to_raw_midraw' retrieved from /opt/airflow/dags/avito_to_raw_midraw.py
[2026-08-03T19:50:09.842+0000] {logging_mixin.py:190} INFO - [2026-08-03T19:50:09.842+0000] {dag.py:3239} INFO - Sync 1 DAGs
[2026-08-03T19:50:09.859+0000] {processor.py:208} INFO - Processing /opt/airflow/dags/avito_to_raw_midraw.py took 0.045 seconds
[2026-08-03T19:50:40.144+0000] {processor.py:186} INFO - Started process (PID=4067) to work on /opt/airflow/dags/avito_to_raw_midraw.py
[2026-08-03T19:50:40.145+0000] {processor.py:914} INFO - Processing file /opt/airflow/dags/avito_to_raw_midraw.py for tasks to queue
[2026-08-03T19:50:40.146+0000] {logging_mixin.py:190} INFO - [2026-08-03T19:50:40.146+0000] {dagbag.py:588} INFO - Filling up the DagBag from /opt/airflow/dags/avito_to_raw_midraw.py
[2026-08-03T19:50:40.156+0000] {processor.py:925} INFO - DAG(s) 'avito_to_raw_midraw' retrieved from /opt/airflow/dags/avito_to_raw_midraw.py
[2026-08-03T19:50:40.173+0000] {logging_mixin.py:190} INFO - [2026-08-03T19:50:40.173+0000] {dag.py:3239} INFO - Sync 1 DAGs
[2026-08-03T19:50:40.188+0000] {processor.py:208} INFO - Processing /opt/airflow/dags/avito_to_raw_midraw.py took 0.049 seconds
[2026-08-03T19:51:10.414+0000] {processor.py:186} INFO - Started process (PID=4070) to work on /opt/airflow/dags/avito_to_raw_midraw.py
[2026-08-03T19:51:10.414+0000] {processor.py:914} INFO - Processing file /opt/airflow/dags/avito_to_raw_midraw.py for tasks to queue
[2026-08-03T19:51:10.415+0000] {logging_mixin.py:190} INFO - [2026-08-03T19:51:10.415+0000] {dagbag.py:588} INFO - Filling up the DagBag from /opt/airflow/dags/avito_to_raw_midraw.py
[2026-08-03T19:51:10.422+0000] {processor.py:925} INFO - DAG(s) 'avito_to_raw_midraw' retrieved from /opt/airflow/dags/avito_to_raw_midraw.py
[2026-08-03T19:51:10.436+0000] {logging_mixin.py:190} INFO - [2026-08-03T19:51:10.436+0000] {dag.py:3239} INFO - Sync 1 DAGs
[2026-08-03T19:51:10.450+0000] {processor.py:208} INFO - Processing /opt/airflow/dags/avito_to_raw_midraw.py took 0.040 seconds
[2026-08-03T19:51:40.702+0000] {processor.py:186} INFO - Started process (PID=4073) to work on /opt/airflow/dags/avito_to_raw_midraw.py
[2026-08-03T19:51:40.703+0000] {processor.py:914} INFO - Processing file /opt/airflow/dags/avito_to_raw_midraw.py for tasks to queue
[2026-08-03T19:51:40.704+0000] {logging_mixin.py:190} INFO - [2026-08-03T19:51:40.704+0000] {dagbag.py:588} INFO - Filling up the DagBag from /opt/airflow/dags/avito_to_raw_midraw.py
[2026-08-03T19:51:40.711+0000] {processor.py:925} INFO - DAG(s) 'avito_to_raw_midraw' retrieved from /opt/airflow/dags/avito_to_raw_midraw.py
[2026-08-03T19:51:40.725+0000] {logging_mixin.py:190} INFO - [2026-08-03T19:51:40.725+0000] {dag.py:3239} INFO - Sync 1 DAGs
[2026-08-03T19:51:40.741+0000] {processor.py:208} INFO - Processing /opt/airflow/dags/avito_to_raw_midraw.py took 0.042 seconds
[2026-08-03T19:52:10.986+0000] {processor.py:186} INFO - Started process (PID=4076) to work on /opt/airflow/dags/avito_to_raw_midraw.py
[2026-08-03T19:52:10.987+0000] {processor.py:914} INFO - Processing file /opt/airflow/dags/avito_to_raw_midraw.py for tasks to queue
[2026-08-03T19:52:10.987+0000] {logging_mixin.py:190} INFO - [2026-08-03T19:52:10.987+0000] {dagbag.py:588} INFO - Filling up the DagBag from /opt/airflow/dags/avito_to_raw_midraw.py
[2026-08-03T19:52:10.995+0000] {processor.py:925} INFO - DAG(s) 'avito_to_raw_midraw' retrieved from /opt/airflow/dags/avito_to_raw_midraw.py
[2026-08-03T19:52:11.008+0000] {logging_mixin.py:190} INFO - [2026-08-03T19:52:11.007+0000] {dag.py:3239} INFO - Sync 1 DAGs
[2026-08-03T19:52:11.022+0000] {processor.py:208} INFO - Processing /opt/airflow/dags/avito_to_raw_midraw.py took 0.039 seconds
[2026-08-03T19:52:41.274+0000] {processor.py:186} INFO - Started process (PID=4079) to work on /opt/airflow/dags/avito_to_raw_midraw.py
[2026-08-03T19:52:41.275+0000] {processor.py:914} INFO - Processing file /opt/airflow/dags/avito_to_raw_midraw.py for tasks to queue
[2026-08-03T19:52:41.276+0000] {logging_mixin.py:190} INFO - [2026-08-03T19:52:41.275+0000] {dagbag.py:588} INFO - Filling up the DagBag from /opt/airflow/dags/avito_to_raw_midraw.py
[2026-08-03T19:52:41.283+0000] {processor.py:925} INFO - DAG(s) 'avito_to_raw_midraw' retrieved from /opt/airflow/dags/avito_to_raw_midraw.py
[2026-08-03T19:52:41.297+0000] {logging_mixin.py:190} INFO - [2026-08-03T19:52:41.296+0000] {dag.py:3239} INFO - Sync 1 DAGs
[2026-08-03T19:52:41.313+0000] {processor.py:208} INFO - Processing /opt/airflow/dags/avito_to_raw_midraw.py took 0.043 seconds
[2026-08-03T20:09:27.329+0000] {processor.py:186} INFO - Started process (PID=4082) to work on /opt/airflow/dags/avito_to_raw_midraw.py
[2026-08-03T20:09:27.329+0000] {processor.py:914} INFO - Processing file /opt/airflow/dags/avito_to_raw_midraw.py for tasks to queue
[2026-08-03T20:09:27.330+0000] {logging_mixin.py:190} INFO - [2026-08-03T20:09:27.330+0000] {dagbag.py:588} INFO - Filling up the DagBag from /opt/airflow/dags/avito_to_raw_midraw.py
[2026-08-03T20:09:27.337+0000] {processor.py:925} INFO - DAG(s) 'avito_to_raw_midraw' retrieved from /opt/airflow/dags/avito_to_raw_midraw.py
[2026-08-03T20:09:27.352+0000] {logging_mixin.py:190} INFO - [2026-08-03T20:09:27.352+0000] {dag.py:3239} INFO - Sync 1 DAGs
[2026-08-03T20:09:27.368+0000] {processor.py:208} INFO - Processing /opt/airflow/dags/avito_to_raw_midraw.py took 0.043 seconds
[2026-08-03T20:09:57.704+0000] {processor.py:186} INFO - Started process (PID=4085) to work on /opt/airflow/dags/avito_to_raw_midraw.py
[2026-08-03T20:09:57.705+0000] {processor.py:914} INFO - Processing file /opt/airflow/dags/avito_to_raw_midraw.py for tasks to queue
[2026-08-03T20:09:57.705+0000] {logging_mixin.py:190} INFO - [2026-08-03T20:09:57.705+0000] {dagbag.py:588} INFO - Filling up the DagBag from /opt/airflow/dags/avito_to_raw_midraw.py
[2026-08-03T20:09:57.713+0000] {processor.py:925} INFO - DAG(s) 'avito_to_raw_midraw' retrieved from /opt/airflow/dags/avito_to_raw_midraw.py
[2026-08-03T20:09:57.727+0000] {logging_mixin.py:190} INFO - [2026-08-03T20:09:57.727+0000] {dag.py:3239} INFO - Sync 1 DAGs
[2026-08-03T20:09:57.741+0000] {processor.py:208} INFO - Processing /opt/airflow/dags/avito_to_raw_midraw.py took 0.040 seconds
[2026-08-03T20:20:52.317+0000] {processor.py:186} INFO - Started process (PID=4088) to work on /opt/airflow/dags/avito_to_raw_midraw.py
[2026-08-03T20:20:52.318+0000] {processor.py:914} INFO - Processing file /opt/airflow/dags/avito_to_raw_midraw.py for tasks to queue
[2026-08-03T20:20:52.319+0000] {logging_mixin.py:190} INFO - [2026-08-03T20:20:52.319+0000] {dagbag.py:588} INFO - Filling up the DagBag from /opt/airflow/dags/avito_to_raw_midraw.py
[2026-08-03T20:20:52.327+0000] {processor.py:925} INFO - DAG(s) 'avito_to_raw_midraw' retrieved from /opt/airflow/dags/avito_to_raw_midraw.py
[2026-08-03T20:20:52.340+0000] {logging_mixin.py:190} INFO - [2026-08-03T20:20:52.340+0000] {dag.py:3239} INFO - Sync 1 DAGs
[2026-08-03T20:20:52.353+0000] {processor.py:208} INFO - Processing /opt/airflow/dags/avito_to_raw_midraw.py took 0.039 seconds
[2026-08-03T20:21:34.866+0000] {processor.py:186} INFO - Started process (PID=4091) to work on /opt/airflow/dags/avito_to_raw_midraw.py
[2026-08-03T20:21:34.868+0000] {processor.py:914} INFO - Processing file /opt/airflow/dags/avito_to_raw_midraw.py for tasks to queue
[2026-08-03T20:21:34.870+0000] {logging_mixin.py:190} INFO - [2026-08-03T20:21:34.869+0000] {dagbag.py:588} INFO - Filling up the DagBag from /opt/airflow/dags/avito_to_raw_midraw.py
[2026-08-03T20:21:34.894+0000] {processor.py:925} INFO - DAG(s) 'avito_to_raw_midraw' retrieved from /opt/airflow/dags/avito_to_raw_midraw.py
[2026-08-03T20:21:34.943+0000] {logging_mixin.py:190} INFO - [2026-08-03T20:21:34.943+0000] {dag.py:3239} INFO - Sync 1 DAGs
[2026-08-03T20:21:35.038+0000] {processor.py:208} INFO - Processing /opt/airflow/dags/avito_to_raw_midraw.py took 0.192 seconds
[2026-08-03T20:22:20.040+0000] {processor.py:186} INFO - Started process (PID=4094) to work on /opt/airflow/dags/avito_to_raw_midraw.py
[2026-08-03T20:22:20.049+0000] {processor.py:914} INFO - Processing file /opt/airflow/dags/avito_to_raw_midraw.py for tasks to queue
[2026-08-03T20:22:20.075+0000] {logging_mixin.py:190} INFO - [2026-08-03T20:22:20.070+0000] {dagbag.py:588} INFO - Filling up the DagBag from /opt/airflow/dags/avito_to_raw_midraw.py
[2026-08-03T20:22:21.073+0000] {processor.py:925} INFO - DAG(s) 'avito_to_raw_midraw' retrieved from /opt/airflow/dags/avito_to_raw_midraw.py
[2026-08-03T20:22:21.508+0000] {logging_mixin.py:190} INFO - [2026-08-03T20:22:21.502+0000] {dag.py:3239} INFO - Sync 1 DAGs
[2026-08-03T20:22:22.386+0000] {processor.py:208} INFO - Processing /opt/airflow/dags/avito_to_raw_midraw.py took 2.461 seconds
[2026-08-03T20:23:55.848+0000] {processor.py:186} INFO - Started process (PID=4097) to work on /opt/airflow/dags/avito_to_raw_midraw.py
[2026-08-03T20:23:55.886+0000] {processor.py:914} INFO - Processing file /opt/airflow/dags/avito_to_raw_midraw.py for tasks to queue
[2026-08-03T20:23:55.895+0000] {logging_mixin.py:190} INFO - [2026-08-03T20:23:55.894+0000] {dagbag.py:588} INFO - Filling up the DagBag from /opt/airflow/dags/avito_to_raw_midraw.py
[2026-08-03T20:23:57.964+0000] {processor.py:925} INFO - DAG(s) 'avito_to_raw_midraw' retrieved from /opt/airflow/dags/avito_to_raw_midraw.py
[2026-08-03T20:23:58.977+0000] {logging_mixin.py:190} INFO - [2026-08-03T20:23:58.897+0000] {dag.py:3239} INFO - Sync 1 DAGs
[2026-08-03T20:23:59.804+0000] {processor.py:208} INFO - Processing /opt/airflow/dags/avito_to_raw_midraw.py took 4.219 seconds
[2026-08-03T20:24:30.096+0000] {processor.py:186} INFO - Started process (PID=4100) to work on /opt/airflow/dags/avito_to_raw_midraw.py
[2026-08-03T20:24:30.097+0000] {processor.py:914} INFO - Processing file /opt/airflow/dags/avito_to_raw_midraw.py for tasks to queue
[2026-08-03T20:24:30.099+0000] {logging_mixin.py:190} INFO - [2026-08-03T20:24:30.098+0000] {dagbag.py:588} INFO - Filling up the DagBag from /opt/airflow/dags/avito_to_raw_midraw.py
[2026-08-03T20:24:30.112+0000] {processor.py:925} INFO - DAG(s) 'avito_to_raw_midraw' retrieved from /opt/airflow/dags/avito_to_raw_midraw.py
[2026-08-03T20:24:30.137+0000] {logging_mixin.py:190} INFO - [2026-08-03T20:24:30.137+0000] {dag.py:3239} INFO - Sync 1 DAGs
[2026-08-03T20:24:30.157+0000] {processor.py:208} INFO - Processing /opt/airflow/dags/avito_to_raw_midraw.py took 0.067 seconds
[2026-08-03T20:25:00.388+0000] {processor.py:186} INFO - Started process (PID=4103) to work on /opt/airflow/dags/avito_to_raw_midraw.py
[2026-08-03T20:25:00.389+0000] {processor.py:914} INFO - Processing file /opt/airflow/dags/avito_to_raw_midraw.py for tasks to queue
[2026-08-03T20:25:00.390+0000] {logging_mixin.py:190} INFO - [2026-08-03T20:25:00.390+0000] {dagbag.py:588} INFO - Filling up the DagBag from /opt/airflow/dags/avito_to_raw_midraw.py
[2026-08-03T20:25:00.406+0000] {processor.py:925} INFO - DAG(s) 'avito_to_raw_midraw' retrieved from /opt/airflow/dags/avito_to_raw_midraw.py
[2026-08-03T20:25:00.428+0000] {logging_mixin.py:190} INFO - [2026-08-03T20:25:00.428+0000] {dag.py:3239} INFO - Sync 1 DAGs
[2026-08-03T20:25:00.452+0000] {processor.py:208} INFO - Processing /opt/airflow/dags/avito_to_raw_midraw.py took 0.069 seconds
[2026-08-03T20:25:30.619+0000] {processor.py:186} INFO - Started process (PID=4106) to work on /opt/airflow/dags/avito_to_raw_midraw.py
[2026-08-03T20:25:30.619+0000] {processor.py:914} INFO - Processing file /opt/airflow/dags/avito_to_raw_midraw.py for tasks to queue
[2026-08-03T20:25:30.620+0000] {logging_mixin.py:190} INFO - [2026-08-03T20:25:30.620+0000] {dagbag.py:588} INFO - Filling up the DagBag from /opt/airflow/dags/avito_to_raw_midraw.py
[2026-08-03T20:25:30.630+0000] {processor.py:925} INFO - DAG(s) 'avito_to_raw_midraw' retrieved from /opt/airflow/dags/avito_to_raw_midraw.py
[2026-08-03T20:25:30.645+0000] {logging_mixin.py:190} INFO - [2026-08-03T20:25:30.645+0000] {dag.py:3239} INFO - Sync 1 DAGs
[2026-08-03T20:25:30.662+0000] {processor.py:208} INFO - Processing /opt/airflow/dags/avito_to_raw_midraw.py took 0.050 seconds
[2026-08-03T20:26:00.868+0000] {processor.py:186} INFO - Started process (PID=4109) to work on /opt/airflow/dags/avito_to_raw_midraw.py
[2026-08-03T20:26:00.869+0000] {processor.py:914} INFO - Processing file /opt/airflow/dags/avito_to_raw_midraw.py for tasks to queue
[2026-08-03T20:26:00.870+0000] {logging_mixin.py:190} INFO - [2026-08-03T20:26:00.869+0000] {dagbag.py:588} INFO - Filling up the DagBag from /opt/airflow/dags/avito_to_raw_midraw.py
[2026-08-03T20:26:00.881+0000] {processor.py:925} INFO - DAG(s) 'avito_to_raw_midraw' retrieved from /opt/airflow/dags/avito_to_raw_midraw.py
[2026-08-03T20:26:00.899+0000] {logging_mixin.py:190} INFO - [2026-08-03T20:26:00.898+0000] {dag.py:3239} INFO - Sync 1 DAGs
[2026-08-03T20:26:00.921+0000] {processor.py:208} INFO - Processing /opt/airflow/dags/avito_to_raw_midraw.py took 0.057 seconds
[2026-08-03T20:26:31.117+0000] {processor.py:186} INFO - Started process (PID=4112) to work on /opt/airflow/dags/avito_to_raw_midraw.py
[2026-08-03T20:26:31.118+0000] {processor.py:914} INFO - Processing file /opt/airflow/dags/avito_to_raw_midraw.py for tasks to queue
[2026-08-03T20:26:31.119+0000] {logging_mixin.py:190} INFO - [2026-08-03T20:26:31.118+0000] {dagbag.py:588} INFO - Filling up the DagBag from /opt/airflow/dags/avito_to_raw_midraw.py
[2026-08-03T20:26:31.129+0000] {processor.py:925} INFO - DAG(s) 'avito_to_raw_midraw' retrieved from /opt/airflow/dags/avito_to_raw_midraw.py
[2026-08-03T20:26:31.149+0000] {logging_mixin.py:190} INFO - [2026-08-03T20:26:31.149+0000] {dag.py:3239} INFO - Sync 1 DAGs
[2026-08-03T20:26:31.168+0000] {processor.py:208} INFO - Processing /opt/airflow/dags/avito_to_raw_midraw.py took 0.057 seconds
[2026-08-03T20:27:01.375+0000] {processor.py:186} INFO - Started process (PID=4115) to work on /opt/airflow/dags/avito_to_raw_midraw.py
[2026-08-03T20:27:01.375+0000] {processor.py:914} INFO - Processing file /opt/airflow/dags/avito_to_raw_midraw.py for tasks to queue
[2026-08-03T20:27:01.376+0000] {logging_mixin.py:190} INFO - [2026-08-03T20:27:01.376+0000] {dagbag.py:588} INFO - Filling up the DagBag from /opt/airflow/dags/avito_to_raw_midraw.py
[2026-08-03T20:27:01.385+0000] {processor.py:925} INFO - DAG(s) 'avito_to_raw_midraw' retrieved from /opt/airflow/dags/avito_to_raw_midraw.py
[2026-08-03T20:27:01.400+0000] {logging_mixin.py:190} INFO - [2026-08-03T20:27:01.400+0000] {dag.py:3239} INFO - Sync 1 DAGs
[2026-08-03T20:27:01.417+0000] {processor.py:208} INFO - Processing /opt/airflow/dags/avito_to_raw_midraw.py took 0.046 seconds
[2026-08-03T20:27:31.630+0000] {processor.py:186} INFO - Started process (PID=4118) to work on /opt/airflow/dags/avito_to_raw_midraw.py
[2026-08-03T20:27:31.632+0000] {processor.py:914} INFO - Processing file /opt/airflow/dags/avito_to_raw_midraw.py for tasks to queue
[2026-08-03T20:27:31.633+0000] {logging_mixin.py:190} INFO - [2026-08-03T20:27:31.633+0000] {dagbag.py:588} INFO - Filling up the DagBag from /opt/airflow/dags/avito_to_raw_midraw.py
[2026-08-03T20:27:31.642+0000] {processor.py:925} INFO - DAG(s) 'avito_to_raw_midraw' retrieved from /opt/airflow/dags/avito_to_raw_midraw.py
[2026-08-03T20:27:31.660+0000] {logging_mixin.py:190} INFO - [2026-08-03T20:27:31.660+0000] {dag.py:3239} INFO - Sync 1 DAGs
[2026-08-03T20:27:31.680+0000] {processor.py:208} INFO - Processing /opt/airflow/dags/avito_to_raw_midraw.py took 0.057 seconds
[2026-08-03T20:28:01.953+0000] {processor.py:186} INFO - Started process (PID=4121) to work on /opt/airflow/dags/avito_to_raw_midraw.py
[2026-08-03T20:28:01.953+0000] {processor.py:914} INFO - Processing file /opt/airflow/dags/avito_to_raw_midraw.py for tasks to queue
[2026-08-03T20:28:01.954+0000] {logging_mixin.py:190} INFO - [2026-08-03T20:28:01.954+0000] {dagbag.py:588} INFO - Filling up the DagBag from /opt/airflow/dags/avito_to_raw_midraw.py
[2026-08-03T20:28:01.968+0000] {processor.py:925} INFO - DAG(s) 'avito_to_raw_midraw' retrieved from /opt/airflow/dags/avito_to_raw_midraw.py
[2026-08-03T20:28:01.987+0000] {logging_mixin.py:190} INFO - [2026-08-03T20:28:01.987+0000] {dag.py:3239} INFO - Sync 1 DAGs
[2026-08-03T20:28:02.007+0000] {processor.py:208} INFO - Processing /opt/airflow/dags/avito_to_raw_midraw.py took 0.060 seconds
[2026-08-03T20:28:32.305+0000] {processor.py:186} INFO - Started process (PID=4124) to work on /opt/airflow/dags/avito_to_raw_midraw.py
[2026-08-03T20:28:32.305+0000] {processor.py:914} INFO - Processing file /opt/airflow/dags/avito_to_raw_midraw.py for tasks to queue
[2026-08-03T20:28:32.306+0000] {logging_mixin.py:190} INFO - [2026-08-03T20:28:32.306+0000] {dagbag.py:588} INFO - Filling up the DagBag from /opt/airflow/dags/avito_to_raw_midraw.py
[2026-08-03T20:28:32.316+0000] {processor.py:925} INFO - DAG(s) 'avito_to_raw_midraw' retrieved from /opt/airflow/dags/avito_to_raw_midraw.py
[2026-08-03T20:28:32.334+0000] {logging_mixin.py:190} INFO - [2026-08-03T20:28:32.333+0000] {dag.py:3239} INFO - Sync 1 DAGs
[2026-08-03T20:28:32.354+0000] {processor.py:208} INFO - Processing /opt/airflow/dags/avito_to_raw_midraw.py took 0.053 seconds
[2026-08-03T20:29:02.686+0000] {processor.py:186} INFO - Started process (PID=4127) to work on /opt/airflow/dags/avito_to_raw_midraw.py
[2026-08-03T20:29:02.687+0000] {processor.py:914} INFO - Processing file /opt/airflow/dags/avito_to_raw_midraw.py for tasks to queue
[2026-08-03T20:29:02.689+0000] {logging_mixin.py:190} INFO - [2026-08-03T20:29:02.688+0000] {dagbag.py:588} INFO - Filling up the DagBag from /opt/airflow/dags/avito_to_raw_midraw.py
[2026-08-03T20:29:02.710+0000] {processor.py:925} INFO - DAG(s) 'avito_to_raw_midraw' retrieved from /opt/airflow/dags/avito_to_raw_midraw.py
[2026-08-03T20:29:02.754+0000] {logging_mixin.py:190} INFO - [2026-08-03T20:29:02.754+0000] {dag.py:3239} INFO - Sync 1 DAGs
[2026-08-03T20:29:02.793+0000] {processor.py:208} INFO - Processing /opt/airflow/dags/avito_to_raw_midraw.py took 0.115 seconds
[2026-08-03T20:29:33.115+0000] {processor.py:186} INFO - Started process (PID=4130) to work on /opt/airflow/dags/avito_to_raw_midraw.py
[2026-08-03T20:29:33.127+0000] {processor.py:914} INFO - Processing file /opt/airflow/dags/avito_to_raw_midraw.py for tasks to queue
[2026-08-03T20:29:33.131+0000] {logging_mixin.py:190} INFO - [2026-08-03T20:29:33.129+0000] {dagbag.py:588} INFO - Filling up the DagBag from /opt/airflow/dags/avito_to_raw_midraw.py
[2026-08-03T20:29:33.190+0000] {processor.py:925} INFO - DAG(s) 'avito_to_raw_midraw' retrieved from /opt/airflow/dags/avito_to_raw_midraw.py
[2026-08-03T20:29:33.319+0000] {logging_mixin.py:190} INFO - [2026-08-03T20:29:33.319+0000] {dag.py:3239} INFO - Sync 1 DAGs
[2026-08-03T20:29:33.456+0000] {processor.py:208} INFO - Processing /opt/airflow/dags/avito_to_raw_midraw.py took 0.383 seconds
[2026-08-03T20:30:05.740+0000] {processor.py:186} INFO - Started process (PID=4133) to work on /opt/airflow/dags/avito_to_raw_midraw.py
[2026-08-03T20:30:05.756+0000] {processor.py:914} INFO - Processing file /opt/airflow/dags/avito_to_raw_midraw.py for tasks to queue
[2026-08-03T20:30:05.817+0000] {logging_mixin.py:190} INFO - [2026-08-03T20:30:05.810+0000] {dagbag.py:588} INFO - Filling up the DagBag from /opt/airflow/dags/avito_to_raw_midraw.py
[2026-08-03T20:30:07.576+0000] {processor.py:925} INFO - DAG(s) 'avito_to_raw_midraw' retrieved from /opt/airflow/dags/avito_to_raw_midraw.py
[2026-08-03T20:30:08.074+0000] {logging_mixin.py:190} INFO - [2026-08-03T20:30:08.073+0000] {dag.py:3239} INFO - Sync 1 DAGs
[2026-08-03T20:30:08.499+0000] {processor.py:208} INFO - Processing /opt/airflow/dags/avito_to_raw_midraw.py took 3.009 seconds
[2026-08-03T20:30:38.889+0000] {processor.py:186} INFO - Started process (PID=4136) to work on /opt/airflow/dags/avito_to_raw_midraw.py
[2026-08-03T20:30:38.900+0000] {processor.py:914} INFO - Processing file /opt/airflow/dags/avito_to_raw_midraw.py for tasks to queue
[2026-08-03T20:30:38.915+0000] {logging_mixin.py:190} INFO - [2026-08-03T20:30:38.914+0000] {dagbag.py:588} INFO - Filling up the DagBag from /opt/airflow/dags/avito_to_raw_midraw.py
[2026-08-03T20:30:39.383+0000] {processor.py:925} INFO - DAG(s) 'avito_to_raw_midraw' retrieved from /opt/airflow/dags/avito_to_raw_midraw.py
[2026-08-03T20:30:40.322+0000] {logging_mixin.py:190} INFO - [2026-08-03T20:30:40.316+0000] {dag.py:3239} INFO - Sync 1 DAGs
[2026-08-03T20:30:41.389+0000] {processor.py:208} INFO - Processing /opt/airflow/dags/avito_to_raw_midraw.py took 2.543 seconds
[2026-08-03T20:31:30.149+0000] {processor.py:186} INFO - Started process (PID=4139) to work on /opt/airflow/dags/avito_to_raw_midraw.py
[2026-08-03T20:31:30.192+0000] {processor.py:914} INFO - Processing file /opt/airflow/dags/avito_to_raw_midraw.py for tasks to queue
[2026-08-03T20:31:30.256+0000] {logging_mixin.py:190} INFO - [2026-08-03T20:31:30.220+0000] {dagbag.py:588} INFO - Filling up the DagBag from /opt/airflow/dags/avito_to_raw_midraw.py
[2026-08-03T20:31:31.091+0000] {processor.py:925} INFO - DAG(s) 'avito_to_raw_midraw' retrieved from /opt/airflow/dags/avito_to_raw_midraw.py
[2026-08-03T20:31:32.749+0000] {logging_mixin.py:190} INFO - [2026-08-03T20:31:32.743+0000] {dag.py:3239} INFO - Sync 1 DAGs
[2026-08-03T20:31:33.381+0000] {processor.py:208} INFO - Processing /opt/airflow/dags/avito_to_raw_midraw.py took 3.470 seconds
[2026-08-03T20:33:44.933+0000] {processor.py:186} INFO - Started process (PID=4142) to work on /opt/airflow/dags/avito_to_raw_midraw.py
[2026-08-03T20:33:44.941+0000] {processor.py:914} INFO - Processing file /opt/airflow/dags/avito_to_raw_midraw.py for tasks to queue
[2026-08-03T20:33:44.959+0000] {logging_mixin.py:190} INFO - [2026-08-03T20:33:44.944+0000] {dagbag.py:588} INFO - Filling up the DagBag from /opt/airflow/dags/avito_to_raw_midraw.py
[2026-08-03T20:33:46.861+0000] {processor.py:925} INFO - DAG(s) 'avito_to_raw_midraw' retrieved from /opt/airflow/dags/avito_to_raw_midraw.py
[2026-08-03T20:33:47.477+0000] {logging_mixin.py:190} INFO - [2026-08-03T20:33:47.476+0000] {dag.py:3239} INFO - Sync 1 DAGs
[2026-08-03T20:33:53.429+0000] {processor.py:208} INFO - Processing /opt/airflow/dags/avito_to_raw_midraw.py took 8.718 seconds
[2026-08-03T20:34:46.993+0000] {processor.py:186} INFO - Started process (PID=4145) to work on /opt/airflow/dags/avito_to_raw_midraw.py
[2026-08-03T20:34:47.263+0000] {processor.py:914} INFO - Processing file /opt/airflow/dags/avito_to_raw_midraw.py for tasks to queue
[2026-08-03T20:34:47.292+0000] {logging_mixin.py:190} INFO - [2026-08-03T20:34:47.267+0000] {dagbag.py:588} INFO - Filling up the DagBag from /opt/airflow/dags/avito_to_raw_midraw.py
[2026-08-03T20:34:47.784+0000] {processor.py:925} INFO - DAG(s) 'avito_to_raw_midraw' retrieved from /opt/airflow/dags/avito_to_raw_midraw.py
[2026-08-03T20:34:48.781+0000] {logging_mixin.py:190} INFO - [2026-08-03T20:34:48.776+0000] {dag.py:3239} INFO - Sync 1 DAGs
[2026-08-03T20:34:54.347+0000] {processor.py:208} INFO - Processing /opt/airflow/dags/avito_to_raw_midraw.py took 7.935 seconds
[2026-08-03T20:35:41.045+0000] {processor.py:186} INFO - Started process (PID=4148) to work on /opt/airflow/dags/avito_to_raw_midraw.py
[2026-08-03T20:35:41.061+0000] {processor.py:914} INFO - Processing file /opt/airflow/dags/avito_to_raw_midraw.py for tasks to queue
[2026-08-03T20:35:41.095+0000] {logging_mixin.py:190} INFO - [2026-08-03T20:35:41.090+0000] {dagbag.py:588} INFO - Filling up the DagBag from /opt/airflow/dags/avito_to_raw_midraw.py
[2026-08-03T20:35:41.360+0000] {processor.py:925} INFO - DAG(s) 'avito_to_raw_midraw' retrieved from /opt/airflow/dags/avito_to_raw_midraw.py
[2026-08-03T20:35:41.706+0000] {logging_mixin.py:190} INFO - [2026-08-03T20:35:41.690+0000] {dag.py:3239} INFO - Sync 1 DAGs
[2026-08-03T20:35:42.455+0000] {processor.py:208} INFO - Processing /opt/airflow/dags/avito_to_raw_midraw.py took 1.480 seconds
[2026-08-03T20:36:51.315+0000] {processor.py:186} INFO - Started process (PID=4151) to work on /opt/airflow/dags/avito_to_raw_midraw.py
[2026-08-03T20:36:51.456+0000] {processor.py:914} INFO - Processing file /opt/airflow/dags/avito_to_raw_midraw.py for tasks to queue
[2026-08-03T20:36:51.495+0000] {logging_mixin.py:190} INFO - [2026-08-03T20:36:51.478+0000] {dagbag.py:588} INFO - Filling up the DagBag from /opt/airflow/dags/avito_to_raw_midraw.py
[2026-08-03T20:36:53.789+0000] {processor.py:925} INFO - DAG(s) 'avito_to_raw_midraw' retrieved from /opt/airflow/dags/avito_to_raw_midraw.py
[2026-08-03T20:36:56.850+0000] {logging_mixin.py:190} INFO - [2026-08-03T20:36:56.829+0000] {dag.py:3239} INFO - Sync 1 DAGs
[2026-08-03T20:36:59.221+0000] {processor.py:208} INFO - Processing /opt/airflow/dags/avito_to_raw_midraw.py took 8.225 seconds
[2026-08-03T20:38:07.420+0000] {processor.py:186} INFO - Started process (PID=4154) to work on /opt/airflow/dags/avito_to_raw_midraw.py
[2026-08-03T20:38:07.588+0000] {processor.py:914} INFO - Processing file /opt/airflow/dags/avito_to_raw_midraw.py for tasks to queue
[2026-08-03T20:38:07.737+0000] {logging_mixin.py:190} INFO - [2026-08-03T20:38:07.711+0000] {dagbag.py:588} INFO - Filling up the DagBag from /opt/airflow/dags/avito_to_raw_midraw.py
[2026-08-03T20:38:08.621+0000] {processor.py:925} INFO - DAG(s) 'avito_to_raw_midraw' retrieved from /opt/airflow/dags/avito_to_raw_midraw.py
[2026-08-03T20:38:11.432+0000] {logging_mixin.py:190} INFO - [2026-08-03T20:38:11.400+0000] {dag.py:3239} INFO - Sync 1 DAGs
[2026-08-03T20:38:14.299+0000] {processor.py:208} INFO - Processing /opt/airflow/dags/avito_to_raw_midraw.py took 7.857 seconds
[2026-08-03T20:39:05.407+0000] {processor.py:186} INFO - Started process (PID=4157) to work on /opt/airflow/dags/avito_to_raw_midraw.py
[2026-08-03T20:39:05.488+0000] {processor.py:914} INFO - Processing file /opt/airflow/dags/avito_to_raw_midraw.py for tasks to queue
[2026-08-03T20:39:05.582+0000] {logging_mixin.py:190} INFO - [2026-08-03T20:39:05.539+0000] {dagbag.py:588} INFO - Filling up the DagBag from /opt/airflow/dags/avito_to_raw_midraw.py
[2026-08-03T20:39:07.595+0000] {processor.py:925} INFO - DAG(s) 'avito_to_raw_midraw' retrieved from /opt/airflow/dags/avito_to_raw_midraw.py
[2026-08-03T20:39:09.388+0000] {logging_mixin.py:190} INFO - [2026-08-03T20:39:09.378+0000] {dag.py:3239} INFO - Sync 1 DAGs
[2026-08-03T20:39:11.982+0000] {processor.py:208} INFO - Processing /opt/airflow/dags/avito_to_raw_midraw.py took 6.935 seconds
[2026-08-03T20:39:42.738+0000] {processor.py:186} INFO - Started process (PID=4160) to work on /opt/airflow/dags/avito_to_raw_midraw.py
[2026-08-03T20:39:42.749+0000] {processor.py:914} INFO - Processing file /opt/airflow/dags/avito_to_raw_midraw.py for tasks to queue
[2026-08-03T20:39:42.756+0000] {logging_mixin.py:190} INFO - [2026-08-03T20:39:42.755+0000] {dagbag.py:588} INFO - Filling up the DagBag from /opt/airflow/dags/avito_to_raw_midraw.py
[2026-08-03T20:39:42.826+0000] {processor.py:925} INFO - DAG(s) 'avito_to_raw_midraw' retrieved from /opt/airflow/dags/avito_to_raw_midraw.py
[2026-08-03T20:39:42.922+0000] {logging_mixin.py:190} INFO - [2026-08-03T20:39:42.922+0000] {dag.py:3239} INFO - Sync 1 DAGs
[2026-08-03T20:39:43.031+0000] {processor.py:208} INFO - Processing /opt/airflow/dags/avito_to_raw_midraw.py took 0.409 seconds
[2026-08-03T20:40:26.737+0000] {processor.py:186} INFO - Started process (PID=4163) to work on /opt/airflow/dags/avito_to_raw_midraw.py
[2026-08-03T20:40:27.140+0000] {processor.py:914} INFO - Processing file /opt/airflow/dags/avito_to_raw_midraw.py for tasks to queue
[2026-08-03T20:40:27.635+0000] {logging_mixin.py:190} INFO - [2026-08-03T20:40:27.633+0000] {dagbag.py:588} INFO - Filling up the DagBag from /opt/airflow/dags/avito_to_raw_midraw.py
[2026-08-03T20:40:29.982+0000] {processor.py:925} INFO - DAG(s) 'avito_to_raw_midraw' retrieved from /opt/airflow/dags/avito_to_raw_midraw.py
[2026-08-03T20:40:35.814+0000] {logging_mixin.py:190} INFO - [2026-08-03T20:40:35.796+0000] {dag.py:3239} INFO - Sync 1 DAGs
[2026-08-03T20:40:39.596+0000] {processor.py:208} INFO - Processing /opt/airflow/dags/avito_to_raw_midraw.py took 13.897 seconds
[2026-08-03T20:41:12.842+0000] {processor.py:186} INFO - Started process (PID=4166) to work on /opt/airflow/dags/avito_to_raw_midraw.py
[2026-08-03T20:41:12.871+0000] {processor.py:914} INFO - Processing file /opt/airflow/dags/avito_to_raw_midraw.py for tasks to queue
[2026-08-03T20:41:12.923+0000] {logging_mixin.py:190} INFO - [2026-08-03T20:41:12.887+0000] {dagbag.py:588} INFO - Filling up the DagBag from /opt/airflow/dags/avito_to_raw_midraw.py
[2026-08-03T20:41:13.378+0000] {processor.py:925} INFO - DAG(s) 'avito_to_raw_midraw' retrieved from /opt/airflow/dags/avito_to_raw_midraw.py
[2026-08-03T20:41:17.435+0000] {logging_mixin.py:190} INFO - [2026-08-03T20:41:17.433+0000] {dag.py:3239} INFO - Sync 1 DAGs
[2026-08-03T20:41:23.703+0000] {processor.py:208} INFO - Processing /opt/airflow/dags/avito_to_raw_midraw.py took 11.140 seconds
[2026-08-03T20:41:56.320+0000] {processor.py:186} INFO - Started process (PID=4169) to work on /opt/airflow/dags/avito_to_raw_midraw.py
[2026-08-03T20:41:56.389+0000] {processor.py:914} INFO - Processing file /opt/airflow/dags/avito_to_raw_midraw.py for tasks to queue
[2026-08-03T20:41:56.581+0000] {logging_mixin.py:190} INFO - [2026-08-03T20:41:56.530+0000] {dagbag.py:588} INFO - Filling up the DagBag from /opt/airflow/dags/avito_to_raw_midraw.py
[2026-08-03T20:41:57.344+0000] {processor.py:925} INFO - DAG(s) 'avito_to_raw_midraw' retrieved from /opt/airflow/dags/avito_to_raw_midraw.py
[2026-08-03T20:41:59.218+0000] {logging_mixin.py:190} INFO - [2026-08-03T20:41:59.195+0000] {dag.py:3239} INFO - Sync 1 DAGs
[2026-08-03T20:42:01.127+0000] {processor.py:208} INFO - Processing /opt/airflow/dags/avito_to_raw_midraw.py took 5.802 seconds
[2026-08-03T20:49:39.000+0000] {processor.py:186} INFO - Started process (PID=41) to work on /opt/airflow/dags/avito_to_raw_midraw.py
[2026-08-03T20:49:39.010+0000] {processor.py:914} INFO - Processing file /opt/airflow/dags/avito_to_raw_midraw.py for tasks to queue
[2026-08-03T20:49:39.028+0000] {logging_mixin.py:190} INFO - [2026-08-03T20:49:39.025+0000] {dagbag.py:588} INFO - Filling up the DagBag from /opt/airflow/dags/avito_to_raw_midraw.py
[2026-08-03T20:49:39.202+0000] {processor.py:925} INFO - DAG(s) 'avito_to_raw_midraw' retrieved from /opt/airflow/dags/avito_to_raw_midraw.py
[2026-08-03T20:49:39.500+0000] {logging_mixin.py:190} INFO - [2026-08-03T20:49:39.500+0000] {dag.py:3239} INFO - Sync 1 DAGs
[2026-08-03T20:49:39.867+0000] {processor.py:208} INFO - Processing /opt/airflow/dags/avito_to_raw_midraw.py took 1.031 seconds
[2026-08-03T20:50:13.732+0000] {processor.py:186} INFO - Started process (PID=44) to work on /opt/airflow/dags/avito_to_raw_midraw.py
[2026-08-03T20:50:13.770+0000] {processor.py:914} INFO - Processing file /opt/airflow/dags/avito_to_raw_midraw.py for tasks to queue
[2026-08-03T20:50:13.806+0000] {logging_mixin.py:190} INFO - [2026-08-03T20:50:13.798+0000] {dagbag.py:588} INFO - Filling up the DagBag from /opt/airflow/dags/avito_to_raw_midraw.py
[2026-08-03T20:50:13.913+0000] {processor.py:925} INFO - DAG(s) 'avito_to_raw_midraw' retrieved from /opt/airflow/dags/avito_to_raw_midraw.py
[2026-08-03T20:50:14.631+0000] {logging_mixin.py:190} INFO - [2026-08-03T20:50:14.617+0000] {dag.py:3239} INFO - Sync 1 DAGs
[2026-08-03T20:50:15.133+0000] {processor.py:208} INFO - Processing /opt/airflow/dags/avito_to_raw_midraw.py took 1.449 seconds
[2026-08-03T21:08:11.226+0000] {processor.py:186} INFO - Started process (PID=47) to work on /opt/airflow/dags/avito_to_raw_midraw.py
[2026-08-03T21:08:11.227+0000] {processor.py:914} INFO - Processing file /opt/airflow/dags/avito_to_raw_midraw.py for tasks to queue
[2026-08-03T21:08:11.231+0000] {logging_mixin.py:190} INFO - [2026-08-03T21:08:11.231+0000] {dagbag.py:588} INFO - Filling up the DagBag from /opt/airflow/dags/avito_to_raw_midraw.py
[2026-08-03T21:08:11.259+0000] {processor.py:925} INFO - DAG(s) 'avito_to_raw_midraw' retrieved from /opt/airflow/dags/avito_to_raw_midraw.py
[2026-08-03T21:08:11.319+0000] {logging_mixin.py:190} INFO - [2026-08-03T21:08:11.319+0000] {dag.py:3239} INFO - Sync 1 DAGs
[2026-08-03T21:08:11.378+0000] {processor.py:208} INFO - Processing /opt/airflow/dags/avito_to_raw_midraw.py took 0.165 seconds
[2026-08-03T21:08:13.460+0000] {processor.py:186} INFO - Started process (PID=48) to work on /opt/airflow/dags/avito_to_raw_midraw.py
[2026-08-03T21:08:13.462+0000] {processor.py:914} INFO - Processing file /opt/airflow/dags/avito_to_raw_midraw.py for tasks to queue
[2026-08-03T21:08:13.466+0000] {logging_mixin.py:190} INFO - [2026-08-03T21:08:13.465+0000] {dagbag.py:588} INFO - Filling up the DagBag from /opt/airflow/dags/avito_to_raw_midraw.py
[2026-08-03T21:08:13.492+0000] {processor.py:925} INFO - DAG(s) 'avito_to_raw_midraw' retrieved from /opt/airflow/dags/avito_to_raw_midraw.py
[2026-08-03T21:08:13.518+0000] {logging_mixin.py:190} INFO - [2026-08-03T21:08:13.517+0000] {taskinstance.py:3315} ERROR - {'DAG Id': 'avito_to_raw_midraw', 'Task Id': 'dbt_build_midraw', 'Run Id': 'scheduled__2026-08-03T18:00:00+00:00', 'Hostname': '4c6dd7d943f5', 'External Executor Id': 'd2b0e569-8037-4b0b-9026-68a2479d8e6c'}
[2026-08-03T21:08:13.543+0000] {logging_mixin.py:190} INFO - [2026-08-03T21:08:13.543+0000] {taskinstance.py:1226} INFO - Marking task as FAILED. dag_id=avito_to_raw_midraw, task_id=dbt_build_midraw, run_id=scheduled__2026-08-03T18:00:00+00:00, execution_date=20260803T180000, start_date=20260803T194107, end_date=20260803T210813
[2026-08-03T21:08:13.562+0000] {logging_mixin.py:190} INFO - [2026-08-03T21:08:13.561+0000] {processor.py:876} INFO - Executed callback for <TaskInstance: avito_to_raw_midraw.dbt_build_midraw scheduled__2026-08-03T18:00:00+00:00 [failed]> in state failed
[2026-08-03T21:08:13.578+0000] {logging_mixin.py:190} INFO - [2026-08-03T21:08:13.578+0000] {dag.py:3239} INFO - Sync 1 DAGs
[2026-08-03T21:08:13.607+0000] {processor.py:208} INFO - Processing /opt/airflow/dags/avito_to_raw_midraw.py took 0.156 seconds
[2026-08-03T21:24:42.743+0000] {processor.py:186} INFO - Started process (PID=52) to work on /opt/airflow/dags/avito_to_raw_midraw.py
[2026-08-03T21:24:42.746+0000] {processor.py:914} INFO - Processing file /opt/airflow/dags/avito_to_raw_midraw.py for tasks to queue
[2026-08-03T21:24:42.748+0000] {logging_mixin.py:190} INFO - [2026-08-03T21:24:42.748+0000] {dagbag.py:588} INFO - Filling up the DagBag from /opt/airflow/dags/avito_to_raw_midraw.py
[2026-08-03T21:24:42.763+0000] {processor.py:925} INFO - DAG(s) 'avito_to_raw_midraw' retrieved from /opt/airflow/dags/avito_to_raw_midraw.py
[2026-08-03T21:24:42.789+0000] {logging_mixin.py:190} INFO - [2026-08-03T21:24:42.789+0000] {dag.py:3239} INFO - Sync 1 DAGs
[2026-08-03T21:24:42.818+0000] {processor.py:208} INFO - Processing /opt/airflow/dags/avito_to_raw_midraw.py took 0.083 seconds
[2026-08-03T21:42:29.393+0000] {processor.py:186} INFO - Started process (PID=55) to work on /opt/airflow/dags/avito_to_raw_midraw.py
[2026-08-03T21:42:29.394+0000] {processor.py:914} INFO - Processing file /opt/airflow/dags/avito_to_raw_midraw.py for tasks to queue
[2026-08-03T21:42:29.396+0000] {logging_mixin.py:190} INFO - [2026-08-03T21:42:29.396+0000] {dagbag.py:588} INFO - Filling up the DagBag from /opt/airflow/dags/avito_to_raw_midraw.py
[2026-08-03T21:42:29.407+0000] {processor.py:925} INFO - DAG(s) 'avito_to_raw_midraw' retrieved from /opt/airflow/dags/avito_to_raw_midraw.py
[2026-08-03T21:42:29.429+0000] {logging_mixin.py:190} INFO - [2026-08-03T21:42:29.429+0000] {dag.py:3239} INFO - Sync 1 DAGs
[2026-08-03T21:42:29.456+0000] {processor.py:208} INFO - Processing /opt/airflow/dags/avito_to_raw_midraw.py took 0.066 seconds
[2026-08-03T21:57:59.575+0000] {processor.py:186} INFO - Started process (PID=58) to work on /opt/airflow/dags/avito_to_raw_midraw.py
[2026-08-03T21:57:59.578+0000] {processor.py:914} INFO - Processing file /opt/airflow/dags/avito_to_raw_midraw.py for tasks to queue
[2026-08-03T21:57:59.581+0000] {logging_mixin.py:190} INFO - [2026-08-03T21:57:59.581+0000] {dagbag.py:588} INFO - Filling up the DagBag from /opt/airflow/dags/avito_to_raw_midraw.py
[2026-08-03T21:57:59.599+0000] {processor.py:925} INFO - DAG(s) 'avito_to_raw_midraw' retrieved from /opt/airflow/dags/avito_to_raw_midraw.py
[2026-08-03T21:57:59.632+0000] {logging_mixin.py:190} INFO - [2026-08-03T21:57:59.632+0000] {dag.py:3239} INFO - Sync 1 DAGs
[2026-08-03T21:57:59.665+0000] {processor.py:208} INFO - Processing /opt/airflow/dags/avito_to_raw_midraw.py took 0.097 seconds
[2026-08-03T22:15:22.091+0000] {processor.py:186} INFO - Started process (PID=61) to work on /opt/airflow/dags/avito_to_raw_midraw.py
[2026-08-03T22:15:22.092+0000] {processor.py:914} INFO - Processing file /opt/airflow/dags/avito_to_raw_midraw.py for tasks to queue
[2026-08-03T22:15:22.094+0000] {logging_mixin.py:190} INFO - [2026-08-03T22:15:22.093+0000] {dagbag.py:588} INFO - Filling up the DagBag from /opt/airflow/dags/avito_to_raw_midraw.py
[2026-08-03T22:15:22.104+0000] {processor.py:925} INFO - DAG(s) 'avito_to_raw_midraw' retrieved from /opt/airflow/dags/avito_to_raw_midraw.py
[2026-08-03T22:15:22.124+0000] {logging_mixin.py:190} INFO - [2026-08-03T22:15:22.124+0000] {dag.py:3239} INFO - Sync 1 DAGs
[2026-08-03T22:15:22.145+0000] {processor.py:208} INFO - Processing /opt/airflow/dags/avito_to_raw_midraw.py took 0.061 seconds
[2026-08-03T22:33:33.917+0000] {processor.py:186} INFO - Started process (PID=64) to work on /opt/airflow/dags/avito_to_raw_midraw.py
[2026-08-03T22:33:33.917+0000] {processor.py:914} INFO - Processing file /opt/airflow/dags/avito_to_raw_midraw.py for tasks to queue
[2026-08-03T22:33:33.919+0000] {logging_mixin.py:190} INFO - [2026-08-03T22:33:33.919+0000] {dagbag.py:588} INFO - Filling up the DagBag from /opt/airflow/dags/avito_to_raw_midraw.py
[2026-08-03T22:33:33.931+0000] {processor.py:925} INFO - DAG(s) 'avito_to_raw_midraw' retrieved from /opt/airflow/dags/avito_to_raw_midraw.py
[2026-08-03T22:33:33.946+0000] {logging_mixin.py:190} INFO - [2026-08-03T22:33:33.946+0000] {dag.py:3239} INFO - Sync 1 DAGs
[2026-08-03T22:33:33.976+0000] {processor.py:208} INFO - Processing /opt/airflow/dags/avito_to_raw_midraw.py took 0.069 seconds
[2026-08-03T22:33:37.539+0000] {processor.py:186} INFO - Started process (PID=65) to work on /opt/airflow/dags/avito_to_raw_midraw.py
[2026-08-03T22:33:37.540+0000] {processor.py:914} INFO - Processing file /opt/airflow/dags/avito_to_raw_midraw.py for tasks to queue
[2026-08-03T22:33:37.542+0000] {logging_mixin.py:190} INFO - [2026-08-03T22:33:37.542+0000] {dagbag.py:588} INFO - Filling up the DagBag from /opt/airflow/dags/avito_to_raw_midraw.py
[2026-08-03T22:33:37.557+0000] {processor.py:925} INFO - DAG(s) 'avito_to_raw_midraw' retrieved from /opt/airflow/dags/avito_to_raw_midraw.py
[2026-08-03T22:33:37.579+0000] {logging_mixin.py:190} INFO - [2026-08-03T22:33:37.579+0000] {taskinstance.py:3315} ERROR - {'DAG Id': 'avito_to_raw_midraw', 'Task Id': 'dbt_build_midraw', 'Run Id': 'scheduled__2026-08-03T20:00:00+00:00', 'Hostname': '4c6dd7d943f5', 'External Executor Id': 'd0e7d9ab-c370-42cf-bfd3-8b59d9a53b29'}
[2026-08-03T22:33:37.596+0000] {logging_mixin.py:190} INFO - [2026-08-03T22:33:37.595+0000] {taskinstance.py:1226} INFO - Marking task as UP_FOR_RETRY. dag_id=avito_to_raw_midraw, task_id=dbt_build_midraw, run_id=scheduled__2026-08-03T20:00:00+00:00, execution_date=20260803T200000, start_date=20260803T210822, end_date=20260803T223337
[2026-08-03T22:33:37.611+0000] {logging_mixin.py:190} INFO - [2026-08-03T22:33:37.611+0000] {processor.py:876} INFO - Executed callback for <TaskInstance: avito_to_raw_midraw.dbt_build_midraw scheduled__2026-08-03T20:00:00+00:00 [up_for_retry]> in state up_for_retry
[2026-08-03T22:33:37.620+0000] {logging_mixin.py:190} INFO - [2026-08-03T22:33:37.620+0000] {dag.py:3239} INFO - Sync 1 DAGs
[2026-08-03T22:33:37.636+0000] {processor.py:208} INFO - Processing /opt/airflow/dags/avito_to_raw_midraw.py took 0.104 seconds
[2026-08-03T22:50:16.653+0000] {processor.py:186} INFO - Started process (PID=68) to work on /opt/airflow/dags/avito_to_raw_midraw.py
[2026-08-03T22:50:16.655+0000] {processor.py:914} INFO - Processing file /opt/airflow/dags/avito_to_raw_midraw.py for tasks to queue
[2026-08-03T22:50:16.657+0000] {logging_mixin.py:190} INFO - [2026-08-03T22:50:16.657+0000] {dagbag.py:588} INFO - Filling up the DagBag from /opt/airflow/dags/avito_to_raw_midraw.py
[2026-08-03T22:50:16.671+0000] {processor.py:925} INFO - DAG(s) 'avito_to_raw_midraw' retrieved from /opt/airflow/dags/avito_to_raw_midraw.py
[2026-08-03T22:50:16.693+0000] {logging_mixin.py:190} INFO - [2026-08-03T22:50:16.693+0000] {dag.py:3239} INFO - Sync 1 DAGs
[2026-08-03T22:50:16.720+0000] {processor.py:208} INFO - Processing /opt/airflow/dags/avito_to_raw_midraw.py took 0.072 seconds
[2026-08-03T23:09:07.312+0000] {processor.py:186} INFO - Started process (PID=71) to work on /opt/airflow/dags/avito_to_raw_midraw.py
[2026-08-03T23:09:07.314+0000] {processor.py:914} INFO - Processing file /opt/airflow/dags/avito_to_raw_midraw.py for tasks to queue
[2026-08-03T23:09:07.316+0000] {logging_mixin.py:190} INFO - [2026-08-03T23:09:07.316+0000] {dagbag.py:588} INFO - Filling up the DagBag from /opt/airflow/dags/avito_to_raw_midraw.py
[2026-08-03T23:09:07.328+0000] {processor.py:925} INFO - DAG(s) 'avito_to_raw_midraw' retrieved from /opt/airflow/dags/avito_to_raw_midraw.py
[2026-08-03T23:09:07.346+0000] {logging_mixin.py:190} INFO - [2026-08-03T23:09:07.346+0000] {dag.py:3239} INFO - Sync 1 DAGs
[2026-08-03T23:09:07.370+0000] {processor.py:208} INFO - Processing /opt/airflow/dags/avito_to_raw_midraw.py took 0.063 seconds
[2026-08-03T23:24:54.624+0000] {processor.py:186} INFO - Started process (PID=74) to work on /opt/airflow/dags/avito_to_raw_midraw.py
[2026-08-03T23:24:54.625+0000] {processor.py:914} INFO - Processing file /opt/airflow/dags/avito_to_raw_midraw.py for tasks to queue
[2026-08-03T23:24:54.626+0000] {logging_mixin.py:190} INFO - [2026-08-03T23:24:54.626+0000] {dagbag.py:588} INFO - Filling up the DagBag from /opt/airflow/dags/avito_to_raw_midraw.py
[2026-08-03T23:24:54.635+0000] {processor.py:925} INFO - DAG(s) 'avito_to_raw_midraw' retrieved from /opt/airflow/dags/avito_to_raw_midraw.py
[2026-08-03T23:24:54.651+0000] {logging_mixin.py:190} INFO - [2026-08-03T23:24:54.651+0000] {dag.py:3239} INFO - Sync 1 DAGs
[2026-08-03T23:24:54.670+0000] {processor.py:208} INFO - Processing /opt/airflow/dags/avito_to_raw_midraw.py took 0.051 seconds
[2026-08-03T23:25:25.137+0000] {processor.py:186} INFO - Started process (PID=77) to work on /opt/airflow/dags/avito_to_raw_midraw.py
[2026-08-03T23:25:25.138+0000] {processor.py:914} INFO - Processing file /opt/airflow/dags/avito_to_raw_midraw.py for tasks to queue
[2026-08-03T23:25:25.140+0000] {logging_mixin.py:190} INFO - [2026-08-03T23:25:25.139+0000] {dagbag.py:588} INFO - Filling up the DagBag from /opt/airflow/dags/avito_to_raw_midraw.py
[2026-08-03T23:25:25.150+0000] {processor.py:925} INFO - DAG(s) 'avito_to_raw_midraw' retrieved from /opt/airflow/dags/avito_to_raw_midraw.py
[2026-08-03T23:25:25.167+0000] {logging_mixin.py:190} INFO - [2026-08-03T23:25:25.167+0000] {dag.py:3239} INFO - Sync 1 DAGs
[2026-08-03T23:25:25.187+0000] {processor.py:208} INFO - Processing /opt/airflow/dags/avito_to_raw_midraw.py took 0.055 seconds
[2026-08-03T23:52:27.470+0000] {processor.py:186} INFO - Started process (PID=80) to work on /opt/airflow/dags/avito_to_raw_midraw.py
[2026-08-03T23:52:27.470+0000] {processor.py:914} INFO - Processing file /opt/airflow/dags/avito_to_raw_midraw.py for tasks to queue
[2026-08-03T23:52:27.473+0000] {logging_mixin.py:190} INFO - [2026-08-03T23:52:27.472+0000] {dagbag.py:588} INFO - Filling up the DagBag from /opt/airflow/dags/avito_to_raw_midraw.py
[2026-08-03T23:52:27.483+0000] {processor.py:925} INFO - DAG(s) 'avito_to_raw_midraw' retrieved from /opt/airflow/dags/avito_to_raw_midraw.py
[2026-08-03T23:52:27.541+0000] {logging_mixin.py:190} INFO - [2026-08-03T23:52:27.540+0000] {dag.py:3239} INFO - Sync 1 DAGs
[2026-08-03T23:52:27.560+0000] {processor.py:208} INFO - Processing /opt/airflow/dags/avito_to_raw_midraw.py took 0.096 seconds
[2026-08-03T23:52:57.831+0000] {processor.py:186} INFO - Started process (PID=83) to work on /opt/airflow/dags/avito_to_raw_midraw.py
[2026-08-03T23:52:57.832+0000] {processor.py:914} INFO - Processing file /opt/airflow/dags/avito_to_raw_midraw.py for tasks to queue
[2026-08-03T23:52:57.834+0000] {logging_mixin.py:190} INFO - [2026-08-03T23:52:57.834+0000] {dagbag.py:588} INFO - Filling up the DagBag from /opt/airflow/dags/avito_to_raw_midraw.py
[2026-08-03T23:52:57.846+0000] {processor.py:925} INFO - DAG(s) 'avito_to_raw_midraw' retrieved from /opt/airflow/dags/avito_to_raw_midraw.py
[2026-08-03T23:52:57.867+0000] {logging_mixin.py:190} INFO - [2026-08-03T23:52:57.867+0000] {dag.py:3239} INFO - Sync 1 DAGs
[2026-08-03T23:52:57.887+0000] {processor.py:208} INFO - Processing /opt/airflow/dags/avito_to_raw_midraw.py took 0.060 seconds
