[2026-06-30T00:14:29.062+0000] {processor.py:186} INFO - Started process (PID=25219) to work on /opt/airflow/dags/ingest_avito_to_raw.py
[2026-06-30T00:14:29.062+0000] {processor.py:914} INFO - Processing file /opt/airflow/dags/ingest_avito_to_raw.py for tasks to queue
[2026-06-30T00:14:29.063+0000] {logging_mixin.py:190} INFO - [2026-06-30T00:14:29.063+0000] {dagbag.py:588} INFO - Filling up the DagBag from /opt/airflow/dags/ingest_avito_to_raw.py
[2026-06-30T00:14:29.067+0000] {processor.py:925} INFO - DAG(s) 'ingest_avito_to_raw' retrieved from /opt/airflow/dags/ingest_avito_to_raw.py
[2026-06-30T00:14:29.083+0000] {logging_mixin.py:190} INFO - [2026-06-30T00:14:29.083+0000] {dag.py:3239} INFO - Sync 1 DAGs
[2026-06-30T00:14:29.093+0000] {logging_mixin.py:190} INFO - [2026-06-30T00:14:29.093+0000] {dag.py:4180} INFO - Setting next_dagrun for ingest_avito_to_raw to 2026-06-30 00:00:00+00:00, run_after=2026-06-30 01:00:00+00:00
[2026-06-30T00:14:29.102+0000] {processor.py:208} INFO - Processing /opt/airflow/dags/ingest_avito_to_raw.py took 0.044 seconds
[2026-06-30T00:14:59.482+0000] {processor.py:186} INFO - Started process (PID=25229) to work on /opt/airflow/dags/ingest_avito_to_raw.py
[2026-06-30T00:14:59.482+0000] {processor.py:914} INFO - Processing file /opt/airflow/dags/ingest_avito_to_raw.py for tasks to queue
[2026-06-30T00:14:59.483+0000] {logging_mixin.py:190} INFO - [2026-06-30T00:14:59.483+0000] {dagbag.py:588} INFO - Filling up the DagBag from /opt/airflow/dags/ingest_avito_to_raw.py
[2026-06-30T00:14:59.488+0000] {processor.py:925} INFO - DAG(s) 'ingest_avito_to_raw' retrieved from /opt/airflow/dags/ingest_avito_to_raw.py
[2026-06-30T00:14:59.506+0000] {logging_mixin.py:190} INFO - [2026-06-30T00:14:59.505+0000] {dag.py:3239} INFO - Sync 1 DAGs
[2026-06-30T00:14:59.517+0000] {logging_mixin.py:190} INFO - [2026-06-30T00:14:59.517+0000] {dag.py:4180} INFO - Setting next_dagrun for ingest_avito_to_raw to 2026-06-30 00:00:00+00:00, run_after=2026-06-30 01:00:00+00:00
[2026-06-30T00:14:59.524+0000] {processor.py:208} INFO - Processing /opt/airflow/dags/ingest_avito_to_raw.py took 0.047 seconds
[2026-06-30T00:31:05.887+0000] {processor.py:186} INFO - Started process (PID=25239) to work on /opt/airflow/dags/ingest_avito_to_raw.py
[2026-06-30T00:31:05.887+0000] {processor.py:914} INFO - Processing file /opt/airflow/dags/ingest_avito_to_raw.py for tasks to queue
[2026-06-30T00:31:05.888+0000] {logging_mixin.py:190} INFO - [2026-06-30T00:31:05.888+0000] {dagbag.py:588} INFO - Filling up the DagBag from /opt/airflow/dags/ingest_avito_to_raw.py
[2026-06-30T00:31:05.892+0000] {processor.py:925} INFO - DAG(s) 'ingest_avito_to_raw' retrieved from /opt/airflow/dags/ingest_avito_to_raw.py
[2026-06-30T00:31:05.908+0000] {logging_mixin.py:190} INFO - [2026-06-30T00:31:05.908+0000] {dag.py:3239} INFO - Sync 1 DAGs
[2026-06-30T00:31:05.919+0000] {logging_mixin.py:190} INFO - [2026-06-30T00:31:05.919+0000] {dag.py:4180} INFO - Setting next_dagrun for ingest_avito_to_raw to 2026-06-30 00:00:00+00:00, run_after=2026-06-30 01:00:00+00:00
[2026-06-30T00:31:05.927+0000] {processor.py:208} INFO - Processing /opt/airflow/dags/ingest_avito_to_raw.py took 0.044 seconds
[2026-06-30T00:31:36.303+0000] {processor.py:186} INFO - Started process (PID=25249) to work on /opt/airflow/dags/ingest_avito_to_raw.py
[2026-06-30T00:31:36.304+0000] {processor.py:914} INFO - Processing file /opt/airflow/dags/ingest_avito_to_raw.py for tasks to queue
[2026-06-30T00:31:36.305+0000] {logging_mixin.py:190} INFO - [2026-06-30T00:31:36.305+0000] {dagbag.py:588} INFO - Filling up the DagBag from /opt/airflow/dags/ingest_avito_to_raw.py
[2026-06-30T00:31:36.309+0000] {processor.py:925} INFO - DAG(s) 'ingest_avito_to_raw' retrieved from /opt/airflow/dags/ingest_avito_to_raw.py
[2026-06-30T00:31:36.330+0000] {logging_mixin.py:190} INFO - [2026-06-30T00:31:36.329+0000] {dag.py:3239} INFO - Sync 1 DAGs
[2026-06-30T00:31:36.341+0000] {logging_mixin.py:190} INFO - [2026-06-30T00:31:36.341+0000] {dag.py:4180} INFO - Setting next_dagrun for ingest_avito_to_raw to 2026-06-30 00:00:00+00:00, run_after=2026-06-30 01:00:00+00:00
[2026-06-30T00:31:36.350+0000] {processor.py:208} INFO - Processing /opt/airflow/dags/ingest_avito_to_raw.py took 0.051 seconds
[2026-06-30T00:40:51.781+0000] {processor.py:186} INFO - Started process (PID=25259) to work on /opt/airflow/dags/ingest_avito_to_raw.py
[2026-06-30T00:40:51.781+0000] {processor.py:914} INFO - Processing file /opt/airflow/dags/ingest_avito_to_raw.py for tasks to queue
[2026-06-30T00:40:51.782+0000] {logging_mixin.py:190} INFO - [2026-06-30T00:40:51.782+0000] {dagbag.py:588} INFO - Filling up the DagBag from /opt/airflow/dags/ingest_avito_to_raw.py
[2026-06-30T00:40:51.786+0000] {processor.py:925} INFO - DAG(s) 'ingest_avito_to_raw' retrieved from /opt/airflow/dags/ingest_avito_to_raw.py
[2026-06-30T00:40:51.800+0000] {logging_mixin.py:190} INFO - [2026-06-30T00:40:51.800+0000] {dag.py:3239} INFO - Sync 1 DAGs
[2026-06-30T00:40:51.809+0000] {logging_mixin.py:190} INFO - [2026-06-30T00:40:51.809+0000] {dag.py:4180} INFO - Setting next_dagrun for ingest_avito_to_raw to 2026-06-30 00:00:00+00:00, run_after=2026-06-30 01:00:00+00:00
[2026-06-30T00:40:51.818+0000] {processor.py:208} INFO - Processing /opt/airflow/dags/ingest_avito_to_raw.py took 0.041 seconds
[2026-06-30T00:58:26.323+0000] {processor.py:186} INFO - Started process (PID=25269) to work on /opt/airflow/dags/ingest_avito_to_raw.py
[2026-06-30T00:58:26.323+0000] {processor.py:914} INFO - Processing file /opt/airflow/dags/ingest_avito_to_raw.py for tasks to queue
[2026-06-30T00:58:26.324+0000] {logging_mixin.py:190} INFO - [2026-06-30T00:58:26.324+0000] {dagbag.py:588} INFO - Filling up the DagBag from /opt/airflow/dags/ingest_avito_to_raw.py
[2026-06-30T00:58:26.328+0000] {processor.py:925} INFO - DAG(s) 'ingest_avito_to_raw' retrieved from /opt/airflow/dags/ingest_avito_to_raw.py
[2026-06-30T00:58:26.344+0000] {logging_mixin.py:190} INFO - [2026-06-30T00:58:26.344+0000] {dag.py:3239} INFO - Sync 1 DAGs
[2026-06-30T00:58:26.353+0000] {logging_mixin.py:190} INFO - [2026-06-30T00:58:26.353+0000] {dag.py:4180} INFO - Setting next_dagrun for ingest_avito_to_raw to 2026-06-30 00:00:00+00:00, run_after=2026-06-30 01:00:00+00:00
[2026-06-30T00:58:26.361+0000] {processor.py:208} INFO - Processing /opt/airflow/dags/ingest_avito_to_raw.py took 0.042 seconds
[2026-06-30T00:58:56.732+0000] {processor.py:186} INFO - Started process (PID=25279) to work on /opt/airflow/dags/ingest_avito_to_raw.py
[2026-06-30T00:58:56.733+0000] {processor.py:914} INFO - Processing file /opt/airflow/dags/ingest_avito_to_raw.py for tasks to queue
[2026-06-30T00:58:56.733+0000] {logging_mixin.py:190} INFO - [2026-06-30T00:58:56.733+0000] {dagbag.py:588} INFO - Filling up the DagBag from /opt/airflow/dags/ingest_avito_to_raw.py
[2026-06-30T00:58:56.738+0000] {processor.py:925} INFO - DAG(s) 'ingest_avito_to_raw' retrieved from /opt/airflow/dags/ingest_avito_to_raw.py
[2026-06-30T00:58:56.755+0000] {logging_mixin.py:190} INFO - [2026-06-30T00:58:56.755+0000] {dag.py:3239} INFO - Sync 1 DAGs
[2026-06-30T00:58:56.764+0000] {logging_mixin.py:190} INFO - [2026-06-30T00:58:56.764+0000] {dag.py:4180} INFO - Setting next_dagrun for ingest_avito_to_raw to 2026-06-30 00:00:00+00:00, run_after=2026-06-30 01:00:00+00:00
[2026-06-30T00:58:56.772+0000] {processor.py:208} INFO - Processing /opt/airflow/dags/ingest_avito_to_raw.py took 0.045 seconds
[2026-06-30T01:15:05.207+0000] {processor.py:186} INFO - Started process (PID=25289) to work on /opt/airflow/dags/ingest_avito_to_raw.py
[2026-06-30T01:15:05.208+0000] {processor.py:914} INFO - Processing file /opt/airflow/dags/ingest_avito_to_raw.py for tasks to queue
[2026-06-30T01:15:05.208+0000] {logging_mixin.py:190} INFO - [2026-06-30T01:15:05.208+0000] {dagbag.py:588} INFO - Filling up the DagBag from /opt/airflow/dags/ingest_avito_to_raw.py
[2026-06-30T01:15:05.212+0000] {processor.py:925} INFO - DAG(s) 'ingest_avito_to_raw' retrieved from /opt/airflow/dags/ingest_avito_to_raw.py
[2026-06-30T01:15:05.228+0000] {logging_mixin.py:190} INFO - [2026-06-30T01:15:05.228+0000] {dag.py:3239} INFO - Sync 1 DAGs
[2026-06-30T01:15:05.239+0000] {logging_mixin.py:190} INFO - [2026-06-30T01:15:05.239+0000] {dag.py:4180} INFO - Setting next_dagrun for ingest_avito_to_raw to 2026-06-30 01:00:00+00:00, run_after=2026-06-30 02:00:00+00:00
[2026-06-30T01:15:05.245+0000] {processor.py:208} INFO - Processing /opt/airflow/dags/ingest_avito_to_raw.py took 0.042 seconds
[2026-06-30T01:15:35.606+0000] {processor.py:186} INFO - Started process (PID=25302) to work on /opt/airflow/dags/ingest_avito_to_raw.py
[2026-06-30T01:15:35.606+0000] {processor.py:914} INFO - Processing file /opt/airflow/dags/ingest_avito_to_raw.py for tasks to queue
[2026-06-30T01:15:35.607+0000] {logging_mixin.py:190} INFO - [2026-06-30T01:15:35.607+0000] {dagbag.py:588} INFO - Filling up the DagBag from /opt/airflow/dags/ingest_avito_to_raw.py
[2026-06-30T01:15:35.611+0000] {processor.py:925} INFO - DAG(s) 'ingest_avito_to_raw' retrieved from /opt/airflow/dags/ingest_avito_to_raw.py
[2026-06-30T01:15:35.627+0000] {logging_mixin.py:190} INFO - [2026-06-30T01:15:35.627+0000] {dag.py:3239} INFO - Sync 1 DAGs
[2026-06-30T01:15:35.636+0000] {logging_mixin.py:190} INFO - [2026-06-30T01:15:35.636+0000] {dag.py:4180} INFO - Setting next_dagrun for ingest_avito_to_raw to 2026-06-30 01:00:00+00:00, run_after=2026-06-30 02:00:00+00:00
[2026-06-30T01:15:35.644+0000] {processor.py:208} INFO - Processing /opt/airflow/dags/ingest_avito_to_raw.py took 0.043 seconds
[2026-06-30T01:33:08.063+0000] {processor.py:186} INFO - Started process (PID=25312) to work on /opt/airflow/dags/ingest_avito_to_raw.py
[2026-06-30T01:33:08.064+0000] {processor.py:914} INFO - Processing file /opt/airflow/dags/ingest_avito_to_raw.py for tasks to queue
[2026-06-30T01:33:08.065+0000] {logging_mixin.py:190} INFO - [2026-06-30T01:33:08.065+0000] {dagbag.py:588} INFO - Filling up the DagBag from /opt/airflow/dags/ingest_avito_to_raw.py
[2026-06-30T01:33:08.070+0000] {processor.py:925} INFO - DAG(s) 'ingest_avito_to_raw' retrieved from /opt/airflow/dags/ingest_avito_to_raw.py
[2026-06-30T01:33:08.085+0000] {logging_mixin.py:190} INFO - [2026-06-30T01:33:08.085+0000] {dag.py:3239} INFO - Sync 1 DAGs
[2026-06-30T01:33:08.093+0000] {logging_mixin.py:190} INFO - [2026-06-30T01:33:08.093+0000] {dag.py:4180} INFO - Setting next_dagrun for ingest_avito_to_raw to 2026-06-30 01:00:00+00:00, run_after=2026-06-30 02:00:00+00:00
[2026-06-30T01:33:08.101+0000] {processor.py:208} INFO - Processing /opt/airflow/dags/ingest_avito_to_raw.py took 0.042 seconds
[2026-06-30T01:33:38.459+0000] {processor.py:186} INFO - Started process (PID=25322) to work on /opt/airflow/dags/ingest_avito_to_raw.py
[2026-06-30T01:33:38.459+0000] {processor.py:914} INFO - Processing file /opt/airflow/dags/ingest_avito_to_raw.py for tasks to queue
[2026-06-30T01:33:38.460+0000] {logging_mixin.py:190} INFO - [2026-06-30T01:33:38.460+0000] {dagbag.py:588} INFO - Filling up the DagBag from /opt/airflow/dags/ingest_avito_to_raw.py
[2026-06-30T01:33:38.464+0000] {processor.py:925} INFO - DAG(s) 'ingest_avito_to_raw' retrieved from /opt/airflow/dags/ingest_avito_to_raw.py
[2026-06-30T01:33:38.479+0000] {logging_mixin.py:190} INFO - [2026-06-30T01:33:38.479+0000] {dag.py:3239} INFO - Sync 1 DAGs
[2026-06-30T01:33:38.488+0000] {logging_mixin.py:190} INFO - [2026-06-30T01:33:38.488+0000] {dag.py:4180} INFO - Setting next_dagrun for ingest_avito_to_raw to 2026-06-30 01:00:00+00:00, run_after=2026-06-30 02:00:00+00:00
[2026-06-30T01:33:38.496+0000] {processor.py:208} INFO - Processing /opt/airflow/dags/ingest_avito_to_raw.py took 0.042 seconds
[2026-06-30T01:41:54.894+0000] {processor.py:186} INFO - Started process (PID=25332) to work on /opt/airflow/dags/ingest_avito_to_raw.py
[2026-06-30T01:41:54.895+0000] {processor.py:914} INFO - Processing file /opt/airflow/dags/ingest_avito_to_raw.py for tasks to queue
[2026-06-30T01:41:54.895+0000] {logging_mixin.py:190} INFO - [2026-06-30T01:41:54.895+0000] {dagbag.py:588} INFO - Filling up the DagBag from /opt/airflow/dags/ingest_avito_to_raw.py
[2026-06-30T01:41:54.899+0000] {processor.py:925} INFO - DAG(s) 'ingest_avito_to_raw' retrieved from /opt/airflow/dags/ingest_avito_to_raw.py
[2026-06-30T01:41:54.917+0000] {logging_mixin.py:190} INFO - [2026-06-30T01:41:54.917+0000] {dag.py:3239} INFO - Sync 1 DAGs
[2026-06-30T01:41:54.928+0000] {logging_mixin.py:190} INFO - [2026-06-30T01:41:54.928+0000] {dag.py:4180} INFO - Setting next_dagrun for ingest_avito_to_raw to 2026-06-30 01:00:00+00:00, run_after=2026-06-30 02:00:00+00:00
[2026-06-30T01:41:54.936+0000] {processor.py:208} INFO - Processing /opt/airflow/dags/ingest_avito_to_raw.py took 0.045 seconds
[2026-06-30T01:57:31.246+0000] {processor.py:186} INFO - Started process (PID=25342) to work on /opt/airflow/dags/ingest_avito_to_raw.py
[2026-06-30T01:57:31.247+0000] {processor.py:914} INFO - Processing file /opt/airflow/dags/ingest_avito_to_raw.py for tasks to queue
[2026-06-30T01:57:31.247+0000] {logging_mixin.py:190} INFO - [2026-06-30T01:57:31.247+0000] {dagbag.py:588} INFO - Filling up the DagBag from /opt/airflow/dags/ingest_avito_to_raw.py
[2026-06-30T01:57:31.251+0000] {processor.py:925} INFO - DAG(s) 'ingest_avito_to_raw' retrieved from /opt/airflow/dags/ingest_avito_to_raw.py
[2026-06-30T01:57:31.268+0000] {logging_mixin.py:190} INFO - [2026-06-30T01:57:31.268+0000] {dag.py:3239} INFO - Sync 1 DAGs
[2026-06-30T01:57:31.277+0000] {logging_mixin.py:190} INFO - [2026-06-30T01:57:31.277+0000] {dag.py:4180} INFO - Setting next_dagrun for ingest_avito_to_raw to 2026-06-30 01:00:00+00:00, run_after=2026-06-30 02:00:00+00:00
[2026-06-30T01:57:31.286+0000] {processor.py:208} INFO - Processing /opt/airflow/dags/ingest_avito_to_raw.py took 0.044 seconds
[2026-06-30T01:58:01.644+0000] {processor.py:186} INFO - Started process (PID=25352) to work on /opt/airflow/dags/ingest_avito_to_raw.py
[2026-06-30T01:58:01.646+0000] {processor.py:914} INFO - Processing file /opt/airflow/dags/ingest_avito_to_raw.py for tasks to queue
[2026-06-30T01:58:01.647+0000] {logging_mixin.py:190} INFO - [2026-06-30T01:58:01.647+0000] {dagbag.py:588} INFO - Filling up the DagBag from /opt/airflow/dags/ingest_avito_to_raw.py
[2026-06-30T01:58:01.652+0000] {processor.py:925} INFO - DAG(s) 'ingest_avito_to_raw' retrieved from /opt/airflow/dags/ingest_avito_to_raw.py
[2026-06-30T01:58:01.670+0000] {logging_mixin.py:190} INFO - [2026-06-30T01:58:01.670+0000] {dag.py:3239} INFO - Sync 1 DAGs
[2026-06-30T01:58:01.681+0000] {logging_mixin.py:190} INFO - [2026-06-30T01:58:01.681+0000] {dag.py:4180} INFO - Setting next_dagrun for ingest_avito_to_raw to 2026-06-30 01:00:00+00:00, run_after=2026-06-30 02:00:00+00:00
[2026-06-30T01:58:01.688+0000] {processor.py:208} INFO - Processing /opt/airflow/dags/ingest_avito_to_raw.py took 0.050 seconds
[2026-06-30T02:14:14.130+0000] {processor.py:186} INFO - Started process (PID=25365) to work on /opt/airflow/dags/ingest_avito_to_raw.py
[2026-06-30T02:14:14.131+0000] {processor.py:914} INFO - Processing file /opt/airflow/dags/ingest_avito_to_raw.py for tasks to queue
[2026-06-30T02:14:14.131+0000] {logging_mixin.py:190} INFO - [2026-06-30T02:14:14.131+0000] {dagbag.py:588} INFO - Filling up the DagBag from /opt/airflow/dags/ingest_avito_to_raw.py
[2026-06-30T02:14:14.135+0000] {processor.py:925} INFO - DAG(s) 'ingest_avito_to_raw' retrieved from /opt/airflow/dags/ingest_avito_to_raw.py
[2026-06-30T02:14:14.151+0000] {logging_mixin.py:190} INFO - [2026-06-30T02:14:14.151+0000] {dag.py:3239} INFO - Sync 1 DAGs
[2026-06-30T02:14:14.160+0000] {logging_mixin.py:190} INFO - [2026-06-30T02:14:14.160+0000] {dag.py:4180} INFO - Setting next_dagrun for ingest_avito_to_raw to 2026-06-30 02:00:00+00:00, run_after=2026-06-30 03:00:00+00:00
[2026-06-30T02:14:14.169+0000] {processor.py:208} INFO - Processing /opt/airflow/dags/ingest_avito_to_raw.py took 0.043 seconds
[2026-06-30T02:14:44.436+0000] {processor.py:186} INFO - Started process (PID=25375) to work on /opt/airflow/dags/ingest_avito_to_raw.py
[2026-06-30T02:14:44.436+0000] {processor.py:914} INFO - Processing file /opt/airflow/dags/ingest_avito_to_raw.py for tasks to queue
[2026-06-30T02:14:44.437+0000] {logging_mixin.py:190} INFO - [2026-06-30T02:14:44.437+0000] {dagbag.py:588} INFO - Filling up the DagBag from /opt/airflow/dags/ingest_avito_to_raw.py
[2026-06-30T02:14:44.442+0000] {processor.py:925} INFO - DAG(s) 'ingest_avito_to_raw' retrieved from /opt/airflow/dags/ingest_avito_to_raw.py
[2026-06-30T02:14:44.460+0000] {logging_mixin.py:190} INFO - [2026-06-30T02:14:44.460+0000] {dag.py:3239} INFO - Sync 1 DAGs
[2026-06-30T02:14:44.469+0000] {logging_mixin.py:190} INFO - [2026-06-30T02:14:44.469+0000] {dag.py:4180} INFO - Setting next_dagrun for ingest_avito_to_raw to 2026-06-30 02:00:00+00:00, run_after=2026-06-30 03:00:00+00:00
[2026-06-30T02:14:44.475+0000] {processor.py:208} INFO - Processing /opt/airflow/dags/ingest_avito_to_raw.py took 0.044 seconds
[2026-06-30T02:31:51.396+0000] {processor.py:186} INFO - Started process (PID=25385) to work on /opt/airflow/dags/ingest_avito_to_raw.py
[2026-06-30T02:31:51.397+0000] {processor.py:914} INFO - Processing file /opt/airflow/dags/ingest_avito_to_raw.py for tasks to queue
[2026-06-30T02:31:51.398+0000] {logging_mixin.py:190} INFO - [2026-06-30T02:31:51.398+0000] {dagbag.py:588} INFO - Filling up the DagBag from /opt/airflow/dags/ingest_avito_to_raw.py
[2026-06-30T02:31:51.404+0000] {processor.py:925} INFO - DAG(s) 'ingest_avito_to_raw' retrieved from /opt/airflow/dags/ingest_avito_to_raw.py
[2026-06-30T02:31:51.420+0000] {logging_mixin.py:190} INFO - [2026-06-30T02:31:51.420+0000] {dag.py:3239} INFO - Sync 1 DAGs
[2026-06-30T02:31:51.429+0000] {logging_mixin.py:190} INFO - [2026-06-30T02:31:51.429+0000] {dag.py:4180} INFO - Setting next_dagrun for ingest_avito_to_raw to 2026-06-30 02:00:00+00:00, run_after=2026-06-30 03:00:00+00:00
[2026-06-30T02:31:51.437+0000] {processor.py:208} INFO - Processing /opt/airflow/dags/ingest_avito_to_raw.py took 0.045 seconds
[2026-06-30T02:32:21.849+0000] {processor.py:186} INFO - Started process (PID=25395) to work on /opt/airflow/dags/ingest_avito_to_raw.py
[2026-06-30T02:32:21.850+0000] {processor.py:914} INFO - Processing file /opt/airflow/dags/ingest_avito_to_raw.py for tasks to queue
[2026-06-30T02:32:21.851+0000] {logging_mixin.py:190} INFO - [2026-06-30T02:32:21.851+0000] {dagbag.py:588} INFO - Filling up the DagBag from /opt/airflow/dags/ingest_avito_to_raw.py
[2026-06-30T02:32:21.855+0000] {processor.py:925} INFO - DAG(s) 'ingest_avito_to_raw' retrieved from /opt/airflow/dags/ingest_avito_to_raw.py
[2026-06-30T02:32:21.874+0000] {logging_mixin.py:190} INFO - [2026-06-30T02:32:21.874+0000] {dag.py:3239} INFO - Sync 1 DAGs
[2026-06-30T02:32:21.885+0000] {logging_mixin.py:190} INFO - [2026-06-30T02:32:21.885+0000] {dag.py:4180} INFO - Setting next_dagrun for ingest_avito_to_raw to 2026-06-30 02:00:00+00:00, run_after=2026-06-30 03:00:00+00:00
[2026-06-30T02:32:21.893+0000] {processor.py:208} INFO - Processing /opt/airflow/dags/ingest_avito_to_raw.py took 0.049 seconds
[2026-06-30T02:42:58.326+0000] {processor.py:186} INFO - Started process (PID=25405) to work on /opt/airflow/dags/ingest_avito_to_raw.py
[2026-06-30T02:42:58.327+0000] {processor.py:914} INFO - Processing file /opt/airflow/dags/ingest_avito_to_raw.py for tasks to queue
[2026-06-30T02:42:58.327+0000] {logging_mixin.py:190} INFO - [2026-06-30T02:42:58.327+0000] {dagbag.py:588} INFO - Filling up the DagBag from /opt/airflow/dags/ingest_avito_to_raw.py
[2026-06-30T02:42:58.332+0000] {processor.py:925} INFO - DAG(s) 'ingest_avito_to_raw' retrieved from /opt/airflow/dags/ingest_avito_to_raw.py
[2026-06-30T02:42:58.346+0000] {logging_mixin.py:190} INFO - [2026-06-30T02:42:58.346+0000] {dag.py:3239} INFO - Sync 1 DAGs
[2026-06-30T02:42:58.356+0000] {logging_mixin.py:190} INFO - [2026-06-30T02:42:58.356+0000] {dag.py:4180} INFO - Setting next_dagrun for ingest_avito_to_raw to 2026-06-30 02:00:00+00:00, run_after=2026-06-30 03:00:00+00:00
[2026-06-30T02:42:58.366+0000] {processor.py:208} INFO - Processing /opt/airflow/dags/ingest_avito_to_raw.py took 0.044 seconds
[2026-06-30T03:00:19.830+0000] {processor.py:186} INFO - Started process (PID=25415) to work on /opt/airflow/dags/ingest_avito_to_raw.py
[2026-06-30T03:00:19.831+0000] {processor.py:914} INFO - Processing file /opt/airflow/dags/ingest_avito_to_raw.py for tasks to queue
[2026-06-30T03:00:19.832+0000] {logging_mixin.py:190} INFO - [2026-06-30T03:00:19.831+0000] {dagbag.py:588} INFO - Filling up the DagBag from /opt/airflow/dags/ingest_avito_to_raw.py
[2026-06-30T03:00:19.837+0000] {processor.py:925} INFO - DAG(s) 'ingest_avito_to_raw' retrieved from /opt/airflow/dags/ingest_avito_to_raw.py
[2026-06-30T03:00:19.854+0000] {logging_mixin.py:190} INFO - [2026-06-30T03:00:19.854+0000] {dag.py:3239} INFO - Sync 1 DAGs
[2026-06-30T03:00:19.864+0000] {logging_mixin.py:190} INFO - [2026-06-30T03:00:19.864+0000] {dag.py:4180} INFO - Setting next_dagrun for ingest_avito_to_raw to 2026-06-30 02:00:00+00:00, run_after=2026-06-30 03:00:00+00:00
[2026-06-30T03:00:19.874+0000] {processor.py:208} INFO - Processing /opt/airflow/dags/ingest_avito_to_raw.py took 0.049 seconds
[2026-06-30T03:00:50.163+0000] {processor.py:186} INFO - Started process (PID=25428) to work on /opt/airflow/dags/ingest_avito_to_raw.py
[2026-06-30T03:00:50.163+0000] {processor.py:914} INFO - Processing file /opt/airflow/dags/ingest_avito_to_raw.py for tasks to queue
[2026-06-30T03:00:50.164+0000] {logging_mixin.py:190} INFO - [2026-06-30T03:00:50.164+0000] {dagbag.py:588} INFO - Filling up the DagBag from /opt/airflow/dags/ingest_avito_to_raw.py
[2026-06-30T03:00:50.168+0000] {processor.py:925} INFO - DAG(s) 'ingest_avito_to_raw' retrieved from /opt/airflow/dags/ingest_avito_to_raw.py
[2026-06-30T03:00:50.184+0000] {logging_mixin.py:190} INFO - [2026-06-30T03:00:50.184+0000] {dag.py:3239} INFO - Sync 1 DAGs
[2026-06-30T03:00:50.194+0000] {logging_mixin.py:190} INFO - [2026-06-30T03:00:50.194+0000] {dag.py:4180} INFO - Setting next_dagrun for ingest_avito_to_raw to 2026-06-30 03:00:00+00:00, run_after=2026-06-30 04:00:00+00:00
[2026-06-30T03:00:50.203+0000] {processor.py:208} INFO - Processing /opt/airflow/dags/ingest_avito_to_raw.py took 0.046 seconds
[2026-06-30T03:17:37.491+0000] {processor.py:186} INFO - Started process (PID=25438) to work on /opt/airflow/dags/ingest_avito_to_raw.py
[2026-06-30T03:17:37.492+0000] {processor.py:914} INFO - Processing file /opt/airflow/dags/ingest_avito_to_raw.py for tasks to queue
[2026-06-30T03:17:37.492+0000] {logging_mixin.py:190} INFO - [2026-06-30T03:17:37.492+0000] {dagbag.py:588} INFO - Filling up the DagBag from /opt/airflow/dags/ingest_avito_to_raw.py
[2026-06-30T03:17:37.496+0000] {processor.py:925} INFO - DAG(s) 'ingest_avito_to_raw' retrieved from /opt/airflow/dags/ingest_avito_to_raw.py
[2026-06-30T03:17:37.513+0000] {logging_mixin.py:190} INFO - [2026-06-30T03:17:37.513+0000] {dag.py:3239} INFO - Sync 1 DAGs
[2026-06-30T03:17:37.523+0000] {logging_mixin.py:190} INFO - [2026-06-30T03:17:37.523+0000] {dag.py:4180} INFO - Setting next_dagrun for ingest_avito_to_raw to 2026-06-30 03:00:00+00:00, run_after=2026-06-30 04:00:00+00:00
[2026-06-30T03:17:37.531+0000] {processor.py:208} INFO - Processing /opt/airflow/dags/ingest_avito_to_raw.py took 0.044 seconds
[2026-06-30T03:18:07.891+0000] {processor.py:186} INFO - Started process (PID=25448) to work on /opt/airflow/dags/ingest_avito_to_raw.py
[2026-06-30T03:18:07.892+0000] {processor.py:914} INFO - Processing file /opt/airflow/dags/ingest_avito_to_raw.py for tasks to queue
[2026-06-30T03:18:07.893+0000] {logging_mixin.py:190} INFO - [2026-06-30T03:18:07.893+0000] {dagbag.py:588} INFO - Filling up the DagBag from /opt/airflow/dags/ingest_avito_to_raw.py
[2026-06-30T03:18:07.897+0000] {processor.py:925} INFO - DAG(s) 'ingest_avito_to_raw' retrieved from /opt/airflow/dags/ingest_avito_to_raw.py
[2026-06-30T03:18:07.914+0000] {logging_mixin.py:190} INFO - [2026-06-30T03:18:07.914+0000] {dag.py:3239} INFO - Sync 1 DAGs
[2026-06-30T03:18:07.926+0000] {logging_mixin.py:190} INFO - [2026-06-30T03:18:07.926+0000] {dag.py:4180} INFO - Setting next_dagrun for ingest_avito_to_raw to 2026-06-30 03:00:00+00:00, run_after=2026-06-30 04:00:00+00:00
[2026-06-30T03:18:07.936+0000] {processor.py:208} INFO - Processing /opt/airflow/dags/ingest_avito_to_raw.py took 0.049 seconds
[2026-06-30T03:33:53.160+0000] {processor.py:186} INFO - Started process (PID=25458) to work on /opt/airflow/dags/ingest_avito_to_raw.py
[2026-06-30T03:33:53.161+0000] {processor.py:914} INFO - Processing file /opt/airflow/dags/ingest_avito_to_raw.py for tasks to queue
[2026-06-30T03:33:53.161+0000] {logging_mixin.py:190} INFO - [2026-06-30T03:33:53.161+0000] {dagbag.py:588} INFO - Filling up the DagBag from /opt/airflow/dags/ingest_avito_to_raw.py
[2026-06-30T03:33:53.167+0000] {processor.py:925} INFO - DAG(s) 'ingest_avito_to_raw' retrieved from /opt/airflow/dags/ingest_avito_to_raw.py
[2026-06-30T03:33:53.186+0000] {logging_mixin.py:190} INFO - [2026-06-30T03:33:53.186+0000] {dag.py:3239} INFO - Sync 1 DAGs
[2026-06-30T03:33:53.199+0000] {logging_mixin.py:190} INFO - [2026-06-30T03:33:53.199+0000] {dag.py:4180} INFO - Setting next_dagrun for ingest_avito_to_raw to 2026-06-30 03:00:00+00:00, run_after=2026-06-30 04:00:00+00:00
[2026-06-30T03:33:53.209+0000] {processor.py:208} INFO - Processing /opt/airflow/dags/ingest_avito_to_raw.py took 0.053 seconds
[2026-06-30T03:34:23.522+0000] {processor.py:186} INFO - Started process (PID=25468) to work on /opt/airflow/dags/ingest_avito_to_raw.py
[2026-06-30T03:34:23.523+0000] {processor.py:914} INFO - Processing file /opt/airflow/dags/ingest_avito_to_raw.py for tasks to queue
[2026-06-30T03:34:23.524+0000] {logging_mixin.py:190} INFO - [2026-06-30T03:34:23.524+0000] {dagbag.py:588} INFO - Filling up the DagBag from /opt/airflow/dags/ingest_avito_to_raw.py
[2026-06-30T03:34:23.528+0000] {processor.py:925} INFO - DAG(s) 'ingest_avito_to_raw' retrieved from /opt/airflow/dags/ingest_avito_to_raw.py
[2026-06-30T03:34:23.545+0000] {logging_mixin.py:190} INFO - [2026-06-30T03:34:23.545+0000] {dag.py:3239} INFO - Sync 1 DAGs
[2026-06-30T03:34:23.556+0000] {logging_mixin.py:190} INFO - [2026-06-30T03:34:23.556+0000] {dag.py:4180} INFO - Setting next_dagrun for ingest_avito_to_raw to 2026-06-30 03:00:00+00:00, run_after=2026-06-30 04:00:00+00:00
[2026-06-30T03:34:23.567+0000] {processor.py:208} INFO - Processing /opt/airflow/dags/ingest_avito_to_raw.py took 0.050 seconds
[2026-06-30T03:43:58.681+0000] {processor.py:186} INFO - Started process (PID=25478) to work on /opt/airflow/dags/ingest_avito_to_raw.py
[2026-06-30T03:43:58.681+0000] {processor.py:914} INFO - Processing file /opt/airflow/dags/ingest_avito_to_raw.py for tasks to queue
[2026-06-30T03:43:58.682+0000] {logging_mixin.py:190} INFO - [2026-06-30T03:43:58.682+0000] {dagbag.py:588} INFO - Filling up the DagBag from /opt/airflow/dags/ingest_avito_to_raw.py
[2026-06-30T03:43:58.686+0000] {processor.py:925} INFO - DAG(s) 'ingest_avito_to_raw' retrieved from /opt/airflow/dags/ingest_avito_to_raw.py
[2026-06-30T03:43:58.701+0000] {logging_mixin.py:190} INFO - [2026-06-30T03:43:58.700+0000] {dag.py:3239} INFO - Sync 1 DAGs
[2026-06-30T03:43:58.710+0000] {logging_mixin.py:190} INFO - [2026-06-30T03:43:58.709+0000] {dag.py:4180} INFO - Setting next_dagrun for ingest_avito_to_raw to 2026-06-30 03:00:00+00:00, run_after=2026-06-30 04:00:00+00:00
[2026-06-30T03:43:58.719+0000] {processor.py:208} INFO - Processing /opt/airflow/dags/ingest_avito_to_raw.py took 0.043 seconds
[2026-06-30T04:02:00.283+0000] {processor.py:186} INFO - Started process (PID=25488) to work on /opt/airflow/dags/ingest_avito_to_raw.py
[2026-06-30T04:02:00.284+0000] {processor.py:914} INFO - Processing file /opt/airflow/dags/ingest_avito_to_raw.py for tasks to queue
[2026-06-30T04:02:00.285+0000] {logging_mixin.py:190} INFO - [2026-06-30T04:02:00.285+0000] {dagbag.py:588} INFO - Filling up the DagBag from /opt/airflow/dags/ingest_avito_to_raw.py
[2026-06-30T04:02:00.288+0000] {processor.py:925} INFO - DAG(s) 'ingest_avito_to_raw' retrieved from /opt/airflow/dags/ingest_avito_to_raw.py
[2026-06-30T04:02:00.304+0000] {logging_mixin.py:190} INFO - [2026-06-30T04:02:00.304+0000] {dag.py:3239} INFO - Sync 1 DAGs
[2026-06-30T04:02:00.316+0000] {logging_mixin.py:190} INFO - [2026-06-30T04:02:00.316+0000] {dag.py:4180} INFO - Setting next_dagrun for ingest_avito_to_raw to 2026-06-30 03:00:00+00:00, run_after=2026-06-30 04:00:00+00:00
[2026-06-30T04:02:00.325+0000] {processor.py:208} INFO - Processing /opt/airflow/dags/ingest_avito_to_raw.py took 0.045 seconds
[2026-06-30T04:02:30.674+0000] {processor.py:186} INFO - Started process (PID=25501) to work on /opt/airflow/dags/ingest_avito_to_raw.py
[2026-06-30T04:02:30.674+0000] {processor.py:914} INFO - Processing file /opt/airflow/dags/ingest_avito_to_raw.py for tasks to queue
[2026-06-30T04:02:30.676+0000] {logging_mixin.py:190} INFO - [2026-06-30T04:02:30.676+0000] {dagbag.py:588} INFO - Filling up the DagBag from /opt/airflow/dags/ingest_avito_to_raw.py
[2026-06-30T04:02:30.682+0000] {processor.py:925} INFO - DAG(s) 'ingest_avito_to_raw' retrieved from /opt/airflow/dags/ingest_avito_to_raw.py
[2026-06-30T04:02:30.698+0000] {logging_mixin.py:190} INFO - [2026-06-30T04:02:30.697+0000] {dag.py:3239} INFO - Sync 1 DAGs
[2026-06-30T04:02:30.707+0000] {logging_mixin.py:190} INFO - [2026-06-30T04:02:30.707+0000] {dag.py:4180} INFO - Setting next_dagrun for ingest_avito_to_raw to 2026-06-30 04:00:00+00:00, run_after=2026-06-30 05:00:00+00:00
[2026-06-30T04:02:30.718+0000] {processor.py:208} INFO - Processing /opt/airflow/dags/ingest_avito_to_raw.py took 0.049 seconds
[2026-06-30T04:18:18.971+0000] {processor.py:186} INFO - Started process (PID=25511) to work on /opt/airflow/dags/ingest_avito_to_raw.py
[2026-06-30T04:18:18.971+0000] {processor.py:914} INFO - Processing file /opt/airflow/dags/ingest_avito_to_raw.py for tasks to queue
[2026-06-30T04:18:18.972+0000] {logging_mixin.py:190} INFO - [2026-06-30T04:18:18.972+0000] {dagbag.py:588} INFO - Filling up the DagBag from /opt/airflow/dags/ingest_avito_to_raw.py
[2026-06-30T04:18:18.976+0000] {processor.py:925} INFO - DAG(s) 'ingest_avito_to_raw' retrieved from /opt/airflow/dags/ingest_avito_to_raw.py
[2026-06-30T04:18:18.990+0000] {logging_mixin.py:190} INFO - [2026-06-30T04:18:18.990+0000] {dag.py:3239} INFO - Sync 1 DAGs
[2026-06-30T04:18:19.001+0000] {logging_mixin.py:190} INFO - [2026-06-30T04:18:19.001+0000] {dag.py:4180} INFO - Setting next_dagrun for ingest_avito_to_raw to 2026-06-30 04:00:00+00:00, run_after=2026-06-30 05:00:00+00:00
[2026-06-30T04:18:19.009+0000] {processor.py:208} INFO - Processing /opt/airflow/dags/ingest_avito_to_raw.py took 0.042 seconds
[2026-06-30T04:18:49.390+0000] {processor.py:186} INFO - Started process (PID=25521) to work on /opt/airflow/dags/ingest_avito_to_raw.py
[2026-06-30T04:18:49.390+0000] {processor.py:914} INFO - Processing file /opt/airflow/dags/ingest_avito_to_raw.py for tasks to queue
[2026-06-30T04:18:49.391+0000] {logging_mixin.py:190} INFO - [2026-06-30T04:18:49.391+0000] {dagbag.py:588} INFO - Filling up the DagBag from /opt/airflow/dags/ingest_avito_to_raw.py
[2026-06-30T04:18:49.396+0000] {processor.py:925} INFO - DAG(s) 'ingest_avito_to_raw' retrieved from /opt/airflow/dags/ingest_avito_to_raw.py
[2026-06-30T04:18:49.413+0000] {logging_mixin.py:190} INFO - [2026-06-30T04:18:49.412+0000] {dag.py:3239} INFO - Sync 1 DAGs
[2026-06-30T04:18:49.423+0000] {logging_mixin.py:190} INFO - [2026-06-30T04:18:49.423+0000] {dag.py:4180} INFO - Setting next_dagrun for ingest_avito_to_raw to 2026-06-30 04:00:00+00:00, run_after=2026-06-30 05:00:00+00:00
[2026-06-30T04:18:49.432+0000] {processor.py:208} INFO - Processing /opt/airflow/dags/ingest_avito_to_raw.py took 0.048 seconds
[2026-06-30T04:36:16.806+0000] {processor.py:186} INFO - Started process (PID=25531) to work on /opt/airflow/dags/ingest_avito_to_raw.py
[2026-06-30T04:36:16.806+0000] {processor.py:914} INFO - Processing file /opt/airflow/dags/ingest_avito_to_raw.py for tasks to queue
[2026-06-30T04:36:16.807+0000] {logging_mixin.py:190} INFO - [2026-06-30T04:36:16.807+0000] {dagbag.py:588} INFO - Filling up the DagBag from /opt/airflow/dags/ingest_avito_to_raw.py
[2026-06-30T04:36:16.811+0000] {processor.py:925} INFO - DAG(s) 'ingest_avito_to_raw' retrieved from /opt/airflow/dags/ingest_avito_to_raw.py
[2026-06-30T04:36:16.827+0000] {logging_mixin.py:190} INFO - [2026-06-30T04:36:16.826+0000] {dag.py:3239} INFO - Sync 1 DAGs
[2026-06-30T04:36:16.837+0000] {logging_mixin.py:190} INFO - [2026-06-30T04:36:16.837+0000] {dag.py:4180} INFO - Setting next_dagrun for ingest_avito_to_raw to 2026-06-30 04:00:00+00:00, run_after=2026-06-30 05:00:00+00:00
[2026-06-30T04:36:16.845+0000] {processor.py:208} INFO - Processing /opt/airflow/dags/ingest_avito_to_raw.py took 0.045 seconds
[2026-06-30T04:44:33.384+0000] {processor.py:186} INFO - Started process (PID=25541) to work on /opt/airflow/dags/ingest_avito_to_raw.py
[2026-06-30T04:44:33.385+0000] {processor.py:914} INFO - Processing file /opt/airflow/dags/ingest_avito_to_raw.py for tasks to queue
[2026-06-30T04:44:33.386+0000] {logging_mixin.py:190} INFO - [2026-06-30T04:44:33.386+0000] {dagbag.py:588} INFO - Filling up the DagBag from /opt/airflow/dags/ingest_avito_to_raw.py
[2026-06-30T04:44:33.390+0000] {processor.py:925} INFO - DAG(s) 'ingest_avito_to_raw' retrieved from /opt/airflow/dags/ingest_avito_to_raw.py
[2026-06-30T04:44:33.407+0000] {logging_mixin.py:190} INFO - [2026-06-30T04:44:33.407+0000] {dag.py:3239} INFO - Sync 1 DAGs
[2026-06-30T04:44:33.416+0000] {logging_mixin.py:190} INFO - [2026-06-30T04:44:33.416+0000] {dag.py:4180} INFO - Setting next_dagrun for ingest_avito_to_raw to 2026-06-30 04:00:00+00:00, run_after=2026-06-30 05:00:00+00:00
[2026-06-30T04:44:33.425+0000] {processor.py:208} INFO - Processing /opt/airflow/dags/ingest_avito_to_raw.py took 0.045 seconds
[2026-06-30T04:45:03.759+0000] {processor.py:186} INFO - Started process (PID=25551) to work on /opt/airflow/dags/ingest_avito_to_raw.py
[2026-06-30T04:45:03.760+0000] {processor.py:914} INFO - Processing file /opt/airflow/dags/ingest_avito_to_raw.py for tasks to queue
[2026-06-30T04:45:03.761+0000] {logging_mixin.py:190} INFO - [2026-06-30T04:45:03.760+0000] {dagbag.py:588} INFO - Filling up the DagBag from /opt/airflow/dags/ingest_avito_to_raw.py
[2026-06-30T04:45:03.765+0000] {processor.py:925} INFO - DAG(s) 'ingest_avito_to_raw' retrieved from /opt/airflow/dags/ingest_avito_to_raw.py
[2026-06-30T04:45:03.782+0000] {logging_mixin.py:190} INFO - [2026-06-30T04:45:03.782+0000] {dag.py:3239} INFO - Sync 1 DAGs
[2026-06-30T04:45:03.792+0000] {logging_mixin.py:190} INFO - [2026-06-30T04:45:03.792+0000] {dag.py:4180} INFO - Setting next_dagrun for ingest_avito_to_raw to 2026-06-30 04:00:00+00:00, run_after=2026-06-30 05:00:00+00:00
[2026-06-30T04:45:03.801+0000] {processor.py:208} INFO - Processing /opt/airflow/dags/ingest_avito_to_raw.py took 0.046 seconds
[2026-06-30T05:02:57.122+0000] {processor.py:186} INFO - Started process (PID=25562) to work on /opt/airflow/dags/ingest_avito_to_raw.py
[2026-06-30T05:02:57.122+0000] {processor.py:914} INFO - Processing file /opt/airflow/dags/ingest_avito_to_raw.py for tasks to queue
[2026-06-30T05:02:57.124+0000] {logging_mixin.py:190} INFO - [2026-06-30T05:02:57.124+0000] {dagbag.py:588} INFO - Filling up the DagBag from /opt/airflow/dags/ingest_avito_to_raw.py
[2026-06-30T05:02:57.130+0000] {processor.py:925} INFO - DAG(s) 'ingest_avito_to_raw' retrieved from /opt/airflow/dags/ingest_avito_to_raw.py
[2026-06-30T05:02:57.144+0000] {logging_mixin.py:190} INFO - [2026-06-30T05:02:57.144+0000] {dag.py:3239} INFO - Sync 1 DAGs
[2026-06-30T05:02:57.154+0000] {logging_mixin.py:190} INFO - [2026-06-30T05:02:57.154+0000] {dag.py:4180} INFO - Setting next_dagrun for ingest_avito_to_raw to 2026-06-30 05:00:00+00:00, run_after=2026-06-30 06:00:00+00:00
[2026-06-30T05:02:57.162+0000] {processor.py:208} INFO - Processing /opt/airflow/dags/ingest_avito_to_raw.py took 0.045 seconds
[2026-06-30T05:03:27.455+0000] {processor.py:186} INFO - Started process (PID=25574) to work on /opt/airflow/dags/ingest_avito_to_raw.py
[2026-06-30T05:03:27.455+0000] {processor.py:914} INFO - Processing file /opt/airflow/dags/ingest_avito_to_raw.py for tasks to queue
[2026-06-30T05:03:27.456+0000] {logging_mixin.py:190} INFO - [2026-06-30T05:03:27.456+0000] {dagbag.py:588} INFO - Filling up the DagBag from /opt/airflow/dags/ingest_avito_to_raw.py
[2026-06-30T05:03:27.460+0000] {processor.py:925} INFO - DAG(s) 'ingest_avito_to_raw' retrieved from /opt/airflow/dags/ingest_avito_to_raw.py
[2026-06-30T05:03:27.475+0000] {logging_mixin.py:190} INFO - [2026-06-30T05:03:27.475+0000] {dag.py:3239} INFO - Sync 1 DAGs
[2026-06-30T05:03:27.487+0000] {logging_mixin.py:190} INFO - [2026-06-30T05:03:27.487+0000] {dag.py:4180} INFO - Setting next_dagrun for ingest_avito_to_raw to 2026-06-30 05:00:00+00:00, run_after=2026-06-30 06:00:00+00:00
[2026-06-30T05:03:27.495+0000] {processor.py:208} INFO - Processing /opt/airflow/dags/ingest_avito_to_raw.py took 0.044 seconds
[2026-06-30T05:21:00.932+0000] {processor.py:186} INFO - Started process (PID=25584) to work on /opt/airflow/dags/ingest_avito_to_raw.py
[2026-06-30T05:21:00.933+0000] {processor.py:914} INFO - Processing file /opt/airflow/dags/ingest_avito_to_raw.py for tasks to queue
[2026-06-30T05:21:00.933+0000] {logging_mixin.py:190} INFO - [2026-06-30T05:21:00.933+0000] {dagbag.py:588} INFO - Filling up the DagBag from /opt/airflow/dags/ingest_avito_to_raw.py
[2026-06-30T05:21:00.937+0000] {processor.py:925} INFO - DAG(s) 'ingest_avito_to_raw' retrieved from /opt/airflow/dags/ingest_avito_to_raw.py
[2026-06-30T05:21:00.954+0000] {logging_mixin.py:190} INFO - [2026-06-30T05:21:00.954+0000] {dag.py:3239} INFO - Sync 1 DAGs
[2026-06-30T05:21:00.963+0000] {logging_mixin.py:190} INFO - [2026-06-30T05:21:00.963+0000] {dag.py:4180} INFO - Setting next_dagrun for ingest_avito_to_raw to 2026-06-30 05:00:00+00:00, run_after=2026-06-30 06:00:00+00:00
[2026-06-30T05:21:00.971+0000] {processor.py:208} INFO - Processing /opt/airflow/dags/ingest_avito_to_raw.py took 0.043 seconds
[2026-06-30T05:21:31.304+0000] {processor.py:186} INFO - Started process (PID=25594) to work on /opt/airflow/dags/ingest_avito_to_raw.py
[2026-06-30T05:21:31.304+0000] {processor.py:914} INFO - Processing file /opt/airflow/dags/ingest_avito_to_raw.py for tasks to queue
[2026-06-30T05:21:31.305+0000] {logging_mixin.py:190} INFO - [2026-06-30T05:21:31.305+0000] {dagbag.py:588} INFO - Filling up the DagBag from /opt/airflow/dags/ingest_avito_to_raw.py
[2026-06-30T05:21:31.310+0000] {processor.py:925} INFO - DAG(s) 'ingest_avito_to_raw' retrieved from /opt/airflow/dags/ingest_avito_to_raw.py
[2026-06-30T05:21:31.326+0000] {logging_mixin.py:190} INFO - [2026-06-30T05:21:31.326+0000] {dag.py:3239} INFO - Sync 1 DAGs
[2026-06-30T05:21:31.337+0000] {logging_mixin.py:190} INFO - [2026-06-30T05:21:31.337+0000] {dag.py:4180} INFO - Setting next_dagrun for ingest_avito_to_raw to 2026-06-30 05:00:00+00:00, run_after=2026-06-30 06:00:00+00:00
[2026-06-30T05:21:31.345+0000] {processor.py:208} INFO - Processing /opt/airflow/dags/ingest_avito_to_raw.py took 0.046 seconds
[2026-06-30T05:37:49.277+0000] {processor.py:186} INFO - Started process (PID=25604) to work on /opt/airflow/dags/ingest_avito_to_raw.py
[2026-06-30T05:37:49.278+0000] {processor.py:914} INFO - Processing file /opt/airflow/dags/ingest_avito_to_raw.py for tasks to queue
[2026-06-30T05:37:49.278+0000] {logging_mixin.py:190} INFO - [2026-06-30T05:37:49.278+0000] {dagbag.py:588} INFO - Filling up the DagBag from /opt/airflow/dags/ingest_avito_to_raw.py
[2026-06-30T05:37:49.283+0000] {processor.py:925} INFO - DAG(s) 'ingest_avito_to_raw' retrieved from /opt/airflow/dags/ingest_avito_to_raw.py
[2026-06-30T05:37:49.298+0000] {logging_mixin.py:190} INFO - [2026-06-30T05:37:49.298+0000] {dag.py:3239} INFO - Sync 1 DAGs
[2026-06-30T05:37:49.308+0000] {logging_mixin.py:190} INFO - [2026-06-30T05:37:49.308+0000] {dag.py:4180} INFO - Setting next_dagrun for ingest_avito_to_raw to 2026-06-30 05:00:00+00:00, run_after=2026-06-30 06:00:00+00:00
[2026-06-30T05:37:49.316+0000] {processor.py:208} INFO - Processing /opt/airflow/dags/ingest_avito_to_raw.py took 0.043 seconds
[2026-06-30T05:39:40.752+0000] {processor.py:186} INFO - Started process (PID=25614) to work on /opt/airflow/dags/ingest_avito_to_raw.py
[2026-06-30T05:39:40.753+0000] {processor.py:914} INFO - Processing file /opt/airflow/dags/ingest_avito_to_raw.py for tasks to queue
[2026-06-30T05:39:40.753+0000] {logging_mixin.py:190} INFO - [2026-06-30T05:39:40.753+0000] {dagbag.py:588} INFO - Filling up the DagBag from /opt/airflow/dags/ingest_avito_to_raw.py
[2026-06-30T05:39:40.759+0000] {processor.py:925} INFO - DAG(s) 'ingest_avito_to_raw' retrieved from /opt/airflow/dags/ingest_avito_to_raw.py
[2026-06-30T05:39:40.774+0000] {logging_mixin.py:190} INFO - [2026-06-30T05:39:40.774+0000] {dag.py:3239} INFO - Sync 1 DAGs
[2026-06-30T05:39:40.783+0000] {logging_mixin.py:190} INFO - [2026-06-30T05:39:40.783+0000] {dag.py:4180} INFO - Setting next_dagrun for ingest_avito_to_raw to 2026-06-30 05:00:00+00:00, run_after=2026-06-30 06:00:00+00:00
[2026-06-30T05:39:40.792+0000] {processor.py:208} INFO - Processing /opt/airflow/dags/ingest_avito_to_raw.py took 0.044 seconds
[2026-06-30T05:40:11.176+0000] {processor.py:186} INFO - Started process (PID=25624) to work on /opt/airflow/dags/ingest_avito_to_raw.py
[2026-06-30T05:40:11.176+0000] {processor.py:914} INFO - Processing file /opt/airflow/dags/ingest_avito_to_raw.py for tasks to queue
[2026-06-30T05:40:11.177+0000] {logging_mixin.py:190} INFO - [2026-06-30T05:40:11.177+0000] {dagbag.py:588} INFO - Filling up the DagBag from /opt/airflow/dags/ingest_avito_to_raw.py
[2026-06-30T05:40:11.181+0000] {processor.py:925} INFO - DAG(s) 'ingest_avito_to_raw' retrieved from /opt/airflow/dags/ingest_avito_to_raw.py
[2026-06-30T05:40:11.197+0000] {logging_mixin.py:190} INFO - [2026-06-30T05:40:11.197+0000] {dag.py:3239} INFO - Sync 1 DAGs
[2026-06-30T05:40:11.206+0000] {logging_mixin.py:190} INFO - [2026-06-30T05:40:11.206+0000] {dag.py:4180} INFO - Setting next_dagrun for ingest_avito_to_raw to 2026-06-30 05:00:00+00:00, run_after=2026-06-30 06:00:00+00:00
[2026-06-30T05:40:11.214+0000] {processor.py:208} INFO - Processing /opt/airflow/dags/ingest_avito_to_raw.py took 0.043 seconds
[2026-06-30T05:45:43.596+0000] {processor.py:186} INFO - Started process (PID=25634) to work on /opt/airflow/dags/ingest_avito_to_raw.py
[2026-06-30T05:45:43.597+0000] {processor.py:914} INFO - Processing file /opt/airflow/dags/ingest_avito_to_raw.py for tasks to queue
[2026-06-30T05:45:43.598+0000] {logging_mixin.py:190} INFO - [2026-06-30T05:45:43.597+0000] {dagbag.py:588} INFO - Filling up the DagBag from /opt/airflow/dags/ingest_avito_to_raw.py
[2026-06-30T05:45:43.601+0000] {processor.py:925} INFO - DAG(s) 'ingest_avito_to_raw' retrieved from /opt/airflow/dags/ingest_avito_to_raw.py
[2026-06-30T05:45:43.618+0000] {logging_mixin.py:190} INFO - [2026-06-30T05:45:43.618+0000] {dag.py:3239} INFO - Sync 1 DAGs
[2026-06-30T05:45:43.627+0000] {logging_mixin.py:190} INFO - [2026-06-30T05:45:43.627+0000] {dag.py:4180} INFO - Setting next_dagrun for ingest_avito_to_raw to 2026-06-30 05:00:00+00:00, run_after=2026-06-30 06:00:00+00:00
[2026-06-30T05:45:43.634+0000] {processor.py:208} INFO - Processing /opt/airflow/dags/ingest_avito_to_raw.py took 0.042 seconds
[2026-06-30T05:46:14.066+0000] {processor.py:186} INFO - Started process (PID=25644) to work on /opt/airflow/dags/ingest_avito_to_raw.py
[2026-06-30T05:46:14.066+0000] {processor.py:914} INFO - Processing file /opt/airflow/dags/ingest_avito_to_raw.py for tasks to queue
[2026-06-30T05:46:14.067+0000] {logging_mixin.py:190} INFO - [2026-06-30T05:46:14.067+0000] {dagbag.py:588} INFO - Filling up the DagBag from /opt/airflow/dags/ingest_avito_to_raw.py
[2026-06-30T05:46:14.071+0000] {processor.py:925} INFO - DAG(s) 'ingest_avito_to_raw' retrieved from /opt/airflow/dags/ingest_avito_to_raw.py
[2026-06-30T05:46:14.090+0000] {logging_mixin.py:190} INFO - [2026-06-30T05:46:14.090+0000] {dag.py:3239} INFO - Sync 1 DAGs
[2026-06-30T05:46:14.102+0000] {logging_mixin.py:190} INFO - [2026-06-30T05:46:14.102+0000] {dag.py:4180} INFO - Setting next_dagrun for ingest_avito_to_raw to 2026-06-30 05:00:00+00:00, run_after=2026-06-30 06:00:00+00:00
[2026-06-30T05:46:14.111+0000] {processor.py:208} INFO - Processing /opt/airflow/dags/ingest_avito_to_raw.py took 0.051 seconds
[2026-06-30T06:04:16.289+0000] {processor.py:186} INFO - Started process (PID=25655) to work on /opt/airflow/dags/ingest_avito_to_raw.py
[2026-06-30T06:04:16.290+0000] {processor.py:914} INFO - Processing file /opt/airflow/dags/ingest_avito_to_raw.py for tasks to queue
[2026-06-30T06:04:16.291+0000] {logging_mixin.py:190} INFO - [2026-06-30T06:04:16.291+0000] {dagbag.py:588} INFO - Filling up the DagBag from /opt/airflow/dags/ingest_avito_to_raw.py
[2026-06-30T06:04:16.294+0000] {processor.py:925} INFO - DAG(s) 'ingest_avito_to_raw' retrieved from /opt/airflow/dags/ingest_avito_to_raw.py
[2026-06-30T06:04:16.308+0000] {logging_mixin.py:190} INFO - [2026-06-30T06:04:16.308+0000] {dag.py:3239} INFO - Sync 1 DAGs
[2026-06-30T06:04:16.316+0000] {logging_mixin.py:190} INFO - [2026-06-30T06:04:16.316+0000] {dag.py:4180} INFO - Setting next_dagrun for ingest_avito_to_raw to 2026-06-30 06:00:00+00:00, run_after=2026-06-30 07:00:00+00:00
[2026-06-30T06:04:16.326+0000] {processor.py:208} INFO - Processing /opt/airflow/dags/ingest_avito_to_raw.py took 0.040 seconds
[2026-06-30T06:04:46.643+0000] {processor.py:186} INFO - Started process (PID=25667) to work on /opt/airflow/dags/ingest_avito_to_raw.py
[2026-06-30T06:04:46.643+0000] {processor.py:914} INFO - Processing file /opt/airflow/dags/ingest_avito_to_raw.py for tasks to queue
[2026-06-30T06:04:46.644+0000] {logging_mixin.py:190} INFO - [2026-06-30T06:04:46.644+0000] {dagbag.py:588} INFO - Filling up the DagBag from /opt/airflow/dags/ingest_avito_to_raw.py
[2026-06-30T06:04:46.649+0000] {processor.py:925} INFO - DAG(s) 'ingest_avito_to_raw' retrieved from /opt/airflow/dags/ingest_avito_to_raw.py
[2026-06-30T06:04:46.666+0000] {logging_mixin.py:190} INFO - [2026-06-30T06:04:46.666+0000] {dag.py:3239} INFO - Sync 1 DAGs
[2026-06-30T06:04:46.676+0000] {logging_mixin.py:190} INFO - [2026-06-30T06:04:46.676+0000] {dag.py:4180} INFO - Setting next_dagrun for ingest_avito_to_raw to 2026-06-30 06:00:00+00:00, run_after=2026-06-30 07:00:00+00:00
[2026-06-30T06:04:46.685+0000] {processor.py:208} INFO - Processing /opt/airflow/dags/ingest_avito_to_raw.py took 0.047 seconds
[2026-06-30T06:20:56.156+0000] {processor.py:186} INFO - Started process (PID=25677) to work on /opt/airflow/dags/ingest_avito_to_raw.py
[2026-06-30T06:20:56.157+0000] {processor.py:914} INFO - Processing file /opt/airflow/dags/ingest_avito_to_raw.py for tasks to queue
[2026-06-30T06:20:56.157+0000] {logging_mixin.py:190} INFO - [2026-06-30T06:20:56.157+0000] {dagbag.py:588} INFO - Filling up the DagBag from /opt/airflow/dags/ingest_avito_to_raw.py
[2026-06-30T06:20:56.161+0000] {processor.py:925} INFO - DAG(s) 'ingest_avito_to_raw' retrieved from /opt/airflow/dags/ingest_avito_to_raw.py
[2026-06-30T06:20:56.178+0000] {logging_mixin.py:190} INFO - [2026-06-30T06:20:56.178+0000] {dag.py:3239} INFO - Sync 1 DAGs
[2026-06-30T06:20:56.187+0000] {logging_mixin.py:190} INFO - [2026-06-30T06:20:56.187+0000] {dag.py:4180} INFO - Setting next_dagrun for ingest_avito_to_raw to 2026-06-30 06:00:00+00:00, run_after=2026-06-30 07:00:00+00:00
[2026-06-30T06:20:56.194+0000] {processor.py:208} INFO - Processing /opt/airflow/dags/ingest_avito_to_raw.py took 0.042 seconds
[2026-06-30T06:36:31.670+0000] {processor.py:186} INFO - Started process (PID=25687) to work on /opt/airflow/dags/ingest_avito_to_raw.py
[2026-06-30T06:36:31.670+0000] {processor.py:914} INFO - Processing file /opt/airflow/dags/ingest_avito_to_raw.py for tasks to queue
[2026-06-30T06:36:31.671+0000] {logging_mixin.py:190} INFO - [2026-06-30T06:36:31.671+0000] {dagbag.py:588} INFO - Filling up the DagBag from /opt/airflow/dags/ingest_avito_to_raw.py
[2026-06-30T06:36:31.675+0000] {processor.py:925} INFO - DAG(s) 'ingest_avito_to_raw' retrieved from /opt/airflow/dags/ingest_avito_to_raw.py
[2026-06-30T06:36:31.691+0000] {logging_mixin.py:190} INFO - [2026-06-30T06:36:31.691+0000] {dag.py:3239} INFO - Sync 1 DAGs
[2026-06-30T06:36:31.700+0000] {logging_mixin.py:190} INFO - [2026-06-30T06:36:31.700+0000] {dag.py:4180} INFO - Setting next_dagrun for ingest_avito_to_raw to 2026-06-30 06:00:00+00:00, run_after=2026-06-30 07:00:00+00:00
[2026-06-30T06:36:31.709+0000] {processor.py:208} INFO - Processing /opt/airflow/dags/ingest_avito_to_raw.py took 0.044 seconds
[2026-06-30T06:37:02.006+0000] {processor.py:186} INFO - Started process (PID=25697) to work on /opt/airflow/dags/ingest_avito_to_raw.py
[2026-06-30T06:37:02.007+0000] {processor.py:914} INFO - Processing file /opt/airflow/dags/ingest_avito_to_raw.py for tasks to queue
[2026-06-30T06:37:02.008+0000] {logging_mixin.py:190} INFO - [2026-06-30T06:37:02.008+0000] {dagbag.py:588} INFO - Filling up the DagBag from /opt/airflow/dags/ingest_avito_to_raw.py
[2026-06-30T06:37:02.012+0000] {processor.py:925} INFO - DAG(s) 'ingest_avito_to_raw' retrieved from /opt/airflow/dags/ingest_avito_to_raw.py
[2026-06-30T06:37:02.029+0000] {logging_mixin.py:190} INFO - [2026-06-30T06:37:02.028+0000] {dag.py:3239} INFO - Sync 1 DAGs
[2026-06-30T06:37:02.038+0000] {logging_mixin.py:190} INFO - [2026-06-30T06:37:02.038+0000] {dag.py:4180} INFO - Setting next_dagrun for ingest_avito_to_raw to 2026-06-30 06:00:00+00:00, run_after=2026-06-30 07:00:00+00:00
[2026-06-30T06:37:02.046+0000] {processor.py:208} INFO - Processing /opt/airflow/dags/ingest_avito_to_raw.py took 0.044 seconds
[2026-06-30T06:46:46.478+0000] {processor.py:186} INFO - Started process (PID=25707) to work on /opt/airflow/dags/ingest_avito_to_raw.py
[2026-06-30T06:46:46.478+0000] {processor.py:914} INFO - Processing file /opt/airflow/dags/ingest_avito_to_raw.py for tasks to queue
[2026-06-30T06:46:46.479+0000] {logging_mixin.py:190} INFO - [2026-06-30T06:46:46.479+0000] {dagbag.py:588} INFO - Filling up the DagBag from /opt/airflow/dags/ingest_avito_to_raw.py
[2026-06-30T06:46:46.483+0000] {processor.py:925} INFO - DAG(s) 'ingest_avito_to_raw' retrieved from /opt/airflow/dags/ingest_avito_to_raw.py
[2026-06-30T06:46:46.500+0000] {logging_mixin.py:190} INFO - [2026-06-30T06:46:46.500+0000] {dag.py:3239} INFO - Sync 1 DAGs
[2026-06-30T06:46:46.509+0000] {logging_mixin.py:190} INFO - [2026-06-30T06:46:46.509+0000] {dag.py:4180} INFO - Setting next_dagrun for ingest_avito_to_raw to 2026-06-30 06:00:00+00:00, run_after=2026-06-30 07:00:00+00:00
[2026-06-30T06:46:46.518+0000] {processor.py:208} INFO - Processing /opt/airflow/dags/ingest_avito_to_raw.py took 0.044 seconds
[2026-06-30T06:47:16.882+0000] {processor.py:186} INFO - Started process (PID=25717) to work on /opt/airflow/dags/ingest_avito_to_raw.py
[2026-06-30T06:47:16.882+0000] {processor.py:914} INFO - Processing file /opt/airflow/dags/ingest_avito_to_raw.py for tasks to queue
[2026-06-30T06:47:16.883+0000] {logging_mixin.py:190} INFO - [2026-06-30T06:47:16.883+0000] {dagbag.py:588} INFO - Filling up the DagBag from /opt/airflow/dags/ingest_avito_to_raw.py
[2026-06-30T06:47:16.888+0000] {processor.py:925} INFO - DAG(s) 'ingest_avito_to_raw' retrieved from /opt/airflow/dags/ingest_avito_to_raw.py
[2026-06-30T06:47:16.903+0000] {logging_mixin.py:190} INFO - [2026-06-30T06:47:16.903+0000] {dag.py:3239} INFO - Sync 1 DAGs
[2026-06-30T06:47:16.913+0000] {logging_mixin.py:190} INFO - [2026-06-30T06:47:16.913+0000] {dag.py:4180} INFO - Setting next_dagrun for ingest_avito_to_raw to 2026-06-30 06:00:00+00:00, run_after=2026-06-30 07:00:00+00:00
[2026-06-30T06:47:16.921+0000] {processor.py:208} INFO - Processing /opt/airflow/dags/ingest_avito_to_raw.py took 0.043 seconds
[2026-06-30T07:05:09.152+0000] {processor.py:186} INFO - Started process (PID=25727) to work on /opt/airflow/dags/ingest_avito_to_raw.py
[2026-06-30T07:05:09.153+0000] {processor.py:914} INFO - Processing file /opt/airflow/dags/ingest_avito_to_raw.py for tasks to queue
[2026-06-30T07:05:09.153+0000] {logging_mixin.py:190} INFO - [2026-06-30T07:05:09.153+0000] {dagbag.py:588} INFO - Filling up the DagBag from /opt/airflow/dags/ingest_avito_to_raw.py
[2026-06-30T07:05:09.157+0000] {processor.py:925} INFO - DAG(s) 'ingest_avito_to_raw' retrieved from /opt/airflow/dags/ingest_avito_to_raw.py
[2026-06-30T07:05:09.171+0000] {logging_mixin.py:190} INFO - [2026-06-30T07:05:09.171+0000] {dag.py:3239} INFO - Sync 1 DAGs
[2026-06-30T07:05:09.180+0000] {logging_mixin.py:190} INFO - [2026-06-30T07:05:09.180+0000] {dag.py:4180} INFO - Setting next_dagrun for ingest_avito_to_raw to 2026-06-30 06:00:00+00:00, run_after=2026-06-30 07:00:00+00:00
[2026-06-30T07:05:09.189+0000] {processor.py:208} INFO - Processing /opt/airflow/dags/ingest_avito_to_raw.py took 0.041 seconds
[2026-06-30T07:23:02.469+0000] {processor.py:186} INFO - Started process (PID=25740) to work on /opt/airflow/dags/ingest_avito_to_raw.py
[2026-06-30T07:23:02.469+0000] {processor.py:914} INFO - Processing file /opt/airflow/dags/ingest_avito_to_raw.py for tasks to queue
[2026-06-30T07:23:02.470+0000] {logging_mixin.py:190} INFO - [2026-06-30T07:23:02.470+0000] {dagbag.py:588} INFO - Filling up the DagBag from /opt/airflow/dags/ingest_avito_to_raw.py
[2026-06-30T07:23:02.474+0000] {processor.py:925} INFO - DAG(s) 'ingest_avito_to_raw' retrieved from /opt/airflow/dags/ingest_avito_to_raw.py
[2026-06-30T07:23:02.492+0000] {logging_mixin.py:190} INFO - [2026-06-30T07:23:02.492+0000] {dag.py:3239} INFO - Sync 1 DAGs
[2026-06-30T07:23:02.504+0000] {logging_mixin.py:190} INFO - [2026-06-30T07:23:02.503+0000] {dag.py:4180} INFO - Setting next_dagrun for ingest_avito_to_raw to 2026-06-30 07:00:00+00:00, run_after=2026-06-30 08:00:00+00:00
[2026-06-30T07:23:02.513+0000] {processor.py:208} INFO - Processing /opt/airflow/dags/ingest_avito_to_raw.py took 0.048 seconds
[2026-06-30T07:23:32.929+0000] {processor.py:186} INFO - Started process (PID=25750) to work on /opt/airflow/dags/ingest_avito_to_raw.py
[2026-06-30T07:23:32.930+0000] {processor.py:914} INFO - Processing file /opt/airflow/dags/ingest_avito_to_raw.py for tasks to queue
[2026-06-30T07:23:32.931+0000] {logging_mixin.py:190} INFO - [2026-06-30T07:23:32.930+0000] {dagbag.py:588} INFO - Filling up the DagBag from /opt/airflow/dags/ingest_avito_to_raw.py
[2026-06-30T07:23:32.936+0000] {processor.py:925} INFO - DAG(s) 'ingest_avito_to_raw' retrieved from /opt/airflow/dags/ingest_avito_to_raw.py
[2026-06-30T07:23:32.958+0000] {logging_mixin.py:190} INFO - [2026-06-30T07:23:32.958+0000] {dag.py:3239} INFO - Sync 1 DAGs
[2026-06-30T07:23:32.969+0000] {logging_mixin.py:190} INFO - [2026-06-30T07:23:32.968+0000] {dag.py:4180} INFO - Setting next_dagrun for ingest_avito_to_raw to 2026-06-30 07:00:00+00:00, run_after=2026-06-30 08:00:00+00:00
[2026-06-30T07:23:32.977+0000] {processor.py:208} INFO - Processing /opt/airflow/dags/ingest_avito_to_raw.py took 0.054 seconds
[2026-06-30T07:40:48.324+0000] {processor.py:186} INFO - Started process (PID=25760) to work on /opt/airflow/dags/ingest_avito_to_raw.py
[2026-06-30T07:40:48.325+0000] {processor.py:914} INFO - Processing file /opt/airflow/dags/ingest_avito_to_raw.py for tasks to queue
[2026-06-30T07:40:48.326+0000] {logging_mixin.py:190} INFO - [2026-06-30T07:40:48.325+0000] {dagbag.py:588} INFO - Filling up the DagBag from /opt/airflow/dags/ingest_avito_to_raw.py
[2026-06-30T07:40:48.329+0000] {processor.py:925} INFO - DAG(s) 'ingest_avito_to_raw' retrieved from /opt/airflow/dags/ingest_avito_to_raw.py
[2026-06-30T07:40:48.347+0000] {logging_mixin.py:190} INFO - [2026-06-30T07:40:48.346+0000] {dag.py:3239} INFO - Sync 1 DAGs
[2026-06-30T07:40:48.357+0000] {logging_mixin.py:190} INFO - [2026-06-30T07:40:48.357+0000] {dag.py:4180} INFO - Setting next_dagrun for ingest_avito_to_raw to 2026-06-30 07:00:00+00:00, run_after=2026-06-30 08:00:00+00:00
[2026-06-30T07:40:48.365+0000] {processor.py:208} INFO - Processing /opt/airflow/dags/ingest_avito_to_raw.py took 0.045 seconds
[2026-06-30T07:41:18.772+0000] {processor.py:186} INFO - Started process (PID=25770) to work on /opt/airflow/dags/ingest_avito_to_raw.py
[2026-06-30T07:41:18.773+0000] {processor.py:914} INFO - Processing file /opt/airflow/dags/ingest_avito_to_raw.py for tasks to queue
[2026-06-30T07:41:18.773+0000] {logging_mixin.py:190} INFO - [2026-06-30T07:41:18.773+0000] {dagbag.py:588} INFO - Filling up the DagBag from /opt/airflow/dags/ingest_avito_to_raw.py
[2026-06-30T07:41:18.778+0000] {processor.py:925} INFO - DAG(s) 'ingest_avito_to_raw' retrieved from /opt/airflow/dags/ingest_avito_to_raw.py
[2026-06-30T07:41:18.795+0000] {logging_mixin.py:190} INFO - [2026-06-30T07:41:18.795+0000] {dag.py:3239} INFO - Sync 1 DAGs
[2026-06-30T07:41:18.805+0000] {logging_mixin.py:190} INFO - [2026-06-30T07:41:18.805+0000] {dag.py:4180} INFO - Setting next_dagrun for ingest_avito_to_raw to 2026-06-30 07:00:00+00:00, run_after=2026-06-30 08:00:00+00:00
[2026-06-30T07:41:18.816+0000] {processor.py:208} INFO - Processing /opt/airflow/dags/ingest_avito_to_raw.py took 0.049 seconds
[2026-06-30T07:47:49.037+0000] {processor.py:186} INFO - Started process (PID=25780) to work on /opt/airflow/dags/ingest_avito_to_raw.py
[2026-06-30T07:47:49.038+0000] {processor.py:914} INFO - Processing file /opt/airflow/dags/ingest_avito_to_raw.py for tasks to queue
[2026-06-30T07:47:49.038+0000] {logging_mixin.py:190} INFO - [2026-06-30T07:47:49.038+0000] {dagbag.py:588} INFO - Filling up the DagBag from /opt/airflow/dags/ingest_avito_to_raw.py
[2026-06-30T07:47:49.043+0000] {processor.py:925} INFO - DAG(s) 'ingest_avito_to_raw' retrieved from /opt/airflow/dags/ingest_avito_to_raw.py
[2026-06-30T07:47:49.058+0000] {logging_mixin.py:190} INFO - [2026-06-30T07:47:49.058+0000] {dag.py:3239} INFO - Sync 1 DAGs
[2026-06-30T07:47:49.067+0000] {logging_mixin.py:190} INFO - [2026-06-30T07:47:49.067+0000] {dag.py:4180} INFO - Setting next_dagrun for ingest_avito_to_raw to 2026-06-30 07:00:00+00:00, run_after=2026-06-30 08:00:00+00:00
[2026-06-30T07:47:49.075+0000] {processor.py:208} INFO - Processing /opt/airflow/dags/ingest_avito_to_raw.py took 0.041 seconds
[2026-06-30T07:48:19.536+0000] {processor.py:186} INFO - Started process (PID=25790) to work on /opt/airflow/dags/ingest_avito_to_raw.py
[2026-06-30T07:48:19.537+0000] {processor.py:914} INFO - Processing file /opt/airflow/dags/ingest_avito_to_raw.py for tasks to queue
[2026-06-30T07:48:19.538+0000] {logging_mixin.py:190} INFO - [2026-06-30T07:48:19.538+0000] {dagbag.py:588} INFO - Filling up the DagBag from /opt/airflow/dags/ingest_avito_to_raw.py
[2026-06-30T07:48:19.542+0000] {processor.py:925} INFO - DAG(s) 'ingest_avito_to_raw' retrieved from /opt/airflow/dags/ingest_avito_to_raw.py
[2026-06-30T07:48:19.559+0000] {logging_mixin.py:190} INFO - [2026-06-30T07:48:19.559+0000] {dag.py:3239} INFO - Sync 1 DAGs
[2026-06-30T07:48:19.568+0000] {logging_mixin.py:190} INFO - [2026-06-30T07:48:19.568+0000] {dag.py:4180} INFO - Setting next_dagrun for ingest_avito_to_raw to 2026-06-30 07:00:00+00:00, run_after=2026-06-30 08:00:00+00:00
[2026-06-30T07:48:19.576+0000] {processor.py:208} INFO - Processing /opt/airflow/dags/ingest_avito_to_raw.py took 0.045 seconds
[2026-06-30T08:03:48.025+0000] {processor.py:186} INFO - Started process (PID=25800) to work on /opt/airflow/dags/ingest_avito_to_raw.py
[2026-06-30T08:03:48.026+0000] {processor.py:914} INFO - Processing file /opt/airflow/dags/ingest_avito_to_raw.py for tasks to queue
[2026-06-30T08:03:48.027+0000] {logging_mixin.py:190} INFO - [2026-06-30T08:03:48.027+0000] {dagbag.py:588} INFO - Filling up the DagBag from /opt/airflow/dags/ingest_avito_to_raw.py
[2026-06-30T08:03:48.031+0000] {processor.py:925} INFO - DAG(s) 'ingest_avito_to_raw' retrieved from /opt/airflow/dags/ingest_avito_to_raw.py
[2026-06-30T08:03:48.049+0000] {logging_mixin.py:190} INFO - [2026-06-30T08:03:48.049+0000] {dag.py:3239} INFO - Sync 1 DAGs
[2026-06-30T08:03:48.058+0000] {logging_mixin.py:190} INFO - [2026-06-30T08:03:48.058+0000] {dag.py:4180} INFO - Setting next_dagrun for ingest_avito_to_raw to 2026-06-30 07:00:00+00:00, run_after=2026-06-30 08:00:00+00:00
[2026-06-30T08:03:48.066+0000] {processor.py:208} INFO - Processing /opt/airflow/dags/ingest_avito_to_raw.py took 0.044 seconds
[2026-06-30T08:20:11.468+0000] {processor.py:186} INFO - Started process (PID=25813) to work on /opt/airflow/dags/ingest_avito_to_raw.py
[2026-06-30T08:20:11.468+0000] {processor.py:914} INFO - Processing file /opt/airflow/dags/ingest_avito_to_raw.py for tasks to queue
[2026-06-30T08:20:11.469+0000] {logging_mixin.py:190} INFO - [2026-06-30T08:20:11.469+0000] {dagbag.py:588} INFO - Filling up the DagBag from /opt/airflow/dags/ingest_avito_to_raw.py
[2026-06-30T08:20:11.473+0000] {processor.py:925} INFO - DAG(s) 'ingest_avito_to_raw' retrieved from /opt/airflow/dags/ingest_avito_to_raw.py
[2026-06-30T08:20:11.489+0000] {logging_mixin.py:190} INFO - [2026-06-30T08:20:11.489+0000] {dag.py:3239} INFO - Sync 1 DAGs
[2026-06-30T08:20:11.499+0000] {logging_mixin.py:190} INFO - [2026-06-30T08:20:11.499+0000] {dag.py:4180} INFO - Setting next_dagrun for ingest_avito_to_raw to 2026-06-30 08:00:00+00:00, run_after=2026-06-30 09:00:00+00:00
[2026-06-30T08:20:11.507+0000] {processor.py:208} INFO - Processing /opt/airflow/dags/ingest_avito_to_raw.py took 0.044 seconds
[2026-06-30T08:20:41.910+0000] {processor.py:186} INFO - Started process (PID=25823) to work on /opt/airflow/dags/ingest_avito_to_raw.py
[2026-06-30T08:20:41.911+0000] {processor.py:914} INFO - Processing file /opt/airflow/dags/ingest_avito_to_raw.py for tasks to queue
[2026-06-30T08:20:41.912+0000] {logging_mixin.py:190} INFO - [2026-06-30T08:20:41.912+0000] {dagbag.py:588} INFO - Filling up the DagBag from /opt/airflow/dags/ingest_avito_to_raw.py
[2026-06-30T08:20:41.917+0000] {processor.py:925} INFO - DAG(s) 'ingest_avito_to_raw' retrieved from /opt/airflow/dags/ingest_avito_to_raw.py
[2026-06-30T08:20:41.938+0000] {logging_mixin.py:190} INFO - [2026-06-30T08:20:41.938+0000] {dag.py:3239} INFO - Sync 1 DAGs
[2026-06-30T08:20:41.949+0000] {logging_mixin.py:190} INFO - [2026-06-30T08:20:41.949+0000] {dag.py:4180} INFO - Setting next_dagrun for ingest_avito_to_raw to 2026-06-30 08:00:00+00:00, run_after=2026-06-30 09:00:00+00:00
[2026-06-30T08:20:41.958+0000] {processor.py:208} INFO - Processing /opt/airflow/dags/ingest_avito_to_raw.py took 0.055 seconds
[2026-06-30T08:36:14.061+0000] {processor.py:186} INFO - Started process (PID=25833) to work on /opt/airflow/dags/ingest_avito_to_raw.py
[2026-06-30T08:36:14.062+0000] {processor.py:914} INFO - Processing file /opt/airflow/dags/ingest_avito_to_raw.py for tasks to queue
[2026-06-30T08:36:14.063+0000] {logging_mixin.py:190} INFO - [2026-06-30T08:36:14.063+0000] {dagbag.py:588} INFO - Filling up the DagBag from /opt/airflow/dags/ingest_avito_to_raw.py
[2026-06-30T08:36:14.066+0000] {processor.py:925} INFO - DAG(s) 'ingest_avito_to_raw' retrieved from /opt/airflow/dags/ingest_avito_to_raw.py
[2026-06-30T08:36:14.084+0000] {logging_mixin.py:190} INFO - [2026-06-30T08:36:14.084+0000] {dag.py:3239} INFO - Sync 1 DAGs
[2026-06-30T08:36:14.094+0000] {logging_mixin.py:190} INFO - [2026-06-30T08:36:14.094+0000] {dag.py:4180} INFO - Setting next_dagrun for ingest_avito_to_raw to 2026-06-30 08:00:00+00:00, run_after=2026-06-30 09:00:00+00:00
[2026-06-30T08:36:14.104+0000] {processor.py:208} INFO - Processing /opt/airflow/dags/ingest_avito_to_raw.py took 0.045 seconds
[2026-06-30T08:36:44.493+0000] {processor.py:186} INFO - Started process (PID=25843) to work on /opt/airflow/dags/ingest_avito_to_raw.py
[2026-06-30T08:36:44.494+0000] {processor.py:914} INFO - Processing file /opt/airflow/dags/ingest_avito_to_raw.py for tasks to queue
[2026-06-30T08:36:44.495+0000] {logging_mixin.py:190} INFO - [2026-06-30T08:36:44.495+0000] {dagbag.py:588} INFO - Filling up the DagBag from /opt/airflow/dags/ingest_avito_to_raw.py
[2026-06-30T08:36:44.499+0000] {processor.py:925} INFO - DAG(s) 'ingest_avito_to_raw' retrieved from /opt/airflow/dags/ingest_avito_to_raw.py
[2026-06-30T08:36:44.519+0000] {logging_mixin.py:190} INFO - [2026-06-30T08:36:44.519+0000] {dag.py:3239} INFO - Sync 1 DAGs
[2026-06-30T08:36:44.530+0000] {logging_mixin.py:190} INFO - [2026-06-30T08:36:44.529+0000] {dag.py:4180} INFO - Setting next_dagrun for ingest_avito_to_raw to 2026-06-30 08:00:00+00:00, run_after=2026-06-30 09:00:00+00:00
[2026-06-30T08:36:44.538+0000] {processor.py:208} INFO - Processing /opt/airflow/dags/ingest_avito_to_raw.py took 0.050 seconds
[2026-06-30T08:48:51.424+0000] {processor.py:186} INFO - Started process (PID=25853) to work on /opt/airflow/dags/ingest_avito_to_raw.py
[2026-06-30T08:48:51.424+0000] {processor.py:914} INFO - Processing file /opt/airflow/dags/ingest_avito_to_raw.py for tasks to queue
[2026-06-30T08:48:51.425+0000] {logging_mixin.py:190} INFO - [2026-06-30T08:48:51.425+0000] {dagbag.py:588} INFO - Filling up the DagBag from /opt/airflow/dags/ingest_avito_to_raw.py
[2026-06-30T08:48:51.429+0000] {processor.py:925} INFO - DAG(s) 'ingest_avito_to_raw' retrieved from /opt/airflow/dags/ingest_avito_to_raw.py
[2026-06-30T08:48:51.445+0000] {logging_mixin.py:190} INFO - [2026-06-30T08:48:51.445+0000] {dag.py:3239} INFO - Sync 1 DAGs
[2026-06-30T08:48:51.455+0000] {logging_mixin.py:190} INFO - [2026-06-30T08:48:51.455+0000] {dag.py:4180} INFO - Setting next_dagrun for ingest_avito_to_raw to 2026-06-30 08:00:00+00:00, run_after=2026-06-30 09:00:00+00:00
[2026-06-30T08:48:51.464+0000] {processor.py:208} INFO - Processing /opt/airflow/dags/ingest_avito_to_raw.py took 0.044 seconds
[2026-06-30T08:49:21.835+0000] {processor.py:186} INFO - Started process (PID=25863) to work on /opt/airflow/dags/ingest_avito_to_raw.py
[2026-06-30T08:49:21.836+0000] {processor.py:914} INFO - Processing file /opt/airflow/dags/ingest_avito_to_raw.py for tasks to queue
[2026-06-30T08:49:21.837+0000] {logging_mixin.py:190} INFO - [2026-06-30T08:49:21.837+0000] {dagbag.py:588} INFO - Filling up the DagBag from /opt/airflow/dags/ingest_avito_to_raw.py
[2026-06-30T08:49:21.843+0000] {processor.py:925} INFO - DAG(s) 'ingest_avito_to_raw' retrieved from /opt/airflow/dags/ingest_avito_to_raw.py
[2026-06-30T08:49:21.865+0000] {logging_mixin.py:190} INFO - [2026-06-30T08:49:21.865+0000] {dag.py:3239} INFO - Sync 1 DAGs
[2026-06-30T08:49:21.879+0000] {logging_mixin.py:190} INFO - [2026-06-30T08:49:21.878+0000] {dag.py:4180} INFO - Setting next_dagrun for ingest_avito_to_raw to 2026-06-30 08:00:00+00:00, run_after=2026-06-30 09:00:00+00:00
[2026-06-30T08:49:21.888+0000] {processor.py:208} INFO - Processing /opt/airflow/dags/ingest_avito_to_raw.py took 0.060 seconds
[2026-06-30T09:06:00.847+0000] {processor.py:186} INFO - Started process (PID=25876) to work on /opt/airflow/dags/ingest_avito_to_raw.py
[2026-06-30T09:06:00.847+0000] {processor.py:914} INFO - Processing file /opt/airflow/dags/ingest_avito_to_raw.py for tasks to queue
[2026-06-30T09:06:00.848+0000] {logging_mixin.py:190} INFO - [2026-06-30T09:06:00.848+0000] {dagbag.py:588} INFO - Filling up the DagBag from /opt/airflow/dags/ingest_avito_to_raw.py
[2026-06-30T09:06:00.851+0000] {processor.py:925} INFO - DAG(s) 'ingest_avito_to_raw' retrieved from /opt/airflow/dags/ingest_avito_to_raw.py
[2026-06-30T09:06:00.865+0000] {logging_mixin.py:190} INFO - [2026-06-30T09:06:00.865+0000] {dag.py:3239} INFO - Sync 1 DAGs
[2026-06-30T09:06:00.874+0000] {logging_mixin.py:190} INFO - [2026-06-30T09:06:00.874+0000] {dag.py:4180} INFO - Setting next_dagrun for ingest_avito_to_raw to 2026-06-30 09:00:00+00:00, run_after=2026-06-30 10:00:00+00:00
[2026-06-30T09:06:00.883+0000] {processor.py:208} INFO - Processing /opt/airflow/dags/ingest_avito_to_raw.py took 0.040 seconds
[2026-06-30T09:22:54.032+0000] {processor.py:186} INFO - Started process (PID=25886) to work on /opt/airflow/dags/ingest_avito_to_raw.py
[2026-06-30T09:22:54.032+0000] {processor.py:914} INFO - Processing file /opt/airflow/dags/ingest_avito_to_raw.py for tasks to queue
[2026-06-30T09:22:54.033+0000] {logging_mixin.py:190} INFO - [2026-06-30T09:22:54.033+0000] {dagbag.py:588} INFO - Filling up the DagBag from /opt/airflow/dags/ingest_avito_to_raw.py
[2026-06-30T09:22:54.040+0000] {processor.py:925} INFO - DAG(s) 'ingest_avito_to_raw' retrieved from /opt/airflow/dags/ingest_avito_to_raw.py
[2026-06-30T09:22:54.057+0000] {logging_mixin.py:190} INFO - [2026-06-30T09:22:54.056+0000] {dag.py:3239} INFO - Sync 1 DAGs
[2026-06-30T09:22:54.067+0000] {logging_mixin.py:190} INFO - [2026-06-30T09:22:54.067+0000] {dag.py:4180} INFO - Setting next_dagrun for ingest_avito_to_raw to 2026-06-30 09:00:00+00:00, run_after=2026-06-30 10:00:00+00:00
[2026-06-30T09:22:54.077+0000] {processor.py:208} INFO - Processing /opt/airflow/dags/ingest_avito_to_raw.py took 0.051 seconds
[2026-06-30T09:23:24.430+0000] {processor.py:186} INFO - Started process (PID=25896) to work on /opt/airflow/dags/ingest_avito_to_raw.py
[2026-06-30T09:23:24.430+0000] {processor.py:914} INFO - Processing file /opt/airflow/dags/ingest_avito_to_raw.py for tasks to queue
[2026-06-30T09:23:24.431+0000] {logging_mixin.py:190} INFO - [2026-06-30T09:23:24.431+0000] {dagbag.py:588} INFO - Filling up the DagBag from /opt/airflow/dags/ingest_avito_to_raw.py
[2026-06-30T09:23:24.435+0000] {processor.py:925} INFO - DAG(s) 'ingest_avito_to_raw' retrieved from /opt/airflow/dags/ingest_avito_to_raw.py
[2026-06-30T09:23:24.451+0000] {logging_mixin.py:190} INFO - [2026-06-30T09:23:24.451+0000] {dag.py:3239} INFO - Sync 1 DAGs
[2026-06-30T09:23:24.462+0000] {logging_mixin.py:190} INFO - [2026-06-30T09:23:24.462+0000] {dag.py:4180} INFO - Setting next_dagrun for ingest_avito_to_raw to 2026-06-30 09:00:00+00:00, run_after=2026-06-30 10:00:00+00:00
[2026-06-30T09:23:24.471+0000] {processor.py:208} INFO - Processing /opt/airflow/dags/ingest_avito_to_raw.py took 0.047 seconds
[2026-06-30T09:41:29.351+0000] {processor.py:186} INFO - Started process (PID=25906) to work on /opt/airflow/dags/ingest_avito_to_raw.py
[2026-06-30T09:41:29.352+0000] {processor.py:914} INFO - Processing file /opt/airflow/dags/ingest_avito_to_raw.py for tasks to queue
[2026-06-30T09:41:29.352+0000] {logging_mixin.py:190} INFO - [2026-06-30T09:41:29.352+0000] {dagbag.py:588} INFO - Filling up the DagBag from /opt/airflow/dags/ingest_avito_to_raw.py
[2026-06-30T09:41:29.356+0000] {processor.py:925} INFO - DAG(s) 'ingest_avito_to_raw' retrieved from /opt/airflow/dags/ingest_avito_to_raw.py
[2026-06-30T09:41:29.371+0000] {logging_mixin.py:190} INFO - [2026-06-30T09:41:29.371+0000] {dag.py:3239} INFO - Sync 1 DAGs
[2026-06-30T09:41:29.380+0000] {logging_mixin.py:190} INFO - [2026-06-30T09:41:29.380+0000] {dag.py:4180} INFO - Setting next_dagrun for ingest_avito_to_raw to 2026-06-30 09:00:00+00:00, run_after=2026-06-30 10:00:00+00:00
[2026-06-30T09:41:29.389+0000] {processor.py:208} INFO - Processing /opt/airflow/dags/ingest_avito_to_raw.py took 0.043 seconds
[2026-06-30T09:41:59.786+0000] {processor.py:186} INFO - Started process (PID=25916) to work on /opt/airflow/dags/ingest_avito_to_raw.py
[2026-06-30T09:41:59.786+0000] {processor.py:914} INFO - Processing file /opt/airflow/dags/ingest_avito_to_raw.py for tasks to queue
[2026-06-30T09:41:59.787+0000] {logging_mixin.py:190} INFO - [2026-06-30T09:41:59.787+0000] {dagbag.py:588} INFO - Filling up the DagBag from /opt/airflow/dags/ingest_avito_to_raw.py
[2026-06-30T09:41:59.792+0000] {processor.py:925} INFO - DAG(s) 'ingest_avito_to_raw' retrieved from /opt/airflow/dags/ingest_avito_to_raw.py
[2026-06-30T09:41:59.809+0000] {logging_mixin.py:190} INFO - [2026-06-30T09:41:59.809+0000] {dag.py:3239} INFO - Sync 1 DAGs
[2026-06-30T09:41:59.818+0000] {logging_mixin.py:190} INFO - [2026-06-30T09:41:59.818+0000] {dag.py:4180} INFO - Setting next_dagrun for ingest_avito_to_raw to 2026-06-30 09:00:00+00:00, run_after=2026-06-30 10:00:00+00:00
[2026-06-30T09:41:59.828+0000] {processor.py:208} INFO - Processing /opt/airflow/dags/ingest_avito_to_raw.py took 0.047 seconds
[2026-06-30T09:49:52.753+0000] {processor.py:186} INFO - Started process (PID=25926) to work on /opt/airflow/dags/ingest_avito_to_raw.py
[2026-06-30T09:49:52.754+0000] {processor.py:914} INFO - Processing file /opt/airflow/dags/ingest_avito_to_raw.py for tasks to queue
[2026-06-30T09:49:52.754+0000] {logging_mixin.py:190} INFO - [2026-06-30T09:49:52.754+0000] {dagbag.py:588} INFO - Filling up the DagBag from /opt/airflow/dags/ingest_avito_to_raw.py
[2026-06-30T09:49:52.759+0000] {processor.py:925} INFO - DAG(s) 'ingest_avito_to_raw' retrieved from /opt/airflow/dags/ingest_avito_to_raw.py
[2026-06-30T09:49:52.776+0000] {logging_mixin.py:190} INFO - [2026-06-30T09:49:52.776+0000] {dag.py:3239} INFO - Sync 1 DAGs
[2026-06-30T09:49:52.784+0000] {logging_mixin.py:190} INFO - [2026-06-30T09:49:52.784+0000] {dag.py:4180} INFO - Setting next_dagrun for ingest_avito_to_raw to 2026-06-30 09:00:00+00:00, run_after=2026-06-30 10:00:00+00:00
[2026-06-30T09:49:52.792+0000] {processor.py:208} INFO - Processing /opt/airflow/dags/ingest_avito_to_raw.py took 0.044 seconds
[2026-06-30T09:50:23.155+0000] {processor.py:186} INFO - Started process (PID=25936) to work on /opt/airflow/dags/ingest_avito_to_raw.py
[2026-06-30T09:50:23.155+0000] {processor.py:914} INFO - Processing file /opt/airflow/dags/ingest_avito_to_raw.py for tasks to queue
[2026-06-30T09:50:23.156+0000] {logging_mixin.py:190} INFO - [2026-06-30T09:50:23.156+0000] {dagbag.py:588} INFO - Filling up the DagBag from /opt/airflow/dags/ingest_avito_to_raw.py
[2026-06-30T09:50:23.161+0000] {processor.py:925} INFO - DAG(s) 'ingest_avito_to_raw' retrieved from /opt/airflow/dags/ingest_avito_to_raw.py
[2026-06-30T09:50:23.180+0000] {logging_mixin.py:190} INFO - [2026-06-30T09:50:23.180+0000] {dag.py:3239} INFO - Sync 1 DAGs
[2026-06-30T09:50:23.190+0000] {logging_mixin.py:190} INFO - [2026-06-30T09:50:23.190+0000] {dag.py:4180} INFO - Setting next_dagrun for ingest_avito_to_raw to 2026-06-30 09:00:00+00:00, run_after=2026-06-30 10:00:00+00:00
[2026-06-30T09:50:23.200+0000] {processor.py:208} INFO - Processing /opt/airflow/dags/ingest_avito_to_raw.py took 0.051 seconds
[2026-06-30T10:06:36.260+0000] {processor.py:186} INFO - Started process (PID=25949) to work on /opt/airflow/dags/ingest_avito_to_raw.py
[2026-06-30T10:06:36.260+0000] {processor.py:914} INFO - Processing file /opt/airflow/dags/ingest_avito_to_raw.py for tasks to queue
[2026-06-30T10:06:36.261+0000] {logging_mixin.py:190} INFO - [2026-06-30T10:06:36.261+0000] {dagbag.py:588} INFO - Filling up the DagBag from /opt/airflow/dags/ingest_avito_to_raw.py
[2026-06-30T10:06:36.265+0000] {processor.py:925} INFO - DAG(s) 'ingest_avito_to_raw' retrieved from /opt/airflow/dags/ingest_avito_to_raw.py
[2026-06-30T10:06:36.281+0000] {logging_mixin.py:190} INFO - [2026-06-30T10:06:36.281+0000] {dag.py:3239} INFO - Sync 1 DAGs
[2026-06-30T10:06:36.290+0000] {logging_mixin.py:190} INFO - [2026-06-30T10:06:36.290+0000] {dag.py:4180} INFO - Setting next_dagrun for ingest_avito_to_raw to 2026-06-30 10:00:00+00:00, run_after=2026-06-30 11:00:00+00:00
[2026-06-30T10:06:36.298+0000] {processor.py:208} INFO - Processing /opt/airflow/dags/ingest_avito_to_raw.py took 0.043 seconds
[2026-06-30T10:24:34.298+0000] {processor.py:186} INFO - Started process (PID=25959) to work on /opt/airflow/dags/ingest_avito_to_raw.py
[2026-06-30T10:24:34.298+0000] {processor.py:914} INFO - Processing file /opt/airflow/dags/ingest_avito_to_raw.py for tasks to queue
[2026-06-30T10:24:34.299+0000] {logging_mixin.py:190} INFO - [2026-06-30T10:24:34.299+0000] {dagbag.py:588} INFO - Filling up the DagBag from /opt/airflow/dags/ingest_avito_to_raw.py
[2026-06-30T10:24:34.302+0000] {processor.py:925} INFO - DAG(s) 'ingest_avito_to_raw' retrieved from /opt/airflow/dags/ingest_avito_to_raw.py
[2026-06-30T10:24:34.318+0000] {logging_mixin.py:190} INFO - [2026-06-30T10:24:34.318+0000] {dag.py:3239} INFO - Sync 1 DAGs
[2026-06-30T10:24:34.327+0000] {logging_mixin.py:190} INFO - [2026-06-30T10:24:34.327+0000] {dag.py:4180} INFO - Setting next_dagrun for ingest_avito_to_raw to 2026-06-30 10:00:00+00:00, run_after=2026-06-30 11:00:00+00:00
[2026-06-30T10:24:34.339+0000] {processor.py:208} INFO - Processing /opt/airflow/dags/ingest_avito_to_raw.py took 0.045 seconds
[2026-06-30T10:25:04.714+0000] {processor.py:186} INFO - Started process (PID=25969) to work on /opt/airflow/dags/ingest_avito_to_raw.py
[2026-06-30T10:25:04.715+0000] {processor.py:914} INFO - Processing file /opt/airflow/dags/ingest_avito_to_raw.py for tasks to queue
[2026-06-30T10:25:04.716+0000] {logging_mixin.py:190} INFO - [2026-06-30T10:25:04.715+0000] {dagbag.py:588} INFO - Filling up the DagBag from /opt/airflow/dags/ingest_avito_to_raw.py
[2026-06-30T10:25:04.720+0000] {processor.py:925} INFO - DAG(s) 'ingest_avito_to_raw' retrieved from /opt/airflow/dags/ingest_avito_to_raw.py
[2026-06-30T10:25:04.736+0000] {logging_mixin.py:190} INFO - [2026-06-30T10:25:04.736+0000] {dag.py:3239} INFO - Sync 1 DAGs
[2026-06-30T10:25:04.745+0000] {logging_mixin.py:190} INFO - [2026-06-30T10:25:04.745+0000] {dag.py:4180} INFO - Setting next_dagrun for ingest_avito_to_raw to 2026-06-30 10:00:00+00:00, run_after=2026-06-30 11:00:00+00:00
[2026-06-30T10:25:04.754+0000] {processor.py:208} INFO - Processing /opt/airflow/dags/ingest_avito_to_raw.py took 0.045 seconds
[2026-06-30T10:41:47.918+0000] {processor.py:186} INFO - Started process (PID=25979) to work on /opt/airflow/dags/ingest_avito_to_raw.py
[2026-06-30T10:41:47.919+0000] {processor.py:914} INFO - Processing file /opt/airflow/dags/ingest_avito_to_raw.py for tasks to queue
[2026-06-30T10:41:47.919+0000] {logging_mixin.py:190} INFO - [2026-06-30T10:41:47.919+0000] {dagbag.py:588} INFO - Filling up the DagBag from /opt/airflow/dags/ingest_avito_to_raw.py
[2026-06-30T10:41:47.924+0000] {processor.py:925} INFO - DAG(s) 'ingest_avito_to_raw' retrieved from /opt/airflow/dags/ingest_avito_to_raw.py
[2026-06-30T10:41:47.940+0000] {logging_mixin.py:190} INFO - [2026-06-30T10:41:47.940+0000] {dag.py:3239} INFO - Sync 1 DAGs
[2026-06-30T10:41:47.951+0000] {logging_mixin.py:190} INFO - [2026-06-30T10:41:47.951+0000] {dag.py:4180} INFO - Setting next_dagrun for ingest_avito_to_raw to 2026-06-30 10:00:00+00:00, run_after=2026-06-30 11:00:00+00:00
[2026-06-30T10:41:47.960+0000] {processor.py:208} INFO - Processing /opt/airflow/dags/ingest_avito_to_raw.py took 0.046 seconds
[2026-06-30T10:42:18.358+0000] {processor.py:186} INFO - Started process (PID=25989) to work on /opt/airflow/dags/ingest_avito_to_raw.py
[2026-06-30T10:42:18.359+0000] {processor.py:914} INFO - Processing file /opt/airflow/dags/ingest_avito_to_raw.py for tasks to queue
[2026-06-30T10:42:18.359+0000] {logging_mixin.py:190} INFO - [2026-06-30T10:42:18.359+0000] {dagbag.py:588} INFO - Filling up the DagBag from /opt/airflow/dags/ingest_avito_to_raw.py
[2026-06-30T10:42:18.363+0000] {processor.py:925} INFO - DAG(s) 'ingest_avito_to_raw' retrieved from /opt/airflow/dags/ingest_avito_to_raw.py
[2026-06-30T10:42:18.382+0000] {logging_mixin.py:190} INFO - [2026-06-30T10:42:18.382+0000] {dag.py:3239} INFO - Sync 1 DAGs
[2026-06-30T10:42:18.392+0000] {logging_mixin.py:190} INFO - [2026-06-30T10:42:18.392+0000] {dag.py:4180} INFO - Setting next_dagrun for ingest_avito_to_raw to 2026-06-30 10:00:00+00:00, run_after=2026-06-30 11:00:00+00:00
[2026-06-30T10:42:18.401+0000] {processor.py:208} INFO - Processing /opt/airflow/dags/ingest_avito_to_raw.py took 0.049 seconds
[2026-06-30T10:50:54.466+0000] {processor.py:186} INFO - Started process (PID=25999) to work on /opt/airflow/dags/ingest_avito_to_raw.py
[2026-06-30T10:50:54.467+0000] {processor.py:914} INFO - Processing file /opt/airflow/dags/ingest_avito_to_raw.py for tasks to queue
[2026-06-30T10:50:54.467+0000] {logging_mixin.py:190} INFO - [2026-06-30T10:50:54.467+0000] {dagbag.py:588} INFO - Filling up the DagBag from /opt/airflow/dags/ingest_avito_to_raw.py
[2026-06-30T10:50:54.471+0000] {processor.py:925} INFO - DAG(s) 'ingest_avito_to_raw' retrieved from /opt/airflow/dags/ingest_avito_to_raw.py
[2026-06-30T10:50:54.488+0000] {logging_mixin.py:190} INFO - [2026-06-30T10:50:54.486+0000] {dag.py:3239} INFO - Sync 1 DAGs
[2026-06-30T10:50:54.497+0000] {logging_mixin.py:190} INFO - [2026-06-30T10:50:54.497+0000] {dag.py:4180} INFO - Setting next_dagrun for ingest_avito_to_raw to 2026-06-30 10:00:00+00:00, run_after=2026-06-30 11:00:00+00:00
[2026-06-30T10:50:54.504+0000] {processor.py:208} INFO - Processing /opt/airflow/dags/ingest_avito_to_raw.py took 0.042 seconds
[2026-06-30T10:51:24.913+0000] {processor.py:186} INFO - Started process (PID=26009) to work on /opt/airflow/dags/ingest_avito_to_raw.py
[2026-06-30T10:51:24.914+0000] {processor.py:914} INFO - Processing file /opt/airflow/dags/ingest_avito_to_raw.py for tasks to queue
[2026-06-30T10:51:24.914+0000] {logging_mixin.py:190} INFO - [2026-06-30T10:51:24.914+0000] {dagbag.py:588} INFO - Filling up the DagBag from /opt/airflow/dags/ingest_avito_to_raw.py
[2026-06-30T10:51:24.919+0000] {processor.py:925} INFO - DAG(s) 'ingest_avito_to_raw' retrieved from /opt/airflow/dags/ingest_avito_to_raw.py
[2026-06-30T10:51:24.935+0000] {logging_mixin.py:190} INFO - [2026-06-30T10:51:24.935+0000] {dag.py:3239} INFO - Sync 1 DAGs
[2026-06-30T10:51:24.944+0000] {logging_mixin.py:190} INFO - [2026-06-30T10:51:24.944+0000] {dag.py:4180} INFO - Setting next_dagrun for ingest_avito_to_raw to 2026-06-30 10:00:00+00:00, run_after=2026-06-30 11:00:00+00:00
[2026-06-30T10:51:24.951+0000] {processor.py:208} INFO - Processing /opt/airflow/dags/ingest_avito_to_raw.py took 0.042 seconds
[2026-06-30T11:09:40.928+0000] {processor.py:186} INFO - Started process (PID=26019) to work on /opt/airflow/dags/ingest_avito_to_raw.py
[2026-06-30T11:09:40.928+0000] {processor.py:914} INFO - Processing file /opt/airflow/dags/ingest_avito_to_raw.py for tasks to queue
[2026-06-30T11:09:40.929+0000] {logging_mixin.py:190} INFO - [2026-06-30T11:09:40.929+0000] {dagbag.py:588} INFO - Filling up the DagBag from /opt/airflow/dags/ingest_avito_to_raw.py
[2026-06-30T11:09:40.933+0000] {processor.py:925} INFO - DAG(s) 'ingest_avito_to_raw' retrieved from /opt/airflow/dags/ingest_avito_to_raw.py
[2026-06-30T11:09:40.949+0000] {logging_mixin.py:190} INFO - [2026-06-30T11:09:40.949+0000] {dag.py:3239} INFO - Sync 1 DAGs
[2026-06-30T11:09:40.959+0000] {logging_mixin.py:190} INFO - [2026-06-30T11:09:40.959+0000] {dag.py:4180} INFO - Setting next_dagrun for ingest_avito_to_raw to 2026-06-30 10:00:00+00:00, run_after=2026-06-30 11:00:00+00:00
[2026-06-30T11:09:40.967+0000] {processor.py:208} INFO - Processing /opt/airflow/dags/ingest_avito_to_raw.py took 0.043 seconds
[2026-06-30T11:27:56.181+0000] {processor.py:186} INFO - Started process (PID=26032) to work on /opt/airflow/dags/ingest_avito_to_raw.py
[2026-06-30T11:27:56.182+0000] {processor.py:914} INFO - Processing file /opt/airflow/dags/ingest_avito_to_raw.py for tasks to queue
[2026-06-30T11:27:56.183+0000] {logging_mixin.py:190} INFO - [2026-06-30T11:27:56.183+0000] {dagbag.py:588} INFO - Filling up the DagBag from /opt/airflow/dags/ingest_avito_to_raw.py
[2026-06-30T11:27:56.187+0000] {processor.py:925} INFO - DAG(s) 'ingest_avito_to_raw' retrieved from /opt/airflow/dags/ingest_avito_to_raw.py
[2026-06-30T11:27:56.206+0000] {logging_mixin.py:190} INFO - [2026-06-30T11:27:56.205+0000] {dag.py:3239} INFO - Sync 1 DAGs
[2026-06-30T11:27:56.215+0000] {logging_mixin.py:190} INFO - [2026-06-30T11:27:56.215+0000] {dag.py:4180} INFO - Setting next_dagrun for ingest_avito_to_raw to 2026-06-30 11:00:00+00:00, run_after=2026-06-30 12:00:00+00:00
[2026-06-30T11:27:56.224+0000] {processor.py:208} INFO - Processing /opt/airflow/dags/ingest_avito_to_raw.py took 0.047 seconds
[2026-06-30T11:28:26.681+0000] {processor.py:186} INFO - Started process (PID=26042) to work on /opt/airflow/dags/ingest_avito_to_raw.py
[2026-06-30T11:28:26.682+0000] {processor.py:914} INFO - Processing file /opt/airflow/dags/ingest_avito_to_raw.py for tasks to queue
[2026-06-30T11:28:26.683+0000] {logging_mixin.py:190} INFO - [2026-06-30T11:28:26.683+0000] {dagbag.py:588} INFO - Filling up the DagBag from /opt/airflow/dags/ingest_avito_to_raw.py
[2026-06-30T11:28:26.689+0000] {processor.py:925} INFO - DAG(s) 'ingest_avito_to_raw' retrieved from /opt/airflow/dags/ingest_avito_to_raw.py
[2026-06-30T11:28:26.705+0000] {logging_mixin.py:190} INFO - [2026-06-30T11:28:26.705+0000] {dag.py:3239} INFO - Sync 1 DAGs
[2026-06-30T11:28:26.717+0000] {logging_mixin.py:190} INFO - [2026-06-30T11:28:26.716+0000] {dag.py:4180} INFO - Setting next_dagrun for ingest_avito_to_raw to 2026-06-30 11:00:00+00:00, run_after=2026-06-30 12:00:00+00:00
[2026-06-30T11:28:26.725+0000] {processor.py:208} INFO - Processing /opt/airflow/dags/ingest_avito_to_raw.py took 0.050 seconds
[2026-06-30T11:44:37.657+0000] {processor.py:186} INFO - Started process (PID=26052) to work on /opt/airflow/dags/ingest_avito_to_raw.py
[2026-06-30T11:44:37.657+0000] {processor.py:914} INFO - Processing file /opt/airflow/dags/ingest_avito_to_raw.py for tasks to queue
[2026-06-30T11:44:37.658+0000] {logging_mixin.py:190} INFO - [2026-06-30T11:44:37.658+0000] {dagbag.py:588} INFO - Filling up the DagBag from /opt/airflow/dags/ingest_avito_to_raw.py
[2026-06-30T11:44:37.662+0000] {processor.py:925} INFO - DAG(s) 'ingest_avito_to_raw' retrieved from /opt/airflow/dags/ingest_avito_to_raw.py
[2026-06-30T11:44:37.676+0000] {logging_mixin.py:190} INFO - [2026-06-30T11:44:37.676+0000] {dag.py:3239} INFO - Sync 1 DAGs
[2026-06-30T11:44:37.685+0000] {logging_mixin.py:190} INFO - [2026-06-30T11:44:37.685+0000] {dag.py:4180} INFO - Setting next_dagrun for ingest_avito_to_raw to 2026-06-30 11:00:00+00:00, run_after=2026-06-30 12:00:00+00:00
[2026-06-30T11:44:37.694+0000] {processor.py:208} INFO - Processing /opt/airflow/dags/ingest_avito_to_raw.py took 0.041 seconds
[2026-06-30T11:45:08.089+0000] {processor.py:186} INFO - Started process (PID=26062) to work on /opt/airflow/dags/ingest_avito_to_raw.py
[2026-06-30T11:45:08.089+0000] {processor.py:914} INFO - Processing file /opt/airflow/dags/ingest_avito_to_raw.py for tasks to queue
[2026-06-30T11:45:08.090+0000] {logging_mixin.py:190} INFO - [2026-06-30T11:45:08.090+0000] {dagbag.py:588} INFO - Filling up the DagBag from /opt/airflow/dags/ingest_avito_to_raw.py
[2026-06-30T11:45:08.094+0000] {processor.py:925} INFO - DAG(s) 'ingest_avito_to_raw' retrieved from /opt/airflow/dags/ingest_avito_to_raw.py
[2026-06-30T11:45:08.110+0000] {logging_mixin.py:190} INFO - [2026-06-30T11:45:08.110+0000] {dag.py:3239} INFO - Sync 1 DAGs
[2026-06-30T11:45:08.119+0000] {logging_mixin.py:190} INFO - [2026-06-30T11:45:08.119+0000] {dag.py:4180} INFO - Setting next_dagrun for ingest_avito_to_raw to 2026-06-30 11:00:00+00:00, run_after=2026-06-30 12:00:00+00:00
[2026-06-30T11:45:08.127+0000] {processor.py:208} INFO - Processing /opt/airflow/dags/ingest_avito_to_raw.py took 0.043 seconds
[2026-06-30T11:51:56.145+0000] {processor.py:186} INFO - Started process (PID=26072) to work on /opt/airflow/dags/ingest_avito_to_raw.py
[2026-06-30T11:51:56.146+0000] {processor.py:914} INFO - Processing file /opt/airflow/dags/ingest_avito_to_raw.py for tasks to queue
[2026-06-30T11:51:56.146+0000] {logging_mixin.py:190} INFO - [2026-06-30T11:51:56.146+0000] {dagbag.py:588} INFO - Filling up the DagBag from /opt/airflow/dags/ingest_avito_to_raw.py
[2026-06-30T11:51:56.150+0000] {processor.py:925} INFO - DAG(s) 'ingest_avito_to_raw' retrieved from /opt/airflow/dags/ingest_avito_to_raw.py
[2026-06-30T11:51:56.164+0000] {logging_mixin.py:190} INFO - [2026-06-30T11:51:56.164+0000] {dag.py:3239} INFO - Sync 1 DAGs
[2026-06-30T11:51:56.173+0000] {logging_mixin.py:190} INFO - [2026-06-30T11:51:56.173+0000] {dag.py:4180} INFO - Setting next_dagrun for ingest_avito_to_raw to 2026-06-30 11:00:00+00:00, run_after=2026-06-30 12:00:00+00:00
[2026-06-30T11:51:56.181+0000] {processor.py:208} INFO - Processing /opt/airflow/dags/ingest_avito_to_raw.py took 0.039 seconds
[2026-06-30T11:52:26.592+0000] {processor.py:186} INFO - Started process (PID=26082) to work on /opt/airflow/dags/ingest_avito_to_raw.py
[2026-06-30T11:52:26.593+0000] {processor.py:914} INFO - Processing file /opt/airflow/dags/ingest_avito_to_raw.py for tasks to queue
[2026-06-30T11:52:26.594+0000] {logging_mixin.py:190} INFO - [2026-06-30T11:52:26.594+0000] {dagbag.py:588} INFO - Filling up the DagBag from /opt/airflow/dags/ingest_avito_to_raw.py
[2026-06-30T11:52:26.598+0000] {processor.py:925} INFO - DAG(s) 'ingest_avito_to_raw' retrieved from /opt/airflow/dags/ingest_avito_to_raw.py
[2026-06-30T11:52:26.614+0000] {logging_mixin.py:190} INFO - [2026-06-30T11:52:26.614+0000] {dag.py:3239} INFO - Sync 1 DAGs
[2026-06-30T11:52:26.624+0000] {logging_mixin.py:190} INFO - [2026-06-30T11:52:26.624+0000] {dag.py:4180} INFO - Setting next_dagrun for ingest_avito_to_raw to 2026-06-30 11:00:00+00:00, run_after=2026-06-30 12:00:00+00:00
[2026-06-30T11:52:26.630+0000] {processor.py:208} INFO - Processing /opt/airflow/dags/ingest_avito_to_raw.py took 0.044 seconds
[2026-06-30T12:10:09.073+0000] {processor.py:186} INFO - Started process (PID=26092) to work on /opt/airflow/dags/ingest_avito_to_raw.py
[2026-06-30T12:10:09.074+0000] {processor.py:914} INFO - Processing file /opt/airflow/dags/ingest_avito_to_raw.py for tasks to queue
[2026-06-30T12:10:09.074+0000] {logging_mixin.py:190} INFO - [2026-06-30T12:10:09.074+0000] {dagbag.py:588} INFO - Filling up the DagBag from /opt/airflow/dags/ingest_avito_to_raw.py
[2026-06-30T12:10:09.078+0000] {processor.py:925} INFO - DAG(s) 'ingest_avito_to_raw' retrieved from /opt/airflow/dags/ingest_avito_to_raw.py
[2026-06-30T12:10:09.094+0000] {logging_mixin.py:190} INFO - [2026-06-30T12:10:09.094+0000] {dag.py:3239} INFO - Sync 1 DAGs
[2026-06-30T12:10:09.104+0000] {logging_mixin.py:190} INFO - [2026-06-30T12:10:09.104+0000] {dag.py:4180} INFO - Setting next_dagrun for ingest_avito_to_raw to 2026-06-30 11:00:00+00:00, run_after=2026-06-30 12:00:00+00:00
[2026-06-30T12:10:09.113+0000] {processor.py:208} INFO - Processing /opt/airflow/dags/ingest_avito_to_raw.py took 0.044 seconds
[2026-06-30T12:26:37.451+0000] {processor.py:186} INFO - Started process (PID=26105) to work on /opt/airflow/dags/ingest_avito_to_raw.py
[2026-06-30T12:26:37.452+0000] {processor.py:914} INFO - Processing file /opt/airflow/dags/ingest_avito_to_raw.py for tasks to queue
[2026-06-30T12:26:37.452+0000] {logging_mixin.py:190} INFO - [2026-06-30T12:26:37.452+0000] {dagbag.py:588} INFO - Filling up the DagBag from /opt/airflow/dags/ingest_avito_to_raw.py
[2026-06-30T12:26:37.456+0000] {processor.py:925} INFO - DAG(s) 'ingest_avito_to_raw' retrieved from /opt/airflow/dags/ingest_avito_to_raw.py
[2026-06-30T12:26:37.475+0000] {logging_mixin.py:190} INFO - [2026-06-30T12:26:37.475+0000] {dag.py:3239} INFO - Sync 1 DAGs
[2026-06-30T12:26:37.484+0000] {logging_mixin.py:190} INFO - [2026-06-30T12:26:37.484+0000] {dag.py:4180} INFO - Setting next_dagrun for ingest_avito_to_raw to 2026-06-30 12:00:00+00:00, run_after=2026-06-30 13:00:00+00:00
[2026-06-30T12:26:37.493+0000] {processor.py:208} INFO - Processing /opt/airflow/dags/ingest_avito_to_raw.py took 0.047 seconds
[2026-06-30T12:27:07.855+0000] {processor.py:186} INFO - Started process (PID=26115) to work on /opt/airflow/dags/ingest_avito_to_raw.py
[2026-06-30T12:27:07.856+0000] {processor.py:914} INFO - Processing file /opt/airflow/dags/ingest_avito_to_raw.py for tasks to queue
[2026-06-30T12:27:07.857+0000] {logging_mixin.py:190} INFO - [2026-06-30T12:27:07.857+0000] {dagbag.py:588} INFO - Filling up the DagBag from /opt/airflow/dags/ingest_avito_to_raw.py
[2026-06-30T12:27:07.861+0000] {processor.py:925} INFO - DAG(s) 'ingest_avito_to_raw' retrieved from /opt/airflow/dags/ingest_avito_to_raw.py
[2026-06-30T12:27:07.879+0000] {logging_mixin.py:190} INFO - [2026-06-30T12:27:07.879+0000] {dag.py:3239} INFO - Sync 1 DAGs
[2026-06-30T12:27:07.891+0000] {logging_mixin.py:190} INFO - [2026-06-30T12:27:07.891+0000] {dag.py:4180} INFO - Setting next_dagrun for ingest_avito_to_raw to 2026-06-30 12:00:00+00:00, run_after=2026-06-30 13:00:00+00:00
[2026-06-30T12:27:07.900+0000] {processor.py:208} INFO - Processing /opt/airflow/dags/ingest_avito_to_raw.py took 0.048 seconds
[2026-06-30T12:43:17.733+0000] {processor.py:186} INFO - Started process (PID=26125) to work on /opt/airflow/dags/ingest_avito_to_raw.py
[2026-06-30T12:43:17.733+0000] {processor.py:914} INFO - Processing file /opt/airflow/dags/ingest_avito_to_raw.py for tasks to queue
[2026-06-30T12:43:17.734+0000] {logging_mixin.py:190} INFO - [2026-06-30T12:43:17.734+0000] {dagbag.py:588} INFO - Filling up the DagBag from /opt/airflow/dags/ingest_avito_to_raw.py
[2026-06-30T12:43:17.738+0000] {processor.py:925} INFO - DAG(s) 'ingest_avito_to_raw' retrieved from /opt/airflow/dags/ingest_avito_to_raw.py
[2026-06-30T12:43:17.752+0000] {logging_mixin.py:190} INFO - [2026-06-30T12:43:17.752+0000] {dag.py:3239} INFO - Sync 1 DAGs
[2026-06-30T12:43:17.762+0000] {logging_mixin.py:190} INFO - [2026-06-30T12:43:17.762+0000] {dag.py:4180} INFO - Setting next_dagrun for ingest_avito_to_raw to 2026-06-30 12:00:00+00:00, run_after=2026-06-30 13:00:00+00:00
[2026-06-30T12:43:17.770+0000] {processor.py:208} INFO - Processing /opt/airflow/dags/ingest_avito_to_raw.py took 0.041 seconds
[2026-06-30T12:43:48.125+0000] {processor.py:186} INFO - Started process (PID=26135) to work on /opt/airflow/dags/ingest_avito_to_raw.py
[2026-06-30T12:43:48.125+0000] {processor.py:914} INFO - Processing file /opt/airflow/dags/ingest_avito_to_raw.py for tasks to queue
[2026-06-30T12:43:48.126+0000] {logging_mixin.py:190} INFO - [2026-06-30T12:43:48.126+0000] {dagbag.py:588} INFO - Filling up the DagBag from /opt/airflow/dags/ingest_avito_to_raw.py
[2026-06-30T12:43:48.132+0000] {processor.py:925} INFO - DAG(s) 'ingest_avito_to_raw' retrieved from /opt/airflow/dags/ingest_avito_to_raw.py
[2026-06-30T12:43:48.147+0000] {logging_mixin.py:190} INFO - [2026-06-30T12:43:48.147+0000] {dag.py:3239} INFO - Sync 1 DAGs
[2026-06-30T12:43:48.156+0000] {logging_mixin.py:190} INFO - [2026-06-30T12:43:48.156+0000] {dag.py:4180} INFO - Setting next_dagrun for ingest_avito_to_raw to 2026-06-30 12:00:00+00:00, run_after=2026-06-30 13:00:00+00:00
[2026-06-30T12:43:48.166+0000] {processor.py:208} INFO - Processing /opt/airflow/dags/ingest_avito_to_raw.py took 0.045 seconds
[2026-06-30T12:52:47.451+0000] {processor.py:186} INFO - Started process (PID=26145) to work on /opt/airflow/dags/ingest_avito_to_raw.py
[2026-06-30T12:52:47.452+0000] {processor.py:914} INFO - Processing file /opt/airflow/dags/ingest_avito_to_raw.py for tasks to queue
[2026-06-30T12:52:47.453+0000] {logging_mixin.py:190} INFO - [2026-06-30T12:52:47.453+0000] {dagbag.py:588} INFO - Filling up the DagBag from /opt/airflow/dags/ingest_avito_to_raw.py
[2026-06-30T12:52:47.458+0000] {processor.py:925} INFO - DAG(s) 'ingest_avito_to_raw' retrieved from /opt/airflow/dags/ingest_avito_to_raw.py
[2026-06-30T12:52:47.478+0000] {logging_mixin.py:190} INFO - [2026-06-30T12:52:47.478+0000] {dag.py:3239} INFO - Sync 1 DAGs
[2026-06-30T12:52:47.488+0000] {logging_mixin.py:190} INFO - [2026-06-30T12:52:47.488+0000] {dag.py:4180} INFO - Setting next_dagrun for ingest_avito_to_raw to 2026-06-30 12:00:00+00:00, run_after=2026-06-30 13:00:00+00:00
[2026-06-30T12:52:47.496+0000] {processor.py:208} INFO - Processing /opt/airflow/dags/ingest_avito_to_raw.py took 0.049 seconds
[2026-06-30T12:53:17.775+0000] {processor.py:186} INFO - Started process (PID=26155) to work on /opt/airflow/dags/ingest_avito_to_raw.py
[2026-06-30T12:53:17.776+0000] {processor.py:914} INFO - Processing file /opt/airflow/dags/ingest_avito_to_raw.py for tasks to queue
[2026-06-30T12:53:17.777+0000] {logging_mixin.py:190} INFO - [2026-06-30T12:53:17.776+0000] {dagbag.py:588} INFO - Filling up the DagBag from /opt/airflow/dags/ingest_avito_to_raw.py
[2026-06-30T12:53:17.781+0000] {processor.py:925} INFO - DAG(s) 'ingest_avito_to_raw' retrieved from /opt/airflow/dags/ingest_avito_to_raw.py
[2026-06-30T12:53:17.799+0000] {logging_mixin.py:190} INFO - [2026-06-30T12:53:17.799+0000] {dag.py:3239} INFO - Sync 1 DAGs
[2026-06-30T12:53:17.810+0000] {logging_mixin.py:190} INFO - [2026-06-30T12:53:17.810+0000] {dag.py:4180} INFO - Setting next_dagrun for ingest_avito_to_raw to 2026-06-30 12:00:00+00:00, run_after=2026-06-30 13:00:00+00:00
[2026-06-30T12:53:17.819+0000] {processor.py:208} INFO - Processing /opt/airflow/dags/ingest_avito_to_raw.py took 0.049 seconds
[2026-06-30T13:09:12.009+0000] {processor.py:186} INFO - Started process (PID=26165) to work on /opt/airflow/dags/ingest_avito_to_raw.py
[2026-06-30T13:09:12.009+0000] {processor.py:914} INFO - Processing file /opt/airflow/dags/ingest_avito_to_raw.py for tasks to queue
[2026-06-30T13:09:12.010+0000] {logging_mixin.py:190} INFO - [2026-06-30T13:09:12.010+0000] {dagbag.py:588} INFO - Filling up the DagBag from /opt/airflow/dags/ingest_avito_to_raw.py
[2026-06-30T13:09:12.014+0000] {processor.py:925} INFO - DAG(s) 'ingest_avito_to_raw' retrieved from /opt/airflow/dags/ingest_avito_to_raw.py
[2026-06-30T13:09:12.028+0000] {logging_mixin.py:190} INFO - [2026-06-30T13:09:12.028+0000] {dag.py:3239} INFO - Sync 1 DAGs
[2026-06-30T13:09:12.038+0000] {logging_mixin.py:190} INFO - [2026-06-30T13:09:12.038+0000] {dag.py:4180} INFO - Setting next_dagrun for ingest_avito_to_raw to 2026-06-30 12:00:00+00:00, run_after=2026-06-30 13:00:00+00:00
[2026-06-30T13:09:12.048+0000] {processor.py:208} INFO - Processing /opt/airflow/dags/ingest_avito_to_raw.py took 0.043 seconds
[2026-06-30T13:09:42.370+0000] {processor.py:186} INFO - Started process (PID=26178) to work on /opt/airflow/dags/ingest_avito_to_raw.py
[2026-06-30T13:09:42.370+0000] {processor.py:914} INFO - Processing file /opt/airflow/dags/ingest_avito_to_raw.py for tasks to queue
[2026-06-30T13:09:42.371+0000] {logging_mixin.py:190} INFO - [2026-06-30T13:09:42.371+0000] {dagbag.py:588} INFO - Filling up the DagBag from /opt/airflow/dags/ingest_avito_to_raw.py
[2026-06-30T13:09:42.376+0000] {processor.py:925} INFO - DAG(s) 'ingest_avito_to_raw' retrieved from /opt/airflow/dags/ingest_avito_to_raw.py
[2026-06-30T13:09:42.391+0000] {logging_mixin.py:190} INFO - [2026-06-30T13:09:42.391+0000] {dag.py:3239} INFO - Sync 1 DAGs
[2026-06-30T13:09:42.401+0000] {logging_mixin.py:190} INFO - [2026-06-30T13:09:42.400+0000] {dag.py:4180} INFO - Setting next_dagrun for ingest_avito_to_raw to 2026-06-30 13:00:00+00:00, run_after=2026-06-30 14:00:00+00:00
[2026-06-30T13:09:42.408+0000] {processor.py:208} INFO - Processing /opt/airflow/dags/ingest_avito_to_raw.py took 0.044 seconds
[2026-06-30T13:26:16.556+0000] {processor.py:186} INFO - Started process (PID=26188) to work on /opt/airflow/dags/ingest_avito_to_raw.py
[2026-06-30T13:26:16.556+0000] {processor.py:914} INFO - Processing file /opt/airflow/dags/ingest_avito_to_raw.py for tasks to queue
[2026-06-30T13:26:16.557+0000] {logging_mixin.py:190} INFO - [2026-06-30T13:26:16.557+0000] {dagbag.py:588} INFO - Filling up the DagBag from /opt/airflow/dags/ingest_avito_to_raw.py
[2026-06-30T13:26:16.560+0000] {processor.py:925} INFO - DAG(s) 'ingest_avito_to_raw' retrieved from /opt/airflow/dags/ingest_avito_to_raw.py
[2026-06-30T13:26:16.575+0000] {logging_mixin.py:190} INFO - [2026-06-30T13:26:16.575+0000] {dag.py:3239} INFO - Sync 1 DAGs
[2026-06-30T13:26:16.584+0000] {logging_mixin.py:190} INFO - [2026-06-30T13:26:16.584+0000] {dag.py:4180} INFO - Setting next_dagrun for ingest_avito_to_raw to 2026-06-30 13:00:00+00:00, run_after=2026-06-30 14:00:00+00:00
[2026-06-30T13:26:16.591+0000] {processor.py:208} INFO - Processing /opt/airflow/dags/ingest_avito_to_raw.py took 0.039 seconds
[2026-06-30T13:26:46.974+0000] {processor.py:186} INFO - Started process (PID=26198) to work on /opt/airflow/dags/ingest_avito_to_raw.py
[2026-06-30T13:26:46.975+0000] {processor.py:914} INFO - Processing file /opt/airflow/dags/ingest_avito_to_raw.py for tasks to queue
[2026-06-30T13:26:46.976+0000] {logging_mixin.py:190} INFO - [2026-06-30T13:26:46.975+0000] {dagbag.py:588} INFO - Filling up the DagBag from /opt/airflow/dags/ingest_avito_to_raw.py
[2026-06-30T13:26:46.983+0000] {processor.py:925} INFO - DAG(s) 'ingest_avito_to_raw' retrieved from /opt/airflow/dags/ingest_avito_to_raw.py
[2026-06-30T13:26:46.998+0000] {logging_mixin.py:190} INFO - [2026-06-30T13:26:46.998+0000] {dag.py:3239} INFO - Sync 1 DAGs
[2026-06-30T13:26:47.007+0000] {logging_mixin.py:190} INFO - [2026-06-30T13:26:47.007+0000] {dag.py:4180} INFO - Setting next_dagrun for ingest_avito_to_raw to 2026-06-30 13:00:00+00:00, run_after=2026-06-30 14:00:00+00:00
[2026-06-30T13:26:47.016+0000] {processor.py:208} INFO - Processing /opt/airflow/dags/ingest_avito_to_raw.py took 0.047 seconds
[2026-06-30T13:43:51.019+0000] {processor.py:186} INFO - Started process (PID=26208) to work on /opt/airflow/dags/ingest_avito_to_raw.py
[2026-06-30T13:43:51.020+0000] {processor.py:914} INFO - Processing file /opt/airflow/dags/ingest_avito_to_raw.py for tasks to queue
[2026-06-30T13:43:51.020+0000] {logging_mixin.py:190} INFO - [2026-06-30T13:43:51.020+0000] {dagbag.py:588} INFO - Filling up the DagBag from /opt/airflow/dags/ingest_avito_to_raw.py
[2026-06-30T13:43:51.025+0000] {processor.py:925} INFO - DAG(s) 'ingest_avito_to_raw' retrieved from /opt/airflow/dags/ingest_avito_to_raw.py
[2026-06-30T13:43:51.039+0000] {logging_mixin.py:190} INFO - [2026-06-30T13:43:51.039+0000] {dag.py:3239} INFO - Sync 1 DAGs
[2026-06-30T13:43:51.048+0000] {logging_mixin.py:190} INFO - [2026-06-30T13:43:51.048+0000] {dag.py:4180} INFO - Setting next_dagrun for ingest_avito_to_raw to 2026-06-30 13:00:00+00:00, run_after=2026-06-30 14:00:00+00:00
[2026-06-30T13:43:51.057+0000] {processor.py:208} INFO - Processing /opt/airflow/dags/ingest_avito_to_raw.py took 0.042 seconds
[2026-06-30T13:44:21.395+0000] {processor.py:186} INFO - Started process (PID=26218) to work on /opt/airflow/dags/ingest_avito_to_raw.py
[2026-06-30T13:44:21.396+0000] {processor.py:914} INFO - Processing file /opt/airflow/dags/ingest_avito_to_raw.py for tasks to queue
[2026-06-30T13:44:21.396+0000] {logging_mixin.py:190} INFO - [2026-06-30T13:44:21.396+0000] {dagbag.py:588} INFO - Filling up the DagBag from /opt/airflow/dags/ingest_avito_to_raw.py
[2026-06-30T13:44:21.400+0000] {processor.py:925} INFO - DAG(s) 'ingest_avito_to_raw' retrieved from /opt/airflow/dags/ingest_avito_to_raw.py
[2026-06-30T13:44:21.415+0000] {logging_mixin.py:190} INFO - [2026-06-30T13:44:21.414+0000] {dag.py:3239} INFO - Sync 1 DAGs
[2026-06-30T13:44:21.425+0000] {logging_mixin.py:190} INFO - [2026-06-30T13:44:21.425+0000] {dag.py:4180} INFO - Setting next_dagrun for ingest_avito_to_raw to 2026-06-30 13:00:00+00:00, run_after=2026-06-30 14:00:00+00:00
[2026-06-30T13:44:21.433+0000] {processor.py:208} INFO - Processing /opt/airflow/dags/ingest_avito_to_raw.py took 0.042 seconds
[2026-06-30T13:53:05.458+0000] {processor.py:186} INFO - Started process (PID=26228) to work on /opt/airflow/dags/ingest_avito_to_raw.py
[2026-06-30T13:53:05.459+0000] {processor.py:914} INFO - Processing file /opt/airflow/dags/ingest_avito_to_raw.py for tasks to queue
[2026-06-30T13:53:05.460+0000] {logging_mixin.py:190} INFO - [2026-06-30T13:53:05.459+0000] {dagbag.py:588} INFO - Filling up the DagBag from /opt/airflow/dags/ingest_avito_to_raw.py
[2026-06-30T13:53:05.463+0000] {processor.py:925} INFO - DAG(s) 'ingest_avito_to_raw' retrieved from /opt/airflow/dags/ingest_avito_to_raw.py
[2026-06-30T13:53:05.480+0000] {logging_mixin.py:190} INFO - [2026-06-30T13:53:05.480+0000] {dag.py:3239} INFO - Sync 1 DAGs
[2026-06-30T13:53:05.489+0000] {logging_mixin.py:190} INFO - [2026-06-30T13:53:05.489+0000] {dag.py:4180} INFO - Setting next_dagrun for ingest_avito_to_raw to 2026-06-30 13:00:00+00:00, run_after=2026-06-30 14:00:00+00:00
[2026-06-30T13:53:05.497+0000] {processor.py:208} INFO - Processing /opt/airflow/dags/ingest_avito_to_raw.py took 0.043 seconds
[2026-06-30T14:09:32.940+0000] {processor.py:186} INFO - Started process (PID=26238) to work on /opt/airflow/dags/ingest_avito_to_raw.py
[2026-06-30T14:09:32.940+0000] {processor.py:914} INFO - Processing file /opt/airflow/dags/ingest_avito_to_raw.py for tasks to queue
[2026-06-30T14:09:32.941+0000] {logging_mixin.py:190} INFO - [2026-06-30T14:09:32.941+0000] {dagbag.py:588} INFO - Filling up the DagBag from /opt/airflow/dags/ingest_avito_to_raw.py
[2026-06-30T14:09:32.945+0000] {processor.py:925} INFO - DAG(s) 'ingest_avito_to_raw' retrieved from /opt/airflow/dags/ingest_avito_to_raw.py
[2026-06-30T14:09:32.960+0000] {logging_mixin.py:190} INFO - [2026-06-30T14:09:32.960+0000] {dag.py:3239} INFO - Sync 1 DAGs
[2026-06-30T14:09:32.968+0000] {logging_mixin.py:190} INFO - [2026-06-30T14:09:32.968+0000] {dag.py:4180} INFO - Setting next_dagrun for ingest_avito_to_raw to 2026-06-30 13:00:00+00:00, run_after=2026-06-30 14:00:00+00:00
[2026-06-30T14:09:32.977+0000] {processor.py:208} INFO - Processing /opt/airflow/dags/ingest_avito_to_raw.py took 0.041 seconds
[2026-06-30T14:10:03.362+0000] {processor.py:186} INFO - Started process (PID=26251) to work on /opt/airflow/dags/ingest_avito_to_raw.py
[2026-06-30T14:10:03.363+0000] {processor.py:914} INFO - Processing file /opt/airflow/dags/ingest_avito_to_raw.py for tasks to queue
[2026-06-30T14:10:03.364+0000] {logging_mixin.py:190} INFO - [2026-06-30T14:10:03.363+0000] {dagbag.py:588} INFO - Filling up the DagBag from /opt/airflow/dags/ingest_avito_to_raw.py
[2026-06-30T14:10:03.369+0000] {processor.py:925} INFO - DAG(s) 'ingest_avito_to_raw' retrieved from /opt/airflow/dags/ingest_avito_to_raw.py
[2026-06-30T14:10:03.391+0000] {logging_mixin.py:190} INFO - [2026-06-30T14:10:03.391+0000] {dag.py:3239} INFO - Sync 1 DAGs
[2026-06-30T14:10:03.408+0000] {logging_mixin.py:190} INFO - [2026-06-30T14:10:03.408+0000] {dag.py:4180} INFO - Setting next_dagrun for ingest_avito_to_raw to 2026-06-30 14:00:00+00:00, run_after=2026-06-30 15:00:00+00:00
[2026-06-30T14:10:03.417+0000] {processor.py:208} INFO - Processing /opt/airflow/dags/ingest_avito_to_raw.py took 0.062 seconds
[2026-06-30T14:26:10.703+0000] {processor.py:186} INFO - Started process (PID=26261) to work on /opt/airflow/dags/ingest_avito_to_raw.py
[2026-06-30T14:26:10.704+0000] {processor.py:914} INFO - Processing file /opt/airflow/dags/ingest_avito_to_raw.py for tasks to queue
[2026-06-30T14:26:10.705+0000] {logging_mixin.py:190} INFO - [2026-06-30T14:26:10.705+0000] {dagbag.py:588} INFO - Filling up the DagBag from /opt/airflow/dags/ingest_avito_to_raw.py
[2026-06-30T14:26:10.709+0000] {processor.py:925} INFO - DAG(s) 'ingest_avito_to_raw' retrieved from /opt/airflow/dags/ingest_avito_to_raw.py
[2026-06-30T14:26:10.724+0000] {logging_mixin.py:190} INFO - [2026-06-30T14:26:10.724+0000] {dag.py:3239} INFO - Sync 1 DAGs
[2026-06-30T14:26:10.734+0000] {logging_mixin.py:190} INFO - [2026-06-30T14:26:10.734+0000] {dag.py:4180} INFO - Setting next_dagrun for ingest_avito_to_raw to 2026-06-30 14:00:00+00:00, run_after=2026-06-30 15:00:00+00:00
[2026-06-30T14:26:10.744+0000] {processor.py:208} INFO - Processing /opt/airflow/dags/ingest_avito_to_raw.py took 0.045 seconds
[2026-06-30T14:26:41.151+0000] {processor.py:186} INFO - Started process (PID=26271) to work on /opt/airflow/dags/ingest_avito_to_raw.py
[2026-06-30T14:26:41.152+0000] {processor.py:914} INFO - Processing file /opt/airflow/dags/ingest_avito_to_raw.py for tasks to queue
[2026-06-30T14:26:41.153+0000] {logging_mixin.py:190} INFO - [2026-06-30T14:26:41.153+0000] {dagbag.py:588} INFO - Filling up the DagBag from /opt/airflow/dags/ingest_avito_to_raw.py
[2026-06-30T14:26:41.157+0000] {processor.py:925} INFO - DAG(s) 'ingest_avito_to_raw' retrieved from /opt/airflow/dags/ingest_avito_to_raw.py
[2026-06-30T14:26:41.173+0000] {logging_mixin.py:190} INFO - [2026-06-30T14:26:41.173+0000] {dag.py:3239} INFO - Sync 1 DAGs
[2026-06-30T14:26:41.183+0000] {logging_mixin.py:190} INFO - [2026-06-30T14:26:41.183+0000] {dag.py:4180} INFO - Setting next_dagrun for ingest_avito_to_raw to 2026-06-30 14:00:00+00:00, run_after=2026-06-30 15:00:00+00:00
[2026-06-30T14:26:41.192+0000] {processor.py:208} INFO - Processing /opt/airflow/dags/ingest_avito_to_raw.py took 0.045 seconds
[2026-06-30T14:43:14.503+0000] {processor.py:186} INFO - Started process (PID=26281) to work on /opt/airflow/dags/ingest_avito_to_raw.py
[2026-06-30T14:43:14.504+0000] {processor.py:914} INFO - Processing file /opt/airflow/dags/ingest_avito_to_raw.py for tasks to queue
[2026-06-30T14:43:14.504+0000] {logging_mixin.py:190} INFO - [2026-06-30T14:43:14.504+0000] {dagbag.py:588} INFO - Filling up the DagBag from /opt/airflow/dags/ingest_avito_to_raw.py
[2026-06-30T14:43:14.508+0000] {processor.py:925} INFO - DAG(s) 'ingest_avito_to_raw' retrieved from /opt/airflow/dags/ingest_avito_to_raw.py
[2026-06-30T14:43:14.523+0000] {logging_mixin.py:190} INFO - [2026-06-30T14:43:14.523+0000] {dag.py:3239} INFO - Sync 1 DAGs
[2026-06-30T14:43:14.532+0000] {logging_mixin.py:190} INFO - [2026-06-30T14:43:14.532+0000] {dag.py:4180} INFO - Setting next_dagrun for ingest_avito_to_raw to 2026-06-30 14:00:00+00:00, run_after=2026-06-30 15:00:00+00:00
[2026-06-30T14:43:14.541+0000] {processor.py:208} INFO - Processing /opt/airflow/dags/ingest_avito_to_raw.py took 0.042 seconds
[2026-06-30T14:53:43.480+0000] {processor.py:186} INFO - Started process (PID=26291) to work on /opt/airflow/dags/ingest_avito_to_raw.py
[2026-06-30T14:53:43.480+0000] {processor.py:914} INFO - Processing file /opt/airflow/dags/ingest_avito_to_raw.py for tasks to queue
[2026-06-30T14:53:43.481+0000] {logging_mixin.py:190} INFO - [2026-06-30T14:53:43.481+0000] {dagbag.py:588} INFO - Filling up the DagBag from /opt/airflow/dags/ingest_avito_to_raw.py
[2026-06-30T14:53:43.485+0000] {processor.py:925} INFO - DAG(s) 'ingest_avito_to_raw' retrieved from /opt/airflow/dags/ingest_avito_to_raw.py
[2026-06-30T14:53:43.506+0000] {logging_mixin.py:190} INFO - [2026-06-30T14:53:43.506+0000] {dag.py:3239} INFO - Sync 1 DAGs
[2026-06-30T14:53:43.514+0000] {logging_mixin.py:190} INFO - [2026-06-30T14:53:43.514+0000] {dag.py:4180} INFO - Setting next_dagrun for ingest_avito_to_raw to 2026-06-30 14:00:00+00:00, run_after=2026-06-30 15:00:00+00:00
[2026-06-30T14:53:43.522+0000] {processor.py:208} INFO - Processing /opt/airflow/dags/ingest_avito_to_raw.py took 0.046 seconds
[2026-06-30T14:54:13.906+0000] {processor.py:186} INFO - Started process (PID=26301) to work on /opt/airflow/dags/ingest_avito_to_raw.py
[2026-06-30T14:54:13.906+0000] {processor.py:914} INFO - Processing file /opt/airflow/dags/ingest_avito_to_raw.py for tasks to queue
[2026-06-30T14:54:13.907+0000] {logging_mixin.py:190} INFO - [2026-06-30T14:54:13.907+0000] {dagbag.py:588} INFO - Filling up the DagBag from /opt/airflow/dags/ingest_avito_to_raw.py
[2026-06-30T14:54:13.912+0000] {processor.py:925} INFO - DAG(s) 'ingest_avito_to_raw' retrieved from /opt/airflow/dags/ingest_avito_to_raw.py
[2026-06-30T14:54:13.928+0000] {logging_mixin.py:190} INFO - [2026-06-30T14:54:13.928+0000] {dag.py:3239} INFO - Sync 1 DAGs
[2026-06-30T14:54:13.938+0000] {logging_mixin.py:190} INFO - [2026-06-30T14:54:13.938+0000] {dag.py:4180} INFO - Setting next_dagrun for ingest_avito_to_raw to 2026-06-30 14:00:00+00:00, run_after=2026-06-30 15:00:00+00:00
[2026-06-30T14:54:13.946+0000] {processor.py:208} INFO - Processing /opt/airflow/dags/ingest_avito_to_raw.py took 0.045 seconds
[2026-06-30T15:11:11.676+0000] {processor.py:186} INFO - Started process (PID=26311) to work on /opt/airflow/dags/ingest_avito_to_raw.py
[2026-06-30T15:11:11.676+0000] {processor.py:914} INFO - Processing file /opt/airflow/dags/ingest_avito_to_raw.py for tasks to queue
[2026-06-30T15:11:11.677+0000] {logging_mixin.py:190} INFO - [2026-06-30T15:11:11.677+0000] {dagbag.py:588} INFO - Filling up the DagBag from /opt/airflow/dags/ingest_avito_to_raw.py
[2026-06-30T15:11:11.683+0000] {processor.py:925} INFO - DAG(s) 'ingest_avito_to_raw' retrieved from /opt/airflow/dags/ingest_avito_to_raw.py
[2026-06-30T15:11:11.698+0000] {logging_mixin.py:190} INFO - [2026-06-30T15:11:11.698+0000] {dag.py:3239} INFO - Sync 1 DAGs
[2026-06-30T15:11:11.707+0000] {logging_mixin.py:190} INFO - [2026-06-30T15:11:11.707+0000] {dag.py:4180} INFO - Setting next_dagrun for ingest_avito_to_raw to 2026-06-30 14:00:00+00:00, run_after=2026-06-30 15:00:00+00:00
[2026-06-30T15:11:11.716+0000] {processor.py:208} INFO - Processing /opt/airflow/dags/ingest_avito_to_raw.py took 0.045 seconds
[2026-06-30T15:11:42.080+0000] {processor.py:186} INFO - Started process (PID=26324) to work on /opt/airflow/dags/ingest_avito_to_raw.py
[2026-06-30T15:11:42.080+0000] {processor.py:914} INFO - Processing file /opt/airflow/dags/ingest_avito_to_raw.py for tasks to queue
[2026-06-30T15:11:42.081+0000] {logging_mixin.py:190} INFO - [2026-06-30T15:11:42.081+0000] {dagbag.py:588} INFO - Filling up the DagBag from /opt/airflow/dags/ingest_avito_to_raw.py
[2026-06-30T15:11:42.086+0000] {processor.py:925} INFO - DAG(s) 'ingest_avito_to_raw' retrieved from /opt/airflow/dags/ingest_avito_to_raw.py
[2026-06-30T15:11:42.106+0000] {logging_mixin.py:190} INFO - [2026-06-30T15:11:42.106+0000] {dag.py:3239} INFO - Sync 1 DAGs
[2026-06-30T15:11:42.116+0000] {logging_mixin.py:190} INFO - [2026-06-30T15:11:42.116+0000] {dag.py:4180} INFO - Setting next_dagrun for ingest_avito_to_raw to 2026-06-30 15:00:00+00:00, run_after=2026-06-30 16:00:00+00:00
[2026-06-30T15:11:42.125+0000] {processor.py:208} INFO - Processing /opt/airflow/dags/ingest_avito_to_raw.py took 0.050 seconds
[2026-06-30T15:28:35.989+0000] {processor.py:186} INFO - Started process (PID=26334) to work on /opt/airflow/dags/ingest_avito_to_raw.py
[2026-06-30T15:28:35.990+0000] {processor.py:914} INFO - Processing file /opt/airflow/dags/ingest_avito_to_raw.py for tasks to queue
[2026-06-30T15:28:35.990+0000] {logging_mixin.py:190} INFO - [2026-06-30T15:28:35.990+0000] {dagbag.py:588} INFO - Filling up the DagBag from /opt/airflow/dags/ingest_avito_to_raw.py
[2026-06-30T15:28:35.994+0000] {processor.py:925} INFO - DAG(s) 'ingest_avito_to_raw' retrieved from /opt/airflow/dags/ingest_avito_to_raw.py
[2026-06-30T15:28:36.010+0000] {logging_mixin.py:190} INFO - [2026-06-30T15:28:36.010+0000] {dag.py:3239} INFO - Sync 1 DAGs
[2026-06-30T15:28:36.021+0000] {logging_mixin.py:190} INFO - [2026-06-30T15:28:36.021+0000] {dag.py:4180} INFO - Setting next_dagrun for ingest_avito_to_raw to 2026-06-30 15:00:00+00:00, run_after=2026-06-30 16:00:00+00:00
[2026-06-30T15:28:36.029+0000] {processor.py:208} INFO - Processing /opt/airflow/dags/ingest_avito_to_raw.py took 0.044 seconds
[2026-06-30T15:29:06.417+0000] {processor.py:186} INFO - Started process (PID=26344) to work on /opt/airflow/dags/ingest_avito_to_raw.py
[2026-06-30T15:29:06.417+0000] {processor.py:914} INFO - Processing file /opt/airflow/dags/ingest_avito_to_raw.py for tasks to queue
[2026-06-30T15:29:06.418+0000] {logging_mixin.py:190} INFO - [2026-06-30T15:29:06.418+0000] {dagbag.py:588} INFO - Filling up the DagBag from /opt/airflow/dags/ingest_avito_to_raw.py
[2026-06-30T15:29:06.423+0000] {processor.py:925} INFO - DAG(s) 'ingest_avito_to_raw' retrieved from /opt/airflow/dags/ingest_avito_to_raw.py
[2026-06-30T15:29:06.439+0000] {logging_mixin.py:190} INFO - [2026-06-30T15:29:06.439+0000] {dag.py:3239} INFO - Sync 1 DAGs
[2026-06-30T15:29:06.449+0000] {logging_mixin.py:190} INFO - [2026-06-30T15:29:06.449+0000] {dag.py:4180} INFO - Setting next_dagrun for ingest_avito_to_raw to 2026-06-30 15:00:00+00:00, run_after=2026-06-30 16:00:00+00:00
[2026-06-30T15:29:06.458+0000] {processor.py:208} INFO - Processing /opt/airflow/dags/ingest_avito_to_raw.py took 0.046 seconds
[2026-06-30T15:45:07.616+0000] {processor.py:186} INFO - Started process (PID=26354) to work on /opt/airflow/dags/ingest_avito_to_raw.py
[2026-06-30T15:45:07.617+0000] {processor.py:914} INFO - Processing file /opt/airflow/dags/ingest_avito_to_raw.py for tasks to queue
[2026-06-30T15:45:07.617+0000] {logging_mixin.py:190} INFO - [2026-06-30T15:45:07.617+0000] {dagbag.py:588} INFO - Filling up the DagBag from /opt/airflow/dags/ingest_avito_to_raw.py
[2026-06-30T15:45:07.621+0000] {processor.py:925} INFO - DAG(s) 'ingest_avito_to_raw' retrieved from /opt/airflow/dags/ingest_avito_to_raw.py
[2026-06-30T15:45:07.637+0000] {logging_mixin.py:190} INFO - [2026-06-30T15:45:07.637+0000] {dag.py:3239} INFO - Sync 1 DAGs
[2026-06-30T15:45:07.646+0000] {logging_mixin.py:190} INFO - [2026-06-30T15:45:07.646+0000] {dag.py:4180} INFO - Setting next_dagrun for ingest_avito_to_raw to 2026-06-30 15:00:00+00:00, run_after=2026-06-30 16:00:00+00:00
[2026-06-30T15:45:07.654+0000] {processor.py:208} INFO - Processing /opt/airflow/dags/ingest_avito_to_raw.py took 0.042 seconds
[2026-06-30T15:54:45.996+0000] {processor.py:186} INFO - Started process (PID=26364) to work on /opt/airflow/dags/ingest_avito_to_raw.py
[2026-06-30T15:54:45.996+0000] {processor.py:914} INFO - Processing file /opt/airflow/dags/ingest_avito_to_raw.py for tasks to queue
[2026-06-30T15:54:45.997+0000] {logging_mixin.py:190} INFO - [2026-06-30T15:54:45.997+0000] {dagbag.py:588} INFO - Filling up the DagBag from /opt/airflow/dags/ingest_avito_to_raw.py
[2026-06-30T15:54:46.001+0000] {processor.py:925} INFO - DAG(s) 'ingest_avito_to_raw' retrieved from /opt/airflow/dags/ingest_avito_to_raw.py
[2026-06-30T15:54:46.017+0000] {logging_mixin.py:190} INFO - [2026-06-30T15:54:46.017+0000] {dag.py:3239} INFO - Sync 1 DAGs
[2026-06-30T15:54:46.026+0000] {logging_mixin.py:190} INFO - [2026-06-30T15:54:46.026+0000] {dag.py:4180} INFO - Setting next_dagrun for ingest_avito_to_raw to 2026-06-30 15:00:00+00:00, run_after=2026-06-30 16:00:00+00:00
[2026-06-30T15:54:46.034+0000] {processor.py:208} INFO - Processing /opt/airflow/dags/ingest_avito_to_raw.py took 0.043 seconds
[2026-06-30T15:55:16.373+0000] {processor.py:186} INFO - Started process (PID=26374) to work on /opt/airflow/dags/ingest_avito_to_raw.py
[2026-06-30T15:55:16.373+0000] {processor.py:914} INFO - Processing file /opt/airflow/dags/ingest_avito_to_raw.py for tasks to queue
[2026-06-30T15:55:16.374+0000] {logging_mixin.py:190} INFO - [2026-06-30T15:55:16.374+0000] {dagbag.py:588} INFO - Filling up the DagBag from /opt/airflow/dags/ingest_avito_to_raw.py
[2026-06-30T15:55:16.379+0000] {processor.py:925} INFO - DAG(s) 'ingest_avito_to_raw' retrieved from /opt/airflow/dags/ingest_avito_to_raw.py
[2026-06-30T15:55:16.394+0000] {logging_mixin.py:190} INFO - [2026-06-30T15:55:16.394+0000] {dag.py:3239} INFO - Sync 1 DAGs
[2026-06-30T15:55:16.403+0000] {logging_mixin.py:190} INFO - [2026-06-30T15:55:16.403+0000] {dag.py:4180} INFO - Setting next_dagrun for ingest_avito_to_raw to 2026-06-30 15:00:00+00:00, run_after=2026-06-30 16:00:00+00:00
[2026-06-30T15:55:16.413+0000] {processor.py:208} INFO - Processing /opt/airflow/dags/ingest_avito_to_raw.py took 0.046 seconds
[2026-06-30T16:13:32.643+0000] {processor.py:186} INFO - Started process (PID=26387) to work on /opt/airflow/dags/ingest_avito_to_raw.py
[2026-06-30T16:13:32.644+0000] {processor.py:914} INFO - Processing file /opt/airflow/dags/ingest_avito_to_raw.py for tasks to queue
[2026-06-30T16:13:32.645+0000] {logging_mixin.py:190} INFO - [2026-06-30T16:13:32.644+0000] {dagbag.py:588} INFO - Filling up the DagBag from /opt/airflow/dags/ingest_avito_to_raw.py
[2026-06-30T16:13:32.649+0000] {processor.py:925} INFO - DAG(s) 'ingest_avito_to_raw' retrieved from /opt/airflow/dags/ingest_avito_to_raw.py
[2026-06-30T16:13:32.666+0000] {logging_mixin.py:190} INFO - [2026-06-30T16:13:32.666+0000] {dag.py:3239} INFO - Sync 1 DAGs
[2026-06-30T16:13:32.677+0000] {logging_mixin.py:190} INFO - [2026-06-30T16:13:32.677+0000] {dag.py:4180} INFO - Setting next_dagrun for ingest_avito_to_raw to 2026-06-30 16:00:00+00:00, run_after=2026-06-30 17:00:00+00:00
[2026-06-30T16:13:32.686+0000] {processor.py:208} INFO - Processing /opt/airflow/dags/ingest_avito_to_raw.py took 0.047 seconds
[2026-06-30T16:14:03.030+0000] {processor.py:186} INFO - Started process (PID=26397) to work on /opt/airflow/dags/ingest_avito_to_raw.py
[2026-06-30T16:14:03.030+0000] {processor.py:914} INFO - Processing file /opt/airflow/dags/ingest_avito_to_raw.py for tasks to queue
[2026-06-30T16:14:03.031+0000] {logging_mixin.py:190} INFO - [2026-06-30T16:14:03.031+0000] {dagbag.py:588} INFO - Filling up the DagBag from /opt/airflow/dags/ingest_avito_to_raw.py
[2026-06-30T16:14:03.036+0000] {processor.py:925} INFO - DAG(s) 'ingest_avito_to_raw' retrieved from /opt/airflow/dags/ingest_avito_to_raw.py
[2026-06-30T16:14:03.055+0000] {logging_mixin.py:190} INFO - [2026-06-30T16:14:03.055+0000] {dag.py:3239} INFO - Sync 1 DAGs
[2026-06-30T16:14:03.064+0000] {logging_mixin.py:190} INFO - [2026-06-30T16:14:03.064+0000] {dag.py:4180} INFO - Setting next_dagrun for ingest_avito_to_raw to 2026-06-30 16:00:00+00:00, run_after=2026-06-30 17:00:00+00:00
[2026-06-30T16:14:03.071+0000] {processor.py:208} INFO - Processing /opt/airflow/dags/ingest_avito_to_raw.py took 0.046 seconds
[2026-06-30T16:32:12.486+0000] {processor.py:186} INFO - Started process (PID=26407) to work on /opt/airflow/dags/ingest_avito_to_raw.py
[2026-06-30T16:32:12.487+0000] {processor.py:914} INFO - Processing file /opt/airflow/dags/ingest_avito_to_raw.py for tasks to queue
[2026-06-30T16:32:12.488+0000] {logging_mixin.py:190} INFO - [2026-06-30T16:32:12.488+0000] {dagbag.py:588} INFO - Filling up the DagBag from /opt/airflow/dags/ingest_avito_to_raw.py
[2026-06-30T16:32:12.492+0000] {processor.py:925} INFO - DAG(s) 'ingest_avito_to_raw' retrieved from /opt/airflow/dags/ingest_avito_to_raw.py
[2026-06-30T16:32:12.509+0000] {logging_mixin.py:190} INFO - [2026-06-30T16:32:12.509+0000] {dag.py:3239} INFO - Sync 1 DAGs
[2026-06-30T16:32:12.519+0000] {logging_mixin.py:190} INFO - [2026-06-30T16:32:12.519+0000] {dag.py:4180} INFO - Setting next_dagrun for ingest_avito_to_raw to 2026-06-30 16:00:00+00:00, run_after=2026-06-30 17:00:00+00:00
[2026-06-30T16:32:12.529+0000] {processor.py:208} INFO - Processing /opt/airflow/dags/ingest_avito_to_raw.py took 0.046 seconds
[2026-06-30T16:32:42.953+0000] {processor.py:186} INFO - Started process (PID=26417) to work on /opt/airflow/dags/ingest_avito_to_raw.py
[2026-06-30T16:32:42.953+0000] {processor.py:914} INFO - Processing file /opt/airflow/dags/ingest_avito_to_raw.py for tasks to queue
[2026-06-30T16:32:42.954+0000] {logging_mixin.py:190} INFO - [2026-06-30T16:32:42.954+0000] {dagbag.py:588} INFO - Filling up the DagBag from /opt/airflow/dags/ingest_avito_to_raw.py
[2026-06-30T16:32:42.959+0000] {processor.py:925} INFO - DAG(s) 'ingest_avito_to_raw' retrieved from /opt/airflow/dags/ingest_avito_to_raw.py
[2026-06-30T16:32:42.976+0000] {logging_mixin.py:190} INFO - [2026-06-30T16:32:42.976+0000] {dag.py:3239} INFO - Sync 1 DAGs
[2026-06-30T16:32:42.987+0000] {logging_mixin.py:190} INFO - [2026-06-30T16:32:42.987+0000] {dag.py:4180} INFO - Setting next_dagrun for ingest_avito_to_raw to 2026-06-30 16:00:00+00:00, run_after=2026-06-30 17:00:00+00:00
[2026-06-30T16:32:42.996+0000] {processor.py:208} INFO - Processing /opt/airflow/dags/ingest_avito_to_raw.py took 0.048 seconds
[2026-06-30T16:49:58.120+0000] {processor.py:186} INFO - Started process (PID=26427) to work on /opt/airflow/dags/ingest_avito_to_raw.py
[2026-06-30T16:49:58.121+0000] {processor.py:914} INFO - Processing file /opt/airflow/dags/ingest_avito_to_raw.py for tasks to queue
[2026-06-30T16:49:58.121+0000] {logging_mixin.py:190} INFO - [2026-06-30T16:49:58.121+0000] {dagbag.py:588} INFO - Filling up the DagBag from /opt/airflow/dags/ingest_avito_to_raw.py
[2026-06-30T16:49:58.126+0000] {processor.py:925} INFO - DAG(s) 'ingest_avito_to_raw' retrieved from /opt/airflow/dags/ingest_avito_to_raw.py
[2026-06-30T16:49:58.141+0000] {logging_mixin.py:190} INFO - [2026-06-30T16:49:58.141+0000] {dag.py:3239} INFO - Sync 1 DAGs
[2026-06-30T16:49:58.151+0000] {logging_mixin.py:190} INFO - [2026-06-30T16:49:58.151+0000] {dag.py:4180} INFO - Setting next_dagrun for ingest_avito_to_raw to 2026-06-30 16:00:00+00:00, run_after=2026-06-30 17:00:00+00:00
[2026-06-30T16:49:58.160+0000] {processor.py:208} INFO - Processing /opt/airflow/dags/ingest_avito_to_raw.py took 0.045 seconds
[2026-06-30T16:55:45.138+0000] {processor.py:186} INFO - Started process (PID=26437) to work on /opt/airflow/dags/ingest_avito_to_raw.py
[2026-06-30T16:55:45.139+0000] {processor.py:914} INFO - Processing file /opt/airflow/dags/ingest_avito_to_raw.py for tasks to queue
[2026-06-30T16:55:45.139+0000] {logging_mixin.py:190} INFO - [2026-06-30T16:55:45.139+0000] {dagbag.py:588} INFO - Filling up the DagBag from /opt/airflow/dags/ingest_avito_to_raw.py
[2026-06-30T16:55:45.144+0000] {processor.py:925} INFO - DAG(s) 'ingest_avito_to_raw' retrieved from /opt/airflow/dags/ingest_avito_to_raw.py
[2026-06-30T16:55:45.163+0000] {logging_mixin.py:190} INFO - [2026-06-30T16:55:45.163+0000] {dag.py:3239} INFO - Sync 1 DAGs
[2026-06-30T16:55:45.175+0000] {logging_mixin.py:190} INFO - [2026-06-30T16:55:45.175+0000] {dag.py:4180} INFO - Setting next_dagrun for ingest_avito_to_raw to 2026-06-30 16:00:00+00:00, run_after=2026-06-30 17:00:00+00:00
[2026-06-30T16:55:45.183+0000] {processor.py:208} INFO - Processing /opt/airflow/dags/ingest_avito_to_raw.py took 0.051 seconds
[2026-06-30T16:56:15.578+0000] {processor.py:186} INFO - Started process (PID=26447) to work on /opt/airflow/dags/ingest_avito_to_raw.py
[2026-06-30T16:56:15.578+0000] {processor.py:914} INFO - Processing file /opt/airflow/dags/ingest_avito_to_raw.py for tasks to queue
[2026-06-30T16:56:15.579+0000] {logging_mixin.py:190} INFO - [2026-06-30T16:56:15.579+0000] {dagbag.py:588} INFO - Filling up the DagBag from /opt/airflow/dags/ingest_avito_to_raw.py
[2026-06-30T16:56:15.584+0000] {processor.py:925} INFO - DAG(s) 'ingest_avito_to_raw' retrieved from /opt/airflow/dags/ingest_avito_to_raw.py
[2026-06-30T16:56:15.601+0000] {logging_mixin.py:190} INFO - [2026-06-30T16:56:15.601+0000] {dag.py:3239} INFO - Sync 1 DAGs
[2026-06-30T16:56:15.611+0000] {logging_mixin.py:190} INFO - [2026-06-30T16:56:15.611+0000] {dag.py:4180} INFO - Setting next_dagrun for ingest_avito_to_raw to 2026-06-30 16:00:00+00:00, run_after=2026-06-30 17:00:00+00:00
[2026-06-30T16:56:15.620+0000] {processor.py:208} INFO - Processing /opt/airflow/dags/ingest_avito_to_raw.py took 0.049 seconds
[2026-06-30T17:11:44.921+0000] {processor.py:186} INFO - Started process (PID=26457) to work on /opt/airflow/dags/ingest_avito_to_raw.py
[2026-06-30T17:11:44.921+0000] {processor.py:914} INFO - Processing file /opt/airflow/dags/ingest_avito_to_raw.py for tasks to queue
[2026-06-30T17:11:44.922+0000] {logging_mixin.py:190} INFO - [2026-06-30T17:11:44.922+0000] {dagbag.py:588} INFO - Filling up the DagBag from /opt/airflow/dags/ingest_avito_to_raw.py
[2026-06-30T17:11:44.927+0000] {processor.py:925} INFO - DAG(s) 'ingest_avito_to_raw' retrieved from /opt/airflow/dags/ingest_avito_to_raw.py
[2026-06-30T17:11:44.946+0000] {logging_mixin.py:190} INFO - [2026-06-30T17:11:44.945+0000] {dag.py:3239} INFO - Sync 1 DAGs
[2026-06-30T17:11:44.958+0000] {logging_mixin.py:190} INFO - [2026-06-30T17:11:44.958+0000] {dag.py:4180} INFO - Setting next_dagrun for ingest_avito_to_raw to 2026-06-30 17:00:00+00:00, run_after=2026-06-30 18:00:00+00:00
[2026-06-30T17:11:44.969+0000] {processor.py:208} INFO - Processing /opt/airflow/dags/ingest_avito_to_raw.py took 0.054 seconds
[2026-06-30T17:12:15.370+0000] {processor.py:186} INFO - Started process (PID=26470) to work on /opt/airflow/dags/ingest_avito_to_raw.py
[2026-06-30T17:12:15.371+0000] {processor.py:914} INFO - Processing file /opt/airflow/dags/ingest_avito_to_raw.py for tasks to queue
[2026-06-30T17:12:15.373+0000] {logging_mixin.py:190} INFO - [2026-06-30T17:12:15.373+0000] {dagbag.py:588} INFO - Filling up the DagBag from /opt/airflow/dags/ingest_avito_to_raw.py
[2026-06-30T17:12:15.379+0000] {processor.py:925} INFO - DAG(s) 'ingest_avito_to_raw' retrieved from /opt/airflow/dags/ingest_avito_to_raw.py
[2026-06-30T17:12:15.397+0000] {logging_mixin.py:190} INFO - [2026-06-30T17:12:15.396+0000] {dag.py:3239} INFO - Sync 1 DAGs
[2026-06-30T17:12:15.406+0000] {logging_mixin.py:190} INFO - [2026-06-30T17:12:15.406+0000] {dag.py:4180} INFO - Setting next_dagrun for ingest_avito_to_raw to 2026-06-30 17:00:00+00:00, run_after=2026-06-30 18:00:00+00:00
[2026-06-30T17:12:15.414+0000] {processor.py:208} INFO - Processing /opt/airflow/dags/ingest_avito_to_raw.py took 0.049 seconds
[2026-06-30T17:30:07.770+0000] {processor.py:186} INFO - Started process (PID=26480) to work on /opt/airflow/dags/ingest_avito_to_raw.py
[2026-06-30T17:30:07.770+0000] {processor.py:914} INFO - Processing file /opt/airflow/dags/ingest_avito_to_raw.py for tasks to queue
[2026-06-30T17:30:07.771+0000] {logging_mixin.py:190} INFO - [2026-06-30T17:30:07.771+0000] {dagbag.py:588} INFO - Filling up the DagBag from /opt/airflow/dags/ingest_avito_to_raw.py
[2026-06-30T17:30:07.776+0000] {processor.py:925} INFO - DAG(s) 'ingest_avito_to_raw' retrieved from /opt/airflow/dags/ingest_avito_to_raw.py
[2026-06-30T17:30:07.791+0000] {logging_mixin.py:190} INFO - [2026-06-30T17:30:07.791+0000] {dag.py:3239} INFO - Sync 1 DAGs
[2026-06-30T17:30:07.801+0000] {logging_mixin.py:190} INFO - [2026-06-30T17:30:07.800+0000] {dag.py:4180} INFO - Setting next_dagrun for ingest_avito_to_raw to 2026-06-30 17:00:00+00:00, run_after=2026-06-30 18:00:00+00:00
[2026-06-30T17:30:07.809+0000] {processor.py:208} INFO - Processing /opt/airflow/dags/ingest_avito_to_raw.py took 0.044 seconds
[2026-06-30T17:30:38.198+0000] {processor.py:186} INFO - Started process (PID=26490) to work on /opt/airflow/dags/ingest_avito_to_raw.py
[2026-06-30T17:30:38.198+0000] {processor.py:914} INFO - Processing file /opt/airflow/dags/ingest_avito_to_raw.py for tasks to queue
[2026-06-30T17:30:38.199+0000] {logging_mixin.py:190} INFO - [2026-06-30T17:30:38.199+0000] {dagbag.py:588} INFO - Filling up the DagBag from /opt/airflow/dags/ingest_avito_to_raw.py
[2026-06-30T17:30:38.203+0000] {processor.py:925} INFO - DAG(s) 'ingest_avito_to_raw' retrieved from /opt/airflow/dags/ingest_avito_to_raw.py
[2026-06-30T17:30:38.217+0000] {logging_mixin.py:190} INFO - [2026-06-30T17:30:38.217+0000] {dag.py:3239} INFO - Sync 1 DAGs
[2026-06-30T17:30:38.229+0000] {logging_mixin.py:190} INFO - [2026-06-30T17:30:38.229+0000] {dag.py:4180} INFO - Setting next_dagrun for ingest_avito_to_raw to 2026-06-30 17:00:00+00:00, run_after=2026-06-30 18:00:00+00:00
[2026-06-30T17:30:38.238+0000] {processor.py:208} INFO - Processing /opt/airflow/dags/ingest_avito_to_raw.py took 0.043 seconds
[2026-06-30T17:46:22.469+0000] {processor.py:186} INFO - Started process (PID=26500) to work on /opt/airflow/dags/ingest_avito_to_raw.py
[2026-06-30T17:46:22.470+0000] {processor.py:914} INFO - Processing file /opt/airflow/dags/ingest_avito_to_raw.py for tasks to queue
[2026-06-30T17:46:22.471+0000] {logging_mixin.py:190} INFO - [2026-06-30T17:46:22.470+0000] {dagbag.py:588} INFO - Filling up the DagBag from /opt/airflow/dags/ingest_avito_to_raw.py
[2026-06-30T17:46:22.475+0000] {processor.py:925} INFO - DAG(s) 'ingest_avito_to_raw' retrieved from /opt/airflow/dags/ingest_avito_to_raw.py
[2026-06-30T17:46:22.490+0000] {logging_mixin.py:190} INFO - [2026-06-30T17:46:22.490+0000] {dag.py:3239} INFO - Sync 1 DAGs
[2026-06-30T17:46:22.498+0000] {logging_mixin.py:190} INFO - [2026-06-30T17:46:22.498+0000] {dag.py:4180} INFO - Setting next_dagrun for ingest_avito_to_raw to 2026-06-30 17:00:00+00:00, run_after=2026-06-30 18:00:00+00:00
[2026-06-30T17:46:22.507+0000] {processor.py:208} INFO - Processing /opt/airflow/dags/ingest_avito_to_raw.py took 0.041 seconds
[2026-06-30T17:56:46.891+0000] {processor.py:186} INFO - Started process (PID=26510) to work on /opt/airflow/dags/ingest_avito_to_raw.py
[2026-06-30T17:56:46.891+0000] {processor.py:914} INFO - Processing file /opt/airflow/dags/ingest_avito_to_raw.py for tasks to queue
[2026-06-30T17:56:46.892+0000] {logging_mixin.py:190} INFO - [2026-06-30T17:56:46.892+0000] {dagbag.py:588} INFO - Filling up the DagBag from /opt/airflow/dags/ingest_avito_to_raw.py
[2026-06-30T17:56:46.896+0000] {processor.py:925} INFO - DAG(s) 'ingest_avito_to_raw' retrieved from /opt/airflow/dags/ingest_avito_to_raw.py
[2026-06-30T17:56:46.914+0000] {logging_mixin.py:190} INFO - [2026-06-30T17:56:46.914+0000] {dag.py:3239} INFO - Sync 1 DAGs
[2026-06-30T17:56:46.924+0000] {logging_mixin.py:190} INFO - [2026-06-30T17:56:46.923+0000] {dag.py:4180} INFO - Setting next_dagrun for ingest_avito_to_raw to 2026-06-30 17:00:00+00:00, run_after=2026-06-30 18:00:00+00:00
[2026-06-30T17:56:46.932+0000] {processor.py:208} INFO - Processing /opt/airflow/dags/ingest_avito_to_raw.py took 0.045 seconds
[2026-06-30T17:57:17.323+0000] {processor.py:186} INFO - Started process (PID=26520) to work on /opt/airflow/dags/ingest_avito_to_raw.py
[2026-06-30T17:57:17.324+0000] {processor.py:914} INFO - Processing file /opt/airflow/dags/ingest_avito_to_raw.py for tasks to queue
[2026-06-30T17:57:17.324+0000] {logging_mixin.py:190} INFO - [2026-06-30T17:57:17.324+0000] {dagbag.py:588} INFO - Filling up the DagBag from /opt/airflow/dags/ingest_avito_to_raw.py
[2026-06-30T17:57:17.329+0000] {processor.py:925} INFO - DAG(s) 'ingest_avito_to_raw' retrieved from /opt/airflow/dags/ingest_avito_to_raw.py
[2026-06-30T17:57:17.346+0000] {logging_mixin.py:190} INFO - [2026-06-30T17:57:17.346+0000] {dag.py:3239} INFO - Sync 1 DAGs
[2026-06-30T17:57:17.356+0000] {logging_mixin.py:190} INFO - [2026-06-30T17:57:17.356+0000] {dag.py:4180} INFO - Setting next_dagrun for ingest_avito_to_raw to 2026-06-30 17:00:00+00:00, run_after=2026-06-30 18:00:00+00:00
[2026-06-30T17:57:17.364+0000] {processor.py:208} INFO - Processing /opt/airflow/dags/ingest_avito_to_raw.py took 0.046 seconds
[2026-06-30T18:14:11.176+0000] {processor.py:186} INFO - Started process (PID=26533) to work on /opt/airflow/dags/ingest_avito_to_raw.py
[2026-06-30T18:14:11.177+0000] {processor.py:914} INFO - Processing file /opt/airflow/dags/ingest_avito_to_raw.py for tasks to queue
[2026-06-30T18:14:11.177+0000] {logging_mixin.py:190} INFO - [2026-06-30T18:14:11.177+0000] {dagbag.py:588} INFO - Filling up the DagBag from /opt/airflow/dags/ingest_avito_to_raw.py
[2026-06-30T18:14:11.181+0000] {processor.py:925} INFO - DAG(s) 'ingest_avito_to_raw' retrieved from /opt/airflow/dags/ingest_avito_to_raw.py
[2026-06-30T18:14:11.195+0000] {logging_mixin.py:190} INFO - [2026-06-30T18:14:11.195+0000] {dag.py:3239} INFO - Sync 1 DAGs
[2026-06-30T18:14:11.203+0000] {logging_mixin.py:190} INFO - [2026-06-30T18:14:11.203+0000] {dag.py:4180} INFO - Setting next_dagrun for ingest_avito_to_raw to 2026-06-30 18:00:00+00:00, run_after=2026-06-30 19:00:00+00:00
[2026-06-30T18:14:11.209+0000] {processor.py:208} INFO - Processing /opt/airflow/dags/ingest_avito_to_raw.py took 0.037 seconds
[2026-06-30T18:14:41.566+0000] {processor.py:186} INFO - Started process (PID=26543) to work on /opt/airflow/dags/ingest_avito_to_raw.py
[2026-06-30T18:14:41.566+0000] {processor.py:914} INFO - Processing file /opt/airflow/dags/ingest_avito_to_raw.py for tasks to queue
[2026-06-30T18:14:41.567+0000] {logging_mixin.py:190} INFO - [2026-06-30T18:14:41.567+0000] {dagbag.py:588} INFO - Filling up the DagBag from /opt/airflow/dags/ingest_avito_to_raw.py
[2026-06-30T18:14:41.572+0000] {processor.py:925} INFO - DAG(s) 'ingest_avito_to_raw' retrieved from /opt/airflow/dags/ingest_avito_to_raw.py
[2026-06-30T18:14:41.590+0000] {logging_mixin.py:190} INFO - [2026-06-30T18:14:41.590+0000] {dag.py:3239} INFO - Sync 1 DAGs
[2026-06-30T18:14:41.600+0000] {logging_mixin.py:190} INFO - [2026-06-30T18:14:41.600+0000] {dag.py:4180} INFO - Setting next_dagrun for ingest_avito_to_raw to 2026-06-30 18:00:00+00:00, run_after=2026-06-30 19:00:00+00:00
[2026-06-30T18:14:41.609+0000] {processor.py:208} INFO - Processing /opt/airflow/dags/ingest_avito_to_raw.py took 0.047 seconds
[2026-06-30T18:31:40.881+0000] {processor.py:186} INFO - Started process (PID=26553) to work on /opt/airflow/dags/ingest_avito_to_raw.py
[2026-06-30T18:31:40.882+0000] {processor.py:914} INFO - Processing file /opt/airflow/dags/ingest_avito_to_raw.py for tasks to queue
[2026-06-30T18:31:40.882+0000] {logging_mixin.py:190} INFO - [2026-06-30T18:31:40.882+0000] {dagbag.py:588} INFO - Filling up the DagBag from /opt/airflow/dags/ingest_avito_to_raw.py
[2026-06-30T18:31:40.887+0000] {processor.py:925} INFO - DAG(s) 'ingest_avito_to_raw' retrieved from /opt/airflow/dags/ingest_avito_to_raw.py
[2026-06-30T18:31:40.901+0000] {logging_mixin.py:190} INFO - [2026-06-30T18:31:40.901+0000] {dag.py:3239} INFO - Sync 1 DAGs
[2026-06-30T18:31:40.911+0000] {logging_mixin.py:190} INFO - [2026-06-30T18:31:40.911+0000] {dag.py:4180} INFO - Setting next_dagrun for ingest_avito_to_raw to 2026-06-30 18:00:00+00:00, run_after=2026-06-30 19:00:00+00:00
[2026-06-30T18:31:40.918+0000] {processor.py:208} INFO - Processing /opt/airflow/dags/ingest_avito_to_raw.py took 0.041 seconds
[2026-06-30T18:32:11.314+0000] {processor.py:186} INFO - Started process (PID=26563) to work on /opt/airflow/dags/ingest_avito_to_raw.py
[2026-06-30T18:32:11.314+0000] {processor.py:914} INFO - Processing file /opt/airflow/dags/ingest_avito_to_raw.py for tasks to queue
[2026-06-30T18:32:11.315+0000] {logging_mixin.py:190} INFO - [2026-06-30T18:32:11.315+0000] {dagbag.py:588} INFO - Filling up the DagBag from /opt/airflow/dags/ingest_avito_to_raw.py
[2026-06-30T18:32:11.319+0000] {processor.py:925} INFO - DAG(s) 'ingest_avito_to_raw' retrieved from /opt/airflow/dags/ingest_avito_to_raw.py
[2026-06-30T18:32:11.335+0000] {logging_mixin.py:190} INFO - [2026-06-30T18:32:11.335+0000] {dag.py:3239} INFO - Sync 1 DAGs
[2026-06-30T18:32:11.345+0000] {logging_mixin.py:190} INFO - [2026-06-30T18:32:11.345+0000] {dag.py:4180} INFO - Setting next_dagrun for ingest_avito_to_raw to 2026-06-30 18:00:00+00:00, run_after=2026-06-30 19:00:00+00:00
[2026-06-30T18:32:11.355+0000] {processor.py:208} INFO - Processing /opt/airflow/dags/ingest_avito_to_raw.py took 0.045 seconds
[2026-06-30T18:48:40.587+0000] {processor.py:186} INFO - Started process (PID=26573) to work on /opt/airflow/dags/ingest_avito_to_raw.py
[2026-06-30T18:48:40.588+0000] {processor.py:914} INFO - Processing file /opt/airflow/dags/ingest_avito_to_raw.py for tasks to queue
[2026-06-30T18:48:40.589+0000] {logging_mixin.py:190} INFO - [2026-06-30T18:48:40.588+0000] {dagbag.py:588} INFO - Filling up the DagBag from /opt/airflow/dags/ingest_avito_to_raw.py
[2026-06-30T18:48:40.593+0000] {processor.py:925} INFO - DAG(s) 'ingest_avito_to_raw' retrieved from /opt/airflow/dags/ingest_avito_to_raw.py
[2026-06-30T18:48:40.607+0000] {logging_mixin.py:190} INFO - [2026-06-30T18:48:40.607+0000] {dag.py:3239} INFO - Sync 1 DAGs
[2026-06-30T18:48:40.616+0000] {logging_mixin.py:190} INFO - [2026-06-30T18:48:40.616+0000] {dag.py:4180} INFO - Setting next_dagrun for ingest_avito_to_raw to 2026-06-30 18:00:00+00:00, run_after=2026-06-30 19:00:00+00:00
[2026-06-30T18:48:40.623+0000] {processor.py:208} INFO - Processing /opt/airflow/dags/ingest_avito_to_raw.py took 0.040 seconds
[2026-06-30T18:57:48.075+0000] {processor.py:186} INFO - Started process (PID=26583) to work on /opt/airflow/dags/ingest_avito_to_raw.py
[2026-06-30T18:57:48.075+0000] {processor.py:914} INFO - Processing file /opt/airflow/dags/ingest_avito_to_raw.py for tasks to queue
[2026-06-30T18:57:48.076+0000] {logging_mixin.py:190} INFO - [2026-06-30T18:57:48.076+0000] {dagbag.py:588} INFO - Filling up the DagBag from /opt/airflow/dags/ingest_avito_to_raw.py
[2026-06-30T18:57:48.080+0000] {processor.py:925} INFO - DAG(s) 'ingest_avito_to_raw' retrieved from /opt/airflow/dags/ingest_avito_to_raw.py
[2026-06-30T18:57:48.096+0000] {logging_mixin.py:190} INFO - [2026-06-30T18:57:48.095+0000] {dag.py:3239} INFO - Sync 1 DAGs
[2026-06-30T18:57:48.105+0000] {logging_mixin.py:190} INFO - [2026-06-30T18:57:48.105+0000] {dag.py:4180} INFO - Setting next_dagrun for ingest_avito_to_raw to 2026-06-30 18:00:00+00:00, run_after=2026-06-30 19:00:00+00:00
[2026-06-30T18:57:48.114+0000] {processor.py:208} INFO - Processing /opt/airflow/dags/ingest_avito_to_raw.py took 0.044 seconds
[2026-06-30T18:58:18.483+0000] {processor.py:186} INFO - Started process (PID=26593) to work on /opt/airflow/dags/ingest_avito_to_raw.py
[2026-06-30T18:58:18.484+0000] {processor.py:914} INFO - Processing file /opt/airflow/dags/ingest_avito_to_raw.py for tasks to queue
[2026-06-30T18:58:18.485+0000] {logging_mixin.py:190} INFO - [2026-06-30T18:58:18.485+0000] {dagbag.py:588} INFO - Filling up the DagBag from /opt/airflow/dags/ingest_avito_to_raw.py
[2026-06-30T18:58:18.489+0000] {processor.py:925} INFO - DAG(s) 'ingest_avito_to_raw' retrieved from /opt/airflow/dags/ingest_avito_to_raw.py
[2026-06-30T18:58:18.506+0000] {logging_mixin.py:190} INFO - [2026-06-30T18:58:18.506+0000] {dag.py:3239} INFO - Sync 1 DAGs
[2026-06-30T18:58:18.518+0000] {logging_mixin.py:190} INFO - [2026-06-30T18:58:18.518+0000] {dag.py:4180} INFO - Setting next_dagrun for ingest_avito_to_raw to 2026-06-30 18:00:00+00:00, run_after=2026-06-30 19:00:00+00:00
[2026-06-30T18:58:18.528+0000] {processor.py:208} INFO - Processing /opt/airflow/dags/ingest_avito_to_raw.py took 0.049 seconds
[2026-06-30T19:16:31.748+0000] {processor.py:186} INFO - Started process (PID=26603) to work on /opt/airflow/dags/ingest_avito_to_raw.py
[2026-06-30T19:16:31.749+0000] {processor.py:914} INFO - Processing file /opt/airflow/dags/ingest_avito_to_raw.py for tasks to queue
[2026-06-30T19:16:31.749+0000] {logging_mixin.py:190} INFO - [2026-06-30T19:16:31.749+0000] {dagbag.py:588} INFO - Filling up the DagBag from /opt/airflow/dags/ingest_avito_to_raw.py
[2026-06-30T19:16:31.753+0000] {processor.py:925} INFO - DAG(s) 'ingest_avito_to_raw' retrieved from /opt/airflow/dags/ingest_avito_to_raw.py
[2026-06-30T19:16:31.770+0000] {logging_mixin.py:190} INFO - [2026-06-30T19:16:31.770+0000] {dag.py:3239} INFO - Sync 1 DAGs
[2026-06-30T19:16:31.779+0000] {logging_mixin.py:190} INFO - [2026-06-30T19:16:31.779+0000] {dag.py:4180} INFO - Setting next_dagrun for ingest_avito_to_raw to 2026-06-30 18:00:00+00:00, run_after=2026-06-30 19:00:00+00:00
[2026-06-30T19:16:31.787+0000] {processor.py:208} INFO - Processing /opt/airflow/dags/ingest_avito_to_raw.py took 0.043 seconds
[2026-06-30T19:17:02.143+0000] {processor.py:186} INFO - Started process (PID=26616) to work on /opt/airflow/dags/ingest_avito_to_raw.py
[2026-06-30T19:17:02.144+0000] {processor.py:914} INFO - Processing file /opt/airflow/dags/ingest_avito_to_raw.py for tasks to queue
[2026-06-30T19:17:02.145+0000] {logging_mixin.py:190} INFO - [2026-06-30T19:17:02.145+0000] {dagbag.py:588} INFO - Filling up the DagBag from /opt/airflow/dags/ingest_avito_to_raw.py
[2026-06-30T19:17:02.150+0000] {processor.py:925} INFO - DAG(s) 'ingest_avito_to_raw' retrieved from /opt/airflow/dags/ingest_avito_to_raw.py
[2026-06-30T19:17:02.167+0000] {logging_mixin.py:190} INFO - [2026-06-30T19:17:02.167+0000] {dag.py:3239} INFO - Sync 1 DAGs
[2026-06-30T19:17:02.178+0000] {logging_mixin.py:190} INFO - [2026-06-30T19:17:02.178+0000] {dag.py:4180} INFO - Setting next_dagrun for ingest_avito_to_raw to 2026-06-30 19:00:00+00:00, run_after=2026-06-30 20:00:00+00:00
[2026-06-30T19:17:02.186+0000] {processor.py:208} INFO - Processing /opt/airflow/dags/ingest_avito_to_raw.py took 0.047 seconds
[2026-06-30T19:35:28.150+0000] {processor.py:186} INFO - Started process (PID=26626) to work on /opt/airflow/dags/ingest_avito_to_raw.py
[2026-06-30T19:35:28.150+0000] {processor.py:914} INFO - Processing file /opt/airflow/dags/ingest_avito_to_raw.py for tasks to queue
[2026-06-30T19:35:28.151+0000] {logging_mixin.py:190} INFO - [2026-06-30T19:35:28.151+0000] {dagbag.py:588} INFO - Filling up the DagBag from /opt/airflow/dags/ingest_avito_to_raw.py
[2026-06-30T19:35:28.155+0000] {processor.py:925} INFO - DAG(s) 'ingest_avito_to_raw' retrieved from /opt/airflow/dags/ingest_avito_to_raw.py
[2026-06-30T19:35:28.169+0000] {logging_mixin.py:190} INFO - [2026-06-30T19:35:28.169+0000] {dag.py:3239} INFO - Sync 1 DAGs
[2026-06-30T19:35:28.178+0000] {logging_mixin.py:190} INFO - [2026-06-30T19:35:28.178+0000] {dag.py:4180} INFO - Setting next_dagrun for ingest_avito_to_raw to 2026-06-30 19:00:00+00:00, run_after=2026-06-30 20:00:00+00:00
[2026-06-30T19:35:28.186+0000] {processor.py:208} INFO - Processing /opt/airflow/dags/ingest_avito_to_raw.py took 0.041 seconds
[2026-06-30T19:35:58.589+0000] {processor.py:186} INFO - Started process (PID=26636) to work on /opt/airflow/dags/ingest_avito_to_raw.py
[2026-06-30T19:35:58.589+0000] {processor.py:914} INFO - Processing file /opt/airflow/dags/ingest_avito_to_raw.py for tasks to queue
[2026-06-30T19:35:58.590+0000] {logging_mixin.py:190} INFO - [2026-06-30T19:35:58.590+0000] {dagbag.py:588} INFO - Filling up the DagBag from /opt/airflow/dags/ingest_avito_to_raw.py
[2026-06-30T19:35:58.594+0000] {processor.py:925} INFO - DAG(s) 'ingest_avito_to_raw' retrieved from /opt/airflow/dags/ingest_avito_to_raw.py
[2026-06-30T19:35:58.611+0000] {logging_mixin.py:190} INFO - [2026-06-30T19:35:58.611+0000] {dag.py:3239} INFO - Sync 1 DAGs
[2026-06-30T19:35:58.620+0000] {logging_mixin.py:190} INFO - [2026-06-30T19:35:58.620+0000] {dag.py:4180} INFO - Setting next_dagrun for ingest_avito_to_raw to 2026-06-30 19:00:00+00:00, run_after=2026-06-30 20:00:00+00:00
[2026-06-30T19:35:58.629+0000] {processor.py:208} INFO - Processing /opt/airflow/dags/ingest_avito_to_raw.py took 0.045 seconds
[2026-06-30T19:41:10.338+0000] {processor.py:186} INFO - Started process (PID=26646) to work on /opt/airflow/dags/ingest_avito_to_raw.py
[2026-06-30T19:41:10.339+0000] {processor.py:914} INFO - Processing file /opt/airflow/dags/ingest_avito_to_raw.py for tasks to queue
[2026-06-30T19:41:10.340+0000] {logging_mixin.py:190} INFO - [2026-06-30T19:41:10.340+0000] {dagbag.py:588} INFO - Filling up the DagBag from /opt/airflow/dags/ingest_avito_to_raw.py
[2026-06-30T19:41:10.349+0000] {processor.py:925} INFO - DAG(s) 'ingest_avito_to_raw' retrieved from /opt/airflow/dags/ingest_avito_to_raw.py
[2026-06-30T19:41:10.366+0000] {logging_mixin.py:190} INFO - [2026-06-30T19:41:10.366+0000] {dag.py:3239} INFO - Sync 1 DAGs
[2026-06-30T19:41:10.380+0000] {logging_mixin.py:190} INFO - [2026-06-30T19:41:10.380+0000] {dag.py:4180} INFO - Setting next_dagrun for ingest_avito_to_raw to 2026-06-30 19:00:00+00:00, run_after=2026-06-30 20:00:00+00:00
[2026-06-30T19:41:10.389+0000] {processor.py:208} INFO - Processing /opt/airflow/dags/ingest_avito_to_raw.py took 0.056 seconds
[2026-06-30T19:41:40.763+0000] {processor.py:186} INFO - Started process (PID=26656) to work on /opt/airflow/dags/ingest_avito_to_raw.py
[2026-06-30T19:41:40.764+0000] {processor.py:914} INFO - Processing file /opt/airflow/dags/ingest_avito_to_raw.py for tasks to queue
[2026-06-30T19:41:40.765+0000] {logging_mixin.py:190} INFO - [2026-06-30T19:41:40.764+0000] {dagbag.py:588} INFO - Filling up the DagBag from /opt/airflow/dags/ingest_avito_to_raw.py
[2026-06-30T19:41:40.770+0000] {processor.py:925} INFO - DAG(s) 'ingest_avito_to_raw' retrieved from /opt/airflow/dags/ingest_avito_to_raw.py
[2026-06-30T19:41:40.790+0000] {logging_mixin.py:190} INFO - [2026-06-30T19:41:40.790+0000] {dag.py:3239} INFO - Sync 1 DAGs
[2026-06-30T19:41:40.801+0000] {logging_mixin.py:190} INFO - [2026-06-30T19:41:40.801+0000] {dag.py:4180} INFO - Setting next_dagrun for ingest_avito_to_raw to 2026-06-30 19:00:00+00:00, run_after=2026-06-30 20:00:00+00:00
[2026-06-30T19:41:40.810+0000] {processor.py:208} INFO - Processing /opt/airflow/dags/ingest_avito_to_raw.py took 0.053 seconds
[2026-06-30T19:42:11.213+0000] {processor.py:186} INFO - Started process (PID=26666) to work on /opt/airflow/dags/ingest_avito_to_raw.py
[2026-06-30T19:42:11.213+0000] {processor.py:914} INFO - Processing file /opt/airflow/dags/ingest_avito_to_raw.py for tasks to queue
[2026-06-30T19:42:11.214+0000] {logging_mixin.py:190} INFO - [2026-06-30T19:42:11.214+0000] {dagbag.py:588} INFO - Filling up the DagBag from /opt/airflow/dags/ingest_avito_to_raw.py
[2026-06-30T19:42:11.219+0000] {processor.py:925} INFO - DAG(s) 'ingest_avito_to_raw' retrieved from /opt/airflow/dags/ingest_avito_to_raw.py
[2026-06-30T19:42:11.238+0000] {logging_mixin.py:190} INFO - [2026-06-30T19:42:11.238+0000] {dag.py:3239} INFO - Sync 1 DAGs
[2026-06-30T19:42:11.249+0000] {logging_mixin.py:190} INFO - [2026-06-30T19:42:11.248+0000] {dag.py:4180} INFO - Setting next_dagrun for ingest_avito_to_raw to 2026-06-30 19:00:00+00:00, run_after=2026-06-30 20:00:00+00:00
[2026-06-30T19:42:11.259+0000] {processor.py:208} INFO - Processing /opt/airflow/dags/ingest_avito_to_raw.py took 0.051 seconds
[2026-06-30T19:42:41.605+0000] {processor.py:186} INFO - Started process (PID=26676) to work on /opt/airflow/dags/ingest_avito_to_raw.py
[2026-06-30T19:42:41.606+0000] {processor.py:914} INFO - Processing file /opt/airflow/dags/ingest_avito_to_raw.py for tasks to queue
[2026-06-30T19:42:41.606+0000] {logging_mixin.py:190} INFO - [2026-06-30T19:42:41.606+0000] {dagbag.py:588} INFO - Filling up the DagBag from /opt/airflow/dags/ingest_avito_to_raw.py
[2026-06-30T19:42:41.610+0000] {processor.py:925} INFO - DAG(s) 'ingest_avito_to_raw' retrieved from /opt/airflow/dags/ingest_avito_to_raw.py
[2026-06-30T19:42:41.627+0000] {logging_mixin.py:190} INFO - [2026-06-30T19:42:41.627+0000] {dag.py:3239} INFO - Sync 1 DAGs
[2026-06-30T19:42:41.637+0000] {logging_mixin.py:190} INFO - [2026-06-30T19:42:41.637+0000] {dag.py:4180} INFO - Setting next_dagrun for ingest_avito_to_raw to 2026-06-30 19:00:00+00:00, run_after=2026-06-30 20:00:00+00:00
[2026-06-30T19:42:41.646+0000] {processor.py:208} INFO - Processing /opt/airflow/dags/ingest_avito_to_raw.py took 0.046 seconds
[2026-06-30T19:43:12.034+0000] {processor.py:186} INFO - Started process (PID=26686) to work on /opt/airflow/dags/ingest_avito_to_raw.py
[2026-06-30T19:43:12.035+0000] {processor.py:914} INFO - Processing file /opt/airflow/dags/ingest_avito_to_raw.py for tasks to queue
[2026-06-30T19:43:12.036+0000] {logging_mixin.py:190} INFO - [2026-06-30T19:43:12.035+0000] {dagbag.py:588} INFO - Filling up the DagBag from /opt/airflow/dags/ingest_avito_to_raw.py
[2026-06-30T19:43:12.040+0000] {processor.py:925} INFO - DAG(s) 'ingest_avito_to_raw' retrieved from /opt/airflow/dags/ingest_avito_to_raw.py
[2026-06-30T19:43:12.055+0000] {logging_mixin.py:190} INFO - [2026-06-30T19:43:12.055+0000] {dag.py:3239} INFO - Sync 1 DAGs
[2026-06-30T19:43:12.065+0000] {logging_mixin.py:190} INFO - [2026-06-30T19:43:12.065+0000] {dag.py:4180} INFO - Setting next_dagrun for ingest_avito_to_raw to 2026-06-30 19:00:00+00:00, run_after=2026-06-30 20:00:00+00:00
[2026-06-30T19:43:12.076+0000] {processor.py:208} INFO - Processing /opt/airflow/dags/ingest_avito_to_raw.py took 0.047 seconds
[2026-06-30T19:43:42.497+0000] {processor.py:186} INFO - Started process (PID=26696) to work on /opt/airflow/dags/ingest_avito_to_raw.py
[2026-06-30T19:43:42.498+0000] {processor.py:914} INFO - Processing file /opt/airflow/dags/ingest_avito_to_raw.py for tasks to queue
[2026-06-30T19:43:42.499+0000] {logging_mixin.py:190} INFO - [2026-06-30T19:43:42.499+0000] {dagbag.py:588} INFO - Filling up the DagBag from /opt/airflow/dags/ingest_avito_to_raw.py
[2026-06-30T19:43:42.505+0000] {processor.py:925} INFO - DAG(s) 'ingest_avito_to_raw' retrieved from /opt/airflow/dags/ingest_avito_to_raw.py
[2026-06-30T19:43:42.525+0000] {logging_mixin.py:190} INFO - [2026-06-30T19:43:42.525+0000] {dag.py:3239} INFO - Sync 1 DAGs
[2026-06-30T19:43:42.536+0000] {logging_mixin.py:190} INFO - [2026-06-30T19:43:42.536+0000] {dag.py:4180} INFO - Setting next_dagrun for ingest_avito_to_raw to 2026-06-30 19:00:00+00:00, run_after=2026-06-30 20:00:00+00:00
[2026-06-30T19:43:42.544+0000] {processor.py:208} INFO - Processing /opt/airflow/dags/ingest_avito_to_raw.py took 0.052 seconds
[2026-06-30T19:44:12.967+0000] {processor.py:186} INFO - Started process (PID=26706) to work on /opt/airflow/dags/ingest_avito_to_raw.py
[2026-06-30T19:44:12.968+0000] {processor.py:914} INFO - Processing file /opt/airflow/dags/ingest_avito_to_raw.py for tasks to queue
[2026-06-30T19:44:12.969+0000] {logging_mixin.py:190} INFO - [2026-06-30T19:44:12.969+0000] {dagbag.py:588} INFO - Filling up the DagBag from /opt/airflow/dags/ingest_avito_to_raw.py
[2026-06-30T19:44:12.973+0000] {processor.py:925} INFO - DAG(s) 'ingest_avito_to_raw' retrieved from /opt/airflow/dags/ingest_avito_to_raw.py
[2026-06-30T19:44:12.992+0000] {logging_mixin.py:190} INFO - [2026-06-30T19:44:12.992+0000] {dag.py:3239} INFO - Sync 1 DAGs
[2026-06-30T19:44:13.003+0000] {logging_mixin.py:190} INFO - [2026-06-30T19:44:13.003+0000] {dag.py:4180} INFO - Setting next_dagrun for ingest_avito_to_raw to 2026-06-30 19:00:00+00:00, run_after=2026-06-30 20:00:00+00:00
[2026-06-30T19:44:13.011+0000] {processor.py:208} INFO - Processing /opt/airflow/dags/ingest_avito_to_raw.py took 0.048 seconds
[2026-06-30T19:44:43.395+0000] {processor.py:186} INFO - Started process (PID=26716) to work on /opt/airflow/dags/ingest_avito_to_raw.py
[2026-06-30T19:44:43.396+0000] {processor.py:914} INFO - Processing file /opt/airflow/dags/ingest_avito_to_raw.py for tasks to queue
[2026-06-30T19:44:43.397+0000] {logging_mixin.py:190} INFO - [2026-06-30T19:44:43.397+0000] {dagbag.py:588} INFO - Filling up the DagBag from /opt/airflow/dags/ingest_avito_to_raw.py
[2026-06-30T19:44:43.402+0000] {processor.py:925} INFO - DAG(s) 'ingest_avito_to_raw' retrieved from /opt/airflow/dags/ingest_avito_to_raw.py
[2026-06-30T19:44:43.420+0000] {logging_mixin.py:190} INFO - [2026-06-30T19:44:43.420+0000] {dag.py:3239} INFO - Sync 1 DAGs
[2026-06-30T19:44:43.432+0000] {logging_mixin.py:190} INFO - [2026-06-30T19:44:43.431+0000] {dag.py:4180} INFO - Setting next_dagrun for ingest_avito_to_raw to 2026-06-30 19:00:00+00:00, run_after=2026-06-30 20:00:00+00:00
[2026-06-30T19:44:43.440+0000] {processor.py:208} INFO - Processing /opt/airflow/dags/ingest_avito_to_raw.py took 0.049 seconds
[2026-06-30T19:45:13.859+0000] {processor.py:186} INFO - Started process (PID=26726) to work on /opt/airflow/dags/ingest_avito_to_raw.py
[2026-06-30T19:45:13.859+0000] {processor.py:914} INFO - Processing file /opt/airflow/dags/ingest_avito_to_raw.py for tasks to queue
[2026-06-30T19:45:13.860+0000] {logging_mixin.py:190} INFO - [2026-06-30T19:45:13.860+0000] {dagbag.py:588} INFO - Filling up the DagBag from /opt/airflow/dags/ingest_avito_to_raw.py
[2026-06-30T19:45:13.865+0000] {processor.py:925} INFO - DAG(s) 'ingest_avito_to_raw' retrieved from /opt/airflow/dags/ingest_avito_to_raw.py
[2026-06-30T19:45:13.881+0000] {logging_mixin.py:190} INFO - [2026-06-30T19:45:13.880+0000] {dag.py:3239} INFO - Sync 1 DAGs
[2026-06-30T19:45:13.890+0000] {logging_mixin.py:190} INFO - [2026-06-30T19:45:13.890+0000] {dag.py:4180} INFO - Setting next_dagrun for ingest_avito_to_raw to 2026-06-30 19:00:00+00:00, run_after=2026-06-30 20:00:00+00:00
[2026-06-30T19:45:13.898+0000] {processor.py:208} INFO - Processing /opt/airflow/dags/ingest_avito_to_raw.py took 0.044 seconds
[2026-06-30T19:45:44.310+0000] {processor.py:186} INFO - Started process (PID=26736) to work on /opt/airflow/dags/ingest_avito_to_raw.py
[2026-06-30T19:45:44.311+0000] {processor.py:914} INFO - Processing file /opt/airflow/dags/ingest_avito_to_raw.py for tasks to queue
[2026-06-30T19:45:44.311+0000] {logging_mixin.py:190} INFO - [2026-06-30T19:45:44.311+0000] {dagbag.py:588} INFO - Filling up the DagBag from /opt/airflow/dags/ingest_avito_to_raw.py
[2026-06-30T19:45:44.317+0000] {processor.py:925} INFO - DAG(s) 'ingest_avito_to_raw' retrieved from /opt/airflow/dags/ingest_avito_to_raw.py
[2026-06-30T19:45:44.334+0000] {logging_mixin.py:190} INFO - [2026-06-30T19:45:44.334+0000] {dag.py:3239} INFO - Sync 1 DAGs
[2026-06-30T19:45:44.343+0000] {logging_mixin.py:190} INFO - [2026-06-30T19:45:44.343+0000] {dag.py:4180} INFO - Setting next_dagrun for ingest_avito_to_raw to 2026-06-30 19:00:00+00:00, run_after=2026-06-30 20:00:00+00:00
[2026-06-30T19:45:44.352+0000] {processor.py:208} INFO - Processing /opt/airflow/dags/ingest_avito_to_raw.py took 0.046 seconds
[2026-06-30T19:46:14.793+0000] {processor.py:186} INFO - Started process (PID=26746) to work on /opt/airflow/dags/ingest_avito_to_raw.py
[2026-06-30T19:46:14.793+0000] {processor.py:914} INFO - Processing file /opt/airflow/dags/ingest_avito_to_raw.py for tasks to queue
[2026-06-30T19:46:14.794+0000] {logging_mixin.py:190} INFO - [2026-06-30T19:46:14.794+0000] {dagbag.py:588} INFO - Filling up the DagBag from /opt/airflow/dags/ingest_avito_to_raw.py
[2026-06-30T19:46:14.799+0000] {processor.py:925} INFO - DAG(s) 'ingest_avito_to_raw' retrieved from /opt/airflow/dags/ingest_avito_to_raw.py
[2026-06-30T19:46:14.814+0000] {logging_mixin.py:190} INFO - [2026-06-30T19:46:14.814+0000] {dag.py:3239} INFO - Sync 1 DAGs
[2026-06-30T19:46:14.824+0000] {logging_mixin.py:190} INFO - [2026-06-30T19:46:14.824+0000] {dag.py:4180} INFO - Setting next_dagrun for ingest_avito_to_raw to 2026-06-30 19:00:00+00:00, run_after=2026-06-30 20:00:00+00:00
[2026-06-30T19:46:14.831+0000] {processor.py:208} INFO - Processing /opt/airflow/dags/ingest_avito_to_raw.py took 0.044 seconds
[2026-06-30T19:46:45.200+0000] {processor.py:186} INFO - Started process (PID=26756) to work on /opt/airflow/dags/ingest_avito_to_raw.py
[2026-06-30T19:46:45.201+0000] {processor.py:914} INFO - Processing file /opt/airflow/dags/ingest_avito_to_raw.py for tasks to queue
[2026-06-30T19:46:45.201+0000] {logging_mixin.py:190} INFO - [2026-06-30T19:46:45.201+0000] {dagbag.py:588} INFO - Filling up the DagBag from /opt/airflow/dags/ingest_avito_to_raw.py
[2026-06-30T19:46:45.206+0000] {processor.py:925} INFO - DAG(s) 'ingest_avito_to_raw' retrieved from /opt/airflow/dags/ingest_avito_to_raw.py
[2026-06-30T19:46:45.223+0000] {logging_mixin.py:190} INFO - [2026-06-30T19:46:45.223+0000] {dag.py:3239} INFO - Sync 1 DAGs
[2026-06-30T19:46:45.234+0000] {logging_mixin.py:190} INFO - [2026-06-30T19:46:45.233+0000] {dag.py:4180} INFO - Setting next_dagrun for ingest_avito_to_raw to 2026-06-30 19:00:00+00:00, run_after=2026-06-30 20:00:00+00:00
[2026-06-30T19:46:45.244+0000] {processor.py:208} INFO - Processing /opt/airflow/dags/ingest_avito_to_raw.py took 0.048 seconds
[2026-06-30T19:47:15.730+0000] {processor.py:186} INFO - Started process (PID=26766) to work on /opt/airflow/dags/ingest_avito_to_raw.py
[2026-06-30T19:47:15.731+0000] {processor.py:914} INFO - Processing file /opt/airflow/dags/ingest_avito_to_raw.py for tasks to queue
[2026-06-30T19:47:15.731+0000] {logging_mixin.py:190} INFO - [2026-06-30T19:47:15.731+0000] {dagbag.py:588} INFO - Filling up the DagBag from /opt/airflow/dags/ingest_avito_to_raw.py
[2026-06-30T19:47:15.736+0000] {processor.py:925} INFO - DAG(s) 'ingest_avito_to_raw' retrieved from /opt/airflow/dags/ingest_avito_to_raw.py
[2026-06-30T19:47:15.752+0000] {logging_mixin.py:190} INFO - [2026-06-30T19:47:15.752+0000] {dag.py:3239} INFO - Sync 1 DAGs
[2026-06-30T19:47:15.766+0000] {logging_mixin.py:190} INFO - [2026-06-30T19:47:15.766+0000] {dag.py:4180} INFO - Setting next_dagrun for ingest_avito_to_raw to 2026-06-30 19:00:00+00:00, run_after=2026-06-30 20:00:00+00:00
[2026-06-30T19:47:15.774+0000] {processor.py:208} INFO - Processing /opt/airflow/dags/ingest_avito_to_raw.py took 0.049 seconds
[2026-06-30T19:47:46.105+0000] {processor.py:186} INFO - Started process (PID=26776) to work on /opt/airflow/dags/ingest_avito_to_raw.py
[2026-06-30T19:47:46.106+0000] {processor.py:914} INFO - Processing file /opt/airflow/dags/ingest_avito_to_raw.py for tasks to queue
[2026-06-30T19:47:46.107+0000] {logging_mixin.py:190} INFO - [2026-06-30T19:47:46.106+0000] {dagbag.py:588} INFO - Filling up the DagBag from /opt/airflow/dags/ingest_avito_to_raw.py
[2026-06-30T19:47:46.111+0000] {processor.py:925} INFO - DAG(s) 'ingest_avito_to_raw' retrieved from /opt/airflow/dags/ingest_avito_to_raw.py
[2026-06-30T19:47:46.127+0000] {logging_mixin.py:190} INFO - [2026-06-30T19:47:46.127+0000] {dag.py:3239} INFO - Sync 1 DAGs
[2026-06-30T19:47:46.136+0000] {logging_mixin.py:190} INFO - [2026-06-30T19:47:46.136+0000] {dag.py:4180} INFO - Setting next_dagrun for ingest_avito_to_raw to 2026-06-30 19:00:00+00:00, run_after=2026-06-30 20:00:00+00:00
[2026-06-30T19:47:46.147+0000] {processor.py:208} INFO - Processing /opt/airflow/dags/ingest_avito_to_raw.py took 0.047 seconds
[2026-06-30T19:48:16.599+0000] {processor.py:186} INFO - Started process (PID=26786) to work on /opt/airflow/dags/ingest_avito_to_raw.py
[2026-06-30T19:48:16.600+0000] {processor.py:914} INFO - Processing file /opt/airflow/dags/ingest_avito_to_raw.py for tasks to queue
[2026-06-30T19:48:16.601+0000] {logging_mixin.py:190} INFO - [2026-06-30T19:48:16.600+0000] {dagbag.py:588} INFO - Filling up the DagBag from /opt/airflow/dags/ingest_avito_to_raw.py
[2026-06-30T19:48:16.605+0000] {processor.py:925} INFO - DAG(s) 'ingest_avito_to_raw' retrieved from /opt/airflow/dags/ingest_avito_to_raw.py
[2026-06-30T19:48:16.620+0000] {logging_mixin.py:190} INFO - [2026-06-30T19:48:16.620+0000] {dag.py:3239} INFO - Sync 1 DAGs
[2026-06-30T19:48:16.632+0000] {logging_mixin.py:190} INFO - [2026-06-30T19:48:16.632+0000] {dag.py:4180} INFO - Setting next_dagrun for ingest_avito_to_raw to 2026-06-30 19:00:00+00:00, run_after=2026-06-30 20:00:00+00:00
[2026-06-30T19:48:16.642+0000] {processor.py:208} INFO - Processing /opt/airflow/dags/ingest_avito_to_raw.py took 0.048 seconds
[2026-06-30T19:48:46.994+0000] {processor.py:186} INFO - Started process (PID=26796) to work on /opt/airflow/dags/ingest_avito_to_raw.py
[2026-06-30T19:48:46.995+0000] {processor.py:914} INFO - Processing file /opt/airflow/dags/ingest_avito_to_raw.py for tasks to queue
[2026-06-30T19:48:46.996+0000] {logging_mixin.py:190} INFO - [2026-06-30T19:48:46.996+0000] {dagbag.py:588} INFO - Filling up the DagBag from /opt/airflow/dags/ingest_avito_to_raw.py
[2026-06-30T19:48:46.999+0000] {processor.py:925} INFO - DAG(s) 'ingest_avito_to_raw' retrieved from /opt/airflow/dags/ingest_avito_to_raw.py
[2026-06-30T19:48:47.019+0000] {logging_mixin.py:190} INFO - [2026-06-30T19:48:47.018+0000] {dag.py:3239} INFO - Sync 1 DAGs
[2026-06-30T19:48:47.029+0000] {logging_mixin.py:190} INFO - [2026-06-30T19:48:47.029+0000] {dag.py:4180} INFO - Setting next_dagrun for ingest_avito_to_raw to 2026-06-30 19:00:00+00:00, run_after=2026-06-30 20:00:00+00:00
[2026-06-30T19:48:47.038+0000] {processor.py:208} INFO - Processing /opt/airflow/dags/ingest_avito_to_raw.py took 0.047 seconds
[2026-06-30T19:49:17.480+0000] {processor.py:186} INFO - Started process (PID=26806) to work on /opt/airflow/dags/ingest_avito_to_raw.py
[2026-06-30T19:49:17.480+0000] {processor.py:914} INFO - Processing file /opt/airflow/dags/ingest_avito_to_raw.py for tasks to queue
[2026-06-30T19:49:17.481+0000] {logging_mixin.py:190} INFO - [2026-06-30T19:49:17.481+0000] {dagbag.py:588} INFO - Filling up the DagBag from /opt/airflow/dags/ingest_avito_to_raw.py
[2026-06-30T19:49:17.486+0000] {processor.py:925} INFO - DAG(s) 'ingest_avito_to_raw' retrieved from /opt/airflow/dags/ingest_avito_to_raw.py
[2026-06-30T19:49:17.504+0000] {logging_mixin.py:190} INFO - [2026-06-30T19:49:17.504+0000] {dag.py:3239} INFO - Sync 1 DAGs
[2026-06-30T19:49:17.513+0000] {logging_mixin.py:190} INFO - [2026-06-30T19:49:17.513+0000] {dag.py:4180} INFO - Setting next_dagrun for ingest_avito_to_raw to 2026-06-30 19:00:00+00:00, run_after=2026-06-30 20:00:00+00:00
[2026-06-30T19:49:17.522+0000] {processor.py:208} INFO - Processing /opt/airflow/dags/ingest_avito_to_raw.py took 0.047 seconds
[2026-06-30T19:49:47.931+0000] {processor.py:186} INFO - Started process (PID=26816) to work on /opt/airflow/dags/ingest_avito_to_raw.py
[2026-06-30T19:49:47.932+0000] {processor.py:914} INFO - Processing file /opt/airflow/dags/ingest_avito_to_raw.py for tasks to queue
[2026-06-30T19:49:47.933+0000] {logging_mixin.py:190} INFO - [2026-06-30T19:49:47.933+0000] {dagbag.py:588} INFO - Filling up the DagBag from /opt/airflow/dags/ingest_avito_to_raw.py
[2026-06-30T19:49:47.944+0000] {processor.py:925} INFO - DAG(s) 'ingest_avito_to_raw' retrieved from /opt/airflow/dags/ingest_avito_to_raw.py
[2026-06-30T19:49:47.963+0000] {logging_mixin.py:190} INFO - [2026-06-30T19:49:47.963+0000] {dag.py:3239} INFO - Sync 1 DAGs
[2026-06-30T19:49:47.977+0000] {logging_mixin.py:190} INFO - [2026-06-30T19:49:47.977+0000] {dag.py:4180} INFO - Setting next_dagrun for ingest_avito_to_raw to 2026-06-30 19:00:00+00:00, run_after=2026-06-30 20:00:00+00:00
[2026-06-30T19:49:47.986+0000] {processor.py:208} INFO - Processing /opt/airflow/dags/ingest_avito_to_raw.py took 0.062 seconds
[2026-06-30T19:50:18.367+0000] {processor.py:186} INFO - Started process (PID=26826) to work on /opt/airflow/dags/ingest_avito_to_raw.py
[2026-06-30T19:50:18.368+0000] {processor.py:914} INFO - Processing file /opt/airflow/dags/ingest_avito_to_raw.py for tasks to queue
[2026-06-30T19:50:18.370+0000] {logging_mixin.py:190} INFO - [2026-06-30T19:50:18.369+0000] {dagbag.py:588} INFO - Filling up the DagBag from /opt/airflow/dags/ingest_avito_to_raw.py
[2026-06-30T19:50:18.379+0000] {processor.py:925} INFO - DAG(s) 'ingest_avito_to_raw' retrieved from /opt/airflow/dags/ingest_avito_to_raw.py
[2026-06-30T19:50:18.399+0000] {logging_mixin.py:190} INFO - [2026-06-30T19:50:18.399+0000] {dag.py:3239} INFO - Sync 1 DAGs
[2026-06-30T19:50:18.414+0000] {logging_mixin.py:190} INFO - [2026-06-30T19:50:18.413+0000] {dag.py:4180} INFO - Setting next_dagrun for ingest_avito_to_raw to 2026-06-30 19:00:00+00:00, run_after=2026-06-30 20:00:00+00:00
[2026-06-30T19:50:18.423+0000] {processor.py:208} INFO - Processing /opt/airflow/dags/ingest_avito_to_raw.py took 0.064 seconds
[2026-06-30T19:50:48.740+0000] {processor.py:186} INFO - Started process (PID=26836) to work on /opt/airflow/dags/ingest_avito_to_raw.py
[2026-06-30T19:50:48.741+0000] {processor.py:914} INFO - Processing file /opt/airflow/dags/ingest_avito_to_raw.py for tasks to queue
[2026-06-30T19:50:48.742+0000] {logging_mixin.py:190} INFO - [2026-06-30T19:50:48.741+0000] {dagbag.py:588} INFO - Filling up the DagBag from /opt/airflow/dags/ingest_avito_to_raw.py
[2026-06-30T19:50:48.747+0000] {processor.py:925} INFO - DAG(s) 'ingest_avito_to_raw' retrieved from /opt/airflow/dags/ingest_avito_to_raw.py
[2026-06-30T19:50:48.768+0000] {logging_mixin.py:190} INFO - [2026-06-30T19:50:48.767+0000] {dag.py:3239} INFO - Sync 1 DAGs
[2026-06-30T19:50:48.778+0000] {logging_mixin.py:190} INFO - [2026-06-30T19:50:48.778+0000] {dag.py:4180} INFO - Setting next_dagrun for ingest_avito_to_raw to 2026-06-30 19:00:00+00:00, run_after=2026-06-30 20:00:00+00:00
[2026-06-30T19:50:48.791+0000] {processor.py:208} INFO - Processing /opt/airflow/dags/ingest_avito_to_raw.py took 0.056 seconds
[2026-06-30T19:51:19.121+0000] {processor.py:186} INFO - Started process (PID=26846) to work on /opt/airflow/dags/ingest_avito_to_raw.py
[2026-06-30T19:51:19.121+0000] {processor.py:914} INFO - Processing file /opt/airflow/dags/ingest_avito_to_raw.py for tasks to queue
[2026-06-30T19:51:19.122+0000] {logging_mixin.py:190} INFO - [2026-06-30T19:51:19.122+0000] {dagbag.py:588} INFO - Filling up the DagBag from /opt/airflow/dags/ingest_avito_to_raw.py
[2026-06-30T19:51:19.126+0000] {processor.py:925} INFO - DAG(s) 'ingest_avito_to_raw' retrieved from /opt/airflow/dags/ingest_avito_to_raw.py
[2026-06-30T19:51:19.145+0000] {logging_mixin.py:190} INFO - [2026-06-30T19:51:19.145+0000] {dag.py:3239} INFO - Sync 1 DAGs
[2026-06-30T19:51:19.155+0000] {logging_mixin.py:190} INFO - [2026-06-30T19:51:19.155+0000] {dag.py:4180} INFO - Setting next_dagrun for ingest_avito_to_raw to 2026-06-30 19:00:00+00:00, run_after=2026-06-30 20:00:00+00:00
[2026-06-30T19:51:19.165+0000] {processor.py:208} INFO - Processing /opt/airflow/dags/ingest_avito_to_raw.py took 0.049 seconds
[2026-06-30T19:51:49.394+0000] {processor.py:186} INFO - Started process (PID=26856) to work on /opt/airflow/dags/ingest_avito_to_raw.py
[2026-06-30T19:51:49.395+0000] {processor.py:914} INFO - Processing file /opt/airflow/dags/ingest_avito_to_raw.py for tasks to queue
[2026-06-30T19:51:49.396+0000] {logging_mixin.py:190} INFO - [2026-06-30T19:51:49.396+0000] {dagbag.py:588} INFO - Filling up the DagBag from /opt/airflow/dags/ingest_avito_to_raw.py
[2026-06-30T19:51:49.401+0000] {processor.py:925} INFO - DAG(s) 'ingest_avito_to_raw' retrieved from /opt/airflow/dags/ingest_avito_to_raw.py
[2026-06-30T19:51:49.422+0000] {logging_mixin.py:190} INFO - [2026-06-30T19:51:49.422+0000] {dag.py:3239} INFO - Sync 1 DAGs
[2026-06-30T19:51:49.435+0000] {logging_mixin.py:190} INFO - [2026-06-30T19:51:49.435+0000] {dag.py:4180} INFO - Setting next_dagrun for ingest_avito_to_raw to 2026-06-30 19:00:00+00:00, run_after=2026-06-30 20:00:00+00:00
[2026-06-30T19:51:49.448+0000] {processor.py:208} INFO - Processing /opt/airflow/dags/ingest_avito_to_raw.py took 0.062 seconds
[2026-06-30T19:52:19.795+0000] {processor.py:186} INFO - Started process (PID=26866) to work on /opt/airflow/dags/ingest_avito_to_raw.py
[2026-06-30T19:52:19.796+0000] {processor.py:914} INFO - Processing file /opt/airflow/dags/ingest_avito_to_raw.py for tasks to queue
[2026-06-30T19:52:19.797+0000] {logging_mixin.py:190} INFO - [2026-06-30T19:52:19.797+0000] {dagbag.py:588} INFO - Filling up the DagBag from /opt/airflow/dags/ingest_avito_to_raw.py
[2026-06-30T19:52:19.805+0000] {processor.py:925} INFO - DAG(s) 'ingest_avito_to_raw' retrieved from /opt/airflow/dags/ingest_avito_to_raw.py
[2026-06-30T19:52:19.832+0000] {logging_mixin.py:190} INFO - [2026-06-30T19:52:19.831+0000] {dag.py:3239} INFO - Sync 1 DAGs
[2026-06-30T19:52:19.850+0000] {logging_mixin.py:190} INFO - [2026-06-30T19:52:19.849+0000] {dag.py:4180} INFO - Setting next_dagrun for ingest_avito_to_raw to 2026-06-30 19:00:00+00:00, run_after=2026-06-30 20:00:00+00:00
[2026-06-30T19:52:19.872+0000] {processor.py:208} INFO - Processing /opt/airflow/dags/ingest_avito_to_raw.py took 0.085 seconds
[2026-06-30T19:52:50.264+0000] {processor.py:186} INFO - Started process (PID=26876) to work on /opt/airflow/dags/ingest_avito_to_raw.py
[2026-06-30T19:52:50.265+0000] {processor.py:914} INFO - Processing file /opt/airflow/dags/ingest_avito_to_raw.py for tasks to queue
[2026-06-30T19:52:50.266+0000] {logging_mixin.py:190} INFO - [2026-06-30T19:52:50.266+0000] {dagbag.py:588} INFO - Filling up the DagBag from /opt/airflow/dags/ingest_avito_to_raw.py
[2026-06-30T19:52:50.271+0000] {processor.py:925} INFO - DAG(s) 'ingest_avito_to_raw' retrieved from /opt/airflow/dags/ingest_avito_to_raw.py
[2026-06-30T19:52:50.291+0000] {logging_mixin.py:190} INFO - [2026-06-30T19:52:50.291+0000] {dag.py:3239} INFO - Sync 1 DAGs
[2026-06-30T19:52:50.303+0000] {logging_mixin.py:190} INFO - [2026-06-30T19:52:50.303+0000] {dag.py:4180} INFO - Setting next_dagrun for ingest_avito_to_raw to 2026-06-30 19:00:00+00:00, run_after=2026-06-30 20:00:00+00:00
[2026-06-30T19:52:50.311+0000] {processor.py:208} INFO - Processing /opt/airflow/dags/ingest_avito_to_raw.py took 0.054 seconds
[2026-06-30T19:53:20.669+0000] {processor.py:186} INFO - Started process (PID=26886) to work on /opt/airflow/dags/ingest_avito_to_raw.py
[2026-06-30T19:53:20.669+0000] {processor.py:914} INFO - Processing file /opt/airflow/dags/ingest_avito_to_raw.py for tasks to queue
[2026-06-30T19:53:20.670+0000] {logging_mixin.py:190} INFO - [2026-06-30T19:53:20.670+0000] {dagbag.py:588} INFO - Filling up the DagBag from /opt/airflow/dags/ingest_avito_to_raw.py
[2026-06-30T19:53:20.676+0000] {processor.py:925} INFO - DAG(s) 'ingest_avito_to_raw' retrieved from /opt/airflow/dags/ingest_avito_to_raw.py
[2026-06-30T19:53:20.693+0000] {logging_mixin.py:190} INFO - [2026-06-30T19:53:20.693+0000] {dag.py:3239} INFO - Sync 1 DAGs
[2026-06-30T19:53:20.703+0000] {logging_mixin.py:190} INFO - [2026-06-30T19:53:20.703+0000] {dag.py:4180} INFO - Setting next_dagrun for ingest_avito_to_raw to 2026-06-30 19:00:00+00:00, run_after=2026-06-30 20:00:00+00:00
[2026-06-30T19:53:20.712+0000] {processor.py:208} INFO - Processing /opt/airflow/dags/ingest_avito_to_raw.py took 0.048 seconds
[2026-06-30T19:53:51.039+0000] {processor.py:186} INFO - Started process (PID=26896) to work on /opt/airflow/dags/ingest_avito_to_raw.py
[2026-06-30T19:53:51.040+0000] {processor.py:914} INFO - Processing file /opt/airflow/dags/ingest_avito_to_raw.py for tasks to queue
[2026-06-30T19:53:51.041+0000] {logging_mixin.py:190} INFO - [2026-06-30T19:53:51.041+0000] {dagbag.py:588} INFO - Filling up the DagBag from /opt/airflow/dags/ingest_avito_to_raw.py
[2026-06-30T19:53:51.046+0000] {processor.py:925} INFO - DAG(s) 'ingest_avito_to_raw' retrieved from /opt/airflow/dags/ingest_avito_to_raw.py
[2026-06-30T19:53:51.062+0000] {logging_mixin.py:190} INFO - [2026-06-30T19:53:51.062+0000] {dag.py:3239} INFO - Sync 1 DAGs
[2026-06-30T19:53:51.074+0000] {logging_mixin.py:190} INFO - [2026-06-30T19:53:51.074+0000] {dag.py:4180} INFO - Setting next_dagrun for ingest_avito_to_raw to 2026-06-30 19:00:00+00:00, run_after=2026-06-30 20:00:00+00:00
[2026-06-30T19:53:51.086+0000] {processor.py:208} INFO - Processing /opt/airflow/dags/ingest_avito_to_raw.py took 0.052 seconds
[2026-06-30T19:54:21.430+0000] {processor.py:186} INFO - Started process (PID=26906) to work on /opt/airflow/dags/ingest_avito_to_raw.py
[2026-06-30T19:54:21.430+0000] {processor.py:914} INFO - Processing file /opt/airflow/dags/ingest_avito_to_raw.py for tasks to queue
[2026-06-30T19:54:21.431+0000] {logging_mixin.py:190} INFO - [2026-06-30T19:54:21.431+0000] {dagbag.py:588} INFO - Filling up the DagBag from /opt/airflow/dags/ingest_avito_to_raw.py
[2026-06-30T19:54:21.435+0000] {processor.py:925} INFO - DAG(s) 'ingest_avito_to_raw' retrieved from /opt/airflow/dags/ingest_avito_to_raw.py
[2026-06-30T19:54:21.453+0000] {logging_mixin.py:190} INFO - [2026-06-30T19:54:21.453+0000] {dag.py:3239} INFO - Sync 1 DAGs
[2026-06-30T19:54:21.464+0000] {logging_mixin.py:190} INFO - [2026-06-30T19:54:21.464+0000] {dag.py:4180} INFO - Setting next_dagrun for ingest_avito_to_raw to 2026-06-30 19:00:00+00:00, run_after=2026-06-30 20:00:00+00:00
[2026-06-30T19:54:21.473+0000] {processor.py:208} INFO - Processing /opt/airflow/dags/ingest_avito_to_raw.py took 0.049 seconds
[2026-06-30T19:54:51.801+0000] {processor.py:186} INFO - Started process (PID=26916) to work on /opt/airflow/dags/ingest_avito_to_raw.py
[2026-06-30T19:54:51.802+0000] {processor.py:914} INFO - Processing file /opt/airflow/dags/ingest_avito_to_raw.py for tasks to queue
[2026-06-30T19:54:51.803+0000] {logging_mixin.py:190} INFO - [2026-06-30T19:54:51.803+0000] {dagbag.py:588} INFO - Filling up the DagBag from /opt/airflow/dags/ingest_avito_to_raw.py
[2026-06-30T19:54:51.808+0000] {processor.py:925} INFO - DAG(s) 'ingest_avito_to_raw' retrieved from /opt/airflow/dags/ingest_avito_to_raw.py
[2026-06-30T19:54:51.826+0000] {logging_mixin.py:190} INFO - [2026-06-30T19:54:51.826+0000] {dag.py:3239} INFO - Sync 1 DAGs
[2026-06-30T19:54:51.835+0000] {logging_mixin.py:190} INFO - [2026-06-30T19:54:51.835+0000] {dag.py:4180} INFO - Setting next_dagrun for ingest_avito_to_raw to 2026-06-30 19:00:00+00:00, run_after=2026-06-30 20:00:00+00:00
[2026-06-30T19:54:51.844+0000] {processor.py:208} INFO - Processing /opt/airflow/dags/ingest_avito_to_raw.py took 0.050 seconds
[2026-06-30T19:55:22.152+0000] {processor.py:186} INFO - Started process (PID=26926) to work on /opt/airflow/dags/ingest_avito_to_raw.py
[2026-06-30T19:55:22.153+0000] {processor.py:914} INFO - Processing file /opt/airflow/dags/ingest_avito_to_raw.py for tasks to queue
[2026-06-30T19:55:22.153+0000] {logging_mixin.py:190} INFO - [2026-06-30T19:55:22.153+0000] {dagbag.py:588} INFO - Filling up the DagBag from /opt/airflow/dags/ingest_avito_to_raw.py
[2026-06-30T19:55:22.158+0000] {processor.py:925} INFO - DAG(s) 'ingest_avito_to_raw' retrieved from /opt/airflow/dags/ingest_avito_to_raw.py
[2026-06-30T19:55:22.178+0000] {logging_mixin.py:190} INFO - [2026-06-30T19:55:22.178+0000] {dag.py:3239} INFO - Sync 1 DAGs
[2026-06-30T19:55:22.190+0000] {logging_mixin.py:190} INFO - [2026-06-30T19:55:22.190+0000] {dag.py:4180} INFO - Setting next_dagrun for ingest_avito_to_raw to 2026-06-30 19:00:00+00:00, run_after=2026-06-30 20:00:00+00:00
[2026-06-30T19:55:22.200+0000] {processor.py:208} INFO - Processing /opt/airflow/dags/ingest_avito_to_raw.py took 0.054 seconds
[2026-06-30T19:55:52.553+0000] {processor.py:186} INFO - Started process (PID=26936) to work on /opt/airflow/dags/ingest_avito_to_raw.py
[2026-06-30T19:55:52.554+0000] {processor.py:914} INFO - Processing file /opt/airflow/dags/ingest_avito_to_raw.py for tasks to queue
[2026-06-30T19:55:52.555+0000] {logging_mixin.py:190} INFO - [2026-06-30T19:55:52.555+0000] {dagbag.py:588} INFO - Filling up the DagBag from /opt/airflow/dags/ingest_avito_to_raw.py
[2026-06-30T19:55:52.560+0000] {processor.py:925} INFO - DAG(s) 'ingest_avito_to_raw' retrieved from /opt/airflow/dags/ingest_avito_to_raw.py
[2026-06-30T19:55:52.578+0000] {logging_mixin.py:190} INFO - [2026-06-30T19:55:52.578+0000] {dag.py:3239} INFO - Sync 1 DAGs
[2026-06-30T19:55:52.588+0000] {logging_mixin.py:190} INFO - [2026-06-30T19:55:52.588+0000] {dag.py:4180} INFO - Setting next_dagrun for ingest_avito_to_raw to 2026-06-30 19:00:00+00:00, run_after=2026-06-30 20:00:00+00:00
[2026-06-30T19:55:52.597+0000] {processor.py:208} INFO - Processing /opt/airflow/dags/ingest_avito_to_raw.py took 0.048 seconds
[2026-06-30T19:56:22.931+0000] {processor.py:186} INFO - Started process (PID=26946) to work on /opt/airflow/dags/ingest_avito_to_raw.py
[2026-06-30T19:56:22.932+0000] {processor.py:914} INFO - Processing file /opt/airflow/dags/ingest_avito_to_raw.py for tasks to queue
[2026-06-30T19:56:22.933+0000] {logging_mixin.py:190} INFO - [2026-06-30T19:56:22.933+0000] {dagbag.py:588} INFO - Filling up the DagBag from /opt/airflow/dags/ingest_avito_to_raw.py
[2026-06-30T19:56:22.939+0000] {processor.py:925} INFO - DAG(s) 'ingest_avito_to_raw' retrieved from /opt/airflow/dags/ingest_avito_to_raw.py
[2026-06-30T19:56:22.961+0000] {logging_mixin.py:190} INFO - [2026-06-30T19:56:22.961+0000] {dag.py:3239} INFO - Sync 1 DAGs
[2026-06-30T19:56:22.974+0000] {logging_mixin.py:190} INFO - [2026-06-30T19:56:22.974+0000] {dag.py:4180} INFO - Setting next_dagrun for ingest_avito_to_raw to 2026-06-30 19:00:00+00:00, run_after=2026-06-30 20:00:00+00:00
[2026-06-30T19:56:22.985+0000] {processor.py:208} INFO - Processing /opt/airflow/dags/ingest_avito_to_raw.py took 0.060 seconds
[2026-06-30T19:56:53.321+0000] {processor.py:186} INFO - Started process (PID=26956) to work on /opt/airflow/dags/ingest_avito_to_raw.py
[2026-06-30T19:56:53.322+0000] {processor.py:914} INFO - Processing file /opt/airflow/dags/ingest_avito_to_raw.py for tasks to queue
[2026-06-30T19:56:53.323+0000] {logging_mixin.py:190} INFO - [2026-06-30T19:56:53.322+0000] {dagbag.py:588} INFO - Filling up the DagBag from /opt/airflow/dags/ingest_avito_to_raw.py
[2026-06-30T19:56:53.328+0000] {processor.py:925} INFO - DAG(s) 'ingest_avito_to_raw' retrieved from /opt/airflow/dags/ingest_avito_to_raw.py
[2026-06-30T19:56:53.351+0000] {logging_mixin.py:190} INFO - [2026-06-30T19:56:53.351+0000] {dag.py:3239} INFO - Sync 1 DAGs
[2026-06-30T19:56:53.362+0000] {logging_mixin.py:190} INFO - [2026-06-30T19:56:53.362+0000] {dag.py:4180} INFO - Setting next_dagrun for ingest_avito_to_raw to 2026-06-30 19:00:00+00:00, run_after=2026-06-30 20:00:00+00:00
[2026-06-30T19:56:53.371+0000] {processor.py:208} INFO - Processing /opt/airflow/dags/ingest_avito_to_raw.py took 0.056 seconds
[2026-06-30T19:57:23.664+0000] {processor.py:186} INFO - Started process (PID=26966) to work on /opt/airflow/dags/ingest_avito_to_raw.py
[2026-06-30T19:57:23.665+0000] {processor.py:914} INFO - Processing file /opt/airflow/dags/ingest_avito_to_raw.py for tasks to queue
[2026-06-30T19:57:23.666+0000] {logging_mixin.py:190} INFO - [2026-06-30T19:57:23.666+0000] {dagbag.py:588} INFO - Filling up the DagBag from /opt/airflow/dags/ingest_avito_to_raw.py
[2026-06-30T19:57:23.669+0000] {processor.py:925} INFO - DAG(s) 'ingest_avito_to_raw' retrieved from /opt/airflow/dags/ingest_avito_to_raw.py
[2026-06-30T19:57:23.687+0000] {logging_mixin.py:190} INFO - [2026-06-30T19:57:23.687+0000] {dag.py:3239} INFO - Sync 1 DAGs
[2026-06-30T19:57:23.699+0000] {logging_mixin.py:190} INFO - [2026-06-30T19:57:23.699+0000] {dag.py:4180} INFO - Setting next_dagrun for ingest_avito_to_raw to 2026-06-30 19:00:00+00:00, run_after=2026-06-30 20:00:00+00:00
[2026-06-30T19:57:23.709+0000] {processor.py:208} INFO - Processing /opt/airflow/dags/ingest_avito_to_raw.py took 0.051 seconds
[2026-06-30T19:57:54.052+0000] {processor.py:186} INFO - Started process (PID=26976) to work on /opt/airflow/dags/ingest_avito_to_raw.py
[2026-06-30T19:57:54.053+0000] {processor.py:914} INFO - Processing file /opt/airflow/dags/ingest_avito_to_raw.py for tasks to queue
[2026-06-30T19:57:54.054+0000] {logging_mixin.py:190} INFO - [2026-06-30T19:57:54.053+0000] {dagbag.py:588} INFO - Filling up the DagBag from /opt/airflow/dags/ingest_avito_to_raw.py
[2026-06-30T19:57:54.058+0000] {processor.py:925} INFO - DAG(s) 'ingest_avito_to_raw' retrieved from /opt/airflow/dags/ingest_avito_to_raw.py
[2026-06-30T19:57:54.078+0000] {logging_mixin.py:190} INFO - [2026-06-30T19:57:54.078+0000] {dag.py:3239} INFO - Sync 1 DAGs
[2026-06-30T19:57:54.087+0000] {logging_mixin.py:190} INFO - [2026-06-30T19:57:54.087+0000] {dag.py:4180} INFO - Setting next_dagrun for ingest_avito_to_raw to 2026-06-30 19:00:00+00:00, run_after=2026-06-30 20:00:00+00:00
[2026-06-30T19:57:54.096+0000] {processor.py:208} INFO - Processing /opt/airflow/dags/ingest_avito_to_raw.py took 0.049 seconds
[2026-06-30T19:58:24.402+0000] {processor.py:186} INFO - Started process (PID=26986) to work on /opt/airflow/dags/ingest_avito_to_raw.py
[2026-06-30T19:58:24.402+0000] {processor.py:914} INFO - Processing file /opt/airflow/dags/ingest_avito_to_raw.py for tasks to queue
[2026-06-30T19:58:24.404+0000] {logging_mixin.py:190} INFO - [2026-06-30T19:58:24.403+0000] {dagbag.py:588} INFO - Filling up the DagBag from /opt/airflow/dags/ingest_avito_to_raw.py
[2026-06-30T19:58:24.408+0000] {processor.py:925} INFO - DAG(s) 'ingest_avito_to_raw' retrieved from /opt/airflow/dags/ingest_avito_to_raw.py
[2026-06-30T19:58:24.426+0000] {logging_mixin.py:190} INFO - [2026-06-30T19:58:24.426+0000] {dag.py:3239} INFO - Sync 1 DAGs
[2026-06-30T19:58:24.438+0000] {logging_mixin.py:190} INFO - [2026-06-30T19:58:24.438+0000] {dag.py:4180} INFO - Setting next_dagrun for ingest_avito_to_raw to 2026-06-30 19:00:00+00:00, run_after=2026-06-30 20:00:00+00:00
[2026-06-30T19:58:24.448+0000] {processor.py:208} INFO - Processing /opt/airflow/dags/ingest_avito_to_raw.py took 0.051 seconds
[2026-06-30T19:58:54.771+0000] {processor.py:186} INFO - Started process (PID=26996) to work on /opt/airflow/dags/ingest_avito_to_raw.py
[2026-06-30T19:58:54.772+0000] {processor.py:914} INFO - Processing file /opt/airflow/dags/ingest_avito_to_raw.py for tasks to queue
[2026-06-30T19:58:54.773+0000] {logging_mixin.py:190} INFO - [2026-06-30T19:58:54.772+0000] {dagbag.py:588} INFO - Filling up the DagBag from /opt/airflow/dags/ingest_avito_to_raw.py
[2026-06-30T19:58:54.777+0000] {processor.py:925} INFO - DAG(s) 'ingest_avito_to_raw' retrieved from /opt/airflow/dags/ingest_avito_to_raw.py
[2026-06-30T19:58:54.797+0000] {logging_mixin.py:190} INFO - [2026-06-30T19:58:54.797+0000] {dag.py:3239} INFO - Sync 1 DAGs
[2026-06-30T19:58:54.808+0000] {logging_mixin.py:190} INFO - [2026-06-30T19:58:54.808+0000] {dag.py:4180} INFO - Setting next_dagrun for ingest_avito_to_raw to 2026-06-30 19:00:00+00:00, run_after=2026-06-30 20:00:00+00:00
[2026-06-30T19:58:54.818+0000] {processor.py:208} INFO - Processing /opt/airflow/dags/ingest_avito_to_raw.py took 0.053 seconds
[2026-06-30T19:59:25.058+0000] {processor.py:186} INFO - Started process (PID=27006) to work on /opt/airflow/dags/ingest_avito_to_raw.py
[2026-06-30T19:59:25.059+0000] {processor.py:914} INFO - Processing file /opt/airflow/dags/ingest_avito_to_raw.py for tasks to queue
[2026-06-30T19:59:25.061+0000] {logging_mixin.py:190} INFO - [2026-06-30T19:59:25.060+0000] {dagbag.py:588} INFO - Filling up the DagBag from /opt/airflow/dags/ingest_avito_to_raw.py
[2026-06-30T19:59:25.072+0000] {processor.py:925} INFO - DAG(s) 'ingest_avito_to_raw' retrieved from /opt/airflow/dags/ingest_avito_to_raw.py
[2026-06-30T19:59:25.097+0000] {logging_mixin.py:190} INFO - [2026-06-30T19:59:25.097+0000] {dag.py:3239} INFO - Sync 1 DAGs
[2026-06-30T19:59:25.112+0000] {logging_mixin.py:190} INFO - [2026-06-30T19:59:25.111+0000] {dag.py:4180} INFO - Setting next_dagrun for ingest_avito_to_raw to 2026-06-30 19:00:00+00:00, run_after=2026-06-30 20:00:00+00:00
[2026-06-30T19:59:25.124+0000] {processor.py:208} INFO - Processing /opt/airflow/dags/ingest_avito_to_raw.py took 0.075 seconds
[2026-06-30T19:59:55.447+0000] {processor.py:186} INFO - Started process (PID=27016) to work on /opt/airflow/dags/ingest_avito_to_raw.py
[2026-06-30T19:59:55.448+0000] {processor.py:914} INFO - Processing file /opt/airflow/dags/ingest_avito_to_raw.py for tasks to queue
[2026-06-30T19:59:55.449+0000] {logging_mixin.py:190} INFO - [2026-06-30T19:59:55.448+0000] {dagbag.py:588} INFO - Filling up the DagBag from /opt/airflow/dags/ingest_avito_to_raw.py
[2026-06-30T19:59:55.453+0000] {processor.py:925} INFO - DAG(s) 'ingest_avito_to_raw' retrieved from /opt/airflow/dags/ingest_avito_to_raw.py
[2026-06-30T19:59:55.472+0000] {logging_mixin.py:190} INFO - [2026-06-30T19:59:55.472+0000] {dag.py:3239} INFO - Sync 1 DAGs
[2026-06-30T19:59:55.484+0000] {logging_mixin.py:190} INFO - [2026-06-30T19:59:55.484+0000] {dag.py:4180} INFO - Setting next_dagrun for ingest_avito_to_raw to 2026-06-30 19:00:00+00:00, run_after=2026-06-30 20:00:00+00:00
[2026-06-30T19:59:55.493+0000] {processor.py:208} INFO - Processing /opt/airflow/dags/ingest_avito_to_raw.py took 0.051 seconds
[2026-06-30T20:00:25.831+0000] {processor.py:186} INFO - Started process (PID=27029) to work on /opt/airflow/dags/ingest_avito_to_raw.py
[2026-06-30T20:00:25.831+0000] {processor.py:914} INFO - Processing file /opt/airflow/dags/ingest_avito_to_raw.py for tasks to queue
[2026-06-30T20:00:25.832+0000] {logging_mixin.py:190} INFO - [2026-06-30T20:00:25.832+0000] {dagbag.py:588} INFO - Filling up the DagBag from /opt/airflow/dags/ingest_avito_to_raw.py
[2026-06-30T20:00:25.838+0000] {processor.py:925} INFO - DAG(s) 'ingest_avito_to_raw' retrieved from /opt/airflow/dags/ingest_avito_to_raw.py
[2026-06-30T20:00:25.860+0000] {logging_mixin.py:190} INFO - [2026-06-30T20:00:25.860+0000] {dag.py:3239} INFO - Sync 1 DAGs
[2026-06-30T20:00:25.872+0000] {logging_mixin.py:190} INFO - [2026-06-30T20:00:25.871+0000] {dag.py:4180} INFO - Setting next_dagrun for ingest_avito_to_raw to 2026-06-30 20:00:00+00:00, run_after=2026-06-30 21:00:00+00:00
[2026-06-30T20:00:25.880+0000] {processor.py:208} INFO - Processing /opt/airflow/dags/ingest_avito_to_raw.py took 0.056 seconds
[2026-06-30T20:00:56.216+0000] {processor.py:186} INFO - Started process (PID=27039) to work on /opt/airflow/dags/ingest_avito_to_raw.py
[2026-06-30T20:00:56.216+0000] {processor.py:914} INFO - Processing file /opt/airflow/dags/ingest_avito_to_raw.py for tasks to queue
[2026-06-30T20:00:56.217+0000] {logging_mixin.py:190} INFO - [2026-06-30T20:00:56.217+0000] {dagbag.py:588} INFO - Filling up the DagBag from /opt/airflow/dags/ingest_avito_to_raw.py
[2026-06-30T20:00:56.222+0000] {processor.py:925} INFO - DAG(s) 'ingest_avito_to_raw' retrieved from /opt/airflow/dags/ingest_avito_to_raw.py
[2026-06-30T20:00:56.240+0000] {logging_mixin.py:190} INFO - [2026-06-30T20:00:56.240+0000] {dag.py:3239} INFO - Sync 1 DAGs
[2026-06-30T20:00:56.251+0000] {logging_mixin.py:190} INFO - [2026-06-30T20:00:56.251+0000] {dag.py:4180} INFO - Setting next_dagrun for ingest_avito_to_raw to 2026-06-30 20:00:00+00:00, run_after=2026-06-30 21:00:00+00:00
[2026-06-30T20:00:56.260+0000] {processor.py:208} INFO - Processing /opt/airflow/dags/ingest_avito_to_raw.py took 0.050 seconds
[2026-06-30T20:01:26.635+0000] {processor.py:186} INFO - Started process (PID=27049) to work on /opt/airflow/dags/ingest_avito_to_raw.py
[2026-06-30T20:01:26.636+0000] {processor.py:914} INFO - Processing file /opt/airflow/dags/ingest_avito_to_raw.py for tasks to queue
[2026-06-30T20:01:26.637+0000] {logging_mixin.py:190} INFO - [2026-06-30T20:01:26.637+0000] {dagbag.py:588} INFO - Filling up the DagBag from /opt/airflow/dags/ingest_avito_to_raw.py
[2026-06-30T20:01:26.646+0000] {processor.py:925} INFO - DAG(s) 'ingest_avito_to_raw' retrieved from /opt/airflow/dags/ingest_avito_to_raw.py
[2026-06-30T20:01:26.668+0000] {logging_mixin.py:190} INFO - [2026-06-30T20:01:26.668+0000] {dag.py:3239} INFO - Sync 1 DAGs
[2026-06-30T20:01:26.680+0000] {logging_mixin.py:190} INFO - [2026-06-30T20:01:26.680+0000] {dag.py:4180} INFO - Setting next_dagrun for ingest_avito_to_raw to 2026-06-30 20:00:00+00:00, run_after=2026-06-30 21:00:00+00:00
[2026-06-30T20:01:26.688+0000] {processor.py:208} INFO - Processing /opt/airflow/dags/ingest_avito_to_raw.py took 0.061 seconds
[2026-06-30T20:01:57.011+0000] {processor.py:186} INFO - Started process (PID=27059) to work on /opt/airflow/dags/ingest_avito_to_raw.py
[2026-06-30T20:01:57.013+0000] {processor.py:914} INFO - Processing file /opt/airflow/dags/ingest_avito_to_raw.py for tasks to queue
[2026-06-30T20:01:57.014+0000] {logging_mixin.py:190} INFO - [2026-06-30T20:01:57.014+0000] {dagbag.py:588} INFO - Filling up the DagBag from /opt/airflow/dags/ingest_avito_to_raw.py
[2026-06-30T20:01:57.019+0000] {processor.py:925} INFO - DAG(s) 'ingest_avito_to_raw' retrieved from /opt/airflow/dags/ingest_avito_to_raw.py
[2026-06-30T20:01:57.039+0000] {logging_mixin.py:190} INFO - [2026-06-30T20:01:57.039+0000] {dag.py:3239} INFO - Sync 1 DAGs
[2026-06-30T20:01:57.052+0000] {logging_mixin.py:190} INFO - [2026-06-30T20:01:57.052+0000] {dag.py:4180} INFO - Setting next_dagrun for ingest_avito_to_raw to 2026-06-30 20:00:00+00:00, run_after=2026-06-30 21:00:00+00:00
[2026-06-30T20:01:57.060+0000] {processor.py:208} INFO - Processing /opt/airflow/dags/ingest_avito_to_raw.py took 0.055 seconds
[2026-06-30T20:02:27.334+0000] {processor.py:186} INFO - Started process (PID=27069) to work on /opt/airflow/dags/ingest_avito_to_raw.py
[2026-06-30T20:02:27.335+0000] {processor.py:914} INFO - Processing file /opt/airflow/dags/ingest_avito_to_raw.py for tasks to queue
[2026-06-30T20:02:27.336+0000] {logging_mixin.py:190} INFO - [2026-06-30T20:02:27.336+0000] {dagbag.py:588} INFO - Filling up the DagBag from /opt/airflow/dags/ingest_avito_to_raw.py
[2026-06-30T20:02:27.341+0000] {processor.py:925} INFO - DAG(s) 'ingest_avito_to_raw' retrieved from /opt/airflow/dags/ingest_avito_to_raw.py
[2026-06-30T20:02:27.363+0000] {logging_mixin.py:190} INFO - [2026-06-30T20:02:27.363+0000] {dag.py:3239} INFO - Sync 1 DAGs
[2026-06-30T20:02:27.376+0000] {logging_mixin.py:190} INFO - [2026-06-30T20:02:27.376+0000] {dag.py:4180} INFO - Setting next_dagrun for ingest_avito_to_raw to 2026-06-30 20:00:00+00:00, run_after=2026-06-30 21:00:00+00:00
[2026-06-30T20:02:27.388+0000] {processor.py:208} INFO - Processing /opt/airflow/dags/ingest_avito_to_raw.py took 0.060 seconds
[2026-06-30T20:02:57.758+0000] {processor.py:186} INFO - Started process (PID=27079) to work on /opt/airflow/dags/ingest_avito_to_raw.py
[2026-06-30T20:02:57.759+0000] {processor.py:914} INFO - Processing file /opt/airflow/dags/ingest_avito_to_raw.py for tasks to queue
[2026-06-30T20:02:57.760+0000] {logging_mixin.py:190} INFO - [2026-06-30T20:02:57.760+0000] {dagbag.py:588} INFO - Filling up the DagBag from /opt/airflow/dags/ingest_avito_to_raw.py
[2026-06-30T20:02:57.765+0000] {processor.py:925} INFO - DAG(s) 'ingest_avito_to_raw' retrieved from /opt/airflow/dags/ingest_avito_to_raw.py
[2026-06-30T20:02:57.786+0000] {logging_mixin.py:190} INFO - [2026-06-30T20:02:57.786+0000] {dag.py:3239} INFO - Sync 1 DAGs
[2026-06-30T20:02:57.798+0000] {logging_mixin.py:190} INFO - [2026-06-30T20:02:57.798+0000] {dag.py:4180} INFO - Setting next_dagrun for ingest_avito_to_raw to 2026-06-30 20:00:00+00:00, run_after=2026-06-30 21:00:00+00:00
[2026-06-30T20:02:57.805+0000] {processor.py:208} INFO - Processing /opt/airflow/dags/ingest_avito_to_raw.py took 0.054 seconds
[2026-06-30T20:03:28.168+0000] {processor.py:186} INFO - Started process (PID=27089) to work on /opt/airflow/dags/ingest_avito_to_raw.py
[2026-06-30T20:03:28.170+0000] {processor.py:914} INFO - Processing file /opt/airflow/dags/ingest_avito_to_raw.py for tasks to queue
[2026-06-30T20:03:28.171+0000] {logging_mixin.py:190} INFO - [2026-06-30T20:03:28.171+0000] {dagbag.py:588} INFO - Filling up the DagBag from /opt/airflow/dags/ingest_avito_to_raw.py
[2026-06-30T20:03:28.179+0000] {processor.py:925} INFO - DAG(s) 'ingest_avito_to_raw' retrieved from /opt/airflow/dags/ingest_avito_to_raw.py
[2026-06-30T20:03:28.200+0000] {logging_mixin.py:190} INFO - [2026-06-30T20:03:28.200+0000] {dag.py:3239} INFO - Sync 1 DAGs
[2026-06-30T20:03:28.214+0000] {logging_mixin.py:190} INFO - [2026-06-30T20:03:28.214+0000] {dag.py:4180} INFO - Setting next_dagrun for ingest_avito_to_raw to 2026-06-30 20:00:00+00:00, run_after=2026-06-30 21:00:00+00:00
[2026-06-30T20:03:28.222+0000] {processor.py:208} INFO - Processing /opt/airflow/dags/ingest_avito_to_raw.py took 0.062 seconds
[2026-06-30T20:03:58.546+0000] {processor.py:186} INFO - Started process (PID=27099) to work on /opt/airflow/dags/ingest_avito_to_raw.py
[2026-06-30T20:03:58.547+0000] {processor.py:914} INFO - Processing file /opt/airflow/dags/ingest_avito_to_raw.py for tasks to queue
[2026-06-30T20:03:58.548+0000] {logging_mixin.py:190} INFO - [2026-06-30T20:03:58.547+0000] {dagbag.py:588} INFO - Filling up the DagBag from /opt/airflow/dags/ingest_avito_to_raw.py
[2026-06-30T20:03:58.552+0000] {processor.py:925} INFO - DAG(s) 'ingest_avito_to_raw' retrieved from /opt/airflow/dags/ingest_avito_to_raw.py
[2026-06-30T20:03:58.577+0000] {logging_mixin.py:190} INFO - [2026-06-30T20:03:58.577+0000] {dag.py:3239} INFO - Sync 1 DAGs
[2026-06-30T20:03:58.587+0000] {logging_mixin.py:190} INFO - [2026-06-30T20:03:58.587+0000] {dag.py:4180} INFO - Setting next_dagrun for ingest_avito_to_raw to 2026-06-30 20:00:00+00:00, run_after=2026-06-30 21:00:00+00:00
[2026-06-30T20:03:58.597+0000] {processor.py:208} INFO - Processing /opt/airflow/dags/ingest_avito_to_raw.py took 0.056 seconds
[2026-06-30T20:04:28.937+0000] {processor.py:186} INFO - Started process (PID=27109) to work on /opt/airflow/dags/ingest_avito_to_raw.py
[2026-06-30T20:04:28.937+0000] {processor.py:914} INFO - Processing file /opt/airflow/dags/ingest_avito_to_raw.py for tasks to queue
[2026-06-30T20:04:28.938+0000] {logging_mixin.py:190} INFO - [2026-06-30T20:04:28.938+0000] {dagbag.py:588} INFO - Filling up the DagBag from /opt/airflow/dags/ingest_avito_to_raw.py
[2026-06-30T20:04:28.942+0000] {processor.py:925} INFO - DAG(s) 'ingest_avito_to_raw' retrieved from /opt/airflow/dags/ingest_avito_to_raw.py
[2026-06-30T20:04:28.961+0000] {logging_mixin.py:190} INFO - [2026-06-30T20:04:28.960+0000] {dag.py:3239} INFO - Sync 1 DAGs
[2026-06-30T20:04:28.974+0000] {logging_mixin.py:190} INFO - [2026-06-30T20:04:28.974+0000] {dag.py:4180} INFO - Setting next_dagrun for ingest_avito_to_raw to 2026-06-30 20:00:00+00:00, run_after=2026-06-30 21:00:00+00:00
[2026-06-30T20:04:28.983+0000] {processor.py:208} INFO - Processing /opt/airflow/dags/ingest_avito_to_raw.py took 0.051 seconds
[2026-06-30T20:04:59.324+0000] {processor.py:186} INFO - Started process (PID=27119) to work on /opt/airflow/dags/ingest_avito_to_raw.py
[2026-06-30T20:04:59.325+0000] {processor.py:914} INFO - Processing file /opt/airflow/dags/ingest_avito_to_raw.py for tasks to queue
[2026-06-30T20:04:59.326+0000] {logging_mixin.py:190} INFO - [2026-06-30T20:04:59.325+0000] {dagbag.py:588} INFO - Filling up the DagBag from /opt/airflow/dags/ingest_avito_to_raw.py
[2026-06-30T20:04:59.329+0000] {processor.py:925} INFO - DAG(s) 'ingest_avito_to_raw' retrieved from /opt/airflow/dags/ingest_avito_to_raw.py
[2026-06-30T20:04:59.347+0000] {logging_mixin.py:190} INFO - [2026-06-30T20:04:59.347+0000] {dag.py:3239} INFO - Sync 1 DAGs
[2026-06-30T20:04:59.357+0000] {logging_mixin.py:190} INFO - [2026-06-30T20:04:59.357+0000] {dag.py:4180} INFO - Setting next_dagrun for ingest_avito_to_raw to 2026-06-30 20:00:00+00:00, run_after=2026-06-30 21:00:00+00:00
[2026-06-30T20:04:59.369+0000] {processor.py:208} INFO - Processing /opt/airflow/dags/ingest_avito_to_raw.py took 0.050 seconds
[2026-06-30T20:05:29.729+0000] {processor.py:186} INFO - Started process (PID=27129) to work on /opt/airflow/dags/ingest_avito_to_raw.py
[2026-06-30T20:05:29.730+0000] {processor.py:914} INFO - Processing file /opt/airflow/dags/ingest_avito_to_raw.py for tasks to queue
[2026-06-30T20:05:29.731+0000] {logging_mixin.py:190} INFO - [2026-06-30T20:05:29.730+0000] {dagbag.py:588} INFO - Filling up the DagBag from /opt/airflow/dags/ingest_avito_to_raw.py
[2026-06-30T20:05:29.736+0000] {processor.py:925} INFO - DAG(s) 'ingest_avito_to_raw' retrieved from /opt/airflow/dags/ingest_avito_to_raw.py
[2026-06-30T20:05:29.758+0000] {logging_mixin.py:190} INFO - [2026-06-30T20:05:29.758+0000] {dag.py:3239} INFO - Sync 1 DAGs
[2026-06-30T20:05:29.770+0000] {logging_mixin.py:190} INFO - [2026-06-30T20:05:29.769+0000] {dag.py:4180} INFO - Setting next_dagrun for ingest_avito_to_raw to 2026-06-30 20:00:00+00:00, run_after=2026-06-30 21:00:00+00:00
[2026-06-30T20:05:29.779+0000] {processor.py:208} INFO - Processing /opt/airflow/dags/ingest_avito_to_raw.py took 0.056 seconds
[2026-06-30T20:06:00.042+0000] {processor.py:186} INFO - Started process (PID=27139) to work on /opt/airflow/dags/ingest_avito_to_raw.py
[2026-06-30T20:06:00.043+0000] {processor.py:914} INFO - Processing file /opt/airflow/dags/ingest_avito_to_raw.py for tasks to queue
[2026-06-30T20:06:00.045+0000] {logging_mixin.py:190} INFO - [2026-06-30T20:06:00.044+0000] {dagbag.py:588} INFO - Filling up the DagBag from /opt/airflow/dags/ingest_avito_to_raw.py
[2026-06-30T20:06:00.051+0000] {processor.py:925} INFO - DAG(s) 'ingest_avito_to_raw' retrieved from /opt/airflow/dags/ingest_avito_to_raw.py
[2026-06-30T20:06:00.078+0000] {logging_mixin.py:190} INFO - [2026-06-30T20:06:00.078+0000] {dag.py:3239} INFO - Sync 1 DAGs
[2026-06-30T20:06:00.094+0000] {logging_mixin.py:190} INFO - [2026-06-30T20:06:00.094+0000] {dag.py:4180} INFO - Setting next_dagrun for ingest_avito_to_raw to 2026-06-30 20:00:00+00:00, run_after=2026-06-30 21:00:00+00:00
[2026-06-30T20:06:00.104+0000] {processor.py:208} INFO - Processing /opt/airflow/dags/ingest_avito_to_raw.py took 0.069 seconds
[2026-06-30T20:06:30.432+0000] {processor.py:186} INFO - Started process (PID=27149) to work on /opt/airflow/dags/ingest_avito_to_raw.py
[2026-06-30T20:06:30.432+0000] {processor.py:914} INFO - Processing file /opt/airflow/dags/ingest_avito_to_raw.py for tasks to queue
[2026-06-30T20:06:30.433+0000] {logging_mixin.py:190} INFO - [2026-06-30T20:06:30.433+0000] {dagbag.py:588} INFO - Filling up the DagBag from /opt/airflow/dags/ingest_avito_to_raw.py
[2026-06-30T20:06:30.439+0000] {processor.py:925} INFO - DAG(s) 'ingest_avito_to_raw' retrieved from /opt/airflow/dags/ingest_avito_to_raw.py
[2026-06-30T20:06:30.459+0000] {logging_mixin.py:190} INFO - [2026-06-30T20:06:30.458+0000] {dag.py:3239} INFO - Sync 1 DAGs
[2026-06-30T20:06:30.470+0000] {logging_mixin.py:190} INFO - [2026-06-30T20:06:30.470+0000] {dag.py:4180} INFO - Setting next_dagrun for ingest_avito_to_raw to 2026-06-30 20:00:00+00:00, run_after=2026-06-30 21:00:00+00:00
[2026-06-30T20:06:30.479+0000] {processor.py:208} INFO - Processing /opt/airflow/dags/ingest_avito_to_raw.py took 0.052 seconds
[2026-06-30T20:07:00.844+0000] {processor.py:186} INFO - Started process (PID=27159) to work on /opt/airflow/dags/ingest_avito_to_raw.py
[2026-06-30T20:07:00.845+0000] {processor.py:914} INFO - Processing file /opt/airflow/dags/ingest_avito_to_raw.py for tasks to queue
[2026-06-30T20:07:00.846+0000] {logging_mixin.py:190} INFO - [2026-06-30T20:07:00.846+0000] {dagbag.py:588} INFO - Filling up the DagBag from /opt/airflow/dags/ingest_avito_to_raw.py
[2026-06-30T20:07:00.850+0000] {processor.py:925} INFO - DAG(s) 'ingest_avito_to_raw' retrieved from /opt/airflow/dags/ingest_avito_to_raw.py
[2026-06-30T20:07:00.869+0000] {logging_mixin.py:190} INFO - [2026-06-30T20:07:00.869+0000] {dag.py:3239} INFO - Sync 1 DAGs
[2026-06-30T20:07:00.880+0000] {logging_mixin.py:190} INFO - [2026-06-30T20:07:00.880+0000] {dag.py:4180} INFO - Setting next_dagrun for ingest_avito_to_raw to 2026-06-30 20:00:00+00:00, run_after=2026-06-30 21:00:00+00:00
[2026-06-30T20:07:00.887+0000] {processor.py:208} INFO - Processing /opt/airflow/dags/ingest_avito_to_raw.py took 0.049 seconds
[2026-06-30T20:07:31.262+0000] {processor.py:186} INFO - Started process (PID=27169) to work on /opt/airflow/dags/ingest_avito_to_raw.py
[2026-06-30T20:07:31.263+0000] {processor.py:914} INFO - Processing file /opt/airflow/dags/ingest_avito_to_raw.py for tasks to queue
[2026-06-30T20:07:31.264+0000] {logging_mixin.py:190} INFO - [2026-06-30T20:07:31.264+0000] {dagbag.py:588} INFO - Filling up the DagBag from /opt/airflow/dags/ingest_avito_to_raw.py
[2026-06-30T20:07:31.268+0000] {processor.py:925} INFO - DAG(s) 'ingest_avito_to_raw' retrieved from /opt/airflow/dags/ingest_avito_to_raw.py
[2026-06-30T20:07:31.284+0000] {logging_mixin.py:190} INFO - [2026-06-30T20:07:31.284+0000] {dag.py:3239} INFO - Sync 1 DAGs
[2026-06-30T20:07:31.295+0000] {logging_mixin.py:190} INFO - [2026-06-30T20:07:31.294+0000] {dag.py:4180} INFO - Setting next_dagrun for ingest_avito_to_raw to 2026-06-30 20:00:00+00:00, run_after=2026-06-30 21:00:00+00:00
[2026-06-30T20:07:31.303+0000] {processor.py:208} INFO - Processing /opt/airflow/dags/ingest_avito_to_raw.py took 0.046 seconds
[2026-06-30T20:08:01.613+0000] {processor.py:186} INFO - Started process (PID=27179) to work on /opt/airflow/dags/ingest_avito_to_raw.py
[2026-06-30T20:08:01.614+0000] {processor.py:914} INFO - Processing file /opt/airflow/dags/ingest_avito_to_raw.py for tasks to queue
[2026-06-30T20:08:01.615+0000] {logging_mixin.py:190} INFO - [2026-06-30T20:08:01.615+0000] {dagbag.py:588} INFO - Filling up the DagBag from /opt/airflow/dags/ingest_avito_to_raw.py
[2026-06-30T20:08:01.619+0000] {processor.py:925} INFO - DAG(s) 'ingest_avito_to_raw' retrieved from /opt/airflow/dags/ingest_avito_to_raw.py
[2026-06-30T20:08:01.639+0000] {logging_mixin.py:190} INFO - [2026-06-30T20:08:01.639+0000] {dag.py:3239} INFO - Sync 1 DAGs
[2026-06-30T20:08:01.654+0000] {logging_mixin.py:190} INFO - [2026-06-30T20:08:01.653+0000] {dag.py:4180} INFO - Setting next_dagrun for ingest_avito_to_raw to 2026-06-30 20:00:00+00:00, run_after=2026-06-30 21:00:00+00:00
[2026-06-30T20:08:01.663+0000] {processor.py:208} INFO - Processing /opt/airflow/dags/ingest_avito_to_raw.py took 0.054 seconds
[2026-06-30T20:08:31.970+0000] {processor.py:186} INFO - Started process (PID=27189) to work on /opt/airflow/dags/ingest_avito_to_raw.py
[2026-06-30T20:08:31.970+0000] {processor.py:914} INFO - Processing file /opt/airflow/dags/ingest_avito_to_raw.py for tasks to queue
[2026-06-30T20:08:31.971+0000] {logging_mixin.py:190} INFO - [2026-06-30T20:08:31.971+0000] {dagbag.py:588} INFO - Filling up the DagBag from /opt/airflow/dags/ingest_avito_to_raw.py
[2026-06-30T20:08:31.975+0000] {processor.py:925} INFO - DAG(s) 'ingest_avito_to_raw' retrieved from /opt/airflow/dags/ingest_avito_to_raw.py
[2026-06-30T20:08:31.995+0000] {logging_mixin.py:190} INFO - [2026-06-30T20:08:31.994+0000] {dag.py:3239} INFO - Sync 1 DAGs
[2026-06-30T20:08:32.006+0000] {logging_mixin.py:190} INFO - [2026-06-30T20:08:32.006+0000] {dag.py:4180} INFO - Setting next_dagrun for ingest_avito_to_raw to 2026-06-30 20:00:00+00:00, run_after=2026-06-30 21:00:00+00:00
[2026-06-30T20:08:32.014+0000] {processor.py:208} INFO - Processing /opt/airflow/dags/ingest_avito_to_raw.py took 0.050 seconds
[2026-06-30T20:09:02.351+0000] {processor.py:186} INFO - Started process (PID=27199) to work on /opt/airflow/dags/ingest_avito_to_raw.py
[2026-06-30T20:09:02.352+0000] {processor.py:914} INFO - Processing file /opt/airflow/dags/ingest_avito_to_raw.py for tasks to queue
[2026-06-30T20:09:02.353+0000] {logging_mixin.py:190} INFO - [2026-06-30T20:09:02.352+0000] {dagbag.py:588} INFO - Filling up the DagBag from /opt/airflow/dags/ingest_avito_to_raw.py
[2026-06-30T20:09:02.357+0000] {processor.py:925} INFO - DAG(s) 'ingest_avito_to_raw' retrieved from /opt/airflow/dags/ingest_avito_to_raw.py
[2026-06-30T20:09:02.375+0000] {logging_mixin.py:190} INFO - [2026-06-30T20:09:02.375+0000] {dag.py:3239} INFO - Sync 1 DAGs
[2026-06-30T20:09:02.386+0000] {logging_mixin.py:190} INFO - [2026-06-30T20:09:02.386+0000] {dag.py:4180} INFO - Setting next_dagrun for ingest_avito_to_raw to 2026-06-30 20:00:00+00:00, run_after=2026-06-30 21:00:00+00:00
[2026-06-30T20:09:02.396+0000] {processor.py:208} INFO - Processing /opt/airflow/dags/ingest_avito_to_raw.py took 0.049 seconds
[2026-06-30T20:09:32.766+0000] {processor.py:186} INFO - Started process (PID=27209) to work on /opt/airflow/dags/ingest_avito_to_raw.py
[2026-06-30T20:09:32.768+0000] {processor.py:914} INFO - Processing file /opt/airflow/dags/ingest_avito_to_raw.py for tasks to queue
[2026-06-30T20:09:32.768+0000] {logging_mixin.py:190} INFO - [2026-06-30T20:09:32.768+0000] {dagbag.py:588} INFO - Filling up the DagBag from /opt/airflow/dags/ingest_avito_to_raw.py
[2026-06-30T20:09:32.777+0000] {processor.py:925} INFO - DAG(s) 'ingest_avito_to_raw' retrieved from /opt/airflow/dags/ingest_avito_to_raw.py
[2026-06-30T20:09:32.798+0000] {logging_mixin.py:190} INFO - [2026-06-30T20:09:32.798+0000] {dag.py:3239} INFO - Sync 1 DAGs
[2026-06-30T20:09:32.811+0000] {logging_mixin.py:190} INFO - [2026-06-30T20:09:32.811+0000] {dag.py:4180} INFO - Setting next_dagrun for ingest_avito_to_raw to 2026-06-30 20:00:00+00:00, run_after=2026-06-30 21:00:00+00:00
[2026-06-30T20:09:32.822+0000] {processor.py:208} INFO - Processing /opt/airflow/dags/ingest_avito_to_raw.py took 0.063 seconds
[2026-06-30T20:10:03.181+0000] {processor.py:186} INFO - Started process (PID=27219) to work on /opt/airflow/dags/ingest_avito_to_raw.py
[2026-06-30T20:10:03.182+0000] {processor.py:914} INFO - Processing file /opt/airflow/dags/ingest_avito_to_raw.py for tasks to queue
[2026-06-30T20:10:03.183+0000] {logging_mixin.py:190} INFO - [2026-06-30T20:10:03.183+0000] {dagbag.py:588} INFO - Filling up the DagBag from /opt/airflow/dags/ingest_avito_to_raw.py
[2026-06-30T20:10:03.188+0000] {processor.py:925} INFO - DAG(s) 'ingest_avito_to_raw' retrieved from /opt/airflow/dags/ingest_avito_to_raw.py
[2026-06-30T20:10:03.209+0000] {logging_mixin.py:190} INFO - [2026-06-30T20:10:03.209+0000] {dag.py:3239} INFO - Sync 1 DAGs
[2026-06-30T20:10:03.220+0000] {logging_mixin.py:190} INFO - [2026-06-30T20:10:03.220+0000] {dag.py:4180} INFO - Setting next_dagrun for ingest_avito_to_raw to 2026-06-30 20:00:00+00:00, run_after=2026-06-30 21:00:00+00:00
[2026-06-30T20:10:03.231+0000] {processor.py:208} INFO - Processing /opt/airflow/dags/ingest_avito_to_raw.py took 0.055 seconds
[2026-06-30T20:10:33.547+0000] {processor.py:186} INFO - Started process (PID=27229) to work on /opt/airflow/dags/ingest_avito_to_raw.py
[2026-06-30T20:10:33.549+0000] {processor.py:914} INFO - Processing file /opt/airflow/dags/ingest_avito_to_raw.py for tasks to queue
[2026-06-30T20:10:33.550+0000] {logging_mixin.py:190} INFO - [2026-06-30T20:10:33.550+0000] {dagbag.py:588} INFO - Filling up the DagBag from /opt/airflow/dags/ingest_avito_to_raw.py
[2026-06-30T20:10:33.561+0000] {processor.py:925} INFO - DAG(s) 'ingest_avito_to_raw' retrieved from /opt/airflow/dags/ingest_avito_to_raw.py
[2026-06-30T20:10:33.583+0000] {logging_mixin.py:190} INFO - [2026-06-30T20:10:33.583+0000] {dag.py:3239} INFO - Sync 1 DAGs
[2026-06-30T20:10:33.595+0000] {logging_mixin.py:190} INFO - [2026-06-30T20:10:33.595+0000] {dag.py:4180} INFO - Setting next_dagrun for ingest_avito_to_raw to 2026-06-30 20:00:00+00:00, run_after=2026-06-30 21:00:00+00:00
[2026-06-30T20:10:33.606+0000] {processor.py:208} INFO - Processing /opt/airflow/dags/ingest_avito_to_raw.py took 0.068 seconds
[2026-06-30T20:11:03.962+0000] {processor.py:186} INFO - Started process (PID=27239) to work on /opt/airflow/dags/ingest_avito_to_raw.py
[2026-06-30T20:11:03.963+0000] {processor.py:914} INFO - Processing file /opt/airflow/dags/ingest_avito_to_raw.py for tasks to queue
[2026-06-30T20:11:03.964+0000] {logging_mixin.py:190} INFO - [2026-06-30T20:11:03.964+0000] {dagbag.py:588} INFO - Filling up the DagBag from /opt/airflow/dags/ingest_avito_to_raw.py
[2026-06-30T20:11:03.969+0000] {processor.py:925} INFO - DAG(s) 'ingest_avito_to_raw' retrieved from /opt/airflow/dags/ingest_avito_to_raw.py
[2026-06-30T20:11:03.995+0000] {logging_mixin.py:190} INFO - [2026-06-30T20:11:03.995+0000] {dag.py:3239} INFO - Sync 1 DAGs
[2026-06-30T20:11:04.009+0000] {logging_mixin.py:190} INFO - [2026-06-30T20:11:04.009+0000] {dag.py:4180} INFO - Setting next_dagrun for ingest_avito_to_raw to 2026-06-30 20:00:00+00:00, run_after=2026-06-30 21:00:00+00:00
[2026-06-30T20:11:04.020+0000] {processor.py:208} INFO - Processing /opt/airflow/dags/ingest_avito_to_raw.py took 0.063 seconds
[2026-06-30T20:11:34.336+0000] {processor.py:186} INFO - Started process (PID=27249) to work on /opt/airflow/dags/ingest_avito_to_raw.py
[2026-06-30T20:11:34.337+0000] {processor.py:914} INFO - Processing file /opt/airflow/dags/ingest_avito_to_raw.py for tasks to queue
[2026-06-30T20:11:34.339+0000] {logging_mixin.py:190} INFO - [2026-06-30T20:11:34.339+0000] {dagbag.py:588} INFO - Filling up the DagBag from /opt/airflow/dags/ingest_avito_to_raw.py
[2026-06-30T20:11:34.345+0000] {processor.py:925} INFO - DAG(s) 'ingest_avito_to_raw' retrieved from /opt/airflow/dags/ingest_avito_to_raw.py
[2026-06-30T20:11:34.363+0000] {logging_mixin.py:190} INFO - [2026-06-30T20:11:34.363+0000] {dag.py:3239} INFO - Sync 1 DAGs
[2026-06-30T20:11:34.374+0000] {logging_mixin.py:190} INFO - [2026-06-30T20:11:34.374+0000] {dag.py:4180} INFO - Setting next_dagrun for ingest_avito_to_raw to 2026-06-30 20:00:00+00:00, run_after=2026-06-30 21:00:00+00:00
[2026-06-30T20:11:34.384+0000] {processor.py:208} INFO - Processing /opt/airflow/dags/ingest_avito_to_raw.py took 0.053 seconds
[2026-06-30T20:12:04.689+0000] {processor.py:186} INFO - Started process (PID=27259) to work on /opt/airflow/dags/ingest_avito_to_raw.py
[2026-06-30T20:12:04.690+0000] {processor.py:914} INFO - Processing file /opt/airflow/dags/ingest_avito_to_raw.py for tasks to queue
[2026-06-30T20:12:04.691+0000] {logging_mixin.py:190} INFO - [2026-06-30T20:12:04.691+0000] {dagbag.py:588} INFO - Filling up the DagBag from /opt/airflow/dags/ingest_avito_to_raw.py
[2026-06-30T20:12:04.695+0000] {processor.py:925} INFO - DAG(s) 'ingest_avito_to_raw' retrieved from /opt/airflow/dags/ingest_avito_to_raw.py
[2026-06-30T20:12:04.713+0000] {logging_mixin.py:190} INFO - [2026-06-30T20:12:04.713+0000] {dag.py:3239} INFO - Sync 1 DAGs
[2026-06-30T20:12:04.722+0000] {logging_mixin.py:190} INFO - [2026-06-30T20:12:04.722+0000] {dag.py:4180} INFO - Setting next_dagrun for ingest_avito_to_raw to 2026-06-30 20:00:00+00:00, run_after=2026-06-30 21:00:00+00:00
[2026-06-30T20:12:04.731+0000] {processor.py:208} INFO - Processing /opt/airflow/dags/ingest_avito_to_raw.py took 0.046 seconds
[2026-06-30T20:12:35.058+0000] {processor.py:186} INFO - Started process (PID=27269) to work on /opt/airflow/dags/ingest_avito_to_raw.py
[2026-06-30T20:12:35.059+0000] {processor.py:914} INFO - Processing file /opt/airflow/dags/ingest_avito_to_raw.py for tasks to queue
[2026-06-30T20:12:35.060+0000] {logging_mixin.py:190} INFO - [2026-06-30T20:12:35.060+0000] {dagbag.py:588} INFO - Filling up the DagBag from /opt/airflow/dags/ingest_avito_to_raw.py
[2026-06-30T20:12:35.063+0000] {processor.py:925} INFO - DAG(s) 'ingest_avito_to_raw' retrieved from /opt/airflow/dags/ingest_avito_to_raw.py
[2026-06-30T20:12:35.080+0000] {logging_mixin.py:190} INFO - [2026-06-30T20:12:35.080+0000] {dag.py:3239} INFO - Sync 1 DAGs
[2026-06-30T20:12:35.091+0000] {logging_mixin.py:190} INFO - [2026-06-30T20:12:35.091+0000] {dag.py:4180} INFO - Setting next_dagrun for ingest_avito_to_raw to 2026-06-30 20:00:00+00:00, run_after=2026-06-30 21:00:00+00:00
[2026-06-30T20:12:35.103+0000] {processor.py:208} INFO - Processing /opt/airflow/dags/ingest_avito_to_raw.py took 0.049 seconds
[2026-06-30T20:13:05.506+0000] {processor.py:186} INFO - Started process (PID=27279) to work on /opt/airflow/dags/ingest_avito_to_raw.py
[2026-06-30T20:13:05.506+0000] {processor.py:914} INFO - Processing file /opt/airflow/dags/ingest_avito_to_raw.py for tasks to queue
[2026-06-30T20:13:05.507+0000] {logging_mixin.py:190} INFO - [2026-06-30T20:13:05.507+0000] {dagbag.py:588} INFO - Filling up the DagBag from /opt/airflow/dags/ingest_avito_to_raw.py
[2026-06-30T20:13:05.510+0000] {processor.py:925} INFO - DAG(s) 'ingest_avito_to_raw' retrieved from /opt/airflow/dags/ingest_avito_to_raw.py
[2026-06-30T20:13:05.524+0000] {logging_mixin.py:190} INFO - [2026-06-30T20:13:05.524+0000] {dag.py:3239} INFO - Sync 1 DAGs
[2026-06-30T20:13:05.534+0000] {logging_mixin.py:190} INFO - [2026-06-30T20:13:05.534+0000] {dag.py:4180} INFO - Setting next_dagrun for ingest_avito_to_raw to 2026-06-30 20:00:00+00:00, run_after=2026-06-30 21:00:00+00:00
[2026-06-30T20:13:05.542+0000] {processor.py:208} INFO - Processing /opt/airflow/dags/ingest_avito_to_raw.py took 0.040 seconds
[2026-06-30T20:13:35.832+0000] {processor.py:186} INFO - Started process (PID=27289) to work on /opt/airflow/dags/ingest_avito_to_raw.py
[2026-06-30T20:13:35.832+0000] {processor.py:914} INFO - Processing file /opt/airflow/dags/ingest_avito_to_raw.py for tasks to queue
[2026-06-30T20:13:35.833+0000] {logging_mixin.py:190} INFO - [2026-06-30T20:13:35.833+0000] {dagbag.py:588} INFO - Filling up the DagBag from /opt/airflow/dags/ingest_avito_to_raw.py
[2026-06-30T20:13:35.837+0000] {processor.py:925} INFO - DAG(s) 'ingest_avito_to_raw' retrieved from /opt/airflow/dags/ingest_avito_to_raw.py
[2026-06-30T20:13:35.854+0000] {logging_mixin.py:190} INFO - [2026-06-30T20:13:35.854+0000] {dag.py:3239} INFO - Sync 1 DAGs
[2026-06-30T20:13:35.864+0000] {logging_mixin.py:190} INFO - [2026-06-30T20:13:35.864+0000] {dag.py:4180} INFO - Setting next_dagrun for ingest_avito_to_raw to 2026-06-30 20:00:00+00:00, run_after=2026-06-30 21:00:00+00:00
[2026-06-30T20:13:35.874+0000] {processor.py:208} INFO - Processing /opt/airflow/dags/ingest_avito_to_raw.py took 0.047 seconds
[2026-06-30T20:14:06.236+0000] {processor.py:186} INFO - Started process (PID=27299) to work on /opt/airflow/dags/ingest_avito_to_raw.py
[2026-06-30T20:14:06.237+0000] {processor.py:914} INFO - Processing file /opt/airflow/dags/ingest_avito_to_raw.py for tasks to queue
[2026-06-30T20:14:06.238+0000] {logging_mixin.py:190} INFO - [2026-06-30T20:14:06.238+0000] {dagbag.py:588} INFO - Filling up the DagBag from /opt/airflow/dags/ingest_avito_to_raw.py
[2026-06-30T20:14:06.242+0000] {processor.py:925} INFO - DAG(s) 'ingest_avito_to_raw' retrieved from /opt/airflow/dags/ingest_avito_to_raw.py
[2026-06-30T20:14:06.257+0000] {logging_mixin.py:190} INFO - [2026-06-30T20:14:06.257+0000] {dag.py:3239} INFO - Sync 1 DAGs
[2026-06-30T20:14:06.266+0000] {logging_mixin.py:190} INFO - [2026-06-30T20:14:06.266+0000] {dag.py:4180} INFO - Setting next_dagrun for ingest_avito_to_raw to 2026-06-30 20:00:00+00:00, run_after=2026-06-30 21:00:00+00:00
[2026-06-30T20:14:06.275+0000] {processor.py:208} INFO - Processing /opt/airflow/dags/ingest_avito_to_raw.py took 0.045 seconds
[2026-06-30T20:14:36.670+0000] {processor.py:186} INFO - Started process (PID=27309) to work on /opt/airflow/dags/ingest_avito_to_raw.py
[2026-06-30T20:14:36.670+0000] {processor.py:914} INFO - Processing file /opt/airflow/dags/ingest_avito_to_raw.py for tasks to queue
[2026-06-30T20:14:36.671+0000] {logging_mixin.py:190} INFO - [2026-06-30T20:14:36.671+0000] {dagbag.py:588} INFO - Filling up the DagBag from /opt/airflow/dags/ingest_avito_to_raw.py
[2026-06-30T20:14:36.675+0000] {processor.py:925} INFO - DAG(s) 'ingest_avito_to_raw' retrieved from /opt/airflow/dags/ingest_avito_to_raw.py
[2026-06-30T20:14:36.693+0000] {logging_mixin.py:190} INFO - [2026-06-30T20:14:36.693+0000] {dag.py:3239} INFO - Sync 1 DAGs
[2026-06-30T20:14:36.704+0000] {logging_mixin.py:190} INFO - [2026-06-30T20:14:36.704+0000] {dag.py:4180} INFO - Setting next_dagrun for ingest_avito_to_raw to 2026-06-30 20:00:00+00:00, run_after=2026-06-30 21:00:00+00:00
[2026-06-30T20:14:36.712+0000] {processor.py:208} INFO - Processing /opt/airflow/dags/ingest_avito_to_raw.py took 0.047 seconds
[2026-06-30T20:15:07.104+0000] {processor.py:186} INFO - Started process (PID=27319) to work on /opt/airflow/dags/ingest_avito_to_raw.py
[2026-06-30T20:15:07.105+0000] {processor.py:914} INFO - Processing file /opt/airflow/dags/ingest_avito_to_raw.py for tasks to queue
[2026-06-30T20:15:07.105+0000] {logging_mixin.py:190} INFO - [2026-06-30T20:15:07.105+0000] {dagbag.py:588} INFO - Filling up the DagBag from /opt/airflow/dags/ingest_avito_to_raw.py
[2026-06-30T20:15:07.110+0000] {processor.py:925} INFO - DAG(s) 'ingest_avito_to_raw' retrieved from /opt/airflow/dags/ingest_avito_to_raw.py
[2026-06-30T20:15:07.128+0000] {logging_mixin.py:190} INFO - [2026-06-30T20:15:07.127+0000] {dag.py:3239} INFO - Sync 1 DAGs
[2026-06-30T20:15:07.137+0000] {logging_mixin.py:190} INFO - [2026-06-30T20:15:07.137+0000] {dag.py:4180} INFO - Setting next_dagrun for ingest_avito_to_raw to 2026-06-30 20:00:00+00:00, run_after=2026-06-30 21:00:00+00:00
[2026-06-30T20:15:07.145+0000] {processor.py:208} INFO - Processing /opt/airflow/dags/ingest_avito_to_raw.py took 0.046 seconds
[2026-06-30T20:15:37.587+0000] {processor.py:186} INFO - Started process (PID=27329) to work on /opt/airflow/dags/ingest_avito_to_raw.py
[2026-06-30T20:15:37.588+0000] {processor.py:914} INFO - Processing file /opt/airflow/dags/ingest_avito_to_raw.py for tasks to queue
[2026-06-30T20:15:37.589+0000] {logging_mixin.py:190} INFO - [2026-06-30T20:15:37.589+0000] {dagbag.py:588} INFO - Filling up the DagBag from /opt/airflow/dags/ingest_avito_to_raw.py
[2026-06-30T20:15:37.593+0000] {processor.py:925} INFO - DAG(s) 'ingest_avito_to_raw' retrieved from /opt/airflow/dags/ingest_avito_to_raw.py
[2026-06-30T20:15:37.610+0000] {logging_mixin.py:190} INFO - [2026-06-30T20:15:37.610+0000] {dag.py:3239} INFO - Sync 1 DAGs
[2026-06-30T20:15:37.619+0000] {logging_mixin.py:190} INFO - [2026-06-30T20:15:37.619+0000] {dag.py:4180} INFO - Setting next_dagrun for ingest_avito_to_raw to 2026-06-30 20:00:00+00:00, run_after=2026-06-30 21:00:00+00:00
[2026-06-30T20:15:37.626+0000] {processor.py:208} INFO - Processing /opt/airflow/dags/ingest_avito_to_raw.py took 0.044 seconds
[2026-06-30T20:16:07.941+0000] {processor.py:186} INFO - Started process (PID=27339) to work on /opt/airflow/dags/ingest_avito_to_raw.py
[2026-06-30T20:16:07.942+0000] {processor.py:914} INFO - Processing file /opt/airflow/dags/ingest_avito_to_raw.py for tasks to queue
[2026-06-30T20:16:07.943+0000] {logging_mixin.py:190} INFO - [2026-06-30T20:16:07.943+0000] {dagbag.py:588} INFO - Filling up the DagBag from /opt/airflow/dags/ingest_avito_to_raw.py
[2026-06-30T20:16:07.949+0000] {processor.py:925} INFO - DAG(s) 'ingest_avito_to_raw' retrieved from /opt/airflow/dags/ingest_avito_to_raw.py
[2026-06-30T20:16:07.965+0000] {logging_mixin.py:190} INFO - [2026-06-30T20:16:07.965+0000] {dag.py:3239} INFO - Sync 1 DAGs
[2026-06-30T20:16:07.975+0000] {logging_mixin.py:190} INFO - [2026-06-30T20:16:07.975+0000] {dag.py:4180} INFO - Setting next_dagrun for ingest_avito_to_raw to 2026-06-30 20:00:00+00:00, run_after=2026-06-30 21:00:00+00:00
[2026-06-30T20:16:07.983+0000] {processor.py:208} INFO - Processing /opt/airflow/dags/ingest_avito_to_raw.py took 0.046 seconds
[2026-06-30T20:16:38.352+0000] {processor.py:186} INFO - Started process (PID=27349) to work on /opt/airflow/dags/ingest_avito_to_raw.py
[2026-06-30T20:16:38.352+0000] {processor.py:914} INFO - Processing file /opt/airflow/dags/ingest_avito_to_raw.py for tasks to queue
[2026-06-30T20:16:38.353+0000] {logging_mixin.py:190} INFO - [2026-06-30T20:16:38.353+0000] {dagbag.py:588} INFO - Filling up the DagBag from /opt/airflow/dags/ingest_avito_to_raw.py
[2026-06-30T20:16:38.357+0000] {processor.py:925} INFO - DAG(s) 'ingest_avito_to_raw' retrieved from /opt/airflow/dags/ingest_avito_to_raw.py
[2026-06-30T20:16:38.373+0000] {logging_mixin.py:190} INFO - [2026-06-30T20:16:38.373+0000] {dag.py:3239} INFO - Sync 1 DAGs
[2026-06-30T20:16:38.383+0000] {logging_mixin.py:190} INFO - [2026-06-30T20:16:38.383+0000] {dag.py:4180} INFO - Setting next_dagrun for ingest_avito_to_raw to 2026-06-30 20:00:00+00:00, run_after=2026-06-30 21:00:00+00:00
[2026-06-30T20:16:38.391+0000] {processor.py:208} INFO - Processing /opt/airflow/dags/ingest_avito_to_raw.py took 0.044 seconds
[2026-06-30T20:17:08.837+0000] {processor.py:186} INFO - Started process (PID=27359) to work on /opt/airflow/dags/ingest_avito_to_raw.py
[2026-06-30T20:17:08.838+0000] {processor.py:914} INFO - Processing file /opt/airflow/dags/ingest_avito_to_raw.py for tasks to queue
[2026-06-30T20:17:08.839+0000] {logging_mixin.py:190} INFO - [2026-06-30T20:17:08.839+0000] {dagbag.py:588} INFO - Filling up the DagBag from /opt/airflow/dags/ingest_avito_to_raw.py
[2026-06-30T20:17:08.844+0000] {processor.py:925} INFO - DAG(s) 'ingest_avito_to_raw' retrieved from /opt/airflow/dags/ingest_avito_to_raw.py
[2026-06-30T20:17:08.860+0000] {logging_mixin.py:190} INFO - [2026-06-30T20:17:08.860+0000] {dag.py:3239} INFO - Sync 1 DAGs
[2026-06-30T20:17:08.869+0000] {logging_mixin.py:190} INFO - [2026-06-30T20:17:08.869+0000] {dag.py:4180} INFO - Setting next_dagrun for ingest_avito_to_raw to 2026-06-30 20:00:00+00:00, run_after=2026-06-30 21:00:00+00:00
[2026-06-30T20:17:08.879+0000] {processor.py:208} INFO - Processing /opt/airflow/dags/ingest_avito_to_raw.py took 0.047 seconds
[2026-06-30T20:17:39.252+0000] {processor.py:186} INFO - Started process (PID=27369) to work on /opt/airflow/dags/ingest_avito_to_raw.py
[2026-06-30T20:17:39.253+0000] {processor.py:914} INFO - Processing file /opt/airflow/dags/ingest_avito_to_raw.py for tasks to queue
[2026-06-30T20:17:39.254+0000] {logging_mixin.py:190} INFO - [2026-06-30T20:17:39.253+0000] {dagbag.py:588} INFO - Filling up the DagBag from /opt/airflow/dags/ingest_avito_to_raw.py
[2026-06-30T20:17:39.258+0000] {processor.py:925} INFO - DAG(s) 'ingest_avito_to_raw' retrieved from /opt/airflow/dags/ingest_avito_to_raw.py
[2026-06-30T20:17:39.276+0000] {logging_mixin.py:190} INFO - [2026-06-30T20:17:39.276+0000] {dag.py:3239} INFO - Sync 1 DAGs
[2026-06-30T20:17:39.287+0000] {logging_mixin.py:190} INFO - [2026-06-30T20:17:39.287+0000] {dag.py:4180} INFO - Setting next_dagrun for ingest_avito_to_raw to 2026-06-30 20:00:00+00:00, run_after=2026-06-30 21:00:00+00:00
[2026-06-30T20:17:39.295+0000] {processor.py:208} INFO - Processing /opt/airflow/dags/ingest_avito_to_raw.py took 0.048 seconds
[2026-06-30T20:18:09.621+0000] {processor.py:186} INFO - Started process (PID=27379) to work on /opt/airflow/dags/ingest_avito_to_raw.py
[2026-06-30T20:18:09.623+0000] {processor.py:914} INFO - Processing file /opt/airflow/dags/ingest_avito_to_raw.py for tasks to queue
[2026-06-30T20:18:09.624+0000] {logging_mixin.py:190} INFO - [2026-06-30T20:18:09.624+0000] {dagbag.py:588} INFO - Filling up the DagBag from /opt/airflow/dags/ingest_avito_to_raw.py
[2026-06-30T20:18:09.633+0000] {processor.py:925} INFO - DAG(s) 'ingest_avito_to_raw' retrieved from /opt/airflow/dags/ingest_avito_to_raw.py
[2026-06-30T20:18:09.659+0000] {logging_mixin.py:190} INFO - [2026-06-30T20:18:09.659+0000] {dag.py:3239} INFO - Sync 1 DAGs
[2026-06-30T20:18:09.678+0000] {logging_mixin.py:190} INFO - [2026-06-30T20:18:09.677+0000] {dag.py:4180} INFO - Setting next_dagrun for ingest_avito_to_raw to 2026-06-30 20:00:00+00:00, run_after=2026-06-30 21:00:00+00:00
[2026-06-30T20:18:09.690+0000] {processor.py:208} INFO - Processing /opt/airflow/dags/ingest_avito_to_raw.py took 0.077 seconds
[2026-06-30T20:18:39.959+0000] {processor.py:186} INFO - Started process (PID=27389) to work on /opt/airflow/dags/ingest_avito_to_raw.py
[2026-06-30T20:18:39.959+0000] {processor.py:914} INFO - Processing file /opt/airflow/dags/ingest_avito_to_raw.py for tasks to queue
[2026-06-30T20:18:39.960+0000] {logging_mixin.py:190} INFO - [2026-06-30T20:18:39.960+0000] {dagbag.py:588} INFO - Filling up the DagBag from /opt/airflow/dags/ingest_avito_to_raw.py
[2026-06-30T20:18:39.963+0000] {processor.py:925} INFO - DAG(s) 'ingest_avito_to_raw' retrieved from /opt/airflow/dags/ingest_avito_to_raw.py
[2026-06-30T20:18:39.982+0000] {logging_mixin.py:190} INFO - [2026-06-30T20:18:39.982+0000] {dag.py:3239} INFO - Sync 1 DAGs
[2026-06-30T20:18:39.992+0000] {logging_mixin.py:190} INFO - [2026-06-30T20:18:39.991+0000] {dag.py:4180} INFO - Setting next_dagrun for ingest_avito_to_raw to 2026-06-30 20:00:00+00:00, run_after=2026-06-30 21:00:00+00:00
[2026-06-30T20:18:40.001+0000] {processor.py:208} INFO - Processing /opt/airflow/dags/ingest_avito_to_raw.py took 0.047 seconds
[2026-06-30T20:19:10.293+0000] {processor.py:186} INFO - Started process (PID=27399) to work on /opt/airflow/dags/ingest_avito_to_raw.py
[2026-06-30T20:19:10.294+0000] {processor.py:914} INFO - Processing file /opt/airflow/dags/ingest_avito_to_raw.py for tasks to queue
[2026-06-30T20:19:10.296+0000] {logging_mixin.py:190} INFO - [2026-06-30T20:19:10.296+0000] {dagbag.py:588} INFO - Filling up the DagBag from /opt/airflow/dags/ingest_avito_to_raw.py
[2026-06-30T20:19:10.301+0000] {processor.py:925} INFO - DAG(s) 'ingest_avito_to_raw' retrieved from /opt/airflow/dags/ingest_avito_to_raw.py
[2026-06-30T20:19:10.320+0000] {logging_mixin.py:190} INFO - [2026-06-30T20:19:10.320+0000] {dag.py:3239} INFO - Sync 1 DAGs
[2026-06-30T20:19:10.330+0000] {logging_mixin.py:190} INFO - [2026-06-30T20:19:10.330+0000] {dag.py:4180} INFO - Setting next_dagrun for ingest_avito_to_raw to 2026-06-30 20:00:00+00:00, run_after=2026-06-30 21:00:00+00:00
[2026-06-30T20:19:10.341+0000] {processor.py:208} INFO - Processing /opt/airflow/dags/ingest_avito_to_raw.py took 0.054 seconds
[2026-06-30T20:19:40.606+0000] {processor.py:186} INFO - Started process (PID=27409) to work on /opt/airflow/dags/ingest_avito_to_raw.py
[2026-06-30T20:19:40.606+0000] {processor.py:914} INFO - Processing file /opt/airflow/dags/ingest_avito_to_raw.py for tasks to queue
[2026-06-30T20:19:40.607+0000] {logging_mixin.py:190} INFO - [2026-06-30T20:19:40.607+0000] {dagbag.py:588} INFO - Filling up the DagBag from /opt/airflow/dags/ingest_avito_to_raw.py
[2026-06-30T20:19:40.611+0000] {processor.py:925} INFO - DAG(s) 'ingest_avito_to_raw' retrieved from /opt/airflow/dags/ingest_avito_to_raw.py
[2026-06-30T20:19:40.633+0000] {logging_mixin.py:190} INFO - [2026-06-30T20:19:40.633+0000] {dag.py:3239} INFO - Sync 1 DAGs
[2026-06-30T20:19:40.643+0000] {logging_mixin.py:190} INFO - [2026-06-30T20:19:40.643+0000] {dag.py:4180} INFO - Setting next_dagrun for ingest_avito_to_raw to 2026-06-30 20:00:00+00:00, run_after=2026-06-30 21:00:00+00:00
[2026-06-30T20:19:40.653+0000] {processor.py:208} INFO - Processing /opt/airflow/dags/ingest_avito_to_raw.py took 0.050 seconds
[2026-06-30T20:20:10.958+0000] {processor.py:186} INFO - Started process (PID=27419) to work on /opt/airflow/dags/ingest_avito_to_raw.py
[2026-06-30T20:20:10.959+0000] {processor.py:914} INFO - Processing file /opt/airflow/dags/ingest_avito_to_raw.py for tasks to queue
[2026-06-30T20:20:10.961+0000] {logging_mixin.py:190} INFO - [2026-06-30T20:20:10.960+0000] {dagbag.py:588} INFO - Filling up the DagBag from /opt/airflow/dags/ingest_avito_to_raw.py
[2026-06-30T20:20:10.965+0000] {processor.py:925} INFO - DAG(s) 'ingest_avito_to_raw' retrieved from /opt/airflow/dags/ingest_avito_to_raw.py
[2026-06-30T20:20:10.985+0000] {logging_mixin.py:190} INFO - [2026-06-30T20:20:10.984+0000] {dag.py:3239} INFO - Sync 1 DAGs
[2026-06-30T20:20:10.995+0000] {logging_mixin.py:190} INFO - [2026-06-30T20:20:10.995+0000] {dag.py:4180} INFO - Setting next_dagrun for ingest_avito_to_raw to 2026-06-30 20:00:00+00:00, run_after=2026-06-30 21:00:00+00:00
[2026-06-30T20:20:11.004+0000] {processor.py:208} INFO - Processing /opt/airflow/dags/ingest_avito_to_raw.py took 0.051 seconds
[2026-06-30T20:20:41.308+0000] {processor.py:186} INFO - Started process (PID=27429) to work on /opt/airflow/dags/ingest_avito_to_raw.py
[2026-06-30T20:20:41.309+0000] {processor.py:914} INFO - Processing file /opt/airflow/dags/ingest_avito_to_raw.py for tasks to queue
[2026-06-30T20:20:41.309+0000] {logging_mixin.py:190} INFO - [2026-06-30T20:20:41.309+0000] {dagbag.py:588} INFO - Filling up the DagBag from /opt/airflow/dags/ingest_avito_to_raw.py
[2026-06-30T20:20:41.314+0000] {processor.py:925} INFO - DAG(s) 'ingest_avito_to_raw' retrieved from /opt/airflow/dags/ingest_avito_to_raw.py
[2026-06-30T20:20:41.333+0000] {logging_mixin.py:190} INFO - [2026-06-30T20:20:41.333+0000] {dag.py:3239} INFO - Sync 1 DAGs
[2026-06-30T20:20:41.343+0000] {logging_mixin.py:190} INFO - [2026-06-30T20:20:41.342+0000] {dag.py:4180} INFO - Setting next_dagrun for ingest_avito_to_raw to 2026-06-30 20:00:00+00:00, run_after=2026-06-30 21:00:00+00:00
[2026-06-30T20:20:41.352+0000] {processor.py:208} INFO - Processing /opt/airflow/dags/ingest_avito_to_raw.py took 0.048 seconds
[2026-06-30T20:21:11.662+0000] {processor.py:186} INFO - Started process (PID=27439) to work on /opt/airflow/dags/ingest_avito_to_raw.py
[2026-06-30T20:21:11.662+0000] {processor.py:914} INFO - Processing file /opt/airflow/dags/ingest_avito_to_raw.py for tasks to queue
[2026-06-30T20:21:11.663+0000] {logging_mixin.py:190} INFO - [2026-06-30T20:21:11.663+0000] {dagbag.py:588} INFO - Filling up the DagBag from /opt/airflow/dags/ingest_avito_to_raw.py
[2026-06-30T20:21:11.668+0000] {processor.py:925} INFO - DAG(s) 'ingest_avito_to_raw' retrieved from /opt/airflow/dags/ingest_avito_to_raw.py
[2026-06-30T20:21:11.686+0000] {logging_mixin.py:190} INFO - [2026-06-30T20:21:11.686+0000] {dag.py:3239} INFO - Sync 1 DAGs
[2026-06-30T20:21:11.696+0000] {logging_mixin.py:190} INFO - [2026-06-30T20:21:11.696+0000] {dag.py:4180} INFO - Setting next_dagrun for ingest_avito_to_raw to 2026-06-30 20:00:00+00:00, run_after=2026-06-30 21:00:00+00:00
[2026-06-30T20:21:11.704+0000] {processor.py:208} INFO - Processing /opt/airflow/dags/ingest_avito_to_raw.py took 0.046 seconds
[2026-06-30T20:21:42.090+0000] {processor.py:186} INFO - Started process (PID=27449) to work on /opt/airflow/dags/ingest_avito_to_raw.py
[2026-06-30T20:21:42.091+0000] {processor.py:914} INFO - Processing file /opt/airflow/dags/ingest_avito_to_raw.py for tasks to queue
[2026-06-30T20:21:42.092+0000] {logging_mixin.py:190} INFO - [2026-06-30T20:21:42.092+0000] {dagbag.py:588} INFO - Filling up the DagBag from /opt/airflow/dags/ingest_avito_to_raw.py
[2026-06-30T20:21:42.097+0000] {processor.py:925} INFO - DAG(s) 'ingest_avito_to_raw' retrieved from /opt/airflow/dags/ingest_avito_to_raw.py
[2026-06-30T20:21:42.114+0000] {logging_mixin.py:190} INFO - [2026-06-30T20:21:42.114+0000] {dag.py:3239} INFO - Sync 1 DAGs
[2026-06-30T20:21:42.126+0000] {logging_mixin.py:190} INFO - [2026-06-30T20:21:42.125+0000] {dag.py:4180} INFO - Setting next_dagrun for ingest_avito_to_raw to 2026-06-30 20:00:00+00:00, run_after=2026-06-30 21:00:00+00:00
[2026-06-30T20:21:42.135+0000] {processor.py:208} INFO - Processing /opt/airflow/dags/ingest_avito_to_raw.py took 0.050 seconds
[2026-06-30T20:22:12.515+0000] {processor.py:186} INFO - Started process (PID=27459) to work on /opt/airflow/dags/ingest_avito_to_raw.py
[2026-06-30T20:22:12.516+0000] {processor.py:914} INFO - Processing file /opt/airflow/dags/ingest_avito_to_raw.py for tasks to queue
[2026-06-30T20:22:12.517+0000] {logging_mixin.py:190} INFO - [2026-06-30T20:22:12.516+0000] {dagbag.py:588} INFO - Filling up the DagBag from /opt/airflow/dags/ingest_avito_to_raw.py
[2026-06-30T20:22:12.522+0000] {processor.py:925} INFO - DAG(s) 'ingest_avito_to_raw' retrieved from /opt/airflow/dags/ingest_avito_to_raw.py
[2026-06-30T20:22:12.538+0000] {logging_mixin.py:190} INFO - [2026-06-30T20:22:12.538+0000] {dag.py:3239} INFO - Sync 1 DAGs
[2026-06-30T20:22:12.548+0000] {logging_mixin.py:190} INFO - [2026-06-30T20:22:12.548+0000] {dag.py:4180} INFO - Setting next_dagrun for ingest_avito_to_raw to 2026-06-30 20:00:00+00:00, run_after=2026-06-30 21:00:00+00:00
[2026-06-30T20:22:12.558+0000] {processor.py:208} INFO - Processing /opt/airflow/dags/ingest_avito_to_raw.py took 0.049 seconds
[2026-06-30T20:22:42.898+0000] {processor.py:186} INFO - Started process (PID=27469) to work on /opt/airflow/dags/ingest_avito_to_raw.py
[2026-06-30T20:22:42.899+0000] {processor.py:914} INFO - Processing file /opt/airflow/dags/ingest_avito_to_raw.py for tasks to queue
[2026-06-30T20:22:42.900+0000] {logging_mixin.py:190} INFO - [2026-06-30T20:22:42.900+0000] {dagbag.py:588} INFO - Filling up the DagBag from /opt/airflow/dags/ingest_avito_to_raw.py
[2026-06-30T20:22:42.904+0000] {processor.py:925} INFO - DAG(s) 'ingest_avito_to_raw' retrieved from /opt/airflow/dags/ingest_avito_to_raw.py
[2026-06-30T20:22:42.920+0000] {logging_mixin.py:190} INFO - [2026-06-30T20:22:42.920+0000] {dag.py:3239} INFO - Sync 1 DAGs
[2026-06-30T20:22:42.930+0000] {logging_mixin.py:190} INFO - [2026-06-30T20:22:42.930+0000] {dag.py:4180} INFO - Setting next_dagrun for ingest_avito_to_raw to 2026-06-30 20:00:00+00:00, run_after=2026-06-30 21:00:00+00:00
[2026-06-30T20:22:42.942+0000] {processor.py:208} INFO - Processing /opt/airflow/dags/ingest_avito_to_raw.py took 0.048 seconds
[2026-06-30T20:23:13.267+0000] {processor.py:186} INFO - Started process (PID=27479) to work on /opt/airflow/dags/ingest_avito_to_raw.py
[2026-06-30T20:23:13.268+0000] {processor.py:914} INFO - Processing file /opt/airflow/dags/ingest_avito_to_raw.py for tasks to queue
[2026-06-30T20:23:13.269+0000] {logging_mixin.py:190} INFO - [2026-06-30T20:23:13.268+0000] {dagbag.py:588} INFO - Filling up the DagBag from /opt/airflow/dags/ingest_avito_to_raw.py
[2026-06-30T20:23:13.273+0000] {processor.py:925} INFO - DAG(s) 'ingest_avito_to_raw' retrieved from /opt/airflow/dags/ingest_avito_to_raw.py
[2026-06-30T20:23:13.292+0000] {logging_mixin.py:190} INFO - [2026-06-30T20:23:13.291+0000] {dag.py:3239} INFO - Sync 1 DAGs
[2026-06-30T20:23:13.301+0000] {logging_mixin.py:190} INFO - [2026-06-30T20:23:13.301+0000] {dag.py:4180} INFO - Setting next_dagrun for ingest_avito_to_raw to 2026-06-30 20:00:00+00:00, run_after=2026-06-30 21:00:00+00:00
[2026-06-30T20:23:13.310+0000] {processor.py:208} INFO - Processing /opt/airflow/dags/ingest_avito_to_raw.py took 0.048 seconds
[2026-06-30T20:23:43.612+0000] {processor.py:186} INFO - Started process (PID=27489) to work on /opt/airflow/dags/ingest_avito_to_raw.py
[2026-06-30T20:23:43.613+0000] {processor.py:914} INFO - Processing file /opt/airflow/dags/ingest_avito_to_raw.py for tasks to queue
[2026-06-30T20:23:43.614+0000] {logging_mixin.py:190} INFO - [2026-06-30T20:23:43.614+0000] {dagbag.py:588} INFO - Filling up the DagBag from /opt/airflow/dags/ingest_avito_to_raw.py
[2026-06-30T20:23:43.618+0000] {processor.py:925} INFO - DAG(s) 'ingest_avito_to_raw' retrieved from /opt/airflow/dags/ingest_avito_to_raw.py
[2026-06-30T20:23:43.639+0000] {logging_mixin.py:190} INFO - [2026-06-30T20:23:43.639+0000] {dag.py:3239} INFO - Sync 1 DAGs
[2026-06-30T20:23:43.650+0000] {logging_mixin.py:190} INFO - [2026-06-30T20:23:43.650+0000] {dag.py:4180} INFO - Setting next_dagrun for ingest_avito_to_raw to 2026-06-30 20:00:00+00:00, run_after=2026-06-30 21:00:00+00:00
[2026-06-30T20:23:43.660+0000] {processor.py:208} INFO - Processing /opt/airflow/dags/ingest_avito_to_raw.py took 0.052 seconds
[2026-06-30T20:24:13.978+0000] {processor.py:186} INFO - Started process (PID=27499) to work on /opt/airflow/dags/ingest_avito_to_raw.py
[2026-06-30T20:24:13.979+0000] {processor.py:914} INFO - Processing file /opt/airflow/dags/ingest_avito_to_raw.py for tasks to queue
[2026-06-30T20:24:13.979+0000] {logging_mixin.py:190} INFO - [2026-06-30T20:24:13.979+0000] {dagbag.py:588} INFO - Filling up the DagBag from /opt/airflow/dags/ingest_avito_to_raw.py
[2026-06-30T20:24:13.983+0000] {processor.py:925} INFO - DAG(s) 'ingest_avito_to_raw' retrieved from /opt/airflow/dags/ingest_avito_to_raw.py
[2026-06-30T20:24:14.001+0000] {logging_mixin.py:190} INFO - [2026-06-30T20:24:14.001+0000] {dag.py:3239} INFO - Sync 1 DAGs
[2026-06-30T20:24:14.010+0000] {logging_mixin.py:190} INFO - [2026-06-30T20:24:14.009+0000] {dag.py:4180} INFO - Setting next_dagrun for ingest_avito_to_raw to 2026-06-30 20:00:00+00:00, run_after=2026-06-30 21:00:00+00:00
[2026-06-30T20:24:14.016+0000] {processor.py:208} INFO - Processing /opt/airflow/dags/ingest_avito_to_raw.py took 0.041 seconds
[2026-06-30T20:24:44.407+0000] {processor.py:186} INFO - Started process (PID=27509) to work on /opt/airflow/dags/ingest_avito_to_raw.py
[2026-06-30T20:24:44.407+0000] {processor.py:914} INFO - Processing file /opt/airflow/dags/ingest_avito_to_raw.py for tasks to queue
[2026-06-30T20:24:44.408+0000] {logging_mixin.py:190} INFO - [2026-06-30T20:24:44.408+0000] {dagbag.py:588} INFO - Filling up the DagBag from /opt/airflow/dags/ingest_avito_to_raw.py
[2026-06-30T20:24:44.413+0000] {processor.py:925} INFO - DAG(s) 'ingest_avito_to_raw' retrieved from /opt/airflow/dags/ingest_avito_to_raw.py
[2026-06-30T20:24:44.430+0000] {logging_mixin.py:190} INFO - [2026-06-30T20:24:44.430+0000] {dag.py:3239} INFO - Sync 1 DAGs
[2026-06-30T20:24:44.440+0000] {logging_mixin.py:190} INFO - [2026-06-30T20:24:44.440+0000] {dag.py:4180} INFO - Setting next_dagrun for ingest_avito_to_raw to 2026-06-30 20:00:00+00:00, run_after=2026-06-30 21:00:00+00:00
[2026-06-30T20:24:44.451+0000] {processor.py:208} INFO - Processing /opt/airflow/dags/ingest_avito_to_raw.py took 0.049 seconds
[2026-06-30T20:26:24.427+0000] {processor.py:186} INFO - Started process (PID=27519) to work on /opt/airflow/dags/ingest_avito_to_raw.py
[2026-06-30T20:26:24.428+0000] {processor.py:914} INFO - Processing file /opt/airflow/dags/ingest_avito_to_raw.py for tasks to queue
[2026-06-30T20:26:24.429+0000] {logging_mixin.py:190} INFO - [2026-06-30T20:26:24.429+0000] {dagbag.py:588} INFO - Filling up the DagBag from /opt/airflow/dags/ingest_avito_to_raw.py
[2026-06-30T20:26:24.433+0000] {processor.py:925} INFO - DAG(s) 'ingest_avito_to_raw' retrieved from /opt/airflow/dags/ingest_avito_to_raw.py
[2026-06-30T20:26:24.453+0000] {logging_mixin.py:190} INFO - [2026-06-30T20:26:24.453+0000] {dag.py:3239} INFO - Sync 1 DAGs
[2026-06-30T20:26:24.465+0000] {logging_mixin.py:190} INFO - [2026-06-30T20:26:24.465+0000] {dag.py:4180} INFO - Setting next_dagrun for ingest_avito_to_raw to 2026-06-30 20:00:00+00:00, run_after=2026-06-30 21:00:00+00:00
[2026-06-30T20:26:24.475+0000] {processor.py:208} INFO - Processing /opt/airflow/dags/ingest_avito_to_raw.py took 0.052 seconds
[2026-06-30T20:26:54.849+0000] {processor.py:186} INFO - Started process (PID=27529) to work on /opt/airflow/dags/ingest_avito_to_raw.py
[2026-06-30T20:26:54.851+0000] {processor.py:914} INFO - Processing file /opt/airflow/dags/ingest_avito_to_raw.py for tasks to queue
[2026-06-30T20:26:54.852+0000] {logging_mixin.py:190} INFO - [2026-06-30T20:26:54.851+0000] {dagbag.py:588} INFO - Filling up the DagBag from /opt/airflow/dags/ingest_avito_to_raw.py
[2026-06-30T20:26:54.856+0000] {processor.py:925} INFO - DAG(s) 'ingest_avito_to_raw' retrieved from /opt/airflow/dags/ingest_avito_to_raw.py
[2026-06-30T20:26:54.875+0000] {logging_mixin.py:190} INFO - [2026-06-30T20:26:54.875+0000] {dag.py:3239} INFO - Sync 1 DAGs
[2026-06-30T20:26:54.887+0000] {logging_mixin.py:190} INFO - [2026-06-30T20:26:54.887+0000] {dag.py:4180} INFO - Setting next_dagrun for ingest_avito_to_raw to 2026-06-30 20:00:00+00:00, run_after=2026-06-30 21:00:00+00:00
[2026-06-30T20:26:54.897+0000] {processor.py:208} INFO - Processing /opt/airflow/dags/ingest_avito_to_raw.py took 0.052 seconds
[2026-06-30T20:27:25.284+0000] {processor.py:186} INFO - Started process (PID=27539) to work on /opt/airflow/dags/ingest_avito_to_raw.py
[2026-06-30T20:27:25.285+0000] {processor.py:914} INFO - Processing file /opt/airflow/dags/ingest_avito_to_raw.py for tasks to queue
[2026-06-30T20:27:25.286+0000] {logging_mixin.py:190} INFO - [2026-06-30T20:27:25.285+0000] {dagbag.py:588} INFO - Filling up the DagBag from /opt/airflow/dags/ingest_avito_to_raw.py
[2026-06-30T20:27:25.290+0000] {processor.py:925} INFO - DAG(s) 'ingest_avito_to_raw' retrieved from /opt/airflow/dags/ingest_avito_to_raw.py
[2026-06-30T20:27:25.307+0000] {logging_mixin.py:190} INFO - [2026-06-30T20:27:25.307+0000] {dag.py:3239} INFO - Sync 1 DAGs
[2026-06-30T20:27:25.317+0000] {logging_mixin.py:190} INFO - [2026-06-30T20:27:25.317+0000] {dag.py:4180} INFO - Setting next_dagrun for ingest_avito_to_raw to 2026-06-30 20:00:00+00:00, run_after=2026-06-30 21:00:00+00:00
[2026-06-30T20:27:25.324+0000] {processor.py:208} INFO - Processing /opt/airflow/dags/ingest_avito_to_raw.py took 0.045 seconds
[2026-06-30T20:27:55.669+0000] {processor.py:186} INFO - Started process (PID=27549) to work on /opt/airflow/dags/ingest_avito_to_raw.py
[2026-06-30T20:27:55.670+0000] {processor.py:914} INFO - Processing file /opt/airflow/dags/ingest_avito_to_raw.py for tasks to queue
[2026-06-30T20:27:55.671+0000] {logging_mixin.py:190} INFO - [2026-06-30T20:27:55.670+0000] {dagbag.py:588} INFO - Filling up the DagBag from /opt/airflow/dags/ingest_avito_to_raw.py
[2026-06-30T20:27:55.675+0000] {processor.py:925} INFO - DAG(s) 'ingest_avito_to_raw' retrieved from /opt/airflow/dags/ingest_avito_to_raw.py
[2026-06-30T20:27:55.691+0000] {logging_mixin.py:190} INFO - [2026-06-30T20:27:55.691+0000] {dag.py:3239} INFO - Sync 1 DAGs
[2026-06-30T20:27:55.700+0000] {logging_mixin.py:190} INFO - [2026-06-30T20:27:55.700+0000] {dag.py:4180} INFO - Setting next_dagrun for ingest_avito_to_raw to 2026-06-30 20:00:00+00:00, run_after=2026-06-30 21:00:00+00:00
[2026-06-30T20:27:55.708+0000] {processor.py:208} INFO - Processing /opt/airflow/dags/ingest_avito_to_raw.py took 0.044 seconds
[2026-06-30T20:28:26.092+0000] {processor.py:186} INFO - Started process (PID=27559) to work on /opt/airflow/dags/ingest_avito_to_raw.py
[2026-06-30T20:28:26.093+0000] {processor.py:914} INFO - Processing file /opt/airflow/dags/ingest_avito_to_raw.py for tasks to queue
[2026-06-30T20:28:26.094+0000] {logging_mixin.py:190} INFO - [2026-06-30T20:28:26.093+0000] {dagbag.py:588} INFO - Filling up the DagBag from /opt/airflow/dags/ingest_avito_to_raw.py
[2026-06-30T20:28:26.097+0000] {processor.py:925} INFO - DAG(s) 'ingest_avito_to_raw' retrieved from /opt/airflow/dags/ingest_avito_to_raw.py
[2026-06-30T20:28:26.115+0000] {logging_mixin.py:190} INFO - [2026-06-30T20:28:26.114+0000] {dag.py:3239} INFO - Sync 1 DAGs
[2026-06-30T20:28:26.125+0000] {logging_mixin.py:190} INFO - [2026-06-30T20:28:26.125+0000] {dag.py:4180} INFO - Setting next_dagrun for ingest_avito_to_raw to 2026-06-30 20:00:00+00:00, run_after=2026-06-30 21:00:00+00:00
[2026-06-30T20:28:26.133+0000] {processor.py:208} INFO - Processing /opt/airflow/dags/ingest_avito_to_raw.py took 0.045 seconds
[2026-06-30T20:28:56.487+0000] {processor.py:186} INFO - Started process (PID=27569) to work on /opt/airflow/dags/ingest_avito_to_raw.py
[2026-06-30T20:28:56.488+0000] {processor.py:914} INFO - Processing file /opt/airflow/dags/ingest_avito_to_raw.py for tasks to queue
[2026-06-30T20:28:56.489+0000] {logging_mixin.py:190} INFO - [2026-06-30T20:28:56.489+0000] {dagbag.py:588} INFO - Filling up the DagBag from /opt/airflow/dags/ingest_avito_to_raw.py
[2026-06-30T20:28:56.493+0000] {processor.py:925} INFO - DAG(s) 'ingest_avito_to_raw' retrieved from /opt/airflow/dags/ingest_avito_to_raw.py
[2026-06-30T20:28:56.510+0000] {logging_mixin.py:190} INFO - [2026-06-30T20:28:56.510+0000] {dag.py:3239} INFO - Sync 1 DAGs
[2026-06-30T20:28:56.522+0000] {logging_mixin.py:190} INFO - [2026-06-30T20:28:56.522+0000] {dag.py:4180} INFO - Setting next_dagrun for ingest_avito_to_raw to 2026-06-30 20:00:00+00:00, run_after=2026-06-30 21:00:00+00:00
[2026-06-30T20:28:56.532+0000] {processor.py:208} INFO - Processing /opt/airflow/dags/ingest_avito_to_raw.py took 0.050 seconds
[2026-06-30T20:29:26.918+0000] {processor.py:186} INFO - Started process (PID=27579) to work on /opt/airflow/dags/ingest_avito_to_raw.py
[2026-06-30T20:29:26.918+0000] {processor.py:914} INFO - Processing file /opt/airflow/dags/ingest_avito_to_raw.py for tasks to queue
[2026-06-30T20:29:26.919+0000] {logging_mixin.py:190} INFO - [2026-06-30T20:29:26.919+0000] {dagbag.py:588} INFO - Filling up the DagBag from /opt/airflow/dags/ingest_avito_to_raw.py
[2026-06-30T20:29:26.923+0000] {processor.py:925} INFO - DAG(s) 'ingest_avito_to_raw' retrieved from /opt/airflow/dags/ingest_avito_to_raw.py
[2026-06-30T20:29:26.941+0000] {logging_mixin.py:190} INFO - [2026-06-30T20:29:26.941+0000] {dag.py:3239} INFO - Sync 1 DAGs
[2026-06-30T20:29:26.952+0000] {logging_mixin.py:190} INFO - [2026-06-30T20:29:26.952+0000] {dag.py:4180} INFO - Setting next_dagrun for ingest_avito_to_raw to 2026-06-30 20:00:00+00:00, run_after=2026-06-30 21:00:00+00:00
[2026-06-30T20:29:26.960+0000] {processor.py:208} INFO - Processing /opt/airflow/dags/ingest_avito_to_raw.py took 0.047 seconds
[2026-06-30T20:29:57.292+0000] {processor.py:186} INFO - Started process (PID=27589) to work on /opt/airflow/dags/ingest_avito_to_raw.py
[2026-06-30T20:29:57.293+0000] {processor.py:914} INFO - Processing file /opt/airflow/dags/ingest_avito_to_raw.py for tasks to queue
[2026-06-30T20:29:57.294+0000] {logging_mixin.py:190} INFO - [2026-06-30T20:29:57.294+0000] {dagbag.py:588} INFO - Filling up the DagBag from /opt/airflow/dags/ingest_avito_to_raw.py
[2026-06-30T20:29:57.299+0000] {processor.py:925} INFO - DAG(s) 'ingest_avito_to_raw' retrieved from /opt/airflow/dags/ingest_avito_to_raw.py
[2026-06-30T20:29:57.322+0000] {logging_mixin.py:190} INFO - [2026-06-30T20:29:57.322+0000] {dag.py:3239} INFO - Sync 1 DAGs
[2026-06-30T20:29:57.336+0000] {logging_mixin.py:190} INFO - [2026-06-30T20:29:57.336+0000] {dag.py:4180} INFO - Setting next_dagrun for ingest_avito_to_raw to 2026-06-30 20:00:00+00:00, run_after=2026-06-30 21:00:00+00:00
[2026-06-30T20:29:57.347+0000] {processor.py:208} INFO - Processing /opt/airflow/dags/ingest_avito_to_raw.py took 0.062 seconds
[2026-06-30T20:30:27.747+0000] {processor.py:186} INFO - Started process (PID=27599) to work on /opt/airflow/dags/ingest_avito_to_raw.py
[2026-06-30T20:30:27.748+0000] {processor.py:914} INFO - Processing file /opt/airflow/dags/ingest_avito_to_raw.py for tasks to queue
[2026-06-30T20:30:27.749+0000] {logging_mixin.py:190} INFO - [2026-06-30T20:30:27.749+0000] {dagbag.py:588} INFO - Filling up the DagBag from /opt/airflow/dags/ingest_avito_to_raw.py
[2026-06-30T20:30:27.757+0000] {processor.py:925} INFO - DAG(s) 'ingest_avito_to_raw' retrieved from /opt/airflow/dags/ingest_avito_to_raw.py
[2026-06-30T20:30:27.777+0000] {logging_mixin.py:190} INFO - [2026-06-30T20:30:27.776+0000] {dag.py:3239} INFO - Sync 1 DAGs
[2026-06-30T20:30:27.788+0000] {logging_mixin.py:190} INFO - [2026-06-30T20:30:27.788+0000] {dag.py:4180} INFO - Setting next_dagrun for ingest_avito_to_raw to 2026-06-30 20:00:00+00:00, run_after=2026-06-30 21:00:00+00:00
[2026-06-30T20:30:27.796+0000] {processor.py:208} INFO - Processing /opt/airflow/dags/ingest_avito_to_raw.py took 0.057 seconds
[2026-06-30T20:30:58.085+0000] {processor.py:186} INFO - Started process (PID=27609) to work on /opt/airflow/dags/ingest_avito_to_raw.py
[2026-06-30T20:30:58.087+0000] {processor.py:914} INFO - Processing file /opt/airflow/dags/ingest_avito_to_raw.py for tasks to queue
[2026-06-30T20:30:58.088+0000] {logging_mixin.py:190} INFO - [2026-06-30T20:30:58.087+0000] {dagbag.py:588} INFO - Filling up the DagBag from /opt/airflow/dags/ingest_avito_to_raw.py
[2026-06-30T20:30:58.094+0000] {processor.py:925} INFO - DAG(s) 'ingest_avito_to_raw' retrieved from /opt/airflow/dags/ingest_avito_to_raw.py
[2026-06-30T20:30:58.114+0000] {logging_mixin.py:190} INFO - [2026-06-30T20:30:58.114+0000] {dag.py:3239} INFO - Sync 1 DAGs
[2026-06-30T20:30:58.124+0000] {logging_mixin.py:190} INFO - [2026-06-30T20:30:58.124+0000] {dag.py:4180} INFO - Setting next_dagrun for ingest_avito_to_raw to 2026-06-30 20:00:00+00:00, run_after=2026-06-30 21:00:00+00:00
[2026-06-30T20:30:58.133+0000] {processor.py:208} INFO - Processing /opt/airflow/dags/ingest_avito_to_raw.py took 0.053 seconds
[2026-06-30T20:31:28.399+0000] {processor.py:186} INFO - Started process (PID=27619) to work on /opt/airflow/dags/ingest_avito_to_raw.py
[2026-06-30T20:31:28.400+0000] {processor.py:914} INFO - Processing file /opt/airflow/dags/ingest_avito_to_raw.py for tasks to queue
[2026-06-30T20:31:28.401+0000] {logging_mixin.py:190} INFO - [2026-06-30T20:31:28.401+0000] {dagbag.py:588} INFO - Filling up the DagBag from /opt/airflow/dags/ingest_avito_to_raw.py
[2026-06-30T20:31:28.405+0000] {processor.py:925} INFO - DAG(s) 'ingest_avito_to_raw' retrieved from /opt/airflow/dags/ingest_avito_to_raw.py
[2026-06-30T20:31:28.421+0000] {logging_mixin.py:190} INFO - [2026-06-30T20:31:28.421+0000] {dag.py:3239} INFO - Sync 1 DAGs
[2026-06-30T20:31:28.433+0000] {logging_mixin.py:190} INFO - [2026-06-30T20:31:28.433+0000] {dag.py:4180} INFO - Setting next_dagrun for ingest_avito_to_raw to 2026-06-30 20:00:00+00:00, run_after=2026-06-30 21:00:00+00:00
[2026-06-30T20:31:28.441+0000] {processor.py:208} INFO - Processing /opt/airflow/dags/ingest_avito_to_raw.py took 0.048 seconds
[2026-06-30T20:31:58.767+0000] {processor.py:186} INFO - Started process (PID=27629) to work on /opt/airflow/dags/ingest_avito_to_raw.py
[2026-06-30T20:31:58.767+0000] {processor.py:914} INFO - Processing file /opt/airflow/dags/ingest_avito_to_raw.py for tasks to queue
[2026-06-30T20:31:58.768+0000] {logging_mixin.py:190} INFO - [2026-06-30T20:31:58.768+0000] {dagbag.py:588} INFO - Filling up the DagBag from /opt/airflow/dags/ingest_avito_to_raw.py
[2026-06-30T20:31:58.773+0000] {processor.py:925} INFO - DAG(s) 'ingest_avito_to_raw' retrieved from /opt/airflow/dags/ingest_avito_to_raw.py
[2026-06-30T20:31:58.792+0000] {logging_mixin.py:190} INFO - [2026-06-30T20:31:58.792+0000] {dag.py:3239} INFO - Sync 1 DAGs
[2026-06-30T20:31:58.803+0000] {logging_mixin.py:190} INFO - [2026-06-30T20:31:58.803+0000] {dag.py:4180} INFO - Setting next_dagrun for ingest_avito_to_raw to 2026-06-30 20:00:00+00:00, run_after=2026-06-30 21:00:00+00:00
[2026-06-30T20:31:58.816+0000] {processor.py:208} INFO - Processing /opt/airflow/dags/ingest_avito_to_raw.py took 0.054 seconds
[2026-06-30T20:32:29.183+0000] {processor.py:186} INFO - Started process (PID=27639) to work on /opt/airflow/dags/ingest_avito_to_raw.py
[2026-06-30T20:32:29.183+0000] {processor.py:914} INFO - Processing file /opt/airflow/dags/ingest_avito_to_raw.py for tasks to queue
[2026-06-30T20:32:29.184+0000] {logging_mixin.py:190} INFO - [2026-06-30T20:32:29.184+0000] {dagbag.py:588} INFO - Filling up the DagBag from /opt/airflow/dags/ingest_avito_to_raw.py
[2026-06-30T20:32:29.188+0000] {processor.py:925} INFO - DAG(s) 'ingest_avito_to_raw' retrieved from /opt/airflow/dags/ingest_avito_to_raw.py
[2026-06-30T20:32:29.206+0000] {logging_mixin.py:190} INFO - [2026-06-30T20:32:29.206+0000] {dag.py:3239} INFO - Sync 1 DAGs
[2026-06-30T20:32:29.216+0000] {logging_mixin.py:190} INFO - [2026-06-30T20:32:29.216+0000] {dag.py:4180} INFO - Setting next_dagrun for ingest_avito_to_raw to 2026-06-30 20:00:00+00:00, run_after=2026-06-30 21:00:00+00:00
[2026-06-30T20:32:29.225+0000] {processor.py:208} INFO - Processing /opt/airflow/dags/ingest_avito_to_raw.py took 0.047 seconds
[2026-06-30T20:32:59.572+0000] {processor.py:186} INFO - Started process (PID=27649) to work on /opt/airflow/dags/ingest_avito_to_raw.py
[2026-06-30T20:32:59.572+0000] {processor.py:914} INFO - Processing file /opt/airflow/dags/ingest_avito_to_raw.py for tasks to queue
[2026-06-30T20:32:59.573+0000] {logging_mixin.py:190} INFO - [2026-06-30T20:32:59.573+0000] {dagbag.py:588} INFO - Filling up the DagBag from /opt/airflow/dags/ingest_avito_to_raw.py
[2026-06-30T20:32:59.579+0000] {processor.py:925} INFO - DAG(s) 'ingest_avito_to_raw' retrieved from /opt/airflow/dags/ingest_avito_to_raw.py
[2026-06-30T20:32:59.597+0000] {logging_mixin.py:190} INFO - [2026-06-30T20:32:59.597+0000] {dag.py:3239} INFO - Sync 1 DAGs
[2026-06-30T20:32:59.607+0000] {logging_mixin.py:190} INFO - [2026-06-30T20:32:59.607+0000] {dag.py:4180} INFO - Setting next_dagrun for ingest_avito_to_raw to 2026-06-30 20:00:00+00:00, run_after=2026-06-30 21:00:00+00:00
[2026-06-30T20:32:59.614+0000] {processor.py:208} INFO - Processing /opt/airflow/dags/ingest_avito_to_raw.py took 0.049 seconds
[2026-06-30T20:33:29.946+0000] {processor.py:186} INFO - Started process (PID=27659) to work on /opt/airflow/dags/ingest_avito_to_raw.py
[2026-06-30T20:33:29.947+0000] {processor.py:914} INFO - Processing file /opt/airflow/dags/ingest_avito_to_raw.py for tasks to queue
[2026-06-30T20:33:29.948+0000] {logging_mixin.py:190} INFO - [2026-06-30T20:33:29.948+0000] {dagbag.py:588} INFO - Filling up the DagBag from /opt/airflow/dags/ingest_avito_to_raw.py
[2026-06-30T20:33:29.953+0000] {processor.py:925} INFO - DAG(s) 'ingest_avito_to_raw' retrieved from /opt/airflow/dags/ingest_avito_to_raw.py
[2026-06-30T20:33:29.971+0000] {logging_mixin.py:190} INFO - [2026-06-30T20:33:29.971+0000] {dag.py:3239} INFO - Sync 1 DAGs
[2026-06-30T20:33:29.985+0000] {logging_mixin.py:190} INFO - [2026-06-30T20:33:29.985+0000] {dag.py:4180} INFO - Setting next_dagrun for ingest_avito_to_raw to 2026-06-30 20:00:00+00:00, run_after=2026-06-30 21:00:00+00:00
[2026-06-30T20:33:29.995+0000] {processor.py:208} INFO - Processing /opt/airflow/dags/ingest_avito_to_raw.py took 0.054 seconds
[2026-06-30T20:34:00.332+0000] {processor.py:186} INFO - Started process (PID=27669) to work on /opt/airflow/dags/ingest_avito_to_raw.py
[2026-06-30T20:34:00.333+0000] {processor.py:914} INFO - Processing file /opt/airflow/dags/ingest_avito_to_raw.py for tasks to queue
[2026-06-30T20:34:00.334+0000] {logging_mixin.py:190} INFO - [2026-06-30T20:34:00.334+0000] {dagbag.py:588} INFO - Filling up the DagBag from /opt/airflow/dags/ingest_avito_to_raw.py
[2026-06-30T20:34:00.339+0000] {processor.py:925} INFO - DAG(s) 'ingest_avito_to_raw' retrieved from /opt/airflow/dags/ingest_avito_to_raw.py
[2026-06-30T20:34:00.359+0000] {logging_mixin.py:190} INFO - [2026-06-30T20:34:00.359+0000] {dag.py:3239} INFO - Sync 1 DAGs
[2026-06-30T20:34:00.374+0000] {logging_mixin.py:190} INFO - [2026-06-30T20:34:00.374+0000] {dag.py:4180} INFO - Setting next_dagrun for ingest_avito_to_raw to 2026-06-30 20:00:00+00:00, run_after=2026-06-30 21:00:00+00:00
[2026-06-30T20:34:00.383+0000] {processor.py:208} INFO - Processing /opt/airflow/dags/ingest_avito_to_raw.py took 0.056 seconds
[2026-06-30T20:34:30.717+0000] {processor.py:186} INFO - Started process (PID=27679) to work on /opt/airflow/dags/ingest_avito_to_raw.py
[2026-06-30T20:34:30.718+0000] {processor.py:914} INFO - Processing file /opt/airflow/dags/ingest_avito_to_raw.py for tasks to queue
[2026-06-30T20:34:30.719+0000] {logging_mixin.py:190} INFO - [2026-06-30T20:34:30.719+0000] {dagbag.py:588} INFO - Filling up the DagBag from /opt/airflow/dags/ingest_avito_to_raw.py
[2026-06-30T20:34:30.724+0000] {processor.py:925} INFO - DAG(s) 'ingest_avito_to_raw' retrieved from /opt/airflow/dags/ingest_avito_to_raw.py
[2026-06-30T20:34:30.743+0000] {logging_mixin.py:190} INFO - [2026-06-30T20:34:30.743+0000] {dag.py:3239} INFO - Sync 1 DAGs
[2026-06-30T20:34:30.756+0000] {logging_mixin.py:190} INFO - [2026-06-30T20:34:30.756+0000] {dag.py:4180} INFO - Setting next_dagrun for ingest_avito_to_raw to 2026-06-30 20:00:00+00:00, run_after=2026-06-30 21:00:00+00:00
[2026-06-30T20:34:30.766+0000] {processor.py:208} INFO - Processing /opt/airflow/dags/ingest_avito_to_raw.py took 0.056 seconds
[2026-06-30T20:35:00.998+0000] {processor.py:186} INFO - Started process (PID=27689) to work on /opt/airflow/dags/ingest_avito_to_raw.py
[2026-06-30T20:35:00.999+0000] {processor.py:914} INFO - Processing file /opt/airflow/dags/ingest_avito_to_raw.py for tasks to queue
[2026-06-30T20:35:01.001+0000] {logging_mixin.py:190} INFO - [2026-06-30T20:35:01.001+0000] {dagbag.py:588} INFO - Filling up the DagBag from /opt/airflow/dags/ingest_avito_to_raw.py
[2026-06-30T20:35:01.005+0000] {processor.py:925} INFO - DAG(s) 'ingest_avito_to_raw' retrieved from /opt/airflow/dags/ingest_avito_to_raw.py
[2026-06-30T20:35:01.023+0000] {logging_mixin.py:190} INFO - [2026-06-30T20:35:01.023+0000] {dag.py:3239} INFO - Sync 1 DAGs
[2026-06-30T20:35:01.033+0000] {logging_mixin.py:190} INFO - [2026-06-30T20:35:01.033+0000] {dag.py:4180} INFO - Setting next_dagrun for ingest_avito_to_raw to 2026-06-30 20:00:00+00:00, run_after=2026-06-30 21:00:00+00:00
[2026-06-30T20:35:01.045+0000] {processor.py:208} INFO - Processing /opt/airflow/dags/ingest_avito_to_raw.py took 0.053 seconds
[2026-06-30T20:35:31.418+0000] {processor.py:186} INFO - Started process (PID=27699) to work on /opt/airflow/dags/ingest_avito_to_raw.py
[2026-06-30T20:35:31.419+0000] {processor.py:914} INFO - Processing file /opt/airflow/dags/ingest_avito_to_raw.py for tasks to queue
[2026-06-30T20:35:31.420+0000] {logging_mixin.py:190} INFO - [2026-06-30T20:35:31.419+0000] {dagbag.py:588} INFO - Filling up the DagBag from /opt/airflow/dags/ingest_avito_to_raw.py
[2026-06-30T20:35:31.424+0000] {processor.py:925} INFO - DAG(s) 'ingest_avito_to_raw' retrieved from /opt/airflow/dags/ingest_avito_to_raw.py
[2026-06-30T20:35:31.439+0000] {logging_mixin.py:190} INFO - [2026-06-30T20:35:31.439+0000] {dag.py:3239} INFO - Sync 1 DAGs
[2026-06-30T20:35:31.450+0000] {logging_mixin.py:190} INFO - [2026-06-30T20:35:31.450+0000] {dag.py:4180} INFO - Setting next_dagrun for ingest_avito_to_raw to 2026-06-30 20:00:00+00:00, run_after=2026-06-30 21:00:00+00:00
[2026-06-30T20:35:31.459+0000] {processor.py:208} INFO - Processing /opt/airflow/dags/ingest_avito_to_raw.py took 0.046 seconds
[2026-06-30T20:36:01.778+0000] {processor.py:186} INFO - Started process (PID=27709) to work on /opt/airflow/dags/ingest_avito_to_raw.py
[2026-06-30T20:36:01.779+0000] {processor.py:914} INFO - Processing file /opt/airflow/dags/ingest_avito_to_raw.py for tasks to queue
[2026-06-30T20:36:01.780+0000] {logging_mixin.py:190} INFO - [2026-06-30T20:36:01.779+0000] {dagbag.py:588} INFO - Filling up the DagBag from /opt/airflow/dags/ingest_avito_to_raw.py
[2026-06-30T20:36:01.784+0000] {processor.py:925} INFO - DAG(s) 'ingest_avito_to_raw' retrieved from /opt/airflow/dags/ingest_avito_to_raw.py
[2026-06-30T20:36:01.803+0000] {logging_mixin.py:190} INFO - [2026-06-30T20:36:01.803+0000] {dag.py:3239} INFO - Sync 1 DAGs
[2026-06-30T20:36:01.812+0000] {logging_mixin.py:190} INFO - [2026-06-30T20:36:01.812+0000] {dag.py:4180} INFO - Setting next_dagrun for ingest_avito_to_raw to 2026-06-30 20:00:00+00:00, run_after=2026-06-30 21:00:00+00:00
[2026-06-30T20:36:01.820+0000] {processor.py:208} INFO - Processing /opt/airflow/dags/ingest_avito_to_raw.py took 0.047 seconds
[2026-06-30T20:36:32.172+0000] {processor.py:186} INFO - Started process (PID=27719) to work on /opt/airflow/dags/ingest_avito_to_raw.py
[2026-06-30T20:36:32.173+0000] {processor.py:914} INFO - Processing file /opt/airflow/dags/ingest_avito_to_raw.py for tasks to queue
[2026-06-30T20:36:32.174+0000] {logging_mixin.py:190} INFO - [2026-06-30T20:36:32.173+0000] {dagbag.py:588} INFO - Filling up the DagBag from /opt/airflow/dags/ingest_avito_to_raw.py
[2026-06-30T20:36:32.178+0000] {processor.py:925} INFO - DAG(s) 'ingest_avito_to_raw' retrieved from /opt/airflow/dags/ingest_avito_to_raw.py
[2026-06-30T20:36:32.197+0000] {logging_mixin.py:190} INFO - [2026-06-30T20:36:32.197+0000] {dag.py:3239} INFO - Sync 1 DAGs
[2026-06-30T20:36:32.206+0000] {logging_mixin.py:190} INFO - [2026-06-30T20:36:32.206+0000] {dag.py:4180} INFO - Setting next_dagrun for ingest_avito_to_raw to 2026-06-30 20:00:00+00:00, run_after=2026-06-30 21:00:00+00:00
[2026-06-30T20:36:32.215+0000] {processor.py:208} INFO - Processing /opt/airflow/dags/ingest_avito_to_raw.py took 0.049 seconds
[2026-06-30T20:37:02.599+0000] {processor.py:186} INFO - Started process (PID=27729) to work on /opt/airflow/dags/ingest_avito_to_raw.py
[2026-06-30T20:37:02.600+0000] {processor.py:914} INFO - Processing file /opt/airflow/dags/ingest_avito_to_raw.py for tasks to queue
[2026-06-30T20:37:02.601+0000] {logging_mixin.py:190} INFO - [2026-06-30T20:37:02.601+0000] {dagbag.py:588} INFO - Filling up the DagBag from /opt/airflow/dags/ingest_avito_to_raw.py
[2026-06-30T20:37:02.605+0000] {processor.py:925} INFO - DAG(s) 'ingest_avito_to_raw' retrieved from /opt/airflow/dags/ingest_avito_to_raw.py
[2026-06-30T20:37:02.624+0000] {logging_mixin.py:190} INFO - [2026-06-30T20:37:02.624+0000] {dag.py:3239} INFO - Sync 1 DAGs
[2026-06-30T20:37:02.634+0000] {logging_mixin.py:190} INFO - [2026-06-30T20:37:02.634+0000] {dag.py:4180} INFO - Setting next_dagrun for ingest_avito_to_raw to 2026-06-30 20:00:00+00:00, run_after=2026-06-30 21:00:00+00:00
[2026-06-30T20:37:02.644+0000] {processor.py:208} INFO - Processing /opt/airflow/dags/ingest_avito_to_raw.py took 0.049 seconds
[2026-06-30T20:37:33.005+0000] {processor.py:186} INFO - Started process (PID=27739) to work on /opt/airflow/dags/ingest_avito_to_raw.py
[2026-06-30T20:37:33.005+0000] {processor.py:914} INFO - Processing file /opt/airflow/dags/ingest_avito_to_raw.py for tasks to queue
[2026-06-30T20:37:33.006+0000] {logging_mixin.py:190} INFO - [2026-06-30T20:37:33.006+0000] {dagbag.py:588} INFO - Filling up the DagBag from /opt/airflow/dags/ingest_avito_to_raw.py
[2026-06-30T20:37:33.010+0000] {processor.py:925} INFO - DAG(s) 'ingest_avito_to_raw' retrieved from /opt/airflow/dags/ingest_avito_to_raw.py
[2026-06-30T20:37:33.031+0000] {logging_mixin.py:190} INFO - [2026-06-30T20:37:33.031+0000] {dag.py:3239} INFO - Sync 1 DAGs
[2026-06-30T20:37:33.041+0000] {logging_mixin.py:190} INFO - [2026-06-30T20:37:33.041+0000] {dag.py:4180} INFO - Setting next_dagrun for ingest_avito_to_raw to 2026-06-30 20:00:00+00:00, run_after=2026-06-30 21:00:00+00:00
[2026-06-30T20:37:33.051+0000] {processor.py:208} INFO - Processing /opt/airflow/dags/ingest_avito_to_raw.py took 0.051 seconds
[2026-06-30T20:38:03.419+0000] {processor.py:186} INFO - Started process (PID=27749) to work on /opt/airflow/dags/ingest_avito_to_raw.py
[2026-06-30T20:38:03.420+0000] {processor.py:914} INFO - Processing file /opt/airflow/dags/ingest_avito_to_raw.py for tasks to queue
[2026-06-30T20:38:03.420+0000] {logging_mixin.py:190} INFO - [2026-06-30T20:38:03.420+0000] {dagbag.py:588} INFO - Filling up the DagBag from /opt/airflow/dags/ingest_avito_to_raw.py
[2026-06-30T20:38:03.424+0000] {processor.py:925} INFO - DAG(s) 'ingest_avito_to_raw' retrieved from /opt/airflow/dags/ingest_avito_to_raw.py
[2026-06-30T20:38:03.443+0000] {logging_mixin.py:190} INFO - [2026-06-30T20:38:03.443+0000] {dag.py:3239} INFO - Sync 1 DAGs
[2026-06-30T20:38:03.452+0000] {logging_mixin.py:190} INFO - [2026-06-30T20:38:03.452+0000] {dag.py:4180} INFO - Setting next_dagrun for ingest_avito_to_raw to 2026-06-30 20:00:00+00:00, run_after=2026-06-30 21:00:00+00:00
[2026-06-30T20:38:03.460+0000] {processor.py:208} INFO - Processing /opt/airflow/dags/ingest_avito_to_raw.py took 0.046 seconds
[2026-06-30T20:38:33.739+0000] {processor.py:186} INFO - Started process (PID=27759) to work on /opt/airflow/dags/ingest_avito_to_raw.py
[2026-06-30T20:38:33.741+0000] {processor.py:914} INFO - Processing file /opt/airflow/dags/ingest_avito_to_raw.py for tasks to queue
[2026-06-30T20:38:33.742+0000] {logging_mixin.py:190} INFO - [2026-06-30T20:38:33.741+0000] {dagbag.py:588} INFO - Filling up the DagBag from /opt/airflow/dags/ingest_avito_to_raw.py
[2026-06-30T20:38:33.746+0000] {processor.py:925} INFO - DAG(s) 'ingest_avito_to_raw' retrieved from /opt/airflow/dags/ingest_avito_to_raw.py
[2026-06-30T20:38:33.765+0000] {logging_mixin.py:190} INFO - [2026-06-30T20:38:33.765+0000] {dag.py:3239} INFO - Sync 1 DAGs
[2026-06-30T20:38:33.777+0000] {logging_mixin.py:190} INFO - [2026-06-30T20:38:33.777+0000] {dag.py:4180} INFO - Setting next_dagrun for ingest_avito_to_raw to 2026-06-30 20:00:00+00:00, run_after=2026-06-30 21:00:00+00:00
[2026-06-30T20:38:33.786+0000] {processor.py:208} INFO - Processing /opt/airflow/dags/ingest_avito_to_raw.py took 0.052 seconds
[2026-06-30T20:39:04.107+0000] {processor.py:186} INFO - Started process (PID=27769) to work on /opt/airflow/dags/ingest_avito_to_raw.py
[2026-06-30T20:39:04.108+0000] {processor.py:914} INFO - Processing file /opt/airflow/dags/ingest_avito_to_raw.py for tasks to queue
[2026-06-30T20:39:04.109+0000] {logging_mixin.py:190} INFO - [2026-06-30T20:39:04.108+0000] {dagbag.py:588} INFO - Filling up the DagBag from /opt/airflow/dags/ingest_avito_to_raw.py
[2026-06-30T20:39:04.113+0000] {processor.py:925} INFO - DAG(s) 'ingest_avito_to_raw' retrieved from /opt/airflow/dags/ingest_avito_to_raw.py
[2026-06-30T20:39:04.129+0000] {logging_mixin.py:190} INFO - [2026-06-30T20:39:04.128+0000] {dag.py:3239} INFO - Sync 1 DAGs
[2026-06-30T20:39:04.141+0000] {logging_mixin.py:190} INFO - [2026-06-30T20:39:04.141+0000] {dag.py:4180} INFO - Setting next_dagrun for ingest_avito_to_raw to 2026-06-30 20:00:00+00:00, run_after=2026-06-30 21:00:00+00:00
[2026-06-30T20:39:04.150+0000] {processor.py:208} INFO - Processing /opt/airflow/dags/ingest_avito_to_raw.py took 0.048 seconds
[2026-06-30T20:39:34.516+0000] {processor.py:186} INFO - Started process (PID=27779) to work on /opt/airflow/dags/ingest_avito_to_raw.py
[2026-06-30T20:39:34.517+0000] {processor.py:914} INFO - Processing file /opt/airflow/dags/ingest_avito_to_raw.py for tasks to queue
[2026-06-30T20:39:34.518+0000] {logging_mixin.py:190} INFO - [2026-06-30T20:39:34.517+0000] {dagbag.py:588} INFO - Filling up the DagBag from /opt/airflow/dags/ingest_avito_to_raw.py
[2026-06-30T20:39:34.521+0000] {processor.py:925} INFO - DAG(s) 'ingest_avito_to_raw' retrieved from /opt/airflow/dags/ingest_avito_to_raw.py
[2026-06-30T20:39:34.539+0000] {logging_mixin.py:190} INFO - [2026-06-30T20:39:34.539+0000] {dag.py:3239} INFO - Sync 1 DAGs
[2026-06-30T20:39:34.549+0000] {logging_mixin.py:190} INFO - [2026-06-30T20:39:34.549+0000] {dag.py:4180} INFO - Setting next_dagrun for ingest_avito_to_raw to 2026-06-30 20:00:00+00:00, run_after=2026-06-30 21:00:00+00:00
[2026-06-30T20:39:34.556+0000] {processor.py:208} INFO - Processing /opt/airflow/dags/ingest_avito_to_raw.py took 0.044 seconds
[2026-06-30T20:40:04.924+0000] {processor.py:186} INFO - Started process (PID=27789) to work on /opt/airflow/dags/ingest_avito_to_raw.py
[2026-06-30T20:40:04.924+0000] {processor.py:914} INFO - Processing file /opt/airflow/dags/ingest_avito_to_raw.py for tasks to queue
[2026-06-30T20:40:04.925+0000] {logging_mixin.py:190} INFO - [2026-06-30T20:40:04.925+0000] {dagbag.py:588} INFO - Filling up the DagBag from /opt/airflow/dags/ingest_avito_to_raw.py
[2026-06-30T20:40:04.929+0000] {processor.py:925} INFO - DAG(s) 'ingest_avito_to_raw' retrieved from /opt/airflow/dags/ingest_avito_to_raw.py
[2026-06-30T20:40:04.946+0000] {logging_mixin.py:190} INFO - [2026-06-30T20:40:04.946+0000] {dag.py:3239} INFO - Sync 1 DAGs
[2026-06-30T20:40:04.956+0000] {logging_mixin.py:190} INFO - [2026-06-30T20:40:04.956+0000] {dag.py:4180} INFO - Setting next_dagrun for ingest_avito_to_raw to 2026-06-30 20:00:00+00:00, run_after=2026-06-30 21:00:00+00:00
[2026-06-30T20:40:04.965+0000] {processor.py:208} INFO - Processing /opt/airflow/dags/ingest_avito_to_raw.py took 0.047 seconds
[2026-06-30T20:40:35.316+0000] {processor.py:186} INFO - Started process (PID=27799) to work on /opt/airflow/dags/ingest_avito_to_raw.py
[2026-06-30T20:40:35.317+0000] {processor.py:914} INFO - Processing file /opt/airflow/dags/ingest_avito_to_raw.py for tasks to queue
[2026-06-30T20:40:35.317+0000] {logging_mixin.py:190} INFO - [2026-06-30T20:40:35.317+0000] {dagbag.py:588} INFO - Filling up the DagBag from /opt/airflow/dags/ingest_avito_to_raw.py
[2026-06-30T20:40:35.323+0000] {processor.py:925} INFO - DAG(s) 'ingest_avito_to_raw' retrieved from /opt/airflow/dags/ingest_avito_to_raw.py
[2026-06-30T20:40:35.341+0000] {logging_mixin.py:190} INFO - [2026-06-30T20:40:35.341+0000] {dag.py:3239} INFO - Sync 1 DAGs
[2026-06-30T20:40:35.352+0000] {logging_mixin.py:190} INFO - [2026-06-30T20:40:35.352+0000] {dag.py:4180} INFO - Setting next_dagrun for ingest_avito_to_raw to 2026-06-30 20:00:00+00:00, run_after=2026-06-30 21:00:00+00:00
[2026-06-30T20:40:35.363+0000] {processor.py:208} INFO - Processing /opt/airflow/dags/ingest_avito_to_raw.py took 0.052 seconds
[2026-06-30T20:41:05.694+0000] {processor.py:186} INFO - Started process (PID=27809) to work on /opt/airflow/dags/ingest_avito_to_raw.py
[2026-06-30T20:41:05.694+0000] {processor.py:914} INFO - Processing file /opt/airflow/dags/ingest_avito_to_raw.py for tasks to queue
[2026-06-30T20:41:05.695+0000] {logging_mixin.py:190} INFO - [2026-06-30T20:41:05.695+0000] {dagbag.py:588} INFO - Filling up the DagBag from /opt/airflow/dags/ingest_avito_to_raw.py
[2026-06-30T20:41:05.700+0000] {processor.py:925} INFO - DAG(s) 'ingest_avito_to_raw' retrieved from /opt/airflow/dags/ingest_avito_to_raw.py
[2026-06-30T20:41:05.719+0000] {logging_mixin.py:190} INFO - [2026-06-30T20:41:05.718+0000] {dag.py:3239} INFO - Sync 1 DAGs
[2026-06-30T20:41:05.730+0000] {logging_mixin.py:190} INFO - [2026-06-30T20:41:05.730+0000] {dag.py:4180} INFO - Setting next_dagrun for ingest_avito_to_raw to 2026-06-30 20:00:00+00:00, run_after=2026-06-30 21:00:00+00:00
[2026-06-30T20:41:05.737+0000] {processor.py:208} INFO - Processing /opt/airflow/dags/ingest_avito_to_raw.py took 0.048 seconds
[2026-06-30T20:41:36.124+0000] {processor.py:186} INFO - Started process (PID=27819) to work on /opt/airflow/dags/ingest_avito_to_raw.py
[2026-06-30T20:41:36.124+0000] {processor.py:914} INFO - Processing file /opt/airflow/dags/ingest_avito_to_raw.py for tasks to queue
[2026-06-30T20:41:36.125+0000] {logging_mixin.py:190} INFO - [2026-06-30T20:41:36.125+0000] {dagbag.py:588} INFO - Filling up the DagBag from /opt/airflow/dags/ingest_avito_to_raw.py
[2026-06-30T20:41:36.130+0000] {processor.py:925} INFO - DAG(s) 'ingest_avito_to_raw' retrieved from /opt/airflow/dags/ingest_avito_to_raw.py
[2026-06-30T20:41:36.147+0000] {logging_mixin.py:190} INFO - [2026-06-30T20:41:36.147+0000] {dag.py:3239} INFO - Sync 1 DAGs
[2026-06-30T20:41:36.158+0000] {logging_mixin.py:190} INFO - [2026-06-30T20:41:36.158+0000] {dag.py:4180} INFO - Setting next_dagrun for ingest_avito_to_raw to 2026-06-30 20:00:00+00:00, run_after=2026-06-30 21:00:00+00:00
[2026-06-30T20:41:36.165+0000] {processor.py:208} INFO - Processing /opt/airflow/dags/ingest_avito_to_raw.py took 0.046 seconds
[2026-06-30T20:42:06.496+0000] {processor.py:186} INFO - Started process (PID=27829) to work on /opt/airflow/dags/ingest_avito_to_raw.py
[2026-06-30T20:42:06.497+0000] {processor.py:914} INFO - Processing file /opt/airflow/dags/ingest_avito_to_raw.py for tasks to queue
[2026-06-30T20:42:06.498+0000] {logging_mixin.py:190} INFO - [2026-06-30T20:42:06.498+0000] {dagbag.py:588} INFO - Filling up the DagBag from /opt/airflow/dags/ingest_avito_to_raw.py
[2026-06-30T20:42:06.502+0000] {processor.py:925} INFO - DAG(s) 'ingest_avito_to_raw' retrieved from /opt/airflow/dags/ingest_avito_to_raw.py
[2026-06-30T20:42:06.517+0000] {logging_mixin.py:190} INFO - [2026-06-30T20:42:06.517+0000] {dag.py:3239} INFO - Sync 1 DAGs
[2026-06-30T20:42:06.527+0000] {logging_mixin.py:190} INFO - [2026-06-30T20:42:06.527+0000] {dag.py:4180} INFO - Setting next_dagrun for ingest_avito_to_raw to 2026-06-30 20:00:00+00:00, run_after=2026-06-30 21:00:00+00:00
[2026-06-30T20:42:06.535+0000] {processor.py:208} INFO - Processing /opt/airflow/dags/ingest_avito_to_raw.py took 0.044 seconds
[2026-06-30T20:42:36.870+0000] {processor.py:186} INFO - Started process (PID=27839) to work on /opt/airflow/dags/ingest_avito_to_raw.py
[2026-06-30T20:42:36.870+0000] {processor.py:914} INFO - Processing file /opt/airflow/dags/ingest_avito_to_raw.py for tasks to queue
[2026-06-30T20:42:36.871+0000] {logging_mixin.py:190} INFO - [2026-06-30T20:42:36.871+0000] {dagbag.py:588} INFO - Filling up the DagBag from /opt/airflow/dags/ingest_avito_to_raw.py
[2026-06-30T20:42:36.878+0000] {processor.py:925} INFO - DAG(s) 'ingest_avito_to_raw' retrieved from /opt/airflow/dags/ingest_avito_to_raw.py
[2026-06-30T20:42:36.893+0000] {logging_mixin.py:190} INFO - [2026-06-30T20:42:36.893+0000] {dag.py:3239} INFO - Sync 1 DAGs
[2026-06-30T20:42:36.901+0000] {logging_mixin.py:190} INFO - [2026-06-30T20:42:36.901+0000] {dag.py:4180} INFO - Setting next_dagrun for ingest_avito_to_raw to 2026-06-30 20:00:00+00:00, run_after=2026-06-30 21:00:00+00:00
[2026-06-30T20:42:36.909+0000] {processor.py:208} INFO - Processing /opt/airflow/dags/ingest_avito_to_raw.py took 0.043 seconds
[2026-06-30T20:43:07.283+0000] {processor.py:186} INFO - Started process (PID=27849) to work on /opt/airflow/dags/ingest_avito_to_raw.py
[2026-06-30T20:43:07.284+0000] {processor.py:914} INFO - Processing file /opt/airflow/dags/ingest_avito_to_raw.py for tasks to queue
[2026-06-30T20:43:07.285+0000] {logging_mixin.py:190} INFO - [2026-06-30T20:43:07.285+0000] {dagbag.py:588} INFO - Filling up the DagBag from /opt/airflow/dags/ingest_avito_to_raw.py
[2026-06-30T20:43:07.290+0000] {processor.py:925} INFO - DAG(s) 'ingest_avito_to_raw' retrieved from /opt/airflow/dags/ingest_avito_to_raw.py
[2026-06-30T20:43:07.307+0000] {logging_mixin.py:190} INFO - [2026-06-30T20:43:07.307+0000] {dag.py:3239} INFO - Sync 1 DAGs
[2026-06-30T20:43:07.321+0000] {logging_mixin.py:190} INFO - [2026-06-30T20:43:07.321+0000] {dag.py:4180} INFO - Setting next_dagrun for ingest_avito_to_raw to 2026-06-30 20:00:00+00:00, run_after=2026-06-30 21:00:00+00:00
[2026-06-30T20:43:07.329+0000] {processor.py:208} INFO - Processing /opt/airflow/dags/ingest_avito_to_raw.py took 0.050 seconds
[2026-06-30T20:43:37.716+0000] {processor.py:186} INFO - Started process (PID=27859) to work on /opt/airflow/dags/ingest_avito_to_raw.py
[2026-06-30T20:43:37.717+0000] {processor.py:914} INFO - Processing file /opt/airflow/dags/ingest_avito_to_raw.py for tasks to queue
[2026-06-30T20:43:37.717+0000] {logging_mixin.py:190} INFO - [2026-06-30T20:43:37.717+0000] {dagbag.py:588} INFO - Filling up the DagBag from /opt/airflow/dags/ingest_avito_to_raw.py
[2026-06-30T20:43:37.722+0000] {processor.py:925} INFO - DAG(s) 'ingest_avito_to_raw' retrieved from /opt/airflow/dags/ingest_avito_to_raw.py
[2026-06-30T20:43:37.743+0000] {logging_mixin.py:190} INFO - [2026-06-30T20:43:37.743+0000] {dag.py:3239} INFO - Sync 1 DAGs
[2026-06-30T20:43:37.753+0000] {logging_mixin.py:190} INFO - [2026-06-30T20:43:37.753+0000] {dag.py:4180} INFO - Setting next_dagrun for ingest_avito_to_raw to 2026-06-30 20:00:00+00:00, run_after=2026-06-30 21:00:00+00:00
[2026-06-30T20:43:37.762+0000] {processor.py:208} INFO - Processing /opt/airflow/dags/ingest_avito_to_raw.py took 0.052 seconds
[2026-06-30T20:44:08.052+0000] {processor.py:186} INFO - Started process (PID=27869) to work on /opt/airflow/dags/ingest_avito_to_raw.py
[2026-06-30T20:44:08.053+0000] {processor.py:914} INFO - Processing file /opt/airflow/dags/ingest_avito_to_raw.py for tasks to queue
[2026-06-30T20:44:08.054+0000] {logging_mixin.py:190} INFO - [2026-06-30T20:44:08.053+0000] {dagbag.py:588} INFO - Filling up the DagBag from /opt/airflow/dags/ingest_avito_to_raw.py
[2026-06-30T20:44:08.058+0000] {processor.py:925} INFO - DAG(s) 'ingest_avito_to_raw' retrieved from /opt/airflow/dags/ingest_avito_to_raw.py
[2026-06-30T20:44:08.078+0000] {logging_mixin.py:190} INFO - [2026-06-30T20:44:08.078+0000] {dag.py:3239} INFO - Sync 1 DAGs
[2026-06-30T20:44:08.088+0000] {logging_mixin.py:190} INFO - [2026-06-30T20:44:08.088+0000] {dag.py:4180} INFO - Setting next_dagrun for ingest_avito_to_raw to 2026-06-30 20:00:00+00:00, run_after=2026-06-30 21:00:00+00:00
[2026-06-30T20:44:08.098+0000] {processor.py:208} INFO - Processing /opt/airflow/dags/ingest_avito_to_raw.py took 0.052 seconds
[2026-06-30T20:44:38.417+0000] {processor.py:186} INFO - Started process (PID=27879) to work on /opt/airflow/dags/ingest_avito_to_raw.py
[2026-06-30T20:44:38.417+0000] {processor.py:914} INFO - Processing file /opt/airflow/dags/ingest_avito_to_raw.py for tasks to queue
[2026-06-30T20:44:38.418+0000] {logging_mixin.py:190} INFO - [2026-06-30T20:44:38.418+0000] {dagbag.py:588} INFO - Filling up the DagBag from /opt/airflow/dags/ingest_avito_to_raw.py
[2026-06-30T20:44:38.422+0000] {processor.py:925} INFO - DAG(s) 'ingest_avito_to_raw' retrieved from /opt/airflow/dags/ingest_avito_to_raw.py
[2026-06-30T20:44:38.440+0000] {logging_mixin.py:190} INFO - [2026-06-30T20:44:38.440+0000] {dag.py:3239} INFO - Sync 1 DAGs
[2026-06-30T20:44:38.449+0000] {logging_mixin.py:190} INFO - [2026-06-30T20:44:38.449+0000] {dag.py:4180} INFO - Setting next_dagrun for ingest_avito_to_raw to 2026-06-30 20:00:00+00:00, run_after=2026-06-30 21:00:00+00:00
[2026-06-30T20:44:38.457+0000] {processor.py:208} INFO - Processing /opt/airflow/dags/ingest_avito_to_raw.py took 0.046 seconds
[2026-06-30T20:45:08.743+0000] {processor.py:186} INFO - Started process (PID=27889) to work on /opt/airflow/dags/ingest_avito_to_raw.py
[2026-06-30T20:45:08.743+0000] {processor.py:914} INFO - Processing file /opt/airflow/dags/ingest_avito_to_raw.py for tasks to queue
[2026-06-30T20:45:08.745+0000] {logging_mixin.py:190} INFO - [2026-06-30T20:45:08.744+0000] {dagbag.py:588} INFO - Filling up the DagBag from /opt/airflow/dags/ingest_avito_to_raw.py
[2026-06-30T20:45:08.751+0000] {processor.py:925} INFO - DAG(s) 'ingest_avito_to_raw' retrieved from /opt/airflow/dags/ingest_avito_to_raw.py
[2026-06-30T20:45:08.770+0000] {logging_mixin.py:190} INFO - [2026-06-30T20:45:08.770+0000] {dag.py:3239} INFO - Sync 1 DAGs
[2026-06-30T20:45:08.780+0000] {logging_mixin.py:190} INFO - [2026-06-30T20:45:08.780+0000] {dag.py:4180} INFO - Setting next_dagrun for ingest_avito_to_raw to 2026-06-30 20:00:00+00:00, run_after=2026-06-30 21:00:00+00:00
[2026-06-30T20:45:08.790+0000] {processor.py:208} INFO - Processing /opt/airflow/dags/ingest_avito_to_raw.py took 0.053 seconds
[2026-06-30T20:45:39.093+0000] {processor.py:186} INFO - Started process (PID=27899) to work on /opt/airflow/dags/ingest_avito_to_raw.py
[2026-06-30T20:45:39.094+0000] {processor.py:914} INFO - Processing file /opt/airflow/dags/ingest_avito_to_raw.py for tasks to queue
[2026-06-30T20:45:39.095+0000] {logging_mixin.py:190} INFO - [2026-06-30T20:45:39.094+0000] {dagbag.py:588} INFO - Filling up the DagBag from /opt/airflow/dags/ingest_avito_to_raw.py
[2026-06-30T20:45:39.098+0000] {processor.py:925} INFO - DAG(s) 'ingest_avito_to_raw' retrieved from /opt/airflow/dags/ingest_avito_to_raw.py
[2026-06-30T20:45:39.117+0000] {logging_mixin.py:190} INFO - [2026-06-30T20:45:39.117+0000] {dag.py:3239} INFO - Sync 1 DAGs
[2026-06-30T20:45:39.126+0000] {logging_mixin.py:190} INFO - [2026-06-30T20:45:39.126+0000] {dag.py:4180} INFO - Setting next_dagrun for ingest_avito_to_raw to 2026-06-30 20:00:00+00:00, run_after=2026-06-30 21:00:00+00:00
[2026-06-30T20:45:39.135+0000] {processor.py:208} INFO - Processing /opt/airflow/dags/ingest_avito_to_raw.py took 0.048 seconds
[2026-06-30T20:46:09.450+0000] {processor.py:186} INFO - Started process (PID=27909) to work on /opt/airflow/dags/ingest_avito_to_raw.py
[2026-06-30T20:46:09.451+0000] {processor.py:914} INFO - Processing file /opt/airflow/dags/ingest_avito_to_raw.py for tasks to queue
[2026-06-30T20:46:09.452+0000] {logging_mixin.py:190} INFO - [2026-06-30T20:46:09.452+0000] {dagbag.py:588} INFO - Filling up the DagBag from /opt/airflow/dags/ingest_avito_to_raw.py
[2026-06-30T20:46:09.456+0000] {processor.py:925} INFO - DAG(s) 'ingest_avito_to_raw' retrieved from /opt/airflow/dags/ingest_avito_to_raw.py
[2026-06-30T20:46:09.472+0000] {logging_mixin.py:190} INFO - [2026-06-30T20:46:09.472+0000] {dag.py:3239} INFO - Sync 1 DAGs
[2026-06-30T20:46:09.486+0000] {logging_mixin.py:190} INFO - [2026-06-30T20:46:09.486+0000] {dag.py:4180} INFO - Setting next_dagrun for ingest_avito_to_raw to 2026-06-30 20:00:00+00:00, run_after=2026-06-30 21:00:00+00:00
[2026-06-30T20:46:09.495+0000] {processor.py:208} INFO - Processing /opt/airflow/dags/ingest_avito_to_raw.py took 0.049 seconds
[2026-06-30T20:46:39.867+0000] {processor.py:186} INFO - Started process (PID=27919) to work on /opt/airflow/dags/ingest_avito_to_raw.py
[2026-06-30T20:46:39.868+0000] {processor.py:914} INFO - Processing file /opt/airflow/dags/ingest_avito_to_raw.py for tasks to queue
[2026-06-30T20:46:39.869+0000] {logging_mixin.py:190} INFO - [2026-06-30T20:46:39.869+0000] {dagbag.py:588} INFO - Filling up the DagBag from /opt/airflow/dags/ingest_avito_to_raw.py
[2026-06-30T20:46:39.874+0000] {processor.py:925} INFO - DAG(s) 'ingest_avito_to_raw' retrieved from /opt/airflow/dags/ingest_avito_to_raw.py
[2026-06-30T20:46:39.889+0000] {logging_mixin.py:190} INFO - [2026-06-30T20:46:39.889+0000] {dag.py:3239} INFO - Sync 1 DAGs
[2026-06-30T20:46:39.898+0000] {logging_mixin.py:190} INFO - [2026-06-30T20:46:39.898+0000] {dag.py:4180} INFO - Setting next_dagrun for ingest_avito_to_raw to 2026-06-30 20:00:00+00:00, run_after=2026-06-30 21:00:00+00:00
[2026-06-30T20:46:39.907+0000] {processor.py:208} INFO - Processing /opt/airflow/dags/ingest_avito_to_raw.py took 0.045 seconds
[2026-06-30T20:47:10.265+0000] {processor.py:186} INFO - Started process (PID=27929) to work on /opt/airflow/dags/ingest_avito_to_raw.py
[2026-06-30T20:47:10.266+0000] {processor.py:914} INFO - Processing file /opt/airflow/dags/ingest_avito_to_raw.py for tasks to queue
[2026-06-30T20:47:10.267+0000] {logging_mixin.py:190} INFO - [2026-06-30T20:47:10.266+0000] {dagbag.py:588} INFO - Filling up the DagBag from /opt/airflow/dags/ingest_avito_to_raw.py
[2026-06-30T20:47:10.271+0000] {processor.py:925} INFO - DAG(s) 'ingest_avito_to_raw' retrieved from /opt/airflow/dags/ingest_avito_to_raw.py
[2026-06-30T20:47:10.289+0000] {logging_mixin.py:190} INFO - [2026-06-30T20:47:10.289+0000] {dag.py:3239} INFO - Sync 1 DAGs
[2026-06-30T20:47:10.298+0000] {logging_mixin.py:190} INFO - [2026-06-30T20:47:10.298+0000] {dag.py:4180} INFO - Setting next_dagrun for ingest_avito_to_raw to 2026-06-30 20:00:00+00:00, run_after=2026-06-30 21:00:00+00:00
[2026-06-30T20:47:10.305+0000] {processor.py:208} INFO - Processing /opt/airflow/dags/ingest_avito_to_raw.py took 0.045 seconds
[2026-06-30T20:47:40.669+0000] {processor.py:186} INFO - Started process (PID=27939) to work on /opt/airflow/dags/ingest_avito_to_raw.py
[2026-06-30T20:47:40.670+0000] {processor.py:914} INFO - Processing file /opt/airflow/dags/ingest_avito_to_raw.py for tasks to queue
[2026-06-30T20:47:40.671+0000] {logging_mixin.py:190} INFO - [2026-06-30T20:47:40.670+0000] {dagbag.py:588} INFO - Filling up the DagBag from /opt/airflow/dags/ingest_avito_to_raw.py
[2026-06-30T20:47:40.674+0000] {processor.py:925} INFO - DAG(s) 'ingest_avito_to_raw' retrieved from /opt/airflow/dags/ingest_avito_to_raw.py
[2026-06-30T20:47:40.695+0000] {logging_mixin.py:190} INFO - [2026-06-30T20:47:40.694+0000] {dag.py:3239} INFO - Sync 1 DAGs
[2026-06-30T20:47:40.705+0000] {logging_mixin.py:190} INFO - [2026-06-30T20:47:40.705+0000] {dag.py:4180} INFO - Setting next_dagrun for ingest_avito_to_raw to 2026-06-30 20:00:00+00:00, run_after=2026-06-30 21:00:00+00:00
[2026-06-30T20:47:40.715+0000] {processor.py:208} INFO - Processing /opt/airflow/dags/ingest_avito_to_raw.py took 0.052 seconds
[2026-06-30T20:48:11.048+0000] {processor.py:186} INFO - Started process (PID=27949) to work on /opt/airflow/dags/ingest_avito_to_raw.py
[2026-06-30T20:48:11.049+0000] {processor.py:914} INFO - Processing file /opt/airflow/dags/ingest_avito_to_raw.py for tasks to queue
[2026-06-30T20:48:11.051+0000] {logging_mixin.py:190} INFO - [2026-06-30T20:48:11.051+0000] {dagbag.py:588} INFO - Filling up the DagBag from /opt/airflow/dags/ingest_avito_to_raw.py
[2026-06-30T20:48:11.055+0000] {processor.py:925} INFO - DAG(s) 'ingest_avito_to_raw' retrieved from /opt/airflow/dags/ingest_avito_to_raw.py
[2026-06-30T20:48:11.073+0000] {logging_mixin.py:190} INFO - [2026-06-30T20:48:11.073+0000] {dag.py:3239} INFO - Sync 1 DAGs
[2026-06-30T20:48:11.083+0000] {logging_mixin.py:190} INFO - [2026-06-30T20:48:11.083+0000] {dag.py:4180} INFO - Setting next_dagrun for ingest_avito_to_raw to 2026-06-30 20:00:00+00:00, run_after=2026-06-30 21:00:00+00:00
[2026-06-30T20:48:11.091+0000] {processor.py:208} INFO - Processing /opt/airflow/dags/ingest_avito_to_raw.py took 0.047 seconds
[2026-06-30T20:48:41.434+0000] {processor.py:186} INFO - Started process (PID=27959) to work on /opt/airflow/dags/ingest_avito_to_raw.py
[2026-06-30T20:48:41.435+0000] {processor.py:914} INFO - Processing file /opt/airflow/dags/ingest_avito_to_raw.py for tasks to queue
[2026-06-30T20:48:41.435+0000] {logging_mixin.py:190} INFO - [2026-06-30T20:48:41.435+0000] {dagbag.py:588} INFO - Filling up the DagBag from /opt/airflow/dags/ingest_avito_to_raw.py
[2026-06-30T20:48:41.439+0000] {processor.py:925} INFO - DAG(s) 'ingest_avito_to_raw' retrieved from /opt/airflow/dags/ingest_avito_to_raw.py
[2026-06-30T20:48:41.457+0000] {logging_mixin.py:190} INFO - [2026-06-30T20:48:41.457+0000] {dag.py:3239} INFO - Sync 1 DAGs
[2026-06-30T20:48:41.467+0000] {logging_mixin.py:190} INFO - [2026-06-30T20:48:41.467+0000] {dag.py:4180} INFO - Setting next_dagrun for ingest_avito_to_raw to 2026-06-30 20:00:00+00:00, run_after=2026-06-30 21:00:00+00:00
[2026-06-30T20:48:41.475+0000] {processor.py:208} INFO - Processing /opt/airflow/dags/ingest_avito_to_raw.py took 0.046 seconds
[2026-06-30T20:49:11.768+0000] {processor.py:186} INFO - Started process (PID=27969) to work on /opt/airflow/dags/ingest_avito_to_raw.py
[2026-06-30T20:49:11.769+0000] {processor.py:914} INFO - Processing file /opt/airflow/dags/ingest_avito_to_raw.py for tasks to queue
[2026-06-30T20:49:11.770+0000] {logging_mixin.py:190} INFO - [2026-06-30T20:49:11.770+0000] {dagbag.py:588} INFO - Filling up the DagBag from /opt/airflow/dags/ingest_avito_to_raw.py
[2026-06-30T20:49:11.774+0000] {processor.py:925} INFO - DAG(s) 'ingest_avito_to_raw' retrieved from /opt/airflow/dags/ingest_avito_to_raw.py
[2026-06-30T20:49:11.793+0000] {logging_mixin.py:190} INFO - [2026-06-30T20:49:11.793+0000] {dag.py:3239} INFO - Sync 1 DAGs
[2026-06-30T20:49:11.804+0000] {logging_mixin.py:190} INFO - [2026-06-30T20:49:11.804+0000] {dag.py:4180} INFO - Setting next_dagrun for ingest_avito_to_raw to 2026-06-30 20:00:00+00:00, run_after=2026-06-30 21:00:00+00:00
[2026-06-30T20:49:11.813+0000] {processor.py:208} INFO - Processing /opt/airflow/dags/ingest_avito_to_raw.py took 0.050 seconds
[2026-06-30T20:49:42.051+0000] {processor.py:186} INFO - Started process (PID=27979) to work on /opt/airflow/dags/ingest_avito_to_raw.py
[2026-06-30T20:49:42.052+0000] {processor.py:914} INFO - Processing file /opt/airflow/dags/ingest_avito_to_raw.py for tasks to queue
[2026-06-30T20:49:42.053+0000] {logging_mixin.py:190} INFO - [2026-06-30T20:49:42.052+0000] {dagbag.py:588} INFO - Filling up the DagBag from /opt/airflow/dags/ingest_avito_to_raw.py
[2026-06-30T20:49:42.057+0000] {processor.py:925} INFO - DAG(s) 'ingest_avito_to_raw' retrieved from /opt/airflow/dags/ingest_avito_to_raw.py
[2026-06-30T20:49:42.074+0000] {logging_mixin.py:190} INFO - [2026-06-30T20:49:42.074+0000] {dag.py:3239} INFO - Sync 1 DAGs
[2026-06-30T20:49:42.084+0000] {logging_mixin.py:190} INFO - [2026-06-30T20:49:42.084+0000] {dag.py:4180} INFO - Setting next_dagrun for ingest_avito_to_raw to 2026-06-30 20:00:00+00:00, run_after=2026-06-30 21:00:00+00:00
[2026-06-30T20:49:42.093+0000] {processor.py:208} INFO - Processing /opt/airflow/dags/ingest_avito_to_raw.py took 0.049 seconds
[2026-06-30T20:50:12.449+0000] {processor.py:186} INFO - Started process (PID=27989) to work on /opt/airflow/dags/ingest_avito_to_raw.py
[2026-06-30T20:50:12.450+0000] {processor.py:914} INFO - Processing file /opt/airflow/dags/ingest_avito_to_raw.py for tasks to queue
[2026-06-30T20:50:12.452+0000] {logging_mixin.py:190} INFO - [2026-06-30T20:50:12.451+0000] {dagbag.py:588} INFO - Filling up the DagBag from /opt/airflow/dags/ingest_avito_to_raw.py
[2026-06-30T20:50:12.456+0000] {processor.py:925} INFO - DAG(s) 'ingest_avito_to_raw' retrieved from /opt/airflow/dags/ingest_avito_to_raw.py
[2026-06-30T20:50:12.474+0000] {logging_mixin.py:190} INFO - [2026-06-30T20:50:12.474+0000] {dag.py:3239} INFO - Sync 1 DAGs
[2026-06-30T20:50:12.484+0000] {logging_mixin.py:190} INFO - [2026-06-30T20:50:12.484+0000] {dag.py:4180} INFO - Setting next_dagrun for ingest_avito_to_raw to 2026-06-30 20:00:00+00:00, run_after=2026-06-30 21:00:00+00:00
[2026-06-30T20:50:12.495+0000] {processor.py:208} INFO - Processing /opt/airflow/dags/ingest_avito_to_raw.py took 0.051 seconds
[2026-06-30T20:50:42.825+0000] {processor.py:186} INFO - Started process (PID=27999) to work on /opt/airflow/dags/ingest_avito_to_raw.py
[2026-06-30T20:50:42.826+0000] {processor.py:914} INFO - Processing file /opt/airflow/dags/ingest_avito_to_raw.py for tasks to queue
[2026-06-30T20:50:42.826+0000] {logging_mixin.py:190} INFO - [2026-06-30T20:50:42.826+0000] {dagbag.py:588} INFO - Filling up the DagBag from /opt/airflow/dags/ingest_avito_to_raw.py
[2026-06-30T20:50:42.831+0000] {processor.py:925} INFO - DAG(s) 'ingest_avito_to_raw' retrieved from /opt/airflow/dags/ingest_avito_to_raw.py
[2026-06-30T20:50:42.850+0000] {logging_mixin.py:190} INFO - [2026-06-30T20:50:42.850+0000] {dag.py:3239} INFO - Sync 1 DAGs
[2026-06-30T20:50:42.859+0000] {logging_mixin.py:190} INFO - [2026-06-30T20:50:42.859+0000] {dag.py:4180} INFO - Setting next_dagrun for ingest_avito_to_raw to 2026-06-30 20:00:00+00:00, run_after=2026-06-30 21:00:00+00:00
[2026-06-30T20:50:42.867+0000] {processor.py:208} INFO - Processing /opt/airflow/dags/ingest_avito_to_raw.py took 0.047 seconds
[2026-06-30T20:51:13.224+0000] {processor.py:186} INFO - Started process (PID=28009) to work on /opt/airflow/dags/ingest_avito_to_raw.py
[2026-06-30T20:51:13.224+0000] {processor.py:914} INFO - Processing file /opt/airflow/dags/ingest_avito_to_raw.py for tasks to queue
[2026-06-30T20:51:13.225+0000] {logging_mixin.py:190} INFO - [2026-06-30T20:51:13.225+0000] {dagbag.py:588} INFO - Filling up the DagBag from /opt/airflow/dags/ingest_avito_to_raw.py
[2026-06-30T20:51:13.230+0000] {processor.py:925} INFO - DAG(s) 'ingest_avito_to_raw' retrieved from /opt/airflow/dags/ingest_avito_to_raw.py
[2026-06-30T20:51:13.245+0000] {logging_mixin.py:190} INFO - [2026-06-30T20:51:13.245+0000] {dag.py:3239} INFO - Sync 1 DAGs
[2026-06-30T20:51:13.255+0000] {logging_mixin.py:190} INFO - [2026-06-30T20:51:13.255+0000] {dag.py:4180} INFO - Setting next_dagrun for ingest_avito_to_raw to 2026-06-30 20:00:00+00:00, run_after=2026-06-30 21:00:00+00:00
[2026-06-30T20:51:13.263+0000] {processor.py:208} INFO - Processing /opt/airflow/dags/ingest_avito_to_raw.py took 0.044 seconds
[2026-06-30T20:51:43.704+0000] {processor.py:186} INFO - Started process (PID=28019) to work on /opt/airflow/dags/ingest_avito_to_raw.py
[2026-06-30T20:51:43.705+0000] {processor.py:914} INFO - Processing file /opt/airflow/dags/ingest_avito_to_raw.py for tasks to queue
[2026-06-30T20:51:43.705+0000] {logging_mixin.py:190} INFO - [2026-06-30T20:51:43.705+0000] {dagbag.py:588} INFO - Filling up the DagBag from /opt/airflow/dags/ingest_avito_to_raw.py
[2026-06-30T20:51:43.709+0000] {processor.py:925} INFO - DAG(s) 'ingest_avito_to_raw' retrieved from /opt/airflow/dags/ingest_avito_to_raw.py
[2026-06-30T20:51:43.727+0000] {logging_mixin.py:190} INFO - [2026-06-30T20:51:43.727+0000] {dag.py:3239} INFO - Sync 1 DAGs
[2026-06-30T20:51:43.738+0000] {logging_mixin.py:190} INFO - [2026-06-30T20:51:43.737+0000] {dag.py:4180} INFO - Setting next_dagrun for ingest_avito_to_raw to 2026-06-30 20:00:00+00:00, run_after=2026-06-30 21:00:00+00:00
[2026-06-30T20:51:43.747+0000] {processor.py:208} INFO - Processing /opt/airflow/dags/ingest_avito_to_raw.py took 0.048 seconds
[2026-06-30T20:52:14.056+0000] {processor.py:186} INFO - Started process (PID=28029) to work on /opt/airflow/dags/ingest_avito_to_raw.py
[2026-06-30T20:52:14.057+0000] {processor.py:914} INFO - Processing file /opt/airflow/dags/ingest_avito_to_raw.py for tasks to queue
[2026-06-30T20:52:14.058+0000] {logging_mixin.py:190} INFO - [2026-06-30T20:52:14.058+0000] {dagbag.py:588} INFO - Filling up the DagBag from /opt/airflow/dags/ingest_avito_to_raw.py
[2026-06-30T20:52:14.062+0000] {processor.py:925} INFO - DAG(s) 'ingest_avito_to_raw' retrieved from /opt/airflow/dags/ingest_avito_to_raw.py
[2026-06-30T20:52:14.081+0000] {logging_mixin.py:190} INFO - [2026-06-30T20:52:14.081+0000] {dag.py:3239} INFO - Sync 1 DAGs
[2026-06-30T20:52:14.092+0000] {logging_mixin.py:190} INFO - [2026-06-30T20:52:14.092+0000] {dag.py:4180} INFO - Setting next_dagrun for ingest_avito_to_raw to 2026-06-30 20:00:00+00:00, run_after=2026-06-30 21:00:00+00:00
[2026-06-30T20:52:14.103+0000] {processor.py:208} INFO - Processing /opt/airflow/dags/ingest_avito_to_raw.py took 0.051 seconds
[2026-06-30T20:52:44.412+0000] {processor.py:186} INFO - Started process (PID=28039) to work on /opt/airflow/dags/ingest_avito_to_raw.py
[2026-06-30T20:52:44.413+0000] {processor.py:914} INFO - Processing file /opt/airflow/dags/ingest_avito_to_raw.py for tasks to queue
[2026-06-30T20:52:44.414+0000] {logging_mixin.py:190} INFO - [2026-06-30T20:52:44.413+0000] {dagbag.py:588} INFO - Filling up the DagBag from /opt/airflow/dags/ingest_avito_to_raw.py
[2026-06-30T20:52:44.418+0000] {processor.py:925} INFO - DAG(s) 'ingest_avito_to_raw' retrieved from /opt/airflow/dags/ingest_avito_to_raw.py
[2026-06-30T20:52:44.434+0000] {logging_mixin.py:190} INFO - [2026-06-30T20:52:44.434+0000] {dag.py:3239} INFO - Sync 1 DAGs
[2026-06-30T20:52:44.444+0000] {logging_mixin.py:190} INFO - [2026-06-30T20:52:44.444+0000] {dag.py:4180} INFO - Setting next_dagrun for ingest_avito_to_raw to 2026-06-30 20:00:00+00:00, run_after=2026-06-30 21:00:00+00:00
[2026-06-30T20:52:44.454+0000] {processor.py:208} INFO - Processing /opt/airflow/dags/ingest_avito_to_raw.py took 0.046 seconds
[2026-06-30T20:53:14.746+0000] {processor.py:186} INFO - Started process (PID=28049) to work on /opt/airflow/dags/ingest_avito_to_raw.py
[2026-06-30T20:53:14.746+0000] {processor.py:914} INFO - Processing file /opt/airflow/dags/ingest_avito_to_raw.py for tasks to queue
[2026-06-30T20:53:14.747+0000] {logging_mixin.py:190} INFO - [2026-06-30T20:53:14.747+0000] {dagbag.py:588} INFO - Filling up the DagBag from /opt/airflow/dags/ingest_avito_to_raw.py
[2026-06-30T20:53:14.751+0000] {processor.py:925} INFO - DAG(s) 'ingest_avito_to_raw' retrieved from /opt/airflow/dags/ingest_avito_to_raw.py
[2026-06-30T20:53:14.770+0000] {logging_mixin.py:190} INFO - [2026-06-30T20:53:14.770+0000] {dag.py:3239} INFO - Sync 1 DAGs
[2026-06-30T20:53:14.780+0000] {logging_mixin.py:190} INFO - [2026-06-30T20:53:14.780+0000] {dag.py:4180} INFO - Setting next_dagrun for ingest_avito_to_raw to 2026-06-30 20:00:00+00:00, run_after=2026-06-30 21:00:00+00:00
[2026-06-30T20:53:14.788+0000] {processor.py:208} INFO - Processing /opt/airflow/dags/ingest_avito_to_raw.py took 0.047 seconds
[2026-06-30T20:53:45.083+0000] {processor.py:186} INFO - Started process (PID=28059) to work on /opt/airflow/dags/ingest_avito_to_raw.py
[2026-06-30T20:53:45.085+0000] {processor.py:914} INFO - Processing file /opt/airflow/dags/ingest_avito_to_raw.py for tasks to queue
[2026-06-30T20:53:45.087+0000] {logging_mixin.py:190} INFO - [2026-06-30T20:53:45.087+0000] {dagbag.py:588} INFO - Filling up the DagBag from /opt/airflow/dags/ingest_avito_to_raw.py
[2026-06-30T20:53:45.092+0000] {processor.py:925} INFO - DAG(s) 'ingest_avito_to_raw' retrieved from /opt/airflow/dags/ingest_avito_to_raw.py
[2026-06-30T20:53:45.108+0000] {logging_mixin.py:190} INFO - [2026-06-30T20:53:45.108+0000] {dag.py:3239} INFO - Sync 1 DAGs
[2026-06-30T20:53:45.117+0000] {logging_mixin.py:190} INFO - [2026-06-30T20:53:45.117+0000] {dag.py:4180} INFO - Setting next_dagrun for ingest_avito_to_raw to 2026-06-30 20:00:00+00:00, run_after=2026-06-30 21:00:00+00:00
[2026-06-30T20:53:45.127+0000] {processor.py:208} INFO - Processing /opt/airflow/dags/ingest_avito_to_raw.py took 0.050 seconds
[2026-06-30T20:54:15.462+0000] {processor.py:186} INFO - Started process (PID=28069) to work on /opt/airflow/dags/ingest_avito_to_raw.py
[2026-06-30T20:54:15.463+0000] {processor.py:914} INFO - Processing file /opt/airflow/dags/ingest_avito_to_raw.py for tasks to queue
[2026-06-30T20:54:15.464+0000] {logging_mixin.py:190} INFO - [2026-06-30T20:54:15.464+0000] {dagbag.py:588} INFO - Filling up the DagBag from /opt/airflow/dags/ingest_avito_to_raw.py
[2026-06-30T20:54:15.468+0000] {processor.py:925} INFO - DAG(s) 'ingest_avito_to_raw' retrieved from /opt/airflow/dags/ingest_avito_to_raw.py
[2026-06-30T20:54:15.483+0000] {logging_mixin.py:190} INFO - [2026-06-30T20:54:15.483+0000] {dag.py:3239} INFO - Sync 1 DAGs
[2026-06-30T20:54:15.493+0000] {logging_mixin.py:190} INFO - [2026-06-30T20:54:15.492+0000] {dag.py:4180} INFO - Setting next_dagrun for ingest_avito_to_raw to 2026-06-30 20:00:00+00:00, run_after=2026-06-30 21:00:00+00:00
[2026-06-30T20:54:15.499+0000] {processor.py:208} INFO - Processing /opt/airflow/dags/ingest_avito_to_raw.py took 0.042 seconds
[2026-06-30T20:54:45.854+0000] {processor.py:186} INFO - Started process (PID=28079) to work on /opt/airflow/dags/ingest_avito_to_raw.py
[2026-06-30T20:54:45.854+0000] {processor.py:914} INFO - Processing file /opt/airflow/dags/ingest_avito_to_raw.py for tasks to queue
[2026-06-30T20:54:45.855+0000] {logging_mixin.py:190} INFO - [2026-06-30T20:54:45.855+0000] {dagbag.py:588} INFO - Filling up the DagBag from /opt/airflow/dags/ingest_avito_to_raw.py
[2026-06-30T20:54:45.860+0000] {processor.py:925} INFO - DAG(s) 'ingest_avito_to_raw' retrieved from /opt/airflow/dags/ingest_avito_to_raw.py
[2026-06-30T20:54:45.877+0000] {logging_mixin.py:190} INFO - [2026-06-30T20:54:45.876+0000] {dag.py:3239} INFO - Sync 1 DAGs
[2026-06-30T20:54:45.888+0000] {logging_mixin.py:190} INFO - [2026-06-30T20:54:45.888+0000] {dag.py:4180} INFO - Setting next_dagrun for ingest_avito_to_raw to 2026-06-30 20:00:00+00:00, run_after=2026-06-30 21:00:00+00:00
[2026-06-30T20:54:45.895+0000] {processor.py:208} INFO - Processing /opt/airflow/dags/ingest_avito_to_raw.py took 0.046 seconds
[2026-06-30T20:55:16.295+0000] {processor.py:186} INFO - Started process (PID=28089) to work on /opt/airflow/dags/ingest_avito_to_raw.py
[2026-06-30T20:55:16.296+0000] {processor.py:914} INFO - Processing file /opt/airflow/dags/ingest_avito_to_raw.py for tasks to queue
[2026-06-30T20:55:16.297+0000] {logging_mixin.py:190} INFO - [2026-06-30T20:55:16.297+0000] {dagbag.py:588} INFO - Filling up the DagBag from /opt/airflow/dags/ingest_avito_to_raw.py
[2026-06-30T20:55:16.302+0000] {processor.py:925} INFO - DAG(s) 'ingest_avito_to_raw' retrieved from /opt/airflow/dags/ingest_avito_to_raw.py
[2026-06-30T20:55:16.321+0000] {logging_mixin.py:190} INFO - [2026-06-30T20:55:16.321+0000] {dag.py:3239} INFO - Sync 1 DAGs
[2026-06-30T20:55:16.332+0000] {logging_mixin.py:190} INFO - [2026-06-30T20:55:16.332+0000] {dag.py:4180} INFO - Setting next_dagrun for ingest_avito_to_raw to 2026-06-30 20:00:00+00:00, run_after=2026-06-30 21:00:00+00:00
[2026-06-30T20:55:16.342+0000] {processor.py:208} INFO - Processing /opt/airflow/dags/ingest_avito_to_raw.py took 0.052 seconds
[2026-06-30T20:55:46.653+0000] {processor.py:186} INFO - Started process (PID=28099) to work on /opt/airflow/dags/ingest_avito_to_raw.py
[2026-06-30T20:55:46.654+0000] {processor.py:914} INFO - Processing file /opt/airflow/dags/ingest_avito_to_raw.py for tasks to queue
[2026-06-30T20:55:46.655+0000] {logging_mixin.py:190} INFO - [2026-06-30T20:55:46.655+0000] {dagbag.py:588} INFO - Filling up the DagBag from /opt/airflow/dags/ingest_avito_to_raw.py
[2026-06-30T20:55:46.662+0000] {processor.py:925} INFO - DAG(s) 'ingest_avito_to_raw' retrieved from /opt/airflow/dags/ingest_avito_to_raw.py
[2026-06-30T20:55:46.682+0000] {logging_mixin.py:190} INFO - [2026-06-30T20:55:46.681+0000] {dag.py:3239} INFO - Sync 1 DAGs
[2026-06-30T20:55:46.693+0000] {logging_mixin.py:190} INFO - [2026-06-30T20:55:46.693+0000] {dag.py:4180} INFO - Setting next_dagrun for ingest_avito_to_raw to 2026-06-30 20:00:00+00:00, run_after=2026-06-30 21:00:00+00:00
[2026-06-30T20:55:46.702+0000] {processor.py:208} INFO - Processing /opt/airflow/dags/ingest_avito_to_raw.py took 0.054 seconds
[2026-06-30T20:56:17.039+0000] {processor.py:186} INFO - Started process (PID=28109) to work on /opt/airflow/dags/ingest_avito_to_raw.py
[2026-06-30T20:56:17.040+0000] {processor.py:914} INFO - Processing file /opt/airflow/dags/ingest_avito_to_raw.py for tasks to queue
[2026-06-30T20:56:17.041+0000] {logging_mixin.py:190} INFO - [2026-06-30T20:56:17.041+0000] {dagbag.py:588} INFO - Filling up the DagBag from /opt/airflow/dags/ingest_avito_to_raw.py
[2026-06-30T20:56:17.049+0000] {processor.py:925} INFO - DAG(s) 'ingest_avito_to_raw' retrieved from /opt/airflow/dags/ingest_avito_to_raw.py
[2026-06-30T20:56:17.070+0000] {logging_mixin.py:190} INFO - [2026-06-30T20:56:17.070+0000] {dag.py:3239} INFO - Sync 1 DAGs
[2026-06-30T20:56:17.082+0000] {logging_mixin.py:190} INFO - [2026-06-30T20:56:17.082+0000] {dag.py:4180} INFO - Setting next_dagrun for ingest_avito_to_raw to 2026-06-30 20:00:00+00:00, run_after=2026-06-30 21:00:00+00:00
[2026-06-30T20:56:17.090+0000] {processor.py:208} INFO - Processing /opt/airflow/dags/ingest_avito_to_raw.py took 0.058 seconds
[2026-06-30T20:56:47.415+0000] {processor.py:186} INFO - Started process (PID=28119) to work on /opt/airflow/dags/ingest_avito_to_raw.py
[2026-06-30T20:56:47.416+0000] {processor.py:914} INFO - Processing file /opt/airflow/dags/ingest_avito_to_raw.py for tasks to queue
[2026-06-30T20:56:47.417+0000] {logging_mixin.py:190} INFO - [2026-06-30T20:56:47.417+0000] {dagbag.py:588} INFO - Filling up the DagBag from /opt/airflow/dags/ingest_avito_to_raw.py
[2026-06-30T20:56:47.422+0000] {processor.py:925} INFO - DAG(s) 'ingest_avito_to_raw' retrieved from /opt/airflow/dags/ingest_avito_to_raw.py
[2026-06-30T20:56:47.440+0000] {logging_mixin.py:190} INFO - [2026-06-30T20:56:47.440+0000] {dag.py:3239} INFO - Sync 1 DAGs
[2026-06-30T20:56:47.452+0000] {logging_mixin.py:190} INFO - [2026-06-30T20:56:47.452+0000] {dag.py:4180} INFO - Setting next_dagrun for ingest_avito_to_raw to 2026-06-30 20:00:00+00:00, run_after=2026-06-30 21:00:00+00:00
[2026-06-30T20:56:47.462+0000] {processor.py:208} INFO - Processing /opt/airflow/dags/ingest_avito_to_raw.py took 0.052 seconds
[2026-06-30T20:57:17.748+0000] {processor.py:186} INFO - Started process (PID=28129) to work on /opt/airflow/dags/ingest_avito_to_raw.py
[2026-06-30T20:57:17.749+0000] {processor.py:914} INFO - Processing file /opt/airflow/dags/ingest_avito_to_raw.py for tasks to queue
[2026-06-30T20:57:17.749+0000] {logging_mixin.py:190} INFO - [2026-06-30T20:57:17.749+0000] {dagbag.py:588} INFO - Filling up the DagBag from /opt/airflow/dags/ingest_avito_to_raw.py
[2026-06-30T20:57:17.753+0000] {processor.py:925} INFO - DAG(s) 'ingest_avito_to_raw' retrieved from /opt/airflow/dags/ingest_avito_to_raw.py
[2026-06-30T20:57:17.773+0000] {logging_mixin.py:190} INFO - [2026-06-30T20:57:17.773+0000] {dag.py:3239} INFO - Sync 1 DAGs
[2026-06-30T20:57:17.784+0000] {logging_mixin.py:190} INFO - [2026-06-30T20:57:17.784+0000] {dag.py:4180} INFO - Setting next_dagrun for ingest_avito_to_raw to 2026-06-30 20:00:00+00:00, run_after=2026-06-30 21:00:00+00:00
[2026-06-30T20:57:17.792+0000] {processor.py:208} INFO - Processing /opt/airflow/dags/ingest_avito_to_raw.py took 0.049 seconds
[2026-06-30T20:57:48.140+0000] {processor.py:186} INFO - Started process (PID=28139) to work on /opt/airflow/dags/ingest_avito_to_raw.py
[2026-06-30T20:57:48.140+0000] {processor.py:914} INFO - Processing file /opt/airflow/dags/ingest_avito_to_raw.py for tasks to queue
[2026-06-30T20:57:48.141+0000] {logging_mixin.py:190} INFO - [2026-06-30T20:57:48.141+0000] {dagbag.py:588} INFO - Filling up the DagBag from /opt/airflow/dags/ingest_avito_to_raw.py
[2026-06-30T20:57:48.145+0000] {processor.py:925} INFO - DAG(s) 'ingest_avito_to_raw' retrieved from /opt/airflow/dags/ingest_avito_to_raw.py
[2026-06-30T20:57:48.162+0000] {logging_mixin.py:190} INFO - [2026-06-30T20:57:48.162+0000] {dag.py:3239} INFO - Sync 1 DAGs
[2026-06-30T20:57:48.172+0000] {logging_mixin.py:190} INFO - [2026-06-30T20:57:48.172+0000] {dag.py:4180} INFO - Setting next_dagrun for ingest_avito_to_raw to 2026-06-30 20:00:00+00:00, run_after=2026-06-30 21:00:00+00:00
[2026-06-30T20:57:48.181+0000] {processor.py:208} INFO - Processing /opt/airflow/dags/ingest_avito_to_raw.py took 0.047 seconds
[2026-06-30T20:58:18.464+0000] {processor.py:186} INFO - Started process (PID=28149) to work on /opt/airflow/dags/ingest_avito_to_raw.py
[2026-06-30T20:58:18.464+0000] {processor.py:914} INFO - Processing file /opt/airflow/dags/ingest_avito_to_raw.py for tasks to queue
[2026-06-30T20:58:18.465+0000] {logging_mixin.py:190} INFO - [2026-06-30T20:58:18.465+0000] {dagbag.py:588} INFO - Filling up the DagBag from /opt/airflow/dags/ingest_avito_to_raw.py
[2026-06-30T20:58:18.470+0000] {processor.py:925} INFO - DAG(s) 'ingest_avito_to_raw' retrieved from /opt/airflow/dags/ingest_avito_to_raw.py
[2026-06-30T20:58:18.490+0000] {logging_mixin.py:190} INFO - [2026-06-30T20:58:18.489+0000] {dag.py:3239} INFO - Sync 1 DAGs
[2026-06-30T20:58:18.501+0000] {logging_mixin.py:190} INFO - [2026-06-30T20:58:18.501+0000] {dag.py:4180} INFO - Setting next_dagrun for ingest_avito_to_raw to 2026-06-30 20:00:00+00:00, run_after=2026-06-30 21:00:00+00:00
[2026-06-30T20:58:18.511+0000] {processor.py:208} INFO - Processing /opt/airflow/dags/ingest_avito_to_raw.py took 0.052 seconds
[2026-06-30T20:58:48.912+0000] {processor.py:186} INFO - Started process (PID=28159) to work on /opt/airflow/dags/ingest_avito_to_raw.py
[2026-06-30T20:58:48.912+0000] {processor.py:914} INFO - Processing file /opt/airflow/dags/ingest_avito_to_raw.py for tasks to queue
[2026-06-30T20:58:48.913+0000] {logging_mixin.py:190} INFO - [2026-06-30T20:58:48.913+0000] {dagbag.py:588} INFO - Filling up the DagBag from /opt/airflow/dags/ingest_avito_to_raw.py
[2026-06-30T20:58:48.917+0000] {processor.py:925} INFO - DAG(s) 'ingest_avito_to_raw' retrieved from /opt/airflow/dags/ingest_avito_to_raw.py
[2026-06-30T20:58:48.937+0000] {logging_mixin.py:190} INFO - [2026-06-30T20:58:48.936+0000] {dag.py:3239} INFO - Sync 1 DAGs
[2026-06-30T20:58:48.945+0000] {logging_mixin.py:190} INFO - [2026-06-30T20:58:48.945+0000] {dag.py:4180} INFO - Setting next_dagrun for ingest_avito_to_raw to 2026-06-30 20:00:00+00:00, run_after=2026-06-30 21:00:00+00:00
[2026-06-30T20:58:48.953+0000] {processor.py:208} INFO - Processing /opt/airflow/dags/ingest_avito_to_raw.py took 0.046 seconds
[2026-06-30T20:59:19.276+0000] {processor.py:186} INFO - Started process (PID=28169) to work on /opt/airflow/dags/ingest_avito_to_raw.py
[2026-06-30T20:59:19.277+0000] {processor.py:914} INFO - Processing file /opt/airflow/dags/ingest_avito_to_raw.py for tasks to queue
[2026-06-30T20:59:19.278+0000] {logging_mixin.py:190} INFO - [2026-06-30T20:59:19.278+0000] {dagbag.py:588} INFO - Filling up the DagBag from /opt/airflow/dags/ingest_avito_to_raw.py
[2026-06-30T20:59:19.282+0000] {processor.py:925} INFO - DAG(s) 'ingest_avito_to_raw' retrieved from /opt/airflow/dags/ingest_avito_to_raw.py
[2026-06-30T20:59:19.299+0000] {logging_mixin.py:190} INFO - [2026-06-30T20:59:19.299+0000] {dag.py:3239} INFO - Sync 1 DAGs
[2026-06-30T20:59:19.308+0000] {logging_mixin.py:190} INFO - [2026-06-30T20:59:19.308+0000] {dag.py:4180} INFO - Setting next_dagrun for ingest_avito_to_raw to 2026-06-30 20:00:00+00:00, run_after=2026-06-30 21:00:00+00:00
[2026-06-30T20:59:19.317+0000] {processor.py:208} INFO - Processing /opt/airflow/dags/ingest_avito_to_raw.py took 0.046 seconds
[2026-06-30T20:59:49.713+0000] {processor.py:186} INFO - Started process (PID=28179) to work on /opt/airflow/dags/ingest_avito_to_raw.py
[2026-06-30T20:59:49.713+0000] {processor.py:914} INFO - Processing file /opt/airflow/dags/ingest_avito_to_raw.py for tasks to queue
[2026-06-30T20:59:49.714+0000] {logging_mixin.py:190} INFO - [2026-06-30T20:59:49.714+0000] {dagbag.py:588} INFO - Filling up the DagBag from /opt/airflow/dags/ingest_avito_to_raw.py
[2026-06-30T20:59:49.718+0000] {processor.py:925} INFO - DAG(s) 'ingest_avito_to_raw' retrieved from /opt/airflow/dags/ingest_avito_to_raw.py
[2026-06-30T20:59:49.735+0000] {logging_mixin.py:190} INFO - [2026-06-30T20:59:49.734+0000] {dag.py:3239} INFO - Sync 1 DAGs
[2026-06-30T20:59:49.747+0000] {logging_mixin.py:190} INFO - [2026-06-30T20:59:49.747+0000] {dag.py:4180} INFO - Setting next_dagrun for ingest_avito_to_raw to 2026-06-30 20:00:00+00:00, run_after=2026-06-30 21:00:00+00:00
[2026-06-30T20:59:49.757+0000] {processor.py:208} INFO - Processing /opt/airflow/dags/ingest_avito_to_raw.py took 0.048 seconds
[2026-06-30T21:00:20.086+0000] {processor.py:186} INFO - Started process (PID=28192) to work on /opt/airflow/dags/ingest_avito_to_raw.py
[2026-06-30T21:00:20.087+0000] {processor.py:914} INFO - Processing file /opt/airflow/dags/ingest_avito_to_raw.py for tasks to queue
[2026-06-30T21:00:20.088+0000] {logging_mixin.py:190} INFO - [2026-06-30T21:00:20.087+0000] {dagbag.py:588} INFO - Filling up the DagBag from /opt/airflow/dags/ingest_avito_to_raw.py
[2026-06-30T21:00:20.093+0000] {processor.py:925} INFO - DAG(s) 'ingest_avito_to_raw' retrieved from /opt/airflow/dags/ingest_avito_to_raw.py
[2026-06-30T21:00:20.111+0000] {logging_mixin.py:190} INFO - [2026-06-30T21:00:20.111+0000] {dag.py:3239} INFO - Sync 1 DAGs
[2026-06-30T21:00:20.121+0000] {logging_mixin.py:190} INFO - [2026-06-30T21:00:20.121+0000] {dag.py:4180} INFO - Setting next_dagrun for ingest_avito_to_raw to 2026-06-30 21:00:00+00:00, run_after=2026-06-30 22:00:00+00:00
[2026-06-30T21:00:20.130+0000] {processor.py:208} INFO - Processing /opt/airflow/dags/ingest_avito_to_raw.py took 0.048 seconds
[2026-06-30T21:00:50.432+0000] {processor.py:186} INFO - Started process (PID=28202) to work on /opt/airflow/dags/ingest_avito_to_raw.py
[2026-06-30T21:00:50.433+0000] {processor.py:914} INFO - Processing file /opt/airflow/dags/ingest_avito_to_raw.py for tasks to queue
[2026-06-30T21:00:50.434+0000] {logging_mixin.py:190} INFO - [2026-06-30T21:00:50.433+0000] {dagbag.py:588} INFO - Filling up the DagBag from /opt/airflow/dags/ingest_avito_to_raw.py
[2026-06-30T21:00:50.439+0000] {processor.py:925} INFO - DAG(s) 'ingest_avito_to_raw' retrieved from /opt/airflow/dags/ingest_avito_to_raw.py
[2026-06-30T21:00:50.455+0000] {logging_mixin.py:190} INFO - [2026-06-30T21:00:50.455+0000] {dag.py:3239} INFO - Sync 1 DAGs
[2026-06-30T21:00:50.466+0000] {logging_mixin.py:190} INFO - [2026-06-30T21:00:50.466+0000] {dag.py:4180} INFO - Setting next_dagrun for ingest_avito_to_raw to 2026-06-30 21:00:00+00:00, run_after=2026-06-30 22:00:00+00:00
[2026-06-30T21:00:50.477+0000] {processor.py:208} INFO - Processing /opt/airflow/dags/ingest_avito_to_raw.py took 0.051 seconds
[2026-06-30T21:01:20.804+0000] {processor.py:186} INFO - Started process (PID=28212) to work on /opt/airflow/dags/ingest_avito_to_raw.py
[2026-06-30T21:01:20.804+0000] {processor.py:914} INFO - Processing file /opt/airflow/dags/ingest_avito_to_raw.py for tasks to queue
[2026-06-30T21:01:20.805+0000] {logging_mixin.py:190} INFO - [2026-06-30T21:01:20.805+0000] {dagbag.py:588} INFO - Filling up the DagBag from /opt/airflow/dags/ingest_avito_to_raw.py
[2026-06-30T21:01:20.811+0000] {processor.py:925} INFO - DAG(s) 'ingest_avito_to_raw' retrieved from /opt/airflow/dags/ingest_avito_to_raw.py
[2026-06-30T21:01:20.827+0000] {logging_mixin.py:190} INFO - [2026-06-30T21:01:20.827+0000] {dag.py:3239} INFO - Sync 1 DAGs
[2026-06-30T21:01:20.837+0000] {logging_mixin.py:190} INFO - [2026-06-30T21:01:20.837+0000] {dag.py:4180} INFO - Setting next_dagrun for ingest_avito_to_raw to 2026-06-30 21:00:00+00:00, run_after=2026-06-30 22:00:00+00:00
[2026-06-30T21:01:20.847+0000] {processor.py:208} INFO - Processing /opt/airflow/dags/ingest_avito_to_raw.py took 0.047 seconds
[2026-06-30T21:01:51.170+0000] {processor.py:186} INFO - Started process (PID=28222) to work on /opt/airflow/dags/ingest_avito_to_raw.py
[2026-06-30T21:01:51.171+0000] {processor.py:914} INFO - Processing file /opt/airflow/dags/ingest_avito_to_raw.py for tasks to queue
[2026-06-30T21:01:51.172+0000] {logging_mixin.py:190} INFO - [2026-06-30T21:01:51.171+0000] {dagbag.py:588} INFO - Filling up the DagBag from /opt/airflow/dags/ingest_avito_to_raw.py
[2026-06-30T21:01:51.176+0000] {processor.py:925} INFO - DAG(s) 'ingest_avito_to_raw' retrieved from /opt/airflow/dags/ingest_avito_to_raw.py
[2026-06-30T21:01:51.195+0000] {logging_mixin.py:190} INFO - [2026-06-30T21:01:51.195+0000] {dag.py:3239} INFO - Sync 1 DAGs
[2026-06-30T21:01:51.205+0000] {logging_mixin.py:190} INFO - [2026-06-30T21:01:51.205+0000] {dag.py:4180} INFO - Setting next_dagrun for ingest_avito_to_raw to 2026-06-30 21:00:00+00:00, run_after=2026-06-30 22:00:00+00:00
[2026-06-30T21:01:51.212+0000] {processor.py:208} INFO - Processing /opt/airflow/dags/ingest_avito_to_raw.py took 0.046 seconds
[2026-06-30T21:02:21.603+0000] {processor.py:186} INFO - Started process (PID=28232) to work on /opt/airflow/dags/ingest_avito_to_raw.py
[2026-06-30T21:02:21.603+0000] {processor.py:914} INFO - Processing file /opt/airflow/dags/ingest_avito_to_raw.py for tasks to queue
[2026-06-30T21:02:21.604+0000] {logging_mixin.py:190} INFO - [2026-06-30T21:02:21.604+0000] {dagbag.py:588} INFO - Filling up the DagBag from /opt/airflow/dags/ingest_avito_to_raw.py
[2026-06-30T21:02:21.608+0000] {processor.py:925} INFO - DAG(s) 'ingest_avito_to_raw' retrieved from /opt/airflow/dags/ingest_avito_to_raw.py
[2026-06-30T21:02:21.625+0000] {logging_mixin.py:190} INFO - [2026-06-30T21:02:21.624+0000] {dag.py:3239} INFO - Sync 1 DAGs
[2026-06-30T21:02:21.634+0000] {logging_mixin.py:190} INFO - [2026-06-30T21:02:21.634+0000] {dag.py:4180} INFO - Setting next_dagrun for ingest_avito_to_raw to 2026-06-30 21:00:00+00:00, run_after=2026-06-30 22:00:00+00:00
[2026-06-30T21:02:21.643+0000] {processor.py:208} INFO - Processing /opt/airflow/dags/ingest_avito_to_raw.py took 0.045 seconds
[2026-06-30T21:02:51.981+0000] {processor.py:186} INFO - Started process (PID=28242) to work on /opt/airflow/dags/ingest_avito_to_raw.py
[2026-06-30T21:02:51.982+0000] {processor.py:914} INFO - Processing file /opt/airflow/dags/ingest_avito_to_raw.py for tasks to queue
[2026-06-30T21:02:51.983+0000] {logging_mixin.py:190} INFO - [2026-06-30T21:02:51.983+0000] {dagbag.py:588} INFO - Filling up the DagBag from /opt/airflow/dags/ingest_avito_to_raw.py
[2026-06-30T21:02:51.987+0000] {processor.py:925} INFO - DAG(s) 'ingest_avito_to_raw' retrieved from /opt/airflow/dags/ingest_avito_to_raw.py
[2026-06-30T21:02:52.005+0000] {logging_mixin.py:190} INFO - [2026-06-30T21:02:52.005+0000] {dag.py:3239} INFO - Sync 1 DAGs
[2026-06-30T21:02:52.016+0000] {logging_mixin.py:190} INFO - [2026-06-30T21:02:52.016+0000] {dag.py:4180} INFO - Setting next_dagrun for ingest_avito_to_raw to 2026-06-30 21:00:00+00:00, run_after=2026-06-30 22:00:00+00:00
[2026-06-30T21:02:52.026+0000] {processor.py:208} INFO - Processing /opt/airflow/dags/ingest_avito_to_raw.py took 0.050 seconds
[2026-06-30T21:03:22.335+0000] {processor.py:186} INFO - Started process (PID=28252) to work on /opt/airflow/dags/ingest_avito_to_raw.py
[2026-06-30T21:03:22.336+0000] {processor.py:914} INFO - Processing file /opt/airflow/dags/ingest_avito_to_raw.py for tasks to queue
[2026-06-30T21:03:22.337+0000] {logging_mixin.py:190} INFO - [2026-06-30T21:03:22.337+0000] {dagbag.py:588} INFO - Filling up the DagBag from /opt/airflow/dags/ingest_avito_to_raw.py
[2026-06-30T21:03:22.341+0000] {processor.py:925} INFO - DAG(s) 'ingest_avito_to_raw' retrieved from /opt/airflow/dags/ingest_avito_to_raw.py
[2026-06-30T21:03:22.364+0000] {logging_mixin.py:190} INFO - [2026-06-30T21:03:22.363+0000] {dag.py:3239} INFO - Sync 1 DAGs
[2026-06-30T21:03:22.376+0000] {logging_mixin.py:190} INFO - [2026-06-30T21:03:22.376+0000] {dag.py:4180} INFO - Setting next_dagrun for ingest_avito_to_raw to 2026-06-30 21:00:00+00:00, run_after=2026-06-30 22:00:00+00:00
[2026-06-30T21:03:22.384+0000] {processor.py:208} INFO - Processing /opt/airflow/dags/ingest_avito_to_raw.py took 0.053 seconds
[2026-06-30T21:03:52.629+0000] {processor.py:186} INFO - Started process (PID=28262) to work on /opt/airflow/dags/ingest_avito_to_raw.py
[2026-06-30T21:03:52.630+0000] {processor.py:914} INFO - Processing file /opt/airflow/dags/ingest_avito_to_raw.py for tasks to queue
[2026-06-30T21:03:52.631+0000] {logging_mixin.py:190} INFO - [2026-06-30T21:03:52.630+0000] {dagbag.py:588} INFO - Filling up the DagBag from /opt/airflow/dags/ingest_avito_to_raw.py
[2026-06-30T21:03:52.635+0000] {processor.py:925} INFO - DAG(s) 'ingest_avito_to_raw' retrieved from /opt/airflow/dags/ingest_avito_to_raw.py
[2026-06-30T21:03:52.652+0000] {logging_mixin.py:190} INFO - [2026-06-30T21:03:52.651+0000] {dag.py:3239} INFO - Sync 1 DAGs
[2026-06-30T21:03:52.662+0000] {logging_mixin.py:190} INFO - [2026-06-30T21:03:52.662+0000] {dag.py:4180} INFO - Setting next_dagrun for ingest_avito_to_raw to 2026-06-30 21:00:00+00:00, run_after=2026-06-30 22:00:00+00:00
[2026-06-30T21:03:52.671+0000] {processor.py:208} INFO - Processing /opt/airflow/dags/ingest_avito_to_raw.py took 0.046 seconds
[2026-06-30T21:04:22.975+0000] {processor.py:186} INFO - Started process (PID=28272) to work on /opt/airflow/dags/ingest_avito_to_raw.py
[2026-06-30T21:04:22.976+0000] {processor.py:914} INFO - Processing file /opt/airflow/dags/ingest_avito_to_raw.py for tasks to queue
[2026-06-30T21:04:22.977+0000] {logging_mixin.py:190} INFO - [2026-06-30T21:04:22.976+0000] {dagbag.py:588} INFO - Filling up the DagBag from /opt/airflow/dags/ingest_avito_to_raw.py
[2026-06-30T21:04:22.981+0000] {processor.py:925} INFO - DAG(s) 'ingest_avito_to_raw' retrieved from /opt/airflow/dags/ingest_avito_to_raw.py
[2026-06-30T21:04:23.002+0000] {logging_mixin.py:190} INFO - [2026-06-30T21:04:23.002+0000] {dag.py:3239} INFO - Sync 1 DAGs
[2026-06-30T21:04:23.012+0000] {logging_mixin.py:190} INFO - [2026-06-30T21:04:23.012+0000] {dag.py:4180} INFO - Setting next_dagrun for ingest_avito_to_raw to 2026-06-30 21:00:00+00:00, run_after=2026-06-30 22:00:00+00:00
[2026-06-30T21:04:23.022+0000] {processor.py:208} INFO - Processing /opt/airflow/dags/ingest_avito_to_raw.py took 0.052 seconds
[2026-06-30T21:04:53.400+0000] {processor.py:186} INFO - Started process (PID=28282) to work on /opt/airflow/dags/ingest_avito_to_raw.py
[2026-06-30T21:04:53.401+0000] {processor.py:914} INFO - Processing file /opt/airflow/dags/ingest_avito_to_raw.py for tasks to queue
[2026-06-30T21:04:53.402+0000] {logging_mixin.py:190} INFO - [2026-06-30T21:04:53.401+0000] {dagbag.py:588} INFO - Filling up the DagBag from /opt/airflow/dags/ingest_avito_to_raw.py
[2026-06-30T21:04:53.406+0000] {processor.py:925} INFO - DAG(s) 'ingest_avito_to_raw' retrieved from /opt/airflow/dags/ingest_avito_to_raw.py
[2026-06-30T21:04:53.423+0000] {logging_mixin.py:190} INFO - [2026-06-30T21:04:53.422+0000] {dag.py:3239} INFO - Sync 1 DAGs
[2026-06-30T21:04:53.432+0000] {logging_mixin.py:190} INFO - [2026-06-30T21:04:53.432+0000] {dag.py:4180} INFO - Setting next_dagrun for ingest_avito_to_raw to 2026-06-30 21:00:00+00:00, run_after=2026-06-30 22:00:00+00:00
[2026-06-30T21:04:53.441+0000] {processor.py:208} INFO - Processing /opt/airflow/dags/ingest_avito_to_raw.py took 0.046 seconds
[2026-06-30T21:05:23.765+0000] {processor.py:186} INFO - Started process (PID=28292) to work on /opt/airflow/dags/ingest_avito_to_raw.py
[2026-06-30T21:05:23.765+0000] {processor.py:914} INFO - Processing file /opt/airflow/dags/ingest_avito_to_raw.py for tasks to queue
[2026-06-30T21:05:23.766+0000] {logging_mixin.py:190} INFO - [2026-06-30T21:05:23.766+0000] {dagbag.py:588} INFO - Filling up the DagBag from /opt/airflow/dags/ingest_avito_to_raw.py
[2026-06-30T21:05:23.769+0000] {processor.py:925} INFO - DAG(s) 'ingest_avito_to_raw' retrieved from /opt/airflow/dags/ingest_avito_to_raw.py
[2026-06-30T21:05:23.786+0000] {logging_mixin.py:190} INFO - [2026-06-30T21:05:23.785+0000] {dag.py:3239} INFO - Sync 1 DAGs
[2026-06-30T21:05:23.795+0000] {logging_mixin.py:190} INFO - [2026-06-30T21:05:23.795+0000] {dag.py:4180} INFO - Setting next_dagrun for ingest_avito_to_raw to 2026-06-30 21:00:00+00:00, run_after=2026-06-30 22:00:00+00:00
[2026-06-30T21:05:23.803+0000] {processor.py:208} INFO - Processing /opt/airflow/dags/ingest_avito_to_raw.py took 0.042 seconds
[2026-06-30T21:05:54.129+0000] {processor.py:186} INFO - Started process (PID=28302) to work on /opt/airflow/dags/ingest_avito_to_raw.py
[2026-06-30T21:05:54.130+0000] {processor.py:914} INFO - Processing file /opt/airflow/dags/ingest_avito_to_raw.py for tasks to queue
[2026-06-30T21:05:54.130+0000] {logging_mixin.py:190} INFO - [2026-06-30T21:05:54.130+0000] {dagbag.py:588} INFO - Filling up the DagBag from /opt/airflow/dags/ingest_avito_to_raw.py
[2026-06-30T21:05:54.134+0000] {processor.py:925} INFO - DAG(s) 'ingest_avito_to_raw' retrieved from /opt/airflow/dags/ingest_avito_to_raw.py
[2026-06-30T21:05:54.149+0000] {logging_mixin.py:190} INFO - [2026-06-30T21:05:54.149+0000] {dag.py:3239} INFO - Sync 1 DAGs
[2026-06-30T21:05:54.159+0000] {logging_mixin.py:190} INFO - [2026-06-30T21:05:54.159+0000] {dag.py:4180} INFO - Setting next_dagrun for ingest_avito_to_raw to 2026-06-30 21:00:00+00:00, run_after=2026-06-30 22:00:00+00:00
[2026-06-30T21:05:54.167+0000] {processor.py:208} INFO - Processing /opt/airflow/dags/ingest_avito_to_raw.py took 0.043 seconds
[2026-06-30T21:06:24.543+0000] {processor.py:186} INFO - Started process (PID=28312) to work on /opt/airflow/dags/ingest_avito_to_raw.py
[2026-06-30T21:06:24.545+0000] {processor.py:914} INFO - Processing file /opt/airflow/dags/ingest_avito_to_raw.py for tasks to queue
[2026-06-30T21:06:24.546+0000] {logging_mixin.py:190} INFO - [2026-06-30T21:06:24.546+0000] {dagbag.py:588} INFO - Filling up the DagBag from /opt/airflow/dags/ingest_avito_to_raw.py
[2026-06-30T21:06:24.552+0000] {processor.py:925} INFO - DAG(s) 'ingest_avito_to_raw' retrieved from /opt/airflow/dags/ingest_avito_to_raw.py
[2026-06-30T21:06:24.572+0000] {logging_mixin.py:190} INFO - [2026-06-30T21:06:24.572+0000] {dag.py:3239} INFO - Sync 1 DAGs
[2026-06-30T21:06:24.585+0000] {logging_mixin.py:190} INFO - [2026-06-30T21:06:24.585+0000] {dag.py:4180} INFO - Setting next_dagrun for ingest_avito_to_raw to 2026-06-30 21:00:00+00:00, run_after=2026-06-30 22:00:00+00:00
[2026-06-30T21:06:24.593+0000] {processor.py:208} INFO - Processing /opt/airflow/dags/ingest_avito_to_raw.py took 0.058 seconds
[2026-06-30T21:06:54.994+0000] {processor.py:186} INFO - Started process (PID=28322) to work on /opt/airflow/dags/ingest_avito_to_raw.py
[2026-06-30T21:06:54.995+0000] {processor.py:914} INFO - Processing file /opt/airflow/dags/ingest_avito_to_raw.py for tasks to queue
[2026-06-30T21:06:54.996+0000] {logging_mixin.py:190} INFO - [2026-06-30T21:06:54.995+0000] {dagbag.py:588} INFO - Filling up the DagBag from /opt/airflow/dags/ingest_avito_to_raw.py
[2026-06-30T21:06:55.000+0000] {processor.py:925} INFO - DAG(s) 'ingest_avito_to_raw' retrieved from /opt/airflow/dags/ingest_avito_to_raw.py
[2026-06-30T21:06:55.021+0000] {logging_mixin.py:190} INFO - [2026-06-30T21:06:55.020+0000] {dag.py:3239} INFO - Sync 1 DAGs
[2026-06-30T21:06:55.031+0000] {logging_mixin.py:190} INFO - [2026-06-30T21:06:55.031+0000] {dag.py:4180} INFO - Setting next_dagrun for ingest_avito_to_raw to 2026-06-30 21:00:00+00:00, run_after=2026-06-30 22:00:00+00:00
[2026-06-30T21:06:55.040+0000] {processor.py:208} INFO - Processing /opt/airflow/dags/ingest_avito_to_raw.py took 0.052 seconds
[2026-06-30T21:07:25.379+0000] {processor.py:186} INFO - Started process (PID=28332) to work on /opt/airflow/dags/ingest_avito_to_raw.py
[2026-06-30T21:07:25.380+0000] {processor.py:914} INFO - Processing file /opt/airflow/dags/ingest_avito_to_raw.py for tasks to queue
[2026-06-30T21:07:25.382+0000] {logging_mixin.py:190} INFO - [2026-06-30T21:07:25.381+0000] {dagbag.py:588} INFO - Filling up the DagBag from /opt/airflow/dags/ingest_avito_to_raw.py
[2026-06-30T21:07:25.385+0000] {processor.py:925} INFO - DAG(s) 'ingest_avito_to_raw' retrieved from /opt/airflow/dags/ingest_avito_to_raw.py
[2026-06-30T21:07:25.403+0000] {logging_mixin.py:190} INFO - [2026-06-30T21:07:25.403+0000] {dag.py:3239} INFO - Sync 1 DAGs
[2026-06-30T21:07:25.413+0000] {logging_mixin.py:190} INFO - [2026-06-30T21:07:25.413+0000] {dag.py:4180} INFO - Setting next_dagrun for ingest_avito_to_raw to 2026-06-30 21:00:00+00:00, run_after=2026-06-30 22:00:00+00:00
[2026-06-30T21:07:25.422+0000] {processor.py:208} INFO - Processing /opt/airflow/dags/ingest_avito_to_raw.py took 0.050 seconds
[2026-06-30T21:07:55.785+0000] {processor.py:186} INFO - Started process (PID=28342) to work on /opt/airflow/dags/ingest_avito_to_raw.py
[2026-06-30T21:07:55.786+0000] {processor.py:914} INFO - Processing file /opt/airflow/dags/ingest_avito_to_raw.py for tasks to queue
[2026-06-30T21:07:55.787+0000] {logging_mixin.py:190} INFO - [2026-06-30T21:07:55.786+0000] {dagbag.py:588} INFO - Filling up the DagBag from /opt/airflow/dags/ingest_avito_to_raw.py
[2026-06-30T21:07:55.790+0000] {processor.py:925} INFO - DAG(s) 'ingest_avito_to_raw' retrieved from /opt/airflow/dags/ingest_avito_to_raw.py
[2026-06-30T21:07:55.807+0000] {logging_mixin.py:190} INFO - [2026-06-30T21:07:55.807+0000] {dag.py:3239} INFO - Sync 1 DAGs
[2026-06-30T21:07:55.818+0000] {logging_mixin.py:190} INFO - [2026-06-30T21:07:55.818+0000] {dag.py:4180} INFO - Setting next_dagrun for ingest_avito_to_raw to 2026-06-30 21:00:00+00:00, run_after=2026-06-30 22:00:00+00:00
[2026-06-30T21:07:55.827+0000] {processor.py:208} INFO - Processing /opt/airflow/dags/ingest_avito_to_raw.py took 0.048 seconds
[2026-06-30T21:08:26.199+0000] {processor.py:186} INFO - Started process (PID=28352) to work on /opt/airflow/dags/ingest_avito_to_raw.py
[2026-06-30T21:08:26.200+0000] {processor.py:914} INFO - Processing file /opt/airflow/dags/ingest_avito_to_raw.py for tasks to queue
[2026-06-30T21:08:26.200+0000] {logging_mixin.py:190} INFO - [2026-06-30T21:08:26.200+0000] {dagbag.py:588} INFO - Filling up the DagBag from /opt/airflow/dags/ingest_avito_to_raw.py
[2026-06-30T21:08:26.207+0000] {processor.py:925} INFO - DAG(s) 'ingest_avito_to_raw' retrieved from /opt/airflow/dags/ingest_avito_to_raw.py
[2026-06-30T21:08:26.225+0000] {logging_mixin.py:190} INFO - [2026-06-30T21:08:26.225+0000] {dag.py:3239} INFO - Sync 1 DAGs
[2026-06-30T21:08:26.234+0000] {logging_mixin.py:190} INFO - [2026-06-30T21:08:26.234+0000] {dag.py:4180} INFO - Setting next_dagrun for ingest_avito_to_raw to 2026-06-30 21:00:00+00:00, run_after=2026-06-30 22:00:00+00:00
[2026-06-30T21:08:26.241+0000] {processor.py:208} INFO - Processing /opt/airflow/dags/ingest_avito_to_raw.py took 0.051 seconds
[2026-06-30T21:08:56.565+0000] {processor.py:186} INFO - Started process (PID=28362) to work on /opt/airflow/dags/ingest_avito_to_raw.py
[2026-06-30T21:08:56.566+0000] {processor.py:914} INFO - Processing file /opt/airflow/dags/ingest_avito_to_raw.py for tasks to queue
[2026-06-30T21:08:56.567+0000] {logging_mixin.py:190} INFO - [2026-06-30T21:08:56.567+0000] {dagbag.py:588} INFO - Filling up the DagBag from /opt/airflow/dags/ingest_avito_to_raw.py
[2026-06-30T21:08:56.571+0000] {processor.py:925} INFO - DAG(s) 'ingest_avito_to_raw' retrieved from /opt/airflow/dags/ingest_avito_to_raw.py
[2026-06-30T21:08:56.588+0000] {logging_mixin.py:190} INFO - [2026-06-30T21:08:56.588+0000] {dag.py:3239} INFO - Sync 1 DAGs
[2026-06-30T21:08:56.597+0000] {logging_mixin.py:190} INFO - [2026-06-30T21:08:56.597+0000] {dag.py:4180} INFO - Setting next_dagrun for ingest_avito_to_raw to 2026-06-30 21:00:00+00:00, run_after=2026-06-30 22:00:00+00:00
[2026-06-30T21:08:56.604+0000] {processor.py:208} INFO - Processing /opt/airflow/dags/ingest_avito_to_raw.py took 0.044 seconds
[2026-06-30T21:09:26.996+0000] {processor.py:186} INFO - Started process (PID=28372) to work on /opt/airflow/dags/ingest_avito_to_raw.py
[2026-06-30T21:09:26.997+0000] {processor.py:914} INFO - Processing file /opt/airflow/dags/ingest_avito_to_raw.py for tasks to queue
[2026-06-30T21:09:26.998+0000] {logging_mixin.py:190} INFO - [2026-06-30T21:09:26.998+0000] {dagbag.py:588} INFO - Filling up the DagBag from /opt/airflow/dags/ingest_avito_to_raw.py
[2026-06-30T21:09:27.002+0000] {processor.py:925} INFO - DAG(s) 'ingest_avito_to_raw' retrieved from /opt/airflow/dags/ingest_avito_to_raw.py
[2026-06-30T21:09:27.019+0000] {logging_mixin.py:190} INFO - [2026-06-30T21:09:27.018+0000] {dag.py:3239} INFO - Sync 1 DAGs
[2026-06-30T21:09:27.030+0000] {logging_mixin.py:190} INFO - [2026-06-30T21:09:27.030+0000] {dag.py:4180} INFO - Setting next_dagrun for ingest_avito_to_raw to 2026-06-30 21:00:00+00:00, run_after=2026-06-30 22:00:00+00:00
[2026-06-30T21:09:27.038+0000] {processor.py:208} INFO - Processing /opt/airflow/dags/ingest_avito_to_raw.py took 0.047 seconds
[2026-06-30T21:09:57.407+0000] {processor.py:186} INFO - Started process (PID=28382) to work on /opt/airflow/dags/ingest_avito_to_raw.py
[2026-06-30T21:09:57.408+0000] {processor.py:914} INFO - Processing file /opt/airflow/dags/ingest_avito_to_raw.py for tasks to queue
[2026-06-30T21:09:57.410+0000] {logging_mixin.py:190} INFO - [2026-06-30T21:09:57.409+0000] {dagbag.py:588} INFO - Filling up the DagBag from /opt/airflow/dags/ingest_avito_to_raw.py
[2026-06-30T21:09:57.414+0000] {processor.py:925} INFO - DAG(s) 'ingest_avito_to_raw' retrieved from /opt/airflow/dags/ingest_avito_to_raw.py
[2026-06-30T21:09:57.434+0000] {logging_mixin.py:190} INFO - [2026-06-30T21:09:57.434+0000] {dag.py:3239} INFO - Sync 1 DAGs
[2026-06-30T21:09:57.447+0000] {logging_mixin.py:190} INFO - [2026-06-30T21:09:57.446+0000] {dag.py:4180} INFO - Setting next_dagrun for ingest_avito_to_raw to 2026-06-30 21:00:00+00:00, run_after=2026-06-30 22:00:00+00:00
[2026-06-30T21:09:57.454+0000] {processor.py:208} INFO - Processing /opt/airflow/dags/ingest_avito_to_raw.py took 0.052 seconds
[2026-06-30T21:10:27.749+0000] {processor.py:186} INFO - Started process (PID=28392) to work on /opt/airflow/dags/ingest_avito_to_raw.py
[2026-06-30T21:10:27.750+0000] {processor.py:914} INFO - Processing file /opt/airflow/dags/ingest_avito_to_raw.py for tasks to queue
[2026-06-30T21:10:27.751+0000] {logging_mixin.py:190} INFO - [2026-06-30T21:10:27.751+0000] {dagbag.py:588} INFO - Filling up the DagBag from /opt/airflow/dags/ingest_avito_to_raw.py
[2026-06-30T21:10:27.759+0000] {processor.py:925} INFO - DAG(s) 'ingest_avito_to_raw' retrieved from /opt/airflow/dags/ingest_avito_to_raw.py
[2026-06-30T21:10:27.780+0000] {logging_mixin.py:190} INFO - [2026-06-30T21:10:27.780+0000] {dag.py:3239} INFO - Sync 1 DAGs
[2026-06-30T21:10:27.792+0000] {logging_mixin.py:190} INFO - [2026-06-30T21:10:27.792+0000] {dag.py:4180} INFO - Setting next_dagrun for ingest_avito_to_raw to 2026-06-30 21:00:00+00:00, run_after=2026-06-30 22:00:00+00:00
[2026-06-30T21:10:27.801+0000] {processor.py:208} INFO - Processing /opt/airflow/dags/ingest_avito_to_raw.py took 0.059 seconds
[2026-06-30T21:10:58.104+0000] {processor.py:186} INFO - Started process (PID=28402) to work on /opt/airflow/dags/ingest_avito_to_raw.py
[2026-06-30T21:10:58.104+0000] {processor.py:914} INFO - Processing file /opt/airflow/dags/ingest_avito_to_raw.py for tasks to queue
[2026-06-30T21:10:58.105+0000] {logging_mixin.py:190} INFO - [2026-06-30T21:10:58.105+0000] {dagbag.py:588} INFO - Filling up the DagBag from /opt/airflow/dags/ingest_avito_to_raw.py
[2026-06-30T21:10:58.108+0000] {processor.py:925} INFO - DAG(s) 'ingest_avito_to_raw' retrieved from /opt/airflow/dags/ingest_avito_to_raw.py
[2026-06-30T21:10:58.124+0000] {logging_mixin.py:190} INFO - [2026-06-30T21:10:58.124+0000] {dag.py:3239} INFO - Sync 1 DAGs
[2026-06-30T21:10:58.134+0000] {logging_mixin.py:190} INFO - [2026-06-30T21:10:58.134+0000] {dag.py:4180} INFO - Setting next_dagrun for ingest_avito_to_raw to 2026-06-30 21:00:00+00:00, run_after=2026-06-30 22:00:00+00:00
[2026-06-30T21:10:58.145+0000] {processor.py:208} INFO - Processing /opt/airflow/dags/ingest_avito_to_raw.py took 0.045 seconds
[2026-06-30T21:11:28.512+0000] {processor.py:186} INFO - Started process (PID=28412) to work on /opt/airflow/dags/ingest_avito_to_raw.py
[2026-06-30T21:11:28.513+0000] {processor.py:914} INFO - Processing file /opt/airflow/dags/ingest_avito_to_raw.py for tasks to queue
[2026-06-30T21:11:28.514+0000] {logging_mixin.py:190} INFO - [2026-06-30T21:11:28.514+0000] {dagbag.py:588} INFO - Filling up the DagBag from /opt/airflow/dags/ingest_avito_to_raw.py
[2026-06-30T21:11:28.518+0000] {processor.py:925} INFO - DAG(s) 'ingest_avito_to_raw' retrieved from /opt/airflow/dags/ingest_avito_to_raw.py
[2026-06-30T21:11:28.537+0000] {logging_mixin.py:190} INFO - [2026-06-30T21:11:28.537+0000] {dag.py:3239} INFO - Sync 1 DAGs
[2026-06-30T21:11:28.547+0000] {logging_mixin.py:190} INFO - [2026-06-30T21:11:28.547+0000] {dag.py:4180} INFO - Setting next_dagrun for ingest_avito_to_raw to 2026-06-30 21:00:00+00:00, run_after=2026-06-30 22:00:00+00:00
[2026-06-30T21:11:28.556+0000] {processor.py:208} INFO - Processing /opt/airflow/dags/ingest_avito_to_raw.py took 0.048 seconds
[2026-06-30T21:11:58.893+0000] {processor.py:186} INFO - Started process (PID=28422) to work on /opt/airflow/dags/ingest_avito_to_raw.py
[2026-06-30T21:11:58.894+0000] {processor.py:914} INFO - Processing file /opt/airflow/dags/ingest_avito_to_raw.py for tasks to queue
[2026-06-30T21:11:58.895+0000] {logging_mixin.py:190} INFO - [2026-06-30T21:11:58.895+0000] {dagbag.py:588} INFO - Filling up the DagBag from /opt/airflow/dags/ingest_avito_to_raw.py
[2026-06-30T21:11:58.899+0000] {processor.py:925} INFO - DAG(s) 'ingest_avito_to_raw' retrieved from /opt/airflow/dags/ingest_avito_to_raw.py
[2026-06-30T21:11:58.917+0000] {logging_mixin.py:190} INFO - [2026-06-30T21:11:58.917+0000] {dag.py:3239} INFO - Sync 1 DAGs
[2026-06-30T21:11:58.927+0000] {logging_mixin.py:190} INFO - [2026-06-30T21:11:58.926+0000] {dag.py:4180} INFO - Setting next_dagrun for ingest_avito_to_raw to 2026-06-30 21:00:00+00:00, run_after=2026-06-30 22:00:00+00:00
[2026-06-30T21:11:58.936+0000] {processor.py:208} INFO - Processing /opt/airflow/dags/ingest_avito_to_raw.py took 0.047 seconds
[2026-06-30T21:12:29.252+0000] {processor.py:186} INFO - Started process (PID=28432) to work on /opt/airflow/dags/ingest_avito_to_raw.py
[2026-06-30T21:12:29.253+0000] {processor.py:914} INFO - Processing file /opt/airflow/dags/ingest_avito_to_raw.py for tasks to queue
[2026-06-30T21:12:29.254+0000] {logging_mixin.py:190} INFO - [2026-06-30T21:12:29.253+0000] {dagbag.py:588} INFO - Filling up the DagBag from /opt/airflow/dags/ingest_avito_to_raw.py
[2026-06-30T21:12:29.258+0000] {processor.py:925} INFO - DAG(s) 'ingest_avito_to_raw' retrieved from /opt/airflow/dags/ingest_avito_to_raw.py
[2026-06-30T21:12:29.277+0000] {logging_mixin.py:190} INFO - [2026-06-30T21:12:29.276+0000] {dag.py:3239} INFO - Sync 1 DAGs
[2026-06-30T21:12:29.286+0000] {logging_mixin.py:190} INFO - [2026-06-30T21:12:29.286+0000] {dag.py:4180} INFO - Setting next_dagrun for ingest_avito_to_raw to 2026-06-30 21:00:00+00:00, run_after=2026-06-30 22:00:00+00:00
[2026-06-30T21:12:29.294+0000] {processor.py:208} INFO - Processing /opt/airflow/dags/ingest_avito_to_raw.py took 0.047 seconds
[2026-06-30T21:12:59.641+0000] {processor.py:186} INFO - Started process (PID=28442) to work on /opt/airflow/dags/ingest_avito_to_raw.py
[2026-06-30T21:12:59.642+0000] {processor.py:914} INFO - Processing file /opt/airflow/dags/ingest_avito_to_raw.py for tasks to queue
[2026-06-30T21:12:59.642+0000] {logging_mixin.py:190} INFO - [2026-06-30T21:12:59.642+0000] {dagbag.py:588} INFO - Filling up the DagBag from /opt/airflow/dags/ingest_avito_to_raw.py
[2026-06-30T21:12:59.646+0000] {processor.py:925} INFO - DAG(s) 'ingest_avito_to_raw' retrieved from /opt/airflow/dags/ingest_avito_to_raw.py
[2026-06-30T21:12:59.664+0000] {logging_mixin.py:190} INFO - [2026-06-30T21:12:59.664+0000] {dag.py:3239} INFO - Sync 1 DAGs
[2026-06-30T21:12:59.675+0000] {logging_mixin.py:190} INFO - [2026-06-30T21:12:59.675+0000] {dag.py:4180} INFO - Setting next_dagrun for ingest_avito_to_raw to 2026-06-30 21:00:00+00:00, run_after=2026-06-30 22:00:00+00:00
[2026-06-30T21:12:59.684+0000] {processor.py:208} INFO - Processing /opt/airflow/dags/ingest_avito_to_raw.py took 0.045 seconds
[2026-06-30T21:13:30.089+0000] {processor.py:186} INFO - Started process (PID=28452) to work on /opt/airflow/dags/ingest_avito_to_raw.py
[2026-06-30T21:13:30.089+0000] {processor.py:914} INFO - Processing file /opt/airflow/dags/ingest_avito_to_raw.py for tasks to queue
[2026-06-30T21:13:30.090+0000] {logging_mixin.py:190} INFO - [2026-06-30T21:13:30.090+0000] {dagbag.py:588} INFO - Filling up the DagBag from /opt/airflow/dags/ingest_avito_to_raw.py
[2026-06-30T21:13:30.094+0000] {processor.py:925} INFO - DAG(s) 'ingest_avito_to_raw' retrieved from /opt/airflow/dags/ingest_avito_to_raw.py
[2026-06-30T21:13:30.112+0000] {logging_mixin.py:190} INFO - [2026-06-30T21:13:30.112+0000] {dag.py:3239} INFO - Sync 1 DAGs
[2026-06-30T21:13:30.121+0000] {logging_mixin.py:190} INFO - [2026-06-30T21:13:30.121+0000] {dag.py:4180} INFO - Setting next_dagrun for ingest_avito_to_raw to 2026-06-30 21:00:00+00:00, run_after=2026-06-30 22:00:00+00:00
[2026-06-30T21:13:30.130+0000] {processor.py:208} INFO - Processing /opt/airflow/dags/ingest_avito_to_raw.py took 0.046 seconds
[2026-06-30T21:14:00.485+0000] {processor.py:186} INFO - Started process (PID=28462) to work on /opt/airflow/dags/ingest_avito_to_raw.py
[2026-06-30T21:14:00.485+0000] {processor.py:914} INFO - Processing file /opt/airflow/dags/ingest_avito_to_raw.py for tasks to queue
[2026-06-30T21:14:00.486+0000] {logging_mixin.py:190} INFO - [2026-06-30T21:14:00.486+0000] {dagbag.py:588} INFO - Filling up the DagBag from /opt/airflow/dags/ingest_avito_to_raw.py
[2026-06-30T21:14:00.491+0000] {processor.py:925} INFO - DAG(s) 'ingest_avito_to_raw' retrieved from /opt/airflow/dags/ingest_avito_to_raw.py
[2026-06-30T21:14:00.508+0000] {logging_mixin.py:190} INFO - [2026-06-30T21:14:00.508+0000] {dag.py:3239} INFO - Sync 1 DAGs
[2026-06-30T21:14:00.521+0000] {logging_mixin.py:190} INFO - [2026-06-30T21:14:00.521+0000] {dag.py:4180} INFO - Setting next_dagrun for ingest_avito_to_raw to 2026-06-30 21:00:00+00:00, run_after=2026-06-30 22:00:00+00:00
[2026-06-30T21:14:00.530+0000] {processor.py:208} INFO - Processing /opt/airflow/dags/ingest_avito_to_raw.py took 0.049 seconds
[2026-06-30T21:14:30.784+0000] {processor.py:186} INFO - Started process (PID=28472) to work on /opt/airflow/dags/ingest_avito_to_raw.py
[2026-06-30T21:14:30.785+0000] {processor.py:914} INFO - Processing file /opt/airflow/dags/ingest_avito_to_raw.py for tasks to queue
[2026-06-30T21:14:30.786+0000] {logging_mixin.py:190} INFO - [2026-06-30T21:14:30.785+0000] {dagbag.py:588} INFO - Filling up the DagBag from /opt/airflow/dags/ingest_avito_to_raw.py
[2026-06-30T21:14:30.791+0000] {processor.py:925} INFO - DAG(s) 'ingest_avito_to_raw' retrieved from /opt/airflow/dags/ingest_avito_to_raw.py
[2026-06-30T21:14:30.811+0000] {logging_mixin.py:190} INFO - [2026-06-30T21:14:30.811+0000] {dag.py:3239} INFO - Sync 1 DAGs
[2026-06-30T21:14:30.820+0000] {logging_mixin.py:190} INFO - [2026-06-30T21:14:30.820+0000] {dag.py:4180} INFO - Setting next_dagrun for ingest_avito_to_raw to 2026-06-30 21:00:00+00:00, run_after=2026-06-30 22:00:00+00:00
[2026-06-30T21:14:30.828+0000] {processor.py:208} INFO - Processing /opt/airflow/dags/ingest_avito_to_raw.py took 0.049 seconds
[2026-06-30T21:15:01.171+0000] {processor.py:186} INFO - Started process (PID=28482) to work on /opt/airflow/dags/ingest_avito_to_raw.py
[2026-06-30T21:15:01.173+0000] {processor.py:914} INFO - Processing file /opt/airflow/dags/ingest_avito_to_raw.py for tasks to queue
[2026-06-30T21:15:01.174+0000] {logging_mixin.py:190} INFO - [2026-06-30T21:15:01.174+0000] {dagbag.py:588} INFO - Filling up the DagBag from /opt/airflow/dags/ingest_avito_to_raw.py
[2026-06-30T21:15:01.182+0000] {processor.py:925} INFO - DAG(s) 'ingest_avito_to_raw' retrieved from /opt/airflow/dags/ingest_avito_to_raw.py
[2026-06-30T21:15:01.198+0000] {logging_mixin.py:190} INFO - [2026-06-30T21:15:01.198+0000] {dag.py:3239} INFO - Sync 1 DAGs
[2026-06-30T21:15:01.209+0000] {logging_mixin.py:190} INFO - [2026-06-30T21:15:01.208+0000] {dag.py:4180} INFO - Setting next_dagrun for ingest_avito_to_raw to 2026-06-30 21:00:00+00:00, run_after=2026-06-30 22:00:00+00:00
[2026-06-30T21:15:01.219+0000] {processor.py:208} INFO - Processing /opt/airflow/dags/ingest_avito_to_raw.py took 0.055 seconds
[2026-06-30T21:15:31.502+0000] {processor.py:186} INFO - Started process (PID=28492) to work on /opt/airflow/dags/ingest_avito_to_raw.py
[2026-06-30T21:15:31.503+0000] {processor.py:914} INFO - Processing file /opt/airflow/dags/ingest_avito_to_raw.py for tasks to queue
[2026-06-30T21:15:31.504+0000] {logging_mixin.py:190} INFO - [2026-06-30T21:15:31.504+0000] {dagbag.py:588} INFO - Filling up the DagBag from /opt/airflow/dags/ingest_avito_to_raw.py
[2026-06-30T21:15:31.508+0000] {processor.py:925} INFO - DAG(s) 'ingest_avito_to_raw' retrieved from /opt/airflow/dags/ingest_avito_to_raw.py
[2026-06-30T21:15:31.527+0000] {logging_mixin.py:190} INFO - [2026-06-30T21:15:31.527+0000] {dag.py:3239} INFO - Sync 1 DAGs
[2026-06-30T21:15:31.539+0000] {logging_mixin.py:190} INFO - [2026-06-30T21:15:31.539+0000] {dag.py:4180} INFO - Setting next_dagrun for ingest_avito_to_raw to 2026-06-30 21:00:00+00:00, run_after=2026-06-30 22:00:00+00:00
[2026-06-30T21:15:31.548+0000] {processor.py:208} INFO - Processing /opt/airflow/dags/ingest_avito_to_raw.py took 0.052 seconds
[2026-06-30T21:16:01.886+0000] {processor.py:186} INFO - Started process (PID=28502) to work on /opt/airflow/dags/ingest_avito_to_raw.py
[2026-06-30T21:16:01.886+0000] {processor.py:914} INFO - Processing file /opt/airflow/dags/ingest_avito_to_raw.py for tasks to queue
[2026-06-30T21:16:01.887+0000] {logging_mixin.py:190} INFO - [2026-06-30T21:16:01.887+0000] {dagbag.py:588} INFO - Filling up the DagBag from /opt/airflow/dags/ingest_avito_to_raw.py
[2026-06-30T21:16:01.891+0000] {processor.py:925} INFO - DAG(s) 'ingest_avito_to_raw' retrieved from /opt/airflow/dags/ingest_avito_to_raw.py
[2026-06-30T21:16:01.911+0000] {logging_mixin.py:190} INFO - [2026-06-30T21:16:01.911+0000] {dag.py:3239} INFO - Sync 1 DAGs
[2026-06-30T21:16:01.922+0000] {logging_mixin.py:190} INFO - [2026-06-30T21:16:01.922+0000] {dag.py:4180} INFO - Setting next_dagrun for ingest_avito_to_raw to 2026-06-30 21:00:00+00:00, run_after=2026-06-30 22:00:00+00:00
[2026-06-30T21:16:01.929+0000] {processor.py:208} INFO - Processing /opt/airflow/dags/ingest_avito_to_raw.py took 0.048 seconds
[2026-06-30T21:16:32.247+0000] {processor.py:186} INFO - Started process (PID=28512) to work on /opt/airflow/dags/ingest_avito_to_raw.py
[2026-06-30T21:16:32.248+0000] {processor.py:914} INFO - Processing file /opt/airflow/dags/ingest_avito_to_raw.py for tasks to queue
[2026-06-30T21:16:32.248+0000] {logging_mixin.py:190} INFO - [2026-06-30T21:16:32.248+0000] {dagbag.py:588} INFO - Filling up the DagBag from /opt/airflow/dags/ingest_avito_to_raw.py
[2026-06-30T21:16:32.252+0000] {processor.py:925} INFO - DAG(s) 'ingest_avito_to_raw' retrieved from /opt/airflow/dags/ingest_avito_to_raw.py
[2026-06-30T21:16:32.270+0000] {logging_mixin.py:190} INFO - [2026-06-30T21:16:32.269+0000] {dag.py:3239} INFO - Sync 1 DAGs
[2026-06-30T21:16:32.280+0000] {logging_mixin.py:190} INFO - [2026-06-30T21:16:32.280+0000] {dag.py:4180} INFO - Setting next_dagrun for ingest_avito_to_raw to 2026-06-30 21:00:00+00:00, run_after=2026-06-30 22:00:00+00:00
[2026-06-30T21:16:32.288+0000] {processor.py:208} INFO - Processing /opt/airflow/dags/ingest_avito_to_raw.py took 0.045 seconds
[2026-06-30T21:17:02.627+0000] {processor.py:186} INFO - Started process (PID=28522) to work on /opt/airflow/dags/ingest_avito_to_raw.py
[2026-06-30T21:17:02.627+0000] {processor.py:914} INFO - Processing file /opt/airflow/dags/ingest_avito_to_raw.py for tasks to queue
[2026-06-30T21:17:02.628+0000] {logging_mixin.py:190} INFO - [2026-06-30T21:17:02.628+0000] {dagbag.py:588} INFO - Filling up the DagBag from /opt/airflow/dags/ingest_avito_to_raw.py
[2026-06-30T21:17:02.633+0000] {processor.py:925} INFO - DAG(s) 'ingest_avito_to_raw' retrieved from /opt/airflow/dags/ingest_avito_to_raw.py
[2026-06-30T21:17:02.650+0000] {logging_mixin.py:190} INFO - [2026-06-30T21:17:02.650+0000] {dag.py:3239} INFO - Sync 1 DAGs
[2026-06-30T21:17:02.662+0000] {logging_mixin.py:190} INFO - [2026-06-30T21:17:02.662+0000] {dag.py:4180} INFO - Setting next_dagrun for ingest_avito_to_raw to 2026-06-30 21:00:00+00:00, run_after=2026-06-30 22:00:00+00:00
[2026-06-30T21:17:02.670+0000] {processor.py:208} INFO - Processing /opt/airflow/dags/ingest_avito_to_raw.py took 0.048 seconds
[2026-06-30T21:17:33.027+0000] {processor.py:186} INFO - Started process (PID=28532) to work on /opt/airflow/dags/ingest_avito_to_raw.py
[2026-06-30T21:17:33.028+0000] {processor.py:914} INFO - Processing file /opt/airflow/dags/ingest_avito_to_raw.py for tasks to queue
[2026-06-30T21:17:33.028+0000] {logging_mixin.py:190} INFO - [2026-06-30T21:17:33.028+0000] {dagbag.py:588} INFO - Filling up the DagBag from /opt/airflow/dags/ingest_avito_to_raw.py
[2026-06-30T21:17:33.033+0000] {processor.py:925} INFO - DAG(s) 'ingest_avito_to_raw' retrieved from /opt/airflow/dags/ingest_avito_to_raw.py
[2026-06-30T21:17:33.051+0000] {logging_mixin.py:190} INFO - [2026-06-30T21:17:33.051+0000] {dag.py:3239} INFO - Sync 1 DAGs
[2026-06-30T21:17:33.060+0000] {logging_mixin.py:190} INFO - [2026-06-30T21:17:33.060+0000] {dag.py:4180} INFO - Setting next_dagrun for ingest_avito_to_raw to 2026-06-30 21:00:00+00:00, run_after=2026-06-30 22:00:00+00:00
[2026-06-30T21:17:33.069+0000] {processor.py:208} INFO - Processing /opt/airflow/dags/ingest_avito_to_raw.py took 0.047 seconds
[2026-06-30T21:18:03.405+0000] {processor.py:186} INFO - Started process (PID=28542) to work on /opt/airflow/dags/ingest_avito_to_raw.py
[2026-06-30T21:18:03.405+0000] {processor.py:914} INFO - Processing file /opt/airflow/dags/ingest_avito_to_raw.py for tasks to queue
[2026-06-30T21:18:03.406+0000] {logging_mixin.py:190} INFO - [2026-06-30T21:18:03.406+0000] {dagbag.py:588} INFO - Filling up the DagBag from /opt/airflow/dags/ingest_avito_to_raw.py
[2026-06-30T21:18:03.411+0000] {processor.py:925} INFO - DAG(s) 'ingest_avito_to_raw' retrieved from /opt/airflow/dags/ingest_avito_to_raw.py
[2026-06-30T21:18:03.429+0000] {logging_mixin.py:190} INFO - [2026-06-30T21:18:03.429+0000] {dag.py:3239} INFO - Sync 1 DAGs
[2026-06-30T21:18:03.442+0000] {logging_mixin.py:190} INFO - [2026-06-30T21:18:03.441+0000] {dag.py:4180} INFO - Setting next_dagrun for ingest_avito_to_raw to 2026-06-30 21:00:00+00:00, run_after=2026-06-30 22:00:00+00:00
[2026-06-30T21:18:03.452+0000] {processor.py:208} INFO - Processing /opt/airflow/dags/ingest_avito_to_raw.py took 0.054 seconds
[2026-06-30T21:18:33.827+0000] {processor.py:186} INFO - Started process (PID=28552) to work on /opt/airflow/dags/ingest_avito_to_raw.py
[2026-06-30T21:18:33.827+0000] {processor.py:914} INFO - Processing file /opt/airflow/dags/ingest_avito_to_raw.py for tasks to queue
[2026-06-30T21:18:33.828+0000] {logging_mixin.py:190} INFO - [2026-06-30T21:18:33.828+0000] {dagbag.py:588} INFO - Filling up the DagBag from /opt/airflow/dags/ingest_avito_to_raw.py
[2026-06-30T21:18:33.832+0000] {processor.py:925} INFO - DAG(s) 'ingest_avito_to_raw' retrieved from /opt/airflow/dags/ingest_avito_to_raw.py
[2026-06-30T21:18:33.849+0000] {logging_mixin.py:190} INFO - [2026-06-30T21:18:33.849+0000] {dag.py:3239} INFO - Sync 1 DAGs
[2026-06-30T21:18:33.860+0000] {logging_mixin.py:190} INFO - [2026-06-30T21:18:33.860+0000] {dag.py:4180} INFO - Setting next_dagrun for ingest_avito_to_raw to 2026-06-30 21:00:00+00:00, run_after=2026-06-30 22:00:00+00:00
[2026-06-30T21:18:33.869+0000] {processor.py:208} INFO - Processing /opt/airflow/dags/ingest_avito_to_raw.py took 0.046 seconds
[2026-06-30T21:19:04.262+0000] {processor.py:186} INFO - Started process (PID=28562) to work on /opt/airflow/dags/ingest_avito_to_raw.py
[2026-06-30T21:19:04.263+0000] {processor.py:914} INFO - Processing file /opt/airflow/dags/ingest_avito_to_raw.py for tasks to queue
[2026-06-30T21:19:04.264+0000] {logging_mixin.py:190} INFO - [2026-06-30T21:19:04.263+0000] {dagbag.py:588} INFO - Filling up the DagBag from /opt/airflow/dags/ingest_avito_to_raw.py
[2026-06-30T21:19:04.268+0000] {processor.py:925} INFO - DAG(s) 'ingest_avito_to_raw' retrieved from /opt/airflow/dags/ingest_avito_to_raw.py
[2026-06-30T21:19:04.285+0000] {logging_mixin.py:190} INFO - [2026-06-30T21:19:04.285+0000] {dag.py:3239} INFO - Sync 1 DAGs
[2026-06-30T21:19:04.298+0000] {logging_mixin.py:190} INFO - [2026-06-30T21:19:04.298+0000] {dag.py:4180} INFO - Setting next_dagrun for ingest_avito_to_raw to 2026-06-30 21:00:00+00:00, run_after=2026-06-30 22:00:00+00:00
[2026-06-30T21:19:04.306+0000] {processor.py:208} INFO - Processing /opt/airflow/dags/ingest_avito_to_raw.py took 0.049 seconds
[2026-06-30T21:19:34.670+0000] {processor.py:186} INFO - Started process (PID=28572) to work on /opt/airflow/dags/ingest_avito_to_raw.py
[2026-06-30T21:19:34.671+0000] {processor.py:914} INFO - Processing file /opt/airflow/dags/ingest_avito_to_raw.py for tasks to queue
[2026-06-30T21:19:34.672+0000] {logging_mixin.py:190} INFO - [2026-06-30T21:19:34.671+0000] {dagbag.py:588} INFO - Filling up the DagBag from /opt/airflow/dags/ingest_avito_to_raw.py
[2026-06-30T21:19:34.676+0000] {processor.py:925} INFO - DAG(s) 'ingest_avito_to_raw' retrieved from /opt/airflow/dags/ingest_avito_to_raw.py
[2026-06-30T21:19:34.692+0000] {logging_mixin.py:190} INFO - [2026-06-30T21:19:34.692+0000] {dag.py:3239} INFO - Sync 1 DAGs
[2026-06-30T21:19:34.702+0000] {logging_mixin.py:190} INFO - [2026-06-30T21:19:34.701+0000] {dag.py:4180} INFO - Setting next_dagrun for ingest_avito_to_raw to 2026-06-30 21:00:00+00:00, run_after=2026-06-30 22:00:00+00:00
[2026-06-30T21:19:34.711+0000] {processor.py:208} INFO - Processing /opt/airflow/dags/ingest_avito_to_raw.py took 0.045 seconds
[2026-06-30T21:20:05.007+0000] {processor.py:186} INFO - Started process (PID=28582) to work on /opt/airflow/dags/ingest_avito_to_raw.py
[2026-06-30T21:20:05.008+0000] {processor.py:914} INFO - Processing file /opt/airflow/dags/ingest_avito_to_raw.py for tasks to queue
[2026-06-30T21:20:05.008+0000] {logging_mixin.py:190} INFO - [2026-06-30T21:20:05.008+0000] {dagbag.py:588} INFO - Filling up the DagBag from /opt/airflow/dags/ingest_avito_to_raw.py
[2026-06-30T21:20:05.013+0000] {processor.py:925} INFO - DAG(s) 'ingest_avito_to_raw' retrieved from /opt/airflow/dags/ingest_avito_to_raw.py
[2026-06-30T21:20:05.029+0000] {logging_mixin.py:190} INFO - [2026-06-30T21:20:05.029+0000] {dag.py:3239} INFO - Sync 1 DAGs
[2026-06-30T21:20:05.040+0000] {logging_mixin.py:190} INFO - [2026-06-30T21:20:05.040+0000] {dag.py:4180} INFO - Setting next_dagrun for ingest_avito_to_raw to 2026-06-30 21:00:00+00:00, run_after=2026-06-30 22:00:00+00:00
[2026-06-30T21:20:05.051+0000] {processor.py:208} INFO - Processing /opt/airflow/dags/ingest_avito_to_raw.py took 0.049 seconds
[2026-06-30T21:20:35.393+0000] {processor.py:186} INFO - Started process (PID=28592) to work on /opt/airflow/dags/ingest_avito_to_raw.py
[2026-06-30T21:20:35.393+0000] {processor.py:914} INFO - Processing file /opt/airflow/dags/ingest_avito_to_raw.py for tasks to queue
[2026-06-30T21:20:35.394+0000] {logging_mixin.py:190} INFO - [2026-06-30T21:20:35.394+0000] {dagbag.py:588} INFO - Filling up the DagBag from /opt/airflow/dags/ingest_avito_to_raw.py
[2026-06-30T21:20:35.398+0000] {processor.py:925} INFO - DAG(s) 'ingest_avito_to_raw' retrieved from /opt/airflow/dags/ingest_avito_to_raw.py
[2026-06-30T21:20:35.419+0000] {logging_mixin.py:190} INFO - [2026-06-30T21:20:35.419+0000] {dag.py:3239} INFO - Sync 1 DAGs
[2026-06-30T21:20:35.430+0000] {logging_mixin.py:190} INFO - [2026-06-30T21:20:35.430+0000] {dag.py:4180} INFO - Setting next_dagrun for ingest_avito_to_raw to 2026-06-30 21:00:00+00:00, run_after=2026-06-30 22:00:00+00:00
[2026-06-30T21:20:35.440+0000] {processor.py:208} INFO - Processing /opt/airflow/dags/ingest_avito_to_raw.py took 0.052 seconds
[2026-06-30T21:37:01.836+0000] {processor.py:186} INFO - Started process (PID=28602) to work on /opt/airflow/dags/ingest_avito_to_raw.py
[2026-06-30T21:37:01.837+0000] {processor.py:914} INFO - Processing file /opt/airflow/dags/ingest_avito_to_raw.py for tasks to queue
[2026-06-30T21:37:01.839+0000] {logging_mixin.py:190} INFO - [2026-06-30T21:37:01.839+0000] {dagbag.py:588} INFO - Filling up the DagBag from /opt/airflow/dags/ingest_avito_to_raw.py
[2026-06-30T21:37:01.845+0000] {processor.py:925} INFO - DAG(s) 'ingest_avito_to_raw' retrieved from /opt/airflow/dags/ingest_avito_to_raw.py
[2026-06-30T21:37:01.862+0000] {logging_mixin.py:190} INFO - [2026-06-30T21:37:01.861+0000] {dag.py:3239} INFO - Sync 1 DAGs
[2026-06-30T21:37:01.874+0000] {logging_mixin.py:190} INFO - [2026-06-30T21:37:01.874+0000] {dag.py:4180} INFO - Setting next_dagrun for ingest_avito_to_raw to 2026-06-30 21:00:00+00:00, run_after=2026-06-30 22:00:00+00:00
[2026-06-30T21:37:01.886+0000] {processor.py:208} INFO - Processing /opt/airflow/dags/ingest_avito_to_raw.py took 0.057 seconds
[2026-06-30T21:37:32.216+0000] {processor.py:186} INFO - Started process (PID=28612) to work on /opt/airflow/dags/ingest_avito_to_raw.py
[2026-06-30T21:37:32.217+0000] {processor.py:914} INFO - Processing file /opt/airflow/dags/ingest_avito_to_raw.py for tasks to queue
[2026-06-30T21:37:32.218+0000] {logging_mixin.py:190} INFO - [2026-06-30T21:37:32.217+0000] {dagbag.py:588} INFO - Filling up the DagBag from /opt/airflow/dags/ingest_avito_to_raw.py
[2026-06-30T21:37:32.222+0000] {processor.py:925} INFO - DAG(s) 'ingest_avito_to_raw' retrieved from /opt/airflow/dags/ingest_avito_to_raw.py
[2026-06-30T21:37:32.243+0000] {logging_mixin.py:190} INFO - [2026-06-30T21:37:32.243+0000] {dag.py:3239} INFO - Sync 1 DAGs
[2026-06-30T21:37:32.253+0000] {logging_mixin.py:190} INFO - [2026-06-30T21:37:32.253+0000] {dag.py:4180} INFO - Setting next_dagrun for ingest_avito_to_raw to 2026-06-30 21:00:00+00:00, run_after=2026-06-30 22:00:00+00:00
[2026-06-30T21:37:32.261+0000] {processor.py:208} INFO - Processing /opt/airflow/dags/ingest_avito_to_raw.py took 0.052 seconds
[2026-06-30T21:55:36.473+0000] {processor.py:186} INFO - Started process (PID=28622) to work on /opt/airflow/dags/ingest_avito_to_raw.py
[2026-06-30T21:55:36.474+0000] {processor.py:914} INFO - Processing file /opt/airflow/dags/ingest_avito_to_raw.py for tasks to queue
[2026-06-30T21:55:36.474+0000] {logging_mixin.py:190} INFO - [2026-06-30T21:55:36.474+0000] {dagbag.py:588} INFO - Filling up the DagBag from /opt/airflow/dags/ingest_avito_to_raw.py
[2026-06-30T21:55:36.478+0000] {processor.py:925} INFO - DAG(s) 'ingest_avito_to_raw' retrieved from /opt/airflow/dags/ingest_avito_to_raw.py
[2026-06-30T21:55:36.494+0000] {logging_mixin.py:190} INFO - [2026-06-30T21:55:36.494+0000] {dag.py:3239} INFO - Sync 1 DAGs
[2026-06-30T21:55:36.503+0000] {logging_mixin.py:190} INFO - [2026-06-30T21:55:36.503+0000] {dag.py:4180} INFO - Setting next_dagrun for ingest_avito_to_raw to 2026-06-30 21:00:00+00:00, run_after=2026-06-30 22:00:00+00:00
[2026-06-30T21:55:36.510+0000] {processor.py:208} INFO - Processing /opt/airflow/dags/ingest_avito_to_raw.py took 0.040 seconds
[2026-06-30T21:56:06.847+0000] {processor.py:186} INFO - Started process (PID=28632) to work on /opt/airflow/dags/ingest_avito_to_raw.py
[2026-06-30T21:56:06.848+0000] {processor.py:914} INFO - Processing file /opt/airflow/dags/ingest_avito_to_raw.py for tasks to queue
[2026-06-30T21:56:06.848+0000] {logging_mixin.py:190} INFO - [2026-06-30T21:56:06.848+0000] {dagbag.py:588} INFO - Filling up the DagBag from /opt/airflow/dags/ingest_avito_to_raw.py
[2026-06-30T21:56:06.853+0000] {processor.py:925} INFO - DAG(s) 'ingest_avito_to_raw' retrieved from /opt/airflow/dags/ingest_avito_to_raw.py
[2026-06-30T21:56:06.869+0000] {logging_mixin.py:190} INFO - [2026-06-30T21:56:06.869+0000] {dag.py:3239} INFO - Sync 1 DAGs
[2026-06-30T21:56:06.879+0000] {logging_mixin.py:190} INFO - [2026-06-30T21:56:06.879+0000] {dag.py:4180} INFO - Setting next_dagrun for ingest_avito_to_raw to 2026-06-30 21:00:00+00:00, run_after=2026-06-30 22:00:00+00:00
[2026-06-30T21:56:06.890+0000] {processor.py:208} INFO - Processing /opt/airflow/dags/ingest_avito_to_raw.py took 0.048 seconds
[2026-06-30T22:05:47.793+0000] {processor.py:186} INFO - Started process (PID=28642) to work on /opt/airflow/dags/ingest_avito_to_raw.py
[2026-06-30T22:05:47.794+0000] {processor.py:914} INFO - Processing file /opt/airflow/dags/ingest_avito_to_raw.py for tasks to queue
[2026-06-30T22:05:47.794+0000] {logging_mixin.py:190} INFO - [2026-06-30T22:05:47.794+0000] {dagbag.py:588} INFO - Filling up the DagBag from /opt/airflow/dags/ingest_avito_to_raw.py
[2026-06-30T22:05:47.798+0000] {processor.py:925} INFO - DAG(s) 'ingest_avito_to_raw' retrieved from /opt/airflow/dags/ingest_avito_to_raw.py
[2026-06-30T22:05:47.816+0000] {logging_mixin.py:190} INFO - [2026-06-30T22:05:47.816+0000] {dag.py:3239} INFO - Sync 1 DAGs
[2026-06-30T22:05:47.824+0000] {logging_mixin.py:190} INFO - [2026-06-30T22:05:47.824+0000] {dag.py:4180} INFO - Setting next_dagrun for ingest_avito_to_raw to 2026-06-30 21:00:00+00:00, run_after=2026-06-30 22:00:00+00:00
[2026-06-30T22:05:47.833+0000] {processor.py:208} INFO - Processing /opt/airflow/dags/ingest_avito_to_raw.py took 0.043 seconds
[2026-06-30T22:06:18.204+0000] {processor.py:186} INFO - Started process (PID=28655) to work on /opt/airflow/dags/ingest_avito_to_raw.py
[2026-06-30T22:06:18.205+0000] {processor.py:914} INFO - Processing file /opt/airflow/dags/ingest_avito_to_raw.py for tasks to queue
[2026-06-30T22:06:18.206+0000] {logging_mixin.py:190} INFO - [2026-06-30T22:06:18.205+0000] {dagbag.py:588} INFO - Filling up the DagBag from /opt/airflow/dags/ingest_avito_to_raw.py
[2026-06-30T22:06:18.210+0000] {processor.py:925} INFO - DAG(s) 'ingest_avito_to_raw' retrieved from /opt/airflow/dags/ingest_avito_to_raw.py
[2026-06-30T22:06:18.227+0000] {logging_mixin.py:190} INFO - [2026-06-30T22:06:18.227+0000] {dag.py:3239} INFO - Sync 1 DAGs
[2026-06-30T22:06:18.237+0000] {logging_mixin.py:190} INFO - [2026-06-30T22:06:18.237+0000] {dag.py:4180} INFO - Setting next_dagrun for ingest_avito_to_raw to 2026-06-30 22:00:00+00:00, run_after=2026-06-30 23:00:00+00:00
[2026-06-30T22:06:18.246+0000] {processor.py:208} INFO - Processing /opt/airflow/dags/ingest_avito_to_raw.py took 0.048 seconds
[2026-06-30T22:24:32.109+0000] {processor.py:186} INFO - Started process (PID=28665) to work on /opt/airflow/dags/ingest_avito_to_raw.py
[2026-06-30T22:24:32.110+0000] {processor.py:914} INFO - Processing file /opt/airflow/dags/ingest_avito_to_raw.py for tasks to queue
[2026-06-30T22:24:32.111+0000] {logging_mixin.py:190} INFO - [2026-06-30T22:24:32.111+0000] {dagbag.py:588} INFO - Filling up the DagBag from /opt/airflow/dags/ingest_avito_to_raw.py
[2026-06-30T22:24:32.117+0000] {processor.py:925} INFO - DAG(s) 'ingest_avito_to_raw' retrieved from /opt/airflow/dags/ingest_avito_to_raw.py
[2026-06-30T22:24:32.132+0000] {logging_mixin.py:190} INFO - [2026-06-30T22:24:32.132+0000] {dag.py:3239} INFO - Sync 1 DAGs
[2026-06-30T22:24:32.142+0000] {logging_mixin.py:190} INFO - [2026-06-30T22:24:32.142+0000] {dag.py:4180} INFO - Setting next_dagrun for ingest_avito_to_raw to 2026-06-30 22:00:00+00:00, run_after=2026-06-30 23:00:00+00:00
[2026-06-30T22:24:32.151+0000] {processor.py:208} INFO - Processing /opt/airflow/dags/ingest_avito_to_raw.py took 0.045 seconds
[2026-06-30T22:25:02.550+0000] {processor.py:186} INFO - Started process (PID=28675) to work on /opt/airflow/dags/ingest_avito_to_raw.py
[2026-06-30T22:25:02.551+0000] {processor.py:914} INFO - Processing file /opt/airflow/dags/ingest_avito_to_raw.py for tasks to queue
[2026-06-30T22:25:02.552+0000] {logging_mixin.py:190} INFO - [2026-06-30T22:25:02.551+0000] {dagbag.py:588} INFO - Filling up the DagBag from /opt/airflow/dags/ingest_avito_to_raw.py
[2026-06-30T22:25:02.556+0000] {processor.py:925} INFO - DAG(s) 'ingest_avito_to_raw' retrieved from /opt/airflow/dags/ingest_avito_to_raw.py
[2026-06-30T22:25:02.574+0000] {logging_mixin.py:190} INFO - [2026-06-30T22:25:02.573+0000] {dag.py:3239} INFO - Sync 1 DAGs
[2026-06-30T22:25:02.583+0000] {logging_mixin.py:190} INFO - [2026-06-30T22:25:02.583+0000] {dag.py:4180} INFO - Setting next_dagrun for ingest_avito_to_raw to 2026-06-30 22:00:00+00:00, run_after=2026-06-30 23:00:00+00:00
[2026-06-30T22:25:02.592+0000] {processor.py:208} INFO - Processing /opt/airflow/dags/ingest_avito_to_raw.py took 0.046 seconds
[2026-06-30T22:42:24.535+0000] {processor.py:186} INFO - Started process (PID=28685) to work on /opt/airflow/dags/ingest_avito_to_raw.py
[2026-06-30T22:42:24.536+0000] {processor.py:914} INFO - Processing file /opt/airflow/dags/ingest_avito_to_raw.py for tasks to queue
[2026-06-30T22:42:24.536+0000] {logging_mixin.py:190} INFO - [2026-06-30T22:42:24.536+0000] {dagbag.py:588} INFO - Filling up the DagBag from /opt/airflow/dags/ingest_avito_to_raw.py
[2026-06-30T22:42:24.540+0000] {processor.py:925} INFO - DAG(s) 'ingest_avito_to_raw' retrieved from /opt/airflow/dags/ingest_avito_to_raw.py
[2026-06-30T22:42:24.555+0000] {logging_mixin.py:190} INFO - [2026-06-30T22:42:24.555+0000] {dag.py:3239} INFO - Sync 1 DAGs
[2026-06-30T22:42:24.565+0000] {logging_mixin.py:190} INFO - [2026-06-30T22:42:24.565+0000] {dag.py:4180} INFO - Setting next_dagrun for ingest_avito_to_raw to 2026-06-30 22:00:00+00:00, run_after=2026-06-30 23:00:00+00:00
[2026-06-30T22:42:24.572+0000] {processor.py:208} INFO - Processing /opt/airflow/dags/ingest_avito_to_raw.py took 0.041 seconds
[2026-06-30T22:58:58.709+0000] {processor.py:186} INFO - Started process (PID=28695) to work on /opt/airflow/dags/ingest_avito_to_raw.py
[2026-06-30T22:58:58.710+0000] {processor.py:914} INFO - Processing file /opt/airflow/dags/ingest_avito_to_raw.py for tasks to queue
[2026-06-30T22:58:58.710+0000] {logging_mixin.py:190} INFO - [2026-06-30T22:58:58.710+0000] {dagbag.py:588} INFO - Filling up the DagBag from /opt/airflow/dags/ingest_avito_to_raw.py
[2026-06-30T22:58:58.714+0000] {processor.py:925} INFO - DAG(s) 'ingest_avito_to_raw' retrieved from /opt/airflow/dags/ingest_avito_to_raw.py
[2026-06-30T22:58:58.730+0000] {logging_mixin.py:190} INFO - [2026-06-30T22:58:58.730+0000] {dag.py:3239} INFO - Sync 1 DAGs
[2026-06-30T22:58:58.741+0000] {logging_mixin.py:190} INFO - [2026-06-30T22:58:58.741+0000] {dag.py:4180} INFO - Setting next_dagrun for ingest_avito_to_raw to 2026-06-30 22:00:00+00:00, run_after=2026-06-30 23:00:00+00:00
[2026-06-30T22:58:58.749+0000] {processor.py:208} INFO - Processing /opt/airflow/dags/ingest_avito_to_raw.py took 0.044 seconds
[2026-06-30T22:59:29.186+0000] {processor.py:186} INFO - Started process (PID=28705) to work on /opt/airflow/dags/ingest_avito_to_raw.py
[2026-06-30T22:59:29.187+0000] {processor.py:914} INFO - Processing file /opt/airflow/dags/ingest_avito_to_raw.py for tasks to queue
[2026-06-30T22:59:29.188+0000] {logging_mixin.py:190} INFO - [2026-06-30T22:59:29.188+0000] {dagbag.py:588} INFO - Filling up the DagBag from /opt/airflow/dags/ingest_avito_to_raw.py
[2026-06-30T22:59:29.192+0000] {processor.py:925} INFO - DAG(s) 'ingest_avito_to_raw' retrieved from /opt/airflow/dags/ingest_avito_to_raw.py
[2026-06-30T22:59:29.210+0000] {logging_mixin.py:190} INFO - [2026-06-30T22:59:29.210+0000] {dag.py:3239} INFO - Sync 1 DAGs
[2026-06-30T22:59:29.219+0000] {logging_mixin.py:190} INFO - [2026-06-30T22:59:29.219+0000] {dag.py:4180} INFO - Setting next_dagrun for ingest_avito_to_raw to 2026-06-30 22:00:00+00:00, run_after=2026-06-30 23:00:00+00:00
[2026-06-30T22:59:29.228+0000] {processor.py:208} INFO - Processing /opt/airflow/dags/ingest_avito_to_raw.py took 0.049 seconds
[2026-06-30T23:16:50.178+0000] {processor.py:186} INFO - Started process (PID=28718) to work on /opt/airflow/dags/ingest_avito_to_raw.py
[2026-06-30T23:16:50.179+0000] {processor.py:914} INFO - Processing file /opt/airflow/dags/ingest_avito_to_raw.py for tasks to queue
[2026-06-30T23:16:50.180+0000] {logging_mixin.py:190} INFO - [2026-06-30T23:16:50.180+0000] {dagbag.py:588} INFO - Filling up the DagBag from /opt/airflow/dags/ingest_avito_to_raw.py
[2026-06-30T23:16:50.184+0000] {processor.py:925} INFO - DAG(s) 'ingest_avito_to_raw' retrieved from /opt/airflow/dags/ingest_avito_to_raw.py
[2026-06-30T23:16:50.202+0000] {logging_mixin.py:190} INFO - [2026-06-30T23:16:50.202+0000] {dag.py:3239} INFO - Sync 1 DAGs
[2026-06-30T23:16:50.212+0000] {logging_mixin.py:190} INFO - [2026-06-30T23:16:50.212+0000] {dag.py:4180} INFO - Setting next_dagrun for ingest_avito_to_raw to 2026-06-30 23:00:00+00:00, run_after=2026-07-01 00:00:00+00:00
[2026-06-30T23:16:50.220+0000] {processor.py:208} INFO - Processing /opt/airflow/dags/ingest_avito_to_raw.py took 0.046 seconds
[2026-06-30T23:17:20.627+0000] {processor.py:186} INFO - Started process (PID=28728) to work on /opt/airflow/dags/ingest_avito_to_raw.py
[2026-06-30T23:17:20.628+0000] {processor.py:914} INFO - Processing file /opt/airflow/dags/ingest_avito_to_raw.py for tasks to queue
[2026-06-30T23:17:20.629+0000] {logging_mixin.py:190} INFO - [2026-06-30T23:17:20.628+0000] {dagbag.py:588} INFO - Filling up the DagBag from /opt/airflow/dags/ingest_avito_to_raw.py
[2026-06-30T23:17:20.633+0000] {processor.py:925} INFO - DAG(s) 'ingest_avito_to_raw' retrieved from /opt/airflow/dags/ingest_avito_to_raw.py
[2026-06-30T23:17:20.649+0000] {logging_mixin.py:190} INFO - [2026-06-30T23:17:20.649+0000] {dag.py:3239} INFO - Sync 1 DAGs
[2026-06-30T23:17:20.660+0000] {logging_mixin.py:190} INFO - [2026-06-30T23:17:20.660+0000] {dag.py:4180} INFO - Setting next_dagrun for ingest_avito_to_raw to 2026-06-30 23:00:00+00:00, run_after=2026-07-01 00:00:00+00:00
[2026-06-30T23:17:20.667+0000] {processor.py:208} INFO - Processing /opt/airflow/dags/ingest_avito_to_raw.py took 0.045 seconds
[2026-06-30T23:21:56.515+0000] {processor.py:186} INFO - Started process (PID=28738) to work on /opt/airflow/dags/ingest_avito_to_raw.py
[2026-06-30T23:21:56.515+0000] {processor.py:914} INFO - Processing file /opt/airflow/dags/ingest_avito_to_raw.py for tasks to queue
[2026-06-30T23:21:56.516+0000] {logging_mixin.py:190} INFO - [2026-06-30T23:21:56.516+0000] {dagbag.py:588} INFO - Filling up the DagBag from /opt/airflow/dags/ingest_avito_to_raw.py
[2026-06-30T23:21:56.520+0000] {processor.py:925} INFO - DAG(s) 'ingest_avito_to_raw' retrieved from /opt/airflow/dags/ingest_avito_to_raw.py
[2026-06-30T23:21:56.536+0000] {logging_mixin.py:190} INFO - [2026-06-30T23:21:56.536+0000] {dag.py:3239} INFO - Sync 1 DAGs
[2026-06-30T23:21:56.545+0000] {logging_mixin.py:190} INFO - [2026-06-30T23:21:56.545+0000] {dag.py:4180} INFO - Setting next_dagrun for ingest_avito_to_raw to 2026-06-30 23:00:00+00:00, run_after=2026-07-01 00:00:00+00:00
[2026-06-30T23:21:56.554+0000] {processor.py:208} INFO - Processing /opt/airflow/dags/ingest_avito_to_raw.py took 0.043 seconds
[2026-06-30T23:22:26.913+0000] {processor.py:186} INFO - Started process (PID=28748) to work on /opt/airflow/dags/ingest_avito_to_raw.py
[2026-06-30T23:22:26.914+0000] {processor.py:914} INFO - Processing file /opt/airflow/dags/ingest_avito_to_raw.py for tasks to queue
[2026-06-30T23:22:26.915+0000] {logging_mixin.py:190} INFO - [2026-06-30T23:22:26.915+0000] {dagbag.py:588} INFO - Filling up the DagBag from /opt/airflow/dags/ingest_avito_to_raw.py
[2026-06-30T23:22:26.919+0000] {processor.py:925} INFO - DAG(s) 'ingest_avito_to_raw' retrieved from /opt/airflow/dags/ingest_avito_to_raw.py
[2026-06-30T23:22:26.938+0000] {logging_mixin.py:190} INFO - [2026-06-30T23:22:26.938+0000] {dag.py:3239} INFO - Sync 1 DAGs
[2026-06-30T23:22:26.949+0000] {logging_mixin.py:190} INFO - [2026-06-30T23:22:26.949+0000] {dag.py:4180} INFO - Setting next_dagrun for ingest_avito_to_raw to 2026-06-30 23:00:00+00:00, run_after=2026-07-01 00:00:00+00:00
[2026-06-30T23:22:26.957+0000] {processor.py:208} INFO - Processing /opt/airflow/dags/ingest_avito_to_raw.py took 0.050 seconds
[2026-06-30T23:40:21.820+0000] {processor.py:186} INFO - Started process (PID=28758) to work on /opt/airflow/dags/ingest_avito_to_raw.py
[2026-06-30T23:40:21.820+0000] {processor.py:914} INFO - Processing file /opt/airflow/dags/ingest_avito_to_raw.py for tasks to queue
[2026-06-30T23:40:21.821+0000] {logging_mixin.py:190} INFO - [2026-06-30T23:40:21.821+0000] {dagbag.py:588} INFO - Filling up the DagBag from /opt/airflow/dags/ingest_avito_to_raw.py
[2026-06-30T23:40:21.825+0000] {processor.py:925} INFO - DAG(s) 'ingest_avito_to_raw' retrieved from /opt/airflow/dags/ingest_avito_to_raw.py
[2026-06-30T23:40:21.840+0000] {logging_mixin.py:190} INFO - [2026-06-30T23:40:21.840+0000] {dag.py:3239} INFO - Sync 1 DAGs
[2026-06-30T23:40:21.849+0000] {logging_mixin.py:190} INFO - [2026-06-30T23:40:21.849+0000] {dag.py:4180} INFO - Setting next_dagrun for ingest_avito_to_raw to 2026-06-30 23:00:00+00:00, run_after=2026-07-01 00:00:00+00:00
[2026-06-30T23:40:21.857+0000] {processor.py:208} INFO - Processing /opt/airflow/dags/ingest_avito_to_raw.py took 0.041 seconds
[2026-06-30T23:40:52.306+0000] {processor.py:186} INFO - Started process (PID=28768) to work on /opt/airflow/dags/ingest_avito_to_raw.py
[2026-06-30T23:40:52.307+0000] {processor.py:914} INFO - Processing file /opt/airflow/dags/ingest_avito_to_raw.py for tasks to queue
[2026-06-30T23:40:52.307+0000] {logging_mixin.py:190} INFO - [2026-06-30T23:40:52.307+0000] {dagbag.py:588} INFO - Filling up the DagBag from /opt/airflow/dags/ingest_avito_to_raw.py
[2026-06-30T23:40:52.311+0000] {processor.py:925} INFO - DAG(s) 'ingest_avito_to_raw' retrieved from /opt/airflow/dags/ingest_avito_to_raw.py
[2026-06-30T23:40:52.328+0000] {logging_mixin.py:190} INFO - [2026-06-30T23:40:52.327+0000] {dag.py:3239} INFO - Sync 1 DAGs
[2026-06-30T23:40:52.335+0000] {logging_mixin.py:190} INFO - [2026-06-30T23:40:52.335+0000] {dag.py:4180} INFO - Setting next_dagrun for ingest_avito_to_raw to 2026-06-30 23:00:00+00:00, run_after=2026-07-01 00:00:00+00:00
[2026-06-30T23:40:52.343+0000] {processor.py:208} INFO - Processing /opt/airflow/dags/ingest_avito_to_raw.py took 0.040 seconds
[2026-06-30T23:58:28.676+0000] {processor.py:186} INFO - Started process (PID=28778) to work on /opt/airflow/dags/ingest_avito_to_raw.py
[2026-06-30T23:58:28.677+0000] {processor.py:914} INFO - Processing file /opt/airflow/dags/ingest_avito_to_raw.py for tasks to queue
[2026-06-30T23:58:28.677+0000] {logging_mixin.py:190} INFO - [2026-06-30T23:58:28.677+0000] {dagbag.py:588} INFO - Filling up the DagBag from /opt/airflow/dags/ingest_avito_to_raw.py
[2026-06-30T23:58:28.680+0000] {processor.py:925} INFO - DAG(s) 'ingest_avito_to_raw' retrieved from /opt/airflow/dags/ingest_avito_to_raw.py
[2026-06-30T23:58:28.694+0000] {logging_mixin.py:190} INFO - [2026-06-30T23:58:28.694+0000] {dag.py:3239} INFO - Sync 1 DAGs
[2026-06-30T23:58:28.702+0000] {logging_mixin.py:190} INFO - [2026-06-30T23:58:28.702+0000] {dag.py:4180} INFO - Setting next_dagrun for ingest_avito_to_raw to 2026-06-30 23:00:00+00:00, run_after=2026-07-01 00:00:00+00:00
[2026-06-30T23:58:28.708+0000] {processor.py:208} INFO - Processing /opt/airflow/dags/ingest_avito_to_raw.py took 0.035 seconds
[2026-06-30T23:58:59.014+0000] {processor.py:186} INFO - Started process (PID=28788) to work on /opt/airflow/dags/ingest_avito_to_raw.py
[2026-06-30T23:58:59.014+0000] {processor.py:914} INFO - Processing file /opt/airflow/dags/ingest_avito_to_raw.py for tasks to queue
[2026-06-30T23:58:59.015+0000] {logging_mixin.py:190} INFO - [2026-06-30T23:58:59.015+0000] {dagbag.py:588} INFO - Filling up the DagBag from /opt/airflow/dags/ingest_avito_to_raw.py
[2026-06-30T23:58:59.019+0000] {processor.py:925} INFO - DAG(s) 'ingest_avito_to_raw' retrieved from /opt/airflow/dags/ingest_avito_to_raw.py
[2026-06-30T23:58:59.035+0000] {logging_mixin.py:190} INFO - [2026-06-30T23:58:59.035+0000] {dag.py:3239} INFO - Sync 1 DAGs
[2026-06-30T23:58:59.044+0000] {logging_mixin.py:190} INFO - [2026-06-30T23:58:59.044+0000] {dag.py:4180} INFO - Setting next_dagrun for ingest_avito_to_raw to 2026-06-30 23:00:00+00:00, run_after=2026-07-01 00:00:00+00:00
[2026-06-30T23:58:59.054+0000] {processor.py:208} INFO - Processing /opt/airflow/dags/ingest_avito_to_raw.py took 0.044 seconds
