[2026-07-11T16:02:17.645+0000] {processor.py:186} INFO - Started process (PID=40) to work on /opt/airflow/dags/avito_to_raw_midraw.py
[2026-07-11T16:02:17.646+0000] {processor.py:914} INFO - Processing file /opt/airflow/dags/avito_to_raw_midraw.py for tasks to queue
[2026-07-11T16:02:17.647+0000] {logging_mixin.py:190} INFO - [2026-07-11T16:02:17.647+0000] {dagbag.py:588} INFO - Filling up the DagBag from /opt/airflow/dags/avito_to_raw_midraw.py
[2026-07-11T16:02:17.674+0000] {processor.py:925} INFO - DAG(s) 'avito_to_raw_midraw' retrieved from /opt/airflow/dags/avito_to_raw_midraw.py
[2026-07-11T16:02:17.788+0000] {logging_mixin.py:190} INFO - [2026-07-11T16:02:17.788+0000] {override.py:1912} INFO - Created Permission View: can edit on DAG:avito_to_raw_midraw
[2026-07-11T16:02:17.792+0000] {logging_mixin.py:190} INFO - [2026-07-11T16:02:17.792+0000] {override.py:1912} INFO - Created Permission View: can read on DAG:avito_to_raw_midraw
[2026-07-11T16:02:17.794+0000] {logging_mixin.py:190} INFO - [2026-07-11T16:02:17.794+0000] {override.py:1912} INFO - Created Permission View: can delete on DAG:avito_to_raw_midraw
[2026-07-11T16:02:17.796+0000] {logging_mixin.py:190} INFO - [2026-07-11T16:02:17.796+0000] {override.py:1912} INFO - Created Permission View: can create on DAG Run:avito_to_raw_midraw
[2026-07-11T16:02:17.798+0000] {logging_mixin.py:190} INFO - [2026-07-11T16:02:17.798+0000] {override.py:1912} INFO - Created Permission View: can read on DAG Run:avito_to_raw_midraw
[2026-07-11T16:02:17.799+0000] {logging_mixin.py:190} INFO - [2026-07-11T16:02:17.799+0000] {override.py:1912} INFO - Created Permission View: menu access on DAG Run:avito_to_raw_midraw
[2026-07-11T16:02:17.801+0000] {logging_mixin.py:190} INFO - [2026-07-11T16:02:17.801+0000] {override.py:1912} INFO - Created Permission View: can delete on DAG Run:avito_to_raw_midraw
[2026-07-11T16:02:17.801+0000] {logging_mixin.py:190} INFO - [2026-07-11T16:02:17.801+0000] {dag.py:3239} INFO - Sync 1 DAGs
[2026-07-11T16:02:17.807+0000] {logging_mixin.py:190} INFO - [2026-07-11T16:02:17.806+0000] {dag.py:3262} INFO - Creating ORM DAG for avito_to_raw_midraw
[2026-07-11T16:02:17.811+0000] {logging_mixin.py:190} INFO - [2026-07-11T16:02:17.811+0000] {dag.py:4180} INFO - Setting next_dagrun for avito_to_raw_midraw to 2026-07-11 15:00:00+00:00, run_after=2026-07-11 16:00:00+00:00
[2026-07-11T16:02:17.822+0000] {processor.py:208} INFO - Processing /opt/airflow/dags/avito_to_raw_midraw.py took 0.180 seconds
[2026-07-11T16:02:47.872+0000] {processor.py:186} INFO - Started process (PID=42) to work on /opt/airflow/dags/avito_to_raw_midraw.py
[2026-07-11T16:02:47.873+0000] {processor.py:914} INFO - Processing file /opt/airflow/dags/avito_to_raw_midraw.py for tasks to queue
[2026-07-11T16:02:47.876+0000] {logging_mixin.py:190} INFO - [2026-07-11T16:02:47.875+0000] {dagbag.py:588} INFO - Filling up the DagBag from /opt/airflow/dags/avito_to_raw_midraw.py
[2026-07-11T16:02:47.893+0000] {processor.py:925} INFO - DAG(s) 'avito_to_raw_midraw' retrieved from /opt/airflow/dags/avito_to_raw_midraw.py
[2026-07-11T16:02:47.910+0000] {logging_mixin.py:190} INFO - [2026-07-11T16:02:47.910+0000] {dag.py:3239} INFO - Sync 1 DAGs
[2026-07-11T16:02:47.922+0000] {logging_mixin.py:190} INFO - [2026-07-11T16:02:47.922+0000] {dag.py:4180} INFO - Setting next_dagrun for avito_to_raw_midraw to 2026-07-11 15:00:00+00:00, run_after=2026-07-11 16:00:00+00:00
[2026-07-11T16:02:47.930+0000] {processor.py:208} INFO - Processing /opt/airflow/dags/avito_to_raw_midraw.py took 0.062 seconds
[2026-07-11T16:03:18.161+0000] {processor.py:186} INFO - Started process (PID=44) to work on /opt/airflow/dags/avito_to_raw_midraw.py
[2026-07-11T16:03:18.161+0000] {processor.py:914} INFO - Processing file /opt/airflow/dags/avito_to_raw_midraw.py for tasks to queue
[2026-07-11T16:03:18.163+0000] {logging_mixin.py:190} INFO - [2026-07-11T16:03:18.163+0000] {dagbag.py:588} INFO - Filling up the DagBag from /opt/airflow/dags/avito_to_raw_midraw.py
[2026-07-11T16:03:18.180+0000] {processor.py:925} INFO - DAG(s) 'avito_to_raw_midraw' retrieved from /opt/airflow/dags/avito_to_raw_midraw.py
[2026-07-11T16:03:18.194+0000] {logging_mixin.py:190} INFO - [2026-07-11T16:03:18.193+0000] {dag.py:3239} INFO - Sync 1 DAGs
[2026-07-11T16:03:18.204+0000] {logging_mixin.py:190} INFO - [2026-07-11T16:03:18.204+0000] {dag.py:4180} INFO - Setting next_dagrun for avito_to_raw_midraw to 2026-07-11 15:00:00+00:00, run_after=2026-07-11 16:00:00+00:00
[2026-07-11T16:03:18.213+0000] {processor.py:208} INFO - Processing /opt/airflow/dags/avito_to_raw_midraw.py took 0.057 seconds
[2026-07-11T16:03:48.525+0000] {processor.py:186} INFO - Started process (PID=66) to work on /opt/airflow/dags/avito_to_raw_midraw.py
[2026-07-11T16:03:48.526+0000] {processor.py:914} INFO - Processing file /opt/airflow/dags/avito_to_raw_midraw.py for tasks to queue
[2026-07-11T16:03:48.528+0000] {logging_mixin.py:190} INFO - [2026-07-11T16:03:48.528+0000] {dagbag.py:588} INFO - Filling up the DagBag from /opt/airflow/dags/avito_to_raw_midraw.py
[2026-07-11T16:03:48.544+0000] {processor.py:925} INFO - DAG(s) 'avito_to_raw_midraw' retrieved from /opt/airflow/dags/avito_to_raw_midraw.py
[2026-07-11T16:03:48.559+0000] {logging_mixin.py:190} INFO - [2026-07-11T16:03:48.559+0000] {dag.py:3239} INFO - Sync 1 DAGs
[2026-07-11T16:03:48.575+0000] {processor.py:208} INFO - Processing /opt/airflow/dags/avito_to_raw_midraw.py took 0.054 seconds
[2026-07-11T16:04:18.963+0000] {processor.py:186} INFO - Started process (PID=68) to work on /opt/airflow/dags/avito_to_raw_midraw.py
[2026-07-11T16:04:18.964+0000] {processor.py:914} INFO - Processing file /opt/airflow/dags/avito_to_raw_midraw.py for tasks to queue
[2026-07-11T16:04:18.965+0000] {logging_mixin.py:190} INFO - [2026-07-11T16:04:18.965+0000] {dagbag.py:588} INFO - Filling up the DagBag from /opt/airflow/dags/avito_to_raw_midraw.py
[2026-07-11T16:04:18.979+0000] {processor.py:925} INFO - DAG(s) 'avito_to_raw_midraw' retrieved from /opt/airflow/dags/avito_to_raw_midraw.py
[2026-07-11T16:04:18.993+0000] {logging_mixin.py:190} INFO - [2026-07-11T16:04:18.993+0000] {dag.py:3239} INFO - Sync 1 DAGs
[2026-07-11T16:04:19.014+0000] {processor.py:208} INFO - Processing /opt/airflow/dags/avito_to_raw_midraw.py took 0.054 seconds
[2026-07-11T16:04:49.298+0000] {processor.py:186} INFO - Started process (PID=77) to work on /opt/airflow/dags/avito_to_raw_midraw.py
[2026-07-11T16:04:49.298+0000] {processor.py:914} INFO - Processing file /opt/airflow/dags/avito_to_raw_midraw.py for tasks to queue
[2026-07-11T16:04:49.299+0000] {logging_mixin.py:190} INFO - [2026-07-11T16:04:49.299+0000] {dagbag.py:588} INFO - Filling up the DagBag from /opt/airflow/dags/avito_to_raw_midraw.py
[2026-07-11T16:04:49.314+0000] {processor.py:925} INFO - DAG(s) 'avito_to_raw_midraw' retrieved from /opt/airflow/dags/avito_to_raw_midraw.py
[2026-07-11T16:04:49.327+0000] {logging_mixin.py:190} INFO - [2026-07-11T16:04:49.327+0000] {dag.py:3239} INFO - Sync 1 DAGs
[2026-07-11T16:04:49.342+0000] {processor.py:208} INFO - Processing /opt/airflow/dags/avito_to_raw_midraw.py took 0.047 seconds
[2026-07-11T16:05:19.695+0000] {processor.py:186} INFO - Started process (PID=86) to work on /opt/airflow/dags/avito_to_raw_midraw.py
[2026-07-11T16:05:19.695+0000] {processor.py:914} INFO - Processing file /opt/airflow/dags/avito_to_raw_midraw.py for tasks to queue
[2026-07-11T16:05:19.697+0000] {logging_mixin.py:190} INFO - [2026-07-11T16:05:19.697+0000] {dagbag.py:588} INFO - Filling up the DagBag from /opt/airflow/dags/avito_to_raw_midraw.py
[2026-07-11T16:05:19.715+0000] {processor.py:925} INFO - DAG(s) 'avito_to_raw_midraw' retrieved from /opt/airflow/dags/avito_to_raw_midraw.py
[2026-07-11T16:05:19.727+0000] {logging_mixin.py:190} INFO - [2026-07-11T16:05:19.727+0000] {dag.py:3239} INFO - Sync 1 DAGs
[2026-07-11T16:05:19.755+0000] {processor.py:208} INFO - Processing /opt/airflow/dags/avito_to_raw_midraw.py took 0.064 seconds
[2026-07-11T16:05:50.058+0000] {processor.py:186} INFO - Started process (PID=88) to work on /opt/airflow/dags/avito_to_raw_midraw.py
[2026-07-11T16:05:50.059+0000] {processor.py:914} INFO - Processing file /opt/airflow/dags/avito_to_raw_midraw.py for tasks to queue
[2026-07-11T16:05:50.061+0000] {logging_mixin.py:190} INFO - [2026-07-11T16:05:50.060+0000] {dagbag.py:588} INFO - Filling up the DagBag from /opt/airflow/dags/avito_to_raw_midraw.py
[2026-07-11T16:05:50.080+0000] {processor.py:925} INFO - DAG(s) 'avito_to_raw_midraw' retrieved from /opt/airflow/dags/avito_to_raw_midraw.py
[2026-07-11T16:05:50.094+0000] {logging_mixin.py:190} INFO - [2026-07-11T16:05:50.094+0000] {dag.py:3239} INFO - Sync 1 DAGs
[2026-07-11T16:05:50.109+0000] {processor.py:208} INFO - Processing /opt/airflow/dags/avito_to_raw_midraw.py took 0.055 seconds
[2026-07-11T16:06:20.475+0000] {processor.py:186} INFO - Started process (PID=97) to work on /opt/airflow/dags/avito_to_raw_midraw.py
[2026-07-11T16:06:20.475+0000] {processor.py:914} INFO - Processing file /opt/airflow/dags/avito_to_raw_midraw.py for tasks to queue
[2026-07-11T16:06:20.477+0000] {logging_mixin.py:190} INFO - [2026-07-11T16:06:20.477+0000] {dagbag.py:588} INFO - Filling up the DagBag from /opt/airflow/dags/avito_to_raw_midraw.py
[2026-07-11T16:06:20.494+0000] {processor.py:925} INFO - DAG(s) 'avito_to_raw_midraw' retrieved from /opt/airflow/dags/avito_to_raw_midraw.py
[2026-07-11T16:06:20.510+0000] {logging_mixin.py:190} INFO - [2026-07-11T16:06:20.510+0000] {dag.py:3239} INFO - Sync 1 DAGs
[2026-07-11T16:06:20.527+0000] {processor.py:208} INFO - Processing /opt/airflow/dags/avito_to_raw_midraw.py took 0.056 seconds
[2026-07-11T16:06:50.766+0000] {processor.py:186} INFO - Started process (PID=99) to work on /opt/airflow/dags/avito_to_raw_midraw.py
[2026-07-11T16:06:50.766+0000] {processor.py:914} INFO - Processing file /opt/airflow/dags/avito_to_raw_midraw.py for tasks to queue
[2026-07-11T16:06:50.768+0000] {logging_mixin.py:190} INFO - [2026-07-11T16:06:50.768+0000] {dagbag.py:588} INFO - Filling up the DagBag from /opt/airflow/dags/avito_to_raw_midraw.py
[2026-07-11T16:06:50.782+0000] {processor.py:925} INFO - DAG(s) 'avito_to_raw_midraw' retrieved from /opt/airflow/dags/avito_to_raw_midraw.py
[2026-07-11T16:06:50.801+0000] {logging_mixin.py:190} INFO - [2026-07-11T16:06:50.801+0000] {dag.py:3239} INFO - Sync 1 DAGs
[2026-07-11T16:06:50.819+0000] {processor.py:208} INFO - Processing /opt/airflow/dags/avito_to_raw_midraw.py took 0.058 seconds
[2026-07-11T16:07:21.189+0000] {processor.py:186} INFO - Started process (PID=115) to work on /opt/airflow/dags/avito_to_raw_midraw.py
[2026-07-11T16:07:21.189+0000] {processor.py:914} INFO - Processing file /opt/airflow/dags/avito_to_raw_midraw.py for tasks to queue
[2026-07-11T16:07:21.191+0000] {logging_mixin.py:190} INFO - [2026-07-11T16:07:21.191+0000] {dagbag.py:588} INFO - Filling up the DagBag from /opt/airflow/dags/avito_to_raw_midraw.py
[2026-07-11T16:07:21.208+0000] {processor.py:925} INFO - DAG(s) 'avito_to_raw_midraw' retrieved from /opt/airflow/dags/avito_to_raw_midraw.py
[2026-07-11T16:07:21.223+0000] {logging_mixin.py:190} INFO - [2026-07-11T16:07:21.223+0000] {dag.py:3239} INFO - Sync 1 DAGs
[2026-07-11T16:07:21.242+0000] {processor.py:208} INFO - Processing /opt/airflow/dags/avito_to_raw_midraw.py took 0.057 seconds
[2026-07-11T16:07:51.555+0000] {processor.py:186} INFO - Started process (PID=145) to work on /opt/airflow/dags/avito_to_raw_midraw.py
[2026-07-11T16:07:51.556+0000] {processor.py:914} INFO - Processing file /opt/airflow/dags/avito_to_raw_midraw.py for tasks to queue
[2026-07-11T16:07:51.557+0000] {logging_mixin.py:190} INFO - [2026-07-11T16:07:51.557+0000] {dagbag.py:588} INFO - Filling up the DagBag from /opt/airflow/dags/avito_to_raw_midraw.py
[2026-07-11T16:07:51.577+0000] {processor.py:925} INFO - DAG(s) 'avito_to_raw_midraw' retrieved from /opt/airflow/dags/avito_to_raw_midraw.py
[2026-07-11T16:07:51.588+0000] {logging_mixin.py:190} INFO - [2026-07-11T16:07:51.588+0000] {dag.py:3239} INFO - Sync 1 DAGs
[2026-07-11T16:07:51.604+0000] {processor.py:208} INFO - Processing /opt/airflow/dags/avito_to_raw_midraw.py took 0.051 seconds
[2026-07-11T16:08:21.922+0000] {processor.py:186} INFO - Started process (PID=160) to work on /opt/airflow/dags/avito_to_raw_midraw.py
[2026-07-11T16:08:21.923+0000] {processor.py:914} INFO - Processing file /opt/airflow/dags/avito_to_raw_midraw.py for tasks to queue
[2026-07-11T16:08:21.924+0000] {logging_mixin.py:190} INFO - [2026-07-11T16:08:21.923+0000] {dagbag.py:588} INFO - Filling up the DagBag from /opt/airflow/dags/avito_to_raw_midraw.py
[2026-07-11T16:08:21.939+0000] {processor.py:925} INFO - DAG(s) 'avito_to_raw_midraw' retrieved from /opt/airflow/dags/avito_to_raw_midraw.py
[2026-07-11T16:08:21.951+0000] {logging_mixin.py:190} INFO - [2026-07-11T16:08:21.951+0000] {dag.py:3239} INFO - Sync 1 DAGs
[2026-07-11T16:08:21.968+0000] {processor.py:208} INFO - Processing /opt/airflow/dags/avito_to_raw_midraw.py took 0.048 seconds
[2026-07-11T16:08:52.319+0000] {processor.py:186} INFO - Started process (PID=163) to work on /opt/airflow/dags/avito_to_raw_midraw.py
[2026-07-11T16:08:52.319+0000] {processor.py:914} INFO - Processing file /opt/airflow/dags/avito_to_raw_midraw.py for tasks to queue
[2026-07-11T16:08:52.321+0000] {logging_mixin.py:190} INFO - [2026-07-11T16:08:52.321+0000] {dagbag.py:588} INFO - Filling up the DagBag from /opt/airflow/dags/avito_to_raw_midraw.py
[2026-07-11T16:08:52.341+0000] {processor.py:925} INFO - DAG(s) 'avito_to_raw_midraw' retrieved from /opt/airflow/dags/avito_to_raw_midraw.py
[2026-07-11T16:08:52.356+0000] {logging_mixin.py:190} INFO - [2026-07-11T16:08:52.356+0000] {dag.py:3239} INFO - Sync 1 DAGs
[2026-07-11T16:08:52.374+0000] {processor.py:208} INFO - Processing /opt/airflow/dags/avito_to_raw_midraw.py took 0.059 seconds
[2026-07-11T16:09:22.707+0000] {processor.py:186} INFO - Started process (PID=165) to work on /opt/airflow/dags/avito_to_raw_midraw.py
[2026-07-11T16:09:22.708+0000] {processor.py:914} INFO - Processing file /opt/airflow/dags/avito_to_raw_midraw.py for tasks to queue
[2026-07-11T16:09:22.709+0000] {logging_mixin.py:190} INFO - [2026-07-11T16:09:22.709+0000] {dagbag.py:588} INFO - Filling up the DagBag from /opt/airflow/dags/avito_to_raw_midraw.py
[2026-07-11T16:09:22.723+0000] {processor.py:925} INFO - DAG(s) 'avito_to_raw_midraw' retrieved from /opt/airflow/dags/avito_to_raw_midraw.py
[2026-07-11T16:09:22.737+0000] {logging_mixin.py:190} INFO - [2026-07-11T16:09:22.737+0000] {dag.py:3239} INFO - Sync 1 DAGs
[2026-07-11T16:09:22.753+0000] {processor.py:208} INFO - Processing /opt/airflow/dags/avito_to_raw_midraw.py took 0.049 seconds
[2026-07-11T16:09:53.063+0000] {processor.py:186} INFO - Started process (PID=174) to work on /opt/airflow/dags/avito_to_raw_midraw.py
[2026-07-11T16:09:53.064+0000] {processor.py:914} INFO - Processing file /opt/airflow/dags/avito_to_raw_midraw.py for tasks to queue
[2026-07-11T16:09:53.065+0000] {logging_mixin.py:190} INFO - [2026-07-11T16:09:53.065+0000] {dagbag.py:588} INFO - Filling up the DagBag from /opt/airflow/dags/avito_to_raw_midraw.py
[2026-07-11T16:09:53.079+0000] {processor.py:925} INFO - DAG(s) 'avito_to_raw_midraw' retrieved from /opt/airflow/dags/avito_to_raw_midraw.py
[2026-07-11T16:09:53.094+0000] {logging_mixin.py:190} INFO - [2026-07-11T16:09:53.094+0000] {dag.py:3239} INFO - Sync 1 DAGs
[2026-07-11T16:09:53.112+0000] {processor.py:208} INFO - Processing /opt/airflow/dags/avito_to_raw_midraw.py took 0.052 seconds
[2026-07-11T16:10:23.471+0000] {processor.py:186} INFO - Started process (PID=204) to work on /opt/airflow/dags/avito_to_raw_midraw.py
[2026-07-11T16:10:23.472+0000] {processor.py:914} INFO - Processing file /opt/airflow/dags/avito_to_raw_midraw.py for tasks to queue
[2026-07-11T16:10:23.473+0000] {logging_mixin.py:190} INFO - [2026-07-11T16:10:23.473+0000] {dagbag.py:588} INFO - Filling up the DagBag from /opt/airflow/dags/avito_to_raw_midraw.py
[2026-07-11T16:10:23.490+0000] {processor.py:925} INFO - DAG(s) 'avito_to_raw_midraw' retrieved from /opt/airflow/dags/avito_to_raw_midraw.py
[2026-07-11T16:10:23.504+0000] {logging_mixin.py:190} INFO - [2026-07-11T16:10:23.504+0000] {dag.py:3239} INFO - Sync 1 DAGs
[2026-07-11T16:10:23.520+0000] {processor.py:208} INFO - Processing /opt/airflow/dags/avito_to_raw_midraw.py took 0.053 seconds
[2026-07-11T16:10:53.800+0000] {processor.py:186} INFO - Started process (PID=206) to work on /opt/airflow/dags/avito_to_raw_midraw.py
[2026-07-11T16:10:53.801+0000] {processor.py:914} INFO - Processing file /opt/airflow/dags/avito_to_raw_midraw.py for tasks to queue
[2026-07-11T16:10:53.802+0000] {logging_mixin.py:190} INFO - [2026-07-11T16:10:53.802+0000] {dagbag.py:588} INFO - Filling up the DagBag from /opt/airflow/dags/avito_to_raw_midraw.py
[2026-07-11T16:10:53.818+0000] {processor.py:925} INFO - DAG(s) 'avito_to_raw_midraw' retrieved from /opt/airflow/dags/avito_to_raw_midraw.py
[2026-07-11T16:10:53.835+0000] {logging_mixin.py:190} INFO - [2026-07-11T16:10:53.835+0000] {dag.py:3239} INFO - Sync 1 DAGs
[2026-07-11T16:10:53.855+0000] {processor.py:208} INFO - Processing /opt/airflow/dags/avito_to_raw_midraw.py took 0.059 seconds
[2026-07-11T16:11:24.146+0000] {processor.py:186} INFO - Started process (PID=215) to work on /opt/airflow/dags/avito_to_raw_midraw.py
[2026-07-11T16:11:24.147+0000] {processor.py:914} INFO - Processing file /opt/airflow/dags/avito_to_raw_midraw.py for tasks to queue
[2026-07-11T16:11:24.148+0000] {logging_mixin.py:190} INFO - [2026-07-11T16:11:24.148+0000] {dagbag.py:588} INFO - Filling up the DagBag from /opt/airflow/dags/avito_to_raw_midraw.py
[2026-07-11T16:11:24.162+0000] {processor.py:925} INFO - DAG(s) 'avito_to_raw_midraw' retrieved from /opt/airflow/dags/avito_to_raw_midraw.py
[2026-07-11T16:11:24.178+0000] {logging_mixin.py:190} INFO - [2026-07-11T16:11:24.177+0000] {dag.py:3239} INFO - Sync 1 DAGs
[2026-07-11T16:11:24.194+0000] {processor.py:208} INFO - Processing /opt/airflow/dags/avito_to_raw_midraw.py took 0.052 seconds
[2026-07-11T16:11:54.499+0000] {processor.py:186} INFO - Started process (PID=231) to work on /opt/airflow/dags/avito_to_raw_midraw.py
[2026-07-11T16:11:54.499+0000] {processor.py:914} INFO - Processing file /opt/airflow/dags/avito_to_raw_midraw.py for tasks to queue
[2026-07-11T16:11:54.501+0000] {logging_mixin.py:190} INFO - [2026-07-11T16:11:54.500+0000] {dagbag.py:588} INFO - Filling up the DagBag from /opt/airflow/dags/avito_to_raw_midraw.py
[2026-07-11T16:11:54.519+0000] {processor.py:925} INFO - DAG(s) 'avito_to_raw_midraw' retrieved from /opt/airflow/dags/avito_to_raw_midraw.py
[2026-07-11T16:11:54.533+0000] {logging_mixin.py:190} INFO - [2026-07-11T16:11:54.533+0000] {dag.py:3239} INFO - Sync 1 DAGs
[2026-07-11T16:11:54.549+0000] {processor.py:208} INFO - Processing /opt/airflow/dags/avito_to_raw_midraw.py took 0.054 seconds
[2026-07-11T16:12:24.895+0000] {processor.py:186} INFO - Started process (PID=233) to work on /opt/airflow/dags/avito_to_raw_midraw.py
[2026-07-11T16:12:24.896+0000] {processor.py:914} INFO - Processing file /opt/airflow/dags/avito_to_raw_midraw.py for tasks to queue
[2026-07-11T16:12:24.898+0000] {logging_mixin.py:190} INFO - [2026-07-11T16:12:24.897+0000] {dagbag.py:588} INFO - Filling up the DagBag from /opt/airflow/dags/avito_to_raw_midraw.py
[2026-07-11T16:12:24.911+0000] {processor.py:925} INFO - DAG(s) 'avito_to_raw_midraw' retrieved from /opt/airflow/dags/avito_to_raw_midraw.py
[2026-07-11T16:12:24.927+0000] {logging_mixin.py:190} INFO - [2026-07-11T16:12:24.927+0000] {dag.py:3239} INFO - Sync 1 DAGs
[2026-07-11T16:12:24.945+0000] {processor.py:208} INFO - Processing /opt/airflow/dags/avito_to_raw_midraw.py took 0.054 seconds
[2026-07-11T16:12:55.262+0000] {processor.py:186} INFO - Started process (PID=242) to work on /opt/airflow/dags/avito_to_raw_midraw.py
[2026-07-11T16:12:55.262+0000] {processor.py:914} INFO - Processing file /opt/airflow/dags/avito_to_raw_midraw.py for tasks to queue
[2026-07-11T16:12:55.264+0000] {logging_mixin.py:190} INFO - [2026-07-11T16:12:55.264+0000] {dagbag.py:588} INFO - Filling up the DagBag from /opt/airflow/dags/avito_to_raw_midraw.py
[2026-07-11T16:12:55.282+0000] {processor.py:925} INFO - DAG(s) 'avito_to_raw_midraw' retrieved from /opt/airflow/dags/avito_to_raw_midraw.py
[2026-07-11T16:12:55.295+0000] {logging_mixin.py:190} INFO - [2026-07-11T16:12:55.295+0000] {dag.py:3239} INFO - Sync 1 DAGs
[2026-07-11T16:12:55.313+0000] {processor.py:208} INFO - Processing /opt/airflow/dags/avito_to_raw_midraw.py took 0.055 seconds
[2026-07-11T16:13:25.652+0000] {processor.py:186} INFO - Started process (PID=256) to work on /opt/airflow/dags/avito_to_raw_midraw.py
[2026-07-11T16:13:25.653+0000] {processor.py:914} INFO - Processing file /opt/airflow/dags/avito_to_raw_midraw.py for tasks to queue
[2026-07-11T16:13:25.655+0000] {logging_mixin.py:190} INFO - [2026-07-11T16:13:25.654+0000] {dagbag.py:588} INFO - Filling up the DagBag from /opt/airflow/dags/avito_to_raw_midraw.py
[2026-07-11T16:13:25.670+0000] {processor.py:925} INFO - DAG(s) 'avito_to_raw_midraw' retrieved from /opt/airflow/dags/avito_to_raw_midraw.py
[2026-07-11T16:13:25.688+0000] {logging_mixin.py:190} INFO - [2026-07-11T16:13:25.688+0000] {dag.py:3239} INFO - Sync 1 DAGs
[2026-07-11T16:13:25.705+0000] {processor.py:208} INFO - Processing /opt/airflow/dags/avito_to_raw_midraw.py took 0.057 seconds
[2026-07-11T16:13:55.984+0000] {processor.py:186} INFO - Started process (PID=279) to work on /opt/airflow/dags/avito_to_raw_midraw.py
[2026-07-11T16:13:55.984+0000] {processor.py:914} INFO - Processing file /opt/airflow/dags/avito_to_raw_midraw.py for tasks to queue
[2026-07-11T16:13:55.986+0000] {logging_mixin.py:190} INFO - [2026-07-11T16:13:55.986+0000] {dagbag.py:588} INFO - Filling up the DagBag from /opt/airflow/dags/avito_to_raw_midraw.py
[2026-07-11T16:13:56.002+0000] {processor.py:925} INFO - DAG(s) 'avito_to_raw_midraw' retrieved from /opt/airflow/dags/avito_to_raw_midraw.py
[2026-07-11T16:13:56.020+0000] {logging_mixin.py:190} INFO - [2026-07-11T16:13:56.020+0000] {dag.py:3239} INFO - Sync 1 DAGs
[2026-07-11T16:13:56.035+0000] {processor.py:208} INFO - Processing /opt/airflow/dags/avito_to_raw_midraw.py took 0.055 seconds
[2026-07-11T16:14:26.402+0000] {processor.py:186} INFO - Started process (PID=321) to work on /opt/airflow/dags/avito_to_raw_midraw.py
[2026-07-11T16:14:26.402+0000] {processor.py:914} INFO - Processing file /opt/airflow/dags/avito_to_raw_midraw.py for tasks to queue
[2026-07-11T16:14:26.404+0000] {logging_mixin.py:190} INFO - [2026-07-11T16:14:26.403+0000] {dagbag.py:588} INFO - Filling up the DagBag from /opt/airflow/dags/avito_to_raw_midraw.py
[2026-07-11T16:14:26.421+0000] {processor.py:925} INFO - DAG(s) 'avito_to_raw_midraw' retrieved from /opt/airflow/dags/avito_to_raw_midraw.py
[2026-07-11T16:14:26.437+0000] {logging_mixin.py:190} INFO - [2026-07-11T16:14:26.437+0000] {dag.py:3239} INFO - Sync 1 DAGs
[2026-07-11T16:14:26.453+0000] {processor.py:208} INFO - Processing /opt/airflow/dags/avito_to_raw_midraw.py took 0.055 seconds
[2026-07-11T16:14:56.821+0000] {processor.py:186} INFO - Started process (PID=323) to work on /opt/airflow/dags/avito_to_raw_midraw.py
[2026-07-11T16:14:56.822+0000] {processor.py:914} INFO - Processing file /opt/airflow/dags/avito_to_raw_midraw.py for tasks to queue
[2026-07-11T16:14:56.823+0000] {logging_mixin.py:190} INFO - [2026-07-11T16:14:56.823+0000] {dagbag.py:588} INFO - Filling up the DagBag from /opt/airflow/dags/avito_to_raw_midraw.py
[2026-07-11T16:14:56.837+0000] {processor.py:925} INFO - DAG(s) 'avito_to_raw_midraw' retrieved from /opt/airflow/dags/avito_to_raw_midraw.py
[2026-07-11T16:14:56.853+0000] {logging_mixin.py:190} INFO - [2026-07-11T16:14:56.853+0000] {dag.py:3239} INFO - Sync 1 DAGs
[2026-07-11T16:14:56.870+0000] {processor.py:208} INFO - Processing /opt/airflow/dags/avito_to_raw_midraw.py took 0.053 seconds
[2026-07-11T16:15:27.189+0000] {processor.py:186} INFO - Started process (PID=325) to work on /opt/airflow/dags/avito_to_raw_midraw.py
[2026-07-11T16:15:27.190+0000] {processor.py:914} INFO - Processing file /opt/airflow/dags/avito_to_raw_midraw.py for tasks to queue
[2026-07-11T16:15:27.191+0000] {logging_mixin.py:190} INFO - [2026-07-11T16:15:27.191+0000] {dagbag.py:588} INFO - Filling up the DagBag from /opt/airflow/dags/avito_to_raw_midraw.py
[2026-07-11T16:15:27.206+0000] {processor.py:925} INFO - DAG(s) 'avito_to_raw_midraw' retrieved from /opt/airflow/dags/avito_to_raw_midraw.py
[2026-07-11T16:15:27.221+0000] {logging_mixin.py:190} INFO - [2026-07-11T16:15:27.221+0000] {dag.py:3239} INFO - Sync 1 DAGs
[2026-07-11T16:15:27.238+0000] {processor.py:208} INFO - Processing /opt/airflow/dags/avito_to_raw_midraw.py took 0.053 seconds
[2026-07-11T16:15:57.593+0000] {processor.py:186} INFO - Started process (PID=327) to work on /opt/airflow/dags/avito_to_raw_midraw.py
[2026-07-11T16:15:57.593+0000] {processor.py:914} INFO - Processing file /opt/airflow/dags/avito_to_raw_midraw.py for tasks to queue
[2026-07-11T16:15:57.595+0000] {logging_mixin.py:190} INFO - [2026-07-11T16:15:57.595+0000] {dagbag.py:588} INFO - Filling up the DagBag from /opt/airflow/dags/avito_to_raw_midraw.py
[2026-07-11T16:15:57.611+0000] {processor.py:925} INFO - DAG(s) 'avito_to_raw_midraw' retrieved from /opt/airflow/dags/avito_to_raw_midraw.py
[2026-07-11T16:15:57.628+0000] {logging_mixin.py:190} INFO - [2026-07-11T16:15:57.628+0000] {dag.py:3239} INFO - Sync 1 DAGs
[2026-07-11T16:15:57.644+0000] {processor.py:208} INFO - Processing /opt/airflow/dags/avito_to_raw_midraw.py took 0.055 seconds
[2026-07-11T16:16:27.931+0000] {processor.py:186} INFO - Started process (PID=356) to work on /opt/airflow/dags/avito_to_raw_midraw.py
[2026-07-11T16:16:27.931+0000] {processor.py:914} INFO - Processing file /opt/airflow/dags/avito_to_raw_midraw.py for tasks to queue
[2026-07-11T16:16:27.933+0000] {logging_mixin.py:190} INFO - [2026-07-11T16:16:27.933+0000] {dagbag.py:588} INFO - Filling up the DagBag from /opt/airflow/dags/avito_to_raw_midraw.py
[2026-07-11T16:16:27.944+0000] {processor.py:925} INFO - DAG(s) 'avito_to_raw_midraw' retrieved from /opt/airflow/dags/avito_to_raw_midraw.py
[2026-07-11T16:16:27.960+0000] {logging_mixin.py:190} INFO - [2026-07-11T16:16:27.960+0000] {dag.py:3239} INFO - Sync 1 DAGs
[2026-07-11T16:16:27.987+0000] {processor.py:208} INFO - Processing /opt/airflow/dags/avito_to_raw_midraw.py took 0.059 seconds
[2026-07-11T16:16:58.359+0000] {processor.py:186} INFO - Started process (PID=365) to work on /opt/airflow/dags/avito_to_raw_midraw.py
[2026-07-11T16:16:58.359+0000] {processor.py:914} INFO - Processing file /opt/airflow/dags/avito_to_raw_midraw.py for tasks to queue
[2026-07-11T16:16:58.361+0000] {logging_mixin.py:190} INFO - [2026-07-11T16:16:58.361+0000] {dagbag.py:588} INFO - Filling up the DagBag from /opt/airflow/dags/avito_to_raw_midraw.py
[2026-07-11T16:16:58.375+0000] {processor.py:925} INFO - DAG(s) 'avito_to_raw_midraw' retrieved from /opt/airflow/dags/avito_to_raw_midraw.py
[2026-07-11T16:16:58.390+0000] {logging_mixin.py:190} INFO - [2026-07-11T16:16:58.390+0000] {dag.py:3239} INFO - Sync 1 DAGs
[2026-07-11T16:16:58.407+0000] {processor.py:208} INFO - Processing /opt/airflow/dags/avito_to_raw_midraw.py took 0.052 seconds
[2026-07-11T16:17:28.726+0000] {processor.py:186} INFO - Started process (PID=381) to work on /opt/airflow/dags/avito_to_raw_midraw.py
[2026-07-11T16:17:28.726+0000] {processor.py:914} INFO - Processing file /opt/airflow/dags/avito_to_raw_midraw.py for tasks to queue
[2026-07-11T16:17:28.728+0000] {logging_mixin.py:190} INFO - [2026-07-11T16:17:28.728+0000] {dagbag.py:588} INFO - Filling up the DagBag from /opt/airflow/dags/avito_to_raw_midraw.py
[2026-07-11T16:17:28.746+0000] {processor.py:925} INFO - DAG(s) 'avito_to_raw_midraw' retrieved from /opt/airflow/dags/avito_to_raw_midraw.py
[2026-07-11T16:17:28.762+0000] {logging_mixin.py:190} INFO - [2026-07-11T16:17:28.761+0000] {dag.py:3239} INFO - Sync 1 DAGs
[2026-07-11T16:17:28.778+0000] {processor.py:208} INFO - Processing /opt/airflow/dags/avito_to_raw_midraw.py took 0.056 seconds
[2026-07-11T16:17:59.070+0000] {processor.py:186} INFO - Started process (PID=404) to work on /opt/airflow/dags/avito_to_raw_midraw.py
[2026-07-11T16:17:59.070+0000] {processor.py:914} INFO - Processing file /opt/airflow/dags/avito_to_raw_midraw.py for tasks to queue
[2026-07-11T16:17:59.071+0000] {logging_mixin.py:190} INFO - [2026-07-11T16:17:59.071+0000] {dagbag.py:588} INFO - Filling up the DagBag from /opt/airflow/dags/avito_to_raw_midraw.py
[2026-07-11T16:17:59.080+0000] {processor.py:925} INFO - DAG(s) 'avito_to_raw_midraw' retrieved from /opt/airflow/dags/avito_to_raw_midraw.py
[2026-07-11T16:17:59.093+0000] {logging_mixin.py:190} INFO - [2026-07-11T16:17:59.093+0000] {dag.py:3239} INFO - Sync 1 DAGs
[2026-07-11T16:17:59.109+0000] {processor.py:208} INFO - Processing /opt/airflow/dags/avito_to_raw_midraw.py took 0.042 seconds
[2026-07-11T16:18:29.345+0000] {processor.py:186} INFO - Started process (PID=412) to work on /opt/airflow/dags/avito_to_raw_midraw.py
[2026-07-11T16:18:29.346+0000] {processor.py:914} INFO - Processing file /opt/airflow/dags/avito_to_raw_midraw.py for tasks to queue
[2026-07-11T16:18:29.346+0000] {logging_mixin.py:190} INFO - [2026-07-11T16:18:29.346+0000] {dagbag.py:588} INFO - Filling up the DagBag from /opt/airflow/dags/avito_to_raw_midraw.py
[2026-07-11T16:18:29.354+0000] {processor.py:925} INFO - DAG(s) 'avito_to_raw_midraw' retrieved from /opt/airflow/dags/avito_to_raw_midraw.py
[2026-07-11T16:18:29.367+0000] {logging_mixin.py:190} INFO - [2026-07-11T16:18:29.366+0000] {dag.py:3239} INFO - Sync 1 DAGs
[2026-07-11T16:18:29.382+0000] {processor.py:208} INFO - Processing /opt/airflow/dags/avito_to_raw_midraw.py took 0.040 seconds
[2026-07-11T16:18:59.623+0000] {processor.py:186} INFO - Started process (PID=435) to work on /opt/airflow/dags/avito_to_raw_midraw.py
[2026-07-11T16:18:59.624+0000] {processor.py:914} INFO - Processing file /opt/airflow/dags/avito_to_raw_midraw.py for tasks to queue
[2026-07-11T16:18:59.625+0000] {logging_mixin.py:190} INFO - [2026-07-11T16:18:59.625+0000] {dagbag.py:588} INFO - Filling up the DagBag from /opt/airflow/dags/avito_to_raw_midraw.py
[2026-07-11T16:18:59.636+0000] {processor.py:925} INFO - DAG(s) 'avito_to_raw_midraw' retrieved from /opt/airflow/dags/avito_to_raw_midraw.py
[2026-07-11T16:18:59.649+0000] {logging_mixin.py:190} INFO - [2026-07-11T16:18:59.649+0000] {dag.py:3239} INFO - Sync 1 DAGs
[2026-07-11T16:18:59.666+0000] {processor.py:208} INFO - Processing /opt/airflow/dags/avito_to_raw_midraw.py took 0.048 seconds
[2026-07-11T16:19:29.921+0000] {processor.py:186} INFO - Started process (PID=444) to work on /opt/airflow/dags/avito_to_raw_midraw.py
[2026-07-11T16:19:29.921+0000] {processor.py:914} INFO - Processing file /opt/airflow/dags/avito_to_raw_midraw.py for tasks to queue
[2026-07-11T16:19:29.922+0000] {logging_mixin.py:190} INFO - [2026-07-11T16:19:29.922+0000] {dagbag.py:588} INFO - Filling up the DagBag from /opt/airflow/dags/avito_to_raw_midraw.py
[2026-07-11T16:19:29.938+0000] {processor.py:925} INFO - DAG(s) 'avito_to_raw_midraw' retrieved from /opt/airflow/dags/avito_to_raw_midraw.py
[2026-07-11T16:19:29.952+0000] {logging_mixin.py:190} INFO - [2026-07-11T16:19:29.952+0000] {dag.py:3239} INFO - Sync 1 DAGs
[2026-07-11T16:19:29.961+0000] {logging_mixin.py:190} INFO - [2026-07-11T16:19:29.961+0000] {dag.py:4180} INFO - Setting next_dagrun for avito_to_raw_midraw to 2026-07-11 15:00:00+00:00, run_after=2026-07-11 16:00:00+00:00
[2026-07-11T16:19:29.974+0000] {processor.py:208} INFO - Processing /opt/airflow/dags/avito_to_raw_midraw.py took 0.057 seconds
[2026-07-11T16:20:00.306+0000] {processor.py:186} INFO - Started process (PID=446) to work on /opt/airflow/dags/avito_to_raw_midraw.py
[2026-07-11T16:20:00.306+0000] {processor.py:914} INFO - Processing file /opt/airflow/dags/avito_to_raw_midraw.py for tasks to queue
[2026-07-11T16:20:00.308+0000] {logging_mixin.py:190} INFO - [2026-07-11T16:20:00.308+0000] {dagbag.py:588} INFO - Filling up the DagBag from /opt/airflow/dags/avito_to_raw_midraw.py
[2026-07-11T16:20:00.325+0000] {processor.py:925} INFO - DAG(s) 'avito_to_raw_midraw' retrieved from /opt/airflow/dags/avito_to_raw_midraw.py
[2026-07-11T16:20:00.340+0000] {logging_mixin.py:190} INFO - [2026-07-11T16:20:00.340+0000] {dag.py:3239} INFO - Sync 1 DAGs
[2026-07-11T16:20:00.349+0000] {logging_mixin.py:190} INFO - [2026-07-11T16:20:00.349+0000] {dag.py:4180} INFO - Setting next_dagrun for avito_to_raw_midraw to 2026-07-11 16:00:00+00:00, run_after=2026-07-11 17:00:00+00:00
[2026-07-11T16:20:00.357+0000] {processor.py:208} INFO - Processing /opt/airflow/dags/avito_to_raw_midraw.py took 0.055 seconds
[2026-07-11T16:20:30.661+0000] {processor.py:186} INFO - Started process (PID=448) to work on /opt/airflow/dags/avito_to_raw_midraw.py
[2026-07-11T16:20:30.662+0000] {processor.py:914} INFO - Processing file /opt/airflow/dags/avito_to_raw_midraw.py for tasks to queue
[2026-07-11T16:20:30.664+0000] {logging_mixin.py:190} INFO - [2026-07-11T16:20:30.663+0000] {dagbag.py:588} INFO - Filling up the DagBag from /opt/airflow/dags/avito_to_raw_midraw.py
[2026-07-11T16:20:30.679+0000] {processor.py:925} INFO - DAG(s) 'avito_to_raw_midraw' retrieved from /opt/airflow/dags/avito_to_raw_midraw.py
[2026-07-11T16:20:30.693+0000] {logging_mixin.py:190} INFO - [2026-07-11T16:20:30.693+0000] {dag.py:3239} INFO - Sync 1 DAGs
[2026-07-11T16:20:30.703+0000] {logging_mixin.py:190} INFO - [2026-07-11T16:20:30.703+0000] {dag.py:4180} INFO - Setting next_dagrun for avito_to_raw_midraw to 2026-07-11 16:00:00+00:00, run_after=2026-07-11 17:00:00+00:00
[2026-07-11T16:20:30.711+0000] {processor.py:208} INFO - Processing /opt/airflow/dags/avito_to_raw_midraw.py took 0.053 seconds
[2026-07-11T16:21:01.058+0000] {processor.py:186} INFO - Started process (PID=450) to work on /opt/airflow/dags/avito_to_raw_midraw.py
[2026-07-11T16:21:01.059+0000] {processor.py:914} INFO - Processing file /opt/airflow/dags/avito_to_raw_midraw.py for tasks to queue
[2026-07-11T16:21:01.061+0000] {logging_mixin.py:190} INFO - [2026-07-11T16:21:01.060+0000] {dagbag.py:588} INFO - Filling up the DagBag from /opt/airflow/dags/avito_to_raw_midraw.py
[2026-07-11T16:21:01.077+0000] {processor.py:925} INFO - DAG(s) 'avito_to_raw_midraw' retrieved from /opt/airflow/dags/avito_to_raw_midraw.py
[2026-07-11T16:21:01.091+0000] {logging_mixin.py:190} INFO - [2026-07-11T16:21:01.091+0000] {dag.py:3239} INFO - Sync 1 DAGs
[2026-07-11T16:21:01.101+0000] {logging_mixin.py:190} INFO - [2026-07-11T16:21:01.101+0000] {dag.py:4180} INFO - Setting next_dagrun for avito_to_raw_midraw to 2026-07-11 16:00:00+00:00, run_after=2026-07-11 17:00:00+00:00
[2026-07-11T16:21:01.110+0000] {processor.py:208} INFO - Processing /opt/airflow/dags/avito_to_raw_midraw.py took 0.056 seconds
[2026-07-11T16:21:31.411+0000] {processor.py:186} INFO - Started process (PID=452) to work on /opt/airflow/dags/avito_to_raw_midraw.py
[2026-07-11T16:21:31.412+0000] {processor.py:914} INFO - Processing file /opt/airflow/dags/avito_to_raw_midraw.py for tasks to queue
[2026-07-11T16:21:31.413+0000] {logging_mixin.py:190} INFO - [2026-07-11T16:21:31.413+0000] {dagbag.py:588} INFO - Filling up the DagBag from /opt/airflow/dags/avito_to_raw_midraw.py
[2026-07-11T16:21:31.429+0000] {processor.py:925} INFO - DAG(s) 'avito_to_raw_midraw' retrieved from /opt/airflow/dags/avito_to_raw_midraw.py
[2026-07-11T16:21:31.446+0000] {logging_mixin.py:190} INFO - [2026-07-11T16:21:31.446+0000] {dag.py:3239} INFO - Sync 1 DAGs
[2026-07-11T16:21:31.457+0000] {logging_mixin.py:190} INFO - [2026-07-11T16:21:31.457+0000] {dag.py:4180} INFO - Setting next_dagrun for avito_to_raw_midraw to 2026-07-11 16:00:00+00:00, run_after=2026-07-11 17:00:00+00:00
[2026-07-11T16:21:31.465+0000] {processor.py:208} INFO - Processing /opt/airflow/dags/avito_to_raw_midraw.py took 0.058 seconds
[2026-07-11T16:22:01.761+0000] {processor.py:186} INFO - Started process (PID=454) to work on /opt/airflow/dags/avito_to_raw_midraw.py
[2026-07-11T16:22:01.761+0000] {processor.py:914} INFO - Processing file /opt/airflow/dags/avito_to_raw_midraw.py for tasks to queue
[2026-07-11T16:22:01.763+0000] {logging_mixin.py:190} INFO - [2026-07-11T16:22:01.763+0000] {dagbag.py:588} INFO - Filling up the DagBag from /opt/airflow/dags/avito_to_raw_midraw.py
[2026-07-11T16:22:01.782+0000] {processor.py:925} INFO - DAG(s) 'avito_to_raw_midraw' retrieved from /opt/airflow/dags/avito_to_raw_midraw.py
[2026-07-11T16:22:01.796+0000] {logging_mixin.py:190} INFO - [2026-07-11T16:22:01.796+0000] {dag.py:3239} INFO - Sync 1 DAGs
[2026-07-11T16:22:01.807+0000] {logging_mixin.py:190} INFO - [2026-07-11T16:22:01.807+0000] {dag.py:4180} INFO - Setting next_dagrun for avito_to_raw_midraw to 2026-07-11 16:00:00+00:00, run_after=2026-07-11 17:00:00+00:00
[2026-07-11T16:22:01.815+0000] {processor.py:208} INFO - Processing /opt/airflow/dags/avito_to_raw_midraw.py took 0.059 seconds
[2026-07-11T16:22:32.173+0000] {processor.py:186} INFO - Started process (PID=456) to work on /opt/airflow/dags/avito_to_raw_midraw.py
[2026-07-11T16:22:32.174+0000] {processor.py:914} INFO - Processing file /opt/airflow/dags/avito_to_raw_midraw.py for tasks to queue
[2026-07-11T16:22:32.175+0000] {logging_mixin.py:190} INFO - [2026-07-11T16:22:32.175+0000] {dagbag.py:588} INFO - Filling up the DagBag from /opt/airflow/dags/avito_to_raw_midraw.py
[2026-07-11T16:22:32.190+0000] {processor.py:925} INFO - DAG(s) 'avito_to_raw_midraw' retrieved from /opt/airflow/dags/avito_to_raw_midraw.py
[2026-07-11T16:22:32.204+0000] {logging_mixin.py:190} INFO - [2026-07-11T16:22:32.204+0000] {dag.py:3239} INFO - Sync 1 DAGs
[2026-07-11T16:22:32.215+0000] {logging_mixin.py:190} INFO - [2026-07-11T16:22:32.215+0000] {dag.py:4180} INFO - Setting next_dagrun for avito_to_raw_midraw to 2026-07-11 16:00:00+00:00, run_after=2026-07-11 17:00:00+00:00
[2026-07-11T16:22:32.222+0000] {processor.py:208} INFO - Processing /opt/airflow/dags/avito_to_raw_midraw.py took 0.054 seconds
[2026-07-11T16:23:02.526+0000] {processor.py:186} INFO - Started process (PID=458) to work on /opt/airflow/dags/avito_to_raw_midraw.py
[2026-07-11T16:23:02.527+0000] {processor.py:914} INFO - Processing file /opt/airflow/dags/avito_to_raw_midraw.py for tasks to queue
[2026-07-11T16:23:02.528+0000] {logging_mixin.py:190} INFO - [2026-07-11T16:23:02.528+0000] {dagbag.py:588} INFO - Filling up the DagBag from /opt/airflow/dags/avito_to_raw_midraw.py
[2026-07-11T16:23:02.543+0000] {processor.py:925} INFO - DAG(s) 'avito_to_raw_midraw' retrieved from /opt/airflow/dags/avito_to_raw_midraw.py
[2026-07-11T16:23:02.560+0000] {logging_mixin.py:190} INFO - [2026-07-11T16:23:02.560+0000] {dag.py:3239} INFO - Sync 1 DAGs
[2026-07-11T16:23:02.570+0000] {logging_mixin.py:190} INFO - [2026-07-11T16:23:02.570+0000] {dag.py:4180} INFO - Setting next_dagrun for avito_to_raw_midraw to 2026-07-11 16:00:00+00:00, run_after=2026-07-11 17:00:00+00:00
[2026-07-11T16:23:02.579+0000] {processor.py:208} INFO - Processing /opt/airflow/dags/avito_to_raw_midraw.py took 0.056 seconds
[2026-07-11T16:23:32.861+0000] {processor.py:186} INFO - Started process (PID=460) to work on /opt/airflow/dags/avito_to_raw_midraw.py
[2026-07-11T16:23:32.862+0000] {processor.py:914} INFO - Processing file /opt/airflow/dags/avito_to_raw_midraw.py for tasks to queue
[2026-07-11T16:23:32.863+0000] {logging_mixin.py:190} INFO - [2026-07-11T16:23:32.863+0000] {dagbag.py:588} INFO - Filling up the DagBag from /opt/airflow/dags/avito_to_raw_midraw.py
[2026-07-11T16:23:32.882+0000] {processor.py:925} INFO - DAG(s) 'avito_to_raw_midraw' retrieved from /opt/airflow/dags/avito_to_raw_midraw.py
[2026-07-11T16:23:32.899+0000] {logging_mixin.py:190} INFO - [2026-07-11T16:23:32.898+0000] {dag.py:3239} INFO - Sync 1 DAGs
[2026-07-11T16:23:32.911+0000] {logging_mixin.py:190} INFO - [2026-07-11T16:23:32.911+0000] {dag.py:4180} INFO - Setting next_dagrun for avito_to_raw_midraw to 2026-07-11 16:00:00+00:00, run_after=2026-07-11 17:00:00+00:00
[2026-07-11T16:23:32.920+0000] {processor.py:208} INFO - Processing /opt/airflow/dags/avito_to_raw_midraw.py took 0.063 seconds
[2026-07-11T16:24:03.238+0000] {processor.py:186} INFO - Started process (PID=462) to work on /opt/airflow/dags/avito_to_raw_midraw.py
[2026-07-11T16:24:03.238+0000] {processor.py:914} INFO - Processing file /opt/airflow/dags/avito_to_raw_midraw.py for tasks to queue
[2026-07-11T16:24:03.240+0000] {logging_mixin.py:190} INFO - [2026-07-11T16:24:03.240+0000] {dagbag.py:588} INFO - Filling up the DagBag from /opt/airflow/dags/avito_to_raw_midraw.py
[2026-07-11T16:24:03.254+0000] {processor.py:925} INFO - DAG(s) 'avito_to_raw_midraw' retrieved from /opt/airflow/dags/avito_to_raw_midraw.py
[2026-07-11T16:24:03.269+0000] {logging_mixin.py:190} INFO - [2026-07-11T16:24:03.269+0000] {dag.py:3239} INFO - Sync 1 DAGs
[2026-07-11T16:24:03.282+0000] {logging_mixin.py:190} INFO - [2026-07-11T16:24:03.282+0000] {dag.py:4180} INFO - Setting next_dagrun for avito_to_raw_midraw to 2026-07-11 16:00:00+00:00, run_after=2026-07-11 17:00:00+00:00
[2026-07-11T16:24:03.291+0000] {processor.py:208} INFO - Processing /opt/airflow/dags/avito_to_raw_midraw.py took 0.058 seconds
[2026-07-11T16:24:33.579+0000] {processor.py:186} INFO - Started process (PID=464) to work on /opt/airflow/dags/avito_to_raw_midraw.py
[2026-07-11T16:24:33.581+0000] {processor.py:914} INFO - Processing file /opt/airflow/dags/avito_to_raw_midraw.py for tasks to queue
[2026-07-11T16:24:33.583+0000] {logging_mixin.py:190} INFO - [2026-07-11T16:24:33.582+0000] {dagbag.py:588} INFO - Filling up the DagBag from /opt/airflow/dags/avito_to_raw_midraw.py
[2026-07-11T16:24:33.598+0000] {processor.py:925} INFO - DAG(s) 'avito_to_raw_midraw' retrieved from /opt/airflow/dags/avito_to_raw_midraw.py
[2026-07-11T16:24:33.615+0000] {logging_mixin.py:190} INFO - [2026-07-11T16:24:33.615+0000] {dag.py:3239} INFO - Sync 1 DAGs
[2026-07-11T16:24:33.624+0000] {logging_mixin.py:190} INFO - [2026-07-11T16:24:33.624+0000] {dag.py:4180} INFO - Setting next_dagrun for avito_to_raw_midraw to 2026-07-11 16:00:00+00:00, run_after=2026-07-11 17:00:00+00:00
[2026-07-11T16:24:33.632+0000] {processor.py:208} INFO - Processing /opt/airflow/dags/avito_to_raw_midraw.py took 0.057 seconds
[2026-07-11T16:25:03.932+0000] {processor.py:186} INFO - Started process (PID=466) to work on /opt/airflow/dags/avito_to_raw_midraw.py
[2026-07-11T16:25:03.933+0000] {processor.py:914} INFO - Processing file /opt/airflow/dags/avito_to_raw_midraw.py for tasks to queue
[2026-07-11T16:25:03.934+0000] {logging_mixin.py:190} INFO - [2026-07-11T16:25:03.934+0000] {dagbag.py:588} INFO - Filling up the DagBag from /opt/airflow/dags/avito_to_raw_midraw.py
[2026-07-11T16:25:03.949+0000] {processor.py:925} INFO - DAG(s) 'avito_to_raw_midraw' retrieved from /opt/airflow/dags/avito_to_raw_midraw.py
[2026-07-11T16:25:03.965+0000] {logging_mixin.py:190} INFO - [2026-07-11T16:25:03.965+0000] {dag.py:3239} INFO - Sync 1 DAGs
[2026-07-11T16:25:03.975+0000] {logging_mixin.py:190} INFO - [2026-07-11T16:25:03.975+0000] {dag.py:4180} INFO - Setting next_dagrun for avito_to_raw_midraw to 2026-07-11 16:00:00+00:00, run_after=2026-07-11 17:00:00+00:00
[2026-07-11T16:25:03.986+0000] {processor.py:208} INFO - Processing /opt/airflow/dags/avito_to_raw_midraw.py took 0.057 seconds
[2026-07-11T16:25:34.296+0000] {processor.py:186} INFO - Started process (PID=468) to work on /opt/airflow/dags/avito_to_raw_midraw.py
[2026-07-11T16:25:34.296+0000] {processor.py:914} INFO - Processing file /opt/airflow/dags/avito_to_raw_midraw.py for tasks to queue
[2026-07-11T16:25:34.298+0000] {logging_mixin.py:190} INFO - [2026-07-11T16:25:34.298+0000] {dagbag.py:588} INFO - Filling up the DagBag from /opt/airflow/dags/avito_to_raw_midraw.py
[2026-07-11T16:25:34.314+0000] {processor.py:925} INFO - DAG(s) 'avito_to_raw_midraw' retrieved from /opt/airflow/dags/avito_to_raw_midraw.py
[2026-07-11T16:25:34.328+0000] {logging_mixin.py:190} INFO - [2026-07-11T16:25:34.328+0000] {dag.py:3239} INFO - Sync 1 DAGs
[2026-07-11T16:25:34.341+0000] {logging_mixin.py:190} INFO - [2026-07-11T16:25:34.341+0000] {dag.py:4180} INFO - Setting next_dagrun for avito_to_raw_midraw to 2026-07-11 16:00:00+00:00, run_after=2026-07-11 17:00:00+00:00
[2026-07-11T16:25:34.350+0000] {processor.py:208} INFO - Processing /opt/airflow/dags/avito_to_raw_midraw.py took 0.057 seconds
[2026-07-11T16:26:04.688+0000] {processor.py:186} INFO - Started process (PID=470) to work on /opt/airflow/dags/avito_to_raw_midraw.py
[2026-07-11T16:26:04.689+0000] {processor.py:914} INFO - Processing file /opt/airflow/dags/avito_to_raw_midraw.py for tasks to queue
[2026-07-11T16:26:04.690+0000] {logging_mixin.py:190} INFO - [2026-07-11T16:26:04.690+0000] {dagbag.py:588} INFO - Filling up the DagBag from /opt/airflow/dags/avito_to_raw_midraw.py
[2026-07-11T16:26:04.706+0000] {processor.py:925} INFO - DAG(s) 'avito_to_raw_midraw' retrieved from /opt/airflow/dags/avito_to_raw_midraw.py
[2026-07-11T16:26:04.723+0000] {logging_mixin.py:190} INFO - [2026-07-11T16:26:04.723+0000] {dag.py:3239} INFO - Sync 1 DAGs
[2026-07-11T16:26:04.734+0000] {logging_mixin.py:190} INFO - [2026-07-11T16:26:04.734+0000] {dag.py:4180} INFO - Setting next_dagrun for avito_to_raw_midraw to 2026-07-11 16:00:00+00:00, run_after=2026-07-11 17:00:00+00:00
[2026-07-11T16:26:04.744+0000] {processor.py:208} INFO - Processing /opt/airflow/dags/avito_to_raw_midraw.py took 0.060 seconds
[2026-07-11T16:26:35.015+0000] {processor.py:186} INFO - Started process (PID=472) to work on /opt/airflow/dags/avito_to_raw_midraw.py
[2026-07-11T16:26:35.015+0000] {processor.py:914} INFO - Processing file /opt/airflow/dags/avito_to_raw_midraw.py for tasks to queue
[2026-07-11T16:26:35.016+0000] {logging_mixin.py:190} INFO - [2026-07-11T16:26:35.016+0000] {dagbag.py:588} INFO - Filling up the DagBag from /opt/airflow/dags/avito_to_raw_midraw.py
[2026-07-11T16:26:35.032+0000] {processor.py:925} INFO - DAG(s) 'avito_to_raw_midraw' retrieved from /opt/airflow/dags/avito_to_raw_midraw.py
[2026-07-11T16:26:35.047+0000] {logging_mixin.py:190} INFO - [2026-07-11T16:26:35.046+0000] {dag.py:3239} INFO - Sync 1 DAGs
[2026-07-11T16:26:35.056+0000] {logging_mixin.py:190} INFO - [2026-07-11T16:26:35.056+0000] {dag.py:4180} INFO - Setting next_dagrun for avito_to_raw_midraw to 2026-07-11 16:00:00+00:00, run_after=2026-07-11 17:00:00+00:00
[2026-07-11T16:26:35.065+0000] {processor.py:208} INFO - Processing /opt/airflow/dags/avito_to_raw_midraw.py took 0.054 seconds
[2026-07-11T16:27:05.295+0000] {processor.py:186} INFO - Started process (PID=474) to work on /opt/airflow/dags/avito_to_raw_midraw.py
[2026-07-11T16:27:05.295+0000] {processor.py:914} INFO - Processing file /opt/airflow/dags/avito_to_raw_midraw.py for tasks to queue
[2026-07-11T16:27:05.297+0000] {logging_mixin.py:190} INFO - [2026-07-11T16:27:05.297+0000] {dagbag.py:588} INFO - Filling up the DagBag from /opt/airflow/dags/avito_to_raw_midraw.py
[2026-07-11T16:27:05.314+0000] {processor.py:925} INFO - DAG(s) 'avito_to_raw_midraw' retrieved from /opt/airflow/dags/avito_to_raw_midraw.py
[2026-07-11T16:27:05.329+0000] {logging_mixin.py:190} INFO - [2026-07-11T16:27:05.329+0000] {dag.py:3239} INFO - Sync 1 DAGs
[2026-07-11T16:27:05.340+0000] {logging_mixin.py:190} INFO - [2026-07-11T16:27:05.340+0000] {dag.py:4180} INFO - Setting next_dagrun for avito_to_raw_midraw to 2026-07-11 16:00:00+00:00, run_after=2026-07-11 17:00:00+00:00
[2026-07-11T16:27:05.349+0000] {processor.py:208} INFO - Processing /opt/airflow/dags/avito_to_raw_midraw.py took 0.058 seconds
[2026-07-11T16:27:35.693+0000] {processor.py:186} INFO - Started process (PID=476) to work on /opt/airflow/dags/avito_to_raw_midraw.py
[2026-07-11T16:27:35.694+0000] {processor.py:914} INFO - Processing file /opt/airflow/dags/avito_to_raw_midraw.py for tasks to queue
[2026-07-11T16:27:35.695+0000] {logging_mixin.py:190} INFO - [2026-07-11T16:27:35.695+0000] {dagbag.py:588} INFO - Filling up the DagBag from /opt/airflow/dags/avito_to_raw_midraw.py
[2026-07-11T16:27:35.710+0000] {processor.py:925} INFO - DAG(s) 'avito_to_raw_midraw' retrieved from /opt/airflow/dags/avito_to_raw_midraw.py
[2026-07-11T16:27:35.725+0000] {logging_mixin.py:190} INFO - [2026-07-11T16:27:35.724+0000] {dag.py:3239} INFO - Sync 1 DAGs
[2026-07-11T16:27:35.734+0000] {logging_mixin.py:190} INFO - [2026-07-11T16:27:35.734+0000] {dag.py:4180} INFO - Setting next_dagrun for avito_to_raw_midraw to 2026-07-11 16:00:00+00:00, run_after=2026-07-11 17:00:00+00:00
[2026-07-11T16:27:35.743+0000] {processor.py:208} INFO - Processing /opt/airflow/dags/avito_to_raw_midraw.py took 0.054 seconds
[2026-07-11T16:28:06.039+0000] {processor.py:186} INFO - Started process (PID=478) to work on /opt/airflow/dags/avito_to_raw_midraw.py
[2026-07-11T16:28:06.040+0000] {processor.py:914} INFO - Processing file /opt/airflow/dags/avito_to_raw_midraw.py for tasks to queue
[2026-07-11T16:28:06.041+0000] {logging_mixin.py:190} INFO - [2026-07-11T16:28:06.041+0000] {dagbag.py:588} INFO - Filling up the DagBag from /opt/airflow/dags/avito_to_raw_midraw.py
[2026-07-11T16:28:06.055+0000] {processor.py:925} INFO - DAG(s) 'avito_to_raw_midraw' retrieved from /opt/airflow/dags/avito_to_raw_midraw.py
[2026-07-11T16:28:06.069+0000] {logging_mixin.py:190} INFO - [2026-07-11T16:28:06.069+0000] {dag.py:3239} INFO - Sync 1 DAGs
[2026-07-11T16:28:06.079+0000] {logging_mixin.py:190} INFO - [2026-07-11T16:28:06.079+0000] {dag.py:4180} INFO - Setting next_dagrun for avito_to_raw_midraw to 2026-07-11 16:00:00+00:00, run_after=2026-07-11 17:00:00+00:00
[2026-07-11T16:28:06.089+0000] {processor.py:208} INFO - Processing /opt/airflow/dags/avito_to_raw_midraw.py took 0.053 seconds
[2026-07-11T16:28:36.453+0000] {processor.py:186} INFO - Started process (PID=480) to work on /opt/airflow/dags/avito_to_raw_midraw.py
[2026-07-11T16:28:36.454+0000] {processor.py:914} INFO - Processing file /opt/airflow/dags/avito_to_raw_midraw.py for tasks to queue
[2026-07-11T16:28:36.455+0000] {logging_mixin.py:190} INFO - [2026-07-11T16:28:36.455+0000] {dagbag.py:588} INFO - Filling up the DagBag from /opt/airflow/dags/avito_to_raw_midraw.py
[2026-07-11T16:28:36.472+0000] {processor.py:925} INFO - DAG(s) 'avito_to_raw_midraw' retrieved from /opt/airflow/dags/avito_to_raw_midraw.py
[2026-07-11T16:28:36.488+0000] {logging_mixin.py:190} INFO - [2026-07-11T16:28:36.488+0000] {dag.py:3239} INFO - Sync 1 DAGs
[2026-07-11T16:28:36.497+0000] {logging_mixin.py:190} INFO - [2026-07-11T16:28:36.497+0000] {dag.py:4180} INFO - Setting next_dagrun for avito_to_raw_midraw to 2026-07-11 16:00:00+00:00, run_after=2026-07-11 17:00:00+00:00
[2026-07-11T16:28:36.504+0000] {processor.py:208} INFO - Processing /opt/airflow/dags/avito_to_raw_midraw.py took 0.055 seconds
[2026-07-11T16:29:06.786+0000] {processor.py:186} INFO - Started process (PID=482) to work on /opt/airflow/dags/avito_to_raw_midraw.py
[2026-07-11T16:29:06.786+0000] {processor.py:914} INFO - Processing file /opt/airflow/dags/avito_to_raw_midraw.py for tasks to queue
[2026-07-11T16:29:06.787+0000] {logging_mixin.py:190} INFO - [2026-07-11T16:29:06.787+0000] {dagbag.py:588} INFO - Filling up the DagBag from /opt/airflow/dags/avito_to_raw_midraw.py
[2026-07-11T16:29:06.804+0000] {processor.py:925} INFO - DAG(s) 'avito_to_raw_midraw' retrieved from /opt/airflow/dags/avito_to_raw_midraw.py
[2026-07-11T16:29:06.819+0000] {logging_mixin.py:190} INFO - [2026-07-11T16:29:06.819+0000] {dag.py:3239} INFO - Sync 1 DAGs
[2026-07-11T16:29:06.829+0000] {logging_mixin.py:190} INFO - [2026-07-11T16:29:06.829+0000] {dag.py:4180} INFO - Setting next_dagrun for avito_to_raw_midraw to 2026-07-11 16:00:00+00:00, run_after=2026-07-11 17:00:00+00:00
[2026-07-11T16:29:06.837+0000] {processor.py:208} INFO - Processing /opt/airflow/dags/avito_to_raw_midraw.py took 0.056 seconds
[2026-07-11T16:29:37.230+0000] {processor.py:186} INFO - Started process (PID=484) to work on /opt/airflow/dags/avito_to_raw_midraw.py
[2026-07-11T16:29:37.230+0000] {processor.py:914} INFO - Processing file /opt/airflow/dags/avito_to_raw_midraw.py for tasks to queue
[2026-07-11T16:29:37.232+0000] {logging_mixin.py:190} INFO - [2026-07-11T16:29:37.232+0000] {dagbag.py:588} INFO - Filling up the DagBag from /opt/airflow/dags/avito_to_raw_midraw.py
[2026-07-11T16:29:37.249+0000] {processor.py:925} INFO - DAG(s) 'avito_to_raw_midraw' retrieved from /opt/airflow/dags/avito_to_raw_midraw.py
[2026-07-11T16:29:37.263+0000] {logging_mixin.py:190} INFO - [2026-07-11T16:29:37.263+0000] {dag.py:3239} INFO - Sync 1 DAGs
[2026-07-11T16:29:37.273+0000] {logging_mixin.py:190} INFO - [2026-07-11T16:29:37.273+0000] {dag.py:4180} INFO - Setting next_dagrun for avito_to_raw_midraw to 2026-07-11 16:00:00+00:00, run_after=2026-07-11 17:00:00+00:00
[2026-07-11T16:29:37.281+0000] {processor.py:208} INFO - Processing /opt/airflow/dags/avito_to_raw_midraw.py took 0.056 seconds
[2026-07-11T16:30:07.628+0000] {processor.py:186} INFO - Started process (PID=486) to work on /opt/airflow/dags/avito_to_raw_midraw.py
[2026-07-11T16:30:07.629+0000] {processor.py:914} INFO - Processing file /opt/airflow/dags/avito_to_raw_midraw.py for tasks to queue
[2026-07-11T16:30:07.630+0000] {logging_mixin.py:190} INFO - [2026-07-11T16:30:07.630+0000] {dagbag.py:588} INFO - Filling up the DagBag from /opt/airflow/dags/avito_to_raw_midraw.py
[2026-07-11T16:30:07.644+0000] {processor.py:925} INFO - DAG(s) 'avito_to_raw_midraw' retrieved from /opt/airflow/dags/avito_to_raw_midraw.py
[2026-07-11T16:30:07.659+0000] {logging_mixin.py:190} INFO - [2026-07-11T16:30:07.659+0000] {dag.py:3239} INFO - Sync 1 DAGs
[2026-07-11T16:30:07.669+0000] {logging_mixin.py:190} INFO - [2026-07-11T16:30:07.669+0000] {dag.py:4180} INFO - Setting next_dagrun for avito_to_raw_midraw to 2026-07-11 16:00:00+00:00, run_after=2026-07-11 17:00:00+00:00
[2026-07-11T16:30:07.678+0000] {processor.py:208} INFO - Processing /opt/airflow/dags/avito_to_raw_midraw.py took 0.054 seconds
[2026-07-11T16:30:38.096+0000] {processor.py:186} INFO - Started process (PID=488) to work on /opt/airflow/dags/avito_to_raw_midraw.py
[2026-07-11T16:30:38.097+0000] {processor.py:914} INFO - Processing file /opt/airflow/dags/avito_to_raw_midraw.py for tasks to queue
[2026-07-11T16:30:38.099+0000] {logging_mixin.py:190} INFO - [2026-07-11T16:30:38.098+0000] {dagbag.py:588} INFO - Filling up the DagBag from /opt/airflow/dags/avito_to_raw_midraw.py
[2026-07-11T16:30:38.116+0000] {processor.py:925} INFO - DAG(s) 'avito_to_raw_midraw' retrieved from /opt/airflow/dags/avito_to_raw_midraw.py
[2026-07-11T16:30:38.129+0000] {logging_mixin.py:190} INFO - [2026-07-11T16:30:38.129+0000] {dag.py:3239} INFO - Sync 1 DAGs
[2026-07-11T16:30:38.139+0000] {logging_mixin.py:190} INFO - [2026-07-11T16:30:38.139+0000] {dag.py:4180} INFO - Setting next_dagrun for avito_to_raw_midraw to 2026-07-11 16:00:00+00:00, run_after=2026-07-11 17:00:00+00:00
[2026-07-11T16:30:38.147+0000] {processor.py:208} INFO - Processing /opt/airflow/dags/avito_to_raw_midraw.py took 0.056 seconds
[2026-07-11T16:31:08.448+0000] {processor.py:186} INFO - Started process (PID=490) to work on /opt/airflow/dags/avito_to_raw_midraw.py
[2026-07-11T16:31:08.448+0000] {processor.py:914} INFO - Processing file /opt/airflow/dags/avito_to_raw_midraw.py for tasks to queue
[2026-07-11T16:31:08.450+0000] {logging_mixin.py:190} INFO - [2026-07-11T16:31:08.450+0000] {dagbag.py:588} INFO - Filling up the DagBag from /opt/airflow/dags/avito_to_raw_midraw.py
[2026-07-11T16:31:08.466+0000] {processor.py:925} INFO - DAG(s) 'avito_to_raw_midraw' retrieved from /opt/airflow/dags/avito_to_raw_midraw.py
[2026-07-11T16:31:08.479+0000] {logging_mixin.py:190} INFO - [2026-07-11T16:31:08.479+0000] {dag.py:3239} INFO - Sync 1 DAGs
[2026-07-11T16:31:08.489+0000] {logging_mixin.py:190} INFO - [2026-07-11T16:31:08.489+0000] {dag.py:4180} INFO - Setting next_dagrun for avito_to_raw_midraw to 2026-07-11 16:00:00+00:00, run_after=2026-07-11 17:00:00+00:00
[2026-07-11T16:31:08.499+0000] {processor.py:208} INFO - Processing /opt/airflow/dags/avito_to_raw_midraw.py took 0.054 seconds
[2026-07-11T16:31:38.896+0000] {processor.py:186} INFO - Started process (PID=492) to work on /opt/airflow/dags/avito_to_raw_midraw.py
[2026-07-11T16:31:38.896+0000] {processor.py:914} INFO - Processing file /opt/airflow/dags/avito_to_raw_midraw.py for tasks to queue
[2026-07-11T16:31:38.897+0000] {logging_mixin.py:190} INFO - [2026-07-11T16:31:38.897+0000] {dagbag.py:588} INFO - Filling up the DagBag from /opt/airflow/dags/avito_to_raw_midraw.py
[2026-07-11T16:31:38.914+0000] {processor.py:925} INFO - DAG(s) 'avito_to_raw_midraw' retrieved from /opt/airflow/dags/avito_to_raw_midraw.py
[2026-07-11T16:31:38.929+0000] {logging_mixin.py:190} INFO - [2026-07-11T16:31:38.929+0000] {dag.py:3239} INFO - Sync 1 DAGs
[2026-07-11T16:31:38.940+0000] {logging_mixin.py:190} INFO - [2026-07-11T16:31:38.940+0000] {dag.py:4180} INFO - Setting next_dagrun for avito_to_raw_midraw to 2026-07-11 16:00:00+00:00, run_after=2026-07-11 17:00:00+00:00
[2026-07-11T16:31:38.948+0000] {processor.py:208} INFO - Processing /opt/airflow/dags/avito_to_raw_midraw.py took 0.057 seconds
[2026-07-11T16:32:09.261+0000] {processor.py:186} INFO - Started process (PID=494) to work on /opt/airflow/dags/avito_to_raw_midraw.py
[2026-07-11T16:32:09.261+0000] {processor.py:914} INFO - Processing file /opt/airflow/dags/avito_to_raw_midraw.py for tasks to queue
[2026-07-11T16:32:09.263+0000] {logging_mixin.py:190} INFO - [2026-07-11T16:32:09.262+0000] {dagbag.py:588} INFO - Filling up the DagBag from /opt/airflow/dags/avito_to_raw_midraw.py
[2026-07-11T16:32:09.280+0000] {processor.py:925} INFO - DAG(s) 'avito_to_raw_midraw' retrieved from /opt/airflow/dags/avito_to_raw_midraw.py
[2026-07-11T16:32:09.295+0000] {logging_mixin.py:190} INFO - [2026-07-11T16:32:09.295+0000] {dag.py:3239} INFO - Sync 1 DAGs
[2026-07-11T16:32:09.305+0000] {logging_mixin.py:190} INFO - [2026-07-11T16:32:09.305+0000] {dag.py:4180} INFO - Setting next_dagrun for avito_to_raw_midraw to 2026-07-11 16:00:00+00:00, run_after=2026-07-11 17:00:00+00:00
[2026-07-11T16:32:09.314+0000] {processor.py:208} INFO - Processing /opt/airflow/dags/avito_to_raw_midraw.py took 0.058 seconds
[2026-07-11T16:32:39.568+0000] {processor.py:186} INFO - Started process (PID=496) to work on /opt/airflow/dags/avito_to_raw_midraw.py
[2026-07-11T16:32:39.568+0000] {processor.py:914} INFO - Processing file /opt/airflow/dags/avito_to_raw_midraw.py for tasks to queue
[2026-07-11T16:32:39.570+0000] {logging_mixin.py:190} INFO - [2026-07-11T16:32:39.570+0000] {dagbag.py:588} INFO - Filling up the DagBag from /opt/airflow/dags/avito_to_raw_midraw.py
[2026-07-11T16:32:39.583+0000] {processor.py:925} INFO - DAG(s) 'avito_to_raw_midraw' retrieved from /opt/airflow/dags/avito_to_raw_midraw.py
[2026-07-11T16:32:39.600+0000] {logging_mixin.py:190} INFO - [2026-07-11T16:32:39.600+0000] {dag.py:3239} INFO - Sync 1 DAGs
[2026-07-11T16:32:39.610+0000] {logging_mixin.py:190} INFO - [2026-07-11T16:32:39.610+0000] {dag.py:4180} INFO - Setting next_dagrun for avito_to_raw_midraw to 2026-07-11 16:00:00+00:00, run_after=2026-07-11 17:00:00+00:00
[2026-07-11T16:32:39.620+0000] {processor.py:208} INFO - Processing /opt/airflow/dags/avito_to_raw_midraw.py took 0.055 seconds
[2026-07-11T16:33:09.838+0000] {processor.py:186} INFO - Started process (PID=498) to work on /opt/airflow/dags/avito_to_raw_midraw.py
[2026-07-11T16:33:09.838+0000] {processor.py:914} INFO - Processing file /opt/airflow/dags/avito_to_raw_midraw.py for tasks to queue
[2026-07-11T16:33:09.839+0000] {logging_mixin.py:190} INFO - [2026-07-11T16:33:09.839+0000] {dagbag.py:588} INFO - Filling up the DagBag from /opt/airflow/dags/avito_to_raw_midraw.py
[2026-07-11T16:33:09.853+0000] {processor.py:925} INFO - DAG(s) 'avito_to_raw_midraw' retrieved from /opt/airflow/dags/avito_to_raw_midraw.py
[2026-07-11T16:33:09.871+0000] {logging_mixin.py:190} INFO - [2026-07-11T16:33:09.871+0000] {dag.py:3239} INFO - Sync 1 DAGs
[2026-07-11T16:33:09.881+0000] {logging_mixin.py:190} INFO - [2026-07-11T16:33:09.881+0000] {dag.py:4180} INFO - Setting next_dagrun for avito_to_raw_midraw to 2026-07-11 16:00:00+00:00, run_after=2026-07-11 17:00:00+00:00
[2026-07-11T16:33:09.892+0000] {processor.py:208} INFO - Processing /opt/airflow/dags/avito_to_raw_midraw.py took 0.058 seconds
[2026-07-11T16:33:40.142+0000] {processor.py:186} INFO - Started process (PID=500) to work on /opt/airflow/dags/avito_to_raw_midraw.py
[2026-07-11T16:33:40.143+0000] {processor.py:914} INFO - Processing file /opt/airflow/dags/avito_to_raw_midraw.py for tasks to queue
[2026-07-11T16:33:40.144+0000] {logging_mixin.py:190} INFO - [2026-07-11T16:33:40.144+0000] {dagbag.py:588} INFO - Filling up the DagBag from /opt/airflow/dags/avito_to_raw_midraw.py
[2026-07-11T16:33:40.157+0000] {processor.py:925} INFO - DAG(s) 'avito_to_raw_midraw' retrieved from /opt/airflow/dags/avito_to_raw_midraw.py
[2026-07-11T16:33:40.174+0000] {logging_mixin.py:190} INFO - [2026-07-11T16:33:40.174+0000] {dag.py:3239} INFO - Sync 1 DAGs
[2026-07-11T16:33:40.184+0000] {logging_mixin.py:190} INFO - [2026-07-11T16:33:40.184+0000] {dag.py:4180} INFO - Setting next_dagrun for avito_to_raw_midraw to 2026-07-11 16:00:00+00:00, run_after=2026-07-11 17:00:00+00:00
[2026-07-11T16:33:40.192+0000] {processor.py:208} INFO - Processing /opt/airflow/dags/avito_to_raw_midraw.py took 0.053 seconds
[2026-07-11T16:34:10.491+0000] {processor.py:186} INFO - Started process (PID=502) to work on /opt/airflow/dags/avito_to_raw_midraw.py
[2026-07-11T16:34:10.491+0000] {processor.py:914} INFO - Processing file /opt/airflow/dags/avito_to_raw_midraw.py for tasks to queue
[2026-07-11T16:34:10.492+0000] {logging_mixin.py:190} INFO - [2026-07-11T16:34:10.492+0000] {dagbag.py:588} INFO - Filling up the DagBag from /opt/airflow/dags/avito_to_raw_midraw.py
[2026-07-11T16:34:10.504+0000] {processor.py:925} INFO - DAG(s) 'avito_to_raw_midraw' retrieved from /opt/airflow/dags/avito_to_raw_midraw.py
[2026-07-11T16:34:10.519+0000] {logging_mixin.py:190} INFO - [2026-07-11T16:34:10.519+0000] {dag.py:3239} INFO - Sync 1 DAGs
[2026-07-11T16:34:10.530+0000] {logging_mixin.py:190} INFO - [2026-07-11T16:34:10.529+0000] {dag.py:4180} INFO - Setting next_dagrun for avito_to_raw_midraw to 2026-07-11 16:00:00+00:00, run_after=2026-07-11 17:00:00+00:00
[2026-07-11T16:34:10.538+0000] {processor.py:208} INFO - Processing /opt/airflow/dags/avito_to_raw_midraw.py took 0.051 seconds
[2026-07-11T16:34:40.800+0000] {processor.py:186} INFO - Started process (PID=504) to work on /opt/airflow/dags/avito_to_raw_midraw.py
[2026-07-11T16:34:40.801+0000] {processor.py:914} INFO - Processing file /opt/airflow/dags/avito_to_raw_midraw.py for tasks to queue
[2026-07-11T16:34:40.802+0000] {logging_mixin.py:190} INFO - [2026-07-11T16:34:40.802+0000] {dagbag.py:588} INFO - Filling up the DagBag from /opt/airflow/dags/avito_to_raw_midraw.py
[2026-07-11T16:34:40.816+0000] {processor.py:925} INFO - DAG(s) 'avito_to_raw_midraw' retrieved from /opt/airflow/dags/avito_to_raw_midraw.py
[2026-07-11T16:34:40.832+0000] {logging_mixin.py:190} INFO - [2026-07-11T16:34:40.832+0000] {dag.py:3239} INFO - Sync 1 DAGs
[2026-07-11T16:34:40.842+0000] {logging_mixin.py:190} INFO - [2026-07-11T16:34:40.842+0000] {dag.py:4180} INFO - Setting next_dagrun for avito_to_raw_midraw to 2026-07-11 16:00:00+00:00, run_after=2026-07-11 17:00:00+00:00
[2026-07-11T16:34:40.851+0000] {processor.py:208} INFO - Processing /opt/airflow/dags/avito_to_raw_midraw.py took 0.054 seconds
[2026-07-11T16:35:11.101+0000] {processor.py:186} INFO - Started process (PID=506) to work on /opt/airflow/dags/avito_to_raw_midraw.py
[2026-07-11T16:35:11.101+0000] {processor.py:914} INFO - Processing file /opt/airflow/dags/avito_to_raw_midraw.py for tasks to queue
[2026-07-11T16:35:11.103+0000] {logging_mixin.py:190} INFO - [2026-07-11T16:35:11.102+0000] {dagbag.py:588} INFO - Filling up the DagBag from /opt/airflow/dags/avito_to_raw_midraw.py
[2026-07-11T16:35:11.114+0000] {processor.py:925} INFO - DAG(s) 'avito_to_raw_midraw' retrieved from /opt/airflow/dags/avito_to_raw_midraw.py
[2026-07-11T16:35:11.129+0000] {logging_mixin.py:190} INFO - [2026-07-11T16:35:11.129+0000] {dag.py:3239} INFO - Sync 1 DAGs
[2026-07-11T16:35:11.139+0000] {logging_mixin.py:190} INFO - [2026-07-11T16:35:11.139+0000] {dag.py:4180} INFO - Setting next_dagrun for avito_to_raw_midraw to 2026-07-11 16:00:00+00:00, run_after=2026-07-11 17:00:00+00:00
[2026-07-11T16:35:11.147+0000] {processor.py:208} INFO - Processing /opt/airflow/dags/avito_to_raw_midraw.py took 0.049 seconds
[2026-07-11T16:35:41.415+0000] {processor.py:186} INFO - Started process (PID=508) to work on /opt/airflow/dags/avito_to_raw_midraw.py
[2026-07-11T16:35:41.415+0000] {processor.py:914} INFO - Processing file /opt/airflow/dags/avito_to_raw_midraw.py for tasks to queue
[2026-07-11T16:35:41.416+0000] {logging_mixin.py:190} INFO - [2026-07-11T16:35:41.416+0000] {dagbag.py:588} INFO - Filling up the DagBag from /opt/airflow/dags/avito_to_raw_midraw.py
[2026-07-11T16:35:41.427+0000] {processor.py:925} INFO - DAG(s) 'avito_to_raw_midraw' retrieved from /opt/airflow/dags/avito_to_raw_midraw.py
[2026-07-11T16:35:41.446+0000] {logging_mixin.py:190} INFO - [2026-07-11T16:35:41.446+0000] {dag.py:3239} INFO - Sync 1 DAGs
[2026-07-11T16:35:41.457+0000] {logging_mixin.py:190} INFO - [2026-07-11T16:35:41.457+0000] {dag.py:4180} INFO - Setting next_dagrun for avito_to_raw_midraw to 2026-07-11 16:00:00+00:00, run_after=2026-07-11 17:00:00+00:00
[2026-07-11T16:35:41.467+0000] {processor.py:208} INFO - Processing /opt/airflow/dags/avito_to_raw_midraw.py took 0.055 seconds
[2026-07-11T16:36:11.752+0000] {processor.py:186} INFO - Started process (PID=510) to work on /opt/airflow/dags/avito_to_raw_midraw.py
[2026-07-11T16:36:11.752+0000] {processor.py:914} INFO - Processing file /opt/airflow/dags/avito_to_raw_midraw.py for tasks to queue
[2026-07-11T16:36:11.753+0000] {logging_mixin.py:190} INFO - [2026-07-11T16:36:11.753+0000] {dagbag.py:588} INFO - Filling up the DagBag from /opt/airflow/dags/avito_to_raw_midraw.py
[2026-07-11T16:36:11.769+0000] {processor.py:925} INFO - DAG(s) 'avito_to_raw_midraw' retrieved from /opt/airflow/dags/avito_to_raw_midraw.py
[2026-07-11T16:36:11.786+0000] {logging_mixin.py:190} INFO - [2026-07-11T16:36:11.786+0000] {dag.py:3239} INFO - Sync 1 DAGs
[2026-07-11T16:36:11.797+0000] {logging_mixin.py:190} INFO - [2026-07-11T16:36:11.797+0000] {dag.py:4180} INFO - Setting next_dagrun for avito_to_raw_midraw to 2026-07-11 16:00:00+00:00, run_after=2026-07-11 17:00:00+00:00
[2026-07-11T16:36:11.806+0000] {processor.py:208} INFO - Processing /opt/airflow/dags/avito_to_raw_midraw.py took 0.057 seconds
[2026-07-11T16:36:42.052+0000] {processor.py:186} INFO - Started process (PID=512) to work on /opt/airflow/dags/avito_to_raw_midraw.py
[2026-07-11T16:36:42.053+0000] {processor.py:914} INFO - Processing file /opt/airflow/dags/avito_to_raw_midraw.py for tasks to queue
[2026-07-11T16:36:42.054+0000] {logging_mixin.py:190} INFO - [2026-07-11T16:36:42.054+0000] {dagbag.py:588} INFO - Filling up the DagBag from /opt/airflow/dags/avito_to_raw_midraw.py
[2026-07-11T16:36:42.071+0000] {processor.py:925} INFO - DAG(s) 'avito_to_raw_midraw' retrieved from /opt/airflow/dags/avito_to_raw_midraw.py
[2026-07-11T16:36:42.084+0000] {logging_mixin.py:190} INFO - [2026-07-11T16:36:42.084+0000] {dag.py:3239} INFO - Sync 1 DAGs
[2026-07-11T16:36:42.095+0000] {logging_mixin.py:190} INFO - [2026-07-11T16:36:42.095+0000] {dag.py:4180} INFO - Setting next_dagrun for avito_to_raw_midraw to 2026-07-11 16:00:00+00:00, run_after=2026-07-11 17:00:00+00:00
[2026-07-11T16:36:42.106+0000] {processor.py:208} INFO - Processing /opt/airflow/dags/avito_to_raw_midraw.py took 0.057 seconds
[2026-07-11T16:37:12.429+0000] {processor.py:186} INFO - Started process (PID=514) to work on /opt/airflow/dags/avito_to_raw_midraw.py
[2026-07-11T16:37:12.429+0000] {processor.py:914} INFO - Processing file /opt/airflow/dags/avito_to_raw_midraw.py for tasks to queue
[2026-07-11T16:37:12.431+0000] {logging_mixin.py:190} INFO - [2026-07-11T16:37:12.431+0000] {dagbag.py:588} INFO - Filling up the DagBag from /opt/airflow/dags/avito_to_raw_midraw.py
[2026-07-11T16:37:12.444+0000] {processor.py:925} INFO - DAG(s) 'avito_to_raw_midraw' retrieved from /opt/airflow/dags/avito_to_raw_midraw.py
[2026-07-11T16:37:12.458+0000] {logging_mixin.py:190} INFO - [2026-07-11T16:37:12.458+0000] {dag.py:3239} INFO - Sync 1 DAGs
[2026-07-11T16:37:12.470+0000] {logging_mixin.py:190} INFO - [2026-07-11T16:37:12.469+0000] {dag.py:4180} INFO - Setting next_dagrun for avito_to_raw_midraw to 2026-07-11 16:00:00+00:00, run_after=2026-07-11 17:00:00+00:00
[2026-07-11T16:37:12.480+0000] {processor.py:208} INFO - Processing /opt/airflow/dags/avito_to_raw_midraw.py took 0.055 seconds
[2026-07-11T16:37:42.697+0000] {processor.py:186} INFO - Started process (PID=516) to work on /opt/airflow/dags/avito_to_raw_midraw.py
[2026-07-11T16:37:42.698+0000] {processor.py:914} INFO - Processing file /opt/airflow/dags/avito_to_raw_midraw.py for tasks to queue
[2026-07-11T16:37:42.700+0000] {logging_mixin.py:190} INFO - [2026-07-11T16:37:42.700+0000] {dagbag.py:588} INFO - Filling up the DagBag from /opt/airflow/dags/avito_to_raw_midraw.py
[2026-07-11T16:37:42.717+0000] {processor.py:925} INFO - DAG(s) 'avito_to_raw_midraw' retrieved from /opt/airflow/dags/avito_to_raw_midraw.py
[2026-07-11T16:37:42.733+0000] {logging_mixin.py:190} INFO - [2026-07-11T16:37:42.733+0000] {dag.py:3239} INFO - Sync 1 DAGs
[2026-07-11T16:37:42.743+0000] {logging_mixin.py:190} INFO - [2026-07-11T16:37:42.743+0000] {dag.py:4180} INFO - Setting next_dagrun for avito_to_raw_midraw to 2026-07-11 16:00:00+00:00, run_after=2026-07-11 17:00:00+00:00
[2026-07-11T16:37:42.752+0000] {processor.py:208} INFO - Processing /opt/airflow/dags/avito_to_raw_midraw.py took 0.058 seconds
[2026-07-11T16:38:13.032+0000] {processor.py:186} INFO - Started process (PID=518) to work on /opt/airflow/dags/avito_to_raw_midraw.py
[2026-07-11T16:38:13.032+0000] {processor.py:914} INFO - Processing file /opt/airflow/dags/avito_to_raw_midraw.py for tasks to queue
[2026-07-11T16:38:13.034+0000] {logging_mixin.py:190} INFO - [2026-07-11T16:38:13.034+0000] {dagbag.py:588} INFO - Filling up the DagBag from /opt/airflow/dags/avito_to_raw_midraw.py
[2026-07-11T16:38:13.049+0000] {processor.py:925} INFO - DAG(s) 'avito_to_raw_midraw' retrieved from /opt/airflow/dags/avito_to_raw_midraw.py
[2026-07-11T16:38:13.064+0000] {logging_mixin.py:190} INFO - [2026-07-11T16:38:13.064+0000] {dag.py:3239} INFO - Sync 1 DAGs
[2026-07-11T16:38:13.074+0000] {logging_mixin.py:190} INFO - [2026-07-11T16:38:13.074+0000] {dag.py:4180} INFO - Setting next_dagrun for avito_to_raw_midraw to 2026-07-11 16:00:00+00:00, run_after=2026-07-11 17:00:00+00:00
[2026-07-11T16:38:13.082+0000] {processor.py:208} INFO - Processing /opt/airflow/dags/avito_to_raw_midraw.py took 0.054 seconds
[2026-07-11T16:38:43.347+0000] {processor.py:186} INFO - Started process (PID=520) to work on /opt/airflow/dags/avito_to_raw_midraw.py
[2026-07-11T16:38:43.347+0000] {processor.py:914} INFO - Processing file /opt/airflow/dags/avito_to_raw_midraw.py for tasks to queue
[2026-07-11T16:38:43.348+0000] {logging_mixin.py:190} INFO - [2026-07-11T16:38:43.348+0000] {dagbag.py:588} INFO - Filling up the DagBag from /opt/airflow/dags/avito_to_raw_midraw.py
[2026-07-11T16:38:43.360+0000] {processor.py:925} INFO - DAG(s) 'avito_to_raw_midraw' retrieved from /opt/airflow/dags/avito_to_raw_midraw.py
[2026-07-11T16:38:43.375+0000] {logging_mixin.py:190} INFO - [2026-07-11T16:38:43.374+0000] {dag.py:3239} INFO - Sync 1 DAGs
[2026-07-11T16:38:43.384+0000] {logging_mixin.py:190} INFO - [2026-07-11T16:38:43.384+0000] {dag.py:4180} INFO - Setting next_dagrun for avito_to_raw_midraw to 2026-07-11 16:00:00+00:00, run_after=2026-07-11 17:00:00+00:00
[2026-07-11T16:38:43.394+0000] {processor.py:208} INFO - Processing /opt/airflow/dags/avito_to_raw_midraw.py took 0.050 seconds
[2026-07-11T16:39:13.624+0000] {processor.py:186} INFO - Started process (PID=522) to work on /opt/airflow/dags/avito_to_raw_midraw.py
[2026-07-11T16:39:13.625+0000] {processor.py:914} INFO - Processing file /opt/airflow/dags/avito_to_raw_midraw.py for tasks to queue
[2026-07-11T16:39:13.627+0000] {logging_mixin.py:190} INFO - [2026-07-11T16:39:13.626+0000] {dagbag.py:588} INFO - Filling up the DagBag from /opt/airflow/dags/avito_to_raw_midraw.py
[2026-07-11T16:39:13.643+0000] {processor.py:925} INFO - DAG(s) 'avito_to_raw_midraw' retrieved from /opt/airflow/dags/avito_to_raw_midraw.py
[2026-07-11T16:39:13.658+0000] {logging_mixin.py:190} INFO - [2026-07-11T16:39:13.658+0000] {dag.py:3239} INFO - Sync 1 DAGs
[2026-07-11T16:39:13.668+0000] {logging_mixin.py:190} INFO - [2026-07-11T16:39:13.668+0000] {dag.py:4180} INFO - Setting next_dagrun for avito_to_raw_midraw to 2026-07-11 16:00:00+00:00, run_after=2026-07-11 17:00:00+00:00
[2026-07-11T16:39:13.677+0000] {processor.py:208} INFO - Processing /opt/airflow/dags/avito_to_raw_midraw.py took 0.057 seconds
[2026-07-11T16:39:43.964+0000] {processor.py:186} INFO - Started process (PID=524) to work on /opt/airflow/dags/avito_to_raw_midraw.py
[2026-07-11T16:39:43.965+0000] {processor.py:914} INFO - Processing file /opt/airflow/dags/avito_to_raw_midraw.py for tasks to queue
[2026-07-11T16:39:43.966+0000] {logging_mixin.py:190} INFO - [2026-07-11T16:39:43.966+0000] {dagbag.py:588} INFO - Filling up the DagBag from /opt/airflow/dags/avito_to_raw_midraw.py
[2026-07-11T16:39:43.978+0000] {processor.py:925} INFO - DAG(s) 'avito_to_raw_midraw' retrieved from /opt/airflow/dags/avito_to_raw_midraw.py
[2026-07-11T16:39:43.992+0000] {logging_mixin.py:190} INFO - [2026-07-11T16:39:43.992+0000] {dag.py:3239} INFO - Sync 1 DAGs
[2026-07-11T16:39:44.003+0000] {logging_mixin.py:190} INFO - [2026-07-11T16:39:44.003+0000] {dag.py:4180} INFO - Setting next_dagrun for avito_to_raw_midraw to 2026-07-11 16:00:00+00:00, run_after=2026-07-11 17:00:00+00:00
[2026-07-11T16:39:44.014+0000] {processor.py:208} INFO - Processing /opt/airflow/dags/avito_to_raw_midraw.py took 0.052 seconds
[2026-07-11T16:40:14.274+0000] {processor.py:186} INFO - Started process (PID=526) to work on /opt/airflow/dags/avito_to_raw_midraw.py
[2026-07-11T16:40:14.274+0000] {processor.py:914} INFO - Processing file /opt/airflow/dags/avito_to_raw_midraw.py for tasks to queue
[2026-07-11T16:40:14.275+0000] {logging_mixin.py:190} INFO - [2026-07-11T16:40:14.275+0000] {dagbag.py:588} INFO - Filling up the DagBag from /opt/airflow/dags/avito_to_raw_midraw.py
[2026-07-11T16:40:14.291+0000] {processor.py:925} INFO - DAG(s) 'avito_to_raw_midraw' retrieved from /opt/airflow/dags/avito_to_raw_midraw.py
[2026-07-11T16:40:14.306+0000] {logging_mixin.py:190} INFO - [2026-07-11T16:40:14.306+0000] {dag.py:3239} INFO - Sync 1 DAGs
[2026-07-11T16:40:14.316+0000] {logging_mixin.py:190} INFO - [2026-07-11T16:40:14.316+0000] {dag.py:4180} INFO - Setting next_dagrun for avito_to_raw_midraw to 2026-07-11 16:00:00+00:00, run_after=2026-07-11 17:00:00+00:00
[2026-07-11T16:40:14.324+0000] {processor.py:208} INFO - Processing /opt/airflow/dags/avito_to_raw_midraw.py took 0.053 seconds
[2026-07-11T16:40:44.637+0000] {processor.py:186} INFO - Started process (PID=528) to work on /opt/airflow/dags/avito_to_raw_midraw.py
[2026-07-11T16:40:44.638+0000] {processor.py:914} INFO - Processing file /opt/airflow/dags/avito_to_raw_midraw.py for tasks to queue
[2026-07-11T16:40:44.639+0000] {logging_mixin.py:190} INFO - [2026-07-11T16:40:44.639+0000] {dagbag.py:588} INFO - Filling up the DagBag from /opt/airflow/dags/avito_to_raw_midraw.py
[2026-07-11T16:40:44.653+0000] {processor.py:925} INFO - DAG(s) 'avito_to_raw_midraw' retrieved from /opt/airflow/dags/avito_to_raw_midraw.py
[2026-07-11T16:40:44.671+0000] {logging_mixin.py:190} INFO - [2026-07-11T16:40:44.671+0000] {dag.py:3239} INFO - Sync 1 DAGs
[2026-07-11T16:40:44.680+0000] {logging_mixin.py:190} INFO - [2026-07-11T16:40:44.680+0000] {dag.py:4180} INFO - Setting next_dagrun for avito_to_raw_midraw to 2026-07-11 16:00:00+00:00, run_after=2026-07-11 17:00:00+00:00
[2026-07-11T16:40:44.689+0000] {processor.py:208} INFO - Processing /opt/airflow/dags/avito_to_raw_midraw.py took 0.055 seconds
[2026-07-11T16:41:15.043+0000] {processor.py:186} INFO - Started process (PID=530) to work on /opt/airflow/dags/avito_to_raw_midraw.py
[2026-07-11T16:41:15.044+0000] {processor.py:914} INFO - Processing file /opt/airflow/dags/avito_to_raw_midraw.py for tasks to queue
[2026-07-11T16:41:15.046+0000] {logging_mixin.py:190} INFO - [2026-07-11T16:41:15.045+0000] {dagbag.py:588} INFO - Filling up the DagBag from /opt/airflow/dags/avito_to_raw_midraw.py
[2026-07-11T16:41:15.060+0000] {processor.py:925} INFO - DAG(s) 'avito_to_raw_midraw' retrieved from /opt/airflow/dags/avito_to_raw_midraw.py
[2026-07-11T16:41:15.081+0000] {logging_mixin.py:190} INFO - [2026-07-11T16:41:15.081+0000] {dag.py:3239} INFO - Sync 1 DAGs
[2026-07-11T16:41:15.091+0000] {logging_mixin.py:190} INFO - [2026-07-11T16:41:15.090+0000] {dag.py:4180} INFO - Setting next_dagrun for avito_to_raw_midraw to 2026-07-11 16:00:00+00:00, run_after=2026-07-11 17:00:00+00:00
[2026-07-11T16:41:15.098+0000] {processor.py:208} INFO - Processing /opt/airflow/dags/avito_to_raw_midraw.py took 0.060 seconds
[2026-07-11T16:41:45.359+0000] {processor.py:186} INFO - Started process (PID=532) to work on /opt/airflow/dags/avito_to_raw_midraw.py
[2026-07-11T16:41:45.360+0000] {processor.py:914} INFO - Processing file /opt/airflow/dags/avito_to_raw_midraw.py for tasks to queue
[2026-07-11T16:41:45.361+0000] {logging_mixin.py:190} INFO - [2026-07-11T16:41:45.361+0000] {dagbag.py:588} INFO - Filling up the DagBag from /opt/airflow/dags/avito_to_raw_midraw.py
[2026-07-11T16:41:45.376+0000] {processor.py:925} INFO - DAG(s) 'avito_to_raw_midraw' retrieved from /opt/airflow/dags/avito_to_raw_midraw.py
[2026-07-11T16:41:45.393+0000] {logging_mixin.py:190} INFO - [2026-07-11T16:41:45.393+0000] {dag.py:3239} INFO - Sync 1 DAGs
[2026-07-11T16:41:45.403+0000] {logging_mixin.py:190} INFO - [2026-07-11T16:41:45.402+0000] {dag.py:4180} INFO - Setting next_dagrun for avito_to_raw_midraw to 2026-07-11 16:00:00+00:00, run_after=2026-07-11 17:00:00+00:00
[2026-07-11T16:41:45.412+0000] {processor.py:208} INFO - Processing /opt/airflow/dags/avito_to_raw_midraw.py took 0.056 seconds
[2026-07-11T16:42:15.654+0000] {processor.py:186} INFO - Started process (PID=534) to work on /opt/airflow/dags/avito_to_raw_midraw.py
[2026-07-11T16:42:15.654+0000] {processor.py:914} INFO - Processing file /opt/airflow/dags/avito_to_raw_midraw.py for tasks to queue
[2026-07-11T16:42:15.655+0000] {logging_mixin.py:190} INFO - [2026-07-11T16:42:15.655+0000] {dagbag.py:588} INFO - Filling up the DagBag from /opt/airflow/dags/avito_to_raw_midraw.py
[2026-07-11T16:42:15.670+0000] {processor.py:925} INFO - DAG(s) 'avito_to_raw_midraw' retrieved from /opt/airflow/dags/avito_to_raw_midraw.py
[2026-07-11T16:42:15.686+0000] {logging_mixin.py:190} INFO - [2026-07-11T16:42:15.686+0000] {dag.py:3239} INFO - Sync 1 DAGs
[2026-07-11T16:42:15.696+0000] {logging_mixin.py:190} INFO - [2026-07-11T16:42:15.696+0000] {dag.py:4180} INFO - Setting next_dagrun for avito_to_raw_midraw to 2026-07-11 16:00:00+00:00, run_after=2026-07-11 17:00:00+00:00
[2026-07-11T16:42:15.708+0000] {processor.py:208} INFO - Processing /opt/airflow/dags/avito_to_raw_midraw.py took 0.057 seconds
[2026-07-11T16:42:45.914+0000] {processor.py:186} INFO - Started process (PID=536) to work on /opt/airflow/dags/avito_to_raw_midraw.py
[2026-07-11T16:42:45.914+0000] {processor.py:914} INFO - Processing file /opt/airflow/dags/avito_to_raw_midraw.py for tasks to queue
[2026-07-11T16:42:45.915+0000] {logging_mixin.py:190} INFO - [2026-07-11T16:42:45.915+0000] {dagbag.py:588} INFO - Filling up the DagBag from /opt/airflow/dags/avito_to_raw_midraw.py
[2026-07-11T16:42:45.930+0000] {processor.py:925} INFO - DAG(s) 'avito_to_raw_midraw' retrieved from /opt/airflow/dags/avito_to_raw_midraw.py
[2026-07-11T16:42:45.947+0000] {logging_mixin.py:190} INFO - [2026-07-11T16:42:45.947+0000] {dag.py:3239} INFO - Sync 1 DAGs
[2026-07-11T16:42:45.958+0000] {logging_mixin.py:190} INFO - [2026-07-11T16:42:45.958+0000] {dag.py:4180} INFO - Setting next_dagrun for avito_to_raw_midraw to 2026-07-11 16:00:00+00:00, run_after=2026-07-11 17:00:00+00:00
[2026-07-11T16:42:45.967+0000] {processor.py:208} INFO - Processing /opt/airflow/dags/avito_to_raw_midraw.py took 0.056 seconds
[2026-07-11T16:43:16.210+0000] {processor.py:186} INFO - Started process (PID=538) to work on /opt/airflow/dags/avito_to_raw_midraw.py
[2026-07-11T16:43:16.210+0000] {processor.py:914} INFO - Processing file /opt/airflow/dags/avito_to_raw_midraw.py for tasks to queue
[2026-07-11T16:43:16.212+0000] {logging_mixin.py:190} INFO - [2026-07-11T16:43:16.212+0000] {dagbag.py:588} INFO - Filling up the DagBag from /opt/airflow/dags/avito_to_raw_midraw.py
[2026-07-11T16:43:16.228+0000] {processor.py:925} INFO - DAG(s) 'avito_to_raw_midraw' retrieved from /opt/airflow/dags/avito_to_raw_midraw.py
[2026-07-11T16:43:16.249+0000] {logging_mixin.py:190} INFO - [2026-07-11T16:43:16.249+0000] {dag.py:3239} INFO - Sync 1 DAGs
[2026-07-11T16:43:16.261+0000] {logging_mixin.py:190} INFO - [2026-07-11T16:43:16.261+0000] {dag.py:4180} INFO - Setting next_dagrun for avito_to_raw_midraw to 2026-07-11 16:00:00+00:00, run_after=2026-07-11 17:00:00+00:00
[2026-07-11T16:43:16.270+0000] {processor.py:208} INFO - Processing /opt/airflow/dags/avito_to_raw_midraw.py took 0.064 seconds
[2026-07-11T16:43:46.563+0000] {processor.py:186} INFO - Started process (PID=540) to work on /opt/airflow/dags/avito_to_raw_midraw.py
[2026-07-11T16:43:46.563+0000] {processor.py:914} INFO - Processing file /opt/airflow/dags/avito_to_raw_midraw.py for tasks to queue
[2026-07-11T16:43:46.565+0000] {logging_mixin.py:190} INFO - [2026-07-11T16:43:46.565+0000] {dagbag.py:588} INFO - Filling up the DagBag from /opt/airflow/dags/avito_to_raw_midraw.py
[2026-07-11T16:43:46.581+0000] {processor.py:925} INFO - DAG(s) 'avito_to_raw_midraw' retrieved from /opt/airflow/dags/avito_to_raw_midraw.py
[2026-07-11T16:43:46.599+0000] {logging_mixin.py:190} INFO - [2026-07-11T16:43:46.599+0000] {dag.py:3239} INFO - Sync 1 DAGs
[2026-07-11T16:43:46.611+0000] {logging_mixin.py:190} INFO - [2026-07-11T16:43:46.611+0000] {dag.py:4180} INFO - Setting next_dagrun for avito_to_raw_midraw to 2026-07-11 16:00:00+00:00, run_after=2026-07-11 17:00:00+00:00
[2026-07-11T16:43:46.619+0000] {processor.py:208} INFO - Processing /opt/airflow/dags/avito_to_raw_midraw.py took 0.059 seconds
[2026-07-11T16:44:16.915+0000] {processor.py:186} INFO - Started process (PID=542) to work on /opt/airflow/dags/avito_to_raw_midraw.py
[2026-07-11T16:44:16.916+0000] {processor.py:914} INFO - Processing file /opt/airflow/dags/avito_to_raw_midraw.py for tasks to queue
[2026-07-11T16:44:16.917+0000] {logging_mixin.py:190} INFO - [2026-07-11T16:44:16.917+0000] {dagbag.py:588} INFO - Filling up the DagBag from /opt/airflow/dags/avito_to_raw_midraw.py
[2026-07-11T16:44:16.931+0000] {processor.py:925} INFO - DAG(s) 'avito_to_raw_midraw' retrieved from /opt/airflow/dags/avito_to_raw_midraw.py
[2026-07-11T16:44:16.947+0000] {logging_mixin.py:190} INFO - [2026-07-11T16:44:16.947+0000] {dag.py:3239} INFO - Sync 1 DAGs
[2026-07-11T16:44:16.959+0000] {logging_mixin.py:190} INFO - [2026-07-11T16:44:16.959+0000] {dag.py:4180} INFO - Setting next_dagrun for avito_to_raw_midraw to 2026-07-11 16:00:00+00:00, run_after=2026-07-11 17:00:00+00:00
[2026-07-11T16:44:16.970+0000] {processor.py:208} INFO - Processing /opt/airflow/dags/avito_to_raw_midraw.py took 0.060 seconds
[2026-07-11T16:44:47.198+0000] {processor.py:186} INFO - Started process (PID=544) to work on /opt/airflow/dags/avito_to_raw_midraw.py
[2026-07-11T16:44:47.198+0000] {processor.py:914} INFO - Processing file /opt/airflow/dags/avito_to_raw_midraw.py for tasks to queue
[2026-07-11T16:44:47.200+0000] {logging_mixin.py:190} INFO - [2026-07-11T16:44:47.200+0000] {dagbag.py:588} INFO - Filling up the DagBag from /opt/airflow/dags/avito_to_raw_midraw.py
[2026-07-11T16:44:47.214+0000] {processor.py:925} INFO - DAG(s) 'avito_to_raw_midraw' retrieved from /opt/airflow/dags/avito_to_raw_midraw.py
[2026-07-11T16:44:47.227+0000] {logging_mixin.py:190} INFO - [2026-07-11T16:44:47.227+0000] {dag.py:3239} INFO - Sync 1 DAGs
[2026-07-11T16:44:47.236+0000] {logging_mixin.py:190} INFO - [2026-07-11T16:44:47.236+0000] {dag.py:4180} INFO - Setting next_dagrun for avito_to_raw_midraw to 2026-07-11 16:00:00+00:00, run_after=2026-07-11 17:00:00+00:00
[2026-07-11T16:44:47.246+0000] {processor.py:208} INFO - Processing /opt/airflow/dags/avito_to_raw_midraw.py took 0.051 seconds
[2026-07-11T16:45:17.574+0000] {processor.py:186} INFO - Started process (PID=546) to work on /opt/airflow/dags/avito_to_raw_midraw.py
[2026-07-11T16:45:17.574+0000] {processor.py:914} INFO - Processing file /opt/airflow/dags/avito_to_raw_midraw.py for tasks to queue
[2026-07-11T16:45:17.575+0000] {logging_mixin.py:190} INFO - [2026-07-11T16:45:17.575+0000] {dagbag.py:588} INFO - Filling up the DagBag from /opt/airflow/dags/avito_to_raw_midraw.py
[2026-07-11T16:45:17.587+0000] {processor.py:925} INFO - DAG(s) 'avito_to_raw_midraw' retrieved from /opt/airflow/dags/avito_to_raw_midraw.py
[2026-07-11T16:45:17.602+0000] {logging_mixin.py:190} INFO - [2026-07-11T16:45:17.602+0000] {dag.py:3239} INFO - Sync 1 DAGs
[2026-07-11T16:45:17.614+0000] {logging_mixin.py:190} INFO - [2026-07-11T16:45:17.614+0000] {dag.py:4180} INFO - Setting next_dagrun for avito_to_raw_midraw to 2026-07-11 16:00:00+00:00, run_after=2026-07-11 17:00:00+00:00
[2026-07-11T16:45:17.621+0000] {processor.py:208} INFO - Processing /opt/airflow/dags/avito_to_raw_midraw.py took 0.050 seconds
[2026-07-11T16:45:47.971+0000] {processor.py:186} INFO - Started process (PID=548) to work on /opt/airflow/dags/avito_to_raw_midraw.py
[2026-07-11T16:45:47.971+0000] {processor.py:914} INFO - Processing file /opt/airflow/dags/avito_to_raw_midraw.py for tasks to queue
[2026-07-11T16:45:47.973+0000] {logging_mixin.py:190} INFO - [2026-07-11T16:45:47.972+0000] {dagbag.py:588} INFO - Filling up the DagBag from /opt/airflow/dags/avito_to_raw_midraw.py
[2026-07-11T16:45:47.992+0000] {processor.py:925} INFO - DAG(s) 'avito_to_raw_midraw' retrieved from /opt/airflow/dags/avito_to_raw_midraw.py
[2026-07-11T16:45:48.007+0000] {logging_mixin.py:190} INFO - [2026-07-11T16:45:48.007+0000] {dag.py:3239} INFO - Sync 1 DAGs
[2026-07-11T16:45:48.019+0000] {logging_mixin.py:190} INFO - [2026-07-11T16:45:48.019+0000] {dag.py:4180} INFO - Setting next_dagrun for avito_to_raw_midraw to 2026-07-11 16:00:00+00:00, run_after=2026-07-11 17:00:00+00:00
[2026-07-11T16:45:48.026+0000] {processor.py:208} INFO - Processing /opt/airflow/dags/avito_to_raw_midraw.py took 0.059 seconds
[2026-07-11T16:46:18.407+0000] {processor.py:186} INFO - Started process (PID=549) to work on /opt/airflow/dags/avito_to_raw_midraw.py
[2026-07-11T16:46:18.408+0000] {processor.py:914} INFO - Processing file /opt/airflow/dags/avito_to_raw_midraw.py for tasks to queue
[2026-07-11T16:46:18.410+0000] {logging_mixin.py:190} INFO - [2026-07-11T16:46:18.410+0000] {dagbag.py:588} INFO - Filling up the DagBag from /opt/airflow/dags/avito_to_raw_midraw.py
[2026-07-11T16:46:18.429+0000] {processor.py:925} INFO - DAG(s) 'avito_to_raw_midraw' retrieved from /opt/airflow/dags/avito_to_raw_midraw.py
[2026-07-11T16:46:18.443+0000] {logging_mixin.py:190} INFO - [2026-07-11T16:46:18.443+0000] {dag.py:3239} INFO - Sync 1 DAGs
[2026-07-11T16:46:18.453+0000] {logging_mixin.py:190} INFO - [2026-07-11T16:46:18.452+0000] {dag.py:4180} INFO - Setting next_dagrun for avito_to_raw_midraw to 2026-07-11 16:00:00+00:00, run_after=2026-07-11 17:00:00+00:00
[2026-07-11T16:46:18.465+0000] {processor.py:208} INFO - Processing /opt/airflow/dags/avito_to_raw_midraw.py took 0.061 seconds
[2026-07-11T16:46:33.658+0000] {processor.py:186} INFO - Started process (PID=551) to work on /opt/airflow/dags/avito_to_raw_midraw.py
[2026-07-11T16:46:33.658+0000] {processor.py:914} INFO - Processing file /opt/airflow/dags/avito_to_raw_midraw.py for tasks to queue
[2026-07-11T16:46:33.659+0000] {logging_mixin.py:190} INFO - [2026-07-11T16:46:33.659+0000] {dagbag.py:588} INFO - Filling up the DagBag from /opt/airflow/dags/avito_to_raw_midraw.py
[2026-07-11T16:46:33.669+0000] {processor.py:925} INFO - DAG(s) 'avito_to_raw_midraw' retrieved from /opt/airflow/dags/avito_to_raw_midraw.py
[2026-07-11T16:46:33.718+0000] {logging_mixin.py:190} INFO - [2026-07-11T16:46:33.718+0000] {dag.py:3239} INFO - Sync 1 DAGs
[2026-07-11T16:46:33.726+0000] {logging_mixin.py:190} INFO - [2026-07-11T16:46:33.726+0000] {dag.py:4180} INFO - Setting next_dagrun for avito_to_raw_midraw to 2026-07-11 16:00:00+00:00, run_after=2026-07-11 17:00:00+00:00
[2026-07-11T16:46:33.734+0000] {processor.py:208} INFO - Processing /opt/airflow/dags/avito_to_raw_midraw.py took 0.079 seconds
[2026-07-11T16:47:04.005+0000] {processor.py:186} INFO - Started process (PID=553) to work on /opt/airflow/dags/avito_to_raw_midraw.py
[2026-07-11T16:47:04.006+0000] {processor.py:914} INFO - Processing file /opt/airflow/dags/avito_to_raw_midraw.py for tasks to queue
[2026-07-11T16:47:04.007+0000] {logging_mixin.py:190} INFO - [2026-07-11T16:47:04.007+0000] {dagbag.py:588} INFO - Filling up the DagBag from /opt/airflow/dags/avito_to_raw_midraw.py
[2026-07-11T16:47:04.019+0000] {processor.py:925} INFO - DAG(s) 'avito_to_raw_midraw' retrieved from /opt/airflow/dags/avito_to_raw_midraw.py
[2026-07-11T16:47:04.035+0000] {logging_mixin.py:190} INFO - [2026-07-11T16:47:04.035+0000] {dag.py:3239} INFO - Sync 1 DAGs
[2026-07-11T16:47:04.045+0000] {logging_mixin.py:190} INFO - [2026-07-11T16:47:04.045+0000] {dag.py:4180} INFO - Setting next_dagrun for avito_to_raw_midraw to 2026-07-11 16:00:00+00:00, run_after=2026-07-11 17:00:00+00:00
[2026-07-11T16:47:04.052+0000] {processor.py:208} INFO - Processing /opt/airflow/dags/avito_to_raw_midraw.py took 0.051 seconds
[2026-07-11T16:47:27.299+0000] {processor.py:186} INFO - Started process (PID=39) to work on /opt/airflow/dags/avito_to_raw_midraw.py
[2026-07-11T16:47:27.299+0000] {processor.py:914} INFO - Processing file /opt/airflow/dags/avito_to_raw_midraw.py for tasks to queue
[2026-07-11T16:47:27.301+0000] {logging_mixin.py:190} INFO - [2026-07-11T16:47:27.301+0000] {dagbag.py:588} INFO - Filling up the DagBag from /opt/airflow/dags/avito_to_raw_midraw.py
[2026-07-11T16:47:27.318+0000] {processor.py:925} INFO - DAG(s) 'avito_to_raw_midraw' retrieved from /opt/airflow/dags/avito_to_raw_midraw.py
[2026-07-11T16:47:27.340+0000] {logging_mixin.py:190} INFO - [2026-07-11T16:47:27.340+0000] {dag.py:3239} INFO - Sync 1 DAGs
[2026-07-11T16:47:27.352+0000] {logging_mixin.py:190} INFO - [2026-07-11T16:47:27.352+0000] {dag.py:4180} INFO - Setting next_dagrun for avito_to_raw_midraw to 2026-07-11 16:00:00+00:00, run_after=2026-07-11 17:00:00+00:00
[2026-07-11T16:47:27.361+0000] {processor.py:208} INFO - Processing /opt/airflow/dags/avito_to_raw_midraw.py took 0.066 seconds
[2026-07-11T16:47:57.656+0000] {processor.py:186} INFO - Started process (PID=41) to work on /opt/airflow/dags/avito_to_raw_midraw.py
[2026-07-11T16:47:57.657+0000] {processor.py:914} INFO - Processing file /opt/airflow/dags/avito_to_raw_midraw.py for tasks to queue
[2026-07-11T16:47:57.660+0000] {logging_mixin.py:190} INFO - [2026-07-11T16:47:57.659+0000] {dagbag.py:588} INFO - Filling up the DagBag from /opt/airflow/dags/avito_to_raw_midraw.py
[2026-07-11T16:47:57.674+0000] {processor.py:925} INFO - DAG(s) 'avito_to_raw_midraw' retrieved from /opt/airflow/dags/avito_to_raw_midraw.py
[2026-07-11T16:47:57.692+0000] {logging_mixin.py:190} INFO - [2026-07-11T16:47:57.691+0000] {dag.py:3239} INFO - Sync 1 DAGs
[2026-07-11T16:47:57.706+0000] {logging_mixin.py:190} INFO - [2026-07-11T16:47:57.705+0000] {dag.py:4180} INFO - Setting next_dagrun for avito_to_raw_midraw to 2026-07-11 16:00:00+00:00, run_after=2026-07-11 17:00:00+00:00
[2026-07-11T16:47:57.716+0000] {processor.py:208} INFO - Processing /opt/airflow/dags/avito_to_raw_midraw.py took 0.065 seconds
[2026-07-11T16:48:28.050+0000] {processor.py:186} INFO - Started process (PID=43) to work on /opt/airflow/dags/avito_to_raw_midraw.py
[2026-07-11T16:48:28.051+0000] {processor.py:914} INFO - Processing file /opt/airflow/dags/avito_to_raw_midraw.py for tasks to queue
[2026-07-11T16:48:28.053+0000] {logging_mixin.py:190} INFO - [2026-07-11T16:48:28.053+0000] {dagbag.py:588} INFO - Filling up the DagBag from /opt/airflow/dags/avito_to_raw_midraw.py
[2026-07-11T16:48:28.068+0000] {processor.py:925} INFO - DAG(s) 'avito_to_raw_midraw' retrieved from /opt/airflow/dags/avito_to_raw_midraw.py
[2026-07-11T16:48:28.089+0000] {logging_mixin.py:190} INFO - [2026-07-11T16:48:28.089+0000] {dag.py:3239} INFO - Sync 1 DAGs
[2026-07-11T16:48:28.101+0000] {logging_mixin.py:190} INFO - [2026-07-11T16:48:28.101+0000] {dag.py:4180} INFO - Setting next_dagrun for avito_to_raw_midraw to 2026-07-11 16:00:00+00:00, run_after=2026-07-11 17:00:00+00:00
[2026-07-11T16:48:28.110+0000] {processor.py:208} INFO - Processing /opt/airflow/dags/avito_to_raw_midraw.py took 0.065 seconds
[2026-07-11T16:48:58.406+0000] {processor.py:186} INFO - Started process (PID=45) to work on /opt/airflow/dags/avito_to_raw_midraw.py
[2026-07-11T16:48:58.407+0000] {processor.py:914} INFO - Processing file /opt/airflow/dags/avito_to_raw_midraw.py for tasks to queue
[2026-07-11T16:48:58.408+0000] {logging_mixin.py:190} INFO - [2026-07-11T16:48:58.408+0000] {dagbag.py:588} INFO - Filling up the DagBag from /opt/airflow/dags/avito_to_raw_midraw.py
[2026-07-11T16:48:58.424+0000] {processor.py:925} INFO - DAG(s) 'avito_to_raw_midraw' retrieved from /opt/airflow/dags/avito_to_raw_midraw.py
[2026-07-11T16:48:58.441+0000] {logging_mixin.py:190} INFO - [2026-07-11T16:48:58.441+0000] {dag.py:3239} INFO - Sync 1 DAGs
[2026-07-11T16:48:58.454+0000] {logging_mixin.py:190} INFO - [2026-07-11T16:48:58.454+0000] {dag.py:4180} INFO - Setting next_dagrun for avito_to_raw_midraw to 2026-07-11 16:00:00+00:00, run_after=2026-07-11 17:00:00+00:00
[2026-07-11T16:48:58.465+0000] {processor.py:208} INFO - Processing /opt/airflow/dags/avito_to_raw_midraw.py took 0.064 seconds
[2026-07-11T16:49:28.701+0000] {processor.py:186} INFO - Started process (PID=47) to work on /opt/airflow/dags/avito_to_raw_midraw.py
[2026-07-11T16:49:28.701+0000] {processor.py:914} INFO - Processing file /opt/airflow/dags/avito_to_raw_midraw.py for tasks to queue
[2026-07-11T16:49:28.702+0000] {logging_mixin.py:190} INFO - [2026-07-11T16:49:28.702+0000] {dagbag.py:588} INFO - Filling up the DagBag from /opt/airflow/dags/avito_to_raw_midraw.py
[2026-07-11T16:49:28.713+0000] {processor.py:925} INFO - DAG(s) 'avito_to_raw_midraw' retrieved from /opt/airflow/dags/avito_to_raw_midraw.py
[2026-07-11T16:49:28.730+0000] {logging_mixin.py:190} INFO - [2026-07-11T16:49:28.729+0000] {dag.py:3239} INFO - Sync 1 DAGs
[2026-07-11T16:49:28.739+0000] {logging_mixin.py:190} INFO - [2026-07-11T16:49:28.739+0000] {dag.py:4180} INFO - Setting next_dagrun for avito_to_raw_midraw to 2026-07-11 16:00:00+00:00, run_after=2026-07-11 17:00:00+00:00
[2026-07-11T16:49:28.750+0000] {processor.py:208} INFO - Processing /opt/airflow/dags/avito_to_raw_midraw.py took 0.053 seconds
[2026-07-11T16:49:59.122+0000] {processor.py:186} INFO - Started process (PID=49) to work on /opt/airflow/dags/avito_to_raw_midraw.py
[2026-07-11T16:49:59.123+0000] {processor.py:914} INFO - Processing file /opt/airflow/dags/avito_to_raw_midraw.py for tasks to queue
[2026-07-11T16:49:59.125+0000] {logging_mixin.py:190} INFO - [2026-07-11T16:49:59.125+0000] {dagbag.py:588} INFO - Filling up the DagBag from /opt/airflow/dags/avito_to_raw_midraw.py
[2026-07-11T16:49:59.144+0000] {processor.py:925} INFO - DAG(s) 'avito_to_raw_midraw' retrieved from /opt/airflow/dags/avito_to_raw_midraw.py
[2026-07-11T16:49:59.159+0000] {logging_mixin.py:190} INFO - [2026-07-11T16:49:59.159+0000] {dag.py:3239} INFO - Sync 1 DAGs
[2026-07-11T16:49:59.169+0000] {logging_mixin.py:190} INFO - [2026-07-11T16:49:59.169+0000] {dag.py:4180} INFO - Setting next_dagrun for avito_to_raw_midraw to 2026-07-11 16:00:00+00:00, run_after=2026-07-11 17:00:00+00:00
[2026-07-11T16:49:59.178+0000] {processor.py:208} INFO - Processing /opt/airflow/dags/avito_to_raw_midraw.py took 0.062 seconds
[2026-07-11T16:50:29.520+0000] {processor.py:186} INFO - Started process (PID=51) to work on /opt/airflow/dags/avito_to_raw_midraw.py
[2026-07-11T16:50:29.521+0000] {processor.py:914} INFO - Processing file /opt/airflow/dags/avito_to_raw_midraw.py for tasks to queue
[2026-07-11T16:50:29.523+0000] {logging_mixin.py:190} INFO - [2026-07-11T16:50:29.523+0000] {dagbag.py:588} INFO - Filling up the DagBag from /opt/airflow/dags/avito_to_raw_midraw.py
[2026-07-11T16:50:29.537+0000] {processor.py:925} INFO - DAG(s) 'avito_to_raw_midraw' retrieved from /opt/airflow/dags/avito_to_raw_midraw.py
[2026-07-11T16:50:29.554+0000] {logging_mixin.py:190} INFO - [2026-07-11T16:50:29.554+0000] {dag.py:3239} INFO - Sync 1 DAGs
[2026-07-11T16:50:29.564+0000] {logging_mixin.py:190} INFO - [2026-07-11T16:50:29.564+0000] {dag.py:4180} INFO - Setting next_dagrun for avito_to_raw_midraw to 2026-07-11 16:00:00+00:00, run_after=2026-07-11 17:00:00+00:00
[2026-07-11T16:50:29.572+0000] {processor.py:208} INFO - Processing /opt/airflow/dags/avito_to_raw_midraw.py took 0.060 seconds
[2026-07-11T16:50:59.909+0000] {processor.py:186} INFO - Started process (PID=53) to work on /opt/airflow/dags/avito_to_raw_midraw.py
[2026-07-11T16:50:59.910+0000] {processor.py:914} INFO - Processing file /opt/airflow/dags/avito_to_raw_midraw.py for tasks to queue
[2026-07-11T16:50:59.913+0000] {logging_mixin.py:190} INFO - [2026-07-11T16:50:59.913+0000] {dagbag.py:588} INFO - Filling up the DagBag from /opt/airflow/dags/avito_to_raw_midraw.py
[2026-07-11T16:50:59.930+0000] {processor.py:925} INFO - DAG(s) 'avito_to_raw_midraw' retrieved from /opt/airflow/dags/avito_to_raw_midraw.py
[2026-07-11T16:50:59.949+0000] {logging_mixin.py:190} INFO - [2026-07-11T16:50:59.949+0000] {dag.py:3239} INFO - Sync 1 DAGs
[2026-07-11T16:50:59.960+0000] {logging_mixin.py:190} INFO - [2026-07-11T16:50:59.960+0000] {dag.py:4180} INFO - Setting next_dagrun for avito_to_raw_midraw to 2026-07-11 16:00:00+00:00, run_after=2026-07-11 17:00:00+00:00
[2026-07-11T16:50:59.970+0000] {processor.py:208} INFO - Processing /opt/airflow/dags/avito_to_raw_midraw.py took 0.067 seconds
[2026-07-11T16:51:30.163+0000] {processor.py:186} INFO - Started process (PID=55) to work on /opt/airflow/dags/avito_to_raw_midraw.py
[2026-07-11T16:51:30.164+0000] {processor.py:914} INFO - Processing file /opt/airflow/dags/avito_to_raw_midraw.py for tasks to queue
[2026-07-11T16:51:30.165+0000] {logging_mixin.py:190} INFO - [2026-07-11T16:51:30.165+0000] {dagbag.py:588} INFO - Filling up the DagBag from /opt/airflow/dags/avito_to_raw_midraw.py
[2026-07-11T16:51:30.178+0000] {processor.py:925} INFO - DAG(s) 'avito_to_raw_midraw' retrieved from /opt/airflow/dags/avito_to_raw_midraw.py
[2026-07-11T16:51:30.196+0000] {logging_mixin.py:190} INFO - [2026-07-11T16:51:30.196+0000] {dag.py:3239} INFO - Sync 1 DAGs
[2026-07-11T16:51:30.209+0000] {logging_mixin.py:190} INFO - [2026-07-11T16:51:30.209+0000] {dag.py:4180} INFO - Setting next_dagrun for avito_to_raw_midraw to 2026-07-11 16:00:00+00:00, run_after=2026-07-11 17:00:00+00:00
[2026-07-11T16:51:30.219+0000] {processor.py:208} INFO - Processing /opt/airflow/dags/avito_to_raw_midraw.py took 0.060 seconds
[2026-07-11T16:52:00.568+0000] {processor.py:186} INFO - Started process (PID=57) to work on /opt/airflow/dags/avito_to_raw_midraw.py
[2026-07-11T16:52:00.569+0000] {processor.py:914} INFO - Processing file /opt/airflow/dags/avito_to_raw_midraw.py for tasks to queue
[2026-07-11T16:52:00.571+0000] {logging_mixin.py:190} INFO - [2026-07-11T16:52:00.571+0000] {dagbag.py:588} INFO - Filling up the DagBag from /opt/airflow/dags/avito_to_raw_midraw.py
[2026-07-11T16:52:00.585+0000] {processor.py:925} INFO - DAG(s) 'avito_to_raw_midraw' retrieved from /opt/airflow/dags/avito_to_raw_midraw.py
[2026-07-11T16:52:00.608+0000] {logging_mixin.py:190} INFO - [2026-07-11T16:52:00.608+0000] {dag.py:3239} INFO - Sync 1 DAGs
[2026-07-11T16:52:00.623+0000] {logging_mixin.py:190} INFO - [2026-07-11T16:52:00.623+0000] {dag.py:4180} INFO - Setting next_dagrun for avito_to_raw_midraw to 2026-07-11 16:00:00+00:00, run_after=2026-07-11 17:00:00+00:00
[2026-07-11T16:52:00.636+0000] {processor.py:208} INFO - Processing /opt/airflow/dags/avito_to_raw_midraw.py took 0.074 seconds
[2026-07-11T16:52:30.958+0000] {processor.py:186} INFO - Started process (PID=59) to work on /opt/airflow/dags/avito_to_raw_midraw.py
[2026-07-11T16:52:30.959+0000] {processor.py:914} INFO - Processing file /opt/airflow/dags/avito_to_raw_midraw.py for tasks to queue
[2026-07-11T16:52:30.962+0000] {logging_mixin.py:190} INFO - [2026-07-11T16:52:30.961+0000] {dagbag.py:588} INFO - Filling up the DagBag from /opt/airflow/dags/avito_to_raw_midraw.py
[2026-07-11T16:52:30.980+0000] {processor.py:925} INFO - DAG(s) 'avito_to_raw_midraw' retrieved from /opt/airflow/dags/avito_to_raw_midraw.py
[2026-07-11T16:52:30.996+0000] {logging_mixin.py:190} INFO - [2026-07-11T16:52:30.996+0000] {dag.py:3239} INFO - Sync 1 DAGs
[2026-07-11T16:52:31.006+0000] {logging_mixin.py:190} INFO - [2026-07-11T16:52:31.006+0000] {dag.py:4180} INFO - Setting next_dagrun for avito_to_raw_midraw to 2026-07-11 16:00:00+00:00, run_after=2026-07-11 17:00:00+00:00
[2026-07-11T16:52:31.015+0000] {processor.py:208} INFO - Processing /opt/airflow/dags/avito_to_raw_midraw.py took 0.063 seconds
[2026-07-11T16:53:01.379+0000] {processor.py:186} INFO - Started process (PID=61) to work on /opt/airflow/dags/avito_to_raw_midraw.py
[2026-07-11T16:53:01.380+0000] {processor.py:914} INFO - Processing file /opt/airflow/dags/avito_to_raw_midraw.py for tasks to queue
[2026-07-11T16:53:01.382+0000] {logging_mixin.py:190} INFO - [2026-07-11T16:53:01.382+0000] {dagbag.py:588} INFO - Filling up the DagBag from /opt/airflow/dags/avito_to_raw_midraw.py
[2026-07-11T16:53:01.408+0000] {processor.py:925} INFO - DAG(s) 'avito_to_raw_midraw' retrieved from /opt/airflow/dags/avito_to_raw_midraw.py
[2026-07-11T16:53:01.423+0000] {logging_mixin.py:190} INFO - [2026-07-11T16:53:01.423+0000] {dag.py:3239} INFO - Sync 1 DAGs
[2026-07-11T16:53:01.434+0000] {logging_mixin.py:190} INFO - [2026-07-11T16:53:01.434+0000] {dag.py:4180} INFO - Setting next_dagrun for avito_to_raw_midraw to 2026-07-11 16:00:00+00:00, run_after=2026-07-11 17:00:00+00:00
[2026-07-11T16:53:01.443+0000] {processor.py:208} INFO - Processing /opt/airflow/dags/avito_to_raw_midraw.py took 0.072 seconds
[2026-07-11T16:53:31.761+0000] {processor.py:186} INFO - Started process (PID=63) to work on /opt/airflow/dags/avito_to_raw_midraw.py
[2026-07-11T16:53:31.762+0000] {processor.py:914} INFO - Processing file /opt/airflow/dags/avito_to_raw_midraw.py for tasks to queue
[2026-07-11T16:53:31.766+0000] {logging_mixin.py:190} INFO - [2026-07-11T16:53:31.764+0000] {dagbag.py:588} INFO - Filling up the DagBag from /opt/airflow/dags/avito_to_raw_midraw.py
[2026-07-11T16:53:31.786+0000] {processor.py:925} INFO - DAG(s) 'avito_to_raw_midraw' retrieved from /opt/airflow/dags/avito_to_raw_midraw.py
[2026-07-11T16:53:31.801+0000] {logging_mixin.py:190} INFO - [2026-07-11T16:53:31.801+0000] {dag.py:3239} INFO - Sync 1 DAGs
[2026-07-11T16:53:31.812+0000] {logging_mixin.py:190} INFO - [2026-07-11T16:53:31.812+0000] {dag.py:4180} INFO - Setting next_dagrun for avito_to_raw_midraw to 2026-07-11 16:00:00+00:00, run_after=2026-07-11 17:00:00+00:00
[2026-07-11T16:53:31.821+0000] {processor.py:208} INFO - Processing /opt/airflow/dags/avito_to_raw_midraw.py took 0.067 seconds
[2026-07-11T16:54:02.084+0000] {processor.py:186} INFO - Started process (PID=65) to work on /opt/airflow/dags/avito_to_raw_midraw.py
[2026-07-11T16:54:02.085+0000] {processor.py:914} INFO - Processing file /opt/airflow/dags/avito_to_raw_midraw.py for tasks to queue
[2026-07-11T16:54:02.088+0000] {logging_mixin.py:190} INFO - [2026-07-11T16:54:02.088+0000] {dagbag.py:588} INFO - Filling up the DagBag from /opt/airflow/dags/avito_to_raw_midraw.py
[2026-07-11T16:54:02.098+0000] {processor.py:925} INFO - DAG(s) 'avito_to_raw_midraw' retrieved from /opt/airflow/dags/avito_to_raw_midraw.py
[2026-07-11T16:54:02.114+0000] {logging_mixin.py:190} INFO - [2026-07-11T16:54:02.114+0000] {dag.py:3239} INFO - Sync 1 DAGs
[2026-07-11T16:54:02.127+0000] {logging_mixin.py:190} INFO - [2026-07-11T16:54:02.127+0000] {dag.py:4180} INFO - Setting next_dagrun for avito_to_raw_midraw to 2026-07-11 16:00:00+00:00, run_after=2026-07-11 17:00:00+00:00
[2026-07-11T16:54:02.137+0000] {processor.py:208} INFO - Processing /opt/airflow/dags/avito_to_raw_midraw.py took 0.056 seconds
[2026-07-11T16:54:32.433+0000] {processor.py:186} INFO - Started process (PID=67) to work on /opt/airflow/dags/avito_to_raw_midraw.py
[2026-07-11T16:54:32.434+0000] {processor.py:914} INFO - Processing file /opt/airflow/dags/avito_to_raw_midraw.py for tasks to queue
[2026-07-11T16:54:32.436+0000] {logging_mixin.py:190} INFO - [2026-07-11T16:54:32.436+0000] {dagbag.py:588} INFO - Filling up the DagBag from /opt/airflow/dags/avito_to_raw_midraw.py
[2026-07-11T16:54:32.451+0000] {processor.py:925} INFO - DAG(s) 'avito_to_raw_midraw' retrieved from /opt/airflow/dags/avito_to_raw_midraw.py
[2026-07-11T16:54:32.472+0000] {logging_mixin.py:190} INFO - [2026-07-11T16:54:32.472+0000] {dag.py:3239} INFO - Sync 1 DAGs
[2026-07-11T16:54:32.485+0000] {logging_mixin.py:190} INFO - [2026-07-11T16:54:32.485+0000] {dag.py:4180} INFO - Setting next_dagrun for avito_to_raw_midraw to 2026-07-11 16:00:00+00:00, run_after=2026-07-11 17:00:00+00:00
[2026-07-11T16:54:32.493+0000] {processor.py:208} INFO - Processing /opt/airflow/dags/avito_to_raw_midraw.py took 0.066 seconds
[2026-07-11T16:55:02.772+0000] {processor.py:186} INFO - Started process (PID=69) to work on /opt/airflow/dags/avito_to_raw_midraw.py
[2026-07-11T16:55:02.773+0000] {processor.py:914} INFO - Processing file /opt/airflow/dags/avito_to_raw_midraw.py for tasks to queue
[2026-07-11T16:55:02.775+0000] {logging_mixin.py:190} INFO - [2026-07-11T16:55:02.775+0000] {dagbag.py:588} INFO - Filling up the DagBag from /opt/airflow/dags/avito_to_raw_midraw.py
[2026-07-11T16:55:02.787+0000] {processor.py:925} INFO - DAG(s) 'avito_to_raw_midraw' retrieved from /opt/airflow/dags/avito_to_raw_midraw.py
[2026-07-11T16:55:02.800+0000] {logging_mixin.py:190} INFO - [2026-07-11T16:55:02.800+0000] {dag.py:3239} INFO - Sync 1 DAGs
[2026-07-11T16:55:02.809+0000] {logging_mixin.py:190} INFO - [2026-07-11T16:55:02.809+0000] {dag.py:4180} INFO - Setting next_dagrun for avito_to_raw_midraw to 2026-07-11 16:00:00+00:00, run_after=2026-07-11 17:00:00+00:00
[2026-07-11T16:55:02.818+0000] {processor.py:208} INFO - Processing /opt/airflow/dags/avito_to_raw_midraw.py took 0.049 seconds
[2026-07-11T16:55:33.023+0000] {processor.py:186} INFO - Started process (PID=109) to work on /opt/airflow/dags/avito_to_raw_midraw.py
[2026-07-11T16:55:33.024+0000] {processor.py:914} INFO - Processing file /opt/airflow/dags/avito_to_raw_midraw.py for tasks to queue
[2026-07-11T16:55:33.025+0000] {logging_mixin.py:190} INFO - [2026-07-11T16:55:33.025+0000] {dagbag.py:588} INFO - Filling up the DagBag from /opt/airflow/dags/avito_to_raw_midraw.py
[2026-07-11T16:55:33.038+0000] {processor.py:925} INFO - DAG(s) 'avito_to_raw_midraw' retrieved from /opt/airflow/dags/avito_to_raw_midraw.py
[2026-07-11T16:55:33.051+0000] {logging_mixin.py:190} INFO - [2026-07-11T16:55:33.051+0000] {dag.py:3239} INFO - Sync 1 DAGs
[2026-07-11T16:55:33.060+0000] {logging_mixin.py:190} INFO - [2026-07-11T16:55:33.060+0000] {dag.py:4180} INFO - Setting next_dagrun for avito_to_raw_midraw to 2026-07-11 16:00:00+00:00, run_after=2026-07-11 17:00:00+00:00
[2026-07-11T16:55:33.070+0000] {processor.py:208} INFO - Processing /opt/airflow/dags/avito_to_raw_midraw.py took 0.050 seconds
[2026-07-11T16:56:03.327+0000] {processor.py:186} INFO - Started process (PID=123) to work on /opt/airflow/dags/avito_to_raw_midraw.py
[2026-07-11T16:56:03.327+0000] {processor.py:914} INFO - Processing file /opt/airflow/dags/avito_to_raw_midraw.py for tasks to queue
[2026-07-11T16:56:03.329+0000] {logging_mixin.py:190} INFO - [2026-07-11T16:56:03.328+0000] {dagbag.py:588} INFO - Filling up the DagBag from /opt/airflow/dags/avito_to_raw_midraw.py
[2026-07-11T16:56:03.338+0000] {processor.py:925} INFO - DAG(s) 'avito_to_raw_midraw' retrieved from /opt/airflow/dags/avito_to_raw_midraw.py
[2026-07-11T16:56:03.354+0000] {logging_mixin.py:190} INFO - [2026-07-11T16:56:03.354+0000] {dag.py:3239} INFO - Sync 1 DAGs
[2026-07-11T16:56:03.364+0000] {logging_mixin.py:190} INFO - [2026-07-11T16:56:03.364+0000] {dag.py:4180} INFO - Setting next_dagrun for avito_to_raw_midraw to 2026-07-11 16:00:00+00:00, run_after=2026-07-11 17:00:00+00:00
[2026-07-11T16:56:03.375+0000] {processor.py:208} INFO - Processing /opt/airflow/dags/avito_to_raw_midraw.py took 0.052 seconds
[2026-07-11T16:56:27.605+0000] {processor.py:186} INFO - Started process (PID=125) to work on /opt/airflow/dags/avito_to_raw_midraw.py
[2026-07-11T16:56:27.606+0000] {processor.py:914} INFO - Processing file /opt/airflow/dags/avito_to_raw_midraw.py for tasks to queue
[2026-07-11T16:56:27.607+0000] {logging_mixin.py:190} INFO - [2026-07-11T16:56:27.607+0000] {dagbag.py:588} INFO - Filling up the DagBag from /opt/airflow/dags/avito_to_raw_midraw.py
[2026-07-11T16:56:27.618+0000] {processor.py:925} INFO - DAG(s) 'avito_to_raw_midraw' retrieved from /opt/airflow/dags/avito_to_raw_midraw.py
[2026-07-11T16:56:27.631+0000] {logging_mixin.py:190} INFO - [2026-07-11T16:56:27.631+0000] {dag.py:3239} INFO - Sync 1 DAGs
[2026-07-11T16:56:27.640+0000] {logging_mixin.py:190} INFO - [2026-07-11T16:56:27.640+0000] {dag.py:4180} INFO - Setting next_dagrun for avito_to_raw_midraw to 2026-07-11 16:00:00+00:00, run_after=2026-07-11 17:00:00+00:00
[2026-07-11T16:56:27.647+0000] {processor.py:208} INFO - Processing /opt/airflow/dags/avito_to_raw_midraw.py took 0.045 seconds
[2026-07-11T16:56:57.945+0000] {processor.py:186} INFO - Started process (PID=151) to work on /opt/airflow/dags/avito_to_raw_midraw.py
[2026-07-11T16:56:57.946+0000] {processor.py:914} INFO - Processing file /opt/airflow/dags/avito_to_raw_midraw.py for tasks to queue
[2026-07-11T16:56:57.947+0000] {logging_mixin.py:190} INFO - [2026-07-11T16:56:57.947+0000] {dagbag.py:588} INFO - Filling up the DagBag from /opt/airflow/dags/avito_to_raw_midraw.py
[2026-07-11T16:56:57.959+0000] {processor.py:925} INFO - DAG(s) 'avito_to_raw_midraw' retrieved from /opt/airflow/dags/avito_to_raw_midraw.py
[2026-07-11T16:56:57.973+0000] {logging_mixin.py:190} INFO - [2026-07-11T16:56:57.972+0000] {dag.py:3239} INFO - Sync 1 DAGs
[2026-07-11T16:56:57.982+0000] {logging_mixin.py:190} INFO - [2026-07-11T16:56:57.982+0000] {dag.py:4180} INFO - Setting next_dagrun for avito_to_raw_midraw to 2026-07-11 16:00:00+00:00, run_after=2026-07-11 17:00:00+00:00
[2026-07-11T16:56:57.989+0000] {processor.py:208} INFO - Processing /opt/airflow/dags/avito_to_raw_midraw.py took 0.050 seconds
[2026-07-11T16:57:28.322+0000] {processor.py:186} INFO - Started process (PID=160) to work on /opt/airflow/dags/avito_to_raw_midraw.py
[2026-07-11T16:57:28.322+0000] {processor.py:914} INFO - Processing file /opt/airflow/dags/avito_to_raw_midraw.py for tasks to queue
[2026-07-11T16:57:28.324+0000] {logging_mixin.py:190} INFO - [2026-07-11T16:57:28.323+0000] {dagbag.py:588} INFO - Filling up the DagBag from /opt/airflow/dags/avito_to_raw_midraw.py
[2026-07-11T16:57:28.333+0000] {processor.py:925} INFO - DAG(s) 'avito_to_raw_midraw' retrieved from /opt/airflow/dags/avito_to_raw_midraw.py
[2026-07-11T16:57:28.347+0000] {logging_mixin.py:190} INFO - [2026-07-11T16:57:28.346+0000] {dag.py:3239} INFO - Sync 1 DAGs
[2026-07-11T16:57:28.356+0000] {logging_mixin.py:190} INFO - [2026-07-11T16:57:28.356+0000] {dag.py:4180} INFO - Setting next_dagrun for avito_to_raw_midraw to 2026-07-11 16:00:00+00:00, run_after=2026-07-11 17:00:00+00:00
[2026-07-11T16:57:28.362+0000] {processor.py:208} INFO - Processing /opt/airflow/dags/avito_to_raw_midraw.py took 0.045 seconds
[2026-07-11T16:57:58.710+0000] {processor.py:186} INFO - Started process (PID=162) to work on /opt/airflow/dags/avito_to_raw_midraw.py
[2026-07-11T16:57:58.710+0000] {processor.py:914} INFO - Processing file /opt/airflow/dags/avito_to_raw_midraw.py for tasks to queue
[2026-07-11T16:57:58.713+0000] {logging_mixin.py:190} INFO - [2026-07-11T16:57:58.713+0000] {dagbag.py:588} INFO - Filling up the DagBag from /opt/airflow/dags/avito_to_raw_midraw.py
[2026-07-11T16:57:58.725+0000] {processor.py:925} INFO - DAG(s) 'avito_to_raw_midraw' retrieved from /opt/airflow/dags/avito_to_raw_midraw.py
[2026-07-11T16:57:58.740+0000] {logging_mixin.py:190} INFO - [2026-07-11T16:57:58.740+0000] {dag.py:3239} INFO - Sync 1 DAGs
[2026-07-11T16:57:58.751+0000] {logging_mixin.py:190} INFO - [2026-07-11T16:57:58.751+0000] {dag.py:4180} INFO - Setting next_dagrun for avito_to_raw_midraw to 2026-07-11 16:00:00+00:00, run_after=2026-07-11 17:00:00+00:00
[2026-07-11T16:57:58.757+0000] {processor.py:208} INFO - Processing /opt/airflow/dags/avito_to_raw_midraw.py took 0.053 seconds
[2026-07-11T16:58:29.065+0000] {processor.py:186} INFO - Started process (PID=164) to work on /opt/airflow/dags/avito_to_raw_midraw.py
[2026-07-11T16:58:29.066+0000] {processor.py:914} INFO - Processing file /opt/airflow/dags/avito_to_raw_midraw.py for tasks to queue
[2026-07-11T16:58:29.067+0000] {logging_mixin.py:190} INFO - [2026-07-11T16:58:29.067+0000] {dagbag.py:588} INFO - Filling up the DagBag from /opt/airflow/dags/avito_to_raw_midraw.py
[2026-07-11T16:58:29.074+0000] {processor.py:925} INFO - DAG(s) 'avito_to_raw_midraw' retrieved from /opt/airflow/dags/avito_to_raw_midraw.py
[2026-07-11T16:58:29.085+0000] {logging_mixin.py:190} INFO - [2026-07-11T16:58:29.085+0000] {dag.py:3239} INFO - Sync 1 DAGs
[2026-07-11T16:58:29.094+0000] {logging_mixin.py:190} INFO - [2026-07-11T16:58:29.093+0000] {dag.py:4180} INFO - Setting next_dagrun for avito_to_raw_midraw to 2026-07-11 16:00:00+00:00, run_after=2026-07-11 17:00:00+00:00
[2026-07-11T16:58:29.100+0000] {processor.py:208} INFO - Processing /opt/airflow/dags/avito_to_raw_midraw.py took 0.037 seconds
[2026-07-11T16:58:59.442+0000] {processor.py:186} INFO - Started process (PID=166) to work on /opt/airflow/dags/avito_to_raw_midraw.py
[2026-07-11T16:58:59.443+0000] {processor.py:914} INFO - Processing file /opt/airflow/dags/avito_to_raw_midraw.py for tasks to queue
[2026-07-11T16:58:59.445+0000] {logging_mixin.py:190} INFO - [2026-07-11T16:58:59.444+0000] {dagbag.py:588} INFO - Filling up the DagBag from /opt/airflow/dags/avito_to_raw_midraw.py
[2026-07-11T16:58:59.457+0000] {processor.py:925} INFO - DAG(s) 'avito_to_raw_midraw' retrieved from /opt/airflow/dags/avito_to_raw_midraw.py
[2026-07-11T16:58:59.470+0000] {logging_mixin.py:190} INFO - [2026-07-11T16:58:59.470+0000] {dag.py:3239} INFO - Sync 1 DAGs
[2026-07-11T16:58:59.479+0000] {logging_mixin.py:190} INFO - [2026-07-11T16:58:59.479+0000] {dag.py:4180} INFO - Setting next_dagrun for avito_to_raw_midraw to 2026-07-11 16:00:00+00:00, run_after=2026-07-11 17:00:00+00:00
[2026-07-11T16:58:59.487+0000] {processor.py:208} INFO - Processing /opt/airflow/dags/avito_to_raw_midraw.py took 0.050 seconds
[2026-07-11T16:59:29.837+0000] {processor.py:186} INFO - Started process (PID=168) to work on /opt/airflow/dags/avito_to_raw_midraw.py
[2026-07-11T16:59:29.837+0000] {processor.py:914} INFO - Processing file /opt/airflow/dags/avito_to_raw_midraw.py for tasks to queue
[2026-07-11T16:59:29.839+0000] {logging_mixin.py:190} INFO - [2026-07-11T16:59:29.839+0000] {dagbag.py:588} INFO - Filling up the DagBag from /opt/airflow/dags/avito_to_raw_midraw.py
[2026-07-11T16:59:29.851+0000] {processor.py:925} INFO - DAG(s) 'avito_to_raw_midraw' retrieved from /opt/airflow/dags/avito_to_raw_midraw.py
[2026-07-11T16:59:29.864+0000] {logging_mixin.py:190} INFO - [2026-07-11T16:59:29.864+0000] {dag.py:3239} INFO - Sync 1 DAGs
[2026-07-11T16:59:29.874+0000] {logging_mixin.py:190} INFO - [2026-07-11T16:59:29.874+0000] {dag.py:4180} INFO - Setting next_dagrun for avito_to_raw_midraw to 2026-07-11 16:00:00+00:00, run_after=2026-07-11 17:00:00+00:00
[2026-07-11T16:59:29.881+0000] {processor.py:208} INFO - Processing /opt/airflow/dags/avito_to_raw_midraw.py took 0.049 seconds
[2026-07-11T17:00:00.167+0000] {processor.py:186} INFO - Started process (PID=170) to work on /opt/airflow/dags/avito_to_raw_midraw.py
[2026-07-11T17:00:00.167+0000] {processor.py:914} INFO - Processing file /opt/airflow/dags/avito_to_raw_midraw.py for tasks to queue
[2026-07-11T17:00:00.168+0000] {logging_mixin.py:190} INFO - [2026-07-11T17:00:00.168+0000] {dagbag.py:588} INFO - Filling up the DagBag from /opt/airflow/dags/avito_to_raw_midraw.py
[2026-07-11T17:00:00.179+0000] {processor.py:925} INFO - DAG(s) 'avito_to_raw_midraw' retrieved from /opt/airflow/dags/avito_to_raw_midraw.py
[2026-07-11T17:00:00.195+0000] {logging_mixin.py:190} INFO - [2026-07-11T17:00:00.195+0000] {dag.py:3239} INFO - Sync 1 DAGs
[2026-07-11T17:00:00.209+0000] {logging_mixin.py:190} INFO - [2026-07-11T17:00:00.209+0000] {dag.py:4180} INFO - Setting next_dagrun for avito_to_raw_midraw to 2026-07-11 16:00:00+00:00, run_after=2026-07-11 17:00:00+00:00
[2026-07-11T17:00:00.218+0000] {processor.py:208} INFO - Processing /opt/airflow/dags/avito_to_raw_midraw.py took 0.055 seconds
[2026-07-11T17:01:22.416+0000] {processor.py:186} INFO - Started process (PID=176) to work on /opt/airflow/dags/avito_to_raw_midraw.py
[2026-07-11T17:01:22.416+0000] {processor.py:914} INFO - Processing file /opt/airflow/dags/avito_to_raw_midraw.py for tasks to queue
[2026-07-11T17:01:22.417+0000] {logging_mixin.py:190} INFO - [2026-07-11T17:01:22.417+0000] {dagbag.py:588} INFO - Filling up the DagBag from /opt/airflow/dags/avito_to_raw_midraw.py
[2026-07-11T17:01:22.427+0000] {processor.py:925} INFO - DAG(s) 'avito_to_raw_midraw' retrieved from /opt/airflow/dags/avito_to_raw_midraw.py
[2026-07-11T17:01:22.445+0000] {logging_mixin.py:190} INFO - [2026-07-11T17:01:22.445+0000] {dag.py:3239} INFO - Sync 1 DAGs
[2026-07-11T17:01:22.460+0000] {processor.py:208} INFO - Processing /opt/airflow/dags/avito_to_raw_midraw.py took 0.047 seconds
[2026-07-11T17:01:52.676+0000] {processor.py:186} INFO - Started process (PID=178) to work on /opt/airflow/dags/avito_to_raw_midraw.py
[2026-07-11T17:01:52.677+0000] {processor.py:914} INFO - Processing file /opt/airflow/dags/avito_to_raw_midraw.py for tasks to queue
[2026-07-11T17:01:52.678+0000] {logging_mixin.py:190} INFO - [2026-07-11T17:01:52.678+0000] {dagbag.py:588} INFO - Filling up the DagBag from /opt/airflow/dags/avito_to_raw_midraw.py
[2026-07-11T17:01:52.694+0000] {processor.py:925} INFO - DAG(s) 'avito_to_raw_midraw' retrieved from /opt/airflow/dags/avito_to_raw_midraw.py
[2026-07-11T17:01:52.709+0000] {logging_mixin.py:190} INFO - [2026-07-11T17:01:52.709+0000] {dag.py:3239} INFO - Sync 1 DAGs
[2026-07-11T17:01:52.720+0000] {logging_mixin.py:190} INFO - [2026-07-11T17:01:52.720+0000] {dag.py:4180} INFO - Setting next_dagrun for avito_to_raw_midraw to 2026-07-11 17:00:00+00:00, run_after=2026-07-11 18:00:00+00:00
[2026-07-11T17:01:52.729+0000] {processor.py:208} INFO - Processing /opt/airflow/dags/avito_to_raw_midraw.py took 0.060 seconds
[2026-07-11T17:02:22.940+0000] {processor.py:186} INFO - Started process (PID=180) to work on /opt/airflow/dags/avito_to_raw_midraw.py
[2026-07-11T17:02:22.940+0000] {processor.py:914} INFO - Processing file /opt/airflow/dags/avito_to_raw_midraw.py for tasks to queue
[2026-07-11T17:02:22.942+0000] {logging_mixin.py:190} INFO - [2026-07-11T17:02:22.942+0000] {dagbag.py:588} INFO - Filling up the DagBag from /opt/airflow/dags/avito_to_raw_midraw.py
[2026-07-11T17:02:22.955+0000] {processor.py:925} INFO - DAG(s) 'avito_to_raw_midraw' retrieved from /opt/airflow/dags/avito_to_raw_midraw.py
[2026-07-11T17:02:22.973+0000] {logging_mixin.py:190} INFO - [2026-07-11T17:02:22.973+0000] {dag.py:3239} INFO - Sync 1 DAGs
[2026-07-11T17:02:22.984+0000] {logging_mixin.py:190} INFO - [2026-07-11T17:02:22.984+0000] {dag.py:4180} INFO - Setting next_dagrun for avito_to_raw_midraw to 2026-07-11 17:00:00+00:00, run_after=2026-07-11 18:00:00+00:00
[2026-07-11T17:02:22.993+0000] {processor.py:208} INFO - Processing /opt/airflow/dags/avito_to_raw_midraw.py took 0.059 seconds
[2026-07-11T17:02:53.223+0000] {processor.py:186} INFO - Started process (PID=182) to work on /opt/airflow/dags/avito_to_raw_midraw.py
[2026-07-11T17:02:53.224+0000] {processor.py:914} INFO - Processing file /opt/airflow/dags/avito_to_raw_midraw.py for tasks to queue
[2026-07-11T17:02:53.226+0000] {logging_mixin.py:190} INFO - [2026-07-11T17:02:53.226+0000] {dagbag.py:588} INFO - Filling up the DagBag from /opt/airflow/dags/avito_to_raw_midraw.py
[2026-07-11T17:02:53.243+0000] {processor.py:925} INFO - DAG(s) 'avito_to_raw_midraw' retrieved from /opt/airflow/dags/avito_to_raw_midraw.py
[2026-07-11T17:02:53.259+0000] {logging_mixin.py:190} INFO - [2026-07-11T17:02:53.259+0000] {dag.py:3239} INFO - Sync 1 DAGs
[2026-07-11T17:02:53.270+0000] {logging_mixin.py:190} INFO - [2026-07-11T17:02:53.270+0000] {dag.py:4180} INFO - Setting next_dagrun for avito_to_raw_midraw to 2026-07-11 17:00:00+00:00, run_after=2026-07-11 18:00:00+00:00
[2026-07-11T17:02:53.279+0000] {processor.py:208} INFO - Processing /opt/airflow/dags/avito_to_raw_midraw.py took 0.063 seconds
[2026-07-11T17:03:23.526+0000] {processor.py:186} INFO - Started process (PID=184) to work on /opt/airflow/dags/avito_to_raw_midraw.py
[2026-07-11T17:03:23.527+0000] {processor.py:914} INFO - Processing file /opt/airflow/dags/avito_to_raw_midraw.py for tasks to queue
[2026-07-11T17:03:23.529+0000] {logging_mixin.py:190} INFO - [2026-07-11T17:03:23.528+0000] {dagbag.py:588} INFO - Filling up the DagBag from /opt/airflow/dags/avito_to_raw_midraw.py
[2026-07-11T17:03:23.542+0000] {processor.py:925} INFO - DAG(s) 'avito_to_raw_midraw' retrieved from /opt/airflow/dags/avito_to_raw_midraw.py
[2026-07-11T17:03:23.557+0000] {logging_mixin.py:190} INFO - [2026-07-11T17:03:23.557+0000] {dag.py:3239} INFO - Sync 1 DAGs
[2026-07-11T17:03:23.569+0000] {logging_mixin.py:190} INFO - [2026-07-11T17:03:23.569+0000] {dag.py:4180} INFO - Setting next_dagrun for avito_to_raw_midraw to 2026-07-11 17:00:00+00:00, run_after=2026-07-11 18:00:00+00:00
[2026-07-11T17:03:23.577+0000] {processor.py:208} INFO - Processing /opt/airflow/dags/avito_to_raw_midraw.py took 0.057 seconds
[2026-07-11T17:03:53.930+0000] {processor.py:186} INFO - Started process (PID=186) to work on /opt/airflow/dags/avito_to_raw_midraw.py
[2026-07-11T17:03:53.930+0000] {processor.py:914} INFO - Processing file /opt/airflow/dags/avito_to_raw_midraw.py for tasks to queue
[2026-07-11T17:03:53.932+0000] {logging_mixin.py:190} INFO - [2026-07-11T17:03:53.932+0000] {dagbag.py:588} INFO - Filling up the DagBag from /opt/airflow/dags/avito_to_raw_midraw.py
[2026-07-11T17:03:53.949+0000] {processor.py:925} INFO - DAG(s) 'avito_to_raw_midraw' retrieved from /opt/airflow/dags/avito_to_raw_midraw.py
[2026-07-11T17:03:53.968+0000] {logging_mixin.py:190} INFO - [2026-07-11T17:03:53.968+0000] {dag.py:3239} INFO - Sync 1 DAGs
[2026-07-11T17:03:53.978+0000] {logging_mixin.py:190} INFO - [2026-07-11T17:03:53.978+0000] {dag.py:4180} INFO - Setting next_dagrun for avito_to_raw_midraw to 2026-07-11 17:00:00+00:00, run_after=2026-07-11 18:00:00+00:00
[2026-07-11T17:03:53.987+0000] {processor.py:208} INFO - Processing /opt/airflow/dags/avito_to_raw_midraw.py took 0.063 seconds
[2026-07-11T17:04:24.338+0000] {processor.py:186} INFO - Started process (PID=188) to work on /opt/airflow/dags/avito_to_raw_midraw.py
[2026-07-11T17:04:24.339+0000] {processor.py:914} INFO - Processing file /opt/airflow/dags/avito_to_raw_midraw.py for tasks to queue
[2026-07-11T17:04:24.341+0000] {logging_mixin.py:190} INFO - [2026-07-11T17:04:24.341+0000] {dagbag.py:588} INFO - Filling up the DagBag from /opt/airflow/dags/avito_to_raw_midraw.py
[2026-07-11T17:04:24.356+0000] {processor.py:925} INFO - DAG(s) 'avito_to_raw_midraw' retrieved from /opt/airflow/dags/avito_to_raw_midraw.py
[2026-07-11T17:04:24.374+0000] {logging_mixin.py:190} INFO - [2026-07-11T17:04:24.373+0000] {dag.py:3239} INFO - Sync 1 DAGs
[2026-07-11T17:04:24.384+0000] {logging_mixin.py:190} INFO - [2026-07-11T17:04:24.384+0000] {dag.py:4180} INFO - Setting next_dagrun for avito_to_raw_midraw to 2026-07-11 17:00:00+00:00, run_after=2026-07-11 18:00:00+00:00
[2026-07-11T17:04:24.393+0000] {processor.py:208} INFO - Processing /opt/airflow/dags/avito_to_raw_midraw.py took 0.062 seconds
[2026-07-11T17:04:54.719+0000] {processor.py:186} INFO - Started process (PID=190) to work on /opt/airflow/dags/avito_to_raw_midraw.py
[2026-07-11T17:04:54.719+0000] {processor.py:914} INFO - Processing file /opt/airflow/dags/avito_to_raw_midraw.py for tasks to queue
[2026-07-11T17:04:54.721+0000] {logging_mixin.py:190} INFO - [2026-07-11T17:04:54.721+0000] {dagbag.py:588} INFO - Filling up the DagBag from /opt/airflow/dags/avito_to_raw_midraw.py
[2026-07-11T17:04:54.736+0000] {processor.py:925} INFO - DAG(s) 'avito_to_raw_midraw' retrieved from /opt/airflow/dags/avito_to_raw_midraw.py
[2026-07-11T17:04:54.752+0000] {logging_mixin.py:190} INFO - [2026-07-11T17:04:54.751+0000] {dag.py:3239} INFO - Sync 1 DAGs
[2026-07-11T17:04:54.765+0000] {logging_mixin.py:190} INFO - [2026-07-11T17:04:54.765+0000] {dag.py:4180} INFO - Setting next_dagrun for avito_to_raw_midraw to 2026-07-11 17:00:00+00:00, run_after=2026-07-11 18:00:00+00:00
[2026-07-11T17:04:54.773+0000] {processor.py:208} INFO - Processing /opt/airflow/dags/avito_to_raw_midraw.py took 0.061 seconds
[2026-07-11T17:05:25.120+0000] {processor.py:186} INFO - Started process (PID=192) to work on /opt/airflow/dags/avito_to_raw_midraw.py
[2026-07-11T17:05:25.121+0000] {processor.py:914} INFO - Processing file /opt/airflow/dags/avito_to_raw_midraw.py for tasks to queue
[2026-07-11T17:05:25.123+0000] {logging_mixin.py:190} INFO - [2026-07-11T17:05:25.123+0000] {dagbag.py:588} INFO - Filling up the DagBag from /opt/airflow/dags/avito_to_raw_midraw.py
[2026-07-11T17:05:25.138+0000] {processor.py:925} INFO - DAG(s) 'avito_to_raw_midraw' retrieved from /opt/airflow/dags/avito_to_raw_midraw.py
[2026-07-11T17:05:25.156+0000] {logging_mixin.py:190} INFO - [2026-07-11T17:05:25.156+0000] {dag.py:3239} INFO - Sync 1 DAGs
[2026-07-11T17:05:25.166+0000] {logging_mixin.py:190} INFO - [2026-07-11T17:05:25.166+0000] {dag.py:4180} INFO - Setting next_dagrun for avito_to_raw_midraw to 2026-07-11 17:00:00+00:00, run_after=2026-07-11 18:00:00+00:00
[2026-07-11T17:05:25.176+0000] {processor.py:208} INFO - Processing /opt/airflow/dags/avito_to_raw_midraw.py took 0.063 seconds
[2026-07-11T17:05:55.461+0000] {processor.py:186} INFO - Started process (PID=194) to work on /opt/airflow/dags/avito_to_raw_midraw.py
[2026-07-11T17:05:55.462+0000] {processor.py:914} INFO - Processing file /opt/airflow/dags/avito_to_raw_midraw.py for tasks to queue
[2026-07-11T17:05:55.464+0000] {logging_mixin.py:190} INFO - [2026-07-11T17:05:55.464+0000] {dagbag.py:588} INFO - Filling up the DagBag from /opt/airflow/dags/avito_to_raw_midraw.py
[2026-07-11T17:05:55.478+0000] {processor.py:925} INFO - DAG(s) 'avito_to_raw_midraw' retrieved from /opt/airflow/dags/avito_to_raw_midraw.py
[2026-07-11T17:05:55.495+0000] {logging_mixin.py:190} INFO - [2026-07-11T17:05:55.495+0000] {dag.py:3239} INFO - Sync 1 DAGs
[2026-07-11T17:05:55.505+0000] {logging_mixin.py:190} INFO - [2026-07-11T17:05:55.505+0000] {dag.py:4180} INFO - Setting next_dagrun for avito_to_raw_midraw to 2026-07-11 17:00:00+00:00, run_after=2026-07-11 18:00:00+00:00
[2026-07-11T17:05:55.514+0000] {processor.py:208} INFO - Processing /opt/airflow/dags/avito_to_raw_midraw.py took 0.059 seconds
[2026-07-11T17:06:25.815+0000] {processor.py:186} INFO - Started process (PID=196) to work on /opt/airflow/dags/avito_to_raw_midraw.py
[2026-07-11T17:06:25.817+0000] {processor.py:914} INFO - Processing file /opt/airflow/dags/avito_to_raw_midraw.py for tasks to queue
[2026-07-11T17:06:25.818+0000] {logging_mixin.py:190} INFO - [2026-07-11T17:06:25.818+0000] {dagbag.py:588} INFO - Filling up the DagBag from /opt/airflow/dags/avito_to_raw_midraw.py
[2026-07-11T17:06:25.831+0000] {processor.py:925} INFO - DAG(s) 'avito_to_raw_midraw' retrieved from /opt/airflow/dags/avito_to_raw_midraw.py
[2026-07-11T17:06:25.846+0000] {logging_mixin.py:190} INFO - [2026-07-11T17:06:25.846+0000] {dag.py:3239} INFO - Sync 1 DAGs
[2026-07-11T17:06:25.857+0000] {logging_mixin.py:190} INFO - [2026-07-11T17:06:25.857+0000] {dag.py:4180} INFO - Setting next_dagrun for avito_to_raw_midraw to 2026-07-11 17:00:00+00:00, run_after=2026-07-11 18:00:00+00:00
[2026-07-11T17:06:25.866+0000] {processor.py:208} INFO - Processing /opt/airflow/dags/avito_to_raw_midraw.py took 0.057 seconds
[2026-07-11T17:06:56.173+0000] {processor.py:186} INFO - Started process (PID=198) to work on /opt/airflow/dags/avito_to_raw_midraw.py
[2026-07-11T17:06:56.173+0000] {processor.py:914} INFO - Processing file /opt/airflow/dags/avito_to_raw_midraw.py for tasks to queue
[2026-07-11T17:06:56.175+0000] {logging_mixin.py:190} INFO - [2026-07-11T17:06:56.175+0000] {dagbag.py:588} INFO - Filling up the DagBag from /opt/airflow/dags/avito_to_raw_midraw.py
[2026-07-11T17:06:56.189+0000] {processor.py:925} INFO - DAG(s) 'avito_to_raw_midraw' retrieved from /opt/airflow/dags/avito_to_raw_midraw.py
[2026-07-11T17:06:56.208+0000] {logging_mixin.py:190} INFO - [2026-07-11T17:06:56.208+0000] {dag.py:3239} INFO - Sync 1 DAGs
[2026-07-11T17:06:56.220+0000] {logging_mixin.py:190} INFO - [2026-07-11T17:06:56.220+0000] {dag.py:4180} INFO - Setting next_dagrun for avito_to_raw_midraw to 2026-07-11 17:00:00+00:00, run_after=2026-07-11 18:00:00+00:00
[2026-07-11T17:06:56.231+0000] {processor.py:208} INFO - Processing /opt/airflow/dags/avito_to_raw_midraw.py took 0.065 seconds
[2026-07-11T17:07:26.579+0000] {processor.py:186} INFO - Started process (PID=200) to work on /opt/airflow/dags/avito_to_raw_midraw.py
[2026-07-11T17:07:26.580+0000] {processor.py:914} INFO - Processing file /opt/airflow/dags/avito_to_raw_midraw.py for tasks to queue
[2026-07-11T17:07:26.582+0000] {logging_mixin.py:190} INFO - [2026-07-11T17:07:26.581+0000] {dagbag.py:588} INFO - Filling up the DagBag from /opt/airflow/dags/avito_to_raw_midraw.py
[2026-07-11T17:07:26.595+0000] {processor.py:925} INFO - DAG(s) 'avito_to_raw_midraw' retrieved from /opt/airflow/dags/avito_to_raw_midraw.py
[2026-07-11T17:07:26.610+0000] {logging_mixin.py:190} INFO - [2026-07-11T17:07:26.610+0000] {dag.py:3239} INFO - Sync 1 DAGs
[2026-07-11T17:07:26.620+0000] {logging_mixin.py:190} INFO - [2026-07-11T17:07:26.619+0000] {dag.py:4180} INFO - Setting next_dagrun for avito_to_raw_midraw to 2026-07-11 17:00:00+00:00, run_after=2026-07-11 18:00:00+00:00
[2026-07-11T17:07:26.627+0000] {processor.py:208} INFO - Processing /opt/airflow/dags/avito_to_raw_midraw.py took 0.054 seconds
[2026-07-11T17:07:56.928+0000] {processor.py:186} INFO - Started process (PID=202) to work on /opt/airflow/dags/avito_to_raw_midraw.py
[2026-07-11T17:07:56.929+0000] {processor.py:914} INFO - Processing file /opt/airflow/dags/avito_to_raw_midraw.py for tasks to queue
[2026-07-11T17:07:56.931+0000] {logging_mixin.py:190} INFO - [2026-07-11T17:07:56.931+0000] {dagbag.py:588} INFO - Filling up the DagBag from /opt/airflow/dags/avito_to_raw_midraw.py
[2026-07-11T17:07:56.948+0000] {processor.py:925} INFO - DAG(s) 'avito_to_raw_midraw' retrieved from /opt/airflow/dags/avito_to_raw_midraw.py
[2026-07-11T17:07:56.968+0000] {logging_mixin.py:190} INFO - [2026-07-11T17:07:56.967+0000] {dag.py:3239} INFO - Sync 1 DAGs
[2026-07-11T17:07:56.978+0000] {logging_mixin.py:190} INFO - [2026-07-11T17:07:56.978+0000] {dag.py:4180} INFO - Setting next_dagrun for avito_to_raw_midraw to 2026-07-11 17:00:00+00:00, run_after=2026-07-11 18:00:00+00:00
[2026-07-11T17:07:56.987+0000] {processor.py:208} INFO - Processing /opt/airflow/dags/avito_to_raw_midraw.py took 0.066 seconds
[2026-07-11T17:08:27.232+0000] {processor.py:186} INFO - Started process (PID=204) to work on /opt/airflow/dags/avito_to_raw_midraw.py
[2026-07-11T17:08:27.233+0000] {processor.py:914} INFO - Processing file /opt/airflow/dags/avito_to_raw_midraw.py for tasks to queue
[2026-07-11T17:08:27.235+0000] {logging_mixin.py:190} INFO - [2026-07-11T17:08:27.235+0000] {dagbag.py:588} INFO - Filling up the DagBag from /opt/airflow/dags/avito_to_raw_midraw.py
[2026-07-11T17:08:27.249+0000] {processor.py:925} INFO - DAG(s) 'avito_to_raw_midraw' retrieved from /opt/airflow/dags/avito_to_raw_midraw.py
[2026-07-11T17:08:27.269+0000] {logging_mixin.py:190} INFO - [2026-07-11T17:08:27.268+0000] {dag.py:3239} INFO - Sync 1 DAGs
[2026-07-11T17:08:27.281+0000] {logging_mixin.py:190} INFO - [2026-07-11T17:08:27.281+0000] {dag.py:4180} INFO - Setting next_dagrun for avito_to_raw_midraw to 2026-07-11 17:00:00+00:00, run_after=2026-07-11 18:00:00+00:00
[2026-07-11T17:08:27.293+0000] {processor.py:208} INFO - Processing /opt/airflow/dags/avito_to_raw_midraw.py took 0.067 seconds
[2026-07-11T17:08:57.671+0000] {processor.py:186} INFO - Started process (PID=206) to work on /opt/airflow/dags/avito_to_raw_midraw.py
[2026-07-11T17:08:57.672+0000] {processor.py:914} INFO - Processing file /opt/airflow/dags/avito_to_raw_midraw.py for tasks to queue
[2026-07-11T17:08:57.674+0000] {logging_mixin.py:190} INFO - [2026-07-11T17:08:57.674+0000] {dagbag.py:588} INFO - Filling up the DagBag from /opt/airflow/dags/avito_to_raw_midraw.py
[2026-07-11T17:08:57.689+0000] {processor.py:925} INFO - DAG(s) 'avito_to_raw_midraw' retrieved from /opt/airflow/dags/avito_to_raw_midraw.py
[2026-07-11T17:08:57.707+0000] {logging_mixin.py:190} INFO - [2026-07-11T17:08:57.707+0000] {dag.py:3239} INFO - Sync 1 DAGs
[2026-07-11T17:08:57.718+0000] {logging_mixin.py:190} INFO - [2026-07-11T17:08:57.718+0000] {dag.py:4180} INFO - Setting next_dagrun for avito_to_raw_midraw to 2026-07-11 17:00:00+00:00, run_after=2026-07-11 18:00:00+00:00
[2026-07-11T17:08:57.727+0000] {processor.py:208} INFO - Processing /opt/airflow/dags/avito_to_raw_midraw.py took 0.062 seconds
[2026-07-11T17:09:28.027+0000] {processor.py:186} INFO - Started process (PID=208) to work on /opt/airflow/dags/avito_to_raw_midraw.py
[2026-07-11T17:09:28.028+0000] {processor.py:914} INFO - Processing file /opt/airflow/dags/avito_to_raw_midraw.py for tasks to queue
[2026-07-11T17:09:28.030+0000] {logging_mixin.py:190} INFO - [2026-07-11T17:09:28.030+0000] {dagbag.py:588} INFO - Filling up the DagBag from /opt/airflow/dags/avito_to_raw_midraw.py
[2026-07-11T17:09:28.049+0000] {processor.py:925} INFO - DAG(s) 'avito_to_raw_midraw' retrieved from /opt/airflow/dags/avito_to_raw_midraw.py
[2026-07-11T17:09:28.065+0000] {logging_mixin.py:190} INFO - [2026-07-11T17:09:28.065+0000] {dag.py:3239} INFO - Sync 1 DAGs
[2026-07-11T17:09:28.075+0000] {logging_mixin.py:190} INFO - [2026-07-11T17:09:28.075+0000] {dag.py:4180} INFO - Setting next_dagrun for avito_to_raw_midraw to 2026-07-11 17:00:00+00:00, run_after=2026-07-11 18:00:00+00:00
[2026-07-11T17:09:28.085+0000] {processor.py:208} INFO - Processing /opt/airflow/dags/avito_to_raw_midraw.py took 0.064 seconds
[2026-07-11T17:09:58.316+0000] {processor.py:186} INFO - Started process (PID=210) to work on /opt/airflow/dags/avito_to_raw_midraw.py
[2026-07-11T17:09:58.316+0000] {processor.py:914} INFO - Processing file /opt/airflow/dags/avito_to_raw_midraw.py for tasks to queue
[2026-07-11T17:09:58.318+0000] {logging_mixin.py:190} INFO - [2026-07-11T17:09:58.317+0000] {dagbag.py:588} INFO - Filling up the DagBag from /opt/airflow/dags/avito_to_raw_midraw.py
[2026-07-11T17:09:58.330+0000] {processor.py:925} INFO - DAG(s) 'avito_to_raw_midraw' retrieved from /opt/airflow/dags/avito_to_raw_midraw.py
[2026-07-11T17:09:58.349+0000] {logging_mixin.py:190} INFO - [2026-07-11T17:09:58.349+0000] {dag.py:3239} INFO - Sync 1 DAGs
[2026-07-11T17:09:58.359+0000] {logging_mixin.py:190} INFO - [2026-07-11T17:09:58.359+0000] {dag.py:4180} INFO - Setting next_dagrun for avito_to_raw_midraw to 2026-07-11 17:00:00+00:00, run_after=2026-07-11 18:00:00+00:00
[2026-07-11T17:09:58.370+0000] {processor.py:208} INFO - Processing /opt/airflow/dags/avito_to_raw_midraw.py took 0.058 seconds
[2026-07-11T17:10:28.703+0000] {processor.py:186} INFO - Started process (PID=212) to work on /opt/airflow/dags/avito_to_raw_midraw.py
[2026-07-11T17:10:28.704+0000] {processor.py:914} INFO - Processing file /opt/airflow/dags/avito_to_raw_midraw.py for tasks to queue
[2026-07-11T17:10:28.706+0000] {logging_mixin.py:190} INFO - [2026-07-11T17:10:28.706+0000] {dagbag.py:588} INFO - Filling up the DagBag from /opt/airflow/dags/avito_to_raw_midraw.py
[2026-07-11T17:10:28.719+0000] {processor.py:925} INFO - DAG(s) 'avito_to_raw_midraw' retrieved from /opt/airflow/dags/avito_to_raw_midraw.py
[2026-07-11T17:10:28.735+0000] {logging_mixin.py:190} INFO - [2026-07-11T17:10:28.735+0000] {dag.py:3239} INFO - Sync 1 DAGs
[2026-07-11T17:10:28.746+0000] {logging_mixin.py:190} INFO - [2026-07-11T17:10:28.745+0000] {dag.py:4180} INFO - Setting next_dagrun for avito_to_raw_midraw to 2026-07-11 17:00:00+00:00, run_after=2026-07-11 18:00:00+00:00
[2026-07-11T17:10:28.753+0000] {processor.py:208} INFO - Processing /opt/airflow/dags/avito_to_raw_midraw.py took 0.056 seconds
[2026-07-11T17:10:59.045+0000] {processor.py:186} INFO - Started process (PID=214) to work on /opt/airflow/dags/avito_to_raw_midraw.py
[2026-07-11T17:10:59.046+0000] {processor.py:914} INFO - Processing file /opt/airflow/dags/avito_to_raw_midraw.py for tasks to queue
[2026-07-11T17:10:59.048+0000] {logging_mixin.py:190} INFO - [2026-07-11T17:10:59.048+0000] {dagbag.py:588} INFO - Filling up the DagBag from /opt/airflow/dags/avito_to_raw_midraw.py
[2026-07-11T17:10:59.065+0000] {processor.py:925} INFO - DAG(s) 'avito_to_raw_midraw' retrieved from /opt/airflow/dags/avito_to_raw_midraw.py
[2026-07-11T17:10:59.084+0000] {logging_mixin.py:190} INFO - [2026-07-11T17:10:59.083+0000] {dag.py:3239} INFO - Sync 1 DAGs
[2026-07-11T17:10:59.095+0000] {logging_mixin.py:190} INFO - [2026-07-11T17:10:59.095+0000] {dag.py:4180} INFO - Setting next_dagrun for avito_to_raw_midraw to 2026-07-11 17:00:00+00:00, run_after=2026-07-11 18:00:00+00:00
[2026-07-11T17:10:59.105+0000] {processor.py:208} INFO - Processing /opt/airflow/dags/avito_to_raw_midraw.py took 0.065 seconds
[2026-07-11T17:11:29.503+0000] {processor.py:186} INFO - Started process (PID=216) to work on /opt/airflow/dags/avito_to_raw_midraw.py
[2026-07-11T17:11:29.504+0000] {processor.py:914} INFO - Processing file /opt/airflow/dags/avito_to_raw_midraw.py for tasks to queue
[2026-07-11T17:11:29.506+0000] {logging_mixin.py:190} INFO - [2026-07-11T17:11:29.505+0000] {dagbag.py:588} INFO - Filling up the DagBag from /opt/airflow/dags/avito_to_raw_midraw.py
[2026-07-11T17:11:29.522+0000] {processor.py:925} INFO - DAG(s) 'avito_to_raw_midraw' retrieved from /opt/airflow/dags/avito_to_raw_midraw.py
[2026-07-11T17:11:29.537+0000] {logging_mixin.py:190} INFO - [2026-07-11T17:11:29.537+0000] {dag.py:3239} INFO - Sync 1 DAGs
[2026-07-11T17:11:29.546+0000] {logging_mixin.py:190} INFO - [2026-07-11T17:11:29.546+0000] {dag.py:4180} INFO - Setting next_dagrun for avito_to_raw_midraw to 2026-07-11 17:00:00+00:00, run_after=2026-07-11 18:00:00+00:00
[2026-07-11T17:11:29.556+0000] {processor.py:208} INFO - Processing /opt/airflow/dags/avito_to_raw_midraw.py took 0.058 seconds
[2026-07-11T17:11:59.923+0000] {processor.py:186} INFO - Started process (PID=218) to work on /opt/airflow/dags/avito_to_raw_midraw.py
[2026-07-11T17:11:59.924+0000] {processor.py:914} INFO - Processing file /opt/airflow/dags/avito_to_raw_midraw.py for tasks to queue
[2026-07-11T17:11:59.925+0000] {logging_mixin.py:190} INFO - [2026-07-11T17:11:59.925+0000] {dagbag.py:588} INFO - Filling up the DagBag from /opt/airflow/dags/avito_to_raw_midraw.py
[2026-07-11T17:11:59.942+0000] {processor.py:925} INFO - DAG(s) 'avito_to_raw_midraw' retrieved from /opt/airflow/dags/avito_to_raw_midraw.py
[2026-07-11T17:11:59.958+0000] {logging_mixin.py:190} INFO - [2026-07-11T17:11:59.958+0000] {dag.py:3239} INFO - Sync 1 DAGs
[2026-07-11T17:11:59.973+0000] {logging_mixin.py:190} INFO - [2026-07-11T17:11:59.973+0000] {dag.py:4180} INFO - Setting next_dagrun for avito_to_raw_midraw to 2026-07-11 17:00:00+00:00, run_after=2026-07-11 18:00:00+00:00
[2026-07-11T17:11:59.982+0000] {processor.py:208} INFO - Processing /opt/airflow/dags/avito_to_raw_midraw.py took 0.066 seconds
[2026-07-11T17:12:30.307+0000] {processor.py:186} INFO - Started process (PID=220) to work on /opt/airflow/dags/avito_to_raw_midraw.py
[2026-07-11T17:12:30.307+0000] {processor.py:914} INFO - Processing file /opt/airflow/dags/avito_to_raw_midraw.py for tasks to queue
[2026-07-11T17:12:30.310+0000] {logging_mixin.py:190} INFO - [2026-07-11T17:12:30.310+0000] {dagbag.py:588} INFO - Filling up the DagBag from /opt/airflow/dags/avito_to_raw_midraw.py
[2026-07-11T17:12:30.323+0000] {processor.py:925} INFO - DAG(s) 'avito_to_raw_midraw' retrieved from /opt/airflow/dags/avito_to_raw_midraw.py
[2026-07-11T17:12:30.337+0000] {logging_mixin.py:190} INFO - [2026-07-11T17:12:30.337+0000] {dag.py:3239} INFO - Sync 1 DAGs
[2026-07-11T17:12:30.349+0000] {logging_mixin.py:190} INFO - [2026-07-11T17:12:30.349+0000] {dag.py:4180} INFO - Setting next_dagrun for avito_to_raw_midraw to 2026-07-11 17:00:00+00:00, run_after=2026-07-11 18:00:00+00:00
[2026-07-11T17:12:30.360+0000] {processor.py:208} INFO - Processing /opt/airflow/dags/avito_to_raw_midraw.py took 0.056 seconds
[2026-07-11T17:13:00.610+0000] {processor.py:186} INFO - Started process (PID=246) to work on /opt/airflow/dags/avito_to_raw_midraw.py
[2026-07-11T17:13:00.611+0000] {processor.py:914} INFO - Processing file /opt/airflow/dags/avito_to_raw_midraw.py for tasks to queue
[2026-07-11T17:13:00.612+0000] {logging_mixin.py:190} INFO - [2026-07-11T17:13:00.612+0000] {dagbag.py:588} INFO - Filling up the DagBag from /opt/airflow/dags/avito_to_raw_midraw.py
[2026-07-11T17:13:00.621+0000] {processor.py:925} INFO - DAG(s) 'avito_to_raw_midraw' retrieved from /opt/airflow/dags/avito_to_raw_midraw.py
[2026-07-11T17:13:00.633+0000] {logging_mixin.py:190} INFO - [2026-07-11T17:13:00.632+0000] {dag.py:3239} INFO - Sync 1 DAGs
[2026-07-11T17:13:00.647+0000] {processor.py:208} INFO - Processing /opt/airflow/dags/avito_to_raw_midraw.py took 0.040 seconds
[2026-07-11T17:13:30.937+0000] {processor.py:186} INFO - Started process (PID=248) to work on /opt/airflow/dags/avito_to_raw_midraw.py
[2026-07-11T17:13:30.938+0000] {processor.py:914} INFO - Processing file /opt/airflow/dags/avito_to_raw_midraw.py for tasks to queue
[2026-07-11T17:13:30.939+0000] {logging_mixin.py:190} INFO - [2026-07-11T17:13:30.939+0000] {dagbag.py:588} INFO - Filling up the DagBag from /opt/airflow/dags/avito_to_raw_midraw.py
[2026-07-11T17:13:30.949+0000] {processor.py:925} INFO - DAG(s) 'avito_to_raw_midraw' retrieved from /opt/airflow/dags/avito_to_raw_midraw.py
[2026-07-11T17:13:30.966+0000] {logging_mixin.py:190} INFO - [2026-07-11T17:13:30.966+0000] {dag.py:3239} INFO - Sync 1 DAGs
[2026-07-11T17:13:30.975+0000] {logging_mixin.py:190} INFO - [2026-07-11T17:13:30.975+0000] {dag.py:4180} INFO - Setting next_dagrun for avito_to_raw_midraw to 2026-07-11 17:00:00+00:00, run_after=2026-07-11 18:00:00+00:00
[2026-07-11T17:13:30.984+0000] {processor.py:208} INFO - Processing /opt/airflow/dags/avito_to_raw_midraw.py took 0.050 seconds
[2026-07-11T17:14:01.282+0000] {processor.py:186} INFO - Started process (PID=250) to work on /opt/airflow/dags/avito_to_raw_midraw.py
[2026-07-11T17:14:01.282+0000] {processor.py:914} INFO - Processing file /opt/airflow/dags/avito_to_raw_midraw.py for tasks to queue
[2026-07-11T17:14:01.284+0000] {logging_mixin.py:190} INFO - [2026-07-11T17:14:01.284+0000] {dagbag.py:588} INFO - Filling up the DagBag from /opt/airflow/dags/avito_to_raw_midraw.py
[2026-07-11T17:14:01.301+0000] {processor.py:925} INFO - DAG(s) 'avito_to_raw_midraw' retrieved from /opt/airflow/dags/avito_to_raw_midraw.py
[2026-07-11T17:14:01.318+0000] {logging_mixin.py:190} INFO - [2026-07-11T17:14:01.318+0000] {dag.py:3239} INFO - Sync 1 DAGs
[2026-07-11T17:14:01.329+0000] {logging_mixin.py:190} INFO - [2026-07-11T17:14:01.329+0000] {dag.py:4180} INFO - Setting next_dagrun for avito_to_raw_midraw to 2026-07-11 17:00:00+00:00, run_after=2026-07-11 18:00:00+00:00
[2026-07-11T17:14:01.342+0000] {processor.py:208} INFO - Processing /opt/airflow/dags/avito_to_raw_midraw.py took 0.065 seconds
[2026-07-11T17:14:31.701+0000] {processor.py:186} INFO - Started process (PID=252) to work on /opt/airflow/dags/avito_to_raw_midraw.py
[2026-07-11T17:14:31.702+0000] {processor.py:914} INFO - Processing file /opt/airflow/dags/avito_to_raw_midraw.py for tasks to queue
[2026-07-11T17:14:31.703+0000] {logging_mixin.py:190} INFO - [2026-07-11T17:14:31.703+0000] {dagbag.py:588} INFO - Filling up the DagBag from /opt/airflow/dags/avito_to_raw_midraw.py
[2026-07-11T17:14:31.716+0000] {processor.py:925} INFO - DAG(s) 'avito_to_raw_midraw' retrieved from /opt/airflow/dags/avito_to_raw_midraw.py
[2026-07-11T17:14:31.734+0000] {logging_mixin.py:190} INFO - [2026-07-11T17:14:31.734+0000] {dag.py:3239} INFO - Sync 1 DAGs
[2026-07-11T17:14:31.744+0000] {logging_mixin.py:190} INFO - [2026-07-11T17:14:31.744+0000] {dag.py:4180} INFO - Setting next_dagrun for avito_to_raw_midraw to 2026-07-11 17:00:00+00:00, run_after=2026-07-11 18:00:00+00:00
[2026-07-11T17:14:31.752+0000] {processor.py:208} INFO - Processing /opt/airflow/dags/avito_to_raw_midraw.py took 0.057 seconds
[2026-07-11T17:15:02.055+0000] {processor.py:186} INFO - Started process (PID=254) to work on /opt/airflow/dags/avito_to_raw_midraw.py
[2026-07-11T17:15:02.056+0000] {processor.py:914} INFO - Processing file /opt/airflow/dags/avito_to_raw_midraw.py for tasks to queue
[2026-07-11T17:15:02.058+0000] {logging_mixin.py:190} INFO - [2026-07-11T17:15:02.058+0000] {dagbag.py:588} INFO - Filling up the DagBag from /opt/airflow/dags/avito_to_raw_midraw.py
[2026-07-11T17:15:02.077+0000] {processor.py:925} INFO - DAG(s) 'avito_to_raw_midraw' retrieved from /opt/airflow/dags/avito_to_raw_midraw.py
[2026-07-11T17:15:02.097+0000] {logging_mixin.py:190} INFO - [2026-07-11T17:15:02.097+0000] {dag.py:3239} INFO - Sync 1 DAGs
[2026-07-11T17:15:02.108+0000] {logging_mixin.py:190} INFO - [2026-07-11T17:15:02.108+0000] {dag.py:4180} INFO - Setting next_dagrun for avito_to_raw_midraw to 2026-07-11 17:00:00+00:00, run_after=2026-07-11 18:00:00+00:00
[2026-07-11T17:15:02.117+0000] {processor.py:208} INFO - Processing /opt/airflow/dags/avito_to_raw_midraw.py took 0.070 seconds
[2026-07-11T17:15:32.386+0000] {processor.py:186} INFO - Started process (PID=256) to work on /opt/airflow/dags/avito_to_raw_midraw.py
[2026-07-11T17:15:32.387+0000] {processor.py:914} INFO - Processing file /opt/airflow/dags/avito_to_raw_midraw.py for tasks to queue
[2026-07-11T17:15:32.388+0000] {logging_mixin.py:190} INFO - [2026-07-11T17:15:32.388+0000] {dagbag.py:588} INFO - Filling up the DagBag from /opt/airflow/dags/avito_to_raw_midraw.py
[2026-07-11T17:15:32.398+0000] {processor.py:925} INFO - DAG(s) 'avito_to_raw_midraw' retrieved from /opt/airflow/dags/avito_to_raw_midraw.py
[2026-07-11T17:15:32.413+0000] {logging_mixin.py:190} INFO - [2026-07-11T17:15:32.413+0000] {dag.py:3239} INFO - Sync 1 DAGs
[2026-07-11T17:15:32.421+0000] {logging_mixin.py:190} INFO - [2026-07-11T17:15:32.421+0000] {dag.py:4180} INFO - Setting next_dagrun for avito_to_raw_midraw to 2026-07-11 17:00:00+00:00, run_after=2026-07-11 18:00:00+00:00
[2026-07-11T17:15:32.428+0000] {processor.py:208} INFO - Processing /opt/airflow/dags/avito_to_raw_midraw.py took 0.046 seconds
[2026-07-11T17:16:02.807+0000] {processor.py:186} INFO - Started process (PID=258) to work on /opt/airflow/dags/avito_to_raw_midraw.py
[2026-07-11T17:16:02.808+0000] {processor.py:914} INFO - Processing file /opt/airflow/dags/avito_to_raw_midraw.py for tasks to queue
[2026-07-11T17:16:02.810+0000] {logging_mixin.py:190} INFO - [2026-07-11T17:16:02.810+0000] {dagbag.py:588} INFO - Filling up the DagBag from /opt/airflow/dags/avito_to_raw_midraw.py
[2026-07-11T17:16:02.825+0000] {processor.py:925} INFO - DAG(s) 'avito_to_raw_midraw' retrieved from /opt/airflow/dags/avito_to_raw_midraw.py
[2026-07-11T17:16:02.842+0000] {logging_mixin.py:190} INFO - [2026-07-11T17:16:02.842+0000] {dag.py:3239} INFO - Sync 1 DAGs
[2026-07-11T17:16:02.853+0000] {logging_mixin.py:190} INFO - [2026-07-11T17:16:02.852+0000] {dag.py:4180} INFO - Setting next_dagrun for avito_to_raw_midraw to 2026-07-11 17:00:00+00:00, run_after=2026-07-11 18:00:00+00:00
[2026-07-11T17:16:02.861+0000] {processor.py:208} INFO - Processing /opt/airflow/dags/avito_to_raw_midraw.py took 0.059 seconds
[2026-07-11T17:16:33.256+0000] {processor.py:186} INFO - Started process (PID=260) to work on /opt/airflow/dags/avito_to_raw_midraw.py
[2026-07-11T17:16:33.257+0000] {processor.py:914} INFO - Processing file /opt/airflow/dags/avito_to_raw_midraw.py for tasks to queue
[2026-07-11T17:16:33.259+0000] {logging_mixin.py:190} INFO - [2026-07-11T17:16:33.259+0000] {dagbag.py:588} INFO - Filling up the DagBag from /opt/airflow/dags/avito_to_raw_midraw.py
[2026-07-11T17:16:33.272+0000] {processor.py:925} INFO - DAG(s) 'avito_to_raw_midraw' retrieved from /opt/airflow/dags/avito_to_raw_midraw.py
[2026-07-11T17:16:33.290+0000] {logging_mixin.py:190} INFO - [2026-07-11T17:16:33.290+0000] {dag.py:3239} INFO - Sync 1 DAGs
[2026-07-11T17:16:33.300+0000] {logging_mixin.py:190} INFO - [2026-07-11T17:16:33.300+0000] {dag.py:4180} INFO - Setting next_dagrun for avito_to_raw_midraw to 2026-07-11 17:00:00+00:00, run_after=2026-07-11 18:00:00+00:00
[2026-07-11T17:16:33.309+0000] {processor.py:208} INFO - Processing /opt/airflow/dags/avito_to_raw_midraw.py took 0.059 seconds
[2026-07-11T17:17:03.581+0000] {processor.py:186} INFO - Started process (PID=262) to work on /opt/airflow/dags/avito_to_raw_midraw.py
[2026-07-11T17:17:03.582+0000] {processor.py:914} INFO - Processing file /opt/airflow/dags/avito_to_raw_midraw.py for tasks to queue
[2026-07-11T17:17:03.583+0000] {logging_mixin.py:190} INFO - [2026-07-11T17:17:03.583+0000] {dagbag.py:588} INFO - Filling up the DagBag from /opt/airflow/dags/avito_to_raw_midraw.py
[2026-07-11T17:17:03.599+0000] {processor.py:925} INFO - DAG(s) 'avito_to_raw_midraw' retrieved from /opt/airflow/dags/avito_to_raw_midraw.py
[2026-07-11T17:17:03.616+0000] {logging_mixin.py:190} INFO - [2026-07-11T17:17:03.616+0000] {dag.py:3239} INFO - Sync 1 DAGs
[2026-07-11T17:17:03.626+0000] {logging_mixin.py:190} INFO - [2026-07-11T17:17:03.626+0000] {dag.py:4180} INFO - Setting next_dagrun for avito_to_raw_midraw to 2026-07-11 17:00:00+00:00, run_after=2026-07-11 18:00:00+00:00
[2026-07-11T17:17:03.635+0000] {processor.py:208} INFO - Processing /opt/airflow/dags/avito_to_raw_midraw.py took 0.058 seconds
[2026-07-11T17:17:33.995+0000] {processor.py:186} INFO - Started process (PID=264) to work on /opt/airflow/dags/avito_to_raw_midraw.py
[2026-07-11T17:17:33.996+0000] {processor.py:914} INFO - Processing file /opt/airflow/dags/avito_to_raw_midraw.py for tasks to queue
[2026-07-11T17:17:33.998+0000] {logging_mixin.py:190} INFO - [2026-07-11T17:17:33.998+0000] {dagbag.py:588} INFO - Filling up the DagBag from /opt/airflow/dags/avito_to_raw_midraw.py
[2026-07-11T17:17:34.013+0000] {processor.py:925} INFO - DAG(s) 'avito_to_raw_midraw' retrieved from /opt/airflow/dags/avito_to_raw_midraw.py
[2026-07-11T17:17:34.029+0000] {logging_mixin.py:190} INFO - [2026-07-11T17:17:34.029+0000] {dag.py:3239} INFO - Sync 1 DAGs
[2026-07-11T17:17:34.039+0000] {logging_mixin.py:190} INFO - [2026-07-11T17:17:34.039+0000] {dag.py:4180} INFO - Setting next_dagrun for avito_to_raw_midraw to 2026-07-11 17:00:00+00:00, run_after=2026-07-11 18:00:00+00:00
[2026-07-11T17:17:34.050+0000] {processor.py:208} INFO - Processing /opt/airflow/dags/avito_to_raw_midraw.py took 0.062 seconds
[2026-07-11T17:18:04.280+0000] {processor.py:186} INFO - Started process (PID=266) to work on /opt/airflow/dags/avito_to_raw_midraw.py
[2026-07-11T17:18:04.280+0000] {processor.py:914} INFO - Processing file /opt/airflow/dags/avito_to_raw_midraw.py for tasks to queue
[2026-07-11T17:18:04.282+0000] {logging_mixin.py:190} INFO - [2026-07-11T17:18:04.282+0000] {dagbag.py:588} INFO - Filling up the DagBag from /opt/airflow/dags/avito_to_raw_midraw.py
[2026-07-11T17:18:04.298+0000] {processor.py:925} INFO - DAG(s) 'avito_to_raw_midraw' retrieved from /opt/airflow/dags/avito_to_raw_midraw.py
[2026-07-11T17:18:04.314+0000] {logging_mixin.py:190} INFO - [2026-07-11T17:18:04.313+0000] {dag.py:3239} INFO - Sync 1 DAGs
[2026-07-11T17:18:04.325+0000] {logging_mixin.py:190} INFO - [2026-07-11T17:18:04.324+0000] {dag.py:4180} INFO - Setting next_dagrun for avito_to_raw_midraw to 2026-07-11 17:00:00+00:00, run_after=2026-07-11 18:00:00+00:00
[2026-07-11T17:18:04.335+0000] {processor.py:208} INFO - Processing /opt/airflow/dags/avito_to_raw_midraw.py took 0.060 seconds
[2026-07-11T17:18:34.647+0000] {processor.py:186} INFO - Started process (PID=268) to work on /opt/airflow/dags/avito_to_raw_midraw.py
[2026-07-11T17:18:34.648+0000] {processor.py:914} INFO - Processing file /opt/airflow/dags/avito_to_raw_midraw.py for tasks to queue
[2026-07-11T17:18:34.649+0000] {logging_mixin.py:190} INFO - [2026-07-11T17:18:34.649+0000] {dagbag.py:588} INFO - Filling up the DagBag from /opt/airflow/dags/avito_to_raw_midraw.py
[2026-07-11T17:18:34.663+0000] {processor.py:925} INFO - DAG(s) 'avito_to_raw_midraw' retrieved from /opt/airflow/dags/avito_to_raw_midraw.py
[2026-07-11T17:18:34.679+0000] {logging_mixin.py:190} INFO - [2026-07-11T17:18:34.679+0000] {dag.py:3239} INFO - Sync 1 DAGs
[2026-07-11T17:18:34.690+0000] {logging_mixin.py:190} INFO - [2026-07-11T17:18:34.690+0000] {dag.py:4180} INFO - Setting next_dagrun for avito_to_raw_midraw to 2026-07-11 17:00:00+00:00, run_after=2026-07-11 18:00:00+00:00
[2026-07-11T17:18:34.696+0000] {processor.py:208} INFO - Processing /opt/airflow/dags/avito_to_raw_midraw.py took 0.055 seconds
[2026-07-11T17:19:05.013+0000] {processor.py:186} INFO - Started process (PID=270) to work on /opt/airflow/dags/avito_to_raw_midraw.py
[2026-07-11T17:19:05.013+0000] {processor.py:914} INFO - Processing file /opt/airflow/dags/avito_to_raw_midraw.py for tasks to queue
[2026-07-11T17:19:05.016+0000] {logging_mixin.py:190} INFO - [2026-07-11T17:19:05.016+0000] {dagbag.py:588} INFO - Filling up the DagBag from /opt/airflow/dags/avito_to_raw_midraw.py
[2026-07-11T17:19:05.032+0000] {processor.py:925} INFO - DAG(s) 'avito_to_raw_midraw' retrieved from /opt/airflow/dags/avito_to_raw_midraw.py
[2026-07-11T17:19:05.052+0000] {logging_mixin.py:190} INFO - [2026-07-11T17:19:05.052+0000] {dag.py:3239} INFO - Sync 1 DAGs
[2026-07-11T17:19:05.061+0000] {logging_mixin.py:190} INFO - [2026-07-11T17:19:05.061+0000] {dag.py:4180} INFO - Setting next_dagrun for avito_to_raw_midraw to 2026-07-11 17:00:00+00:00, run_after=2026-07-11 18:00:00+00:00
[2026-07-11T17:19:05.071+0000] {processor.py:208} INFO - Processing /opt/airflow/dags/avito_to_raw_midraw.py took 0.065 seconds
[2026-07-11T17:19:35.338+0000] {processor.py:186} INFO - Started process (PID=272) to work on /opt/airflow/dags/avito_to_raw_midraw.py
[2026-07-11T17:19:35.339+0000] {processor.py:914} INFO - Processing file /opt/airflow/dags/avito_to_raw_midraw.py for tasks to queue
[2026-07-11T17:19:35.341+0000] {logging_mixin.py:190} INFO - [2026-07-11T17:19:35.340+0000] {dagbag.py:588} INFO - Filling up the DagBag from /opt/airflow/dags/avito_to_raw_midraw.py
[2026-07-11T17:19:35.358+0000] {processor.py:925} INFO - DAG(s) 'avito_to_raw_midraw' retrieved from /opt/airflow/dags/avito_to_raw_midraw.py
[2026-07-11T17:19:35.375+0000] {logging_mixin.py:190} INFO - [2026-07-11T17:19:35.375+0000] {dag.py:3239} INFO - Sync 1 DAGs
[2026-07-11T17:19:35.386+0000] {logging_mixin.py:190} INFO - [2026-07-11T17:19:35.386+0000] {dag.py:4180} INFO - Setting next_dagrun for avito_to_raw_midraw to 2026-07-11 17:00:00+00:00, run_after=2026-07-11 18:00:00+00:00
[2026-07-11T17:19:35.397+0000] {processor.py:208} INFO - Processing /opt/airflow/dags/avito_to_raw_midraw.py took 0.065 seconds
[2026-07-11T17:20:05.771+0000] {processor.py:186} INFO - Started process (PID=274) to work on /opt/airflow/dags/avito_to_raw_midraw.py
[2026-07-11T17:20:05.772+0000] {processor.py:914} INFO - Processing file /opt/airflow/dags/avito_to_raw_midraw.py for tasks to queue
[2026-07-11T17:20:05.774+0000] {logging_mixin.py:190} INFO - [2026-07-11T17:20:05.774+0000] {dagbag.py:588} INFO - Filling up the DagBag from /opt/airflow/dags/avito_to_raw_midraw.py
[2026-07-11T17:20:05.793+0000] {processor.py:925} INFO - DAG(s) 'avito_to_raw_midraw' retrieved from /opt/airflow/dags/avito_to_raw_midraw.py
[2026-07-11T17:20:05.807+0000] {logging_mixin.py:190} INFO - [2026-07-11T17:20:05.807+0000] {dag.py:3239} INFO - Sync 1 DAGs
[2026-07-11T17:20:05.817+0000] {logging_mixin.py:190} INFO - [2026-07-11T17:20:05.817+0000] {dag.py:4180} INFO - Setting next_dagrun for avito_to_raw_midraw to 2026-07-11 17:00:00+00:00, run_after=2026-07-11 18:00:00+00:00
[2026-07-11T17:20:05.827+0000] {processor.py:208} INFO - Processing /opt/airflow/dags/avito_to_raw_midraw.py took 0.062 seconds
[2026-07-11T17:20:36.134+0000] {processor.py:186} INFO - Started process (PID=276) to work on /opt/airflow/dags/avito_to_raw_midraw.py
[2026-07-11T17:20:36.135+0000] {processor.py:914} INFO - Processing file /opt/airflow/dags/avito_to_raw_midraw.py for tasks to queue
[2026-07-11T17:20:36.138+0000] {logging_mixin.py:190} INFO - [2026-07-11T17:20:36.138+0000] {dagbag.py:588} INFO - Filling up the DagBag from /opt/airflow/dags/avito_to_raw_midraw.py
[2026-07-11T17:20:36.158+0000] {processor.py:925} INFO - DAG(s) 'avito_to_raw_midraw' retrieved from /opt/airflow/dags/avito_to_raw_midraw.py
[2026-07-11T17:20:36.175+0000] {logging_mixin.py:190} INFO - [2026-07-11T17:20:36.175+0000] {dag.py:3239} INFO - Sync 1 DAGs
[2026-07-11T17:20:36.187+0000] {logging_mixin.py:190} INFO - [2026-07-11T17:20:36.187+0000] {dag.py:4180} INFO - Setting next_dagrun for avito_to_raw_midraw to 2026-07-11 17:00:00+00:00, run_after=2026-07-11 18:00:00+00:00
[2026-07-11T17:20:36.195+0000] {processor.py:208} INFO - Processing /opt/airflow/dags/avito_to_raw_midraw.py took 0.067 seconds
[2026-07-11T17:21:06.484+0000] {processor.py:186} INFO - Started process (PID=278) to work on /opt/airflow/dags/avito_to_raw_midraw.py
[2026-07-11T17:21:06.485+0000] {processor.py:914} INFO - Processing file /opt/airflow/dags/avito_to_raw_midraw.py for tasks to queue
[2026-07-11T17:21:06.487+0000] {logging_mixin.py:190} INFO - [2026-07-11T17:21:06.487+0000] {dagbag.py:588} INFO - Filling up the DagBag from /opt/airflow/dags/avito_to_raw_midraw.py
[2026-07-11T17:21:06.502+0000] {processor.py:925} INFO - DAG(s) 'avito_to_raw_midraw' retrieved from /opt/airflow/dags/avito_to_raw_midraw.py
[2026-07-11T17:21:06.517+0000] {logging_mixin.py:190} INFO - [2026-07-11T17:21:06.517+0000] {dag.py:3239} INFO - Sync 1 DAGs
[2026-07-11T17:21:06.527+0000] {logging_mixin.py:190} INFO - [2026-07-11T17:21:06.527+0000] {dag.py:4180} INFO - Setting next_dagrun for avito_to_raw_midraw to 2026-07-11 17:00:00+00:00, run_after=2026-07-11 18:00:00+00:00
[2026-07-11T17:21:06.536+0000] {processor.py:208} INFO - Processing /opt/airflow/dags/avito_to_raw_midraw.py took 0.059 seconds
[2026-07-11T17:21:36.843+0000] {processor.py:186} INFO - Started process (PID=280) to work on /opt/airflow/dags/avito_to_raw_midraw.py
[2026-07-11T17:21:36.844+0000] {processor.py:914} INFO - Processing file /opt/airflow/dags/avito_to_raw_midraw.py for tasks to queue
[2026-07-11T17:21:36.846+0000] {logging_mixin.py:190} INFO - [2026-07-11T17:21:36.846+0000] {dagbag.py:588} INFO - Filling up the DagBag from /opt/airflow/dags/avito_to_raw_midraw.py
[2026-07-11T17:21:36.864+0000] {processor.py:925} INFO - DAG(s) 'avito_to_raw_midraw' retrieved from /opt/airflow/dags/avito_to_raw_midraw.py
[2026-07-11T17:21:36.884+0000] {logging_mixin.py:190} INFO - [2026-07-11T17:21:36.884+0000] {dag.py:3239} INFO - Sync 1 DAGs
[2026-07-11T17:21:36.896+0000] {logging_mixin.py:190} INFO - [2026-07-11T17:21:36.895+0000] {dag.py:4180} INFO - Setting next_dagrun for avito_to_raw_midraw to 2026-07-11 17:00:00+00:00, run_after=2026-07-11 18:00:00+00:00
[2026-07-11T17:21:36.905+0000] {processor.py:208} INFO - Processing /opt/airflow/dags/avito_to_raw_midraw.py took 0.067 seconds
[2026-07-11T17:22:07.260+0000] {processor.py:186} INFO - Started process (PID=282) to work on /opt/airflow/dags/avito_to_raw_midraw.py
[2026-07-11T17:22:07.261+0000] {processor.py:914} INFO - Processing file /opt/airflow/dags/avito_to_raw_midraw.py for tasks to queue
[2026-07-11T17:22:07.263+0000] {logging_mixin.py:190} INFO - [2026-07-11T17:22:07.263+0000] {dagbag.py:588} INFO - Filling up the DagBag from /opt/airflow/dags/avito_to_raw_midraw.py
[2026-07-11T17:22:07.280+0000] {processor.py:925} INFO - DAG(s) 'avito_to_raw_midraw' retrieved from /opt/airflow/dags/avito_to_raw_midraw.py
[2026-07-11T17:22:07.296+0000] {logging_mixin.py:190} INFO - [2026-07-11T17:22:07.296+0000] {dag.py:3239} INFO - Sync 1 DAGs
[2026-07-11T17:22:07.306+0000] {logging_mixin.py:190} INFO - [2026-07-11T17:22:07.306+0000] {dag.py:4180} INFO - Setting next_dagrun for avito_to_raw_midraw to 2026-07-11 17:00:00+00:00, run_after=2026-07-11 18:00:00+00:00
[2026-07-11T17:22:07.316+0000] {processor.py:208} INFO - Processing /opt/airflow/dags/avito_to_raw_midraw.py took 0.062 seconds
[2026-07-11T17:22:37.621+0000] {processor.py:186} INFO - Started process (PID=284) to work on /opt/airflow/dags/avito_to_raw_midraw.py
[2026-07-11T17:22:37.622+0000] {processor.py:914} INFO - Processing file /opt/airflow/dags/avito_to_raw_midraw.py for tasks to queue
[2026-07-11T17:22:37.624+0000] {logging_mixin.py:190} INFO - [2026-07-11T17:22:37.623+0000] {dagbag.py:588} INFO - Filling up the DagBag from /opt/airflow/dags/avito_to_raw_midraw.py
[2026-07-11T17:22:37.638+0000] {processor.py:925} INFO - DAG(s) 'avito_to_raw_midraw' retrieved from /opt/airflow/dags/avito_to_raw_midraw.py
[2026-07-11T17:22:37.655+0000] {logging_mixin.py:190} INFO - [2026-07-11T17:22:37.655+0000] {dag.py:3239} INFO - Sync 1 DAGs
[2026-07-11T17:22:37.665+0000] {logging_mixin.py:190} INFO - [2026-07-11T17:22:37.665+0000] {dag.py:4180} INFO - Setting next_dagrun for avito_to_raw_midraw to 2026-07-11 17:00:00+00:00, run_after=2026-07-11 18:00:00+00:00
[2026-07-11T17:22:37.673+0000] {processor.py:208} INFO - Processing /opt/airflow/dags/avito_to_raw_midraw.py took 0.058 seconds
[2026-07-11T17:23:08.026+0000] {processor.py:186} INFO - Started process (PID=286) to work on /opt/airflow/dags/avito_to_raw_midraw.py
[2026-07-11T17:23:08.027+0000] {processor.py:914} INFO - Processing file /opt/airflow/dags/avito_to_raw_midraw.py for tasks to queue
[2026-07-11T17:23:08.029+0000] {logging_mixin.py:190} INFO - [2026-07-11T17:23:08.029+0000] {dagbag.py:588} INFO - Filling up the DagBag from /opt/airflow/dags/avito_to_raw_midraw.py
[2026-07-11T17:23:08.042+0000] {processor.py:925} INFO - DAG(s) 'avito_to_raw_midraw' retrieved from /opt/airflow/dags/avito_to_raw_midraw.py
[2026-07-11T17:23:08.057+0000] {logging_mixin.py:190} INFO - [2026-07-11T17:23:08.056+0000] {dag.py:3239} INFO - Sync 1 DAGs
[2026-07-11T17:23:08.068+0000] {logging_mixin.py:190} INFO - [2026-07-11T17:23:08.068+0000] {dag.py:4180} INFO - Setting next_dagrun for avito_to_raw_midraw to 2026-07-11 17:00:00+00:00, run_after=2026-07-11 18:00:00+00:00
[2026-07-11T17:23:08.077+0000] {processor.py:208} INFO - Processing /opt/airflow/dags/avito_to_raw_midraw.py took 0.056 seconds
[2026-07-11T17:23:38.393+0000] {processor.py:186} INFO - Started process (PID=288) to work on /opt/airflow/dags/avito_to_raw_midraw.py
[2026-07-11T17:23:38.393+0000] {processor.py:914} INFO - Processing file /opt/airflow/dags/avito_to_raw_midraw.py for tasks to queue
[2026-07-11T17:23:38.395+0000] {logging_mixin.py:190} INFO - [2026-07-11T17:23:38.395+0000] {dagbag.py:588} INFO - Filling up the DagBag from /opt/airflow/dags/avito_to_raw_midraw.py
[2026-07-11T17:23:38.408+0000] {processor.py:925} INFO - DAG(s) 'avito_to_raw_midraw' retrieved from /opt/airflow/dags/avito_to_raw_midraw.py
[2026-07-11T17:23:38.426+0000] {logging_mixin.py:190} INFO - [2026-07-11T17:23:38.425+0000] {dag.py:3239} INFO - Sync 1 DAGs
[2026-07-11T17:23:38.435+0000] {logging_mixin.py:190} INFO - [2026-07-11T17:23:38.435+0000] {dag.py:4180} INFO - Setting next_dagrun for avito_to_raw_midraw to 2026-07-11 17:00:00+00:00, run_after=2026-07-11 18:00:00+00:00
[2026-07-11T17:23:38.444+0000] {processor.py:208} INFO - Processing /opt/airflow/dags/avito_to_raw_midraw.py took 0.057 seconds
[2026-07-11T17:24:08.761+0000] {processor.py:186} INFO - Started process (PID=290) to work on /opt/airflow/dags/avito_to_raw_midraw.py
[2026-07-11T17:24:08.762+0000] {processor.py:914} INFO - Processing file /opt/airflow/dags/avito_to_raw_midraw.py for tasks to queue
[2026-07-11T17:24:08.764+0000] {logging_mixin.py:190} INFO - [2026-07-11T17:24:08.764+0000] {dagbag.py:588} INFO - Filling up the DagBag from /opt/airflow/dags/avito_to_raw_midraw.py
[2026-07-11T17:24:08.784+0000] {processor.py:925} INFO - DAG(s) 'avito_to_raw_midraw' retrieved from /opt/airflow/dags/avito_to_raw_midraw.py
[2026-07-11T17:24:08.799+0000] {logging_mixin.py:190} INFO - [2026-07-11T17:24:08.799+0000] {dag.py:3239} INFO - Sync 1 DAGs
[2026-07-11T17:24:08.810+0000] {logging_mixin.py:190} INFO - [2026-07-11T17:24:08.810+0000] {dag.py:4180} INFO - Setting next_dagrun for avito_to_raw_midraw to 2026-07-11 17:00:00+00:00, run_after=2026-07-11 18:00:00+00:00
[2026-07-11T17:24:08.819+0000] {processor.py:208} INFO - Processing /opt/airflow/dags/avito_to_raw_midraw.py took 0.063 seconds
[2026-07-11T17:24:39.091+0000] {processor.py:186} INFO - Started process (PID=292) to work on /opt/airflow/dags/avito_to_raw_midraw.py
[2026-07-11T17:24:39.092+0000] {processor.py:914} INFO - Processing file /opt/airflow/dags/avito_to_raw_midraw.py for tasks to queue
[2026-07-11T17:24:39.094+0000] {logging_mixin.py:190} INFO - [2026-07-11T17:24:39.094+0000] {dagbag.py:588} INFO - Filling up the DagBag from /opt/airflow/dags/avito_to_raw_midraw.py
[2026-07-11T17:24:39.113+0000] {processor.py:925} INFO - DAG(s) 'avito_to_raw_midraw' retrieved from /opt/airflow/dags/avito_to_raw_midraw.py
[2026-07-11T17:24:39.133+0000] {logging_mixin.py:190} INFO - [2026-07-11T17:24:39.133+0000] {dag.py:3239} INFO - Sync 1 DAGs
[2026-07-11T17:24:39.146+0000] {logging_mixin.py:190} INFO - [2026-07-11T17:24:39.146+0000] {dag.py:4180} INFO - Setting next_dagrun for avito_to_raw_midraw to 2026-07-11 17:00:00+00:00, run_after=2026-07-11 18:00:00+00:00
[2026-07-11T17:24:39.156+0000] {processor.py:208} INFO - Processing /opt/airflow/dags/avito_to_raw_midraw.py took 0.072 seconds
[2026-07-11T17:25:09.376+0000] {processor.py:186} INFO - Started process (PID=294) to work on /opt/airflow/dags/avito_to_raw_midraw.py
[2026-07-11T17:25:09.376+0000] {processor.py:914} INFO - Processing file /opt/airflow/dags/avito_to_raw_midraw.py for tasks to queue
[2026-07-11T17:25:09.378+0000] {logging_mixin.py:190} INFO - [2026-07-11T17:25:09.378+0000] {dagbag.py:588} INFO - Filling up the DagBag from /opt/airflow/dags/avito_to_raw_midraw.py
[2026-07-11T17:25:09.394+0000] {processor.py:925} INFO - DAG(s) 'avito_to_raw_midraw' retrieved from /opt/airflow/dags/avito_to_raw_midraw.py
[2026-07-11T17:25:09.412+0000] {logging_mixin.py:190} INFO - [2026-07-11T17:25:09.412+0000] {dag.py:3239} INFO - Sync 1 DAGs
[2026-07-11T17:25:09.426+0000] {logging_mixin.py:190} INFO - [2026-07-11T17:25:09.426+0000] {dag.py:4180} INFO - Setting next_dagrun for avito_to_raw_midraw to 2026-07-11 17:00:00+00:00, run_after=2026-07-11 18:00:00+00:00
[2026-07-11T17:25:09.436+0000] {processor.py:208} INFO - Processing /opt/airflow/dags/avito_to_raw_midraw.py took 0.066 seconds
[2026-07-11T17:25:39.689+0000] {processor.py:186} INFO - Started process (PID=296) to work on /opt/airflow/dags/avito_to_raw_midraw.py
[2026-07-11T17:25:39.689+0000] {processor.py:914} INFO - Processing file /opt/airflow/dags/avito_to_raw_midraw.py for tasks to queue
[2026-07-11T17:25:39.691+0000] {logging_mixin.py:190} INFO - [2026-07-11T17:25:39.691+0000] {dagbag.py:588} INFO - Filling up the DagBag from /opt/airflow/dags/avito_to_raw_midraw.py
[2026-07-11T17:25:39.708+0000] {processor.py:925} INFO - DAG(s) 'avito_to_raw_midraw' retrieved from /opt/airflow/dags/avito_to_raw_midraw.py
[2026-07-11T17:25:39.728+0000] {logging_mixin.py:190} INFO - [2026-07-11T17:25:39.728+0000] {dag.py:3239} INFO - Sync 1 DAGs
[2026-07-11T17:25:39.741+0000] {logging_mixin.py:190} INFO - [2026-07-11T17:25:39.740+0000] {dag.py:4180} INFO - Setting next_dagrun for avito_to_raw_midraw to 2026-07-11 17:00:00+00:00, run_after=2026-07-11 18:00:00+00:00
[2026-07-11T17:25:39.759+0000] {processor.py:208} INFO - Processing /opt/airflow/dags/avito_to_raw_midraw.py took 0.075 seconds
[2026-07-11T17:26:10.040+0000] {processor.py:186} INFO - Started process (PID=298) to work on /opt/airflow/dags/avito_to_raw_midraw.py
[2026-07-11T17:26:10.041+0000] {processor.py:914} INFO - Processing file /opt/airflow/dags/avito_to_raw_midraw.py for tasks to queue
[2026-07-11T17:26:10.043+0000] {logging_mixin.py:190} INFO - [2026-07-11T17:26:10.043+0000] {dagbag.py:588} INFO - Filling up the DagBag from /opt/airflow/dags/avito_to_raw_midraw.py
[2026-07-11T17:26:10.059+0000] {processor.py:925} INFO - DAG(s) 'avito_to_raw_midraw' retrieved from /opt/airflow/dags/avito_to_raw_midraw.py
[2026-07-11T17:26:10.073+0000] {logging_mixin.py:190} INFO - [2026-07-11T17:26:10.073+0000] {dag.py:3239} INFO - Sync 1 DAGs
[2026-07-11T17:26:10.086+0000] {logging_mixin.py:190} INFO - [2026-07-11T17:26:10.086+0000] {dag.py:4180} INFO - Setting next_dagrun for avito_to_raw_midraw to 2026-07-11 17:00:00+00:00, run_after=2026-07-11 18:00:00+00:00
[2026-07-11T17:26:10.095+0000] {processor.py:208} INFO - Processing /opt/airflow/dags/avito_to_raw_midraw.py took 0.061 seconds
[2026-07-11T17:26:40.380+0000] {processor.py:186} INFO - Started process (PID=300) to work on /opt/airflow/dags/avito_to_raw_midraw.py
[2026-07-11T17:26:40.381+0000] {processor.py:914} INFO - Processing file /opt/airflow/dags/avito_to_raw_midraw.py for tasks to queue
[2026-07-11T17:26:40.384+0000] {logging_mixin.py:190} INFO - [2026-07-11T17:26:40.383+0000] {dagbag.py:588} INFO - Filling up the DagBag from /opt/airflow/dags/avito_to_raw_midraw.py
[2026-07-11T17:26:40.399+0000] {processor.py:925} INFO - DAG(s) 'avito_to_raw_midraw' retrieved from /opt/airflow/dags/avito_to_raw_midraw.py
[2026-07-11T17:26:40.422+0000] {logging_mixin.py:190} INFO - [2026-07-11T17:26:40.422+0000] {dag.py:3239} INFO - Sync 1 DAGs
[2026-07-11T17:26:40.435+0000] {logging_mixin.py:190} INFO - [2026-07-11T17:26:40.435+0000] {dag.py:4180} INFO - Setting next_dagrun for avito_to_raw_midraw to 2026-07-11 17:00:00+00:00, run_after=2026-07-11 18:00:00+00:00
[2026-07-11T17:26:40.445+0000] {processor.py:208} INFO - Processing /opt/airflow/dags/avito_to_raw_midraw.py took 0.071 seconds
[2026-07-11T17:27:10.664+0000] {processor.py:186} INFO - Started process (PID=302) to work on /opt/airflow/dags/avito_to_raw_midraw.py
[2026-07-11T17:27:10.664+0000] {processor.py:914} INFO - Processing file /opt/airflow/dags/avito_to_raw_midraw.py for tasks to queue
[2026-07-11T17:27:10.665+0000] {logging_mixin.py:190} INFO - [2026-07-11T17:27:10.665+0000] {dagbag.py:588} INFO - Filling up the DagBag from /opt/airflow/dags/avito_to_raw_midraw.py
[2026-07-11T17:27:10.677+0000] {processor.py:925} INFO - DAG(s) 'avito_to_raw_midraw' retrieved from /opt/airflow/dags/avito_to_raw_midraw.py
[2026-07-11T17:27:10.694+0000] {logging_mixin.py:190} INFO - [2026-07-11T17:27:10.694+0000] {dag.py:3239} INFO - Sync 1 DAGs
[2026-07-11T17:27:10.704+0000] {logging_mixin.py:190} INFO - [2026-07-11T17:27:10.704+0000] {dag.py:4180} INFO - Setting next_dagrun for avito_to_raw_midraw to 2026-07-11 17:00:00+00:00, run_after=2026-07-11 18:00:00+00:00
[2026-07-11T17:27:10.714+0000] {processor.py:208} INFO - Processing /opt/airflow/dags/avito_to_raw_midraw.py took 0.054 seconds
[2026-07-11T17:27:40.930+0000] {processor.py:186} INFO - Started process (PID=304) to work on /opt/airflow/dags/avito_to_raw_midraw.py
[2026-07-11T17:27:40.930+0000] {processor.py:914} INFO - Processing file /opt/airflow/dags/avito_to_raw_midraw.py for tasks to queue
[2026-07-11T17:27:40.932+0000] {logging_mixin.py:190} INFO - [2026-07-11T17:27:40.932+0000] {dagbag.py:588} INFO - Filling up the DagBag from /opt/airflow/dags/avito_to_raw_midraw.py
[2026-07-11T17:27:40.946+0000] {processor.py:925} INFO - DAG(s) 'avito_to_raw_midraw' retrieved from /opt/airflow/dags/avito_to_raw_midraw.py
[2026-07-11T17:27:40.963+0000] {logging_mixin.py:190} INFO - [2026-07-11T17:27:40.963+0000] {dag.py:3239} INFO - Sync 1 DAGs
[2026-07-11T17:27:40.973+0000] {logging_mixin.py:190} INFO - [2026-07-11T17:27:40.973+0000] {dag.py:4180} INFO - Setting next_dagrun for avito_to_raw_midraw to 2026-07-11 17:00:00+00:00, run_after=2026-07-11 18:00:00+00:00
[2026-07-11T17:27:40.982+0000] {processor.py:208} INFO - Processing /opt/airflow/dags/avito_to_raw_midraw.py took 0.056 seconds
[2026-07-11T17:28:11.278+0000] {processor.py:186} INFO - Started process (PID=306) to work on /opt/airflow/dags/avito_to_raw_midraw.py
[2026-07-11T17:28:11.279+0000] {processor.py:914} INFO - Processing file /opt/airflow/dags/avito_to_raw_midraw.py for tasks to queue
[2026-07-11T17:28:11.281+0000] {logging_mixin.py:190} INFO - [2026-07-11T17:28:11.280+0000] {dagbag.py:588} INFO - Filling up the DagBag from /opt/airflow/dags/avito_to_raw_midraw.py
[2026-07-11T17:28:11.293+0000] {processor.py:925} INFO - DAG(s) 'avito_to_raw_midraw' retrieved from /opt/airflow/dags/avito_to_raw_midraw.py
[2026-07-11T17:28:11.310+0000] {logging_mixin.py:190} INFO - [2026-07-11T17:28:11.310+0000] {dag.py:3239} INFO - Sync 1 DAGs
[2026-07-11T17:28:11.321+0000] {logging_mixin.py:190} INFO - [2026-07-11T17:28:11.321+0000] {dag.py:4180} INFO - Setting next_dagrun for avito_to_raw_midraw to 2026-07-11 17:00:00+00:00, run_after=2026-07-11 18:00:00+00:00
[2026-07-11T17:28:11.329+0000] {processor.py:208} INFO - Processing /opt/airflow/dags/avito_to_raw_midraw.py took 0.055 seconds
[2026-07-11T17:28:41.610+0000] {processor.py:186} INFO - Started process (PID=308) to work on /opt/airflow/dags/avito_to_raw_midraw.py
[2026-07-11T17:28:41.610+0000] {processor.py:914} INFO - Processing file /opt/airflow/dags/avito_to_raw_midraw.py for tasks to queue
[2026-07-11T17:28:41.613+0000] {logging_mixin.py:190} INFO - [2026-07-11T17:28:41.612+0000] {dagbag.py:588} INFO - Filling up the DagBag from /opt/airflow/dags/avito_to_raw_midraw.py
[2026-07-11T17:28:41.629+0000] {processor.py:925} INFO - DAG(s) 'avito_to_raw_midraw' retrieved from /opt/airflow/dags/avito_to_raw_midraw.py
[2026-07-11T17:28:41.646+0000] {logging_mixin.py:190} INFO - [2026-07-11T17:28:41.645+0000] {dag.py:3239} INFO - Sync 1 DAGs
[2026-07-11T17:28:41.658+0000] {logging_mixin.py:190} INFO - [2026-07-11T17:28:41.658+0000] {dag.py:4180} INFO - Setting next_dagrun for avito_to_raw_midraw to 2026-07-11 17:00:00+00:00, run_after=2026-07-11 18:00:00+00:00
[2026-07-11T17:28:41.669+0000] {processor.py:208} INFO - Processing /opt/airflow/dags/avito_to_raw_midraw.py took 0.063 seconds
[2026-07-11T17:29:11.909+0000] {processor.py:186} INFO - Started process (PID=310) to work on /opt/airflow/dags/avito_to_raw_midraw.py
[2026-07-11T17:29:11.910+0000] {processor.py:914} INFO - Processing file /opt/airflow/dags/avito_to_raw_midraw.py for tasks to queue
[2026-07-11T17:29:11.912+0000] {logging_mixin.py:190} INFO - [2026-07-11T17:29:11.912+0000] {dagbag.py:588} INFO - Filling up the DagBag from /opt/airflow/dags/avito_to_raw_midraw.py
[2026-07-11T17:29:11.929+0000] {processor.py:925} INFO - DAG(s) 'avito_to_raw_midraw' retrieved from /opt/airflow/dags/avito_to_raw_midraw.py
[2026-07-11T17:29:11.947+0000] {logging_mixin.py:190} INFO - [2026-07-11T17:29:11.947+0000] {dag.py:3239} INFO - Sync 1 DAGs
[2026-07-11T17:29:11.958+0000] {logging_mixin.py:190} INFO - [2026-07-11T17:29:11.958+0000] {dag.py:4180} INFO - Setting next_dagrun for avito_to_raw_midraw to 2026-07-11 17:00:00+00:00, run_after=2026-07-11 18:00:00+00:00
[2026-07-11T17:29:11.967+0000] {processor.py:208} INFO - Processing /opt/airflow/dags/avito_to_raw_midraw.py took 0.062 seconds
[2026-07-11T17:29:42.172+0000] {processor.py:186} INFO - Started process (PID=312) to work on /opt/airflow/dags/avito_to_raw_midraw.py
[2026-07-11T17:29:42.173+0000] {processor.py:914} INFO - Processing file /opt/airflow/dags/avito_to_raw_midraw.py for tasks to queue
[2026-07-11T17:29:42.174+0000] {logging_mixin.py:190} INFO - [2026-07-11T17:29:42.174+0000] {dagbag.py:588} INFO - Filling up the DagBag from /opt/airflow/dags/avito_to_raw_midraw.py
[2026-07-11T17:29:42.190+0000] {processor.py:925} INFO - DAG(s) 'avito_to_raw_midraw' retrieved from /opt/airflow/dags/avito_to_raw_midraw.py
[2026-07-11T17:29:42.207+0000] {logging_mixin.py:190} INFO - [2026-07-11T17:29:42.206+0000] {dag.py:3239} INFO - Sync 1 DAGs
[2026-07-11T17:29:42.217+0000] {logging_mixin.py:190} INFO - [2026-07-11T17:29:42.217+0000] {dag.py:4180} INFO - Setting next_dagrun for avito_to_raw_midraw to 2026-07-11 17:00:00+00:00, run_after=2026-07-11 18:00:00+00:00
[2026-07-11T17:29:42.225+0000] {processor.py:208} INFO - Processing /opt/airflow/dags/avito_to_raw_midraw.py took 0.056 seconds
[2026-07-11T17:30:12.460+0000] {processor.py:186} INFO - Started process (PID=314) to work on /opt/airflow/dags/avito_to_raw_midraw.py
[2026-07-11T17:30:12.461+0000] {processor.py:914} INFO - Processing file /opt/airflow/dags/avito_to_raw_midraw.py for tasks to queue
[2026-07-11T17:30:12.463+0000] {logging_mixin.py:190} INFO - [2026-07-11T17:30:12.462+0000] {dagbag.py:588} INFO - Filling up the DagBag from /opt/airflow/dags/avito_to_raw_midraw.py
[2026-07-11T17:30:12.478+0000] {processor.py:925} INFO - DAG(s) 'avito_to_raw_midraw' retrieved from /opt/airflow/dags/avito_to_raw_midraw.py
[2026-07-11T17:30:12.495+0000] {logging_mixin.py:190} INFO - [2026-07-11T17:30:12.495+0000] {dag.py:3239} INFO - Sync 1 DAGs
[2026-07-11T17:30:12.507+0000] {logging_mixin.py:190} INFO - [2026-07-11T17:30:12.507+0000] {dag.py:4180} INFO - Setting next_dagrun for avito_to_raw_midraw to 2026-07-11 17:00:00+00:00, run_after=2026-07-11 18:00:00+00:00
[2026-07-11T17:30:12.517+0000] {processor.py:208} INFO - Processing /opt/airflow/dags/avito_to_raw_midraw.py took 0.062 seconds
[2026-07-11T17:30:42.705+0000] {processor.py:186} INFO - Started process (PID=316) to work on /opt/airflow/dags/avito_to_raw_midraw.py
[2026-07-11T17:30:42.706+0000] {processor.py:914} INFO - Processing file /opt/airflow/dags/avito_to_raw_midraw.py for tasks to queue
[2026-07-11T17:30:42.707+0000] {logging_mixin.py:190} INFO - [2026-07-11T17:30:42.707+0000] {dagbag.py:588} INFO - Filling up the DagBag from /opt/airflow/dags/avito_to_raw_midraw.py
[2026-07-11T17:30:42.719+0000] {processor.py:925} INFO - DAG(s) 'avito_to_raw_midraw' retrieved from /opt/airflow/dags/avito_to_raw_midraw.py
[2026-07-11T17:30:42.748+0000] {logging_mixin.py:190} INFO - [2026-07-11T17:30:42.748+0000] {dag.py:3239} INFO - Sync 1 DAGs
[2026-07-11T17:30:42.758+0000] {logging_mixin.py:190} INFO - [2026-07-11T17:30:42.758+0000] {dag.py:4180} INFO - Setting next_dagrun for avito_to_raw_midraw to 2026-07-11 17:00:00+00:00, run_after=2026-07-11 18:00:00+00:00
[2026-07-11T17:30:42.770+0000] {processor.py:208} INFO - Processing /opt/airflow/dags/avito_to_raw_midraw.py took 0.068 seconds
[2026-07-11T17:31:13.030+0000] {processor.py:186} INFO - Started process (PID=318) to work on /opt/airflow/dags/avito_to_raw_midraw.py
[2026-07-11T17:31:13.031+0000] {processor.py:914} INFO - Processing file /opt/airflow/dags/avito_to_raw_midraw.py for tasks to queue
[2026-07-11T17:31:13.033+0000] {logging_mixin.py:190} INFO - [2026-07-11T17:31:13.033+0000] {dagbag.py:588} INFO - Filling up the DagBag from /opt/airflow/dags/avito_to_raw_midraw.py
[2026-07-11T17:31:13.050+0000] {processor.py:925} INFO - DAG(s) 'avito_to_raw_midraw' retrieved from /opt/airflow/dags/avito_to_raw_midraw.py
[2026-07-11T17:31:13.068+0000] {logging_mixin.py:190} INFO - [2026-07-11T17:31:13.067+0000] {dag.py:3239} INFO - Sync 1 DAGs
[2026-07-11T17:31:13.083+0000] {logging_mixin.py:190} INFO - [2026-07-11T17:31:13.083+0000] {dag.py:4180} INFO - Setting next_dagrun for avito_to_raw_midraw to 2026-07-11 17:00:00+00:00, run_after=2026-07-11 18:00:00+00:00
[2026-07-11T17:31:13.092+0000] {processor.py:208} INFO - Processing /opt/airflow/dags/avito_to_raw_midraw.py took 0.066 seconds
[2026-07-11T17:31:43.390+0000] {processor.py:186} INFO - Started process (PID=320) to work on /opt/airflow/dags/avito_to_raw_midraw.py
[2026-07-11T17:31:43.391+0000] {processor.py:914} INFO - Processing file /opt/airflow/dags/avito_to_raw_midraw.py for tasks to queue
[2026-07-11T17:31:43.394+0000] {logging_mixin.py:190} INFO - [2026-07-11T17:31:43.394+0000] {dagbag.py:588} INFO - Filling up the DagBag from /opt/airflow/dags/avito_to_raw_midraw.py
[2026-07-11T17:31:43.411+0000] {processor.py:925} INFO - DAG(s) 'avito_to_raw_midraw' retrieved from /opt/airflow/dags/avito_to_raw_midraw.py
[2026-07-11T17:31:43.428+0000] {logging_mixin.py:190} INFO - [2026-07-11T17:31:43.427+0000] {dag.py:3239} INFO - Sync 1 DAGs
[2026-07-11T17:31:43.441+0000] {logging_mixin.py:190} INFO - [2026-07-11T17:31:43.441+0000] {dag.py:4180} INFO - Setting next_dagrun for avito_to_raw_midraw to 2026-07-11 17:00:00+00:00, run_after=2026-07-11 18:00:00+00:00
[2026-07-11T17:31:43.451+0000] {processor.py:208} INFO - Processing /opt/airflow/dags/avito_to_raw_midraw.py took 0.065 seconds
[2026-07-11T17:32:13.650+0000] {processor.py:186} INFO - Started process (PID=322) to work on /opt/airflow/dags/avito_to_raw_midraw.py
[2026-07-11T17:32:13.650+0000] {processor.py:914} INFO - Processing file /opt/airflow/dags/avito_to_raw_midraw.py for tasks to queue
[2026-07-11T17:32:13.652+0000] {logging_mixin.py:190} INFO - [2026-07-11T17:32:13.652+0000] {dagbag.py:588} INFO - Filling up the DagBag from /opt/airflow/dags/avito_to_raw_midraw.py
[2026-07-11T17:32:13.665+0000] {processor.py:925} INFO - DAG(s) 'avito_to_raw_midraw' retrieved from /opt/airflow/dags/avito_to_raw_midraw.py
[2026-07-11T17:32:13.682+0000] {logging_mixin.py:190} INFO - [2026-07-11T17:32:13.682+0000] {dag.py:3239} INFO - Sync 1 DAGs
[2026-07-11T17:32:13.693+0000] {logging_mixin.py:190} INFO - [2026-07-11T17:32:13.693+0000] {dag.py:4180} INFO - Setting next_dagrun for avito_to_raw_midraw to 2026-07-11 17:00:00+00:00, run_after=2026-07-11 18:00:00+00:00
[2026-07-11T17:32:13.704+0000] {processor.py:208} INFO - Processing /opt/airflow/dags/avito_to_raw_midraw.py took 0.058 seconds
[2026-07-11T17:32:43.995+0000] {processor.py:186} INFO - Started process (PID=324) to work on /opt/airflow/dags/avito_to_raw_midraw.py
[2026-07-11T17:32:43.996+0000] {processor.py:914} INFO - Processing file /opt/airflow/dags/avito_to_raw_midraw.py for tasks to queue
[2026-07-11T17:32:43.998+0000] {logging_mixin.py:190} INFO - [2026-07-11T17:32:43.998+0000] {dagbag.py:588} INFO - Filling up the DagBag from /opt/airflow/dags/avito_to_raw_midraw.py
[2026-07-11T17:32:44.011+0000] {processor.py:925} INFO - DAG(s) 'avito_to_raw_midraw' retrieved from /opt/airflow/dags/avito_to_raw_midraw.py
[2026-07-11T17:32:44.028+0000] {logging_mixin.py:190} INFO - [2026-07-11T17:32:44.028+0000] {dag.py:3239} INFO - Sync 1 DAGs
[2026-07-11T17:32:44.041+0000] {logging_mixin.py:190} INFO - [2026-07-11T17:32:44.041+0000] {dag.py:4180} INFO - Setting next_dagrun for avito_to_raw_midraw to 2026-07-11 17:00:00+00:00, run_after=2026-07-11 18:00:00+00:00
[2026-07-11T17:32:44.053+0000] {processor.py:208} INFO - Processing /opt/airflow/dags/avito_to_raw_midraw.py took 0.063 seconds
[2026-07-11T17:33:14.373+0000] {processor.py:186} INFO - Started process (PID=326) to work on /opt/airflow/dags/avito_to_raw_midraw.py
[2026-07-11T17:33:14.374+0000] {processor.py:914} INFO - Processing file /opt/airflow/dags/avito_to_raw_midraw.py for tasks to queue
[2026-07-11T17:33:14.376+0000] {logging_mixin.py:190} INFO - [2026-07-11T17:33:14.376+0000] {dagbag.py:588} INFO - Filling up the DagBag from /opt/airflow/dags/avito_to_raw_midraw.py
[2026-07-11T17:33:14.392+0000] {processor.py:925} INFO - DAG(s) 'avito_to_raw_midraw' retrieved from /opt/airflow/dags/avito_to_raw_midraw.py
[2026-07-11T17:33:14.414+0000] {logging_mixin.py:190} INFO - [2026-07-11T17:33:14.414+0000] {dag.py:3239} INFO - Sync 1 DAGs
[2026-07-11T17:33:14.428+0000] {logging_mixin.py:190} INFO - [2026-07-11T17:33:14.428+0000] {dag.py:4180} INFO - Setting next_dagrun for avito_to_raw_midraw to 2026-07-11 17:00:00+00:00, run_after=2026-07-11 18:00:00+00:00
[2026-07-11T17:33:14.440+0000] {processor.py:208} INFO - Processing /opt/airflow/dags/avito_to_raw_midraw.py took 0.074 seconds
[2026-07-11T17:33:44.741+0000] {processor.py:186} INFO - Started process (PID=328) to work on /opt/airflow/dags/avito_to_raw_midraw.py
[2026-07-11T17:33:44.742+0000] {processor.py:914} INFO - Processing file /opt/airflow/dags/avito_to_raw_midraw.py for tasks to queue
[2026-07-11T17:33:44.744+0000] {logging_mixin.py:190} INFO - [2026-07-11T17:33:44.744+0000] {dagbag.py:588} INFO - Filling up the DagBag from /opt/airflow/dags/avito_to_raw_midraw.py
[2026-07-11T17:33:44.759+0000] {processor.py:925} INFO - DAG(s) 'avito_to_raw_midraw' retrieved from /opt/airflow/dags/avito_to_raw_midraw.py
[2026-07-11T17:33:44.776+0000] {logging_mixin.py:190} INFO - [2026-07-11T17:33:44.776+0000] {dag.py:3239} INFO - Sync 1 DAGs
[2026-07-11T17:33:44.787+0000] {logging_mixin.py:190} INFO - [2026-07-11T17:33:44.787+0000] {dag.py:4180} INFO - Setting next_dagrun for avito_to_raw_midraw to 2026-07-11 17:00:00+00:00, run_after=2026-07-11 18:00:00+00:00
[2026-07-11T17:33:44.799+0000] {processor.py:208} INFO - Processing /opt/airflow/dags/avito_to_raw_midraw.py took 0.061 seconds
[2026-07-11T17:34:15.028+0000] {processor.py:186} INFO - Started process (PID=330) to work on /opt/airflow/dags/avito_to_raw_midraw.py
[2026-07-11T17:34:15.029+0000] {processor.py:914} INFO - Processing file /opt/airflow/dags/avito_to_raw_midraw.py for tasks to queue
[2026-07-11T17:34:15.030+0000] {logging_mixin.py:190} INFO - [2026-07-11T17:34:15.030+0000] {dagbag.py:588} INFO - Filling up the DagBag from /opt/airflow/dags/avito_to_raw_midraw.py
[2026-07-11T17:34:15.044+0000] {processor.py:925} INFO - DAG(s) 'avito_to_raw_midraw' retrieved from /opt/airflow/dags/avito_to_raw_midraw.py
[2026-07-11T17:34:15.061+0000] {logging_mixin.py:190} INFO - [2026-07-11T17:34:15.061+0000] {dag.py:3239} INFO - Sync 1 DAGs
[2026-07-11T17:34:15.071+0000] {logging_mixin.py:190} INFO - [2026-07-11T17:34:15.071+0000] {dag.py:4180} INFO - Setting next_dagrun for avito_to_raw_midraw to 2026-07-11 17:00:00+00:00, run_after=2026-07-11 18:00:00+00:00
[2026-07-11T17:34:15.081+0000] {processor.py:208} INFO - Processing /opt/airflow/dags/avito_to_raw_midraw.py took 0.057 seconds
[2026-07-11T17:34:45.335+0000] {processor.py:186} INFO - Started process (PID=332) to work on /opt/airflow/dags/avito_to_raw_midraw.py
[2026-07-11T17:34:45.336+0000] {processor.py:914} INFO - Processing file /opt/airflow/dags/avito_to_raw_midraw.py for tasks to queue
[2026-07-11T17:34:45.338+0000] {logging_mixin.py:190} INFO - [2026-07-11T17:34:45.337+0000] {dagbag.py:588} INFO - Filling up the DagBag from /opt/airflow/dags/avito_to_raw_midraw.py
[2026-07-11T17:34:45.352+0000] {processor.py:925} INFO - DAG(s) 'avito_to_raw_midraw' retrieved from /opt/airflow/dags/avito_to_raw_midraw.py
[2026-07-11T17:34:45.370+0000] {logging_mixin.py:190} INFO - [2026-07-11T17:34:45.370+0000] {dag.py:3239} INFO - Sync 1 DAGs
[2026-07-11T17:34:45.381+0000] {logging_mixin.py:190} INFO - [2026-07-11T17:34:45.381+0000] {dag.py:4180} INFO - Setting next_dagrun for avito_to_raw_midraw to 2026-07-11 17:00:00+00:00, run_after=2026-07-11 18:00:00+00:00
[2026-07-11T17:34:45.390+0000] {processor.py:208} INFO - Processing /opt/airflow/dags/avito_to_raw_midraw.py took 0.060 seconds
[2026-07-11T17:35:15.618+0000] {processor.py:186} INFO - Started process (PID=334) to work on /opt/airflow/dags/avito_to_raw_midraw.py
[2026-07-11T17:35:15.618+0000] {processor.py:914} INFO - Processing file /opt/airflow/dags/avito_to_raw_midraw.py for tasks to queue
[2026-07-11T17:35:15.620+0000] {logging_mixin.py:190} INFO - [2026-07-11T17:35:15.620+0000] {dagbag.py:588} INFO - Filling up the DagBag from /opt/airflow/dags/avito_to_raw_midraw.py
[2026-07-11T17:35:15.634+0000] {processor.py:925} INFO - DAG(s) 'avito_to_raw_midraw' retrieved from /opt/airflow/dags/avito_to_raw_midraw.py
[2026-07-11T17:35:15.657+0000] {logging_mixin.py:190} INFO - [2026-07-11T17:35:15.657+0000] {dag.py:3239} INFO - Sync 1 DAGs
[2026-07-11T17:35:15.669+0000] {logging_mixin.py:190} INFO - [2026-07-11T17:35:15.669+0000] {dag.py:4180} INFO - Setting next_dagrun for avito_to_raw_midraw to 2026-07-11 17:00:00+00:00, run_after=2026-07-11 18:00:00+00:00
[2026-07-11T17:35:15.677+0000] {processor.py:208} INFO - Processing /opt/airflow/dags/avito_to_raw_midraw.py took 0.064 seconds
[2026-07-11T17:35:45.986+0000] {processor.py:186} INFO - Started process (PID=336) to work on /opt/airflow/dags/avito_to_raw_midraw.py
[2026-07-11T17:35:45.987+0000] {processor.py:914} INFO - Processing file /opt/airflow/dags/avito_to_raw_midraw.py for tasks to queue
[2026-07-11T17:35:45.989+0000] {logging_mixin.py:190} INFO - [2026-07-11T17:35:45.989+0000] {dagbag.py:588} INFO - Filling up the DagBag from /opt/airflow/dags/avito_to_raw_midraw.py
[2026-07-11T17:35:46.009+0000] {processor.py:925} INFO - DAG(s) 'avito_to_raw_midraw' retrieved from /opt/airflow/dags/avito_to_raw_midraw.py
[2026-07-11T17:35:46.028+0000] {logging_mixin.py:190} INFO - [2026-07-11T17:35:46.028+0000] {dag.py:3239} INFO - Sync 1 DAGs
[2026-07-11T17:35:46.045+0000] {logging_mixin.py:190} INFO - [2026-07-11T17:35:46.045+0000] {dag.py:4180} INFO - Setting next_dagrun for avito_to_raw_midraw to 2026-07-11 17:00:00+00:00, run_after=2026-07-11 18:00:00+00:00
[2026-07-11T17:35:46.055+0000] {processor.py:208} INFO - Processing /opt/airflow/dags/avito_to_raw_midraw.py took 0.074 seconds
[2026-07-11T17:36:16.278+0000] {processor.py:186} INFO - Started process (PID=338) to work on /opt/airflow/dags/avito_to_raw_midraw.py
[2026-07-11T17:36:16.279+0000] {processor.py:914} INFO - Processing file /opt/airflow/dags/avito_to_raw_midraw.py for tasks to queue
[2026-07-11T17:36:16.280+0000] {logging_mixin.py:190} INFO - [2026-07-11T17:36:16.280+0000] {dagbag.py:588} INFO - Filling up the DagBag from /opt/airflow/dags/avito_to_raw_midraw.py
[2026-07-11T17:36:16.295+0000] {processor.py:925} INFO - DAG(s) 'avito_to_raw_midraw' retrieved from /opt/airflow/dags/avito_to_raw_midraw.py
[2026-07-11T17:36:16.311+0000] {logging_mixin.py:190} INFO - [2026-07-11T17:36:16.311+0000] {dag.py:3239} INFO - Sync 1 DAGs
[2026-07-11T17:36:16.325+0000] {logging_mixin.py:190} INFO - [2026-07-11T17:36:16.325+0000] {dag.py:4180} INFO - Setting next_dagrun for avito_to_raw_midraw to 2026-07-11 17:00:00+00:00, run_after=2026-07-11 18:00:00+00:00
[2026-07-11T17:36:16.334+0000] {processor.py:208} INFO - Processing /opt/airflow/dags/avito_to_raw_midraw.py took 0.060 seconds
[2026-07-11T17:36:46.610+0000] {processor.py:186} INFO - Started process (PID=340) to work on /opt/airflow/dags/avito_to_raw_midraw.py
[2026-07-11T17:36:46.611+0000] {processor.py:914} INFO - Processing file /opt/airflow/dags/avito_to_raw_midraw.py for tasks to queue
[2026-07-11T17:36:46.614+0000] {logging_mixin.py:190} INFO - [2026-07-11T17:36:46.613+0000] {dagbag.py:588} INFO - Filling up the DagBag from /opt/airflow/dags/avito_to_raw_midraw.py
[2026-07-11T17:36:46.630+0000] {processor.py:925} INFO - DAG(s) 'avito_to_raw_midraw' retrieved from /opt/airflow/dags/avito_to_raw_midraw.py
[2026-07-11T17:36:46.647+0000] {logging_mixin.py:190} INFO - [2026-07-11T17:36:46.647+0000] {dag.py:3239} INFO - Sync 1 DAGs
[2026-07-11T17:36:46.659+0000] {logging_mixin.py:190} INFO - [2026-07-11T17:36:46.659+0000] {dag.py:4180} INFO - Setting next_dagrun for avito_to_raw_midraw to 2026-07-11 17:00:00+00:00, run_after=2026-07-11 18:00:00+00:00
[2026-07-11T17:36:46.670+0000] {processor.py:208} INFO - Processing /opt/airflow/dags/avito_to_raw_midraw.py took 0.065 seconds
[2026-07-11T17:37:16.875+0000] {processor.py:186} INFO - Started process (PID=342) to work on /opt/airflow/dags/avito_to_raw_midraw.py
[2026-07-11T17:37:16.876+0000] {processor.py:914} INFO - Processing file /opt/airflow/dags/avito_to_raw_midraw.py for tasks to queue
[2026-07-11T17:37:16.878+0000] {logging_mixin.py:190} INFO - [2026-07-11T17:37:16.878+0000] {dagbag.py:588} INFO - Filling up the DagBag from /opt/airflow/dags/avito_to_raw_midraw.py
[2026-07-11T17:37:16.895+0000] {processor.py:925} INFO - DAG(s) 'avito_to_raw_midraw' retrieved from /opt/airflow/dags/avito_to_raw_midraw.py
[2026-07-11T17:37:16.911+0000] {logging_mixin.py:190} INFO - [2026-07-11T17:37:16.911+0000] {dag.py:3239} INFO - Sync 1 DAGs
[2026-07-11T17:37:16.923+0000] {logging_mixin.py:190} INFO - [2026-07-11T17:37:16.923+0000] {dag.py:4180} INFO - Setting next_dagrun for avito_to_raw_midraw to 2026-07-11 17:00:00+00:00, run_after=2026-07-11 18:00:00+00:00
[2026-07-11T17:37:16.934+0000] {processor.py:208} INFO - Processing /opt/airflow/dags/avito_to_raw_midraw.py took 0.062 seconds
[2026-07-11T17:37:47.159+0000] {processor.py:186} INFO - Started process (PID=344) to work on /opt/airflow/dags/avito_to_raw_midraw.py
[2026-07-11T17:37:47.160+0000] {processor.py:914} INFO - Processing file /opt/airflow/dags/avito_to_raw_midraw.py for tasks to queue
[2026-07-11T17:37:47.162+0000] {logging_mixin.py:190} INFO - [2026-07-11T17:37:47.161+0000] {dagbag.py:588} INFO - Filling up the DagBag from /opt/airflow/dags/avito_to_raw_midraw.py
[2026-07-11T17:37:47.174+0000] {processor.py:925} INFO - DAG(s) 'avito_to_raw_midraw' retrieved from /opt/airflow/dags/avito_to_raw_midraw.py
[2026-07-11T17:37:47.190+0000] {logging_mixin.py:190} INFO - [2026-07-11T17:37:47.190+0000] {dag.py:3239} INFO - Sync 1 DAGs
[2026-07-11T17:37:47.202+0000] {logging_mixin.py:190} INFO - [2026-07-11T17:37:47.202+0000] {dag.py:4180} INFO - Setting next_dagrun for avito_to_raw_midraw to 2026-07-11 17:00:00+00:00, run_after=2026-07-11 18:00:00+00:00
[2026-07-11T17:37:47.216+0000] {processor.py:208} INFO - Processing /opt/airflow/dags/avito_to_raw_midraw.py took 0.061 seconds
[2026-07-11T17:38:17.468+0000] {processor.py:186} INFO - Started process (PID=346) to work on /opt/airflow/dags/avito_to_raw_midraw.py
[2026-07-11T17:38:17.470+0000] {processor.py:914} INFO - Processing file /opt/airflow/dags/avito_to_raw_midraw.py for tasks to queue
[2026-07-11T17:38:17.473+0000] {logging_mixin.py:190} INFO - [2026-07-11T17:38:17.472+0000] {dagbag.py:588} INFO - Filling up the DagBag from /opt/airflow/dags/avito_to_raw_midraw.py
[2026-07-11T17:38:17.486+0000] {processor.py:925} INFO - DAG(s) 'avito_to_raw_midraw' retrieved from /opt/airflow/dags/avito_to_raw_midraw.py
[2026-07-11T17:38:17.503+0000] {logging_mixin.py:190} INFO - [2026-07-11T17:38:17.503+0000] {dag.py:3239} INFO - Sync 1 DAGs
[2026-07-11T17:38:17.516+0000] {logging_mixin.py:190} INFO - [2026-07-11T17:38:17.515+0000] {dag.py:4180} INFO - Setting next_dagrun for avito_to_raw_midraw to 2026-07-11 17:00:00+00:00, run_after=2026-07-11 18:00:00+00:00
[2026-07-11T17:38:17.526+0000] {processor.py:208} INFO - Processing /opt/airflow/dags/avito_to_raw_midraw.py took 0.062 seconds
[2026-07-11T17:38:47.751+0000] {processor.py:186} INFO - Started process (PID=348) to work on /opt/airflow/dags/avito_to_raw_midraw.py
[2026-07-11T17:38:47.752+0000] {processor.py:914} INFO - Processing file /opt/airflow/dags/avito_to_raw_midraw.py for tasks to queue
[2026-07-11T17:38:47.754+0000] {logging_mixin.py:190} INFO - [2026-07-11T17:38:47.754+0000] {dagbag.py:588} INFO - Filling up the DagBag from /opt/airflow/dags/avito_to_raw_midraw.py
[2026-07-11T17:38:47.773+0000] {processor.py:925} INFO - DAG(s) 'avito_to_raw_midraw' retrieved from /opt/airflow/dags/avito_to_raw_midraw.py
[2026-07-11T17:38:47.790+0000] {logging_mixin.py:190} INFO - [2026-07-11T17:38:47.790+0000] {dag.py:3239} INFO - Sync 1 DAGs
[2026-07-11T17:38:47.805+0000] {logging_mixin.py:190} INFO - [2026-07-11T17:38:47.805+0000] {dag.py:4180} INFO - Setting next_dagrun for avito_to_raw_midraw to 2026-07-11 17:00:00+00:00, run_after=2026-07-11 18:00:00+00:00
[2026-07-11T17:38:47.815+0000] {processor.py:208} INFO - Processing /opt/airflow/dags/avito_to_raw_midraw.py took 0.069 seconds
[2026-07-11T17:39:18.052+0000] {processor.py:186} INFO - Started process (PID=350) to work on /opt/airflow/dags/avito_to_raw_midraw.py
[2026-07-11T17:39:18.053+0000] {processor.py:914} INFO - Processing file /opt/airflow/dags/avito_to_raw_midraw.py for tasks to queue
[2026-07-11T17:39:18.054+0000] {logging_mixin.py:190} INFO - [2026-07-11T17:39:18.054+0000] {dagbag.py:588} INFO - Filling up the DagBag from /opt/airflow/dags/avito_to_raw_midraw.py
[2026-07-11T17:39:18.067+0000] {processor.py:925} INFO - DAG(s) 'avito_to_raw_midraw' retrieved from /opt/airflow/dags/avito_to_raw_midraw.py
[2026-07-11T17:39:18.085+0000] {logging_mixin.py:190} INFO - [2026-07-11T17:39:18.083+0000] {dag.py:3239} INFO - Sync 1 DAGs
[2026-07-11T17:39:18.096+0000] {logging_mixin.py:190} INFO - [2026-07-11T17:39:18.096+0000] {dag.py:4180} INFO - Setting next_dagrun for avito_to_raw_midraw to 2026-07-11 17:00:00+00:00, run_after=2026-07-11 18:00:00+00:00
[2026-07-11T17:39:18.106+0000] {processor.py:208} INFO - Processing /opt/airflow/dags/avito_to_raw_midraw.py took 0.057 seconds
[2026-07-11T17:39:48.419+0000] {processor.py:186} INFO - Started process (PID=352) to work on /opt/airflow/dags/avito_to_raw_midraw.py
[2026-07-11T17:39:48.420+0000] {processor.py:914} INFO - Processing file /opt/airflow/dags/avito_to_raw_midraw.py for tasks to queue
[2026-07-11T17:39:48.421+0000] {logging_mixin.py:190} INFO - [2026-07-11T17:39:48.421+0000] {dagbag.py:588} INFO - Filling up the DagBag from /opt/airflow/dags/avito_to_raw_midraw.py
[2026-07-11T17:39:48.437+0000] {processor.py:925} INFO - DAG(s) 'avito_to_raw_midraw' retrieved from /opt/airflow/dags/avito_to_raw_midraw.py
[2026-07-11T17:39:48.455+0000] {logging_mixin.py:190} INFO - [2026-07-11T17:39:48.455+0000] {dag.py:3239} INFO - Sync 1 DAGs
[2026-07-11T17:39:48.469+0000] {logging_mixin.py:190} INFO - [2026-07-11T17:39:48.468+0000] {dag.py:4180} INFO - Setting next_dagrun for avito_to_raw_midraw to 2026-07-11 17:00:00+00:00, run_after=2026-07-11 18:00:00+00:00
[2026-07-11T17:39:48.479+0000] {processor.py:208} INFO - Processing /opt/airflow/dags/avito_to_raw_midraw.py took 0.066 seconds
[2026-07-11T17:40:18.726+0000] {processor.py:186} INFO - Started process (PID=354) to work on /opt/airflow/dags/avito_to_raw_midraw.py
[2026-07-11T17:40:18.727+0000] {processor.py:914} INFO - Processing file /opt/airflow/dags/avito_to_raw_midraw.py for tasks to queue
[2026-07-11T17:40:18.729+0000] {logging_mixin.py:190} INFO - [2026-07-11T17:40:18.729+0000] {dagbag.py:588} INFO - Filling up the DagBag from /opt/airflow/dags/avito_to_raw_midraw.py
[2026-07-11T17:40:18.741+0000] {processor.py:925} INFO - DAG(s) 'avito_to_raw_midraw' retrieved from /opt/airflow/dags/avito_to_raw_midraw.py
[2026-07-11T17:40:18.759+0000] {logging_mixin.py:190} INFO - [2026-07-11T17:40:18.759+0000] {dag.py:3239} INFO - Sync 1 DAGs
[2026-07-11T17:40:18.769+0000] {logging_mixin.py:190} INFO - [2026-07-11T17:40:18.769+0000] {dag.py:4180} INFO - Setting next_dagrun for avito_to_raw_midraw to 2026-07-11 17:00:00+00:00, run_after=2026-07-11 18:00:00+00:00
[2026-07-11T17:40:18.780+0000] {processor.py:208} INFO - Processing /opt/airflow/dags/avito_to_raw_midraw.py took 0.058 seconds
[2026-07-11T17:40:49.090+0000] {processor.py:186} INFO - Started process (PID=356) to work on /opt/airflow/dags/avito_to_raw_midraw.py
[2026-07-11T17:40:49.090+0000] {processor.py:914} INFO - Processing file /opt/airflow/dags/avito_to_raw_midraw.py for tasks to queue
[2026-07-11T17:40:49.092+0000] {logging_mixin.py:190} INFO - [2026-07-11T17:40:49.092+0000] {dagbag.py:588} INFO - Filling up the DagBag from /opt/airflow/dags/avito_to_raw_midraw.py
[2026-07-11T17:40:49.109+0000] {processor.py:925} INFO - DAG(s) 'avito_to_raw_midraw' retrieved from /opt/airflow/dags/avito_to_raw_midraw.py
[2026-07-11T17:40:49.128+0000] {logging_mixin.py:190} INFO - [2026-07-11T17:40:49.128+0000] {dag.py:3239} INFO - Sync 1 DAGs
[2026-07-11T17:40:49.141+0000] {logging_mixin.py:190} INFO - [2026-07-11T17:40:49.140+0000] {dag.py:4180} INFO - Setting next_dagrun for avito_to_raw_midraw to 2026-07-11 17:00:00+00:00, run_after=2026-07-11 18:00:00+00:00
[2026-07-11T17:40:49.150+0000] {processor.py:208} INFO - Processing /opt/airflow/dags/avito_to_raw_midraw.py took 0.065 seconds
[2026-07-11T17:41:19.371+0000] {processor.py:186} INFO - Started process (PID=358) to work on /opt/airflow/dags/avito_to_raw_midraw.py
[2026-07-11T17:41:19.372+0000] {processor.py:914} INFO - Processing file /opt/airflow/dags/avito_to_raw_midraw.py for tasks to queue
[2026-07-11T17:41:19.373+0000] {logging_mixin.py:190} INFO - [2026-07-11T17:41:19.373+0000] {dagbag.py:588} INFO - Filling up the DagBag from /opt/airflow/dags/avito_to_raw_midraw.py
[2026-07-11T17:41:19.387+0000] {processor.py:925} INFO - DAG(s) 'avito_to_raw_midraw' retrieved from /opt/airflow/dags/avito_to_raw_midraw.py
[2026-07-11T17:41:19.407+0000] {logging_mixin.py:190} INFO - [2026-07-11T17:41:19.407+0000] {dag.py:3239} INFO - Sync 1 DAGs
[2026-07-11T17:41:19.418+0000] {logging_mixin.py:190} INFO - [2026-07-11T17:41:19.418+0000] {dag.py:4180} INFO - Setting next_dagrun for avito_to_raw_midraw to 2026-07-11 17:00:00+00:00, run_after=2026-07-11 18:00:00+00:00
[2026-07-11T17:41:19.430+0000] {processor.py:208} INFO - Processing /opt/airflow/dags/avito_to_raw_midraw.py took 0.062 seconds
[2026-07-11T17:41:49.717+0000] {processor.py:186} INFO - Started process (PID=360) to work on /opt/airflow/dags/avito_to_raw_midraw.py
[2026-07-11T17:41:49.717+0000] {processor.py:914} INFO - Processing file /opt/airflow/dags/avito_to_raw_midraw.py for tasks to queue
[2026-07-11T17:41:49.719+0000] {logging_mixin.py:190} INFO - [2026-07-11T17:41:49.719+0000] {dagbag.py:588} INFO - Filling up the DagBag from /opt/airflow/dags/avito_to_raw_midraw.py
[2026-07-11T17:41:49.735+0000] {processor.py:925} INFO - DAG(s) 'avito_to_raw_midraw' retrieved from /opt/airflow/dags/avito_to_raw_midraw.py
[2026-07-11T17:41:49.753+0000] {logging_mixin.py:190} INFO - [2026-07-11T17:41:49.753+0000] {dag.py:3239} INFO - Sync 1 DAGs
[2026-07-11T17:41:49.763+0000] {logging_mixin.py:190} INFO - [2026-07-11T17:41:49.763+0000] {dag.py:4180} INFO - Setting next_dagrun for avito_to_raw_midraw to 2026-07-11 17:00:00+00:00, run_after=2026-07-11 18:00:00+00:00
[2026-07-11T17:41:49.772+0000] {processor.py:208} INFO - Processing /opt/airflow/dags/avito_to_raw_midraw.py took 0.059 seconds
[2026-07-11T17:42:20.049+0000] {processor.py:186} INFO - Started process (PID=362) to work on /opt/airflow/dags/avito_to_raw_midraw.py
[2026-07-11T17:42:20.049+0000] {processor.py:914} INFO - Processing file /opt/airflow/dags/avito_to_raw_midraw.py for tasks to queue
[2026-07-11T17:42:20.051+0000] {logging_mixin.py:190} INFO - [2026-07-11T17:42:20.051+0000] {dagbag.py:588} INFO - Filling up the DagBag from /opt/airflow/dags/avito_to_raw_midraw.py
[2026-07-11T17:42:20.066+0000] {processor.py:925} INFO - DAG(s) 'avito_to_raw_midraw' retrieved from /opt/airflow/dags/avito_to_raw_midraw.py
[2026-07-11T17:42:20.084+0000] {logging_mixin.py:190} INFO - [2026-07-11T17:42:20.084+0000] {dag.py:3239} INFO - Sync 1 DAGs
[2026-07-11T17:42:20.097+0000] {logging_mixin.py:190} INFO - [2026-07-11T17:42:20.097+0000] {dag.py:4180} INFO - Setting next_dagrun for avito_to_raw_midraw to 2026-07-11 17:00:00+00:00, run_after=2026-07-11 18:00:00+00:00
[2026-07-11T17:42:20.108+0000] {processor.py:208} INFO - Processing /opt/airflow/dags/avito_to_raw_midraw.py took 0.062 seconds
[2026-07-11T17:42:50.309+0000] {processor.py:186} INFO - Started process (PID=364) to work on /opt/airflow/dags/avito_to_raw_midraw.py
[2026-07-11T17:42:50.309+0000] {processor.py:914} INFO - Processing file /opt/airflow/dags/avito_to_raw_midraw.py for tasks to queue
[2026-07-11T17:42:50.311+0000] {logging_mixin.py:190} INFO - [2026-07-11T17:42:50.311+0000] {dagbag.py:588} INFO - Filling up the DagBag from /opt/airflow/dags/avito_to_raw_midraw.py
[2026-07-11T17:42:50.321+0000] {processor.py:925} INFO - DAG(s) 'avito_to_raw_midraw' retrieved from /opt/airflow/dags/avito_to_raw_midraw.py
[2026-07-11T17:42:50.340+0000] {logging_mixin.py:190} INFO - [2026-07-11T17:42:50.340+0000] {dag.py:3239} INFO - Sync 1 DAGs
[2026-07-11T17:42:50.352+0000] {logging_mixin.py:190} INFO - [2026-07-11T17:42:50.352+0000] {dag.py:4180} INFO - Setting next_dagrun for avito_to_raw_midraw to 2026-07-11 17:00:00+00:00, run_after=2026-07-11 18:00:00+00:00
[2026-07-11T17:42:50.365+0000] {processor.py:208} INFO - Processing /opt/airflow/dags/avito_to_raw_midraw.py took 0.059 seconds
[2026-07-11T17:43:20.656+0000] {processor.py:186} INFO - Started process (PID=366) to work on /opt/airflow/dags/avito_to_raw_midraw.py
[2026-07-11T17:43:20.657+0000] {processor.py:914} INFO - Processing file /opt/airflow/dags/avito_to_raw_midraw.py for tasks to queue
[2026-07-11T17:43:20.658+0000] {logging_mixin.py:190} INFO - [2026-07-11T17:43:20.658+0000] {dagbag.py:588} INFO - Filling up the DagBag from /opt/airflow/dags/avito_to_raw_midraw.py
[2026-07-11T17:43:20.671+0000] {processor.py:925} INFO - DAG(s) 'avito_to_raw_midraw' retrieved from /opt/airflow/dags/avito_to_raw_midraw.py
[2026-07-11T17:43:20.689+0000] {logging_mixin.py:190} INFO - [2026-07-11T17:43:20.689+0000] {dag.py:3239} INFO - Sync 1 DAGs
[2026-07-11T17:43:20.702+0000] {logging_mixin.py:190} INFO - [2026-07-11T17:43:20.702+0000] {dag.py:4180} INFO - Setting next_dagrun for avito_to_raw_midraw to 2026-07-11 17:00:00+00:00, run_after=2026-07-11 18:00:00+00:00
[2026-07-11T17:43:20.716+0000] {processor.py:208} INFO - Processing /opt/airflow/dags/avito_to_raw_midraw.py took 0.064 seconds
[2026-07-11T17:43:51.002+0000] {processor.py:186} INFO - Started process (PID=368) to work on /opt/airflow/dags/avito_to_raw_midraw.py
[2026-07-11T17:43:51.003+0000] {processor.py:914} INFO - Processing file /opt/airflow/dags/avito_to_raw_midraw.py for tasks to queue
[2026-07-11T17:43:51.006+0000] {logging_mixin.py:190} INFO - [2026-07-11T17:43:51.006+0000] {dagbag.py:588} INFO - Filling up the DagBag from /opt/airflow/dags/avito_to_raw_midraw.py
[2026-07-11T17:43:51.019+0000] {processor.py:925} INFO - DAG(s) 'avito_to_raw_midraw' retrieved from /opt/airflow/dags/avito_to_raw_midraw.py
[2026-07-11T17:43:51.037+0000] {logging_mixin.py:190} INFO - [2026-07-11T17:43:51.037+0000] {dag.py:3239} INFO - Sync 1 DAGs
[2026-07-11T17:43:51.046+0000] {logging_mixin.py:190} INFO - [2026-07-11T17:43:51.046+0000] {dag.py:4180} INFO - Setting next_dagrun for avito_to_raw_midraw to 2026-07-11 17:00:00+00:00, run_after=2026-07-11 18:00:00+00:00
[2026-07-11T17:43:51.054+0000] {processor.py:208} INFO - Processing /opt/airflow/dags/avito_to_raw_midraw.py took 0.056 seconds
[2026-07-11T17:44:21.334+0000] {processor.py:186} INFO - Started process (PID=370) to work on /opt/airflow/dags/avito_to_raw_midraw.py
[2026-07-11T17:44:21.335+0000] {processor.py:914} INFO - Processing file /opt/airflow/dags/avito_to_raw_midraw.py for tasks to queue
[2026-07-11T17:44:21.337+0000] {logging_mixin.py:190} INFO - [2026-07-11T17:44:21.336+0000] {dagbag.py:588} INFO - Filling up the DagBag from /opt/airflow/dags/avito_to_raw_midraw.py
[2026-07-11T17:44:21.351+0000] {processor.py:925} INFO - DAG(s) 'avito_to_raw_midraw' retrieved from /opt/airflow/dags/avito_to_raw_midraw.py
[2026-07-11T17:44:21.368+0000] {logging_mixin.py:190} INFO - [2026-07-11T17:44:21.368+0000] {dag.py:3239} INFO - Sync 1 DAGs
[2026-07-11T17:44:21.379+0000] {logging_mixin.py:190} INFO - [2026-07-11T17:44:21.378+0000] {dag.py:4180} INFO - Setting next_dagrun for avito_to_raw_midraw to 2026-07-11 17:00:00+00:00, run_after=2026-07-11 18:00:00+00:00
[2026-07-11T17:44:21.389+0000] {processor.py:208} INFO - Processing /opt/airflow/dags/avito_to_raw_midraw.py took 0.059 seconds
[2026-07-11T17:44:51.710+0000] {processor.py:186} INFO - Started process (PID=372) to work on /opt/airflow/dags/avito_to_raw_midraw.py
[2026-07-11T17:44:51.711+0000] {processor.py:914} INFO - Processing file /opt/airflow/dags/avito_to_raw_midraw.py for tasks to queue
[2026-07-11T17:44:51.714+0000] {logging_mixin.py:190} INFO - [2026-07-11T17:44:51.713+0000] {dagbag.py:588} INFO - Filling up the DagBag from /opt/airflow/dags/avito_to_raw_midraw.py
[2026-07-11T17:44:51.728+0000] {processor.py:925} INFO - DAG(s) 'avito_to_raw_midraw' retrieved from /opt/airflow/dags/avito_to_raw_midraw.py
[2026-07-11T17:44:51.748+0000] {logging_mixin.py:190} INFO - [2026-07-11T17:44:51.748+0000] {dag.py:3239} INFO - Sync 1 DAGs
[2026-07-11T17:44:51.758+0000] {logging_mixin.py:190} INFO - [2026-07-11T17:44:51.758+0000] {dag.py:4180} INFO - Setting next_dagrun for avito_to_raw_midraw to 2026-07-11 17:00:00+00:00, run_after=2026-07-11 18:00:00+00:00
[2026-07-11T17:44:51.767+0000] {processor.py:208} INFO - Processing /opt/airflow/dags/avito_to_raw_midraw.py took 0.062 seconds
[2026-07-11T17:45:22.009+0000] {processor.py:186} INFO - Started process (PID=374) to work on /opt/airflow/dags/avito_to_raw_midraw.py
[2026-07-11T17:45:22.010+0000] {processor.py:914} INFO - Processing file /opt/airflow/dags/avito_to_raw_midraw.py for tasks to queue
[2026-07-11T17:45:22.012+0000] {logging_mixin.py:190} INFO - [2026-07-11T17:45:22.012+0000] {dagbag.py:588} INFO - Filling up the DagBag from /opt/airflow/dags/avito_to_raw_midraw.py
[2026-07-11T17:45:22.027+0000] {processor.py:925} INFO - DAG(s) 'avito_to_raw_midraw' retrieved from /opt/airflow/dags/avito_to_raw_midraw.py
[2026-07-11T17:45:22.044+0000] {logging_mixin.py:190} INFO - [2026-07-11T17:45:22.044+0000] {dag.py:3239} INFO - Sync 1 DAGs
[2026-07-11T17:45:22.056+0000] {logging_mixin.py:190} INFO - [2026-07-11T17:45:22.056+0000] {dag.py:4180} INFO - Setting next_dagrun for avito_to_raw_midraw to 2026-07-11 17:00:00+00:00, run_after=2026-07-11 18:00:00+00:00
[2026-07-11T17:45:22.065+0000] {processor.py:208} INFO - Processing /opt/airflow/dags/avito_to_raw_midraw.py took 0.059 seconds
[2026-07-11T17:45:52.367+0000] {processor.py:186} INFO - Started process (PID=376) to work on /opt/airflow/dags/avito_to_raw_midraw.py
[2026-07-11T17:45:52.368+0000] {processor.py:914} INFO - Processing file /opt/airflow/dags/avito_to_raw_midraw.py for tasks to queue
[2026-07-11T17:45:52.370+0000] {logging_mixin.py:190} INFO - [2026-07-11T17:45:52.370+0000] {dagbag.py:588} INFO - Filling up the DagBag from /opt/airflow/dags/avito_to_raw_midraw.py
[2026-07-11T17:45:52.384+0000] {processor.py:925} INFO - DAG(s) 'avito_to_raw_midraw' retrieved from /opt/airflow/dags/avito_to_raw_midraw.py
[2026-07-11T17:45:52.399+0000] {logging_mixin.py:190} INFO - [2026-07-11T17:45:52.399+0000] {dag.py:3239} INFO - Sync 1 DAGs
[2026-07-11T17:45:52.410+0000] {logging_mixin.py:190} INFO - [2026-07-11T17:45:52.410+0000] {dag.py:4180} INFO - Setting next_dagrun for avito_to_raw_midraw to 2026-07-11 17:00:00+00:00, run_after=2026-07-11 18:00:00+00:00
[2026-07-11T17:45:52.420+0000] {processor.py:208} INFO - Processing /opt/airflow/dags/avito_to_raw_midraw.py took 0.057 seconds
[2026-07-11T17:46:22.619+0000] {processor.py:186} INFO - Started process (PID=378) to work on /opt/airflow/dags/avito_to_raw_midraw.py
[2026-07-11T17:46:22.621+0000] {processor.py:914} INFO - Processing file /opt/airflow/dags/avito_to_raw_midraw.py for tasks to queue
[2026-07-11T17:46:22.623+0000] {logging_mixin.py:190} INFO - [2026-07-11T17:46:22.623+0000] {dagbag.py:588} INFO - Filling up the DagBag from /opt/airflow/dags/avito_to_raw_midraw.py
[2026-07-11T17:46:22.640+0000] {processor.py:925} INFO - DAG(s) 'avito_to_raw_midraw' retrieved from /opt/airflow/dags/avito_to_raw_midraw.py
[2026-07-11T17:46:22.660+0000] {logging_mixin.py:190} INFO - [2026-07-11T17:46:22.659+0000] {dag.py:3239} INFO - Sync 1 DAGs
[2026-07-11T17:46:22.674+0000] {logging_mixin.py:190} INFO - [2026-07-11T17:46:22.674+0000] {dag.py:4180} INFO - Setting next_dagrun for avito_to_raw_midraw to 2026-07-11 17:00:00+00:00, run_after=2026-07-11 18:00:00+00:00
[2026-07-11T17:46:22.687+0000] {processor.py:208} INFO - Processing /opt/airflow/dags/avito_to_raw_midraw.py took 0.072 seconds
[2026-07-11T17:46:52.911+0000] {processor.py:186} INFO - Started process (PID=380) to work on /opt/airflow/dags/avito_to_raw_midraw.py
[2026-07-11T17:46:52.912+0000] {processor.py:914} INFO - Processing file /opt/airflow/dags/avito_to_raw_midraw.py for tasks to queue
[2026-07-11T17:46:52.914+0000] {logging_mixin.py:190} INFO - [2026-07-11T17:46:52.914+0000] {dagbag.py:588} INFO - Filling up the DagBag from /opt/airflow/dags/avito_to_raw_midraw.py
[2026-07-11T17:46:52.926+0000] {processor.py:925} INFO - DAG(s) 'avito_to_raw_midraw' retrieved from /opt/airflow/dags/avito_to_raw_midraw.py
[2026-07-11T17:46:52.944+0000] {logging_mixin.py:190} INFO - [2026-07-11T17:46:52.944+0000] {dag.py:3239} INFO - Sync 1 DAGs
[2026-07-11T17:46:52.956+0000] {logging_mixin.py:190} INFO - [2026-07-11T17:46:52.956+0000] {dag.py:4180} INFO - Setting next_dagrun for avito_to_raw_midraw to 2026-07-11 17:00:00+00:00, run_after=2026-07-11 18:00:00+00:00
[2026-07-11T17:46:52.964+0000] {processor.py:208} INFO - Processing /opt/airflow/dags/avito_to_raw_midraw.py took 0.056 seconds
[2026-07-11T17:47:23.259+0000] {processor.py:186} INFO - Started process (PID=382) to work on /opt/airflow/dags/avito_to_raw_midraw.py
[2026-07-11T17:47:23.259+0000] {processor.py:914} INFO - Processing file /opt/airflow/dags/avito_to_raw_midraw.py for tasks to queue
[2026-07-11T17:47:23.261+0000] {logging_mixin.py:190} INFO - [2026-07-11T17:47:23.261+0000] {dagbag.py:588} INFO - Filling up the DagBag from /opt/airflow/dags/avito_to_raw_midraw.py
[2026-07-11T17:47:23.273+0000] {processor.py:925} INFO - DAG(s) 'avito_to_raw_midraw' retrieved from /opt/airflow/dags/avito_to_raw_midraw.py
[2026-07-11T17:47:23.288+0000] {logging_mixin.py:190} INFO - [2026-07-11T17:47:23.288+0000] {dag.py:3239} INFO - Sync 1 DAGs
[2026-07-11T17:47:23.301+0000] {logging_mixin.py:190} INFO - [2026-07-11T17:47:23.300+0000] {dag.py:4180} INFO - Setting next_dagrun for avito_to_raw_midraw to 2026-07-11 17:00:00+00:00, run_after=2026-07-11 18:00:00+00:00
[2026-07-11T17:47:23.310+0000] {processor.py:208} INFO - Processing /opt/airflow/dags/avito_to_raw_midraw.py took 0.056 seconds
[2026-07-11T17:47:53.605+0000] {processor.py:186} INFO - Started process (PID=384) to work on /opt/airflow/dags/avito_to_raw_midraw.py
[2026-07-11T17:47:53.606+0000] {processor.py:914} INFO - Processing file /opt/airflow/dags/avito_to_raw_midraw.py for tasks to queue
[2026-07-11T17:47:53.608+0000] {logging_mixin.py:190} INFO - [2026-07-11T17:47:53.608+0000] {dagbag.py:588} INFO - Filling up the DagBag from /opt/airflow/dags/avito_to_raw_midraw.py
[2026-07-11T17:47:53.622+0000] {processor.py:925} INFO - DAG(s) 'avito_to_raw_midraw' retrieved from /opt/airflow/dags/avito_to_raw_midraw.py
[2026-07-11T17:47:53.640+0000] {logging_mixin.py:190} INFO - [2026-07-11T17:47:53.640+0000] {dag.py:3239} INFO - Sync 1 DAGs
[2026-07-11T17:47:53.654+0000] {logging_mixin.py:190} INFO - [2026-07-11T17:47:53.654+0000] {dag.py:4180} INFO - Setting next_dagrun for avito_to_raw_midraw to 2026-07-11 17:00:00+00:00, run_after=2026-07-11 18:00:00+00:00
[2026-07-11T17:47:53.665+0000] {processor.py:208} INFO - Processing /opt/airflow/dags/avito_to_raw_midraw.py took 0.066 seconds
[2026-07-11T17:48:23.954+0000] {processor.py:186} INFO - Started process (PID=386) to work on /opt/airflow/dags/avito_to_raw_midraw.py
[2026-07-11T17:48:23.955+0000] {processor.py:914} INFO - Processing file /opt/airflow/dags/avito_to_raw_midraw.py for tasks to queue
[2026-07-11T17:48:23.957+0000] {logging_mixin.py:190} INFO - [2026-07-11T17:48:23.957+0000] {dagbag.py:588} INFO - Filling up the DagBag from /opt/airflow/dags/avito_to_raw_midraw.py
[2026-07-11T17:48:23.971+0000] {processor.py:925} INFO - DAG(s) 'avito_to_raw_midraw' retrieved from /opt/airflow/dags/avito_to_raw_midraw.py
[2026-07-11T17:48:23.988+0000] {logging_mixin.py:190} INFO - [2026-07-11T17:48:23.988+0000] {dag.py:3239} INFO - Sync 1 DAGs
[2026-07-11T17:48:24.000+0000] {logging_mixin.py:190} INFO - [2026-07-11T17:48:24.000+0000] {dag.py:4180} INFO - Setting next_dagrun for avito_to_raw_midraw to 2026-07-11 17:00:00+00:00, run_after=2026-07-11 18:00:00+00:00
[2026-07-11T17:48:24.011+0000] {processor.py:208} INFO - Processing /opt/airflow/dags/avito_to_raw_midraw.py took 0.061 seconds
[2026-07-11T17:48:54.239+0000] {processor.py:186} INFO - Started process (PID=388) to work on /opt/airflow/dags/avito_to_raw_midraw.py
[2026-07-11T17:48:54.240+0000] {processor.py:914} INFO - Processing file /opt/airflow/dags/avito_to_raw_midraw.py for tasks to queue
[2026-07-11T17:48:54.241+0000] {logging_mixin.py:190} INFO - [2026-07-11T17:48:54.241+0000] {dagbag.py:588} INFO - Filling up the DagBag from /opt/airflow/dags/avito_to_raw_midraw.py
[2026-07-11T17:48:54.253+0000] {processor.py:925} INFO - DAG(s) 'avito_to_raw_midraw' retrieved from /opt/airflow/dags/avito_to_raw_midraw.py
[2026-07-11T17:48:54.271+0000] {logging_mixin.py:190} INFO - [2026-07-11T17:48:54.271+0000] {dag.py:3239} INFO - Sync 1 DAGs
[2026-07-11T17:48:54.281+0000] {logging_mixin.py:190} INFO - [2026-07-11T17:48:54.281+0000] {dag.py:4180} INFO - Setting next_dagrun for avito_to_raw_midraw to 2026-07-11 17:00:00+00:00, run_after=2026-07-11 18:00:00+00:00
[2026-07-11T17:48:54.291+0000] {processor.py:208} INFO - Processing /opt/airflow/dags/avito_to_raw_midraw.py took 0.055 seconds
[2026-07-11T17:49:24.566+0000] {processor.py:186} INFO - Started process (PID=390) to work on /opt/airflow/dags/avito_to_raw_midraw.py
[2026-07-11T17:49:24.566+0000] {processor.py:914} INFO - Processing file /opt/airflow/dags/avito_to_raw_midraw.py for tasks to queue
[2026-07-11T17:49:24.568+0000] {logging_mixin.py:190} INFO - [2026-07-11T17:49:24.567+0000] {dagbag.py:588} INFO - Filling up the DagBag from /opt/airflow/dags/avito_to_raw_midraw.py
[2026-07-11T17:49:24.584+0000] {processor.py:925} INFO - DAG(s) 'avito_to_raw_midraw' retrieved from /opt/airflow/dags/avito_to_raw_midraw.py
[2026-07-11T17:49:24.600+0000] {logging_mixin.py:190} INFO - [2026-07-11T17:49:24.600+0000] {dag.py:3239} INFO - Sync 1 DAGs
[2026-07-11T17:49:24.615+0000] {logging_mixin.py:190} INFO - [2026-07-11T17:49:24.615+0000] {dag.py:4180} INFO - Setting next_dagrun for avito_to_raw_midraw to 2026-07-11 17:00:00+00:00, run_after=2026-07-11 18:00:00+00:00
[2026-07-11T17:49:24.627+0000] {processor.py:208} INFO - Processing /opt/airflow/dags/avito_to_raw_midraw.py took 0.065 seconds
[2026-07-11T17:49:54.870+0000] {processor.py:186} INFO - Started process (PID=392) to work on /opt/airflow/dags/avito_to_raw_midraw.py
[2026-07-11T17:49:54.871+0000] {processor.py:914} INFO - Processing file /opt/airflow/dags/avito_to_raw_midraw.py for tasks to queue
[2026-07-11T17:49:54.872+0000] {logging_mixin.py:190} INFO - [2026-07-11T17:49:54.872+0000] {dagbag.py:588} INFO - Filling up the DagBag from /opt/airflow/dags/avito_to_raw_midraw.py
[2026-07-11T17:49:54.885+0000] {processor.py:925} INFO - DAG(s) 'avito_to_raw_midraw' retrieved from /opt/airflow/dags/avito_to_raw_midraw.py
[2026-07-11T17:49:54.901+0000] {logging_mixin.py:190} INFO - [2026-07-11T17:49:54.901+0000] {dag.py:3239} INFO - Sync 1 DAGs
[2026-07-11T17:49:54.913+0000] {logging_mixin.py:190} INFO - [2026-07-11T17:49:54.913+0000] {dag.py:4180} INFO - Setting next_dagrun for avito_to_raw_midraw to 2026-07-11 17:00:00+00:00, run_after=2026-07-11 18:00:00+00:00
[2026-07-11T17:49:54.924+0000] {processor.py:208} INFO - Processing /opt/airflow/dags/avito_to_raw_midraw.py took 0.058 seconds
[2026-07-11T17:50:25.202+0000] {processor.py:186} INFO - Started process (PID=394) to work on /opt/airflow/dags/avito_to_raw_midraw.py
[2026-07-11T17:50:25.203+0000] {processor.py:914} INFO - Processing file /opt/airflow/dags/avito_to_raw_midraw.py for tasks to queue
[2026-07-11T17:50:25.206+0000] {logging_mixin.py:190} INFO - [2026-07-11T17:50:25.206+0000] {dagbag.py:588} INFO - Filling up the DagBag from /opt/airflow/dags/avito_to_raw_midraw.py
[2026-07-11T17:50:25.226+0000] {processor.py:925} INFO - DAG(s) 'avito_to_raw_midraw' retrieved from /opt/airflow/dags/avito_to_raw_midraw.py
[2026-07-11T17:50:25.246+0000] {logging_mixin.py:190} INFO - [2026-07-11T17:50:25.246+0000] {dag.py:3239} INFO - Sync 1 DAGs
[2026-07-11T17:50:25.258+0000] {logging_mixin.py:190} INFO - [2026-07-11T17:50:25.258+0000] {dag.py:4180} INFO - Setting next_dagrun for avito_to_raw_midraw to 2026-07-11 17:00:00+00:00, run_after=2026-07-11 18:00:00+00:00
[2026-07-11T17:50:25.269+0000] {processor.py:208} INFO - Processing /opt/airflow/dags/avito_to_raw_midraw.py took 0.073 seconds
[2026-07-11T17:50:55.520+0000] {processor.py:186} INFO - Started process (PID=396) to work on /opt/airflow/dags/avito_to_raw_midraw.py
[2026-07-11T17:50:55.521+0000] {processor.py:914} INFO - Processing file /opt/airflow/dags/avito_to_raw_midraw.py for tasks to queue
[2026-07-11T17:50:55.522+0000] {logging_mixin.py:190} INFO - [2026-07-11T17:50:55.522+0000] {dagbag.py:588} INFO - Filling up the DagBag from /opt/airflow/dags/avito_to_raw_midraw.py
[2026-07-11T17:50:55.537+0000] {processor.py:925} INFO - DAG(s) 'avito_to_raw_midraw' retrieved from /opt/airflow/dags/avito_to_raw_midraw.py
[2026-07-11T17:50:55.553+0000] {logging_mixin.py:190} INFO - [2026-07-11T17:50:55.553+0000] {dag.py:3239} INFO - Sync 1 DAGs
[2026-07-11T17:50:55.565+0000] {logging_mixin.py:190} INFO - [2026-07-11T17:50:55.565+0000] {dag.py:4180} INFO - Setting next_dagrun for avito_to_raw_midraw to 2026-07-11 17:00:00+00:00, run_after=2026-07-11 18:00:00+00:00
[2026-07-11T17:50:55.574+0000] {processor.py:208} INFO - Processing /opt/airflow/dags/avito_to_raw_midraw.py took 0.058 seconds
[2026-07-11T17:51:25.878+0000] {processor.py:186} INFO - Started process (PID=398) to work on /opt/airflow/dags/avito_to_raw_midraw.py
[2026-07-11T17:51:25.880+0000] {processor.py:914} INFO - Processing file /opt/airflow/dags/avito_to_raw_midraw.py for tasks to queue
[2026-07-11T17:51:25.882+0000] {logging_mixin.py:190} INFO - [2026-07-11T17:51:25.881+0000] {dagbag.py:588} INFO - Filling up the DagBag from /opt/airflow/dags/avito_to_raw_midraw.py
[2026-07-11T17:51:25.893+0000] {processor.py:925} INFO - DAG(s) 'avito_to_raw_midraw' retrieved from /opt/airflow/dags/avito_to_raw_midraw.py
[2026-07-11T17:51:25.911+0000] {logging_mixin.py:190} INFO - [2026-07-11T17:51:25.911+0000] {dag.py:3239} INFO - Sync 1 DAGs
[2026-07-11T17:51:25.922+0000] {logging_mixin.py:190} INFO - [2026-07-11T17:51:25.922+0000] {dag.py:4180} INFO - Setting next_dagrun for avito_to_raw_midraw to 2026-07-11 17:00:00+00:00, run_after=2026-07-11 18:00:00+00:00
[2026-07-11T17:51:25.936+0000] {processor.py:208} INFO - Processing /opt/airflow/dags/avito_to_raw_midraw.py took 0.062 seconds
[2026-07-11T17:51:56.161+0000] {processor.py:186} INFO - Started process (PID=400) to work on /opt/airflow/dags/avito_to_raw_midraw.py
[2026-07-11T17:51:56.162+0000] {processor.py:914} INFO - Processing file /opt/airflow/dags/avito_to_raw_midraw.py for tasks to queue
[2026-07-11T17:51:56.164+0000] {logging_mixin.py:190} INFO - [2026-07-11T17:51:56.163+0000] {dagbag.py:588} INFO - Filling up the DagBag from /opt/airflow/dags/avito_to_raw_midraw.py
[2026-07-11T17:51:56.178+0000] {processor.py:925} INFO - DAG(s) 'avito_to_raw_midraw' retrieved from /opt/airflow/dags/avito_to_raw_midraw.py
[2026-07-11T17:51:56.194+0000] {logging_mixin.py:190} INFO - [2026-07-11T17:51:56.194+0000] {dag.py:3239} INFO - Sync 1 DAGs
[2026-07-11T17:51:56.206+0000] {logging_mixin.py:190} INFO - [2026-07-11T17:51:56.205+0000] {dag.py:4180} INFO - Setting next_dagrun for avito_to_raw_midraw to 2026-07-11 17:00:00+00:00, run_after=2026-07-11 18:00:00+00:00
[2026-07-11T17:51:56.219+0000] {processor.py:208} INFO - Processing /opt/airflow/dags/avito_to_raw_midraw.py took 0.061 seconds
[2026-07-11T17:52:26.487+0000] {processor.py:186} INFO - Started process (PID=402) to work on /opt/airflow/dags/avito_to_raw_midraw.py
[2026-07-11T17:52:26.488+0000] {processor.py:914} INFO - Processing file /opt/airflow/dags/avito_to_raw_midraw.py for tasks to queue
[2026-07-11T17:52:26.490+0000] {logging_mixin.py:190} INFO - [2026-07-11T17:52:26.490+0000] {dagbag.py:588} INFO - Filling up the DagBag from /opt/airflow/dags/avito_to_raw_midraw.py
[2026-07-11T17:52:26.509+0000] {processor.py:925} INFO - DAG(s) 'avito_to_raw_midraw' retrieved from /opt/airflow/dags/avito_to_raw_midraw.py
[2026-07-11T17:52:26.532+0000] {logging_mixin.py:190} INFO - [2026-07-11T17:52:26.532+0000] {dag.py:3239} INFO - Sync 1 DAGs
[2026-07-11T17:52:26.546+0000] {logging_mixin.py:190} INFO - [2026-07-11T17:52:26.546+0000] {dag.py:4180} INFO - Setting next_dagrun for avito_to_raw_midraw to 2026-07-11 17:00:00+00:00, run_after=2026-07-11 18:00:00+00:00
[2026-07-11T17:52:26.556+0000] {processor.py:208} INFO - Processing /opt/airflow/dags/avito_to_raw_midraw.py took 0.073 seconds
[2026-07-11T17:52:56.747+0000] {processor.py:186} INFO - Started process (PID=404) to work on /opt/airflow/dags/avito_to_raw_midraw.py
[2026-07-11T17:52:56.748+0000] {processor.py:914} INFO - Processing file /opt/airflow/dags/avito_to_raw_midraw.py for tasks to queue
[2026-07-11T17:52:56.750+0000] {logging_mixin.py:190} INFO - [2026-07-11T17:52:56.749+0000] {dagbag.py:588} INFO - Filling up the DagBag from /opt/airflow/dags/avito_to_raw_midraw.py
[2026-07-11T17:52:56.763+0000] {processor.py:925} INFO - DAG(s) 'avito_to_raw_midraw' retrieved from /opt/airflow/dags/avito_to_raw_midraw.py
[2026-07-11T17:52:56.781+0000] {logging_mixin.py:190} INFO - [2026-07-11T17:52:56.781+0000] {dag.py:3239} INFO - Sync 1 DAGs
[2026-07-11T17:52:56.794+0000] {logging_mixin.py:190} INFO - [2026-07-11T17:52:56.794+0000] {dag.py:4180} INFO - Setting next_dagrun for avito_to_raw_midraw to 2026-07-11 17:00:00+00:00, run_after=2026-07-11 18:00:00+00:00
[2026-07-11T17:52:56.808+0000] {processor.py:208} INFO - Processing /opt/airflow/dags/avito_to_raw_midraw.py took 0.065 seconds
[2026-07-11T17:53:27.082+0000] {processor.py:186} INFO - Started process (PID=406) to work on /opt/airflow/dags/avito_to_raw_midraw.py
[2026-07-11T17:53:27.083+0000] {processor.py:914} INFO - Processing file /opt/airflow/dags/avito_to_raw_midraw.py for tasks to queue
[2026-07-11T17:53:27.084+0000] {logging_mixin.py:190} INFO - [2026-07-11T17:53:27.084+0000] {dagbag.py:588} INFO - Filling up the DagBag from /opt/airflow/dags/avito_to_raw_midraw.py
[2026-07-11T17:53:27.099+0000] {processor.py:925} INFO - DAG(s) 'avito_to_raw_midraw' retrieved from /opt/airflow/dags/avito_to_raw_midraw.py
[2026-07-11T17:53:27.115+0000] {logging_mixin.py:190} INFO - [2026-07-11T17:53:27.115+0000] {dag.py:3239} INFO - Sync 1 DAGs
[2026-07-11T17:53:27.127+0000] {logging_mixin.py:190} INFO - [2026-07-11T17:53:27.127+0000] {dag.py:4180} INFO - Setting next_dagrun for avito_to_raw_midraw to 2026-07-11 17:00:00+00:00, run_after=2026-07-11 18:00:00+00:00
[2026-07-11T17:53:27.139+0000] {processor.py:208} INFO - Processing /opt/airflow/dags/avito_to_raw_midraw.py took 0.060 seconds
[2026-07-11T17:53:57.346+0000] {processor.py:186} INFO - Started process (PID=408) to work on /opt/airflow/dags/avito_to_raw_midraw.py
[2026-07-11T17:53:57.347+0000] {processor.py:914} INFO - Processing file /opt/airflow/dags/avito_to_raw_midraw.py for tasks to queue
[2026-07-11T17:53:57.349+0000] {logging_mixin.py:190} INFO - [2026-07-11T17:53:57.349+0000] {dagbag.py:588} INFO - Filling up the DagBag from /opt/airflow/dags/avito_to_raw_midraw.py
[2026-07-11T17:53:57.363+0000] {processor.py:925} INFO - DAG(s) 'avito_to_raw_midraw' retrieved from /opt/airflow/dags/avito_to_raw_midraw.py
[2026-07-11T17:53:57.379+0000] {logging_mixin.py:190} INFO - [2026-07-11T17:53:57.379+0000] {dag.py:3239} INFO - Sync 1 DAGs
[2026-07-11T17:53:57.392+0000] {logging_mixin.py:190} INFO - [2026-07-11T17:53:57.392+0000] {dag.py:4180} INFO - Setting next_dagrun for avito_to_raw_midraw to 2026-07-11 17:00:00+00:00, run_after=2026-07-11 18:00:00+00:00
[2026-07-11T17:53:57.401+0000] {processor.py:208} INFO - Processing /opt/airflow/dags/avito_to_raw_midraw.py took 0.059 seconds
[2026-07-11T17:54:27.656+0000] {processor.py:186} INFO - Started process (PID=410) to work on /opt/airflow/dags/avito_to_raw_midraw.py
[2026-07-11T17:54:27.657+0000] {processor.py:914} INFO - Processing file /opt/airflow/dags/avito_to_raw_midraw.py for tasks to queue
[2026-07-11T17:54:27.660+0000] {logging_mixin.py:190} INFO - [2026-07-11T17:54:27.660+0000] {dagbag.py:588} INFO - Filling up the DagBag from /opt/airflow/dags/avito_to_raw_midraw.py
[2026-07-11T17:54:27.673+0000] {processor.py:925} INFO - DAG(s) 'avito_to_raw_midraw' retrieved from /opt/airflow/dags/avito_to_raw_midraw.py
[2026-07-11T17:54:27.693+0000] {logging_mixin.py:190} INFO - [2026-07-11T17:54:27.692+0000] {dag.py:3239} INFO - Sync 1 DAGs
[2026-07-11T17:54:27.708+0000] {logging_mixin.py:190} INFO - [2026-07-11T17:54:27.708+0000] {dag.py:4180} INFO - Setting next_dagrun for avito_to_raw_midraw to 2026-07-11 17:00:00+00:00, run_after=2026-07-11 18:00:00+00:00
[2026-07-11T17:54:27.717+0000] {processor.py:208} INFO - Processing /opt/airflow/dags/avito_to_raw_midraw.py took 0.066 seconds
[2026-07-11T17:54:57.914+0000] {processor.py:186} INFO - Started process (PID=412) to work on /opt/airflow/dags/avito_to_raw_midraw.py
[2026-07-11T17:54:57.915+0000] {processor.py:914} INFO - Processing file /opt/airflow/dags/avito_to_raw_midraw.py for tasks to queue
[2026-07-11T17:54:57.919+0000] {logging_mixin.py:190} INFO - [2026-07-11T17:54:57.918+0000] {dagbag.py:588} INFO - Filling up the DagBag from /opt/airflow/dags/avito_to_raw_midraw.py
[2026-07-11T17:54:57.935+0000] {processor.py:925} INFO - DAG(s) 'avito_to_raw_midraw' retrieved from /opt/airflow/dags/avito_to_raw_midraw.py
[2026-07-11T17:54:57.953+0000] {logging_mixin.py:190} INFO - [2026-07-11T17:54:57.953+0000] {dag.py:3239} INFO - Sync 1 DAGs
[2026-07-11T17:54:57.964+0000] {logging_mixin.py:190} INFO - [2026-07-11T17:54:57.964+0000] {dag.py:4180} INFO - Setting next_dagrun for avito_to_raw_midraw to 2026-07-11 17:00:00+00:00, run_after=2026-07-11 18:00:00+00:00
[2026-07-11T17:54:57.974+0000] {processor.py:208} INFO - Processing /opt/airflow/dags/avito_to_raw_midraw.py took 0.064 seconds
[2026-07-11T17:55:28.258+0000] {processor.py:186} INFO - Started process (PID=414) to work on /opt/airflow/dags/avito_to_raw_midraw.py
[2026-07-11T17:55:28.259+0000] {processor.py:914} INFO - Processing file /opt/airflow/dags/avito_to_raw_midraw.py for tasks to queue
[2026-07-11T17:55:28.261+0000] {logging_mixin.py:190} INFO - [2026-07-11T17:55:28.260+0000] {dagbag.py:588} INFO - Filling up the DagBag from /opt/airflow/dags/avito_to_raw_midraw.py
[2026-07-11T17:55:28.278+0000] {processor.py:925} INFO - DAG(s) 'avito_to_raw_midraw' retrieved from /opt/airflow/dags/avito_to_raw_midraw.py
[2026-07-11T17:55:28.297+0000] {logging_mixin.py:190} INFO - [2026-07-11T17:55:28.297+0000] {dag.py:3239} INFO - Sync 1 DAGs
[2026-07-11T17:55:28.309+0000] {logging_mixin.py:190} INFO - [2026-07-11T17:55:28.309+0000] {dag.py:4180} INFO - Setting next_dagrun for avito_to_raw_midraw to 2026-07-11 17:00:00+00:00, run_after=2026-07-11 18:00:00+00:00
[2026-07-11T17:55:28.320+0000] {processor.py:208} INFO - Processing /opt/airflow/dags/avito_to_raw_midraw.py took 0.066 seconds
[2026-07-11T17:55:58.532+0000] {processor.py:186} INFO - Started process (PID=416) to work on /opt/airflow/dags/avito_to_raw_midraw.py
[2026-07-11T17:55:58.533+0000] {processor.py:914} INFO - Processing file /opt/airflow/dags/avito_to_raw_midraw.py for tasks to queue
[2026-07-11T17:55:58.534+0000] {logging_mixin.py:190} INFO - [2026-07-11T17:55:58.534+0000] {dagbag.py:588} INFO - Filling up the DagBag from /opt/airflow/dags/avito_to_raw_midraw.py
[2026-07-11T17:55:58.544+0000] {processor.py:925} INFO - DAG(s) 'avito_to_raw_midraw' retrieved from /opt/airflow/dags/avito_to_raw_midraw.py
[2026-07-11T17:55:58.560+0000] {logging_mixin.py:190} INFO - [2026-07-11T17:55:58.560+0000] {dag.py:3239} INFO - Sync 1 DAGs
[2026-07-11T17:55:58.572+0000] {logging_mixin.py:190} INFO - [2026-07-11T17:55:58.572+0000] {dag.py:4180} INFO - Setting next_dagrun for avito_to_raw_midraw to 2026-07-11 17:00:00+00:00, run_after=2026-07-11 18:00:00+00:00
[2026-07-11T17:55:58.581+0000] {processor.py:208} INFO - Processing /opt/airflow/dags/avito_to_raw_midraw.py took 0.052 seconds
[2026-07-11T17:56:28.847+0000] {processor.py:186} INFO - Started process (PID=418) to work on /opt/airflow/dags/avito_to_raw_midraw.py
[2026-07-11T17:56:28.847+0000] {processor.py:914} INFO - Processing file /opt/airflow/dags/avito_to_raw_midraw.py for tasks to queue
[2026-07-11T17:56:28.849+0000] {logging_mixin.py:190} INFO - [2026-07-11T17:56:28.849+0000] {dagbag.py:588} INFO - Filling up the DagBag from /opt/airflow/dags/avito_to_raw_midraw.py
[2026-07-11T17:56:28.862+0000] {processor.py:925} INFO - DAG(s) 'avito_to_raw_midraw' retrieved from /opt/airflow/dags/avito_to_raw_midraw.py
[2026-07-11T17:56:28.881+0000] {logging_mixin.py:190} INFO - [2026-07-11T17:56:28.881+0000] {dag.py:3239} INFO - Sync 1 DAGs
[2026-07-11T17:56:28.895+0000] {logging_mixin.py:190} INFO - [2026-07-11T17:56:28.895+0000] {dag.py:4180} INFO - Setting next_dagrun for avito_to_raw_midraw to 2026-07-11 17:00:00+00:00, run_after=2026-07-11 18:00:00+00:00
[2026-07-11T17:56:28.904+0000] {processor.py:208} INFO - Processing /opt/airflow/dags/avito_to_raw_midraw.py took 0.061 seconds
[2026-07-11T17:56:59.119+0000] {processor.py:186} INFO - Started process (PID=420) to work on /opt/airflow/dags/avito_to_raw_midraw.py
[2026-07-11T17:56:59.120+0000] {processor.py:914} INFO - Processing file /opt/airflow/dags/avito_to_raw_midraw.py for tasks to queue
[2026-07-11T17:56:59.122+0000] {logging_mixin.py:190} INFO - [2026-07-11T17:56:59.121+0000] {dagbag.py:588} INFO - Filling up the DagBag from /opt/airflow/dags/avito_to_raw_midraw.py
[2026-07-11T17:56:59.137+0000] {processor.py:925} INFO - DAG(s) 'avito_to_raw_midraw' retrieved from /opt/airflow/dags/avito_to_raw_midraw.py
[2026-07-11T17:56:59.155+0000] {logging_mixin.py:190} INFO - [2026-07-11T17:56:59.154+0000] {dag.py:3239} INFO - Sync 1 DAGs
[2026-07-11T17:56:59.166+0000] {logging_mixin.py:190} INFO - [2026-07-11T17:56:59.166+0000] {dag.py:4180} INFO - Setting next_dagrun for avito_to_raw_midraw to 2026-07-11 17:00:00+00:00, run_after=2026-07-11 18:00:00+00:00
[2026-07-11T17:56:59.175+0000] {processor.py:208} INFO - Processing /opt/airflow/dags/avito_to_raw_midraw.py took 0.060 seconds
[2026-07-11T17:57:29.462+0000] {processor.py:186} INFO - Started process (PID=422) to work on /opt/airflow/dags/avito_to_raw_midraw.py
[2026-07-11T17:57:29.463+0000] {processor.py:914} INFO - Processing file /opt/airflow/dags/avito_to_raw_midraw.py for tasks to queue
[2026-07-11T17:57:29.465+0000] {logging_mixin.py:190} INFO - [2026-07-11T17:57:29.465+0000] {dagbag.py:588} INFO - Filling up the DagBag from /opt/airflow/dags/avito_to_raw_midraw.py
[2026-07-11T17:57:29.478+0000] {processor.py:925} INFO - DAG(s) 'avito_to_raw_midraw' retrieved from /opt/airflow/dags/avito_to_raw_midraw.py
[2026-07-11T17:57:29.497+0000] {logging_mixin.py:190} INFO - [2026-07-11T17:57:29.497+0000] {dag.py:3239} INFO - Sync 1 DAGs
[2026-07-11T17:57:29.509+0000] {logging_mixin.py:190} INFO - [2026-07-11T17:57:29.508+0000] {dag.py:4180} INFO - Setting next_dagrun for avito_to_raw_midraw to 2026-07-11 17:00:00+00:00, run_after=2026-07-11 18:00:00+00:00
[2026-07-11T17:57:29.519+0000] {processor.py:208} INFO - Processing /opt/airflow/dags/avito_to_raw_midraw.py took 0.060 seconds
[2026-07-11T17:57:59.801+0000] {processor.py:186} INFO - Started process (PID=424) to work on /opt/airflow/dags/avito_to_raw_midraw.py
[2026-07-11T17:57:59.802+0000] {processor.py:914} INFO - Processing file /opt/airflow/dags/avito_to_raw_midraw.py for tasks to queue
[2026-07-11T17:57:59.803+0000] {logging_mixin.py:190} INFO - [2026-07-11T17:57:59.803+0000] {dagbag.py:588} INFO - Filling up the DagBag from /opt/airflow/dags/avito_to_raw_midraw.py
[2026-07-11T17:57:59.814+0000] {processor.py:925} INFO - DAG(s) 'avito_to_raw_midraw' retrieved from /opt/airflow/dags/avito_to_raw_midraw.py
[2026-07-11T17:57:59.830+0000] {logging_mixin.py:190} INFO - [2026-07-11T17:57:59.830+0000] {dag.py:3239} INFO - Sync 1 DAGs
[2026-07-11T17:57:59.841+0000] {logging_mixin.py:190} INFO - [2026-07-11T17:57:59.841+0000] {dag.py:4180} INFO - Setting next_dagrun for avito_to_raw_midraw to 2026-07-11 17:00:00+00:00, run_after=2026-07-11 18:00:00+00:00
[2026-07-11T17:57:59.848+0000] {processor.py:208} INFO - Processing /opt/airflow/dags/avito_to_raw_midraw.py took 0.051 seconds
[2026-07-11T17:58:30.134+0000] {processor.py:186} INFO - Started process (PID=426) to work on /opt/airflow/dags/avito_to_raw_midraw.py
[2026-07-11T17:58:30.135+0000] {processor.py:914} INFO - Processing file /opt/airflow/dags/avito_to_raw_midraw.py for tasks to queue
[2026-07-11T17:58:30.137+0000] {logging_mixin.py:190} INFO - [2026-07-11T17:58:30.137+0000] {dagbag.py:588} INFO - Filling up the DagBag from /opt/airflow/dags/avito_to_raw_midraw.py
[2026-07-11T17:58:30.153+0000] {processor.py:925} INFO - DAG(s) 'avito_to_raw_midraw' retrieved from /opt/airflow/dags/avito_to_raw_midraw.py
[2026-07-11T17:58:30.171+0000] {logging_mixin.py:190} INFO - [2026-07-11T17:58:30.171+0000] {dag.py:3239} INFO - Sync 1 DAGs
[2026-07-11T17:58:30.183+0000] {logging_mixin.py:190} INFO - [2026-07-11T17:58:30.182+0000] {dag.py:4180} INFO - Setting next_dagrun for avito_to_raw_midraw to 2026-07-11 17:00:00+00:00, run_after=2026-07-11 18:00:00+00:00
[2026-07-11T17:58:30.195+0000] {processor.py:208} INFO - Processing /opt/airflow/dags/avito_to_raw_midraw.py took 0.065 seconds
[2026-07-11T17:59:00.407+0000] {processor.py:186} INFO - Started process (PID=428) to work on /opt/airflow/dags/avito_to_raw_midraw.py
[2026-07-11T17:59:00.408+0000] {processor.py:914} INFO - Processing file /opt/airflow/dags/avito_to_raw_midraw.py for tasks to queue
[2026-07-11T17:59:00.409+0000] {logging_mixin.py:190} INFO - [2026-07-11T17:59:00.409+0000] {dagbag.py:588} INFO - Filling up the DagBag from /opt/airflow/dags/avito_to_raw_midraw.py
[2026-07-11T17:59:00.421+0000] {processor.py:925} INFO - DAG(s) 'avito_to_raw_midraw' retrieved from /opt/airflow/dags/avito_to_raw_midraw.py
[2026-07-11T17:59:00.440+0000] {logging_mixin.py:190} INFO - [2026-07-11T17:59:00.440+0000] {dag.py:3239} INFO - Sync 1 DAGs
[2026-07-11T17:59:00.452+0000] {logging_mixin.py:190} INFO - [2026-07-11T17:59:00.452+0000] {dag.py:4180} INFO - Setting next_dagrun for avito_to_raw_midraw to 2026-07-11 17:00:00+00:00, run_after=2026-07-11 18:00:00+00:00
[2026-07-11T17:59:00.461+0000] {processor.py:208} INFO - Processing /opt/airflow/dags/avito_to_raw_midraw.py took 0.057 seconds
[2026-07-11T17:59:30.748+0000] {processor.py:186} INFO - Started process (PID=430) to work on /opt/airflow/dags/avito_to_raw_midraw.py
[2026-07-11T17:59:30.749+0000] {processor.py:914} INFO - Processing file /opt/airflow/dags/avito_to_raw_midraw.py for tasks to queue
[2026-07-11T17:59:30.752+0000] {logging_mixin.py:190} INFO - [2026-07-11T17:59:30.751+0000] {dagbag.py:588} INFO - Filling up the DagBag from /opt/airflow/dags/avito_to_raw_midraw.py
[2026-07-11T17:59:30.765+0000] {processor.py:925} INFO - DAG(s) 'avito_to_raw_midraw' retrieved from /opt/airflow/dags/avito_to_raw_midraw.py
[2026-07-11T17:59:30.779+0000] {logging_mixin.py:190} INFO - [2026-07-11T17:59:30.779+0000] {dag.py:3239} INFO - Sync 1 DAGs
[2026-07-11T17:59:30.790+0000] {logging_mixin.py:190} INFO - [2026-07-11T17:59:30.790+0000] {dag.py:4180} INFO - Setting next_dagrun for avito_to_raw_midraw to 2026-07-11 17:00:00+00:00, run_after=2026-07-11 18:00:00+00:00
[2026-07-11T17:59:30.800+0000] {processor.py:208} INFO - Processing /opt/airflow/dags/avito_to_raw_midraw.py took 0.055 seconds
[2026-07-11T18:00:01.018+0000] {processor.py:186} INFO - Started process (PID=436) to work on /opt/airflow/dags/avito_to_raw_midraw.py
[2026-07-11T18:00:01.019+0000] {processor.py:914} INFO - Processing file /opt/airflow/dags/avito_to_raw_midraw.py for tasks to queue
[2026-07-11T18:00:01.020+0000] {logging_mixin.py:190} INFO - [2026-07-11T18:00:01.020+0000] {dagbag.py:588} INFO - Filling up the DagBag from /opt/airflow/dags/avito_to_raw_midraw.py
[2026-07-11T18:00:01.034+0000] {processor.py:925} INFO - DAG(s) 'avito_to_raw_midraw' retrieved from /opt/airflow/dags/avito_to_raw_midraw.py
[2026-07-11T18:00:01.052+0000] {logging_mixin.py:190} INFO - [2026-07-11T18:00:01.052+0000] {dag.py:3239} INFO - Sync 1 DAGs
[2026-07-11T18:00:01.074+0000] {processor.py:208} INFO - Processing /opt/airflow/dags/avito_to_raw_midraw.py took 0.063 seconds
[2026-07-11T18:00:31.328+0000] {processor.py:186} INFO - Started process (PID=438) to work on /opt/airflow/dags/avito_to_raw_midraw.py
[2026-07-11T18:00:31.328+0000] {processor.py:914} INFO - Processing file /opt/airflow/dags/avito_to_raw_midraw.py for tasks to queue
[2026-07-11T18:00:31.331+0000] {logging_mixin.py:190} INFO - [2026-07-11T18:00:31.330+0000] {dagbag.py:588} INFO - Filling up the DagBag from /opt/airflow/dags/avito_to_raw_midraw.py
[2026-07-11T18:00:31.347+0000] {processor.py:925} INFO - DAG(s) 'avito_to_raw_midraw' retrieved from /opt/airflow/dags/avito_to_raw_midraw.py
[2026-07-11T18:00:31.364+0000] {logging_mixin.py:190} INFO - [2026-07-11T18:00:31.364+0000] {dag.py:3239} INFO - Sync 1 DAGs
[2026-07-11T18:00:31.386+0000] {processor.py:208} INFO - Processing /opt/airflow/dags/avito_to_raw_midraw.py took 0.063 seconds
[2026-07-11T18:01:01.632+0000] {processor.py:186} INFO - Started process (PID=440) to work on /opt/airflow/dags/avito_to_raw_midraw.py
[2026-07-11T18:01:01.632+0000] {processor.py:914} INFO - Processing file /opt/airflow/dags/avito_to_raw_midraw.py for tasks to queue
[2026-07-11T18:01:01.635+0000] {logging_mixin.py:190} INFO - [2026-07-11T18:01:01.635+0000] {dagbag.py:588} INFO - Filling up the DagBag from /opt/airflow/dags/avito_to_raw_midraw.py
[2026-07-11T18:01:01.647+0000] {processor.py:925} INFO - DAG(s) 'avito_to_raw_midraw' retrieved from /opt/airflow/dags/avito_to_raw_midraw.py
[2026-07-11T18:01:01.668+0000] {logging_mixin.py:190} INFO - [2026-07-11T18:01:01.668+0000] {dag.py:3239} INFO - Sync 1 DAGs
[2026-07-11T18:01:01.688+0000] {processor.py:208} INFO - Processing /opt/airflow/dags/avito_to_raw_midraw.py took 0.061 seconds
[2026-07-11T18:01:32.023+0000] {processor.py:186} INFO - Started process (PID=442) to work on /opt/airflow/dags/avito_to_raw_midraw.py
[2026-07-11T18:01:32.024+0000] {processor.py:914} INFO - Processing file /opt/airflow/dags/avito_to_raw_midraw.py for tasks to queue
[2026-07-11T18:01:32.027+0000] {logging_mixin.py:190} INFO - [2026-07-11T18:01:32.026+0000] {dagbag.py:588} INFO - Filling up the DagBag from /opt/airflow/dags/avito_to_raw_midraw.py
[2026-07-11T18:01:32.041+0000] {processor.py:925} INFO - DAG(s) 'avito_to_raw_midraw' retrieved from /opt/airflow/dags/avito_to_raw_midraw.py
[2026-07-11T18:01:32.061+0000] {logging_mixin.py:190} INFO - [2026-07-11T18:01:32.061+0000] {dag.py:3239} INFO - Sync 1 DAGs
[2026-07-11T18:01:32.083+0000] {processor.py:208} INFO - Processing /opt/airflow/dags/avito_to_raw_midraw.py took 0.064 seconds
[2026-07-11T18:02:02.375+0000] {processor.py:186} INFO - Started process (PID=444) to work on /opt/airflow/dags/avito_to_raw_midraw.py
[2026-07-11T18:02:02.377+0000] {processor.py:914} INFO - Processing file /opt/airflow/dags/avito_to_raw_midraw.py for tasks to queue
[2026-07-11T18:02:02.380+0000] {logging_mixin.py:190} INFO - [2026-07-11T18:02:02.380+0000] {dagbag.py:588} INFO - Filling up the DagBag from /opt/airflow/dags/avito_to_raw_midraw.py
[2026-07-11T18:02:02.399+0000] {processor.py:925} INFO - DAG(s) 'avito_to_raw_midraw' retrieved from /opt/airflow/dags/avito_to_raw_midraw.py
[2026-07-11T18:02:02.420+0000] {logging_mixin.py:190} INFO - [2026-07-11T18:02:02.420+0000] {dag.py:3239} INFO - Sync 1 DAGs
[2026-07-11T18:02:02.447+0000] {processor.py:208} INFO - Processing /opt/airflow/dags/avito_to_raw_midraw.py took 0.078 seconds
[2026-07-11T18:02:32.646+0000] {processor.py:186} INFO - Started process (PID=452) to work on /opt/airflow/dags/avito_to_raw_midraw.py
[2026-07-11T18:02:32.646+0000] {processor.py:914} INFO - Processing file /opt/airflow/dags/avito_to_raw_midraw.py for tasks to queue
[2026-07-11T18:02:32.649+0000] {logging_mixin.py:190} INFO - [2026-07-11T18:02:32.648+0000] {dagbag.py:588} INFO - Filling up the DagBag from /opt/airflow/dags/avito_to_raw_midraw.py
[2026-07-11T18:02:32.662+0000] {processor.py:925} INFO - DAG(s) 'avito_to_raw_midraw' retrieved from /opt/airflow/dags/avito_to_raw_midraw.py
[2026-07-11T18:02:32.680+0000] {logging_mixin.py:190} INFO - [2026-07-11T18:02:32.680+0000] {dag.py:3239} INFO - Sync 1 DAGs
[2026-07-11T18:02:32.705+0000] {processor.py:208} INFO - Processing /opt/airflow/dags/avito_to_raw_midraw.py took 0.063 seconds
[2026-07-11T18:03:02.958+0000] {processor.py:186} INFO - Started process (PID=454) to work on /opt/airflow/dags/avito_to_raw_midraw.py
[2026-07-11T18:03:02.959+0000] {processor.py:914} INFO - Processing file /opt/airflow/dags/avito_to_raw_midraw.py for tasks to queue
[2026-07-11T18:03:02.962+0000] {logging_mixin.py:190} INFO - [2026-07-11T18:03:02.962+0000] {dagbag.py:588} INFO - Filling up the DagBag from /opt/airflow/dags/avito_to_raw_midraw.py
[2026-07-11T18:03:02.979+0000] {processor.py:925} INFO - DAG(s) 'avito_to_raw_midraw' retrieved from /opt/airflow/dags/avito_to_raw_midraw.py
[2026-07-11T18:03:03.000+0000] {logging_mixin.py:190} INFO - [2026-07-11T18:03:03.000+0000] {dag.py:3239} INFO - Sync 1 DAGs
[2026-07-11T18:03:03.024+0000] {processor.py:208} INFO - Processing /opt/airflow/dags/avito_to_raw_midraw.py took 0.072 seconds
[2026-07-11T18:03:33.324+0000] {processor.py:186} INFO - Started process (PID=456) to work on /opt/airflow/dags/avito_to_raw_midraw.py
[2026-07-11T18:03:33.325+0000] {processor.py:914} INFO - Processing file /opt/airflow/dags/avito_to_raw_midraw.py for tasks to queue
[2026-07-11T18:03:33.329+0000] {logging_mixin.py:190} INFO - [2026-07-11T18:03:33.328+0000] {dagbag.py:588} INFO - Filling up the DagBag from /opt/airflow/dags/avito_to_raw_midraw.py
[2026-07-11T18:03:33.349+0000] {processor.py:925} INFO - DAG(s) 'avito_to_raw_midraw' retrieved from /opt/airflow/dags/avito_to_raw_midraw.py
[2026-07-11T18:03:33.370+0000] {logging_mixin.py:190} INFO - [2026-07-11T18:03:33.370+0000] {dag.py:3239} INFO - Sync 1 DAGs
[2026-07-11T18:03:33.398+0000] {processor.py:208} INFO - Processing /opt/airflow/dags/avito_to_raw_midraw.py took 0.080 seconds
[2026-07-11T18:04:03.593+0000] {processor.py:186} INFO - Started process (PID=458) to work on /opt/airflow/dags/avito_to_raw_midraw.py
[2026-07-11T18:04:03.595+0000] {processor.py:914} INFO - Processing file /opt/airflow/dags/avito_to_raw_midraw.py for tasks to queue
[2026-07-11T18:04:03.598+0000] {logging_mixin.py:190} INFO - [2026-07-11T18:04:03.597+0000] {dagbag.py:588} INFO - Filling up the DagBag from /opt/airflow/dags/avito_to_raw_midraw.py
[2026-07-11T18:04:03.611+0000] {processor.py:925} INFO - DAG(s) 'avito_to_raw_midraw' retrieved from /opt/airflow/dags/avito_to_raw_midraw.py
[2026-07-11T18:04:03.634+0000] {logging_mixin.py:190} INFO - [2026-07-11T18:04:03.634+0000] {dag.py:3239} INFO - Sync 1 DAGs
[2026-07-11T18:04:03.655+0000] {processor.py:208} INFO - Processing /opt/airflow/dags/avito_to_raw_midraw.py took 0.066 seconds
[2026-07-11T18:04:33.887+0000] {processor.py:186} INFO - Started process (PID=460) to work on /opt/airflow/dags/avito_to_raw_midraw.py
[2026-07-11T18:04:33.887+0000] {processor.py:914} INFO - Processing file /opt/airflow/dags/avito_to_raw_midraw.py for tasks to queue
[2026-07-11T18:04:33.889+0000] {logging_mixin.py:190} INFO - [2026-07-11T18:04:33.889+0000] {dagbag.py:588} INFO - Filling up the DagBag from /opt/airflow/dags/avito_to_raw_midraw.py
[2026-07-11T18:04:33.906+0000] {processor.py:925} INFO - DAG(s) 'avito_to_raw_midraw' retrieved from /opt/airflow/dags/avito_to_raw_midraw.py
[2026-07-11T18:04:33.927+0000] {logging_mixin.py:190} INFO - [2026-07-11T18:04:33.927+0000] {dag.py:3239} INFO - Sync 1 DAGs
[2026-07-11T18:04:33.951+0000] {processor.py:208} INFO - Processing /opt/airflow/dags/avito_to_raw_midraw.py took 0.070 seconds
[2026-07-11T18:05:04.147+0000] {processor.py:186} INFO - Started process (PID=462) to work on /opt/airflow/dags/avito_to_raw_midraw.py
[2026-07-11T18:05:04.148+0000] {processor.py:914} INFO - Processing file /opt/airflow/dags/avito_to_raw_midraw.py for tasks to queue
[2026-07-11T18:05:04.149+0000] {logging_mixin.py:190} INFO - [2026-07-11T18:05:04.149+0000] {dagbag.py:588} INFO - Filling up the DagBag from /opt/airflow/dags/avito_to_raw_midraw.py
[2026-07-11T18:05:04.167+0000] {processor.py:925} INFO - DAG(s) 'avito_to_raw_midraw' retrieved from /opt/airflow/dags/avito_to_raw_midraw.py
[2026-07-11T18:05:04.188+0000] {logging_mixin.py:190} INFO - [2026-07-11T18:05:04.188+0000] {dag.py:3239} INFO - Sync 1 DAGs
[2026-07-11T18:05:04.211+0000] {processor.py:208} INFO - Processing /opt/airflow/dags/avito_to_raw_midraw.py took 0.069 seconds
[2026-07-11T18:05:34.482+0000] {processor.py:186} INFO - Started process (PID=464) to work on /opt/airflow/dags/avito_to_raw_midraw.py
[2026-07-11T18:05:34.483+0000] {processor.py:914} INFO - Processing file /opt/airflow/dags/avito_to_raw_midraw.py for tasks to queue
[2026-07-11T18:05:34.484+0000] {logging_mixin.py:190} INFO - [2026-07-11T18:05:34.484+0000] {dagbag.py:588} INFO - Filling up the DagBag from /opt/airflow/dags/avito_to_raw_midraw.py
[2026-07-11T18:05:34.500+0000] {processor.py:925} INFO - DAG(s) 'avito_to_raw_midraw' retrieved from /opt/airflow/dags/avito_to_raw_midraw.py
[2026-07-11T18:05:34.519+0000] {logging_mixin.py:190} INFO - [2026-07-11T18:05:34.519+0000] {dag.py:3239} INFO - Sync 1 DAGs
[2026-07-11T18:05:34.531+0000] {logging_mixin.py:190} INFO - [2026-07-11T18:05:34.531+0000] {dag.py:4180} INFO - Setting next_dagrun for avito_to_raw_midraw to 2026-07-11 18:00:00+00:00, run_after=2026-07-11 19:00:00+00:00
[2026-07-11T18:05:34.550+0000] {processor.py:208} INFO - Processing /opt/airflow/dags/avito_to_raw_midraw.py took 0.073 seconds
[2026-07-11T18:06:04.811+0000] {processor.py:186} INFO - Started process (PID=466) to work on /opt/airflow/dags/avito_to_raw_midraw.py
[2026-07-11T18:06:04.812+0000] {processor.py:914} INFO - Processing file /opt/airflow/dags/avito_to_raw_midraw.py for tasks to queue
[2026-07-11T18:06:04.814+0000] {logging_mixin.py:190} INFO - [2026-07-11T18:06:04.814+0000] {dagbag.py:588} INFO - Filling up the DagBag from /opt/airflow/dags/avito_to_raw_midraw.py
[2026-07-11T18:06:04.833+0000] {processor.py:925} INFO - DAG(s) 'avito_to_raw_midraw' retrieved from /opt/airflow/dags/avito_to_raw_midraw.py
[2026-07-11T18:06:04.853+0000] {logging_mixin.py:190} INFO - [2026-07-11T18:06:04.853+0000] {dag.py:3239} INFO - Sync 1 DAGs
[2026-07-11T18:06:04.867+0000] {logging_mixin.py:190} INFO - [2026-07-11T18:06:04.867+0000] {dag.py:4180} INFO - Setting next_dagrun for avito_to_raw_midraw to 2026-07-11 18:00:00+00:00, run_after=2026-07-11 19:00:00+00:00
[2026-07-11T18:06:04.878+0000] {processor.py:208} INFO - Processing /opt/airflow/dags/avito_to_raw_midraw.py took 0.076 seconds
[2026-07-11T18:06:35.103+0000] {processor.py:186} INFO - Started process (PID=468) to work on /opt/airflow/dags/avito_to_raw_midraw.py
[2026-07-11T18:06:35.104+0000] {processor.py:914} INFO - Processing file /opt/airflow/dags/avito_to_raw_midraw.py for tasks to queue
[2026-07-11T18:06:35.106+0000] {logging_mixin.py:190} INFO - [2026-07-11T18:06:35.106+0000] {dagbag.py:588} INFO - Filling up the DagBag from /opt/airflow/dags/avito_to_raw_midraw.py
[2026-07-11T18:06:35.122+0000] {processor.py:925} INFO - DAG(s) 'avito_to_raw_midraw' retrieved from /opt/airflow/dags/avito_to_raw_midraw.py
[2026-07-11T18:06:35.143+0000] {logging_mixin.py:190} INFO - [2026-07-11T18:06:35.143+0000] {dag.py:3239} INFO - Sync 1 DAGs
[2026-07-11T18:06:35.156+0000] {logging_mixin.py:190} INFO - [2026-07-11T18:06:35.156+0000] {dag.py:4180} INFO - Setting next_dagrun for avito_to_raw_midraw to 2026-07-11 18:00:00+00:00, run_after=2026-07-11 19:00:00+00:00
[2026-07-11T18:06:35.169+0000] {processor.py:208} INFO - Processing /opt/airflow/dags/avito_to_raw_midraw.py took 0.073 seconds
[2026-07-11T18:07:05.403+0000] {processor.py:186} INFO - Started process (PID=470) to work on /opt/airflow/dags/avito_to_raw_midraw.py
[2026-07-11T18:07:05.404+0000] {processor.py:914} INFO - Processing file /opt/airflow/dags/avito_to_raw_midraw.py for tasks to queue
[2026-07-11T18:07:05.406+0000] {logging_mixin.py:190} INFO - [2026-07-11T18:07:05.406+0000] {dagbag.py:588} INFO - Filling up the DagBag from /opt/airflow/dags/avito_to_raw_midraw.py
[2026-07-11T18:07:05.420+0000] {processor.py:925} INFO - DAG(s) 'avito_to_raw_midraw' retrieved from /opt/airflow/dags/avito_to_raw_midraw.py
[2026-07-11T18:07:05.444+0000] {logging_mixin.py:190} INFO - [2026-07-11T18:07:05.444+0000] {dag.py:3239} INFO - Sync 1 DAGs
[2026-07-11T18:07:05.457+0000] {logging_mixin.py:190} INFO - [2026-07-11T18:07:05.457+0000] {dag.py:4180} INFO - Setting next_dagrun for avito_to_raw_midraw to 2026-07-11 18:00:00+00:00, run_after=2026-07-11 19:00:00+00:00
[2026-07-11T18:07:05.472+0000] {processor.py:208} INFO - Processing /opt/airflow/dags/avito_to_raw_midraw.py took 0.074 seconds
[2026-07-11T18:07:35.770+0000] {processor.py:186} INFO - Started process (PID=472) to work on /opt/airflow/dags/avito_to_raw_midraw.py
[2026-07-11T18:07:35.771+0000] {processor.py:914} INFO - Processing file /opt/airflow/dags/avito_to_raw_midraw.py for tasks to queue
[2026-07-11T18:07:35.772+0000] {logging_mixin.py:190} INFO - [2026-07-11T18:07:35.772+0000] {dagbag.py:588} INFO - Filling up the DagBag from /opt/airflow/dags/avito_to_raw_midraw.py
[2026-07-11T18:07:35.786+0000] {processor.py:925} INFO - DAG(s) 'avito_to_raw_midraw' retrieved from /opt/airflow/dags/avito_to_raw_midraw.py
[2026-07-11T18:07:35.803+0000] {logging_mixin.py:190} INFO - [2026-07-11T18:07:35.803+0000] {dag.py:3239} INFO - Sync 1 DAGs
[2026-07-11T18:07:35.817+0000] {logging_mixin.py:190} INFO - [2026-07-11T18:07:35.816+0000] {dag.py:4180} INFO - Setting next_dagrun for avito_to_raw_midraw to 2026-07-11 18:00:00+00:00, run_after=2026-07-11 19:00:00+00:00
[2026-07-11T18:07:35.825+0000] {processor.py:208} INFO - Processing /opt/airflow/dags/avito_to_raw_midraw.py took 0.060 seconds
[2026-07-11T18:08:06.142+0000] {processor.py:186} INFO - Started process (PID=474) to work on /opt/airflow/dags/avito_to_raw_midraw.py
[2026-07-11T18:08:06.142+0000] {processor.py:914} INFO - Processing file /opt/airflow/dags/avito_to_raw_midraw.py for tasks to queue
[2026-07-11T18:08:06.145+0000] {logging_mixin.py:190} INFO - [2026-07-11T18:08:06.145+0000] {dagbag.py:588} INFO - Filling up the DagBag from /opt/airflow/dags/avito_to_raw_midraw.py
[2026-07-11T18:08:06.164+0000] {processor.py:925} INFO - DAG(s) 'avito_to_raw_midraw' retrieved from /opt/airflow/dags/avito_to_raw_midraw.py
[2026-07-11T18:08:06.184+0000] {logging_mixin.py:190} INFO - [2026-07-11T18:08:06.183+0000] {dag.py:3239} INFO - Sync 1 DAGs
[2026-07-11T18:08:06.196+0000] {logging_mixin.py:190} INFO - [2026-07-11T18:08:06.196+0000] {dag.py:4180} INFO - Setting next_dagrun for avito_to_raw_midraw to 2026-07-11 18:00:00+00:00, run_after=2026-07-11 19:00:00+00:00
[2026-07-11T18:08:06.206+0000] {processor.py:208} INFO - Processing /opt/airflow/dags/avito_to_raw_midraw.py took 0.070 seconds
[2026-07-11T18:08:36.445+0000] {processor.py:186} INFO - Started process (PID=476) to work on /opt/airflow/dags/avito_to_raw_midraw.py
[2026-07-11T18:08:36.445+0000] {processor.py:914} INFO - Processing file /opt/airflow/dags/avito_to_raw_midraw.py for tasks to queue
[2026-07-11T18:08:36.449+0000] {logging_mixin.py:190} INFO - [2026-07-11T18:08:36.449+0000] {dagbag.py:588} INFO - Filling up the DagBag from /opt/airflow/dags/avito_to_raw_midraw.py
[2026-07-11T18:08:36.476+0000] {processor.py:925} INFO - DAG(s) 'avito_to_raw_midraw' retrieved from /opt/airflow/dags/avito_to_raw_midraw.py
[2026-07-11T18:08:36.499+0000] {logging_mixin.py:190} INFO - [2026-07-11T18:08:36.499+0000] {dag.py:3239} INFO - Sync 1 DAGs
[2026-07-11T18:08:36.515+0000] {logging_mixin.py:190} INFO - [2026-07-11T18:08:36.515+0000] {dag.py:4180} INFO - Setting next_dagrun for avito_to_raw_midraw to 2026-07-11 18:00:00+00:00, run_after=2026-07-11 19:00:00+00:00
[2026-07-11T18:08:36.529+0000] {processor.py:208} INFO - Processing /opt/airflow/dags/avito_to_raw_midraw.py took 0.090 seconds
[2026-07-11T18:09:06.797+0000] {processor.py:186} INFO - Started process (PID=478) to work on /opt/airflow/dags/avito_to_raw_midraw.py
[2026-07-11T18:09:06.798+0000] {processor.py:914} INFO - Processing file /opt/airflow/dags/avito_to_raw_midraw.py for tasks to queue
[2026-07-11T18:09:06.800+0000] {logging_mixin.py:190} INFO - [2026-07-11T18:09:06.800+0000] {dagbag.py:588} INFO - Filling up the DagBag from /opt/airflow/dags/avito_to_raw_midraw.py
[2026-07-11T18:09:06.812+0000] {processor.py:925} INFO - DAG(s) 'avito_to_raw_midraw' retrieved from /opt/airflow/dags/avito_to_raw_midraw.py
[2026-07-11T18:09:06.829+0000] {logging_mixin.py:190} INFO - [2026-07-11T18:09:06.828+0000] {dag.py:3239} INFO - Sync 1 DAGs
[2026-07-11T18:09:06.843+0000] {logging_mixin.py:190} INFO - [2026-07-11T18:09:06.843+0000] {dag.py:4180} INFO - Setting next_dagrun for avito_to_raw_midraw to 2026-07-11 18:00:00+00:00, run_after=2026-07-11 19:00:00+00:00
[2026-07-11T18:09:06.853+0000] {processor.py:208} INFO - Processing /opt/airflow/dags/avito_to_raw_midraw.py took 0.060 seconds
[2026-07-11T18:09:37.131+0000] {processor.py:186} INFO - Started process (PID=480) to work on /opt/airflow/dags/avito_to_raw_midraw.py
[2026-07-11T18:09:37.132+0000] {processor.py:914} INFO - Processing file /opt/airflow/dags/avito_to_raw_midraw.py for tasks to queue
[2026-07-11T18:09:37.135+0000] {logging_mixin.py:190} INFO - [2026-07-11T18:09:37.134+0000] {dagbag.py:588} INFO - Filling up the DagBag from /opt/airflow/dags/avito_to_raw_midraw.py
[2026-07-11T18:09:37.153+0000] {processor.py:925} INFO - DAG(s) 'avito_to_raw_midraw' retrieved from /opt/airflow/dags/avito_to_raw_midraw.py
[2026-07-11T18:09:37.173+0000] {logging_mixin.py:190} INFO - [2026-07-11T18:09:37.173+0000] {dag.py:3239} INFO - Sync 1 DAGs
[2026-07-11T18:09:37.187+0000] {logging_mixin.py:190} INFO - [2026-07-11T18:09:37.187+0000] {dag.py:4180} INFO - Setting next_dagrun for avito_to_raw_midraw to 2026-07-11 18:00:00+00:00, run_after=2026-07-11 19:00:00+00:00
[2026-07-11T18:09:37.199+0000] {processor.py:208} INFO - Processing /opt/airflow/dags/avito_to_raw_midraw.py took 0.074 seconds
[2026-07-11T18:10:07.466+0000] {processor.py:186} INFO - Started process (PID=482) to work on /opt/airflow/dags/avito_to_raw_midraw.py
[2026-07-11T18:10:07.466+0000] {processor.py:914} INFO - Processing file /opt/airflow/dags/avito_to_raw_midraw.py for tasks to queue
[2026-07-11T18:10:07.468+0000] {logging_mixin.py:190} INFO - [2026-07-11T18:10:07.468+0000] {dagbag.py:588} INFO - Filling up the DagBag from /opt/airflow/dags/avito_to_raw_midraw.py
[2026-07-11T18:10:07.478+0000] {processor.py:925} INFO - DAG(s) 'avito_to_raw_midraw' retrieved from /opt/airflow/dags/avito_to_raw_midraw.py
[2026-07-11T18:10:07.493+0000] {logging_mixin.py:190} INFO - [2026-07-11T18:10:07.493+0000] {dag.py:3239} INFO - Sync 1 DAGs
[2026-07-11T18:10:07.506+0000] {logging_mixin.py:190} INFO - [2026-07-11T18:10:07.506+0000] {dag.py:4180} INFO - Setting next_dagrun for avito_to_raw_midraw to 2026-07-11 18:00:00+00:00, run_after=2026-07-11 19:00:00+00:00
[2026-07-11T18:10:07.519+0000] {processor.py:208} INFO - Processing /opt/airflow/dags/avito_to_raw_midraw.py took 0.057 seconds
[2026-07-11T18:10:37.762+0000] {processor.py:186} INFO - Started process (PID=484) to work on /opt/airflow/dags/avito_to_raw_midraw.py
[2026-07-11T18:10:37.763+0000] {processor.py:914} INFO - Processing file /opt/airflow/dags/avito_to_raw_midraw.py for tasks to queue
[2026-07-11T18:10:37.765+0000] {logging_mixin.py:190} INFO - [2026-07-11T18:10:37.765+0000] {dagbag.py:588} INFO - Filling up the DagBag from /opt/airflow/dags/avito_to_raw_midraw.py
[2026-07-11T18:10:37.776+0000] {processor.py:925} INFO - DAG(s) 'avito_to_raw_midraw' retrieved from /opt/airflow/dags/avito_to_raw_midraw.py
[2026-07-11T18:10:37.792+0000] {logging_mixin.py:190} INFO - [2026-07-11T18:10:37.792+0000] {dag.py:3239} INFO - Sync 1 DAGs
[2026-07-11T18:10:37.805+0000] {logging_mixin.py:190} INFO - [2026-07-11T18:10:37.805+0000] {dag.py:4180} INFO - Setting next_dagrun for avito_to_raw_midraw to 2026-07-11 18:00:00+00:00, run_after=2026-07-11 19:00:00+00:00
[2026-07-11T18:10:37.815+0000] {processor.py:208} INFO - Processing /opt/airflow/dags/avito_to_raw_midraw.py took 0.056 seconds
[2026-07-11T18:11:08.066+0000] {processor.py:186} INFO - Started process (PID=486) to work on /opt/airflow/dags/avito_to_raw_midraw.py
[2026-07-11T18:11:08.067+0000] {processor.py:914} INFO - Processing file /opt/airflow/dags/avito_to_raw_midraw.py for tasks to queue
[2026-07-11T18:11:08.070+0000] {logging_mixin.py:190} INFO - [2026-07-11T18:11:08.069+0000] {dagbag.py:588} INFO - Filling up the DagBag from /opt/airflow/dags/avito_to_raw_midraw.py
[2026-07-11T18:11:08.082+0000] {processor.py:925} INFO - DAG(s) 'avito_to_raw_midraw' retrieved from /opt/airflow/dags/avito_to_raw_midraw.py
[2026-07-11T18:11:08.098+0000] {logging_mixin.py:190} INFO - [2026-07-11T18:11:08.098+0000] {dag.py:3239} INFO - Sync 1 DAGs
[2026-07-11T18:11:08.110+0000] {logging_mixin.py:190} INFO - [2026-07-11T18:11:08.109+0000] {dag.py:4180} INFO - Setting next_dagrun for avito_to_raw_midraw to 2026-07-11 18:00:00+00:00, run_after=2026-07-11 19:00:00+00:00
[2026-07-11T18:11:08.120+0000] {processor.py:208} INFO - Processing /opt/airflow/dags/avito_to_raw_midraw.py took 0.058 seconds
[2026-07-11T18:11:38.374+0000] {processor.py:186} INFO - Started process (PID=488) to work on /opt/airflow/dags/avito_to_raw_midraw.py
[2026-07-11T18:11:38.375+0000] {processor.py:914} INFO - Processing file /opt/airflow/dags/avito_to_raw_midraw.py for tasks to queue
[2026-07-11T18:11:38.377+0000] {logging_mixin.py:190} INFO - [2026-07-11T18:11:38.377+0000] {dagbag.py:588} INFO - Filling up the DagBag from /opt/airflow/dags/avito_to_raw_midraw.py
[2026-07-11T18:11:38.394+0000] {processor.py:925} INFO - DAG(s) 'avito_to_raw_midraw' retrieved from /opt/airflow/dags/avito_to_raw_midraw.py
[2026-07-11T18:11:38.417+0000] {logging_mixin.py:190} INFO - [2026-07-11T18:11:38.417+0000] {dag.py:3239} INFO - Sync 1 DAGs
[2026-07-11T18:11:38.431+0000] {logging_mixin.py:190} INFO - [2026-07-11T18:11:38.431+0000] {dag.py:4180} INFO - Setting next_dagrun for avito_to_raw_midraw to 2026-07-11 18:00:00+00:00, run_after=2026-07-11 19:00:00+00:00
[2026-07-11T18:11:38.444+0000] {processor.py:208} INFO - Processing /opt/airflow/dags/avito_to_raw_midraw.py took 0.076 seconds
[2026-07-11T18:12:08.663+0000] {processor.py:186} INFO - Started process (PID=490) to work on /opt/airflow/dags/avito_to_raw_midraw.py
[2026-07-11T18:12:08.664+0000] {processor.py:914} INFO - Processing file /opt/airflow/dags/avito_to_raw_midraw.py for tasks to queue
[2026-07-11T18:12:08.667+0000] {logging_mixin.py:190} INFO - [2026-07-11T18:12:08.667+0000] {dagbag.py:588} INFO - Filling up the DagBag from /opt/airflow/dags/avito_to_raw_midraw.py
[2026-07-11T18:12:08.686+0000] {processor.py:925} INFO - DAG(s) 'avito_to_raw_midraw' retrieved from /opt/airflow/dags/avito_to_raw_midraw.py
[2026-07-11T18:12:08.705+0000] {logging_mixin.py:190} INFO - [2026-07-11T18:12:08.704+0000] {dag.py:3239} INFO - Sync 1 DAGs
[2026-07-11T18:12:08.716+0000] {logging_mixin.py:190} INFO - [2026-07-11T18:12:08.716+0000] {dag.py:4180} INFO - Setting next_dagrun for avito_to_raw_midraw to 2026-07-11 18:00:00+00:00, run_after=2026-07-11 19:00:00+00:00
[2026-07-11T18:12:08.729+0000] {processor.py:208} INFO - Processing /opt/airflow/dags/avito_to_raw_midraw.py took 0.071 seconds
[2026-07-11T18:12:38.978+0000] {processor.py:186} INFO - Started process (PID=492) to work on /opt/airflow/dags/avito_to_raw_midraw.py
[2026-07-11T18:12:38.979+0000] {processor.py:914} INFO - Processing file /opt/airflow/dags/avito_to_raw_midraw.py for tasks to queue
[2026-07-11T18:12:38.981+0000] {logging_mixin.py:190} INFO - [2026-07-11T18:12:38.981+0000] {dagbag.py:588} INFO - Filling up the DagBag from /opt/airflow/dags/avito_to_raw_midraw.py
[2026-07-11T18:12:39.002+0000] {processor.py:925} INFO - DAG(s) 'avito_to_raw_midraw' retrieved from /opt/airflow/dags/avito_to_raw_midraw.py
[2026-07-11T18:12:39.019+0000] {logging_mixin.py:190} INFO - [2026-07-11T18:12:39.019+0000] {dag.py:3239} INFO - Sync 1 DAGs
[2026-07-11T18:12:39.032+0000] {logging_mixin.py:190} INFO - [2026-07-11T18:12:39.032+0000] {dag.py:4180} INFO - Setting next_dagrun for avito_to_raw_midraw to 2026-07-11 18:00:00+00:00, run_after=2026-07-11 19:00:00+00:00
[2026-07-11T18:12:39.044+0000] {processor.py:208} INFO - Processing /opt/airflow/dags/avito_to_raw_midraw.py took 0.071 seconds
[2026-07-11T18:13:09.323+0000] {processor.py:186} INFO - Started process (PID=518) to work on /opt/airflow/dags/avito_to_raw_midraw.py
[2026-07-11T18:13:09.324+0000] {processor.py:914} INFO - Processing file /opt/airflow/dags/avito_to_raw_midraw.py for tasks to queue
[2026-07-11T18:13:09.326+0000] {logging_mixin.py:190} INFO - [2026-07-11T18:13:09.326+0000] {dagbag.py:588} INFO - Filling up the DagBag from /opt/airflow/dags/avito_to_raw_midraw.py
[2026-07-11T18:13:09.341+0000] {processor.py:925} INFO - DAG(s) 'avito_to_raw_midraw' retrieved from /opt/airflow/dags/avito_to_raw_midraw.py
[2026-07-11T18:13:09.357+0000] {logging_mixin.py:190} INFO - [2026-07-11T18:13:09.357+0000] {dag.py:3239} INFO - Sync 1 DAGs
[2026-07-11T18:13:09.370+0000] {logging_mixin.py:190} INFO - [2026-07-11T18:13:09.370+0000] {dag.py:4180} INFO - Setting next_dagrun for avito_to_raw_midraw to 2026-07-11 18:00:00+00:00, run_after=2026-07-11 19:00:00+00:00
[2026-07-11T18:13:09.381+0000] {processor.py:208} INFO - Processing /opt/airflow/dags/avito_to_raw_midraw.py took 0.061 seconds
[2026-07-11T18:13:39.689+0000] {processor.py:186} INFO - Started process (PID=520) to work on /opt/airflow/dags/avito_to_raw_midraw.py
[2026-07-11T18:13:39.690+0000] {processor.py:914} INFO - Processing file /opt/airflow/dags/avito_to_raw_midraw.py for tasks to queue
[2026-07-11T18:13:39.693+0000] {logging_mixin.py:190} INFO - [2026-07-11T18:13:39.693+0000] {dagbag.py:588} INFO - Filling up the DagBag from /opt/airflow/dags/avito_to_raw_midraw.py
[2026-07-11T18:13:39.710+0000] {processor.py:925} INFO - DAG(s) 'avito_to_raw_midraw' retrieved from /opt/airflow/dags/avito_to_raw_midraw.py
[2026-07-11T18:13:39.731+0000] {logging_mixin.py:190} INFO - [2026-07-11T18:13:39.731+0000] {dag.py:3239} INFO - Sync 1 DAGs
[2026-07-11T18:13:39.745+0000] {logging_mixin.py:190} INFO - [2026-07-11T18:13:39.745+0000] {dag.py:4180} INFO - Setting next_dagrun for avito_to_raw_midraw to 2026-07-11 18:00:00+00:00, run_after=2026-07-11 19:00:00+00:00
[2026-07-11T18:13:39.756+0000] {processor.py:208} INFO - Processing /opt/airflow/dags/avito_to_raw_midraw.py took 0.072 seconds
[2026-07-11T18:14:10.011+0000] {processor.py:186} INFO - Started process (PID=522) to work on /opt/airflow/dags/avito_to_raw_midraw.py
[2026-07-11T18:14:10.013+0000] {processor.py:914} INFO - Processing file /opt/airflow/dags/avito_to_raw_midraw.py for tasks to queue
[2026-07-11T18:14:10.015+0000] {logging_mixin.py:190} INFO - [2026-07-11T18:14:10.015+0000] {dagbag.py:588} INFO - Filling up the DagBag from /opt/airflow/dags/avito_to_raw_midraw.py
[2026-07-11T18:14:10.030+0000] {processor.py:925} INFO - DAG(s) 'avito_to_raw_midraw' retrieved from /opt/airflow/dags/avito_to_raw_midraw.py
[2026-07-11T18:14:10.047+0000] {logging_mixin.py:190} INFO - [2026-07-11T18:14:10.047+0000] {dag.py:3239} INFO - Sync 1 DAGs
[2026-07-11T18:14:10.060+0000] {logging_mixin.py:190} INFO - [2026-07-11T18:14:10.059+0000] {dag.py:4180} INFO - Setting next_dagrun for avito_to_raw_midraw to 2026-07-11 18:00:00+00:00, run_after=2026-07-11 19:00:00+00:00
[2026-07-11T18:14:10.072+0000] {processor.py:208} INFO - Processing /opt/airflow/dags/avito_to_raw_midraw.py took 0.064 seconds
[2026-07-11T18:14:40.302+0000] {processor.py:186} INFO - Started process (PID=524) to work on /opt/airflow/dags/avito_to_raw_midraw.py
[2026-07-11T18:14:40.303+0000] {processor.py:914} INFO - Processing file /opt/airflow/dags/avito_to_raw_midraw.py for tasks to queue
[2026-07-11T18:14:40.305+0000] {logging_mixin.py:190} INFO - [2026-07-11T18:14:40.305+0000] {dagbag.py:588} INFO - Filling up the DagBag from /opt/airflow/dags/avito_to_raw_midraw.py
[2026-07-11T18:14:40.321+0000] {processor.py:925} INFO - DAG(s) 'avito_to_raw_midraw' retrieved from /opt/airflow/dags/avito_to_raw_midraw.py
[2026-07-11T18:14:40.339+0000] {logging_mixin.py:190} INFO - [2026-07-11T18:14:40.339+0000] {dag.py:3239} INFO - Sync 1 DAGs
[2026-07-11T18:14:40.350+0000] {logging_mixin.py:190} INFO - [2026-07-11T18:14:40.350+0000] {dag.py:4180} INFO - Setting next_dagrun for avito_to_raw_midraw to 2026-07-11 18:00:00+00:00, run_after=2026-07-11 19:00:00+00:00
[2026-07-11T18:14:40.359+0000] {processor.py:208} INFO - Processing /opt/airflow/dags/avito_to_raw_midraw.py took 0.061 seconds
[2026-07-11T18:15:10.657+0000] {processor.py:186} INFO - Started process (PID=526) to work on /opt/airflow/dags/avito_to_raw_midraw.py
[2026-07-11T18:15:10.657+0000] {processor.py:914} INFO - Processing file /opt/airflow/dags/avito_to_raw_midraw.py for tasks to queue
[2026-07-11T18:15:10.659+0000] {logging_mixin.py:190} INFO - [2026-07-11T18:15:10.659+0000] {dagbag.py:588} INFO - Filling up the DagBag from /opt/airflow/dags/avito_to_raw_midraw.py
[2026-07-11T18:15:10.675+0000] {processor.py:925} INFO - DAG(s) 'avito_to_raw_midraw' retrieved from /opt/airflow/dags/avito_to_raw_midraw.py
[2026-07-11T18:15:10.691+0000] {logging_mixin.py:190} INFO - [2026-07-11T18:15:10.691+0000] {dag.py:3239} INFO - Sync 1 DAGs
[2026-07-11T18:15:10.701+0000] {logging_mixin.py:190} INFO - [2026-07-11T18:15:10.701+0000] {dag.py:4180} INFO - Setting next_dagrun for avito_to_raw_midraw to 2026-07-11 18:00:00+00:00, run_after=2026-07-11 19:00:00+00:00
[2026-07-11T18:15:10.711+0000] {processor.py:208} INFO - Processing /opt/airflow/dags/avito_to_raw_midraw.py took 0.058 seconds
[2026-07-11T18:15:41.016+0000] {processor.py:186} INFO - Started process (PID=528) to work on /opt/airflow/dags/avito_to_raw_midraw.py
[2026-07-11T18:15:41.017+0000] {processor.py:914} INFO - Processing file /opt/airflow/dags/avito_to_raw_midraw.py for tasks to queue
[2026-07-11T18:15:41.019+0000] {logging_mixin.py:190} INFO - [2026-07-11T18:15:41.019+0000] {dagbag.py:588} INFO - Filling up the DagBag from /opt/airflow/dags/avito_to_raw_midraw.py
[2026-07-11T18:15:41.034+0000] {processor.py:925} INFO - DAG(s) 'avito_to_raw_midraw' retrieved from /opt/airflow/dags/avito_to_raw_midraw.py
[2026-07-11T18:15:41.053+0000] {logging_mixin.py:190} INFO - [2026-07-11T18:15:41.053+0000] {dag.py:3239} INFO - Sync 1 DAGs
[2026-07-11T18:15:41.064+0000] {logging_mixin.py:190} INFO - [2026-07-11T18:15:41.064+0000] {dag.py:4180} INFO - Setting next_dagrun for avito_to_raw_midraw to 2026-07-11 18:00:00+00:00, run_after=2026-07-11 19:00:00+00:00
[2026-07-11T18:15:41.073+0000] {processor.py:208} INFO - Processing /opt/airflow/dags/avito_to_raw_midraw.py took 0.061 seconds
[2026-07-11T18:16:11.319+0000] {processor.py:186} INFO - Started process (PID=530) to work on /opt/airflow/dags/avito_to_raw_midraw.py
[2026-07-11T18:16:11.320+0000] {processor.py:914} INFO - Processing file /opt/airflow/dags/avito_to_raw_midraw.py for tasks to queue
[2026-07-11T18:16:11.321+0000] {logging_mixin.py:190} INFO - [2026-07-11T18:16:11.321+0000] {dagbag.py:588} INFO - Filling up the DagBag from /opt/airflow/dags/avito_to_raw_midraw.py
[2026-07-11T18:16:11.333+0000] {processor.py:925} INFO - DAG(s) 'avito_to_raw_midraw' retrieved from /opt/airflow/dags/avito_to_raw_midraw.py
[2026-07-11T18:16:11.352+0000] {logging_mixin.py:190} INFO - [2026-07-11T18:16:11.352+0000] {dag.py:3239} INFO - Sync 1 DAGs
[2026-07-11T18:16:11.363+0000] {logging_mixin.py:190} INFO - [2026-07-11T18:16:11.363+0000] {dag.py:4180} INFO - Setting next_dagrun for avito_to_raw_midraw to 2026-07-11 18:00:00+00:00, run_after=2026-07-11 19:00:00+00:00
[2026-07-11T18:16:11.373+0000] {processor.py:208} INFO - Processing /opt/airflow/dags/avito_to_raw_midraw.py took 0.058 seconds
[2026-07-11T18:16:41.625+0000] {processor.py:186} INFO - Started process (PID=532) to work on /opt/airflow/dags/avito_to_raw_midraw.py
[2026-07-11T18:16:41.626+0000] {processor.py:914} INFO - Processing file /opt/airflow/dags/avito_to_raw_midraw.py for tasks to queue
[2026-07-11T18:16:41.629+0000] {logging_mixin.py:190} INFO - [2026-07-11T18:16:41.628+0000] {dagbag.py:588} INFO - Filling up the DagBag from /opt/airflow/dags/avito_to_raw_midraw.py
[2026-07-11T18:16:41.647+0000] {processor.py:925} INFO - DAG(s) 'avito_to_raw_midraw' retrieved from /opt/airflow/dags/avito_to_raw_midraw.py
[2026-07-11T18:16:41.669+0000] {logging_mixin.py:190} INFO - [2026-07-11T18:16:41.669+0000] {dag.py:3239} INFO - Sync 1 DAGs
[2026-07-11T18:16:41.682+0000] {logging_mixin.py:190} INFO - [2026-07-11T18:16:41.682+0000] {dag.py:4180} INFO - Setting next_dagrun for avito_to_raw_midraw to 2026-07-11 18:00:00+00:00, run_after=2026-07-11 19:00:00+00:00
[2026-07-11T18:16:41.699+0000] {processor.py:208} INFO - Processing /opt/airflow/dags/avito_to_raw_midraw.py took 0.081 seconds
[2026-07-11T18:17:11.956+0000] {processor.py:186} INFO - Started process (PID=534) to work on /opt/airflow/dags/avito_to_raw_midraw.py
[2026-07-11T18:17:11.956+0000] {processor.py:914} INFO - Processing file /opt/airflow/dags/avito_to_raw_midraw.py for tasks to queue
[2026-07-11T18:17:11.958+0000] {logging_mixin.py:190} INFO - [2026-07-11T18:17:11.958+0000] {dagbag.py:588} INFO - Filling up the DagBag from /opt/airflow/dags/avito_to_raw_midraw.py
[2026-07-11T18:17:11.973+0000] {processor.py:925} INFO - DAG(s) 'avito_to_raw_midraw' retrieved from /opt/airflow/dags/avito_to_raw_midraw.py
[2026-07-11T18:17:11.990+0000] {logging_mixin.py:190} INFO - [2026-07-11T18:17:11.990+0000] {dag.py:3239} INFO - Sync 1 DAGs
[2026-07-11T18:17:12.002+0000] {logging_mixin.py:190} INFO - [2026-07-11T18:17:12.002+0000] {dag.py:4180} INFO - Setting next_dagrun for avito_to_raw_midraw to 2026-07-11 18:00:00+00:00, run_after=2026-07-11 19:00:00+00:00
[2026-07-11T18:17:12.011+0000] {processor.py:208} INFO - Processing /opt/airflow/dags/avito_to_raw_midraw.py took 0.059 seconds
[2026-07-11T18:17:42.306+0000] {processor.py:186} INFO - Started process (PID=536) to work on /opt/airflow/dags/avito_to_raw_midraw.py
[2026-07-11T18:17:42.307+0000] {processor.py:914} INFO - Processing file /opt/airflow/dags/avito_to_raw_midraw.py for tasks to queue
[2026-07-11T18:17:42.308+0000] {logging_mixin.py:190} INFO - [2026-07-11T18:17:42.308+0000] {dagbag.py:588} INFO - Filling up the DagBag from /opt/airflow/dags/avito_to_raw_midraw.py
[2026-07-11T18:17:42.320+0000] {processor.py:925} INFO - DAG(s) 'avito_to_raw_midraw' retrieved from /opt/airflow/dags/avito_to_raw_midraw.py
[2026-07-11T18:17:42.338+0000] {logging_mixin.py:190} INFO - [2026-07-11T18:17:42.338+0000] {dag.py:3239} INFO - Sync 1 DAGs
[2026-07-11T18:17:42.350+0000] {logging_mixin.py:190} INFO - [2026-07-11T18:17:42.350+0000] {dag.py:4180} INFO - Setting next_dagrun for avito_to_raw_midraw to 2026-07-11 18:00:00+00:00, run_after=2026-07-11 19:00:00+00:00
[2026-07-11T18:17:42.361+0000] {processor.py:208} INFO - Processing /opt/airflow/dags/avito_to_raw_midraw.py took 0.060 seconds
[2026-07-11T18:18:12.657+0000] {processor.py:186} INFO - Started process (PID=538) to work on /opt/airflow/dags/avito_to_raw_midraw.py
[2026-07-11T18:18:12.658+0000] {processor.py:914} INFO - Processing file /opt/airflow/dags/avito_to_raw_midraw.py for tasks to queue
[2026-07-11T18:18:12.660+0000] {logging_mixin.py:190} INFO - [2026-07-11T18:18:12.659+0000] {dagbag.py:588} INFO - Filling up the DagBag from /opt/airflow/dags/avito_to_raw_midraw.py
[2026-07-11T18:18:12.677+0000] {processor.py:925} INFO - DAG(s) 'avito_to_raw_midraw' retrieved from /opt/airflow/dags/avito_to_raw_midraw.py
[2026-07-11T18:18:12.697+0000] {logging_mixin.py:190} INFO - [2026-07-11T18:18:12.696+0000] {dag.py:3239} INFO - Sync 1 DAGs
[2026-07-11T18:18:12.710+0000] {logging_mixin.py:190} INFO - [2026-07-11T18:18:12.710+0000] {dag.py:4180} INFO - Setting next_dagrun for avito_to_raw_midraw to 2026-07-11 18:00:00+00:00, run_after=2026-07-11 19:00:00+00:00
[2026-07-11T18:18:12.727+0000] {processor.py:208} INFO - Processing /opt/airflow/dags/avito_to_raw_midraw.py took 0.075 seconds
[2026-07-11T18:18:43.048+0000] {processor.py:186} INFO - Started process (PID=540) to work on /opt/airflow/dags/avito_to_raw_midraw.py
[2026-07-11T18:18:43.049+0000] {processor.py:914} INFO - Processing file /opt/airflow/dags/avito_to_raw_midraw.py for tasks to queue
[2026-07-11T18:18:43.051+0000] {logging_mixin.py:190} INFO - [2026-07-11T18:18:43.051+0000] {dagbag.py:588} INFO - Filling up the DagBag from /opt/airflow/dags/avito_to_raw_midraw.py
[2026-07-11T18:18:43.069+0000] {processor.py:925} INFO - DAG(s) 'avito_to_raw_midraw' retrieved from /opt/airflow/dags/avito_to_raw_midraw.py
[2026-07-11T18:18:43.090+0000] {logging_mixin.py:190} INFO - [2026-07-11T18:18:43.090+0000] {dag.py:3239} INFO - Sync 1 DAGs
[2026-07-11T18:18:43.104+0000] {logging_mixin.py:190} INFO - [2026-07-11T18:18:43.104+0000] {dag.py:4180} INFO - Setting next_dagrun for avito_to_raw_midraw to 2026-07-11 18:00:00+00:00, run_after=2026-07-11 19:00:00+00:00
[2026-07-11T18:18:43.117+0000] {processor.py:208} INFO - Processing /opt/airflow/dags/avito_to_raw_midraw.py took 0.075 seconds
[2026-07-11T18:19:13.504+0000] {processor.py:186} INFO - Started process (PID=542) to work on /opt/airflow/dags/avito_to_raw_midraw.py
[2026-07-11T18:19:13.505+0000] {processor.py:914} INFO - Processing file /opt/airflow/dags/avito_to_raw_midraw.py for tasks to queue
[2026-07-11T18:19:13.507+0000] {logging_mixin.py:190} INFO - [2026-07-11T18:19:13.507+0000] {dagbag.py:588} INFO - Filling up the DagBag from /opt/airflow/dags/avito_to_raw_midraw.py
[2026-07-11T18:19:13.519+0000] {processor.py:925} INFO - DAG(s) 'avito_to_raw_midraw' retrieved from /opt/airflow/dags/avito_to_raw_midraw.py
[2026-07-11T18:19:13.539+0000] {logging_mixin.py:190} INFO - [2026-07-11T18:19:13.538+0000] {dag.py:3239} INFO - Sync 1 DAGs
[2026-07-11T18:19:13.552+0000] {logging_mixin.py:190} INFO - [2026-07-11T18:19:13.552+0000] {dag.py:4180} INFO - Setting next_dagrun for avito_to_raw_midraw to 2026-07-11 18:00:00+00:00, run_after=2026-07-11 19:00:00+00:00
[2026-07-11T18:19:13.562+0000] {processor.py:208} INFO - Processing /opt/airflow/dags/avito_to_raw_midraw.py took 0.063 seconds
[2026-07-11T18:19:43.800+0000] {processor.py:186} INFO - Started process (PID=544) to work on /opt/airflow/dags/avito_to_raw_midraw.py
[2026-07-11T18:19:43.801+0000] {processor.py:914} INFO - Processing file /opt/airflow/dags/avito_to_raw_midraw.py for tasks to queue
[2026-07-11T18:19:43.802+0000] {logging_mixin.py:190} INFO - [2026-07-11T18:19:43.802+0000] {dagbag.py:588} INFO - Filling up the DagBag from /opt/airflow/dags/avito_to_raw_midraw.py
[2026-07-11T18:19:43.819+0000] {processor.py:925} INFO - DAG(s) 'avito_to_raw_midraw' retrieved from /opt/airflow/dags/avito_to_raw_midraw.py
[2026-07-11T18:19:43.838+0000] {logging_mixin.py:190} INFO - [2026-07-11T18:19:43.837+0000] {dag.py:3239} INFO - Sync 1 DAGs
[2026-07-11T18:19:43.850+0000] {logging_mixin.py:190} INFO - [2026-07-11T18:19:43.850+0000] {dag.py:4180} INFO - Setting next_dagrun for avito_to_raw_midraw to 2026-07-11 18:00:00+00:00, run_after=2026-07-11 19:00:00+00:00
[2026-07-11T18:19:43.860+0000] {processor.py:208} INFO - Processing /opt/airflow/dags/avito_to_raw_midraw.py took 0.065 seconds
[2026-07-11T18:20:14.077+0000] {processor.py:186} INFO - Started process (PID=546) to work on /opt/airflow/dags/avito_to_raw_midraw.py
[2026-07-11T18:20:14.078+0000] {processor.py:914} INFO - Processing file /opt/airflow/dags/avito_to_raw_midraw.py for tasks to queue
[2026-07-11T18:20:14.080+0000] {logging_mixin.py:190} INFO - [2026-07-11T18:20:14.080+0000] {dagbag.py:588} INFO - Filling up the DagBag from /opt/airflow/dags/avito_to_raw_midraw.py
[2026-07-11T18:20:14.093+0000] {processor.py:925} INFO - DAG(s) 'avito_to_raw_midraw' retrieved from /opt/airflow/dags/avito_to_raw_midraw.py
[2026-07-11T18:20:14.112+0000] {logging_mixin.py:190} INFO - [2026-07-11T18:20:14.112+0000] {dag.py:3239} INFO - Sync 1 DAGs
[2026-07-11T18:20:14.125+0000] {logging_mixin.py:190} INFO - [2026-07-11T18:20:14.125+0000] {dag.py:4180} INFO - Setting next_dagrun for avito_to_raw_midraw to 2026-07-11 18:00:00+00:00, run_after=2026-07-11 19:00:00+00:00
[2026-07-11T18:20:14.136+0000] {processor.py:208} INFO - Processing /opt/airflow/dags/avito_to_raw_midraw.py took 0.062 seconds
[2026-07-11T18:20:44.423+0000] {processor.py:186} INFO - Started process (PID=548) to work on /opt/airflow/dags/avito_to_raw_midraw.py
[2026-07-11T18:20:44.424+0000] {processor.py:914} INFO - Processing file /opt/airflow/dags/avito_to_raw_midraw.py for tasks to queue
[2026-07-11T18:20:44.426+0000] {logging_mixin.py:190} INFO - [2026-07-11T18:20:44.426+0000] {dagbag.py:588} INFO - Filling up the DagBag from /opt/airflow/dags/avito_to_raw_midraw.py
[2026-07-11T18:20:44.437+0000] {processor.py:925} INFO - DAG(s) 'avito_to_raw_midraw' retrieved from /opt/airflow/dags/avito_to_raw_midraw.py
[2026-07-11T18:20:44.457+0000] {logging_mixin.py:190} INFO - [2026-07-11T18:20:44.457+0000] {dag.py:3239} INFO - Sync 1 DAGs
[2026-07-11T18:20:44.470+0000] {logging_mixin.py:190} INFO - [2026-07-11T18:20:44.469+0000] {dag.py:4180} INFO - Setting next_dagrun for avito_to_raw_midraw to 2026-07-11 18:00:00+00:00, run_after=2026-07-11 19:00:00+00:00
[2026-07-11T18:20:44.481+0000] {processor.py:208} INFO - Processing /opt/airflow/dags/avito_to_raw_midraw.py took 0.061 seconds
[2026-07-11T18:21:14.738+0000] {processor.py:186} INFO - Started process (PID=550) to work on /opt/airflow/dags/avito_to_raw_midraw.py
[2026-07-11T18:21:14.739+0000] {processor.py:914} INFO - Processing file /opt/airflow/dags/avito_to_raw_midraw.py for tasks to queue
[2026-07-11T18:21:14.741+0000] {logging_mixin.py:190} INFO - [2026-07-11T18:21:14.740+0000] {dagbag.py:588} INFO - Filling up the DagBag from /opt/airflow/dags/avito_to_raw_midraw.py
[2026-07-11T18:21:14.755+0000] {processor.py:925} INFO - DAG(s) 'avito_to_raw_midraw' retrieved from /opt/airflow/dags/avito_to_raw_midraw.py
[2026-07-11T18:21:14.773+0000] {logging_mixin.py:190} INFO - [2026-07-11T18:21:14.773+0000] {dag.py:3239} INFO - Sync 1 DAGs
[2026-07-11T18:21:14.786+0000] {logging_mixin.py:190} INFO - [2026-07-11T18:21:14.786+0000] {dag.py:4180} INFO - Setting next_dagrun for avito_to_raw_midraw to 2026-07-11 18:00:00+00:00, run_after=2026-07-11 19:00:00+00:00
[2026-07-11T18:21:14.797+0000] {processor.py:208} INFO - Processing /opt/airflow/dags/avito_to_raw_midraw.py took 0.064 seconds
[2026-07-11T18:21:45.054+0000] {processor.py:186} INFO - Started process (PID=552) to work on /opt/airflow/dags/avito_to_raw_midraw.py
[2026-07-11T18:21:45.055+0000] {processor.py:914} INFO - Processing file /opt/airflow/dags/avito_to_raw_midraw.py for tasks to queue
[2026-07-11T18:21:45.058+0000] {logging_mixin.py:190} INFO - [2026-07-11T18:21:45.057+0000] {dagbag.py:588} INFO - Filling up the DagBag from /opt/airflow/dags/avito_to_raw_midraw.py
[2026-07-11T18:21:45.068+0000] {processor.py:925} INFO - DAG(s) 'avito_to_raw_midraw' retrieved from /opt/airflow/dags/avito_to_raw_midraw.py
[2026-07-11T18:21:45.087+0000] {logging_mixin.py:190} INFO - [2026-07-11T18:21:45.087+0000] {dag.py:3239} INFO - Sync 1 DAGs
[2026-07-11T18:21:45.100+0000] {logging_mixin.py:190} INFO - [2026-07-11T18:21:45.100+0000] {dag.py:4180} INFO - Setting next_dagrun for avito_to_raw_midraw to 2026-07-11 18:00:00+00:00, run_after=2026-07-11 19:00:00+00:00
[2026-07-11T18:21:45.109+0000] {processor.py:208} INFO - Processing /opt/airflow/dags/avito_to_raw_midraw.py took 0.058 seconds
[2026-07-11T18:22:15.350+0000] {processor.py:186} INFO - Started process (PID=554) to work on /opt/airflow/dags/avito_to_raw_midraw.py
[2026-07-11T18:22:15.351+0000] {processor.py:914} INFO - Processing file /opt/airflow/dags/avito_to_raw_midraw.py for tasks to queue
[2026-07-11T18:22:15.352+0000] {logging_mixin.py:190} INFO - [2026-07-11T18:22:15.352+0000] {dagbag.py:588} INFO - Filling up the DagBag from /opt/airflow/dags/avito_to_raw_midraw.py
[2026-07-11T18:22:15.367+0000] {processor.py:925} INFO - DAG(s) 'avito_to_raw_midraw' retrieved from /opt/airflow/dags/avito_to_raw_midraw.py
[2026-07-11T18:22:15.383+0000] {logging_mixin.py:190} INFO - [2026-07-11T18:22:15.383+0000] {dag.py:3239} INFO - Sync 1 DAGs
[2026-07-11T18:22:15.395+0000] {logging_mixin.py:190} INFO - [2026-07-11T18:22:15.395+0000] {dag.py:4180} INFO - Setting next_dagrun for avito_to_raw_midraw to 2026-07-11 18:00:00+00:00, run_after=2026-07-11 19:00:00+00:00
[2026-07-11T18:22:15.406+0000] {processor.py:208} INFO - Processing /opt/airflow/dags/avito_to_raw_midraw.py took 0.060 seconds
[2026-07-11T18:22:45.639+0000] {processor.py:186} INFO - Started process (PID=556) to work on /opt/airflow/dags/avito_to_raw_midraw.py
[2026-07-11T18:22:45.639+0000] {processor.py:914} INFO - Processing file /opt/airflow/dags/avito_to_raw_midraw.py for tasks to queue
[2026-07-11T18:22:45.641+0000] {logging_mixin.py:190} INFO - [2026-07-11T18:22:45.641+0000] {dagbag.py:588} INFO - Filling up the DagBag from /opt/airflow/dags/avito_to_raw_midraw.py
[2026-07-11T18:22:45.654+0000] {processor.py:925} INFO - DAG(s) 'avito_to_raw_midraw' retrieved from /opt/airflow/dags/avito_to_raw_midraw.py
[2026-07-11T18:22:45.671+0000] {logging_mixin.py:190} INFO - [2026-07-11T18:22:45.671+0000] {dag.py:3239} INFO - Sync 1 DAGs
[2026-07-11T18:22:45.687+0000] {logging_mixin.py:190} INFO - [2026-07-11T18:22:45.687+0000] {dag.py:4180} INFO - Setting next_dagrun for avito_to_raw_midraw to 2026-07-11 18:00:00+00:00, run_after=2026-07-11 19:00:00+00:00
[2026-07-11T18:22:45.695+0000] {processor.py:208} INFO - Processing /opt/airflow/dags/avito_to_raw_midraw.py took 0.060 seconds
[2026-07-11T18:23:15.982+0000] {processor.py:186} INFO - Started process (PID=558) to work on /opt/airflow/dags/avito_to_raw_midraw.py
[2026-07-11T18:23:15.982+0000] {processor.py:914} INFO - Processing file /opt/airflow/dags/avito_to_raw_midraw.py for tasks to queue
[2026-07-11T18:23:15.984+0000] {logging_mixin.py:190} INFO - [2026-07-11T18:23:15.984+0000] {dagbag.py:588} INFO - Filling up the DagBag from /opt/airflow/dags/avito_to_raw_midraw.py
[2026-07-11T18:23:15.999+0000] {processor.py:925} INFO - DAG(s) 'avito_to_raw_midraw' retrieved from /opt/airflow/dags/avito_to_raw_midraw.py
[2026-07-11T18:23:16.017+0000] {logging_mixin.py:190} INFO - [2026-07-11T18:23:16.017+0000] {dag.py:3239} INFO - Sync 1 DAGs
[2026-07-11T18:23:16.030+0000] {logging_mixin.py:190} INFO - [2026-07-11T18:23:16.030+0000] {dag.py:4180} INFO - Setting next_dagrun for avito_to_raw_midraw to 2026-07-11 18:00:00+00:00, run_after=2026-07-11 19:00:00+00:00
[2026-07-11T18:23:16.038+0000] {processor.py:208} INFO - Processing /opt/airflow/dags/avito_to_raw_midraw.py took 0.061 seconds
[2026-07-11T18:23:46.254+0000] {processor.py:186} INFO - Started process (PID=560) to work on /opt/airflow/dags/avito_to_raw_midraw.py
[2026-07-11T18:23:46.256+0000] {processor.py:914} INFO - Processing file /opt/airflow/dags/avito_to_raw_midraw.py for tasks to queue
[2026-07-11T18:23:46.259+0000] {logging_mixin.py:190} INFO - [2026-07-11T18:23:46.259+0000] {dagbag.py:588} INFO - Filling up the DagBag from /opt/airflow/dags/avito_to_raw_midraw.py
[2026-07-11T18:23:46.273+0000] {processor.py:925} INFO - DAG(s) 'avito_to_raw_midraw' retrieved from /opt/airflow/dags/avito_to_raw_midraw.py
[2026-07-11T18:23:46.292+0000] {logging_mixin.py:190} INFO - [2026-07-11T18:23:46.291+0000] {dag.py:3239} INFO - Sync 1 DAGs
[2026-07-11T18:23:46.302+0000] {logging_mixin.py:190} INFO - [2026-07-11T18:23:46.302+0000] {dag.py:4180} INFO - Setting next_dagrun for avito_to_raw_midraw to 2026-07-11 18:00:00+00:00, run_after=2026-07-11 19:00:00+00:00
[2026-07-11T18:23:46.311+0000] {processor.py:208} INFO - Processing /opt/airflow/dags/avito_to_raw_midraw.py took 0.060 seconds
[2026-07-11T18:24:16.640+0000] {processor.py:186} INFO - Started process (PID=562) to work on /opt/airflow/dags/avito_to_raw_midraw.py
[2026-07-11T18:24:16.641+0000] {processor.py:914} INFO - Processing file /opt/airflow/dags/avito_to_raw_midraw.py for tasks to queue
[2026-07-11T18:24:16.643+0000] {logging_mixin.py:190} INFO - [2026-07-11T18:24:16.643+0000] {dagbag.py:588} INFO - Filling up the DagBag from /opt/airflow/dags/avito_to_raw_midraw.py
[2026-07-11T18:24:16.659+0000] {processor.py:925} INFO - DAG(s) 'avito_to_raw_midraw' retrieved from /opt/airflow/dags/avito_to_raw_midraw.py
[2026-07-11T18:24:16.676+0000] {logging_mixin.py:190} INFO - [2026-07-11T18:24:16.676+0000] {dag.py:3239} INFO - Sync 1 DAGs
[2026-07-11T18:24:16.689+0000] {logging_mixin.py:190} INFO - [2026-07-11T18:24:16.689+0000] {dag.py:4180} INFO - Setting next_dagrun for avito_to_raw_midraw to 2026-07-11 18:00:00+00:00, run_after=2026-07-11 19:00:00+00:00
[2026-07-11T18:24:16.698+0000] {processor.py:208} INFO - Processing /opt/airflow/dags/avito_to_raw_midraw.py took 0.063 seconds
[2026-07-11T18:24:46.910+0000] {processor.py:186} INFO - Started process (PID=564) to work on /opt/airflow/dags/avito_to_raw_midraw.py
[2026-07-11T18:24:46.911+0000] {processor.py:914} INFO - Processing file /opt/airflow/dags/avito_to_raw_midraw.py for tasks to queue
[2026-07-11T18:24:46.912+0000] {logging_mixin.py:190} INFO - [2026-07-11T18:24:46.912+0000] {dagbag.py:588} INFO - Filling up the DagBag from /opt/airflow/dags/avito_to_raw_midraw.py
[2026-07-11T18:24:46.924+0000] {processor.py:925} INFO - DAG(s) 'avito_to_raw_midraw' retrieved from /opt/airflow/dags/avito_to_raw_midraw.py
[2026-07-11T18:24:46.939+0000] {logging_mixin.py:190} INFO - [2026-07-11T18:24:46.939+0000] {dag.py:3239} INFO - Sync 1 DAGs
[2026-07-11T18:24:46.951+0000] {logging_mixin.py:190} INFO - [2026-07-11T18:24:46.951+0000] {dag.py:4180} INFO - Setting next_dagrun for avito_to_raw_midraw to 2026-07-11 18:00:00+00:00, run_after=2026-07-11 19:00:00+00:00
[2026-07-11T18:24:46.960+0000] {processor.py:208} INFO - Processing /opt/airflow/dags/avito_to_raw_midraw.py took 0.054 seconds
[2026-07-11T18:25:17.230+0000] {processor.py:186} INFO - Started process (PID=566) to work on /opt/airflow/dags/avito_to_raw_midraw.py
[2026-07-11T18:25:17.231+0000] {processor.py:914} INFO - Processing file /opt/airflow/dags/avito_to_raw_midraw.py for tasks to queue
[2026-07-11T18:25:17.233+0000] {logging_mixin.py:190} INFO - [2026-07-11T18:25:17.233+0000] {dagbag.py:588} INFO - Filling up the DagBag from /opt/airflow/dags/avito_to_raw_midraw.py
[2026-07-11T18:25:17.249+0000] {processor.py:925} INFO - DAG(s) 'avito_to_raw_midraw' retrieved from /opt/airflow/dags/avito_to_raw_midraw.py
[2026-07-11T18:25:17.268+0000] {logging_mixin.py:190} INFO - [2026-07-11T18:25:17.268+0000] {dag.py:3239} INFO - Sync 1 DAGs
[2026-07-11T18:25:17.281+0000] {logging_mixin.py:190} INFO - [2026-07-11T18:25:17.281+0000] {dag.py:4180} INFO - Setting next_dagrun for avito_to_raw_midraw to 2026-07-11 18:00:00+00:00, run_after=2026-07-11 19:00:00+00:00
[2026-07-11T18:25:17.290+0000] {processor.py:208} INFO - Processing /opt/airflow/dags/avito_to_raw_midraw.py took 0.065 seconds
[2026-07-11T18:25:47.540+0000] {processor.py:186} INFO - Started process (PID=568) to work on /opt/airflow/dags/avito_to_raw_midraw.py
[2026-07-11T18:25:47.540+0000] {processor.py:914} INFO - Processing file /opt/airflow/dags/avito_to_raw_midraw.py for tasks to queue
[2026-07-11T18:25:47.542+0000] {logging_mixin.py:190} INFO - [2026-07-11T18:25:47.542+0000] {dagbag.py:588} INFO - Filling up the DagBag from /opt/airflow/dags/avito_to_raw_midraw.py
[2026-07-11T18:25:47.552+0000] {processor.py:925} INFO - DAG(s) 'avito_to_raw_midraw' retrieved from /opt/airflow/dags/avito_to_raw_midraw.py
[2026-07-11T18:25:47.568+0000] {logging_mixin.py:190} INFO - [2026-07-11T18:25:47.568+0000] {dag.py:3239} INFO - Sync 1 DAGs
[2026-07-11T18:25:47.579+0000] {logging_mixin.py:190} INFO - [2026-07-11T18:25:47.579+0000] {dag.py:4180} INFO - Setting next_dagrun for avito_to_raw_midraw to 2026-07-11 18:00:00+00:00, run_after=2026-07-11 19:00:00+00:00
[2026-07-11T18:25:47.592+0000] {processor.py:208} INFO - Processing /opt/airflow/dags/avito_to_raw_midraw.py took 0.056 seconds
[2026-07-11T18:26:17.912+0000] {processor.py:186} INFO - Started process (PID=570) to work on /opt/airflow/dags/avito_to_raw_midraw.py
[2026-07-11T18:26:17.913+0000] {processor.py:914} INFO - Processing file /opt/airflow/dags/avito_to_raw_midraw.py for tasks to queue
[2026-07-11T18:26:17.915+0000] {logging_mixin.py:190} INFO - [2026-07-11T18:26:17.914+0000] {dagbag.py:588} INFO - Filling up the DagBag from /opt/airflow/dags/avito_to_raw_midraw.py
[2026-07-11T18:26:17.927+0000] {processor.py:925} INFO - DAG(s) 'avito_to_raw_midraw' retrieved from /opt/airflow/dags/avito_to_raw_midraw.py
[2026-07-11T18:26:17.943+0000] {logging_mixin.py:190} INFO - [2026-07-11T18:26:17.943+0000] {dag.py:3239} INFO - Sync 1 DAGs
[2026-07-11T18:26:17.954+0000] {logging_mixin.py:190} INFO - [2026-07-11T18:26:17.954+0000] {dag.py:4180} INFO - Setting next_dagrun for avito_to_raw_midraw to 2026-07-11 18:00:00+00:00, run_after=2026-07-11 19:00:00+00:00
[2026-07-11T18:26:17.963+0000] {processor.py:208} INFO - Processing /opt/airflow/dags/avito_to_raw_midraw.py took 0.058 seconds
[2026-07-11T18:26:48.254+0000] {processor.py:186} INFO - Started process (PID=572) to work on /opt/airflow/dags/avito_to_raw_midraw.py
[2026-07-11T18:26:48.255+0000] {processor.py:914} INFO - Processing file /opt/airflow/dags/avito_to_raw_midraw.py for tasks to queue
[2026-07-11T18:26:48.257+0000] {logging_mixin.py:190} INFO - [2026-07-11T18:26:48.257+0000] {dagbag.py:588} INFO - Filling up the DagBag from /opt/airflow/dags/avito_to_raw_midraw.py
[2026-07-11T18:26:48.273+0000] {processor.py:925} INFO - DAG(s) 'avito_to_raw_midraw' retrieved from /opt/airflow/dags/avito_to_raw_midraw.py
[2026-07-11T18:26:48.289+0000] {logging_mixin.py:190} INFO - [2026-07-11T18:26:48.289+0000] {dag.py:3239} INFO - Sync 1 DAGs
[2026-07-11T18:26:48.304+0000] {logging_mixin.py:190} INFO - [2026-07-11T18:26:48.304+0000] {dag.py:4180} INFO - Setting next_dagrun for avito_to_raw_midraw to 2026-07-11 18:00:00+00:00, run_after=2026-07-11 19:00:00+00:00
[2026-07-11T18:26:48.312+0000] {processor.py:208} INFO - Processing /opt/airflow/dags/avito_to_raw_midraw.py took 0.063 seconds
[2026-07-11T18:27:18.555+0000] {processor.py:186} INFO - Started process (PID=574) to work on /opt/airflow/dags/avito_to_raw_midraw.py
[2026-07-11T18:27:18.556+0000] {processor.py:914} INFO - Processing file /opt/airflow/dags/avito_to_raw_midraw.py for tasks to queue
[2026-07-11T18:27:18.558+0000] {logging_mixin.py:190} INFO - [2026-07-11T18:27:18.558+0000] {dagbag.py:588} INFO - Filling up the DagBag from /opt/airflow/dags/avito_to_raw_midraw.py
[2026-07-11T18:27:18.573+0000] {processor.py:925} INFO - DAG(s) 'avito_to_raw_midraw' retrieved from /opt/airflow/dags/avito_to_raw_midraw.py
[2026-07-11T18:27:18.594+0000] {logging_mixin.py:190} INFO - [2026-07-11T18:27:18.594+0000] {dag.py:3239} INFO - Sync 1 DAGs
[2026-07-11T18:27:18.610+0000] {logging_mixin.py:190} INFO - [2026-07-11T18:27:18.609+0000] {dag.py:4180} INFO - Setting next_dagrun for avito_to_raw_midraw to 2026-07-11 18:00:00+00:00, run_after=2026-07-11 19:00:00+00:00
[2026-07-11T18:27:18.619+0000] {processor.py:208} INFO - Processing /opt/airflow/dags/avito_to_raw_midraw.py took 0.070 seconds
[2026-07-11T18:27:48.859+0000] {processor.py:186} INFO - Started process (PID=576) to work on /opt/airflow/dags/avito_to_raw_midraw.py
[2026-07-11T18:27:48.860+0000] {processor.py:914} INFO - Processing file /opt/airflow/dags/avito_to_raw_midraw.py for tasks to queue
[2026-07-11T18:27:48.862+0000] {logging_mixin.py:190} INFO - [2026-07-11T18:27:48.861+0000] {dagbag.py:588} INFO - Filling up the DagBag from /opt/airflow/dags/avito_to_raw_midraw.py
[2026-07-11T18:27:48.877+0000] {processor.py:925} INFO - DAG(s) 'avito_to_raw_midraw' retrieved from /opt/airflow/dags/avito_to_raw_midraw.py
[2026-07-11T18:27:48.897+0000] {logging_mixin.py:190} INFO - [2026-07-11T18:27:48.897+0000] {dag.py:3239} INFO - Sync 1 DAGs
[2026-07-11T18:27:48.909+0000] {logging_mixin.py:190} INFO - [2026-07-11T18:27:48.909+0000] {dag.py:4180} INFO - Setting next_dagrun for avito_to_raw_midraw to 2026-07-11 18:00:00+00:00, run_after=2026-07-11 19:00:00+00:00
[2026-07-11T18:27:48.919+0000] {processor.py:208} INFO - Processing /opt/airflow/dags/avito_to_raw_midraw.py took 0.065 seconds
[2026-07-11T18:28:19.200+0000] {processor.py:186} INFO - Started process (PID=578) to work on /opt/airflow/dags/avito_to_raw_midraw.py
[2026-07-11T18:28:19.201+0000] {processor.py:914} INFO - Processing file /opt/airflow/dags/avito_to_raw_midraw.py for tasks to queue
[2026-07-11T18:28:19.202+0000] {logging_mixin.py:190} INFO - [2026-07-11T18:28:19.202+0000] {dagbag.py:588} INFO - Filling up the DagBag from /opt/airflow/dags/avito_to_raw_midraw.py
[2026-07-11T18:28:19.215+0000] {processor.py:925} INFO - DAG(s) 'avito_to_raw_midraw' retrieved from /opt/airflow/dags/avito_to_raw_midraw.py
[2026-07-11T18:28:19.229+0000] {logging_mixin.py:190} INFO - [2026-07-11T18:28:19.229+0000] {dag.py:3239} INFO - Sync 1 DAGs
[2026-07-11T18:28:19.239+0000] {logging_mixin.py:190} INFO - [2026-07-11T18:28:19.239+0000] {dag.py:4180} INFO - Setting next_dagrun for avito_to_raw_midraw to 2026-07-11 18:00:00+00:00, run_after=2026-07-11 19:00:00+00:00
[2026-07-11T18:28:19.252+0000] {processor.py:208} INFO - Processing /opt/airflow/dags/avito_to_raw_midraw.py took 0.057 seconds
[2026-07-11T18:28:49.458+0000] {processor.py:186} INFO - Started process (PID=580) to work on /opt/airflow/dags/avito_to_raw_midraw.py
[2026-07-11T18:28:49.458+0000] {processor.py:914} INFO - Processing file /opt/airflow/dags/avito_to_raw_midraw.py for tasks to queue
[2026-07-11T18:28:49.461+0000] {logging_mixin.py:190} INFO - [2026-07-11T18:28:49.461+0000] {dagbag.py:588} INFO - Filling up the DagBag from /opt/airflow/dags/avito_to_raw_midraw.py
[2026-07-11T18:28:49.475+0000] {processor.py:925} INFO - DAG(s) 'avito_to_raw_midraw' retrieved from /opt/airflow/dags/avito_to_raw_midraw.py
[2026-07-11T18:28:49.490+0000] {logging_mixin.py:190} INFO - [2026-07-11T18:28:49.489+0000] {dag.py:3239} INFO - Sync 1 DAGs
[2026-07-11T18:28:49.500+0000] {logging_mixin.py:190} INFO - [2026-07-11T18:28:49.500+0000] {dag.py:4180} INFO - Setting next_dagrun for avito_to_raw_midraw to 2026-07-11 18:00:00+00:00, run_after=2026-07-11 19:00:00+00:00
[2026-07-11T18:28:49.510+0000] {processor.py:208} INFO - Processing /opt/airflow/dags/avito_to_raw_midraw.py took 0.057 seconds
[2026-07-11T18:29:19.772+0000] {processor.py:186} INFO - Started process (PID=582) to work on /opt/airflow/dags/avito_to_raw_midraw.py
[2026-07-11T18:29:19.773+0000] {processor.py:914} INFO - Processing file /opt/airflow/dags/avito_to_raw_midraw.py for tasks to queue
[2026-07-11T18:29:19.775+0000] {logging_mixin.py:190} INFO - [2026-07-11T18:29:19.775+0000] {dagbag.py:588} INFO - Filling up the DagBag from /opt/airflow/dags/avito_to_raw_midraw.py
[2026-07-11T18:29:19.789+0000] {processor.py:925} INFO - DAG(s) 'avito_to_raw_midraw' retrieved from /opt/airflow/dags/avito_to_raw_midraw.py
[2026-07-11T18:29:19.807+0000] {logging_mixin.py:190} INFO - [2026-07-11T18:29:19.807+0000] {dag.py:3239} INFO - Sync 1 DAGs
[2026-07-11T18:29:19.820+0000] {logging_mixin.py:190} INFO - [2026-07-11T18:29:19.820+0000] {dag.py:4180} INFO - Setting next_dagrun for avito_to_raw_midraw to 2026-07-11 18:00:00+00:00, run_after=2026-07-11 19:00:00+00:00
[2026-07-11T18:29:19.832+0000] {processor.py:208} INFO - Processing /opt/airflow/dags/avito_to_raw_midraw.py took 0.066 seconds
[2026-07-11T18:29:50.031+0000] {processor.py:186} INFO - Started process (PID=584) to work on /opt/airflow/dags/avito_to_raw_midraw.py
[2026-07-11T18:29:50.032+0000] {processor.py:914} INFO - Processing file /opt/airflow/dags/avito_to_raw_midraw.py for tasks to queue
[2026-07-11T18:29:50.034+0000] {logging_mixin.py:190} INFO - [2026-07-11T18:29:50.033+0000] {dagbag.py:588} INFO - Filling up the DagBag from /opt/airflow/dags/avito_to_raw_midraw.py
[2026-07-11T18:29:50.047+0000] {processor.py:925} INFO - DAG(s) 'avito_to_raw_midraw' retrieved from /opt/airflow/dags/avito_to_raw_midraw.py
[2026-07-11T18:29:50.069+0000] {logging_mixin.py:190} INFO - [2026-07-11T18:29:50.069+0000] {dag.py:3239} INFO - Sync 1 DAGs
[2026-07-11T18:29:50.085+0000] {logging_mixin.py:190} INFO - [2026-07-11T18:29:50.085+0000] {dag.py:4180} INFO - Setting next_dagrun for avito_to_raw_midraw to 2026-07-11 18:00:00+00:00, run_after=2026-07-11 19:00:00+00:00
[2026-07-11T18:29:50.096+0000] {processor.py:208} INFO - Processing /opt/airflow/dags/avito_to_raw_midraw.py took 0.068 seconds
[2026-07-11T18:30:20.415+0000] {processor.py:186} INFO - Started process (PID=586) to work on /opt/airflow/dags/avito_to_raw_midraw.py
[2026-07-11T18:30:20.415+0000] {processor.py:914} INFO - Processing file /opt/airflow/dags/avito_to_raw_midraw.py for tasks to queue
[2026-07-11T18:30:20.418+0000] {logging_mixin.py:190} INFO - [2026-07-11T18:30:20.418+0000] {dagbag.py:588} INFO - Filling up the DagBag from /opt/airflow/dags/avito_to_raw_midraw.py
[2026-07-11T18:30:20.441+0000] {processor.py:925} INFO - DAG(s) 'avito_to_raw_midraw' retrieved from /opt/airflow/dags/avito_to_raw_midraw.py
[2026-07-11T18:30:20.466+0000] {logging_mixin.py:190} INFO - [2026-07-11T18:30:20.466+0000] {dag.py:3239} INFO - Sync 1 DAGs
[2026-07-11T18:30:20.481+0000] {logging_mixin.py:190} INFO - [2026-07-11T18:30:20.481+0000] {dag.py:4180} INFO - Setting next_dagrun for avito_to_raw_midraw to 2026-07-11 18:00:00+00:00, run_after=2026-07-11 19:00:00+00:00
[2026-07-11T18:30:20.491+0000] {processor.py:208} INFO - Processing /opt/airflow/dags/avito_to_raw_midraw.py took 0.084 seconds
[2026-07-11T18:30:50.694+0000] {processor.py:186} INFO - Started process (PID=588) to work on /opt/airflow/dags/avito_to_raw_midraw.py
[2026-07-11T18:30:50.695+0000] {processor.py:914} INFO - Processing file /opt/airflow/dags/avito_to_raw_midraw.py for tasks to queue
[2026-07-11T18:30:50.697+0000] {logging_mixin.py:190} INFO - [2026-07-11T18:30:50.696+0000] {dagbag.py:588} INFO - Filling up the DagBag from /opt/airflow/dags/avito_to_raw_midraw.py
[2026-07-11T18:30:50.708+0000] {processor.py:925} INFO - DAG(s) 'avito_to_raw_midraw' retrieved from /opt/airflow/dags/avito_to_raw_midraw.py
[2026-07-11T18:30:50.724+0000] {logging_mixin.py:190} INFO - [2026-07-11T18:30:50.724+0000] {dag.py:3239} INFO - Sync 1 DAGs
[2026-07-11T18:30:50.736+0000] {logging_mixin.py:190} INFO - [2026-07-11T18:30:50.736+0000] {dag.py:4180} INFO - Setting next_dagrun for avito_to_raw_midraw to 2026-07-11 18:00:00+00:00, run_after=2026-07-11 19:00:00+00:00
[2026-07-11T18:30:50.747+0000] {processor.py:208} INFO - Processing /opt/airflow/dags/avito_to_raw_midraw.py took 0.056 seconds
[2026-07-11T18:31:21.049+0000] {processor.py:186} INFO - Started process (PID=590) to work on /opt/airflow/dags/avito_to_raw_midraw.py
[2026-07-11T18:31:21.050+0000] {processor.py:914} INFO - Processing file /opt/airflow/dags/avito_to_raw_midraw.py for tasks to queue
[2026-07-11T18:31:21.051+0000] {logging_mixin.py:190} INFO - [2026-07-11T18:31:21.051+0000] {dagbag.py:588} INFO - Filling up the DagBag from /opt/airflow/dags/avito_to_raw_midraw.py
[2026-07-11T18:31:21.066+0000] {processor.py:925} INFO - DAG(s) 'avito_to_raw_midraw' retrieved from /opt/airflow/dags/avito_to_raw_midraw.py
[2026-07-11T18:31:21.081+0000] {logging_mixin.py:190} INFO - [2026-07-11T18:31:21.081+0000] {dag.py:3239} INFO - Sync 1 DAGs
[2026-07-11T18:31:21.092+0000] {logging_mixin.py:190} INFO - [2026-07-11T18:31:21.092+0000] {dag.py:4180} INFO - Setting next_dagrun for avito_to_raw_midraw to 2026-07-11 18:00:00+00:00, run_after=2026-07-11 19:00:00+00:00
[2026-07-11T18:31:21.100+0000] {processor.py:208} INFO - Processing /opt/airflow/dags/avito_to_raw_midraw.py took 0.055 seconds
[2026-07-11T18:31:51.396+0000] {processor.py:186} INFO - Started process (PID=592) to work on /opt/airflow/dags/avito_to_raw_midraw.py
[2026-07-11T18:31:51.397+0000] {processor.py:914} INFO - Processing file /opt/airflow/dags/avito_to_raw_midraw.py for tasks to queue
[2026-07-11T18:31:51.399+0000] {logging_mixin.py:190} INFO - [2026-07-11T18:31:51.399+0000] {dagbag.py:588} INFO - Filling up the DagBag from /opt/airflow/dags/avito_to_raw_midraw.py
[2026-07-11T18:31:51.414+0000] {processor.py:925} INFO - DAG(s) 'avito_to_raw_midraw' retrieved from /opt/airflow/dags/avito_to_raw_midraw.py
[2026-07-11T18:31:51.430+0000] {logging_mixin.py:190} INFO - [2026-07-11T18:31:51.429+0000] {dag.py:3239} INFO - Sync 1 DAGs
[2026-07-11T18:31:51.442+0000] {logging_mixin.py:190} INFO - [2026-07-11T18:31:51.441+0000] {dag.py:4180} INFO - Setting next_dagrun for avito_to_raw_midraw to 2026-07-11 18:00:00+00:00, run_after=2026-07-11 19:00:00+00:00
[2026-07-11T18:31:51.453+0000] {processor.py:208} INFO - Processing /opt/airflow/dags/avito_to_raw_midraw.py took 0.061 seconds
[2026-07-11T18:32:21.766+0000] {processor.py:186} INFO - Started process (PID=594) to work on /opt/airflow/dags/avito_to_raw_midraw.py
[2026-07-11T18:32:21.766+0000] {processor.py:914} INFO - Processing file /opt/airflow/dags/avito_to_raw_midraw.py for tasks to queue
[2026-07-11T18:32:21.767+0000] {logging_mixin.py:190} INFO - [2026-07-11T18:32:21.767+0000] {dagbag.py:588} INFO - Filling up the DagBag from /opt/airflow/dags/avito_to_raw_midraw.py
[2026-07-11T18:32:21.778+0000] {processor.py:925} INFO - DAG(s) 'avito_to_raw_midraw' retrieved from /opt/airflow/dags/avito_to_raw_midraw.py
[2026-07-11T18:32:21.796+0000] {logging_mixin.py:190} INFO - [2026-07-11T18:32:21.796+0000] {dag.py:3239} INFO - Sync 1 DAGs
[2026-07-11T18:32:21.807+0000] {logging_mixin.py:190} INFO - [2026-07-11T18:32:21.807+0000] {dag.py:4180} INFO - Setting next_dagrun for avito_to_raw_midraw to 2026-07-11 18:00:00+00:00, run_after=2026-07-11 19:00:00+00:00
[2026-07-11T18:32:21.816+0000] {processor.py:208} INFO - Processing /opt/airflow/dags/avito_to_raw_midraw.py took 0.054 seconds
[2026-07-11T18:32:52.097+0000] {processor.py:186} INFO - Started process (PID=596) to work on /opt/airflow/dags/avito_to_raw_midraw.py
[2026-07-11T18:32:52.098+0000] {processor.py:914} INFO - Processing file /opt/airflow/dags/avito_to_raw_midraw.py for tasks to queue
[2026-07-11T18:32:52.101+0000] {logging_mixin.py:190} INFO - [2026-07-11T18:32:52.100+0000] {dagbag.py:588} INFO - Filling up the DagBag from /opt/airflow/dags/avito_to_raw_midraw.py
[2026-07-11T18:32:52.119+0000] {processor.py:925} INFO - DAG(s) 'avito_to_raw_midraw' retrieved from /opt/airflow/dags/avito_to_raw_midraw.py
[2026-07-11T18:32:52.143+0000] {logging_mixin.py:190} INFO - [2026-07-11T18:32:52.142+0000] {dag.py:3239} INFO - Sync 1 DAGs
[2026-07-11T18:32:52.161+0000] {logging_mixin.py:190} INFO - [2026-07-11T18:32:52.161+0000] {dag.py:4180} INFO - Setting next_dagrun for avito_to_raw_midraw to 2026-07-11 18:00:00+00:00, run_after=2026-07-11 19:00:00+00:00
[2026-07-11T18:32:52.171+0000] {processor.py:208} INFO - Processing /opt/airflow/dags/avito_to_raw_midraw.py took 0.080 seconds
[2026-07-11T18:33:22.450+0000] {processor.py:186} INFO - Started process (PID=598) to work on /opt/airflow/dags/avito_to_raw_midraw.py
[2026-07-11T18:33:22.450+0000] {processor.py:914} INFO - Processing file /opt/airflow/dags/avito_to_raw_midraw.py for tasks to queue
[2026-07-11T18:33:22.452+0000] {logging_mixin.py:190} INFO - [2026-07-11T18:33:22.451+0000] {dagbag.py:588} INFO - Filling up the DagBag from /opt/airflow/dags/avito_to_raw_midraw.py
[2026-07-11T18:33:22.468+0000] {processor.py:925} INFO - DAG(s) 'avito_to_raw_midraw' retrieved from /opt/airflow/dags/avito_to_raw_midraw.py
[2026-07-11T18:33:22.486+0000] {logging_mixin.py:190} INFO - [2026-07-11T18:33:22.486+0000] {dag.py:3239} INFO - Sync 1 DAGs
[2026-07-11T18:33:22.497+0000] {logging_mixin.py:190} INFO - [2026-07-11T18:33:22.497+0000] {dag.py:4180} INFO - Setting next_dagrun for avito_to_raw_midraw to 2026-07-11 18:00:00+00:00, run_after=2026-07-11 19:00:00+00:00
[2026-07-11T18:33:22.509+0000] {processor.py:208} INFO - Processing /opt/airflow/dags/avito_to_raw_midraw.py took 0.064 seconds
[2026-07-11T18:33:52.723+0000] {processor.py:186} INFO - Started process (PID=600) to work on /opt/airflow/dags/avito_to_raw_midraw.py
[2026-07-11T18:33:52.724+0000] {processor.py:914} INFO - Processing file /opt/airflow/dags/avito_to_raw_midraw.py for tasks to queue
[2026-07-11T18:33:52.726+0000] {logging_mixin.py:190} INFO - [2026-07-11T18:33:52.726+0000] {dagbag.py:588} INFO - Filling up the DagBag from /opt/airflow/dags/avito_to_raw_midraw.py
[2026-07-11T18:33:52.740+0000] {processor.py:925} INFO - DAG(s) 'avito_to_raw_midraw' retrieved from /opt/airflow/dags/avito_to_raw_midraw.py
[2026-07-11T18:33:52.758+0000] {logging_mixin.py:190} INFO - [2026-07-11T18:33:52.758+0000] {dag.py:3239} INFO - Sync 1 DAGs
[2026-07-11T18:33:52.772+0000] {logging_mixin.py:190} INFO - [2026-07-11T18:33:52.772+0000] {dag.py:4180} INFO - Setting next_dagrun for avito_to_raw_midraw to 2026-07-11 18:00:00+00:00, run_after=2026-07-11 19:00:00+00:00
[2026-07-11T18:33:52.782+0000] {processor.py:208} INFO - Processing /opt/airflow/dags/avito_to_raw_midraw.py took 0.064 seconds
[2026-07-11T18:34:23.040+0000] {processor.py:186} INFO - Started process (PID=602) to work on /opt/airflow/dags/avito_to_raw_midraw.py
[2026-07-11T18:34:23.040+0000] {processor.py:914} INFO - Processing file /opt/airflow/dags/avito_to_raw_midraw.py for tasks to queue
[2026-07-11T18:34:23.043+0000] {logging_mixin.py:190} INFO - [2026-07-11T18:34:23.043+0000] {dagbag.py:588} INFO - Filling up the DagBag from /opt/airflow/dags/avito_to_raw_midraw.py
[2026-07-11T18:34:23.057+0000] {processor.py:925} INFO - DAG(s) 'avito_to_raw_midraw' retrieved from /opt/airflow/dags/avito_to_raw_midraw.py
[2026-07-11T18:34:23.077+0000] {logging_mixin.py:190} INFO - [2026-07-11T18:34:23.077+0000] {dag.py:3239} INFO - Sync 1 DAGs
[2026-07-11T18:34:23.089+0000] {logging_mixin.py:190} INFO - [2026-07-11T18:34:23.089+0000] {dag.py:4180} INFO - Setting next_dagrun for avito_to_raw_midraw to 2026-07-11 18:00:00+00:00, run_after=2026-07-11 19:00:00+00:00
[2026-07-11T18:34:23.101+0000] {processor.py:208} INFO - Processing /opt/airflow/dags/avito_to_raw_midraw.py took 0.065 seconds
[2026-07-11T18:34:53.403+0000] {processor.py:186} INFO - Started process (PID=604) to work on /opt/airflow/dags/avito_to_raw_midraw.py
[2026-07-11T18:34:53.404+0000] {processor.py:914} INFO - Processing file /opt/airflow/dags/avito_to_raw_midraw.py for tasks to queue
[2026-07-11T18:34:53.407+0000] {logging_mixin.py:190} INFO - [2026-07-11T18:34:53.406+0000] {dagbag.py:588} INFO - Filling up the DagBag from /opt/airflow/dags/avito_to_raw_midraw.py
[2026-07-11T18:34:53.423+0000] {processor.py:925} INFO - DAG(s) 'avito_to_raw_midraw' retrieved from /opt/airflow/dags/avito_to_raw_midraw.py
[2026-07-11T18:34:53.443+0000] {logging_mixin.py:190} INFO - [2026-07-11T18:34:53.442+0000] {dag.py:3239} INFO - Sync 1 DAGs
[2026-07-11T18:34:53.455+0000] {logging_mixin.py:190} INFO - [2026-07-11T18:34:53.455+0000] {dag.py:4180} INFO - Setting next_dagrun for avito_to_raw_midraw to 2026-07-11 18:00:00+00:00, run_after=2026-07-11 19:00:00+00:00
[2026-07-11T18:34:53.467+0000] {processor.py:208} INFO - Processing /opt/airflow/dags/avito_to_raw_midraw.py took 0.071 seconds
[2026-07-11T18:35:23.699+0000] {processor.py:186} INFO - Started process (PID=606) to work on /opt/airflow/dags/avito_to_raw_midraw.py
[2026-07-11T18:35:23.700+0000] {processor.py:914} INFO - Processing file /opt/airflow/dags/avito_to_raw_midraw.py for tasks to queue
[2026-07-11T18:35:23.702+0000] {logging_mixin.py:190} INFO - [2026-07-11T18:35:23.702+0000] {dagbag.py:588} INFO - Filling up the DagBag from /opt/airflow/dags/avito_to_raw_midraw.py
[2026-07-11T18:35:23.718+0000] {processor.py:925} INFO - DAG(s) 'avito_to_raw_midraw' retrieved from /opt/airflow/dags/avito_to_raw_midraw.py
[2026-07-11T18:35:23.742+0000] {logging_mixin.py:190} INFO - [2026-07-11T18:35:23.742+0000] {dag.py:3239} INFO - Sync 1 DAGs
[2026-07-11T18:35:23.756+0000] {logging_mixin.py:190} INFO - [2026-07-11T18:35:23.756+0000] {dag.py:4180} INFO - Setting next_dagrun for avito_to_raw_midraw to 2026-07-11 18:00:00+00:00, run_after=2026-07-11 19:00:00+00:00
[2026-07-11T18:35:23.766+0000] {processor.py:208} INFO - Processing /opt/airflow/dags/avito_to_raw_midraw.py took 0.072 seconds
[2026-07-11T18:35:54.023+0000] {processor.py:186} INFO - Started process (PID=608) to work on /opt/airflow/dags/avito_to_raw_midraw.py
[2026-07-11T18:35:54.024+0000] {processor.py:914} INFO - Processing file /opt/airflow/dags/avito_to_raw_midraw.py for tasks to queue
[2026-07-11T18:35:54.027+0000] {logging_mixin.py:190} INFO - [2026-07-11T18:35:54.026+0000] {dagbag.py:588} INFO - Filling up the DagBag from /opt/airflow/dags/avito_to_raw_midraw.py
[2026-07-11T18:35:54.041+0000] {processor.py:925} INFO - DAG(s) 'avito_to_raw_midraw' retrieved from /opt/airflow/dags/avito_to_raw_midraw.py
[2026-07-11T18:35:54.063+0000] {logging_mixin.py:190} INFO - [2026-07-11T18:35:54.063+0000] {dag.py:3239} INFO - Sync 1 DAGs
[2026-07-11T18:35:54.080+0000] {logging_mixin.py:190} INFO - [2026-07-11T18:35:54.080+0000] {dag.py:4180} INFO - Setting next_dagrun for avito_to_raw_midraw to 2026-07-11 18:00:00+00:00, run_after=2026-07-11 19:00:00+00:00
[2026-07-11T18:35:54.090+0000] {processor.py:208} INFO - Processing /opt/airflow/dags/avito_to_raw_midraw.py took 0.072 seconds
[2026-07-11T18:36:24.321+0000] {processor.py:186} INFO - Started process (PID=610) to work on /opt/airflow/dags/avito_to_raw_midraw.py
[2026-07-11T18:36:24.322+0000] {processor.py:914} INFO - Processing file /opt/airflow/dags/avito_to_raw_midraw.py for tasks to queue
[2026-07-11T18:36:24.326+0000] {logging_mixin.py:190} INFO - [2026-07-11T18:36:24.326+0000] {dagbag.py:588} INFO - Filling up the DagBag from /opt/airflow/dags/avito_to_raw_midraw.py
[2026-07-11T18:36:24.348+0000] {processor.py:925} INFO - DAG(s) 'avito_to_raw_midraw' retrieved from /opt/airflow/dags/avito_to_raw_midraw.py
[2026-07-11T18:36:24.366+0000] {logging_mixin.py:190} INFO - [2026-07-11T18:36:24.366+0000] {dag.py:3239} INFO - Sync 1 DAGs
[2026-07-11T18:36:24.382+0000] {logging_mixin.py:190} INFO - [2026-07-11T18:36:24.382+0000] {dag.py:4180} INFO - Setting next_dagrun for avito_to_raw_midraw to 2026-07-11 18:00:00+00:00, run_after=2026-07-11 19:00:00+00:00
[2026-07-11T18:36:24.396+0000] {processor.py:208} INFO - Processing /opt/airflow/dags/avito_to_raw_midraw.py took 0.082 seconds
[2026-07-11T18:36:54.596+0000] {processor.py:186} INFO - Started process (PID=612) to work on /opt/airflow/dags/avito_to_raw_midraw.py
[2026-07-11T18:36:54.597+0000] {processor.py:914} INFO - Processing file /opt/airflow/dags/avito_to_raw_midraw.py for tasks to queue
[2026-07-11T18:36:54.598+0000] {logging_mixin.py:190} INFO - [2026-07-11T18:36:54.598+0000] {dagbag.py:588} INFO - Filling up the DagBag from /opt/airflow/dags/avito_to_raw_midraw.py
[2026-07-11T18:36:54.612+0000] {processor.py:925} INFO - DAG(s) 'avito_to_raw_midraw' retrieved from /opt/airflow/dags/avito_to_raw_midraw.py
[2026-07-11T18:36:54.630+0000] {logging_mixin.py:190} INFO - [2026-07-11T18:36:54.630+0000] {dag.py:3239} INFO - Sync 1 DAGs
[2026-07-11T18:36:54.641+0000] {logging_mixin.py:190} INFO - [2026-07-11T18:36:54.641+0000] {dag.py:4180} INFO - Setting next_dagrun for avito_to_raw_midraw to 2026-07-11 18:00:00+00:00, run_after=2026-07-11 19:00:00+00:00
[2026-07-11T18:36:54.652+0000] {processor.py:208} INFO - Processing /opt/airflow/dags/avito_to_raw_midraw.py took 0.060 seconds
[2026-07-11T18:37:24.967+0000] {processor.py:186} INFO - Started process (PID=614) to work on /opt/airflow/dags/avito_to_raw_midraw.py
[2026-07-11T18:37:24.968+0000] {processor.py:914} INFO - Processing file /opt/airflow/dags/avito_to_raw_midraw.py for tasks to queue
[2026-07-11T18:37:24.969+0000] {logging_mixin.py:190} INFO - [2026-07-11T18:37:24.969+0000] {dagbag.py:588} INFO - Filling up the DagBag from /opt/airflow/dags/avito_to_raw_midraw.py
[2026-07-11T18:37:24.981+0000] {processor.py:925} INFO - DAG(s) 'avito_to_raw_midraw' retrieved from /opt/airflow/dags/avito_to_raw_midraw.py
[2026-07-11T18:37:24.998+0000] {logging_mixin.py:190} INFO - [2026-07-11T18:37:24.998+0000] {dag.py:3239} INFO - Sync 1 DAGs
[2026-07-11T18:37:25.009+0000] {logging_mixin.py:190} INFO - [2026-07-11T18:37:25.009+0000] {dag.py:4180} INFO - Setting next_dagrun for avito_to_raw_midraw to 2026-07-11 18:00:00+00:00, run_after=2026-07-11 19:00:00+00:00
[2026-07-11T18:37:25.021+0000] {processor.py:208} INFO - Processing /opt/airflow/dags/avito_to_raw_midraw.py took 0.057 seconds
[2026-07-11T18:37:55.308+0000] {processor.py:186} INFO - Started process (PID=616) to work on /opt/airflow/dags/avito_to_raw_midraw.py
[2026-07-11T18:37:55.309+0000] {processor.py:914} INFO - Processing file /opt/airflow/dags/avito_to_raw_midraw.py for tasks to queue
[2026-07-11T18:37:55.312+0000] {logging_mixin.py:190} INFO - [2026-07-11T18:37:55.312+0000] {dagbag.py:588} INFO - Filling up the DagBag from /opt/airflow/dags/avito_to_raw_midraw.py
[2026-07-11T18:37:55.324+0000] {processor.py:925} INFO - DAG(s) 'avito_to_raw_midraw' retrieved from /opt/airflow/dags/avito_to_raw_midraw.py
[2026-07-11T18:37:55.342+0000] {logging_mixin.py:190} INFO - [2026-07-11T18:37:55.342+0000] {dag.py:3239} INFO - Sync 1 DAGs
[2026-07-11T18:37:55.355+0000] {logging_mixin.py:190} INFO - [2026-07-11T18:37:55.355+0000] {dag.py:4180} INFO - Setting next_dagrun for avito_to_raw_midraw to 2026-07-11 18:00:00+00:00, run_after=2026-07-11 19:00:00+00:00
[2026-07-11T18:37:55.365+0000] {processor.py:208} INFO - Processing /opt/airflow/dags/avito_to_raw_midraw.py took 0.061 seconds
[2026-07-11T18:38:25.653+0000] {processor.py:186} INFO - Started process (PID=618) to work on /opt/airflow/dags/avito_to_raw_midraw.py
[2026-07-11T18:38:25.654+0000] {processor.py:914} INFO - Processing file /opt/airflow/dags/avito_to_raw_midraw.py for tasks to queue
[2026-07-11T18:38:25.656+0000] {logging_mixin.py:190} INFO - [2026-07-11T18:38:25.656+0000] {dagbag.py:588} INFO - Filling up the DagBag from /opt/airflow/dags/avito_to_raw_midraw.py
[2026-07-11T18:38:25.671+0000] {processor.py:925} INFO - DAG(s) 'avito_to_raw_midraw' retrieved from /opt/airflow/dags/avito_to_raw_midraw.py
[2026-07-11T18:38:25.688+0000] {logging_mixin.py:190} INFO - [2026-07-11T18:38:25.688+0000] {dag.py:3239} INFO - Sync 1 DAGs
[2026-07-11T18:38:25.700+0000] {logging_mixin.py:190} INFO - [2026-07-11T18:38:25.700+0000] {dag.py:4180} INFO - Setting next_dagrun for avito_to_raw_midraw to 2026-07-11 18:00:00+00:00, run_after=2026-07-11 19:00:00+00:00
[2026-07-11T18:38:25.708+0000] {processor.py:208} INFO - Processing /opt/airflow/dags/avito_to_raw_midraw.py took 0.059 seconds
[2026-07-11T18:38:55.959+0000] {processor.py:186} INFO - Started process (PID=620) to work on /opt/airflow/dags/avito_to_raw_midraw.py
[2026-07-11T18:38:55.959+0000] {processor.py:914} INFO - Processing file /opt/airflow/dags/avito_to_raw_midraw.py for tasks to queue
[2026-07-11T18:38:55.961+0000] {logging_mixin.py:190} INFO - [2026-07-11T18:38:55.961+0000] {dagbag.py:588} INFO - Filling up the DagBag from /opt/airflow/dags/avito_to_raw_midraw.py
[2026-07-11T18:38:55.975+0000] {processor.py:925} INFO - DAG(s) 'avito_to_raw_midraw' retrieved from /opt/airflow/dags/avito_to_raw_midraw.py
[2026-07-11T18:38:55.994+0000] {logging_mixin.py:190} INFO - [2026-07-11T18:38:55.994+0000] {dag.py:3239} INFO - Sync 1 DAGs
[2026-07-11T18:38:56.007+0000] {logging_mixin.py:190} INFO - [2026-07-11T18:38:56.006+0000] {dag.py:4180} INFO - Setting next_dagrun for avito_to_raw_midraw to 2026-07-11 18:00:00+00:00, run_after=2026-07-11 19:00:00+00:00
[2026-07-11T18:38:56.015+0000] {processor.py:208} INFO - Processing /opt/airflow/dags/avito_to_raw_midraw.py took 0.061 seconds
[2026-07-11T18:39:26.264+0000] {processor.py:186} INFO - Started process (PID=622) to work on /opt/airflow/dags/avito_to_raw_midraw.py
[2026-07-11T18:39:26.265+0000] {processor.py:914} INFO - Processing file /opt/airflow/dags/avito_to_raw_midraw.py for tasks to queue
[2026-07-11T18:39:26.267+0000] {logging_mixin.py:190} INFO - [2026-07-11T18:39:26.267+0000] {dagbag.py:588} INFO - Filling up the DagBag from /opt/airflow/dags/avito_to_raw_midraw.py
[2026-07-11T18:39:26.286+0000] {processor.py:925} INFO - DAG(s) 'avito_to_raw_midraw' retrieved from /opt/airflow/dags/avito_to_raw_midraw.py
[2026-07-11T18:39:26.306+0000] {logging_mixin.py:190} INFO - [2026-07-11T18:39:26.306+0000] {dag.py:3239} INFO - Sync 1 DAGs
[2026-07-11T18:39:26.320+0000] {logging_mixin.py:190} INFO - [2026-07-11T18:39:26.320+0000] {dag.py:4180} INFO - Setting next_dagrun for avito_to_raw_midraw to 2026-07-11 18:00:00+00:00, run_after=2026-07-11 19:00:00+00:00
[2026-07-11T18:39:26.334+0000] {processor.py:208} INFO - Processing /opt/airflow/dags/avito_to_raw_midraw.py took 0.078 seconds
[2026-07-11T18:39:56.552+0000] {processor.py:186} INFO - Started process (PID=624) to work on /opt/airflow/dags/avito_to_raw_midraw.py
[2026-07-11T18:39:56.553+0000] {processor.py:914} INFO - Processing file /opt/airflow/dags/avito_to_raw_midraw.py for tasks to queue
[2026-07-11T18:39:56.556+0000] {logging_mixin.py:190} INFO - [2026-07-11T18:39:56.556+0000] {dagbag.py:588} INFO - Filling up the DagBag from /opt/airflow/dags/avito_to_raw_midraw.py
[2026-07-11T18:39:56.571+0000] {processor.py:925} INFO - DAG(s) 'avito_to_raw_midraw' retrieved from /opt/airflow/dags/avito_to_raw_midraw.py
[2026-07-11T18:39:56.590+0000] {logging_mixin.py:190} INFO - [2026-07-11T18:39:56.590+0000] {dag.py:3239} INFO - Sync 1 DAGs
[2026-07-11T18:39:56.603+0000] {logging_mixin.py:190} INFO - [2026-07-11T18:39:56.603+0000] {dag.py:4180} INFO - Setting next_dagrun for avito_to_raw_midraw to 2026-07-11 18:00:00+00:00, run_after=2026-07-11 19:00:00+00:00
[2026-07-11T18:39:56.615+0000] {processor.py:208} INFO - Processing /opt/airflow/dags/avito_to_raw_midraw.py took 0.068 seconds
[2026-07-11T18:40:26.842+0000] {processor.py:186} INFO - Started process (PID=626) to work on /opt/airflow/dags/avito_to_raw_midraw.py
[2026-07-11T18:40:26.843+0000] {processor.py:914} INFO - Processing file /opt/airflow/dags/avito_to_raw_midraw.py for tasks to queue
[2026-07-11T18:40:26.846+0000] {logging_mixin.py:190} INFO - [2026-07-11T18:40:26.846+0000] {dagbag.py:588} INFO - Filling up the DagBag from /opt/airflow/dags/avito_to_raw_midraw.py
[2026-07-11T18:40:26.867+0000] {processor.py:925} INFO - DAG(s) 'avito_to_raw_midraw' retrieved from /opt/airflow/dags/avito_to_raw_midraw.py
[2026-07-11T18:40:26.889+0000] {logging_mixin.py:190} INFO - [2026-07-11T18:40:26.888+0000] {dag.py:3239} INFO - Sync 1 DAGs
[2026-07-11T18:40:26.902+0000] {logging_mixin.py:190} INFO - [2026-07-11T18:40:26.902+0000] {dag.py:4180} INFO - Setting next_dagrun for avito_to_raw_midraw to 2026-07-11 18:00:00+00:00, run_after=2026-07-11 19:00:00+00:00
[2026-07-11T18:40:26.913+0000] {processor.py:208} INFO - Processing /opt/airflow/dags/avito_to_raw_midraw.py took 0.077 seconds
[2026-07-11T18:40:57.117+0000] {processor.py:186} INFO - Started process (PID=628) to work on /opt/airflow/dags/avito_to_raw_midraw.py
[2026-07-11T18:40:57.118+0000] {processor.py:914} INFO - Processing file /opt/airflow/dags/avito_to_raw_midraw.py for tasks to queue
[2026-07-11T18:40:57.121+0000] {logging_mixin.py:190} INFO - [2026-07-11T18:40:57.121+0000] {dagbag.py:588} INFO - Filling up the DagBag from /opt/airflow/dags/avito_to_raw_midraw.py
[2026-07-11T18:40:57.139+0000] {processor.py:925} INFO - DAG(s) 'avito_to_raw_midraw' retrieved from /opt/airflow/dags/avito_to_raw_midraw.py
[2026-07-11T18:40:57.156+0000] {logging_mixin.py:190} INFO - [2026-07-11T18:40:57.156+0000] {dag.py:3239} INFO - Sync 1 DAGs
[2026-07-11T18:40:57.169+0000] {logging_mixin.py:190} INFO - [2026-07-11T18:40:57.168+0000] {dag.py:4180} INFO - Setting next_dagrun for avito_to_raw_midraw to 2026-07-11 18:00:00+00:00, run_after=2026-07-11 19:00:00+00:00
[2026-07-11T18:40:57.177+0000] {processor.py:208} INFO - Processing /opt/airflow/dags/avito_to_raw_midraw.py took 0.064 seconds
[2026-07-11T18:41:27.396+0000] {processor.py:186} INFO - Started process (PID=630) to work on /opt/airflow/dags/avito_to_raw_midraw.py
[2026-07-11T18:41:27.397+0000] {processor.py:914} INFO - Processing file /opt/airflow/dags/avito_to_raw_midraw.py for tasks to queue
[2026-07-11T18:41:27.399+0000] {logging_mixin.py:190} INFO - [2026-07-11T18:41:27.399+0000] {dagbag.py:588} INFO - Filling up the DagBag from /opt/airflow/dags/avito_to_raw_midraw.py
[2026-07-11T18:41:27.415+0000] {processor.py:925} INFO - DAG(s) 'avito_to_raw_midraw' retrieved from /opt/airflow/dags/avito_to_raw_midraw.py
[2026-07-11T18:41:27.432+0000] {logging_mixin.py:190} INFO - [2026-07-11T18:41:27.432+0000] {dag.py:3239} INFO - Sync 1 DAGs
[2026-07-11T18:41:27.444+0000] {logging_mixin.py:190} INFO - [2026-07-11T18:41:27.444+0000] {dag.py:4180} INFO - Setting next_dagrun for avito_to_raw_midraw to 2026-07-11 18:00:00+00:00, run_after=2026-07-11 19:00:00+00:00
[2026-07-11T18:41:27.454+0000] {processor.py:208} INFO - Processing /opt/airflow/dags/avito_to_raw_midraw.py took 0.063 seconds
[2026-07-11T18:41:57.652+0000] {processor.py:186} INFO - Started process (PID=632) to work on /opt/airflow/dags/avito_to_raw_midraw.py
[2026-07-11T18:41:57.653+0000] {processor.py:914} INFO - Processing file /opt/airflow/dags/avito_to_raw_midraw.py for tasks to queue
[2026-07-11T18:41:57.654+0000] {logging_mixin.py:190} INFO - [2026-07-11T18:41:57.654+0000] {dagbag.py:588} INFO - Filling up the DagBag from /opt/airflow/dags/avito_to_raw_midraw.py
[2026-07-11T18:41:57.664+0000] {processor.py:925} INFO - DAG(s) 'avito_to_raw_midraw' retrieved from /opt/airflow/dags/avito_to_raw_midraw.py
[2026-07-11T18:41:57.684+0000] {logging_mixin.py:190} INFO - [2026-07-11T18:41:57.684+0000] {dag.py:3239} INFO - Sync 1 DAGs
[2026-07-11T18:41:57.695+0000] {logging_mixin.py:190} INFO - [2026-07-11T18:41:57.695+0000] {dag.py:4180} INFO - Setting next_dagrun for avito_to_raw_midraw to 2026-07-11 18:00:00+00:00, run_after=2026-07-11 19:00:00+00:00
[2026-07-11T18:41:57.706+0000] {processor.py:208} INFO - Processing /opt/airflow/dags/avito_to_raw_midraw.py took 0.057 seconds
[2026-07-11T18:42:28.010+0000] {processor.py:186} INFO - Started process (PID=634) to work on /opt/airflow/dags/avito_to_raw_midraw.py
[2026-07-11T18:42:28.010+0000] {processor.py:914} INFO - Processing file /opt/airflow/dags/avito_to_raw_midraw.py for tasks to queue
[2026-07-11T18:42:28.012+0000] {logging_mixin.py:190} INFO - [2026-07-11T18:42:28.011+0000] {dagbag.py:588} INFO - Filling up the DagBag from /opt/airflow/dags/avito_to_raw_midraw.py
[2026-07-11T18:42:28.023+0000] {processor.py:925} INFO - DAG(s) 'avito_to_raw_midraw' retrieved from /opt/airflow/dags/avito_to_raw_midraw.py
[2026-07-11T18:42:28.042+0000] {logging_mixin.py:190} INFO - [2026-07-11T18:42:28.042+0000] {dag.py:3239} INFO - Sync 1 DAGs
[2026-07-11T18:42:28.053+0000] {logging_mixin.py:190} INFO - [2026-07-11T18:42:28.053+0000] {dag.py:4180} INFO - Setting next_dagrun for avito_to_raw_midraw to 2026-07-11 18:00:00+00:00, run_after=2026-07-11 19:00:00+00:00
[2026-07-11T18:42:28.062+0000] {processor.py:208} INFO - Processing /opt/airflow/dags/avito_to_raw_midraw.py took 0.057 seconds
[2026-07-11T18:42:58.293+0000] {processor.py:186} INFO - Started process (PID=636) to work on /opt/airflow/dags/avito_to_raw_midraw.py
[2026-07-11T18:42:58.294+0000] {processor.py:914} INFO - Processing file /opt/airflow/dags/avito_to_raw_midraw.py for tasks to queue
[2026-07-11T18:42:58.296+0000] {logging_mixin.py:190} INFO - [2026-07-11T18:42:58.296+0000] {dagbag.py:588} INFO - Filling up the DagBag from /opt/airflow/dags/avito_to_raw_midraw.py
[2026-07-11T18:42:58.310+0000] {processor.py:925} INFO - DAG(s) 'avito_to_raw_midraw' retrieved from /opt/airflow/dags/avito_to_raw_midraw.py
[2026-07-11T18:42:58.327+0000] {logging_mixin.py:190} INFO - [2026-07-11T18:42:58.327+0000] {dag.py:3239} INFO - Sync 1 DAGs
[2026-07-11T18:42:58.340+0000] {logging_mixin.py:190} INFO - [2026-07-11T18:42:58.340+0000] {dag.py:4180} INFO - Setting next_dagrun for avito_to_raw_midraw to 2026-07-11 18:00:00+00:00, run_after=2026-07-11 19:00:00+00:00
[2026-07-11T18:42:58.352+0000] {processor.py:208} INFO - Processing /opt/airflow/dags/avito_to_raw_midraw.py took 0.063 seconds
[2026-07-11T18:43:28.582+0000] {processor.py:186} INFO - Started process (PID=638) to work on /opt/airflow/dags/avito_to_raw_midraw.py
[2026-07-11T18:43:28.583+0000] {processor.py:914} INFO - Processing file /opt/airflow/dags/avito_to_raw_midraw.py for tasks to queue
[2026-07-11T18:43:28.585+0000] {logging_mixin.py:190} INFO - [2026-07-11T18:43:28.585+0000] {dagbag.py:588} INFO - Filling up the DagBag from /opt/airflow/dags/avito_to_raw_midraw.py
[2026-07-11T18:43:28.595+0000] {processor.py:925} INFO - DAG(s) 'avito_to_raw_midraw' retrieved from /opt/airflow/dags/avito_to_raw_midraw.py
[2026-07-11T18:43:28.613+0000] {logging_mixin.py:190} INFO - [2026-07-11T18:43:28.612+0000] {dag.py:3239} INFO - Sync 1 DAGs
[2026-07-11T18:43:28.629+0000] {logging_mixin.py:190} INFO - [2026-07-11T18:43:28.629+0000] {dag.py:4180} INFO - Setting next_dagrun for avito_to_raw_midraw to 2026-07-11 18:00:00+00:00, run_after=2026-07-11 19:00:00+00:00
[2026-07-11T18:43:28.637+0000] {processor.py:208} INFO - Processing /opt/airflow/dags/avito_to_raw_midraw.py took 0.059 seconds
[2026-07-11T18:43:59.046+0000] {processor.py:186} INFO - Started process (PID=640) to work on /opt/airflow/dags/avito_to_raw_midraw.py
[2026-07-11T18:43:59.047+0000] {processor.py:914} INFO - Processing file /opt/airflow/dags/avito_to_raw_midraw.py for tasks to queue
[2026-07-11T18:43:59.050+0000] {logging_mixin.py:190} INFO - [2026-07-11T18:43:59.049+0000] {dagbag.py:588} INFO - Filling up the DagBag from /opt/airflow/dags/avito_to_raw_midraw.py
[2026-07-11T18:43:59.073+0000] {processor.py:925} INFO - DAG(s) 'avito_to_raw_midraw' retrieved from /opt/airflow/dags/avito_to_raw_midraw.py
[2026-07-11T18:43:59.096+0000] {logging_mixin.py:190} INFO - [2026-07-11T18:43:59.096+0000] {dag.py:3239} INFO - Sync 1 DAGs
[2026-07-11T18:43:59.115+0000] {logging_mixin.py:190} INFO - [2026-07-11T18:43:59.114+0000] {dag.py:4180} INFO - Setting next_dagrun for avito_to_raw_midraw to 2026-07-11 18:00:00+00:00, run_after=2026-07-11 19:00:00+00:00
[2026-07-11T18:43:59.125+0000] {processor.py:208} INFO - Processing /opt/airflow/dags/avito_to_raw_midraw.py took 0.085 seconds
[2026-07-11T18:44:29.366+0000] {processor.py:186} INFO - Started process (PID=642) to work on /opt/airflow/dags/avito_to_raw_midraw.py
[2026-07-11T18:44:29.367+0000] {processor.py:914} INFO - Processing file /opt/airflow/dags/avito_to_raw_midraw.py for tasks to queue
[2026-07-11T18:44:29.369+0000] {logging_mixin.py:190} INFO - [2026-07-11T18:44:29.369+0000] {dagbag.py:588} INFO - Filling up the DagBag from /opt/airflow/dags/avito_to_raw_midraw.py
[2026-07-11T18:44:29.381+0000] {processor.py:925} INFO - DAG(s) 'avito_to_raw_midraw' retrieved from /opt/airflow/dags/avito_to_raw_midraw.py
[2026-07-11T18:44:29.396+0000] {logging_mixin.py:190} INFO - [2026-07-11T18:44:29.396+0000] {dag.py:3239} INFO - Sync 1 DAGs
[2026-07-11T18:44:29.408+0000] {logging_mixin.py:190} INFO - [2026-07-11T18:44:29.408+0000] {dag.py:4180} INFO - Setting next_dagrun for avito_to_raw_midraw to 2026-07-11 18:00:00+00:00, run_after=2026-07-11 19:00:00+00:00
[2026-07-11T18:44:29.420+0000] {processor.py:208} INFO - Processing /opt/airflow/dags/avito_to_raw_midraw.py took 0.058 seconds
[2026-07-11T18:44:59.691+0000] {processor.py:186} INFO - Started process (PID=644) to work on /opt/airflow/dags/avito_to_raw_midraw.py
[2026-07-11T18:44:59.691+0000] {processor.py:914} INFO - Processing file /opt/airflow/dags/avito_to_raw_midraw.py for tasks to queue
[2026-07-11T18:44:59.693+0000] {logging_mixin.py:190} INFO - [2026-07-11T18:44:59.693+0000] {dagbag.py:588} INFO - Filling up the DagBag from /opt/airflow/dags/avito_to_raw_midraw.py
[2026-07-11T18:44:59.709+0000] {processor.py:925} INFO - DAG(s) 'avito_to_raw_midraw' retrieved from /opt/airflow/dags/avito_to_raw_midraw.py
[2026-07-11T18:44:59.724+0000] {logging_mixin.py:190} INFO - [2026-07-11T18:44:59.724+0000] {dag.py:3239} INFO - Sync 1 DAGs
[2026-07-11T18:44:59.737+0000] {logging_mixin.py:190} INFO - [2026-07-11T18:44:59.736+0000] {dag.py:4180} INFO - Setting next_dagrun for avito_to_raw_midraw to 2026-07-11 18:00:00+00:00, run_after=2026-07-11 19:00:00+00:00
[2026-07-11T18:44:59.745+0000] {processor.py:208} INFO - Processing /opt/airflow/dags/avito_to_raw_midraw.py took 0.058 seconds
[2026-07-11T18:45:29.988+0000] {processor.py:186} INFO - Started process (PID=646) to work on /opt/airflow/dags/avito_to_raw_midraw.py
[2026-07-11T18:45:29.989+0000] {processor.py:914} INFO - Processing file /opt/airflow/dags/avito_to_raw_midraw.py for tasks to queue
[2026-07-11T18:45:29.992+0000] {logging_mixin.py:190} INFO - [2026-07-11T18:45:29.992+0000] {dagbag.py:588} INFO - Filling up the DagBag from /opt/airflow/dags/avito_to_raw_midraw.py
[2026-07-11T18:45:30.007+0000] {processor.py:925} INFO - DAG(s) 'avito_to_raw_midraw' retrieved from /opt/airflow/dags/avito_to_raw_midraw.py
[2026-07-11T18:45:30.026+0000] {logging_mixin.py:190} INFO - [2026-07-11T18:45:30.026+0000] {dag.py:3239} INFO - Sync 1 DAGs
[2026-07-11T18:45:30.039+0000] {logging_mixin.py:190} INFO - [2026-07-11T18:45:30.039+0000] {dag.py:4180} INFO - Setting next_dagrun for avito_to_raw_midraw to 2026-07-11 18:00:00+00:00, run_after=2026-07-11 19:00:00+00:00
[2026-07-11T18:45:30.048+0000] {processor.py:208} INFO - Processing /opt/airflow/dags/avito_to_raw_midraw.py took 0.064 seconds
[2026-07-11T18:46:00.270+0000] {processor.py:186} INFO - Started process (PID=648) to work on /opt/airflow/dags/avito_to_raw_midraw.py
[2026-07-11T18:46:00.270+0000] {processor.py:914} INFO - Processing file /opt/airflow/dags/avito_to_raw_midraw.py for tasks to queue
[2026-07-11T18:46:00.273+0000] {logging_mixin.py:190} INFO - [2026-07-11T18:46:00.273+0000] {dagbag.py:588} INFO - Filling up the DagBag from /opt/airflow/dags/avito_to_raw_midraw.py
[2026-07-11T18:46:00.294+0000] {processor.py:925} INFO - DAG(s) 'avito_to_raw_midraw' retrieved from /opt/airflow/dags/avito_to_raw_midraw.py
[2026-07-11T18:46:00.316+0000] {logging_mixin.py:190} INFO - [2026-07-11T18:46:00.316+0000] {dag.py:3239} INFO - Sync 1 DAGs
[2026-07-11T18:46:00.330+0000] {logging_mixin.py:190} INFO - [2026-07-11T18:46:00.330+0000] {dag.py:4180} INFO - Setting next_dagrun for avito_to_raw_midraw to 2026-07-11 18:00:00+00:00, run_after=2026-07-11 19:00:00+00:00
[2026-07-11T18:46:00.341+0000] {processor.py:208} INFO - Processing /opt/airflow/dags/avito_to_raw_midraw.py took 0.077 seconds
[2026-07-11T18:46:30.562+0000] {processor.py:186} INFO - Started process (PID=650) to work on /opt/airflow/dags/avito_to_raw_midraw.py
[2026-07-11T18:46:30.562+0000] {processor.py:914} INFO - Processing file /opt/airflow/dags/avito_to_raw_midraw.py for tasks to queue
[2026-07-11T18:46:30.563+0000] {logging_mixin.py:190} INFO - [2026-07-11T18:46:30.563+0000] {dagbag.py:588} INFO - Filling up the DagBag from /opt/airflow/dags/avito_to_raw_midraw.py
[2026-07-11T18:46:30.574+0000] {processor.py:925} INFO - DAG(s) 'avito_to_raw_midraw' retrieved from /opt/airflow/dags/avito_to_raw_midraw.py
[2026-07-11T18:46:30.592+0000] {logging_mixin.py:190} INFO - [2026-07-11T18:46:30.592+0000] {dag.py:3239} INFO - Sync 1 DAGs
[2026-07-11T18:46:30.607+0000] {logging_mixin.py:190} INFO - [2026-07-11T18:46:30.607+0000] {dag.py:4180} INFO - Setting next_dagrun for avito_to_raw_midraw to 2026-07-11 18:00:00+00:00, run_after=2026-07-11 19:00:00+00:00
[2026-07-11T18:46:30.619+0000] {processor.py:208} INFO - Processing /opt/airflow/dags/avito_to_raw_midraw.py took 0.061 seconds
[2026-07-11T18:47:00.892+0000] {processor.py:186} INFO - Started process (PID=652) to work on /opt/airflow/dags/avito_to_raw_midraw.py
[2026-07-11T18:47:00.893+0000] {processor.py:914} INFO - Processing file /opt/airflow/dags/avito_to_raw_midraw.py for tasks to queue
[2026-07-11T18:47:00.895+0000] {logging_mixin.py:190} INFO - [2026-07-11T18:47:00.894+0000] {dagbag.py:588} INFO - Filling up the DagBag from /opt/airflow/dags/avito_to_raw_midraw.py
[2026-07-11T18:47:00.907+0000] {processor.py:925} INFO - DAG(s) 'avito_to_raw_midraw' retrieved from /opt/airflow/dags/avito_to_raw_midraw.py
[2026-07-11T18:47:00.927+0000] {logging_mixin.py:190} INFO - [2026-07-11T18:47:00.927+0000] {dag.py:3239} INFO - Sync 1 DAGs
[2026-07-11T18:47:00.939+0000] {logging_mixin.py:190} INFO - [2026-07-11T18:47:00.939+0000] {dag.py:4180} INFO - Setting next_dagrun for avito_to_raw_midraw to 2026-07-11 18:00:00+00:00, run_after=2026-07-11 19:00:00+00:00
[2026-07-11T18:47:00.948+0000] {processor.py:208} INFO - Processing /opt/airflow/dags/avito_to_raw_midraw.py took 0.060 seconds
[2026-07-11T18:47:31.205+0000] {processor.py:186} INFO - Started process (PID=654) to work on /opt/airflow/dags/avito_to_raw_midraw.py
[2026-07-11T18:47:31.206+0000] {processor.py:914} INFO - Processing file /opt/airflow/dags/avito_to_raw_midraw.py for tasks to queue
[2026-07-11T18:47:31.208+0000] {logging_mixin.py:190} INFO - [2026-07-11T18:47:31.208+0000] {dagbag.py:588} INFO - Filling up the DagBag from /opt/airflow/dags/avito_to_raw_midraw.py
[2026-07-11T18:47:31.222+0000] {processor.py:925} INFO - DAG(s) 'avito_to_raw_midraw' retrieved from /opt/airflow/dags/avito_to_raw_midraw.py
[2026-07-11T18:47:31.239+0000] {logging_mixin.py:190} INFO - [2026-07-11T18:47:31.239+0000] {dag.py:3239} INFO - Sync 1 DAGs
[2026-07-11T18:47:31.251+0000] {logging_mixin.py:190} INFO - [2026-07-11T18:47:31.251+0000] {dag.py:4180} INFO - Setting next_dagrun for avito_to_raw_midraw to 2026-07-11 18:00:00+00:00, run_after=2026-07-11 19:00:00+00:00
[2026-07-11T18:47:31.261+0000] {processor.py:208} INFO - Processing /opt/airflow/dags/avito_to_raw_midraw.py took 0.060 seconds
[2026-07-11T18:48:01.470+0000] {processor.py:186} INFO - Started process (PID=656) to work on /opt/airflow/dags/avito_to_raw_midraw.py
[2026-07-11T18:48:01.471+0000] {processor.py:914} INFO - Processing file /opt/airflow/dags/avito_to_raw_midraw.py for tasks to queue
[2026-07-11T18:48:01.472+0000] {logging_mixin.py:190} INFO - [2026-07-11T18:48:01.472+0000] {dagbag.py:588} INFO - Filling up the DagBag from /opt/airflow/dags/avito_to_raw_midraw.py
[2026-07-11T18:48:01.485+0000] {processor.py:925} INFO - DAG(s) 'avito_to_raw_midraw' retrieved from /opt/airflow/dags/avito_to_raw_midraw.py
[2026-07-11T18:48:01.502+0000] {logging_mixin.py:190} INFO - [2026-07-11T18:48:01.502+0000] {dag.py:3239} INFO - Sync 1 DAGs
[2026-07-11T18:48:01.514+0000] {logging_mixin.py:190} INFO - [2026-07-11T18:48:01.514+0000] {dag.py:4180} INFO - Setting next_dagrun for avito_to_raw_midraw to 2026-07-11 18:00:00+00:00, run_after=2026-07-11 19:00:00+00:00
[2026-07-11T18:48:01.524+0000] {processor.py:208} INFO - Processing /opt/airflow/dags/avito_to_raw_midraw.py took 0.057 seconds
[2026-07-11T18:48:31.822+0000] {processor.py:186} INFO - Started process (PID=658) to work on /opt/airflow/dags/avito_to_raw_midraw.py
[2026-07-11T18:48:31.822+0000] {processor.py:914} INFO - Processing file /opt/airflow/dags/avito_to_raw_midraw.py for tasks to queue
[2026-07-11T18:48:31.824+0000] {logging_mixin.py:190} INFO - [2026-07-11T18:48:31.824+0000] {dagbag.py:588} INFO - Filling up the DagBag from /opt/airflow/dags/avito_to_raw_midraw.py
[2026-07-11T18:48:31.835+0000] {processor.py:925} INFO - DAG(s) 'avito_to_raw_midraw' retrieved from /opt/airflow/dags/avito_to_raw_midraw.py
[2026-07-11T18:48:31.853+0000] {logging_mixin.py:190} INFO - [2026-07-11T18:48:31.853+0000] {dag.py:3239} INFO - Sync 1 DAGs
[2026-07-11T18:48:31.863+0000] {logging_mixin.py:190} INFO - [2026-07-11T18:48:31.863+0000] {dag.py:4180} INFO - Setting next_dagrun for avito_to_raw_midraw to 2026-07-11 18:00:00+00:00, run_after=2026-07-11 19:00:00+00:00
[2026-07-11T18:48:31.872+0000] {processor.py:208} INFO - Processing /opt/airflow/dags/avito_to_raw_midraw.py took 0.054 seconds
[2026-07-11T18:49:02.185+0000] {processor.py:186} INFO - Started process (PID=660) to work on /opt/airflow/dags/avito_to_raw_midraw.py
[2026-07-11T18:49:02.186+0000] {processor.py:914} INFO - Processing file /opt/airflow/dags/avito_to_raw_midraw.py for tasks to queue
[2026-07-11T18:49:02.189+0000] {logging_mixin.py:190} INFO - [2026-07-11T18:49:02.188+0000] {dagbag.py:588} INFO - Filling up the DagBag from /opt/airflow/dags/avito_to_raw_midraw.py
[2026-07-11T18:49:02.201+0000] {processor.py:925} INFO - DAG(s) 'avito_to_raw_midraw' retrieved from /opt/airflow/dags/avito_to_raw_midraw.py
[2026-07-11T18:49:02.218+0000] {logging_mixin.py:190} INFO - [2026-07-11T18:49:02.218+0000] {dag.py:3239} INFO - Sync 1 DAGs
[2026-07-11T18:49:02.234+0000] {logging_mixin.py:190} INFO - [2026-07-11T18:49:02.234+0000] {dag.py:4180} INFO - Setting next_dagrun for avito_to_raw_midraw to 2026-07-11 18:00:00+00:00, run_after=2026-07-11 19:00:00+00:00
[2026-07-11T18:49:02.247+0000] {processor.py:208} INFO - Processing /opt/airflow/dags/avito_to_raw_midraw.py took 0.066 seconds
[2026-07-11T18:49:32.508+0000] {processor.py:186} INFO - Started process (PID=662) to work on /opt/airflow/dags/avito_to_raw_midraw.py
[2026-07-11T18:49:32.509+0000] {processor.py:914} INFO - Processing file /opt/airflow/dags/avito_to_raw_midraw.py for tasks to queue
[2026-07-11T18:49:32.511+0000] {logging_mixin.py:190} INFO - [2026-07-11T18:49:32.511+0000] {dagbag.py:588} INFO - Filling up the DagBag from /opt/airflow/dags/avito_to_raw_midraw.py
[2026-07-11T18:49:32.532+0000] {processor.py:925} INFO - DAG(s) 'avito_to_raw_midraw' retrieved from /opt/airflow/dags/avito_to_raw_midraw.py
[2026-07-11T18:49:32.548+0000] {logging_mixin.py:190} INFO - [2026-07-11T18:49:32.548+0000] {dag.py:3239} INFO - Sync 1 DAGs
[2026-07-11T18:49:32.563+0000] {logging_mixin.py:190} INFO - [2026-07-11T18:49:32.563+0000] {dag.py:4180} INFO - Setting next_dagrun for avito_to_raw_midraw to 2026-07-11 18:00:00+00:00, run_after=2026-07-11 19:00:00+00:00
[2026-07-11T18:49:32.572+0000] {processor.py:208} INFO - Processing /opt/airflow/dags/avito_to_raw_midraw.py took 0.068 seconds
[2026-07-11T18:50:02.810+0000] {processor.py:186} INFO - Started process (PID=664) to work on /opt/airflow/dags/avito_to_raw_midraw.py
[2026-07-11T18:50:02.811+0000] {processor.py:914} INFO - Processing file /opt/airflow/dags/avito_to_raw_midraw.py for tasks to queue
[2026-07-11T18:50:02.814+0000] {logging_mixin.py:190} INFO - [2026-07-11T18:50:02.814+0000] {dagbag.py:588} INFO - Filling up the DagBag from /opt/airflow/dags/avito_to_raw_midraw.py
[2026-07-11T18:50:02.831+0000] {processor.py:925} INFO - DAG(s) 'avito_to_raw_midraw' retrieved from /opt/airflow/dags/avito_to_raw_midraw.py
[2026-07-11T18:50:02.849+0000] {logging_mixin.py:190} INFO - [2026-07-11T18:50:02.848+0000] {dag.py:3239} INFO - Sync 1 DAGs
[2026-07-11T18:50:02.860+0000] {logging_mixin.py:190} INFO - [2026-07-11T18:50:02.860+0000] {dag.py:4180} INFO - Setting next_dagrun for avito_to_raw_midraw to 2026-07-11 18:00:00+00:00, run_after=2026-07-11 19:00:00+00:00
[2026-07-11T18:50:02.868+0000] {processor.py:208} INFO - Processing /opt/airflow/dags/avito_to_raw_midraw.py took 0.063 seconds
[2026-07-11T18:50:33.108+0000] {processor.py:186} INFO - Started process (PID=666) to work on /opt/airflow/dags/avito_to_raw_midraw.py
[2026-07-11T18:50:33.109+0000] {processor.py:914} INFO - Processing file /opt/airflow/dags/avito_to_raw_midraw.py for tasks to queue
[2026-07-11T18:50:33.111+0000] {logging_mixin.py:190} INFO - [2026-07-11T18:50:33.110+0000] {dagbag.py:588} INFO - Filling up the DagBag from /opt/airflow/dags/avito_to_raw_midraw.py
[2026-07-11T18:50:33.126+0000] {processor.py:925} INFO - DAG(s) 'avito_to_raw_midraw' retrieved from /opt/airflow/dags/avito_to_raw_midraw.py
[2026-07-11T18:50:33.143+0000] {logging_mixin.py:190} INFO - [2026-07-11T18:50:33.143+0000] {dag.py:3239} INFO - Sync 1 DAGs
[2026-07-11T18:50:33.155+0000] {logging_mixin.py:190} INFO - [2026-07-11T18:50:33.155+0000] {dag.py:4180} INFO - Setting next_dagrun for avito_to_raw_midraw to 2026-07-11 18:00:00+00:00, run_after=2026-07-11 19:00:00+00:00
[2026-07-11T18:50:33.166+0000] {processor.py:208} INFO - Processing /opt/airflow/dags/avito_to_raw_midraw.py took 0.062 seconds
[2026-07-11T18:51:03.398+0000] {processor.py:186} INFO - Started process (PID=668) to work on /opt/airflow/dags/avito_to_raw_midraw.py
[2026-07-11T18:51:03.398+0000] {processor.py:914} INFO - Processing file /opt/airflow/dags/avito_to_raw_midraw.py for tasks to queue
[2026-07-11T18:51:03.400+0000] {logging_mixin.py:190} INFO - [2026-07-11T18:51:03.400+0000] {dagbag.py:588} INFO - Filling up the DagBag from /opt/airflow/dags/avito_to_raw_midraw.py
[2026-07-11T18:51:03.414+0000] {processor.py:925} INFO - DAG(s) 'avito_to_raw_midraw' retrieved from /opt/airflow/dags/avito_to_raw_midraw.py
[2026-07-11T18:51:03.431+0000] {logging_mixin.py:190} INFO - [2026-07-11T18:51:03.431+0000] {dag.py:3239} INFO - Sync 1 DAGs
[2026-07-11T18:51:03.444+0000] {logging_mixin.py:190} INFO - [2026-07-11T18:51:03.444+0000] {dag.py:4180} INFO - Setting next_dagrun for avito_to_raw_midraw to 2026-07-11 18:00:00+00:00, run_after=2026-07-11 19:00:00+00:00
[2026-07-11T18:51:03.457+0000] {processor.py:208} INFO - Processing /opt/airflow/dags/avito_to_raw_midraw.py took 0.063 seconds
[2026-07-11T18:51:33.785+0000] {processor.py:186} INFO - Started process (PID=670) to work on /opt/airflow/dags/avito_to_raw_midraw.py
[2026-07-11T18:51:33.785+0000] {processor.py:914} INFO - Processing file /opt/airflow/dags/avito_to_raw_midraw.py for tasks to queue
[2026-07-11T18:51:33.787+0000] {logging_mixin.py:190} INFO - [2026-07-11T18:51:33.787+0000] {dagbag.py:588} INFO - Filling up the DagBag from /opt/airflow/dags/avito_to_raw_midraw.py
[2026-07-11T18:51:33.800+0000] {processor.py:925} INFO - DAG(s) 'avito_to_raw_midraw' retrieved from /opt/airflow/dags/avito_to_raw_midraw.py
[2026-07-11T18:51:33.815+0000] {logging_mixin.py:190} INFO - [2026-07-11T18:51:33.815+0000] {dag.py:3239} INFO - Sync 1 DAGs
[2026-07-11T18:51:33.827+0000] {logging_mixin.py:190} INFO - [2026-07-11T18:51:33.827+0000] {dag.py:4180} INFO - Setting next_dagrun for avito_to_raw_midraw to 2026-07-11 18:00:00+00:00, run_after=2026-07-11 19:00:00+00:00
[2026-07-11T18:51:33.837+0000] {processor.py:208} INFO - Processing /opt/airflow/dags/avito_to_raw_midraw.py took 0.056 seconds
[2026-07-11T18:52:04.110+0000] {processor.py:186} INFO - Started process (PID=672) to work on /opt/airflow/dags/avito_to_raw_midraw.py
[2026-07-11T18:52:04.111+0000] {processor.py:914} INFO - Processing file /opt/airflow/dags/avito_to_raw_midraw.py for tasks to queue
[2026-07-11T18:52:04.113+0000] {logging_mixin.py:190} INFO - [2026-07-11T18:52:04.113+0000] {dagbag.py:588} INFO - Filling up the DagBag from /opt/airflow/dags/avito_to_raw_midraw.py
[2026-07-11T18:52:04.133+0000] {processor.py:925} INFO - DAG(s) 'avito_to_raw_midraw' retrieved from /opt/airflow/dags/avito_to_raw_midraw.py
[2026-07-11T18:52:04.152+0000] {logging_mixin.py:190} INFO - [2026-07-11T18:52:04.152+0000] {dag.py:3239} INFO - Sync 1 DAGs
[2026-07-11T18:52:04.167+0000] {logging_mixin.py:190} INFO - [2026-07-11T18:52:04.166+0000] {dag.py:4180} INFO - Setting next_dagrun for avito_to_raw_midraw to 2026-07-11 18:00:00+00:00, run_after=2026-07-11 19:00:00+00:00
[2026-07-11T18:52:04.177+0000] {processor.py:208} INFO - Processing /opt/airflow/dags/avito_to_raw_midraw.py took 0.073 seconds
[2026-07-11T18:52:34.418+0000] {processor.py:186} INFO - Started process (PID=674) to work on /opt/airflow/dags/avito_to_raw_midraw.py
[2026-07-11T18:52:34.419+0000] {processor.py:914} INFO - Processing file /opt/airflow/dags/avito_to_raw_midraw.py for tasks to queue
[2026-07-11T18:52:34.420+0000] {logging_mixin.py:190} INFO - [2026-07-11T18:52:34.420+0000] {dagbag.py:588} INFO - Filling up the DagBag from /opt/airflow/dags/avito_to_raw_midraw.py
[2026-07-11T18:52:34.432+0000] {processor.py:925} INFO - DAG(s) 'avito_to_raw_midraw' retrieved from /opt/airflow/dags/avito_to_raw_midraw.py
[2026-07-11T18:52:34.451+0000] {logging_mixin.py:190} INFO - [2026-07-11T18:52:34.451+0000] {dag.py:3239} INFO - Sync 1 DAGs
[2026-07-11T18:52:34.463+0000] {logging_mixin.py:190} INFO - [2026-07-11T18:52:34.463+0000] {dag.py:4180} INFO - Setting next_dagrun for avito_to_raw_midraw to 2026-07-11 18:00:00+00:00, run_after=2026-07-11 19:00:00+00:00
[2026-07-11T18:52:34.473+0000] {processor.py:208} INFO - Processing /opt/airflow/dags/avito_to_raw_midraw.py took 0.059 seconds
[2026-07-11T18:53:04.738+0000] {processor.py:186} INFO - Started process (PID=676) to work on /opt/airflow/dags/avito_to_raw_midraw.py
[2026-07-11T18:53:04.739+0000] {processor.py:914} INFO - Processing file /opt/airflow/dags/avito_to_raw_midraw.py for tasks to queue
[2026-07-11T18:53:04.741+0000] {logging_mixin.py:190} INFO - [2026-07-11T18:53:04.740+0000] {dagbag.py:588} INFO - Filling up the DagBag from /opt/airflow/dags/avito_to_raw_midraw.py
[2026-07-11T18:53:04.752+0000] {processor.py:925} INFO - DAG(s) 'avito_to_raw_midraw' retrieved from /opt/airflow/dags/avito_to_raw_midraw.py
[2026-07-11T18:53:04.766+0000] {logging_mixin.py:190} INFO - [2026-07-11T18:53:04.766+0000] {dag.py:3239} INFO - Sync 1 DAGs
[2026-07-11T18:53:04.777+0000] {logging_mixin.py:190} INFO - [2026-07-11T18:53:04.777+0000] {dag.py:4180} INFO - Setting next_dagrun for avito_to_raw_midraw to 2026-07-11 18:00:00+00:00, run_after=2026-07-11 19:00:00+00:00
[2026-07-11T18:53:04.789+0000] {processor.py:208} INFO - Processing /opt/airflow/dags/avito_to_raw_midraw.py took 0.055 seconds
[2026-07-11T18:53:35.061+0000] {processor.py:186} INFO - Started process (PID=678) to work on /opt/airflow/dags/avito_to_raw_midraw.py
[2026-07-11T18:53:35.062+0000] {processor.py:914} INFO - Processing file /opt/airflow/dags/avito_to_raw_midraw.py for tasks to queue
[2026-07-11T18:53:35.063+0000] {logging_mixin.py:190} INFO - [2026-07-11T18:53:35.063+0000] {dagbag.py:588} INFO - Filling up the DagBag from /opt/airflow/dags/avito_to_raw_midraw.py
[2026-07-11T18:53:35.076+0000] {processor.py:925} INFO - DAG(s) 'avito_to_raw_midraw' retrieved from /opt/airflow/dags/avito_to_raw_midraw.py
[2026-07-11T18:53:35.091+0000] {logging_mixin.py:190} INFO - [2026-07-11T18:53:35.091+0000] {dag.py:3239} INFO - Sync 1 DAGs
[2026-07-11T18:53:35.102+0000] {logging_mixin.py:190} INFO - [2026-07-11T18:53:35.102+0000] {dag.py:4180} INFO - Setting next_dagrun for avito_to_raw_midraw to 2026-07-11 18:00:00+00:00, run_after=2026-07-11 19:00:00+00:00
[2026-07-11T18:53:35.114+0000] {processor.py:208} INFO - Processing /opt/airflow/dags/avito_to_raw_midraw.py took 0.057 seconds
[2026-07-11T18:54:05.408+0000] {processor.py:186} INFO - Started process (PID=680) to work on /opt/airflow/dags/avito_to_raw_midraw.py
[2026-07-11T18:54:05.409+0000] {processor.py:914} INFO - Processing file /opt/airflow/dags/avito_to_raw_midraw.py for tasks to queue
[2026-07-11T18:54:05.411+0000] {logging_mixin.py:190} INFO - [2026-07-11T18:54:05.411+0000] {dagbag.py:588} INFO - Filling up the DagBag from /opt/airflow/dags/avito_to_raw_midraw.py
[2026-07-11T18:54:05.427+0000] {processor.py:925} INFO - DAG(s) 'avito_to_raw_midraw' retrieved from /opt/airflow/dags/avito_to_raw_midraw.py
[2026-07-11T18:54:05.445+0000] {logging_mixin.py:190} INFO - [2026-07-11T18:54:05.445+0000] {dag.py:3239} INFO - Sync 1 DAGs
[2026-07-11T18:54:05.457+0000] {logging_mixin.py:190} INFO - [2026-07-11T18:54:05.457+0000] {dag.py:4180} INFO - Setting next_dagrun for avito_to_raw_midraw to 2026-07-11 18:00:00+00:00, run_after=2026-07-11 19:00:00+00:00
[2026-07-11T18:54:05.467+0000] {processor.py:208} INFO - Processing /opt/airflow/dags/avito_to_raw_midraw.py took 0.066 seconds
[2026-07-11T18:54:35.708+0000] {processor.py:186} INFO - Started process (PID=682) to work on /opt/airflow/dags/avito_to_raw_midraw.py
[2026-07-11T18:54:35.709+0000] {processor.py:914} INFO - Processing file /opt/airflow/dags/avito_to_raw_midraw.py for tasks to queue
[2026-07-11T18:54:35.710+0000] {logging_mixin.py:190} INFO - [2026-07-11T18:54:35.710+0000] {dagbag.py:588} INFO - Filling up the DagBag from /opt/airflow/dags/avito_to_raw_midraw.py
[2026-07-11T18:54:35.724+0000] {processor.py:925} INFO - DAG(s) 'avito_to_raw_midraw' retrieved from /opt/airflow/dags/avito_to_raw_midraw.py
[2026-07-11T18:54:35.742+0000] {logging_mixin.py:190} INFO - [2026-07-11T18:54:35.742+0000] {dag.py:3239} INFO - Sync 1 DAGs
[2026-07-11T18:54:35.753+0000] {logging_mixin.py:190} INFO - [2026-07-11T18:54:35.753+0000] {dag.py:4180} INFO - Setting next_dagrun for avito_to_raw_midraw to 2026-07-11 18:00:00+00:00, run_after=2026-07-11 19:00:00+00:00
[2026-07-11T18:54:35.764+0000] {processor.py:208} INFO - Processing /opt/airflow/dags/avito_to_raw_midraw.py took 0.059 seconds
[2026-07-11T18:55:06.170+0000] {processor.py:186} INFO - Started process (PID=684) to work on /opt/airflow/dags/avito_to_raw_midraw.py
[2026-07-11T18:55:06.170+0000] {processor.py:914} INFO - Processing file /opt/airflow/dags/avito_to_raw_midraw.py for tasks to queue
[2026-07-11T18:55:06.173+0000] {logging_mixin.py:190} INFO - [2026-07-11T18:55:06.172+0000] {dagbag.py:588} INFO - Filling up the DagBag from /opt/airflow/dags/avito_to_raw_midraw.py
[2026-07-11T18:55:06.189+0000] {processor.py:925} INFO - DAG(s) 'avito_to_raw_midraw' retrieved from /opt/airflow/dags/avito_to_raw_midraw.py
[2026-07-11T18:55:06.210+0000] {logging_mixin.py:190} INFO - [2026-07-11T18:55:06.210+0000] {dag.py:3239} INFO - Sync 1 DAGs
[2026-07-11T18:55:06.223+0000] {logging_mixin.py:190} INFO - [2026-07-11T18:55:06.223+0000] {dag.py:4180} INFO - Setting next_dagrun for avito_to_raw_midraw to 2026-07-11 18:00:00+00:00, run_after=2026-07-11 19:00:00+00:00
[2026-07-11T18:55:06.233+0000] {processor.py:208} INFO - Processing /opt/airflow/dags/avito_to_raw_midraw.py took 0.068 seconds
[2026-07-11T18:55:36.468+0000] {processor.py:186} INFO - Started process (PID=686) to work on /opt/airflow/dags/avito_to_raw_midraw.py
[2026-07-11T18:55:36.468+0000] {processor.py:914} INFO - Processing file /opt/airflow/dags/avito_to_raw_midraw.py for tasks to queue
[2026-07-11T18:55:36.470+0000] {logging_mixin.py:190} INFO - [2026-07-11T18:55:36.470+0000] {dagbag.py:588} INFO - Filling up the DagBag from /opt/airflow/dags/avito_to_raw_midraw.py
[2026-07-11T18:55:36.481+0000] {processor.py:925} INFO - DAG(s) 'avito_to_raw_midraw' retrieved from /opt/airflow/dags/avito_to_raw_midraw.py
[2026-07-11T18:55:36.499+0000] {logging_mixin.py:190} INFO - [2026-07-11T18:55:36.498+0000] {dag.py:3239} INFO - Sync 1 DAGs
[2026-07-11T18:55:36.510+0000] {logging_mixin.py:190} INFO - [2026-07-11T18:55:36.510+0000] {dag.py:4180} INFO - Setting next_dagrun for avito_to_raw_midraw to 2026-07-11 18:00:00+00:00, run_after=2026-07-11 19:00:00+00:00
[2026-07-11T18:55:36.521+0000] {processor.py:208} INFO - Processing /opt/airflow/dags/avito_to_raw_midraw.py took 0.057 seconds
[2026-07-11T18:56:06.800+0000] {processor.py:186} INFO - Started process (PID=688) to work on /opt/airflow/dags/avito_to_raw_midraw.py
[2026-07-11T18:56:06.801+0000] {processor.py:914} INFO - Processing file /opt/airflow/dags/avito_to_raw_midraw.py for tasks to queue
[2026-07-11T18:56:06.803+0000] {logging_mixin.py:190} INFO - [2026-07-11T18:56:06.802+0000] {dagbag.py:588} INFO - Filling up the DagBag from /opt/airflow/dags/avito_to_raw_midraw.py
[2026-07-11T18:56:06.819+0000] {processor.py:925} INFO - DAG(s) 'avito_to_raw_midraw' retrieved from /opt/airflow/dags/avito_to_raw_midraw.py
[2026-07-11T18:56:06.834+0000] {logging_mixin.py:190} INFO - [2026-07-11T18:56:06.834+0000] {dag.py:3239} INFO - Sync 1 DAGs
[2026-07-11T18:56:06.848+0000] {logging_mixin.py:190} INFO - [2026-07-11T18:56:06.848+0000] {dag.py:4180} INFO - Setting next_dagrun for avito_to_raw_midraw to 2026-07-11 18:00:00+00:00, run_after=2026-07-11 19:00:00+00:00
[2026-07-11T18:56:06.860+0000] {processor.py:208} INFO - Processing /opt/airflow/dags/avito_to_raw_midraw.py took 0.064 seconds
[2026-07-11T18:56:37.108+0000] {processor.py:186} INFO - Started process (PID=690) to work on /opt/airflow/dags/avito_to_raw_midraw.py
[2026-07-11T18:56:37.109+0000] {processor.py:914} INFO - Processing file /opt/airflow/dags/avito_to_raw_midraw.py for tasks to queue
[2026-07-11T18:56:37.111+0000] {logging_mixin.py:190} INFO - [2026-07-11T18:56:37.111+0000] {dagbag.py:588} INFO - Filling up the DagBag from /opt/airflow/dags/avito_to_raw_midraw.py
[2026-07-11T18:56:37.128+0000] {processor.py:925} INFO - DAG(s) 'avito_to_raw_midraw' retrieved from /opt/airflow/dags/avito_to_raw_midraw.py
[2026-07-11T18:56:37.145+0000] {logging_mixin.py:190} INFO - [2026-07-11T18:56:37.145+0000] {dag.py:3239} INFO - Sync 1 DAGs
[2026-07-11T18:56:37.156+0000] {logging_mixin.py:190} INFO - [2026-07-11T18:56:37.156+0000] {dag.py:4180} INFO - Setting next_dagrun for avito_to_raw_midraw to 2026-07-11 18:00:00+00:00, run_after=2026-07-11 19:00:00+00:00
[2026-07-11T18:56:37.170+0000] {processor.py:208} INFO - Processing /opt/airflow/dags/avito_to_raw_midraw.py took 0.068 seconds
[2026-07-11T18:57:07.420+0000] {processor.py:186} INFO - Started process (PID=692) to work on /opt/airflow/dags/avito_to_raw_midraw.py
[2026-07-11T18:57:07.421+0000] {processor.py:914} INFO - Processing file /opt/airflow/dags/avito_to_raw_midraw.py for tasks to queue
[2026-07-11T18:57:07.424+0000] {logging_mixin.py:190} INFO - [2026-07-11T18:57:07.423+0000] {dagbag.py:588} INFO - Filling up the DagBag from /opt/airflow/dags/avito_to_raw_midraw.py
[2026-07-11T18:57:07.442+0000] {processor.py:925} INFO - DAG(s) 'avito_to_raw_midraw' retrieved from /opt/airflow/dags/avito_to_raw_midraw.py
[2026-07-11T18:57:07.462+0000] {logging_mixin.py:190} INFO - [2026-07-11T18:57:07.462+0000] {dag.py:3239} INFO - Sync 1 DAGs
[2026-07-11T18:57:07.475+0000] {logging_mixin.py:190} INFO - [2026-07-11T18:57:07.475+0000] {dag.py:4180} INFO - Setting next_dagrun for avito_to_raw_midraw to 2026-07-11 18:00:00+00:00, run_after=2026-07-11 19:00:00+00:00
[2026-07-11T18:57:07.489+0000] {processor.py:208} INFO - Processing /opt/airflow/dags/avito_to_raw_midraw.py took 0.074 seconds
[2026-07-11T18:57:37.739+0000] {processor.py:186} INFO - Started process (PID=694) to work on /opt/airflow/dags/avito_to_raw_midraw.py
[2026-07-11T18:57:37.740+0000] {processor.py:914} INFO - Processing file /opt/airflow/dags/avito_to_raw_midraw.py for tasks to queue
[2026-07-11T18:57:37.742+0000] {logging_mixin.py:190} INFO - [2026-07-11T18:57:37.742+0000] {dagbag.py:588} INFO - Filling up the DagBag from /opt/airflow/dags/avito_to_raw_midraw.py
[2026-07-11T18:57:37.757+0000] {processor.py:925} INFO - DAG(s) 'avito_to_raw_midraw' retrieved from /opt/airflow/dags/avito_to_raw_midraw.py
[2026-07-11T18:57:37.774+0000] {logging_mixin.py:190} INFO - [2026-07-11T18:57:37.774+0000] {dag.py:3239} INFO - Sync 1 DAGs
[2026-07-11T18:57:37.787+0000] {logging_mixin.py:190} INFO - [2026-07-11T18:57:37.787+0000] {dag.py:4180} INFO - Setting next_dagrun for avito_to_raw_midraw to 2026-07-11 18:00:00+00:00, run_after=2026-07-11 19:00:00+00:00
[2026-07-11T18:57:37.798+0000] {processor.py:208} INFO - Processing /opt/airflow/dags/avito_to_raw_midraw.py took 0.064 seconds
[2026-07-11T18:58:07.981+0000] {processor.py:186} INFO - Started process (PID=696) to work on /opt/airflow/dags/avito_to_raw_midraw.py
[2026-07-11T18:58:07.982+0000] {processor.py:914} INFO - Processing file /opt/airflow/dags/avito_to_raw_midraw.py for tasks to queue
[2026-07-11T18:58:07.983+0000] {logging_mixin.py:190} INFO - [2026-07-11T18:58:07.983+0000] {dagbag.py:588} INFO - Filling up the DagBag from /opt/airflow/dags/avito_to_raw_midraw.py
[2026-07-11T18:58:07.998+0000] {processor.py:925} INFO - DAG(s) 'avito_to_raw_midraw' retrieved from /opt/airflow/dags/avito_to_raw_midraw.py
[2026-07-11T18:58:08.016+0000] {logging_mixin.py:190} INFO - [2026-07-11T18:58:08.016+0000] {dag.py:3239} INFO - Sync 1 DAGs
[2026-07-11T18:58:08.029+0000] {logging_mixin.py:190} INFO - [2026-07-11T18:58:08.028+0000] {dag.py:4180} INFO - Setting next_dagrun for avito_to_raw_midraw to 2026-07-11 18:00:00+00:00, run_after=2026-07-11 19:00:00+00:00
[2026-07-11T18:58:08.038+0000] {processor.py:208} INFO - Processing /opt/airflow/dags/avito_to_raw_midraw.py took 0.061 seconds
[2026-07-11T18:58:38.305+0000] {processor.py:186} INFO - Started process (PID=698) to work on /opt/airflow/dags/avito_to_raw_midraw.py
[2026-07-11T18:58:38.306+0000] {processor.py:914} INFO - Processing file /opt/airflow/dags/avito_to_raw_midraw.py for tasks to queue
[2026-07-11T18:58:38.308+0000] {logging_mixin.py:190} INFO - [2026-07-11T18:58:38.308+0000] {dagbag.py:588} INFO - Filling up the DagBag from /opt/airflow/dags/avito_to_raw_midraw.py
[2026-07-11T18:58:38.321+0000] {processor.py:925} INFO - DAG(s) 'avito_to_raw_midraw' retrieved from /opt/airflow/dags/avito_to_raw_midraw.py
[2026-07-11T18:58:38.338+0000] {logging_mixin.py:190} INFO - [2026-07-11T18:58:38.337+0000] {dag.py:3239} INFO - Sync 1 DAGs
[2026-07-11T18:58:38.348+0000] {logging_mixin.py:190} INFO - [2026-07-11T18:58:38.348+0000] {dag.py:4180} INFO - Setting next_dagrun for avito_to_raw_midraw to 2026-07-11 18:00:00+00:00, run_after=2026-07-11 19:00:00+00:00
[2026-07-11T18:58:38.356+0000] {processor.py:208} INFO - Processing /opt/airflow/dags/avito_to_raw_midraw.py took 0.054 seconds
[2026-07-11T18:59:08.595+0000] {processor.py:186} INFO - Started process (PID=700) to work on /opt/airflow/dags/avito_to_raw_midraw.py
[2026-07-11T18:59:08.596+0000] {processor.py:914} INFO - Processing file /opt/airflow/dags/avito_to_raw_midraw.py for tasks to queue
[2026-07-11T18:59:08.597+0000] {logging_mixin.py:190} INFO - [2026-07-11T18:59:08.597+0000] {dagbag.py:588} INFO - Filling up the DagBag from /opt/airflow/dags/avito_to_raw_midraw.py
[2026-07-11T18:59:08.609+0000] {processor.py:925} INFO - DAG(s) 'avito_to_raw_midraw' retrieved from /opt/airflow/dags/avito_to_raw_midraw.py
[2026-07-11T18:59:08.625+0000] {logging_mixin.py:190} INFO - [2026-07-11T18:59:08.625+0000] {dag.py:3239} INFO - Sync 1 DAGs
[2026-07-11T18:59:08.638+0000] {logging_mixin.py:190} INFO - [2026-07-11T18:59:08.638+0000] {dag.py:4180} INFO - Setting next_dagrun for avito_to_raw_midraw to 2026-07-11 18:00:00+00:00, run_after=2026-07-11 19:00:00+00:00
[2026-07-11T18:59:08.647+0000] {processor.py:208} INFO - Processing /opt/airflow/dags/avito_to_raw_midraw.py took 0.055 seconds
[2026-07-11T18:59:38.949+0000] {processor.py:186} INFO - Started process (PID=702) to work on /opt/airflow/dags/avito_to_raw_midraw.py
[2026-07-11T18:59:38.950+0000] {processor.py:914} INFO - Processing file /opt/airflow/dags/avito_to_raw_midraw.py for tasks to queue
[2026-07-11T18:59:38.951+0000] {logging_mixin.py:190} INFO - [2026-07-11T18:59:38.951+0000] {dagbag.py:588} INFO - Filling up the DagBag from /opt/airflow/dags/avito_to_raw_midraw.py
[2026-07-11T18:59:38.967+0000] {processor.py:925} INFO - DAG(s) 'avito_to_raw_midraw' retrieved from /opt/airflow/dags/avito_to_raw_midraw.py
[2026-07-11T18:59:38.985+0000] {logging_mixin.py:190} INFO - [2026-07-11T18:59:38.985+0000] {dag.py:3239} INFO - Sync 1 DAGs
[2026-07-11T18:59:38.997+0000] {logging_mixin.py:190} INFO - [2026-07-11T18:59:38.997+0000] {dag.py:4180} INFO - Setting next_dagrun for avito_to_raw_midraw to 2026-07-11 18:00:00+00:00, run_after=2026-07-11 19:00:00+00:00
[2026-07-11T18:59:39.006+0000] {processor.py:208} INFO - Processing /opt/airflow/dags/avito_to_raw_midraw.py took 0.062 seconds
[2026-07-11T19:00:09.260+0000] {processor.py:186} INFO - Started process (PID=708) to work on /opt/airflow/dags/avito_to_raw_midraw.py
[2026-07-11T19:00:09.261+0000] {processor.py:914} INFO - Processing file /opt/airflow/dags/avito_to_raw_midraw.py for tasks to queue
[2026-07-11T19:00:09.263+0000] {logging_mixin.py:190} INFO - [2026-07-11T19:00:09.263+0000] {dagbag.py:588} INFO - Filling up the DagBag from /opt/airflow/dags/avito_to_raw_midraw.py
[2026-07-11T19:00:09.284+0000] {processor.py:925} INFO - DAG(s) 'avito_to_raw_midraw' retrieved from /opt/airflow/dags/avito_to_raw_midraw.py
[2026-07-11T19:00:09.309+0000] {logging_mixin.py:190} INFO - [2026-07-11T19:00:09.309+0000] {dag.py:3239} INFO - Sync 1 DAGs
[2026-07-11T19:00:09.342+0000] {processor.py:208} INFO - Processing /opt/airflow/dags/avito_to_raw_midraw.py took 0.088 seconds
[2026-07-11T19:00:39.600+0000] {processor.py:186} INFO - Started process (PID=710) to work on /opt/airflow/dags/avito_to_raw_midraw.py
[2026-07-11T19:00:39.601+0000] {processor.py:914} INFO - Processing file /opt/airflow/dags/avito_to_raw_midraw.py for tasks to queue
[2026-07-11T19:00:39.603+0000] {logging_mixin.py:190} INFO - [2026-07-11T19:00:39.603+0000] {dagbag.py:588} INFO - Filling up the DagBag from /opt/airflow/dags/avito_to_raw_midraw.py
[2026-07-11T19:00:39.622+0000] {processor.py:925} INFO - DAG(s) 'avito_to_raw_midraw' retrieved from /opt/airflow/dags/avito_to_raw_midraw.py
[2026-07-11T19:00:39.638+0000] {logging_mixin.py:190} INFO - [2026-07-11T19:00:39.638+0000] {dag.py:3239} INFO - Sync 1 DAGs
[2026-07-11T19:00:39.649+0000] {logging_mixin.py:190} INFO - [2026-07-11T19:00:39.649+0000] {dag.py:4180} INFO - Setting next_dagrun for avito_to_raw_midraw to 2026-07-11 19:00:00+00:00, run_after=2026-07-11 20:00:00+00:00
[2026-07-11T19:00:39.656+0000] {processor.py:208} INFO - Processing /opt/airflow/dags/avito_to_raw_midraw.py took 0.060 seconds
[2026-07-11T19:01:09.951+0000] {processor.py:186} INFO - Started process (PID=712) to work on /opt/airflow/dags/avito_to_raw_midraw.py
[2026-07-11T19:01:09.952+0000] {processor.py:914} INFO - Processing file /opt/airflow/dags/avito_to_raw_midraw.py for tasks to queue
[2026-07-11T19:01:09.954+0000] {logging_mixin.py:190} INFO - [2026-07-11T19:01:09.954+0000] {dagbag.py:588} INFO - Filling up the DagBag from /opt/airflow/dags/avito_to_raw_midraw.py
[2026-07-11T19:01:09.966+0000] {processor.py:925} INFO - DAG(s) 'avito_to_raw_midraw' retrieved from /opt/airflow/dags/avito_to_raw_midraw.py
[2026-07-11T19:01:09.981+0000] {logging_mixin.py:190} INFO - [2026-07-11T19:01:09.981+0000] {dag.py:3239} INFO - Sync 1 DAGs
[2026-07-11T19:01:09.993+0000] {logging_mixin.py:190} INFO - [2026-07-11T19:01:09.993+0000] {dag.py:4180} INFO - Setting next_dagrun for avito_to_raw_midraw to 2026-07-11 19:00:00+00:00, run_after=2026-07-11 20:00:00+00:00
[2026-07-11T19:01:10.003+0000] {processor.py:208} INFO - Processing /opt/airflow/dags/avito_to_raw_midraw.py took 0.056 seconds
[2026-07-11T19:01:40.309+0000] {processor.py:186} INFO - Started process (PID=714) to work on /opt/airflow/dags/avito_to_raw_midraw.py
[2026-07-11T19:01:40.310+0000] {processor.py:914} INFO - Processing file /opt/airflow/dags/avito_to_raw_midraw.py for tasks to queue
[2026-07-11T19:01:40.313+0000] {logging_mixin.py:190} INFO - [2026-07-11T19:01:40.313+0000] {dagbag.py:588} INFO - Filling up the DagBag from /opt/airflow/dags/avito_to_raw_midraw.py
[2026-07-11T19:01:40.327+0000] {processor.py:925} INFO - DAG(s) 'avito_to_raw_midraw' retrieved from /opt/airflow/dags/avito_to_raw_midraw.py
[2026-07-11T19:01:40.343+0000] {logging_mixin.py:190} INFO - [2026-07-11T19:01:40.343+0000] {dag.py:3239} INFO - Sync 1 DAGs
[2026-07-11T19:01:40.355+0000] {logging_mixin.py:190} INFO - [2026-07-11T19:01:40.355+0000] {dag.py:4180} INFO - Setting next_dagrun for avito_to_raw_midraw to 2026-07-11 19:00:00+00:00, run_after=2026-07-11 20:00:00+00:00
[2026-07-11T19:01:40.365+0000] {processor.py:208} INFO - Processing /opt/airflow/dags/avito_to_raw_midraw.py took 0.061 seconds
[2026-07-11T19:02:10.596+0000] {processor.py:186} INFO - Started process (PID=716) to work on /opt/airflow/dags/avito_to_raw_midraw.py
[2026-07-11T19:02:10.597+0000] {processor.py:914} INFO - Processing file /opt/airflow/dags/avito_to_raw_midraw.py for tasks to queue
[2026-07-11T19:02:10.600+0000] {logging_mixin.py:190} INFO - [2026-07-11T19:02:10.600+0000] {dagbag.py:588} INFO - Filling up the DagBag from /opt/airflow/dags/avito_to_raw_midraw.py
[2026-07-11T19:02:10.617+0000] {processor.py:925} INFO - DAG(s) 'avito_to_raw_midraw' retrieved from /opt/airflow/dags/avito_to_raw_midraw.py
[2026-07-11T19:02:10.638+0000] {logging_mixin.py:190} INFO - [2026-07-11T19:02:10.638+0000] {dag.py:3239} INFO - Sync 1 DAGs
[2026-07-11T19:02:10.654+0000] {logging_mixin.py:190} INFO - [2026-07-11T19:02:10.654+0000] {dag.py:4180} INFO - Setting next_dagrun for avito_to_raw_midraw to 2026-07-11 19:00:00+00:00, run_after=2026-07-11 20:00:00+00:00
[2026-07-11T19:02:10.668+0000] {processor.py:208} INFO - Processing /opt/airflow/dags/avito_to_raw_midraw.py took 0.079 seconds
[2026-07-11T19:02:40.871+0000] {processor.py:186} INFO - Started process (PID=718) to work on /opt/airflow/dags/avito_to_raw_midraw.py
[2026-07-11T19:02:40.872+0000] {processor.py:914} INFO - Processing file /opt/airflow/dags/avito_to_raw_midraw.py for tasks to queue
[2026-07-11T19:02:40.874+0000] {logging_mixin.py:190} INFO - [2026-07-11T19:02:40.873+0000] {dagbag.py:588} INFO - Filling up the DagBag from /opt/airflow/dags/avito_to_raw_midraw.py
[2026-07-11T19:02:40.894+0000] {processor.py:925} INFO - DAG(s) 'avito_to_raw_midraw' retrieved from /opt/airflow/dags/avito_to_raw_midraw.py
[2026-07-11T19:02:40.915+0000] {logging_mixin.py:190} INFO - [2026-07-11T19:02:40.915+0000] {dag.py:3239} INFO - Sync 1 DAGs
[2026-07-11T19:02:40.928+0000] {logging_mixin.py:190} INFO - [2026-07-11T19:02:40.928+0000] {dag.py:4180} INFO - Setting next_dagrun for avito_to_raw_midraw to 2026-07-11 19:00:00+00:00, run_after=2026-07-11 20:00:00+00:00
[2026-07-11T19:02:40.944+0000] {processor.py:208} INFO - Processing /opt/airflow/dags/avito_to_raw_midraw.py took 0.079 seconds
[2026-07-11T19:03:11.245+0000] {processor.py:186} INFO - Started process (PID=720) to work on /opt/airflow/dags/avito_to_raw_midraw.py
[2026-07-11T19:03:11.246+0000] {processor.py:914} INFO - Processing file /opt/airflow/dags/avito_to_raw_midraw.py for tasks to queue
[2026-07-11T19:03:11.250+0000] {logging_mixin.py:190} INFO - [2026-07-11T19:03:11.250+0000] {dagbag.py:588} INFO - Filling up the DagBag from /opt/airflow/dags/avito_to_raw_midraw.py
[2026-07-11T19:03:11.262+0000] {processor.py:925} INFO - DAG(s) 'avito_to_raw_midraw' retrieved from /opt/airflow/dags/avito_to_raw_midraw.py
[2026-07-11T19:03:11.280+0000] {logging_mixin.py:190} INFO - [2026-07-11T19:03:11.279+0000] {dag.py:3239} INFO - Sync 1 DAGs
[2026-07-11T19:03:11.293+0000] {logging_mixin.py:190} INFO - [2026-07-11T19:03:11.292+0000] {dag.py:4180} INFO - Setting next_dagrun for avito_to_raw_midraw to 2026-07-11 19:00:00+00:00, run_after=2026-07-11 20:00:00+00:00
[2026-07-11T19:03:11.302+0000] {processor.py:208} INFO - Processing /opt/airflow/dags/avito_to_raw_midraw.py took 0.060 seconds
[2026-07-11T19:03:41.589+0000] {processor.py:186} INFO - Started process (PID=722) to work on /opt/airflow/dags/avito_to_raw_midraw.py
[2026-07-11T19:03:41.590+0000] {processor.py:914} INFO - Processing file /opt/airflow/dags/avito_to_raw_midraw.py for tasks to queue
[2026-07-11T19:03:41.593+0000] {logging_mixin.py:190} INFO - [2026-07-11T19:03:41.592+0000] {dagbag.py:588} INFO - Filling up the DagBag from /opt/airflow/dags/avito_to_raw_midraw.py
[2026-07-11T19:03:41.606+0000] {processor.py:925} INFO - DAG(s) 'avito_to_raw_midraw' retrieved from /opt/airflow/dags/avito_to_raw_midraw.py
[2026-07-11T19:03:41.625+0000] {logging_mixin.py:190} INFO - [2026-07-11T19:03:41.625+0000] {dag.py:3239} INFO - Sync 1 DAGs
[2026-07-11T19:03:41.640+0000] {logging_mixin.py:190} INFO - [2026-07-11T19:03:41.640+0000] {dag.py:4180} INFO - Setting next_dagrun for avito_to_raw_midraw to 2026-07-11 19:00:00+00:00, run_after=2026-07-11 20:00:00+00:00
[2026-07-11T19:03:41.650+0000] {processor.py:208} INFO - Processing /opt/airflow/dags/avito_to_raw_midraw.py took 0.065 seconds
[2026-07-11T19:04:11.876+0000] {processor.py:186} INFO - Started process (PID=724) to work on /opt/airflow/dags/avito_to_raw_midraw.py
[2026-07-11T19:04:11.877+0000] {processor.py:914} INFO - Processing file /opt/airflow/dags/avito_to_raw_midraw.py for tasks to queue
[2026-07-11T19:04:11.879+0000] {logging_mixin.py:190} INFO - [2026-07-11T19:04:11.879+0000] {dagbag.py:588} INFO - Filling up the DagBag from /opt/airflow/dags/avito_to_raw_midraw.py
[2026-07-11T19:04:11.890+0000] {processor.py:925} INFO - DAG(s) 'avito_to_raw_midraw' retrieved from /opt/airflow/dags/avito_to_raw_midraw.py
[2026-07-11T19:04:11.909+0000] {logging_mixin.py:190} INFO - [2026-07-11T19:04:11.908+0000] {dag.py:3239} INFO - Sync 1 DAGs
[2026-07-11T19:04:11.921+0000] {logging_mixin.py:190} INFO - [2026-07-11T19:04:11.921+0000] {dag.py:4180} INFO - Setting next_dagrun for avito_to_raw_midraw to 2026-07-11 19:00:00+00:00, run_after=2026-07-11 20:00:00+00:00
[2026-07-11T19:04:11.929+0000] {processor.py:208} INFO - Processing /opt/airflow/dags/avito_to_raw_midraw.py took 0.057 seconds
[2026-07-11T19:04:42.219+0000] {processor.py:186} INFO - Started process (PID=726) to work on /opt/airflow/dags/avito_to_raw_midraw.py
[2026-07-11T19:04:42.219+0000] {processor.py:914} INFO - Processing file /opt/airflow/dags/avito_to_raw_midraw.py for tasks to queue
[2026-07-11T19:04:42.221+0000] {logging_mixin.py:190} INFO - [2026-07-11T19:04:42.221+0000] {dagbag.py:588} INFO - Filling up the DagBag from /opt/airflow/dags/avito_to_raw_midraw.py
[2026-07-11T19:04:42.238+0000] {processor.py:925} INFO - DAG(s) 'avito_to_raw_midraw' retrieved from /opt/airflow/dags/avito_to_raw_midraw.py
[2026-07-11T19:04:42.255+0000] {logging_mixin.py:190} INFO - [2026-07-11T19:04:42.255+0000] {dag.py:3239} INFO - Sync 1 DAGs
[2026-07-11T19:04:42.266+0000] {logging_mixin.py:190} INFO - [2026-07-11T19:04:42.266+0000] {dag.py:4180} INFO - Setting next_dagrun for avito_to_raw_midraw to 2026-07-11 19:00:00+00:00, run_after=2026-07-11 20:00:00+00:00
[2026-07-11T19:04:42.278+0000] {processor.py:208} INFO - Processing /opt/airflow/dags/avito_to_raw_midraw.py took 0.063 seconds
[2026-07-11T19:05:12.592+0000] {processor.py:186} INFO - Started process (PID=728) to work on /opt/airflow/dags/avito_to_raw_midraw.py
[2026-07-11T19:05:12.592+0000] {processor.py:914} INFO - Processing file /opt/airflow/dags/avito_to_raw_midraw.py for tasks to queue
[2026-07-11T19:05:12.594+0000] {logging_mixin.py:190} INFO - [2026-07-11T19:05:12.594+0000] {dagbag.py:588} INFO - Filling up the DagBag from /opt/airflow/dags/avito_to_raw_midraw.py
[2026-07-11T19:05:12.607+0000] {processor.py:925} INFO - DAG(s) 'avito_to_raw_midraw' retrieved from /opt/airflow/dags/avito_to_raw_midraw.py
[2026-07-11T19:05:12.625+0000] {logging_mixin.py:190} INFO - [2026-07-11T19:05:12.625+0000] {dag.py:3239} INFO - Sync 1 DAGs
[2026-07-11T19:05:12.636+0000] {logging_mixin.py:190} INFO - [2026-07-11T19:05:12.636+0000] {dag.py:4180} INFO - Setting next_dagrun for avito_to_raw_midraw to 2026-07-11 19:00:00+00:00, run_after=2026-07-11 20:00:00+00:00
[2026-07-11T19:05:12.646+0000] {processor.py:208} INFO - Processing /opt/airflow/dags/avito_to_raw_midraw.py took 0.058 seconds
[2026-07-11T19:05:42.883+0000] {processor.py:186} INFO - Started process (PID=730) to work on /opt/airflow/dags/avito_to_raw_midraw.py
[2026-07-11T19:05:42.884+0000] {processor.py:914} INFO - Processing file /opt/airflow/dags/avito_to_raw_midraw.py for tasks to queue
[2026-07-11T19:05:42.886+0000] {logging_mixin.py:190} INFO - [2026-07-11T19:05:42.886+0000] {dagbag.py:588} INFO - Filling up the DagBag from /opt/airflow/dags/avito_to_raw_midraw.py
[2026-07-11T19:05:42.901+0000] {processor.py:925} INFO - DAG(s) 'avito_to_raw_midraw' retrieved from /opt/airflow/dags/avito_to_raw_midraw.py
[2026-07-11T19:05:42.920+0000] {logging_mixin.py:190} INFO - [2026-07-11T19:05:42.920+0000] {dag.py:3239} INFO - Sync 1 DAGs
[2026-07-11T19:05:42.930+0000] {logging_mixin.py:190} INFO - [2026-07-11T19:05:42.930+0000] {dag.py:4180} INFO - Setting next_dagrun for avito_to_raw_midraw to 2026-07-11 19:00:00+00:00, run_after=2026-07-11 20:00:00+00:00
[2026-07-11T19:05:42.942+0000] {processor.py:208} INFO - Processing /opt/airflow/dags/avito_to_raw_midraw.py took 0.062 seconds
[2026-07-11T19:06:13.200+0000] {processor.py:186} INFO - Started process (PID=732) to work on /opt/airflow/dags/avito_to_raw_midraw.py
[2026-07-11T19:06:13.201+0000] {processor.py:914} INFO - Processing file /opt/airflow/dags/avito_to_raw_midraw.py for tasks to queue
[2026-07-11T19:06:13.203+0000] {logging_mixin.py:190} INFO - [2026-07-11T19:06:13.203+0000] {dagbag.py:588} INFO - Filling up the DagBag from /opt/airflow/dags/avito_to_raw_midraw.py
[2026-07-11T19:06:13.217+0000] {processor.py:925} INFO - DAG(s) 'avito_to_raw_midraw' retrieved from /opt/airflow/dags/avito_to_raw_midraw.py
[2026-07-11T19:06:13.234+0000] {logging_mixin.py:190} INFO - [2026-07-11T19:06:13.234+0000] {dag.py:3239} INFO - Sync 1 DAGs
[2026-07-11T19:06:13.246+0000] {logging_mixin.py:190} INFO - [2026-07-11T19:06:13.246+0000] {dag.py:4180} INFO - Setting next_dagrun for avito_to_raw_midraw to 2026-07-11 19:00:00+00:00, run_after=2026-07-11 20:00:00+00:00
[2026-07-11T19:06:13.256+0000] {processor.py:208} INFO - Processing /opt/airflow/dags/avito_to_raw_midraw.py took 0.061 seconds
[2026-07-11T19:06:43.525+0000] {processor.py:186} INFO - Started process (PID=734) to work on /opt/airflow/dags/avito_to_raw_midraw.py
[2026-07-11T19:06:43.525+0000] {processor.py:914} INFO - Processing file /opt/airflow/dags/avito_to_raw_midraw.py for tasks to queue
[2026-07-11T19:06:43.527+0000] {logging_mixin.py:190} INFO - [2026-07-11T19:06:43.527+0000] {dagbag.py:588} INFO - Filling up the DagBag from /opt/airflow/dags/avito_to_raw_midraw.py
[2026-07-11T19:06:43.543+0000] {processor.py:925} INFO - DAG(s) 'avito_to_raw_midraw' retrieved from /opt/airflow/dags/avito_to_raw_midraw.py
[2026-07-11T19:06:43.560+0000] {logging_mixin.py:190} INFO - [2026-07-11T19:06:43.560+0000] {dag.py:3239} INFO - Sync 1 DAGs
[2026-07-11T19:06:43.573+0000] {logging_mixin.py:190} INFO - [2026-07-11T19:06:43.573+0000] {dag.py:4180} INFO - Setting next_dagrun for avito_to_raw_midraw to 2026-07-11 19:00:00+00:00, run_after=2026-07-11 20:00:00+00:00
[2026-07-11T19:06:43.586+0000] {processor.py:208} INFO - Processing /opt/airflow/dags/avito_to_raw_midraw.py took 0.065 seconds
[2026-07-11T19:07:13.785+0000] {processor.py:186} INFO - Started process (PID=736) to work on /opt/airflow/dags/avito_to_raw_midraw.py
[2026-07-11T19:07:13.786+0000] {processor.py:914} INFO - Processing file /opt/airflow/dags/avito_to_raw_midraw.py for tasks to queue
[2026-07-11T19:07:13.787+0000] {logging_mixin.py:190} INFO - [2026-07-11T19:07:13.787+0000] {dagbag.py:588} INFO - Filling up the DagBag from /opt/airflow/dags/avito_to_raw_midraw.py
[2026-07-11T19:07:13.801+0000] {processor.py:925} INFO - DAG(s) 'avito_to_raw_midraw' retrieved from /opt/airflow/dags/avito_to_raw_midraw.py
[2026-07-11T19:07:13.821+0000] {logging_mixin.py:190} INFO - [2026-07-11T19:07:13.821+0000] {dag.py:3239} INFO - Sync 1 DAGs
[2026-07-11T19:07:13.832+0000] {logging_mixin.py:190} INFO - [2026-07-11T19:07:13.832+0000] {dag.py:4180} INFO - Setting next_dagrun for avito_to_raw_midraw to 2026-07-11 19:00:00+00:00, run_after=2026-07-11 20:00:00+00:00
[2026-07-11T19:07:13.843+0000] {processor.py:208} INFO - Processing /opt/airflow/dags/avito_to_raw_midraw.py took 0.062 seconds
[2026-07-11T19:07:44.149+0000] {processor.py:186} INFO - Started process (PID=738) to work on /opt/airflow/dags/avito_to_raw_midraw.py
[2026-07-11T19:07:44.150+0000] {processor.py:914} INFO - Processing file /opt/airflow/dags/avito_to_raw_midraw.py for tasks to queue
[2026-07-11T19:07:44.154+0000] {logging_mixin.py:190} INFO - [2026-07-11T19:07:44.153+0000] {dagbag.py:588} INFO - Filling up the DagBag from /opt/airflow/dags/avito_to_raw_midraw.py
[2026-07-11T19:07:44.170+0000] {processor.py:925} INFO - DAG(s) 'avito_to_raw_midraw' retrieved from /opt/airflow/dags/avito_to_raw_midraw.py
[2026-07-11T19:07:44.191+0000] {logging_mixin.py:190} INFO - [2026-07-11T19:07:44.191+0000] {dag.py:3239} INFO - Sync 1 DAGs
[2026-07-11T19:07:44.205+0000] {logging_mixin.py:190} INFO - [2026-07-11T19:07:44.205+0000] {dag.py:4180} INFO - Setting next_dagrun for avito_to_raw_midraw to 2026-07-11 19:00:00+00:00, run_after=2026-07-11 20:00:00+00:00
[2026-07-11T19:07:44.215+0000] {processor.py:208} INFO - Processing /opt/airflow/dags/avito_to_raw_midraw.py took 0.071 seconds
[2026-07-11T19:08:14.502+0000] {processor.py:186} INFO - Started process (PID=740) to work on /opt/airflow/dags/avito_to_raw_midraw.py
[2026-07-11T19:08:14.503+0000] {processor.py:914} INFO - Processing file /opt/airflow/dags/avito_to_raw_midraw.py for tasks to queue
[2026-07-11T19:08:14.507+0000] {logging_mixin.py:190} INFO - [2026-07-11T19:08:14.506+0000] {dagbag.py:588} INFO - Filling up the DagBag from /opt/airflow/dags/avito_to_raw_midraw.py
[2026-07-11T19:08:14.524+0000] {processor.py:925} INFO - DAG(s) 'avito_to_raw_midraw' retrieved from /opt/airflow/dags/avito_to_raw_midraw.py
[2026-07-11T19:08:14.548+0000] {logging_mixin.py:190} INFO - [2026-07-11T19:08:14.547+0000] {dag.py:3239} INFO - Sync 1 DAGs
[2026-07-11T19:08:14.562+0000] {logging_mixin.py:190} INFO - [2026-07-11T19:08:14.561+0000] {dag.py:4180} INFO - Setting next_dagrun for avito_to_raw_midraw to 2026-07-11 19:00:00+00:00, run_after=2026-07-11 20:00:00+00:00
[2026-07-11T19:08:14.575+0000] {processor.py:208} INFO - Processing /opt/airflow/dags/avito_to_raw_midraw.py took 0.082 seconds
[2026-07-11T19:08:44.826+0000] {processor.py:186} INFO - Started process (PID=742) to work on /opt/airflow/dags/avito_to_raw_midraw.py
[2026-07-11T19:08:44.828+0000] {processor.py:914} INFO - Processing file /opt/airflow/dags/avito_to_raw_midraw.py for tasks to queue
[2026-07-11T19:08:44.832+0000] {logging_mixin.py:190} INFO - [2026-07-11T19:08:44.831+0000] {dagbag.py:588} INFO - Filling up the DagBag from /opt/airflow/dags/avito_to_raw_midraw.py
[2026-07-11T19:08:44.860+0000] {processor.py:925} INFO - DAG(s) 'avito_to_raw_midraw' retrieved from /opt/airflow/dags/avito_to_raw_midraw.py
[2026-07-11T19:08:44.884+0000] {logging_mixin.py:190} INFO - [2026-07-11T19:08:44.884+0000] {dag.py:3239} INFO - Sync 1 DAGs
[2026-07-11T19:08:44.901+0000] {logging_mixin.py:190} INFO - [2026-07-11T19:08:44.901+0000] {dag.py:4180} INFO - Setting next_dagrun for avito_to_raw_midraw to 2026-07-11 19:00:00+00:00, run_after=2026-07-11 20:00:00+00:00
[2026-07-11T19:08:44.913+0000] {processor.py:208} INFO - Processing /opt/airflow/dags/avito_to_raw_midraw.py took 0.096 seconds
[2026-07-11T19:09:15.115+0000] {processor.py:186} INFO - Started process (PID=744) to work on /opt/airflow/dags/avito_to_raw_midraw.py
[2026-07-11T19:09:15.115+0000] {processor.py:914} INFO - Processing file /opt/airflow/dags/avito_to_raw_midraw.py for tasks to queue
[2026-07-11T19:09:15.117+0000] {logging_mixin.py:190} INFO - [2026-07-11T19:09:15.117+0000] {dagbag.py:588} INFO - Filling up the DagBag from /opt/airflow/dags/avito_to_raw_midraw.py
[2026-07-11T19:09:15.130+0000] {processor.py:925} INFO - DAG(s) 'avito_to_raw_midraw' retrieved from /opt/airflow/dags/avito_to_raw_midraw.py
[2026-07-11T19:09:15.151+0000] {logging_mixin.py:190} INFO - [2026-07-11T19:09:15.151+0000] {dag.py:3239} INFO - Sync 1 DAGs
[2026-07-11T19:09:15.165+0000] {logging_mixin.py:190} INFO - [2026-07-11T19:09:15.165+0000] {dag.py:4180} INFO - Setting next_dagrun for avito_to_raw_midraw to 2026-07-11 19:00:00+00:00, run_after=2026-07-11 20:00:00+00:00
[2026-07-11T19:09:15.178+0000] {processor.py:208} INFO - Processing /opt/airflow/dags/avito_to_raw_midraw.py took 0.067 seconds
[2026-07-11T19:09:45.492+0000] {processor.py:186} INFO - Started process (PID=746) to work on /opt/airflow/dags/avito_to_raw_midraw.py
[2026-07-11T19:09:45.494+0000] {processor.py:914} INFO - Processing file /opt/airflow/dags/avito_to_raw_midraw.py for tasks to queue
[2026-07-11T19:09:45.496+0000] {logging_mixin.py:190} INFO - [2026-07-11T19:09:45.495+0000] {dagbag.py:588} INFO - Filling up the DagBag from /opt/airflow/dags/avito_to_raw_midraw.py
[2026-07-11T19:09:45.512+0000] {processor.py:925} INFO - DAG(s) 'avito_to_raw_midraw' retrieved from /opt/airflow/dags/avito_to_raw_midraw.py
[2026-07-11T19:09:45.531+0000] {logging_mixin.py:190} INFO - [2026-07-11T19:09:45.531+0000] {dag.py:3239} INFO - Sync 1 DAGs
[2026-07-11T19:09:45.543+0000] {logging_mixin.py:190} INFO - [2026-07-11T19:09:45.542+0000] {dag.py:4180} INFO - Setting next_dagrun for avito_to_raw_midraw to 2026-07-11 19:00:00+00:00, run_after=2026-07-11 20:00:00+00:00
[2026-07-11T19:09:45.556+0000] {processor.py:208} INFO - Processing /opt/airflow/dags/avito_to_raw_midraw.py took 0.069 seconds
[2026-07-11T19:10:15.849+0000] {processor.py:186} INFO - Started process (PID=748) to work on /opt/airflow/dags/avito_to_raw_midraw.py
[2026-07-11T19:10:15.850+0000] {processor.py:914} INFO - Processing file /opt/airflow/dags/avito_to_raw_midraw.py for tasks to queue
[2026-07-11T19:10:15.852+0000] {logging_mixin.py:190} INFO - [2026-07-11T19:10:15.852+0000] {dagbag.py:588} INFO - Filling up the DagBag from /opt/airflow/dags/avito_to_raw_midraw.py
[2026-07-11T19:10:15.870+0000] {processor.py:925} INFO - DAG(s) 'avito_to_raw_midraw' retrieved from /opt/airflow/dags/avito_to_raw_midraw.py
[2026-07-11T19:10:15.892+0000] {logging_mixin.py:190} INFO - [2026-07-11T19:10:15.892+0000] {dag.py:3239} INFO - Sync 1 DAGs
[2026-07-11T19:10:15.906+0000] {logging_mixin.py:190} INFO - [2026-07-11T19:10:15.906+0000] {dag.py:4180} INFO - Setting next_dagrun for avito_to_raw_midraw to 2026-07-11 19:00:00+00:00, run_after=2026-07-11 20:00:00+00:00
[2026-07-11T19:10:15.919+0000] {processor.py:208} INFO - Processing /opt/airflow/dags/avito_to_raw_midraw.py took 0.077 seconds
[2026-07-11T19:10:46.243+0000] {processor.py:186} INFO - Started process (PID=750) to work on /opt/airflow/dags/avito_to_raw_midraw.py
[2026-07-11T19:10:46.244+0000] {processor.py:914} INFO - Processing file /opt/airflow/dags/avito_to_raw_midraw.py for tasks to queue
[2026-07-11T19:10:46.246+0000] {logging_mixin.py:190} INFO - [2026-07-11T19:10:46.246+0000] {dagbag.py:588} INFO - Filling up the DagBag from /opt/airflow/dags/avito_to_raw_midraw.py
[2026-07-11T19:10:46.265+0000] {processor.py:925} INFO - DAG(s) 'avito_to_raw_midraw' retrieved from /opt/airflow/dags/avito_to_raw_midraw.py
[2026-07-11T19:10:46.286+0000] {logging_mixin.py:190} INFO - [2026-07-11T19:10:46.286+0000] {dag.py:3239} INFO - Sync 1 DAGs
[2026-07-11T19:10:46.305+0000] {logging_mixin.py:190} INFO - [2026-07-11T19:10:46.305+0000] {dag.py:4180} INFO - Setting next_dagrun for avito_to_raw_midraw to 2026-07-11 19:00:00+00:00, run_after=2026-07-11 20:00:00+00:00
[2026-07-11T19:10:46.316+0000] {processor.py:208} INFO - Processing /opt/airflow/dags/avito_to_raw_midraw.py took 0.080 seconds
[2026-07-11T19:11:16.514+0000] {processor.py:186} INFO - Started process (PID=752) to work on /opt/airflow/dags/avito_to_raw_midraw.py
[2026-07-11T19:11:16.515+0000] {processor.py:914} INFO - Processing file /opt/airflow/dags/avito_to_raw_midraw.py for tasks to queue
[2026-07-11T19:11:16.516+0000] {logging_mixin.py:190} INFO - [2026-07-11T19:11:16.516+0000] {dagbag.py:588} INFO - Filling up the DagBag from /opt/airflow/dags/avito_to_raw_midraw.py
[2026-07-11T19:11:16.529+0000] {processor.py:925} INFO - DAG(s) 'avito_to_raw_midraw' retrieved from /opt/airflow/dags/avito_to_raw_midraw.py
[2026-07-11T19:11:16.549+0000] {logging_mixin.py:190} INFO - [2026-07-11T19:11:16.549+0000] {dag.py:3239} INFO - Sync 1 DAGs
[2026-07-11T19:11:16.564+0000] {logging_mixin.py:190} INFO - [2026-07-11T19:11:16.564+0000] {dag.py:4180} INFO - Setting next_dagrun for avito_to_raw_midraw to 2026-07-11 19:00:00+00:00, run_after=2026-07-11 20:00:00+00:00
[2026-07-11T19:11:16.580+0000] {processor.py:208} INFO - Processing /opt/airflow/dags/avito_to_raw_midraw.py took 0.070 seconds
[2026-07-11T19:11:46.885+0000] {processor.py:186} INFO - Started process (PID=754) to work on /opt/airflow/dags/avito_to_raw_midraw.py
[2026-07-11T19:11:46.886+0000] {processor.py:914} INFO - Processing file /opt/airflow/dags/avito_to_raw_midraw.py for tasks to queue
[2026-07-11T19:11:46.889+0000] {logging_mixin.py:190} INFO - [2026-07-11T19:11:46.889+0000] {dagbag.py:588} INFO - Filling up the DagBag from /opt/airflow/dags/avito_to_raw_midraw.py
[2026-07-11T19:11:46.905+0000] {processor.py:925} INFO - DAG(s) 'avito_to_raw_midraw' retrieved from /opt/airflow/dags/avito_to_raw_midraw.py
[2026-07-11T19:11:46.922+0000] {logging_mixin.py:190} INFO - [2026-07-11T19:11:46.922+0000] {dag.py:3239} INFO - Sync 1 DAGs
[2026-07-11T19:11:46.935+0000] {logging_mixin.py:190} INFO - [2026-07-11T19:11:46.935+0000] {dag.py:4180} INFO - Setting next_dagrun for avito_to_raw_midraw to 2026-07-11 19:00:00+00:00, run_after=2026-07-11 20:00:00+00:00
[2026-07-11T19:11:46.947+0000] {processor.py:208} INFO - Processing /opt/airflow/dags/avito_to_raw_midraw.py took 0.065 seconds
[2026-07-11T19:12:17.126+0000] {processor.py:186} INFO - Started process (PID=756) to work on /opt/airflow/dags/avito_to_raw_midraw.py
[2026-07-11T19:12:17.127+0000] {processor.py:914} INFO - Processing file /opt/airflow/dags/avito_to_raw_midraw.py for tasks to queue
[2026-07-11T19:12:17.129+0000] {logging_mixin.py:190} INFO - [2026-07-11T19:12:17.129+0000] {dagbag.py:588} INFO - Filling up the DagBag from /opt/airflow/dags/avito_to_raw_midraw.py
[2026-07-11T19:12:17.146+0000] {processor.py:925} INFO - DAG(s) 'avito_to_raw_midraw' retrieved from /opt/airflow/dags/avito_to_raw_midraw.py
[2026-07-11T19:12:17.163+0000] {logging_mixin.py:190} INFO - [2026-07-11T19:12:17.163+0000] {dag.py:3239} INFO - Sync 1 DAGs
[2026-07-11T19:12:17.177+0000] {logging_mixin.py:190} INFO - [2026-07-11T19:12:17.176+0000] {dag.py:4180} INFO - Setting next_dagrun for avito_to_raw_midraw to 2026-07-11 19:00:00+00:00, run_after=2026-07-11 20:00:00+00:00
[2026-07-11T19:12:17.189+0000] {processor.py:208} INFO - Processing /opt/airflow/dags/avito_to_raw_midraw.py took 0.067 seconds
[2026-07-11T19:12:47.481+0000] {processor.py:186} INFO - Started process (PID=758) to work on /opt/airflow/dags/avito_to_raw_midraw.py
[2026-07-11T19:12:47.482+0000] {processor.py:914} INFO - Processing file /opt/airflow/dags/avito_to_raw_midraw.py for tasks to queue
[2026-07-11T19:12:47.485+0000] {logging_mixin.py:190} INFO - [2026-07-11T19:12:47.485+0000] {dagbag.py:588} INFO - Filling up the DagBag from /opt/airflow/dags/avito_to_raw_midraw.py
[2026-07-11T19:12:47.503+0000] {processor.py:925} INFO - DAG(s) 'avito_to_raw_midraw' retrieved from /opt/airflow/dags/avito_to_raw_midraw.py
[2026-07-11T19:12:47.523+0000] {logging_mixin.py:190} INFO - [2026-07-11T19:12:47.523+0000] {dag.py:3239} INFO - Sync 1 DAGs
[2026-07-11T19:12:47.538+0000] {logging_mixin.py:190} INFO - [2026-07-11T19:12:47.538+0000] {dag.py:4180} INFO - Setting next_dagrun for avito_to_raw_midraw to 2026-07-11 19:00:00+00:00, run_after=2026-07-11 20:00:00+00:00
[2026-07-11T19:12:47.551+0000] {processor.py:208} INFO - Processing /opt/airflow/dags/avito_to_raw_midraw.py took 0.075 seconds
[2026-07-11T19:13:17.761+0000] {processor.py:186} INFO - Started process (PID=760) to work on /opt/airflow/dags/avito_to_raw_midraw.py
[2026-07-11T19:13:17.762+0000] {processor.py:914} INFO - Processing file /opt/airflow/dags/avito_to_raw_midraw.py for tasks to queue
[2026-07-11T19:13:17.763+0000] {logging_mixin.py:190} INFO - [2026-07-11T19:13:17.763+0000] {dagbag.py:588} INFO - Filling up the DagBag from /opt/airflow/dags/avito_to_raw_midraw.py
[2026-07-11T19:13:17.773+0000] {processor.py:925} INFO - DAG(s) 'avito_to_raw_midraw' retrieved from /opt/airflow/dags/avito_to_raw_midraw.py
[2026-07-11T19:13:17.788+0000] {logging_mixin.py:190} INFO - [2026-07-11T19:13:17.788+0000] {dag.py:3239} INFO - Sync 1 DAGs
[2026-07-11T19:13:17.802+0000] {logging_mixin.py:190} INFO - [2026-07-11T19:13:17.802+0000] {dag.py:4180} INFO - Setting next_dagrun for avito_to_raw_midraw to 2026-07-11 19:00:00+00:00, run_after=2026-07-11 20:00:00+00:00
[2026-07-11T19:13:17.810+0000] {processor.py:208} INFO - Processing /opt/airflow/dags/avito_to_raw_midraw.py took 0.053 seconds
[2026-07-11T19:13:48.095+0000] {processor.py:186} INFO - Started process (PID=762) to work on /opt/airflow/dags/avito_to_raw_midraw.py
[2026-07-11T19:13:48.095+0000] {processor.py:914} INFO - Processing file /opt/airflow/dags/avito_to_raw_midraw.py for tasks to queue
[2026-07-11T19:13:48.097+0000] {logging_mixin.py:190} INFO - [2026-07-11T19:13:48.096+0000] {dagbag.py:588} INFO - Filling up the DagBag from /opt/airflow/dags/avito_to_raw_midraw.py
[2026-07-11T19:13:48.113+0000] {processor.py:925} INFO - DAG(s) 'avito_to_raw_midraw' retrieved from /opt/airflow/dags/avito_to_raw_midraw.py
[2026-07-11T19:13:48.129+0000] {logging_mixin.py:190} INFO - [2026-07-11T19:13:48.129+0000] {dag.py:3239} INFO - Sync 1 DAGs
[2026-07-11T19:13:48.139+0000] {logging_mixin.py:190} INFO - [2026-07-11T19:13:48.139+0000] {dag.py:4180} INFO - Setting next_dagrun for avito_to_raw_midraw to 2026-07-11 19:00:00+00:00, run_after=2026-07-11 20:00:00+00:00
[2026-07-11T19:13:48.149+0000] {processor.py:208} INFO - Processing /opt/airflow/dags/avito_to_raw_midraw.py took 0.059 seconds
[2026-07-11T19:14:18.430+0000] {processor.py:186} INFO - Started process (PID=764) to work on /opt/airflow/dags/avito_to_raw_midraw.py
[2026-07-11T19:14:18.431+0000] {processor.py:914} INFO - Processing file /opt/airflow/dags/avito_to_raw_midraw.py for tasks to queue
[2026-07-11T19:14:18.433+0000] {logging_mixin.py:190} INFO - [2026-07-11T19:14:18.433+0000] {dagbag.py:588} INFO - Filling up the DagBag from /opt/airflow/dags/avito_to_raw_midraw.py
[2026-07-11T19:14:18.445+0000] {processor.py:925} INFO - DAG(s) 'avito_to_raw_midraw' retrieved from /opt/airflow/dags/avito_to_raw_midraw.py
[2026-07-11T19:14:18.462+0000] {logging_mixin.py:190} INFO - [2026-07-11T19:14:18.462+0000] {dag.py:3239} INFO - Sync 1 DAGs
[2026-07-11T19:14:18.474+0000] {logging_mixin.py:190} INFO - [2026-07-11T19:14:18.474+0000] {dag.py:4180} INFO - Setting next_dagrun for avito_to_raw_midraw to 2026-07-11 19:00:00+00:00, run_after=2026-07-11 20:00:00+00:00
[2026-07-11T19:14:18.485+0000] {processor.py:208} INFO - Processing /opt/airflow/dags/avito_to_raw_midraw.py took 0.058 seconds
[2026-07-11T19:14:48.711+0000] {processor.py:186} INFO - Started process (PID=766) to work on /opt/airflow/dags/avito_to_raw_midraw.py
[2026-07-11T19:14:48.712+0000] {processor.py:914} INFO - Processing file /opt/airflow/dags/avito_to_raw_midraw.py for tasks to queue
[2026-07-11T19:14:48.714+0000] {logging_mixin.py:190} INFO - [2026-07-11T19:14:48.713+0000] {dagbag.py:588} INFO - Filling up the DagBag from /opt/airflow/dags/avito_to_raw_midraw.py
[2026-07-11T19:14:48.725+0000] {processor.py:925} INFO - DAG(s) 'avito_to_raw_midraw' retrieved from /opt/airflow/dags/avito_to_raw_midraw.py
[2026-07-11T19:14:48.742+0000] {logging_mixin.py:190} INFO - [2026-07-11T19:14:48.742+0000] {dag.py:3239} INFO - Sync 1 DAGs
[2026-07-11T19:14:48.755+0000] {logging_mixin.py:190} INFO - [2026-07-11T19:14:48.755+0000] {dag.py:4180} INFO - Setting next_dagrun for avito_to_raw_midraw to 2026-07-11 19:00:00+00:00, run_after=2026-07-11 20:00:00+00:00
[2026-07-11T19:14:48.765+0000] {processor.py:208} INFO - Processing /opt/airflow/dags/avito_to_raw_midraw.py took 0.058 seconds
[2026-07-11T19:15:19.071+0000] {processor.py:186} INFO - Started process (PID=768) to work on /opt/airflow/dags/avito_to_raw_midraw.py
[2026-07-11T19:15:19.072+0000] {processor.py:914} INFO - Processing file /opt/airflow/dags/avito_to_raw_midraw.py for tasks to queue
[2026-07-11T19:15:19.075+0000] {logging_mixin.py:190} INFO - [2026-07-11T19:15:19.074+0000] {dagbag.py:588} INFO - Filling up the DagBag from /opt/airflow/dags/avito_to_raw_midraw.py
[2026-07-11T19:15:19.090+0000] {processor.py:925} INFO - DAG(s) 'avito_to_raw_midraw' retrieved from /opt/airflow/dags/avito_to_raw_midraw.py
[2026-07-11T19:15:19.106+0000] {logging_mixin.py:190} INFO - [2026-07-11T19:15:19.105+0000] {dag.py:3239} INFO - Sync 1 DAGs
[2026-07-11T19:15:19.118+0000] {logging_mixin.py:190} INFO - [2026-07-11T19:15:19.118+0000] {dag.py:4180} INFO - Setting next_dagrun for avito_to_raw_midraw to 2026-07-11 19:00:00+00:00, run_after=2026-07-11 20:00:00+00:00
[2026-07-11T19:15:19.131+0000] {processor.py:208} INFO - Processing /opt/airflow/dags/avito_to_raw_midraw.py took 0.064 seconds
[2026-07-11T19:15:49.437+0000] {processor.py:186} INFO - Started process (PID=770) to work on /opt/airflow/dags/avito_to_raw_midraw.py
[2026-07-11T19:15:49.438+0000] {processor.py:914} INFO - Processing file /opt/airflow/dags/avito_to_raw_midraw.py for tasks to queue
[2026-07-11T19:15:49.440+0000] {logging_mixin.py:190} INFO - [2026-07-11T19:15:49.440+0000] {dagbag.py:588} INFO - Filling up the DagBag from /opt/airflow/dags/avito_to_raw_midraw.py
[2026-07-11T19:15:49.451+0000] {processor.py:925} INFO - DAG(s) 'avito_to_raw_midraw' retrieved from /opt/airflow/dags/avito_to_raw_midraw.py
[2026-07-11T19:15:49.470+0000] {logging_mixin.py:190} INFO - [2026-07-11T19:15:49.470+0000] {dag.py:3239} INFO - Sync 1 DAGs
[2026-07-11T19:15:49.483+0000] {logging_mixin.py:190} INFO - [2026-07-11T19:15:49.483+0000] {dag.py:4180} INFO - Setting next_dagrun for avito_to_raw_midraw to 2026-07-11 19:00:00+00:00, run_after=2026-07-11 20:00:00+00:00
[2026-07-11T19:15:49.492+0000] {processor.py:208} INFO - Processing /opt/airflow/dags/avito_to_raw_midraw.py took 0.059 seconds
[2026-07-11T19:16:19.810+0000] {processor.py:186} INFO - Started process (PID=772) to work on /opt/airflow/dags/avito_to_raw_midraw.py
[2026-07-11T19:16:19.811+0000] {processor.py:914} INFO - Processing file /opt/airflow/dags/avito_to_raw_midraw.py for tasks to queue
[2026-07-11T19:16:19.813+0000] {logging_mixin.py:190} INFO - [2026-07-11T19:16:19.813+0000] {dagbag.py:588} INFO - Filling up the DagBag from /opt/airflow/dags/avito_to_raw_midraw.py
[2026-07-11T19:16:19.827+0000] {processor.py:925} INFO - DAG(s) 'avito_to_raw_midraw' retrieved from /opt/airflow/dags/avito_to_raw_midraw.py
[2026-07-11T19:16:19.844+0000] {logging_mixin.py:190} INFO - [2026-07-11T19:16:19.844+0000] {dag.py:3239} INFO - Sync 1 DAGs
[2026-07-11T19:16:19.860+0000] {logging_mixin.py:190} INFO - [2026-07-11T19:16:19.860+0000] {dag.py:4180} INFO - Setting next_dagrun for avito_to_raw_midraw to 2026-07-11 19:00:00+00:00, run_after=2026-07-11 20:00:00+00:00
[2026-07-11T19:16:19.869+0000] {processor.py:208} INFO - Processing /opt/airflow/dags/avito_to_raw_midraw.py took 0.063 seconds
[2026-07-11T19:16:50.095+0000] {processor.py:186} INFO - Started process (PID=774) to work on /opt/airflow/dags/avito_to_raw_midraw.py
[2026-07-11T19:16:50.096+0000] {processor.py:914} INFO - Processing file /opt/airflow/dags/avito_to_raw_midraw.py for tasks to queue
[2026-07-11T19:16:50.097+0000] {logging_mixin.py:190} INFO - [2026-07-11T19:16:50.097+0000] {dagbag.py:588} INFO - Filling up the DagBag from /opt/airflow/dags/avito_to_raw_midraw.py
[2026-07-11T19:16:50.113+0000] {processor.py:925} INFO - DAG(s) 'avito_to_raw_midraw' retrieved from /opt/airflow/dags/avito_to_raw_midraw.py
[2026-07-11T19:16:50.131+0000] {logging_mixin.py:190} INFO - [2026-07-11T19:16:50.131+0000] {dag.py:3239} INFO - Sync 1 DAGs
[2026-07-11T19:16:50.143+0000] {logging_mixin.py:190} INFO - [2026-07-11T19:16:50.143+0000] {dag.py:4180} INFO - Setting next_dagrun for avito_to_raw_midraw to 2026-07-11 19:00:00+00:00, run_after=2026-07-11 20:00:00+00:00
[2026-07-11T19:16:50.157+0000] {processor.py:208} INFO - Processing /opt/airflow/dags/avito_to_raw_midraw.py took 0.066 seconds
[2026-07-11T19:17:20.454+0000] {processor.py:186} INFO - Started process (PID=776) to work on /opt/airflow/dags/avito_to_raw_midraw.py
[2026-07-11T19:17:20.455+0000] {processor.py:914} INFO - Processing file /opt/airflow/dags/avito_to_raw_midraw.py for tasks to queue
[2026-07-11T19:17:20.457+0000] {logging_mixin.py:190} INFO - [2026-07-11T19:17:20.456+0000] {dagbag.py:588} INFO - Filling up the DagBag from /opt/airflow/dags/avito_to_raw_midraw.py
[2026-07-11T19:17:20.467+0000] {processor.py:925} INFO - DAG(s) 'avito_to_raw_midraw' retrieved from /opt/airflow/dags/avito_to_raw_midraw.py
[2026-07-11T19:17:20.485+0000] {logging_mixin.py:190} INFO - [2026-07-11T19:17:20.485+0000] {dag.py:3239} INFO - Sync 1 DAGs
[2026-07-11T19:17:20.498+0000] {logging_mixin.py:190} INFO - [2026-07-11T19:17:20.498+0000] {dag.py:4180} INFO - Setting next_dagrun for avito_to_raw_midraw to 2026-07-11 19:00:00+00:00, run_after=2026-07-11 20:00:00+00:00
[2026-07-11T19:17:20.509+0000] {processor.py:208} INFO - Processing /opt/airflow/dags/avito_to_raw_midraw.py took 0.058 seconds
[2026-07-11T19:17:50.791+0000] {processor.py:186} INFO - Started process (PID=778) to work on /opt/airflow/dags/avito_to_raw_midraw.py
[2026-07-11T19:17:50.792+0000] {processor.py:914} INFO - Processing file /opt/airflow/dags/avito_to_raw_midraw.py for tasks to queue
[2026-07-11T19:17:50.794+0000] {logging_mixin.py:190} INFO - [2026-07-11T19:17:50.794+0000] {dagbag.py:588} INFO - Filling up the DagBag from /opt/airflow/dags/avito_to_raw_midraw.py
[2026-07-11T19:17:50.813+0000] {processor.py:925} INFO - DAG(s) 'avito_to_raw_midraw' retrieved from /opt/airflow/dags/avito_to_raw_midraw.py
[2026-07-11T19:17:50.834+0000] {logging_mixin.py:190} INFO - [2026-07-11T19:17:50.834+0000] {dag.py:3239} INFO - Sync 1 DAGs
[2026-07-11T19:17:50.849+0000] {logging_mixin.py:190} INFO - [2026-07-11T19:17:50.849+0000] {dag.py:4180} INFO - Setting next_dagrun for avito_to_raw_midraw to 2026-07-11 19:00:00+00:00, run_after=2026-07-11 20:00:00+00:00
[2026-07-11T19:17:50.861+0000] {processor.py:208} INFO - Processing /opt/airflow/dags/avito_to_raw_midraw.py took 0.076 seconds
[2026-07-11T19:18:21.128+0000] {processor.py:186} INFO - Started process (PID=780) to work on /opt/airflow/dags/avito_to_raw_midraw.py
[2026-07-11T19:18:21.129+0000] {processor.py:914} INFO - Processing file /opt/airflow/dags/avito_to_raw_midraw.py for tasks to queue
[2026-07-11T19:18:21.130+0000] {logging_mixin.py:190} INFO - [2026-07-11T19:18:21.130+0000] {dagbag.py:588} INFO - Filling up the DagBag from /opt/airflow/dags/avito_to_raw_midraw.py
[2026-07-11T19:18:21.145+0000] {processor.py:925} INFO - DAG(s) 'avito_to_raw_midraw' retrieved from /opt/airflow/dags/avito_to_raw_midraw.py
[2026-07-11T19:18:21.164+0000] {logging_mixin.py:190} INFO - [2026-07-11T19:18:21.164+0000] {dag.py:3239} INFO - Sync 1 DAGs
[2026-07-11T19:18:21.176+0000] {logging_mixin.py:190} INFO - [2026-07-11T19:18:21.176+0000] {dag.py:4180} INFO - Setting next_dagrun for avito_to_raw_midraw to 2026-07-11 19:00:00+00:00, run_after=2026-07-11 20:00:00+00:00
[2026-07-11T19:18:21.188+0000] {processor.py:208} INFO - Processing /opt/airflow/dags/avito_to_raw_midraw.py took 0.066 seconds
[2026-07-11T19:18:51.405+0000] {processor.py:186} INFO - Started process (PID=782) to work on /opt/airflow/dags/avito_to_raw_midraw.py
[2026-07-11T19:18:51.406+0000] {processor.py:914} INFO - Processing file /opt/airflow/dags/avito_to_raw_midraw.py for tasks to queue
[2026-07-11T19:18:51.408+0000] {logging_mixin.py:190} INFO - [2026-07-11T19:18:51.408+0000] {dagbag.py:588} INFO - Filling up the DagBag from /opt/airflow/dags/avito_to_raw_midraw.py
[2026-07-11T19:18:51.425+0000] {processor.py:925} INFO - DAG(s) 'avito_to_raw_midraw' retrieved from /opt/airflow/dags/avito_to_raw_midraw.py
[2026-07-11T19:18:51.441+0000] {logging_mixin.py:190} INFO - [2026-07-11T19:18:51.441+0000] {dag.py:3239} INFO - Sync 1 DAGs
[2026-07-11T19:18:51.453+0000] {logging_mixin.py:190} INFO - [2026-07-11T19:18:51.453+0000] {dag.py:4180} INFO - Setting next_dagrun for avito_to_raw_midraw to 2026-07-11 19:00:00+00:00, run_after=2026-07-11 20:00:00+00:00
[2026-07-11T19:18:51.465+0000] {processor.py:208} INFO - Processing /opt/airflow/dags/avito_to_raw_midraw.py took 0.065 seconds
[2026-07-11T19:19:21.763+0000] {processor.py:186} INFO - Started process (PID=784) to work on /opt/airflow/dags/avito_to_raw_midraw.py
[2026-07-11T19:19:21.764+0000] {processor.py:914} INFO - Processing file /opt/airflow/dags/avito_to_raw_midraw.py for tasks to queue
[2026-07-11T19:19:21.765+0000] {logging_mixin.py:190} INFO - [2026-07-11T19:19:21.765+0000] {dagbag.py:588} INFO - Filling up the DagBag from /opt/airflow/dags/avito_to_raw_midraw.py
[2026-07-11T19:19:21.779+0000] {processor.py:925} INFO - DAG(s) 'avito_to_raw_midraw' retrieved from /opt/airflow/dags/avito_to_raw_midraw.py
[2026-07-11T19:19:21.796+0000] {logging_mixin.py:190} INFO - [2026-07-11T19:19:21.796+0000] {dag.py:3239} INFO - Sync 1 DAGs
[2026-07-11T19:19:21.807+0000] {logging_mixin.py:190} INFO - [2026-07-11T19:19:21.806+0000] {dag.py:4180} INFO - Setting next_dagrun for avito_to_raw_midraw to 2026-07-11 19:00:00+00:00, run_after=2026-07-11 20:00:00+00:00
[2026-07-11T19:19:21.818+0000] {processor.py:208} INFO - Processing /opt/airflow/dags/avito_to_raw_midraw.py took 0.060 seconds
[2026-07-11T19:19:52.137+0000] {processor.py:186} INFO - Started process (PID=786) to work on /opt/airflow/dags/avito_to_raw_midraw.py
[2026-07-11T19:19:52.138+0000] {processor.py:914} INFO - Processing file /opt/airflow/dags/avito_to_raw_midraw.py for tasks to queue
[2026-07-11T19:19:52.140+0000] {logging_mixin.py:190} INFO - [2026-07-11T19:19:52.140+0000] {dagbag.py:588} INFO - Filling up the DagBag from /opt/airflow/dags/avito_to_raw_midraw.py
[2026-07-11T19:19:52.155+0000] {processor.py:925} INFO - DAG(s) 'avito_to_raw_midraw' retrieved from /opt/airflow/dags/avito_to_raw_midraw.py
[2026-07-11T19:19:52.177+0000] {logging_mixin.py:190} INFO - [2026-07-11T19:19:52.177+0000] {dag.py:3239} INFO - Sync 1 DAGs
[2026-07-11T19:19:52.189+0000] {logging_mixin.py:190} INFO - [2026-07-11T19:19:52.189+0000] {dag.py:4180} INFO - Setting next_dagrun for avito_to_raw_midraw to 2026-07-11 19:00:00+00:00, run_after=2026-07-11 20:00:00+00:00
[2026-07-11T19:19:52.198+0000] {processor.py:208} INFO - Processing /opt/airflow/dags/avito_to_raw_midraw.py took 0.065 seconds
[2026-07-11T19:20:22.473+0000] {processor.py:186} INFO - Started process (PID=788) to work on /opt/airflow/dags/avito_to_raw_midraw.py
[2026-07-11T19:20:22.474+0000] {processor.py:914} INFO - Processing file /opt/airflow/dags/avito_to_raw_midraw.py for tasks to queue
[2026-07-11T19:20:22.476+0000] {logging_mixin.py:190} INFO - [2026-07-11T19:20:22.475+0000] {dagbag.py:588} INFO - Filling up the DagBag from /opt/airflow/dags/avito_to_raw_midraw.py
[2026-07-11T19:20:22.491+0000] {processor.py:925} INFO - DAG(s) 'avito_to_raw_midraw' retrieved from /opt/airflow/dags/avito_to_raw_midraw.py
[2026-07-11T19:20:22.508+0000] {logging_mixin.py:190} INFO - [2026-07-11T19:20:22.508+0000] {dag.py:3239} INFO - Sync 1 DAGs
[2026-07-11T19:20:22.521+0000] {logging_mixin.py:190} INFO - [2026-07-11T19:20:22.521+0000] {dag.py:4180} INFO - Setting next_dagrun for avito_to_raw_midraw to 2026-07-11 19:00:00+00:00, run_after=2026-07-11 20:00:00+00:00
[2026-07-11T19:20:22.531+0000] {processor.py:208} INFO - Processing /opt/airflow/dags/avito_to_raw_midraw.py took 0.062 seconds
[2026-07-11T19:20:52.784+0000] {processor.py:186} INFO - Started process (PID=790) to work on /opt/airflow/dags/avito_to_raw_midraw.py
[2026-07-11T19:20:52.785+0000] {processor.py:914} INFO - Processing file /opt/airflow/dags/avito_to_raw_midraw.py for tasks to queue
[2026-07-11T19:20:52.787+0000] {logging_mixin.py:190} INFO - [2026-07-11T19:20:52.787+0000] {dagbag.py:588} INFO - Filling up the DagBag from /opt/airflow/dags/avito_to_raw_midraw.py
[2026-07-11T19:20:52.811+0000] {processor.py:925} INFO - DAG(s) 'avito_to_raw_midraw' retrieved from /opt/airflow/dags/avito_to_raw_midraw.py
[2026-07-11T19:20:52.833+0000] {logging_mixin.py:190} INFO - [2026-07-11T19:20:52.833+0000] {dag.py:3239} INFO - Sync 1 DAGs
[2026-07-11T19:20:52.851+0000] {logging_mixin.py:190} INFO - [2026-07-11T19:20:52.851+0000] {dag.py:4180} INFO - Setting next_dagrun for avito_to_raw_midraw to 2026-07-11 19:00:00+00:00, run_after=2026-07-11 20:00:00+00:00
[2026-07-11T19:20:52.864+0000] {processor.py:208} INFO - Processing /opt/airflow/dags/avito_to_raw_midraw.py took 0.090 seconds
[2026-07-11T19:21:23.075+0000] {processor.py:186} INFO - Started process (PID=792) to work on /opt/airflow/dags/avito_to_raw_midraw.py
[2026-07-11T19:21:23.076+0000] {processor.py:914} INFO - Processing file /opt/airflow/dags/avito_to_raw_midraw.py for tasks to queue
[2026-07-11T19:21:23.077+0000] {logging_mixin.py:190} INFO - [2026-07-11T19:21:23.077+0000] {dagbag.py:588} INFO - Filling up the DagBag from /opt/airflow/dags/avito_to_raw_midraw.py
[2026-07-11T19:21:23.090+0000] {processor.py:925} INFO - DAG(s) 'avito_to_raw_midraw' retrieved from /opt/airflow/dags/avito_to_raw_midraw.py
[2026-07-11T19:21:23.106+0000] {logging_mixin.py:190} INFO - [2026-07-11T19:21:23.106+0000] {dag.py:3239} INFO - Sync 1 DAGs
[2026-07-11T19:21:23.118+0000] {logging_mixin.py:190} INFO - [2026-07-11T19:21:23.118+0000] {dag.py:4180} INFO - Setting next_dagrun for avito_to_raw_midraw to 2026-07-11 19:00:00+00:00, run_after=2026-07-11 20:00:00+00:00
[2026-07-11T19:21:23.136+0000] {processor.py:208} INFO - Processing /opt/airflow/dags/avito_to_raw_midraw.py took 0.066 seconds
[2026-07-11T19:21:53.357+0000] {processor.py:186} INFO - Started process (PID=794) to work on /opt/airflow/dags/avito_to_raw_midraw.py
[2026-07-11T19:21:53.358+0000] {processor.py:914} INFO - Processing file /opt/airflow/dags/avito_to_raw_midraw.py for tasks to queue
[2026-07-11T19:21:53.359+0000] {logging_mixin.py:190} INFO - [2026-07-11T19:21:53.359+0000] {dagbag.py:588} INFO - Filling up the DagBag from /opt/airflow/dags/avito_to_raw_midraw.py
[2026-07-11T19:21:53.371+0000] {processor.py:925} INFO - DAG(s) 'avito_to_raw_midraw' retrieved from /opt/airflow/dags/avito_to_raw_midraw.py
[2026-07-11T19:21:53.387+0000] {logging_mixin.py:190} INFO - [2026-07-11T19:21:53.387+0000] {dag.py:3239} INFO - Sync 1 DAGs
[2026-07-11T19:21:53.399+0000] {logging_mixin.py:190} INFO - [2026-07-11T19:21:53.399+0000] {dag.py:4180} INFO - Setting next_dagrun for avito_to_raw_midraw to 2026-07-11 19:00:00+00:00, run_after=2026-07-11 20:00:00+00:00
[2026-07-11T19:21:53.409+0000] {processor.py:208} INFO - Processing /opt/airflow/dags/avito_to_raw_midraw.py took 0.055 seconds
[2026-07-11T19:22:23.660+0000] {processor.py:186} INFO - Started process (PID=796) to work on /opt/airflow/dags/avito_to_raw_midraw.py
[2026-07-11T19:22:23.660+0000] {processor.py:914} INFO - Processing file /opt/airflow/dags/avito_to_raw_midraw.py for tasks to queue
[2026-07-11T19:22:23.662+0000] {logging_mixin.py:190} INFO - [2026-07-11T19:22:23.662+0000] {dagbag.py:588} INFO - Filling up the DagBag from /opt/airflow/dags/avito_to_raw_midraw.py
[2026-07-11T19:22:23.675+0000] {processor.py:925} INFO - DAG(s) 'avito_to_raw_midraw' retrieved from /opt/airflow/dags/avito_to_raw_midraw.py
[2026-07-11T19:22:23.693+0000] {logging_mixin.py:190} INFO - [2026-07-11T19:22:23.692+0000] {dag.py:3239} INFO - Sync 1 DAGs
[2026-07-11T19:22:23.704+0000] {logging_mixin.py:190} INFO - [2026-07-11T19:22:23.704+0000] {dag.py:4180} INFO - Setting next_dagrun for avito_to_raw_midraw to 2026-07-11 19:00:00+00:00, run_after=2026-07-11 20:00:00+00:00
[2026-07-11T19:22:23.717+0000] {processor.py:208} INFO - Processing /opt/airflow/dags/avito_to_raw_midraw.py took 0.061 seconds
[2026-07-11T19:22:54.021+0000] {processor.py:186} INFO - Started process (PID=798) to work on /opt/airflow/dags/avito_to_raw_midraw.py
[2026-07-11T19:22:54.021+0000] {processor.py:914} INFO - Processing file /opt/airflow/dags/avito_to_raw_midraw.py for tasks to queue
[2026-07-11T19:22:54.024+0000] {logging_mixin.py:190} INFO - [2026-07-11T19:22:54.024+0000] {dagbag.py:588} INFO - Filling up the DagBag from /opt/airflow/dags/avito_to_raw_midraw.py
[2026-07-11T19:22:54.036+0000] {processor.py:925} INFO - DAG(s) 'avito_to_raw_midraw' retrieved from /opt/airflow/dags/avito_to_raw_midraw.py
[2026-07-11T19:22:54.052+0000] {logging_mixin.py:190} INFO - [2026-07-11T19:22:54.052+0000] {dag.py:3239} INFO - Sync 1 DAGs
[2026-07-11T19:22:54.066+0000] {logging_mixin.py:190} INFO - [2026-07-11T19:22:54.066+0000] {dag.py:4180} INFO - Setting next_dagrun for avito_to_raw_midraw to 2026-07-11 19:00:00+00:00, run_after=2026-07-11 20:00:00+00:00
[2026-07-11T19:22:54.075+0000] {processor.py:208} INFO - Processing /opt/airflow/dags/avito_to_raw_midraw.py took 0.058 seconds
[2026-07-11T19:23:24.363+0000] {processor.py:186} INFO - Started process (PID=800) to work on /opt/airflow/dags/avito_to_raw_midraw.py
[2026-07-11T19:23:24.364+0000] {processor.py:914} INFO - Processing file /opt/airflow/dags/avito_to_raw_midraw.py for tasks to queue
[2026-07-11T19:23:24.365+0000] {logging_mixin.py:190} INFO - [2026-07-11T19:23:24.365+0000] {dagbag.py:588} INFO - Filling up the DagBag from /opt/airflow/dags/avito_to_raw_midraw.py
[2026-07-11T19:23:24.380+0000] {processor.py:925} INFO - DAG(s) 'avito_to_raw_midraw' retrieved from /opt/airflow/dags/avito_to_raw_midraw.py
[2026-07-11T19:23:24.395+0000] {logging_mixin.py:190} INFO - [2026-07-11T19:23:24.395+0000] {dag.py:3239} INFO - Sync 1 DAGs
[2026-07-11T19:23:24.406+0000] {logging_mixin.py:190} INFO - [2026-07-11T19:23:24.406+0000] {dag.py:4180} INFO - Setting next_dagrun for avito_to_raw_midraw to 2026-07-11 19:00:00+00:00, run_after=2026-07-11 20:00:00+00:00
[2026-07-11T19:23:24.419+0000] {processor.py:208} INFO - Processing /opt/airflow/dags/avito_to_raw_midraw.py took 0.061 seconds
[2026-07-11T19:23:54.660+0000] {processor.py:186} INFO - Started process (PID=802) to work on /opt/airflow/dags/avito_to_raw_midraw.py
[2026-07-11T19:23:54.661+0000] {processor.py:914} INFO - Processing file /opt/airflow/dags/avito_to_raw_midraw.py for tasks to queue
[2026-07-11T19:23:54.664+0000] {logging_mixin.py:190} INFO - [2026-07-11T19:23:54.664+0000] {dagbag.py:588} INFO - Filling up the DagBag from /opt/airflow/dags/avito_to_raw_midraw.py
[2026-07-11T19:23:54.681+0000] {processor.py:925} INFO - DAG(s) 'avito_to_raw_midraw' retrieved from /opt/airflow/dags/avito_to_raw_midraw.py
[2026-07-11T19:23:54.701+0000] {logging_mixin.py:190} INFO - [2026-07-11T19:23:54.701+0000] {dag.py:3239} INFO - Sync 1 DAGs
[2026-07-11T19:23:54.712+0000] {logging_mixin.py:190} INFO - [2026-07-11T19:23:54.712+0000] {dag.py:4180} INFO - Setting next_dagrun for avito_to_raw_midraw to 2026-07-11 19:00:00+00:00, run_after=2026-07-11 20:00:00+00:00
[2026-07-11T19:23:54.722+0000] {processor.py:208} INFO - Processing /opt/airflow/dags/avito_to_raw_midraw.py took 0.068 seconds
[2026-07-11T19:24:24.994+0000] {processor.py:186} INFO - Started process (PID=804) to work on /opt/airflow/dags/avito_to_raw_midraw.py
[2026-07-11T19:24:24.995+0000] {processor.py:914} INFO - Processing file /opt/airflow/dags/avito_to_raw_midraw.py for tasks to queue
[2026-07-11T19:24:24.997+0000] {logging_mixin.py:190} INFO - [2026-07-11T19:24:24.997+0000] {dagbag.py:588} INFO - Filling up the DagBag from /opt/airflow/dags/avito_to_raw_midraw.py
[2026-07-11T19:24:25.011+0000] {processor.py:925} INFO - DAG(s) 'avito_to_raw_midraw' retrieved from /opt/airflow/dags/avito_to_raw_midraw.py
[2026-07-11T19:24:25.031+0000] {logging_mixin.py:190} INFO - [2026-07-11T19:24:25.030+0000] {dag.py:3239} INFO - Sync 1 DAGs
[2026-07-11T19:24:25.042+0000] {logging_mixin.py:190} INFO - [2026-07-11T19:24:25.042+0000] {dag.py:4180} INFO - Setting next_dagrun for avito_to_raw_midraw to 2026-07-11 19:00:00+00:00, run_after=2026-07-11 20:00:00+00:00
[2026-07-11T19:24:25.051+0000] {processor.py:208} INFO - Processing /opt/airflow/dags/avito_to_raw_midraw.py took 0.061 seconds
[2026-07-11T19:24:55.343+0000] {processor.py:186} INFO - Started process (PID=806) to work on /opt/airflow/dags/avito_to_raw_midraw.py
[2026-07-11T19:24:55.344+0000] {processor.py:914} INFO - Processing file /opt/airflow/dags/avito_to_raw_midraw.py for tasks to queue
[2026-07-11T19:24:55.346+0000] {logging_mixin.py:190} INFO - [2026-07-11T19:24:55.346+0000] {dagbag.py:588} INFO - Filling up the DagBag from /opt/airflow/dags/avito_to_raw_midraw.py
[2026-07-11T19:24:55.365+0000] {processor.py:925} INFO - DAG(s) 'avito_to_raw_midraw' retrieved from /opt/airflow/dags/avito_to_raw_midraw.py
[2026-07-11T19:24:55.386+0000] {logging_mixin.py:190} INFO - [2026-07-11T19:24:55.386+0000] {dag.py:3239} INFO - Sync 1 DAGs
[2026-07-11T19:24:55.402+0000] {logging_mixin.py:190} INFO - [2026-07-11T19:24:55.402+0000] {dag.py:4180} INFO - Setting next_dagrun for avito_to_raw_midraw to 2026-07-11 19:00:00+00:00, run_after=2026-07-11 20:00:00+00:00
[2026-07-11T19:24:55.414+0000] {processor.py:208} INFO - Processing /opt/airflow/dags/avito_to_raw_midraw.py took 0.077 seconds
[2026-07-11T19:25:25.626+0000] {processor.py:186} INFO - Started process (PID=808) to work on /opt/airflow/dags/avito_to_raw_midraw.py
[2026-07-11T19:25:25.627+0000] {processor.py:914} INFO - Processing file /opt/airflow/dags/avito_to_raw_midraw.py for tasks to queue
[2026-07-11T19:25:25.629+0000] {logging_mixin.py:190} INFO - [2026-07-11T19:25:25.628+0000] {dagbag.py:588} INFO - Filling up the DagBag from /opt/airflow/dags/avito_to_raw_midraw.py
[2026-07-11T19:25:25.643+0000] {processor.py:925} INFO - DAG(s) 'avito_to_raw_midraw' retrieved from /opt/airflow/dags/avito_to_raw_midraw.py
[2026-07-11T19:25:25.664+0000] {logging_mixin.py:190} INFO - [2026-07-11T19:25:25.664+0000] {dag.py:3239} INFO - Sync 1 DAGs
[2026-07-11T19:25:25.678+0000] {logging_mixin.py:190} INFO - [2026-07-11T19:25:25.678+0000] {dag.py:4180} INFO - Setting next_dagrun for avito_to_raw_midraw to 2026-07-11 19:00:00+00:00, run_after=2026-07-11 20:00:00+00:00
[2026-07-11T19:25:25.692+0000] {processor.py:208} INFO - Processing /opt/airflow/dags/avito_to_raw_midraw.py took 0.071 seconds
[2026-07-11T19:25:55.958+0000] {processor.py:186} INFO - Started process (PID=810) to work on /opt/airflow/dags/avito_to_raw_midraw.py
[2026-07-11T19:25:55.959+0000] {processor.py:914} INFO - Processing file /opt/airflow/dags/avito_to_raw_midraw.py for tasks to queue
[2026-07-11T19:25:55.962+0000] {logging_mixin.py:190} INFO - [2026-07-11T19:25:55.962+0000] {dagbag.py:588} INFO - Filling up the DagBag from /opt/airflow/dags/avito_to_raw_midraw.py
[2026-07-11T19:25:55.974+0000] {processor.py:925} INFO - DAG(s) 'avito_to_raw_midraw' retrieved from /opt/airflow/dags/avito_to_raw_midraw.py
[2026-07-11T19:25:55.994+0000] {logging_mixin.py:190} INFO - [2026-07-11T19:25:55.994+0000] {dag.py:3239} INFO - Sync 1 DAGs
[2026-07-11T19:25:56.008+0000] {logging_mixin.py:190} INFO - [2026-07-11T19:25:56.008+0000] {dag.py:4180} INFO - Setting next_dagrun for avito_to_raw_midraw to 2026-07-11 19:00:00+00:00, run_after=2026-07-11 20:00:00+00:00
[2026-07-11T19:25:56.021+0000] {processor.py:208} INFO - Processing /opt/airflow/dags/avito_to_raw_midraw.py took 0.067 seconds
[2026-07-11T19:26:26.298+0000] {processor.py:186} INFO - Started process (PID=812) to work on /opt/airflow/dags/avito_to_raw_midraw.py
[2026-07-11T19:26:26.299+0000] {processor.py:914} INFO - Processing file /opt/airflow/dags/avito_to_raw_midraw.py for tasks to queue
[2026-07-11T19:26:26.301+0000] {logging_mixin.py:190} INFO - [2026-07-11T19:26:26.301+0000] {dagbag.py:588} INFO - Filling up the DagBag from /opt/airflow/dags/avito_to_raw_midraw.py
[2026-07-11T19:26:26.313+0000] {processor.py:925} INFO - DAG(s) 'avito_to_raw_midraw' retrieved from /opt/airflow/dags/avito_to_raw_midraw.py
[2026-07-11T19:26:26.335+0000] {logging_mixin.py:190} INFO - [2026-07-11T19:26:26.335+0000] {dag.py:3239} INFO - Sync 1 DAGs
[2026-07-11T19:26:26.347+0000] {logging_mixin.py:190} INFO - [2026-07-11T19:26:26.347+0000] {dag.py:4180} INFO - Setting next_dagrun for avito_to_raw_midraw to 2026-07-11 19:00:00+00:00, run_after=2026-07-11 20:00:00+00:00
[2026-07-11T19:26:26.358+0000] {processor.py:208} INFO - Processing /opt/airflow/dags/avito_to_raw_midraw.py took 0.063 seconds
[2026-07-11T19:26:56.664+0000] {processor.py:186} INFO - Started process (PID=814) to work on /opt/airflow/dags/avito_to_raw_midraw.py
[2026-07-11T19:26:56.665+0000] {processor.py:914} INFO - Processing file /opt/airflow/dags/avito_to_raw_midraw.py for tasks to queue
[2026-07-11T19:26:56.666+0000] {logging_mixin.py:190} INFO - [2026-07-11T19:26:56.666+0000] {dagbag.py:588} INFO - Filling up the DagBag from /opt/airflow/dags/avito_to_raw_midraw.py
[2026-07-11T19:26:56.676+0000] {processor.py:925} INFO - DAG(s) 'avito_to_raw_midraw' retrieved from /opt/airflow/dags/avito_to_raw_midraw.py
[2026-07-11T19:26:56.690+0000] {logging_mixin.py:190} INFO - [2026-07-11T19:26:56.690+0000] {dag.py:3239} INFO - Sync 1 DAGs
[2026-07-11T19:26:56.701+0000] {logging_mixin.py:190} INFO - [2026-07-11T19:26:56.701+0000] {dag.py:4180} INFO - Setting next_dagrun for avito_to_raw_midraw to 2026-07-11 19:00:00+00:00, run_after=2026-07-11 20:00:00+00:00
[2026-07-11T19:26:56.713+0000] {processor.py:208} INFO - Processing /opt/airflow/dags/avito_to_raw_midraw.py took 0.053 seconds
[2026-07-11T19:27:27.003+0000] {processor.py:186} INFO - Started process (PID=816) to work on /opt/airflow/dags/avito_to_raw_midraw.py
[2026-07-11T19:27:27.004+0000] {processor.py:914} INFO - Processing file /opt/airflow/dags/avito_to_raw_midraw.py for tasks to queue
[2026-07-11T19:27:27.006+0000] {logging_mixin.py:190} INFO - [2026-07-11T19:27:27.006+0000] {dagbag.py:588} INFO - Filling up the DagBag from /opt/airflow/dags/avito_to_raw_midraw.py
[2026-07-11T19:27:27.020+0000] {processor.py:925} INFO - DAG(s) 'avito_to_raw_midraw' retrieved from /opt/airflow/dags/avito_to_raw_midraw.py
[2026-07-11T19:27:27.042+0000] {logging_mixin.py:190} INFO - [2026-07-11T19:27:27.042+0000] {dag.py:3239} INFO - Sync 1 DAGs
[2026-07-11T19:27:27.055+0000] {logging_mixin.py:190} INFO - [2026-07-11T19:27:27.055+0000] {dag.py:4180} INFO - Setting next_dagrun for avito_to_raw_midraw to 2026-07-11 19:00:00+00:00, run_after=2026-07-11 20:00:00+00:00
[2026-07-11T19:27:27.064+0000] {processor.py:208} INFO - Processing /opt/airflow/dags/avito_to_raw_midraw.py took 0.064 seconds
[2026-07-11T19:27:57.357+0000] {processor.py:186} INFO - Started process (PID=818) to work on /opt/airflow/dags/avito_to_raw_midraw.py
[2026-07-11T19:27:57.358+0000] {processor.py:914} INFO - Processing file /opt/airflow/dags/avito_to_raw_midraw.py for tasks to queue
[2026-07-11T19:27:57.361+0000] {logging_mixin.py:190} INFO - [2026-07-11T19:27:57.361+0000] {dagbag.py:588} INFO - Filling up the DagBag from /opt/airflow/dags/avito_to_raw_midraw.py
[2026-07-11T19:27:57.376+0000] {processor.py:925} INFO - DAG(s) 'avito_to_raw_midraw' retrieved from /opt/airflow/dags/avito_to_raw_midraw.py
[2026-07-11T19:27:57.394+0000] {logging_mixin.py:190} INFO - [2026-07-11T19:27:57.394+0000] {dag.py:3239} INFO - Sync 1 DAGs
[2026-07-11T19:27:57.406+0000] {logging_mixin.py:190} INFO - [2026-07-11T19:27:57.406+0000] {dag.py:4180} INFO - Setting next_dagrun for avito_to_raw_midraw to 2026-07-11 19:00:00+00:00, run_after=2026-07-11 20:00:00+00:00
[2026-07-11T19:27:57.416+0000] {processor.py:208} INFO - Processing /opt/airflow/dags/avito_to_raw_midraw.py took 0.064 seconds
[2026-07-11T19:28:27.680+0000] {processor.py:186} INFO - Started process (PID=820) to work on /opt/airflow/dags/avito_to_raw_midraw.py
[2026-07-11T19:28:27.681+0000] {processor.py:914} INFO - Processing file /opt/airflow/dags/avito_to_raw_midraw.py for tasks to queue
[2026-07-11T19:28:27.683+0000] {logging_mixin.py:190} INFO - [2026-07-11T19:28:27.683+0000] {dagbag.py:588} INFO - Filling up the DagBag from /opt/airflow/dags/avito_to_raw_midraw.py
[2026-07-11T19:28:27.696+0000] {processor.py:925} INFO - DAG(s) 'avito_to_raw_midraw' retrieved from /opt/airflow/dags/avito_to_raw_midraw.py
[2026-07-11T19:28:27.718+0000] {logging_mixin.py:190} INFO - [2026-07-11T19:28:27.718+0000] {dag.py:3239} INFO - Sync 1 DAGs
[2026-07-11T19:28:27.731+0000] {logging_mixin.py:190} INFO - [2026-07-11T19:28:27.731+0000] {dag.py:4180} INFO - Setting next_dagrun for avito_to_raw_midraw to 2026-07-11 19:00:00+00:00, run_after=2026-07-11 20:00:00+00:00
[2026-07-11T19:28:27.742+0000] {processor.py:208} INFO - Processing /opt/airflow/dags/avito_to_raw_midraw.py took 0.066 seconds
[2026-07-11T19:28:58.029+0000] {processor.py:186} INFO - Started process (PID=822) to work on /opt/airflow/dags/avito_to_raw_midraw.py
[2026-07-11T19:28:58.030+0000] {processor.py:914} INFO - Processing file /opt/airflow/dags/avito_to_raw_midraw.py for tasks to queue
[2026-07-11T19:28:58.032+0000] {logging_mixin.py:190} INFO - [2026-07-11T19:28:58.032+0000] {dagbag.py:588} INFO - Filling up the DagBag from /opt/airflow/dags/avito_to_raw_midraw.py
[2026-07-11T19:28:58.046+0000] {processor.py:925} INFO - DAG(s) 'avito_to_raw_midraw' retrieved from /opt/airflow/dags/avito_to_raw_midraw.py
[2026-07-11T19:28:58.062+0000] {logging_mixin.py:190} INFO - [2026-07-11T19:28:58.062+0000] {dag.py:3239} INFO - Sync 1 DAGs
[2026-07-11T19:28:58.073+0000] {logging_mixin.py:190} INFO - [2026-07-11T19:28:58.073+0000] {dag.py:4180} INFO - Setting next_dagrun for avito_to_raw_midraw to 2026-07-11 19:00:00+00:00, run_after=2026-07-11 20:00:00+00:00
[2026-07-11T19:28:58.084+0000] {processor.py:208} INFO - Processing /opt/airflow/dags/avito_to_raw_midraw.py took 0.060 seconds
[2026-07-11T19:29:28.350+0000] {processor.py:186} INFO - Started process (PID=824) to work on /opt/airflow/dags/avito_to_raw_midraw.py
[2026-07-11T19:29:28.351+0000] {processor.py:914} INFO - Processing file /opt/airflow/dags/avito_to_raw_midraw.py for tasks to queue
[2026-07-11T19:29:28.353+0000] {logging_mixin.py:190} INFO - [2026-07-11T19:29:28.353+0000] {dagbag.py:588} INFO - Filling up the DagBag from /opt/airflow/dags/avito_to_raw_midraw.py
[2026-07-11T19:29:28.368+0000] {processor.py:925} INFO - DAG(s) 'avito_to_raw_midraw' retrieved from /opt/airflow/dags/avito_to_raw_midraw.py
[2026-07-11T19:29:28.386+0000] {logging_mixin.py:190} INFO - [2026-07-11T19:29:28.386+0000] {dag.py:3239} INFO - Sync 1 DAGs
[2026-07-11T19:29:28.398+0000] {logging_mixin.py:190} INFO - [2026-07-11T19:29:28.398+0000] {dag.py:4180} INFO - Setting next_dagrun for avito_to_raw_midraw to 2026-07-11 19:00:00+00:00, run_after=2026-07-11 20:00:00+00:00
[2026-07-11T19:29:28.409+0000] {processor.py:208} INFO - Processing /opt/airflow/dags/avito_to_raw_midraw.py took 0.063 seconds
[2026-07-11T19:29:58.578+0000] {processor.py:186} INFO - Started process (PID=826) to work on /opt/airflow/dags/avito_to_raw_midraw.py
[2026-07-11T19:29:58.579+0000] {processor.py:914} INFO - Processing file /opt/airflow/dags/avito_to_raw_midraw.py for tasks to queue
[2026-07-11T19:29:58.580+0000] {logging_mixin.py:190} INFO - [2026-07-11T19:29:58.580+0000] {dagbag.py:588} INFO - Filling up the DagBag from /opt/airflow/dags/avito_to_raw_midraw.py
[2026-07-11T19:29:58.591+0000] {processor.py:925} INFO - DAG(s) 'avito_to_raw_midraw' retrieved from /opt/airflow/dags/avito_to_raw_midraw.py
[2026-07-11T19:29:58.608+0000] {logging_mixin.py:190} INFO - [2026-07-11T19:29:58.608+0000] {dag.py:3239} INFO - Sync 1 DAGs
[2026-07-11T19:29:58.619+0000] {logging_mixin.py:190} INFO - [2026-07-11T19:29:58.619+0000] {dag.py:4180} INFO - Setting next_dagrun for avito_to_raw_midraw to 2026-07-11 19:00:00+00:00, run_after=2026-07-11 20:00:00+00:00
[2026-07-11T19:29:58.630+0000] {processor.py:208} INFO - Processing /opt/airflow/dags/avito_to_raw_midraw.py took 0.056 seconds
[2026-07-11T19:30:28.923+0000] {processor.py:186} INFO - Started process (PID=828) to work on /opt/airflow/dags/avito_to_raw_midraw.py
[2026-07-11T19:30:28.924+0000] {processor.py:914} INFO - Processing file /opt/airflow/dags/avito_to_raw_midraw.py for tasks to queue
[2026-07-11T19:30:28.926+0000] {logging_mixin.py:190} INFO - [2026-07-11T19:30:28.926+0000] {dagbag.py:588} INFO - Filling up the DagBag from /opt/airflow/dags/avito_to_raw_midraw.py
[2026-07-11T19:30:28.940+0000] {processor.py:925} INFO - DAG(s) 'avito_to_raw_midraw' retrieved from /opt/airflow/dags/avito_to_raw_midraw.py
[2026-07-11T19:30:28.955+0000] {logging_mixin.py:190} INFO - [2026-07-11T19:30:28.955+0000] {dag.py:3239} INFO - Sync 1 DAGs
[2026-07-11T19:30:28.966+0000] {logging_mixin.py:190} INFO - [2026-07-11T19:30:28.966+0000] {dag.py:4180} INFO - Setting next_dagrun for avito_to_raw_midraw to 2026-07-11 19:00:00+00:00, run_after=2026-07-11 20:00:00+00:00
[2026-07-11T19:30:28.975+0000] {processor.py:208} INFO - Processing /opt/airflow/dags/avito_to_raw_midraw.py took 0.055 seconds
[2026-07-11T19:30:59.272+0000] {processor.py:186} INFO - Started process (PID=830) to work on /opt/airflow/dags/avito_to_raw_midraw.py
[2026-07-11T19:30:59.273+0000] {processor.py:914} INFO - Processing file /opt/airflow/dags/avito_to_raw_midraw.py for tasks to queue
[2026-07-11T19:30:59.276+0000] {logging_mixin.py:190} INFO - [2026-07-11T19:30:59.275+0000] {dagbag.py:588} INFO - Filling up the DagBag from /opt/airflow/dags/avito_to_raw_midraw.py
[2026-07-11T19:30:59.289+0000] {processor.py:925} INFO - DAG(s) 'avito_to_raw_midraw' retrieved from /opt/airflow/dags/avito_to_raw_midraw.py
[2026-07-11T19:30:59.308+0000] {logging_mixin.py:190} INFO - [2026-07-11T19:30:59.308+0000] {dag.py:3239} INFO - Sync 1 DAGs
[2026-07-11T19:30:59.321+0000] {logging_mixin.py:190} INFO - [2026-07-11T19:30:59.321+0000] {dag.py:4180} INFO - Setting next_dagrun for avito_to_raw_midraw to 2026-07-11 19:00:00+00:00, run_after=2026-07-11 20:00:00+00:00
[2026-07-11T19:30:59.332+0000] {processor.py:208} INFO - Processing /opt/airflow/dags/avito_to_raw_midraw.py took 0.065 seconds
[2026-07-11T19:31:29.603+0000] {processor.py:186} INFO - Started process (PID=832) to work on /opt/airflow/dags/avito_to_raw_midraw.py
[2026-07-11T19:31:29.604+0000] {processor.py:914} INFO - Processing file /opt/airflow/dags/avito_to_raw_midraw.py for tasks to queue
[2026-07-11T19:31:29.606+0000] {logging_mixin.py:190} INFO - [2026-07-11T19:31:29.606+0000] {dagbag.py:588} INFO - Filling up the DagBag from /opt/airflow/dags/avito_to_raw_midraw.py
[2026-07-11T19:31:29.621+0000] {processor.py:925} INFO - DAG(s) 'avito_to_raw_midraw' retrieved from /opt/airflow/dags/avito_to_raw_midraw.py
[2026-07-11T19:31:29.639+0000] {logging_mixin.py:190} INFO - [2026-07-11T19:31:29.638+0000] {dag.py:3239} INFO - Sync 1 DAGs
[2026-07-11T19:31:29.651+0000] {logging_mixin.py:190} INFO - [2026-07-11T19:31:29.651+0000] {dag.py:4180} INFO - Setting next_dagrun for avito_to_raw_midraw to 2026-07-11 19:00:00+00:00, run_after=2026-07-11 20:00:00+00:00
[2026-07-11T19:31:29.662+0000] {processor.py:208} INFO - Processing /opt/airflow/dags/avito_to_raw_midraw.py took 0.064 seconds
[2026-07-11T19:31:59.889+0000] {processor.py:186} INFO - Started process (PID=834) to work on /opt/airflow/dags/avito_to_raw_midraw.py
[2026-07-11T19:31:59.890+0000] {processor.py:914} INFO - Processing file /opt/airflow/dags/avito_to_raw_midraw.py for tasks to queue
[2026-07-11T19:31:59.891+0000] {logging_mixin.py:190} INFO - [2026-07-11T19:31:59.891+0000] {dagbag.py:588} INFO - Filling up the DagBag from /opt/airflow/dags/avito_to_raw_midraw.py
[2026-07-11T19:31:59.909+0000] {processor.py:925} INFO - DAG(s) 'avito_to_raw_midraw' retrieved from /opt/airflow/dags/avito_to_raw_midraw.py
[2026-07-11T19:31:59.927+0000] {logging_mixin.py:190} INFO - [2026-07-11T19:31:59.927+0000] {dag.py:3239} INFO - Sync 1 DAGs
[2026-07-11T19:31:59.941+0000] {logging_mixin.py:190} INFO - [2026-07-11T19:31:59.941+0000] {dag.py:4180} INFO - Setting next_dagrun for avito_to_raw_midraw to 2026-07-11 19:00:00+00:00, run_after=2026-07-11 20:00:00+00:00
[2026-07-11T19:31:59.953+0000] {processor.py:208} INFO - Processing /opt/airflow/dags/avito_to_raw_midraw.py took 0.067 seconds
[2026-07-11T19:32:30.265+0000] {processor.py:186} INFO - Started process (PID=836) to work on /opt/airflow/dags/avito_to_raw_midraw.py
[2026-07-11T19:32:30.266+0000] {processor.py:914} INFO - Processing file /opt/airflow/dags/avito_to_raw_midraw.py for tasks to queue
[2026-07-11T19:32:30.267+0000] {logging_mixin.py:190} INFO - [2026-07-11T19:32:30.267+0000] {dagbag.py:588} INFO - Filling up the DagBag from /opt/airflow/dags/avito_to_raw_midraw.py
[2026-07-11T19:32:30.282+0000] {processor.py:925} INFO - DAG(s) 'avito_to_raw_midraw' retrieved from /opt/airflow/dags/avito_to_raw_midraw.py
[2026-07-11T19:32:30.300+0000] {logging_mixin.py:190} INFO - [2026-07-11T19:32:30.299+0000] {dag.py:3239} INFO - Sync 1 DAGs
[2026-07-11T19:32:30.310+0000] {logging_mixin.py:190} INFO - [2026-07-11T19:32:30.310+0000] {dag.py:4180} INFO - Setting next_dagrun for avito_to_raw_midraw to 2026-07-11 19:00:00+00:00, run_after=2026-07-11 20:00:00+00:00
[2026-07-11T19:32:30.322+0000] {processor.py:208} INFO - Processing /opt/airflow/dags/avito_to_raw_midraw.py took 0.060 seconds
[2026-07-11T19:33:00.556+0000] {processor.py:186} INFO - Started process (PID=838) to work on /opt/airflow/dags/avito_to_raw_midraw.py
[2026-07-11T19:33:00.557+0000] {processor.py:914} INFO - Processing file /opt/airflow/dags/avito_to_raw_midraw.py for tasks to queue
[2026-07-11T19:33:00.560+0000] {logging_mixin.py:190} INFO - [2026-07-11T19:33:00.560+0000] {dagbag.py:588} INFO - Filling up the DagBag from /opt/airflow/dags/avito_to_raw_midraw.py
[2026-07-11T19:33:00.578+0000] {processor.py:925} INFO - DAG(s) 'avito_to_raw_midraw' retrieved from /opt/airflow/dags/avito_to_raw_midraw.py
[2026-07-11T19:33:00.597+0000] {logging_mixin.py:190} INFO - [2026-07-11T19:33:00.597+0000] {dag.py:3239} INFO - Sync 1 DAGs
[2026-07-11T19:33:00.611+0000] {logging_mixin.py:190} INFO - [2026-07-11T19:33:00.611+0000] {dag.py:4180} INFO - Setting next_dagrun for avito_to_raw_midraw to 2026-07-11 19:00:00+00:00, run_after=2026-07-11 20:00:00+00:00
[2026-07-11T19:33:00.622+0000] {processor.py:208} INFO - Processing /opt/airflow/dags/avito_to_raw_midraw.py took 0.073 seconds
[2026-07-11T19:33:30.840+0000] {processor.py:186} INFO - Started process (PID=840) to work on /opt/airflow/dags/avito_to_raw_midraw.py
[2026-07-11T19:33:30.841+0000] {processor.py:914} INFO - Processing file /opt/airflow/dags/avito_to_raw_midraw.py for tasks to queue
[2026-07-11T19:33:30.843+0000] {logging_mixin.py:190} INFO - [2026-07-11T19:33:30.842+0000] {dagbag.py:588} INFO - Filling up the DagBag from /opt/airflow/dags/avito_to_raw_midraw.py
[2026-07-11T19:33:30.855+0000] {processor.py:925} INFO - DAG(s) 'avito_to_raw_midraw' retrieved from /opt/airflow/dags/avito_to_raw_midraw.py
[2026-07-11T19:33:30.870+0000] {logging_mixin.py:190} INFO - [2026-07-11T19:33:30.870+0000] {dag.py:3239} INFO - Sync 1 DAGs
[2026-07-11T19:33:30.883+0000] {logging_mixin.py:190} INFO - [2026-07-11T19:33:30.882+0000] {dag.py:4180} INFO - Setting next_dagrun for avito_to_raw_midraw to 2026-07-11 19:00:00+00:00, run_after=2026-07-11 20:00:00+00:00
[2026-07-11T19:33:30.891+0000] {processor.py:208} INFO - Processing /opt/airflow/dags/avito_to_raw_midraw.py took 0.055 seconds
[2026-07-11T19:34:01.181+0000] {processor.py:186} INFO - Started process (PID=842) to work on /opt/airflow/dags/avito_to_raw_midraw.py
[2026-07-11T19:34:01.182+0000] {processor.py:914} INFO - Processing file /opt/airflow/dags/avito_to_raw_midraw.py for tasks to queue
[2026-07-11T19:34:01.184+0000] {logging_mixin.py:190} INFO - [2026-07-11T19:34:01.184+0000] {dagbag.py:588} INFO - Filling up the DagBag from /opt/airflow/dags/avito_to_raw_midraw.py
[2026-07-11T19:34:01.196+0000] {processor.py:925} INFO - DAG(s) 'avito_to_raw_midraw' retrieved from /opt/airflow/dags/avito_to_raw_midraw.py
[2026-07-11T19:34:01.214+0000] {logging_mixin.py:190} INFO - [2026-07-11T19:34:01.214+0000] {dag.py:3239} INFO - Sync 1 DAGs
[2026-07-11T19:34:01.225+0000] {logging_mixin.py:190} INFO - [2026-07-11T19:34:01.225+0000] {dag.py:4180} INFO - Setting next_dagrun for avito_to_raw_midraw to 2026-07-11 19:00:00+00:00, run_after=2026-07-11 20:00:00+00:00
[2026-07-11T19:34:01.235+0000] {processor.py:208} INFO - Processing /opt/airflow/dags/avito_to_raw_midraw.py took 0.057 seconds
[2026-07-11T19:34:31.526+0000] {processor.py:186} INFO - Started process (PID=844) to work on /opt/airflow/dags/avito_to_raw_midraw.py
[2026-07-11T19:34:31.527+0000] {processor.py:914} INFO - Processing file /opt/airflow/dags/avito_to_raw_midraw.py for tasks to queue
[2026-07-11T19:34:31.528+0000] {logging_mixin.py:190} INFO - [2026-07-11T19:34:31.528+0000] {dagbag.py:588} INFO - Filling up the DagBag from /opt/airflow/dags/avito_to_raw_midraw.py
[2026-07-11T19:34:31.541+0000] {processor.py:925} INFO - DAG(s) 'avito_to_raw_midraw' retrieved from /opt/airflow/dags/avito_to_raw_midraw.py
[2026-07-11T19:34:31.556+0000] {logging_mixin.py:190} INFO - [2026-07-11T19:34:31.556+0000] {dag.py:3239} INFO - Sync 1 DAGs
[2026-07-11T19:34:31.570+0000] {logging_mixin.py:190} INFO - [2026-07-11T19:34:31.569+0000] {dag.py:4180} INFO - Setting next_dagrun for avito_to_raw_midraw to 2026-07-11 19:00:00+00:00, run_after=2026-07-11 20:00:00+00:00
[2026-07-11T19:34:31.578+0000] {processor.py:208} INFO - Processing /opt/airflow/dags/avito_to_raw_midraw.py took 0.056 seconds
[2026-07-11T19:35:01.803+0000] {processor.py:186} INFO - Started process (PID=846) to work on /opt/airflow/dags/avito_to_raw_midraw.py
[2026-07-11T19:35:01.804+0000] {processor.py:914} INFO - Processing file /opt/airflow/dags/avito_to_raw_midraw.py for tasks to queue
[2026-07-11T19:35:01.805+0000] {logging_mixin.py:190} INFO - [2026-07-11T19:35:01.805+0000] {dagbag.py:588} INFO - Filling up the DagBag from /opt/airflow/dags/avito_to_raw_midraw.py
[2026-07-11T19:35:01.818+0000] {processor.py:925} INFO - DAG(s) 'avito_to_raw_midraw' retrieved from /opt/airflow/dags/avito_to_raw_midraw.py
[2026-07-11T19:35:01.836+0000] {logging_mixin.py:190} INFO - [2026-07-11T19:35:01.836+0000] {dag.py:3239} INFO - Sync 1 DAGs
[2026-07-11T19:35:01.849+0000] {logging_mixin.py:190} INFO - [2026-07-11T19:35:01.849+0000] {dag.py:4180} INFO - Setting next_dagrun for avito_to_raw_midraw to 2026-07-11 19:00:00+00:00, run_after=2026-07-11 20:00:00+00:00
[2026-07-11T19:35:01.863+0000] {processor.py:208} INFO - Processing /opt/airflow/dags/avito_to_raw_midraw.py took 0.064 seconds
[2026-07-11T19:35:32.105+0000] {processor.py:186} INFO - Started process (PID=848) to work on /opt/airflow/dags/avito_to_raw_midraw.py
[2026-07-11T19:35:32.106+0000] {processor.py:914} INFO - Processing file /opt/airflow/dags/avito_to_raw_midraw.py for tasks to queue
[2026-07-11T19:35:32.107+0000] {logging_mixin.py:190} INFO - [2026-07-11T19:35:32.107+0000] {dagbag.py:588} INFO - Filling up the DagBag from /opt/airflow/dags/avito_to_raw_midraw.py
[2026-07-11T19:35:32.124+0000] {processor.py:925} INFO - DAG(s) 'avito_to_raw_midraw' retrieved from /opt/airflow/dags/avito_to_raw_midraw.py
[2026-07-11T19:35:32.142+0000] {logging_mixin.py:190} INFO - [2026-07-11T19:35:32.142+0000] {dag.py:3239} INFO - Sync 1 DAGs
[2026-07-11T19:35:32.154+0000] {logging_mixin.py:190} INFO - [2026-07-11T19:35:32.154+0000] {dag.py:4180} INFO - Setting next_dagrun for avito_to_raw_midraw to 2026-07-11 19:00:00+00:00, run_after=2026-07-11 20:00:00+00:00
[2026-07-11T19:35:32.165+0000] {processor.py:208} INFO - Processing /opt/airflow/dags/avito_to_raw_midraw.py took 0.067 seconds
[2026-07-11T19:36:02.496+0000] {processor.py:186} INFO - Started process (PID=850) to work on /opt/airflow/dags/avito_to_raw_midraw.py
[2026-07-11T19:36:02.498+0000] {processor.py:914} INFO - Processing file /opt/airflow/dags/avito_to_raw_midraw.py for tasks to queue
[2026-07-11T19:36:02.501+0000] {logging_mixin.py:190} INFO - [2026-07-11T19:36:02.501+0000] {dagbag.py:588} INFO - Filling up the DagBag from /opt/airflow/dags/avito_to_raw_midraw.py
[2026-07-11T19:36:02.523+0000] {processor.py:925} INFO - DAG(s) 'avito_to_raw_midraw' retrieved from /opt/airflow/dags/avito_to_raw_midraw.py
[2026-07-11T19:36:02.550+0000] {logging_mixin.py:190} INFO - [2026-07-11T19:36:02.550+0000] {dag.py:3239} INFO - Sync 1 DAGs
[2026-07-11T19:36:02.566+0000] {logging_mixin.py:190} INFO - [2026-07-11T19:36:02.566+0000] {dag.py:4180} INFO - Setting next_dagrun for avito_to_raw_midraw to 2026-07-11 19:00:00+00:00, run_after=2026-07-11 20:00:00+00:00
[2026-07-11T19:36:02.578+0000] {processor.py:208} INFO - Processing /opt/airflow/dags/avito_to_raw_midraw.py took 0.093 seconds
[2026-07-11T19:36:32.754+0000] {processor.py:186} INFO - Started process (PID=852) to work on /opt/airflow/dags/avito_to_raw_midraw.py
[2026-07-11T19:36:32.755+0000] {processor.py:914} INFO - Processing file /opt/airflow/dags/avito_to_raw_midraw.py for tasks to queue
[2026-07-11T19:36:32.756+0000] {logging_mixin.py:190} INFO - [2026-07-11T19:36:32.756+0000] {dagbag.py:588} INFO - Filling up the DagBag from /opt/airflow/dags/avito_to_raw_midraw.py
[2026-07-11T19:36:32.767+0000] {processor.py:925} INFO - DAG(s) 'avito_to_raw_midraw' retrieved from /opt/airflow/dags/avito_to_raw_midraw.py
[2026-07-11T19:36:32.786+0000] {logging_mixin.py:190} INFO - [2026-07-11T19:36:32.786+0000] {dag.py:3239} INFO - Sync 1 DAGs
[2026-07-11T19:36:32.798+0000] {logging_mixin.py:190} INFO - [2026-07-11T19:36:32.798+0000] {dag.py:4180} INFO - Setting next_dagrun for avito_to_raw_midraw to 2026-07-11 19:00:00+00:00, run_after=2026-07-11 20:00:00+00:00
[2026-07-11T19:36:32.807+0000] {processor.py:208} INFO - Processing /opt/airflow/dags/avito_to_raw_midraw.py took 0.058 seconds
[2026-07-11T19:37:03.094+0000] {processor.py:186} INFO - Started process (PID=854) to work on /opt/airflow/dags/avito_to_raw_midraw.py
[2026-07-11T19:37:03.095+0000] {processor.py:914} INFO - Processing file /opt/airflow/dags/avito_to_raw_midraw.py for tasks to queue
[2026-07-11T19:37:03.097+0000] {logging_mixin.py:190} INFO - [2026-07-11T19:37:03.096+0000] {dagbag.py:588} INFO - Filling up the DagBag from /opt/airflow/dags/avito_to_raw_midraw.py
[2026-07-11T19:37:03.109+0000] {processor.py:925} INFO - DAG(s) 'avito_to_raw_midraw' retrieved from /opt/airflow/dags/avito_to_raw_midraw.py
[2026-07-11T19:37:03.129+0000] {logging_mixin.py:190} INFO - [2026-07-11T19:37:03.129+0000] {dag.py:3239} INFO - Sync 1 DAGs
[2026-07-11T19:37:03.143+0000] {logging_mixin.py:190} INFO - [2026-07-11T19:37:03.143+0000] {dag.py:4180} INFO - Setting next_dagrun for avito_to_raw_midraw to 2026-07-11 19:00:00+00:00, run_after=2026-07-11 20:00:00+00:00
[2026-07-11T19:37:03.153+0000] {processor.py:208} INFO - Processing /opt/airflow/dags/avito_to_raw_midraw.py took 0.064 seconds
[2026-07-11T19:37:33.469+0000] {processor.py:186} INFO - Started process (PID=856) to work on /opt/airflow/dags/avito_to_raw_midraw.py
[2026-07-11T19:37:33.470+0000] {processor.py:914} INFO - Processing file /opt/airflow/dags/avito_to_raw_midraw.py for tasks to queue
[2026-07-11T19:37:33.472+0000] {logging_mixin.py:190} INFO - [2026-07-11T19:37:33.472+0000] {dagbag.py:588} INFO - Filling up the DagBag from /opt/airflow/dags/avito_to_raw_midraw.py
[2026-07-11T19:37:33.488+0000] {processor.py:925} INFO - DAG(s) 'avito_to_raw_midraw' retrieved from /opt/airflow/dags/avito_to_raw_midraw.py
[2026-07-11T19:37:33.509+0000] {logging_mixin.py:190} INFO - [2026-07-11T19:37:33.508+0000] {dag.py:3239} INFO - Sync 1 DAGs
[2026-07-11T19:37:33.523+0000] {logging_mixin.py:190} INFO - [2026-07-11T19:37:33.522+0000] {dag.py:4180} INFO - Setting next_dagrun for avito_to_raw_midraw to 2026-07-11 19:00:00+00:00, run_after=2026-07-11 20:00:00+00:00
[2026-07-11T19:37:33.535+0000] {processor.py:208} INFO - Processing /opt/airflow/dags/avito_to_raw_midraw.py took 0.071 seconds
[2026-07-11T19:38:03.769+0000] {processor.py:186} INFO - Started process (PID=858) to work on /opt/airflow/dags/avito_to_raw_midraw.py
[2026-07-11T19:38:03.769+0000] {processor.py:914} INFO - Processing file /opt/airflow/dags/avito_to_raw_midraw.py for tasks to queue
[2026-07-11T19:38:03.772+0000] {logging_mixin.py:190} INFO - [2026-07-11T19:38:03.772+0000] {dagbag.py:588} INFO - Filling up the DagBag from /opt/airflow/dags/avito_to_raw_midraw.py
[2026-07-11T19:38:03.782+0000] {processor.py:925} INFO - DAG(s) 'avito_to_raw_midraw' retrieved from /opt/airflow/dags/avito_to_raw_midraw.py
[2026-07-11T19:38:03.798+0000] {logging_mixin.py:190} INFO - [2026-07-11T19:38:03.798+0000] {dag.py:3239} INFO - Sync 1 DAGs
[2026-07-11T19:38:03.809+0000] {logging_mixin.py:190} INFO - [2026-07-11T19:38:03.809+0000] {dag.py:4180} INFO - Setting next_dagrun for avito_to_raw_midraw to 2026-07-11 19:00:00+00:00, run_after=2026-07-11 20:00:00+00:00
[2026-07-11T19:38:03.821+0000] {processor.py:208} INFO - Processing /opt/airflow/dags/avito_to_raw_midraw.py took 0.056 seconds
[2026-07-11T19:38:34.040+0000] {processor.py:186} INFO - Started process (PID=860) to work on /opt/airflow/dags/avito_to_raw_midraw.py
[2026-07-11T19:38:34.041+0000] {processor.py:914} INFO - Processing file /opt/airflow/dags/avito_to_raw_midraw.py for tasks to queue
[2026-07-11T19:38:34.042+0000] {logging_mixin.py:190} INFO - [2026-07-11T19:38:34.042+0000] {dagbag.py:588} INFO - Filling up the DagBag from /opt/airflow/dags/avito_to_raw_midraw.py
[2026-07-11T19:38:34.053+0000] {processor.py:925} INFO - DAG(s) 'avito_to_raw_midraw' retrieved from /opt/airflow/dags/avito_to_raw_midraw.py
[2026-07-11T19:38:34.070+0000] {logging_mixin.py:190} INFO - [2026-07-11T19:38:34.069+0000] {dag.py:3239} INFO - Sync 1 DAGs
[2026-07-11T19:38:34.082+0000] {logging_mixin.py:190} INFO - [2026-07-11T19:38:34.082+0000] {dag.py:4180} INFO - Setting next_dagrun for avito_to_raw_midraw to 2026-07-11 19:00:00+00:00, run_after=2026-07-11 20:00:00+00:00
[2026-07-11T19:38:34.096+0000] {processor.py:208} INFO - Processing /opt/airflow/dags/avito_to_raw_midraw.py took 0.059 seconds
[2026-07-11T19:39:04.402+0000] {processor.py:186} INFO - Started process (PID=862) to work on /opt/airflow/dags/avito_to_raw_midraw.py
[2026-07-11T19:39:04.403+0000] {processor.py:914} INFO - Processing file /opt/airflow/dags/avito_to_raw_midraw.py for tasks to queue
[2026-07-11T19:39:04.405+0000] {logging_mixin.py:190} INFO - [2026-07-11T19:39:04.404+0000] {dagbag.py:588} INFO - Filling up the DagBag from /opt/airflow/dags/avito_to_raw_midraw.py
[2026-07-11T19:39:04.416+0000] {processor.py:925} INFO - DAG(s) 'avito_to_raw_midraw' retrieved from /opt/airflow/dags/avito_to_raw_midraw.py
[2026-07-11T19:39:04.437+0000] {logging_mixin.py:190} INFO - [2026-07-11T19:39:04.437+0000] {dag.py:3239} INFO - Sync 1 DAGs
[2026-07-11T19:39:04.450+0000] {logging_mixin.py:190} INFO - [2026-07-11T19:39:04.450+0000] {dag.py:4180} INFO - Setting next_dagrun for avito_to_raw_midraw to 2026-07-11 19:00:00+00:00, run_after=2026-07-11 20:00:00+00:00
[2026-07-11T19:39:04.459+0000] {processor.py:208} INFO - Processing /opt/airflow/dags/avito_to_raw_midraw.py took 0.062 seconds
[2026-07-11T19:39:34.748+0000] {processor.py:186} INFO - Started process (PID=864) to work on /opt/airflow/dags/avito_to_raw_midraw.py
[2026-07-11T19:39:34.750+0000] {processor.py:914} INFO - Processing file /opt/airflow/dags/avito_to_raw_midraw.py for tasks to queue
[2026-07-11T19:39:34.753+0000] {logging_mixin.py:190} INFO - [2026-07-11T19:39:34.753+0000] {dagbag.py:588} INFO - Filling up the DagBag from /opt/airflow/dags/avito_to_raw_midraw.py
[2026-07-11T19:39:34.771+0000] {processor.py:925} INFO - DAG(s) 'avito_to_raw_midraw' retrieved from /opt/airflow/dags/avito_to_raw_midraw.py
[2026-07-11T19:39:34.792+0000] {logging_mixin.py:190} INFO - [2026-07-11T19:39:34.792+0000] {dag.py:3239} INFO - Sync 1 DAGs
[2026-07-11T19:39:34.808+0000] {logging_mixin.py:190} INFO - [2026-07-11T19:39:34.808+0000] {dag.py:4180} INFO - Setting next_dagrun for avito_to_raw_midraw to 2026-07-11 19:00:00+00:00, run_after=2026-07-11 20:00:00+00:00
[2026-07-11T19:39:34.823+0000] {processor.py:208} INFO - Processing /opt/airflow/dags/avito_to_raw_midraw.py took 0.080 seconds
[2026-07-11T19:40:05.051+0000] {processor.py:186} INFO - Started process (PID=866) to work on /opt/airflow/dags/avito_to_raw_midraw.py
[2026-07-11T19:40:05.051+0000] {processor.py:914} INFO - Processing file /opt/airflow/dags/avito_to_raw_midraw.py for tasks to queue
[2026-07-11T19:40:05.053+0000] {logging_mixin.py:190} INFO - [2026-07-11T19:40:05.052+0000] {dagbag.py:588} INFO - Filling up the DagBag from /opt/airflow/dags/avito_to_raw_midraw.py
[2026-07-11T19:40:05.066+0000] {processor.py:925} INFO - DAG(s) 'avito_to_raw_midraw' retrieved from /opt/airflow/dags/avito_to_raw_midraw.py
[2026-07-11T19:40:05.085+0000] {logging_mixin.py:190} INFO - [2026-07-11T19:40:05.085+0000] {dag.py:3239} INFO - Sync 1 DAGs
[2026-07-11T19:40:05.098+0000] {logging_mixin.py:190} INFO - [2026-07-11T19:40:05.098+0000] {dag.py:4180} INFO - Setting next_dagrun for avito_to_raw_midraw to 2026-07-11 19:00:00+00:00, run_after=2026-07-11 20:00:00+00:00
[2026-07-11T19:40:05.108+0000] {processor.py:208} INFO - Processing /opt/airflow/dags/avito_to_raw_midraw.py took 0.062 seconds
[2026-07-11T19:40:35.369+0000] {processor.py:186} INFO - Started process (PID=868) to work on /opt/airflow/dags/avito_to_raw_midraw.py
[2026-07-11T19:40:35.369+0000] {processor.py:914} INFO - Processing file /opt/airflow/dags/avito_to_raw_midraw.py for tasks to queue
[2026-07-11T19:40:35.371+0000] {logging_mixin.py:190} INFO - [2026-07-11T19:40:35.371+0000] {dagbag.py:588} INFO - Filling up the DagBag from /opt/airflow/dags/avito_to_raw_midraw.py
[2026-07-11T19:40:35.391+0000] {processor.py:925} INFO - DAG(s) 'avito_to_raw_midraw' retrieved from /opt/airflow/dags/avito_to_raw_midraw.py
[2026-07-11T19:40:35.411+0000] {logging_mixin.py:190} INFO - [2026-07-11T19:40:35.411+0000] {dag.py:3239} INFO - Sync 1 DAGs
[2026-07-11T19:40:35.424+0000] {logging_mixin.py:190} INFO - [2026-07-11T19:40:35.423+0000] {dag.py:4180} INFO - Setting next_dagrun for avito_to_raw_midraw to 2026-07-11 19:00:00+00:00, run_after=2026-07-11 20:00:00+00:00
[2026-07-11T19:40:35.432+0000] {processor.py:208} INFO - Processing /opt/airflow/dags/avito_to_raw_midraw.py took 0.068 seconds
[2026-07-11T19:41:05.697+0000] {processor.py:186} INFO - Started process (PID=870) to work on /opt/airflow/dags/avito_to_raw_midraw.py
[2026-07-11T19:41:05.698+0000] {processor.py:914} INFO - Processing file /opt/airflow/dags/avito_to_raw_midraw.py for tasks to queue
[2026-07-11T19:41:05.700+0000] {logging_mixin.py:190} INFO - [2026-07-11T19:41:05.699+0000] {dagbag.py:588} INFO - Filling up the DagBag from /opt/airflow/dags/avito_to_raw_midraw.py
[2026-07-11T19:41:05.716+0000] {processor.py:925} INFO - DAG(s) 'avito_to_raw_midraw' retrieved from /opt/airflow/dags/avito_to_raw_midraw.py
[2026-07-11T19:41:05.735+0000] {logging_mixin.py:190} INFO - [2026-07-11T19:41:05.735+0000] {dag.py:3239} INFO - Sync 1 DAGs
[2026-07-11T19:41:05.747+0000] {logging_mixin.py:190} INFO - [2026-07-11T19:41:05.747+0000] {dag.py:4180} INFO - Setting next_dagrun for avito_to_raw_midraw to 2026-07-11 19:00:00+00:00, run_after=2026-07-11 20:00:00+00:00
[2026-07-11T19:41:05.757+0000] {processor.py:208} INFO - Processing /opt/airflow/dags/avito_to_raw_midraw.py took 0.066 seconds
[2026-07-11T19:41:35.964+0000] {processor.py:186} INFO - Started process (PID=872) to work on /opt/airflow/dags/avito_to_raw_midraw.py
[2026-07-11T19:41:35.964+0000] {processor.py:914} INFO - Processing file /opt/airflow/dags/avito_to_raw_midraw.py for tasks to queue
[2026-07-11T19:41:35.967+0000] {logging_mixin.py:190} INFO - [2026-07-11T19:41:35.966+0000] {dagbag.py:588} INFO - Filling up the DagBag from /opt/airflow/dags/avito_to_raw_midraw.py
[2026-07-11T19:41:35.985+0000] {processor.py:925} INFO - DAG(s) 'avito_to_raw_midraw' retrieved from /opt/airflow/dags/avito_to_raw_midraw.py
[2026-07-11T19:41:36.010+0000] {logging_mixin.py:190} INFO - [2026-07-11T19:41:36.010+0000] {dag.py:3239} INFO - Sync 1 DAGs
[2026-07-11T19:41:36.024+0000] {logging_mixin.py:190} INFO - [2026-07-11T19:41:36.024+0000] {dag.py:4180} INFO - Setting next_dagrun for avito_to_raw_midraw to 2026-07-11 19:00:00+00:00, run_after=2026-07-11 20:00:00+00:00
[2026-07-11T19:41:36.037+0000] {processor.py:208} INFO - Processing /opt/airflow/dags/avito_to_raw_midraw.py took 0.078 seconds
[2026-07-11T19:42:06.250+0000] {processor.py:186} INFO - Started process (PID=874) to work on /opt/airflow/dags/avito_to_raw_midraw.py
[2026-07-11T19:42:06.251+0000] {processor.py:914} INFO - Processing file /opt/airflow/dags/avito_to_raw_midraw.py for tasks to queue
[2026-07-11T19:42:06.253+0000] {logging_mixin.py:190} INFO - [2026-07-11T19:42:06.253+0000] {dagbag.py:588} INFO - Filling up the DagBag from /opt/airflow/dags/avito_to_raw_midraw.py
[2026-07-11T19:42:06.273+0000] {processor.py:925} INFO - DAG(s) 'avito_to_raw_midraw' retrieved from /opt/airflow/dags/avito_to_raw_midraw.py
[2026-07-11T19:42:06.291+0000] {logging_mixin.py:190} INFO - [2026-07-11T19:42:06.291+0000] {dag.py:3239} INFO - Sync 1 DAGs
[2026-07-11T19:42:06.303+0000] {logging_mixin.py:190} INFO - [2026-07-11T19:42:06.303+0000] {dag.py:4180} INFO - Setting next_dagrun for avito_to_raw_midraw to 2026-07-11 19:00:00+00:00, run_after=2026-07-11 20:00:00+00:00
[2026-07-11T19:42:06.313+0000] {processor.py:208} INFO - Processing /opt/airflow/dags/avito_to_raw_midraw.py took 0.068 seconds
[2026-07-11T19:42:36.614+0000] {processor.py:186} INFO - Started process (PID=876) to work on /opt/airflow/dags/avito_to_raw_midraw.py
[2026-07-11T19:42:36.615+0000] {processor.py:914} INFO - Processing file /opt/airflow/dags/avito_to_raw_midraw.py for tasks to queue
[2026-07-11T19:42:36.618+0000] {logging_mixin.py:190} INFO - [2026-07-11T19:42:36.618+0000] {dagbag.py:588} INFO - Filling up the DagBag from /opt/airflow/dags/avito_to_raw_midraw.py
[2026-07-11T19:42:36.640+0000] {processor.py:925} INFO - DAG(s) 'avito_to_raw_midraw' retrieved from /opt/airflow/dags/avito_to_raw_midraw.py
[2026-07-11T19:42:36.660+0000] {logging_mixin.py:190} INFO - [2026-07-11T19:42:36.660+0000] {dag.py:3239} INFO - Sync 1 DAGs
[2026-07-11T19:42:36.674+0000] {logging_mixin.py:190} INFO - [2026-07-11T19:42:36.674+0000] {dag.py:4180} INFO - Setting next_dagrun for avito_to_raw_midraw to 2026-07-11 19:00:00+00:00, run_after=2026-07-11 20:00:00+00:00
[2026-07-11T19:42:36.686+0000] {processor.py:208} INFO - Processing /opt/airflow/dags/avito_to_raw_midraw.py took 0.087 seconds
[2026-07-11T19:43:06.899+0000] {processor.py:186} INFO - Started process (PID=878) to work on /opt/airflow/dags/avito_to_raw_midraw.py
[2026-07-11T19:43:06.899+0000] {processor.py:914} INFO - Processing file /opt/airflow/dags/avito_to_raw_midraw.py for tasks to queue
[2026-07-11T19:43:06.901+0000] {logging_mixin.py:190} INFO - [2026-07-11T19:43:06.901+0000] {dagbag.py:588} INFO - Filling up the DagBag from /opt/airflow/dags/avito_to_raw_midraw.py
[2026-07-11T19:43:06.913+0000] {processor.py:925} INFO - DAG(s) 'avito_to_raw_midraw' retrieved from /opt/airflow/dags/avito_to_raw_midraw.py
[2026-07-11T19:43:06.934+0000] {logging_mixin.py:190} INFO - [2026-07-11T19:43:06.934+0000] {dag.py:3239} INFO - Sync 1 DAGs
[2026-07-11T19:43:06.947+0000] {logging_mixin.py:190} INFO - [2026-07-11T19:43:06.947+0000] {dag.py:4180} INFO - Setting next_dagrun for avito_to_raw_midraw to 2026-07-11 19:00:00+00:00, run_after=2026-07-11 20:00:00+00:00
[2026-07-11T19:43:06.957+0000] {processor.py:208} INFO - Processing /opt/airflow/dags/avito_to_raw_midraw.py took 0.064 seconds
[2026-07-11T19:43:37.276+0000] {processor.py:186} INFO - Started process (PID=880) to work on /opt/airflow/dags/avito_to_raw_midraw.py
[2026-07-11T19:43:37.277+0000] {processor.py:914} INFO - Processing file /opt/airflow/dags/avito_to_raw_midraw.py for tasks to queue
[2026-07-11T19:43:37.280+0000] {logging_mixin.py:190} INFO - [2026-07-11T19:43:37.279+0000] {dagbag.py:588} INFO - Filling up the DagBag from /opt/airflow/dags/avito_to_raw_midraw.py
[2026-07-11T19:43:37.296+0000] {processor.py:925} INFO - DAG(s) 'avito_to_raw_midraw' retrieved from /opt/airflow/dags/avito_to_raw_midraw.py
[2026-07-11T19:43:37.318+0000] {logging_mixin.py:190} INFO - [2026-07-11T19:43:37.318+0000] {dag.py:3239} INFO - Sync 1 DAGs
[2026-07-11T19:43:37.332+0000] {logging_mixin.py:190} INFO - [2026-07-11T19:43:37.332+0000] {dag.py:4180} INFO - Setting next_dagrun for avito_to_raw_midraw to 2026-07-11 19:00:00+00:00, run_after=2026-07-11 20:00:00+00:00
[2026-07-11T19:43:37.341+0000] {processor.py:208} INFO - Processing /opt/airflow/dags/avito_to_raw_midraw.py took 0.073 seconds
[2026-07-11T19:44:07.544+0000] {processor.py:186} INFO - Started process (PID=882) to work on /opt/airflow/dags/avito_to_raw_midraw.py
[2026-07-11T19:44:07.545+0000] {processor.py:914} INFO - Processing file /opt/airflow/dags/avito_to_raw_midraw.py for tasks to queue
[2026-07-11T19:44:07.548+0000] {logging_mixin.py:190} INFO - [2026-07-11T19:44:07.547+0000] {dagbag.py:588} INFO - Filling up the DagBag from /opt/airflow/dags/avito_to_raw_midraw.py
[2026-07-11T19:44:07.566+0000] {processor.py:925} INFO - DAG(s) 'avito_to_raw_midraw' retrieved from /opt/airflow/dags/avito_to_raw_midraw.py
[2026-07-11T19:44:07.588+0000] {logging_mixin.py:190} INFO - [2026-07-11T19:44:07.588+0000] {dag.py:3239} INFO - Sync 1 DAGs
[2026-07-11T19:44:07.603+0000] {logging_mixin.py:190} INFO - [2026-07-11T19:44:07.603+0000] {dag.py:4180} INFO - Setting next_dagrun for avito_to_raw_midraw to 2026-07-11 19:00:00+00:00, run_after=2026-07-11 20:00:00+00:00
[2026-07-11T19:44:07.617+0000] {processor.py:208} INFO - Processing /opt/airflow/dags/avito_to_raw_midraw.py took 0.080 seconds
[2026-07-11T19:44:37.860+0000] {processor.py:186} INFO - Started process (PID=884) to work on /opt/airflow/dags/avito_to_raw_midraw.py
[2026-07-11T19:44:37.860+0000] {processor.py:914} INFO - Processing file /opt/airflow/dags/avito_to_raw_midraw.py for tasks to queue
[2026-07-11T19:44:37.864+0000] {logging_mixin.py:190} INFO - [2026-07-11T19:44:37.864+0000] {dagbag.py:588} INFO - Filling up the DagBag from /opt/airflow/dags/avito_to_raw_midraw.py
[2026-07-11T19:44:37.883+0000] {processor.py:925} INFO - DAG(s) 'avito_to_raw_midraw' retrieved from /opt/airflow/dags/avito_to_raw_midraw.py
[2026-07-11T19:44:37.905+0000] {logging_mixin.py:190} INFO - [2026-07-11T19:44:37.905+0000] {dag.py:3239} INFO - Sync 1 DAGs
[2026-07-11T19:44:37.921+0000] {logging_mixin.py:190} INFO - [2026-07-11T19:44:37.921+0000] {dag.py:4180} INFO - Setting next_dagrun for avito_to_raw_midraw to 2026-07-11 19:00:00+00:00, run_after=2026-07-11 20:00:00+00:00
[2026-07-11T19:44:37.931+0000] {processor.py:208} INFO - Processing /opt/airflow/dags/avito_to_raw_midraw.py took 0.079 seconds
[2026-07-11T19:45:08.162+0000] {processor.py:186} INFO - Started process (PID=886) to work on /opt/airflow/dags/avito_to_raw_midraw.py
[2026-07-11T19:45:08.164+0000] {processor.py:914} INFO - Processing file /opt/airflow/dags/avito_to_raw_midraw.py for tasks to queue
[2026-07-11T19:45:08.176+0000] {logging_mixin.py:190} INFO - [2026-07-11T19:45:08.176+0000] {dagbag.py:588} INFO - Filling up the DagBag from /opt/airflow/dags/avito_to_raw_midraw.py
[2026-07-11T19:45:08.195+0000] {processor.py:925} INFO - DAG(s) 'avito_to_raw_midraw' retrieved from /opt/airflow/dags/avito_to_raw_midraw.py
[2026-07-11T19:45:08.218+0000] {logging_mixin.py:190} INFO - [2026-07-11T19:45:08.218+0000] {dag.py:3239} INFO - Sync 1 DAGs
[2026-07-11T19:45:08.233+0000] {logging_mixin.py:190} INFO - [2026-07-11T19:45:08.233+0000] {dag.py:4180} INFO - Setting next_dagrun for avito_to_raw_midraw to 2026-07-11 19:00:00+00:00, run_after=2026-07-11 20:00:00+00:00
[2026-07-11T19:45:08.246+0000] {processor.py:208} INFO - Processing /opt/airflow/dags/avito_to_raw_midraw.py took 0.113 seconds
[2026-07-11T19:45:38.558+0000] {processor.py:186} INFO - Started process (PID=888) to work on /opt/airflow/dags/avito_to_raw_midraw.py
[2026-07-11T19:45:38.561+0000] {processor.py:914} INFO - Processing file /opt/airflow/dags/avito_to_raw_midraw.py for tasks to queue
[2026-07-11T19:45:38.568+0000] {logging_mixin.py:190} INFO - [2026-07-11T19:45:38.567+0000] {dagbag.py:588} INFO - Filling up the DagBag from /opt/airflow/dags/avito_to_raw_midraw.py
[2026-07-11T19:45:38.612+0000] {processor.py:925} INFO - DAG(s) 'avito_to_raw_midraw' retrieved from /opt/airflow/dags/avito_to_raw_midraw.py
[2026-07-11T19:45:38.666+0000] {logging_mixin.py:190} INFO - [2026-07-11T19:45:38.666+0000] {dag.py:3239} INFO - Sync 1 DAGs
[2026-07-11T19:45:38.683+0000] {logging_mixin.py:190} INFO - [2026-07-11T19:45:38.683+0000] {dag.py:4180} INFO - Setting next_dagrun for avito_to_raw_midraw to 2026-07-11 19:00:00+00:00, run_after=2026-07-11 20:00:00+00:00
[2026-07-11T19:45:38.696+0000] {processor.py:208} INFO - Processing /opt/airflow/dags/avito_to_raw_midraw.py took 0.152 seconds
[2026-07-11T19:46:08.806+0000] {processor.py:186} INFO - Started process (PID=890) to work on /opt/airflow/dags/avito_to_raw_midraw.py
[2026-07-11T19:46:08.807+0000] {processor.py:914} INFO - Processing file /opt/airflow/dags/avito_to_raw_midraw.py for tasks to queue
[2026-07-11T19:46:08.809+0000] {logging_mixin.py:190} INFO - [2026-07-11T19:46:08.809+0000] {dagbag.py:588} INFO - Filling up the DagBag from /opt/airflow/dags/avito_to_raw_midraw.py
[2026-07-11T19:46:08.826+0000] {processor.py:925} INFO - DAG(s) 'avito_to_raw_midraw' retrieved from /opt/airflow/dags/avito_to_raw_midraw.py
[2026-07-11T19:46:08.845+0000] {logging_mixin.py:190} INFO - [2026-07-11T19:46:08.845+0000] {dag.py:3239} INFO - Sync 1 DAGs
[2026-07-11T19:46:08.859+0000] {logging_mixin.py:190} INFO - [2026-07-11T19:46:08.859+0000] {dag.py:4180} INFO - Setting next_dagrun for avito_to_raw_midraw to 2026-07-11 19:00:00+00:00, run_after=2026-07-11 20:00:00+00:00
[2026-07-11T19:46:08.873+0000] {processor.py:208} INFO - Processing /opt/airflow/dags/avito_to_raw_midraw.py took 0.072 seconds
[2026-07-11T19:46:39.078+0000] {processor.py:186} INFO - Started process (PID=892) to work on /opt/airflow/dags/avito_to_raw_midraw.py
[2026-07-11T19:46:39.079+0000] {processor.py:914} INFO - Processing file /opt/airflow/dags/avito_to_raw_midraw.py for tasks to queue
[2026-07-11T19:46:39.081+0000] {logging_mixin.py:190} INFO - [2026-07-11T19:46:39.081+0000] {dagbag.py:588} INFO - Filling up the DagBag from /opt/airflow/dags/avito_to_raw_midraw.py
[2026-07-11T19:46:39.098+0000] {processor.py:925} INFO - DAG(s) 'avito_to_raw_midraw' retrieved from /opt/airflow/dags/avito_to_raw_midraw.py
[2026-07-11T19:46:39.115+0000] {logging_mixin.py:190} INFO - [2026-07-11T19:46:39.115+0000] {dag.py:3239} INFO - Sync 1 DAGs
[2026-07-11T19:46:39.128+0000] {logging_mixin.py:190} INFO - [2026-07-11T19:46:39.128+0000] {dag.py:4180} INFO - Setting next_dagrun for avito_to_raw_midraw to 2026-07-11 19:00:00+00:00, run_after=2026-07-11 20:00:00+00:00
[2026-07-11T19:46:39.138+0000] {processor.py:208} INFO - Processing /opt/airflow/dags/avito_to_raw_midraw.py took 0.065 seconds
[2026-07-11T19:47:09.381+0000] {processor.py:186} INFO - Started process (PID=894) to work on /opt/airflow/dags/avito_to_raw_midraw.py
[2026-07-11T19:47:09.382+0000] {processor.py:914} INFO - Processing file /opt/airflow/dags/avito_to_raw_midraw.py for tasks to queue
[2026-07-11T19:47:09.384+0000] {logging_mixin.py:190} INFO - [2026-07-11T19:47:09.384+0000] {dagbag.py:588} INFO - Filling up the DagBag from /opt/airflow/dags/avito_to_raw_midraw.py
[2026-07-11T19:47:09.399+0000] {processor.py:925} INFO - DAG(s) 'avito_to_raw_midraw' retrieved from /opt/airflow/dags/avito_to_raw_midraw.py
[2026-07-11T19:47:09.416+0000] {logging_mixin.py:190} INFO - [2026-07-11T19:47:09.416+0000] {dag.py:3239} INFO - Sync 1 DAGs
[2026-07-11T19:47:09.429+0000] {logging_mixin.py:190} INFO - [2026-07-11T19:47:09.428+0000] {dag.py:4180} INFO - Setting next_dagrun for avito_to_raw_midraw to 2026-07-11 19:00:00+00:00, run_after=2026-07-11 20:00:00+00:00
[2026-07-11T19:47:09.438+0000] {processor.py:208} INFO - Processing /opt/airflow/dags/avito_to_raw_midraw.py took 0.062 seconds
[2026-07-11T19:47:39.693+0000] {processor.py:186} INFO - Started process (PID=896) to work on /opt/airflow/dags/avito_to_raw_midraw.py
[2026-07-11T19:47:39.694+0000] {processor.py:914} INFO - Processing file /opt/airflow/dags/avito_to_raw_midraw.py for tasks to queue
[2026-07-11T19:47:39.697+0000] {logging_mixin.py:190} INFO - [2026-07-11T19:47:39.696+0000] {dagbag.py:588} INFO - Filling up the DagBag from /opt/airflow/dags/avito_to_raw_midraw.py
[2026-07-11T19:47:39.716+0000] {processor.py:925} INFO - DAG(s) 'avito_to_raw_midraw' retrieved from /opt/airflow/dags/avito_to_raw_midraw.py
[2026-07-11T19:47:39.734+0000] {logging_mixin.py:190} INFO - [2026-07-11T19:47:39.734+0000] {dag.py:3239} INFO - Sync 1 DAGs
[2026-07-11T19:47:39.747+0000] {logging_mixin.py:190} INFO - [2026-07-11T19:47:39.746+0000] {dag.py:4180} INFO - Setting next_dagrun for avito_to_raw_midraw to 2026-07-11 19:00:00+00:00, run_after=2026-07-11 20:00:00+00:00
[2026-07-11T19:47:39.755+0000] {processor.py:208} INFO - Processing /opt/airflow/dags/avito_to_raw_midraw.py took 0.068 seconds
[2026-07-11T19:48:10.001+0000] {processor.py:186} INFO - Started process (PID=898) to work on /opt/airflow/dags/avito_to_raw_midraw.py
[2026-07-11T19:48:10.003+0000] {processor.py:914} INFO - Processing file /opt/airflow/dags/avito_to_raw_midraw.py for tasks to queue
[2026-07-11T19:48:10.006+0000] {logging_mixin.py:190} INFO - [2026-07-11T19:48:10.006+0000] {dagbag.py:588} INFO - Filling up the DagBag from /opt/airflow/dags/avito_to_raw_midraw.py
[2026-07-11T19:48:10.028+0000] {processor.py:925} INFO - DAG(s) 'avito_to_raw_midraw' retrieved from /opt/airflow/dags/avito_to_raw_midraw.py
[2026-07-11T19:48:10.048+0000] {logging_mixin.py:190} INFO - [2026-07-11T19:48:10.048+0000] {dag.py:3239} INFO - Sync 1 DAGs
[2026-07-11T19:48:10.062+0000] {logging_mixin.py:190} INFO - [2026-07-11T19:48:10.062+0000] {dag.py:4180} INFO - Setting next_dagrun for avito_to_raw_midraw to 2026-07-11 19:00:00+00:00, run_after=2026-07-11 20:00:00+00:00
[2026-07-11T19:48:10.071+0000] {processor.py:208} INFO - Processing /opt/airflow/dags/avito_to_raw_midraw.py took 0.079 seconds
[2026-07-11T19:48:40.289+0000] {processor.py:186} INFO - Started process (PID=900) to work on /opt/airflow/dags/avito_to_raw_midraw.py
[2026-07-11T19:48:40.290+0000] {processor.py:914} INFO - Processing file /opt/airflow/dags/avito_to_raw_midraw.py for tasks to queue
[2026-07-11T19:48:40.292+0000] {logging_mixin.py:190} INFO - [2026-07-11T19:48:40.292+0000] {dagbag.py:588} INFO - Filling up the DagBag from /opt/airflow/dags/avito_to_raw_midraw.py
[2026-07-11T19:48:40.304+0000] {processor.py:925} INFO - DAG(s) 'avito_to_raw_midraw' retrieved from /opt/airflow/dags/avito_to_raw_midraw.py
[2026-07-11T19:48:40.322+0000] {logging_mixin.py:190} INFO - [2026-07-11T19:48:40.322+0000] {dag.py:3239} INFO - Sync 1 DAGs
[2026-07-11T19:48:40.334+0000] {logging_mixin.py:190} INFO - [2026-07-11T19:48:40.334+0000] {dag.py:4180} INFO - Setting next_dagrun for avito_to_raw_midraw to 2026-07-11 19:00:00+00:00, run_after=2026-07-11 20:00:00+00:00
[2026-07-11T19:48:40.344+0000] {processor.py:208} INFO - Processing /opt/airflow/dags/avito_to_raw_midraw.py took 0.059 seconds
[2026-07-11T19:49:10.609+0000] {processor.py:186} INFO - Started process (PID=902) to work on /opt/airflow/dags/avito_to_raw_midraw.py
[2026-07-11T19:49:10.610+0000] {processor.py:914} INFO - Processing file /opt/airflow/dags/avito_to_raw_midraw.py for tasks to queue
[2026-07-11T19:49:10.614+0000] {logging_mixin.py:190} INFO - [2026-07-11T19:49:10.614+0000] {dagbag.py:588} INFO - Filling up the DagBag from /opt/airflow/dags/avito_to_raw_midraw.py
[2026-07-11T19:49:10.633+0000] {processor.py:925} INFO - DAG(s) 'avito_to_raw_midraw' retrieved from /opt/airflow/dags/avito_to_raw_midraw.py
[2026-07-11T19:49:10.656+0000] {logging_mixin.py:190} INFO - [2026-07-11T19:49:10.656+0000] {dag.py:3239} INFO - Sync 1 DAGs
[2026-07-11T19:49:10.669+0000] {logging_mixin.py:190} INFO - [2026-07-11T19:49:10.669+0000] {dag.py:4180} INFO - Setting next_dagrun for avito_to_raw_midraw to 2026-07-11 19:00:00+00:00, run_after=2026-07-11 20:00:00+00:00
[2026-07-11T19:49:10.680+0000] {processor.py:208} INFO - Processing /opt/airflow/dags/avito_to_raw_midraw.py took 0.079 seconds
[2026-07-11T19:49:40.914+0000] {processor.py:186} INFO - Started process (PID=904) to work on /opt/airflow/dags/avito_to_raw_midraw.py
[2026-07-11T19:49:40.915+0000] {processor.py:914} INFO - Processing file /opt/airflow/dags/avito_to_raw_midraw.py for tasks to queue
[2026-07-11T19:49:40.917+0000] {logging_mixin.py:190} INFO - [2026-07-11T19:49:40.917+0000] {dagbag.py:588} INFO - Filling up the DagBag from /opt/airflow/dags/avito_to_raw_midraw.py
[2026-07-11T19:49:40.937+0000] {processor.py:925} INFO - DAG(s) 'avito_to_raw_midraw' retrieved from /opt/airflow/dags/avito_to_raw_midraw.py
[2026-07-11T19:49:40.959+0000] {logging_mixin.py:190} INFO - [2026-07-11T19:49:40.958+0000] {dag.py:3239} INFO - Sync 1 DAGs
[2026-07-11T19:49:40.973+0000] {logging_mixin.py:190} INFO - [2026-07-11T19:49:40.973+0000] {dag.py:4180} INFO - Setting next_dagrun for avito_to_raw_midraw to 2026-07-11 19:00:00+00:00, run_after=2026-07-11 20:00:00+00:00
[2026-07-11T19:49:40.982+0000] {processor.py:208} INFO - Processing /opt/airflow/dags/avito_to_raw_midraw.py took 0.074 seconds
[2026-07-11T19:50:11.205+0000] {processor.py:186} INFO - Started process (PID=906) to work on /opt/airflow/dags/avito_to_raw_midraw.py
[2026-07-11T19:50:11.206+0000] {processor.py:914} INFO - Processing file /opt/airflow/dags/avito_to_raw_midraw.py for tasks to queue
[2026-07-11T19:50:11.207+0000] {logging_mixin.py:190} INFO - [2026-07-11T19:50:11.207+0000] {dagbag.py:588} INFO - Filling up the DagBag from /opt/airflow/dags/avito_to_raw_midraw.py
[2026-07-11T19:50:11.217+0000] {processor.py:925} INFO - DAG(s) 'avito_to_raw_midraw' retrieved from /opt/airflow/dags/avito_to_raw_midraw.py
[2026-07-11T19:50:11.232+0000] {logging_mixin.py:190} INFO - [2026-07-11T19:50:11.232+0000] {dag.py:3239} INFO - Sync 1 DAGs
[2026-07-11T19:50:11.243+0000] {logging_mixin.py:190} INFO - [2026-07-11T19:50:11.243+0000] {dag.py:4180} INFO - Setting next_dagrun for avito_to_raw_midraw to 2026-07-11 19:00:00+00:00, run_after=2026-07-11 20:00:00+00:00
[2026-07-11T19:50:11.251+0000] {processor.py:208} INFO - Processing /opt/airflow/dags/avito_to_raw_midraw.py took 0.050 seconds
[2026-07-11T19:50:41.472+0000] {processor.py:186} INFO - Started process (PID=908) to work on /opt/airflow/dags/avito_to_raw_midraw.py
[2026-07-11T19:50:41.473+0000] {processor.py:914} INFO - Processing file /opt/airflow/dags/avito_to_raw_midraw.py for tasks to queue
[2026-07-11T19:50:41.474+0000] {logging_mixin.py:190} INFO - [2026-07-11T19:50:41.474+0000] {dagbag.py:588} INFO - Filling up the DagBag from /opt/airflow/dags/avito_to_raw_midraw.py
[2026-07-11T19:50:41.490+0000] {processor.py:925} INFO - DAG(s) 'avito_to_raw_midraw' retrieved from /opt/airflow/dags/avito_to_raw_midraw.py
[2026-07-11T19:50:41.504+0000] {logging_mixin.py:190} INFO - [2026-07-11T19:50:41.504+0000] {dag.py:3239} INFO - Sync 1 DAGs
[2026-07-11T19:50:41.516+0000] {logging_mixin.py:190} INFO - [2026-07-11T19:50:41.515+0000] {dag.py:4180} INFO - Setting next_dagrun for avito_to_raw_midraw to 2026-07-11 19:00:00+00:00, run_after=2026-07-11 20:00:00+00:00
[2026-07-11T19:50:41.523+0000] {processor.py:208} INFO - Processing /opt/airflow/dags/avito_to_raw_midraw.py took 0.054 seconds
[2026-07-11T19:51:11.834+0000] {processor.py:186} INFO - Started process (PID=910) to work on /opt/airflow/dags/avito_to_raw_midraw.py
[2026-07-11T19:51:11.835+0000] {processor.py:914} INFO - Processing file /opt/airflow/dags/avito_to_raw_midraw.py for tasks to queue
[2026-07-11T19:51:11.837+0000] {logging_mixin.py:190} INFO - [2026-07-11T19:51:11.837+0000] {dagbag.py:588} INFO - Filling up the DagBag from /opt/airflow/dags/avito_to_raw_midraw.py
[2026-07-11T19:51:11.862+0000] {processor.py:925} INFO - DAG(s) 'avito_to_raw_midraw' retrieved from /opt/airflow/dags/avito_to_raw_midraw.py
[2026-07-11T19:51:11.890+0000] {logging_mixin.py:190} INFO - [2026-07-11T19:51:11.890+0000] {dag.py:3239} INFO - Sync 1 DAGs
[2026-07-11T19:51:11.908+0000] {logging_mixin.py:190} INFO - [2026-07-11T19:51:11.908+0000] {dag.py:4180} INFO - Setting next_dagrun for avito_to_raw_midraw to 2026-07-11 19:00:00+00:00, run_after=2026-07-11 20:00:00+00:00
[2026-07-11T19:51:11.919+0000] {processor.py:208} INFO - Processing /opt/airflow/dags/avito_to_raw_midraw.py took 0.094 seconds
[2026-07-11T19:51:42.122+0000] {processor.py:186} INFO - Started process (PID=912) to work on /opt/airflow/dags/avito_to_raw_midraw.py
[2026-07-11T19:51:42.123+0000] {processor.py:914} INFO - Processing file /opt/airflow/dags/avito_to_raw_midraw.py for tasks to queue
[2026-07-11T19:51:42.126+0000] {logging_mixin.py:190} INFO - [2026-07-11T19:51:42.125+0000] {dagbag.py:588} INFO - Filling up the DagBag from /opt/airflow/dags/avito_to_raw_midraw.py
[2026-07-11T19:51:42.144+0000] {processor.py:925} INFO - DAG(s) 'avito_to_raw_midraw' retrieved from /opt/airflow/dags/avito_to_raw_midraw.py
[2026-07-11T19:51:42.165+0000] {logging_mixin.py:190} INFO - [2026-07-11T19:51:42.165+0000] {dag.py:3239} INFO - Sync 1 DAGs
[2026-07-11T19:51:42.179+0000] {logging_mixin.py:190} INFO - [2026-07-11T19:51:42.179+0000] {dag.py:4180} INFO - Setting next_dagrun for avito_to_raw_midraw to 2026-07-11 19:00:00+00:00, run_after=2026-07-11 20:00:00+00:00
[2026-07-11T19:51:42.190+0000] {processor.py:208} INFO - Processing /opt/airflow/dags/avito_to_raw_midraw.py took 0.076 seconds
[2026-07-11T19:52:12.440+0000] {processor.py:186} INFO - Started process (PID=914) to work on /opt/airflow/dags/avito_to_raw_midraw.py
[2026-07-11T19:52:12.441+0000] {processor.py:914} INFO - Processing file /opt/airflow/dags/avito_to_raw_midraw.py for tasks to queue
[2026-07-11T19:52:12.443+0000] {logging_mixin.py:190} INFO - [2026-07-11T19:52:12.443+0000] {dagbag.py:588} INFO - Filling up the DagBag from /opt/airflow/dags/avito_to_raw_midraw.py
[2026-07-11T19:52:12.457+0000] {processor.py:925} INFO - DAG(s) 'avito_to_raw_midraw' retrieved from /opt/airflow/dags/avito_to_raw_midraw.py
[2026-07-11T19:52:12.475+0000] {logging_mixin.py:190} INFO - [2026-07-11T19:52:12.475+0000] {dag.py:3239} INFO - Sync 1 DAGs
[2026-07-11T19:52:12.487+0000] {logging_mixin.py:190} INFO - [2026-07-11T19:52:12.486+0000] {dag.py:4180} INFO - Setting next_dagrun for avito_to_raw_midraw to 2026-07-11 19:00:00+00:00, run_after=2026-07-11 20:00:00+00:00
[2026-07-11T19:52:12.497+0000] {processor.py:208} INFO - Processing /opt/airflow/dags/avito_to_raw_midraw.py took 0.061 seconds
[2026-07-11T19:52:42.803+0000] {processor.py:186} INFO - Started process (PID=916) to work on /opt/airflow/dags/avito_to_raw_midraw.py
[2026-07-11T19:52:42.804+0000] {processor.py:914} INFO - Processing file /opt/airflow/dags/avito_to_raw_midraw.py for tasks to queue
[2026-07-11T19:52:42.807+0000] {logging_mixin.py:190} INFO - [2026-07-11T19:52:42.806+0000] {dagbag.py:588} INFO - Filling up the DagBag from /opt/airflow/dags/avito_to_raw_midraw.py
[2026-07-11T19:52:42.824+0000] {processor.py:925} INFO - DAG(s) 'avito_to_raw_midraw' retrieved from /opt/airflow/dags/avito_to_raw_midraw.py
[2026-07-11T19:52:42.846+0000] {logging_mixin.py:190} INFO - [2026-07-11T19:52:42.845+0000] {dag.py:3239} INFO - Sync 1 DAGs
[2026-07-11T19:52:42.861+0000] {logging_mixin.py:190} INFO - [2026-07-11T19:52:42.861+0000] {dag.py:4180} INFO - Setting next_dagrun for avito_to_raw_midraw to 2026-07-11 19:00:00+00:00, run_after=2026-07-11 20:00:00+00:00
[2026-07-11T19:52:42.872+0000] {processor.py:208} INFO - Processing /opt/airflow/dags/avito_to_raw_midraw.py took 0.074 seconds
[2026-07-11T19:53:13.185+0000] {processor.py:186} INFO - Started process (PID=918) to work on /opt/airflow/dags/avito_to_raw_midraw.py
[2026-07-11T19:53:13.186+0000] {processor.py:914} INFO - Processing file /opt/airflow/dags/avito_to_raw_midraw.py for tasks to queue
[2026-07-11T19:53:13.189+0000] {logging_mixin.py:190} INFO - [2026-07-11T19:53:13.188+0000] {dagbag.py:588} INFO - Filling up the DagBag from /opt/airflow/dags/avito_to_raw_midraw.py
[2026-07-11T19:53:13.218+0000] {processor.py:925} INFO - DAG(s) 'avito_to_raw_midraw' retrieved from /opt/airflow/dags/avito_to_raw_midraw.py
[2026-07-11T19:53:13.257+0000] {logging_mixin.py:190} INFO - [2026-07-11T19:53:13.257+0000] {dag.py:3239} INFO - Sync 1 DAGs
[2026-07-11T19:53:13.274+0000] {logging_mixin.py:190} INFO - [2026-07-11T19:53:13.274+0000] {dag.py:4180} INFO - Setting next_dagrun for avito_to_raw_midraw to 2026-07-11 19:00:00+00:00, run_after=2026-07-11 20:00:00+00:00
[2026-07-11T19:53:13.287+0000] {processor.py:208} INFO - Processing /opt/airflow/dags/avito_to_raw_midraw.py took 0.109 seconds
[2026-07-11T19:53:43.490+0000] {processor.py:186} INFO - Started process (PID=920) to work on /opt/airflow/dags/avito_to_raw_midraw.py
[2026-07-11T19:53:43.492+0000] {processor.py:914} INFO - Processing file /opt/airflow/dags/avito_to_raw_midraw.py for tasks to queue
[2026-07-11T19:53:43.497+0000] {logging_mixin.py:190} INFO - [2026-07-11T19:53:43.497+0000] {dagbag.py:588} INFO - Filling up the DagBag from /opt/airflow/dags/avito_to_raw_midraw.py
[2026-07-11T19:53:43.521+0000] {processor.py:925} INFO - DAG(s) 'avito_to_raw_midraw' retrieved from /opt/airflow/dags/avito_to_raw_midraw.py
[2026-07-11T19:53:43.554+0000] {logging_mixin.py:190} INFO - [2026-07-11T19:53:43.554+0000] {dag.py:3239} INFO - Sync 1 DAGs
[2026-07-11T19:53:43.576+0000] {logging_mixin.py:190} INFO - [2026-07-11T19:53:43.576+0000] {dag.py:4180} INFO - Setting next_dagrun for avito_to_raw_midraw to 2026-07-11 19:00:00+00:00, run_after=2026-07-11 20:00:00+00:00
[2026-07-11T19:53:43.589+0000] {processor.py:208} INFO - Processing /opt/airflow/dags/avito_to_raw_midraw.py took 0.108 seconds
[2026-07-11T19:54:13.858+0000] {processor.py:186} INFO - Started process (PID=922) to work on /opt/airflow/dags/avito_to_raw_midraw.py
[2026-07-11T19:54:13.858+0000] {processor.py:914} INFO - Processing file /opt/airflow/dags/avito_to_raw_midraw.py for tasks to queue
[2026-07-11T19:54:13.860+0000] {logging_mixin.py:190} INFO - [2026-07-11T19:54:13.860+0000] {dagbag.py:588} INFO - Filling up the DagBag from /opt/airflow/dags/avito_to_raw_midraw.py
[2026-07-11T19:54:13.872+0000] {processor.py:925} INFO - DAG(s) 'avito_to_raw_midraw' retrieved from /opt/airflow/dags/avito_to_raw_midraw.py
[2026-07-11T19:54:13.892+0000] {logging_mixin.py:190} INFO - [2026-07-11T19:54:13.892+0000] {dag.py:3239} INFO - Sync 1 DAGs
[2026-07-11T19:54:13.904+0000] {logging_mixin.py:190} INFO - [2026-07-11T19:54:13.904+0000] {dag.py:4180} INFO - Setting next_dagrun for avito_to_raw_midraw to 2026-07-11 19:00:00+00:00, run_after=2026-07-11 20:00:00+00:00
[2026-07-11T19:54:13.912+0000] {processor.py:208} INFO - Processing /opt/airflow/dags/avito_to_raw_midraw.py took 0.058 seconds
[2026-07-11T19:54:44.212+0000] {processor.py:186} INFO - Started process (PID=924) to work on /opt/airflow/dags/avito_to_raw_midraw.py
[2026-07-11T19:54:44.213+0000] {processor.py:914} INFO - Processing file /opt/airflow/dags/avito_to_raw_midraw.py for tasks to queue
[2026-07-11T19:54:44.216+0000] {logging_mixin.py:190} INFO - [2026-07-11T19:54:44.215+0000] {dagbag.py:588} INFO - Filling up the DagBag from /opt/airflow/dags/avito_to_raw_midraw.py
[2026-07-11T19:54:44.235+0000] {processor.py:925} INFO - DAG(s) 'avito_to_raw_midraw' retrieved from /opt/airflow/dags/avito_to_raw_midraw.py
[2026-07-11T19:54:44.261+0000] {logging_mixin.py:190} INFO - [2026-07-11T19:54:44.260+0000] {dag.py:3239} INFO - Sync 1 DAGs
[2026-07-11T19:54:44.275+0000] {logging_mixin.py:190} INFO - [2026-07-11T19:54:44.275+0000] {dag.py:4180} INFO - Setting next_dagrun for avito_to_raw_midraw to 2026-07-11 19:00:00+00:00, run_after=2026-07-11 20:00:00+00:00
[2026-07-11T19:54:44.286+0000] {processor.py:208} INFO - Processing /opt/airflow/dags/avito_to_raw_midraw.py took 0.080 seconds
[2026-07-11T19:55:14.569+0000] {processor.py:186} INFO - Started process (PID=926) to work on /opt/airflow/dags/avito_to_raw_midraw.py
[2026-07-11T19:55:14.570+0000] {processor.py:914} INFO - Processing file /opt/airflow/dags/avito_to_raw_midraw.py for tasks to queue
[2026-07-11T19:55:14.575+0000] {logging_mixin.py:190} INFO - [2026-07-11T19:55:14.574+0000] {dagbag.py:588} INFO - Filling up the DagBag from /opt/airflow/dags/avito_to_raw_midraw.py
[2026-07-11T19:55:14.593+0000] {processor.py:925} INFO - DAG(s) 'avito_to_raw_midraw' retrieved from /opt/airflow/dags/avito_to_raw_midraw.py
[2026-07-11T19:55:14.624+0000] {logging_mixin.py:190} INFO - [2026-07-11T19:55:14.624+0000] {dag.py:3239} INFO - Sync 1 DAGs
[2026-07-11T19:55:14.639+0000] {logging_mixin.py:190} INFO - [2026-07-11T19:55:14.639+0000] {dag.py:4180} INFO - Setting next_dagrun for avito_to_raw_midraw to 2026-07-11 19:00:00+00:00, run_after=2026-07-11 20:00:00+00:00
[2026-07-11T19:55:14.650+0000] {processor.py:208} INFO - Processing /opt/airflow/dags/avito_to_raw_midraw.py took 0.087 seconds
[2026-07-11T19:55:44.950+0000] {processor.py:186} INFO - Started process (PID=928) to work on /opt/airflow/dags/avito_to_raw_midraw.py
[2026-07-11T19:55:44.951+0000] {processor.py:914} INFO - Processing file /opt/airflow/dags/avito_to_raw_midraw.py for tasks to queue
[2026-07-11T19:55:44.953+0000] {logging_mixin.py:190} INFO - [2026-07-11T19:55:44.953+0000] {dagbag.py:588} INFO - Filling up the DagBag from /opt/airflow/dags/avito_to_raw_midraw.py
[2026-07-11T19:55:44.971+0000] {processor.py:925} INFO - DAG(s) 'avito_to_raw_midraw' retrieved from /opt/airflow/dags/avito_to_raw_midraw.py
[2026-07-11T19:55:44.988+0000] {logging_mixin.py:190} INFO - [2026-07-11T19:55:44.988+0000] {dag.py:3239} INFO - Sync 1 DAGs
[2026-07-11T19:55:45.000+0000] {logging_mixin.py:190} INFO - [2026-07-11T19:55:45.000+0000] {dag.py:4180} INFO - Setting next_dagrun for avito_to_raw_midraw to 2026-07-11 19:00:00+00:00, run_after=2026-07-11 20:00:00+00:00
[2026-07-11T19:55:45.011+0000] {processor.py:208} INFO - Processing /opt/airflow/dags/avito_to_raw_midraw.py took 0.066 seconds
[2026-07-11T19:56:15.295+0000] {processor.py:186} INFO - Started process (PID=930) to work on /opt/airflow/dags/avito_to_raw_midraw.py
[2026-07-11T19:56:15.296+0000] {processor.py:914} INFO - Processing file /opt/airflow/dags/avito_to_raw_midraw.py for tasks to queue
[2026-07-11T19:56:15.299+0000] {logging_mixin.py:190} INFO - [2026-07-11T19:56:15.299+0000] {dagbag.py:588} INFO - Filling up the DagBag from /opt/airflow/dags/avito_to_raw_midraw.py
[2026-07-11T19:56:15.316+0000] {processor.py:925} INFO - DAG(s) 'avito_to_raw_midraw' retrieved from /opt/airflow/dags/avito_to_raw_midraw.py
[2026-07-11T19:56:15.336+0000] {logging_mixin.py:190} INFO - [2026-07-11T19:56:15.336+0000] {dag.py:3239} INFO - Sync 1 DAGs
[2026-07-11T19:56:15.351+0000] {logging_mixin.py:190} INFO - [2026-07-11T19:56:15.351+0000] {dag.py:4180} INFO - Setting next_dagrun for avito_to_raw_midraw to 2026-07-11 19:00:00+00:00, run_after=2026-07-11 20:00:00+00:00
[2026-07-11T19:56:15.363+0000] {processor.py:208} INFO - Processing /opt/airflow/dags/avito_to_raw_midraw.py took 0.076 seconds
[2026-07-11T19:56:45.549+0000] {processor.py:186} INFO - Started process (PID=932) to work on /opt/airflow/dags/avito_to_raw_midraw.py
[2026-07-11T19:56:45.550+0000] {processor.py:914} INFO - Processing file /opt/airflow/dags/avito_to_raw_midraw.py for tasks to queue
[2026-07-11T19:56:45.551+0000] {logging_mixin.py:190} INFO - [2026-07-11T19:56:45.551+0000] {dagbag.py:588} INFO - Filling up the DagBag from /opt/airflow/dags/avito_to_raw_midraw.py
[2026-07-11T19:56:45.562+0000] {processor.py:925} INFO - DAG(s) 'avito_to_raw_midraw' retrieved from /opt/airflow/dags/avito_to_raw_midraw.py
[2026-07-11T19:56:45.582+0000] {logging_mixin.py:190} INFO - [2026-07-11T19:56:45.582+0000] {dag.py:3239} INFO - Sync 1 DAGs
[2026-07-11T19:56:45.595+0000] {logging_mixin.py:190} INFO - [2026-07-11T19:56:45.595+0000] {dag.py:4180} INFO - Setting next_dagrun for avito_to_raw_midraw to 2026-07-11 19:00:00+00:00, run_after=2026-07-11 20:00:00+00:00
[2026-07-11T19:56:45.606+0000] {processor.py:208} INFO - Processing /opt/airflow/dags/avito_to_raw_midraw.py took 0.061 seconds
[2026-07-11T19:57:15.896+0000] {processor.py:186} INFO - Started process (PID=934) to work on /opt/airflow/dags/avito_to_raw_midraw.py
[2026-07-11T19:57:15.897+0000] {processor.py:914} INFO - Processing file /opt/airflow/dags/avito_to_raw_midraw.py for tasks to queue
[2026-07-11T19:57:15.899+0000] {logging_mixin.py:190} INFO - [2026-07-11T19:57:15.899+0000] {dagbag.py:588} INFO - Filling up the DagBag from /opt/airflow/dags/avito_to_raw_midraw.py
[2026-07-11T19:57:15.913+0000] {processor.py:925} INFO - DAG(s) 'avito_to_raw_midraw' retrieved from /opt/airflow/dags/avito_to_raw_midraw.py
[2026-07-11T19:57:15.928+0000] {logging_mixin.py:190} INFO - [2026-07-11T19:57:15.928+0000] {dag.py:3239} INFO - Sync 1 DAGs
[2026-07-11T19:57:15.939+0000] {logging_mixin.py:190} INFO - [2026-07-11T19:57:15.939+0000] {dag.py:4180} INFO - Setting next_dagrun for avito_to_raw_midraw to 2026-07-11 19:00:00+00:00, run_after=2026-07-11 20:00:00+00:00
[2026-07-11T19:57:15.949+0000] {processor.py:208} INFO - Processing /opt/airflow/dags/avito_to_raw_midraw.py took 0.057 seconds
[2026-07-11T19:57:46.210+0000] {processor.py:186} INFO - Started process (PID=936) to work on /opt/airflow/dags/avito_to_raw_midraw.py
[2026-07-11T19:57:46.211+0000] {processor.py:914} INFO - Processing file /opt/airflow/dags/avito_to_raw_midraw.py for tasks to queue
[2026-07-11T19:57:46.215+0000] {logging_mixin.py:190} INFO - [2026-07-11T19:57:46.214+0000] {dagbag.py:588} INFO - Filling up the DagBag from /opt/airflow/dags/avito_to_raw_midraw.py
[2026-07-11T19:57:46.230+0000] {processor.py:925} INFO - DAG(s) 'avito_to_raw_midraw' retrieved from /opt/airflow/dags/avito_to_raw_midraw.py
[2026-07-11T19:57:46.246+0000] {logging_mixin.py:190} INFO - [2026-07-11T19:57:46.246+0000] {dag.py:3239} INFO - Sync 1 DAGs
[2026-07-11T19:57:46.258+0000] {logging_mixin.py:190} INFO - [2026-07-11T19:57:46.258+0000] {dag.py:4180} INFO - Setting next_dagrun for avito_to_raw_midraw to 2026-07-11 19:00:00+00:00, run_after=2026-07-11 20:00:00+00:00
[2026-07-11T19:57:46.269+0000] {processor.py:208} INFO - Processing /opt/airflow/dags/avito_to_raw_midraw.py took 0.063 seconds
[2026-07-11T19:58:16.552+0000] {processor.py:186} INFO - Started process (PID=938) to work on /opt/airflow/dags/avito_to_raw_midraw.py
[2026-07-11T19:58:16.553+0000] {processor.py:914} INFO - Processing file /opt/airflow/dags/avito_to_raw_midraw.py for tasks to queue
[2026-07-11T19:58:16.556+0000] {logging_mixin.py:190} INFO - [2026-07-11T19:58:16.556+0000] {dagbag.py:588} INFO - Filling up the DagBag from /opt/airflow/dags/avito_to_raw_midraw.py
[2026-07-11T19:58:16.576+0000] {processor.py:925} INFO - DAG(s) 'avito_to_raw_midraw' retrieved from /opt/airflow/dags/avito_to_raw_midraw.py
[2026-07-11T19:58:16.592+0000] {logging_mixin.py:190} INFO - [2026-07-11T19:58:16.592+0000] {dag.py:3239} INFO - Sync 1 DAGs
[2026-07-11T19:58:16.605+0000] {logging_mixin.py:190} INFO - [2026-07-11T19:58:16.605+0000] {dag.py:4180} INFO - Setting next_dagrun for avito_to_raw_midraw to 2026-07-11 19:00:00+00:00, run_after=2026-07-11 20:00:00+00:00
[2026-07-11T19:58:16.618+0000] {processor.py:208} INFO - Processing /opt/airflow/dags/avito_to_raw_midraw.py took 0.071 seconds
[2026-07-11T19:58:46.900+0000] {processor.py:186} INFO - Started process (PID=940) to work on /opt/airflow/dags/avito_to_raw_midraw.py
[2026-07-11T19:58:46.901+0000] {processor.py:914} INFO - Processing file /opt/airflow/dags/avito_to_raw_midraw.py for tasks to queue
[2026-07-11T19:58:46.903+0000] {logging_mixin.py:190} INFO - [2026-07-11T19:58:46.902+0000] {dagbag.py:588} INFO - Filling up the DagBag from /opt/airflow/dags/avito_to_raw_midraw.py
[2026-07-11T19:58:46.916+0000] {processor.py:925} INFO - DAG(s) 'avito_to_raw_midraw' retrieved from /opt/airflow/dags/avito_to_raw_midraw.py
[2026-07-11T19:58:46.934+0000] {logging_mixin.py:190} INFO - [2026-07-11T19:58:46.934+0000] {dag.py:3239} INFO - Sync 1 DAGs
[2026-07-11T19:58:46.946+0000] {logging_mixin.py:190} INFO - [2026-07-11T19:58:46.946+0000] {dag.py:4180} INFO - Setting next_dagrun for avito_to_raw_midraw to 2026-07-11 19:00:00+00:00, run_after=2026-07-11 20:00:00+00:00
[2026-07-11T19:58:46.955+0000] {processor.py:208} INFO - Processing /opt/airflow/dags/avito_to_raw_midraw.py took 0.058 seconds
[2026-07-11T19:59:17.182+0000] {processor.py:186} INFO - Started process (PID=942) to work on /opt/airflow/dags/avito_to_raw_midraw.py
[2026-07-11T19:59:17.183+0000] {processor.py:914} INFO - Processing file /opt/airflow/dags/avito_to_raw_midraw.py for tasks to queue
[2026-07-11T19:59:17.185+0000] {logging_mixin.py:190} INFO - [2026-07-11T19:59:17.185+0000] {dagbag.py:588} INFO - Filling up the DagBag from /opt/airflow/dags/avito_to_raw_midraw.py
[2026-07-11T19:59:17.197+0000] {processor.py:925} INFO - DAG(s) 'avito_to_raw_midraw' retrieved from /opt/airflow/dags/avito_to_raw_midraw.py
[2026-07-11T19:59:17.214+0000] {logging_mixin.py:190} INFO - [2026-07-11T19:59:17.214+0000] {dag.py:3239} INFO - Sync 1 DAGs
[2026-07-11T19:59:17.225+0000] {logging_mixin.py:190} INFO - [2026-07-11T19:59:17.224+0000] {dag.py:4180} INFO - Setting next_dagrun for avito_to_raw_midraw to 2026-07-11 19:00:00+00:00, run_after=2026-07-11 20:00:00+00:00
[2026-07-11T19:59:17.236+0000] {processor.py:208} INFO - Processing /opt/airflow/dags/avito_to_raw_midraw.py took 0.057 seconds
[2026-07-11T19:59:47.495+0000] {processor.py:186} INFO - Started process (PID=944) to work on /opt/airflow/dags/avito_to_raw_midraw.py
[2026-07-11T19:59:47.495+0000] {processor.py:914} INFO - Processing file /opt/airflow/dags/avito_to_raw_midraw.py for tasks to queue
[2026-07-11T19:59:47.497+0000] {logging_mixin.py:190} INFO - [2026-07-11T19:59:47.497+0000] {dagbag.py:588} INFO - Filling up the DagBag from /opt/airflow/dags/avito_to_raw_midraw.py
[2026-07-11T19:59:47.509+0000] {processor.py:925} INFO - DAG(s) 'avito_to_raw_midraw' retrieved from /opt/airflow/dags/avito_to_raw_midraw.py
[2026-07-11T19:59:47.526+0000] {logging_mixin.py:190} INFO - [2026-07-11T19:59:47.526+0000] {dag.py:3239} INFO - Sync 1 DAGs
[2026-07-11T19:59:47.539+0000] {logging_mixin.py:190} INFO - [2026-07-11T19:59:47.539+0000] {dag.py:4180} INFO - Setting next_dagrun for avito_to_raw_midraw to 2026-07-11 19:00:00+00:00, run_after=2026-07-11 20:00:00+00:00
[2026-07-11T19:59:47.547+0000] {processor.py:208} INFO - Processing /opt/airflow/dags/avito_to_raw_midraw.py took 0.056 seconds
[2026-07-11T20:00:17.797+0000] {processor.py:186} INFO - Started process (PID=950) to work on /opt/airflow/dags/avito_to_raw_midraw.py
[2026-07-11T20:00:17.798+0000] {processor.py:914} INFO - Processing file /opt/airflow/dags/avito_to_raw_midraw.py for tasks to queue
[2026-07-11T20:00:17.800+0000] {logging_mixin.py:190} INFO - [2026-07-11T20:00:17.800+0000] {dagbag.py:588} INFO - Filling up the DagBag from /opt/airflow/dags/avito_to_raw_midraw.py
[2026-07-11T20:00:17.817+0000] {processor.py:925} INFO - DAG(s) 'avito_to_raw_midraw' retrieved from /opt/airflow/dags/avito_to_raw_midraw.py
[2026-07-11T20:00:17.836+0000] {logging_mixin.py:190} INFO - [2026-07-11T20:00:17.836+0000] {dag.py:3239} INFO - Sync 1 DAGs
[2026-07-11T20:00:17.860+0000] {processor.py:208} INFO - Processing /opt/airflow/dags/avito_to_raw_midraw.py took 0.066 seconds
[2026-07-11T20:00:48.053+0000] {processor.py:186} INFO - Started process (PID=952) to work on /opt/airflow/dags/avito_to_raw_midraw.py
[2026-07-11T20:00:48.054+0000] {processor.py:914} INFO - Processing file /opt/airflow/dags/avito_to_raw_midraw.py for tasks to queue
[2026-07-11T20:00:48.057+0000] {logging_mixin.py:190} INFO - [2026-07-11T20:00:48.056+0000] {dagbag.py:588} INFO - Filling up the DagBag from /opt/airflow/dags/avito_to_raw_midraw.py
[2026-07-11T20:00:48.073+0000] {processor.py:925} INFO - DAG(s) 'avito_to_raw_midraw' retrieved from /opt/airflow/dags/avito_to_raw_midraw.py
[2026-07-11T20:00:48.092+0000] {logging_mixin.py:190} INFO - [2026-07-11T20:00:48.092+0000] {dag.py:3239} INFO - Sync 1 DAGs
[2026-07-11T20:00:48.105+0000] {logging_mixin.py:190} INFO - [2026-07-11T20:00:48.105+0000] {dag.py:4180} INFO - Setting next_dagrun for avito_to_raw_midraw to 2026-07-11 20:00:00+00:00, run_after=2026-07-11 21:00:00+00:00
[2026-07-11T20:00:48.114+0000] {processor.py:208} INFO - Processing /opt/airflow/dags/avito_to_raw_midraw.py took 0.069 seconds
[2026-07-11T20:01:18.332+0000] {processor.py:186} INFO - Started process (PID=954) to work on /opt/airflow/dags/avito_to_raw_midraw.py
[2026-07-11T20:01:18.333+0000] {processor.py:914} INFO - Processing file /opt/airflow/dags/avito_to_raw_midraw.py for tasks to queue
[2026-07-11T20:01:18.335+0000] {logging_mixin.py:190} INFO - [2026-07-11T20:01:18.335+0000] {dagbag.py:588} INFO - Filling up the DagBag from /opt/airflow/dags/avito_to_raw_midraw.py
[2026-07-11T20:01:18.352+0000] {processor.py:925} INFO - DAG(s) 'avito_to_raw_midraw' retrieved from /opt/airflow/dags/avito_to_raw_midraw.py
[2026-07-11T20:01:18.375+0000] {logging_mixin.py:190} INFO - [2026-07-11T20:01:18.374+0000] {dag.py:3239} INFO - Sync 1 DAGs
[2026-07-11T20:01:18.389+0000] {logging_mixin.py:190} INFO - [2026-07-11T20:01:18.389+0000] {dag.py:4180} INFO - Setting next_dagrun for avito_to_raw_midraw to 2026-07-11 20:00:00+00:00, run_after=2026-07-11 21:00:00+00:00
[2026-07-11T20:01:18.401+0000] {processor.py:208} INFO - Processing /opt/airflow/dags/avito_to_raw_midraw.py took 0.073 seconds
[2026-07-11T20:01:48.727+0000] {processor.py:186} INFO - Started process (PID=956) to work on /opt/airflow/dags/avito_to_raw_midraw.py
[2026-07-11T20:01:48.728+0000] {processor.py:914} INFO - Processing file /opt/airflow/dags/avito_to_raw_midraw.py for tasks to queue
[2026-07-11T20:01:48.730+0000] {logging_mixin.py:190} INFO - [2026-07-11T20:01:48.730+0000] {dagbag.py:588} INFO - Filling up the DagBag from /opt/airflow/dags/avito_to_raw_midraw.py
[2026-07-11T20:01:48.763+0000] {processor.py:925} INFO - DAG(s) 'avito_to_raw_midraw' retrieved from /opt/airflow/dags/avito_to_raw_midraw.py
[2026-07-11T20:01:48.784+0000] {logging_mixin.py:190} INFO - [2026-07-11T20:01:48.784+0000] {dag.py:3239} INFO - Sync 1 DAGs
[2026-07-11T20:01:48.797+0000] {logging_mixin.py:190} INFO - [2026-07-11T20:01:48.797+0000] {dag.py:4180} INFO - Setting next_dagrun for avito_to_raw_midraw to 2026-07-11 20:00:00+00:00, run_after=2026-07-11 21:00:00+00:00
[2026-07-11T20:01:48.805+0000] {processor.py:208} INFO - Processing /opt/airflow/dags/avito_to_raw_midraw.py took 0.087 seconds
[2026-07-11T20:02:19.039+0000] {processor.py:186} INFO - Started process (PID=958) to work on /opt/airflow/dags/avito_to_raw_midraw.py
[2026-07-11T20:02:19.039+0000] {processor.py:914} INFO - Processing file /opt/airflow/dags/avito_to_raw_midraw.py for tasks to queue
[2026-07-11T20:02:19.041+0000] {logging_mixin.py:190} INFO - [2026-07-11T20:02:19.041+0000] {dagbag.py:588} INFO - Filling up the DagBag from /opt/airflow/dags/avito_to_raw_midraw.py
[2026-07-11T20:02:19.058+0000] {processor.py:925} INFO - DAG(s) 'avito_to_raw_midraw' retrieved from /opt/airflow/dags/avito_to_raw_midraw.py
[2026-07-11T20:02:19.073+0000] {logging_mixin.py:190} INFO - [2026-07-11T20:02:19.073+0000] {dag.py:3239} INFO - Sync 1 DAGs
[2026-07-11T20:02:19.086+0000] {logging_mixin.py:190} INFO - [2026-07-11T20:02:19.086+0000] {dag.py:4180} INFO - Setting next_dagrun for avito_to_raw_midraw to 2026-07-11 20:00:00+00:00, run_after=2026-07-11 21:00:00+00:00
[2026-07-11T20:02:19.094+0000] {processor.py:208} INFO - Processing /opt/airflow/dags/avito_to_raw_midraw.py took 0.060 seconds
[2026-07-11T20:02:49.330+0000] {processor.py:186} INFO - Started process (PID=960) to work on /opt/airflow/dags/avito_to_raw_midraw.py
[2026-07-11T20:02:49.331+0000] {processor.py:914} INFO - Processing file /opt/airflow/dags/avito_to_raw_midraw.py for tasks to queue
[2026-07-11T20:02:49.333+0000] {logging_mixin.py:190} INFO - [2026-07-11T20:02:49.333+0000] {dagbag.py:588} INFO - Filling up the DagBag from /opt/airflow/dags/avito_to_raw_midraw.py
[2026-07-11T20:02:49.347+0000] {processor.py:925} INFO - DAG(s) 'avito_to_raw_midraw' retrieved from /opt/airflow/dags/avito_to_raw_midraw.py
[2026-07-11T20:02:49.365+0000] {logging_mixin.py:190} INFO - [2026-07-11T20:02:49.365+0000] {dag.py:3239} INFO - Sync 1 DAGs
[2026-07-11T20:02:49.378+0000] {logging_mixin.py:190} INFO - [2026-07-11T20:02:49.377+0000] {dag.py:4180} INFO - Setting next_dagrun for avito_to_raw_midraw to 2026-07-11 20:00:00+00:00, run_after=2026-07-11 21:00:00+00:00
[2026-07-11T20:02:49.388+0000] {processor.py:208} INFO - Processing /opt/airflow/dags/avito_to_raw_midraw.py took 0.065 seconds
[2026-07-11T20:03:19.628+0000] {processor.py:186} INFO - Started process (PID=962) to work on /opt/airflow/dags/avito_to_raw_midraw.py
[2026-07-11T20:03:19.629+0000] {processor.py:914} INFO - Processing file /opt/airflow/dags/avito_to_raw_midraw.py for tasks to queue
[2026-07-11T20:03:19.631+0000] {logging_mixin.py:190} INFO - [2026-07-11T20:03:19.630+0000] {dagbag.py:588} INFO - Filling up the DagBag from /opt/airflow/dags/avito_to_raw_midraw.py
[2026-07-11T20:03:19.643+0000] {processor.py:925} INFO - DAG(s) 'avito_to_raw_midraw' retrieved from /opt/airflow/dags/avito_to_raw_midraw.py
[2026-07-11T20:03:19.663+0000] {logging_mixin.py:190} INFO - [2026-07-11T20:03:19.663+0000] {dag.py:3239} INFO - Sync 1 DAGs
[2026-07-11T20:03:19.676+0000] {logging_mixin.py:190} INFO - [2026-07-11T20:03:19.676+0000] {dag.py:4180} INFO - Setting next_dagrun for avito_to_raw_midraw to 2026-07-11 20:00:00+00:00, run_after=2026-07-11 21:00:00+00:00
[2026-07-11T20:03:19.685+0000] {processor.py:208} INFO - Processing /opt/airflow/dags/avito_to_raw_midraw.py took 0.063 seconds
[2026-07-11T20:03:49.954+0000] {processor.py:186} INFO - Started process (PID=964) to work on /opt/airflow/dags/avito_to_raw_midraw.py
[2026-07-11T20:03:49.955+0000] {processor.py:914} INFO - Processing file /opt/airflow/dags/avito_to_raw_midraw.py for tasks to queue
[2026-07-11T20:03:49.958+0000] {logging_mixin.py:190} INFO - [2026-07-11T20:03:49.957+0000] {dagbag.py:588} INFO - Filling up the DagBag from /opt/airflow/dags/avito_to_raw_midraw.py
[2026-07-11T20:03:49.975+0000] {processor.py:925} INFO - DAG(s) 'avito_to_raw_midraw' retrieved from /opt/airflow/dags/avito_to_raw_midraw.py
[2026-07-11T20:03:49.992+0000] {logging_mixin.py:190} INFO - [2026-07-11T20:03:49.992+0000] {dag.py:3239} INFO - Sync 1 DAGs
[2026-07-11T20:03:50.005+0000] {logging_mixin.py:190} INFO - [2026-07-11T20:03:50.005+0000] {dag.py:4180} INFO - Setting next_dagrun for avito_to_raw_midraw to 2026-07-11 20:00:00+00:00, run_after=2026-07-11 21:00:00+00:00
[2026-07-11T20:03:50.013+0000] {processor.py:208} INFO - Processing /opt/airflow/dags/avito_to_raw_midraw.py took 0.063 seconds
[2026-07-11T20:04:20.234+0000] {processor.py:186} INFO - Started process (PID=966) to work on /opt/airflow/dags/avito_to_raw_midraw.py
[2026-07-11T20:04:20.235+0000] {processor.py:914} INFO - Processing file /opt/airflow/dags/avito_to_raw_midraw.py for tasks to queue
[2026-07-11T20:04:20.236+0000] {logging_mixin.py:190} INFO - [2026-07-11T20:04:20.236+0000] {dagbag.py:588} INFO - Filling up the DagBag from /opt/airflow/dags/avito_to_raw_midraw.py
[2026-07-11T20:04:20.251+0000] {processor.py:925} INFO - DAG(s) 'avito_to_raw_midraw' retrieved from /opt/airflow/dags/avito_to_raw_midraw.py
[2026-07-11T20:04:20.268+0000] {logging_mixin.py:190} INFO - [2026-07-11T20:04:20.267+0000] {dag.py:3239} INFO - Sync 1 DAGs
[2026-07-11T20:04:20.279+0000] {logging_mixin.py:190} INFO - [2026-07-11T20:04:20.279+0000] {dag.py:4180} INFO - Setting next_dagrun for avito_to_raw_midraw to 2026-07-11 20:00:00+00:00, run_after=2026-07-11 21:00:00+00:00
[2026-07-11T20:04:20.287+0000] {processor.py:208} INFO - Processing /opt/airflow/dags/avito_to_raw_midraw.py took 0.056 seconds
[2026-07-11T20:04:50.490+0000] {processor.py:186} INFO - Started process (PID=968) to work on /opt/airflow/dags/avito_to_raw_midraw.py
[2026-07-11T20:04:50.491+0000] {processor.py:914} INFO - Processing file /opt/airflow/dags/avito_to_raw_midraw.py for tasks to queue
[2026-07-11T20:04:50.492+0000] {logging_mixin.py:190} INFO - [2026-07-11T20:04:50.492+0000] {dagbag.py:588} INFO - Filling up the DagBag from /opt/airflow/dags/avito_to_raw_midraw.py
[2026-07-11T20:04:50.502+0000] {processor.py:925} INFO - DAG(s) 'avito_to_raw_midraw' retrieved from /opt/airflow/dags/avito_to_raw_midraw.py
[2026-07-11T20:04:50.518+0000] {logging_mixin.py:190} INFO - [2026-07-11T20:04:50.517+0000] {dag.py:3239} INFO - Sync 1 DAGs
[2026-07-11T20:04:50.529+0000] {logging_mixin.py:190} INFO - [2026-07-11T20:04:50.529+0000] {dag.py:4180} INFO - Setting next_dagrun for avito_to_raw_midraw to 2026-07-11 20:00:00+00:00, run_after=2026-07-11 21:00:00+00:00
[2026-07-11T20:04:50.537+0000] {processor.py:208} INFO - Processing /opt/airflow/dags/avito_to_raw_midraw.py took 0.051 seconds
[2026-07-11T20:05:20.800+0000] {processor.py:186} INFO - Started process (PID=970) to work on /opt/airflow/dags/avito_to_raw_midraw.py
[2026-07-11T20:05:20.800+0000] {processor.py:914} INFO - Processing file /opt/airflow/dags/avito_to_raw_midraw.py for tasks to queue
[2026-07-11T20:05:20.802+0000] {logging_mixin.py:190} INFO - [2026-07-11T20:05:20.802+0000] {dagbag.py:588} INFO - Filling up the DagBag from /opt/airflow/dags/avito_to_raw_midraw.py
[2026-07-11T20:05:20.813+0000] {processor.py:925} INFO - DAG(s) 'avito_to_raw_midraw' retrieved from /opt/airflow/dags/avito_to_raw_midraw.py
[2026-07-11T20:05:20.828+0000] {logging_mixin.py:190} INFO - [2026-07-11T20:05:20.828+0000] {dag.py:3239} INFO - Sync 1 DAGs
[2026-07-11T20:05:20.839+0000] {logging_mixin.py:190} INFO - [2026-07-11T20:05:20.839+0000] {dag.py:4180} INFO - Setting next_dagrun for avito_to_raw_midraw to 2026-07-11 20:00:00+00:00, run_after=2026-07-11 21:00:00+00:00
[2026-07-11T20:05:20.849+0000] {processor.py:208} INFO - Processing /opt/airflow/dags/avito_to_raw_midraw.py took 0.053 seconds
[2026-07-11T20:05:51.109+0000] {processor.py:186} INFO - Started process (PID=972) to work on /opt/airflow/dags/avito_to_raw_midraw.py
[2026-07-11T20:05:51.110+0000] {processor.py:914} INFO - Processing file /opt/airflow/dags/avito_to_raw_midraw.py for tasks to queue
[2026-07-11T20:05:51.113+0000] {logging_mixin.py:190} INFO - [2026-07-11T20:05:51.112+0000] {dagbag.py:588} INFO - Filling up the DagBag from /opt/airflow/dags/avito_to_raw_midraw.py
[2026-07-11T20:05:51.133+0000] {processor.py:925} INFO - DAG(s) 'avito_to_raw_midraw' retrieved from /opt/airflow/dags/avito_to_raw_midraw.py
[2026-07-11T20:05:51.151+0000] {logging_mixin.py:190} INFO - [2026-07-11T20:05:51.151+0000] {dag.py:3239} INFO - Sync 1 DAGs
[2026-07-11T20:05:51.165+0000] {logging_mixin.py:190} INFO - [2026-07-11T20:05:51.165+0000] {dag.py:4180} INFO - Setting next_dagrun for avito_to_raw_midraw to 2026-07-11 20:00:00+00:00, run_after=2026-07-11 21:00:00+00:00
[2026-07-11T20:05:51.174+0000] {processor.py:208} INFO - Processing /opt/airflow/dags/avito_to_raw_midraw.py took 0.071 seconds
[2026-07-11T20:06:21.377+0000] {processor.py:186} INFO - Started process (PID=974) to work on /opt/airflow/dags/avito_to_raw_midraw.py
[2026-07-11T20:06:21.377+0000] {processor.py:914} INFO - Processing file /opt/airflow/dags/avito_to_raw_midraw.py for tasks to queue
[2026-07-11T20:06:21.379+0000] {logging_mixin.py:190} INFO - [2026-07-11T20:06:21.379+0000] {dagbag.py:588} INFO - Filling up the DagBag from /opt/airflow/dags/avito_to_raw_midraw.py
[2026-07-11T20:06:21.391+0000] {processor.py:925} INFO - DAG(s) 'avito_to_raw_midraw' retrieved from /opt/airflow/dags/avito_to_raw_midraw.py
[2026-07-11T20:06:21.407+0000] {logging_mixin.py:190} INFO - [2026-07-11T20:06:21.407+0000] {dag.py:3239} INFO - Sync 1 DAGs
[2026-07-11T20:06:21.418+0000] {logging_mixin.py:190} INFO - [2026-07-11T20:06:21.418+0000] {dag.py:4180} INFO - Setting next_dagrun for avito_to_raw_midraw to 2026-07-11 20:00:00+00:00, run_after=2026-07-11 21:00:00+00:00
[2026-07-11T20:06:21.426+0000] {processor.py:208} INFO - Processing /opt/airflow/dags/avito_to_raw_midraw.py took 0.053 seconds
[2026-07-11T20:06:51.695+0000] {processor.py:186} INFO - Started process (PID=976) to work on /opt/airflow/dags/avito_to_raw_midraw.py
[2026-07-11T20:06:51.696+0000] {processor.py:914} INFO - Processing file /opt/airflow/dags/avito_to_raw_midraw.py for tasks to queue
[2026-07-11T20:06:51.697+0000] {logging_mixin.py:190} INFO - [2026-07-11T20:06:51.697+0000] {dagbag.py:588} INFO - Filling up the DagBag from /opt/airflow/dags/avito_to_raw_midraw.py
[2026-07-11T20:06:51.709+0000] {processor.py:925} INFO - DAG(s) 'avito_to_raw_midraw' retrieved from /opt/airflow/dags/avito_to_raw_midraw.py
[2026-07-11T20:06:51.724+0000] {logging_mixin.py:190} INFO - [2026-07-11T20:06:51.724+0000] {dag.py:3239} INFO - Sync 1 DAGs
[2026-07-11T20:06:51.734+0000] {logging_mixin.py:190} INFO - [2026-07-11T20:06:51.734+0000] {dag.py:4180} INFO - Setting next_dagrun for avito_to_raw_midraw to 2026-07-11 20:00:00+00:00, run_after=2026-07-11 21:00:00+00:00
[2026-07-11T20:06:51.742+0000] {processor.py:208} INFO - Processing /opt/airflow/dags/avito_to_raw_midraw.py took 0.051 seconds
[2026-07-11T20:07:22.012+0000] {processor.py:186} INFO - Started process (PID=978) to work on /opt/airflow/dags/avito_to_raw_midraw.py
[2026-07-11T20:07:22.013+0000] {processor.py:914} INFO - Processing file /opt/airflow/dags/avito_to_raw_midraw.py for tasks to queue
[2026-07-11T20:07:22.016+0000] {logging_mixin.py:190} INFO - [2026-07-11T20:07:22.016+0000] {dagbag.py:588} INFO - Filling up the DagBag from /opt/airflow/dags/avito_to_raw_midraw.py
[2026-07-11T20:07:22.035+0000] {processor.py:925} INFO - DAG(s) 'avito_to_raw_midraw' retrieved from /opt/airflow/dags/avito_to_raw_midraw.py
[2026-07-11T20:07:22.055+0000] {logging_mixin.py:190} INFO - [2026-07-11T20:07:22.055+0000] {dag.py:3239} INFO - Sync 1 DAGs
[2026-07-11T20:07:22.069+0000] {logging_mixin.py:190} INFO - [2026-07-11T20:07:22.069+0000] {dag.py:4180} INFO - Setting next_dagrun for avito_to_raw_midraw to 2026-07-11 20:00:00+00:00, run_after=2026-07-11 21:00:00+00:00
[2026-07-11T20:07:22.078+0000] {processor.py:208} INFO - Processing /opt/airflow/dags/avito_to_raw_midraw.py took 0.071 seconds
[2026-07-11T20:07:52.285+0000] {processor.py:186} INFO - Started process (PID=980) to work on /opt/airflow/dags/avito_to_raw_midraw.py
[2026-07-11T20:07:52.286+0000] {processor.py:914} INFO - Processing file /opt/airflow/dags/avito_to_raw_midraw.py for tasks to queue
[2026-07-11T20:07:52.287+0000] {logging_mixin.py:190} INFO - [2026-07-11T20:07:52.287+0000] {dagbag.py:588} INFO - Filling up the DagBag from /opt/airflow/dags/avito_to_raw_midraw.py
[2026-07-11T20:07:52.302+0000] {processor.py:925} INFO - DAG(s) 'avito_to_raw_midraw' retrieved from /opt/airflow/dags/avito_to_raw_midraw.py
[2026-07-11T20:07:52.321+0000] {logging_mixin.py:190} INFO - [2026-07-11T20:07:52.321+0000] {dag.py:3239} INFO - Sync 1 DAGs
[2026-07-11T20:07:52.334+0000] {logging_mixin.py:190} INFO - [2026-07-11T20:07:52.333+0000] {dag.py:4180} INFO - Setting next_dagrun for avito_to_raw_midraw to 2026-07-11 20:00:00+00:00, run_after=2026-07-11 21:00:00+00:00
[2026-07-11T20:07:52.343+0000] {processor.py:208} INFO - Processing /opt/airflow/dags/avito_to_raw_midraw.py took 0.063 seconds
[2026-07-11T20:08:22.577+0000] {processor.py:186} INFO - Started process (PID=982) to work on /opt/airflow/dags/avito_to_raw_midraw.py
[2026-07-11T20:08:22.578+0000] {processor.py:914} INFO - Processing file /opt/airflow/dags/avito_to_raw_midraw.py for tasks to queue
[2026-07-11T20:08:22.580+0000] {logging_mixin.py:190} INFO - [2026-07-11T20:08:22.580+0000] {dagbag.py:588} INFO - Filling up the DagBag from /opt/airflow/dags/avito_to_raw_midraw.py
[2026-07-11T20:08:22.596+0000] {processor.py:925} INFO - DAG(s) 'avito_to_raw_midraw' retrieved from /opt/airflow/dags/avito_to_raw_midraw.py
[2026-07-11T20:08:22.612+0000] {logging_mixin.py:190} INFO - [2026-07-11T20:08:22.611+0000] {dag.py:3239} INFO - Sync 1 DAGs
[2026-07-11T20:08:22.623+0000] {logging_mixin.py:190} INFO - [2026-07-11T20:08:22.623+0000] {dag.py:4180} INFO - Setting next_dagrun for avito_to_raw_midraw to 2026-07-11 20:00:00+00:00, run_after=2026-07-11 21:00:00+00:00
[2026-07-11T20:08:22.631+0000] {processor.py:208} INFO - Processing /opt/airflow/dags/avito_to_raw_midraw.py took 0.058 seconds
[2026-07-11T20:08:52.879+0000] {processor.py:186} INFO - Started process (PID=984) to work on /opt/airflow/dags/avito_to_raw_midraw.py
[2026-07-11T20:08:52.880+0000] {processor.py:914} INFO - Processing file /opt/airflow/dags/avito_to_raw_midraw.py for tasks to queue
[2026-07-11T20:08:52.882+0000] {logging_mixin.py:190} INFO - [2026-07-11T20:08:52.881+0000] {dagbag.py:588} INFO - Filling up the DagBag from /opt/airflow/dags/avito_to_raw_midraw.py
[2026-07-11T20:08:52.897+0000] {processor.py:925} INFO - DAG(s) 'avito_to_raw_midraw' retrieved from /opt/airflow/dags/avito_to_raw_midraw.py
[2026-07-11T20:08:52.916+0000] {logging_mixin.py:190} INFO - [2026-07-11T20:08:52.916+0000] {dag.py:3239} INFO - Sync 1 DAGs
[2026-07-11T20:08:52.929+0000] {logging_mixin.py:190} INFO - [2026-07-11T20:08:52.929+0000] {dag.py:4180} INFO - Setting next_dagrun for avito_to_raw_midraw to 2026-07-11 20:00:00+00:00, run_after=2026-07-11 21:00:00+00:00
[2026-07-11T20:08:52.937+0000] {processor.py:208} INFO - Processing /opt/airflow/dags/avito_to_raw_midraw.py took 0.064 seconds
[2026-07-11T20:09:23.203+0000] {processor.py:186} INFO - Started process (PID=986) to work on /opt/airflow/dags/avito_to_raw_midraw.py
[2026-07-11T20:09:23.204+0000] {processor.py:914} INFO - Processing file /opt/airflow/dags/avito_to_raw_midraw.py for tasks to queue
[2026-07-11T20:09:23.205+0000] {logging_mixin.py:190} INFO - [2026-07-11T20:09:23.205+0000] {dagbag.py:588} INFO - Filling up the DagBag from /opt/airflow/dags/avito_to_raw_midraw.py
[2026-07-11T20:09:23.220+0000] {processor.py:925} INFO - DAG(s) 'avito_to_raw_midraw' retrieved from /opt/airflow/dags/avito_to_raw_midraw.py
[2026-07-11T20:09:23.236+0000] {logging_mixin.py:190} INFO - [2026-07-11T20:09:23.235+0000] {dag.py:3239} INFO - Sync 1 DAGs
[2026-07-11T20:09:23.247+0000] {logging_mixin.py:190} INFO - [2026-07-11T20:09:23.247+0000] {dag.py:4180} INFO - Setting next_dagrun for avito_to_raw_midraw to 2026-07-11 20:00:00+00:00, run_after=2026-07-11 21:00:00+00:00
[2026-07-11T20:09:23.256+0000] {processor.py:208} INFO - Processing /opt/airflow/dags/avito_to_raw_midraw.py took 0.057 seconds
[2026-07-11T20:09:53.532+0000] {processor.py:186} INFO - Started process (PID=988) to work on /opt/airflow/dags/avito_to_raw_midraw.py
[2026-07-11T20:09:53.533+0000] {processor.py:914} INFO - Processing file /opt/airflow/dags/avito_to_raw_midraw.py for tasks to queue
[2026-07-11T20:09:53.536+0000] {logging_mixin.py:190} INFO - [2026-07-11T20:09:53.535+0000] {dagbag.py:588} INFO - Filling up the DagBag from /opt/airflow/dags/avito_to_raw_midraw.py
[2026-07-11T20:09:53.554+0000] {processor.py:925} INFO - DAG(s) 'avito_to_raw_midraw' retrieved from /opt/airflow/dags/avito_to_raw_midraw.py
[2026-07-11T20:09:53.576+0000] {logging_mixin.py:190} INFO - [2026-07-11T20:09:53.576+0000] {dag.py:3239} INFO - Sync 1 DAGs
[2026-07-11T20:09:53.591+0000] {logging_mixin.py:190} INFO - [2026-07-11T20:09:53.591+0000] {dag.py:4180} INFO - Setting next_dagrun for avito_to_raw_midraw to 2026-07-11 20:00:00+00:00, run_after=2026-07-11 21:00:00+00:00
[2026-07-11T20:09:53.600+0000] {processor.py:208} INFO - Processing /opt/airflow/dags/avito_to_raw_midraw.py took 0.076 seconds
[2026-07-11T20:10:23.821+0000] {processor.py:186} INFO - Started process (PID=990) to work on /opt/airflow/dags/avito_to_raw_midraw.py
[2026-07-11T20:10:23.822+0000] {processor.py:914} INFO - Processing file /opt/airflow/dags/avito_to_raw_midraw.py for tasks to queue
[2026-07-11T20:10:23.825+0000] {logging_mixin.py:190} INFO - [2026-07-11T20:10:23.825+0000] {dagbag.py:588} INFO - Filling up the DagBag from /opt/airflow/dags/avito_to_raw_midraw.py
[2026-07-11T20:10:23.844+0000] {processor.py:925} INFO - DAG(s) 'avito_to_raw_midraw' retrieved from /opt/airflow/dags/avito_to_raw_midraw.py
[2026-07-11T20:10:23.865+0000] {logging_mixin.py:190} INFO - [2026-07-11T20:10:23.865+0000] {dag.py:3239} INFO - Sync 1 DAGs
[2026-07-11T20:10:23.880+0000] {logging_mixin.py:190} INFO - [2026-07-11T20:10:23.880+0000] {dag.py:4180} INFO - Setting next_dagrun for avito_to_raw_midraw to 2026-07-11 20:00:00+00:00, run_after=2026-07-11 21:00:00+00:00
[2026-07-11T20:10:23.889+0000] {processor.py:208} INFO - Processing /opt/airflow/dags/avito_to_raw_midraw.py took 0.074 seconds
[2026-07-11T20:10:54.136+0000] {processor.py:186} INFO - Started process (PID=992) to work on /opt/airflow/dags/avito_to_raw_midraw.py
[2026-07-11T20:10:54.137+0000] {processor.py:914} INFO - Processing file /opt/airflow/dags/avito_to_raw_midraw.py for tasks to queue
[2026-07-11T20:10:54.138+0000] {logging_mixin.py:190} INFO - [2026-07-11T20:10:54.138+0000] {dagbag.py:588} INFO - Filling up the DagBag from /opt/airflow/dags/avito_to_raw_midraw.py
[2026-07-11T20:10:54.153+0000] {processor.py:925} INFO - DAG(s) 'avito_to_raw_midraw' retrieved from /opt/airflow/dags/avito_to_raw_midraw.py
[2026-07-11T20:10:54.171+0000] {logging_mixin.py:190} INFO - [2026-07-11T20:10:54.171+0000] {dag.py:3239} INFO - Sync 1 DAGs
[2026-07-11T20:10:54.188+0000] {logging_mixin.py:190} INFO - [2026-07-11T20:10:54.188+0000] {dag.py:4180} INFO - Setting next_dagrun for avito_to_raw_midraw to 2026-07-11 20:00:00+00:00, run_after=2026-07-11 21:00:00+00:00
[2026-07-11T20:10:54.200+0000] {processor.py:208} INFO - Processing /opt/airflow/dags/avito_to_raw_midraw.py took 0.071 seconds
[2026-07-11T20:11:24.418+0000] {processor.py:186} INFO - Started process (PID=994) to work on /opt/airflow/dags/avito_to_raw_midraw.py
[2026-07-11T20:11:24.419+0000] {processor.py:914} INFO - Processing file /opt/airflow/dags/avito_to_raw_midraw.py for tasks to queue
[2026-07-11T20:11:24.421+0000] {logging_mixin.py:190} INFO - [2026-07-11T20:11:24.420+0000] {dagbag.py:588} INFO - Filling up the DagBag from /opt/airflow/dags/avito_to_raw_midraw.py
[2026-07-11T20:11:24.433+0000] {processor.py:925} INFO - DAG(s) 'avito_to_raw_midraw' retrieved from /opt/airflow/dags/avito_to_raw_midraw.py
[2026-07-11T20:11:24.449+0000] {logging_mixin.py:190} INFO - [2026-07-11T20:11:24.449+0000] {dag.py:3239} INFO - Sync 1 DAGs
[2026-07-11T20:11:24.460+0000] {logging_mixin.py:190} INFO - [2026-07-11T20:11:24.460+0000] {dag.py:4180} INFO - Setting next_dagrun for avito_to_raw_midraw to 2026-07-11 20:00:00+00:00, run_after=2026-07-11 21:00:00+00:00
[2026-07-11T20:11:24.471+0000] {processor.py:208} INFO - Processing /opt/airflow/dags/avito_to_raw_midraw.py took 0.057 seconds
[2026-07-11T20:11:54.796+0000] {processor.py:186} INFO - Started process (PID=996) to work on /opt/airflow/dags/avito_to_raw_midraw.py
[2026-07-11T20:11:54.797+0000] {processor.py:914} INFO - Processing file /opt/airflow/dags/avito_to_raw_midraw.py for tasks to queue
[2026-07-11T20:11:54.801+0000] {logging_mixin.py:190} INFO - [2026-07-11T20:11:54.800+0000] {dagbag.py:588} INFO - Filling up the DagBag from /opt/airflow/dags/avito_to_raw_midraw.py
[2026-07-11T20:11:54.824+0000] {processor.py:925} INFO - DAG(s) 'avito_to_raw_midraw' retrieved from /opt/airflow/dags/avito_to_raw_midraw.py
[2026-07-11T20:11:54.850+0000] {logging_mixin.py:190} INFO - [2026-07-11T20:11:54.850+0000] {dag.py:3239} INFO - Sync 1 DAGs
[2026-07-11T20:11:54.865+0000] {logging_mixin.py:190} INFO - [2026-07-11T20:11:54.865+0000] {dag.py:4180} INFO - Setting next_dagrun for avito_to_raw_midraw to 2026-07-11 20:00:00+00:00, run_after=2026-07-11 21:00:00+00:00
[2026-07-11T20:11:54.876+0000] {processor.py:208} INFO - Processing /opt/airflow/dags/avito_to_raw_midraw.py took 0.087 seconds
[2026-07-11T20:12:25.071+0000] {processor.py:186} INFO - Started process (PID=998) to work on /opt/airflow/dags/avito_to_raw_midraw.py
[2026-07-11T20:12:25.072+0000] {processor.py:914} INFO - Processing file /opt/airflow/dags/avito_to_raw_midraw.py for tasks to queue
[2026-07-11T20:12:25.073+0000] {logging_mixin.py:190} INFO - [2026-07-11T20:12:25.073+0000] {dagbag.py:588} INFO - Filling up the DagBag from /opt/airflow/dags/avito_to_raw_midraw.py
[2026-07-11T20:12:25.085+0000] {processor.py:925} INFO - DAG(s) 'avito_to_raw_midraw' retrieved from /opt/airflow/dags/avito_to_raw_midraw.py
[2026-07-11T20:12:25.103+0000] {logging_mixin.py:190} INFO - [2026-07-11T20:12:25.103+0000] {dag.py:3239} INFO - Sync 1 DAGs
[2026-07-11T20:12:25.116+0000] {logging_mixin.py:190} INFO - [2026-07-11T20:12:25.116+0000] {dag.py:4180} INFO - Setting next_dagrun for avito_to_raw_midraw to 2026-07-11 20:00:00+00:00, run_after=2026-07-11 21:00:00+00:00
[2026-07-11T20:12:25.125+0000] {processor.py:208} INFO - Processing /opt/airflow/dags/avito_to_raw_midraw.py took 0.060 seconds
[2026-07-11T20:12:55.407+0000] {processor.py:186} INFO - Started process (PID=1000) to work on /opt/airflow/dags/avito_to_raw_midraw.py
[2026-07-11T20:12:55.407+0000] {processor.py:914} INFO - Processing file /opt/airflow/dags/avito_to_raw_midraw.py for tasks to queue
[2026-07-11T20:12:55.409+0000] {logging_mixin.py:190} INFO - [2026-07-11T20:12:55.409+0000] {dagbag.py:588} INFO - Filling up the DagBag from /opt/airflow/dags/avito_to_raw_midraw.py
[2026-07-11T20:12:55.423+0000] {processor.py:925} INFO - DAG(s) 'avito_to_raw_midraw' retrieved from /opt/airflow/dags/avito_to_raw_midraw.py
[2026-07-11T20:12:55.438+0000] {logging_mixin.py:190} INFO - [2026-07-11T20:12:55.438+0000] {dag.py:3239} INFO - Sync 1 DAGs
[2026-07-11T20:12:55.451+0000] {logging_mixin.py:190} INFO - [2026-07-11T20:12:55.451+0000] {dag.py:4180} INFO - Setting next_dagrun for avito_to_raw_midraw to 2026-07-11 20:00:00+00:00, run_after=2026-07-11 21:00:00+00:00
[2026-07-11T20:12:55.460+0000] {processor.py:208} INFO - Processing /opt/airflow/dags/avito_to_raw_midraw.py took 0.057 seconds
[2026-07-11T20:13:25.713+0000] {processor.py:186} INFO - Started process (PID=1002) to work on /opt/airflow/dags/avito_to_raw_midraw.py
[2026-07-11T20:13:25.713+0000] {processor.py:914} INFO - Processing file /opt/airflow/dags/avito_to_raw_midraw.py for tasks to queue
[2026-07-11T20:13:25.716+0000] {logging_mixin.py:190} INFO - [2026-07-11T20:13:25.716+0000] {dagbag.py:588} INFO - Filling up the DagBag from /opt/airflow/dags/avito_to_raw_midraw.py
[2026-07-11T20:13:25.735+0000] {processor.py:925} INFO - DAG(s) 'avito_to_raw_midraw' retrieved from /opt/airflow/dags/avito_to_raw_midraw.py
[2026-07-11T20:13:25.752+0000] {logging_mixin.py:190} INFO - [2026-07-11T20:13:25.752+0000] {dag.py:3239} INFO - Sync 1 DAGs
[2026-07-11T20:13:25.765+0000] {logging_mixin.py:190} INFO - [2026-07-11T20:13:25.764+0000] {dag.py:4180} INFO - Setting next_dagrun for avito_to_raw_midraw to 2026-07-11 20:00:00+00:00, run_after=2026-07-11 21:00:00+00:00
[2026-07-11T20:13:25.772+0000] {processor.py:208} INFO - Processing /opt/airflow/dags/avito_to_raw_midraw.py took 0.067 seconds
[2026-07-11T20:13:55.966+0000] {processor.py:186} INFO - Started process (PID=1004) to work on /opt/airflow/dags/avito_to_raw_midraw.py
[2026-07-11T20:13:55.967+0000] {processor.py:914} INFO - Processing file /opt/airflow/dags/avito_to_raw_midraw.py for tasks to queue
[2026-07-11T20:13:55.968+0000] {logging_mixin.py:190} INFO - [2026-07-11T20:13:55.968+0000] {dagbag.py:588} INFO - Filling up the DagBag from /opt/airflow/dags/avito_to_raw_midraw.py
[2026-07-11T20:13:55.979+0000] {processor.py:925} INFO - DAG(s) 'avito_to_raw_midraw' retrieved from /opt/airflow/dags/avito_to_raw_midraw.py
[2026-07-11T20:13:55.995+0000] {logging_mixin.py:190} INFO - [2026-07-11T20:13:55.995+0000] {dag.py:3239} INFO - Sync 1 DAGs
[2026-07-11T20:13:56.007+0000] {logging_mixin.py:190} INFO - [2026-07-11T20:13:56.007+0000] {dag.py:4180} INFO - Setting next_dagrun for avito_to_raw_midraw to 2026-07-11 20:00:00+00:00, run_after=2026-07-11 21:00:00+00:00
[2026-07-11T20:13:56.015+0000] {processor.py:208} INFO - Processing /opt/airflow/dags/avito_to_raw_midraw.py took 0.053 seconds
[2026-07-11T20:14:26.285+0000] {processor.py:186} INFO - Started process (PID=1006) to work on /opt/airflow/dags/avito_to_raw_midraw.py
[2026-07-11T20:14:26.286+0000] {processor.py:914} INFO - Processing file /opt/airflow/dags/avito_to_raw_midraw.py for tasks to queue
[2026-07-11T20:14:26.288+0000] {logging_mixin.py:190} INFO - [2026-07-11T20:14:26.288+0000] {dagbag.py:588} INFO - Filling up the DagBag from /opt/airflow/dags/avito_to_raw_midraw.py
[2026-07-11T20:14:26.300+0000] {processor.py:925} INFO - DAG(s) 'avito_to_raw_midraw' retrieved from /opt/airflow/dags/avito_to_raw_midraw.py
[2026-07-11T20:14:26.315+0000] {logging_mixin.py:190} INFO - [2026-07-11T20:14:26.315+0000] {dag.py:3239} INFO - Sync 1 DAGs
[2026-07-11T20:14:26.328+0000] {logging_mixin.py:190} INFO - [2026-07-11T20:14:26.328+0000] {dag.py:4180} INFO - Setting next_dagrun for avito_to_raw_midraw to 2026-07-11 20:00:00+00:00, run_after=2026-07-11 21:00:00+00:00
[2026-07-11T20:14:26.339+0000] {processor.py:208} INFO - Processing /opt/airflow/dags/avito_to_raw_midraw.py took 0.057 seconds
[2026-07-11T20:14:56.616+0000] {processor.py:186} INFO - Started process (PID=1008) to work on /opt/airflow/dags/avito_to_raw_midraw.py
[2026-07-11T20:14:56.617+0000] {processor.py:914} INFO - Processing file /opt/airflow/dags/avito_to_raw_midraw.py for tasks to queue
[2026-07-11T20:14:56.618+0000] {logging_mixin.py:190} INFO - [2026-07-11T20:14:56.618+0000] {dagbag.py:588} INFO - Filling up the DagBag from /opt/airflow/dags/avito_to_raw_midraw.py
[2026-07-11T20:14:56.630+0000] {processor.py:925} INFO - DAG(s) 'avito_to_raw_midraw' retrieved from /opt/airflow/dags/avito_to_raw_midraw.py
[2026-07-11T20:14:56.644+0000] {logging_mixin.py:190} INFO - [2026-07-11T20:14:56.644+0000] {dag.py:3239} INFO - Sync 1 DAGs
[2026-07-11T20:14:56.655+0000] {logging_mixin.py:190} INFO - [2026-07-11T20:14:56.655+0000] {dag.py:4180} INFO - Setting next_dagrun for avito_to_raw_midraw to 2026-07-11 20:00:00+00:00, run_after=2026-07-11 21:00:00+00:00
[2026-07-11T20:14:56.662+0000] {processor.py:208} INFO - Processing /opt/airflow/dags/avito_to_raw_midraw.py took 0.050 seconds
[2026-07-11T20:15:26.945+0000] {processor.py:186} INFO - Started process (PID=1010) to work on /opt/airflow/dags/avito_to_raw_midraw.py
[2026-07-11T20:15:26.946+0000] {processor.py:914} INFO - Processing file /opt/airflow/dags/avito_to_raw_midraw.py for tasks to queue
[2026-07-11T20:15:26.949+0000] {logging_mixin.py:190} INFO - [2026-07-11T20:15:26.949+0000] {dagbag.py:588} INFO - Filling up the DagBag from /opt/airflow/dags/avito_to_raw_midraw.py
[2026-07-11T20:15:26.970+0000] {processor.py:925} INFO - DAG(s) 'avito_to_raw_midraw' retrieved from /opt/airflow/dags/avito_to_raw_midraw.py
[2026-07-11T20:15:26.989+0000] {logging_mixin.py:190} INFO - [2026-07-11T20:15:26.989+0000] {dag.py:3239} INFO - Sync 1 DAGs
[2026-07-11T20:15:27.003+0000] {logging_mixin.py:190} INFO - [2026-07-11T20:15:27.003+0000] {dag.py:4180} INFO - Setting next_dagrun for avito_to_raw_midraw to 2026-07-11 20:00:00+00:00, run_after=2026-07-11 21:00:00+00:00
[2026-07-11T20:15:27.013+0000] {processor.py:208} INFO - Processing /opt/airflow/dags/avito_to_raw_midraw.py took 0.073 seconds
[2026-07-11T20:15:57.249+0000] {processor.py:186} INFO - Started process (PID=1012) to work on /opt/airflow/dags/avito_to_raw_midraw.py
[2026-07-11T20:15:57.250+0000] {processor.py:914} INFO - Processing file /opt/airflow/dags/avito_to_raw_midraw.py for tasks to queue
[2026-07-11T20:15:57.252+0000] {logging_mixin.py:190} INFO - [2026-07-11T20:15:57.252+0000] {dagbag.py:588} INFO - Filling up the DagBag from /opt/airflow/dags/avito_to_raw_midraw.py
[2026-07-11T20:15:57.267+0000] {processor.py:925} INFO - DAG(s) 'avito_to_raw_midraw' retrieved from /opt/airflow/dags/avito_to_raw_midraw.py
[2026-07-11T20:15:57.284+0000] {logging_mixin.py:190} INFO - [2026-07-11T20:15:57.284+0000] {dag.py:3239} INFO - Sync 1 DAGs
[2026-07-11T20:15:57.296+0000] {logging_mixin.py:190} INFO - [2026-07-11T20:15:57.296+0000] {dag.py:4180} INFO - Setting next_dagrun for avito_to_raw_midraw to 2026-07-11 20:00:00+00:00, run_after=2026-07-11 21:00:00+00:00
[2026-07-11T20:15:57.304+0000] {processor.py:208} INFO - Processing /opt/airflow/dags/avito_to_raw_midraw.py took 0.060 seconds
[2026-07-11T20:16:27.594+0000] {processor.py:186} INFO - Started process (PID=1014) to work on /opt/airflow/dags/avito_to_raw_midraw.py
[2026-07-11T20:16:27.595+0000] {processor.py:914} INFO - Processing file /opt/airflow/dags/avito_to_raw_midraw.py for tasks to queue
[2026-07-11T20:16:27.597+0000] {logging_mixin.py:190} INFO - [2026-07-11T20:16:27.597+0000] {dagbag.py:588} INFO - Filling up the DagBag from /opt/airflow/dags/avito_to_raw_midraw.py
[2026-07-11T20:16:27.608+0000] {processor.py:925} INFO - DAG(s) 'avito_to_raw_midraw' retrieved from /opt/airflow/dags/avito_to_raw_midraw.py
[2026-07-11T20:16:27.624+0000] {logging_mixin.py:190} INFO - [2026-07-11T20:16:27.624+0000] {dag.py:3239} INFO - Sync 1 DAGs
[2026-07-11T20:16:27.635+0000] {logging_mixin.py:190} INFO - [2026-07-11T20:16:27.635+0000] {dag.py:4180} INFO - Setting next_dagrun for avito_to_raw_midraw to 2026-07-11 20:00:00+00:00, run_after=2026-07-11 21:00:00+00:00
[2026-07-11T20:16:27.642+0000] {processor.py:208} INFO - Processing /opt/airflow/dags/avito_to_raw_midraw.py took 0.052 seconds
[2026-07-11T20:16:57.866+0000] {processor.py:186} INFO - Started process (PID=1016) to work on /opt/airflow/dags/avito_to_raw_midraw.py
[2026-07-11T20:16:57.867+0000] {processor.py:914} INFO - Processing file /opt/airflow/dags/avito_to_raw_midraw.py for tasks to queue
[2026-07-11T20:16:57.870+0000] {logging_mixin.py:190} INFO - [2026-07-11T20:16:57.870+0000] {dagbag.py:588} INFO - Filling up the DagBag from /opt/airflow/dags/avito_to_raw_midraw.py
[2026-07-11T20:16:57.889+0000] {processor.py:925} INFO - DAG(s) 'avito_to_raw_midraw' retrieved from /opt/airflow/dags/avito_to_raw_midraw.py
[2026-07-11T20:16:57.909+0000] {logging_mixin.py:190} INFO - [2026-07-11T20:16:57.909+0000] {dag.py:3239} INFO - Sync 1 DAGs
[2026-07-11T20:16:57.924+0000] {logging_mixin.py:190} INFO - [2026-07-11T20:16:57.924+0000] {dag.py:4180} INFO - Setting next_dagrun for avito_to_raw_midraw to 2026-07-11 20:00:00+00:00, run_after=2026-07-11 21:00:00+00:00
[2026-07-11T20:16:57.932+0000] {processor.py:208} INFO - Processing /opt/airflow/dags/avito_to_raw_midraw.py took 0.072 seconds
[2026-07-11T20:17:28.183+0000] {processor.py:186} INFO - Started process (PID=1018) to work on /opt/airflow/dags/avito_to_raw_midraw.py
[2026-07-11T20:17:28.184+0000] {processor.py:914} INFO - Processing file /opt/airflow/dags/avito_to_raw_midraw.py for tasks to queue
[2026-07-11T20:17:28.186+0000] {logging_mixin.py:190} INFO - [2026-07-11T20:17:28.186+0000] {dagbag.py:588} INFO - Filling up the DagBag from /opt/airflow/dags/avito_to_raw_midraw.py
[2026-07-11T20:17:28.197+0000] {processor.py:925} INFO - DAG(s) 'avito_to_raw_midraw' retrieved from /opt/airflow/dags/avito_to_raw_midraw.py
[2026-07-11T20:17:28.214+0000] {logging_mixin.py:190} INFO - [2026-07-11T20:17:28.214+0000] {dag.py:3239} INFO - Sync 1 DAGs
[2026-07-11T20:17:28.227+0000] {logging_mixin.py:190} INFO - [2026-07-11T20:17:28.227+0000] {dag.py:4180} INFO - Setting next_dagrun for avito_to_raw_midraw to 2026-07-11 20:00:00+00:00, run_after=2026-07-11 21:00:00+00:00
[2026-07-11T20:17:28.236+0000] {processor.py:208} INFO - Processing /opt/airflow/dags/avito_to_raw_midraw.py took 0.057 seconds
[2026-07-11T20:17:58.540+0000] {processor.py:186} INFO - Started process (PID=1020) to work on /opt/airflow/dags/avito_to_raw_midraw.py
[2026-07-11T20:17:58.541+0000] {processor.py:914} INFO - Processing file /opt/airflow/dags/avito_to_raw_midraw.py for tasks to queue
[2026-07-11T20:17:58.543+0000] {logging_mixin.py:190} INFO - [2026-07-11T20:17:58.543+0000] {dagbag.py:588} INFO - Filling up the DagBag from /opt/airflow/dags/avito_to_raw_midraw.py
[2026-07-11T20:17:58.555+0000] {processor.py:925} INFO - DAG(s) 'avito_to_raw_midraw' retrieved from /opt/airflow/dags/avito_to_raw_midraw.py
[2026-07-11T20:17:58.570+0000] {logging_mixin.py:190} INFO - [2026-07-11T20:17:58.570+0000] {dag.py:3239} INFO - Sync 1 DAGs
[2026-07-11T20:17:58.582+0000] {logging_mixin.py:190} INFO - [2026-07-11T20:17:58.582+0000] {dag.py:4180} INFO - Setting next_dagrun for avito_to_raw_midraw to 2026-07-11 20:00:00+00:00, run_after=2026-07-11 21:00:00+00:00
[2026-07-11T20:17:58.591+0000] {processor.py:208} INFO - Processing /opt/airflow/dags/avito_to_raw_midraw.py took 0.055 seconds
[2026-07-11T20:18:28.758+0000] {processor.py:186} INFO - Started process (PID=1022) to work on /opt/airflow/dags/avito_to_raw_midraw.py
[2026-07-11T20:18:28.759+0000] {processor.py:914} INFO - Processing file /opt/airflow/dags/avito_to_raw_midraw.py for tasks to queue
[2026-07-11T20:18:28.761+0000] {logging_mixin.py:190} INFO - [2026-07-11T20:18:28.761+0000] {dagbag.py:588} INFO - Filling up the DagBag from /opt/airflow/dags/avito_to_raw_midraw.py
[2026-07-11T20:18:28.778+0000] {processor.py:925} INFO - DAG(s) 'avito_to_raw_midraw' retrieved from /opt/airflow/dags/avito_to_raw_midraw.py
[2026-07-11T20:18:28.797+0000] {logging_mixin.py:190} INFO - [2026-07-11T20:18:28.797+0000] {dag.py:3239} INFO - Sync 1 DAGs
[2026-07-11T20:18:28.812+0000] {logging_mixin.py:190} INFO - [2026-07-11T20:18:28.812+0000] {dag.py:4180} INFO - Setting next_dagrun for avito_to_raw_midraw to 2026-07-11 20:00:00+00:00, run_after=2026-07-11 21:00:00+00:00
[2026-07-11T20:18:28.821+0000] {processor.py:208} INFO - Processing /opt/airflow/dags/avito_to_raw_midraw.py took 0.069 seconds
[2026-07-11T20:18:59.069+0000] {processor.py:186} INFO - Started process (PID=1024) to work on /opt/airflow/dags/avito_to_raw_midraw.py
[2026-07-11T20:18:59.070+0000] {processor.py:914} INFO - Processing file /opt/airflow/dags/avito_to_raw_midraw.py for tasks to queue
[2026-07-11T20:18:59.072+0000] {logging_mixin.py:190} INFO - [2026-07-11T20:18:59.072+0000] {dagbag.py:588} INFO - Filling up the DagBag from /opt/airflow/dags/avito_to_raw_midraw.py
[2026-07-11T20:18:59.087+0000] {processor.py:925} INFO - DAG(s) 'avito_to_raw_midraw' retrieved from /opt/airflow/dags/avito_to_raw_midraw.py
[2026-07-11T20:18:59.103+0000] {logging_mixin.py:190} INFO - [2026-07-11T20:18:59.103+0000] {dag.py:3239} INFO - Sync 1 DAGs
[2026-07-11T20:18:59.115+0000] {logging_mixin.py:190} INFO - [2026-07-11T20:18:59.115+0000] {dag.py:4180} INFO - Setting next_dagrun for avito_to_raw_midraw to 2026-07-11 20:00:00+00:00, run_after=2026-07-11 21:00:00+00:00
[2026-07-11T20:18:59.123+0000] {processor.py:208} INFO - Processing /opt/airflow/dags/avito_to_raw_midraw.py took 0.059 seconds
[2026-07-11T20:19:29.489+0000] {processor.py:186} INFO - Started process (PID=1026) to work on /opt/airflow/dags/avito_to_raw_midraw.py
[2026-07-11T20:19:29.492+0000] {processor.py:914} INFO - Processing file /opt/airflow/dags/avito_to_raw_midraw.py for tasks to queue
[2026-07-11T20:19:29.505+0000] {logging_mixin.py:190} INFO - [2026-07-11T20:19:29.503+0000] {dagbag.py:588} INFO - Filling up the DagBag from /opt/airflow/dags/avito_to_raw_midraw.py
[2026-07-11T20:19:29.592+0000] {processor.py:925} INFO - DAG(s) 'avito_to_raw_midraw' retrieved from /opt/airflow/dags/avito_to_raw_midraw.py
[2026-07-11T20:19:29.648+0000] {logging_mixin.py:190} INFO - [2026-07-11T20:19:29.648+0000] {dag.py:3239} INFO - Sync 1 DAGs
[2026-07-11T20:19:29.665+0000] {logging_mixin.py:190} INFO - [2026-07-11T20:19:29.665+0000] {dag.py:4180} INFO - Setting next_dagrun for avito_to_raw_midraw to 2026-07-11 20:00:00+00:00, run_after=2026-07-11 21:00:00+00:00
[2026-07-11T20:19:29.675+0000] {processor.py:208} INFO - Processing /opt/airflow/dags/avito_to_raw_midraw.py took 0.208 seconds
[2026-07-11T20:19:59.762+0000] {processor.py:186} INFO - Started process (PID=1028) to work on /opt/airflow/dags/avito_to_raw_midraw.py
[2026-07-11T20:19:59.763+0000] {processor.py:914} INFO - Processing file /opt/airflow/dags/avito_to_raw_midraw.py for tasks to queue
[2026-07-11T20:19:59.765+0000] {logging_mixin.py:190} INFO - [2026-07-11T20:19:59.765+0000] {dagbag.py:588} INFO - Filling up the DagBag from /opt/airflow/dags/avito_to_raw_midraw.py
[2026-07-11T20:19:59.781+0000] {processor.py:925} INFO - DAG(s) 'avito_to_raw_midraw' retrieved from /opt/airflow/dags/avito_to_raw_midraw.py
[2026-07-11T20:19:59.799+0000] {logging_mixin.py:190} INFO - [2026-07-11T20:19:59.799+0000] {dag.py:3239} INFO - Sync 1 DAGs
[2026-07-11T20:19:59.813+0000] {logging_mixin.py:190} INFO - [2026-07-11T20:19:59.813+0000] {dag.py:4180} INFO - Setting next_dagrun for avito_to_raw_midraw to 2026-07-11 20:00:00+00:00, run_after=2026-07-11 21:00:00+00:00
[2026-07-11T20:19:59.821+0000] {processor.py:208} INFO - Processing /opt/airflow/dags/avito_to_raw_midraw.py took 0.065 seconds
[2026-07-11T20:20:30.017+0000] {processor.py:186} INFO - Started process (PID=1030) to work on /opt/airflow/dags/avito_to_raw_midraw.py
[2026-07-11T20:20:30.018+0000] {processor.py:914} INFO - Processing file /opt/airflow/dags/avito_to_raw_midraw.py for tasks to queue
[2026-07-11T20:20:30.020+0000] {logging_mixin.py:190} INFO - [2026-07-11T20:20:30.019+0000] {dagbag.py:588} INFO - Filling up the DagBag from /opt/airflow/dags/avito_to_raw_midraw.py
[2026-07-11T20:20:30.034+0000] {processor.py:925} INFO - DAG(s) 'avito_to_raw_midraw' retrieved from /opt/airflow/dags/avito_to_raw_midraw.py
[2026-07-11T20:20:30.048+0000] {logging_mixin.py:190} INFO - [2026-07-11T20:20:30.048+0000] {dag.py:3239} INFO - Sync 1 DAGs
[2026-07-11T20:20:30.059+0000] {logging_mixin.py:190} INFO - [2026-07-11T20:20:30.059+0000] {dag.py:4180} INFO - Setting next_dagrun for avito_to_raw_midraw to 2026-07-11 20:00:00+00:00, run_after=2026-07-11 21:00:00+00:00
[2026-07-11T20:20:30.066+0000] {processor.py:208} INFO - Processing /opt/airflow/dags/avito_to_raw_midraw.py took 0.052 seconds
[2026-07-11T20:21:00.329+0000] {processor.py:186} INFO - Started process (PID=1032) to work on /opt/airflow/dags/avito_to_raw_midraw.py
[2026-07-11T20:21:00.330+0000] {processor.py:914} INFO - Processing file /opt/airflow/dags/avito_to_raw_midraw.py for tasks to queue
[2026-07-11T20:21:00.333+0000] {logging_mixin.py:190} INFO - [2026-07-11T20:21:00.333+0000] {dagbag.py:588} INFO - Filling up the DagBag from /opt/airflow/dags/avito_to_raw_midraw.py
[2026-07-11T20:21:00.353+0000] {processor.py:925} INFO - DAG(s) 'avito_to_raw_midraw' retrieved from /opt/airflow/dags/avito_to_raw_midraw.py
[2026-07-11T20:21:00.380+0000] {logging_mixin.py:190} INFO - [2026-07-11T20:21:00.380+0000] {dag.py:3239} INFO - Sync 1 DAGs
[2026-07-11T20:21:00.394+0000] {logging_mixin.py:190} INFO - [2026-07-11T20:21:00.394+0000] {dag.py:4180} INFO - Setting next_dagrun for avito_to_raw_midraw to 2026-07-11 20:00:00+00:00, run_after=2026-07-11 21:00:00+00:00
[2026-07-11T20:21:00.405+0000] {processor.py:208} INFO - Processing /opt/airflow/dags/avito_to_raw_midraw.py took 0.085 seconds
[2026-07-11T20:21:30.653+0000] {processor.py:186} INFO - Started process (PID=1034) to work on /opt/airflow/dags/avito_to_raw_midraw.py
[2026-07-11T20:21:30.653+0000] {processor.py:914} INFO - Processing file /opt/airflow/dags/avito_to_raw_midraw.py for tasks to queue
[2026-07-11T20:21:30.656+0000] {logging_mixin.py:190} INFO - [2026-07-11T20:21:30.656+0000] {dagbag.py:588} INFO - Filling up the DagBag from /opt/airflow/dags/avito_to_raw_midraw.py
[2026-07-11T20:21:30.671+0000] {processor.py:925} INFO - DAG(s) 'avito_to_raw_midraw' retrieved from /opt/airflow/dags/avito_to_raw_midraw.py
[2026-07-11T20:21:30.686+0000] {logging_mixin.py:190} INFO - [2026-07-11T20:21:30.686+0000] {dag.py:3239} INFO - Sync 1 DAGs
[2026-07-11T20:21:30.698+0000] {logging_mixin.py:190} INFO - [2026-07-11T20:21:30.697+0000] {dag.py:4180} INFO - Setting next_dagrun for avito_to_raw_midraw to 2026-07-11 20:00:00+00:00, run_after=2026-07-11 21:00:00+00:00
[2026-07-11T20:21:30.705+0000] {processor.py:208} INFO - Processing /opt/airflow/dags/avito_to_raw_midraw.py took 0.059 seconds
[2026-07-11T20:22:00.907+0000] {processor.py:186} INFO - Started process (PID=1036) to work on /opt/airflow/dags/avito_to_raw_midraw.py
[2026-07-11T20:22:00.907+0000] {processor.py:914} INFO - Processing file /opt/airflow/dags/avito_to_raw_midraw.py for tasks to queue
[2026-07-11T20:22:00.909+0000] {logging_mixin.py:190} INFO - [2026-07-11T20:22:00.908+0000] {dagbag.py:588} INFO - Filling up the DagBag from /opt/airflow/dags/avito_to_raw_midraw.py
[2026-07-11T20:22:00.920+0000] {processor.py:925} INFO - DAG(s) 'avito_to_raw_midraw' retrieved from /opt/airflow/dags/avito_to_raw_midraw.py
[2026-07-11T20:22:00.937+0000] {logging_mixin.py:190} INFO - [2026-07-11T20:22:00.937+0000] {dag.py:3239} INFO - Sync 1 DAGs
[2026-07-11T20:22:00.948+0000] {logging_mixin.py:190} INFO - [2026-07-11T20:22:00.948+0000] {dag.py:4180} INFO - Setting next_dagrun for avito_to_raw_midraw to 2026-07-11 20:00:00+00:00, run_after=2026-07-11 21:00:00+00:00
[2026-07-11T20:22:00.956+0000] {processor.py:208} INFO - Processing /opt/airflow/dags/avito_to_raw_midraw.py took 0.053 seconds
[2026-07-11T20:22:31.203+0000] {processor.py:186} INFO - Started process (PID=1038) to work on /opt/airflow/dags/avito_to_raw_midraw.py
[2026-07-11T20:22:31.204+0000] {processor.py:914} INFO - Processing file /opt/airflow/dags/avito_to_raw_midraw.py for tasks to queue
[2026-07-11T20:22:31.206+0000] {logging_mixin.py:190} INFO - [2026-07-11T20:22:31.205+0000] {dagbag.py:588} INFO - Filling up the DagBag from /opt/airflow/dags/avito_to_raw_midraw.py
[2026-07-11T20:22:31.218+0000] {processor.py:925} INFO - DAG(s) 'avito_to_raw_midraw' retrieved from /opt/airflow/dags/avito_to_raw_midraw.py
[2026-07-11T20:22:31.233+0000] {logging_mixin.py:190} INFO - [2026-07-11T20:22:31.233+0000] {dag.py:3239} INFO - Sync 1 DAGs
[2026-07-11T20:22:31.243+0000] {logging_mixin.py:190} INFO - [2026-07-11T20:22:31.243+0000] {dag.py:4180} INFO - Setting next_dagrun for avito_to_raw_midraw to 2026-07-11 20:00:00+00:00, run_after=2026-07-11 21:00:00+00:00
[2026-07-11T20:22:31.252+0000] {processor.py:208} INFO - Processing /opt/airflow/dags/avito_to_raw_midraw.py took 0.052 seconds
[2026-07-11T20:23:01.472+0000] {processor.py:186} INFO - Started process (PID=1040) to work on /opt/airflow/dags/avito_to_raw_midraw.py
[2026-07-11T20:23:01.472+0000] {processor.py:914} INFO - Processing file /opt/airflow/dags/avito_to_raw_midraw.py for tasks to queue
[2026-07-11T20:23:01.474+0000] {logging_mixin.py:190} INFO - [2026-07-11T20:23:01.474+0000] {dagbag.py:588} INFO - Filling up the DagBag from /opt/airflow/dags/avito_to_raw_midraw.py
[2026-07-11T20:23:01.488+0000] {processor.py:925} INFO - DAG(s) 'avito_to_raw_midraw' retrieved from /opt/airflow/dags/avito_to_raw_midraw.py
[2026-07-11T20:23:01.505+0000] {logging_mixin.py:190} INFO - [2026-07-11T20:23:01.504+0000] {dag.py:3239} INFO - Sync 1 DAGs
[2026-07-11T20:23:01.517+0000] {logging_mixin.py:190} INFO - [2026-07-11T20:23:01.517+0000] {dag.py:4180} INFO - Setting next_dagrun for avito_to_raw_midraw to 2026-07-11 20:00:00+00:00, run_after=2026-07-11 21:00:00+00:00
[2026-07-11T20:23:01.527+0000] {processor.py:208} INFO - Processing /opt/airflow/dags/avito_to_raw_midraw.py took 0.059 seconds
[2026-07-11T20:23:31.762+0000] {processor.py:186} INFO - Started process (PID=1042) to work on /opt/airflow/dags/avito_to_raw_midraw.py
[2026-07-11T20:23:31.763+0000] {processor.py:914} INFO - Processing file /opt/airflow/dags/avito_to_raw_midraw.py for tasks to queue
[2026-07-11T20:23:31.765+0000] {logging_mixin.py:190} INFO - [2026-07-11T20:23:31.764+0000] {dagbag.py:588} INFO - Filling up the DagBag from /opt/airflow/dags/avito_to_raw_midraw.py
[2026-07-11T20:23:31.783+0000] {processor.py:925} INFO - DAG(s) 'avito_to_raw_midraw' retrieved from /opt/airflow/dags/avito_to_raw_midraw.py
[2026-07-11T20:23:31.804+0000] {logging_mixin.py:190} INFO - [2026-07-11T20:23:31.804+0000] {dag.py:3239} INFO - Sync 1 DAGs
[2026-07-11T20:23:31.819+0000] {logging_mixin.py:190} INFO - [2026-07-11T20:23:31.819+0000] {dag.py:4180} INFO - Setting next_dagrun for avito_to_raw_midraw to 2026-07-11 20:00:00+00:00, run_after=2026-07-11 21:00:00+00:00
[2026-07-11T20:23:31.830+0000] {processor.py:208} INFO - Processing /opt/airflow/dags/avito_to_raw_midraw.py took 0.073 seconds
[2026-07-11T20:24:02.046+0000] {processor.py:186} INFO - Started process (PID=1044) to work on /opt/airflow/dags/avito_to_raw_midraw.py
[2026-07-11T20:24:02.047+0000] {processor.py:914} INFO - Processing file /opt/airflow/dags/avito_to_raw_midraw.py for tasks to queue
[2026-07-11T20:24:02.048+0000] {logging_mixin.py:190} INFO - [2026-07-11T20:24:02.048+0000] {dagbag.py:588} INFO - Filling up the DagBag from /opt/airflow/dags/avito_to_raw_midraw.py
[2026-07-11T20:24:02.061+0000] {processor.py:925} INFO - DAG(s) 'avito_to_raw_midraw' retrieved from /opt/airflow/dags/avito_to_raw_midraw.py
[2026-07-11T20:24:02.076+0000] {logging_mixin.py:190} INFO - [2026-07-11T20:24:02.076+0000] {dag.py:3239} INFO - Sync 1 DAGs
[2026-07-11T20:24:02.089+0000] {logging_mixin.py:190} INFO - [2026-07-11T20:24:02.089+0000] {dag.py:4180} INFO - Setting next_dagrun for avito_to_raw_midraw to 2026-07-11 20:00:00+00:00, run_after=2026-07-11 21:00:00+00:00
[2026-07-11T20:24:02.097+0000] {processor.py:208} INFO - Processing /opt/airflow/dags/avito_to_raw_midraw.py took 0.055 seconds
[2026-07-11T20:24:32.328+0000] {processor.py:186} INFO - Started process (PID=1046) to work on /opt/airflow/dags/avito_to_raw_midraw.py
[2026-07-11T20:24:32.329+0000] {processor.py:914} INFO - Processing file /opt/airflow/dags/avito_to_raw_midraw.py for tasks to queue
[2026-07-11T20:24:32.330+0000] {logging_mixin.py:190} INFO - [2026-07-11T20:24:32.330+0000] {dagbag.py:588} INFO - Filling up the DagBag from /opt/airflow/dags/avito_to_raw_midraw.py
[2026-07-11T20:24:32.341+0000] {processor.py:925} INFO - DAG(s) 'avito_to_raw_midraw' retrieved from /opt/airflow/dags/avito_to_raw_midraw.py
[2026-07-11T20:24:32.358+0000] {logging_mixin.py:190} INFO - [2026-07-11T20:24:32.358+0000] {dag.py:3239} INFO - Sync 1 DAGs
[2026-07-11T20:24:32.370+0000] {logging_mixin.py:190} INFO - [2026-07-11T20:24:32.370+0000] {dag.py:4180} INFO - Setting next_dagrun for avito_to_raw_midraw to 2026-07-11 20:00:00+00:00, run_after=2026-07-11 21:00:00+00:00
[2026-07-11T20:24:32.378+0000] {processor.py:208} INFO - Processing /opt/airflow/dags/avito_to_raw_midraw.py took 0.053 seconds
[2026-07-11T20:25:02.589+0000] {processor.py:186} INFO - Started process (PID=1048) to work on /opt/airflow/dags/avito_to_raw_midraw.py
[2026-07-11T20:25:02.590+0000] {processor.py:914} INFO - Processing file /opt/airflow/dags/avito_to_raw_midraw.py for tasks to queue
[2026-07-11T20:25:02.591+0000] {logging_mixin.py:190} INFO - [2026-07-11T20:25:02.591+0000] {dagbag.py:588} INFO - Filling up the DagBag from /opt/airflow/dags/avito_to_raw_midraw.py
[2026-07-11T20:25:02.602+0000] {processor.py:925} INFO - DAG(s) 'avito_to_raw_midraw' retrieved from /opt/airflow/dags/avito_to_raw_midraw.py
[2026-07-11T20:25:02.616+0000] {logging_mixin.py:190} INFO - [2026-07-11T20:25:02.616+0000] {dag.py:3239} INFO - Sync 1 DAGs
[2026-07-11T20:25:02.627+0000] {logging_mixin.py:190} INFO - [2026-07-11T20:25:02.627+0000] {dag.py:4180} INFO - Setting next_dagrun for avito_to_raw_midraw to 2026-07-11 20:00:00+00:00, run_after=2026-07-11 21:00:00+00:00
[2026-07-11T20:25:02.635+0000] {processor.py:208} INFO - Processing /opt/airflow/dags/avito_to_raw_midraw.py took 0.050 seconds
[2026-07-11T20:25:32.879+0000] {processor.py:186} INFO - Started process (PID=1050) to work on /opt/airflow/dags/avito_to_raw_midraw.py
[2026-07-11T20:25:32.879+0000] {processor.py:914} INFO - Processing file /opt/airflow/dags/avito_to_raw_midraw.py for tasks to queue
[2026-07-11T20:25:32.882+0000] {logging_mixin.py:190} INFO - [2026-07-11T20:25:32.881+0000] {dagbag.py:588} INFO - Filling up the DagBag from /opt/airflow/dags/avito_to_raw_midraw.py
[2026-07-11T20:25:32.899+0000] {processor.py:925} INFO - DAG(s) 'avito_to_raw_midraw' retrieved from /opt/airflow/dags/avito_to_raw_midraw.py
[2026-07-11T20:25:32.918+0000] {logging_mixin.py:190} INFO - [2026-07-11T20:25:32.918+0000] {dag.py:3239} INFO - Sync 1 DAGs
[2026-07-11T20:25:32.930+0000] {logging_mixin.py:190} INFO - [2026-07-11T20:25:32.930+0000] {dag.py:4180} INFO - Setting next_dagrun for avito_to_raw_midraw to 2026-07-11 20:00:00+00:00, run_after=2026-07-11 21:00:00+00:00
[2026-07-11T20:25:32.941+0000] {processor.py:208} INFO - Processing /opt/airflow/dags/avito_to_raw_midraw.py took 0.068 seconds
[2026-07-11T20:26:03.138+0000] {processor.py:186} INFO - Started process (PID=1052) to work on /opt/airflow/dags/avito_to_raw_midraw.py
[2026-07-11T20:26:03.139+0000] {processor.py:914} INFO - Processing file /opt/airflow/dags/avito_to_raw_midraw.py for tasks to queue
[2026-07-11T20:26:03.141+0000] {logging_mixin.py:190} INFO - [2026-07-11T20:26:03.141+0000] {dagbag.py:588} INFO - Filling up the DagBag from /opt/airflow/dags/avito_to_raw_midraw.py
[2026-07-11T20:26:03.155+0000] {processor.py:925} INFO - DAG(s) 'avito_to_raw_midraw' retrieved from /opt/airflow/dags/avito_to_raw_midraw.py
[2026-07-11T20:26:03.175+0000] {logging_mixin.py:190} INFO - [2026-07-11T20:26:03.175+0000] {dag.py:3239} INFO - Sync 1 DAGs
[2026-07-11T20:26:03.190+0000] {logging_mixin.py:190} INFO - [2026-07-11T20:26:03.190+0000] {dag.py:4180} INFO - Setting next_dagrun for avito_to_raw_midraw to 2026-07-11 20:00:00+00:00, run_after=2026-07-11 21:00:00+00:00
[2026-07-11T20:26:03.202+0000] {processor.py:208} INFO - Processing /opt/airflow/dags/avito_to_raw_midraw.py took 0.070 seconds
[2026-07-11T20:26:33.455+0000] {processor.py:186} INFO - Started process (PID=1054) to work on /opt/airflow/dags/avito_to_raw_midraw.py
[2026-07-11T20:26:33.457+0000] {processor.py:914} INFO - Processing file /opt/airflow/dags/avito_to_raw_midraw.py for tasks to queue
[2026-07-11T20:26:33.459+0000] {logging_mixin.py:190} INFO - [2026-07-11T20:26:33.459+0000] {dagbag.py:588} INFO - Filling up the DagBag from /opt/airflow/dags/avito_to_raw_midraw.py
[2026-07-11T20:26:33.480+0000] {processor.py:925} INFO - DAG(s) 'avito_to_raw_midraw' retrieved from /opt/airflow/dags/avito_to_raw_midraw.py
[2026-07-11T20:26:33.522+0000] {logging_mixin.py:190} INFO - [2026-07-11T20:26:33.522+0000] {dag.py:3239} INFO - Sync 1 DAGs
[2026-07-11T20:26:33.537+0000] {logging_mixin.py:190} INFO - [2026-07-11T20:26:33.537+0000] {dag.py:4180} INFO - Setting next_dagrun for avito_to_raw_midraw to 2026-07-11 20:00:00+00:00, run_after=2026-07-11 21:00:00+00:00
[2026-07-11T20:26:33.554+0000] {processor.py:208} INFO - Processing /opt/airflow/dags/avito_to_raw_midraw.py took 0.108 seconds
[2026-07-11T20:27:03.685+0000] {processor.py:186} INFO - Started process (PID=1056) to work on /opt/airflow/dags/avito_to_raw_midraw.py
[2026-07-11T20:27:03.686+0000] {processor.py:914} INFO - Processing file /opt/airflow/dags/avito_to_raw_midraw.py for tasks to queue
[2026-07-11T20:27:03.688+0000] {logging_mixin.py:190} INFO - [2026-07-11T20:27:03.688+0000] {dagbag.py:588} INFO - Filling up the DagBag from /opt/airflow/dags/avito_to_raw_midraw.py
[2026-07-11T20:27:03.703+0000] {processor.py:925} INFO - DAG(s) 'avito_to_raw_midraw' retrieved from /opt/airflow/dags/avito_to_raw_midraw.py
[2026-07-11T20:27:03.724+0000] {logging_mixin.py:190} INFO - [2026-07-11T20:27:03.724+0000] {dag.py:3239} INFO - Sync 1 DAGs
[2026-07-11T20:27:03.738+0000] {logging_mixin.py:190} INFO - [2026-07-11T20:27:03.738+0000] {dag.py:4180} INFO - Setting next_dagrun for avito_to_raw_midraw to 2026-07-11 20:00:00+00:00, run_after=2026-07-11 21:00:00+00:00
[2026-07-11T20:27:03.749+0000] {processor.py:208} INFO - Processing /opt/airflow/dags/avito_to_raw_midraw.py took 0.069 seconds
[2026-07-11T20:27:33.907+0000] {processor.py:186} INFO - Started process (PID=1058) to work on /opt/airflow/dags/avito_to_raw_midraw.py
[2026-07-11T20:27:33.908+0000] {processor.py:914} INFO - Processing file /opt/airflow/dags/avito_to_raw_midraw.py for tasks to queue
[2026-07-11T20:27:33.909+0000] {logging_mixin.py:190} INFO - [2026-07-11T20:27:33.909+0000] {dagbag.py:588} INFO - Filling up the DagBag from /opt/airflow/dags/avito_to_raw_midraw.py
[2026-07-11T20:27:33.920+0000] {processor.py:925} INFO - DAG(s) 'avito_to_raw_midraw' retrieved from /opt/airflow/dags/avito_to_raw_midraw.py
[2026-07-11T20:27:33.937+0000] {logging_mixin.py:190} INFO - [2026-07-11T20:27:33.937+0000] {dag.py:3239} INFO - Sync 1 DAGs
[2026-07-11T20:27:33.949+0000] {logging_mixin.py:190} INFO - [2026-07-11T20:27:33.949+0000] {dag.py:4180} INFO - Setting next_dagrun for avito_to_raw_midraw to 2026-07-11 20:00:00+00:00, run_after=2026-07-11 21:00:00+00:00
[2026-07-11T20:27:33.959+0000] {processor.py:208} INFO - Processing /opt/airflow/dags/avito_to_raw_midraw.py took 0.055 seconds
[2026-07-11T20:28:04.251+0000] {processor.py:186} INFO - Started process (PID=1060) to work on /opt/airflow/dags/avito_to_raw_midraw.py
[2026-07-11T20:28:04.252+0000] {processor.py:914} INFO - Processing file /opt/airflow/dags/avito_to_raw_midraw.py for tasks to queue
[2026-07-11T20:28:04.255+0000] {logging_mixin.py:190} INFO - [2026-07-11T20:28:04.254+0000] {dagbag.py:588} INFO - Filling up the DagBag from /opt/airflow/dags/avito_to_raw_midraw.py
[2026-07-11T20:28:04.278+0000] {processor.py:925} INFO - DAG(s) 'avito_to_raw_midraw' retrieved from /opt/airflow/dags/avito_to_raw_midraw.py
[2026-07-11T20:28:04.298+0000] {logging_mixin.py:190} INFO - [2026-07-11T20:28:04.298+0000] {dag.py:3239} INFO - Sync 1 DAGs
[2026-07-11T20:28:04.313+0000] {logging_mixin.py:190} INFO - [2026-07-11T20:28:04.313+0000] {dag.py:4180} INFO - Setting next_dagrun for avito_to_raw_midraw to 2026-07-11 20:00:00+00:00, run_after=2026-07-11 21:00:00+00:00
[2026-07-11T20:28:04.323+0000] {processor.py:208} INFO - Processing /opt/airflow/dags/avito_to_raw_midraw.py took 0.078 seconds
[2026-07-11T20:28:34.528+0000] {processor.py:186} INFO - Started process (PID=1062) to work on /opt/airflow/dags/avito_to_raw_midraw.py
[2026-07-11T20:28:34.529+0000] {processor.py:914} INFO - Processing file /opt/airflow/dags/avito_to_raw_midraw.py for tasks to queue
[2026-07-11T20:28:34.530+0000] {logging_mixin.py:190} INFO - [2026-07-11T20:28:34.530+0000] {dagbag.py:588} INFO - Filling up the DagBag from /opt/airflow/dags/avito_to_raw_midraw.py
[2026-07-11T20:28:34.552+0000] {processor.py:925} INFO - DAG(s) 'avito_to_raw_midraw' retrieved from /opt/airflow/dags/avito_to_raw_midraw.py
[2026-07-11T20:28:34.572+0000] {logging_mixin.py:190} INFO - [2026-07-11T20:28:34.572+0000] {dag.py:3239} INFO - Sync 1 DAGs
[2026-07-11T20:28:34.584+0000] {logging_mixin.py:190} INFO - [2026-07-11T20:28:34.584+0000] {dag.py:4180} INFO - Setting next_dagrun for avito_to_raw_midraw to 2026-07-11 20:00:00+00:00, run_after=2026-07-11 21:00:00+00:00
[2026-07-11T20:28:34.594+0000] {processor.py:208} INFO - Processing /opt/airflow/dags/avito_to_raw_midraw.py took 0.068 seconds
[2026-07-11T20:29:04.841+0000] {processor.py:186} INFO - Started process (PID=1064) to work on /opt/airflow/dags/avito_to_raw_midraw.py
[2026-07-11T20:29:04.842+0000] {processor.py:914} INFO - Processing file /opt/airflow/dags/avito_to_raw_midraw.py for tasks to queue
[2026-07-11T20:29:04.844+0000] {logging_mixin.py:190} INFO - [2026-07-11T20:29:04.844+0000] {dagbag.py:588} INFO - Filling up the DagBag from /opt/airflow/dags/avito_to_raw_midraw.py
[2026-07-11T20:29:04.857+0000] {processor.py:925} INFO - DAG(s) 'avito_to_raw_midraw' retrieved from /opt/airflow/dags/avito_to_raw_midraw.py
[2026-07-11T20:29:04.877+0000] {logging_mixin.py:190} INFO - [2026-07-11T20:29:04.877+0000] {dag.py:3239} INFO - Sync 1 DAGs
[2026-07-11T20:29:04.891+0000] {logging_mixin.py:190} INFO - [2026-07-11T20:29:04.891+0000] {dag.py:4180} INFO - Setting next_dagrun for avito_to_raw_midraw to 2026-07-11 20:00:00+00:00, run_after=2026-07-11 21:00:00+00:00
[2026-07-11T20:29:04.901+0000] {processor.py:208} INFO - Processing /opt/airflow/dags/avito_to_raw_midraw.py took 0.065 seconds
[2026-07-11T20:29:35.165+0000] {processor.py:186} INFO - Started process (PID=1066) to work on /opt/airflow/dags/avito_to_raw_midraw.py
[2026-07-11T20:29:35.166+0000] {processor.py:914} INFO - Processing file /opt/airflow/dags/avito_to_raw_midraw.py for tasks to queue
[2026-07-11T20:29:35.169+0000] {logging_mixin.py:190} INFO - [2026-07-11T20:29:35.168+0000] {dagbag.py:588} INFO - Filling up the DagBag from /opt/airflow/dags/avito_to_raw_midraw.py
[2026-07-11T20:29:35.184+0000] {processor.py:925} INFO - DAG(s) 'avito_to_raw_midraw' retrieved from /opt/airflow/dags/avito_to_raw_midraw.py
[2026-07-11T20:29:35.206+0000] {logging_mixin.py:190} INFO - [2026-07-11T20:29:35.206+0000] {dag.py:3239} INFO - Sync 1 DAGs
[2026-07-11T20:29:35.224+0000] {logging_mixin.py:190} INFO - [2026-07-11T20:29:35.224+0000] {dag.py:4180} INFO - Setting next_dagrun for avito_to_raw_midraw to 2026-07-11 20:00:00+00:00, run_after=2026-07-11 21:00:00+00:00
[2026-07-11T20:29:35.238+0000] {processor.py:208} INFO - Processing /opt/airflow/dags/avito_to_raw_midraw.py took 0.078 seconds
[2026-07-11T20:30:05.445+0000] {processor.py:186} INFO - Started process (PID=1068) to work on /opt/airflow/dags/avito_to_raw_midraw.py
[2026-07-11T20:30:05.445+0000] {processor.py:914} INFO - Processing file /opt/airflow/dags/avito_to_raw_midraw.py for tasks to queue
[2026-07-11T20:30:05.447+0000] {logging_mixin.py:190} INFO - [2026-07-11T20:30:05.447+0000] {dagbag.py:588} INFO - Filling up the DagBag from /opt/airflow/dags/avito_to_raw_midraw.py
[2026-07-11T20:30:05.459+0000] {processor.py:925} INFO - DAG(s) 'avito_to_raw_midraw' retrieved from /opt/airflow/dags/avito_to_raw_midraw.py
[2026-07-11T20:30:05.477+0000] {logging_mixin.py:190} INFO - [2026-07-11T20:30:05.476+0000] {dag.py:3239} INFO - Sync 1 DAGs
[2026-07-11T20:30:05.488+0000] {logging_mixin.py:190} INFO - [2026-07-11T20:30:05.488+0000] {dag.py:4180} INFO - Setting next_dagrun for avito_to_raw_midraw to 2026-07-11 20:00:00+00:00, run_after=2026-07-11 21:00:00+00:00
[2026-07-11T20:30:05.499+0000] {processor.py:208} INFO - Processing /opt/airflow/dags/avito_to_raw_midraw.py took 0.057 seconds
[2026-07-11T20:30:35.783+0000] {processor.py:186} INFO - Started process (PID=1070) to work on /opt/airflow/dags/avito_to_raw_midraw.py
[2026-07-11T20:30:35.783+0000] {processor.py:914} INFO - Processing file /opt/airflow/dags/avito_to_raw_midraw.py for tasks to queue
[2026-07-11T20:30:35.786+0000] {logging_mixin.py:190} INFO - [2026-07-11T20:30:35.786+0000] {dagbag.py:588} INFO - Filling up the DagBag from /opt/airflow/dags/avito_to_raw_midraw.py
[2026-07-11T20:30:35.805+0000] {processor.py:925} INFO - DAG(s) 'avito_to_raw_midraw' retrieved from /opt/airflow/dags/avito_to_raw_midraw.py
[2026-07-11T20:30:35.832+0000] {logging_mixin.py:190} INFO - [2026-07-11T20:30:35.832+0000] {dag.py:3239} INFO - Sync 1 DAGs
[2026-07-11T20:30:35.848+0000] {logging_mixin.py:190} INFO - [2026-07-11T20:30:35.848+0000] {dag.py:4180} INFO - Setting next_dagrun for avito_to_raw_midraw to 2026-07-11 20:00:00+00:00, run_after=2026-07-11 21:00:00+00:00
[2026-07-11T20:30:35.859+0000] {processor.py:208} INFO - Processing /opt/airflow/dags/avito_to_raw_midraw.py took 0.082 seconds
[2026-07-11T20:31:06.140+0000] {processor.py:186} INFO - Started process (PID=1072) to work on /opt/airflow/dags/avito_to_raw_midraw.py
[2026-07-11T20:31:06.140+0000] {processor.py:914} INFO - Processing file /opt/airflow/dags/avito_to_raw_midraw.py for tasks to queue
[2026-07-11T20:31:06.142+0000] {logging_mixin.py:190} INFO - [2026-07-11T20:31:06.142+0000] {dagbag.py:588} INFO - Filling up the DagBag from /opt/airflow/dags/avito_to_raw_midraw.py
[2026-07-11T20:31:06.153+0000] {processor.py:925} INFO - DAG(s) 'avito_to_raw_midraw' retrieved from /opt/airflow/dags/avito_to_raw_midraw.py
[2026-07-11T20:31:06.170+0000] {logging_mixin.py:190} INFO - [2026-07-11T20:31:06.170+0000] {dag.py:3239} INFO - Sync 1 DAGs
[2026-07-11T20:31:06.181+0000] {logging_mixin.py:190} INFO - [2026-07-11T20:31:06.181+0000] {dag.py:4180} INFO - Setting next_dagrun for avito_to_raw_midraw to 2026-07-11 20:00:00+00:00, run_after=2026-07-11 21:00:00+00:00
[2026-07-11T20:31:06.192+0000] {processor.py:208} INFO - Processing /opt/airflow/dags/avito_to_raw_midraw.py took 0.056 seconds
[2026-07-11T20:31:36.443+0000] {processor.py:186} INFO - Started process (PID=1074) to work on /opt/airflow/dags/avito_to_raw_midraw.py
[2026-07-11T20:31:36.444+0000] {processor.py:914} INFO - Processing file /opt/airflow/dags/avito_to_raw_midraw.py for tasks to queue
[2026-07-11T20:31:36.446+0000] {logging_mixin.py:190} INFO - [2026-07-11T20:31:36.446+0000] {dagbag.py:588} INFO - Filling up the DagBag from /opt/airflow/dags/avito_to_raw_midraw.py
[2026-07-11T20:31:36.461+0000] {processor.py:925} INFO - DAG(s) 'avito_to_raw_midraw' retrieved from /opt/airflow/dags/avito_to_raw_midraw.py
[2026-07-11T20:31:36.481+0000] {logging_mixin.py:190} INFO - [2026-07-11T20:31:36.481+0000] {dag.py:3239} INFO - Sync 1 DAGs
[2026-07-11T20:31:36.495+0000] {logging_mixin.py:190} INFO - [2026-07-11T20:31:36.495+0000] {dag.py:4180} INFO - Setting next_dagrun for avito_to_raw_midraw to 2026-07-11 20:00:00+00:00, run_after=2026-07-11 21:00:00+00:00
[2026-07-11T20:31:36.507+0000] {processor.py:208} INFO - Processing /opt/airflow/dags/avito_to_raw_midraw.py took 0.069 seconds
[2026-07-11T20:32:06.793+0000] {processor.py:186} INFO - Started process (PID=1076) to work on /opt/airflow/dags/avito_to_raw_midraw.py
[2026-07-11T20:32:06.794+0000] {processor.py:914} INFO - Processing file /opt/airflow/dags/avito_to_raw_midraw.py for tasks to queue
[2026-07-11T20:32:06.796+0000] {logging_mixin.py:190} INFO - [2026-07-11T20:32:06.795+0000] {dagbag.py:588} INFO - Filling up the DagBag from /opt/airflow/dags/avito_to_raw_midraw.py
[2026-07-11T20:32:06.808+0000] {processor.py:925} INFO - DAG(s) 'avito_to_raw_midraw' retrieved from /opt/airflow/dags/avito_to_raw_midraw.py
[2026-07-11T20:32:06.826+0000] {logging_mixin.py:190} INFO - [2026-07-11T20:32:06.826+0000] {dag.py:3239} INFO - Sync 1 DAGs
[2026-07-11T20:32:06.839+0000] {logging_mixin.py:190} INFO - [2026-07-11T20:32:06.839+0000] {dag.py:4180} INFO - Setting next_dagrun for avito_to_raw_midraw to 2026-07-11 20:00:00+00:00, run_after=2026-07-11 21:00:00+00:00
[2026-07-11T20:32:06.852+0000] {processor.py:208} INFO - Processing /opt/airflow/dags/avito_to_raw_midraw.py took 0.062 seconds
[2026-07-11T20:32:37.086+0000] {processor.py:186} INFO - Started process (PID=1078) to work on /opt/airflow/dags/avito_to_raw_midraw.py
[2026-07-11T20:32:37.087+0000] {processor.py:914} INFO - Processing file /opt/airflow/dags/avito_to_raw_midraw.py for tasks to queue
[2026-07-11T20:32:37.089+0000] {logging_mixin.py:190} INFO - [2026-07-11T20:32:37.089+0000] {dagbag.py:588} INFO - Filling up the DagBag from /opt/airflow/dags/avito_to_raw_midraw.py
[2026-07-11T20:32:37.101+0000] {processor.py:925} INFO - DAG(s) 'avito_to_raw_midraw' retrieved from /opt/airflow/dags/avito_to_raw_midraw.py
[2026-07-11T20:32:37.121+0000] {logging_mixin.py:190} INFO - [2026-07-11T20:32:37.121+0000] {dag.py:3239} INFO - Sync 1 DAGs
[2026-07-11T20:32:37.133+0000] {logging_mixin.py:190} INFO - [2026-07-11T20:32:37.133+0000] {dag.py:4180} INFO - Setting next_dagrun for avito_to_raw_midraw to 2026-07-11 20:00:00+00:00, run_after=2026-07-11 21:00:00+00:00
[2026-07-11T20:32:37.142+0000] {processor.py:208} INFO - Processing /opt/airflow/dags/avito_to_raw_midraw.py took 0.059 seconds
[2026-07-11T20:33:07.371+0000] {processor.py:186} INFO - Started process (PID=1080) to work on /opt/airflow/dags/avito_to_raw_midraw.py
[2026-07-11T20:33:07.371+0000] {processor.py:914} INFO - Processing file /opt/airflow/dags/avito_to_raw_midraw.py for tasks to queue
[2026-07-11T20:33:07.373+0000] {logging_mixin.py:190} INFO - [2026-07-11T20:33:07.372+0000] {dagbag.py:588} INFO - Filling up the DagBag from /opt/airflow/dags/avito_to_raw_midraw.py
[2026-07-11T20:33:07.383+0000] {processor.py:925} INFO - DAG(s) 'avito_to_raw_midraw' retrieved from /opt/airflow/dags/avito_to_raw_midraw.py
[2026-07-11T20:33:07.403+0000] {logging_mixin.py:190} INFO - [2026-07-11T20:33:07.402+0000] {dag.py:3239} INFO - Sync 1 DAGs
[2026-07-11T20:33:07.413+0000] {logging_mixin.py:190} INFO - [2026-07-11T20:33:07.413+0000] {dag.py:4180} INFO - Setting next_dagrun for avito_to_raw_midraw to 2026-07-11 20:00:00+00:00, run_after=2026-07-11 21:00:00+00:00
[2026-07-11T20:33:07.424+0000] {processor.py:208} INFO - Processing /opt/airflow/dags/avito_to_raw_midraw.py took 0.057 seconds
[2026-07-11T20:33:37.704+0000] {processor.py:186} INFO - Started process (PID=1082) to work on /opt/airflow/dags/avito_to_raw_midraw.py
[2026-07-11T20:33:37.704+0000] {processor.py:914} INFO - Processing file /opt/airflow/dags/avito_to_raw_midraw.py for tasks to queue
[2026-07-11T20:33:37.707+0000] {logging_mixin.py:190} INFO - [2026-07-11T20:33:37.706+0000] {dagbag.py:588} INFO - Filling up the DagBag from /opt/airflow/dags/avito_to_raw_midraw.py
[2026-07-11T20:33:37.722+0000] {processor.py:925} INFO - DAG(s) 'avito_to_raw_midraw' retrieved from /opt/airflow/dags/avito_to_raw_midraw.py
[2026-07-11T20:33:37.737+0000] {logging_mixin.py:190} INFO - [2026-07-11T20:33:37.736+0000] {dag.py:3239} INFO - Sync 1 DAGs
[2026-07-11T20:33:37.747+0000] {logging_mixin.py:190} INFO - [2026-07-11T20:33:37.747+0000] {dag.py:4180} INFO - Setting next_dagrun for avito_to_raw_midraw to 2026-07-11 20:00:00+00:00, run_after=2026-07-11 21:00:00+00:00
[2026-07-11T20:33:37.755+0000] {processor.py:208} INFO - Processing /opt/airflow/dags/avito_to_raw_midraw.py took 0.055 seconds
[2026-07-11T20:34:08.033+0000] {processor.py:186} INFO - Started process (PID=1084) to work on /opt/airflow/dags/avito_to_raw_midraw.py
[2026-07-11T20:34:08.034+0000] {processor.py:914} INFO - Processing file /opt/airflow/dags/avito_to_raw_midraw.py for tasks to queue
[2026-07-11T20:34:08.036+0000] {logging_mixin.py:190} INFO - [2026-07-11T20:34:08.036+0000] {dagbag.py:588} INFO - Filling up the DagBag from /opt/airflow/dags/avito_to_raw_midraw.py
[2026-07-11T20:34:08.050+0000] {processor.py:925} INFO - DAG(s) 'avito_to_raw_midraw' retrieved from /opt/airflow/dags/avito_to_raw_midraw.py
[2026-07-11T20:34:08.066+0000] {logging_mixin.py:190} INFO - [2026-07-11T20:34:08.066+0000] {dag.py:3239} INFO - Sync 1 DAGs
[2026-07-11T20:34:08.077+0000] {logging_mixin.py:190} INFO - [2026-07-11T20:34:08.077+0000] {dag.py:4180} INFO - Setting next_dagrun for avito_to_raw_midraw to 2026-07-11 20:00:00+00:00, run_after=2026-07-11 21:00:00+00:00
[2026-07-11T20:34:08.089+0000] {processor.py:208} INFO - Processing /opt/airflow/dags/avito_to_raw_midraw.py took 0.061 seconds
[2026-07-11T20:34:38.283+0000] {processor.py:186} INFO - Started process (PID=1086) to work on /opt/airflow/dags/avito_to_raw_midraw.py
[2026-07-11T20:34:38.284+0000] {processor.py:914} INFO - Processing file /opt/airflow/dags/avito_to_raw_midraw.py for tasks to queue
[2026-07-11T20:34:38.285+0000] {logging_mixin.py:190} INFO - [2026-07-11T20:34:38.285+0000] {dagbag.py:588} INFO - Filling up the DagBag from /opt/airflow/dags/avito_to_raw_midraw.py
[2026-07-11T20:34:38.296+0000] {processor.py:925} INFO - DAG(s) 'avito_to_raw_midraw' retrieved from /opt/airflow/dags/avito_to_raw_midraw.py
[2026-07-11T20:34:38.314+0000] {logging_mixin.py:190} INFO - [2026-07-11T20:34:38.313+0000] {dag.py:3239} INFO - Sync 1 DAGs
[2026-07-11T20:34:38.324+0000] {logging_mixin.py:190} INFO - [2026-07-11T20:34:38.324+0000] {dag.py:4180} INFO - Setting next_dagrun for avito_to_raw_midraw to 2026-07-11 20:00:00+00:00, run_after=2026-07-11 21:00:00+00:00
[2026-07-11T20:34:38.333+0000] {processor.py:208} INFO - Processing /opt/airflow/dags/avito_to_raw_midraw.py took 0.053 seconds
[2026-07-11T20:35:08.646+0000] {processor.py:186} INFO - Started process (PID=1088) to work on /opt/airflow/dags/avito_to_raw_midraw.py
[2026-07-11T20:35:08.647+0000] {processor.py:914} INFO - Processing file /opt/airflow/dags/avito_to_raw_midraw.py for tasks to queue
[2026-07-11T20:35:08.652+0000] {logging_mixin.py:190} INFO - [2026-07-11T20:35:08.651+0000] {dagbag.py:588} INFO - Filling up the DagBag from /opt/airflow/dags/avito_to_raw_midraw.py
[2026-07-11T20:35:08.671+0000] {processor.py:925} INFO - DAG(s) 'avito_to_raw_midraw' retrieved from /opt/airflow/dags/avito_to_raw_midraw.py
[2026-07-11T20:35:08.695+0000] {logging_mixin.py:190} INFO - [2026-07-11T20:35:08.695+0000] {dag.py:3239} INFO - Sync 1 DAGs
[2026-07-11T20:35:08.713+0000] {logging_mixin.py:190} INFO - [2026-07-11T20:35:08.712+0000] {dag.py:4180} INFO - Setting next_dagrun for avito_to_raw_midraw to 2026-07-11 20:00:00+00:00, run_after=2026-07-11 21:00:00+00:00
[2026-07-11T20:35:08.724+0000] {processor.py:208} INFO - Processing /opt/airflow/dags/avito_to_raw_midraw.py took 0.086 seconds
[2026-07-11T20:35:38.921+0000] {processor.py:186} INFO - Started process (PID=1090) to work on /opt/airflow/dags/avito_to_raw_midraw.py
[2026-07-11T20:35:38.921+0000] {processor.py:914} INFO - Processing file /opt/airflow/dags/avito_to_raw_midraw.py for tasks to queue
[2026-07-11T20:35:38.923+0000] {logging_mixin.py:190} INFO - [2026-07-11T20:35:38.923+0000] {dagbag.py:588} INFO - Filling up the DagBag from /opt/airflow/dags/avito_to_raw_midraw.py
[2026-07-11T20:35:38.937+0000] {processor.py:925} INFO - DAG(s) 'avito_to_raw_midraw' retrieved from /opt/airflow/dags/avito_to_raw_midraw.py
[2026-07-11T20:35:38.955+0000] {logging_mixin.py:190} INFO - [2026-07-11T20:35:38.955+0000] {dag.py:3239} INFO - Sync 1 DAGs
[2026-07-11T20:35:38.968+0000] {logging_mixin.py:190} INFO - [2026-07-11T20:35:38.968+0000] {dag.py:4180} INFO - Setting next_dagrun for avito_to_raw_midraw to 2026-07-11 20:00:00+00:00, run_after=2026-07-11 21:00:00+00:00
[2026-07-11T20:35:38.980+0000] {processor.py:208} INFO - Processing /opt/airflow/dags/avito_to_raw_midraw.py took 0.063 seconds
[2026-07-11T20:36:09.228+0000] {processor.py:186} INFO - Started process (PID=1092) to work on /opt/airflow/dags/avito_to_raw_midraw.py
[2026-07-11T20:36:09.229+0000] {processor.py:914} INFO - Processing file /opt/airflow/dags/avito_to_raw_midraw.py for tasks to queue
[2026-07-11T20:36:09.231+0000] {logging_mixin.py:190} INFO - [2026-07-11T20:36:09.231+0000] {dagbag.py:588} INFO - Filling up the DagBag from /opt/airflow/dags/avito_to_raw_midraw.py
[2026-07-11T20:36:09.246+0000] {processor.py:925} INFO - DAG(s) 'avito_to_raw_midraw' retrieved from /opt/airflow/dags/avito_to_raw_midraw.py
[2026-07-11T20:36:09.262+0000] {logging_mixin.py:190} INFO - [2026-07-11T20:36:09.262+0000] {dag.py:3239} INFO - Sync 1 DAGs
[2026-07-11T20:36:09.277+0000] {logging_mixin.py:190} INFO - [2026-07-11T20:36:09.277+0000] {dag.py:4180} INFO - Setting next_dagrun for avito_to_raw_midraw to 2026-07-11 20:00:00+00:00, run_after=2026-07-11 21:00:00+00:00
[2026-07-11T20:36:09.290+0000] {processor.py:208} INFO - Processing /opt/airflow/dags/avito_to_raw_midraw.py took 0.067 seconds
[2026-07-11T20:36:39.579+0000] {processor.py:186} INFO - Started process (PID=1094) to work on /opt/airflow/dags/avito_to_raw_midraw.py
[2026-07-11T20:36:39.579+0000] {processor.py:914} INFO - Processing file /opt/airflow/dags/avito_to_raw_midraw.py for tasks to queue
[2026-07-11T20:36:39.581+0000] {logging_mixin.py:190} INFO - [2026-07-11T20:36:39.581+0000] {dagbag.py:588} INFO - Filling up the DagBag from /opt/airflow/dags/avito_to_raw_midraw.py
[2026-07-11T20:36:39.597+0000] {processor.py:925} INFO - DAG(s) 'avito_to_raw_midraw' retrieved from /opt/airflow/dags/avito_to_raw_midraw.py
[2026-07-11T20:36:39.613+0000] {logging_mixin.py:190} INFO - [2026-07-11T20:36:39.613+0000] {dag.py:3239} INFO - Sync 1 DAGs
[2026-07-11T20:36:39.625+0000] {logging_mixin.py:190} INFO - [2026-07-11T20:36:39.625+0000] {dag.py:4180} INFO - Setting next_dagrun for avito_to_raw_midraw to 2026-07-11 20:00:00+00:00, run_after=2026-07-11 21:00:00+00:00
[2026-07-11T20:36:39.636+0000] {processor.py:208} INFO - Processing /opt/airflow/dags/avito_to_raw_midraw.py took 0.061 seconds
[2026-07-11T20:37:09.851+0000] {processor.py:186} INFO - Started process (PID=1096) to work on /opt/airflow/dags/avito_to_raw_midraw.py
[2026-07-11T20:37:09.852+0000] {processor.py:914} INFO - Processing file /opt/airflow/dags/avito_to_raw_midraw.py for tasks to queue
[2026-07-11T20:37:09.854+0000] {logging_mixin.py:190} INFO - [2026-07-11T20:37:09.854+0000] {dagbag.py:588} INFO - Filling up the DagBag from /opt/airflow/dags/avito_to_raw_midraw.py
[2026-07-11T20:37:09.868+0000] {processor.py:925} INFO - DAG(s) 'avito_to_raw_midraw' retrieved from /opt/airflow/dags/avito_to_raw_midraw.py
[2026-07-11T20:37:09.889+0000] {logging_mixin.py:190} INFO - [2026-07-11T20:37:09.889+0000] {dag.py:3239} INFO - Sync 1 DAGs
[2026-07-11T20:37:09.902+0000] {logging_mixin.py:190} INFO - [2026-07-11T20:37:09.902+0000] {dag.py:4180} INFO - Setting next_dagrun for avito_to_raw_midraw to 2026-07-11 20:00:00+00:00, run_after=2026-07-11 21:00:00+00:00
[2026-07-11T20:37:09.913+0000] {processor.py:208} INFO - Processing /opt/airflow/dags/avito_to_raw_midraw.py took 0.067 seconds
[2026-07-11T20:37:40.105+0000] {processor.py:186} INFO - Started process (PID=1098) to work on /opt/airflow/dags/avito_to_raw_midraw.py
[2026-07-11T20:37:40.105+0000] {processor.py:914} INFO - Processing file /opt/airflow/dags/avito_to_raw_midraw.py for tasks to queue
[2026-07-11T20:37:40.107+0000] {logging_mixin.py:190} INFO - [2026-07-11T20:37:40.107+0000] {dagbag.py:588} INFO - Filling up the DagBag from /opt/airflow/dags/avito_to_raw_midraw.py
[2026-07-11T20:37:40.123+0000] {processor.py:925} INFO - DAG(s) 'avito_to_raw_midraw' retrieved from /opt/airflow/dags/avito_to_raw_midraw.py
[2026-07-11T20:37:40.143+0000] {logging_mixin.py:190} INFO - [2026-07-11T20:37:40.143+0000] {dag.py:3239} INFO - Sync 1 DAGs
[2026-07-11T20:37:40.159+0000] {logging_mixin.py:190} INFO - [2026-07-11T20:37:40.158+0000] {dag.py:4180} INFO - Setting next_dagrun for avito_to_raw_midraw to 2026-07-11 20:00:00+00:00, run_after=2026-07-11 21:00:00+00:00
[2026-07-11T20:37:40.171+0000] {processor.py:208} INFO - Processing /opt/airflow/dags/avito_to_raw_midraw.py took 0.071 seconds
[2026-07-11T20:38:10.428+0000] {processor.py:186} INFO - Started process (PID=1100) to work on /opt/airflow/dags/avito_to_raw_midraw.py
[2026-07-11T20:38:10.430+0000] {processor.py:914} INFO - Processing file /opt/airflow/dags/avito_to_raw_midraw.py for tasks to queue
[2026-07-11T20:38:10.433+0000] {logging_mixin.py:190} INFO - [2026-07-11T20:38:10.433+0000] {dagbag.py:588} INFO - Filling up the DagBag from /opt/airflow/dags/avito_to_raw_midraw.py
[2026-07-11T20:38:10.452+0000] {processor.py:925} INFO - DAG(s) 'avito_to_raw_midraw' retrieved from /opt/airflow/dags/avito_to_raw_midraw.py
[2026-07-11T20:38:10.478+0000] {logging_mixin.py:190} INFO - [2026-07-11T20:38:10.477+0000] {dag.py:3239} INFO - Sync 1 DAGs
[2026-07-11T20:38:10.497+0000] {logging_mixin.py:190} INFO - [2026-07-11T20:38:10.497+0000] {dag.py:4180} INFO - Setting next_dagrun for avito_to_raw_midraw to 2026-07-11 20:00:00+00:00, run_after=2026-07-11 21:00:00+00:00
[2026-07-11T20:38:10.509+0000] {processor.py:208} INFO - Processing /opt/airflow/dags/avito_to_raw_midraw.py took 0.090 seconds
[2026-07-11T20:38:40.736+0000] {processor.py:186} INFO - Started process (PID=1102) to work on /opt/airflow/dags/avito_to_raw_midraw.py
[2026-07-11T20:38:40.737+0000] {processor.py:914} INFO - Processing file /opt/airflow/dags/avito_to_raw_midraw.py for tasks to queue
[2026-07-11T20:38:40.741+0000] {logging_mixin.py:190} INFO - [2026-07-11T20:38:40.739+0000] {dagbag.py:588} INFO - Filling up the DagBag from /opt/airflow/dags/avito_to_raw_midraw.py
[2026-07-11T20:38:40.760+0000] {processor.py:925} INFO - DAG(s) 'avito_to_raw_midraw' retrieved from /opt/airflow/dags/avito_to_raw_midraw.py
[2026-07-11T20:38:40.785+0000] {logging_mixin.py:190} INFO - [2026-07-11T20:38:40.785+0000] {dag.py:3239} INFO - Sync 1 DAGs
[2026-07-11T20:38:40.802+0000] {logging_mixin.py:190} INFO - [2026-07-11T20:38:40.802+0000] {dag.py:4180} INFO - Setting next_dagrun for avito_to_raw_midraw to 2026-07-11 20:00:00+00:00, run_after=2026-07-11 21:00:00+00:00
[2026-07-11T20:38:40.813+0000] {processor.py:208} INFO - Processing /opt/airflow/dags/avito_to_raw_midraw.py took 0.086 seconds
[2026-07-11T20:39:11.017+0000] {processor.py:186} INFO - Started process (PID=1104) to work on /opt/airflow/dags/avito_to_raw_midraw.py
[2026-07-11T20:39:11.017+0000] {processor.py:914} INFO - Processing file /opt/airflow/dags/avito_to_raw_midraw.py for tasks to queue
[2026-07-11T20:39:11.019+0000] {logging_mixin.py:190} INFO - [2026-07-11T20:39:11.018+0000] {dagbag.py:588} INFO - Filling up the DagBag from /opt/airflow/dags/avito_to_raw_midraw.py
[2026-07-11T20:39:11.031+0000] {processor.py:925} INFO - DAG(s) 'avito_to_raw_midraw' retrieved from /opt/airflow/dags/avito_to_raw_midraw.py
[2026-07-11T20:39:11.050+0000] {logging_mixin.py:190} INFO - [2026-07-11T20:39:11.050+0000] {dag.py:3239} INFO - Sync 1 DAGs
[2026-07-11T20:39:11.062+0000] {logging_mixin.py:190} INFO - [2026-07-11T20:39:11.062+0000] {dag.py:4180} INFO - Setting next_dagrun for avito_to_raw_midraw to 2026-07-11 20:00:00+00:00, run_after=2026-07-11 21:00:00+00:00
[2026-07-11T20:39:11.074+0000] {processor.py:208} INFO - Processing /opt/airflow/dags/avito_to_raw_midraw.py took 0.064 seconds
[2026-07-11T20:39:41.305+0000] {processor.py:186} INFO - Started process (PID=1106) to work on /opt/airflow/dags/avito_to_raw_midraw.py
[2026-07-11T20:39:41.306+0000] {processor.py:914} INFO - Processing file /opt/airflow/dags/avito_to_raw_midraw.py for tasks to queue
[2026-07-11T20:39:41.308+0000] {logging_mixin.py:190} INFO - [2026-07-11T20:39:41.308+0000] {dagbag.py:588} INFO - Filling up the DagBag from /opt/airflow/dags/avito_to_raw_midraw.py
[2026-07-11T20:39:41.323+0000] {processor.py:925} INFO - DAG(s) 'avito_to_raw_midraw' retrieved from /opt/airflow/dags/avito_to_raw_midraw.py
[2026-07-11T20:39:41.337+0000] {logging_mixin.py:190} INFO - [2026-07-11T20:39:41.337+0000] {dag.py:3239} INFO - Sync 1 DAGs
[2026-07-11T20:39:41.349+0000] {logging_mixin.py:190} INFO - [2026-07-11T20:39:41.349+0000] {dag.py:4180} INFO - Setting next_dagrun for avito_to_raw_midraw to 2026-07-11 20:00:00+00:00, run_after=2026-07-11 21:00:00+00:00
[2026-07-11T20:39:41.360+0000] {processor.py:208} INFO - Processing /opt/airflow/dags/avito_to_raw_midraw.py took 0.060 seconds
[2026-07-11T20:40:11.593+0000] {processor.py:186} INFO - Started process (PID=1108) to work on /opt/airflow/dags/avito_to_raw_midraw.py
[2026-07-11T20:40:11.594+0000] {processor.py:914} INFO - Processing file /opt/airflow/dags/avito_to_raw_midraw.py for tasks to queue
[2026-07-11T20:40:11.597+0000] {logging_mixin.py:190} INFO - [2026-07-11T20:40:11.597+0000] {dagbag.py:588} INFO - Filling up the DagBag from /opt/airflow/dags/avito_to_raw_midraw.py
[2026-07-11T20:40:11.616+0000] {processor.py:925} INFO - DAG(s) 'avito_to_raw_midraw' retrieved from /opt/airflow/dags/avito_to_raw_midraw.py
[2026-07-11T20:40:11.639+0000] {logging_mixin.py:190} INFO - [2026-07-11T20:40:11.639+0000] {dag.py:3239} INFO - Sync 1 DAGs
[2026-07-11T20:40:11.653+0000] {logging_mixin.py:190} INFO - [2026-07-11T20:40:11.653+0000] {dag.py:4180} INFO - Setting next_dagrun for avito_to_raw_midraw to 2026-07-11 20:00:00+00:00, run_after=2026-07-11 21:00:00+00:00
[2026-07-11T20:40:11.661+0000] {processor.py:208} INFO - Processing /opt/airflow/dags/avito_to_raw_midraw.py took 0.074 seconds
[2026-07-11T20:40:41.859+0000] {processor.py:186} INFO - Started process (PID=1110) to work on /opt/airflow/dags/avito_to_raw_midraw.py
[2026-07-11T20:40:41.859+0000] {processor.py:914} INFO - Processing file /opt/airflow/dags/avito_to_raw_midraw.py for tasks to queue
[2026-07-11T20:40:41.861+0000] {logging_mixin.py:190} INFO - [2026-07-11T20:40:41.861+0000] {dagbag.py:588} INFO - Filling up the DagBag from /opt/airflow/dags/avito_to_raw_midraw.py
[2026-07-11T20:40:41.874+0000] {processor.py:925} INFO - DAG(s) 'avito_to_raw_midraw' retrieved from /opt/airflow/dags/avito_to_raw_midraw.py
[2026-07-11T20:40:41.893+0000] {logging_mixin.py:190} INFO - [2026-07-11T20:40:41.893+0000] {dag.py:3239} INFO - Sync 1 DAGs
[2026-07-11T20:40:41.906+0000] {logging_mixin.py:190} INFO - [2026-07-11T20:40:41.906+0000] {dag.py:4180} INFO - Setting next_dagrun for avito_to_raw_midraw to 2026-07-11 20:00:00+00:00, run_after=2026-07-11 21:00:00+00:00
[2026-07-11T20:40:41.915+0000] {processor.py:208} INFO - Processing /opt/airflow/dags/avito_to_raw_midraw.py took 0.061 seconds
[2026-07-11T20:41:12.136+0000] {processor.py:186} INFO - Started process (PID=1112) to work on /opt/airflow/dags/avito_to_raw_midraw.py
[2026-07-11T20:41:12.136+0000] {processor.py:914} INFO - Processing file /opt/airflow/dags/avito_to_raw_midraw.py for tasks to queue
[2026-07-11T20:41:12.138+0000] {logging_mixin.py:190} INFO - [2026-07-11T20:41:12.138+0000] {dagbag.py:588} INFO - Filling up the DagBag from /opt/airflow/dags/avito_to_raw_midraw.py
[2026-07-11T20:41:12.152+0000] {processor.py:925} INFO - DAG(s) 'avito_to_raw_midraw' retrieved from /opt/airflow/dags/avito_to_raw_midraw.py
[2026-07-11T20:41:12.169+0000] {logging_mixin.py:190} INFO - [2026-07-11T20:41:12.169+0000] {dag.py:3239} INFO - Sync 1 DAGs
[2026-07-11T20:41:12.183+0000] {logging_mixin.py:190} INFO - [2026-07-11T20:41:12.183+0000] {dag.py:4180} INFO - Setting next_dagrun for avito_to_raw_midraw to 2026-07-11 20:00:00+00:00, run_after=2026-07-11 21:00:00+00:00
[2026-07-11T20:41:12.192+0000] {processor.py:208} INFO - Processing /opt/airflow/dags/avito_to_raw_midraw.py took 0.061 seconds
[2026-07-11T20:41:42.401+0000] {processor.py:186} INFO - Started process (PID=1114) to work on /opt/airflow/dags/avito_to_raw_midraw.py
[2026-07-11T20:41:42.402+0000] {processor.py:914} INFO - Processing file /opt/airflow/dags/avito_to_raw_midraw.py for tasks to queue
[2026-07-11T20:41:42.403+0000] {logging_mixin.py:190} INFO - [2026-07-11T20:41:42.403+0000] {dagbag.py:588} INFO - Filling up the DagBag from /opt/airflow/dags/avito_to_raw_midraw.py
[2026-07-11T20:41:42.417+0000] {processor.py:925} INFO - DAG(s) 'avito_to_raw_midraw' retrieved from /opt/airflow/dags/avito_to_raw_midraw.py
[2026-07-11T20:41:42.434+0000] {logging_mixin.py:190} INFO - [2026-07-11T20:41:42.434+0000] {dag.py:3239} INFO - Sync 1 DAGs
[2026-07-11T20:41:42.445+0000] {logging_mixin.py:190} INFO - [2026-07-11T20:41:42.445+0000] {dag.py:4180} INFO - Setting next_dagrun for avito_to_raw_midraw to 2026-07-11 20:00:00+00:00, run_after=2026-07-11 21:00:00+00:00
[2026-07-11T20:41:42.456+0000] {processor.py:208} INFO - Processing /opt/airflow/dags/avito_to_raw_midraw.py took 0.059 seconds
[2026-07-11T20:42:12.682+0000] {processor.py:186} INFO - Started process (PID=1116) to work on /opt/airflow/dags/avito_to_raw_midraw.py
[2026-07-11T20:42:12.683+0000] {processor.py:914} INFO - Processing file /opt/airflow/dags/avito_to_raw_midraw.py for tasks to queue
[2026-07-11T20:42:12.686+0000] {logging_mixin.py:190} INFO - [2026-07-11T20:42:12.685+0000] {dagbag.py:588} INFO - Filling up the DagBag from /opt/airflow/dags/avito_to_raw_midraw.py
[2026-07-11T20:42:12.703+0000] {processor.py:925} INFO - DAG(s) 'avito_to_raw_midraw' retrieved from /opt/airflow/dags/avito_to_raw_midraw.py
[2026-07-11T20:42:12.722+0000] {logging_mixin.py:190} INFO - [2026-07-11T20:42:12.722+0000] {dag.py:3239} INFO - Sync 1 DAGs
[2026-07-11T20:42:12.735+0000] {logging_mixin.py:190} INFO - [2026-07-11T20:42:12.735+0000] {dag.py:4180} INFO - Setting next_dagrun for avito_to_raw_midraw to 2026-07-11 20:00:00+00:00, run_after=2026-07-11 21:00:00+00:00
[2026-07-11T20:42:12.745+0000] {processor.py:208} INFO - Processing /opt/airflow/dags/avito_to_raw_midraw.py took 0.068 seconds
[2026-07-11T20:42:42.925+0000] {processor.py:186} INFO - Started process (PID=1118) to work on /opt/airflow/dags/avito_to_raw_midraw.py
[2026-07-11T20:42:42.926+0000] {processor.py:914} INFO - Processing file /opt/airflow/dags/avito_to_raw_midraw.py for tasks to queue
[2026-07-11T20:42:42.928+0000] {logging_mixin.py:190} INFO - [2026-07-11T20:42:42.928+0000] {dagbag.py:588} INFO - Filling up the DagBag from /opt/airflow/dags/avito_to_raw_midraw.py
[2026-07-11T20:42:42.944+0000] {processor.py:925} INFO - DAG(s) 'avito_to_raw_midraw' retrieved from /opt/airflow/dags/avito_to_raw_midraw.py
[2026-07-11T20:42:42.965+0000] {logging_mixin.py:190} INFO - [2026-07-11T20:42:42.965+0000] {dag.py:3239} INFO - Sync 1 DAGs
[2026-07-11T20:42:42.975+0000] {logging_mixin.py:190} INFO - [2026-07-11T20:42:42.975+0000] {dag.py:4180} INFO - Setting next_dagrun for avito_to_raw_midraw to 2026-07-11 20:00:00+00:00, run_after=2026-07-11 21:00:00+00:00
[2026-07-11T20:42:42.985+0000] {processor.py:208} INFO - Processing /opt/airflow/dags/avito_to_raw_midraw.py took 0.066 seconds
[2026-07-11T20:43:13.162+0000] {processor.py:186} INFO - Started process (PID=1120) to work on /opt/airflow/dags/avito_to_raw_midraw.py
[2026-07-11T20:43:13.162+0000] {processor.py:914} INFO - Processing file /opt/airflow/dags/avito_to_raw_midraw.py for tasks to queue
[2026-07-11T20:43:13.163+0000] {logging_mixin.py:190} INFO - [2026-07-11T20:43:13.163+0000] {dagbag.py:588} INFO - Filling up the DagBag from /opt/airflow/dags/avito_to_raw_midraw.py
[2026-07-11T20:43:13.176+0000] {processor.py:925} INFO - DAG(s) 'avito_to_raw_midraw' retrieved from /opt/airflow/dags/avito_to_raw_midraw.py
[2026-07-11T20:43:13.192+0000] {logging_mixin.py:190} INFO - [2026-07-11T20:43:13.192+0000] {dag.py:3239} INFO - Sync 1 DAGs
[2026-07-11T20:43:13.204+0000] {logging_mixin.py:190} INFO - [2026-07-11T20:43:13.204+0000] {dag.py:4180} INFO - Setting next_dagrun for avito_to_raw_midraw to 2026-07-11 20:00:00+00:00, run_after=2026-07-11 21:00:00+00:00
[2026-07-11T20:43:13.214+0000] {processor.py:208} INFO - Processing /opt/airflow/dags/avito_to_raw_midraw.py took 0.056 seconds
[2026-07-11T20:43:43.498+0000] {processor.py:186} INFO - Started process (PID=1122) to work on /opt/airflow/dags/avito_to_raw_midraw.py
[2026-07-11T20:43:43.499+0000] {processor.py:914} INFO - Processing file /opt/airflow/dags/avito_to_raw_midraw.py for tasks to queue
[2026-07-11T20:43:43.502+0000] {logging_mixin.py:190} INFO - [2026-07-11T20:43:43.502+0000] {dagbag.py:588} INFO - Filling up the DagBag from /opt/airflow/dags/avito_to_raw_midraw.py
[2026-07-11T20:43:43.520+0000] {processor.py:925} INFO - DAG(s) 'avito_to_raw_midraw' retrieved from /opt/airflow/dags/avito_to_raw_midraw.py
[2026-07-11T20:43:43.545+0000] {logging_mixin.py:190} INFO - [2026-07-11T20:43:43.544+0000] {dag.py:3239} INFO - Sync 1 DAGs
[2026-07-11T20:43:43.559+0000] {logging_mixin.py:190} INFO - [2026-07-11T20:43:43.559+0000] {dag.py:4180} INFO - Setting next_dagrun for avito_to_raw_midraw to 2026-07-11 20:00:00+00:00, run_after=2026-07-11 21:00:00+00:00
[2026-07-11T20:43:43.571+0000] {processor.py:208} INFO - Processing /opt/airflow/dags/avito_to_raw_midraw.py took 0.080 seconds
[2026-07-11T20:44:13.761+0000] {processor.py:186} INFO - Started process (PID=1124) to work on /opt/airflow/dags/avito_to_raw_midraw.py
[2026-07-11T20:44:13.762+0000] {processor.py:914} INFO - Processing file /opt/airflow/dags/avito_to_raw_midraw.py for tasks to queue
[2026-07-11T20:44:13.764+0000] {logging_mixin.py:190} INFO - [2026-07-11T20:44:13.764+0000] {dagbag.py:588} INFO - Filling up the DagBag from /opt/airflow/dags/avito_to_raw_midraw.py
[2026-07-11T20:44:13.778+0000] {processor.py:925} INFO - DAG(s) 'avito_to_raw_midraw' retrieved from /opt/airflow/dags/avito_to_raw_midraw.py
[2026-07-11T20:44:13.798+0000] {logging_mixin.py:190} INFO - [2026-07-11T20:44:13.798+0000] {dag.py:3239} INFO - Sync 1 DAGs
[2026-07-11T20:44:13.813+0000] {logging_mixin.py:190} INFO - [2026-07-11T20:44:13.813+0000] {dag.py:4180} INFO - Setting next_dagrun for avito_to_raw_midraw to 2026-07-11 20:00:00+00:00, run_after=2026-07-11 21:00:00+00:00
[2026-07-11T20:44:13.822+0000] {processor.py:208} INFO - Processing /opt/airflow/dags/avito_to_raw_midraw.py took 0.067 seconds
[2026-07-11T20:44:44.117+0000] {processor.py:186} INFO - Started process (PID=1126) to work on /opt/airflow/dags/avito_to_raw_midraw.py
[2026-07-11T20:44:44.118+0000] {processor.py:914} INFO - Processing file /opt/airflow/dags/avito_to_raw_midraw.py for tasks to queue
[2026-07-11T20:44:44.120+0000] {logging_mixin.py:190} INFO - [2026-07-11T20:44:44.120+0000] {dagbag.py:588} INFO - Filling up the DagBag from /opt/airflow/dags/avito_to_raw_midraw.py
[2026-07-11T20:44:44.134+0000] {processor.py:925} INFO - DAG(s) 'avito_to_raw_midraw' retrieved from /opt/airflow/dags/avito_to_raw_midraw.py
[2026-07-11T20:44:44.150+0000] {logging_mixin.py:190} INFO - [2026-07-11T20:44:44.150+0000] {dag.py:3239} INFO - Sync 1 DAGs
[2026-07-11T20:44:44.161+0000] {logging_mixin.py:190} INFO - [2026-07-11T20:44:44.161+0000] {dag.py:4180} INFO - Setting next_dagrun for avito_to_raw_midraw to 2026-07-11 20:00:00+00:00, run_after=2026-07-11 21:00:00+00:00
[2026-07-11T20:44:44.169+0000] {processor.py:208} INFO - Processing /opt/airflow/dags/avito_to_raw_midraw.py took 0.057 seconds
[2026-07-11T20:45:14.438+0000] {processor.py:186} INFO - Started process (PID=1128) to work on /opt/airflow/dags/avito_to_raw_midraw.py
[2026-07-11T20:45:14.439+0000] {processor.py:914} INFO - Processing file /opt/airflow/dags/avito_to_raw_midraw.py for tasks to queue
[2026-07-11T20:45:14.442+0000] {logging_mixin.py:190} INFO - [2026-07-11T20:45:14.442+0000] {dagbag.py:588} INFO - Filling up the DagBag from /opt/airflow/dags/avito_to_raw_midraw.py
[2026-07-11T20:45:14.460+0000] {processor.py:925} INFO - DAG(s) 'avito_to_raw_midraw' retrieved from /opt/airflow/dags/avito_to_raw_midraw.py
[2026-07-11T20:45:14.479+0000] {logging_mixin.py:190} INFO - [2026-07-11T20:45:14.479+0000] {dag.py:3239} INFO - Sync 1 DAGs
[2026-07-11T20:45:14.494+0000] {logging_mixin.py:190} INFO - [2026-07-11T20:45:14.494+0000] {dag.py:4180} INFO - Setting next_dagrun for avito_to_raw_midraw to 2026-07-11 20:00:00+00:00, run_after=2026-07-11 21:00:00+00:00
[2026-07-11T20:45:14.504+0000] {processor.py:208} INFO - Processing /opt/airflow/dags/avito_to_raw_midraw.py took 0.071 seconds
[2026-07-11T20:45:44.724+0000] {processor.py:186} INFO - Started process (PID=1130) to work on /opt/airflow/dags/avito_to_raw_midraw.py
[2026-07-11T20:45:44.725+0000] {processor.py:914} INFO - Processing file /opt/airflow/dags/avito_to_raw_midraw.py for tasks to queue
[2026-07-11T20:45:44.728+0000] {logging_mixin.py:190} INFO - [2026-07-11T20:45:44.727+0000] {dagbag.py:588} INFO - Filling up the DagBag from /opt/airflow/dags/avito_to_raw_midraw.py
[2026-07-11T20:45:44.738+0000] {processor.py:925} INFO - DAG(s) 'avito_to_raw_midraw' retrieved from /opt/airflow/dags/avito_to_raw_midraw.py
[2026-07-11T20:45:44.757+0000] {logging_mixin.py:190} INFO - [2026-07-11T20:45:44.757+0000] {dag.py:3239} INFO - Sync 1 DAGs
[2026-07-11T20:45:44.768+0000] {logging_mixin.py:190} INFO - [2026-07-11T20:45:44.768+0000] {dag.py:4180} INFO - Setting next_dagrun for avito_to_raw_midraw to 2026-07-11 20:00:00+00:00, run_after=2026-07-11 21:00:00+00:00
[2026-07-11T20:45:44.777+0000] {processor.py:208} INFO - Processing /opt/airflow/dags/avito_to_raw_midraw.py took 0.056 seconds
[2026-07-11T20:46:15.072+0000] {processor.py:186} INFO - Started process (PID=1132) to work on /opt/airflow/dags/avito_to_raw_midraw.py
[2026-07-11T20:46:15.073+0000] {processor.py:914} INFO - Processing file /opt/airflow/dags/avito_to_raw_midraw.py for tasks to queue
[2026-07-11T20:46:15.075+0000] {logging_mixin.py:190} INFO - [2026-07-11T20:46:15.075+0000] {dagbag.py:588} INFO - Filling up the DagBag from /opt/airflow/dags/avito_to_raw_midraw.py
[2026-07-11T20:46:15.091+0000] {processor.py:925} INFO - DAG(s) 'avito_to_raw_midraw' retrieved from /opt/airflow/dags/avito_to_raw_midraw.py
[2026-07-11T20:46:15.107+0000] {logging_mixin.py:190} INFO - [2026-07-11T20:46:15.107+0000] {dag.py:3239} INFO - Sync 1 DAGs
[2026-07-11T20:46:15.119+0000] {logging_mixin.py:190} INFO - [2026-07-11T20:46:15.119+0000] {dag.py:4180} INFO - Setting next_dagrun for avito_to_raw_midraw to 2026-07-11 20:00:00+00:00, run_after=2026-07-11 21:00:00+00:00
[2026-07-11T20:46:15.132+0000] {processor.py:208} INFO - Processing /opt/airflow/dags/avito_to_raw_midraw.py took 0.065 seconds
[2026-07-11T20:46:45.330+0000] {processor.py:186} INFO - Started process (PID=1134) to work on /opt/airflow/dags/avito_to_raw_midraw.py
[2026-07-11T20:46:45.330+0000] {processor.py:914} INFO - Processing file /opt/airflow/dags/avito_to_raw_midraw.py for tasks to queue
[2026-07-11T20:46:45.333+0000] {logging_mixin.py:190} INFO - [2026-07-11T20:46:45.333+0000] {dagbag.py:588} INFO - Filling up the DagBag from /opt/airflow/dags/avito_to_raw_midraw.py
[2026-07-11T20:46:45.353+0000] {processor.py:925} INFO - DAG(s) 'avito_to_raw_midraw' retrieved from /opt/airflow/dags/avito_to_raw_midraw.py
[2026-07-11T20:46:45.372+0000] {logging_mixin.py:190} INFO - [2026-07-11T20:46:45.372+0000] {dag.py:3239} INFO - Sync 1 DAGs
[2026-07-11T20:46:45.384+0000] {logging_mixin.py:190} INFO - [2026-07-11T20:46:45.384+0000] {dag.py:4180} INFO - Setting next_dagrun for avito_to_raw_midraw to 2026-07-11 20:00:00+00:00, run_after=2026-07-11 21:00:00+00:00
[2026-07-11T20:46:45.394+0000] {processor.py:208} INFO - Processing /opt/airflow/dags/avito_to_raw_midraw.py took 0.070 seconds
[2026-07-11T20:47:15.573+0000] {processor.py:186} INFO - Started process (PID=1136) to work on /opt/airflow/dags/avito_to_raw_midraw.py
[2026-07-11T20:47:15.574+0000] {processor.py:914} INFO - Processing file /opt/airflow/dags/avito_to_raw_midraw.py for tasks to queue
[2026-07-11T20:47:15.576+0000] {logging_mixin.py:190} INFO - [2026-07-11T20:47:15.575+0000] {dagbag.py:588} INFO - Filling up the DagBag from /opt/airflow/dags/avito_to_raw_midraw.py
[2026-07-11T20:47:15.589+0000] {processor.py:925} INFO - DAG(s) 'avito_to_raw_midraw' retrieved from /opt/airflow/dags/avito_to_raw_midraw.py
[2026-07-11T20:47:15.610+0000] {logging_mixin.py:190} INFO - [2026-07-11T20:47:15.609+0000] {dag.py:3239} INFO - Sync 1 DAGs
[2026-07-11T20:47:15.621+0000] {logging_mixin.py:190} INFO - [2026-07-11T20:47:15.621+0000] {dag.py:4180} INFO - Setting next_dagrun for avito_to_raw_midraw to 2026-07-11 20:00:00+00:00, run_after=2026-07-11 21:00:00+00:00
[2026-07-11T20:47:15.633+0000] {processor.py:208} INFO - Processing /opt/airflow/dags/avito_to_raw_midraw.py took 0.063 seconds
[2026-07-11T20:47:45.914+0000] {processor.py:186} INFO - Started process (PID=1138) to work on /opt/airflow/dags/avito_to_raw_midraw.py
[2026-07-11T20:47:45.915+0000] {processor.py:914} INFO - Processing file /opt/airflow/dags/avito_to_raw_midraw.py for tasks to queue
[2026-07-11T20:47:45.919+0000] {logging_mixin.py:190} INFO - [2026-07-11T20:47:45.918+0000] {dagbag.py:588} INFO - Filling up the DagBag from /opt/airflow/dags/avito_to_raw_midraw.py
[2026-07-11T20:47:45.941+0000] {processor.py:925} INFO - DAG(s) 'avito_to_raw_midraw' retrieved from /opt/airflow/dags/avito_to_raw_midraw.py
[2026-07-11T20:47:45.965+0000] {logging_mixin.py:190} INFO - [2026-07-11T20:47:45.965+0000] {dag.py:3239} INFO - Sync 1 DAGs
[2026-07-11T20:47:45.977+0000] {logging_mixin.py:190} INFO - [2026-07-11T20:47:45.977+0000] {dag.py:4180} INFO - Setting next_dagrun for avito_to_raw_midraw to 2026-07-11 20:00:00+00:00, run_after=2026-07-11 21:00:00+00:00
[2026-07-11T20:47:45.991+0000] {processor.py:208} INFO - Processing /opt/airflow/dags/avito_to_raw_midraw.py took 0.085 seconds
[2026-07-11T20:48:16.170+0000] {processor.py:186} INFO - Started process (PID=1140) to work on /opt/airflow/dags/avito_to_raw_midraw.py
[2026-07-11T20:48:16.170+0000] {processor.py:914} INFO - Processing file /opt/airflow/dags/avito_to_raw_midraw.py for tasks to queue
[2026-07-11T20:48:16.171+0000] {logging_mixin.py:190} INFO - [2026-07-11T20:48:16.171+0000] {dagbag.py:588} INFO - Filling up the DagBag from /opt/airflow/dags/avito_to_raw_midraw.py
[2026-07-11T20:48:16.183+0000] {processor.py:925} INFO - DAG(s) 'avito_to_raw_midraw' retrieved from /opt/airflow/dags/avito_to_raw_midraw.py
[2026-07-11T20:48:16.202+0000] {logging_mixin.py:190} INFO - [2026-07-11T20:48:16.202+0000] {dag.py:3239} INFO - Sync 1 DAGs
[2026-07-11T20:48:16.214+0000] {logging_mixin.py:190} INFO - [2026-07-11T20:48:16.214+0000] {dag.py:4180} INFO - Setting next_dagrun for avito_to_raw_midraw to 2026-07-11 20:00:00+00:00, run_after=2026-07-11 21:00:00+00:00
[2026-07-11T20:48:16.224+0000] {processor.py:208} INFO - Processing /opt/airflow/dags/avito_to_raw_midraw.py took 0.058 seconds
[2026-07-11T20:48:46.525+0000] {processor.py:186} INFO - Started process (PID=1142) to work on /opt/airflow/dags/avito_to_raw_midraw.py
[2026-07-11T20:48:46.526+0000] {processor.py:914} INFO - Processing file /opt/airflow/dags/avito_to_raw_midraw.py for tasks to queue
[2026-07-11T20:48:46.529+0000] {logging_mixin.py:190} INFO - [2026-07-11T20:48:46.528+0000] {dagbag.py:588} INFO - Filling up the DagBag from /opt/airflow/dags/avito_to_raw_midraw.py
[2026-07-11T20:48:46.546+0000] {processor.py:925} INFO - DAG(s) 'avito_to_raw_midraw' retrieved from /opt/airflow/dags/avito_to_raw_midraw.py
[2026-07-11T20:48:46.566+0000] {logging_mixin.py:190} INFO - [2026-07-11T20:48:46.566+0000] {dag.py:3239} INFO - Sync 1 DAGs
[2026-07-11T20:48:46.580+0000] {logging_mixin.py:190} INFO - [2026-07-11T20:48:46.580+0000] {dag.py:4180} INFO - Setting next_dagrun for avito_to_raw_midraw to 2026-07-11 20:00:00+00:00, run_after=2026-07-11 21:00:00+00:00
[2026-07-11T20:48:46.593+0000] {processor.py:208} INFO - Processing /opt/airflow/dags/avito_to_raw_midraw.py took 0.075 seconds
[2026-07-11T20:49:16.900+0000] {processor.py:186} INFO - Started process (PID=1144) to work on /opt/airflow/dags/avito_to_raw_midraw.py
[2026-07-11T20:49:16.900+0000] {processor.py:914} INFO - Processing file /opt/airflow/dags/avito_to_raw_midraw.py for tasks to queue
[2026-07-11T20:49:16.902+0000] {logging_mixin.py:190} INFO - [2026-07-11T20:49:16.902+0000] {dagbag.py:588} INFO - Filling up the DagBag from /opt/airflow/dags/avito_to_raw_midraw.py
[2026-07-11T20:49:16.916+0000] {processor.py:925} INFO - DAG(s) 'avito_to_raw_midraw' retrieved from /opt/airflow/dags/avito_to_raw_midraw.py
[2026-07-11T20:49:16.932+0000] {logging_mixin.py:190} INFO - [2026-07-11T20:49:16.932+0000] {dag.py:3239} INFO - Sync 1 DAGs
[2026-07-11T20:49:16.946+0000] {logging_mixin.py:190} INFO - [2026-07-11T20:49:16.946+0000] {dag.py:4180} INFO - Setting next_dagrun for avito_to_raw_midraw to 2026-07-11 20:00:00+00:00, run_after=2026-07-11 21:00:00+00:00
[2026-07-11T20:49:16.955+0000] {processor.py:208} INFO - Processing /opt/airflow/dags/avito_to_raw_midraw.py took 0.059 seconds
[2026-07-11T20:49:47.200+0000] {processor.py:186} INFO - Started process (PID=1146) to work on /opt/airflow/dags/avito_to_raw_midraw.py
[2026-07-11T20:49:47.200+0000] {processor.py:914} INFO - Processing file /opt/airflow/dags/avito_to_raw_midraw.py for tasks to queue
[2026-07-11T20:49:47.203+0000] {logging_mixin.py:190} INFO - [2026-07-11T20:49:47.203+0000] {dagbag.py:588} INFO - Filling up the DagBag from /opt/airflow/dags/avito_to_raw_midraw.py
[2026-07-11T20:49:47.218+0000] {processor.py:925} INFO - DAG(s) 'avito_to_raw_midraw' retrieved from /opt/airflow/dags/avito_to_raw_midraw.py
[2026-07-11T20:49:47.237+0000] {logging_mixin.py:190} INFO - [2026-07-11T20:49:47.237+0000] {dag.py:3239} INFO - Sync 1 DAGs
[2026-07-11T20:49:47.248+0000] {logging_mixin.py:190} INFO - [2026-07-11T20:49:47.248+0000] {dag.py:4180} INFO - Setting next_dagrun for avito_to_raw_midraw to 2026-07-11 20:00:00+00:00, run_after=2026-07-11 21:00:00+00:00
[2026-07-11T20:49:47.259+0000] {processor.py:208} INFO - Processing /opt/airflow/dags/avito_to_raw_midraw.py took 0.063 seconds
[2026-07-11T20:50:17.470+0000] {processor.py:186} INFO - Started process (PID=1148) to work on /opt/airflow/dags/avito_to_raw_midraw.py
[2026-07-11T20:50:17.471+0000] {processor.py:914} INFO - Processing file /opt/airflow/dags/avito_to_raw_midraw.py for tasks to queue
[2026-07-11T20:50:17.474+0000] {logging_mixin.py:190} INFO - [2026-07-11T20:50:17.473+0000] {dagbag.py:588} INFO - Filling up the DagBag from /opt/airflow/dags/avito_to_raw_midraw.py
[2026-07-11T20:50:17.489+0000] {processor.py:925} INFO - DAG(s) 'avito_to_raw_midraw' retrieved from /opt/airflow/dags/avito_to_raw_midraw.py
[2026-07-11T20:50:17.510+0000] {logging_mixin.py:190} INFO - [2026-07-11T20:50:17.510+0000] {dag.py:3239} INFO - Sync 1 DAGs
[2026-07-11T20:50:17.524+0000] {logging_mixin.py:190} INFO - [2026-07-11T20:50:17.524+0000] {dag.py:4180} INFO - Setting next_dagrun for avito_to_raw_midraw to 2026-07-11 20:00:00+00:00, run_after=2026-07-11 21:00:00+00:00
[2026-07-11T20:50:17.534+0000] {processor.py:208} INFO - Processing /opt/airflow/dags/avito_to_raw_midraw.py took 0.069 seconds
[2026-07-11T20:50:47.793+0000] {processor.py:186} INFO - Started process (PID=1150) to work on /opt/airflow/dags/avito_to_raw_midraw.py
[2026-07-11T20:50:47.794+0000] {processor.py:914} INFO - Processing file /opt/airflow/dags/avito_to_raw_midraw.py for tasks to queue
[2026-07-11T20:50:47.795+0000] {logging_mixin.py:190} INFO - [2026-07-11T20:50:47.795+0000] {dagbag.py:588} INFO - Filling up the DagBag from /opt/airflow/dags/avito_to_raw_midraw.py
[2026-07-11T20:50:47.805+0000] {processor.py:925} INFO - DAG(s) 'avito_to_raw_midraw' retrieved from /opt/airflow/dags/avito_to_raw_midraw.py
[2026-07-11T20:50:47.821+0000] {logging_mixin.py:190} INFO - [2026-07-11T20:50:47.821+0000] {dag.py:3239} INFO - Sync 1 DAGs
[2026-07-11T20:50:47.833+0000] {logging_mixin.py:190} INFO - [2026-07-11T20:50:47.832+0000] {dag.py:4180} INFO - Setting next_dagrun for avito_to_raw_midraw to 2026-07-11 20:00:00+00:00, run_after=2026-07-11 21:00:00+00:00
[2026-07-11T20:50:47.843+0000] {processor.py:208} INFO - Processing /opt/airflow/dags/avito_to_raw_midraw.py took 0.053 seconds
[2026-07-11T20:51:18.066+0000] {processor.py:186} INFO - Started process (PID=1152) to work on /opt/airflow/dags/avito_to_raw_midraw.py
[2026-07-11T20:51:18.066+0000] {processor.py:914} INFO - Processing file /opt/airflow/dags/avito_to_raw_midraw.py for tasks to queue
[2026-07-11T20:51:18.069+0000] {logging_mixin.py:190} INFO - [2026-07-11T20:51:18.069+0000] {dagbag.py:588} INFO - Filling up the DagBag from /opt/airflow/dags/avito_to_raw_midraw.py
[2026-07-11T20:51:18.084+0000] {processor.py:925} INFO - DAG(s) 'avito_to_raw_midraw' retrieved from /opt/airflow/dags/avito_to_raw_midraw.py
[2026-07-11T20:51:18.100+0000] {logging_mixin.py:190} INFO - [2026-07-11T20:51:18.100+0000] {dag.py:3239} INFO - Sync 1 DAGs
[2026-07-11T20:51:18.111+0000] {logging_mixin.py:190} INFO - [2026-07-11T20:51:18.111+0000] {dag.py:4180} INFO - Setting next_dagrun for avito_to_raw_midraw to 2026-07-11 20:00:00+00:00, run_after=2026-07-11 21:00:00+00:00
[2026-07-11T20:51:18.122+0000] {processor.py:208} INFO - Processing /opt/airflow/dags/avito_to_raw_midraw.py took 0.060 seconds
[2026-07-11T20:51:48.401+0000] {processor.py:186} INFO - Started process (PID=1154) to work on /opt/airflow/dags/avito_to_raw_midraw.py
[2026-07-11T20:51:48.402+0000] {processor.py:914} INFO - Processing file /opt/airflow/dags/avito_to_raw_midraw.py for tasks to queue
[2026-07-11T20:51:48.405+0000] {logging_mixin.py:190} INFO - [2026-07-11T20:51:48.404+0000] {dagbag.py:588} INFO - Filling up the DagBag from /opt/airflow/dags/avito_to_raw_midraw.py
[2026-07-11T20:51:48.423+0000] {processor.py:925} INFO - DAG(s) 'avito_to_raw_midraw' retrieved from /opt/airflow/dags/avito_to_raw_midraw.py
[2026-07-11T20:51:48.444+0000] {logging_mixin.py:190} INFO - [2026-07-11T20:51:48.444+0000] {dag.py:3239} INFO - Sync 1 DAGs
[2026-07-11T20:51:48.458+0000] {logging_mixin.py:190} INFO - [2026-07-11T20:51:48.458+0000] {dag.py:4180} INFO - Setting next_dagrun for avito_to_raw_midraw to 2026-07-11 20:00:00+00:00, run_after=2026-07-11 21:00:00+00:00
[2026-07-11T20:51:48.472+0000] {processor.py:208} INFO - Processing /opt/airflow/dags/avito_to_raw_midraw.py took 0.077 seconds
[2026-07-11T20:52:18.668+0000] {processor.py:186} INFO - Started process (PID=1156) to work on /opt/airflow/dags/avito_to_raw_midraw.py
[2026-07-11T20:52:18.668+0000] {processor.py:914} INFO - Processing file /opt/airflow/dags/avito_to_raw_midraw.py for tasks to queue
[2026-07-11T20:52:18.670+0000] {logging_mixin.py:190} INFO - [2026-07-11T20:52:18.670+0000] {dagbag.py:588} INFO - Filling up the DagBag from /opt/airflow/dags/avito_to_raw_midraw.py
[2026-07-11T20:52:18.684+0000] {processor.py:925} INFO - DAG(s) 'avito_to_raw_midraw' retrieved from /opt/airflow/dags/avito_to_raw_midraw.py
[2026-07-11T20:52:18.700+0000] {logging_mixin.py:190} INFO - [2026-07-11T20:52:18.699+0000] {dag.py:3239} INFO - Sync 1 DAGs
[2026-07-11T20:52:18.712+0000] {logging_mixin.py:190} INFO - [2026-07-11T20:52:18.712+0000] {dag.py:4180} INFO - Setting next_dagrun for avito_to_raw_midraw to 2026-07-11 20:00:00+00:00, run_after=2026-07-11 21:00:00+00:00
[2026-07-11T20:52:18.722+0000] {processor.py:208} INFO - Processing /opt/airflow/dags/avito_to_raw_midraw.py took 0.060 seconds
[2026-07-11T20:52:49.037+0000] {processor.py:186} INFO - Started process (PID=1158) to work on /opt/airflow/dags/avito_to_raw_midraw.py
[2026-07-11T20:52:49.037+0000] {processor.py:914} INFO - Processing file /opt/airflow/dags/avito_to_raw_midraw.py for tasks to queue
[2026-07-11T20:52:49.040+0000] {logging_mixin.py:190} INFO - [2026-07-11T20:52:49.040+0000] {dagbag.py:588} INFO - Filling up the DagBag from /opt/airflow/dags/avito_to_raw_midraw.py
[2026-07-11T20:52:49.059+0000] {processor.py:925} INFO - DAG(s) 'avito_to_raw_midraw' retrieved from /opt/airflow/dags/avito_to_raw_midraw.py
[2026-07-11T20:52:49.082+0000] {logging_mixin.py:190} INFO - [2026-07-11T20:52:49.082+0000] {dag.py:3239} INFO - Sync 1 DAGs
[2026-07-11T20:52:49.097+0000] {logging_mixin.py:190} INFO - [2026-07-11T20:52:49.097+0000] {dag.py:4180} INFO - Setting next_dagrun for avito_to_raw_midraw to 2026-07-11 20:00:00+00:00, run_after=2026-07-11 21:00:00+00:00
[2026-07-11T20:52:49.106+0000] {processor.py:208} INFO - Processing /opt/airflow/dags/avito_to_raw_midraw.py took 0.076 seconds
[2026-07-11T20:53:19.331+0000] {processor.py:186} INFO - Started process (PID=1160) to work on /opt/airflow/dags/avito_to_raw_midraw.py
[2026-07-11T20:53:19.331+0000] {processor.py:914} INFO - Processing file /opt/airflow/dags/avito_to_raw_midraw.py for tasks to queue
[2026-07-11T20:53:19.335+0000] {logging_mixin.py:190} INFO - [2026-07-11T20:53:19.335+0000] {dagbag.py:588} INFO - Filling up the DagBag from /opt/airflow/dags/avito_to_raw_midraw.py
[2026-07-11T20:53:19.357+0000] {processor.py:925} INFO - DAG(s) 'avito_to_raw_midraw' retrieved from /opt/airflow/dags/avito_to_raw_midraw.py
[2026-07-11T20:53:19.376+0000] {logging_mixin.py:190} INFO - [2026-07-11T20:53:19.376+0000] {dag.py:3239} INFO - Sync 1 DAGs
[2026-07-11T20:53:19.388+0000] {logging_mixin.py:190} INFO - [2026-07-11T20:53:19.388+0000] {dag.py:4180} INFO - Setting next_dagrun for avito_to_raw_midraw to 2026-07-11 20:00:00+00:00, run_after=2026-07-11 21:00:00+00:00
[2026-07-11T20:53:19.399+0000] {processor.py:208} INFO - Processing /opt/airflow/dags/avito_to_raw_midraw.py took 0.077 seconds
[2026-07-11T20:53:49.650+0000] {processor.py:186} INFO - Started process (PID=1162) to work on /opt/airflow/dags/avito_to_raw_midraw.py
[2026-07-11T20:53:49.650+0000] {processor.py:914} INFO - Processing file /opt/airflow/dags/avito_to_raw_midraw.py for tasks to queue
[2026-07-11T20:53:49.653+0000] {logging_mixin.py:190} INFO - [2026-07-11T20:53:49.652+0000] {dagbag.py:588} INFO - Filling up the DagBag from /opt/airflow/dags/avito_to_raw_midraw.py
[2026-07-11T20:53:49.669+0000] {processor.py:925} INFO - DAG(s) 'avito_to_raw_midraw' retrieved from /opt/airflow/dags/avito_to_raw_midraw.py
[2026-07-11T20:53:49.688+0000] {logging_mixin.py:190} INFO - [2026-07-11T20:53:49.688+0000] {dag.py:3239} INFO - Sync 1 DAGs
[2026-07-11T20:53:49.701+0000] {logging_mixin.py:190} INFO - [2026-07-11T20:53:49.701+0000] {dag.py:4180} INFO - Setting next_dagrun for avito_to_raw_midraw to 2026-07-11 20:00:00+00:00, run_after=2026-07-11 21:00:00+00:00
[2026-07-11T20:53:49.712+0000] {processor.py:208} INFO - Processing /opt/airflow/dags/avito_to_raw_midraw.py took 0.069 seconds
[2026-07-11T20:54:19.932+0000] {processor.py:186} INFO - Started process (PID=1164) to work on /opt/airflow/dags/avito_to_raw_midraw.py
[2026-07-11T20:54:19.933+0000] {processor.py:914} INFO - Processing file /opt/airflow/dags/avito_to_raw_midraw.py for tasks to queue
[2026-07-11T20:54:19.934+0000] {logging_mixin.py:190} INFO - [2026-07-11T20:54:19.934+0000] {dagbag.py:588} INFO - Filling up the DagBag from /opt/airflow/dags/avito_to_raw_midraw.py
[2026-07-11T20:54:19.945+0000] {processor.py:925} INFO - DAG(s) 'avito_to_raw_midraw' retrieved from /opt/airflow/dags/avito_to_raw_midraw.py
[2026-07-11T20:54:19.960+0000] {logging_mixin.py:190} INFO - [2026-07-11T20:54:19.960+0000] {dag.py:3239} INFO - Sync 1 DAGs
[2026-07-11T20:54:19.971+0000] {logging_mixin.py:190} INFO - [2026-07-11T20:54:19.971+0000] {dag.py:4180} INFO - Setting next_dagrun for avito_to_raw_midraw to 2026-07-11 20:00:00+00:00, run_after=2026-07-11 21:00:00+00:00
[2026-07-11T20:54:19.981+0000] {processor.py:208} INFO - Processing /opt/airflow/dags/avito_to_raw_midraw.py took 0.052 seconds
[2026-07-11T20:54:50.281+0000] {processor.py:186} INFO - Started process (PID=1166) to work on /opt/airflow/dags/avito_to_raw_midraw.py
[2026-07-11T20:54:50.282+0000] {processor.py:914} INFO - Processing file /opt/airflow/dags/avito_to_raw_midraw.py for tasks to queue
[2026-07-11T20:54:50.285+0000] {logging_mixin.py:190} INFO - [2026-07-11T20:54:50.285+0000] {dagbag.py:588} INFO - Filling up the DagBag from /opt/airflow/dags/avito_to_raw_midraw.py
[2026-07-11T20:54:50.303+0000] {processor.py:925} INFO - DAG(s) 'avito_to_raw_midraw' retrieved from /opt/airflow/dags/avito_to_raw_midraw.py
[2026-07-11T20:54:50.325+0000] {logging_mixin.py:190} INFO - [2026-07-11T20:54:50.325+0000] {dag.py:3239} INFO - Sync 1 DAGs
[2026-07-11T20:54:50.339+0000] {logging_mixin.py:190} INFO - [2026-07-11T20:54:50.339+0000] {dag.py:4180} INFO - Setting next_dagrun for avito_to_raw_midraw to 2026-07-11 20:00:00+00:00, run_after=2026-07-11 21:00:00+00:00
[2026-07-11T20:54:50.352+0000] {processor.py:208} INFO - Processing /opt/airflow/dags/avito_to_raw_midraw.py took 0.076 seconds
[2026-07-11T20:55:20.584+0000] {processor.py:186} INFO - Started process (PID=1168) to work on /opt/airflow/dags/avito_to_raw_midraw.py
[2026-07-11T20:55:20.586+0000] {processor.py:914} INFO - Processing file /opt/airflow/dags/avito_to_raw_midraw.py for tasks to queue
[2026-07-11T20:55:20.588+0000] {logging_mixin.py:190} INFO - [2026-07-11T20:55:20.588+0000] {dagbag.py:588} INFO - Filling up the DagBag from /opt/airflow/dags/avito_to_raw_midraw.py
[2026-07-11T20:55:20.605+0000] {processor.py:925} INFO - DAG(s) 'avito_to_raw_midraw' retrieved from /opt/airflow/dags/avito_to_raw_midraw.py
[2026-07-11T20:55:20.624+0000] {logging_mixin.py:190} INFO - [2026-07-11T20:55:20.624+0000] {dag.py:3239} INFO - Sync 1 DAGs
[2026-07-11T20:55:20.644+0000] {logging_mixin.py:190} INFO - [2026-07-11T20:55:20.644+0000] {dag.py:4180} INFO - Setting next_dagrun for avito_to_raw_midraw to 2026-07-11 20:00:00+00:00, run_after=2026-07-11 21:00:00+00:00
[2026-07-11T20:55:20.657+0000] {processor.py:208} INFO - Processing /opt/airflow/dags/avito_to_raw_midraw.py took 0.078 seconds
[2026-07-11T20:55:50.863+0000] {processor.py:186} INFO - Started process (PID=1170) to work on /opt/airflow/dags/avito_to_raw_midraw.py
[2026-07-11T20:55:50.864+0000] {processor.py:914} INFO - Processing file /opt/airflow/dags/avito_to_raw_midraw.py for tasks to queue
[2026-07-11T20:55:50.867+0000] {logging_mixin.py:190} INFO - [2026-07-11T20:55:50.867+0000] {dagbag.py:588} INFO - Filling up the DagBag from /opt/airflow/dags/avito_to_raw_midraw.py
[2026-07-11T20:55:50.883+0000] {processor.py:925} INFO - DAG(s) 'avito_to_raw_midraw' retrieved from /opt/airflow/dags/avito_to_raw_midraw.py
[2026-07-11T20:55:50.904+0000] {logging_mixin.py:190} INFO - [2026-07-11T20:55:50.904+0000] {dag.py:3239} INFO - Sync 1 DAGs
[2026-07-11T20:55:50.920+0000] {logging_mixin.py:190} INFO - [2026-07-11T20:55:50.919+0000] {dag.py:4180} INFO - Setting next_dagrun for avito_to_raw_midraw to 2026-07-11 20:00:00+00:00, run_after=2026-07-11 21:00:00+00:00
[2026-07-11T20:55:50.932+0000] {processor.py:208} INFO - Processing /opt/airflow/dags/avito_to_raw_midraw.py took 0.076 seconds
[2026-07-11T20:56:21.137+0000] {processor.py:186} INFO - Started process (PID=1172) to work on /opt/airflow/dags/avito_to_raw_midraw.py
[2026-07-11T20:56:21.137+0000] {processor.py:914} INFO - Processing file /opt/airflow/dags/avito_to_raw_midraw.py for tasks to queue
[2026-07-11T20:56:21.139+0000] {logging_mixin.py:190} INFO - [2026-07-11T20:56:21.139+0000] {dagbag.py:588} INFO - Filling up the DagBag from /opt/airflow/dags/avito_to_raw_midraw.py
[2026-07-11T20:56:21.154+0000] {processor.py:925} INFO - DAG(s) 'avito_to_raw_midraw' retrieved from /opt/airflow/dags/avito_to_raw_midraw.py
[2026-07-11T20:56:21.170+0000] {logging_mixin.py:190} INFO - [2026-07-11T20:56:21.170+0000] {dag.py:3239} INFO - Sync 1 DAGs
[2026-07-11T20:56:21.181+0000] {logging_mixin.py:190} INFO - [2026-07-11T20:56:21.181+0000] {dag.py:4180} INFO - Setting next_dagrun for avito_to_raw_midraw to 2026-07-11 20:00:00+00:00, run_after=2026-07-11 21:00:00+00:00
[2026-07-11T20:56:21.192+0000] {processor.py:208} INFO - Processing /opt/airflow/dags/avito_to_raw_midraw.py took 0.059 seconds
[2026-07-11T20:56:51.468+0000] {processor.py:186} INFO - Started process (PID=1174) to work on /opt/airflow/dags/avito_to_raw_midraw.py
[2026-07-11T20:56:51.469+0000] {processor.py:914} INFO - Processing file /opt/airflow/dags/avito_to_raw_midraw.py for tasks to queue
[2026-07-11T20:56:51.474+0000] {logging_mixin.py:190} INFO - [2026-07-11T20:56:51.474+0000] {dagbag.py:588} INFO - Filling up the DagBag from /opt/airflow/dags/avito_to_raw_midraw.py
[2026-07-11T20:56:51.494+0000] {processor.py:925} INFO - DAG(s) 'avito_to_raw_midraw' retrieved from /opt/airflow/dags/avito_to_raw_midraw.py
[2026-07-11T20:56:51.516+0000] {logging_mixin.py:190} INFO - [2026-07-11T20:56:51.516+0000] {dag.py:3239} INFO - Sync 1 DAGs
[2026-07-11T20:56:51.531+0000] {logging_mixin.py:190} INFO - [2026-07-11T20:56:51.531+0000] {dag.py:4180} INFO - Setting next_dagrun for avito_to_raw_midraw to 2026-07-11 20:00:00+00:00, run_after=2026-07-11 21:00:00+00:00
[2026-07-11T20:56:51.544+0000] {processor.py:208} INFO - Processing /opt/airflow/dags/avito_to_raw_midraw.py took 0.081 seconds
[2026-07-11T20:57:21.816+0000] {processor.py:186} INFO - Started process (PID=1176) to work on /opt/airflow/dags/avito_to_raw_midraw.py
[2026-07-11T20:57:21.817+0000] {processor.py:914} INFO - Processing file /opt/airflow/dags/avito_to_raw_midraw.py for tasks to queue
[2026-07-11T20:57:21.820+0000] {logging_mixin.py:190} INFO - [2026-07-11T20:57:21.819+0000] {dagbag.py:588} INFO - Filling up the DagBag from /opt/airflow/dags/avito_to_raw_midraw.py
[2026-07-11T20:57:21.838+0000] {processor.py:925} INFO - DAG(s) 'avito_to_raw_midraw' retrieved from /opt/airflow/dags/avito_to_raw_midraw.py
[2026-07-11T20:57:21.862+0000] {logging_mixin.py:190} INFO - [2026-07-11T20:57:21.862+0000] {dag.py:3239} INFO - Sync 1 DAGs
[2026-07-11T20:57:21.879+0000] {logging_mixin.py:190} INFO - [2026-07-11T20:57:21.879+0000] {dag.py:4180} INFO - Setting next_dagrun for avito_to_raw_midraw to 2026-07-11 20:00:00+00:00, run_after=2026-07-11 21:00:00+00:00
[2026-07-11T20:57:21.891+0000] {processor.py:208} INFO - Processing /opt/airflow/dags/avito_to_raw_midraw.py took 0.082 seconds
[2026-07-11T20:57:52.119+0000] {processor.py:186} INFO - Started process (PID=1178) to work on /opt/airflow/dags/avito_to_raw_midraw.py
[2026-07-11T20:57:52.119+0000] {processor.py:914} INFO - Processing file /opt/airflow/dags/avito_to_raw_midraw.py for tasks to queue
[2026-07-11T20:57:52.121+0000] {logging_mixin.py:190} INFO - [2026-07-11T20:57:52.121+0000] {dagbag.py:588} INFO - Filling up the DagBag from /opt/airflow/dags/avito_to_raw_midraw.py
[2026-07-11T20:57:52.134+0000] {processor.py:925} INFO - DAG(s) 'avito_to_raw_midraw' retrieved from /opt/airflow/dags/avito_to_raw_midraw.py
[2026-07-11T20:57:52.156+0000] {logging_mixin.py:190} INFO - [2026-07-11T20:57:52.156+0000] {dag.py:3239} INFO - Sync 1 DAGs
[2026-07-11T20:57:52.171+0000] {logging_mixin.py:190} INFO - [2026-07-11T20:57:52.171+0000] {dag.py:4180} INFO - Setting next_dagrun for avito_to_raw_midraw to 2026-07-11 20:00:00+00:00, run_after=2026-07-11 21:00:00+00:00
[2026-07-11T20:57:52.183+0000] {processor.py:208} INFO - Processing /opt/airflow/dags/avito_to_raw_midraw.py took 0.068 seconds
[2026-07-11T20:58:22.420+0000] {processor.py:186} INFO - Started process (PID=1180) to work on /opt/airflow/dags/avito_to_raw_midraw.py
[2026-07-11T20:58:22.421+0000] {processor.py:914} INFO - Processing file /opt/airflow/dags/avito_to_raw_midraw.py for tasks to queue
[2026-07-11T20:58:22.424+0000] {logging_mixin.py:190} INFO - [2026-07-11T20:58:22.423+0000] {dagbag.py:588} INFO - Filling up the DagBag from /opt/airflow/dags/avito_to_raw_midraw.py
[2026-07-11T20:58:22.442+0000] {processor.py:925} INFO - DAG(s) 'avito_to_raw_midraw' retrieved from /opt/airflow/dags/avito_to_raw_midraw.py
[2026-07-11T20:58:22.459+0000] {logging_mixin.py:190} INFO - [2026-07-11T20:58:22.459+0000] {dag.py:3239} INFO - Sync 1 DAGs
[2026-07-11T20:58:22.472+0000] {logging_mixin.py:190} INFO - [2026-07-11T20:58:22.472+0000] {dag.py:4180} INFO - Setting next_dagrun for avito_to_raw_midraw to 2026-07-11 20:00:00+00:00, run_after=2026-07-11 21:00:00+00:00
[2026-07-11T20:58:22.484+0000] {processor.py:208} INFO - Processing /opt/airflow/dags/avito_to_raw_midraw.py took 0.069 seconds
[2026-07-11T20:58:52.720+0000] {processor.py:186} INFO - Started process (PID=1182) to work on /opt/airflow/dags/avito_to_raw_midraw.py
[2026-07-11T20:58:52.722+0000] {processor.py:914} INFO - Processing file /opt/airflow/dags/avito_to_raw_midraw.py for tasks to queue
[2026-07-11T20:58:52.726+0000] {logging_mixin.py:190} INFO - [2026-07-11T20:58:52.725+0000] {dagbag.py:588} INFO - Filling up the DagBag from /opt/airflow/dags/avito_to_raw_midraw.py
[2026-07-11T20:58:52.741+0000] {processor.py:925} INFO - DAG(s) 'avito_to_raw_midraw' retrieved from /opt/airflow/dags/avito_to_raw_midraw.py
[2026-07-11T20:58:52.757+0000] {logging_mixin.py:190} INFO - [2026-07-11T20:58:52.757+0000] {dag.py:3239} INFO - Sync 1 DAGs
[2026-07-11T20:58:52.772+0000] {logging_mixin.py:190} INFO - [2026-07-11T20:58:52.772+0000] {dag.py:4180} INFO - Setting next_dagrun for avito_to_raw_midraw to 2026-07-11 20:00:00+00:00, run_after=2026-07-11 21:00:00+00:00
[2026-07-11T20:58:52.785+0000] {processor.py:208} INFO - Processing /opt/airflow/dags/avito_to_raw_midraw.py took 0.072 seconds
[2026-07-11T20:59:23.074+0000] {processor.py:186} INFO - Started process (PID=1184) to work on /opt/airflow/dags/avito_to_raw_midraw.py
[2026-07-11T20:59:23.075+0000] {processor.py:914} INFO - Processing file /opt/airflow/dags/avito_to_raw_midraw.py for tasks to queue
[2026-07-11T20:59:23.077+0000] {logging_mixin.py:190} INFO - [2026-07-11T20:59:23.077+0000] {dagbag.py:588} INFO - Filling up the DagBag from /opt/airflow/dags/avito_to_raw_midraw.py
[2026-07-11T20:59:23.094+0000] {processor.py:925} INFO - DAG(s) 'avito_to_raw_midraw' retrieved from /opt/airflow/dags/avito_to_raw_midraw.py
[2026-07-11T20:59:23.115+0000] {logging_mixin.py:190} INFO - [2026-07-11T20:59:23.114+0000] {dag.py:3239} INFO - Sync 1 DAGs
[2026-07-11T20:59:23.130+0000] {logging_mixin.py:190} INFO - [2026-07-11T20:59:23.130+0000] {dag.py:4180} INFO - Setting next_dagrun for avito_to_raw_midraw to 2026-07-11 20:00:00+00:00, run_after=2026-07-11 21:00:00+00:00
[2026-07-11T20:59:23.142+0000] {processor.py:208} INFO - Processing /opt/airflow/dags/avito_to_raw_midraw.py took 0.075 seconds
[2026-07-11T20:59:53.314+0000] {processor.py:186} INFO - Started process (PID=1186) to work on /opt/airflow/dags/avito_to_raw_midraw.py
[2026-07-11T20:59:53.315+0000] {processor.py:914} INFO - Processing file /opt/airflow/dags/avito_to_raw_midraw.py for tasks to queue
[2026-07-11T20:59:53.318+0000] {logging_mixin.py:190} INFO - [2026-07-11T20:59:53.318+0000] {dagbag.py:588} INFO - Filling up the DagBag from /opt/airflow/dags/avito_to_raw_midraw.py
[2026-07-11T20:59:53.332+0000] {processor.py:925} INFO - DAG(s) 'avito_to_raw_midraw' retrieved from /opt/airflow/dags/avito_to_raw_midraw.py
[2026-07-11T20:59:53.347+0000] {logging_mixin.py:190} INFO - [2026-07-11T20:59:53.346+0000] {dag.py:3239} INFO - Sync 1 DAGs
[2026-07-11T20:59:53.357+0000] {logging_mixin.py:190} INFO - [2026-07-11T20:59:53.357+0000] {dag.py:4180} INFO - Setting next_dagrun for avito_to_raw_midraw to 2026-07-11 20:00:00+00:00, run_after=2026-07-11 21:00:00+00:00
[2026-07-11T20:59:53.374+0000] {processor.py:208} INFO - Processing /opt/airflow/dags/avito_to_raw_midraw.py took 0.063 seconds
[2026-07-11T21:00:23.580+0000] {processor.py:186} INFO - Started process (PID=1192) to work on /opt/airflow/dags/avito_to_raw_midraw.py
[2026-07-11T21:00:23.581+0000] {processor.py:914} INFO - Processing file /opt/airflow/dags/avito_to_raw_midraw.py for tasks to queue
[2026-07-11T21:00:23.584+0000] {logging_mixin.py:190} INFO - [2026-07-11T21:00:23.584+0000] {dagbag.py:588} INFO - Filling up the DagBag from /opt/airflow/dags/avito_to_raw_midraw.py
[2026-07-11T21:00:23.625+0000] {processor.py:925} INFO - DAG(s) 'avito_to_raw_midraw' retrieved from /opt/airflow/dags/avito_to_raw_midraw.py
[2026-07-11T21:00:23.649+0000] {logging_mixin.py:190} INFO - [2026-07-11T21:00:23.649+0000] {dag.py:3239} INFO - Sync 1 DAGs
[2026-07-11T21:00:23.671+0000] {logging_mixin.py:190} INFO - [2026-07-11T21:00:23.671+0000] {dag.py:4180} INFO - Setting next_dagrun for avito_to_raw_midraw to 2026-07-11 21:00:00+00:00, run_after=2026-07-11 22:00:00+00:00
[2026-07-11T21:00:23.682+0000] {processor.py:208} INFO - Processing /opt/airflow/dags/avito_to_raw_midraw.py took 0.109 seconds
[2026-07-11T21:00:53.864+0000] {processor.py:186} INFO - Started process (PID=1194) to work on /opt/airflow/dags/avito_to_raw_midraw.py
[2026-07-11T21:00:53.864+0000] {processor.py:914} INFO - Processing file /opt/airflow/dags/avito_to_raw_midraw.py for tasks to queue
[2026-07-11T21:00:53.868+0000] {logging_mixin.py:190} INFO - [2026-07-11T21:00:53.868+0000] {dagbag.py:588} INFO - Filling up the DagBag from /opt/airflow/dags/avito_to_raw_midraw.py
[2026-07-11T21:00:53.894+0000] {processor.py:925} INFO - DAG(s) 'avito_to_raw_midraw' retrieved from /opt/airflow/dags/avito_to_raw_midraw.py
[2026-07-11T21:00:53.917+0000] {logging_mixin.py:190} INFO - [2026-07-11T21:00:53.917+0000] {dag.py:3239} INFO - Sync 1 DAGs
[2026-07-11T21:00:53.933+0000] {logging_mixin.py:190} INFO - [2026-07-11T21:00:53.933+0000] {dag.py:4180} INFO - Setting next_dagrun for avito_to_raw_midraw to 2026-07-11 21:00:00+00:00, run_after=2026-07-11 22:00:00+00:00
[2026-07-11T21:00:53.944+0000] {processor.py:208} INFO - Processing /opt/airflow/dags/avito_to_raw_midraw.py took 0.093 seconds
[2026-07-11T21:01:24.237+0000] {processor.py:186} INFO - Started process (PID=1196) to work on /opt/airflow/dags/avito_to_raw_midraw.py
[2026-07-11T21:01:24.238+0000] {processor.py:914} INFO - Processing file /opt/airflow/dags/avito_to_raw_midraw.py for tasks to queue
[2026-07-11T21:01:24.240+0000] {logging_mixin.py:190} INFO - [2026-07-11T21:01:24.240+0000] {dagbag.py:588} INFO - Filling up the DagBag from /opt/airflow/dags/avito_to_raw_midraw.py
[2026-07-11T21:01:24.254+0000] {processor.py:925} INFO - DAG(s) 'avito_to_raw_midraw' retrieved from /opt/airflow/dags/avito_to_raw_midraw.py
[2026-07-11T21:01:24.272+0000] {logging_mixin.py:190} INFO - [2026-07-11T21:01:24.272+0000] {dag.py:3239} INFO - Sync 1 DAGs
[2026-07-11T21:01:24.285+0000] {logging_mixin.py:190} INFO - [2026-07-11T21:01:24.285+0000] {dag.py:4180} INFO - Setting next_dagrun for avito_to_raw_midraw to 2026-07-11 21:00:00+00:00, run_after=2026-07-11 22:00:00+00:00
[2026-07-11T21:01:24.297+0000] {processor.py:208} INFO - Processing /opt/airflow/dags/avito_to_raw_midraw.py took 0.064 seconds
[2026-07-11T21:01:54.573+0000] {processor.py:186} INFO - Started process (PID=1198) to work on /opt/airflow/dags/avito_to_raw_midraw.py
[2026-07-11T21:01:54.575+0000] {processor.py:914} INFO - Processing file /opt/airflow/dags/avito_to_raw_midraw.py for tasks to queue
[2026-07-11T21:01:54.577+0000] {logging_mixin.py:190} INFO - [2026-07-11T21:01:54.577+0000] {dagbag.py:588} INFO - Filling up the DagBag from /opt/airflow/dags/avito_to_raw_midraw.py
[2026-07-11T21:01:54.594+0000] {processor.py:925} INFO - DAG(s) 'avito_to_raw_midraw' retrieved from /opt/airflow/dags/avito_to_raw_midraw.py
[2026-07-11T21:01:54.615+0000] {logging_mixin.py:190} INFO - [2026-07-11T21:01:54.614+0000] {dag.py:3239} INFO - Sync 1 DAGs
[2026-07-11T21:01:54.628+0000] {logging_mixin.py:190} INFO - [2026-07-11T21:01:54.628+0000] {dag.py:4180} INFO - Setting next_dagrun for avito_to_raw_midraw to 2026-07-11 21:00:00+00:00, run_after=2026-07-11 22:00:00+00:00
[2026-07-11T21:01:54.639+0000] {processor.py:208} INFO - Processing /opt/airflow/dags/avito_to_raw_midraw.py took 0.071 seconds
[2026-07-11T21:02:24.971+0000] {processor.py:186} INFO - Started process (PID=1200) to work on /opt/airflow/dags/avito_to_raw_midraw.py
[2026-07-11T21:02:24.972+0000] {processor.py:914} INFO - Processing file /opt/airflow/dags/avito_to_raw_midraw.py for tasks to queue
[2026-07-11T21:02:24.976+0000] {logging_mixin.py:190} INFO - [2026-07-11T21:02:24.976+0000] {dagbag.py:588} INFO - Filling up the DagBag from /opt/airflow/dags/avito_to_raw_midraw.py
[2026-07-11T21:02:25.000+0000] {processor.py:925} INFO - DAG(s) 'avito_to_raw_midraw' retrieved from /opt/airflow/dags/avito_to_raw_midraw.py
[2026-07-11T21:02:25.025+0000] {logging_mixin.py:190} INFO - [2026-07-11T21:02:25.025+0000] {dag.py:3239} INFO - Sync 1 DAGs
[2026-07-11T21:02:25.039+0000] {logging_mixin.py:190} INFO - [2026-07-11T21:02:25.039+0000] {dag.py:4180} INFO - Setting next_dagrun for avito_to_raw_midraw to 2026-07-11 21:00:00+00:00, run_after=2026-07-11 22:00:00+00:00
[2026-07-11T21:02:25.051+0000] {processor.py:208} INFO - Processing /opt/airflow/dags/avito_to_raw_midraw.py took 0.091 seconds
[2026-07-11T21:02:55.267+0000] {processor.py:186} INFO - Started process (PID=1202) to work on /opt/airflow/dags/avito_to_raw_midraw.py
[2026-07-11T21:02:55.269+0000] {processor.py:914} INFO - Processing file /opt/airflow/dags/avito_to_raw_midraw.py for tasks to queue
[2026-07-11T21:02:55.272+0000] {logging_mixin.py:190} INFO - [2026-07-11T21:02:55.272+0000] {dagbag.py:588} INFO - Filling up the DagBag from /opt/airflow/dags/avito_to_raw_midraw.py
[2026-07-11T21:02:55.294+0000] {processor.py:925} INFO - DAG(s) 'avito_to_raw_midraw' retrieved from /opt/airflow/dags/avito_to_raw_midraw.py
[2026-07-11T21:02:55.316+0000] {logging_mixin.py:190} INFO - [2026-07-11T21:02:55.316+0000] {dag.py:3239} INFO - Sync 1 DAGs
[2026-07-11T21:02:55.328+0000] {logging_mixin.py:190} INFO - [2026-07-11T21:02:55.328+0000] {dag.py:4180} INFO - Setting next_dagrun for avito_to_raw_midraw to 2026-07-11 21:00:00+00:00, run_after=2026-07-11 22:00:00+00:00
[2026-07-11T21:02:55.340+0000] {processor.py:208} INFO - Processing /opt/airflow/dags/avito_to_raw_midraw.py took 0.080 seconds
[2026-07-11T21:03:25.568+0000] {processor.py:186} INFO - Started process (PID=1204) to work on /opt/airflow/dags/avito_to_raw_midraw.py
[2026-07-11T21:03:25.569+0000] {processor.py:914} INFO - Processing file /opt/airflow/dags/avito_to_raw_midraw.py for tasks to queue
[2026-07-11T21:03:25.570+0000] {logging_mixin.py:190} INFO - [2026-07-11T21:03:25.570+0000] {dagbag.py:588} INFO - Filling up the DagBag from /opt/airflow/dags/avito_to_raw_midraw.py
[2026-07-11T21:03:25.584+0000] {processor.py:925} INFO - DAG(s) 'avito_to_raw_midraw' retrieved from /opt/airflow/dags/avito_to_raw_midraw.py
[2026-07-11T21:03:25.602+0000] {logging_mixin.py:190} INFO - [2026-07-11T21:03:25.602+0000] {dag.py:3239} INFO - Sync 1 DAGs
[2026-07-11T21:03:25.614+0000] {logging_mixin.py:190} INFO - [2026-07-11T21:03:25.614+0000] {dag.py:4180} INFO - Setting next_dagrun for avito_to_raw_midraw to 2026-07-11 21:00:00+00:00, run_after=2026-07-11 22:00:00+00:00
[2026-07-11T21:03:25.623+0000] {processor.py:208} INFO - Processing /opt/airflow/dags/avito_to_raw_midraw.py took 0.058 seconds
[2026-07-11T21:03:55.927+0000] {processor.py:186} INFO - Started process (PID=1206) to work on /opt/airflow/dags/avito_to_raw_midraw.py
[2026-07-11T21:03:55.929+0000] {processor.py:914} INFO - Processing file /opt/airflow/dags/avito_to_raw_midraw.py for tasks to queue
[2026-07-11T21:03:55.932+0000] {logging_mixin.py:190} INFO - [2026-07-11T21:03:55.931+0000] {dagbag.py:588} INFO - Filling up the DagBag from /opt/airflow/dags/avito_to_raw_midraw.py
[2026-07-11T21:03:55.951+0000] {processor.py:925} INFO - DAG(s) 'avito_to_raw_midraw' retrieved from /opt/airflow/dags/avito_to_raw_midraw.py
[2026-07-11T21:03:55.978+0000] {logging_mixin.py:190} INFO - [2026-07-11T21:03:55.978+0000] {dag.py:3239} INFO - Sync 1 DAGs
[2026-07-11T21:03:55.994+0000] {logging_mixin.py:190} INFO - [2026-07-11T21:03:55.994+0000] {dag.py:4180} INFO - Setting next_dagrun for avito_to_raw_midraw to 2026-07-11 21:00:00+00:00, run_after=2026-07-11 22:00:00+00:00
[2026-07-11T21:03:56.006+0000] {processor.py:208} INFO - Processing /opt/airflow/dags/avito_to_raw_midraw.py took 0.087 seconds
[2026-07-11T21:04:26.207+0000] {processor.py:186} INFO - Started process (PID=1208) to work on /opt/airflow/dags/avito_to_raw_midraw.py
[2026-07-11T21:04:26.208+0000] {processor.py:914} INFO - Processing file /opt/airflow/dags/avito_to_raw_midraw.py for tasks to queue
[2026-07-11T21:04:26.209+0000] {logging_mixin.py:190} INFO - [2026-07-11T21:04:26.209+0000] {dagbag.py:588} INFO - Filling up the DagBag from /opt/airflow/dags/avito_to_raw_midraw.py
[2026-07-11T21:04:26.223+0000] {processor.py:925} INFO - DAG(s) 'avito_to_raw_midraw' retrieved from /opt/airflow/dags/avito_to_raw_midraw.py
[2026-07-11T21:04:26.241+0000] {logging_mixin.py:190} INFO - [2026-07-11T21:04:26.241+0000] {dag.py:3239} INFO - Sync 1 DAGs
[2026-07-11T21:04:26.256+0000] {logging_mixin.py:190} INFO - [2026-07-11T21:04:26.256+0000] {dag.py:4180} INFO - Setting next_dagrun for avito_to_raw_midraw to 2026-07-11 21:00:00+00:00, run_after=2026-07-11 22:00:00+00:00
[2026-07-11T21:04:26.267+0000] {processor.py:208} INFO - Processing /opt/airflow/dags/avito_to_raw_midraw.py took 0.064 seconds
[2026-07-11T21:04:56.549+0000] {processor.py:186} INFO - Started process (PID=1210) to work on /opt/airflow/dags/avito_to_raw_midraw.py
[2026-07-11T21:04:56.549+0000] {processor.py:914} INFO - Processing file /opt/airflow/dags/avito_to_raw_midraw.py for tasks to queue
[2026-07-11T21:04:56.552+0000] {logging_mixin.py:190} INFO - [2026-07-11T21:04:56.552+0000] {dagbag.py:588} INFO - Filling up the DagBag from /opt/airflow/dags/avito_to_raw_midraw.py
[2026-07-11T21:04:56.570+0000] {processor.py:925} INFO - DAG(s) 'avito_to_raw_midraw' retrieved from /opt/airflow/dags/avito_to_raw_midraw.py
[2026-07-11T21:04:56.592+0000] {logging_mixin.py:190} INFO - [2026-07-11T21:04:56.592+0000] {dag.py:3239} INFO - Sync 1 DAGs
[2026-07-11T21:04:56.607+0000] {logging_mixin.py:190} INFO - [2026-07-11T21:04:56.607+0000] {dag.py:4180} INFO - Setting next_dagrun for avito_to_raw_midraw to 2026-07-11 21:00:00+00:00, run_after=2026-07-11 22:00:00+00:00
[2026-07-11T21:04:56.617+0000] {processor.py:208} INFO - Processing /opt/airflow/dags/avito_to_raw_midraw.py took 0.075 seconds
[2026-07-11T21:05:26.843+0000] {processor.py:186} INFO - Started process (PID=1212) to work on /opt/airflow/dags/avito_to_raw_midraw.py
[2026-07-11T21:05:26.844+0000] {processor.py:914} INFO - Processing file /opt/airflow/dags/avito_to_raw_midraw.py for tasks to queue
[2026-07-11T21:05:26.846+0000] {logging_mixin.py:190} INFO - [2026-07-11T21:05:26.845+0000] {dagbag.py:588} INFO - Filling up the DagBag from /opt/airflow/dags/avito_to_raw_midraw.py
[2026-07-11T21:05:26.861+0000] {processor.py:925} INFO - DAG(s) 'avito_to_raw_midraw' retrieved from /opt/airflow/dags/avito_to_raw_midraw.py
[2026-07-11T21:05:26.880+0000] {logging_mixin.py:190} INFO - [2026-07-11T21:05:26.879+0000] {dag.py:3239} INFO - Sync 1 DAGs
[2026-07-11T21:05:26.894+0000] {logging_mixin.py:190} INFO - [2026-07-11T21:05:26.894+0000] {dag.py:4180} INFO - Setting next_dagrun for avito_to_raw_midraw to 2026-07-11 21:00:00+00:00, run_after=2026-07-11 22:00:00+00:00
[2026-07-11T21:05:26.902+0000] {processor.py:208} INFO - Processing /opt/airflow/dags/avito_to_raw_midraw.py took 0.064 seconds
[2026-07-11T21:05:57.212+0000] {processor.py:186} INFO - Started process (PID=1214) to work on /opt/airflow/dags/avito_to_raw_midraw.py
[2026-07-11T21:05:57.213+0000] {processor.py:914} INFO - Processing file /opt/airflow/dags/avito_to_raw_midraw.py for tasks to queue
[2026-07-11T21:05:57.219+0000] {logging_mixin.py:190} INFO - [2026-07-11T21:05:57.217+0000] {dagbag.py:588} INFO - Filling up the DagBag from /opt/airflow/dags/avito_to_raw_midraw.py
[2026-07-11T21:05:57.235+0000] {processor.py:925} INFO - DAG(s) 'avito_to_raw_midraw' retrieved from /opt/airflow/dags/avito_to_raw_midraw.py
[2026-07-11T21:05:57.266+0000] {logging_mixin.py:190} INFO - [2026-07-11T21:05:57.265+0000] {dag.py:3239} INFO - Sync 1 DAGs
[2026-07-11T21:05:57.285+0000] {logging_mixin.py:190} INFO - [2026-07-11T21:05:57.285+0000] {dag.py:4180} INFO - Setting next_dagrun for avito_to_raw_midraw to 2026-07-11 21:00:00+00:00, run_after=2026-07-11 22:00:00+00:00
[2026-07-11T21:05:57.297+0000] {processor.py:208} INFO - Processing /opt/airflow/dags/avito_to_raw_midraw.py took 0.091 seconds
[2026-07-11T21:06:27.511+0000] {processor.py:186} INFO - Started process (PID=1216) to work on /opt/airflow/dags/avito_to_raw_midraw.py
[2026-07-11T21:06:27.511+0000] {processor.py:914} INFO - Processing file /opt/airflow/dags/avito_to_raw_midraw.py for tasks to queue
[2026-07-11T21:06:27.514+0000] {logging_mixin.py:190} INFO - [2026-07-11T21:06:27.514+0000] {dagbag.py:588} INFO - Filling up the DagBag from /opt/airflow/dags/avito_to_raw_midraw.py
[2026-07-11T21:06:27.532+0000] {processor.py:925} INFO - DAG(s) 'avito_to_raw_midraw' retrieved from /opt/airflow/dags/avito_to_raw_midraw.py
[2026-07-11T21:06:27.553+0000] {logging_mixin.py:190} INFO - [2026-07-11T21:06:27.553+0000] {dag.py:3239} INFO - Sync 1 DAGs
[2026-07-11T21:06:27.571+0000] {logging_mixin.py:190} INFO - [2026-07-11T21:06:27.571+0000] {dag.py:4180} INFO - Setting next_dagrun for avito_to_raw_midraw to 2026-07-11 21:00:00+00:00, run_after=2026-07-11 22:00:00+00:00
[2026-07-11T21:06:27.582+0000] {processor.py:208} INFO - Processing /opt/airflow/dags/avito_to_raw_midraw.py took 0.077 seconds
[2026-07-11T21:06:57.810+0000] {processor.py:186} INFO - Started process (PID=1218) to work on /opt/airflow/dags/avito_to_raw_midraw.py
[2026-07-11T21:06:57.811+0000] {processor.py:914} INFO - Processing file /opt/airflow/dags/avito_to_raw_midraw.py for tasks to queue
[2026-07-11T21:06:57.813+0000] {logging_mixin.py:190} INFO - [2026-07-11T21:06:57.813+0000] {dagbag.py:588} INFO - Filling up the DagBag from /opt/airflow/dags/avito_to_raw_midraw.py
[2026-07-11T21:06:57.827+0000] {processor.py:925} INFO - DAG(s) 'avito_to_raw_midraw' retrieved from /opt/airflow/dags/avito_to_raw_midraw.py
[2026-07-11T21:06:57.843+0000] {logging_mixin.py:190} INFO - [2026-07-11T21:06:57.843+0000] {dag.py:3239} INFO - Sync 1 DAGs
[2026-07-11T21:06:57.857+0000] {logging_mixin.py:190} INFO - [2026-07-11T21:06:57.857+0000] {dag.py:4180} INFO - Setting next_dagrun for avito_to_raw_midraw to 2026-07-11 21:00:00+00:00, run_after=2026-07-11 22:00:00+00:00
[2026-07-11T21:06:57.872+0000] {processor.py:208} INFO - Processing /opt/airflow/dags/avito_to_raw_midraw.py took 0.066 seconds
[2026-07-11T21:07:28.140+0000] {processor.py:186} INFO - Started process (PID=1220) to work on /opt/airflow/dags/avito_to_raw_midraw.py
[2026-07-11T21:07:28.141+0000] {processor.py:914} INFO - Processing file /opt/airflow/dags/avito_to_raw_midraw.py for tasks to queue
[2026-07-11T21:07:28.145+0000] {logging_mixin.py:190} INFO - [2026-07-11T21:07:28.144+0000] {dagbag.py:588} INFO - Filling up the DagBag from /opt/airflow/dags/avito_to_raw_midraw.py
[2026-07-11T21:07:28.164+0000] {processor.py:925} INFO - DAG(s) 'avito_to_raw_midraw' retrieved from /opt/airflow/dags/avito_to_raw_midraw.py
[2026-07-11T21:07:28.187+0000] {logging_mixin.py:190} INFO - [2026-07-11T21:07:28.187+0000] {dag.py:3239} INFO - Sync 1 DAGs
[2026-07-11T21:07:28.202+0000] {logging_mixin.py:190} INFO - [2026-07-11T21:07:28.202+0000] {dag.py:4180} INFO - Setting next_dagrun for avito_to_raw_midraw to 2026-07-11 21:00:00+00:00, run_after=2026-07-11 22:00:00+00:00
[2026-07-11T21:07:28.215+0000] {processor.py:208} INFO - Processing /opt/airflow/dags/avito_to_raw_midraw.py took 0.081 seconds
[2026-07-11T21:07:58.494+0000] {processor.py:186} INFO - Started process (PID=1222) to work on /opt/airflow/dags/avito_to_raw_midraw.py
[2026-07-11T21:07:58.495+0000] {processor.py:914} INFO - Processing file /opt/airflow/dags/avito_to_raw_midraw.py for tasks to queue
[2026-07-11T21:07:58.499+0000] {logging_mixin.py:190} INFO - [2026-07-11T21:07:58.499+0000] {dagbag.py:588} INFO - Filling up the DagBag from /opt/airflow/dags/avito_to_raw_midraw.py
[2026-07-11T21:07:58.512+0000] {processor.py:925} INFO - DAG(s) 'avito_to_raw_midraw' retrieved from /opt/airflow/dags/avito_to_raw_midraw.py
[2026-07-11T21:07:58.530+0000] {logging_mixin.py:190} INFO - [2026-07-11T21:07:58.530+0000] {dag.py:3239} INFO - Sync 1 DAGs
[2026-07-11T21:07:58.545+0000] {logging_mixin.py:190} INFO - [2026-07-11T21:07:58.545+0000] {dag.py:4180} INFO - Setting next_dagrun for avito_to_raw_midraw to 2026-07-11 21:00:00+00:00, run_after=2026-07-11 22:00:00+00:00
[2026-07-11T21:07:58.557+0000] {processor.py:208} INFO - Processing /opt/airflow/dags/avito_to_raw_midraw.py took 0.069 seconds
[2026-07-11T21:08:28.770+0000] {processor.py:186} INFO - Started process (PID=1224) to work on /opt/airflow/dags/avito_to_raw_midraw.py
[2026-07-11T21:08:28.771+0000] {processor.py:914} INFO - Processing file /opt/airflow/dags/avito_to_raw_midraw.py for tasks to queue
[2026-07-11T21:08:28.773+0000] {logging_mixin.py:190} INFO - [2026-07-11T21:08:28.773+0000] {dagbag.py:588} INFO - Filling up the DagBag from /opt/airflow/dags/avito_to_raw_midraw.py
[2026-07-11T21:08:28.792+0000] {processor.py:925} INFO - DAG(s) 'avito_to_raw_midraw' retrieved from /opt/airflow/dags/avito_to_raw_midraw.py
[2026-07-11T21:08:28.812+0000] {logging_mixin.py:190} INFO - [2026-07-11T21:08:28.812+0000] {dag.py:3239} INFO - Sync 1 DAGs
[2026-07-11T21:08:28.825+0000] {logging_mixin.py:190} INFO - [2026-07-11T21:08:28.825+0000] {dag.py:4180} INFO - Setting next_dagrun for avito_to_raw_midraw to 2026-07-11 21:00:00+00:00, run_after=2026-07-11 22:00:00+00:00
[2026-07-11T21:08:28.835+0000] {processor.py:208} INFO - Processing /opt/airflow/dags/avito_to_raw_midraw.py took 0.070 seconds
[2026-07-11T21:08:59.102+0000] {processor.py:186} INFO - Started process (PID=1226) to work on /opt/airflow/dags/avito_to_raw_midraw.py
[2026-07-11T21:08:59.104+0000] {processor.py:914} INFO - Processing file /opt/airflow/dags/avito_to_raw_midraw.py for tasks to queue
[2026-07-11T21:08:59.109+0000] {logging_mixin.py:190} INFO - [2026-07-11T21:08:59.109+0000] {dagbag.py:588} INFO - Filling up the DagBag from /opt/airflow/dags/avito_to_raw_midraw.py
[2026-07-11T21:08:59.133+0000] {processor.py:925} INFO - DAG(s) 'avito_to_raw_midraw' retrieved from /opt/airflow/dags/avito_to_raw_midraw.py
[2026-07-11T21:08:59.161+0000] {logging_mixin.py:190} INFO - [2026-07-11T21:08:59.161+0000] {dag.py:3239} INFO - Sync 1 DAGs
[2026-07-11T21:08:59.180+0000] {logging_mixin.py:190} INFO - [2026-07-11T21:08:59.180+0000] {dag.py:4180} INFO - Setting next_dagrun for avito_to_raw_midraw to 2026-07-11 21:00:00+00:00, run_after=2026-07-11 22:00:00+00:00
[2026-07-11T21:08:59.197+0000] {processor.py:208} INFO - Processing /opt/airflow/dags/avito_to_raw_midraw.py took 0.102 seconds
[2026-07-11T21:09:29.399+0000] {processor.py:186} INFO - Started process (PID=1228) to work on /opt/airflow/dags/avito_to_raw_midraw.py
[2026-07-11T21:09:29.399+0000] {processor.py:914} INFO - Processing file /opt/airflow/dags/avito_to_raw_midraw.py for tasks to queue
[2026-07-11T21:09:29.400+0000] {logging_mixin.py:190} INFO - [2026-07-11T21:09:29.400+0000] {dagbag.py:588} INFO - Filling up the DagBag from /opt/airflow/dags/avito_to_raw_midraw.py
[2026-07-11T21:09:29.412+0000] {processor.py:925} INFO - DAG(s) 'avito_to_raw_midraw' retrieved from /opt/airflow/dags/avito_to_raw_midraw.py
[2026-07-11T21:09:29.431+0000] {logging_mixin.py:190} INFO - [2026-07-11T21:09:29.431+0000] {dag.py:3239} INFO - Sync 1 DAGs
[2026-07-11T21:09:29.444+0000] {logging_mixin.py:190} INFO - [2026-07-11T21:09:29.444+0000] {dag.py:4180} INFO - Setting next_dagrun for avito_to_raw_midraw to 2026-07-11 21:00:00+00:00, run_after=2026-07-11 22:00:00+00:00
[2026-07-11T21:09:29.454+0000] {processor.py:208} INFO - Processing /opt/airflow/dags/avito_to_raw_midraw.py took 0.059 seconds
[2026-07-11T21:09:59.741+0000] {processor.py:186} INFO - Started process (PID=1230) to work on /opt/airflow/dags/avito_to_raw_midraw.py
[2026-07-11T21:09:59.742+0000] {processor.py:914} INFO - Processing file /opt/airflow/dags/avito_to_raw_midraw.py for tasks to queue
[2026-07-11T21:09:59.744+0000] {logging_mixin.py:190} INFO - [2026-07-11T21:09:59.743+0000] {dagbag.py:588} INFO - Filling up the DagBag from /opt/airflow/dags/avito_to_raw_midraw.py
[2026-07-11T21:09:59.756+0000] {processor.py:925} INFO - DAG(s) 'avito_to_raw_midraw' retrieved from /opt/airflow/dags/avito_to_raw_midraw.py
[2026-07-11T21:09:59.772+0000] {logging_mixin.py:190} INFO - [2026-07-11T21:09:59.772+0000] {dag.py:3239} INFO - Sync 1 DAGs
[2026-07-11T21:09:59.782+0000] {logging_mixin.py:190} INFO - [2026-07-11T21:09:59.782+0000] {dag.py:4180} INFO - Setting next_dagrun for avito_to_raw_midraw to 2026-07-11 21:00:00+00:00, run_after=2026-07-11 22:00:00+00:00
[2026-07-11T21:09:59.794+0000] {processor.py:208} INFO - Processing /opt/airflow/dags/avito_to_raw_midraw.py took 0.056 seconds
[2026-07-11T21:10:30.042+0000] {processor.py:186} INFO - Started process (PID=1232) to work on /opt/airflow/dags/avito_to_raw_midraw.py
[2026-07-11T21:10:30.043+0000] {processor.py:914} INFO - Processing file /opt/airflow/dags/avito_to_raw_midraw.py for tasks to queue
[2026-07-11T21:10:30.046+0000] {logging_mixin.py:190} INFO - [2026-07-11T21:10:30.046+0000] {dagbag.py:588} INFO - Filling up the DagBag from /opt/airflow/dags/avito_to_raw_midraw.py
[2026-07-11T21:10:30.071+0000] {processor.py:925} INFO - DAG(s) 'avito_to_raw_midraw' retrieved from /opt/airflow/dags/avito_to_raw_midraw.py
[2026-07-11T21:10:30.096+0000] {logging_mixin.py:190} INFO - [2026-07-11T21:10:30.095+0000] {dag.py:3239} INFO - Sync 1 DAGs
[2026-07-11T21:10:30.112+0000] {logging_mixin.py:190} INFO - [2026-07-11T21:10:30.112+0000] {dag.py:4180} INFO - Setting next_dagrun for avito_to_raw_midraw to 2026-07-11 21:00:00+00:00, run_after=2026-07-11 22:00:00+00:00
[2026-07-11T21:10:30.127+0000] {processor.py:208} INFO - Processing /opt/airflow/dags/avito_to_raw_midraw.py took 0.093 seconds
[2026-07-11T21:11:00.359+0000] {processor.py:186} INFO - Started process (PID=1234) to work on /opt/airflow/dags/avito_to_raw_midraw.py
[2026-07-11T21:11:00.359+0000] {processor.py:914} INFO - Processing file /opt/airflow/dags/avito_to_raw_midraw.py for tasks to queue
[2026-07-11T21:11:00.361+0000] {logging_mixin.py:190} INFO - [2026-07-11T21:11:00.360+0000] {dagbag.py:588} INFO - Filling up the DagBag from /opt/airflow/dags/avito_to_raw_midraw.py
[2026-07-11T21:11:00.375+0000] {processor.py:925} INFO - DAG(s) 'avito_to_raw_midraw' retrieved from /opt/airflow/dags/avito_to_raw_midraw.py
[2026-07-11T21:11:00.394+0000] {logging_mixin.py:190} INFO - [2026-07-11T21:11:00.394+0000] {dag.py:3239} INFO - Sync 1 DAGs
[2026-07-11T21:11:00.410+0000] {logging_mixin.py:190} INFO - [2026-07-11T21:11:00.410+0000] {dag.py:4180} INFO - Setting next_dagrun for avito_to_raw_midraw to 2026-07-11 21:00:00+00:00, run_after=2026-07-11 22:00:00+00:00
[2026-07-11T21:11:00.423+0000] {processor.py:208} INFO - Processing /opt/airflow/dags/avito_to_raw_midraw.py took 0.068 seconds
[2026-07-11T21:11:30.701+0000] {processor.py:186} INFO - Started process (PID=1236) to work on /opt/airflow/dags/avito_to_raw_midraw.py
[2026-07-11T21:11:30.702+0000] {processor.py:914} INFO - Processing file /opt/airflow/dags/avito_to_raw_midraw.py for tasks to queue
[2026-07-11T21:11:30.704+0000] {logging_mixin.py:190} INFO - [2026-07-11T21:11:30.704+0000] {dagbag.py:588} INFO - Filling up the DagBag from /opt/airflow/dags/avito_to_raw_midraw.py
[2026-07-11T21:11:30.717+0000] {processor.py:925} INFO - DAG(s) 'avito_to_raw_midraw' retrieved from /opt/airflow/dags/avito_to_raw_midraw.py
[2026-07-11T21:11:30.735+0000] {logging_mixin.py:190} INFO - [2026-07-11T21:11:30.735+0000] {dag.py:3239} INFO - Sync 1 DAGs
[2026-07-11T21:11:30.748+0000] {logging_mixin.py:190} INFO - [2026-07-11T21:11:30.748+0000] {dag.py:4180} INFO - Setting next_dagrun for avito_to_raw_midraw to 2026-07-11 21:00:00+00:00, run_after=2026-07-11 22:00:00+00:00
[2026-07-11T21:11:30.757+0000] {processor.py:208} INFO - Processing /opt/airflow/dags/avito_to_raw_midraw.py took 0.061 seconds
[2026-07-11T21:12:00.975+0000] {processor.py:186} INFO - Started process (PID=1238) to work on /opt/airflow/dags/avito_to_raw_midraw.py
[2026-07-11T21:12:00.975+0000] {processor.py:914} INFO - Processing file /opt/airflow/dags/avito_to_raw_midraw.py for tasks to queue
[2026-07-11T21:12:00.978+0000] {logging_mixin.py:190} INFO - [2026-07-11T21:12:00.977+0000] {dagbag.py:588} INFO - Filling up the DagBag from /opt/airflow/dags/avito_to_raw_midraw.py
[2026-07-11T21:12:00.997+0000] {processor.py:925} INFO - DAG(s) 'avito_to_raw_midraw' retrieved from /opt/airflow/dags/avito_to_raw_midraw.py
[2026-07-11T21:12:01.016+0000] {logging_mixin.py:190} INFO - [2026-07-11T21:12:01.015+0000] {dag.py:3239} INFO - Sync 1 DAGs
[2026-07-11T21:12:01.032+0000] {logging_mixin.py:190} INFO - [2026-07-11T21:12:01.032+0000] {dag.py:4180} INFO - Setting next_dagrun for avito_to_raw_midraw to 2026-07-11 21:00:00+00:00, run_after=2026-07-11 22:00:00+00:00
[2026-07-11T21:12:01.044+0000] {processor.py:208} INFO - Processing /opt/airflow/dags/avito_to_raw_midraw.py took 0.074 seconds
[2026-07-11T21:12:31.335+0000] {processor.py:186} INFO - Started process (PID=1240) to work on /opt/airflow/dags/avito_to_raw_midraw.py
[2026-07-11T21:12:31.336+0000] {processor.py:914} INFO - Processing file /opt/airflow/dags/avito_to_raw_midraw.py for tasks to queue
[2026-07-11T21:12:31.339+0000] {logging_mixin.py:190} INFO - [2026-07-11T21:12:31.339+0000] {dagbag.py:588} INFO - Filling up the DagBag from /opt/airflow/dags/avito_to_raw_midraw.py
[2026-07-11T21:12:31.358+0000] {processor.py:925} INFO - DAG(s) 'avito_to_raw_midraw' retrieved from /opt/airflow/dags/avito_to_raw_midraw.py
[2026-07-11T21:12:31.380+0000] {logging_mixin.py:190} INFO - [2026-07-11T21:12:31.380+0000] {dag.py:3239} INFO - Sync 1 DAGs
[2026-07-11T21:12:31.398+0000] {logging_mixin.py:190} INFO - [2026-07-11T21:12:31.398+0000] {dag.py:4180} INFO - Setting next_dagrun for avito_to_raw_midraw to 2026-07-11 21:00:00+00:00, run_after=2026-07-11 22:00:00+00:00
[2026-07-11T21:12:31.412+0000] {processor.py:208} INFO - Processing /opt/airflow/dags/avito_to_raw_midraw.py took 0.084 seconds
[2026-07-11T21:13:01.616+0000] {processor.py:186} INFO - Started process (PID=1242) to work on /opt/airflow/dags/avito_to_raw_midraw.py
[2026-07-11T21:13:01.616+0000] {processor.py:914} INFO - Processing file /opt/airflow/dags/avito_to_raw_midraw.py for tasks to queue
[2026-07-11T21:13:01.618+0000] {logging_mixin.py:190} INFO - [2026-07-11T21:13:01.618+0000] {dagbag.py:588} INFO - Filling up the DagBag from /opt/airflow/dags/avito_to_raw_midraw.py
[2026-07-11T21:13:01.629+0000] {processor.py:925} INFO - DAG(s) 'avito_to_raw_midraw' retrieved from /opt/airflow/dags/avito_to_raw_midraw.py
[2026-07-11T21:13:01.650+0000] {logging_mixin.py:190} INFO - [2026-07-11T21:13:01.650+0000] {dag.py:3239} INFO - Sync 1 DAGs
[2026-07-11T21:13:01.662+0000] {logging_mixin.py:190} INFO - [2026-07-11T21:13:01.662+0000] {dag.py:4180} INFO - Setting next_dagrun for avito_to_raw_midraw to 2026-07-11 21:00:00+00:00, run_after=2026-07-11 22:00:00+00:00
[2026-07-11T21:13:01.673+0000] {processor.py:208} INFO - Processing /opt/airflow/dags/avito_to_raw_midraw.py took 0.061 seconds
[2026-07-11T21:13:31.962+0000] {processor.py:186} INFO - Started process (PID=1244) to work on /opt/airflow/dags/avito_to_raw_midraw.py
[2026-07-11T21:13:31.963+0000] {processor.py:914} INFO - Processing file /opt/airflow/dags/avito_to_raw_midraw.py for tasks to queue
[2026-07-11T21:13:31.964+0000] {logging_mixin.py:190} INFO - [2026-07-11T21:13:31.964+0000] {dagbag.py:588} INFO - Filling up the DagBag from /opt/airflow/dags/avito_to_raw_midraw.py
[2026-07-11T21:13:31.978+0000] {processor.py:925} INFO - DAG(s) 'avito_to_raw_midraw' retrieved from /opt/airflow/dags/avito_to_raw_midraw.py
[2026-07-11T21:13:31.995+0000] {logging_mixin.py:190} INFO - [2026-07-11T21:13:31.995+0000] {dag.py:3239} INFO - Sync 1 DAGs
[2026-07-11T21:13:32.008+0000] {logging_mixin.py:190} INFO - [2026-07-11T21:13:32.008+0000] {dag.py:4180} INFO - Setting next_dagrun for avito_to_raw_midraw to 2026-07-11 21:00:00+00:00, run_after=2026-07-11 22:00:00+00:00
[2026-07-11T21:13:32.021+0000] {processor.py:208} INFO - Processing /opt/airflow/dags/avito_to_raw_midraw.py took 0.063 seconds
[2026-07-11T21:14:02.295+0000] {processor.py:186} INFO - Started process (PID=1246) to work on /opt/airflow/dags/avito_to_raw_midraw.py
[2026-07-11T21:14:02.296+0000] {processor.py:914} INFO - Processing file /opt/airflow/dags/avito_to_raw_midraw.py for tasks to queue
[2026-07-11T21:14:02.298+0000] {logging_mixin.py:190} INFO - [2026-07-11T21:14:02.298+0000] {dagbag.py:588} INFO - Filling up the DagBag from /opt/airflow/dags/avito_to_raw_midraw.py
[2026-07-11T21:14:02.310+0000] {processor.py:925} INFO - DAG(s) 'avito_to_raw_midraw' retrieved from /opt/airflow/dags/avito_to_raw_midraw.py
[2026-07-11T21:14:02.326+0000] {logging_mixin.py:190} INFO - [2026-07-11T21:14:02.325+0000] {dag.py:3239} INFO - Sync 1 DAGs
[2026-07-11T21:14:02.338+0000] {logging_mixin.py:190} INFO - [2026-07-11T21:14:02.338+0000] {dag.py:4180} INFO - Setting next_dagrun for avito_to_raw_midraw to 2026-07-11 21:00:00+00:00, run_after=2026-07-11 22:00:00+00:00
[2026-07-11T21:14:02.351+0000] {processor.py:208} INFO - Processing /opt/airflow/dags/avito_to_raw_midraw.py took 0.059 seconds
[2026-07-11T21:14:32.612+0000] {processor.py:186} INFO - Started process (PID=1248) to work on /opt/airflow/dags/avito_to_raw_midraw.py
[2026-07-11T21:14:32.613+0000] {processor.py:914} INFO - Processing file /opt/airflow/dags/avito_to_raw_midraw.py for tasks to queue
[2026-07-11T21:14:32.615+0000] {logging_mixin.py:190} INFO - [2026-07-11T21:14:32.615+0000] {dagbag.py:588} INFO - Filling up the DagBag from /opt/airflow/dags/avito_to_raw_midraw.py
[2026-07-11T21:14:32.625+0000] {processor.py:925} INFO - DAG(s) 'avito_to_raw_midraw' retrieved from /opt/airflow/dags/avito_to_raw_midraw.py
[2026-07-11T21:14:32.642+0000] {logging_mixin.py:190} INFO - [2026-07-11T21:14:32.642+0000] {dag.py:3239} INFO - Sync 1 DAGs
[2026-07-11T21:14:32.656+0000] {logging_mixin.py:190} INFO - [2026-07-11T21:14:32.656+0000] {dag.py:4180} INFO - Setting next_dagrun for avito_to_raw_midraw to 2026-07-11 21:00:00+00:00, run_after=2026-07-11 22:00:00+00:00
[2026-07-11T21:14:32.664+0000] {processor.py:208} INFO - Processing /opt/airflow/dags/avito_to_raw_midraw.py took 0.056 seconds
[2026-07-11T21:15:02.972+0000] {processor.py:186} INFO - Started process (PID=1250) to work on /opt/airflow/dags/avito_to_raw_midraw.py
[2026-07-11T21:15:02.973+0000] {processor.py:914} INFO - Processing file /opt/airflow/dags/avito_to_raw_midraw.py for tasks to queue
[2026-07-11T21:15:02.975+0000] {logging_mixin.py:190} INFO - [2026-07-11T21:15:02.974+0000] {dagbag.py:588} INFO - Filling up the DagBag from /opt/airflow/dags/avito_to_raw_midraw.py
[2026-07-11T21:15:02.990+0000] {processor.py:925} INFO - DAG(s) 'avito_to_raw_midraw' retrieved from /opt/airflow/dags/avito_to_raw_midraw.py
[2026-07-11T21:15:03.009+0000] {logging_mixin.py:190} INFO - [2026-07-11T21:15:03.009+0000] {dag.py:3239} INFO - Sync 1 DAGs
[2026-07-11T21:15:03.022+0000] {logging_mixin.py:190} INFO - [2026-07-11T21:15:03.022+0000] {dag.py:4180} INFO - Setting next_dagrun for avito_to_raw_midraw to 2026-07-11 21:00:00+00:00, run_after=2026-07-11 22:00:00+00:00
[2026-07-11T21:15:03.031+0000] {processor.py:208} INFO - Processing /opt/airflow/dags/avito_to_raw_midraw.py took 0.065 seconds
[2026-07-11T21:15:33.287+0000] {processor.py:186} INFO - Started process (PID=1252) to work on /opt/airflow/dags/avito_to_raw_midraw.py
[2026-07-11T21:15:33.289+0000] {processor.py:914} INFO - Processing file /opt/airflow/dags/avito_to_raw_midraw.py for tasks to queue
[2026-07-11T21:15:33.290+0000] {logging_mixin.py:190} INFO - [2026-07-11T21:15:33.290+0000] {dagbag.py:588} INFO - Filling up the DagBag from /opt/airflow/dags/avito_to_raw_midraw.py
[2026-07-11T21:15:33.309+0000] {processor.py:925} INFO - DAG(s) 'avito_to_raw_midraw' retrieved from /opt/airflow/dags/avito_to_raw_midraw.py
[2026-07-11T21:15:33.326+0000] {logging_mixin.py:190} INFO - [2026-07-11T21:15:33.326+0000] {dag.py:3239} INFO - Sync 1 DAGs
[2026-07-11T21:15:33.343+0000] {logging_mixin.py:190} INFO - [2026-07-11T21:15:33.343+0000] {dag.py:4180} INFO - Setting next_dagrun for avito_to_raw_midraw to 2026-07-11 21:00:00+00:00, run_after=2026-07-11 22:00:00+00:00
[2026-07-11T21:15:33.354+0000] {processor.py:208} INFO - Processing /opt/airflow/dags/avito_to_raw_midraw.py took 0.070 seconds
[2026-07-11T21:16:03.551+0000] {processor.py:186} INFO - Started process (PID=1254) to work on /opt/airflow/dags/avito_to_raw_midraw.py
[2026-07-11T21:16:03.551+0000] {processor.py:914} INFO - Processing file /opt/airflow/dags/avito_to_raw_midraw.py for tasks to queue
[2026-07-11T21:16:03.553+0000] {logging_mixin.py:190} INFO - [2026-07-11T21:16:03.553+0000] {dagbag.py:588} INFO - Filling up the DagBag from /opt/airflow/dags/avito_to_raw_midraw.py
[2026-07-11T21:16:03.565+0000] {processor.py:925} INFO - DAG(s) 'avito_to_raw_midraw' retrieved from /opt/airflow/dags/avito_to_raw_midraw.py
[2026-07-11T21:16:03.583+0000] {logging_mixin.py:190} INFO - [2026-07-11T21:16:03.583+0000] {dag.py:3239} INFO - Sync 1 DAGs
[2026-07-11T21:16:03.596+0000] {logging_mixin.py:190} INFO - [2026-07-11T21:16:03.596+0000] {dag.py:4180} INFO - Setting next_dagrun for avito_to_raw_midraw to 2026-07-11 21:00:00+00:00, run_after=2026-07-11 22:00:00+00:00
[2026-07-11T21:16:03.607+0000] {processor.py:208} INFO - Processing /opt/airflow/dags/avito_to_raw_midraw.py took 0.060 seconds
[2026-07-11T21:16:33.884+0000] {processor.py:186} INFO - Started process (PID=1256) to work on /opt/airflow/dags/avito_to_raw_midraw.py
[2026-07-11T21:16:33.885+0000] {processor.py:914} INFO - Processing file /opt/airflow/dags/avito_to_raw_midraw.py for tasks to queue
[2026-07-11T21:16:33.887+0000] {logging_mixin.py:190} INFO - [2026-07-11T21:16:33.887+0000] {dagbag.py:588} INFO - Filling up the DagBag from /opt/airflow/dags/avito_to_raw_midraw.py
[2026-07-11T21:16:33.903+0000] {processor.py:925} INFO - DAG(s) 'avito_to_raw_midraw' retrieved from /opt/airflow/dags/avito_to_raw_midraw.py
[2026-07-11T21:16:33.923+0000] {logging_mixin.py:190} INFO - [2026-07-11T21:16:33.923+0000] {dag.py:3239} INFO - Sync 1 DAGs
[2026-07-11T21:16:33.934+0000] {logging_mixin.py:190} INFO - [2026-07-11T21:16:33.934+0000] {dag.py:4180} INFO - Setting next_dagrun for avito_to_raw_midraw to 2026-07-11 21:00:00+00:00, run_after=2026-07-11 22:00:00+00:00
[2026-07-11T21:16:33.947+0000] {processor.py:208} INFO - Processing /opt/airflow/dags/avito_to_raw_midraw.py took 0.067 seconds
[2026-07-11T21:17:04.164+0000] {processor.py:186} INFO - Started process (PID=1258) to work on /opt/airflow/dags/avito_to_raw_midraw.py
[2026-07-11T21:17:04.165+0000] {processor.py:914} INFO - Processing file /opt/airflow/dags/avito_to_raw_midraw.py for tasks to queue
[2026-07-11T21:17:04.168+0000] {logging_mixin.py:190} INFO - [2026-07-11T21:17:04.167+0000] {dagbag.py:588} INFO - Filling up the DagBag from /opt/airflow/dags/avito_to_raw_midraw.py
[2026-07-11T21:17:04.189+0000] {processor.py:925} INFO - DAG(s) 'avito_to_raw_midraw' retrieved from /opt/airflow/dags/avito_to_raw_midraw.py
[2026-07-11T21:17:04.212+0000] {logging_mixin.py:190} INFO - [2026-07-11T21:17:04.211+0000] {dag.py:3239} INFO - Sync 1 DAGs
[2026-07-11T21:17:04.228+0000] {logging_mixin.py:190} INFO - [2026-07-11T21:17:04.228+0000] {dag.py:4180} INFO - Setting next_dagrun for avito_to_raw_midraw to 2026-07-11 21:00:00+00:00, run_after=2026-07-11 22:00:00+00:00
[2026-07-11T21:17:04.239+0000] {processor.py:208} INFO - Processing /opt/airflow/dags/avito_to_raw_midraw.py took 0.081 seconds
[2026-07-11T21:17:34.485+0000] {processor.py:186} INFO - Started process (PID=1260) to work on /opt/airflow/dags/avito_to_raw_midraw.py
[2026-07-11T21:17:34.486+0000] {processor.py:914} INFO - Processing file /opt/airflow/dags/avito_to_raw_midraw.py for tasks to queue
[2026-07-11T21:17:34.488+0000] {logging_mixin.py:190} INFO - [2026-07-11T21:17:34.488+0000] {dagbag.py:588} INFO - Filling up the DagBag from /opt/airflow/dags/avito_to_raw_midraw.py
[2026-07-11T21:17:34.508+0000] {processor.py:925} INFO - DAG(s) 'avito_to_raw_midraw' retrieved from /opt/airflow/dags/avito_to_raw_midraw.py
[2026-07-11T21:17:34.527+0000] {logging_mixin.py:190} INFO - [2026-07-11T21:17:34.527+0000] {dag.py:3239} INFO - Sync 1 DAGs
[2026-07-11T21:17:34.541+0000] {logging_mixin.py:190} INFO - [2026-07-11T21:17:34.541+0000] {dag.py:4180} INFO - Setting next_dagrun for avito_to_raw_midraw to 2026-07-11 21:00:00+00:00, run_after=2026-07-11 22:00:00+00:00
[2026-07-11T21:17:34.552+0000] {processor.py:208} INFO - Processing /opt/airflow/dags/avito_to_raw_midraw.py took 0.071 seconds
[2026-07-11T21:18:04.760+0000] {processor.py:186} INFO - Started process (PID=1262) to work on /opt/airflow/dags/avito_to_raw_midraw.py
[2026-07-11T21:18:04.761+0000] {processor.py:914} INFO - Processing file /opt/airflow/dags/avito_to_raw_midraw.py for tasks to queue
[2026-07-11T21:18:04.762+0000] {logging_mixin.py:190} INFO - [2026-07-11T21:18:04.762+0000] {dagbag.py:588} INFO - Filling up the DagBag from /opt/airflow/dags/avito_to_raw_midraw.py
[2026-07-11T21:18:04.775+0000] {processor.py:925} INFO - DAG(s) 'avito_to_raw_midraw' retrieved from /opt/airflow/dags/avito_to_raw_midraw.py
[2026-07-11T21:18:04.793+0000] {logging_mixin.py:190} INFO - [2026-07-11T21:18:04.793+0000] {dag.py:3239} INFO - Sync 1 DAGs
[2026-07-11T21:18:04.808+0000] {logging_mixin.py:190} INFO - [2026-07-11T21:18:04.808+0000] {dag.py:4180} INFO - Setting next_dagrun for avito_to_raw_midraw to 2026-07-11 21:00:00+00:00, run_after=2026-07-11 22:00:00+00:00
[2026-07-11T21:18:04.818+0000] {processor.py:208} INFO - Processing /opt/airflow/dags/avito_to_raw_midraw.py took 0.063 seconds
[2026-07-11T21:18:35.124+0000] {processor.py:186} INFO - Started process (PID=1264) to work on /opt/airflow/dags/avito_to_raw_midraw.py
[2026-07-11T21:18:35.125+0000] {processor.py:914} INFO - Processing file /opt/airflow/dags/avito_to_raw_midraw.py for tasks to queue
[2026-07-11T21:18:35.127+0000] {logging_mixin.py:190} INFO - [2026-07-11T21:18:35.127+0000] {dagbag.py:588} INFO - Filling up the DagBag from /opt/airflow/dags/avito_to_raw_midraw.py
[2026-07-11T21:18:35.139+0000] {processor.py:925} INFO - DAG(s) 'avito_to_raw_midraw' retrieved from /opt/airflow/dags/avito_to_raw_midraw.py
[2026-07-11T21:18:35.154+0000] {logging_mixin.py:190} INFO - [2026-07-11T21:18:35.154+0000] {dag.py:3239} INFO - Sync 1 DAGs
[2026-07-11T21:18:35.165+0000] {logging_mixin.py:190} INFO - [2026-07-11T21:18:35.165+0000] {dag.py:4180} INFO - Setting next_dagrun for avito_to_raw_midraw to 2026-07-11 21:00:00+00:00, run_after=2026-07-11 22:00:00+00:00
[2026-07-11T21:18:35.173+0000] {processor.py:208} INFO - Processing /opt/airflow/dags/avito_to_raw_midraw.py took 0.053 seconds
[2026-07-11T21:19:05.480+0000] {processor.py:186} INFO - Started process (PID=1266) to work on /opt/airflow/dags/avito_to_raw_midraw.py
[2026-07-11T21:19:05.481+0000] {processor.py:914} INFO - Processing file /opt/airflow/dags/avito_to_raw_midraw.py for tasks to queue
[2026-07-11T21:19:05.483+0000] {logging_mixin.py:190} INFO - [2026-07-11T21:19:05.482+0000] {dagbag.py:588} INFO - Filling up the DagBag from /opt/airflow/dags/avito_to_raw_midraw.py
[2026-07-11T21:19:05.495+0000] {processor.py:925} INFO - DAG(s) 'avito_to_raw_midraw' retrieved from /opt/airflow/dags/avito_to_raw_midraw.py
[2026-07-11T21:19:05.517+0000] {logging_mixin.py:190} INFO - [2026-07-11T21:19:05.517+0000] {dag.py:3239} INFO - Sync 1 DAGs
[2026-07-11T21:19:05.531+0000] {logging_mixin.py:190} INFO - [2026-07-11T21:19:05.531+0000] {dag.py:4180} INFO - Setting next_dagrun for avito_to_raw_midraw to 2026-07-11 21:00:00+00:00, run_after=2026-07-11 22:00:00+00:00
[2026-07-11T21:19:05.543+0000] {processor.py:208} INFO - Processing /opt/airflow/dags/avito_to_raw_midraw.py took 0.068 seconds
[2026-07-11T21:19:35.862+0000] {processor.py:186} INFO - Started process (PID=1268) to work on /opt/airflow/dags/avito_to_raw_midraw.py
[2026-07-11T21:19:35.863+0000] {processor.py:914} INFO - Processing file /opt/airflow/dags/avito_to_raw_midraw.py for tasks to queue
[2026-07-11T21:19:35.866+0000] {logging_mixin.py:190} INFO - [2026-07-11T21:19:35.865+0000] {dagbag.py:588} INFO - Filling up the DagBag from /opt/airflow/dags/avito_to_raw_midraw.py
[2026-07-11T21:19:35.880+0000] {processor.py:925} INFO - DAG(s) 'avito_to_raw_midraw' retrieved from /opt/airflow/dags/avito_to_raw_midraw.py
[2026-07-11T21:19:35.896+0000] {logging_mixin.py:190} INFO - [2026-07-11T21:19:35.895+0000] {dag.py:3239} INFO - Sync 1 DAGs
[2026-07-11T21:19:35.909+0000] {logging_mixin.py:190} INFO - [2026-07-11T21:19:35.909+0000] {dag.py:4180} INFO - Setting next_dagrun for avito_to_raw_midraw to 2026-07-11 21:00:00+00:00, run_after=2026-07-11 22:00:00+00:00
[2026-07-11T21:19:35.928+0000] {processor.py:208} INFO - Processing /opt/airflow/dags/avito_to_raw_midraw.py took 0.070 seconds
[2026-07-11T21:20:06.215+0000] {processor.py:186} INFO - Started process (PID=1270) to work on /opt/airflow/dags/avito_to_raw_midraw.py
[2026-07-11T21:20:06.216+0000] {processor.py:914} INFO - Processing file /opt/airflow/dags/avito_to_raw_midraw.py for tasks to queue
[2026-07-11T21:20:06.219+0000] {logging_mixin.py:190} INFO - [2026-07-11T21:20:06.219+0000] {dagbag.py:588} INFO - Filling up the DagBag from /opt/airflow/dags/avito_to_raw_midraw.py
[2026-07-11T21:20:06.237+0000] {processor.py:925} INFO - DAG(s) 'avito_to_raw_midraw' retrieved from /opt/airflow/dags/avito_to_raw_midraw.py
[2026-07-11T21:20:06.262+0000] {logging_mixin.py:190} INFO - [2026-07-11T21:20:06.262+0000] {dag.py:3239} INFO - Sync 1 DAGs
[2026-07-11T21:20:06.279+0000] {logging_mixin.py:190} INFO - [2026-07-11T21:20:06.279+0000] {dag.py:4180} INFO - Setting next_dagrun for avito_to_raw_midraw to 2026-07-11 21:00:00+00:00, run_after=2026-07-11 22:00:00+00:00
[2026-07-11T21:20:06.293+0000] {processor.py:208} INFO - Processing /opt/airflow/dags/avito_to_raw_midraw.py took 0.084 seconds
[2026-07-11T21:20:36.458+0000] {processor.py:186} INFO - Started process (PID=1272) to work on /opt/airflow/dags/avito_to_raw_midraw.py
[2026-07-11T21:20:36.459+0000] {processor.py:914} INFO - Processing file /opt/airflow/dags/avito_to_raw_midraw.py for tasks to queue
[2026-07-11T21:20:36.463+0000] {logging_mixin.py:190} INFO - [2026-07-11T21:20:36.463+0000] {dagbag.py:588} INFO - Filling up the DagBag from /opt/airflow/dags/avito_to_raw_midraw.py
[2026-07-11T21:20:36.487+0000] {processor.py:925} INFO - DAG(s) 'avito_to_raw_midraw' retrieved from /opt/airflow/dags/avito_to_raw_midraw.py
[2026-07-11T21:20:36.511+0000] {logging_mixin.py:190} INFO - [2026-07-11T21:20:36.511+0000] {dag.py:3239} INFO - Sync 1 DAGs
[2026-07-11T21:20:36.532+0000] {logging_mixin.py:190} INFO - [2026-07-11T21:20:36.532+0000] {dag.py:4180} INFO - Setting next_dagrun for avito_to_raw_midraw to 2026-07-11 21:00:00+00:00, run_after=2026-07-11 22:00:00+00:00
[2026-07-11T21:20:36.543+0000] {processor.py:208} INFO - Processing /opt/airflow/dags/avito_to_raw_midraw.py took 0.091 seconds
[2026-07-11T21:21:06.812+0000] {processor.py:186} INFO - Started process (PID=1274) to work on /opt/airflow/dags/avito_to_raw_midraw.py
[2026-07-11T21:21:06.813+0000] {processor.py:914} INFO - Processing file /opt/airflow/dags/avito_to_raw_midraw.py for tasks to queue
[2026-07-11T21:21:06.815+0000] {logging_mixin.py:190} INFO - [2026-07-11T21:21:06.815+0000] {dagbag.py:588} INFO - Filling up the DagBag from /opt/airflow/dags/avito_to_raw_midraw.py
[2026-07-11T21:21:06.838+0000] {processor.py:925} INFO - DAG(s) 'avito_to_raw_midraw' retrieved from /opt/airflow/dags/avito_to_raw_midraw.py
[2026-07-11T21:21:06.870+0000] {logging_mixin.py:190} INFO - [2026-07-11T21:21:06.870+0000] {dag.py:3239} INFO - Sync 1 DAGs
[2026-07-11T21:21:06.885+0000] {logging_mixin.py:190} INFO - [2026-07-11T21:21:06.884+0000] {dag.py:4180} INFO - Setting next_dagrun for avito_to_raw_midraw to 2026-07-11 21:00:00+00:00, run_after=2026-07-11 22:00:00+00:00
[2026-07-11T21:21:06.895+0000] {processor.py:208} INFO - Processing /opt/airflow/dags/avito_to_raw_midraw.py took 0.091 seconds
[2026-07-11T21:21:37.107+0000] {processor.py:186} INFO - Started process (PID=1276) to work on /opt/airflow/dags/avito_to_raw_midraw.py
[2026-07-11T21:21:37.108+0000] {processor.py:914} INFO - Processing file /opt/airflow/dags/avito_to_raw_midraw.py for tasks to queue
[2026-07-11T21:21:37.109+0000] {logging_mixin.py:190} INFO - [2026-07-11T21:21:37.109+0000] {dagbag.py:588} INFO - Filling up the DagBag from /opt/airflow/dags/avito_to_raw_midraw.py
[2026-07-11T21:21:37.122+0000] {processor.py:925} INFO - DAG(s) 'avito_to_raw_midraw' retrieved from /opt/airflow/dags/avito_to_raw_midraw.py
[2026-07-11T21:21:37.140+0000] {logging_mixin.py:190} INFO - [2026-07-11T21:21:37.140+0000] {dag.py:3239} INFO - Sync 1 DAGs
[2026-07-11T21:21:37.152+0000] {logging_mixin.py:190} INFO - [2026-07-11T21:21:37.152+0000] {dag.py:4180} INFO - Setting next_dagrun for avito_to_raw_midraw to 2026-07-11 21:00:00+00:00, run_after=2026-07-11 22:00:00+00:00
[2026-07-11T21:21:37.161+0000] {processor.py:208} INFO - Processing /opt/airflow/dags/avito_to_raw_midraw.py took 0.057 seconds
[2026-07-11T21:22:07.437+0000] {processor.py:186} INFO - Started process (PID=1278) to work on /opt/airflow/dags/avito_to_raw_midraw.py
[2026-07-11T21:22:07.438+0000] {processor.py:914} INFO - Processing file /opt/airflow/dags/avito_to_raw_midraw.py for tasks to queue
[2026-07-11T21:22:07.441+0000] {logging_mixin.py:190} INFO - [2026-07-11T21:22:07.440+0000] {dagbag.py:588} INFO - Filling up the DagBag from /opt/airflow/dags/avito_to_raw_midraw.py
[2026-07-11T21:22:07.455+0000] {processor.py:925} INFO - DAG(s) 'avito_to_raw_midraw' retrieved from /opt/airflow/dags/avito_to_raw_midraw.py
[2026-07-11T21:22:07.476+0000] {logging_mixin.py:190} INFO - [2026-07-11T21:22:07.476+0000] {dag.py:3239} INFO - Sync 1 DAGs
[2026-07-11T21:22:07.491+0000] {logging_mixin.py:190} INFO - [2026-07-11T21:22:07.491+0000] {dag.py:4180} INFO - Setting next_dagrun for avito_to_raw_midraw to 2026-07-11 21:00:00+00:00, run_after=2026-07-11 22:00:00+00:00
[2026-07-11T21:22:07.504+0000] {processor.py:208} INFO - Processing /opt/airflow/dags/avito_to_raw_midraw.py took 0.071 seconds
[2026-07-11T21:22:37.828+0000] {processor.py:186} INFO - Started process (PID=1280) to work on /opt/airflow/dags/avito_to_raw_midraw.py
[2026-07-11T21:22:37.828+0000] {processor.py:914} INFO - Processing file /opt/airflow/dags/avito_to_raw_midraw.py for tasks to queue
[2026-07-11T21:22:37.831+0000] {logging_mixin.py:190} INFO - [2026-07-11T21:22:37.831+0000] {dagbag.py:588} INFO - Filling up the DagBag from /opt/airflow/dags/avito_to_raw_midraw.py
[2026-07-11T21:22:37.851+0000] {processor.py:925} INFO - DAG(s) 'avito_to_raw_midraw' retrieved from /opt/airflow/dags/avito_to_raw_midraw.py
[2026-07-11T21:22:37.873+0000] {logging_mixin.py:190} INFO - [2026-07-11T21:22:37.873+0000] {dag.py:3239} INFO - Sync 1 DAGs
[2026-07-11T21:22:37.889+0000] {logging_mixin.py:190} INFO - [2026-07-11T21:22:37.889+0000] {dag.py:4180} INFO - Setting next_dagrun for avito_to_raw_midraw to 2026-07-11 21:00:00+00:00, run_after=2026-07-11 22:00:00+00:00
[2026-07-11T21:22:37.901+0000] {processor.py:208} INFO - Processing /opt/airflow/dags/avito_to_raw_midraw.py took 0.079 seconds
[2026-07-11T21:23:08.124+0000] {processor.py:186} INFO - Started process (PID=1282) to work on /opt/airflow/dags/avito_to_raw_midraw.py
[2026-07-11T21:23:08.126+0000] {processor.py:914} INFO - Processing file /opt/airflow/dags/avito_to_raw_midraw.py for tasks to queue
[2026-07-11T21:23:08.130+0000] {logging_mixin.py:190} INFO - [2026-07-11T21:23:08.130+0000] {dagbag.py:588} INFO - Filling up the DagBag from /opt/airflow/dags/avito_to_raw_midraw.py
[2026-07-11T21:23:08.152+0000] {processor.py:925} INFO - DAG(s) 'avito_to_raw_midraw' retrieved from /opt/airflow/dags/avito_to_raw_midraw.py
[2026-07-11T21:23:08.175+0000] {logging_mixin.py:190} INFO - [2026-07-11T21:23:08.175+0000] {dag.py:3239} INFO - Sync 1 DAGs
[2026-07-11T21:23:08.192+0000] {logging_mixin.py:190} INFO - [2026-07-11T21:23:08.192+0000] {dag.py:4180} INFO - Setting next_dagrun for avito_to_raw_midraw to 2026-07-11 21:00:00+00:00, run_after=2026-07-11 22:00:00+00:00
[2026-07-11T21:23:08.208+0000] {processor.py:208} INFO - Processing /opt/airflow/dags/avito_to_raw_midraw.py took 0.090 seconds
[2026-07-11T21:23:38.420+0000] {processor.py:186} INFO - Started process (PID=1284) to work on /opt/airflow/dags/avito_to_raw_midraw.py
[2026-07-11T21:23:38.421+0000] {processor.py:914} INFO - Processing file /opt/airflow/dags/avito_to_raw_midraw.py for tasks to queue
[2026-07-11T21:23:38.423+0000] {logging_mixin.py:190} INFO - [2026-07-11T21:23:38.422+0000] {dagbag.py:588} INFO - Filling up the DagBag from /opt/airflow/dags/avito_to_raw_midraw.py
[2026-07-11T21:23:38.440+0000] {processor.py:925} INFO - DAG(s) 'avito_to_raw_midraw' retrieved from /opt/airflow/dags/avito_to_raw_midraw.py
[2026-07-11T21:23:38.459+0000] {logging_mixin.py:190} INFO - [2026-07-11T21:23:38.459+0000] {dag.py:3239} INFO - Sync 1 DAGs
[2026-07-11T21:23:38.476+0000] {logging_mixin.py:190} INFO - [2026-07-11T21:23:38.476+0000] {dag.py:4180} INFO - Setting next_dagrun for avito_to_raw_midraw to 2026-07-11 21:00:00+00:00, run_after=2026-07-11 22:00:00+00:00
[2026-07-11T21:23:38.487+0000] {processor.py:208} INFO - Processing /opt/airflow/dags/avito_to_raw_midraw.py took 0.071 seconds
[2026-07-11T21:24:08.789+0000] {processor.py:186} INFO - Started process (PID=1286) to work on /opt/airflow/dags/avito_to_raw_midraw.py
[2026-07-11T21:24:08.790+0000] {processor.py:914} INFO - Processing file /opt/airflow/dags/avito_to_raw_midraw.py for tasks to queue
[2026-07-11T21:24:08.792+0000] {logging_mixin.py:190} INFO - [2026-07-11T21:24:08.792+0000] {dagbag.py:588} INFO - Filling up the DagBag from /opt/airflow/dags/avito_to_raw_midraw.py
[2026-07-11T21:24:08.810+0000] {processor.py:925} INFO - DAG(s) 'avito_to_raw_midraw' retrieved from /opt/airflow/dags/avito_to_raw_midraw.py
[2026-07-11T21:24:08.829+0000] {logging_mixin.py:190} INFO - [2026-07-11T21:24:08.829+0000] {dag.py:3239} INFO - Sync 1 DAGs
[2026-07-11T21:24:08.844+0000] {logging_mixin.py:190} INFO - [2026-07-11T21:24:08.843+0000] {dag.py:4180} INFO - Setting next_dagrun for avito_to_raw_midraw to 2026-07-11 21:00:00+00:00, run_after=2026-07-11 22:00:00+00:00
[2026-07-11T21:24:08.854+0000] {processor.py:208} INFO - Processing /opt/airflow/dags/avito_to_raw_midraw.py took 0.070 seconds
[2026-07-11T21:24:39.022+0000] {processor.py:186} INFO - Started process (PID=1288) to work on /opt/airflow/dags/avito_to_raw_midraw.py
[2026-07-11T21:24:39.023+0000] {processor.py:914} INFO - Processing file /opt/airflow/dags/avito_to_raw_midraw.py for tasks to queue
[2026-07-11T21:24:39.024+0000] {logging_mixin.py:190} INFO - [2026-07-11T21:24:39.024+0000] {dagbag.py:588} INFO - Filling up the DagBag from /opt/airflow/dags/avito_to_raw_midraw.py
[2026-07-11T21:24:39.037+0000] {processor.py:925} INFO - DAG(s) 'avito_to_raw_midraw' retrieved from /opt/airflow/dags/avito_to_raw_midraw.py
[2026-07-11T21:24:39.055+0000] {logging_mixin.py:190} INFO - [2026-07-11T21:24:39.055+0000] {dag.py:3239} INFO - Sync 1 DAGs
[2026-07-11T21:24:39.068+0000] {logging_mixin.py:190} INFO - [2026-07-11T21:24:39.068+0000] {dag.py:4180} INFO - Setting next_dagrun for avito_to_raw_midraw to 2026-07-11 21:00:00+00:00, run_after=2026-07-11 22:00:00+00:00
[2026-07-11T21:24:39.081+0000] {processor.py:208} INFO - Processing /opt/airflow/dags/avito_to_raw_midraw.py took 0.063 seconds
[2026-07-11T21:25:09.373+0000] {processor.py:186} INFO - Started process (PID=1290) to work on /opt/airflow/dags/avito_to_raw_midraw.py
[2026-07-11T21:25:09.373+0000] {processor.py:914} INFO - Processing file /opt/airflow/dags/avito_to_raw_midraw.py for tasks to queue
[2026-07-11T21:25:09.375+0000] {logging_mixin.py:190} INFO - [2026-07-11T21:25:09.375+0000] {dagbag.py:588} INFO - Filling up the DagBag from /opt/airflow/dags/avito_to_raw_midraw.py
[2026-07-11T21:25:09.389+0000] {processor.py:925} INFO - DAG(s) 'avito_to_raw_midraw' retrieved from /opt/airflow/dags/avito_to_raw_midraw.py
[2026-07-11T21:25:09.406+0000] {logging_mixin.py:190} INFO - [2026-07-11T21:25:09.406+0000] {dag.py:3239} INFO - Sync 1 DAGs
[2026-07-11T21:25:09.420+0000] {logging_mixin.py:190} INFO - [2026-07-11T21:25:09.420+0000] {dag.py:4180} INFO - Setting next_dagrun for avito_to_raw_midraw to 2026-07-11 21:00:00+00:00, run_after=2026-07-11 22:00:00+00:00
[2026-07-11T21:25:09.430+0000] {processor.py:208} INFO - Processing /opt/airflow/dags/avito_to_raw_midraw.py took 0.061 seconds
[2026-07-11T21:25:39.728+0000] {processor.py:186} INFO - Started process (PID=1292) to work on /opt/airflow/dags/avito_to_raw_midraw.py
[2026-07-11T21:25:39.729+0000] {processor.py:914} INFO - Processing file /opt/airflow/dags/avito_to_raw_midraw.py for tasks to queue
[2026-07-11T21:25:39.731+0000] {logging_mixin.py:190} INFO - [2026-07-11T21:25:39.731+0000] {dagbag.py:588} INFO - Filling up the DagBag from /opt/airflow/dags/avito_to_raw_midraw.py
[2026-07-11T21:25:39.743+0000] {processor.py:925} INFO - DAG(s) 'avito_to_raw_midraw' retrieved from /opt/airflow/dags/avito_to_raw_midraw.py
[2026-07-11T21:25:39.761+0000] {logging_mixin.py:190} INFO - [2026-07-11T21:25:39.761+0000] {dag.py:3239} INFO - Sync 1 DAGs
[2026-07-11T21:25:39.774+0000] {logging_mixin.py:190} INFO - [2026-07-11T21:25:39.774+0000] {dag.py:4180} INFO - Setting next_dagrun for avito_to_raw_midraw to 2026-07-11 21:00:00+00:00, run_after=2026-07-11 22:00:00+00:00
[2026-07-11T21:25:39.785+0000] {processor.py:208} INFO - Processing /opt/airflow/dags/avito_to_raw_midraw.py took 0.060 seconds
[2026-07-11T21:26:10.056+0000] {processor.py:186} INFO - Started process (PID=1294) to work on /opt/airflow/dags/avito_to_raw_midraw.py
[2026-07-11T21:26:10.057+0000] {processor.py:914} INFO - Processing file /opt/airflow/dags/avito_to_raw_midraw.py for tasks to queue
[2026-07-11T21:26:10.059+0000] {logging_mixin.py:190} INFO - [2026-07-11T21:26:10.059+0000] {dagbag.py:588} INFO - Filling up the DagBag from /opt/airflow/dags/avito_to_raw_midraw.py
[2026-07-11T21:26:10.071+0000] {processor.py:925} INFO - DAG(s) 'avito_to_raw_midraw' retrieved from /opt/airflow/dags/avito_to_raw_midraw.py
[2026-07-11T21:26:10.088+0000] {logging_mixin.py:190} INFO - [2026-07-11T21:26:10.088+0000] {dag.py:3239} INFO - Sync 1 DAGs
[2026-07-11T21:26:10.099+0000] {logging_mixin.py:190} INFO - [2026-07-11T21:26:10.099+0000] {dag.py:4180} INFO - Setting next_dagrun for avito_to_raw_midraw to 2026-07-11 21:00:00+00:00, run_after=2026-07-11 22:00:00+00:00
[2026-07-11T21:26:10.114+0000] {processor.py:208} INFO - Processing /opt/airflow/dags/avito_to_raw_midraw.py took 0.061 seconds
[2026-07-11T21:26:40.409+0000] {processor.py:186} INFO - Started process (PID=1296) to work on /opt/airflow/dags/avito_to_raw_midraw.py
[2026-07-11T21:26:40.410+0000] {processor.py:914} INFO - Processing file /opt/airflow/dags/avito_to_raw_midraw.py for tasks to queue
[2026-07-11T21:26:40.411+0000] {logging_mixin.py:190} INFO - [2026-07-11T21:26:40.411+0000] {dagbag.py:588} INFO - Filling up the DagBag from /opt/airflow/dags/avito_to_raw_midraw.py
[2026-07-11T21:26:40.428+0000] {processor.py:925} INFO - DAG(s) 'avito_to_raw_midraw' retrieved from /opt/airflow/dags/avito_to_raw_midraw.py
[2026-07-11T21:26:40.446+0000] {logging_mixin.py:190} INFO - [2026-07-11T21:26:40.445+0000] {dag.py:3239} INFO - Sync 1 DAGs
[2026-07-11T21:26:40.458+0000] {logging_mixin.py:190} INFO - [2026-07-11T21:26:40.458+0000] {dag.py:4180} INFO - Setting next_dagrun for avito_to_raw_midraw to 2026-07-11 21:00:00+00:00, run_after=2026-07-11 22:00:00+00:00
[2026-07-11T21:26:40.471+0000] {processor.py:208} INFO - Processing /opt/airflow/dags/avito_to_raw_midraw.py took 0.066 seconds
[2026-07-11T21:27:10.676+0000] {processor.py:186} INFO - Started process (PID=1298) to work on /opt/airflow/dags/avito_to_raw_midraw.py
[2026-07-11T21:27:10.677+0000] {processor.py:914} INFO - Processing file /opt/airflow/dags/avito_to_raw_midraw.py for tasks to queue
[2026-07-11T21:27:10.678+0000] {logging_mixin.py:190} INFO - [2026-07-11T21:27:10.678+0000] {dagbag.py:588} INFO - Filling up the DagBag from /opt/airflow/dags/avito_to_raw_midraw.py
[2026-07-11T21:27:10.691+0000] {processor.py:925} INFO - DAG(s) 'avito_to_raw_midraw' retrieved from /opt/airflow/dags/avito_to_raw_midraw.py
[2026-07-11T21:27:10.712+0000] {logging_mixin.py:190} INFO - [2026-07-11T21:27:10.712+0000] {dag.py:3239} INFO - Sync 1 DAGs
[2026-07-11T21:27:10.726+0000] {logging_mixin.py:190} INFO - [2026-07-11T21:27:10.726+0000] {dag.py:4180} INFO - Setting next_dagrun for avito_to_raw_midraw to 2026-07-11 21:00:00+00:00, run_after=2026-07-11 22:00:00+00:00
[2026-07-11T21:27:10.740+0000] {processor.py:208} INFO - Processing /opt/airflow/dags/avito_to_raw_midraw.py took 0.067 seconds
[2026-07-11T21:27:41.038+0000] {processor.py:186} INFO - Started process (PID=1300) to work on /opt/airflow/dags/avito_to_raw_midraw.py
[2026-07-11T21:27:41.038+0000] {processor.py:914} INFO - Processing file /opt/airflow/dags/avito_to_raw_midraw.py for tasks to queue
[2026-07-11T21:27:41.040+0000] {logging_mixin.py:190} INFO - [2026-07-11T21:27:41.040+0000] {dagbag.py:588} INFO - Filling up the DagBag from /opt/airflow/dags/avito_to_raw_midraw.py
[2026-07-11T21:27:41.056+0000] {processor.py:925} INFO - DAG(s) 'avito_to_raw_midraw' retrieved from /opt/airflow/dags/avito_to_raw_midraw.py
[2026-07-11T21:27:41.075+0000] {logging_mixin.py:190} INFO - [2026-07-11T21:27:41.075+0000] {dag.py:3239} INFO - Sync 1 DAGs
[2026-07-11T21:27:41.087+0000] {logging_mixin.py:190} INFO - [2026-07-11T21:27:41.087+0000] {dag.py:4180} INFO - Setting next_dagrun for avito_to_raw_midraw to 2026-07-11 21:00:00+00:00, run_after=2026-07-11 22:00:00+00:00
[2026-07-11T21:27:41.099+0000] {processor.py:208} INFO - Processing /opt/airflow/dags/avito_to_raw_midraw.py took 0.065 seconds
[2026-07-11T21:28:11.391+0000] {processor.py:186} INFO - Started process (PID=1302) to work on /opt/airflow/dags/avito_to_raw_midraw.py
[2026-07-11T21:28:11.392+0000] {processor.py:914} INFO - Processing file /opt/airflow/dags/avito_to_raw_midraw.py for tasks to queue
[2026-07-11T21:28:11.395+0000] {logging_mixin.py:190} INFO - [2026-07-11T21:28:11.394+0000] {dagbag.py:588} INFO - Filling up the DagBag from /opt/airflow/dags/avito_to_raw_midraw.py
[2026-07-11T21:28:11.415+0000] {processor.py:925} INFO - DAG(s) 'avito_to_raw_midraw' retrieved from /opt/airflow/dags/avito_to_raw_midraw.py
[2026-07-11T21:28:11.433+0000] {logging_mixin.py:190} INFO - [2026-07-11T21:28:11.433+0000] {dag.py:3239} INFO - Sync 1 DAGs
[2026-07-11T21:28:11.447+0000] {logging_mixin.py:190} INFO - [2026-07-11T21:28:11.447+0000] {dag.py:4180} INFO - Setting next_dagrun for avito_to_raw_midraw to 2026-07-11 21:00:00+00:00, run_after=2026-07-11 22:00:00+00:00
[2026-07-11T21:28:11.460+0000] {processor.py:208} INFO - Processing /opt/airflow/dags/avito_to_raw_midraw.py took 0.074 seconds
[2026-07-11T21:28:41.651+0000] {processor.py:186} INFO - Started process (PID=1304) to work on /opt/airflow/dags/avito_to_raw_midraw.py
[2026-07-11T21:28:41.652+0000] {processor.py:914} INFO - Processing file /opt/airflow/dags/avito_to_raw_midraw.py for tasks to queue
[2026-07-11T21:28:41.653+0000] {logging_mixin.py:190} INFO - [2026-07-11T21:28:41.653+0000] {dagbag.py:588} INFO - Filling up the DagBag from /opt/airflow/dags/avito_to_raw_midraw.py
[2026-07-11T21:28:41.664+0000] {processor.py:925} INFO - DAG(s) 'avito_to_raw_midraw' retrieved from /opt/airflow/dags/avito_to_raw_midraw.py
[2026-07-11T21:28:41.681+0000] {logging_mixin.py:190} INFO - [2026-07-11T21:28:41.681+0000] {dag.py:3239} INFO - Sync 1 DAGs
[2026-07-11T21:28:41.693+0000] {logging_mixin.py:190} INFO - [2026-07-11T21:28:41.693+0000] {dag.py:4180} INFO - Setting next_dagrun for avito_to_raw_midraw to 2026-07-11 21:00:00+00:00, run_after=2026-07-11 22:00:00+00:00
[2026-07-11T21:28:41.704+0000] {processor.py:208} INFO - Processing /opt/airflow/dags/avito_to_raw_midraw.py took 0.056 seconds
[2026-07-11T21:29:12.033+0000] {processor.py:186} INFO - Started process (PID=1306) to work on /opt/airflow/dags/avito_to_raw_midraw.py
[2026-07-11T21:29:12.034+0000] {processor.py:914} INFO - Processing file /opt/airflow/dags/avito_to_raw_midraw.py for tasks to queue
[2026-07-11T21:29:12.037+0000] {logging_mixin.py:190} INFO - [2026-07-11T21:29:12.037+0000] {dagbag.py:588} INFO - Filling up the DagBag from /opt/airflow/dags/avito_to_raw_midraw.py
[2026-07-11T21:29:12.062+0000] {processor.py:925} INFO - DAG(s) 'avito_to_raw_midraw' retrieved from /opt/airflow/dags/avito_to_raw_midraw.py
[2026-07-11T21:29:12.086+0000] {logging_mixin.py:190} INFO - [2026-07-11T21:29:12.086+0000] {dag.py:3239} INFO - Sync 1 DAGs
[2026-07-11T21:29:12.110+0000] {logging_mixin.py:190} INFO - [2026-07-11T21:29:12.110+0000] {dag.py:4180} INFO - Setting next_dagrun for avito_to_raw_midraw to 2026-07-11 21:00:00+00:00, run_after=2026-07-11 22:00:00+00:00
[2026-07-11T21:29:12.125+0000] {processor.py:208} INFO - Processing /opt/airflow/dags/avito_to_raw_midraw.py took 0.098 seconds
[2026-07-11T21:29:42.327+0000] {processor.py:186} INFO - Started process (PID=1308) to work on /opt/airflow/dags/avito_to_raw_midraw.py
[2026-07-11T21:29:42.327+0000] {processor.py:914} INFO - Processing file /opt/airflow/dags/avito_to_raw_midraw.py for tasks to queue
[2026-07-11T21:29:42.329+0000] {logging_mixin.py:190} INFO - [2026-07-11T21:29:42.329+0000] {dagbag.py:588} INFO - Filling up the DagBag from /opt/airflow/dags/avito_to_raw_midraw.py
[2026-07-11T21:29:42.344+0000] {processor.py:925} INFO - DAG(s) 'avito_to_raw_midraw' retrieved from /opt/airflow/dags/avito_to_raw_midraw.py
[2026-07-11T21:29:42.363+0000] {logging_mixin.py:190} INFO - [2026-07-11T21:29:42.363+0000] {dag.py:3239} INFO - Sync 1 DAGs
[2026-07-11T21:29:42.377+0000] {logging_mixin.py:190} INFO - [2026-07-11T21:29:42.377+0000] {dag.py:4180} INFO - Setting next_dagrun for avito_to_raw_midraw to 2026-07-11 21:00:00+00:00, run_after=2026-07-11 22:00:00+00:00
[2026-07-11T21:29:42.386+0000] {processor.py:208} INFO - Processing /opt/airflow/dags/avito_to_raw_midraw.py took 0.064 seconds
[2026-07-11T21:30:12.699+0000] {processor.py:186} INFO - Started process (PID=1310) to work on /opt/airflow/dags/avito_to_raw_midraw.py
[2026-07-11T21:30:12.701+0000] {processor.py:914} INFO - Processing file /opt/airflow/dags/avito_to_raw_midraw.py for tasks to queue
[2026-07-11T21:30:12.702+0000] {logging_mixin.py:190} INFO - [2026-07-11T21:30:12.702+0000] {dagbag.py:588} INFO - Filling up the DagBag from /opt/airflow/dags/avito_to_raw_midraw.py
[2026-07-11T21:30:12.720+0000] {processor.py:925} INFO - DAG(s) 'avito_to_raw_midraw' retrieved from /opt/airflow/dags/avito_to_raw_midraw.py
[2026-07-11T21:30:12.742+0000] {logging_mixin.py:190} INFO - [2026-07-11T21:30:12.742+0000] {dag.py:3239} INFO - Sync 1 DAGs
[2026-07-11T21:30:12.755+0000] {logging_mixin.py:190} INFO - [2026-07-11T21:30:12.755+0000] {dag.py:4180} INFO - Setting next_dagrun for avito_to_raw_midraw to 2026-07-11 21:00:00+00:00, run_after=2026-07-11 22:00:00+00:00
[2026-07-11T21:30:12.766+0000] {processor.py:208} INFO - Processing /opt/airflow/dags/avito_to_raw_midraw.py took 0.076 seconds
[2026-07-11T21:30:42.994+0000] {processor.py:186} INFO - Started process (PID=1312) to work on /opt/airflow/dags/avito_to_raw_midraw.py
[2026-07-11T21:30:42.995+0000] {processor.py:914} INFO - Processing file /opt/airflow/dags/avito_to_raw_midraw.py for tasks to queue
[2026-07-11T21:30:42.998+0000] {logging_mixin.py:190} INFO - [2026-07-11T21:30:42.997+0000] {dagbag.py:588} INFO - Filling up the DagBag from /opt/airflow/dags/avito_to_raw_midraw.py
[2026-07-11T21:30:43.016+0000] {processor.py:925} INFO - DAG(s) 'avito_to_raw_midraw' retrieved from /opt/airflow/dags/avito_to_raw_midraw.py
[2026-07-11T21:30:43.036+0000] {logging_mixin.py:190} INFO - [2026-07-11T21:30:43.036+0000] {dag.py:3239} INFO - Sync 1 DAGs
[2026-07-11T21:30:43.053+0000] {logging_mixin.py:190} INFO - [2026-07-11T21:30:43.053+0000] {dag.py:4180} INFO - Setting next_dagrun for avito_to_raw_midraw to 2026-07-11 21:00:00+00:00, run_after=2026-07-11 22:00:00+00:00
[2026-07-11T21:30:43.065+0000] {processor.py:208} INFO - Processing /opt/airflow/dags/avito_to_raw_midraw.py took 0.075 seconds
[2026-07-11T21:31:13.269+0000] {processor.py:186} INFO - Started process (PID=1314) to work on /opt/airflow/dags/avito_to_raw_midraw.py
[2026-07-11T21:31:13.270+0000] {processor.py:914} INFO - Processing file /opt/airflow/dags/avito_to_raw_midraw.py for tasks to queue
[2026-07-11T21:31:13.273+0000] {logging_mixin.py:190} INFO - [2026-07-11T21:31:13.273+0000] {dagbag.py:588} INFO - Filling up the DagBag from /opt/airflow/dags/avito_to_raw_midraw.py
[2026-07-11T21:31:13.292+0000] {processor.py:925} INFO - DAG(s) 'avito_to_raw_midraw' retrieved from /opt/airflow/dags/avito_to_raw_midraw.py
[2026-07-11T21:31:13.312+0000] {logging_mixin.py:190} INFO - [2026-07-11T21:31:13.312+0000] {dag.py:3239} INFO - Sync 1 DAGs
[2026-07-11T21:31:13.329+0000] {logging_mixin.py:190} INFO - [2026-07-11T21:31:13.329+0000] {dag.py:4180} INFO - Setting next_dagrun for avito_to_raw_midraw to 2026-07-11 21:00:00+00:00, run_after=2026-07-11 22:00:00+00:00
[2026-07-11T21:31:13.341+0000] {processor.py:208} INFO - Processing /opt/airflow/dags/avito_to_raw_midraw.py took 0.077 seconds
[2026-07-11T21:31:43.598+0000] {processor.py:186} INFO - Started process (PID=1316) to work on /opt/airflow/dags/avito_to_raw_midraw.py
[2026-07-11T21:31:43.599+0000] {processor.py:914} INFO - Processing file /opt/airflow/dags/avito_to_raw_midraw.py for tasks to queue
[2026-07-11T21:31:43.603+0000] {logging_mixin.py:190} INFO - [2026-07-11T21:31:43.602+0000] {dagbag.py:588} INFO - Filling up the DagBag from /opt/airflow/dags/avito_to_raw_midraw.py
[2026-07-11T21:31:43.621+0000] {processor.py:925} INFO - DAG(s) 'avito_to_raw_midraw' retrieved from /opt/airflow/dags/avito_to_raw_midraw.py
[2026-07-11T21:31:43.645+0000] {logging_mixin.py:190} INFO - [2026-07-11T21:31:43.644+0000] {dag.py:3239} INFO - Sync 1 DAGs
[2026-07-11T21:31:43.662+0000] {logging_mixin.py:190} INFO - [2026-07-11T21:31:43.662+0000] {dag.py:4180} INFO - Setting next_dagrun for avito_to_raw_midraw to 2026-07-11 21:00:00+00:00, run_after=2026-07-11 22:00:00+00:00
[2026-07-11T21:31:43.677+0000] {processor.py:208} INFO - Processing /opt/airflow/dags/avito_to_raw_midraw.py took 0.086 seconds
[2026-07-11T21:32:13.916+0000] {processor.py:186} INFO - Started process (PID=1318) to work on /opt/airflow/dags/avito_to_raw_midraw.py
[2026-07-11T21:32:13.918+0000] {processor.py:914} INFO - Processing file /opt/airflow/dags/avito_to_raw_midraw.py for tasks to queue
[2026-07-11T21:32:13.920+0000] {logging_mixin.py:190} INFO - [2026-07-11T21:32:13.920+0000] {dagbag.py:588} INFO - Filling up the DagBag from /opt/airflow/dags/avito_to_raw_midraw.py
[2026-07-11T21:32:13.952+0000] {processor.py:925} INFO - DAG(s) 'avito_to_raw_midraw' retrieved from /opt/airflow/dags/avito_to_raw_midraw.py
[2026-07-11T21:32:13.975+0000] {logging_mixin.py:190} INFO - [2026-07-11T21:32:13.975+0000] {dag.py:3239} INFO - Sync 1 DAGs
[2026-07-11T21:32:13.991+0000] {logging_mixin.py:190} INFO - [2026-07-11T21:32:13.991+0000] {dag.py:4180} INFO - Setting next_dagrun for avito_to_raw_midraw to 2026-07-11 21:00:00+00:00, run_after=2026-07-11 22:00:00+00:00
[2026-07-11T21:32:14.004+0000] {processor.py:208} INFO - Processing /opt/airflow/dags/avito_to_raw_midraw.py took 0.099 seconds
[2026-07-11T21:32:44.212+0000] {processor.py:186} INFO - Started process (PID=1320) to work on /opt/airflow/dags/avito_to_raw_midraw.py
[2026-07-11T21:32:44.212+0000] {processor.py:914} INFO - Processing file /opt/airflow/dags/avito_to_raw_midraw.py for tasks to queue
[2026-07-11T21:32:44.216+0000] {logging_mixin.py:190} INFO - [2026-07-11T21:32:44.216+0000] {dagbag.py:588} INFO - Filling up the DagBag from /opt/airflow/dags/avito_to_raw_midraw.py
[2026-07-11T21:32:44.232+0000] {processor.py:925} INFO - DAG(s) 'avito_to_raw_midraw' retrieved from /opt/airflow/dags/avito_to_raw_midraw.py
[2026-07-11T21:32:44.253+0000] {logging_mixin.py:190} INFO - [2026-07-11T21:32:44.253+0000] {dag.py:3239} INFO - Sync 1 DAGs
[2026-07-11T21:32:44.269+0000] {logging_mixin.py:190} INFO - [2026-07-11T21:32:44.269+0000] {dag.py:4180} INFO - Setting next_dagrun for avito_to_raw_midraw to 2026-07-11 21:00:00+00:00, run_after=2026-07-11 22:00:00+00:00
[2026-07-11T21:32:44.280+0000] {processor.py:208} INFO - Processing /opt/airflow/dags/avito_to_raw_midraw.py took 0.073 seconds
[2026-07-11T21:33:14.548+0000] {processor.py:186} INFO - Started process (PID=1322) to work on /opt/airflow/dags/avito_to_raw_midraw.py
[2026-07-11T21:33:14.550+0000] {processor.py:914} INFO - Processing file /opt/airflow/dags/avito_to_raw_midraw.py for tasks to queue
[2026-07-11T21:33:14.554+0000] {logging_mixin.py:190} INFO - [2026-07-11T21:33:14.553+0000] {dagbag.py:588} INFO - Filling up the DagBag from /opt/airflow/dags/avito_to_raw_midraw.py
[2026-07-11T21:33:14.586+0000] {processor.py:925} INFO - DAG(s) 'avito_to_raw_midraw' retrieved from /opt/airflow/dags/avito_to_raw_midraw.py
[2026-07-11T21:33:14.620+0000] {logging_mixin.py:190} INFO - [2026-07-11T21:33:14.620+0000] {dag.py:3239} INFO - Sync 1 DAGs
[2026-07-11T21:33:14.642+0000] {logging_mixin.py:190} INFO - [2026-07-11T21:33:14.642+0000] {dag.py:4180} INFO - Setting next_dagrun for avito_to_raw_midraw to 2026-07-11 21:00:00+00:00, run_after=2026-07-11 22:00:00+00:00
[2026-07-11T21:33:14.660+0000] {processor.py:208} INFO - Processing /opt/airflow/dags/avito_to_raw_midraw.py took 0.121 seconds
[2026-07-11T21:33:44.950+0000] {processor.py:186} INFO - Started process (PID=1324) to work on /opt/airflow/dags/avito_to_raw_midraw.py
[2026-07-11T21:33:44.951+0000] {processor.py:914} INFO - Processing file /opt/airflow/dags/avito_to_raw_midraw.py for tasks to queue
[2026-07-11T21:33:44.953+0000] {logging_mixin.py:190} INFO - [2026-07-11T21:33:44.953+0000] {dagbag.py:588} INFO - Filling up the DagBag from /opt/airflow/dags/avito_to_raw_midraw.py
[2026-07-11T21:33:44.967+0000] {processor.py:925} INFO - DAG(s) 'avito_to_raw_midraw' retrieved from /opt/airflow/dags/avito_to_raw_midraw.py
[2026-07-11T21:33:44.986+0000] {logging_mixin.py:190} INFO - [2026-07-11T21:33:44.986+0000] {dag.py:3239} INFO - Sync 1 DAGs
[2026-07-11T21:33:44.999+0000] {logging_mixin.py:190} INFO - [2026-07-11T21:33:44.999+0000] {dag.py:4180} INFO - Setting next_dagrun for avito_to_raw_midraw to 2026-07-11 21:00:00+00:00, run_after=2026-07-11 22:00:00+00:00
[2026-07-11T21:33:45.009+0000] {processor.py:208} INFO - Processing /opt/airflow/dags/avito_to_raw_midraw.py took 0.064 seconds
[2026-07-11T21:34:15.259+0000] {processor.py:186} INFO - Started process (PID=1326) to work on /opt/airflow/dags/avito_to_raw_midraw.py
[2026-07-11T21:34:15.260+0000] {processor.py:914} INFO - Processing file /opt/airflow/dags/avito_to_raw_midraw.py for tasks to queue
[2026-07-11T21:34:15.264+0000] {logging_mixin.py:190} INFO - [2026-07-11T21:34:15.264+0000] {dagbag.py:588} INFO - Filling up the DagBag from /opt/airflow/dags/avito_to_raw_midraw.py
[2026-07-11T21:34:15.286+0000] {processor.py:925} INFO - DAG(s) 'avito_to_raw_midraw' retrieved from /opt/airflow/dags/avito_to_raw_midraw.py
[2026-07-11T21:34:15.310+0000] {logging_mixin.py:190} INFO - [2026-07-11T21:34:15.310+0000] {dag.py:3239} INFO - Sync 1 DAGs
[2026-07-11T21:34:15.328+0000] {logging_mixin.py:190} INFO - [2026-07-11T21:34:15.328+0000] {dag.py:4180} INFO - Setting next_dagrun for avito_to_raw_midraw to 2026-07-11 21:00:00+00:00, run_after=2026-07-11 22:00:00+00:00
[2026-07-11T21:34:15.342+0000] {processor.py:208} INFO - Processing /opt/airflow/dags/avito_to_raw_midraw.py took 0.092 seconds
[2026-07-11T21:34:45.596+0000] {processor.py:186} INFO - Started process (PID=1328) to work on /opt/airflow/dags/avito_to_raw_midraw.py
[2026-07-11T21:34:45.598+0000] {processor.py:914} INFO - Processing file /opt/airflow/dags/avito_to_raw_midraw.py for tasks to queue
[2026-07-11T21:34:45.601+0000] {logging_mixin.py:190} INFO - [2026-07-11T21:34:45.601+0000] {dagbag.py:588} INFO - Filling up the DagBag from /opt/airflow/dags/avito_to_raw_midraw.py
[2026-07-11T21:34:45.628+0000] {processor.py:925} INFO - DAG(s) 'avito_to_raw_midraw' retrieved from /opt/airflow/dags/avito_to_raw_midraw.py
[2026-07-11T21:34:45.663+0000] {logging_mixin.py:190} INFO - [2026-07-11T21:34:45.663+0000] {dag.py:3239} INFO - Sync 1 DAGs
[2026-07-11T21:34:45.682+0000] {logging_mixin.py:190} INFO - [2026-07-11T21:34:45.682+0000] {dag.py:4180} INFO - Setting next_dagrun for avito_to_raw_midraw to 2026-07-11 21:00:00+00:00, run_after=2026-07-11 22:00:00+00:00
[2026-07-11T21:34:45.701+0000] {processor.py:208} INFO - Processing /opt/airflow/dags/avito_to_raw_midraw.py took 0.116 seconds
[2026-07-11T21:35:15.922+0000] {processor.py:186} INFO - Started process (PID=1330) to work on /opt/airflow/dags/avito_to_raw_midraw.py
[2026-07-11T21:35:15.923+0000] {processor.py:914} INFO - Processing file /opt/airflow/dags/avito_to_raw_midraw.py for tasks to queue
[2026-07-11T21:35:15.929+0000] {logging_mixin.py:190} INFO - [2026-07-11T21:35:15.928+0000] {dagbag.py:588} INFO - Filling up the DagBag from /opt/airflow/dags/avito_to_raw_midraw.py
[2026-07-11T21:35:15.954+0000] {processor.py:925} INFO - DAG(s) 'avito_to_raw_midraw' retrieved from /opt/airflow/dags/avito_to_raw_midraw.py
[2026-07-11T21:35:15.993+0000] {logging_mixin.py:190} INFO - [2026-07-11T21:35:15.993+0000] {dag.py:3239} INFO - Sync 1 DAGs
[2026-07-11T21:35:16.019+0000] {logging_mixin.py:190} INFO - [2026-07-11T21:35:16.019+0000] {dag.py:4180} INFO - Setting next_dagrun for avito_to_raw_midraw to 2026-07-11 21:00:00+00:00, run_after=2026-07-11 22:00:00+00:00
[2026-07-11T21:35:16.034+0000] {processor.py:208} INFO - Processing /opt/airflow/dags/avito_to_raw_midraw.py took 0.123 seconds
[2026-07-11T21:35:46.253+0000] {processor.py:186} INFO - Started process (PID=1332) to work on /opt/airflow/dags/avito_to_raw_midraw.py
[2026-07-11T21:35:46.254+0000] {processor.py:914} INFO - Processing file /opt/airflow/dags/avito_to_raw_midraw.py for tasks to queue
[2026-07-11T21:35:46.257+0000] {logging_mixin.py:190} INFO - [2026-07-11T21:35:46.257+0000] {dagbag.py:588} INFO - Filling up the DagBag from /opt/airflow/dags/avito_to_raw_midraw.py
[2026-07-11T21:35:46.283+0000] {processor.py:925} INFO - DAG(s) 'avito_to_raw_midraw' retrieved from /opt/airflow/dags/avito_to_raw_midraw.py
[2026-07-11T21:35:46.309+0000] {logging_mixin.py:190} INFO - [2026-07-11T21:35:46.309+0000] {dag.py:3239} INFO - Sync 1 DAGs
[2026-07-11T21:35:46.326+0000] {logging_mixin.py:190} INFO - [2026-07-11T21:35:46.326+0000] {dag.py:4180} INFO - Setting next_dagrun for avito_to_raw_midraw to 2026-07-11 21:00:00+00:00, run_after=2026-07-11 22:00:00+00:00
[2026-07-11T21:35:46.337+0000] {processor.py:208} INFO - Processing /opt/airflow/dags/avito_to_raw_midraw.py took 0.096 seconds
[2026-07-11T21:36:16.565+0000] {processor.py:186} INFO - Started process (PID=1334) to work on /opt/airflow/dags/avito_to_raw_midraw.py
[2026-07-11T21:36:16.566+0000] {processor.py:914} INFO - Processing file /opt/airflow/dags/avito_to_raw_midraw.py for tasks to queue
[2026-07-11T21:36:16.568+0000] {logging_mixin.py:190} INFO - [2026-07-11T21:36:16.568+0000] {dagbag.py:588} INFO - Filling up the DagBag from /opt/airflow/dags/avito_to_raw_midraw.py
[2026-07-11T21:36:16.584+0000] {processor.py:925} INFO - DAG(s) 'avito_to_raw_midraw' retrieved from /opt/airflow/dags/avito_to_raw_midraw.py
[2026-07-11T21:36:16.605+0000] {logging_mixin.py:190} INFO - [2026-07-11T21:36:16.605+0000] {dag.py:3239} INFO - Sync 1 DAGs
[2026-07-11T21:36:16.617+0000] {logging_mixin.py:190} INFO - [2026-07-11T21:36:16.617+0000] {dag.py:4180} INFO - Setting next_dagrun for avito_to_raw_midraw to 2026-07-11 21:00:00+00:00, run_after=2026-07-11 22:00:00+00:00
[2026-07-11T21:36:16.631+0000] {processor.py:208} INFO - Processing /opt/airflow/dags/avito_to_raw_midraw.py took 0.070 seconds
[2026-07-11T21:36:46.953+0000] {processor.py:186} INFO - Started process (PID=1336) to work on /opt/airflow/dags/avito_to_raw_midraw.py
[2026-07-11T21:36:46.954+0000] {processor.py:914} INFO - Processing file /opt/airflow/dags/avito_to_raw_midraw.py for tasks to queue
[2026-07-11T21:36:46.957+0000] {logging_mixin.py:190} INFO - [2026-07-11T21:36:46.957+0000] {dagbag.py:588} INFO - Filling up the DagBag from /opt/airflow/dags/avito_to_raw_midraw.py
[2026-07-11T21:36:46.982+0000] {processor.py:925} INFO - DAG(s) 'avito_to_raw_midraw' retrieved from /opt/airflow/dags/avito_to_raw_midraw.py
[2026-07-11T21:36:47.009+0000] {logging_mixin.py:190} INFO - [2026-07-11T21:36:47.008+0000] {dag.py:3239} INFO - Sync 1 DAGs
[2026-07-11T21:36:47.027+0000] {logging_mixin.py:190} INFO - [2026-07-11T21:36:47.027+0000] {dag.py:4180} INFO - Setting next_dagrun for avito_to_raw_midraw to 2026-07-11 21:00:00+00:00, run_after=2026-07-11 22:00:00+00:00
[2026-07-11T21:36:47.038+0000] {processor.py:208} INFO - Processing /opt/airflow/dags/avito_to_raw_midraw.py took 0.092 seconds
[2026-07-11T21:37:17.247+0000] {processor.py:186} INFO - Started process (PID=1338) to work on /opt/airflow/dags/avito_to_raw_midraw.py
[2026-07-11T21:37:17.248+0000] {processor.py:914} INFO - Processing file /opt/airflow/dags/avito_to_raw_midraw.py for tasks to queue
[2026-07-11T21:37:17.250+0000] {logging_mixin.py:190} INFO - [2026-07-11T21:37:17.249+0000] {dagbag.py:588} INFO - Filling up the DagBag from /opt/airflow/dags/avito_to_raw_midraw.py
[2026-07-11T21:37:17.262+0000] {processor.py:925} INFO - DAG(s) 'avito_to_raw_midraw' retrieved from /opt/airflow/dags/avito_to_raw_midraw.py
[2026-07-11T21:37:17.283+0000] {logging_mixin.py:190} INFO - [2026-07-11T21:37:17.283+0000] {dag.py:3239} INFO - Sync 1 DAGs
[2026-07-11T21:37:17.296+0000] {logging_mixin.py:190} INFO - [2026-07-11T21:37:17.296+0000] {dag.py:4180} INFO - Setting next_dagrun for avito_to_raw_midraw to 2026-07-11 21:00:00+00:00, run_after=2026-07-11 22:00:00+00:00
[2026-07-11T21:37:17.305+0000] {processor.py:208} INFO - Processing /opt/airflow/dags/avito_to_raw_midraw.py took 0.062 seconds
[2026-07-11T21:37:47.613+0000] {processor.py:186} INFO - Started process (PID=1340) to work on /opt/airflow/dags/avito_to_raw_midraw.py
[2026-07-11T21:37:47.613+0000] {processor.py:914} INFO - Processing file /opt/airflow/dags/avito_to_raw_midraw.py for tasks to queue
[2026-07-11T21:37:47.616+0000] {logging_mixin.py:190} INFO - [2026-07-11T21:37:47.616+0000] {dagbag.py:588} INFO - Filling up the DagBag from /opt/airflow/dags/avito_to_raw_midraw.py
[2026-07-11T21:37:47.639+0000] {processor.py:925} INFO - DAG(s) 'avito_to_raw_midraw' retrieved from /opt/airflow/dags/avito_to_raw_midraw.py
[2026-07-11T21:37:47.664+0000] {logging_mixin.py:190} INFO - [2026-07-11T21:37:47.664+0000] {dag.py:3239} INFO - Sync 1 DAGs
[2026-07-11T21:37:47.680+0000] {logging_mixin.py:190} INFO - [2026-07-11T21:37:47.680+0000] {dag.py:4180} INFO - Setting next_dagrun for avito_to_raw_midraw to 2026-07-11 21:00:00+00:00, run_after=2026-07-11 22:00:00+00:00
[2026-07-11T21:37:47.691+0000] {processor.py:208} INFO - Processing /opt/airflow/dags/avito_to_raw_midraw.py took 0.085 seconds
[2026-07-11T21:38:17.951+0000] {processor.py:186} INFO - Started process (PID=1342) to work on /opt/airflow/dags/avito_to_raw_midraw.py
[2026-07-11T21:38:17.952+0000] {processor.py:914} INFO - Processing file /opt/airflow/dags/avito_to_raw_midraw.py for tasks to queue
[2026-07-11T21:38:17.955+0000] {logging_mixin.py:190} INFO - [2026-07-11T21:38:17.955+0000] {dagbag.py:588} INFO - Filling up the DagBag from /opt/airflow/dags/avito_to_raw_midraw.py
[2026-07-11T21:38:17.977+0000] {processor.py:925} INFO - DAG(s) 'avito_to_raw_midraw' retrieved from /opt/airflow/dags/avito_to_raw_midraw.py
[2026-07-11T21:38:18.000+0000] {logging_mixin.py:190} INFO - [2026-07-11T21:38:18.000+0000] {dag.py:3239} INFO - Sync 1 DAGs
[2026-07-11T21:38:18.018+0000] {logging_mixin.py:190} INFO - [2026-07-11T21:38:18.018+0000] {dag.py:4180} INFO - Setting next_dagrun for avito_to_raw_midraw to 2026-07-11 21:00:00+00:00, run_after=2026-07-11 22:00:00+00:00
[2026-07-11T21:38:18.034+0000] {processor.py:208} INFO - Processing /opt/airflow/dags/avito_to_raw_midraw.py took 0.093 seconds
[2026-07-11T21:38:48.304+0000] {processor.py:186} INFO - Started process (PID=1344) to work on /opt/airflow/dags/avito_to_raw_midraw.py
[2026-07-11T21:38:48.306+0000] {processor.py:914} INFO - Processing file /opt/airflow/dags/avito_to_raw_midraw.py for tasks to queue
[2026-07-11T21:38:48.307+0000] {logging_mixin.py:190} INFO - [2026-07-11T21:38:48.307+0000] {dagbag.py:588} INFO - Filling up the DagBag from /opt/airflow/dags/avito_to_raw_midraw.py
[2026-07-11T21:38:48.333+0000] {processor.py:925} INFO - DAG(s) 'avito_to_raw_midraw' retrieved from /opt/airflow/dags/avito_to_raw_midraw.py
[2026-07-11T21:38:48.356+0000] {logging_mixin.py:190} INFO - [2026-07-11T21:38:48.356+0000] {dag.py:3239} INFO - Sync 1 DAGs
[2026-07-11T21:38:48.377+0000] {logging_mixin.py:190} INFO - [2026-07-11T21:38:48.377+0000] {dag.py:4180} INFO - Setting next_dagrun for avito_to_raw_midraw to 2026-07-11 21:00:00+00:00, run_after=2026-07-11 22:00:00+00:00
[2026-07-11T21:38:48.391+0000] {processor.py:208} INFO - Processing /opt/airflow/dags/avito_to_raw_midraw.py took 0.093 seconds
[2026-07-11T21:39:18.613+0000] {processor.py:186} INFO - Started process (PID=1346) to work on /opt/airflow/dags/avito_to_raw_midraw.py
[2026-07-11T21:39:18.614+0000] {processor.py:914} INFO - Processing file /opt/airflow/dags/avito_to_raw_midraw.py for tasks to queue
[2026-07-11T21:39:18.619+0000] {logging_mixin.py:190} INFO - [2026-07-11T21:39:18.619+0000] {dagbag.py:588} INFO - Filling up the DagBag from /opt/airflow/dags/avito_to_raw_midraw.py
[2026-07-11T21:39:18.642+0000] {processor.py:925} INFO - DAG(s) 'avito_to_raw_midraw' retrieved from /opt/airflow/dags/avito_to_raw_midraw.py
[2026-07-11T21:39:18.664+0000] {logging_mixin.py:190} INFO - [2026-07-11T21:39:18.664+0000] {dag.py:3239} INFO - Sync 1 DAGs
[2026-07-11T21:39:18.680+0000] {logging_mixin.py:190} INFO - [2026-07-11T21:39:18.680+0000] {dag.py:4180} INFO - Setting next_dagrun for avito_to_raw_midraw to 2026-07-11 21:00:00+00:00, run_after=2026-07-11 22:00:00+00:00
[2026-07-11T21:39:18.696+0000] {processor.py:208} INFO - Processing /opt/airflow/dags/avito_to_raw_midraw.py took 0.091 seconds
[2026-07-11T21:39:48.919+0000] {processor.py:186} INFO - Started process (PID=1348) to work on /opt/airflow/dags/avito_to_raw_midraw.py
[2026-07-11T21:39:48.920+0000] {processor.py:914} INFO - Processing file /opt/airflow/dags/avito_to_raw_midraw.py for tasks to queue
[2026-07-11T21:39:48.924+0000] {logging_mixin.py:190} INFO - [2026-07-11T21:39:48.924+0000] {dagbag.py:588} INFO - Filling up the DagBag from /opt/airflow/dags/avito_to_raw_midraw.py
[2026-07-11T21:39:48.954+0000] {processor.py:925} INFO - DAG(s) 'avito_to_raw_midraw' retrieved from /opt/airflow/dags/avito_to_raw_midraw.py
[2026-07-11T21:39:48.993+0000] {logging_mixin.py:190} INFO - [2026-07-11T21:39:48.993+0000] {dag.py:3239} INFO - Sync 1 DAGs
[2026-07-11T21:39:49.012+0000] {logging_mixin.py:190} INFO - [2026-07-11T21:39:49.012+0000] {dag.py:4180} INFO - Setting next_dagrun for avito_to_raw_midraw to 2026-07-11 21:00:00+00:00, run_after=2026-07-11 22:00:00+00:00
[2026-07-11T21:39:49.023+0000] {processor.py:208} INFO - Processing /opt/airflow/dags/avito_to_raw_midraw.py took 0.111 seconds
[2026-07-11T21:40:19.321+0000] {processor.py:186} INFO - Started process (PID=1350) to work on /opt/airflow/dags/avito_to_raw_midraw.py
[2026-07-11T21:40:19.322+0000] {processor.py:914} INFO - Processing file /opt/airflow/dags/avito_to_raw_midraw.py for tasks to queue
[2026-07-11T21:40:19.327+0000] {logging_mixin.py:190} INFO - [2026-07-11T21:40:19.326+0000] {dagbag.py:588} INFO - Filling up the DagBag from /opt/airflow/dags/avito_to_raw_midraw.py
[2026-07-11T21:40:19.352+0000] {processor.py:925} INFO - DAG(s) 'avito_to_raw_midraw' retrieved from /opt/airflow/dags/avito_to_raw_midraw.py
[2026-07-11T21:40:19.380+0000] {logging_mixin.py:190} INFO - [2026-07-11T21:40:19.379+0000] {dag.py:3239} INFO - Sync 1 DAGs
[2026-07-11T21:40:19.400+0000] {logging_mixin.py:190} INFO - [2026-07-11T21:40:19.400+0000] {dag.py:4180} INFO - Setting next_dagrun for avito_to_raw_midraw to 2026-07-11 21:00:00+00:00, run_after=2026-07-11 22:00:00+00:00
[2026-07-11T21:40:19.411+0000] {processor.py:208} INFO - Processing /opt/airflow/dags/avito_to_raw_midraw.py took 0.097 seconds
[2026-07-11T21:40:49.697+0000] {processor.py:186} INFO - Started process (PID=1352) to work on /opt/airflow/dags/avito_to_raw_midraw.py
[2026-07-11T21:40:49.697+0000] {processor.py:914} INFO - Processing file /opt/airflow/dags/avito_to_raw_midraw.py for tasks to queue
[2026-07-11T21:40:49.700+0000] {logging_mixin.py:190} INFO - [2026-07-11T21:40:49.700+0000] {dagbag.py:588} INFO - Filling up the DagBag from /opt/airflow/dags/avito_to_raw_midraw.py
[2026-07-11T21:40:49.716+0000] {processor.py:925} INFO - DAG(s) 'avito_to_raw_midraw' retrieved from /opt/airflow/dags/avito_to_raw_midraw.py
[2026-07-11T21:40:49.737+0000] {logging_mixin.py:190} INFO - [2026-07-11T21:40:49.737+0000] {dag.py:3239} INFO - Sync 1 DAGs
[2026-07-11T21:40:49.750+0000] {logging_mixin.py:190} INFO - [2026-07-11T21:40:49.750+0000] {dag.py:4180} INFO - Setting next_dagrun for avito_to_raw_midraw to 2026-07-11 21:00:00+00:00, run_after=2026-07-11 22:00:00+00:00
[2026-07-11T21:40:49.761+0000] {processor.py:208} INFO - Processing /opt/airflow/dags/avito_to_raw_midraw.py took 0.069 seconds
[2026-07-11T21:41:20.028+0000] {processor.py:186} INFO - Started process (PID=1354) to work on /opt/airflow/dags/avito_to_raw_midraw.py
[2026-07-11T21:41:20.029+0000] {processor.py:914} INFO - Processing file /opt/airflow/dags/avito_to_raw_midraw.py for tasks to queue
[2026-07-11T21:41:20.032+0000] {logging_mixin.py:190} INFO - [2026-07-11T21:41:20.031+0000] {dagbag.py:588} INFO - Filling up the DagBag from /opt/airflow/dags/avito_to_raw_midraw.py
[2026-07-11T21:41:20.055+0000] {processor.py:925} INFO - DAG(s) 'avito_to_raw_midraw' retrieved from /opt/airflow/dags/avito_to_raw_midraw.py
[2026-07-11T21:41:20.079+0000] {logging_mixin.py:190} INFO - [2026-07-11T21:41:20.079+0000] {dag.py:3239} INFO - Sync 1 DAGs
[2026-07-11T21:41:20.096+0000] {logging_mixin.py:190} INFO - [2026-07-11T21:41:20.096+0000] {dag.py:4180} INFO - Setting next_dagrun for avito_to_raw_midraw to 2026-07-11 21:00:00+00:00, run_after=2026-07-11 22:00:00+00:00
[2026-07-11T21:41:20.110+0000] {processor.py:208} INFO - Processing /opt/airflow/dags/avito_to_raw_midraw.py took 0.091 seconds
[2026-07-11T21:41:50.327+0000] {processor.py:186} INFO - Started process (PID=1356) to work on /opt/airflow/dags/avito_to_raw_midraw.py
[2026-07-11T21:41:50.327+0000] {processor.py:914} INFO - Processing file /opt/airflow/dags/avito_to_raw_midraw.py for tasks to queue
[2026-07-11T21:41:50.329+0000] {logging_mixin.py:190} INFO - [2026-07-11T21:41:50.329+0000] {dagbag.py:588} INFO - Filling up the DagBag from /opt/airflow/dags/avito_to_raw_midraw.py
[2026-07-11T21:41:50.344+0000] {processor.py:925} INFO - DAG(s) 'avito_to_raw_midraw' retrieved from /opt/airflow/dags/avito_to_raw_midraw.py
[2026-07-11T21:41:50.361+0000] {logging_mixin.py:190} INFO - [2026-07-11T21:41:50.361+0000] {dag.py:3239} INFO - Sync 1 DAGs
[2026-07-11T21:41:50.376+0000] {logging_mixin.py:190} INFO - [2026-07-11T21:41:50.376+0000] {dag.py:4180} INFO - Setting next_dagrun for avito_to_raw_midraw to 2026-07-11 21:00:00+00:00, run_after=2026-07-11 22:00:00+00:00
[2026-07-11T21:41:50.388+0000] {processor.py:208} INFO - Processing /opt/airflow/dags/avito_to_raw_midraw.py took 0.066 seconds
[2026-07-11T21:42:20.688+0000] {processor.py:186} INFO - Started process (PID=1358) to work on /opt/airflow/dags/avito_to_raw_midraw.py
[2026-07-11T21:42:20.689+0000] {processor.py:914} INFO - Processing file /opt/airflow/dags/avito_to_raw_midraw.py for tasks to queue
[2026-07-11T21:42:20.690+0000] {logging_mixin.py:190} INFO - [2026-07-11T21:42:20.690+0000] {dagbag.py:588} INFO - Filling up the DagBag from /opt/airflow/dags/avito_to_raw_midraw.py
[2026-07-11T21:42:20.701+0000] {processor.py:925} INFO - DAG(s) 'avito_to_raw_midraw' retrieved from /opt/airflow/dags/avito_to_raw_midraw.py
[2026-07-11T21:42:20.720+0000] {logging_mixin.py:190} INFO - [2026-07-11T21:42:20.720+0000] {dag.py:3239} INFO - Sync 1 DAGs
[2026-07-11T21:42:20.731+0000] {logging_mixin.py:190} INFO - [2026-07-11T21:42:20.731+0000] {dag.py:4180} INFO - Setting next_dagrun for avito_to_raw_midraw to 2026-07-11 21:00:00+00:00, run_after=2026-07-11 22:00:00+00:00
[2026-07-11T21:42:20.740+0000] {processor.py:208} INFO - Processing /opt/airflow/dags/avito_to_raw_midraw.py took 0.055 seconds
[2026-07-11T21:42:51.065+0000] {processor.py:186} INFO - Started process (PID=1360) to work on /opt/airflow/dags/avito_to_raw_midraw.py
[2026-07-11T21:42:51.065+0000] {processor.py:914} INFO - Processing file /opt/airflow/dags/avito_to_raw_midraw.py for tasks to queue
[2026-07-11T21:42:51.067+0000] {logging_mixin.py:190} INFO - [2026-07-11T21:42:51.067+0000] {dagbag.py:588} INFO - Filling up the DagBag from /opt/airflow/dags/avito_to_raw_midraw.py
[2026-07-11T21:42:51.081+0000] {processor.py:925} INFO - DAG(s) 'avito_to_raw_midraw' retrieved from /opt/airflow/dags/avito_to_raw_midraw.py
[2026-07-11T21:42:51.101+0000] {logging_mixin.py:190} INFO - [2026-07-11T21:42:51.101+0000] {dag.py:3239} INFO - Sync 1 DAGs
[2026-07-11T21:42:51.115+0000] {logging_mixin.py:190} INFO - [2026-07-11T21:42:51.115+0000] {dag.py:4180} INFO - Setting next_dagrun for avito_to_raw_midraw to 2026-07-11 21:00:00+00:00, run_after=2026-07-11 22:00:00+00:00
[2026-07-11T21:42:51.126+0000] {processor.py:208} INFO - Processing /opt/airflow/dags/avito_to_raw_midraw.py took 0.065 seconds
[2026-07-11T21:43:21.425+0000] {processor.py:186} INFO - Started process (PID=1362) to work on /opt/airflow/dags/avito_to_raw_midraw.py
[2026-07-11T21:43:21.426+0000] {processor.py:914} INFO - Processing file /opt/airflow/dags/avito_to_raw_midraw.py for tasks to queue
[2026-07-11T21:43:21.429+0000] {logging_mixin.py:190} INFO - [2026-07-11T21:43:21.429+0000] {dagbag.py:588} INFO - Filling up the DagBag from /opt/airflow/dags/avito_to_raw_midraw.py
[2026-07-11T21:43:21.450+0000] {processor.py:925} INFO - DAG(s) 'avito_to_raw_midraw' retrieved from /opt/airflow/dags/avito_to_raw_midraw.py
[2026-07-11T21:43:21.470+0000] {logging_mixin.py:190} INFO - [2026-07-11T21:43:21.470+0000] {dag.py:3239} INFO - Sync 1 DAGs
[2026-07-11T21:43:21.491+0000] {logging_mixin.py:190} INFO - [2026-07-11T21:43:21.491+0000] {dag.py:4180} INFO - Setting next_dagrun for avito_to_raw_midraw to 2026-07-11 21:00:00+00:00, run_after=2026-07-11 22:00:00+00:00
[2026-07-11T21:43:21.503+0000] {processor.py:208} INFO - Processing /opt/airflow/dags/avito_to_raw_midraw.py took 0.084 seconds
[2026-07-11T21:43:51.780+0000] {processor.py:186} INFO - Started process (PID=1364) to work on /opt/airflow/dags/avito_to_raw_midraw.py
[2026-07-11T21:43:51.780+0000] {processor.py:914} INFO - Processing file /opt/airflow/dags/avito_to_raw_midraw.py for tasks to queue
[2026-07-11T21:43:51.782+0000] {logging_mixin.py:190} INFO - [2026-07-11T21:43:51.782+0000] {dagbag.py:588} INFO - Filling up the DagBag from /opt/airflow/dags/avito_to_raw_midraw.py
[2026-07-11T21:43:51.794+0000] {processor.py:925} INFO - DAG(s) 'avito_to_raw_midraw' retrieved from /opt/airflow/dags/avito_to_raw_midraw.py
[2026-07-11T21:43:51.810+0000] {logging_mixin.py:190} INFO - [2026-07-11T21:43:51.810+0000] {dag.py:3239} INFO - Sync 1 DAGs
[2026-07-11T21:43:51.821+0000] {logging_mixin.py:190} INFO - [2026-07-11T21:43:51.821+0000] {dag.py:4180} INFO - Setting next_dagrun for avito_to_raw_midraw to 2026-07-11 21:00:00+00:00, run_after=2026-07-11 22:00:00+00:00
[2026-07-11T21:43:51.831+0000] {processor.py:208} INFO - Processing /opt/airflow/dags/avito_to_raw_midraw.py took 0.055 seconds
[2026-07-11T21:44:22.068+0000] {processor.py:186} INFO - Started process (PID=1366) to work on /opt/airflow/dags/avito_to_raw_midraw.py
[2026-07-11T21:44:22.069+0000] {processor.py:914} INFO - Processing file /opt/airflow/dags/avito_to_raw_midraw.py for tasks to queue
[2026-07-11T21:44:22.071+0000] {logging_mixin.py:190} INFO - [2026-07-11T21:44:22.071+0000] {dagbag.py:588} INFO - Filling up the DagBag from /opt/airflow/dags/avito_to_raw_midraw.py
[2026-07-11T21:44:22.085+0000] {processor.py:925} INFO - DAG(s) 'avito_to_raw_midraw' retrieved from /opt/airflow/dags/avito_to_raw_midraw.py
[2026-07-11T21:44:22.102+0000] {logging_mixin.py:190} INFO - [2026-07-11T21:44:22.102+0000] {dag.py:3239} INFO - Sync 1 DAGs
[2026-07-11T21:44:22.116+0000] {logging_mixin.py:190} INFO - [2026-07-11T21:44:22.115+0000] {dag.py:4180} INFO - Setting next_dagrun for avito_to_raw_midraw to 2026-07-11 21:00:00+00:00, run_after=2026-07-11 22:00:00+00:00
[2026-07-11T21:44:22.126+0000] {processor.py:208} INFO - Processing /opt/airflow/dags/avito_to_raw_midraw.py took 0.062 seconds
[2026-07-11T21:44:52.384+0000] {processor.py:186} INFO - Started process (PID=1368) to work on /opt/airflow/dags/avito_to_raw_midraw.py
[2026-07-11T21:44:52.384+0000] {processor.py:914} INFO - Processing file /opt/airflow/dags/avito_to_raw_midraw.py for tasks to queue
[2026-07-11T21:44:52.386+0000] {logging_mixin.py:190} INFO - [2026-07-11T21:44:52.385+0000] {dagbag.py:588} INFO - Filling up the DagBag from /opt/airflow/dags/avito_to_raw_midraw.py
[2026-07-11T21:44:52.396+0000] {processor.py:925} INFO - DAG(s) 'avito_to_raw_midraw' retrieved from /opt/airflow/dags/avito_to_raw_midraw.py
[2026-07-11T21:44:52.414+0000] {logging_mixin.py:190} INFO - [2026-07-11T21:44:52.414+0000] {dag.py:3239} INFO - Sync 1 DAGs
[2026-07-11T21:44:52.425+0000] {logging_mixin.py:190} INFO - [2026-07-11T21:44:52.425+0000] {dag.py:4180} INFO - Setting next_dagrun for avito_to_raw_midraw to 2026-07-11 21:00:00+00:00, run_after=2026-07-11 22:00:00+00:00
[2026-07-11T21:44:52.435+0000] {processor.py:208} INFO - Processing /opt/airflow/dags/avito_to_raw_midraw.py took 0.056 seconds
[2026-07-11T21:45:22.700+0000] {processor.py:186} INFO - Started process (PID=1370) to work on /opt/airflow/dags/avito_to_raw_midraw.py
[2026-07-11T21:45:22.701+0000] {processor.py:914} INFO - Processing file /opt/airflow/dags/avito_to_raw_midraw.py for tasks to queue
[2026-07-11T21:45:22.703+0000] {logging_mixin.py:190} INFO - [2026-07-11T21:45:22.703+0000] {dagbag.py:588} INFO - Filling up the DagBag from /opt/airflow/dags/avito_to_raw_midraw.py
[2026-07-11T21:45:22.721+0000] {processor.py:925} INFO - DAG(s) 'avito_to_raw_midraw' retrieved from /opt/airflow/dags/avito_to_raw_midraw.py
[2026-07-11T21:45:22.740+0000] {logging_mixin.py:190} INFO - [2026-07-11T21:45:22.740+0000] {dag.py:3239} INFO - Sync 1 DAGs
[2026-07-11T21:45:22.754+0000] {logging_mixin.py:190} INFO - [2026-07-11T21:45:22.754+0000] {dag.py:4180} INFO - Setting next_dagrun for avito_to_raw_midraw to 2026-07-11 21:00:00+00:00, run_after=2026-07-11 22:00:00+00:00
[2026-07-11T21:45:22.765+0000] {processor.py:208} INFO - Processing /opt/airflow/dags/avito_to_raw_midraw.py took 0.072 seconds
[2026-07-11T21:45:52.943+0000] {processor.py:186} INFO - Started process (PID=1372) to work on /opt/airflow/dags/avito_to_raw_midraw.py
[2026-07-11T21:45:52.943+0000] {processor.py:914} INFO - Processing file /opt/airflow/dags/avito_to_raw_midraw.py for tasks to queue
[2026-07-11T21:45:52.946+0000] {logging_mixin.py:190} INFO - [2026-07-11T21:45:52.946+0000] {dagbag.py:588} INFO - Filling up the DagBag from /opt/airflow/dags/avito_to_raw_midraw.py
[2026-07-11T21:45:52.964+0000] {processor.py:925} INFO - DAG(s) 'avito_to_raw_midraw' retrieved from /opt/airflow/dags/avito_to_raw_midraw.py
[2026-07-11T21:45:52.984+0000] {logging_mixin.py:190} INFO - [2026-07-11T21:45:52.984+0000] {dag.py:3239} INFO - Sync 1 DAGs
[2026-07-11T21:45:52.998+0000] {logging_mixin.py:190} INFO - [2026-07-11T21:45:52.998+0000] {dag.py:4180} INFO - Setting next_dagrun for avito_to_raw_midraw to 2026-07-11 21:00:00+00:00, run_after=2026-07-11 22:00:00+00:00
[2026-07-11T21:45:53.010+0000] {processor.py:208} INFO - Processing /opt/airflow/dags/avito_to_raw_midraw.py took 0.072 seconds
[2026-07-11T21:46:23.297+0000] {processor.py:186} INFO - Started process (PID=1374) to work on /opt/airflow/dags/avito_to_raw_midraw.py
[2026-07-11T21:46:23.298+0000] {processor.py:914} INFO - Processing file /opt/airflow/dags/avito_to_raw_midraw.py for tasks to queue
[2026-07-11T21:46:23.300+0000] {logging_mixin.py:190} INFO - [2026-07-11T21:46:23.300+0000] {dagbag.py:588} INFO - Filling up the DagBag from /opt/airflow/dags/avito_to_raw_midraw.py
[2026-07-11T21:46:23.318+0000] {processor.py:925} INFO - DAG(s) 'avito_to_raw_midraw' retrieved from /opt/airflow/dags/avito_to_raw_midraw.py
[2026-07-11T21:46:23.340+0000] {logging_mixin.py:190} INFO - [2026-07-11T21:46:23.339+0000] {dag.py:3239} INFO - Sync 1 DAGs
[2026-07-11T21:46:23.351+0000] {logging_mixin.py:190} INFO - [2026-07-11T21:46:23.351+0000] {dag.py:4180} INFO - Setting next_dagrun for avito_to_raw_midraw to 2026-07-11 21:00:00+00:00, run_after=2026-07-11 22:00:00+00:00
[2026-07-11T21:46:23.362+0000] {processor.py:208} INFO - Processing /opt/airflow/dags/avito_to_raw_midraw.py took 0.069 seconds
[2026-07-11T21:46:53.619+0000] {processor.py:186} INFO - Started process (PID=1376) to work on /opt/airflow/dags/avito_to_raw_midraw.py
[2026-07-11T21:46:53.620+0000] {processor.py:914} INFO - Processing file /opt/airflow/dags/avito_to_raw_midraw.py for tasks to queue
[2026-07-11T21:46:53.622+0000] {logging_mixin.py:190} INFO - [2026-07-11T21:46:53.622+0000] {dagbag.py:588} INFO - Filling up the DagBag from /opt/airflow/dags/avito_to_raw_midraw.py
[2026-07-11T21:46:53.635+0000] {processor.py:925} INFO - DAG(s) 'avito_to_raw_midraw' retrieved from /opt/airflow/dags/avito_to_raw_midraw.py
[2026-07-11T21:46:53.658+0000] {logging_mixin.py:190} INFO - [2026-07-11T21:46:53.658+0000] {dag.py:3239} INFO - Sync 1 DAGs
[2026-07-11T21:46:53.672+0000] {logging_mixin.py:190} INFO - [2026-07-11T21:46:53.672+0000] {dag.py:4180} INFO - Setting next_dagrun for avito_to_raw_midraw to 2026-07-11 21:00:00+00:00, run_after=2026-07-11 22:00:00+00:00
[2026-07-11T21:46:53.685+0000] {processor.py:208} INFO - Processing /opt/airflow/dags/avito_to_raw_midraw.py took 0.070 seconds
[2026-07-11T21:47:23.872+0000] {processor.py:186} INFO - Started process (PID=1378) to work on /opt/airflow/dags/avito_to_raw_midraw.py
[2026-07-11T21:47:23.872+0000] {processor.py:914} INFO - Processing file /opt/airflow/dags/avito_to_raw_midraw.py for tasks to queue
[2026-07-11T21:47:23.876+0000] {logging_mixin.py:190} INFO - [2026-07-11T21:47:23.876+0000] {dagbag.py:588} INFO - Filling up the DagBag from /opt/airflow/dags/avito_to_raw_midraw.py
[2026-07-11T21:47:23.891+0000] {processor.py:925} INFO - DAG(s) 'avito_to_raw_midraw' retrieved from /opt/airflow/dags/avito_to_raw_midraw.py
[2026-07-11T21:47:23.911+0000] {logging_mixin.py:190} INFO - [2026-07-11T21:47:23.911+0000] {dag.py:3239} INFO - Sync 1 DAGs
[2026-07-11T21:47:23.924+0000] {logging_mixin.py:190} INFO - [2026-07-11T21:47:23.924+0000] {dag.py:4180} INFO - Setting next_dagrun for avito_to_raw_midraw to 2026-07-11 21:00:00+00:00, run_after=2026-07-11 22:00:00+00:00
[2026-07-11T21:47:23.935+0000] {processor.py:208} INFO - Processing /opt/airflow/dags/avito_to_raw_midraw.py took 0.070 seconds
[2026-07-11T21:47:54.236+0000] {processor.py:186} INFO - Started process (PID=1380) to work on /opt/airflow/dags/avito_to_raw_midraw.py
[2026-07-11T21:47:54.237+0000] {processor.py:914} INFO - Processing file /opt/airflow/dags/avito_to_raw_midraw.py for tasks to queue
[2026-07-11T21:47:54.239+0000] {logging_mixin.py:190} INFO - [2026-07-11T21:47:54.239+0000] {dagbag.py:588} INFO - Filling up the DagBag from /opt/airflow/dags/avito_to_raw_midraw.py
[2026-07-11T21:47:54.254+0000] {processor.py:925} INFO - DAG(s) 'avito_to_raw_midraw' retrieved from /opt/airflow/dags/avito_to_raw_midraw.py
[2026-07-11T21:47:54.277+0000] {logging_mixin.py:190} INFO - [2026-07-11T21:47:54.277+0000] {dag.py:3239} INFO - Sync 1 DAGs
[2026-07-11T21:47:54.290+0000] {logging_mixin.py:190} INFO - [2026-07-11T21:47:54.290+0000] {dag.py:4180} INFO - Setting next_dagrun for avito_to_raw_midraw to 2026-07-11 21:00:00+00:00, run_after=2026-07-11 22:00:00+00:00
[2026-07-11T21:47:54.301+0000] {processor.py:208} INFO - Processing /opt/airflow/dags/avito_to_raw_midraw.py took 0.070 seconds
[2026-07-11T21:48:24.590+0000] {processor.py:186} INFO - Started process (PID=1382) to work on /opt/airflow/dags/avito_to_raw_midraw.py
[2026-07-11T21:48:24.591+0000] {processor.py:914} INFO - Processing file /opt/airflow/dags/avito_to_raw_midraw.py for tasks to queue
[2026-07-11T21:48:24.594+0000] {logging_mixin.py:190} INFO - [2026-07-11T21:48:24.594+0000] {dagbag.py:588} INFO - Filling up the DagBag from /opt/airflow/dags/avito_to_raw_midraw.py
[2026-07-11T21:48:24.610+0000] {processor.py:925} INFO - DAG(s) 'avito_to_raw_midraw' retrieved from /opt/airflow/dags/avito_to_raw_midraw.py
[2026-07-11T21:48:24.634+0000] {logging_mixin.py:190} INFO - [2026-07-11T21:48:24.633+0000] {dag.py:3239} INFO - Sync 1 DAGs
[2026-07-11T21:48:24.649+0000] {logging_mixin.py:190} INFO - [2026-07-11T21:48:24.649+0000] {dag.py:4180} INFO - Setting next_dagrun for avito_to_raw_midraw to 2026-07-11 21:00:00+00:00, run_after=2026-07-11 22:00:00+00:00
[2026-07-11T21:48:24.661+0000] {processor.py:208} INFO - Processing /opt/airflow/dags/avito_to_raw_midraw.py took 0.076 seconds
[2026-07-11T21:48:54.905+0000] {processor.py:186} INFO - Started process (PID=1384) to work on /opt/airflow/dags/avito_to_raw_midraw.py
[2026-07-11T21:48:54.907+0000] {processor.py:914} INFO - Processing file /opt/airflow/dags/avito_to_raw_midraw.py for tasks to queue
[2026-07-11T21:48:54.909+0000] {logging_mixin.py:190} INFO - [2026-07-11T21:48:54.909+0000] {dagbag.py:588} INFO - Filling up the DagBag from /opt/airflow/dags/avito_to_raw_midraw.py
[2026-07-11T21:48:54.928+0000] {processor.py:925} INFO - DAG(s) 'avito_to_raw_midraw' retrieved from /opt/airflow/dags/avito_to_raw_midraw.py
[2026-07-11T21:48:54.953+0000] {logging_mixin.py:190} INFO - [2026-07-11T21:48:54.953+0000] {dag.py:3239} INFO - Sync 1 DAGs
[2026-07-11T21:48:54.967+0000] {logging_mixin.py:190} INFO - [2026-07-11T21:48:54.967+0000] {dag.py:4180} INFO - Setting next_dagrun for avito_to_raw_midraw to 2026-07-11 21:00:00+00:00, run_after=2026-07-11 22:00:00+00:00
[2026-07-11T21:48:54.979+0000] {processor.py:208} INFO - Processing /opt/airflow/dags/avito_to_raw_midraw.py took 0.078 seconds
[2026-07-11T21:49:25.207+0000] {processor.py:186} INFO - Started process (PID=1386) to work on /opt/airflow/dags/avito_to_raw_midraw.py
[2026-07-11T21:49:25.208+0000] {processor.py:914} INFO - Processing file /opt/airflow/dags/avito_to_raw_midraw.py for tasks to queue
[2026-07-11T21:49:25.213+0000] {logging_mixin.py:190} INFO - [2026-07-11T21:49:25.212+0000] {dagbag.py:588} INFO - Filling up the DagBag from /opt/airflow/dags/avito_to_raw_midraw.py
[2026-07-11T21:49:25.232+0000] {processor.py:925} INFO - DAG(s) 'avito_to_raw_midraw' retrieved from /opt/airflow/dags/avito_to_raw_midraw.py
[2026-07-11T21:49:25.254+0000] {logging_mixin.py:190} INFO - [2026-07-11T21:49:25.254+0000] {dag.py:3239} INFO - Sync 1 DAGs
[2026-07-11T21:49:25.267+0000] {logging_mixin.py:190} INFO - [2026-07-11T21:49:25.266+0000] {dag.py:4180} INFO - Setting next_dagrun for avito_to_raw_midraw to 2026-07-11 21:00:00+00:00, run_after=2026-07-11 22:00:00+00:00
[2026-07-11T21:49:25.276+0000] {processor.py:208} INFO - Processing /opt/airflow/dags/avito_to_raw_midraw.py took 0.077 seconds
[2026-07-11T21:49:55.486+0000] {processor.py:186} INFO - Started process (PID=1388) to work on /opt/airflow/dags/avito_to_raw_midraw.py
[2026-07-11T21:49:55.486+0000] {processor.py:914} INFO - Processing file /opt/airflow/dags/avito_to_raw_midraw.py for tasks to queue
[2026-07-11T21:49:55.488+0000] {logging_mixin.py:190} INFO - [2026-07-11T21:49:55.488+0000] {dagbag.py:588} INFO - Filling up the DagBag from /opt/airflow/dags/avito_to_raw_midraw.py
[2026-07-11T21:49:55.501+0000] {processor.py:925} INFO - DAG(s) 'avito_to_raw_midraw' retrieved from /opt/airflow/dags/avito_to_raw_midraw.py
[2026-07-11T21:49:55.527+0000] {logging_mixin.py:190} INFO - [2026-07-11T21:49:55.527+0000] {dag.py:3239} INFO - Sync 1 DAGs
[2026-07-11T21:49:55.539+0000] {logging_mixin.py:190} INFO - [2026-07-11T21:49:55.539+0000] {dag.py:4180} INFO - Setting next_dagrun for avito_to_raw_midraw to 2026-07-11 21:00:00+00:00, run_after=2026-07-11 22:00:00+00:00
[2026-07-11T21:49:55.552+0000] {processor.py:208} INFO - Processing /opt/airflow/dags/avito_to_raw_midraw.py took 0.071 seconds
[2026-07-11T21:50:25.790+0000] {processor.py:186} INFO - Started process (PID=1390) to work on /opt/airflow/dags/avito_to_raw_midraw.py
[2026-07-11T21:50:25.791+0000] {processor.py:914} INFO - Processing file /opt/airflow/dags/avito_to_raw_midraw.py for tasks to queue
[2026-07-11T21:50:25.794+0000] {logging_mixin.py:190} INFO - [2026-07-11T21:50:25.794+0000] {dagbag.py:588} INFO - Filling up the DagBag from /opt/airflow/dags/avito_to_raw_midraw.py
[2026-07-11T21:50:25.814+0000] {processor.py:925} INFO - DAG(s) 'avito_to_raw_midraw' retrieved from /opt/airflow/dags/avito_to_raw_midraw.py
[2026-07-11T21:50:25.833+0000] {logging_mixin.py:190} INFO - [2026-07-11T21:50:25.833+0000] {dag.py:3239} INFO - Sync 1 DAGs
[2026-07-11T21:50:25.846+0000] {logging_mixin.py:190} INFO - [2026-07-11T21:50:25.846+0000] {dag.py:4180} INFO - Setting next_dagrun for avito_to_raw_midraw to 2026-07-11 21:00:00+00:00, run_after=2026-07-11 22:00:00+00:00
[2026-07-11T21:50:25.858+0000] {processor.py:208} INFO - Processing /opt/airflow/dags/avito_to_raw_midraw.py took 0.073 seconds
[2026-07-11T21:50:56.100+0000] {processor.py:186} INFO - Started process (PID=1392) to work on /opt/airflow/dags/avito_to_raw_midraw.py
[2026-07-11T21:50:56.101+0000] {processor.py:914} INFO - Processing file /opt/airflow/dags/avito_to_raw_midraw.py for tasks to queue
[2026-07-11T21:50:56.102+0000] {logging_mixin.py:190} INFO - [2026-07-11T21:50:56.102+0000] {dagbag.py:588} INFO - Filling up the DagBag from /opt/airflow/dags/avito_to_raw_midraw.py
[2026-07-11T21:50:56.122+0000] {processor.py:925} INFO - DAG(s) 'avito_to_raw_midraw' retrieved from /opt/airflow/dags/avito_to_raw_midraw.py
[2026-07-11T21:50:56.148+0000] {logging_mixin.py:190} INFO - [2026-07-11T21:50:56.148+0000] {dag.py:3239} INFO - Sync 1 DAGs
[2026-07-11T21:50:56.164+0000] {logging_mixin.py:190} INFO - [2026-07-11T21:50:56.164+0000] {dag.py:4180} INFO - Setting next_dagrun for avito_to_raw_midraw to 2026-07-11 21:00:00+00:00, run_after=2026-07-11 22:00:00+00:00
[2026-07-11T21:50:56.176+0000] {processor.py:208} INFO - Processing /opt/airflow/dags/avito_to_raw_midraw.py took 0.083 seconds
[2026-07-11T21:51:26.368+0000] {processor.py:186} INFO - Started process (PID=1394) to work on /opt/airflow/dags/avito_to_raw_midraw.py
[2026-07-11T21:51:26.369+0000] {processor.py:914} INFO - Processing file /opt/airflow/dags/avito_to_raw_midraw.py for tasks to queue
[2026-07-11T21:51:26.372+0000] {logging_mixin.py:190} INFO - [2026-07-11T21:51:26.372+0000] {dagbag.py:588} INFO - Filling up the DagBag from /opt/airflow/dags/avito_to_raw_midraw.py
[2026-07-11T21:51:26.387+0000] {processor.py:925} INFO - DAG(s) 'avito_to_raw_midraw' retrieved from /opt/airflow/dags/avito_to_raw_midraw.py
[2026-07-11T21:51:26.409+0000] {logging_mixin.py:190} INFO - [2026-07-11T21:51:26.409+0000] {dag.py:3239} INFO - Sync 1 DAGs
[2026-07-11T21:51:26.426+0000] {logging_mixin.py:190} INFO - [2026-07-11T21:51:26.426+0000] {dag.py:4180} INFO - Setting next_dagrun for avito_to_raw_midraw to 2026-07-11 21:00:00+00:00, run_after=2026-07-11 22:00:00+00:00
[2026-07-11T21:51:26.440+0000] {processor.py:208} INFO - Processing /opt/airflow/dags/avito_to_raw_midraw.py took 0.077 seconds
[2026-07-11T21:51:56.648+0000] {processor.py:186} INFO - Started process (PID=1396) to work on /opt/airflow/dags/avito_to_raw_midraw.py
[2026-07-11T21:51:56.650+0000] {processor.py:914} INFO - Processing file /opt/airflow/dags/avito_to_raw_midraw.py for tasks to queue
[2026-07-11T21:51:56.653+0000] {logging_mixin.py:190} INFO - [2026-07-11T21:51:56.653+0000] {dagbag.py:588} INFO - Filling up the DagBag from /opt/airflow/dags/avito_to_raw_midraw.py
[2026-07-11T21:51:56.670+0000] {processor.py:925} INFO - DAG(s) 'avito_to_raw_midraw' retrieved from /opt/airflow/dags/avito_to_raw_midraw.py
[2026-07-11T21:51:56.686+0000] {logging_mixin.py:190} INFO - [2026-07-11T21:51:56.686+0000] {dag.py:3239} INFO - Sync 1 DAGs
[2026-07-11T21:51:56.699+0000] {logging_mixin.py:190} INFO - [2026-07-11T21:51:56.699+0000] {dag.py:4180} INFO - Setting next_dagrun for avito_to_raw_midraw to 2026-07-11 21:00:00+00:00, run_after=2026-07-11 22:00:00+00:00
[2026-07-11T21:51:56.707+0000] {processor.py:208} INFO - Processing /opt/airflow/dags/avito_to_raw_midraw.py took 0.064 seconds
[2026-07-11T21:52:26.993+0000] {processor.py:186} INFO - Started process (PID=1398) to work on /opt/airflow/dags/avito_to_raw_midraw.py
[2026-07-11T21:52:26.994+0000] {processor.py:914} INFO - Processing file /opt/airflow/dags/avito_to_raw_midraw.py for tasks to queue
[2026-07-11T21:52:26.995+0000] {logging_mixin.py:190} INFO - [2026-07-11T21:52:26.995+0000] {dagbag.py:588} INFO - Filling up the DagBag from /opt/airflow/dags/avito_to_raw_midraw.py
[2026-07-11T21:52:27.008+0000] {processor.py:925} INFO - DAG(s) 'avito_to_raw_midraw' retrieved from /opt/airflow/dags/avito_to_raw_midraw.py
[2026-07-11T21:52:27.029+0000] {logging_mixin.py:190} INFO - [2026-07-11T21:52:27.029+0000] {dag.py:3239} INFO - Sync 1 DAGs
[2026-07-11T21:52:27.040+0000] {logging_mixin.py:190} INFO - [2026-07-11T21:52:27.040+0000] {dag.py:4180} INFO - Setting next_dagrun for avito_to_raw_midraw to 2026-07-11 21:00:00+00:00, run_after=2026-07-11 22:00:00+00:00
[2026-07-11T21:52:27.051+0000] {processor.py:208} INFO - Processing /opt/airflow/dags/avito_to_raw_midraw.py took 0.062 seconds
[2026-07-11T21:52:57.339+0000] {processor.py:186} INFO - Started process (PID=1400) to work on /opt/airflow/dags/avito_to_raw_midraw.py
[2026-07-11T21:52:57.340+0000] {processor.py:914} INFO - Processing file /opt/airflow/dags/avito_to_raw_midraw.py for tasks to queue
[2026-07-11T21:52:57.342+0000] {logging_mixin.py:190} INFO - [2026-07-11T21:52:57.342+0000] {dagbag.py:588} INFO - Filling up the DagBag from /opt/airflow/dags/avito_to_raw_midraw.py
[2026-07-11T21:52:57.358+0000] {processor.py:925} INFO - DAG(s) 'avito_to_raw_midraw' retrieved from /opt/airflow/dags/avito_to_raw_midraw.py
[2026-07-11T21:52:57.379+0000] {logging_mixin.py:190} INFO - [2026-07-11T21:52:57.378+0000] {dag.py:3239} INFO - Sync 1 DAGs
[2026-07-11T21:52:57.396+0000] {logging_mixin.py:190} INFO - [2026-07-11T21:52:57.396+0000] {dag.py:4180} INFO - Setting next_dagrun for avito_to_raw_midraw to 2026-07-11 21:00:00+00:00, run_after=2026-07-11 22:00:00+00:00
[2026-07-11T21:52:57.409+0000] {processor.py:208} INFO - Processing /opt/airflow/dags/avito_to_raw_midraw.py took 0.074 seconds
[2026-07-11T21:53:27.720+0000] {processor.py:186} INFO - Started process (PID=1402) to work on /opt/airflow/dags/avito_to_raw_midraw.py
[2026-07-11T21:53:27.721+0000] {processor.py:914} INFO - Processing file /opt/airflow/dags/avito_to_raw_midraw.py for tasks to queue
[2026-07-11T21:53:27.724+0000] {logging_mixin.py:190} INFO - [2026-07-11T21:53:27.724+0000] {dagbag.py:588} INFO - Filling up the DagBag from /opt/airflow/dags/avito_to_raw_midraw.py
[2026-07-11T21:53:27.742+0000] {processor.py:925} INFO - DAG(s) 'avito_to_raw_midraw' retrieved from /opt/airflow/dags/avito_to_raw_midraw.py
[2026-07-11T21:53:27.762+0000] {logging_mixin.py:190} INFO - [2026-07-11T21:53:27.762+0000] {dag.py:3239} INFO - Sync 1 DAGs
[2026-07-11T21:53:27.778+0000] {logging_mixin.py:190} INFO - [2026-07-11T21:53:27.778+0000] {dag.py:4180} INFO - Setting next_dagrun for avito_to_raw_midraw to 2026-07-11 21:00:00+00:00, run_after=2026-07-11 22:00:00+00:00
[2026-07-11T21:53:27.788+0000] {processor.py:208} INFO - Processing /opt/airflow/dags/avito_to_raw_midraw.py took 0.072 seconds
[2026-07-11T21:53:58.008+0000] {processor.py:186} INFO - Started process (PID=1404) to work on /opt/airflow/dags/avito_to_raw_midraw.py
[2026-07-11T21:53:58.009+0000] {processor.py:914} INFO - Processing file /opt/airflow/dags/avito_to_raw_midraw.py for tasks to queue
[2026-07-11T21:53:58.012+0000] {logging_mixin.py:190} INFO - [2026-07-11T21:53:58.011+0000] {dagbag.py:588} INFO - Filling up the DagBag from /opt/airflow/dags/avito_to_raw_midraw.py
[2026-07-11T21:53:58.028+0000] {processor.py:925} INFO - DAG(s) 'avito_to_raw_midraw' retrieved from /opt/airflow/dags/avito_to_raw_midraw.py
[2026-07-11T21:53:58.050+0000] {logging_mixin.py:190} INFO - [2026-07-11T21:53:58.050+0000] {dag.py:3239} INFO - Sync 1 DAGs
[2026-07-11T21:53:58.064+0000] {logging_mixin.py:190} INFO - [2026-07-11T21:53:58.064+0000] {dag.py:4180} INFO - Setting next_dagrun for avito_to_raw_midraw to 2026-07-11 21:00:00+00:00, run_after=2026-07-11 22:00:00+00:00
[2026-07-11T21:53:58.073+0000] {processor.py:208} INFO - Processing /opt/airflow/dags/avito_to_raw_midraw.py took 0.070 seconds
[2026-07-11T21:54:28.393+0000] {processor.py:186} INFO - Started process (PID=1406) to work on /opt/airflow/dags/avito_to_raw_midraw.py
[2026-07-11T21:54:28.394+0000] {processor.py:914} INFO - Processing file /opt/airflow/dags/avito_to_raw_midraw.py for tasks to queue
[2026-07-11T21:54:28.397+0000] {logging_mixin.py:190} INFO - [2026-07-11T21:54:28.397+0000] {dagbag.py:588} INFO - Filling up the DagBag from /opt/airflow/dags/avito_to_raw_midraw.py
[2026-07-11T21:54:28.418+0000] {processor.py:925} INFO - DAG(s) 'avito_to_raw_midraw' retrieved from /opt/airflow/dags/avito_to_raw_midraw.py
[2026-07-11T21:54:28.445+0000] {logging_mixin.py:190} INFO - [2026-07-11T21:54:28.445+0000] {dag.py:3239} INFO - Sync 1 DAGs
[2026-07-11T21:54:28.462+0000] {logging_mixin.py:190} INFO - [2026-07-11T21:54:28.462+0000] {dag.py:4180} INFO - Setting next_dagrun for avito_to_raw_midraw to 2026-07-11 21:00:00+00:00, run_after=2026-07-11 22:00:00+00:00
[2026-07-11T21:54:28.477+0000] {processor.py:208} INFO - Processing /opt/airflow/dags/avito_to_raw_midraw.py took 0.087 seconds
[2026-07-11T21:54:58.686+0000] {processor.py:186} INFO - Started process (PID=1408) to work on /opt/airflow/dags/avito_to_raw_midraw.py
[2026-07-11T21:54:58.687+0000] {processor.py:914} INFO - Processing file /opt/airflow/dags/avito_to_raw_midraw.py for tasks to queue
[2026-07-11T21:54:58.690+0000] {logging_mixin.py:190} INFO - [2026-07-11T21:54:58.689+0000] {dagbag.py:588} INFO - Filling up the DagBag from /opt/airflow/dags/avito_to_raw_midraw.py
[2026-07-11T21:54:58.704+0000] {processor.py:925} INFO - DAG(s) 'avito_to_raw_midraw' retrieved from /opt/airflow/dags/avito_to_raw_midraw.py
[2026-07-11T21:54:58.729+0000] {logging_mixin.py:190} INFO - [2026-07-11T21:54:58.729+0000] {dag.py:3239} INFO - Sync 1 DAGs
[2026-07-11T21:54:58.747+0000] {logging_mixin.py:190} INFO - [2026-07-11T21:54:58.747+0000] {dag.py:4180} INFO - Setting next_dagrun for avito_to_raw_midraw to 2026-07-11 21:00:00+00:00, run_after=2026-07-11 22:00:00+00:00
[2026-07-11T21:54:58.759+0000] {processor.py:208} INFO - Processing /opt/airflow/dags/avito_to_raw_midraw.py took 0.078 seconds
[2026-07-11T21:55:29.051+0000] {processor.py:186} INFO - Started process (PID=1410) to work on /opt/airflow/dags/avito_to_raw_midraw.py
[2026-07-11T21:55:29.052+0000] {processor.py:914} INFO - Processing file /opt/airflow/dags/avito_to_raw_midraw.py for tasks to queue
[2026-07-11T21:55:29.055+0000] {logging_mixin.py:190} INFO - [2026-07-11T21:55:29.054+0000] {dagbag.py:588} INFO - Filling up the DagBag from /opt/airflow/dags/avito_to_raw_midraw.py
[2026-07-11T21:55:29.072+0000] {processor.py:925} INFO - DAG(s) 'avito_to_raw_midraw' retrieved from /opt/airflow/dags/avito_to_raw_midraw.py
[2026-07-11T21:55:29.093+0000] {logging_mixin.py:190} INFO - [2026-07-11T21:55:29.093+0000] {dag.py:3239} INFO - Sync 1 DAGs
[2026-07-11T21:55:29.105+0000] {logging_mixin.py:190} INFO - [2026-07-11T21:55:29.105+0000] {dag.py:4180} INFO - Setting next_dagrun for avito_to_raw_midraw to 2026-07-11 21:00:00+00:00, run_after=2026-07-11 22:00:00+00:00
[2026-07-11T21:55:29.117+0000] {processor.py:208} INFO - Processing /opt/airflow/dags/avito_to_raw_midraw.py took 0.071 seconds
[2026-07-11T21:55:59.368+0000] {processor.py:186} INFO - Started process (PID=1412) to work on /opt/airflow/dags/avito_to_raw_midraw.py
[2026-07-11T21:55:59.369+0000] {processor.py:914} INFO - Processing file /opt/airflow/dags/avito_to_raw_midraw.py for tasks to queue
[2026-07-11T21:55:59.371+0000] {logging_mixin.py:190} INFO - [2026-07-11T21:55:59.370+0000] {dagbag.py:588} INFO - Filling up the DagBag from /opt/airflow/dags/avito_to_raw_midraw.py
[2026-07-11T21:55:59.393+0000] {processor.py:925} INFO - DAG(s) 'avito_to_raw_midraw' retrieved from /opt/airflow/dags/avito_to_raw_midraw.py
[2026-07-11T21:55:59.416+0000] {logging_mixin.py:190} INFO - [2026-07-11T21:55:59.416+0000] {dag.py:3239} INFO - Sync 1 DAGs
[2026-07-11T21:55:59.432+0000] {logging_mixin.py:190} INFO - [2026-07-11T21:55:59.432+0000] {dag.py:4180} INFO - Setting next_dagrun for avito_to_raw_midraw to 2026-07-11 21:00:00+00:00, run_after=2026-07-11 22:00:00+00:00
[2026-07-11T21:55:59.444+0000] {processor.py:208} INFO - Processing /opt/airflow/dags/avito_to_raw_midraw.py took 0.080 seconds
[2026-07-11T21:56:29.661+0000] {processor.py:186} INFO - Started process (PID=1414) to work on /opt/airflow/dags/avito_to_raw_midraw.py
[2026-07-11T21:56:29.661+0000] {processor.py:914} INFO - Processing file /opt/airflow/dags/avito_to_raw_midraw.py for tasks to queue
[2026-07-11T21:56:29.663+0000] {logging_mixin.py:190} INFO - [2026-07-11T21:56:29.663+0000] {dagbag.py:588} INFO - Filling up the DagBag from /opt/airflow/dags/avito_to_raw_midraw.py
[2026-07-11T21:56:29.678+0000] {processor.py:925} INFO - DAG(s) 'avito_to_raw_midraw' retrieved from /opt/airflow/dags/avito_to_raw_midraw.py
[2026-07-11T21:56:29.698+0000] {logging_mixin.py:190} INFO - [2026-07-11T21:56:29.698+0000] {dag.py:3239} INFO - Sync 1 DAGs
[2026-07-11T21:56:29.713+0000] {logging_mixin.py:190} INFO - [2026-07-11T21:56:29.713+0000] {dag.py:4180} INFO - Setting next_dagrun for avito_to_raw_midraw to 2026-07-11 21:00:00+00:00, run_after=2026-07-11 22:00:00+00:00
[2026-07-11T21:56:29.730+0000] {processor.py:208} INFO - Processing /opt/airflow/dags/avito_to_raw_midraw.py took 0.074 seconds
[2026-07-11T21:57:00.028+0000] {processor.py:186} INFO - Started process (PID=1416) to work on /opt/airflow/dags/avito_to_raw_midraw.py
[2026-07-11T21:57:00.029+0000] {processor.py:914} INFO - Processing file /opt/airflow/dags/avito_to_raw_midraw.py for tasks to queue
[2026-07-11T21:57:00.033+0000] {logging_mixin.py:190} INFO - [2026-07-11T21:57:00.033+0000] {dagbag.py:588} INFO - Filling up the DagBag from /opt/airflow/dags/avito_to_raw_midraw.py
[2026-07-11T21:57:00.046+0000] {processor.py:925} INFO - DAG(s) 'avito_to_raw_midraw' retrieved from /opt/airflow/dags/avito_to_raw_midraw.py
[2026-07-11T21:57:00.067+0000] {logging_mixin.py:190} INFO - [2026-07-11T21:57:00.067+0000] {dag.py:3239} INFO - Sync 1 DAGs
[2026-07-11T21:57:00.082+0000] {logging_mixin.py:190} INFO - [2026-07-11T21:57:00.081+0000] {dag.py:4180} INFO - Setting next_dagrun for avito_to_raw_midraw to 2026-07-11 21:00:00+00:00, run_after=2026-07-11 22:00:00+00:00
[2026-07-11T21:57:00.091+0000] {processor.py:208} INFO - Processing /opt/airflow/dags/avito_to_raw_midraw.py took 0.069 seconds
[2026-07-11T21:57:30.294+0000] {processor.py:186} INFO - Started process (PID=1418) to work on /opt/airflow/dags/avito_to_raw_midraw.py
[2026-07-11T21:57:30.294+0000] {processor.py:914} INFO - Processing file /opt/airflow/dags/avito_to_raw_midraw.py for tasks to queue
[2026-07-11T21:57:30.297+0000] {logging_mixin.py:190} INFO - [2026-07-11T21:57:30.296+0000] {dagbag.py:588} INFO - Filling up the DagBag from /opt/airflow/dags/avito_to_raw_midraw.py
[2026-07-11T21:57:30.311+0000] {processor.py:925} INFO - DAG(s) 'avito_to_raw_midraw' retrieved from /opt/airflow/dags/avito_to_raw_midraw.py
[2026-07-11T21:57:30.335+0000] {logging_mixin.py:190} INFO - [2026-07-11T21:57:30.335+0000] {dag.py:3239} INFO - Sync 1 DAGs
[2026-07-11T21:57:30.348+0000] {logging_mixin.py:190} INFO - [2026-07-11T21:57:30.348+0000] {dag.py:4180} INFO - Setting next_dagrun for avito_to_raw_midraw to 2026-07-11 21:00:00+00:00, run_after=2026-07-11 22:00:00+00:00
[2026-07-11T21:57:30.362+0000] {processor.py:208} INFO - Processing /opt/airflow/dags/avito_to_raw_midraw.py took 0.072 seconds
[2026-07-11T21:58:00.622+0000] {processor.py:186} INFO - Started process (PID=1420) to work on /opt/airflow/dags/avito_to_raw_midraw.py
[2026-07-11T21:58:00.623+0000] {processor.py:914} INFO - Processing file /opt/airflow/dags/avito_to_raw_midraw.py for tasks to queue
[2026-07-11T21:58:00.626+0000] {logging_mixin.py:190} INFO - [2026-07-11T21:58:00.625+0000] {dagbag.py:588} INFO - Filling up the DagBag from /opt/airflow/dags/avito_to_raw_midraw.py
[2026-07-11T21:58:00.646+0000] {processor.py:925} INFO - DAG(s) 'avito_to_raw_midraw' retrieved from /opt/airflow/dags/avito_to_raw_midraw.py
[2026-07-11T21:58:00.669+0000] {logging_mixin.py:190} INFO - [2026-07-11T21:58:00.669+0000] {dag.py:3239} INFO - Sync 1 DAGs
[2026-07-11T21:58:00.689+0000] {logging_mixin.py:190} INFO - [2026-07-11T21:58:00.689+0000] {dag.py:4180} INFO - Setting next_dagrun for avito_to_raw_midraw to 2026-07-11 21:00:00+00:00, run_after=2026-07-11 22:00:00+00:00
[2026-07-11T21:58:00.700+0000] {processor.py:208} INFO - Processing /opt/airflow/dags/avito_to_raw_midraw.py took 0.083 seconds
[2026-07-11T21:58:30.917+0000] {processor.py:186} INFO - Started process (PID=1422) to work on /opt/airflow/dags/avito_to_raw_midraw.py
[2026-07-11T21:58:30.917+0000] {processor.py:914} INFO - Processing file /opt/airflow/dags/avito_to_raw_midraw.py for tasks to queue
[2026-07-11T21:58:30.919+0000] {logging_mixin.py:190} INFO - [2026-07-11T21:58:30.919+0000] {dagbag.py:588} INFO - Filling up the DagBag from /opt/airflow/dags/avito_to_raw_midraw.py
[2026-07-11T21:58:30.935+0000] {processor.py:925} INFO - DAG(s) 'avito_to_raw_midraw' retrieved from /opt/airflow/dags/avito_to_raw_midraw.py
[2026-07-11T21:58:30.957+0000] {logging_mixin.py:190} INFO - [2026-07-11T21:58:30.956+0000] {dag.py:3239} INFO - Sync 1 DAGs
[2026-07-11T21:58:30.973+0000] {logging_mixin.py:190} INFO - [2026-07-11T21:58:30.973+0000] {dag.py:4180} INFO - Setting next_dagrun for avito_to_raw_midraw to 2026-07-11 21:00:00+00:00, run_after=2026-07-11 22:00:00+00:00
[2026-07-11T21:58:30.988+0000] {processor.py:208} INFO - Processing /opt/airflow/dags/avito_to_raw_midraw.py took 0.077 seconds
[2026-07-11T21:59:01.335+0000] {processor.py:186} INFO - Started process (PID=1424) to work on /opt/airflow/dags/avito_to_raw_midraw.py
[2026-07-11T21:59:01.336+0000] {processor.py:914} INFO - Processing file /opt/airflow/dags/avito_to_raw_midraw.py for tasks to queue
[2026-07-11T21:59:01.338+0000] {logging_mixin.py:190} INFO - [2026-07-11T21:59:01.338+0000] {dagbag.py:588} INFO - Filling up the DagBag from /opt/airflow/dags/avito_to_raw_midraw.py
[2026-07-11T21:59:01.356+0000] {processor.py:925} INFO - DAG(s) 'avito_to_raw_midraw' retrieved from /opt/airflow/dags/avito_to_raw_midraw.py
[2026-07-11T21:59:01.374+0000] {logging_mixin.py:190} INFO - [2026-07-11T21:59:01.374+0000] {dag.py:3239} INFO - Sync 1 DAGs
[2026-07-11T21:59:01.387+0000] {logging_mixin.py:190} INFO - [2026-07-11T21:59:01.387+0000] {dag.py:4180} INFO - Setting next_dagrun for avito_to_raw_midraw to 2026-07-11 21:00:00+00:00, run_after=2026-07-11 22:00:00+00:00
[2026-07-11T21:59:01.399+0000] {processor.py:208} INFO - Processing /opt/airflow/dags/avito_to_raw_midraw.py took 0.069 seconds
[2026-07-11T21:59:31.697+0000] {processor.py:186} INFO - Started process (PID=1426) to work on /opt/airflow/dags/avito_to_raw_midraw.py
[2026-07-11T21:59:31.698+0000] {processor.py:914} INFO - Processing file /opt/airflow/dags/avito_to_raw_midraw.py for tasks to queue
[2026-07-11T21:59:31.701+0000] {logging_mixin.py:190} INFO - [2026-07-11T21:59:31.700+0000] {dagbag.py:588} INFO - Filling up the DagBag from /opt/airflow/dags/avito_to_raw_midraw.py
[2026-07-11T21:59:31.719+0000] {processor.py:925} INFO - DAG(s) 'avito_to_raw_midraw' retrieved from /opt/airflow/dags/avito_to_raw_midraw.py
[2026-07-11T21:59:31.739+0000] {logging_mixin.py:190} INFO - [2026-07-11T21:59:31.739+0000] {dag.py:3239} INFO - Sync 1 DAGs
[2026-07-11T21:59:31.755+0000] {logging_mixin.py:190} INFO - [2026-07-11T21:59:31.754+0000] {dag.py:4180} INFO - Setting next_dagrun for avito_to_raw_midraw to 2026-07-11 21:00:00+00:00, run_after=2026-07-11 22:00:00+00:00
[2026-07-11T21:59:31.772+0000] {processor.py:208} INFO - Processing /opt/airflow/dags/avito_to_raw_midraw.py took 0.079 seconds
[2026-07-11T22:00:02.000+0000] {processor.py:186} INFO - Started process (PID=1432) to work on /opt/airflow/dags/avito_to_raw_midraw.py
[2026-07-11T22:00:02.002+0000] {processor.py:914} INFO - Processing file /opt/airflow/dags/avito_to_raw_midraw.py for tasks to queue
[2026-07-11T22:00:02.006+0000] {logging_mixin.py:190} INFO - [2026-07-11T22:00:02.006+0000] {dagbag.py:588} INFO - Filling up the DagBag from /opt/airflow/dags/avito_to_raw_midraw.py
[2026-07-11T22:00:02.026+0000] {processor.py:925} INFO - DAG(s) 'avito_to_raw_midraw' retrieved from /opt/airflow/dags/avito_to_raw_midraw.py
[2026-07-11T22:00:02.044+0000] {logging_mixin.py:190} INFO - [2026-07-11T22:00:02.043+0000] {dag.py:3239} INFO - Sync 1 DAGs
[2026-07-11T22:00:02.066+0000] {processor.py:208} INFO - Processing /opt/airflow/dags/avito_to_raw_midraw.py took 0.075 seconds
[2026-07-11T22:00:32.268+0000] {processor.py:186} INFO - Started process (PID=1434) to work on /opt/airflow/dags/avito_to_raw_midraw.py
[2026-07-11T22:00:32.269+0000] {processor.py:914} INFO - Processing file /opt/airflow/dags/avito_to_raw_midraw.py for tasks to queue
[2026-07-11T22:00:32.271+0000] {logging_mixin.py:190} INFO - [2026-07-11T22:00:32.271+0000] {dagbag.py:588} INFO - Filling up the DagBag from /opt/airflow/dags/avito_to_raw_midraw.py
[2026-07-11T22:00:32.287+0000] {processor.py:925} INFO - DAG(s) 'avito_to_raw_midraw' retrieved from /opt/airflow/dags/avito_to_raw_midraw.py
[2026-07-11T22:00:32.308+0000] {logging_mixin.py:190} INFO - [2026-07-11T22:00:32.308+0000] {dag.py:3239} INFO - Sync 1 DAGs
[2026-07-11T22:00:32.322+0000] {logging_mixin.py:190} INFO - [2026-07-11T22:00:32.322+0000] {dag.py:4180} INFO - Setting next_dagrun for avito_to_raw_midraw to 2026-07-11 22:00:00+00:00, run_after=2026-07-11 23:00:00+00:00
[2026-07-11T22:00:32.331+0000] {processor.py:208} INFO - Processing /opt/airflow/dags/avito_to_raw_midraw.py took 0.069 seconds
[2026-07-11T22:01:02.542+0000] {processor.py:186} INFO - Started process (PID=1436) to work on /opt/airflow/dags/avito_to_raw_midraw.py
[2026-07-11T22:01:02.542+0000] {processor.py:914} INFO - Processing file /opt/airflow/dags/avito_to_raw_midraw.py for tasks to queue
[2026-07-11T22:01:02.544+0000] {logging_mixin.py:190} INFO - [2026-07-11T22:01:02.544+0000] {dagbag.py:588} INFO - Filling up the DagBag from /opt/airflow/dags/avito_to_raw_midraw.py
[2026-07-11T22:01:02.566+0000] {processor.py:925} INFO - DAG(s) 'avito_to_raw_midraw' retrieved from /opt/airflow/dags/avito_to_raw_midraw.py
[2026-07-11T22:01:02.588+0000] {logging_mixin.py:190} INFO - [2026-07-11T22:01:02.588+0000] {dag.py:3239} INFO - Sync 1 DAGs
[2026-07-11T22:01:02.605+0000] {logging_mixin.py:190} INFO - [2026-07-11T22:01:02.605+0000] {dag.py:4180} INFO - Setting next_dagrun for avito_to_raw_midraw to 2026-07-11 22:00:00+00:00, run_after=2026-07-11 23:00:00+00:00
[2026-07-11T22:01:02.616+0000] {processor.py:208} INFO - Processing /opt/airflow/dags/avito_to_raw_midraw.py took 0.079 seconds
[2026-07-11T22:01:32.940+0000] {processor.py:186} INFO - Started process (PID=1438) to work on /opt/airflow/dags/avito_to_raw_midraw.py
[2026-07-11T22:01:32.942+0000] {processor.py:914} INFO - Processing file /opt/airflow/dags/avito_to_raw_midraw.py for tasks to queue
[2026-07-11T22:01:32.948+0000] {logging_mixin.py:190} INFO - [2026-07-11T22:01:32.948+0000] {dagbag.py:588} INFO - Filling up the DagBag from /opt/airflow/dags/avito_to_raw_midraw.py
[2026-07-11T22:01:32.977+0000] {processor.py:925} INFO - DAG(s) 'avito_to_raw_midraw' retrieved from /opt/airflow/dags/avito_to_raw_midraw.py
[2026-07-11T22:01:33.006+0000] {logging_mixin.py:190} INFO - [2026-07-11T22:01:33.006+0000] {dag.py:3239} INFO - Sync 1 DAGs
[2026-07-11T22:01:33.024+0000] {logging_mixin.py:190} INFO - [2026-07-11T22:01:33.023+0000] {dag.py:4180} INFO - Setting next_dagrun for avito_to_raw_midraw to 2026-07-11 22:00:00+00:00, run_after=2026-07-11 23:00:00+00:00
[2026-07-11T22:01:33.038+0000] {processor.py:208} INFO - Processing /opt/airflow/dags/avito_to_raw_midraw.py took 0.111 seconds
[2026-07-11T22:02:03.209+0000] {processor.py:186} INFO - Started process (PID=1440) to work on /opt/airflow/dags/avito_to_raw_midraw.py
[2026-07-11T22:02:03.210+0000] {processor.py:914} INFO - Processing file /opt/airflow/dags/avito_to_raw_midraw.py for tasks to queue
[2026-07-11T22:02:03.211+0000] {logging_mixin.py:190} INFO - [2026-07-11T22:02:03.211+0000] {dagbag.py:588} INFO - Filling up the DagBag from /opt/airflow/dags/avito_to_raw_midraw.py
[2026-07-11T22:02:03.228+0000] {processor.py:925} INFO - DAG(s) 'avito_to_raw_midraw' retrieved from /opt/airflow/dags/avito_to_raw_midraw.py
[2026-07-11T22:02:03.248+0000] {logging_mixin.py:190} INFO - [2026-07-11T22:02:03.248+0000] {dag.py:3239} INFO - Sync 1 DAGs
[2026-07-11T22:02:03.262+0000] {logging_mixin.py:190} INFO - [2026-07-11T22:02:03.262+0000] {dag.py:4180} INFO - Setting next_dagrun for avito_to_raw_midraw to 2026-07-11 22:00:00+00:00, run_after=2026-07-11 23:00:00+00:00
[2026-07-11T22:02:03.275+0000] {processor.py:208} INFO - Processing /opt/airflow/dags/avito_to_raw_midraw.py took 0.071 seconds
[2026-07-11T22:17:23.297+0000] {processor.py:186} INFO - Started process (PID=1442) to work on /opt/airflow/dags/avito_to_raw_midraw.py
[2026-07-11T22:17:23.298+0000] {processor.py:914} INFO - Processing file /opt/airflow/dags/avito_to_raw_midraw.py for tasks to queue
[2026-07-11T22:17:23.305+0000] {logging_mixin.py:190} INFO - [2026-07-11T22:17:23.300+0000] {dagbag.py:588} INFO - Filling up the DagBag from /opt/airflow/dags/avito_to_raw_midraw.py
[2026-07-11T22:17:23.336+0000] {processor.py:925} INFO - DAG(s) 'avito_to_raw_midraw' retrieved from /opt/airflow/dags/avito_to_raw_midraw.py
[2026-07-11T22:17:23.364+0000] {logging_mixin.py:190} INFO - [2026-07-11T22:17:23.364+0000] {dag.py:3239} INFO - Sync 1 DAGs
[2026-07-11T22:17:23.383+0000] {logging_mixin.py:190} INFO - [2026-07-11T22:17:23.383+0000] {dag.py:4180} INFO - Setting next_dagrun for avito_to_raw_midraw to 2026-07-11 22:00:00+00:00, run_after=2026-07-11 23:00:00+00:00
[2026-07-11T22:17:23.393+0000] {processor.py:208} INFO - Processing /opt/airflow/dags/avito_to_raw_midraw.py took 0.108 seconds
[2026-07-11T22:17:53.597+0000] {processor.py:186} INFO - Started process (PID=1444) to work on /opt/airflow/dags/avito_to_raw_midraw.py
[2026-07-11T22:17:53.597+0000] {processor.py:914} INFO - Processing file /opt/airflow/dags/avito_to_raw_midraw.py for tasks to queue
[2026-07-11T22:17:53.599+0000] {logging_mixin.py:190} INFO - [2026-07-11T22:17:53.599+0000] {dagbag.py:588} INFO - Filling up the DagBag from /opt/airflow/dags/avito_to_raw_midraw.py
[2026-07-11T22:17:53.614+0000] {processor.py:925} INFO - DAG(s) 'avito_to_raw_midraw' retrieved from /opt/airflow/dags/avito_to_raw_midraw.py
[2026-07-11T22:17:53.629+0000] {logging_mixin.py:190} INFO - [2026-07-11T22:17:53.629+0000] {dag.py:3239} INFO - Sync 1 DAGs
[2026-07-11T22:17:53.641+0000] {logging_mixin.py:190} INFO - [2026-07-11T22:17:53.641+0000] {dag.py:4180} INFO - Setting next_dagrun for avito_to_raw_midraw to 2026-07-11 22:00:00+00:00, run_after=2026-07-11 23:00:00+00:00
[2026-07-11T22:17:53.656+0000] {processor.py:208} INFO - Processing /opt/airflow/dags/avito_to_raw_midraw.py took 0.063 seconds
[2026-07-11T22:33:21.741+0000] {processor.py:186} INFO - Started process (PID=1446) to work on /opt/airflow/dags/avito_to_raw_midraw.py
[2026-07-11T22:33:21.742+0000] {processor.py:914} INFO - Processing file /opt/airflow/dags/avito_to_raw_midraw.py for tasks to queue
[2026-07-11T22:33:21.745+0000] {logging_mixin.py:190} INFO - [2026-07-11T22:33:21.745+0000] {dagbag.py:588} INFO - Filling up the DagBag from /opt/airflow/dags/avito_to_raw_midraw.py
[2026-07-11T22:33:21.773+0000] {processor.py:925} INFO - DAG(s) 'avito_to_raw_midraw' retrieved from /opt/airflow/dags/avito_to_raw_midraw.py
[2026-07-11T22:33:21.801+0000] {logging_mixin.py:190} INFO - [2026-07-11T22:33:21.801+0000] {dag.py:3239} INFO - Sync 1 DAGs
[2026-07-11T22:33:21.820+0000] {logging_mixin.py:190} INFO - [2026-07-11T22:33:21.819+0000] {dag.py:4180} INFO - Setting next_dagrun for avito_to_raw_midraw to 2026-07-11 22:00:00+00:00, run_after=2026-07-11 23:00:00+00:00
[2026-07-11T22:33:21.833+0000] {processor.py:208} INFO - Processing /opt/airflow/dags/avito_to_raw_midraw.py took 0.098 seconds
[2026-07-11T22:33:52.043+0000] {processor.py:186} INFO - Started process (PID=1448) to work on /opt/airflow/dags/avito_to_raw_midraw.py
[2026-07-11T22:33:52.044+0000] {processor.py:914} INFO - Processing file /opt/airflow/dags/avito_to_raw_midraw.py for tasks to queue
[2026-07-11T22:33:52.046+0000] {logging_mixin.py:190} INFO - [2026-07-11T22:33:52.046+0000] {dagbag.py:588} INFO - Filling up the DagBag from /opt/airflow/dags/avito_to_raw_midraw.py
[2026-07-11T22:33:52.062+0000] {processor.py:925} INFO - DAG(s) 'avito_to_raw_midraw' retrieved from /opt/airflow/dags/avito_to_raw_midraw.py
[2026-07-11T22:33:52.084+0000] {logging_mixin.py:190} INFO - [2026-07-11T22:33:52.084+0000] {dag.py:3239} INFO - Sync 1 DAGs
[2026-07-11T22:33:52.099+0000] {logging_mixin.py:190} INFO - [2026-07-11T22:33:52.099+0000] {dag.py:4180} INFO - Setting next_dagrun for avito_to_raw_midraw to 2026-07-11 22:00:00+00:00, run_after=2026-07-11 23:00:00+00:00
[2026-07-11T22:33:52.110+0000] {processor.py:208} INFO - Processing /opt/airflow/dags/avito_to_raw_midraw.py took 0.071 seconds
[2026-07-11T22:34:22.431+0000] {processor.py:186} INFO - Started process (PID=1450) to work on /opt/airflow/dags/avito_to_raw_midraw.py
[2026-07-11T22:34:22.433+0000] {processor.py:914} INFO - Processing file /opt/airflow/dags/avito_to_raw_midraw.py for tasks to queue
[2026-07-11T22:34:22.438+0000] {logging_mixin.py:190} INFO - [2026-07-11T22:34:22.438+0000] {dagbag.py:588} INFO - Filling up the DagBag from /opt/airflow/dags/avito_to_raw_midraw.py
[2026-07-11T22:34:22.457+0000] {processor.py:925} INFO - DAG(s) 'avito_to_raw_midraw' retrieved from /opt/airflow/dags/avito_to_raw_midraw.py
[2026-07-11T22:34:22.479+0000] {logging_mixin.py:190} INFO - [2026-07-11T22:34:22.479+0000] {dag.py:3239} INFO - Sync 1 DAGs
[2026-07-11T22:34:22.498+0000] {logging_mixin.py:190} INFO - [2026-07-11T22:34:22.498+0000] {dag.py:4180} INFO - Setting next_dagrun for avito_to_raw_midraw to 2026-07-11 22:00:00+00:00, run_after=2026-07-11 23:00:00+00:00
[2026-07-11T22:34:22.508+0000] {processor.py:208} INFO - Processing /opt/airflow/dags/avito_to_raw_midraw.py took 0.083 seconds
[2026-07-11T22:34:52.709+0000] {processor.py:186} INFO - Started process (PID=1452) to work on /opt/airflow/dags/avito_to_raw_midraw.py
[2026-07-11T22:34:52.710+0000] {processor.py:914} INFO - Processing file /opt/airflow/dags/avito_to_raw_midraw.py for tasks to queue
[2026-07-11T22:34:52.711+0000] {logging_mixin.py:190} INFO - [2026-07-11T22:34:52.711+0000] {dagbag.py:588} INFO - Filling up the DagBag from /opt/airflow/dags/avito_to_raw_midraw.py
[2026-07-11T22:34:52.724+0000] {processor.py:925} INFO - DAG(s) 'avito_to_raw_midraw' retrieved from /opt/airflow/dags/avito_to_raw_midraw.py
[2026-07-11T22:34:52.741+0000] {logging_mixin.py:190} INFO - [2026-07-11T22:34:52.741+0000] {dag.py:3239} INFO - Sync 1 DAGs
[2026-07-11T22:34:52.756+0000] {logging_mixin.py:190} INFO - [2026-07-11T22:34:52.756+0000] {dag.py:4180} INFO - Setting next_dagrun for avito_to_raw_midraw to 2026-07-11 22:00:00+00:00, run_after=2026-07-11 23:00:00+00:00
[2026-07-11T22:34:52.768+0000] {processor.py:208} INFO - Processing /opt/airflow/dags/avito_to_raw_midraw.py took 0.062 seconds
[2026-07-11T22:35:23.106+0000] {processor.py:186} INFO - Started process (PID=1454) to work on /opt/airflow/dags/avito_to_raw_midraw.py
[2026-07-11T22:35:23.106+0000] {processor.py:914} INFO - Processing file /opt/airflow/dags/avito_to_raw_midraw.py for tasks to queue
[2026-07-11T22:35:23.109+0000] {logging_mixin.py:190} INFO - [2026-07-11T22:35:23.108+0000] {dagbag.py:588} INFO - Filling up the DagBag from /opt/airflow/dags/avito_to_raw_midraw.py
[2026-07-11T22:35:23.122+0000] {processor.py:925} INFO - DAG(s) 'avito_to_raw_midraw' retrieved from /opt/airflow/dags/avito_to_raw_midraw.py
[2026-07-11T22:35:23.144+0000] {logging_mixin.py:190} INFO - [2026-07-11T22:35:23.144+0000] {dag.py:3239} INFO - Sync 1 DAGs
[2026-07-11T22:35:23.158+0000] {logging_mixin.py:190} INFO - [2026-07-11T22:35:23.158+0000] {dag.py:4180} INFO - Setting next_dagrun for avito_to_raw_midraw to 2026-07-11 22:00:00+00:00, run_after=2026-07-11 23:00:00+00:00
[2026-07-11T22:35:23.170+0000] {processor.py:208} INFO - Processing /opt/airflow/dags/avito_to_raw_midraw.py took 0.069 seconds
[2026-07-11T22:35:53.456+0000] {processor.py:186} INFO - Started process (PID=1456) to work on /opt/airflow/dags/avito_to_raw_midraw.py
[2026-07-11T22:35:53.456+0000] {processor.py:914} INFO - Processing file /opt/airflow/dags/avito_to_raw_midraw.py for tasks to queue
[2026-07-11T22:35:53.458+0000] {logging_mixin.py:190} INFO - [2026-07-11T22:35:53.457+0000] {dagbag.py:588} INFO - Filling up the DagBag from /opt/airflow/dags/avito_to_raw_midraw.py
[2026-07-11T22:35:53.467+0000] {processor.py:925} INFO - DAG(s) 'avito_to_raw_midraw' retrieved from /opt/airflow/dags/avito_to_raw_midraw.py
[2026-07-11T22:35:53.486+0000] {logging_mixin.py:190} INFO - [2026-07-11T22:35:53.486+0000] {dag.py:3239} INFO - Sync 1 DAGs
[2026-07-11T22:35:53.498+0000] {logging_mixin.py:190} INFO - [2026-07-11T22:35:53.498+0000] {dag.py:4180} INFO - Setting next_dagrun for avito_to_raw_midraw to 2026-07-11 22:00:00+00:00, run_after=2026-07-11 23:00:00+00:00
[2026-07-11T22:35:53.508+0000] {processor.py:208} INFO - Processing /opt/airflow/dags/avito_to_raw_midraw.py took 0.056 seconds
[2026-07-11T22:36:23.829+0000] {processor.py:186} INFO - Started process (PID=1458) to work on /opt/airflow/dags/avito_to_raw_midraw.py
[2026-07-11T22:36:23.830+0000] {processor.py:914} INFO - Processing file /opt/airflow/dags/avito_to_raw_midraw.py for tasks to queue
[2026-07-11T22:36:23.832+0000] {logging_mixin.py:190} INFO - [2026-07-11T22:36:23.831+0000] {dagbag.py:588} INFO - Filling up the DagBag from /opt/airflow/dags/avito_to_raw_midraw.py
[2026-07-11T22:36:23.849+0000] {processor.py:925} INFO - DAG(s) 'avito_to_raw_midraw' retrieved from /opt/airflow/dags/avito_to_raw_midraw.py
[2026-07-11T22:36:23.864+0000] {logging_mixin.py:190} INFO - [2026-07-11T22:36:23.864+0000] {dag.py:3239} INFO - Sync 1 DAGs
[2026-07-11T22:36:23.874+0000] {logging_mixin.py:190} INFO - [2026-07-11T22:36:23.874+0000] {dag.py:4180} INFO - Setting next_dagrun for avito_to_raw_midraw to 2026-07-11 22:00:00+00:00, run_after=2026-07-11 23:00:00+00:00
[2026-07-11T22:36:23.885+0000] {processor.py:208} INFO - Processing /opt/airflow/dags/avito_to_raw_midraw.py took 0.059 seconds
[2026-07-11T22:36:54.175+0000] {processor.py:186} INFO - Started process (PID=1460) to work on /opt/airflow/dags/avito_to_raw_midraw.py
[2026-07-11T22:36:54.176+0000] {processor.py:914} INFO - Processing file /opt/airflow/dags/avito_to_raw_midraw.py for tasks to queue
[2026-07-11T22:36:54.178+0000] {logging_mixin.py:190} INFO - [2026-07-11T22:36:54.178+0000] {dagbag.py:588} INFO - Filling up the DagBag from /opt/airflow/dags/avito_to_raw_midraw.py
[2026-07-11T22:36:54.189+0000] {processor.py:925} INFO - DAG(s) 'avito_to_raw_midraw' retrieved from /opt/airflow/dags/avito_to_raw_midraw.py
[2026-07-11T22:36:54.205+0000] {logging_mixin.py:190} INFO - [2026-07-11T22:36:54.205+0000] {dag.py:3239} INFO - Sync 1 DAGs
[2026-07-11T22:36:54.216+0000] {logging_mixin.py:190} INFO - [2026-07-11T22:36:54.216+0000] {dag.py:4180} INFO - Setting next_dagrun for avito_to_raw_midraw to 2026-07-11 22:00:00+00:00, run_after=2026-07-11 23:00:00+00:00
[2026-07-11T22:36:54.226+0000] {processor.py:208} INFO - Processing /opt/airflow/dags/avito_to_raw_midraw.py took 0.054 seconds
[2026-07-11T22:37:24.496+0000] {processor.py:186} INFO - Started process (PID=1462) to work on /opt/airflow/dags/avito_to_raw_midraw.py
[2026-07-11T22:37:24.496+0000] {processor.py:914} INFO - Processing file /opt/airflow/dags/avito_to_raw_midraw.py for tasks to queue
[2026-07-11T22:37:24.498+0000] {logging_mixin.py:190} INFO - [2026-07-11T22:37:24.498+0000] {dagbag.py:588} INFO - Filling up the DagBag from /opt/airflow/dags/avito_to_raw_midraw.py
[2026-07-11T22:37:24.509+0000] {processor.py:925} INFO - DAG(s) 'avito_to_raw_midraw' retrieved from /opt/airflow/dags/avito_to_raw_midraw.py
[2026-07-11T22:37:24.527+0000] {logging_mixin.py:190} INFO - [2026-07-11T22:37:24.527+0000] {dag.py:3239} INFO - Sync 1 DAGs
[2026-07-11T22:37:24.538+0000] {logging_mixin.py:190} INFO - [2026-07-11T22:37:24.538+0000] {dag.py:4180} INFO - Setting next_dagrun for avito_to_raw_midraw to 2026-07-11 22:00:00+00:00, run_after=2026-07-11 23:00:00+00:00
[2026-07-11T22:37:24.547+0000] {processor.py:208} INFO - Processing /opt/airflow/dags/avito_to_raw_midraw.py took 0.055 seconds
[2026-07-11T22:37:54.849+0000] {processor.py:186} INFO - Started process (PID=1464) to work on /opt/airflow/dags/avito_to_raw_midraw.py
[2026-07-11T22:37:54.849+0000] {processor.py:914} INFO - Processing file /opt/airflow/dags/avito_to_raw_midraw.py for tasks to queue
[2026-07-11T22:37:54.850+0000] {logging_mixin.py:190} INFO - [2026-07-11T22:37:54.850+0000] {dagbag.py:588} INFO - Filling up the DagBag from /opt/airflow/dags/avito_to_raw_midraw.py
[2026-07-11T22:37:54.861+0000] {processor.py:925} INFO - DAG(s) 'avito_to_raw_midraw' retrieved from /opt/airflow/dags/avito_to_raw_midraw.py
[2026-07-11T22:37:54.878+0000] {logging_mixin.py:190} INFO - [2026-07-11T22:37:54.878+0000] {dag.py:3239} INFO - Sync 1 DAGs
[2026-07-11T22:37:54.889+0000] {logging_mixin.py:190} INFO - [2026-07-11T22:37:54.889+0000] {dag.py:4180} INFO - Setting next_dagrun for avito_to_raw_midraw to 2026-07-11 22:00:00+00:00, run_after=2026-07-11 23:00:00+00:00
[2026-07-11T22:37:54.900+0000] {processor.py:208} INFO - Processing /opt/airflow/dags/avito_to_raw_midraw.py took 0.055 seconds
[2026-07-11T22:38:25.178+0000] {processor.py:186} INFO - Started process (PID=1466) to work on /opt/airflow/dags/avito_to_raw_midraw.py
[2026-07-11T22:38:25.179+0000] {processor.py:914} INFO - Processing file /opt/airflow/dags/avito_to_raw_midraw.py for tasks to queue
[2026-07-11T22:38:25.180+0000] {logging_mixin.py:190} INFO - [2026-07-11T22:38:25.180+0000] {dagbag.py:588} INFO - Filling up the DagBag from /opt/airflow/dags/avito_to_raw_midraw.py
[2026-07-11T22:38:25.196+0000] {processor.py:925} INFO - DAG(s) 'avito_to_raw_midraw' retrieved from /opt/airflow/dags/avito_to_raw_midraw.py
[2026-07-11T22:38:25.216+0000] {logging_mixin.py:190} INFO - [2026-07-11T22:38:25.216+0000] {dag.py:3239} INFO - Sync 1 DAGs
[2026-07-11T22:38:25.228+0000] {logging_mixin.py:190} INFO - [2026-07-11T22:38:25.228+0000] {dag.py:4180} INFO - Setting next_dagrun for avito_to_raw_midraw to 2026-07-11 22:00:00+00:00, run_after=2026-07-11 23:00:00+00:00
[2026-07-11T22:38:25.240+0000] {processor.py:208} INFO - Processing /opt/airflow/dags/avito_to_raw_midraw.py took 0.067 seconds
[2026-07-11T22:38:55.535+0000] {processor.py:186} INFO - Started process (PID=1468) to work on /opt/airflow/dags/avito_to_raw_midraw.py
[2026-07-11T22:38:55.536+0000] {processor.py:914} INFO - Processing file /opt/airflow/dags/avito_to_raw_midraw.py for tasks to queue
[2026-07-11T22:38:55.538+0000] {logging_mixin.py:190} INFO - [2026-07-11T22:38:55.538+0000] {dagbag.py:588} INFO - Filling up the DagBag from /opt/airflow/dags/avito_to_raw_midraw.py
[2026-07-11T22:38:55.551+0000] {processor.py:925} INFO - DAG(s) 'avito_to_raw_midraw' retrieved from /opt/airflow/dags/avito_to_raw_midraw.py
[2026-07-11T22:38:55.568+0000] {logging_mixin.py:190} INFO - [2026-07-11T22:38:55.568+0000] {dag.py:3239} INFO - Sync 1 DAGs
[2026-07-11T22:38:55.579+0000] {logging_mixin.py:190} INFO - [2026-07-11T22:38:55.579+0000] {dag.py:4180} INFO - Setting next_dagrun for avito_to_raw_midraw to 2026-07-11 22:00:00+00:00, run_after=2026-07-11 23:00:00+00:00
[2026-07-11T22:38:55.591+0000] {processor.py:208} INFO - Processing /opt/airflow/dags/avito_to_raw_midraw.py took 0.059 seconds
[2026-07-11T22:39:25.903+0000] {processor.py:186} INFO - Started process (PID=1470) to work on /opt/airflow/dags/avito_to_raw_midraw.py
[2026-07-11T22:39:25.904+0000] {processor.py:914} INFO - Processing file /opt/airflow/dags/avito_to_raw_midraw.py for tasks to queue
[2026-07-11T22:39:25.906+0000] {logging_mixin.py:190} INFO - [2026-07-11T22:39:25.906+0000] {dagbag.py:588} INFO - Filling up the DagBag from /opt/airflow/dags/avito_to_raw_midraw.py
[2026-07-11T22:39:25.918+0000] {processor.py:925} INFO - DAG(s) 'avito_to_raw_midraw' retrieved from /opt/airflow/dags/avito_to_raw_midraw.py
[2026-07-11T22:39:25.935+0000] {logging_mixin.py:190} INFO - [2026-07-11T22:39:25.935+0000] {dag.py:3239} INFO - Sync 1 DAGs
[2026-07-11T22:39:25.948+0000] {logging_mixin.py:190} INFO - [2026-07-11T22:39:25.948+0000] {dag.py:4180} INFO - Setting next_dagrun for avito_to_raw_midraw to 2026-07-11 22:00:00+00:00, run_after=2026-07-11 23:00:00+00:00
[2026-07-11T22:39:25.957+0000] {processor.py:208} INFO - Processing /opt/airflow/dags/avito_to_raw_midraw.py took 0.057 seconds
[2026-07-11T22:39:56.269+0000] {processor.py:186} INFO - Started process (PID=1472) to work on /opt/airflow/dags/avito_to_raw_midraw.py
[2026-07-11T22:39:56.269+0000] {processor.py:914} INFO - Processing file /opt/airflow/dags/avito_to_raw_midraw.py for tasks to queue
[2026-07-11T22:39:56.271+0000] {logging_mixin.py:190} INFO - [2026-07-11T22:39:56.271+0000] {dagbag.py:588} INFO - Filling up the DagBag from /opt/airflow/dags/avito_to_raw_midraw.py
[2026-07-11T22:39:56.284+0000] {processor.py:925} INFO - DAG(s) 'avito_to_raw_midraw' retrieved from /opt/airflow/dags/avito_to_raw_midraw.py
[2026-07-11T22:39:56.304+0000] {logging_mixin.py:190} INFO - [2026-07-11T22:39:56.304+0000] {dag.py:3239} INFO - Sync 1 DAGs
[2026-07-11T22:39:56.318+0000] {logging_mixin.py:190} INFO - [2026-07-11T22:39:56.318+0000] {dag.py:4180} INFO - Setting next_dagrun for avito_to_raw_midraw to 2026-07-11 22:00:00+00:00, run_after=2026-07-11 23:00:00+00:00
[2026-07-11T22:39:56.329+0000] {processor.py:208} INFO - Processing /opt/airflow/dags/avito_to_raw_midraw.py took 0.064 seconds
[2026-07-11T22:40:26.598+0000] {processor.py:186} INFO - Started process (PID=1474) to work on /opt/airflow/dags/avito_to_raw_midraw.py
[2026-07-11T22:40:26.599+0000] {processor.py:914} INFO - Processing file /opt/airflow/dags/avito_to_raw_midraw.py for tasks to queue
[2026-07-11T22:40:26.601+0000] {logging_mixin.py:190} INFO - [2026-07-11T22:40:26.600+0000] {dagbag.py:588} INFO - Filling up the DagBag from /opt/airflow/dags/avito_to_raw_midraw.py
[2026-07-11T22:40:26.611+0000] {processor.py:925} INFO - DAG(s) 'avito_to_raw_midraw' retrieved from /opt/airflow/dags/avito_to_raw_midraw.py
[2026-07-11T22:40:26.628+0000] {logging_mixin.py:190} INFO - [2026-07-11T22:40:26.627+0000] {dag.py:3239} INFO - Sync 1 DAGs
[2026-07-11T22:40:26.640+0000] {logging_mixin.py:190} INFO - [2026-07-11T22:40:26.640+0000] {dag.py:4180} INFO - Setting next_dagrun for avito_to_raw_midraw to 2026-07-11 22:00:00+00:00, run_after=2026-07-11 23:00:00+00:00
[2026-07-11T22:40:26.649+0000] {processor.py:208} INFO - Processing /opt/airflow/dags/avito_to_raw_midraw.py took 0.054 seconds
[2026-07-11T22:40:56.925+0000] {processor.py:186} INFO - Started process (PID=1476) to work on /opt/airflow/dags/avito_to_raw_midraw.py
[2026-07-11T22:40:56.926+0000] {processor.py:914} INFO - Processing file /opt/airflow/dags/avito_to_raw_midraw.py for tasks to queue
[2026-07-11T22:40:56.928+0000] {logging_mixin.py:190} INFO - [2026-07-11T22:40:56.928+0000] {dagbag.py:588} INFO - Filling up the DagBag from /opt/airflow/dags/avito_to_raw_midraw.py
[2026-07-11T22:40:56.947+0000] {processor.py:925} INFO - DAG(s) 'avito_to_raw_midraw' retrieved from /opt/airflow/dags/avito_to_raw_midraw.py
[2026-07-11T22:40:56.969+0000] {logging_mixin.py:190} INFO - [2026-07-11T22:40:56.969+0000] {dag.py:3239} INFO - Sync 1 DAGs
[2026-07-11T22:40:56.984+0000] {logging_mixin.py:190} INFO - [2026-07-11T22:40:56.984+0000] {dag.py:4180} INFO - Setting next_dagrun for avito_to_raw_midraw to 2026-07-11 22:00:00+00:00, run_after=2026-07-11 23:00:00+00:00
[2026-07-11T22:40:56.996+0000] {processor.py:208} INFO - Processing /opt/airflow/dags/avito_to_raw_midraw.py took 0.076 seconds
[2026-07-11T22:41:27.207+0000] {processor.py:186} INFO - Started process (PID=1478) to work on /opt/airflow/dags/avito_to_raw_midraw.py
[2026-07-11T22:41:27.207+0000] {processor.py:914} INFO - Processing file /opt/airflow/dags/avito_to_raw_midraw.py for tasks to queue
[2026-07-11T22:41:27.209+0000] {logging_mixin.py:190} INFO - [2026-07-11T22:41:27.209+0000] {dagbag.py:588} INFO - Filling up the DagBag from /opt/airflow/dags/avito_to_raw_midraw.py
[2026-07-11T22:41:27.221+0000] {processor.py:925} INFO - DAG(s) 'avito_to_raw_midraw' retrieved from /opt/airflow/dags/avito_to_raw_midraw.py
[2026-07-11T22:41:27.239+0000] {logging_mixin.py:190} INFO - [2026-07-11T22:41:27.239+0000] {dag.py:3239} INFO - Sync 1 DAGs
[2026-07-11T22:41:27.250+0000] {logging_mixin.py:190} INFO - [2026-07-11T22:41:27.250+0000] {dag.py:4180} INFO - Setting next_dagrun for avito_to_raw_midraw to 2026-07-11 22:00:00+00:00, run_after=2026-07-11 23:00:00+00:00
[2026-07-11T22:41:27.260+0000] {processor.py:208} INFO - Processing /opt/airflow/dags/avito_to_raw_midraw.py took 0.056 seconds
[2026-07-11T22:41:57.527+0000] {processor.py:186} INFO - Started process (PID=1480) to work on /opt/airflow/dags/avito_to_raw_midraw.py
[2026-07-11T22:41:57.528+0000] {processor.py:914} INFO - Processing file /opt/airflow/dags/avito_to_raw_midraw.py for tasks to queue
[2026-07-11T22:41:57.529+0000] {logging_mixin.py:190} INFO - [2026-07-11T22:41:57.529+0000] {dagbag.py:588} INFO - Filling up the DagBag from /opt/airflow/dags/avito_to_raw_midraw.py
[2026-07-11T22:41:57.544+0000] {processor.py:925} INFO - DAG(s) 'avito_to_raw_midraw' retrieved from /opt/airflow/dags/avito_to_raw_midraw.py
[2026-07-11T22:41:57.561+0000] {logging_mixin.py:190} INFO - [2026-07-11T22:41:57.561+0000] {dag.py:3239} INFO - Sync 1 DAGs
[2026-07-11T22:41:57.573+0000] {logging_mixin.py:190} INFO - [2026-07-11T22:41:57.573+0000] {dag.py:4180} INFO - Setting next_dagrun for avito_to_raw_midraw to 2026-07-11 22:00:00+00:00, run_after=2026-07-11 23:00:00+00:00
[2026-07-11T22:41:57.583+0000] {processor.py:208} INFO - Processing /opt/airflow/dags/avito_to_raw_midraw.py took 0.059 seconds
[2026-07-11T22:57:43.703+0000] {processor.py:186} INFO - Started process (PID=1482) to work on /opt/airflow/dags/avito_to_raw_midraw.py
[2026-07-11T22:57:43.703+0000] {processor.py:914} INFO - Processing file /opt/airflow/dags/avito_to_raw_midraw.py for tasks to queue
[2026-07-11T22:57:43.704+0000] {logging_mixin.py:190} INFO - [2026-07-11T22:57:43.704+0000] {dagbag.py:588} INFO - Filling up the DagBag from /opt/airflow/dags/avito_to_raw_midraw.py
[2026-07-11T22:57:43.715+0000] {processor.py:925} INFO - DAG(s) 'avito_to_raw_midraw' retrieved from /opt/airflow/dags/avito_to_raw_midraw.py
[2026-07-11T22:57:43.732+0000] {logging_mixin.py:190} INFO - [2026-07-11T22:57:43.731+0000] {dag.py:3239} INFO - Sync 1 DAGs
[2026-07-11T22:57:43.744+0000] {logging_mixin.py:190} INFO - [2026-07-11T22:57:43.744+0000] {dag.py:4180} INFO - Setting next_dagrun for avito_to_raw_midraw to 2026-07-11 22:00:00+00:00, run_after=2026-07-11 23:00:00+00:00
[2026-07-11T22:57:43.753+0000] {processor.py:208} INFO - Processing /opt/airflow/dags/avito_to_raw_midraw.py took 0.054 seconds
[2026-07-11T22:58:14.077+0000] {processor.py:186} INFO - Started process (PID=1484) to work on /opt/airflow/dags/avito_to_raw_midraw.py
[2026-07-11T22:58:14.077+0000] {processor.py:914} INFO - Processing file /opt/airflow/dags/avito_to_raw_midraw.py for tasks to queue
[2026-07-11T22:58:14.080+0000] {logging_mixin.py:190} INFO - [2026-07-11T22:58:14.080+0000] {dagbag.py:588} INFO - Filling up the DagBag from /opt/airflow/dags/avito_to_raw_midraw.py
[2026-07-11T22:58:14.096+0000] {processor.py:925} INFO - DAG(s) 'avito_to_raw_midraw' retrieved from /opt/airflow/dags/avito_to_raw_midraw.py
[2026-07-11T22:58:14.111+0000] {logging_mixin.py:190} INFO - [2026-07-11T22:58:14.111+0000] {dag.py:3239} INFO - Sync 1 DAGs
[2026-07-11T22:58:14.123+0000] {logging_mixin.py:190} INFO - [2026-07-11T22:58:14.123+0000] {dag.py:4180} INFO - Setting next_dagrun for avito_to_raw_midraw to 2026-07-11 22:00:00+00:00, run_after=2026-07-11 23:00:00+00:00
[2026-07-11T22:58:14.132+0000] {processor.py:208} INFO - Processing /opt/airflow/dags/avito_to_raw_midraw.py took 0.059 seconds
[2026-07-11T22:58:44.441+0000] {processor.py:186} INFO - Started process (PID=1486) to work on /opt/airflow/dags/avito_to_raw_midraw.py
[2026-07-11T22:58:44.441+0000] {processor.py:914} INFO - Processing file /opt/airflow/dags/avito_to_raw_midraw.py for tasks to queue
[2026-07-11T22:58:44.443+0000] {logging_mixin.py:190} INFO - [2026-07-11T22:58:44.443+0000] {dagbag.py:588} INFO - Filling up the DagBag from /opt/airflow/dags/avito_to_raw_midraw.py
[2026-07-11T22:58:44.455+0000] {processor.py:925} INFO - DAG(s) 'avito_to_raw_midraw' retrieved from /opt/airflow/dags/avito_to_raw_midraw.py
[2026-07-11T22:58:44.473+0000] {logging_mixin.py:190} INFO - [2026-07-11T22:58:44.473+0000] {dag.py:3239} INFO - Sync 1 DAGs
[2026-07-11T22:58:44.484+0000] {logging_mixin.py:190} INFO - [2026-07-11T22:58:44.484+0000] {dag.py:4180} INFO - Setting next_dagrun for avito_to_raw_midraw to 2026-07-11 22:00:00+00:00, run_after=2026-07-11 23:00:00+00:00
[2026-07-11T22:58:44.495+0000] {processor.py:208} INFO - Processing /opt/airflow/dags/avito_to_raw_midraw.py took 0.058 seconds
[2026-07-11T22:59:14.772+0000] {processor.py:186} INFO - Started process (PID=1488) to work on /opt/airflow/dags/avito_to_raw_midraw.py
[2026-07-11T22:59:14.772+0000] {processor.py:914} INFO - Processing file /opt/airflow/dags/avito_to_raw_midraw.py for tasks to queue
[2026-07-11T22:59:14.774+0000] {logging_mixin.py:190} INFO - [2026-07-11T22:59:14.774+0000] {dagbag.py:588} INFO - Filling up the DagBag from /opt/airflow/dags/avito_to_raw_midraw.py
[2026-07-11T22:59:14.789+0000] {processor.py:925} INFO - DAG(s) 'avito_to_raw_midraw' retrieved from /opt/airflow/dags/avito_to_raw_midraw.py
[2026-07-11T22:59:14.807+0000] {logging_mixin.py:190} INFO - [2026-07-11T22:59:14.807+0000] {dag.py:3239} INFO - Sync 1 DAGs
[2026-07-11T22:59:14.818+0000] {logging_mixin.py:190} INFO - [2026-07-11T22:59:14.818+0000] {dag.py:4180} INFO - Setting next_dagrun for avito_to_raw_midraw to 2026-07-11 22:00:00+00:00, run_after=2026-07-11 23:00:00+00:00
[2026-07-11T22:59:14.826+0000] {processor.py:208} INFO - Processing /opt/airflow/dags/avito_to_raw_midraw.py took 0.057 seconds
[2026-07-11T22:59:45.036+0000] {processor.py:186} INFO - Started process (PID=1490) to work on /opt/airflow/dags/avito_to_raw_midraw.py
[2026-07-11T22:59:45.036+0000] {processor.py:914} INFO - Processing file /opt/airflow/dags/avito_to_raw_midraw.py for tasks to queue
[2026-07-11T22:59:45.038+0000] {logging_mixin.py:190} INFO - [2026-07-11T22:59:45.037+0000] {dagbag.py:588} INFO - Filling up the DagBag from /opt/airflow/dags/avito_to_raw_midraw.py
[2026-07-11T22:59:45.047+0000] {processor.py:925} INFO - DAG(s) 'avito_to_raw_midraw' retrieved from /opt/airflow/dags/avito_to_raw_midraw.py
[2026-07-11T22:59:45.065+0000] {logging_mixin.py:190} INFO - [2026-07-11T22:59:45.064+0000] {dag.py:3239} INFO - Sync 1 DAGs
[2026-07-11T22:59:45.076+0000] {logging_mixin.py:190} INFO - [2026-07-11T22:59:45.076+0000] {dag.py:4180} INFO - Setting next_dagrun for avito_to_raw_midraw to 2026-07-11 22:00:00+00:00, run_after=2026-07-11 23:00:00+00:00
[2026-07-11T22:59:45.085+0000] {processor.py:208} INFO - Processing /opt/airflow/dags/avito_to_raw_midraw.py took 0.053 seconds
[2026-07-11T23:00:15.365+0000] {processor.py:186} INFO - Started process (PID=1496) to work on /opt/airflow/dags/avito_to_raw_midraw.py
[2026-07-11T23:00:15.366+0000] {processor.py:914} INFO - Processing file /opt/airflow/dags/avito_to_raw_midraw.py for tasks to queue
[2026-07-11T23:00:15.368+0000] {logging_mixin.py:190} INFO - [2026-07-11T23:00:15.368+0000] {dagbag.py:588} INFO - Filling up the DagBag from /opt/airflow/dags/avito_to_raw_midraw.py
[2026-07-11T23:00:15.384+0000] {processor.py:925} INFO - DAG(s) 'avito_to_raw_midraw' retrieved from /opt/airflow/dags/avito_to_raw_midraw.py
[2026-07-11T23:00:15.403+0000] {logging_mixin.py:190} INFO - [2026-07-11T23:00:15.403+0000] {dag.py:3239} INFO - Sync 1 DAGs
[2026-07-11T23:00:15.417+0000] {logging_mixin.py:190} INFO - [2026-07-11T23:00:15.417+0000] {dag.py:4180} INFO - Setting next_dagrun for avito_to_raw_midraw to 2026-07-11 23:00:00+00:00, run_after=2026-07-12 00:00:00+00:00
[2026-07-11T23:00:15.427+0000] {processor.py:208} INFO - Processing /opt/airflow/dags/avito_to_raw_midraw.py took 0.068 seconds
[2026-07-11T23:16:51.350+0000] {processor.py:186} INFO - Started process (PID=1498) to work on /opt/airflow/dags/avito_to_raw_midraw.py
[2026-07-11T23:16:51.351+0000] {processor.py:914} INFO - Processing file /opt/airflow/dags/avito_to_raw_midraw.py for tasks to queue
[2026-07-11T23:16:51.353+0000] {logging_mixin.py:190} INFO - [2026-07-11T23:16:51.352+0000] {dagbag.py:588} INFO - Filling up the DagBag from /opt/airflow/dags/avito_to_raw_midraw.py
[2026-07-11T23:16:51.367+0000] {processor.py:925} INFO - DAG(s) 'avito_to_raw_midraw' retrieved from /opt/airflow/dags/avito_to_raw_midraw.py
[2026-07-11T23:16:51.391+0000] {logging_mixin.py:190} INFO - [2026-07-11T23:16:51.391+0000] {dag.py:3239} INFO - Sync 1 DAGs
[2026-07-11T23:16:51.404+0000] {logging_mixin.py:190} INFO - [2026-07-11T23:16:51.404+0000] {dag.py:4180} INFO - Setting next_dagrun for avito_to_raw_midraw to 2026-07-11 23:00:00+00:00, run_after=2026-07-12 00:00:00+00:00
[2026-07-11T23:16:51.416+0000] {processor.py:208} INFO - Processing /opt/airflow/dags/avito_to_raw_midraw.py took 0.069 seconds
[2026-07-11T23:33:54.609+0000] {processor.py:186} INFO - Started process (PID=1500) to work on /opt/airflow/dags/avito_to_raw_midraw.py
[2026-07-11T23:33:54.610+0000] {processor.py:914} INFO - Processing file /opt/airflow/dags/avito_to_raw_midraw.py for tasks to queue
[2026-07-11T23:33:54.612+0000] {logging_mixin.py:190} INFO - [2026-07-11T23:33:54.612+0000] {dagbag.py:588} INFO - Filling up the DagBag from /opt/airflow/dags/avito_to_raw_midraw.py
[2026-07-11T23:33:54.623+0000] {processor.py:925} INFO - DAG(s) 'avito_to_raw_midraw' retrieved from /opt/airflow/dags/avito_to_raw_midraw.py
[2026-07-11T23:33:54.644+0000] {logging_mixin.py:190} INFO - [2026-07-11T23:33:54.644+0000] {dag.py:3239} INFO - Sync 1 DAGs
[2026-07-11T23:33:54.657+0000] {logging_mixin.py:190} INFO - [2026-07-11T23:33:54.656+0000] {dag.py:4180} INFO - Setting next_dagrun for avito_to_raw_midraw to 2026-07-11 23:00:00+00:00, run_after=2026-07-12 00:00:00+00:00
[2026-07-11T23:33:54.665+0000] {processor.py:208} INFO - Processing /opt/airflow/dags/avito_to_raw_midraw.py took 0.060 seconds
[2026-07-11T23:34:25.055+0000] {processor.py:186} INFO - Started process (PID=1502) to work on /opt/airflow/dags/avito_to_raw_midraw.py
[2026-07-11T23:34:25.056+0000] {processor.py:914} INFO - Processing file /opt/airflow/dags/avito_to_raw_midraw.py for tasks to queue
[2026-07-11T23:34:25.059+0000] {logging_mixin.py:190} INFO - [2026-07-11T23:34:25.059+0000] {dagbag.py:588} INFO - Filling up the DagBag from /opt/airflow/dags/avito_to_raw_midraw.py
[2026-07-11T23:34:25.074+0000] {processor.py:925} INFO - DAG(s) 'avito_to_raw_midraw' retrieved from /opt/airflow/dags/avito_to_raw_midraw.py
[2026-07-11T23:34:25.093+0000] {logging_mixin.py:190} INFO - [2026-07-11T23:34:25.093+0000] {dag.py:3239} INFO - Sync 1 DAGs
[2026-07-11T23:34:25.105+0000] {logging_mixin.py:190} INFO - [2026-07-11T23:34:25.105+0000] {dag.py:4180} INFO - Setting next_dagrun for avito_to_raw_midraw to 2026-07-11 23:00:00+00:00, run_after=2026-07-12 00:00:00+00:00
[2026-07-11T23:34:25.117+0000] {processor.py:208} INFO - Processing /opt/airflow/dags/avito_to_raw_midraw.py took 0.066 seconds
[2026-07-11T23:51:16.303+0000] {processor.py:186} INFO - Started process (PID=1504) to work on /opt/airflow/dags/avito_to_raw_midraw.py
[2026-07-11T23:51:16.304+0000] {processor.py:914} INFO - Processing file /opt/airflow/dags/avito_to_raw_midraw.py for tasks to queue
[2026-07-11T23:51:16.308+0000] {logging_mixin.py:190} INFO - [2026-07-11T23:51:16.307+0000] {dagbag.py:588} INFO - Filling up the DagBag from /opt/airflow/dags/avito_to_raw_midraw.py
[2026-07-11T23:51:16.332+0000] {processor.py:925} INFO - DAG(s) 'avito_to_raw_midraw' retrieved from /opt/airflow/dags/avito_to_raw_midraw.py
[2026-07-11T23:51:16.355+0000] {logging_mixin.py:190} INFO - [2026-07-11T23:51:16.355+0000] {dag.py:3239} INFO - Sync 1 DAGs
[2026-07-11T23:51:16.374+0000] {logging_mixin.py:190} INFO - [2026-07-11T23:51:16.374+0000] {dag.py:4180} INFO - Setting next_dagrun for avito_to_raw_midraw to 2026-07-11 23:00:00+00:00, run_after=2026-07-12 00:00:00+00:00
[2026-07-11T23:51:16.389+0000] {processor.py:208} INFO - Processing /opt/airflow/dags/avito_to_raw_midraw.py took 0.093 seconds
