[2026-06-26T11:32:11.152+0000] {processor.py:186} INFO - Started process (PID=173) to work on /opt/airflow/dags/ingest_avito_to_raw.py
[2026-06-26T11:32:11.171+0000] {processor.py:914} INFO - Processing file /opt/airflow/dags/ingest_avito_to_raw.py for tasks to queue
[2026-06-26T11:32:11.184+0000] {logging_mixin.py:190} INFO - [2026-06-26T11:32:11.183+0000] {dagbag.py:588} INFO - Filling up the DagBag from /opt/airflow/dags/ingest_avito_to_raw.py
[2026-06-26T11:32:11.230+0000] {processor.py:925} INFO - DAG(s) 'ingest_avito_to_raw' retrieved from /opt/airflow/dags/ingest_avito_to_raw.py
[2026-06-26T11:32:12.600+0000] {logging_mixin.py:190} INFO - [2026-06-26T11:32:12.598+0000] {override.py:1912} INFO - Created Permission View: can edit on DAG:ingest_avito_to_raw
[2026-06-26T11:32:12.621+0000] {logging_mixin.py:190} INFO - [2026-06-26T11:32:12.620+0000] {override.py:1912} INFO - Created Permission View: can delete on DAG:ingest_avito_to_raw
[2026-06-26T11:32:12.633+0000] {logging_mixin.py:190} INFO - [2026-06-26T11:32:12.632+0000] {override.py:1912} INFO - Created Permission View: can read on DAG:ingest_avito_to_raw
[2026-06-26T11:32:12.662+0000] {logging_mixin.py:190} INFO - [2026-06-26T11:32:12.661+0000] {override.py:1912} INFO - Created Permission View: can delete on DAG Run:ingest_avito_to_raw
[2026-06-26T11:32:12.761+0000] {logging_mixin.py:190} INFO - [2026-06-26T11:32:12.737+0000] {override.py:1912} INFO - Created Permission View: can create on DAG Run:ingest_avito_to_raw
[2026-06-26T11:32:12.926+0000] {logging_mixin.py:190} INFO - [2026-06-26T11:32:12.925+0000] {override.py:1912} INFO - Created Permission View: menu access on DAG Run:ingest_avito_to_raw
[2026-06-26T11:32:12.945+0000] {logging_mixin.py:190} INFO - [2026-06-26T11:32:12.945+0000] {override.py:1912} INFO - Created Permission View: can read on DAG Run:ingest_avito_to_raw
[2026-06-26T11:32:12.948+0000] {logging_mixin.py:190} INFO - [2026-06-26T11:32:12.948+0000] {dag.py:3239} INFO - Sync 1 DAGs
[2026-06-26T11:32:13.004+0000] {logging_mixin.py:190} INFO - [2026-06-26T11:32:13.000+0000] {dag.py:3262} INFO - Creating ORM DAG for ingest_avito_to_raw
[2026-06-26T11:32:13.078+0000] {logging_mixin.py:190} INFO - [2026-06-26T11:32:13.078+0000] {dag.py:4180} INFO - Setting next_dagrun for ingest_avito_to_raw to 2026-06-26 10:00:00+00:00, run_after=2026-06-26 11:00:00+00:00
[2026-06-26T11:32:13.191+0000] {processor.py:208} INFO - Processing /opt/airflow/dags/ingest_avito_to_raw.py took 2.110 seconds
[2026-06-26T11:32:43.813+0000] {processor.py:186} INFO - Started process (PID=188) to work on /opt/airflow/dags/ingest_avito_to_raw.py
[2026-06-26T11:32:43.817+0000] {processor.py:914} INFO - Processing file /opt/airflow/dags/ingest_avito_to_raw.py for tasks to queue
[2026-06-26T11:32:43.822+0000] {logging_mixin.py:190} INFO - [2026-06-26T11:32:43.821+0000] {dagbag.py:588} INFO - Filling up the DagBag from /opt/airflow/dags/ingest_avito_to_raw.py
[2026-06-26T11:32:43.846+0000] {processor.py:925} INFO - DAG(s) 'ingest_avito_to_raw' retrieved from /opt/airflow/dags/ingest_avito_to_raw.py
[2026-06-26T11:32:43.924+0000] {logging_mixin.py:190} INFO - [2026-06-26T11:32:43.923+0000] {dag.py:3239} INFO - Sync 1 DAGs
[2026-06-26T11:32:43.974+0000] {logging_mixin.py:190} INFO - [2026-06-26T11:32:43.973+0000] {dag.py:4180} INFO - Setting next_dagrun for ingest_avito_to_raw to 2026-06-26 10:00:00+00:00, run_after=2026-06-26 11:00:00+00:00
[2026-06-26T11:32:44.020+0000] {processor.py:208} INFO - Processing /opt/airflow/dags/ingest_avito_to_raw.py took 0.222 seconds
[2026-06-26T11:33:14.147+0000] {processor.py:186} INFO - Started process (PID=198) to work on /opt/airflow/dags/ingest_avito_to_raw.py
[2026-06-26T11:33:14.150+0000] {processor.py:914} INFO - Processing file /opt/airflow/dags/ingest_avito_to_raw.py for tasks to queue
[2026-06-26T11:33:14.155+0000] {logging_mixin.py:190} INFO - [2026-06-26T11:33:14.154+0000] {dagbag.py:588} INFO - Filling up the DagBag from /opt/airflow/dags/ingest_avito_to_raw.py
[2026-06-26T11:33:14.179+0000] {processor.py:925} INFO - DAG(s) 'ingest_avito_to_raw' retrieved from /opt/airflow/dags/ingest_avito_to_raw.py
[2026-06-26T11:33:14.265+0000] {logging_mixin.py:190} INFO - [2026-06-26T11:33:14.264+0000] {dag.py:3239} INFO - Sync 1 DAGs
[2026-06-26T11:33:14.334+0000] {logging_mixin.py:190} INFO - [2026-06-26T11:33:14.333+0000] {dag.py:4180} INFO - Setting next_dagrun for ingest_avito_to_raw to 2026-06-26 10:00:00+00:00, run_after=2026-06-26 11:00:00+00:00
[2026-06-26T11:33:14.398+0000] {processor.py:208} INFO - Processing /opt/airflow/dags/ingest_avito_to_raw.py took 0.281 seconds
[2026-06-26T11:33:44.731+0000] {processor.py:186} INFO - Started process (PID=208) to work on /opt/airflow/dags/ingest_avito_to_raw.py
[2026-06-26T11:33:44.733+0000] {processor.py:914} INFO - Processing file /opt/airflow/dags/ingest_avito_to_raw.py for tasks to queue
[2026-06-26T11:33:44.738+0000] {logging_mixin.py:190} INFO - [2026-06-26T11:33:44.737+0000] {dagbag.py:588} INFO - Filling up the DagBag from /opt/airflow/dags/ingest_avito_to_raw.py
[2026-06-26T11:33:44.808+0000] {processor.py:925} INFO - DAG(s) 'ingest_avito_to_raw' retrieved from /opt/airflow/dags/ingest_avito_to_raw.py
[2026-06-26T11:33:44.869+0000] {logging_mixin.py:190} INFO - [2026-06-26T11:33:44.868+0000] {dag.py:3239} INFO - Sync 1 DAGs
[2026-06-26T11:33:44.980+0000] {logging_mixin.py:190} INFO - [2026-06-26T11:33:44.980+0000] {dag.py:4180} INFO - Setting next_dagrun for ingest_avito_to_raw to 2026-06-26 10:00:00+00:00, run_after=2026-06-26 11:00:00+00:00
[2026-06-26T11:33:45.077+0000] {processor.py:208} INFO - Processing /opt/airflow/dags/ingest_avito_to_raw.py took 0.361 seconds
[2026-06-26T11:34:16.118+0000] {processor.py:186} INFO - Started process (PID=218) to work on /opt/airflow/dags/ingest_avito_to_raw.py
[2026-06-26T11:34:16.121+0000] {processor.py:914} INFO - Processing file /opt/airflow/dags/ingest_avito_to_raw.py for tasks to queue
[2026-06-26T11:34:16.127+0000] {logging_mixin.py:190} INFO - [2026-06-26T11:34:16.126+0000] {dagbag.py:588} INFO - Filling up the DagBag from /opt/airflow/dags/ingest_avito_to_raw.py
[2026-06-26T11:34:16.153+0000] {processor.py:925} INFO - DAG(s) 'ingest_avito_to_raw' retrieved from /opt/airflow/dags/ingest_avito_to_raw.py
[2026-06-26T11:34:16.254+0000] {logging_mixin.py:190} INFO - [2026-06-26T11:34:16.254+0000] {dag.py:3239} INFO - Sync 1 DAGs
[2026-06-26T11:34:16.353+0000] {logging_mixin.py:190} INFO - [2026-06-26T11:34:16.353+0000] {dag.py:4180} INFO - Setting next_dagrun for ingest_avito_to_raw to 2026-06-26 10:00:00+00:00, run_after=2026-06-26 11:00:00+00:00
[2026-06-26T11:34:16.420+0000] {processor.py:208} INFO - Processing /opt/airflow/dags/ingest_avito_to_raw.py took 0.313 seconds
[2026-06-26T11:34:46.685+0000] {processor.py:186} INFO - Started process (PID=228) to work on /opt/airflow/dags/ingest_avito_to_raw.py
[2026-06-26T11:34:46.687+0000] {processor.py:914} INFO - Processing file /opt/airflow/dags/ingest_avito_to_raw.py for tasks to queue
[2026-06-26T11:34:46.693+0000] {logging_mixin.py:190} INFO - [2026-06-26T11:34:46.692+0000] {dagbag.py:588} INFO - Filling up the DagBag from /opt/airflow/dags/ingest_avito_to_raw.py
[2026-06-26T11:34:46.714+0000] {processor.py:925} INFO - DAG(s) 'ingest_avito_to_raw' retrieved from /opt/airflow/dags/ingest_avito_to_raw.py
[2026-06-26T11:34:46.777+0000] {logging_mixin.py:190} INFO - [2026-06-26T11:34:46.776+0000] {dag.py:3239} INFO - Sync 1 DAGs
[2026-06-26T11:34:46.842+0000] {logging_mixin.py:190} INFO - [2026-06-26T11:34:46.842+0000] {dag.py:4180} INFO - Setting next_dagrun for ingest_avito_to_raw to 2026-06-26 10:00:00+00:00, run_after=2026-06-26 11:00:00+00:00
[2026-06-26T11:34:46.910+0000] {processor.py:208} INFO - Processing /opt/airflow/dags/ingest_avito_to_raw.py took 0.241 seconds
[2026-06-26T11:35:32.814+0000] {processor.py:186} INFO - Started process (PID=233) to work on /opt/airflow/dags/ingest_avito_to_raw.py
[2026-06-26T11:35:32.828+0000] {processor.py:914} INFO - Processing file /opt/airflow/dags/ingest_avito_to_raw.py for tasks to queue
[2026-06-26T11:35:32.894+0000] {logging_mixin.py:190} INFO - [2026-06-26T11:35:32.888+0000] {dagbag.py:588} INFO - Filling up the DagBag from /opt/airflow/dags/ingest_avito_to_raw.py
[2026-06-26T11:35:33.375+0000] {processor.py:925} INFO - DAG(s) 'ingest_avito_to_raw' retrieved from /opt/airflow/dags/ingest_avito_to_raw.py
[2026-06-26T11:35:34.127+0000] {logging_mixin.py:190} INFO - [2026-06-26T11:35:34.117+0000] {dag.py:3239} INFO - Sync 1 DAGs
[2026-06-26T11:35:35.055+0000] {logging_mixin.py:190} INFO - [2026-06-26T11:35:35.053+0000] {dag.py:4180} INFO - Setting next_dagrun for ingest_avito_to_raw to 2026-06-26 10:00:00+00:00, run_after=2026-06-26 11:00:00+00:00
[2026-06-26T11:35:36.116+0000] {processor.py:208} INFO - Processing /opt/airflow/dags/ingest_avito_to_raw.py took 3.348 seconds
[2026-06-26T11:36:06.846+0000] {processor.py:186} INFO - Started process (PID=243) to work on /opt/airflow/dags/ingest_avito_to_raw.py
[2026-06-26T11:36:06.848+0000] {processor.py:914} INFO - Processing file /opt/airflow/dags/ingest_avito_to_raw.py for tasks to queue
[2026-06-26T11:36:06.853+0000] {logging_mixin.py:190} INFO - [2026-06-26T11:36:06.852+0000] {dagbag.py:588} INFO - Filling up the DagBag from /opt/airflow/dags/ingest_avito_to_raw.py
[2026-06-26T11:36:06.911+0000] {processor.py:925} INFO - DAG(s) 'ingest_avito_to_raw' retrieved from /opt/airflow/dags/ingest_avito_to_raw.py
[2026-06-26T11:36:06.993+0000] {logging_mixin.py:190} INFO - [2026-06-26T11:36:06.992+0000] {dag.py:3239} INFO - Sync 1 DAGs
[2026-06-26T11:36:07.122+0000] {logging_mixin.py:190} INFO - [2026-06-26T11:36:07.121+0000] {dag.py:4180} INFO - Setting next_dagrun for ingest_avito_to_raw to 2026-06-26 10:00:00+00:00, run_after=2026-06-26 11:00:00+00:00
[2026-06-26T11:36:07.182+0000] {processor.py:208} INFO - Processing /opt/airflow/dags/ingest_avito_to_raw.py took 0.352 seconds
[2026-06-26T11:36:37.910+0000] {processor.py:186} INFO - Started process (PID=253) to work on /opt/airflow/dags/ingest_avito_to_raw.py
[2026-06-26T11:36:37.936+0000] {processor.py:914} INFO - Processing file /opt/airflow/dags/ingest_avito_to_raw.py for tasks to queue
[2026-06-26T11:36:37.986+0000] {logging_mixin.py:190} INFO - [2026-06-26T11:36:37.978+0000] {dagbag.py:588} INFO - Filling up the DagBag from /opt/airflow/dags/ingest_avito_to_raw.py
[2026-06-26T11:36:38.077+0000] {processor.py:925} INFO - DAG(s) 'ingest_avito_to_raw' retrieved from /opt/airflow/dags/ingest_avito_to_raw.py
[2026-06-26T11:36:38.315+0000] {logging_mixin.py:190} INFO - [2026-06-26T11:36:38.312+0000] {dag.py:3239} INFO - Sync 1 DAGs
[2026-06-26T11:36:38.532+0000] {logging_mixin.py:190} INFO - [2026-06-26T11:36:38.531+0000] {dag.py:4180} INFO - Setting next_dagrun for ingest_avito_to_raw to 2026-06-26 10:00:00+00:00, run_after=2026-06-26 11:00:00+00:00
[2026-06-26T11:36:38.638+0000] {processor.py:208} INFO - Processing /opt/airflow/dags/ingest_avito_to_raw.py took 0.806 seconds
[2026-06-26T11:37:09.162+0000] {processor.py:186} INFO - Started process (PID=269) to work on /opt/airflow/dags/ingest_avito_to_raw.py
[2026-06-26T11:37:09.165+0000] {processor.py:914} INFO - Processing file /opt/airflow/dags/ingest_avito_to_raw.py for tasks to queue
[2026-06-26T11:37:09.173+0000] {logging_mixin.py:190} INFO - [2026-06-26T11:37:09.171+0000] {dagbag.py:588} INFO - Filling up the DagBag from /opt/airflow/dags/ingest_avito_to_raw.py
[2026-06-26T11:37:09.231+0000] {processor.py:925} INFO - DAG(s) 'ingest_avito_to_raw' retrieved from /opt/airflow/dags/ingest_avito_to_raw.py
[2026-06-26T11:37:09.306+0000] {logging_mixin.py:190} INFO - [2026-06-26T11:37:09.305+0000] {dag.py:3239} INFO - Sync 1 DAGs
[2026-06-26T11:37:09.409+0000] {logging_mixin.py:190} INFO - [2026-06-26T11:37:09.409+0000] {dag.py:4180} INFO - Setting next_dagrun for ingest_avito_to_raw to 2026-06-26 10:00:00+00:00, run_after=2026-06-26 11:00:00+00:00
[2026-06-26T11:37:09.465+0000] {processor.py:208} INFO - Processing /opt/airflow/dags/ingest_avito_to_raw.py took 0.318 seconds
[2026-06-26T11:37:39.601+0000] {processor.py:186} INFO - Started process (PID=286) to work on /opt/airflow/dags/ingest_avito_to_raw.py
[2026-06-26T11:37:39.604+0000] {processor.py:914} INFO - Processing file /opt/airflow/dags/ingest_avito_to_raw.py for tasks to queue
[2026-06-26T11:37:39.614+0000] {logging_mixin.py:190} INFO - [2026-06-26T11:37:39.614+0000] {dagbag.py:588} INFO - Filling up the DagBag from /opt/airflow/dags/ingest_avito_to_raw.py
[2026-06-26T11:37:39.652+0000] {processor.py:925} INFO - DAG(s) 'ingest_avito_to_raw' retrieved from /opt/airflow/dags/ingest_avito_to_raw.py
[2026-06-26T11:37:39.812+0000] {logging_mixin.py:190} INFO - [2026-06-26T11:37:39.811+0000] {dag.py:3239} INFO - Sync 1 DAGs
[2026-06-26T11:37:40.134+0000] {logging_mixin.py:190} INFO - [2026-06-26T11:37:40.129+0000] {dag.py:4180} INFO - Setting next_dagrun for ingest_avito_to_raw to 2026-06-26 10:00:00+00:00, run_after=2026-06-26 11:00:00+00:00
[2026-06-26T11:37:40.214+0000] {processor.py:208} INFO - Processing /opt/airflow/dags/ingest_avito_to_raw.py took 0.642 seconds
[2026-06-26T11:38:11.010+0000] {processor.py:186} INFO - Started process (PID=309) to work on /opt/airflow/dags/ingest_avito_to_raw.py
[2026-06-26T11:38:11.012+0000] {processor.py:914} INFO - Processing file /opt/airflow/dags/ingest_avito_to_raw.py for tasks to queue
[2026-06-26T11:38:11.018+0000] {logging_mixin.py:190} INFO - [2026-06-26T11:38:11.017+0000] {dagbag.py:588} INFO - Filling up the DagBag from /opt/airflow/dags/ingest_avito_to_raw.py
[2026-06-26T11:38:11.046+0000] {processor.py:925} INFO - DAG(s) 'ingest_avito_to_raw' retrieved from /opt/airflow/dags/ingest_avito_to_raw.py
[2026-06-26T11:38:11.132+0000] {logging_mixin.py:190} INFO - [2026-06-26T11:38:11.132+0000] {dag.py:3239} INFO - Sync 1 DAGs
[2026-06-26T11:38:11.187+0000] {logging_mixin.py:190} INFO - [2026-06-26T11:38:11.186+0000] {dag.py:4180} INFO - Setting next_dagrun for ingest_avito_to_raw to 2026-06-26 10:00:00+00:00, run_after=2026-06-26 11:00:00+00:00
[2026-06-26T11:38:11.236+0000] {processor.py:208} INFO - Processing /opt/airflow/dags/ingest_avito_to_raw.py took 0.240 seconds
[2026-06-26T11:38:41.491+0000] {processor.py:186} INFO - Started process (PID=319) to work on /opt/airflow/dags/ingest_avito_to_raw.py
[2026-06-26T11:38:41.494+0000] {processor.py:914} INFO - Processing file /opt/airflow/dags/ingest_avito_to_raw.py for tasks to queue
[2026-06-26T11:38:41.506+0000] {logging_mixin.py:190} INFO - [2026-06-26T11:38:41.505+0000] {dagbag.py:588} INFO - Filling up the DagBag from /opt/airflow/dags/ingest_avito_to_raw.py
[2026-06-26T11:38:41.532+0000] {processor.py:925} INFO - DAG(s) 'ingest_avito_to_raw' retrieved from /opt/airflow/dags/ingest_avito_to_raw.py
[2026-06-26T11:38:41.627+0000] {logging_mixin.py:190} INFO - [2026-06-26T11:38:41.626+0000] {dag.py:3239} INFO - Sync 1 DAGs
[2026-06-26T11:38:41.726+0000] {logging_mixin.py:190} INFO - [2026-06-26T11:38:41.726+0000] {dag.py:4180} INFO - Setting next_dagrun for ingest_avito_to_raw to 2026-06-26 10:00:00+00:00, run_after=2026-06-26 11:00:00+00:00
[2026-06-26T11:38:41.837+0000] {processor.py:208} INFO - Processing /opt/airflow/dags/ingest_avito_to_raw.py took 0.369 seconds
[2026-06-26T11:39:12.396+0000] {processor.py:186} INFO - Started process (PID=329) to work on /opt/airflow/dags/ingest_avito_to_raw.py
[2026-06-26T11:39:12.398+0000] {processor.py:914} INFO - Processing file /opt/airflow/dags/ingest_avito_to_raw.py for tasks to queue
[2026-06-26T11:39:12.403+0000] {logging_mixin.py:190} INFO - [2026-06-26T11:39:12.403+0000] {dagbag.py:588} INFO - Filling up the DagBag from /opt/airflow/dags/ingest_avito_to_raw.py
[2026-06-26T11:39:12.429+0000] {processor.py:925} INFO - DAG(s) 'ingest_avito_to_raw' retrieved from /opt/airflow/dags/ingest_avito_to_raw.py
[2026-06-26T11:39:12.497+0000] {logging_mixin.py:190} INFO - [2026-06-26T11:39:12.497+0000] {dag.py:3239} INFO - Sync 1 DAGs
[2026-06-26T11:39:12.568+0000] {logging_mixin.py:190} INFO - [2026-06-26T11:39:12.566+0000] {dag.py:4180} INFO - Setting next_dagrun for ingest_avito_to_raw to 2026-06-26 10:00:00+00:00, run_after=2026-06-26 11:00:00+00:00
[2026-06-26T11:39:12.612+0000] {processor.py:208} INFO - Processing /opt/airflow/dags/ingest_avito_to_raw.py took 0.229 seconds
[2026-06-26T11:39:43.402+0000] {processor.py:186} INFO - Started process (PID=339) to work on /opt/airflow/dags/ingest_avito_to_raw.py
[2026-06-26T11:39:43.407+0000] {processor.py:914} INFO - Processing file /opt/airflow/dags/ingest_avito_to_raw.py for tasks to queue
[2026-06-26T11:39:43.413+0000] {logging_mixin.py:190} INFO - [2026-06-26T11:39:43.412+0000] {dagbag.py:588} INFO - Filling up the DagBag from /opt/airflow/dags/ingest_avito_to_raw.py
[2026-06-26T11:39:43.459+0000] {processor.py:925} INFO - DAG(s) 'ingest_avito_to_raw' retrieved from /opt/airflow/dags/ingest_avito_to_raw.py
[2026-06-26T11:39:43.572+0000] {logging_mixin.py:190} INFO - [2026-06-26T11:39:43.571+0000] {dag.py:3239} INFO - Sync 1 DAGs
[2026-06-26T11:39:43.995+0000] {logging_mixin.py:190} INFO - [2026-06-26T11:39:43.987+0000] {dag.py:4180} INFO - Setting next_dagrun for ingest_avito_to_raw to 2026-06-26 10:00:00+00:00, run_after=2026-06-26 11:00:00+00:00
[2026-06-26T11:39:45.221+0000] {processor.py:208} INFO - Processing /opt/airflow/dags/ingest_avito_to_raw.py took 1.839 seconds
[2026-06-26T11:40:20.811+0000] {processor.py:186} INFO - Started process (PID=352) to work on /opt/airflow/dags/ingest_avito_to_raw.py
[2026-06-26T11:40:21.195+0000] {processor.py:914} INFO - Processing file /opt/airflow/dags/ingest_avito_to_raw.py for tasks to queue
[2026-06-26T11:40:21.343+0000] {logging_mixin.py:190} INFO - [2026-06-26T11:40:21.334+0000] {dagbag.py:588} INFO - Filling up the DagBag from /opt/airflow/dags/ingest_avito_to_raw.py
[2026-06-26T11:40:22.824+0000] {processor.py:925} INFO - DAG(s) 'ingest_avito_to_raw' retrieved from /opt/airflow/dags/ingest_avito_to_raw.py
[2026-06-26T11:40:25.467+0000] {logging_mixin.py:190} INFO - [2026-06-26T11:40:25.443+0000] {dag.py:3239} INFO - Sync 1 DAGs
[2026-06-26T11:40:26.988+0000] {logging_mixin.py:190} INFO - [2026-06-26T11:40:26.987+0000] {dag.py:4180} INFO - Setting next_dagrun for ingest_avito_to_raw to 2026-06-26 10:00:00+00:00, run_after=2026-06-26 11:00:00+00:00
[2026-06-26T11:40:28.378+0000] {processor.py:208} INFO - Processing /opt/airflow/dags/ingest_avito_to_raw.py took 7.790 seconds
[2026-06-26T11:41:04.277+0000] {processor.py:186} INFO - Started process (PID=362) to work on /opt/airflow/dags/ingest_avito_to_raw.py
[2026-06-26T11:41:04.383+0000] {processor.py:914} INFO - Processing file /opt/airflow/dags/ingest_avito_to_raw.py for tasks to queue
[2026-06-26T11:41:04.757+0000] {logging_mixin.py:190} INFO - [2026-06-26T11:41:04.756+0000] {dagbag.py:588} INFO - Filling up the DagBag from /opt/airflow/dags/ingest_avito_to_raw.py
[2026-06-26T11:41:05.201+0000] {processor.py:925} INFO - DAG(s) 'ingest_avito_to_raw' retrieved from /opt/airflow/dags/ingest_avito_to_raw.py
[2026-06-26T11:41:08.098+0000] {logging_mixin.py:190} INFO - [2026-06-26T11:41:08.097+0000] {dag.py:3239} INFO - Sync 1 DAGs
[2026-06-26T11:41:09.099+0000] {logging_mixin.py:190} INFO - [2026-06-26T11:41:09.099+0000] {dag.py:4180} INFO - Setting next_dagrun for ingest_avito_to_raw to 2026-06-26 10:00:00+00:00, run_after=2026-06-26 11:00:00+00:00
[2026-06-26T11:41:12.651+0000] {processor.py:208} INFO - Processing /opt/airflow/dags/ingest_avito_to_raw.py took 8.938 seconds
[2026-06-26T11:41:47.003+0000] {processor.py:186} INFO - Started process (PID=372) to work on /opt/airflow/dags/ingest_avito_to_raw.py
[2026-06-26T11:41:47.293+0000] {processor.py:914} INFO - Processing file /opt/airflow/dags/ingest_avito_to_raw.py for tasks to queue
[2026-06-26T11:41:47.344+0000] {logging_mixin.py:190} INFO - [2026-06-26T11:41:47.331+0000] {dagbag.py:588} INFO - Filling up the DagBag from /opt/airflow/dags/ingest_avito_to_raw.py
[2026-06-26T11:41:48.034+0000] {processor.py:925} INFO - DAG(s) 'ingest_avito_to_raw' retrieved from /opt/airflow/dags/ingest_avito_to_raw.py
[2026-06-26T11:41:48.664+0000] {logging_mixin.py:190} INFO - [2026-06-26T11:41:48.663+0000] {dag.py:3239} INFO - Sync 1 DAGs
[2026-06-26T11:41:49.522+0000] {logging_mixin.py:190} INFO - [2026-06-26T11:41:49.521+0000] {dag.py:4180} INFO - Setting next_dagrun for ingest_avito_to_raw to 2026-06-26 10:00:00+00:00, run_after=2026-06-26 11:00:00+00:00
[2026-06-26T11:41:51.844+0000] {processor.py:208} INFO - Processing /opt/airflow/dags/ingest_avito_to_raw.py took 4.951 seconds
[2026-06-26T11:42:31.562+0000] {processor.py:186} INFO - Started process (PID=382) to work on /opt/airflow/dags/ingest_avito_to_raw.py
[2026-06-26T11:42:31.671+0000] {processor.py:914} INFO - Processing file /opt/airflow/dags/ingest_avito_to_raw.py for tasks to queue
[2026-06-26T11:42:31.809+0000] {logging_mixin.py:190} INFO - [2026-06-26T11:42:31.800+0000] {dagbag.py:588} INFO - Filling up the DagBag from /opt/airflow/dags/ingest_avito_to_raw.py
[2026-06-26T11:42:32.753+0000] {processor.py:925} INFO - DAG(s) 'ingest_avito_to_raw' retrieved from /opt/airflow/dags/ingest_avito_to_raw.py
[2026-06-26T11:42:34.800+0000] {logging_mixin.py:190} INFO - [2026-06-26T11:42:34.777+0000] {dag.py:3239} INFO - Sync 1 DAGs
[2026-06-26T11:42:36.449+0000] {logging_mixin.py:190} INFO - [2026-06-26T11:42:36.438+0000] {dag.py:4180} INFO - Setting next_dagrun for ingest_avito_to_raw to 2026-06-26 10:00:00+00:00, run_after=2026-06-26 11:00:00+00:00
[2026-06-26T11:42:38.154+0000] {processor.py:208} INFO - Processing /opt/airflow/dags/ingest_avito_to_raw.py took 7.360 seconds
[2026-06-26T11:43:13.352+0000] {processor.py:186} INFO - Started process (PID=392) to work on /opt/airflow/dags/ingest_avito_to_raw.py
[2026-06-26T11:43:13.477+0000] {processor.py:914} INFO - Processing file /opt/airflow/dags/ingest_avito_to_raw.py for tasks to queue
[2026-06-26T11:43:13.538+0000] {logging_mixin.py:190} INFO - [2026-06-26T11:43:13.537+0000] {dagbag.py:588} INFO - Filling up the DagBag from /opt/airflow/dags/ingest_avito_to_raw.py
[2026-06-26T11:43:14.773+0000] {processor.py:925} INFO - DAG(s) 'ingest_avito_to_raw' retrieved from /opt/airflow/dags/ingest_avito_to_raw.py
[2026-06-26T11:43:17.668+0000] {logging_mixin.py:190} INFO - [2026-06-26T11:43:17.668+0000] {dag.py:3239} INFO - Sync 1 DAGs
[2026-06-26T11:43:19.107+0000] {logging_mixin.py:190} INFO - [2026-06-26T11:43:19.095+0000] {dag.py:4180} INFO - Setting next_dagrun for ingest_avito_to_raw to 2026-06-26 10:00:00+00:00, run_after=2026-06-26 11:00:00+00:00
[2026-06-26T11:43:21.081+0000] {processor.py:208} INFO - Processing /opt/airflow/dags/ingest_avito_to_raw.py took 7.805 seconds
[2026-06-26T11:43:53.914+0000] {processor.py:186} INFO - Started process (PID=402) to work on /opt/airflow/dags/ingest_avito_to_raw.py
[2026-06-26T11:43:54.217+0000] {processor.py:914} INFO - Processing file /opt/airflow/dags/ingest_avito_to_raw.py for tasks to queue
[2026-06-26T11:43:54.356+0000] {logging_mixin.py:190} INFO - [2026-06-26T11:43:54.355+0000] {dagbag.py:588} INFO - Filling up the DagBag from /opt/airflow/dags/ingest_avito_to_raw.py
[2026-06-26T11:43:55.349+0000] {processor.py:925} INFO - DAG(s) 'ingest_avito_to_raw' retrieved from /opt/airflow/dags/ingest_avito_to_raw.py
[2026-06-26T11:43:56.892+0000] {logging_mixin.py:190} INFO - [2026-06-26T11:43:56.891+0000] {dag.py:3239} INFO - Sync 1 DAGs
[2026-06-26T11:43:57.849+0000] {logging_mixin.py:190} INFO - [2026-06-26T11:43:57.823+0000] {dag.py:4180} INFO - Setting next_dagrun for ingest_avito_to_raw to 2026-06-26 10:00:00+00:00, run_after=2026-06-26 11:00:00+00:00
[2026-06-26T11:43:59.299+0000] {processor.py:208} INFO - Processing /opt/airflow/dags/ingest_avito_to_raw.py took 5.583 seconds
[2026-06-26T11:44:34.806+0000] {processor.py:186} INFO - Started process (PID=412) to work on /opt/airflow/dags/ingest_avito_to_raw.py
[2026-06-26T11:44:34.846+0000] {processor.py:914} INFO - Processing file /opt/airflow/dags/ingest_avito_to_raw.py for tasks to queue
[2026-06-26T11:44:34.971+0000] {logging_mixin.py:190} INFO - [2026-06-26T11:44:34.960+0000] {dagbag.py:588} INFO - Filling up the DagBag from /opt/airflow/dags/ingest_avito_to_raw.py
[2026-06-26T11:44:36.187+0000] {processor.py:925} INFO - DAG(s) 'ingest_avito_to_raw' retrieved from /opt/airflow/dags/ingest_avito_to_raw.py
[2026-06-26T11:44:40.642+0000] {logging_mixin.py:190} INFO - [2026-06-26T11:44:40.600+0000] {dag.py:3239} INFO - Sync 1 DAGs
[2026-06-26T11:44:42.047+0000] {logging_mixin.py:190} INFO - [2026-06-26T11:44:42.047+0000] {dag.py:4180} INFO - Setting next_dagrun for ingest_avito_to_raw to 2026-06-26 10:00:00+00:00, run_after=2026-06-26 11:00:00+00:00
[2026-06-26T11:44:43.255+0000] {processor.py:208} INFO - Processing /opt/airflow/dags/ingest_avito_to_raw.py took 8.646 seconds
[2026-06-26T11:45:16.292+0000] {processor.py:186} INFO - Started process (PID=422) to work on /opt/airflow/dags/ingest_avito_to_raw.py
[2026-06-26T11:45:16.369+0000] {processor.py:914} INFO - Processing file /opt/airflow/dags/ingest_avito_to_raw.py for tasks to queue
[2026-06-26T11:45:16.719+0000] {logging_mixin.py:190} INFO - [2026-06-26T11:45:16.717+0000] {dagbag.py:588} INFO - Filling up the DagBag from /opt/airflow/dags/ingest_avito_to_raw.py
[2026-06-26T11:45:17.585+0000] {processor.py:925} INFO - DAG(s) 'ingest_avito_to_raw' retrieved from /opt/airflow/dags/ingest_avito_to_raw.py
[2026-06-26T11:45:19.507+0000] {logging_mixin.py:190} INFO - [2026-06-26T11:45:19.506+0000] {dag.py:3239} INFO - Sync 1 DAGs
[2026-06-26T11:45:20.523+0000] {logging_mixin.py:190} INFO - [2026-06-26T11:45:20.523+0000] {dag.py:4180} INFO - Setting next_dagrun for ingest_avito_to_raw to 2026-06-26 10:00:00+00:00, run_after=2026-06-26 11:00:00+00:00
[2026-06-26T11:45:21.350+0000] {processor.py:208} INFO - Processing /opt/airflow/dags/ingest_avito_to_raw.py took 5.151 seconds
[2026-06-26T11:45:55.863+0000] {processor.py:186} INFO - Started process (PID=432) to work on /opt/airflow/dags/ingest_avito_to_raw.py
[2026-06-26T11:45:55.970+0000] {processor.py:914} INFO - Processing file /opt/airflow/dags/ingest_avito_to_raw.py for tasks to queue
[2026-06-26T11:45:56.045+0000] {logging_mixin.py:190} INFO - [2026-06-26T11:45:56.041+0000] {dagbag.py:588} INFO - Filling up the DagBag from /opt/airflow/dags/ingest_avito_to_raw.py
[2026-06-26T11:45:56.516+0000] {processor.py:925} INFO - DAG(s) 'ingest_avito_to_raw' retrieved from /opt/airflow/dags/ingest_avito_to_raw.py
[2026-06-26T11:45:58.284+0000] {logging_mixin.py:190} INFO - [2026-06-26T11:45:58.284+0000] {dag.py:3239} INFO - Sync 1 DAGs
[2026-06-26T11:45:58.984+0000] {logging_mixin.py:190} INFO - [2026-06-26T11:45:58.983+0000] {dag.py:4180} INFO - Setting next_dagrun for ingest_avito_to_raw to 2026-06-26 10:00:00+00:00, run_after=2026-06-26 11:00:00+00:00
[2026-06-26T11:46:00.660+0000] {processor.py:208} INFO - Processing /opt/airflow/dags/ingest_avito_to_raw.py took 4.942 seconds
[2026-06-26T11:46:32.997+0000] {processor.py:186} INFO - Started process (PID=442) to work on /opt/airflow/dags/ingest_avito_to_raw.py
[2026-06-26T11:46:33.036+0000] {processor.py:914} INFO - Processing file /opt/airflow/dags/ingest_avito_to_raw.py for tasks to queue
[2026-06-26T11:46:33.175+0000] {logging_mixin.py:190} INFO - [2026-06-26T11:46:33.129+0000] {dagbag.py:588} INFO - Filling up the DagBag from /opt/airflow/dags/ingest_avito_to_raw.py
[2026-06-26T11:46:36.781+0000] {processor.py:925} INFO - DAG(s) 'ingest_avito_to_raw' retrieved from /opt/airflow/dags/ingest_avito_to_raw.py
[2026-06-26T11:46:43.158+0000] {logging_mixin.py:190} INFO - [2026-06-26T11:46:43.121+0000] {dag.py:3239} INFO - Sync 1 DAGs
[2026-06-26T11:46:45.185+0000] {logging_mixin.py:190} INFO - [2026-06-26T11:46:45.141+0000] {dag.py:4180} INFO - Setting next_dagrun for ingest_avito_to_raw to 2026-06-26 10:00:00+00:00, run_after=2026-06-26 11:00:00+00:00
[2026-06-26T11:46:47.159+0000] {processor.py:208} INFO - Processing /opt/airflow/dags/ingest_avito_to_raw.py took 14.331 seconds
[2026-06-26T11:47:22.355+0000] {processor.py:186} INFO - Started process (PID=452) to work on /opt/airflow/dags/ingest_avito_to_raw.py
[2026-06-26T11:47:22.448+0000] {processor.py:914} INFO - Processing file /opt/airflow/dags/ingest_avito_to_raw.py for tasks to queue
[2026-06-26T11:47:22.525+0000] {logging_mixin.py:190} INFO - [2026-06-26T11:47:22.501+0000] {dagbag.py:588} INFO - Filling up the DagBag from /opt/airflow/dags/ingest_avito_to_raw.py
[2026-06-26T11:47:23.074+0000] {processor.py:925} INFO - DAG(s) 'ingest_avito_to_raw' retrieved from /opt/airflow/dags/ingest_avito_to_raw.py
[2026-06-26T11:47:25.789+0000] {logging_mixin.py:190} INFO - [2026-06-26T11:47:25.762+0000] {dag.py:3239} INFO - Sync 1 DAGs
[2026-06-26T11:47:27.061+0000] {logging_mixin.py:190} INFO - [2026-06-26T11:47:27.061+0000] {dag.py:4180} INFO - Setting next_dagrun for ingest_avito_to_raw to 2026-06-26 10:00:00+00:00, run_after=2026-06-26 11:00:00+00:00
[2026-06-26T11:47:29.257+0000] {processor.py:208} INFO - Processing /opt/airflow/dags/ingest_avito_to_raw.py took 6.988 seconds
[2026-06-26T11:48:01.973+0000] {processor.py:186} INFO - Started process (PID=462) to work on /opt/airflow/dags/ingest_avito_to_raw.py
[2026-06-26T11:48:02.196+0000] {processor.py:914} INFO - Processing file /opt/airflow/dags/ingest_avito_to_raw.py for tasks to queue
[2026-06-26T11:48:02.329+0000] {logging_mixin.py:190} INFO - [2026-06-26T11:48:02.329+0000] {dagbag.py:588} INFO - Filling up the DagBag from /opt/airflow/dags/ingest_avito_to_raw.py
[2026-06-26T11:48:03.212+0000] {processor.py:925} INFO - DAG(s) 'ingest_avito_to_raw' retrieved from /opt/airflow/dags/ingest_avito_to_raw.py
[2026-06-26T11:48:05.615+0000] {logging_mixin.py:190} INFO - [2026-06-26T11:48:05.615+0000] {dag.py:3239} INFO - Sync 1 DAGs
[2026-06-26T11:48:06.395+0000] {logging_mixin.py:190} INFO - [2026-06-26T11:48:06.383+0000] {dag.py:4180} INFO - Setting next_dagrun for ingest_avito_to_raw to 2026-06-26 10:00:00+00:00, run_after=2026-06-26 11:00:00+00:00
[2026-06-26T11:48:07.479+0000] {processor.py:208} INFO - Processing /opt/airflow/dags/ingest_avito_to_raw.py took 5.602 seconds
[2026-06-26T11:52:54.110+0000] {processor.py:186} INFO - Started process (PID=476) to work on /opt/airflow/dags/ingest_avito_to_raw.py
[2026-06-26T11:52:54.112+0000] {processor.py:914} INFO - Processing file /opt/airflow/dags/ingest_avito_to_raw.py for tasks to queue
[2026-06-26T11:52:54.115+0000] {logging_mixin.py:190} INFO - [2026-06-26T11:52:54.115+0000] {dagbag.py:588} INFO - Filling up the DagBag from /opt/airflow/dags/ingest_avito_to_raw.py
[2026-06-26T11:52:54.127+0000] {processor.py:925} INFO - DAG(s) 'ingest_avito_to_raw' retrieved from /opt/airflow/dags/ingest_avito_to_raw.py
[2026-06-26T11:52:54.162+0000] {logging_mixin.py:190} INFO - [2026-06-26T11:52:54.162+0000] {dag.py:3239} INFO - Sync 1 DAGs
[2026-06-26T11:52:54.178+0000] {logging_mixin.py:190} INFO - [2026-06-26T11:52:54.178+0000] {dag.py:4180} INFO - Setting next_dagrun for ingest_avito_to_raw to 2026-06-26 10:00:00+00:00, run_after=2026-06-26 11:00:00+00:00
[2026-06-26T11:52:54.187+0000] {processor.py:208} INFO - Processing /opt/airflow/dags/ingest_avito_to_raw.py took 0.085 seconds
[2026-06-26T11:53:44.939+0000] {processor.py:186} INFO - Started process (PID=486) to work on /opt/airflow/dags/ingest_avito_to_raw.py
[2026-06-26T11:53:44.970+0000] {processor.py:914} INFO - Processing file /opt/airflow/dags/ingest_avito_to_raw.py for tasks to queue
[2026-06-26T11:53:45.119+0000] {logging_mixin.py:190} INFO - [2026-06-26T11:53:45.118+0000] {dagbag.py:588} INFO - Filling up the DagBag from /opt/airflow/dags/ingest_avito_to_raw.py
[2026-06-26T11:53:46.430+0000] {processor.py:925} INFO - DAG(s) 'ingest_avito_to_raw' retrieved from /opt/airflow/dags/ingest_avito_to_raw.py
[2026-06-26T11:54:17.183+0000] {processor.py:211} ERROR - Got an exception! Propagating...
Traceback (most recent call last):
  File "/home/airflow/.local/lib/python3.11/site-packages/sqlalchemy/engine/base.py", line 3371, in _wrap_pool_connect
    return fn()
           ^^^^
  File "/home/airflow/.local/lib/python3.11/site-packages/sqlalchemy/pool/base.py", line 327, in connect
    return _ConnectionFairy._checkout(self)
           ^^^^^^^^^^^^^^^^^^^^^^^^^^^^^^^^
  File "/home/airflow/.local/lib/python3.11/site-packages/sqlalchemy/pool/base.py", line 894, in _checkout
    fairy = _ConnectionRecord.checkout(pool)
            ^^^^^^^^^^^^^^^^^^^^^^^^^^^^^^^^
  File "/home/airflow/.local/lib/python3.11/site-packages/sqlalchemy/pool/base.py", line 493, in checkout
    rec = pool._do_get()
          ^^^^^^^^^^^^^^
  File "/home/airflow/.local/lib/python3.11/site-packages/sqlalchemy/pool/impl.py", line 145, in _do_get
    with util.safe_reraise():
  File "/home/airflow/.local/lib/python3.11/site-packages/sqlalchemy/util/langhelpers.py", line 70, in __exit__
    compat.raise_(
  File "/home/airflow/.local/lib/python3.11/site-packages/sqlalchemy/util/compat.py", line 211, in raise_
    raise exception
  File "/home/airflow/.local/lib/python3.11/site-packages/sqlalchemy/pool/impl.py", line 143, in _do_get
    return self._create_connection()
           ^^^^^^^^^^^^^^^^^^^^^^^^^
  File "/home/airflow/.local/lib/python3.11/site-packages/sqlalchemy/pool/base.py", line 273, in _create_connection
    return _ConnectionRecord(self)
           ^^^^^^^^^^^^^^^^^^^^^^^
  File "/home/airflow/.local/lib/python3.11/site-packages/sqlalchemy/pool/base.py", line 388, in __init__
    self.__connect()
  File "/home/airflow/.local/lib/python3.11/site-packages/sqlalchemy/pool/base.py", line 690, in __connect
    with util.safe_reraise():
  File "/home/airflow/.local/lib/python3.11/site-packages/sqlalchemy/util/langhelpers.py", line 70, in __exit__
    compat.raise_(
  File "/home/airflow/.local/lib/python3.11/site-packages/sqlalchemy/util/compat.py", line 211, in raise_
    raise exception
  File "/home/airflow/.local/lib/python3.11/site-packages/sqlalchemy/pool/base.py", line 686, in __connect
    self.dbapi_connection = connection = pool._invoke_creator(self)
                                         ^^^^^^^^^^^^^^^^^^^^^^^^^^
  File "/home/airflow/.local/lib/python3.11/site-packages/sqlalchemy/engine/create.py", line 574, in connect
    return dialect.connect(*cargs, **cparams)
           ^^^^^^^^^^^^^^^^^^^^^^^^^^^^^^^^^^
  File "/home/airflow/.local/lib/python3.11/site-packages/sqlalchemy/engine/default.py", line 598, in connect
    return self.dbapi.connect(*cargs, **cparams)
           ^^^^^^^^^^^^^^^^^^^^^^^^^^^^^^^^^^^^^
  File "/home/airflow/.local/lib/python3.11/site-packages/psycopg2/__init__.py", line 122, in connect
    conn = _connect(dsn, connection_factory=connection_factory, **kwasync)
           ^^^^^^^^^^^^^^^^^^^^^^^^^^^^^^^^^^^^^^^^^^^^^^^^^^^^^^^^^^^^^^^
psycopg2.OperationalError: could not translate host name "airflow-postgres" to address: Temporary failure in name resolution


The above exception was the direct cause of the following exception:

Traceback (most recent call last):
  File "/home/airflow/.local/lib/python3.11/site-packages/airflow/dag_processing/processor.py", line 207, in _run_file_processor
    _handle_dag_file_processing()
  File "/home/airflow/.local/lib/python3.11/site-packages/airflow/dag_processing/processor.py", line 188, in _handle_dag_file_processing
    result: tuple[int, int, int] = dag_file_processor.process_file(
                                   ^^^^^^^^^^^^^^^^^^^^^^^^^^^^^^^^
  File "/home/airflow/.local/lib/python3.11/site-packages/airflow/utils/session.py", line 97, in wrapper
    return func(*args, session=session, **kwargs)
           ^^^^^^^^^^^^^^^^^^^^^^^^^^^^^^^^^^^^^^
  File "/home/airflow/.local/lib/python3.11/site-packages/airflow/dag_processing/processor.py", line 942, in process_file
    serialize_errors = DagFileProcessor.save_dag_to_db(
                       ^^^^^^^^^^^^^^^^^^^^^^^^^^^^^^^^
  File "/home/airflow/.local/lib/python3.11/site-packages/airflow/api_internal/internal_api_call.py", line 166, in wrapper
    return func(*args, **kwargs)
           ^^^^^^^^^^^^^^^^^^^^^
  File "/home/airflow/.local/lib/python3.11/site-packages/airflow/utils/session.py", line 97, in wrapper
    return func(*args, session=session, **kwargs)
           ^^^^^^^^^^^^^^^^^^^^^^^^^^^^^^^^^^^^^^
  File "/home/airflow/.local/lib/python3.11/site-packages/airflow/dag_processing/processor.py", line 982, in save_dag_to_db
    import_errors = DagBag._sync_to_db(dags=dags, processor_subdir=dag_directory, session=session)
                    ^^^^^^^^^^^^^^^^^^^^^^^^^^^^^^^^^^^^^^^^^^^^^^^^^^^^^^^^^^^^^^^^^^^^^^^^^^^^^^
  File "/home/airflow/.local/lib/python3.11/site-packages/airflow/utils/session.py", line 94, in wrapper
    return func(*args, **kwargs)
           ^^^^^^^^^^^^^^^^^^^^^
  File "/home/airflow/.local/lib/python3.11/site-packages/airflow/models/dagbag.py", line 708, in _sync_to_db
    for attempt in run_with_db_retries(logger=log):
  File "/home/airflow/.local/lib/python3.11/site-packages/tenacity/__init__.py", line 443, in __iter__
    do = self.iter(retry_state=retry_state)
         ^^^^^^^^^^^^^^^^^^^^^^^^^^^^^^^^^^
  File "/home/airflow/.local/lib/python3.11/site-packages/tenacity/__init__.py", line 376, in iter
    result = action(retry_state)
             ^^^^^^^^^^^^^^^^^^^
  File "/home/airflow/.local/lib/python3.11/site-packages/tenacity/__init__.py", line 418, in exc_check
    raise retry_exc.reraise()
          ^^^^^^^^^^^^^^^^^^^
  File "/home/airflow/.local/lib/python3.11/site-packages/tenacity/__init__.py", line 185, in reraise
    raise self.last_attempt.result()
          ^^^^^^^^^^^^^^^^^^^^^^^^^^
  File "/usr/local/lib/python3.11/concurrent/futures/_base.py", line 449, in result
    return self.__get_result()
           ^^^^^^^^^^^^^^^^^^^
  File "/usr/local/lib/python3.11/concurrent/futures/_base.py", line 401, in __get_result
    raise self._exception
  File "/home/airflow/.local/lib/python3.11/site-packages/airflow/models/dagbag.py", line 721, in _sync_to_db
    _serialize_dag_capturing_errors(dag, session, processor_subdir)
  File "/home/airflow/.local/lib/python3.11/site-packages/airflow/models/dagbag.py", line 686, in _serialize_dag_capturing_errors
    dag_was_updated = SerializedDagModel.write_dag(
                      ^^^^^^^^^^^^^^^^^^^^^^^^^^^^^
  File "/home/airflow/.local/lib/python3.11/site-packages/airflow/utils/session.py", line 94, in wrapper
    return func(*args, **kwargs)
           ^^^^^^^^^^^^^^^^^^^^^
  File "/home/airflow/.local/lib/python3.11/site-packages/airflow/models/serialized_dag.py", line 160, in write_dag
    if session.scalar(
       ^^^^^^^^^^^^^^^
  File "/home/airflow/.local/lib/python3.11/site-packages/sqlalchemy/orm/session.py", line 1747, in scalar
    return self.execute(
           ^^^^^^^^^^^^^
  File "/home/airflow/.local/lib/python3.11/site-packages/sqlalchemy/orm/session.py", line 1716, in execute
    conn = self._connection_for_bind(bind)
           ^^^^^^^^^^^^^^^^^^^^^^^^^^^^^^^
  File "/home/airflow/.local/lib/python3.11/site-packages/sqlalchemy/orm/session.py", line 1555, in _connection_for_bind
    return self._transaction._connection_for_bind(
           ^^^^^^^^^^^^^^^^^^^^^^^^^^^^^^^^^^^^^^^
  File "/home/airflow/.local/lib/python3.11/site-packages/sqlalchemy/orm/session.py", line 750, in _connection_for_bind
    conn = bind.connect()
           ^^^^^^^^^^^^^^
  File "/home/airflow/.local/lib/python3.11/site-packages/sqlalchemy/future/engine.py", line 412, in connect
    return super(Engine, self).connect()
           ^^^^^^^^^^^^^^^^^^^^^^^^^^^^^
  File "/home/airflow/.local/lib/python3.11/site-packages/sqlalchemy/engine/base.py", line 3325, in connect
    return self._connection_cls(self, close_with_result=close_with_result)
           ^^^^^^^^^^^^^^^^^^^^^^^^^^^^^^^^^^^^^^^^^^^^^^^^^^^^^^^^^^^^^^^
  File "/home/airflow/.local/lib/python3.11/site-packages/sqlalchemy/engine/base.py", line 96, in __init__
    else engine.raw_connection()
         ^^^^^^^^^^^^^^^^^^^^^^^
  File "/home/airflow/.local/lib/python3.11/site-packages/sqlalchemy/engine/base.py", line 3404, in raw_connection
    return self._wrap_pool_connect(self.pool.connect, _connection)
           ^^^^^^^^^^^^^^^^^^^^^^^^^^^^^^^^^^^^^^^^^^^^^^^^^^^^^^^
  File "/home/airflow/.local/lib/python3.11/site-packages/sqlalchemy/engine/base.py", line 3374, in _wrap_pool_connect
    Connection._handle_dbapi_exception_noconnection(
  File "/home/airflow/.local/lib/python3.11/site-packages/sqlalchemy/engine/base.py", line 2208, in _handle_dbapi_exception_noconnection
    util.raise_(
  File "/home/airflow/.local/lib/python3.11/site-packages/sqlalchemy/util/compat.py", line 211, in raise_
    raise exception
  File "/home/airflow/.local/lib/python3.11/site-packages/sqlalchemy/engine/base.py", line 3371, in _wrap_pool_connect
    return fn()
           ^^^^
  File "/home/airflow/.local/lib/python3.11/site-packages/sqlalchemy/pool/base.py", line 327, in connect
    return _ConnectionFairy._checkout(self)
           ^^^^^^^^^^^^^^^^^^^^^^^^^^^^^^^^
  File "/home/airflow/.local/lib/python3.11/site-packages/sqlalchemy/pool/base.py", line 894, in _checkout
    fairy = _ConnectionRecord.checkout(pool)
            ^^^^^^^^^^^^^^^^^^^^^^^^^^^^^^^^
  File "/home/airflow/.local/lib/python3.11/site-packages/sqlalchemy/pool/base.py", line 493, in checkout
    rec = pool._do_get()
          ^^^^^^^^^^^^^^
  File "/home/airflow/.local/lib/python3.11/site-packages/sqlalchemy/pool/impl.py", line 145, in _do_get
    with util.safe_reraise():
  File "/home/airflow/.local/lib/python3.11/site-packages/sqlalchemy/util/langhelpers.py", line 70, in __exit__
    compat.raise_(
  File "/home/airflow/.local/lib/python3.11/site-packages/sqlalchemy/util/compat.py", line 211, in raise_
    raise exception
  File "/home/airflow/.local/lib/python3.11/site-packages/sqlalchemy/pool/impl.py", line 143, in _do_get
    return self._create_connection()
           ^^^^^^^^^^^^^^^^^^^^^^^^^
  File "/home/airflow/.local/lib/python3.11/site-packages/sqlalchemy/pool/base.py", line 273, in _create_connection
    return _ConnectionRecord(self)
           ^^^^^^^^^^^^^^^^^^^^^^^
  File "/home/airflow/.local/lib/python3.11/site-packages/sqlalchemy/pool/base.py", line 388, in __init__
    self.__connect()
  File "/home/airflow/.local/lib/python3.11/site-packages/sqlalchemy/pool/base.py", line 690, in __connect
    with util.safe_reraise():
  File "/home/airflow/.local/lib/python3.11/site-packages/sqlalchemy/util/langhelpers.py", line 70, in __exit__
    compat.raise_(
  File "/home/airflow/.local/lib/python3.11/site-packages/sqlalchemy/util/compat.py", line 211, in raise_
    raise exception
  File "/home/airflow/.local/lib/python3.11/site-packages/sqlalchemy/pool/base.py", line 686, in __connect
    self.dbapi_connection = connection = pool._invoke_creator(self)
                                         ^^^^^^^^^^^^^^^^^^^^^^^^^^
  File "/home/airflow/.local/lib/python3.11/site-packages/sqlalchemy/engine/create.py", line 574, in connect
    return dialect.connect(*cargs, **cparams)
           ^^^^^^^^^^^^^^^^^^^^^^^^^^^^^^^^^^
  File "/home/airflow/.local/lib/python3.11/site-packages/sqlalchemy/engine/default.py", line 598, in connect
    return self.dbapi.connect(*cargs, **cparams)
           ^^^^^^^^^^^^^^^^^^^^^^^^^^^^^^^^^^^^^
  File "/home/airflow/.local/lib/python3.11/site-packages/psycopg2/__init__.py", line 122, in connect
    conn = _connect(dsn, connection_factory=connection_factory, **kwasync)
           ^^^^^^^^^^^^^^^^^^^^^^^^^^^^^^^^^^^^^^^^^^^^^^^^^^^^^^^^^^^^^^^
sqlalchemy.exc.OperationalError: (psycopg2.OperationalError) could not translate host name "airflow-postgres" to address: Temporary failure in name resolution

(Background on this error at: https://sqlalche.me/e/14/e3q8)
[2026-06-26T11:54:56.853+0000] {processor.py:186} INFO - Started process (PID=499) to work on /opt/airflow/dags/ingest_avito_to_raw.py
[2026-06-26T11:54:56.897+0000] {processor.py:914} INFO - Processing file /opt/airflow/dags/ingest_avito_to_raw.py for tasks to queue
[2026-06-26T11:54:56.969+0000] {logging_mixin.py:190} INFO - [2026-06-26T11:54:56.961+0000] {dagbag.py:588} INFO - Filling up the DagBag from /opt/airflow/dags/ingest_avito_to_raw.py
[2026-06-26T11:54:57.163+0000] {processor.py:925} INFO - DAG(s) 'ingest_avito_to_raw' retrieved from /opt/airflow/dags/ingest_avito_to_raw.py
[2026-06-26T11:55:28.496+0000] {processor.py:211} ERROR - Got an exception! Propagating...
Traceback (most recent call last):
  File "/home/airflow/.local/lib/python3.11/site-packages/sqlalchemy/engine/base.py", line 3371, in _wrap_pool_connect
    return fn()
           ^^^^
  File "/home/airflow/.local/lib/python3.11/site-packages/sqlalchemy/pool/base.py", line 327, in connect
    return _ConnectionFairy._checkout(self)
           ^^^^^^^^^^^^^^^^^^^^^^^^^^^^^^^^
  File "/home/airflow/.local/lib/python3.11/site-packages/sqlalchemy/pool/base.py", line 894, in _checkout
    fairy = _ConnectionRecord.checkout(pool)
            ^^^^^^^^^^^^^^^^^^^^^^^^^^^^^^^^
  File "/home/airflow/.local/lib/python3.11/site-packages/sqlalchemy/pool/base.py", line 493, in checkout
    rec = pool._do_get()
          ^^^^^^^^^^^^^^
  File "/home/airflow/.local/lib/python3.11/site-packages/sqlalchemy/pool/impl.py", line 145, in _do_get
    with util.safe_reraise():
  File "/home/airflow/.local/lib/python3.11/site-packages/sqlalchemy/util/langhelpers.py", line 70, in __exit__
    compat.raise_(
  File "/home/airflow/.local/lib/python3.11/site-packages/sqlalchemy/util/compat.py", line 211, in raise_
    raise exception
  File "/home/airflow/.local/lib/python3.11/site-packages/sqlalchemy/pool/impl.py", line 143, in _do_get
    return self._create_connection()
           ^^^^^^^^^^^^^^^^^^^^^^^^^
  File "/home/airflow/.local/lib/python3.11/site-packages/sqlalchemy/pool/base.py", line 273, in _create_connection
    return _ConnectionRecord(self)
           ^^^^^^^^^^^^^^^^^^^^^^^
  File "/home/airflow/.local/lib/python3.11/site-packages/sqlalchemy/pool/base.py", line 388, in __init__
    self.__connect()
  File "/home/airflow/.local/lib/python3.11/site-packages/sqlalchemy/pool/base.py", line 690, in __connect
    with util.safe_reraise():
  File "/home/airflow/.local/lib/python3.11/site-packages/sqlalchemy/util/langhelpers.py", line 70, in __exit__
    compat.raise_(
  File "/home/airflow/.local/lib/python3.11/site-packages/sqlalchemy/util/compat.py", line 211, in raise_
    raise exception
  File "/home/airflow/.local/lib/python3.11/site-packages/sqlalchemy/pool/base.py", line 686, in __connect
    self.dbapi_connection = connection = pool._invoke_creator(self)
                                         ^^^^^^^^^^^^^^^^^^^^^^^^^^
  File "/home/airflow/.local/lib/python3.11/site-packages/sqlalchemy/engine/create.py", line 574, in connect
    return dialect.connect(*cargs, **cparams)
           ^^^^^^^^^^^^^^^^^^^^^^^^^^^^^^^^^^
  File "/home/airflow/.local/lib/python3.11/site-packages/sqlalchemy/engine/default.py", line 598, in connect
    return self.dbapi.connect(*cargs, **cparams)
           ^^^^^^^^^^^^^^^^^^^^^^^^^^^^^^^^^^^^^
  File "/home/airflow/.local/lib/python3.11/site-packages/psycopg2/__init__.py", line 122, in connect
    conn = _connect(dsn, connection_factory=connection_factory, **kwasync)
           ^^^^^^^^^^^^^^^^^^^^^^^^^^^^^^^^^^^^^^^^^^^^^^^^^^^^^^^^^^^^^^^
psycopg2.OperationalError: could not translate host name "airflow-postgres" to address: Temporary failure in name resolution


The above exception was the direct cause of the following exception:

Traceback (most recent call last):
  File "/home/airflow/.local/lib/python3.11/site-packages/airflow/dag_processing/processor.py", line 207, in _run_file_processor
    _handle_dag_file_processing()
  File "/home/airflow/.local/lib/python3.11/site-packages/airflow/dag_processing/processor.py", line 188, in _handle_dag_file_processing
    result: tuple[int, int, int] = dag_file_processor.process_file(
                                   ^^^^^^^^^^^^^^^^^^^^^^^^^^^^^^^^
  File "/home/airflow/.local/lib/python3.11/site-packages/airflow/utils/session.py", line 97, in wrapper
    return func(*args, session=session, **kwargs)
           ^^^^^^^^^^^^^^^^^^^^^^^^^^^^^^^^^^^^^^
  File "/home/airflow/.local/lib/python3.11/site-packages/airflow/dag_processing/processor.py", line 942, in process_file
    serialize_errors = DagFileProcessor.save_dag_to_db(
                       ^^^^^^^^^^^^^^^^^^^^^^^^^^^^^^^^
  File "/home/airflow/.local/lib/python3.11/site-packages/airflow/api_internal/internal_api_call.py", line 166, in wrapper
    return func(*args, **kwargs)
           ^^^^^^^^^^^^^^^^^^^^^
  File "/home/airflow/.local/lib/python3.11/site-packages/airflow/utils/session.py", line 97, in wrapper
    return func(*args, session=session, **kwargs)
           ^^^^^^^^^^^^^^^^^^^^^^^^^^^^^^^^^^^^^^
  File "/home/airflow/.local/lib/python3.11/site-packages/airflow/dag_processing/processor.py", line 982, in save_dag_to_db
    import_errors = DagBag._sync_to_db(dags=dags, processor_subdir=dag_directory, session=session)
                    ^^^^^^^^^^^^^^^^^^^^^^^^^^^^^^^^^^^^^^^^^^^^^^^^^^^^^^^^^^^^^^^^^^^^^^^^^^^^^^
  File "/home/airflow/.local/lib/python3.11/site-packages/airflow/utils/session.py", line 94, in wrapper
    return func(*args, **kwargs)
           ^^^^^^^^^^^^^^^^^^^^^
  File "/home/airflow/.local/lib/python3.11/site-packages/airflow/models/dagbag.py", line 708, in _sync_to_db
    for attempt in run_with_db_retries(logger=log):
  File "/home/airflow/.local/lib/python3.11/site-packages/tenacity/__init__.py", line 443, in __iter__
    do = self.iter(retry_state=retry_state)
         ^^^^^^^^^^^^^^^^^^^^^^^^^^^^^^^^^^
  File "/home/airflow/.local/lib/python3.11/site-packages/tenacity/__init__.py", line 376, in iter
    result = action(retry_state)
             ^^^^^^^^^^^^^^^^^^^
  File "/home/airflow/.local/lib/python3.11/site-packages/tenacity/__init__.py", line 418, in exc_check
    raise retry_exc.reraise()
          ^^^^^^^^^^^^^^^^^^^
  File "/home/airflow/.local/lib/python3.11/site-packages/tenacity/__init__.py", line 185, in reraise
    raise self.last_attempt.result()
          ^^^^^^^^^^^^^^^^^^^^^^^^^^
  File "/usr/local/lib/python3.11/concurrent/futures/_base.py", line 449, in result
    return self.__get_result()
           ^^^^^^^^^^^^^^^^^^^
  File "/usr/local/lib/python3.11/concurrent/futures/_base.py", line 401, in __get_result
    raise self._exception
  File "/home/airflow/.local/lib/python3.11/site-packages/airflow/models/dagbag.py", line 721, in _sync_to_db
    _serialize_dag_capturing_errors(dag, session, processor_subdir)
  File "/home/airflow/.local/lib/python3.11/site-packages/airflow/models/dagbag.py", line 686, in _serialize_dag_capturing_errors
    dag_was_updated = SerializedDagModel.write_dag(
                      ^^^^^^^^^^^^^^^^^^^^^^^^^^^^^
  File "/home/airflow/.local/lib/python3.11/site-packages/airflow/utils/session.py", line 94, in wrapper
    return func(*args, **kwargs)
           ^^^^^^^^^^^^^^^^^^^^^
  File "/home/airflow/.local/lib/python3.11/site-packages/airflow/models/serialized_dag.py", line 160, in write_dag
    if session.scalar(
       ^^^^^^^^^^^^^^^
  File "/home/airflow/.local/lib/python3.11/site-packages/sqlalchemy/orm/session.py", line 1747, in scalar
    return self.execute(
           ^^^^^^^^^^^^^
  File "/home/airflow/.local/lib/python3.11/site-packages/sqlalchemy/orm/session.py", line 1716, in execute
    conn = self._connection_for_bind(bind)
           ^^^^^^^^^^^^^^^^^^^^^^^^^^^^^^^
  File "/home/airflow/.local/lib/python3.11/site-packages/sqlalchemy/orm/session.py", line 1555, in _connection_for_bind
    return self._transaction._connection_for_bind(
           ^^^^^^^^^^^^^^^^^^^^^^^^^^^^^^^^^^^^^^^
  File "/home/airflow/.local/lib/python3.11/site-packages/sqlalchemy/orm/session.py", line 750, in _connection_for_bind
    conn = bind.connect()
           ^^^^^^^^^^^^^^
  File "/home/airflow/.local/lib/python3.11/site-packages/sqlalchemy/future/engine.py", line 412, in connect
    return super(Engine, self).connect()
           ^^^^^^^^^^^^^^^^^^^^^^^^^^^^^
  File "/home/airflow/.local/lib/python3.11/site-packages/sqlalchemy/engine/base.py", line 3325, in connect
    return self._connection_cls(self, close_with_result=close_with_result)
           ^^^^^^^^^^^^^^^^^^^^^^^^^^^^^^^^^^^^^^^^^^^^^^^^^^^^^^^^^^^^^^^
  File "/home/airflow/.local/lib/python3.11/site-packages/sqlalchemy/engine/base.py", line 96, in __init__
    else engine.raw_connection()
         ^^^^^^^^^^^^^^^^^^^^^^^
  File "/home/airflow/.local/lib/python3.11/site-packages/sqlalchemy/engine/base.py", line 3404, in raw_connection
    return self._wrap_pool_connect(self.pool.connect, _connection)
           ^^^^^^^^^^^^^^^^^^^^^^^^^^^^^^^^^^^^^^^^^^^^^^^^^^^^^^^
  File "/home/airflow/.local/lib/python3.11/site-packages/sqlalchemy/engine/base.py", line 3374, in _wrap_pool_connect
    Connection._handle_dbapi_exception_noconnection(
  File "/home/airflow/.local/lib/python3.11/site-packages/sqlalchemy/engine/base.py", line 2208, in _handle_dbapi_exception_noconnection
    util.raise_(
  File "/home/airflow/.local/lib/python3.11/site-packages/sqlalchemy/util/compat.py", line 211, in raise_
    raise exception
  File "/home/airflow/.local/lib/python3.11/site-packages/sqlalchemy/engine/base.py", line 3371, in _wrap_pool_connect
    return fn()
           ^^^^
  File "/home/airflow/.local/lib/python3.11/site-packages/sqlalchemy/pool/base.py", line 327, in connect
    return _ConnectionFairy._checkout(self)
           ^^^^^^^^^^^^^^^^^^^^^^^^^^^^^^^^
  File "/home/airflow/.local/lib/python3.11/site-packages/sqlalchemy/pool/base.py", line 894, in _checkout
    fairy = _ConnectionRecord.checkout(pool)
            ^^^^^^^^^^^^^^^^^^^^^^^^^^^^^^^^
  File "/home/airflow/.local/lib/python3.11/site-packages/sqlalchemy/pool/base.py", line 493, in checkout
    rec = pool._do_get()
          ^^^^^^^^^^^^^^
  File "/home/airflow/.local/lib/python3.11/site-packages/sqlalchemy/pool/impl.py", line 145, in _do_get
    with util.safe_reraise():
  File "/home/airflow/.local/lib/python3.11/site-packages/sqlalchemy/util/langhelpers.py", line 70, in __exit__
    compat.raise_(
  File "/home/airflow/.local/lib/python3.11/site-packages/sqlalchemy/util/compat.py", line 211, in raise_
    raise exception
  File "/home/airflow/.local/lib/python3.11/site-packages/sqlalchemy/pool/impl.py", line 143, in _do_get
    return self._create_connection()
           ^^^^^^^^^^^^^^^^^^^^^^^^^
  File "/home/airflow/.local/lib/python3.11/site-packages/sqlalchemy/pool/base.py", line 273, in _create_connection
    return _ConnectionRecord(self)
           ^^^^^^^^^^^^^^^^^^^^^^^
  File "/home/airflow/.local/lib/python3.11/site-packages/sqlalchemy/pool/base.py", line 388, in __init__
    self.__connect()
  File "/home/airflow/.local/lib/python3.11/site-packages/sqlalchemy/pool/base.py", line 690, in __connect
    with util.safe_reraise():
  File "/home/airflow/.local/lib/python3.11/site-packages/sqlalchemy/util/langhelpers.py", line 70, in __exit__
    compat.raise_(
  File "/home/airflow/.local/lib/python3.11/site-packages/sqlalchemy/util/compat.py", line 211, in raise_
    raise exception
  File "/home/airflow/.local/lib/python3.11/site-packages/sqlalchemy/pool/base.py", line 686, in __connect
    self.dbapi_connection = connection = pool._invoke_creator(self)
                                         ^^^^^^^^^^^^^^^^^^^^^^^^^^
  File "/home/airflow/.local/lib/python3.11/site-packages/sqlalchemy/engine/create.py", line 574, in connect
    return dialect.connect(*cargs, **cparams)
           ^^^^^^^^^^^^^^^^^^^^^^^^^^^^^^^^^^
  File "/home/airflow/.local/lib/python3.11/site-packages/sqlalchemy/engine/default.py", line 598, in connect
    return self.dbapi.connect(*cargs, **cparams)
           ^^^^^^^^^^^^^^^^^^^^^^^^^^^^^^^^^^^^^
  File "/home/airflow/.local/lib/python3.11/site-packages/psycopg2/__init__.py", line 122, in connect
    conn = _connect(dsn, connection_factory=connection_factory, **kwasync)
           ^^^^^^^^^^^^^^^^^^^^^^^^^^^^^^^^^^^^^^^^^^^^^^^^^^^^^^^^^^^^^^^
sqlalchemy.exc.OperationalError: (psycopg2.OperationalError) could not translate host name "airflow-postgres" to address: Temporary failure in name resolution

(Background on this error at: https://sqlalche.me/e/14/e3q8)
[2026-06-26T11:56:02.882+0000] {processor.py:186} INFO - Started process (PID=506) to work on /opt/airflow/dags/ingest_avito_to_raw.py
[2026-06-26T11:56:02.935+0000] {processor.py:914} INFO - Processing file /opt/airflow/dags/ingest_avito_to_raw.py for tasks to queue
[2026-06-26T11:56:03.037+0000] {logging_mixin.py:190} INFO - [2026-06-26T11:56:03.030+0000] {dagbag.py:588} INFO - Filling up the DagBag from /opt/airflow/dags/ingest_avito_to_raw.py
[2026-06-26T11:56:03.937+0000] {processor.py:925} INFO - DAG(s) 'ingest_avito_to_raw' retrieved from /opt/airflow/dags/ingest_avito_to_raw.py
[2026-06-26T11:56:36.201+0000] {processor.py:211} ERROR - Got an exception! Propagating...
Traceback (most recent call last):
  File "/home/airflow/.local/lib/python3.11/site-packages/sqlalchemy/engine/base.py", line 3371, in _wrap_pool_connect
    return fn()
           ^^^^
  File "/home/airflow/.local/lib/python3.11/site-packages/sqlalchemy/pool/base.py", line 327, in connect
    return _ConnectionFairy._checkout(self)
           ^^^^^^^^^^^^^^^^^^^^^^^^^^^^^^^^
  File "/home/airflow/.local/lib/python3.11/site-packages/sqlalchemy/pool/base.py", line 894, in _checkout
    fairy = _ConnectionRecord.checkout(pool)
            ^^^^^^^^^^^^^^^^^^^^^^^^^^^^^^^^
  File "/home/airflow/.local/lib/python3.11/site-packages/sqlalchemy/pool/base.py", line 493, in checkout
    rec = pool._do_get()
          ^^^^^^^^^^^^^^
  File "/home/airflow/.local/lib/python3.11/site-packages/sqlalchemy/pool/impl.py", line 145, in _do_get
    with util.safe_reraise():
  File "/home/airflow/.local/lib/python3.11/site-packages/sqlalchemy/util/langhelpers.py", line 70, in __exit__
    compat.raise_(
  File "/home/airflow/.local/lib/python3.11/site-packages/sqlalchemy/util/compat.py", line 211, in raise_
    raise exception
  File "/home/airflow/.local/lib/python3.11/site-packages/sqlalchemy/pool/impl.py", line 143, in _do_get
    return self._create_connection()
           ^^^^^^^^^^^^^^^^^^^^^^^^^
  File "/home/airflow/.local/lib/python3.11/site-packages/sqlalchemy/pool/base.py", line 273, in _create_connection
    return _ConnectionRecord(self)
           ^^^^^^^^^^^^^^^^^^^^^^^
  File "/home/airflow/.local/lib/python3.11/site-packages/sqlalchemy/pool/base.py", line 388, in __init__
    self.__connect()
  File "/home/airflow/.local/lib/python3.11/site-packages/sqlalchemy/pool/base.py", line 690, in __connect
    with util.safe_reraise():
  File "/home/airflow/.local/lib/python3.11/site-packages/sqlalchemy/util/langhelpers.py", line 70, in __exit__
    compat.raise_(
  File "/home/airflow/.local/lib/python3.11/site-packages/sqlalchemy/util/compat.py", line 211, in raise_
    raise exception
  File "/home/airflow/.local/lib/python3.11/site-packages/sqlalchemy/pool/base.py", line 686, in __connect
    self.dbapi_connection = connection = pool._invoke_creator(self)
                                         ^^^^^^^^^^^^^^^^^^^^^^^^^^
  File "/home/airflow/.local/lib/python3.11/site-packages/sqlalchemy/engine/create.py", line 574, in connect
    return dialect.connect(*cargs, **cparams)
           ^^^^^^^^^^^^^^^^^^^^^^^^^^^^^^^^^^
  File "/home/airflow/.local/lib/python3.11/site-packages/sqlalchemy/engine/default.py", line 598, in connect
    return self.dbapi.connect(*cargs, **cparams)
           ^^^^^^^^^^^^^^^^^^^^^^^^^^^^^^^^^^^^^
  File "/home/airflow/.local/lib/python3.11/site-packages/psycopg2/__init__.py", line 122, in connect
    conn = _connect(dsn, connection_factory=connection_factory, **kwasync)
           ^^^^^^^^^^^^^^^^^^^^^^^^^^^^^^^^^^^^^^^^^^^^^^^^^^^^^^^^^^^^^^^
psycopg2.OperationalError: could not translate host name "airflow-postgres" to address: Temporary failure in name resolution


The above exception was the direct cause of the following exception:

Traceback (most recent call last):
  File "/home/airflow/.local/lib/python3.11/site-packages/airflow/dag_processing/processor.py", line 207, in _run_file_processor
    _handle_dag_file_processing()
  File "/home/airflow/.local/lib/python3.11/site-packages/airflow/dag_processing/processor.py", line 188, in _handle_dag_file_processing
    result: tuple[int, int, int] = dag_file_processor.process_file(
                                   ^^^^^^^^^^^^^^^^^^^^^^^^^^^^^^^^
  File "/home/airflow/.local/lib/python3.11/site-packages/airflow/utils/session.py", line 97, in wrapper
    return func(*args, session=session, **kwargs)
           ^^^^^^^^^^^^^^^^^^^^^^^^^^^^^^^^^^^^^^
  File "/home/airflow/.local/lib/python3.11/site-packages/airflow/dag_processing/processor.py", line 942, in process_file
    serialize_errors = DagFileProcessor.save_dag_to_db(
                       ^^^^^^^^^^^^^^^^^^^^^^^^^^^^^^^^
  File "/home/airflow/.local/lib/python3.11/site-packages/airflow/api_internal/internal_api_call.py", line 166, in wrapper
    return func(*args, **kwargs)
           ^^^^^^^^^^^^^^^^^^^^^
  File "/home/airflow/.local/lib/python3.11/site-packages/airflow/utils/session.py", line 97, in wrapper
    return func(*args, session=session, **kwargs)
           ^^^^^^^^^^^^^^^^^^^^^^^^^^^^^^^^^^^^^^
  File "/home/airflow/.local/lib/python3.11/site-packages/airflow/dag_processing/processor.py", line 982, in save_dag_to_db
    import_errors = DagBag._sync_to_db(dags=dags, processor_subdir=dag_directory, session=session)
                    ^^^^^^^^^^^^^^^^^^^^^^^^^^^^^^^^^^^^^^^^^^^^^^^^^^^^^^^^^^^^^^^^^^^^^^^^^^^^^^
  File "/home/airflow/.local/lib/python3.11/site-packages/airflow/utils/session.py", line 94, in wrapper
    return func(*args, **kwargs)
           ^^^^^^^^^^^^^^^^^^^^^
  File "/home/airflow/.local/lib/python3.11/site-packages/airflow/models/dagbag.py", line 708, in _sync_to_db
    for attempt in run_with_db_retries(logger=log):
  File "/home/airflow/.local/lib/python3.11/site-packages/tenacity/__init__.py", line 443, in __iter__
    do = self.iter(retry_state=retry_state)
         ^^^^^^^^^^^^^^^^^^^^^^^^^^^^^^^^^^
  File "/home/airflow/.local/lib/python3.11/site-packages/tenacity/__init__.py", line 376, in iter
    result = action(retry_state)
             ^^^^^^^^^^^^^^^^^^^
  File "/home/airflow/.local/lib/python3.11/site-packages/tenacity/__init__.py", line 418, in exc_check
    raise retry_exc.reraise()
          ^^^^^^^^^^^^^^^^^^^
  File "/home/airflow/.local/lib/python3.11/site-packages/tenacity/__init__.py", line 185, in reraise
    raise self.last_attempt.result()
          ^^^^^^^^^^^^^^^^^^^^^^^^^^
  File "/usr/local/lib/python3.11/concurrent/futures/_base.py", line 449, in result
    return self.__get_result()
           ^^^^^^^^^^^^^^^^^^^
  File "/usr/local/lib/python3.11/concurrent/futures/_base.py", line 401, in __get_result
    raise self._exception
  File "/home/airflow/.local/lib/python3.11/site-packages/airflow/models/dagbag.py", line 721, in _sync_to_db
    _serialize_dag_capturing_errors(dag, session, processor_subdir)
  File "/home/airflow/.local/lib/python3.11/site-packages/airflow/models/dagbag.py", line 686, in _serialize_dag_capturing_errors
    dag_was_updated = SerializedDagModel.write_dag(
                      ^^^^^^^^^^^^^^^^^^^^^^^^^^^^^
  File "/home/airflow/.local/lib/python3.11/site-packages/airflow/utils/session.py", line 94, in wrapper
    return func(*args, **kwargs)
           ^^^^^^^^^^^^^^^^^^^^^
  File "/home/airflow/.local/lib/python3.11/site-packages/airflow/models/serialized_dag.py", line 160, in write_dag
    if session.scalar(
       ^^^^^^^^^^^^^^^
  File "/home/airflow/.local/lib/python3.11/site-packages/sqlalchemy/orm/session.py", line 1747, in scalar
    return self.execute(
           ^^^^^^^^^^^^^
  File "/home/airflow/.local/lib/python3.11/site-packages/sqlalchemy/orm/session.py", line 1716, in execute
    conn = self._connection_for_bind(bind)
           ^^^^^^^^^^^^^^^^^^^^^^^^^^^^^^^
  File "/home/airflow/.local/lib/python3.11/site-packages/sqlalchemy/orm/session.py", line 1555, in _connection_for_bind
    return self._transaction._connection_for_bind(
           ^^^^^^^^^^^^^^^^^^^^^^^^^^^^^^^^^^^^^^^
  File "/home/airflow/.local/lib/python3.11/site-packages/sqlalchemy/orm/session.py", line 750, in _connection_for_bind
    conn = bind.connect()
           ^^^^^^^^^^^^^^
  File "/home/airflow/.local/lib/python3.11/site-packages/sqlalchemy/future/engine.py", line 412, in connect
    return super(Engine, self).connect()
           ^^^^^^^^^^^^^^^^^^^^^^^^^^^^^
  File "/home/airflow/.local/lib/python3.11/site-packages/sqlalchemy/engine/base.py", line 3325, in connect
    return self._connection_cls(self, close_with_result=close_with_result)
           ^^^^^^^^^^^^^^^^^^^^^^^^^^^^^^^^^^^^^^^^^^^^^^^^^^^^^^^^^^^^^^^
  File "/home/airflow/.local/lib/python3.11/site-packages/sqlalchemy/engine/base.py", line 96, in __init__
    else engine.raw_connection()
         ^^^^^^^^^^^^^^^^^^^^^^^
  File "/home/airflow/.local/lib/python3.11/site-packages/sqlalchemy/engine/base.py", line 3404, in raw_connection
    return self._wrap_pool_connect(self.pool.connect, _connection)
           ^^^^^^^^^^^^^^^^^^^^^^^^^^^^^^^^^^^^^^^^^^^^^^^^^^^^^^^
  File "/home/airflow/.local/lib/python3.11/site-packages/sqlalchemy/engine/base.py", line 3374, in _wrap_pool_connect
    Connection._handle_dbapi_exception_noconnection(
  File "/home/airflow/.local/lib/python3.11/site-packages/sqlalchemy/engine/base.py", line 2208, in _handle_dbapi_exception_noconnection
    util.raise_(
  File "/home/airflow/.local/lib/python3.11/site-packages/sqlalchemy/util/compat.py", line 211, in raise_
    raise exception
  File "/home/airflow/.local/lib/python3.11/site-packages/sqlalchemy/engine/base.py", line 3371, in _wrap_pool_connect
    return fn()
           ^^^^
  File "/home/airflow/.local/lib/python3.11/site-packages/sqlalchemy/pool/base.py", line 327, in connect
    return _ConnectionFairy._checkout(self)
           ^^^^^^^^^^^^^^^^^^^^^^^^^^^^^^^^
  File "/home/airflow/.local/lib/python3.11/site-packages/sqlalchemy/pool/base.py", line 894, in _checkout
    fairy = _ConnectionRecord.checkout(pool)
            ^^^^^^^^^^^^^^^^^^^^^^^^^^^^^^^^
  File "/home/airflow/.local/lib/python3.11/site-packages/sqlalchemy/pool/base.py", line 493, in checkout
    rec = pool._do_get()
          ^^^^^^^^^^^^^^
  File "/home/airflow/.local/lib/python3.11/site-packages/sqlalchemy/pool/impl.py", line 145, in _do_get
    with util.safe_reraise():
  File "/home/airflow/.local/lib/python3.11/site-packages/sqlalchemy/util/langhelpers.py", line 70, in __exit__
    compat.raise_(
  File "/home/airflow/.local/lib/python3.11/site-packages/sqlalchemy/util/compat.py", line 211, in raise_
    raise exception
  File "/home/airflow/.local/lib/python3.11/site-packages/sqlalchemy/pool/impl.py", line 143, in _do_get
    return self._create_connection()
           ^^^^^^^^^^^^^^^^^^^^^^^^^
  File "/home/airflow/.local/lib/python3.11/site-packages/sqlalchemy/pool/base.py", line 273, in _create_connection
    return _ConnectionRecord(self)
           ^^^^^^^^^^^^^^^^^^^^^^^
  File "/home/airflow/.local/lib/python3.11/site-packages/sqlalchemy/pool/base.py", line 388, in __init__
    self.__connect()
  File "/home/airflow/.local/lib/python3.11/site-packages/sqlalchemy/pool/base.py", line 690, in __connect
    with util.safe_reraise():
  File "/home/airflow/.local/lib/python3.11/site-packages/sqlalchemy/util/langhelpers.py", line 70, in __exit__
    compat.raise_(
  File "/home/airflow/.local/lib/python3.11/site-packages/sqlalchemy/util/compat.py", line 211, in raise_
    raise exception
  File "/home/airflow/.local/lib/python3.11/site-packages/sqlalchemy/pool/base.py", line 686, in __connect
    self.dbapi_connection = connection = pool._invoke_creator(self)
                                         ^^^^^^^^^^^^^^^^^^^^^^^^^^
  File "/home/airflow/.local/lib/python3.11/site-packages/sqlalchemy/engine/create.py", line 574, in connect
    return dialect.connect(*cargs, **cparams)
           ^^^^^^^^^^^^^^^^^^^^^^^^^^^^^^^^^^
  File "/home/airflow/.local/lib/python3.11/site-packages/sqlalchemy/engine/default.py", line 598, in connect
    return self.dbapi.connect(*cargs, **cparams)
           ^^^^^^^^^^^^^^^^^^^^^^^^^^^^^^^^^^^^^
  File "/home/airflow/.local/lib/python3.11/site-packages/psycopg2/__init__.py", line 122, in connect
    conn = _connect(dsn, connection_factory=connection_factory, **kwasync)
           ^^^^^^^^^^^^^^^^^^^^^^^^^^^^^^^^^^^^^^^^^^^^^^^^^^^^^^^^^^^^^^^
sqlalchemy.exc.OperationalError: (psycopg2.OperationalError) could not translate host name "airflow-postgres" to address: Temporary failure in name resolution

(Background on this error at: https://sqlalche.me/e/14/e3q8)
[2026-06-26T11:57:09.994+0000] {processor.py:186} INFO - Started process (PID=516) to work on /opt/airflow/dags/ingest_avito_to_raw.py
[2026-06-26T11:57:10.226+0000] {processor.py:914} INFO - Processing file /opt/airflow/dags/ingest_avito_to_raw.py for tasks to queue
[2026-06-26T11:57:10.292+0000] {logging_mixin.py:190} INFO - [2026-06-26T11:57:10.234+0000] {dagbag.py:588} INFO - Filling up the DagBag from /opt/airflow/dags/ingest_avito_to_raw.py
[2026-06-26T11:57:10.422+0000] {processor.py:925} INFO - DAG(s) 'ingest_avito_to_raw' retrieved from /opt/airflow/dags/ingest_avito_to_raw.py
[2026-06-26T11:57:40.761+0000] {processor.py:211} ERROR - Got an exception! Propagating...
Traceback (most recent call last):
  File "/home/airflow/.local/lib/python3.11/site-packages/sqlalchemy/engine/base.py", line 3371, in _wrap_pool_connect
    return fn()
           ^^^^
  File "/home/airflow/.local/lib/python3.11/site-packages/sqlalchemy/pool/base.py", line 327, in connect
    return _ConnectionFairy._checkout(self)
           ^^^^^^^^^^^^^^^^^^^^^^^^^^^^^^^^
  File "/home/airflow/.local/lib/python3.11/site-packages/sqlalchemy/pool/base.py", line 894, in _checkout
    fairy = _ConnectionRecord.checkout(pool)
            ^^^^^^^^^^^^^^^^^^^^^^^^^^^^^^^^
  File "/home/airflow/.local/lib/python3.11/site-packages/sqlalchemy/pool/base.py", line 493, in checkout
    rec = pool._do_get()
          ^^^^^^^^^^^^^^
  File "/home/airflow/.local/lib/python3.11/site-packages/sqlalchemy/pool/impl.py", line 145, in _do_get
    with util.safe_reraise():
  File "/home/airflow/.local/lib/python3.11/site-packages/sqlalchemy/util/langhelpers.py", line 70, in __exit__
    compat.raise_(
  File "/home/airflow/.local/lib/python3.11/site-packages/sqlalchemy/util/compat.py", line 211, in raise_
    raise exception
  File "/home/airflow/.local/lib/python3.11/site-packages/sqlalchemy/pool/impl.py", line 143, in _do_get
    return self._create_connection()
           ^^^^^^^^^^^^^^^^^^^^^^^^^
  File "/home/airflow/.local/lib/python3.11/site-packages/sqlalchemy/pool/base.py", line 273, in _create_connection
    return _ConnectionRecord(self)
           ^^^^^^^^^^^^^^^^^^^^^^^
  File "/home/airflow/.local/lib/python3.11/site-packages/sqlalchemy/pool/base.py", line 388, in __init__
    self.__connect()
  File "/home/airflow/.local/lib/python3.11/site-packages/sqlalchemy/pool/base.py", line 690, in __connect
    with util.safe_reraise():
  File "/home/airflow/.local/lib/python3.11/site-packages/sqlalchemy/util/langhelpers.py", line 70, in __exit__
    compat.raise_(
  File "/home/airflow/.local/lib/python3.11/site-packages/sqlalchemy/util/compat.py", line 211, in raise_
    raise exception
  File "/home/airflow/.local/lib/python3.11/site-packages/sqlalchemy/pool/base.py", line 686, in __connect
    self.dbapi_connection = connection = pool._invoke_creator(self)
                                         ^^^^^^^^^^^^^^^^^^^^^^^^^^
  File "/home/airflow/.local/lib/python3.11/site-packages/sqlalchemy/engine/create.py", line 574, in connect
    return dialect.connect(*cargs, **cparams)
           ^^^^^^^^^^^^^^^^^^^^^^^^^^^^^^^^^^
  File "/home/airflow/.local/lib/python3.11/site-packages/sqlalchemy/engine/default.py", line 598, in connect
    return self.dbapi.connect(*cargs, **cparams)
           ^^^^^^^^^^^^^^^^^^^^^^^^^^^^^^^^^^^^^
  File "/home/airflow/.local/lib/python3.11/site-packages/psycopg2/__init__.py", line 122, in connect
    conn = _connect(dsn, connection_factory=connection_factory, **kwasync)
           ^^^^^^^^^^^^^^^^^^^^^^^^^^^^^^^^^^^^^^^^^^^^^^^^^^^^^^^^^^^^^^^
psycopg2.OperationalError: could not translate host name "airflow-postgres" to address: Temporary failure in name resolution


The above exception was the direct cause of the following exception:

Traceback (most recent call last):
  File "/home/airflow/.local/lib/python3.11/site-packages/airflow/dag_processing/processor.py", line 207, in _run_file_processor
    _handle_dag_file_processing()
  File "/home/airflow/.local/lib/python3.11/site-packages/airflow/dag_processing/processor.py", line 188, in _handle_dag_file_processing
    result: tuple[int, int, int] = dag_file_processor.process_file(
                                   ^^^^^^^^^^^^^^^^^^^^^^^^^^^^^^^^
  File "/home/airflow/.local/lib/python3.11/site-packages/airflow/utils/session.py", line 97, in wrapper
    return func(*args, session=session, **kwargs)
           ^^^^^^^^^^^^^^^^^^^^^^^^^^^^^^^^^^^^^^
  File "/home/airflow/.local/lib/python3.11/site-packages/airflow/dag_processing/processor.py", line 942, in process_file
    serialize_errors = DagFileProcessor.save_dag_to_db(
                       ^^^^^^^^^^^^^^^^^^^^^^^^^^^^^^^^
  File "/home/airflow/.local/lib/python3.11/site-packages/airflow/api_internal/internal_api_call.py", line 166, in wrapper
    return func(*args, **kwargs)
           ^^^^^^^^^^^^^^^^^^^^^
  File "/home/airflow/.local/lib/python3.11/site-packages/airflow/utils/session.py", line 97, in wrapper
    return func(*args, session=session, **kwargs)
           ^^^^^^^^^^^^^^^^^^^^^^^^^^^^^^^^^^^^^^
  File "/home/airflow/.local/lib/python3.11/site-packages/airflow/dag_processing/processor.py", line 982, in save_dag_to_db
    import_errors = DagBag._sync_to_db(dags=dags, processor_subdir=dag_directory, session=session)
                    ^^^^^^^^^^^^^^^^^^^^^^^^^^^^^^^^^^^^^^^^^^^^^^^^^^^^^^^^^^^^^^^^^^^^^^^^^^^^^^
  File "/home/airflow/.local/lib/python3.11/site-packages/airflow/utils/session.py", line 94, in wrapper
    return func(*args, **kwargs)
           ^^^^^^^^^^^^^^^^^^^^^
  File "/home/airflow/.local/lib/python3.11/site-packages/airflow/models/dagbag.py", line 708, in _sync_to_db
    for attempt in run_with_db_retries(logger=log):
  File "/home/airflow/.local/lib/python3.11/site-packages/tenacity/__init__.py", line 443, in __iter__
    do = self.iter(retry_state=retry_state)
         ^^^^^^^^^^^^^^^^^^^^^^^^^^^^^^^^^^
  File "/home/airflow/.local/lib/python3.11/site-packages/tenacity/__init__.py", line 376, in iter
    result = action(retry_state)
             ^^^^^^^^^^^^^^^^^^^
  File "/home/airflow/.local/lib/python3.11/site-packages/tenacity/__init__.py", line 418, in exc_check
    raise retry_exc.reraise()
          ^^^^^^^^^^^^^^^^^^^
  File "/home/airflow/.local/lib/python3.11/site-packages/tenacity/__init__.py", line 185, in reraise
    raise self.last_attempt.result()
          ^^^^^^^^^^^^^^^^^^^^^^^^^^
  File "/usr/local/lib/python3.11/concurrent/futures/_base.py", line 449, in result
    return self.__get_result()
           ^^^^^^^^^^^^^^^^^^^
  File "/usr/local/lib/python3.11/concurrent/futures/_base.py", line 401, in __get_result
    raise self._exception
  File "/home/airflow/.local/lib/python3.11/site-packages/airflow/models/dagbag.py", line 721, in _sync_to_db
    _serialize_dag_capturing_errors(dag, session, processor_subdir)
  File "/home/airflow/.local/lib/python3.11/site-packages/airflow/models/dagbag.py", line 686, in _serialize_dag_capturing_errors
    dag_was_updated = SerializedDagModel.write_dag(
                      ^^^^^^^^^^^^^^^^^^^^^^^^^^^^^
  File "/home/airflow/.local/lib/python3.11/site-packages/airflow/utils/session.py", line 94, in wrapper
    return func(*args, **kwargs)
           ^^^^^^^^^^^^^^^^^^^^^
  File "/home/airflow/.local/lib/python3.11/site-packages/airflow/models/serialized_dag.py", line 160, in write_dag
    if session.scalar(
       ^^^^^^^^^^^^^^^
  File "/home/airflow/.local/lib/python3.11/site-packages/sqlalchemy/orm/session.py", line 1747, in scalar
    return self.execute(
           ^^^^^^^^^^^^^
  File "/home/airflow/.local/lib/python3.11/site-packages/sqlalchemy/orm/session.py", line 1716, in execute
    conn = self._connection_for_bind(bind)
           ^^^^^^^^^^^^^^^^^^^^^^^^^^^^^^^
  File "/home/airflow/.local/lib/python3.11/site-packages/sqlalchemy/orm/session.py", line 1555, in _connection_for_bind
    return self._transaction._connection_for_bind(
           ^^^^^^^^^^^^^^^^^^^^^^^^^^^^^^^^^^^^^^^
  File "/home/airflow/.local/lib/python3.11/site-packages/sqlalchemy/orm/session.py", line 750, in _connection_for_bind
    conn = bind.connect()
           ^^^^^^^^^^^^^^
  File "/home/airflow/.local/lib/python3.11/site-packages/sqlalchemy/future/engine.py", line 412, in connect
    return super(Engine, self).connect()
           ^^^^^^^^^^^^^^^^^^^^^^^^^^^^^
  File "/home/airflow/.local/lib/python3.11/site-packages/sqlalchemy/engine/base.py", line 3325, in connect
    return self._connection_cls(self, close_with_result=close_with_result)
           ^^^^^^^^^^^^^^^^^^^^^^^^^^^^^^^^^^^^^^^^^^^^^^^^^^^^^^^^^^^^^^^
  File "/home/airflow/.local/lib/python3.11/site-packages/sqlalchemy/engine/base.py", line 96, in __init__
    else engine.raw_connection()
         ^^^^^^^^^^^^^^^^^^^^^^^
  File "/home/airflow/.local/lib/python3.11/site-packages/sqlalchemy/engine/base.py", line 3404, in raw_connection
    return self._wrap_pool_connect(self.pool.connect, _connection)
           ^^^^^^^^^^^^^^^^^^^^^^^^^^^^^^^^^^^^^^^^^^^^^^^^^^^^^^^
  File "/home/airflow/.local/lib/python3.11/site-packages/sqlalchemy/engine/base.py", line 3374, in _wrap_pool_connect
    Connection._handle_dbapi_exception_noconnection(
  File "/home/airflow/.local/lib/python3.11/site-packages/sqlalchemy/engine/base.py", line 2208, in _handle_dbapi_exception_noconnection
    util.raise_(
  File "/home/airflow/.local/lib/python3.11/site-packages/sqlalchemy/util/compat.py", line 211, in raise_
    raise exception
  File "/home/airflow/.local/lib/python3.11/site-packages/sqlalchemy/engine/base.py", line 3371, in _wrap_pool_connect
    return fn()
           ^^^^
  File "/home/airflow/.local/lib/python3.11/site-packages/sqlalchemy/pool/base.py", line 327, in connect
    return _ConnectionFairy._checkout(self)
           ^^^^^^^^^^^^^^^^^^^^^^^^^^^^^^^^
  File "/home/airflow/.local/lib/python3.11/site-packages/sqlalchemy/pool/base.py", line 894, in _checkout
    fairy = _ConnectionRecord.checkout(pool)
            ^^^^^^^^^^^^^^^^^^^^^^^^^^^^^^^^
  File "/home/airflow/.local/lib/python3.11/site-packages/sqlalchemy/pool/base.py", line 493, in checkout
    rec = pool._do_get()
          ^^^^^^^^^^^^^^
  File "/home/airflow/.local/lib/python3.11/site-packages/sqlalchemy/pool/impl.py", line 145, in _do_get
    with util.safe_reraise():
  File "/home/airflow/.local/lib/python3.11/site-packages/sqlalchemy/util/langhelpers.py", line 70, in __exit__
    compat.raise_(
  File "/home/airflow/.local/lib/python3.11/site-packages/sqlalchemy/util/compat.py", line 211, in raise_
    raise exception
  File "/home/airflow/.local/lib/python3.11/site-packages/sqlalchemy/pool/impl.py", line 143, in _do_get
    return self._create_connection()
           ^^^^^^^^^^^^^^^^^^^^^^^^^
  File "/home/airflow/.local/lib/python3.11/site-packages/sqlalchemy/pool/base.py", line 273, in _create_connection
    return _ConnectionRecord(self)
           ^^^^^^^^^^^^^^^^^^^^^^^
  File "/home/airflow/.local/lib/python3.11/site-packages/sqlalchemy/pool/base.py", line 388, in __init__
    self.__connect()
  File "/home/airflow/.local/lib/python3.11/site-packages/sqlalchemy/pool/base.py", line 690, in __connect
    with util.safe_reraise():
  File "/home/airflow/.local/lib/python3.11/site-packages/sqlalchemy/util/langhelpers.py", line 70, in __exit__
    compat.raise_(
  File "/home/airflow/.local/lib/python3.11/site-packages/sqlalchemy/util/compat.py", line 211, in raise_
    raise exception
  File "/home/airflow/.local/lib/python3.11/site-packages/sqlalchemy/pool/base.py", line 686, in __connect
    self.dbapi_connection = connection = pool._invoke_creator(self)
                                         ^^^^^^^^^^^^^^^^^^^^^^^^^^
  File "/home/airflow/.local/lib/python3.11/site-packages/sqlalchemy/engine/create.py", line 574, in connect
    return dialect.connect(*cargs, **cparams)
           ^^^^^^^^^^^^^^^^^^^^^^^^^^^^^^^^^^
  File "/home/airflow/.local/lib/python3.11/site-packages/sqlalchemy/engine/default.py", line 598, in connect
    return self.dbapi.connect(*cargs, **cparams)
           ^^^^^^^^^^^^^^^^^^^^^^^^^^^^^^^^^^^^^
  File "/home/airflow/.local/lib/python3.11/site-packages/psycopg2/__init__.py", line 122, in connect
    conn = _connect(dsn, connection_factory=connection_factory, **kwasync)
           ^^^^^^^^^^^^^^^^^^^^^^^^^^^^^^^^^^^^^^^^^^^^^^^^^^^^^^^^^^^^^^^
sqlalchemy.exc.OperationalError: (psycopg2.OperationalError) could not translate host name "airflow-postgres" to address: Temporary failure in name resolution

(Background on this error at: https://sqlalche.me/e/14/e3q8)
[2026-06-26T11:58:16.001+0000] {processor.py:186} INFO - Started process (PID=526) to work on /opt/airflow/dags/ingest_avito_to_raw.py
[2026-06-26T11:58:16.420+0000] {processor.py:914} INFO - Processing file /opt/airflow/dags/ingest_avito_to_raw.py for tasks to queue
[2026-06-26T11:58:16.454+0000] {logging_mixin.py:190} INFO - [2026-06-26T11:58:16.443+0000] {dagbag.py:588} INFO - Filling up the DagBag from /opt/airflow/dags/ingest_avito_to_raw.py
[2026-06-26T11:58:17.086+0000] {processor.py:925} INFO - DAG(s) 'ingest_avito_to_raw' retrieved from /opt/airflow/dags/ingest_avito_to_raw.py
[2026-06-26T11:58:48.683+0000] {processor.py:211} ERROR - Got an exception! Propagating...
Traceback (most recent call last):
  File "/home/airflow/.local/lib/python3.11/site-packages/sqlalchemy/engine/base.py", line 3371, in _wrap_pool_connect
    return fn()
           ^^^^
  File "/home/airflow/.local/lib/python3.11/site-packages/sqlalchemy/pool/base.py", line 327, in connect
    return _ConnectionFairy._checkout(self)
           ^^^^^^^^^^^^^^^^^^^^^^^^^^^^^^^^
  File "/home/airflow/.local/lib/python3.11/site-packages/sqlalchemy/pool/base.py", line 894, in _checkout
    fairy = _ConnectionRecord.checkout(pool)
            ^^^^^^^^^^^^^^^^^^^^^^^^^^^^^^^^
  File "/home/airflow/.local/lib/python3.11/site-packages/sqlalchemy/pool/base.py", line 493, in checkout
    rec = pool._do_get()
          ^^^^^^^^^^^^^^
  File "/home/airflow/.local/lib/python3.11/site-packages/sqlalchemy/pool/impl.py", line 145, in _do_get
    with util.safe_reraise():
  File "/home/airflow/.local/lib/python3.11/site-packages/sqlalchemy/util/langhelpers.py", line 70, in __exit__
    compat.raise_(
  File "/home/airflow/.local/lib/python3.11/site-packages/sqlalchemy/util/compat.py", line 211, in raise_
    raise exception
  File "/home/airflow/.local/lib/python3.11/site-packages/sqlalchemy/pool/impl.py", line 143, in _do_get
    return self._create_connection()
           ^^^^^^^^^^^^^^^^^^^^^^^^^
  File "/home/airflow/.local/lib/python3.11/site-packages/sqlalchemy/pool/base.py", line 273, in _create_connection
    return _ConnectionRecord(self)
           ^^^^^^^^^^^^^^^^^^^^^^^
  File "/home/airflow/.local/lib/python3.11/site-packages/sqlalchemy/pool/base.py", line 388, in __init__
    self.__connect()
  File "/home/airflow/.local/lib/python3.11/site-packages/sqlalchemy/pool/base.py", line 690, in __connect
    with util.safe_reraise():
  File "/home/airflow/.local/lib/python3.11/site-packages/sqlalchemy/util/langhelpers.py", line 70, in __exit__
    compat.raise_(
  File "/home/airflow/.local/lib/python3.11/site-packages/sqlalchemy/util/compat.py", line 211, in raise_
    raise exception
  File "/home/airflow/.local/lib/python3.11/site-packages/sqlalchemy/pool/base.py", line 686, in __connect
    self.dbapi_connection = connection = pool._invoke_creator(self)
                                         ^^^^^^^^^^^^^^^^^^^^^^^^^^
  File "/home/airflow/.local/lib/python3.11/site-packages/sqlalchemy/engine/create.py", line 574, in connect
    return dialect.connect(*cargs, **cparams)
           ^^^^^^^^^^^^^^^^^^^^^^^^^^^^^^^^^^
  File "/home/airflow/.local/lib/python3.11/site-packages/sqlalchemy/engine/default.py", line 598, in connect
    return self.dbapi.connect(*cargs, **cparams)
           ^^^^^^^^^^^^^^^^^^^^^^^^^^^^^^^^^^^^^
  File "/home/airflow/.local/lib/python3.11/site-packages/psycopg2/__init__.py", line 122, in connect
    conn = _connect(dsn, connection_factory=connection_factory, **kwasync)
           ^^^^^^^^^^^^^^^^^^^^^^^^^^^^^^^^^^^^^^^^^^^^^^^^^^^^^^^^^^^^^^^
psycopg2.OperationalError: could not translate host name "airflow-postgres" to address: Temporary failure in name resolution


The above exception was the direct cause of the following exception:

Traceback (most recent call last):
  File "/home/airflow/.local/lib/python3.11/site-packages/airflow/dag_processing/processor.py", line 207, in _run_file_processor
    _handle_dag_file_processing()
  File "/home/airflow/.local/lib/python3.11/site-packages/airflow/dag_processing/processor.py", line 188, in _handle_dag_file_processing
    result: tuple[int, int, int] = dag_file_processor.process_file(
                                   ^^^^^^^^^^^^^^^^^^^^^^^^^^^^^^^^
  File "/home/airflow/.local/lib/python3.11/site-packages/airflow/utils/session.py", line 97, in wrapper
    return func(*args, session=session, **kwargs)
           ^^^^^^^^^^^^^^^^^^^^^^^^^^^^^^^^^^^^^^
  File "/home/airflow/.local/lib/python3.11/site-packages/airflow/dag_processing/processor.py", line 942, in process_file
    serialize_errors = DagFileProcessor.save_dag_to_db(
                       ^^^^^^^^^^^^^^^^^^^^^^^^^^^^^^^^
  File "/home/airflow/.local/lib/python3.11/site-packages/airflow/api_internal/internal_api_call.py", line 166, in wrapper
    return func(*args, **kwargs)
           ^^^^^^^^^^^^^^^^^^^^^
  File "/home/airflow/.local/lib/python3.11/site-packages/airflow/utils/session.py", line 97, in wrapper
    return func(*args, session=session, **kwargs)
           ^^^^^^^^^^^^^^^^^^^^^^^^^^^^^^^^^^^^^^
  File "/home/airflow/.local/lib/python3.11/site-packages/airflow/dag_processing/processor.py", line 982, in save_dag_to_db
    import_errors = DagBag._sync_to_db(dags=dags, processor_subdir=dag_directory, session=session)
                    ^^^^^^^^^^^^^^^^^^^^^^^^^^^^^^^^^^^^^^^^^^^^^^^^^^^^^^^^^^^^^^^^^^^^^^^^^^^^^^
  File "/home/airflow/.local/lib/python3.11/site-packages/airflow/utils/session.py", line 94, in wrapper
    return func(*args, **kwargs)
           ^^^^^^^^^^^^^^^^^^^^^
  File "/home/airflow/.local/lib/python3.11/site-packages/airflow/models/dagbag.py", line 708, in _sync_to_db
    for attempt in run_with_db_retries(logger=log):
  File "/home/airflow/.local/lib/python3.11/site-packages/tenacity/__init__.py", line 443, in __iter__
    do = self.iter(retry_state=retry_state)
         ^^^^^^^^^^^^^^^^^^^^^^^^^^^^^^^^^^
  File "/home/airflow/.local/lib/python3.11/site-packages/tenacity/__init__.py", line 376, in iter
    result = action(retry_state)
             ^^^^^^^^^^^^^^^^^^^
  File "/home/airflow/.local/lib/python3.11/site-packages/tenacity/__init__.py", line 418, in exc_check
    raise retry_exc.reraise()
          ^^^^^^^^^^^^^^^^^^^
  File "/home/airflow/.local/lib/python3.11/site-packages/tenacity/__init__.py", line 185, in reraise
    raise self.last_attempt.result()
          ^^^^^^^^^^^^^^^^^^^^^^^^^^
  File "/usr/local/lib/python3.11/concurrent/futures/_base.py", line 449, in result
    return self.__get_result()
           ^^^^^^^^^^^^^^^^^^^
  File "/usr/local/lib/python3.11/concurrent/futures/_base.py", line 401, in __get_result
    raise self._exception
  File "/home/airflow/.local/lib/python3.11/site-packages/airflow/models/dagbag.py", line 721, in _sync_to_db
    _serialize_dag_capturing_errors(dag, session, processor_subdir)
  File "/home/airflow/.local/lib/python3.11/site-packages/airflow/models/dagbag.py", line 686, in _serialize_dag_capturing_errors
    dag_was_updated = SerializedDagModel.write_dag(
                      ^^^^^^^^^^^^^^^^^^^^^^^^^^^^^
  File "/home/airflow/.local/lib/python3.11/site-packages/airflow/utils/session.py", line 94, in wrapper
    return func(*args, **kwargs)
           ^^^^^^^^^^^^^^^^^^^^^
  File "/home/airflow/.local/lib/python3.11/site-packages/airflow/models/serialized_dag.py", line 160, in write_dag
    if session.scalar(
       ^^^^^^^^^^^^^^^
  File "/home/airflow/.local/lib/python3.11/site-packages/sqlalchemy/orm/session.py", line 1747, in scalar
    return self.execute(
           ^^^^^^^^^^^^^
  File "/home/airflow/.local/lib/python3.11/site-packages/sqlalchemy/orm/session.py", line 1716, in execute
    conn = self._connection_for_bind(bind)
           ^^^^^^^^^^^^^^^^^^^^^^^^^^^^^^^
  File "/home/airflow/.local/lib/python3.11/site-packages/sqlalchemy/orm/session.py", line 1555, in _connection_for_bind
    return self._transaction._connection_for_bind(
           ^^^^^^^^^^^^^^^^^^^^^^^^^^^^^^^^^^^^^^^
  File "/home/airflow/.local/lib/python3.11/site-packages/sqlalchemy/orm/session.py", line 750, in _connection_for_bind
    conn = bind.connect()
           ^^^^^^^^^^^^^^
  File "/home/airflow/.local/lib/python3.11/site-packages/sqlalchemy/future/engine.py", line 412, in connect
    return super(Engine, self).connect()
           ^^^^^^^^^^^^^^^^^^^^^^^^^^^^^
  File "/home/airflow/.local/lib/python3.11/site-packages/sqlalchemy/engine/base.py", line 3325, in connect
    return self._connection_cls(self, close_with_result=close_with_result)
           ^^^^^^^^^^^^^^^^^^^^^^^^^^^^^^^^^^^^^^^^^^^^^^^^^^^^^^^^^^^^^^^
  File "/home/airflow/.local/lib/python3.11/site-packages/sqlalchemy/engine/base.py", line 96, in __init__
    else engine.raw_connection()
         ^^^^^^^^^^^^^^^^^^^^^^^
  File "/home/airflow/.local/lib/python3.11/site-packages/sqlalchemy/engine/base.py", line 3404, in raw_connection
    return self._wrap_pool_connect(self.pool.connect, _connection)
           ^^^^^^^^^^^^^^^^^^^^^^^^^^^^^^^^^^^^^^^^^^^^^^^^^^^^^^^
  File "/home/airflow/.local/lib/python3.11/site-packages/sqlalchemy/engine/base.py", line 3374, in _wrap_pool_connect
    Connection._handle_dbapi_exception_noconnection(
  File "/home/airflow/.local/lib/python3.11/site-packages/sqlalchemy/engine/base.py", line 2208, in _handle_dbapi_exception_noconnection
    util.raise_(
  File "/home/airflow/.local/lib/python3.11/site-packages/sqlalchemy/util/compat.py", line 211, in raise_
    raise exception
  File "/home/airflow/.local/lib/python3.11/site-packages/sqlalchemy/engine/base.py", line 3371, in _wrap_pool_connect
    return fn()
           ^^^^
  File "/home/airflow/.local/lib/python3.11/site-packages/sqlalchemy/pool/base.py", line 327, in connect
    return _ConnectionFairy._checkout(self)
           ^^^^^^^^^^^^^^^^^^^^^^^^^^^^^^^^
  File "/home/airflow/.local/lib/python3.11/site-packages/sqlalchemy/pool/base.py", line 894, in _checkout
    fairy = _ConnectionRecord.checkout(pool)
            ^^^^^^^^^^^^^^^^^^^^^^^^^^^^^^^^
  File "/home/airflow/.local/lib/python3.11/site-packages/sqlalchemy/pool/base.py", line 493, in checkout
    rec = pool._do_get()
          ^^^^^^^^^^^^^^
  File "/home/airflow/.local/lib/python3.11/site-packages/sqlalchemy/pool/impl.py", line 145, in _do_get
    with util.safe_reraise():
  File "/home/airflow/.local/lib/python3.11/site-packages/sqlalchemy/util/langhelpers.py", line 70, in __exit__
    compat.raise_(
  File "/home/airflow/.local/lib/python3.11/site-packages/sqlalchemy/util/compat.py", line 211, in raise_
    raise exception
  File "/home/airflow/.local/lib/python3.11/site-packages/sqlalchemy/pool/impl.py", line 143, in _do_get
    return self._create_connection()
           ^^^^^^^^^^^^^^^^^^^^^^^^^
  File "/home/airflow/.local/lib/python3.11/site-packages/sqlalchemy/pool/base.py", line 273, in _create_connection
    return _ConnectionRecord(self)
           ^^^^^^^^^^^^^^^^^^^^^^^
  File "/home/airflow/.local/lib/python3.11/site-packages/sqlalchemy/pool/base.py", line 388, in __init__
    self.__connect()
  File "/home/airflow/.local/lib/python3.11/site-packages/sqlalchemy/pool/base.py", line 690, in __connect
    with util.safe_reraise():
  File "/home/airflow/.local/lib/python3.11/site-packages/sqlalchemy/util/langhelpers.py", line 70, in __exit__
    compat.raise_(
  File "/home/airflow/.local/lib/python3.11/site-packages/sqlalchemy/util/compat.py", line 211, in raise_
    raise exception
  File "/home/airflow/.local/lib/python3.11/site-packages/sqlalchemy/pool/base.py", line 686, in __connect
    self.dbapi_connection = connection = pool._invoke_creator(self)
                                         ^^^^^^^^^^^^^^^^^^^^^^^^^^
  File "/home/airflow/.local/lib/python3.11/site-packages/sqlalchemy/engine/create.py", line 574, in connect
    return dialect.connect(*cargs, **cparams)
           ^^^^^^^^^^^^^^^^^^^^^^^^^^^^^^^^^^
  File "/home/airflow/.local/lib/python3.11/site-packages/sqlalchemy/engine/default.py", line 598, in connect
    return self.dbapi.connect(*cargs, **cparams)
           ^^^^^^^^^^^^^^^^^^^^^^^^^^^^^^^^^^^^^
  File "/home/airflow/.local/lib/python3.11/site-packages/psycopg2/__init__.py", line 122, in connect
    conn = _connect(dsn, connection_factory=connection_factory, **kwasync)
           ^^^^^^^^^^^^^^^^^^^^^^^^^^^^^^^^^^^^^^^^^^^^^^^^^^^^^^^^^^^^^^^
sqlalchemy.exc.OperationalError: (psycopg2.OperationalError) could not translate host name "airflow-postgres" to address: Temporary failure in name resolution

(Background on this error at: https://sqlalche.me/e/14/e3q8)
[2026-06-26T11:59:22.521+0000] {processor.py:186} INFO - Started process (PID=539) to work on /opt/airflow/dags/ingest_avito_to_raw.py
[2026-06-26T11:59:22.719+0000] {processor.py:914} INFO - Processing file /opt/airflow/dags/ingest_avito_to_raw.py for tasks to queue
[2026-06-26T11:59:22.748+0000] {logging_mixin.py:190} INFO - [2026-06-26T11:59:22.737+0000] {dagbag.py:588} INFO - Filling up the DagBag from /opt/airflow/dags/ingest_avito_to_raw.py
[2026-06-26T11:59:23.370+0000] {processor.py:925} INFO - DAG(s) 'ingest_avito_to_raw' retrieved from /opt/airflow/dags/ingest_avito_to_raw.py
[2026-06-26T11:59:54.444+0000] {processor.py:211} ERROR - Got an exception! Propagating...
Traceback (most recent call last):
  File "/home/airflow/.local/lib/python3.11/site-packages/sqlalchemy/engine/base.py", line 3371, in _wrap_pool_connect
    return fn()
           ^^^^
  File "/home/airflow/.local/lib/python3.11/site-packages/sqlalchemy/pool/base.py", line 327, in connect
    return _ConnectionFairy._checkout(self)
           ^^^^^^^^^^^^^^^^^^^^^^^^^^^^^^^^
  File "/home/airflow/.local/lib/python3.11/site-packages/sqlalchemy/pool/base.py", line 894, in _checkout
    fairy = _ConnectionRecord.checkout(pool)
            ^^^^^^^^^^^^^^^^^^^^^^^^^^^^^^^^
  File "/home/airflow/.local/lib/python3.11/site-packages/sqlalchemy/pool/base.py", line 493, in checkout
    rec = pool._do_get()
          ^^^^^^^^^^^^^^
  File "/home/airflow/.local/lib/python3.11/site-packages/sqlalchemy/pool/impl.py", line 145, in _do_get
    with util.safe_reraise():
  File "/home/airflow/.local/lib/python3.11/site-packages/sqlalchemy/util/langhelpers.py", line 70, in __exit__
    compat.raise_(
  File "/home/airflow/.local/lib/python3.11/site-packages/sqlalchemy/util/compat.py", line 211, in raise_
    raise exception
  File "/home/airflow/.local/lib/python3.11/site-packages/sqlalchemy/pool/impl.py", line 143, in _do_get
    return self._create_connection()
           ^^^^^^^^^^^^^^^^^^^^^^^^^
  File "/home/airflow/.local/lib/python3.11/site-packages/sqlalchemy/pool/base.py", line 273, in _create_connection
    return _ConnectionRecord(self)
           ^^^^^^^^^^^^^^^^^^^^^^^
  File "/home/airflow/.local/lib/python3.11/site-packages/sqlalchemy/pool/base.py", line 388, in __init__
    self.__connect()
  File "/home/airflow/.local/lib/python3.11/site-packages/sqlalchemy/pool/base.py", line 690, in __connect
    with util.safe_reraise():
  File "/home/airflow/.local/lib/python3.11/site-packages/sqlalchemy/util/langhelpers.py", line 70, in __exit__
    compat.raise_(
  File "/home/airflow/.local/lib/python3.11/site-packages/sqlalchemy/util/compat.py", line 211, in raise_
    raise exception
  File "/home/airflow/.local/lib/python3.11/site-packages/sqlalchemy/pool/base.py", line 686, in __connect
    self.dbapi_connection = connection = pool._invoke_creator(self)
                                         ^^^^^^^^^^^^^^^^^^^^^^^^^^
  File "/home/airflow/.local/lib/python3.11/site-packages/sqlalchemy/engine/create.py", line 574, in connect
    return dialect.connect(*cargs, **cparams)
           ^^^^^^^^^^^^^^^^^^^^^^^^^^^^^^^^^^
  File "/home/airflow/.local/lib/python3.11/site-packages/sqlalchemy/engine/default.py", line 598, in connect
    return self.dbapi.connect(*cargs, **cparams)
           ^^^^^^^^^^^^^^^^^^^^^^^^^^^^^^^^^^^^^
  File "/home/airflow/.local/lib/python3.11/site-packages/psycopg2/__init__.py", line 122, in connect
    conn = _connect(dsn, connection_factory=connection_factory, **kwasync)
           ^^^^^^^^^^^^^^^^^^^^^^^^^^^^^^^^^^^^^^^^^^^^^^^^^^^^^^^^^^^^^^^
psycopg2.OperationalError: could not translate host name "airflow-postgres" to address: Temporary failure in name resolution


The above exception was the direct cause of the following exception:

Traceback (most recent call last):
  File "/home/airflow/.local/lib/python3.11/site-packages/airflow/dag_processing/processor.py", line 207, in _run_file_processor
    _handle_dag_file_processing()
  File "/home/airflow/.local/lib/python3.11/site-packages/airflow/dag_processing/processor.py", line 188, in _handle_dag_file_processing
    result: tuple[int, int, int] = dag_file_processor.process_file(
                                   ^^^^^^^^^^^^^^^^^^^^^^^^^^^^^^^^
  File "/home/airflow/.local/lib/python3.11/site-packages/airflow/utils/session.py", line 97, in wrapper
    return func(*args, session=session, **kwargs)
           ^^^^^^^^^^^^^^^^^^^^^^^^^^^^^^^^^^^^^^
  File "/home/airflow/.local/lib/python3.11/site-packages/airflow/dag_processing/processor.py", line 942, in process_file
    serialize_errors = DagFileProcessor.save_dag_to_db(
                       ^^^^^^^^^^^^^^^^^^^^^^^^^^^^^^^^
  File "/home/airflow/.local/lib/python3.11/site-packages/airflow/api_internal/internal_api_call.py", line 166, in wrapper
    return func(*args, **kwargs)
           ^^^^^^^^^^^^^^^^^^^^^
  File "/home/airflow/.local/lib/python3.11/site-packages/airflow/utils/session.py", line 97, in wrapper
    return func(*args, session=session, **kwargs)
           ^^^^^^^^^^^^^^^^^^^^^^^^^^^^^^^^^^^^^^
  File "/home/airflow/.local/lib/python3.11/site-packages/airflow/dag_processing/processor.py", line 982, in save_dag_to_db
    import_errors = DagBag._sync_to_db(dags=dags, processor_subdir=dag_directory, session=session)
                    ^^^^^^^^^^^^^^^^^^^^^^^^^^^^^^^^^^^^^^^^^^^^^^^^^^^^^^^^^^^^^^^^^^^^^^^^^^^^^^
  File "/home/airflow/.local/lib/python3.11/site-packages/airflow/utils/session.py", line 94, in wrapper
    return func(*args, **kwargs)
           ^^^^^^^^^^^^^^^^^^^^^
  File "/home/airflow/.local/lib/python3.11/site-packages/airflow/models/dagbag.py", line 708, in _sync_to_db
    for attempt in run_with_db_retries(logger=log):
  File "/home/airflow/.local/lib/python3.11/site-packages/tenacity/__init__.py", line 443, in __iter__
    do = self.iter(retry_state=retry_state)
         ^^^^^^^^^^^^^^^^^^^^^^^^^^^^^^^^^^
  File "/home/airflow/.local/lib/python3.11/site-packages/tenacity/__init__.py", line 376, in iter
    result = action(retry_state)
             ^^^^^^^^^^^^^^^^^^^
  File "/home/airflow/.local/lib/python3.11/site-packages/tenacity/__init__.py", line 418, in exc_check
    raise retry_exc.reraise()
          ^^^^^^^^^^^^^^^^^^^
  File "/home/airflow/.local/lib/python3.11/site-packages/tenacity/__init__.py", line 185, in reraise
    raise self.last_attempt.result()
          ^^^^^^^^^^^^^^^^^^^^^^^^^^
  File "/usr/local/lib/python3.11/concurrent/futures/_base.py", line 449, in result
    return self.__get_result()
           ^^^^^^^^^^^^^^^^^^^
  File "/usr/local/lib/python3.11/concurrent/futures/_base.py", line 401, in __get_result
    raise self._exception
  File "/home/airflow/.local/lib/python3.11/site-packages/airflow/models/dagbag.py", line 721, in _sync_to_db
    _serialize_dag_capturing_errors(dag, session, processor_subdir)
  File "/home/airflow/.local/lib/python3.11/site-packages/airflow/models/dagbag.py", line 686, in _serialize_dag_capturing_errors
    dag_was_updated = SerializedDagModel.write_dag(
                      ^^^^^^^^^^^^^^^^^^^^^^^^^^^^^
  File "/home/airflow/.local/lib/python3.11/site-packages/airflow/utils/session.py", line 94, in wrapper
    return func(*args, **kwargs)
           ^^^^^^^^^^^^^^^^^^^^^
  File "/home/airflow/.local/lib/python3.11/site-packages/airflow/models/serialized_dag.py", line 160, in write_dag
    if session.scalar(
       ^^^^^^^^^^^^^^^
  File "/home/airflow/.local/lib/python3.11/site-packages/sqlalchemy/orm/session.py", line 1747, in scalar
    return self.execute(
           ^^^^^^^^^^^^^
  File "/home/airflow/.local/lib/python3.11/site-packages/sqlalchemy/orm/session.py", line 1716, in execute
    conn = self._connection_for_bind(bind)
           ^^^^^^^^^^^^^^^^^^^^^^^^^^^^^^^
  File "/home/airflow/.local/lib/python3.11/site-packages/sqlalchemy/orm/session.py", line 1555, in _connection_for_bind
    return self._transaction._connection_for_bind(
           ^^^^^^^^^^^^^^^^^^^^^^^^^^^^^^^^^^^^^^^
  File "/home/airflow/.local/lib/python3.11/site-packages/sqlalchemy/orm/session.py", line 750, in _connection_for_bind
    conn = bind.connect()
           ^^^^^^^^^^^^^^
  File "/home/airflow/.local/lib/python3.11/site-packages/sqlalchemy/future/engine.py", line 412, in connect
    return super(Engine, self).connect()
           ^^^^^^^^^^^^^^^^^^^^^^^^^^^^^
  File "/home/airflow/.local/lib/python3.11/site-packages/sqlalchemy/engine/base.py", line 3325, in connect
    return self._connection_cls(self, close_with_result=close_with_result)
           ^^^^^^^^^^^^^^^^^^^^^^^^^^^^^^^^^^^^^^^^^^^^^^^^^^^^^^^^^^^^^^^
  File "/home/airflow/.local/lib/python3.11/site-packages/sqlalchemy/engine/base.py", line 96, in __init__
    else engine.raw_connection()
         ^^^^^^^^^^^^^^^^^^^^^^^
  File "/home/airflow/.local/lib/python3.11/site-packages/sqlalchemy/engine/base.py", line 3404, in raw_connection
    return self._wrap_pool_connect(self.pool.connect, _connection)
           ^^^^^^^^^^^^^^^^^^^^^^^^^^^^^^^^^^^^^^^^^^^^^^^^^^^^^^^
  File "/home/airflow/.local/lib/python3.11/site-packages/sqlalchemy/engine/base.py", line 3374, in _wrap_pool_connect
    Connection._handle_dbapi_exception_noconnection(
  File "/home/airflow/.local/lib/python3.11/site-packages/sqlalchemy/engine/base.py", line 2208, in _handle_dbapi_exception_noconnection
    util.raise_(
  File "/home/airflow/.local/lib/python3.11/site-packages/sqlalchemy/util/compat.py", line 211, in raise_
    raise exception
  File "/home/airflow/.local/lib/python3.11/site-packages/sqlalchemy/engine/base.py", line 3371, in _wrap_pool_connect
    return fn()
           ^^^^
  File "/home/airflow/.local/lib/python3.11/site-packages/sqlalchemy/pool/base.py", line 327, in connect
    return _ConnectionFairy._checkout(self)
           ^^^^^^^^^^^^^^^^^^^^^^^^^^^^^^^^
  File "/home/airflow/.local/lib/python3.11/site-packages/sqlalchemy/pool/base.py", line 894, in _checkout
    fairy = _ConnectionRecord.checkout(pool)
            ^^^^^^^^^^^^^^^^^^^^^^^^^^^^^^^^
  File "/home/airflow/.local/lib/python3.11/site-packages/sqlalchemy/pool/base.py", line 493, in checkout
    rec = pool._do_get()
          ^^^^^^^^^^^^^^
  File "/home/airflow/.local/lib/python3.11/site-packages/sqlalchemy/pool/impl.py", line 145, in _do_get
    with util.safe_reraise():
  File "/home/airflow/.local/lib/python3.11/site-packages/sqlalchemy/util/langhelpers.py", line 70, in __exit__
    compat.raise_(
  File "/home/airflow/.local/lib/python3.11/site-packages/sqlalchemy/util/compat.py", line 211, in raise_
    raise exception
  File "/home/airflow/.local/lib/python3.11/site-packages/sqlalchemy/pool/impl.py", line 143, in _do_get
    return self._create_connection()
           ^^^^^^^^^^^^^^^^^^^^^^^^^
  File "/home/airflow/.local/lib/python3.11/site-packages/sqlalchemy/pool/base.py", line 273, in _create_connection
    return _ConnectionRecord(self)
           ^^^^^^^^^^^^^^^^^^^^^^^
  File "/home/airflow/.local/lib/python3.11/site-packages/sqlalchemy/pool/base.py", line 388, in __init__
    self.__connect()
  File "/home/airflow/.local/lib/python3.11/site-packages/sqlalchemy/pool/base.py", line 690, in __connect
    with util.safe_reraise():
  File "/home/airflow/.local/lib/python3.11/site-packages/sqlalchemy/util/langhelpers.py", line 70, in __exit__
    compat.raise_(
  File "/home/airflow/.local/lib/python3.11/site-packages/sqlalchemy/util/compat.py", line 211, in raise_
    raise exception
  File "/home/airflow/.local/lib/python3.11/site-packages/sqlalchemy/pool/base.py", line 686, in __connect
    self.dbapi_connection = connection = pool._invoke_creator(self)
                                         ^^^^^^^^^^^^^^^^^^^^^^^^^^
  File "/home/airflow/.local/lib/python3.11/site-packages/sqlalchemy/engine/create.py", line 574, in connect
    return dialect.connect(*cargs, **cparams)
           ^^^^^^^^^^^^^^^^^^^^^^^^^^^^^^^^^^
  File "/home/airflow/.local/lib/python3.11/site-packages/sqlalchemy/engine/default.py", line 598, in connect
    return self.dbapi.connect(*cargs, **cparams)
           ^^^^^^^^^^^^^^^^^^^^^^^^^^^^^^^^^^^^^
  File "/home/airflow/.local/lib/python3.11/site-packages/psycopg2/__init__.py", line 122, in connect
    conn = _connect(dsn, connection_factory=connection_factory, **kwasync)
           ^^^^^^^^^^^^^^^^^^^^^^^^^^^^^^^^^^^^^^^^^^^^^^^^^^^^^^^^^^^^^^^
sqlalchemy.exc.OperationalError: (psycopg2.OperationalError) could not translate host name "airflow-postgres" to address: Temporary failure in name resolution

(Background on this error at: https://sqlalche.me/e/14/e3q8)
[2026-06-26T12:00:45.307+0000] {processor.py:186} INFO - Started process (PID=549) to work on /opt/airflow/dags/ingest_avito_to_raw.py
[2026-06-26T12:00:45.555+0000] {processor.py:914} INFO - Processing file /opt/airflow/dags/ingest_avito_to_raw.py for tasks to queue
[2026-06-26T12:00:45.614+0000] {logging_mixin.py:190} INFO - [2026-06-26T12:00:45.612+0000] {dagbag.py:588} INFO - Filling up the DagBag from /opt/airflow/dags/ingest_avito_to_raw.py
[2026-06-26T12:00:45.978+0000] {processor.py:925} INFO - DAG(s) 'ingest_avito_to_raw' retrieved from /opt/airflow/dags/ingest_avito_to_raw.py
[2026-06-26T12:01:17.417+0000] {processor.py:211} ERROR - Got an exception! Propagating...
Traceback (most recent call last):
  File "/home/airflow/.local/lib/python3.11/site-packages/sqlalchemy/engine/base.py", line 3371, in _wrap_pool_connect
    return fn()
           ^^^^
  File "/home/airflow/.local/lib/python3.11/site-packages/sqlalchemy/pool/base.py", line 327, in connect
    return _ConnectionFairy._checkout(self)
           ^^^^^^^^^^^^^^^^^^^^^^^^^^^^^^^^
  File "/home/airflow/.local/lib/python3.11/site-packages/sqlalchemy/pool/base.py", line 894, in _checkout
    fairy = _ConnectionRecord.checkout(pool)
            ^^^^^^^^^^^^^^^^^^^^^^^^^^^^^^^^
  File "/home/airflow/.local/lib/python3.11/site-packages/sqlalchemy/pool/base.py", line 493, in checkout
    rec = pool._do_get()
          ^^^^^^^^^^^^^^
  File "/home/airflow/.local/lib/python3.11/site-packages/sqlalchemy/pool/impl.py", line 145, in _do_get
    with util.safe_reraise():
  File "/home/airflow/.local/lib/python3.11/site-packages/sqlalchemy/util/langhelpers.py", line 70, in __exit__
    compat.raise_(
  File "/home/airflow/.local/lib/python3.11/site-packages/sqlalchemy/util/compat.py", line 211, in raise_
    raise exception
  File "/home/airflow/.local/lib/python3.11/site-packages/sqlalchemy/pool/impl.py", line 143, in _do_get
    return self._create_connection()
           ^^^^^^^^^^^^^^^^^^^^^^^^^
  File "/home/airflow/.local/lib/python3.11/site-packages/sqlalchemy/pool/base.py", line 273, in _create_connection
    return _ConnectionRecord(self)
           ^^^^^^^^^^^^^^^^^^^^^^^
  File "/home/airflow/.local/lib/python3.11/site-packages/sqlalchemy/pool/base.py", line 388, in __init__
    self.__connect()
  File "/home/airflow/.local/lib/python3.11/site-packages/sqlalchemy/pool/base.py", line 690, in __connect
    with util.safe_reraise():
  File "/home/airflow/.local/lib/python3.11/site-packages/sqlalchemy/util/langhelpers.py", line 70, in __exit__
    compat.raise_(
  File "/home/airflow/.local/lib/python3.11/site-packages/sqlalchemy/util/compat.py", line 211, in raise_
    raise exception
  File "/home/airflow/.local/lib/python3.11/site-packages/sqlalchemy/pool/base.py", line 686, in __connect
    self.dbapi_connection = connection = pool._invoke_creator(self)
                                         ^^^^^^^^^^^^^^^^^^^^^^^^^^
  File "/home/airflow/.local/lib/python3.11/site-packages/sqlalchemy/engine/create.py", line 574, in connect
    return dialect.connect(*cargs, **cparams)
           ^^^^^^^^^^^^^^^^^^^^^^^^^^^^^^^^^^
  File "/home/airflow/.local/lib/python3.11/site-packages/sqlalchemy/engine/default.py", line 598, in connect
    return self.dbapi.connect(*cargs, **cparams)
           ^^^^^^^^^^^^^^^^^^^^^^^^^^^^^^^^^^^^^
  File "/home/airflow/.local/lib/python3.11/site-packages/psycopg2/__init__.py", line 122, in connect
    conn = _connect(dsn, connection_factory=connection_factory, **kwasync)
           ^^^^^^^^^^^^^^^^^^^^^^^^^^^^^^^^^^^^^^^^^^^^^^^^^^^^^^^^^^^^^^^
psycopg2.OperationalError: could not translate host name "airflow-postgres" to address: Temporary failure in name resolution


The above exception was the direct cause of the following exception:

Traceback (most recent call last):
  File "/home/airflow/.local/lib/python3.11/site-packages/airflow/dag_processing/processor.py", line 207, in _run_file_processor
    _handle_dag_file_processing()
  File "/home/airflow/.local/lib/python3.11/site-packages/airflow/dag_processing/processor.py", line 188, in _handle_dag_file_processing
    result: tuple[int, int, int] = dag_file_processor.process_file(
                                   ^^^^^^^^^^^^^^^^^^^^^^^^^^^^^^^^
  File "/home/airflow/.local/lib/python3.11/site-packages/airflow/utils/session.py", line 97, in wrapper
    return func(*args, session=session, **kwargs)
           ^^^^^^^^^^^^^^^^^^^^^^^^^^^^^^^^^^^^^^
  File "/home/airflow/.local/lib/python3.11/site-packages/airflow/dag_processing/processor.py", line 942, in process_file
    serialize_errors = DagFileProcessor.save_dag_to_db(
                       ^^^^^^^^^^^^^^^^^^^^^^^^^^^^^^^^
  File "/home/airflow/.local/lib/python3.11/site-packages/airflow/api_internal/internal_api_call.py", line 166, in wrapper
    return func(*args, **kwargs)
           ^^^^^^^^^^^^^^^^^^^^^
  File "/home/airflow/.local/lib/python3.11/site-packages/airflow/utils/session.py", line 97, in wrapper
    return func(*args, session=session, **kwargs)
           ^^^^^^^^^^^^^^^^^^^^^^^^^^^^^^^^^^^^^^
  File "/home/airflow/.local/lib/python3.11/site-packages/airflow/dag_processing/processor.py", line 982, in save_dag_to_db
    import_errors = DagBag._sync_to_db(dags=dags, processor_subdir=dag_directory, session=session)
                    ^^^^^^^^^^^^^^^^^^^^^^^^^^^^^^^^^^^^^^^^^^^^^^^^^^^^^^^^^^^^^^^^^^^^^^^^^^^^^^
  File "/home/airflow/.local/lib/python3.11/site-packages/airflow/utils/session.py", line 94, in wrapper
    return func(*args, **kwargs)
           ^^^^^^^^^^^^^^^^^^^^^
  File "/home/airflow/.local/lib/python3.11/site-packages/airflow/models/dagbag.py", line 708, in _sync_to_db
    for attempt in run_with_db_retries(logger=log):
  File "/home/airflow/.local/lib/python3.11/site-packages/tenacity/__init__.py", line 443, in __iter__
    do = self.iter(retry_state=retry_state)
         ^^^^^^^^^^^^^^^^^^^^^^^^^^^^^^^^^^
  File "/home/airflow/.local/lib/python3.11/site-packages/tenacity/__init__.py", line 376, in iter
    result = action(retry_state)
             ^^^^^^^^^^^^^^^^^^^
  File "/home/airflow/.local/lib/python3.11/site-packages/tenacity/__init__.py", line 418, in exc_check
    raise retry_exc.reraise()
          ^^^^^^^^^^^^^^^^^^^
  File "/home/airflow/.local/lib/python3.11/site-packages/tenacity/__init__.py", line 185, in reraise
    raise self.last_attempt.result()
          ^^^^^^^^^^^^^^^^^^^^^^^^^^
  File "/usr/local/lib/python3.11/concurrent/futures/_base.py", line 449, in result
    return self.__get_result()
           ^^^^^^^^^^^^^^^^^^^
  File "/usr/local/lib/python3.11/concurrent/futures/_base.py", line 401, in __get_result
    raise self._exception
  File "/home/airflow/.local/lib/python3.11/site-packages/airflow/models/dagbag.py", line 721, in _sync_to_db
    _serialize_dag_capturing_errors(dag, session, processor_subdir)
  File "/home/airflow/.local/lib/python3.11/site-packages/airflow/models/dagbag.py", line 686, in _serialize_dag_capturing_errors
    dag_was_updated = SerializedDagModel.write_dag(
                      ^^^^^^^^^^^^^^^^^^^^^^^^^^^^^
  File "/home/airflow/.local/lib/python3.11/site-packages/airflow/utils/session.py", line 94, in wrapper
    return func(*args, **kwargs)
           ^^^^^^^^^^^^^^^^^^^^^
  File "/home/airflow/.local/lib/python3.11/site-packages/airflow/models/serialized_dag.py", line 160, in write_dag
    if session.scalar(
       ^^^^^^^^^^^^^^^
  File "/home/airflow/.local/lib/python3.11/site-packages/sqlalchemy/orm/session.py", line 1747, in scalar
    return self.execute(
           ^^^^^^^^^^^^^
  File "/home/airflow/.local/lib/python3.11/site-packages/sqlalchemy/orm/session.py", line 1716, in execute
    conn = self._connection_for_bind(bind)
           ^^^^^^^^^^^^^^^^^^^^^^^^^^^^^^^
  File "/home/airflow/.local/lib/python3.11/site-packages/sqlalchemy/orm/session.py", line 1555, in _connection_for_bind
    return self._transaction._connection_for_bind(
           ^^^^^^^^^^^^^^^^^^^^^^^^^^^^^^^^^^^^^^^
  File "/home/airflow/.local/lib/python3.11/site-packages/sqlalchemy/orm/session.py", line 750, in _connection_for_bind
    conn = bind.connect()
           ^^^^^^^^^^^^^^
  File "/home/airflow/.local/lib/python3.11/site-packages/sqlalchemy/future/engine.py", line 412, in connect
    return super(Engine, self).connect()
           ^^^^^^^^^^^^^^^^^^^^^^^^^^^^^
  File "/home/airflow/.local/lib/python3.11/site-packages/sqlalchemy/engine/base.py", line 3325, in connect
    return self._connection_cls(self, close_with_result=close_with_result)
           ^^^^^^^^^^^^^^^^^^^^^^^^^^^^^^^^^^^^^^^^^^^^^^^^^^^^^^^^^^^^^^^
  File "/home/airflow/.local/lib/python3.11/site-packages/sqlalchemy/engine/base.py", line 96, in __init__
    else engine.raw_connection()
         ^^^^^^^^^^^^^^^^^^^^^^^
  File "/home/airflow/.local/lib/python3.11/site-packages/sqlalchemy/engine/base.py", line 3404, in raw_connection
    return self._wrap_pool_connect(self.pool.connect, _connection)
           ^^^^^^^^^^^^^^^^^^^^^^^^^^^^^^^^^^^^^^^^^^^^^^^^^^^^^^^
  File "/home/airflow/.local/lib/python3.11/site-packages/sqlalchemy/engine/base.py", line 3374, in _wrap_pool_connect
    Connection._handle_dbapi_exception_noconnection(
  File "/home/airflow/.local/lib/python3.11/site-packages/sqlalchemy/engine/base.py", line 2208, in _handle_dbapi_exception_noconnection
    util.raise_(
  File "/home/airflow/.local/lib/python3.11/site-packages/sqlalchemy/util/compat.py", line 211, in raise_
    raise exception
  File "/home/airflow/.local/lib/python3.11/site-packages/sqlalchemy/engine/base.py", line 3371, in _wrap_pool_connect
    return fn()
           ^^^^
  File "/home/airflow/.local/lib/python3.11/site-packages/sqlalchemy/pool/base.py", line 327, in connect
    return _ConnectionFairy._checkout(self)
           ^^^^^^^^^^^^^^^^^^^^^^^^^^^^^^^^
  File "/home/airflow/.local/lib/python3.11/site-packages/sqlalchemy/pool/base.py", line 894, in _checkout
    fairy = _ConnectionRecord.checkout(pool)
            ^^^^^^^^^^^^^^^^^^^^^^^^^^^^^^^^
  File "/home/airflow/.local/lib/python3.11/site-packages/sqlalchemy/pool/base.py", line 493, in checkout
    rec = pool._do_get()
          ^^^^^^^^^^^^^^
  File "/home/airflow/.local/lib/python3.11/site-packages/sqlalchemy/pool/impl.py", line 145, in _do_get
    with util.safe_reraise():
  File "/home/airflow/.local/lib/python3.11/site-packages/sqlalchemy/util/langhelpers.py", line 70, in __exit__
    compat.raise_(
  File "/home/airflow/.local/lib/python3.11/site-packages/sqlalchemy/util/compat.py", line 211, in raise_
    raise exception
  File "/home/airflow/.local/lib/python3.11/site-packages/sqlalchemy/pool/impl.py", line 143, in _do_get
    return self._create_connection()
           ^^^^^^^^^^^^^^^^^^^^^^^^^
  File "/home/airflow/.local/lib/python3.11/site-packages/sqlalchemy/pool/base.py", line 273, in _create_connection
    return _ConnectionRecord(self)
           ^^^^^^^^^^^^^^^^^^^^^^^
  File "/home/airflow/.local/lib/python3.11/site-packages/sqlalchemy/pool/base.py", line 388, in __init__
    self.__connect()
  File "/home/airflow/.local/lib/python3.11/site-packages/sqlalchemy/pool/base.py", line 690, in __connect
    with util.safe_reraise():
  File "/home/airflow/.local/lib/python3.11/site-packages/sqlalchemy/util/langhelpers.py", line 70, in __exit__
    compat.raise_(
  File "/home/airflow/.local/lib/python3.11/site-packages/sqlalchemy/util/compat.py", line 211, in raise_
    raise exception
  File "/home/airflow/.local/lib/python3.11/site-packages/sqlalchemy/pool/base.py", line 686, in __connect
    self.dbapi_connection = connection = pool._invoke_creator(self)
                                         ^^^^^^^^^^^^^^^^^^^^^^^^^^
  File "/home/airflow/.local/lib/python3.11/site-packages/sqlalchemy/engine/create.py", line 574, in connect
    return dialect.connect(*cargs, **cparams)
           ^^^^^^^^^^^^^^^^^^^^^^^^^^^^^^^^^^
  File "/home/airflow/.local/lib/python3.11/site-packages/sqlalchemy/engine/default.py", line 598, in connect
    return self.dbapi.connect(*cargs, **cparams)
           ^^^^^^^^^^^^^^^^^^^^^^^^^^^^^^^^^^^^^
  File "/home/airflow/.local/lib/python3.11/site-packages/psycopg2/__init__.py", line 122, in connect
    conn = _connect(dsn, connection_factory=connection_factory, **kwasync)
           ^^^^^^^^^^^^^^^^^^^^^^^^^^^^^^^^^^^^^^^^^^^^^^^^^^^^^^^^^^^^^^^
sqlalchemy.exc.OperationalError: (psycopg2.OperationalError) could not translate host name "airflow-postgres" to address: Temporary failure in name resolution

(Background on this error at: https://sqlalche.me/e/14/e3q8)
[2026-06-26T12:02:07.733+0000] {processor.py:186} INFO - Started process (PID=559) to work on /opt/airflow/dags/ingest_avito_to_raw.py
[2026-06-26T12:02:08.011+0000] {processor.py:914} INFO - Processing file /opt/airflow/dags/ingest_avito_to_raw.py for tasks to queue
[2026-06-26T12:02:08.102+0000] {logging_mixin.py:190} INFO - [2026-06-26T12:02:08.092+0000] {dagbag.py:588} INFO - Filling up the DagBag from /opt/airflow/dags/ingest_avito_to_raw.py
[2026-06-26T12:02:09.471+0000] {processor.py:925} INFO - DAG(s) 'ingest_avito_to_raw' retrieved from /opt/airflow/dags/ingest_avito_to_raw.py
[2026-06-26T12:03:05.369+0000] {logging_mixin.py:190} INFO - [2026-06-26T12:03:05.363+0000] {process_utils.py:266} INFO - Waiting up to 5 seconds for processes to exit...
[2026-06-26T12:03:36.611+0000] {processor.py:186} INFO - Started process (PID=173) to work on /opt/airflow/dags/ingest_avito_to_raw.py
[2026-06-26T12:03:36.615+0000] {processor.py:914} INFO - Processing file /opt/airflow/dags/ingest_avito_to_raw.py for tasks to queue
[2026-06-26T12:03:36.620+0000] {logging_mixin.py:190} INFO - [2026-06-26T12:03:36.619+0000] {dagbag.py:588} INFO - Filling up the DagBag from /opt/airflow/dags/ingest_avito_to_raw.py
[2026-06-26T12:03:36.655+0000] {processor.py:925} INFO - DAG(s) 'ingest_avito_to_raw' retrieved from /opt/airflow/dags/ingest_avito_to_raw.py
[2026-06-26T12:03:37.078+0000] {logging_mixin.py:190} INFO - [2026-06-26T12:03:37.078+0000] {dag.py:3239} INFO - Sync 1 DAGs
[2026-06-26T12:03:37.132+0000] {logging_mixin.py:190} INFO - [2026-06-26T12:03:37.131+0000] {dag.py:4180} INFO - Setting next_dagrun for ingest_avito_to_raw to 2026-06-26 11:00:00+00:00, run_after=2026-06-26 12:00:00+00:00
[2026-06-26T12:03:37.175+0000] {processor.py:208} INFO - Processing /opt/airflow/dags/ingest_avito_to_raw.py took 0.581 seconds
[2026-06-26T12:04:07.404+0000] {processor.py:186} INFO - Started process (PID=183) to work on /opt/airflow/dags/ingest_avito_to_raw.py
[2026-06-26T12:04:07.407+0000] {processor.py:914} INFO - Processing file /opt/airflow/dags/ingest_avito_to_raw.py for tasks to queue
[2026-06-26T12:04:07.411+0000] {logging_mixin.py:190} INFO - [2026-06-26T12:04:07.410+0000] {dagbag.py:588} INFO - Filling up the DagBag from /opt/airflow/dags/ingest_avito_to_raw.py
[2026-06-26T12:04:07.442+0000] {processor.py:925} INFO - DAG(s) 'ingest_avito_to_raw' retrieved from /opt/airflow/dags/ingest_avito_to_raw.py
[2026-06-26T12:04:07.520+0000] {logging_mixin.py:190} INFO - [2026-06-26T12:04:07.520+0000] {dag.py:3239} INFO - Sync 1 DAGs
[2026-06-26T12:04:07.629+0000] {logging_mixin.py:190} INFO - [2026-06-26T12:04:07.628+0000] {dag.py:4180} INFO - Setting next_dagrun for ingest_avito_to_raw to 2026-06-26 11:00:00+00:00, run_after=2026-06-26 12:00:00+00:00
[2026-06-26T12:04:07.679+0000] {processor.py:208} INFO - Processing /opt/airflow/dags/ingest_avito_to_raw.py took 0.288 seconds
[2026-06-26T12:04:38.284+0000] {processor.py:186} INFO - Started process (PID=193) to work on /opt/airflow/dags/ingest_avito_to_raw.py
[2026-06-26T12:04:38.286+0000] {processor.py:914} INFO - Processing file /opt/airflow/dags/ingest_avito_to_raw.py for tasks to queue
[2026-06-26T12:04:38.294+0000] {logging_mixin.py:190} INFO - [2026-06-26T12:04:38.292+0000] {dagbag.py:588} INFO - Filling up the DagBag from /opt/airflow/dags/ingest_avito_to_raw.py
[2026-06-26T12:04:38.334+0000] {processor.py:925} INFO - DAG(s) 'ingest_avito_to_raw' retrieved from /opt/airflow/dags/ingest_avito_to_raw.py
[2026-06-26T12:04:38.505+0000] {logging_mixin.py:190} INFO - [2026-06-26T12:04:38.505+0000] {dag.py:3239} INFO - Sync 1 DAGs
[2026-06-26T12:04:38.620+0000] {logging_mixin.py:190} INFO - [2026-06-26T12:04:38.619+0000] {dag.py:4180} INFO - Setting next_dagrun for ingest_avito_to_raw to 2026-06-26 11:00:00+00:00, run_after=2026-06-26 12:00:00+00:00
[2026-06-26T12:04:38.669+0000] {processor.py:208} INFO - Processing /opt/airflow/dags/ingest_avito_to_raw.py took 0.421 seconds
[2026-06-26T12:05:09.245+0000] {processor.py:186} INFO - Started process (PID=203) to work on /opt/airflow/dags/ingest_avito_to_raw.py
[2026-06-26T12:05:09.247+0000] {processor.py:914} INFO - Processing file /opt/airflow/dags/ingest_avito_to_raw.py for tasks to queue
[2026-06-26T12:05:09.254+0000] {logging_mixin.py:190} INFO - [2026-06-26T12:05:09.253+0000] {dagbag.py:588} INFO - Filling up the DagBag from /opt/airflow/dags/ingest_avito_to_raw.py
[2026-06-26T12:05:09.395+0000] {processor.py:925} INFO - DAG(s) 'ingest_avito_to_raw' retrieved from /opt/airflow/dags/ingest_avito_to_raw.py
[2026-06-26T12:05:09.486+0000] {logging_mixin.py:190} INFO - [2026-06-26T12:05:09.485+0000] {dag.py:3239} INFO - Sync 1 DAGs
[2026-06-26T12:05:09.572+0000] {logging_mixin.py:190} INFO - [2026-06-26T12:05:09.571+0000] {dag.py:4180} INFO - Setting next_dagrun for ingest_avito_to_raw to 2026-06-26 11:00:00+00:00, run_after=2026-06-26 12:00:00+00:00
[2026-06-26T12:05:09.623+0000] {processor.py:208} INFO - Processing /opt/airflow/dags/ingest_avito_to_raw.py took 0.401 seconds
[2026-06-26T12:05:40.534+0000] {processor.py:186} INFO - Started process (PID=213) to work on /opt/airflow/dags/ingest_avito_to_raw.py
[2026-06-26T12:05:40.538+0000] {processor.py:914} INFO - Processing file /opt/airflow/dags/ingest_avito_to_raw.py for tasks to queue
[2026-06-26T12:05:40.545+0000] {logging_mixin.py:190} INFO - [2026-06-26T12:05:40.544+0000] {dagbag.py:588} INFO - Filling up the DagBag from /opt/airflow/dags/ingest_avito_to_raw.py
[2026-06-26T12:05:40.624+0000] {processor.py:925} INFO - DAG(s) 'ingest_avito_to_raw' retrieved from /opt/airflow/dags/ingest_avito_to_raw.py
[2026-06-26T12:05:40.734+0000] {logging_mixin.py:190} INFO - [2026-06-26T12:05:40.733+0000] {dag.py:3239} INFO - Sync 1 DAGs
[2026-06-26T12:05:40.820+0000] {logging_mixin.py:190} INFO - [2026-06-26T12:05:40.820+0000] {dag.py:4180} INFO - Setting next_dagrun for ingest_avito_to_raw to 2026-06-26 11:00:00+00:00, run_after=2026-06-26 12:00:00+00:00
[2026-06-26T12:05:40.874+0000] {processor.py:208} INFO - Processing /opt/airflow/dags/ingest_avito_to_raw.py took 0.413 seconds
[2026-06-26T12:06:11.289+0000] {processor.py:186} INFO - Started process (PID=223) to work on /opt/airflow/dags/ingest_avito_to_raw.py
[2026-06-26T12:06:11.291+0000] {processor.py:914} INFO - Processing file /opt/airflow/dags/ingest_avito_to_raw.py for tasks to queue
[2026-06-26T12:06:11.299+0000] {logging_mixin.py:190} INFO - [2026-06-26T12:06:11.297+0000] {dagbag.py:588} INFO - Filling up the DagBag from /opt/airflow/dags/ingest_avito_to_raw.py
[2026-06-26T12:06:11.331+0000] {processor.py:925} INFO - DAG(s) 'ingest_avito_to_raw' retrieved from /opt/airflow/dags/ingest_avito_to_raw.py
[2026-06-26T12:06:11.408+0000] {logging_mixin.py:190} INFO - [2026-06-26T12:06:11.407+0000] {dag.py:3239} INFO - Sync 1 DAGs
[2026-06-26T12:06:11.472+0000] {logging_mixin.py:190} INFO - [2026-06-26T12:06:11.472+0000] {dag.py:4180} INFO - Setting next_dagrun for ingest_avito_to_raw to 2026-06-26 11:00:00+00:00, run_after=2026-06-26 12:00:00+00:00
[2026-06-26T12:06:11.519+0000] {processor.py:208} INFO - Processing /opt/airflow/dags/ingest_avito_to_raw.py took 0.244 seconds
[2026-06-26T12:06:41.916+0000] {processor.py:186} INFO - Started process (PID=233) to work on /opt/airflow/dags/ingest_avito_to_raw.py
[2026-06-26T12:06:41.918+0000] {processor.py:914} INFO - Processing file /opt/airflow/dags/ingest_avito_to_raw.py for tasks to queue
[2026-06-26T12:06:41.925+0000] {logging_mixin.py:190} INFO - [2026-06-26T12:06:41.923+0000] {dagbag.py:588} INFO - Filling up the DagBag from /opt/airflow/dags/ingest_avito_to_raw.py
[2026-06-26T12:06:41.948+0000] {processor.py:925} INFO - DAG(s) 'ingest_avito_to_raw' retrieved from /opt/airflow/dags/ingest_avito_to_raw.py
[2026-06-26T12:06:42.026+0000] {logging_mixin.py:190} INFO - [2026-06-26T12:06:42.025+0000] {dag.py:3239} INFO - Sync 1 DAGs
[2026-06-26T12:06:42.099+0000] {logging_mixin.py:190} INFO - [2026-06-26T12:06:42.098+0000] {dag.py:4180} INFO - Setting next_dagrun for ingest_avito_to_raw to 2026-06-26 11:00:00+00:00, run_after=2026-06-26 12:00:00+00:00
[2026-06-26T12:06:42.160+0000] {processor.py:208} INFO - Processing /opt/airflow/dags/ingest_avito_to_raw.py took 0.259 seconds
[2026-06-26T12:07:13.200+0000] {processor.py:186} INFO - Started process (PID=243) to work on /opt/airflow/dags/ingest_avito_to_raw.py
[2026-06-26T12:07:13.236+0000] {processor.py:914} INFO - Processing file /opt/airflow/dags/ingest_avito_to_raw.py for tasks to queue
[2026-06-26T12:07:13.251+0000] {logging_mixin.py:190} INFO - [2026-06-26T12:07:13.250+0000] {dagbag.py:588} INFO - Filling up the DagBag from /opt/airflow/dags/ingest_avito_to_raw.py
[2026-06-26T12:07:13.378+0000] {processor.py:925} INFO - DAG(s) 'ingest_avito_to_raw' retrieved from /opt/airflow/dags/ingest_avito_to_raw.py
[2026-06-26T12:07:13.472+0000] {logging_mixin.py:190} INFO - [2026-06-26T12:07:13.471+0000] {dag.py:3239} INFO - Sync 1 DAGs
[2026-06-26T12:07:13.517+0000] {logging_mixin.py:190} INFO - [2026-06-26T12:07:13.516+0000] {dag.py:4180} INFO - Setting next_dagrun for ingest_avito_to_raw to 2026-06-26 11:00:00+00:00, run_after=2026-06-26 12:00:00+00:00
[2026-06-26T12:07:13.553+0000] {processor.py:208} INFO - Processing /opt/airflow/dags/ingest_avito_to_raw.py took 0.367 seconds
[2026-06-26T12:07:44.581+0000] {processor.py:186} INFO - Started process (PID=253) to work on /opt/airflow/dags/ingest_avito_to_raw.py
[2026-06-26T12:07:44.583+0000] {processor.py:914} INFO - Processing file /opt/airflow/dags/ingest_avito_to_raw.py for tasks to queue
[2026-06-26T12:07:44.589+0000] {logging_mixin.py:190} INFO - [2026-06-26T12:07:44.588+0000] {dagbag.py:588} INFO - Filling up the DagBag from /opt/airflow/dags/ingest_avito_to_raw.py
[2026-06-26T12:07:44.622+0000] {processor.py:925} INFO - DAG(s) 'ingest_avito_to_raw' retrieved from /opt/airflow/dags/ingest_avito_to_raw.py
[2026-06-26T12:07:44.688+0000] {logging_mixin.py:190} INFO - [2026-06-26T12:07:44.688+0000] {dag.py:3239} INFO - Sync 1 DAGs
[2026-06-26T12:07:44.744+0000] {logging_mixin.py:190} INFO - [2026-06-26T12:07:44.744+0000] {dag.py:4180} INFO - Setting next_dagrun for ingest_avito_to_raw to 2026-06-26 11:00:00+00:00, run_after=2026-06-26 12:00:00+00:00
[2026-06-26T12:07:44.780+0000] {processor.py:208} INFO - Processing /opt/airflow/dags/ingest_avito_to_raw.py took 0.212 seconds
[2026-06-26T12:08:15.194+0000] {processor.py:186} INFO - Started process (PID=263) to work on /opt/airflow/dags/ingest_avito_to_raw.py
[2026-06-26T12:08:15.195+0000] {processor.py:914} INFO - Processing file /opt/airflow/dags/ingest_avito_to_raw.py for tasks to queue
[2026-06-26T12:08:15.200+0000] {logging_mixin.py:190} INFO - [2026-06-26T12:08:15.199+0000] {dagbag.py:588} INFO - Filling up the DagBag from /opt/airflow/dags/ingest_avito_to_raw.py
[2026-06-26T12:08:15.214+0000] {processor.py:925} INFO - DAG(s) 'ingest_avito_to_raw' retrieved from /opt/airflow/dags/ingest_avito_to_raw.py
[2026-06-26T12:08:15.258+0000] {logging_mixin.py:190} INFO - [2026-06-26T12:08:15.258+0000] {dag.py:3239} INFO - Sync 1 DAGs
[2026-06-26T12:08:15.302+0000] {logging_mixin.py:190} INFO - [2026-06-26T12:08:15.301+0000] {dag.py:4180} INFO - Setting next_dagrun for ingest_avito_to_raw to 2026-06-26 11:00:00+00:00, run_after=2026-06-26 12:00:00+00:00
[2026-06-26T12:08:15.343+0000] {processor.py:208} INFO - Processing /opt/airflow/dags/ingest_avito_to_raw.py took 0.157 seconds
[2026-06-26T12:08:45.769+0000] {processor.py:186} INFO - Started process (PID=273) to work on /opt/airflow/dags/ingest_avito_to_raw.py
[2026-06-26T12:08:45.773+0000] {processor.py:914} INFO - Processing file /opt/airflow/dags/ingest_avito_to_raw.py for tasks to queue
[2026-06-26T12:08:45.777+0000] {logging_mixin.py:190} INFO - [2026-06-26T12:08:45.776+0000] {dagbag.py:588} INFO - Filling up the DagBag from /opt/airflow/dags/ingest_avito_to_raw.py
[2026-06-26T12:08:45.799+0000] {processor.py:925} INFO - DAG(s) 'ingest_avito_to_raw' retrieved from /opt/airflow/dags/ingest_avito_to_raw.py
[2026-06-26T12:08:45.911+0000] {logging_mixin.py:190} INFO - [2026-06-26T12:08:45.910+0000] {dag.py:3239} INFO - Sync 1 DAGs
[2026-06-26T12:08:45.971+0000] {logging_mixin.py:190} INFO - [2026-06-26T12:08:45.970+0000] {dag.py:4180} INFO - Setting next_dagrun for ingest_avito_to_raw to 2026-06-26 11:00:00+00:00, run_after=2026-06-26 12:00:00+00:00
[2026-06-26T12:08:46.021+0000] {processor.py:208} INFO - Processing /opt/airflow/dags/ingest_avito_to_raw.py took 0.264 seconds
[2026-06-26T12:09:16.954+0000] {processor.py:186} INFO - Started process (PID=283) to work on /opt/airflow/dags/ingest_avito_to_raw.py
[2026-06-26T12:09:16.958+0000] {processor.py:914} INFO - Processing file /opt/airflow/dags/ingest_avito_to_raw.py for tasks to queue
[2026-06-26T12:09:16.965+0000] {logging_mixin.py:190} INFO - [2026-06-26T12:09:16.963+0000] {dagbag.py:588} INFO - Filling up the DagBag from /opt/airflow/dags/ingest_avito_to_raw.py
[2026-06-26T12:09:16.993+0000] {processor.py:925} INFO - DAG(s) 'ingest_avito_to_raw' retrieved from /opt/airflow/dags/ingest_avito_to_raw.py
[2026-06-26T12:09:17.056+0000] {logging_mixin.py:190} INFO - [2026-06-26T12:09:17.055+0000] {dag.py:3239} INFO - Sync 1 DAGs
[2026-06-26T12:09:17.217+0000] {logging_mixin.py:190} INFO - [2026-06-26T12:09:17.217+0000] {dag.py:4180} INFO - Setting next_dagrun for ingest_avito_to_raw to 2026-06-26 11:00:00+00:00, run_after=2026-06-26 12:00:00+00:00
[2026-06-26T12:09:17.283+0000] {processor.py:208} INFO - Processing /opt/airflow/dags/ingest_avito_to_raw.py took 0.373 seconds
[2026-06-26T12:09:47.512+0000] {processor.py:186} INFO - Started process (PID=293) to work on /opt/airflow/dags/ingest_avito_to_raw.py
[2026-06-26T12:09:47.519+0000] {processor.py:914} INFO - Processing file /opt/airflow/dags/ingest_avito_to_raw.py for tasks to queue
[2026-06-26T12:09:47.524+0000] {logging_mixin.py:190} INFO - [2026-06-26T12:09:47.523+0000] {dagbag.py:588} INFO - Filling up the DagBag from /opt/airflow/dags/ingest_avito_to_raw.py
[2026-06-26T12:09:47.553+0000] {processor.py:925} INFO - DAG(s) 'ingest_avito_to_raw' retrieved from /opt/airflow/dags/ingest_avito_to_raw.py
[2026-06-26T12:09:47.750+0000] {logging_mixin.py:190} INFO - [2026-06-26T12:09:47.744+0000] {dag.py:3239} INFO - Sync 1 DAGs
[2026-06-26T12:09:47.845+0000] {logging_mixin.py:190} INFO - [2026-06-26T12:09:47.845+0000] {dag.py:4180} INFO - Setting next_dagrun for ingest_avito_to_raw to 2026-06-26 11:00:00+00:00, run_after=2026-06-26 12:00:00+00:00
[2026-06-26T12:09:47.967+0000] {processor.py:208} INFO - Processing /opt/airflow/dags/ingest_avito_to_raw.py took 0.480 seconds
[2026-06-26T12:10:18.252+0000] {processor.py:186} INFO - Started process (PID=303) to work on /opt/airflow/dags/ingest_avito_to_raw.py
[2026-06-26T12:10:18.254+0000] {processor.py:914} INFO - Processing file /opt/airflow/dags/ingest_avito_to_raw.py for tasks to queue
[2026-06-26T12:10:18.263+0000] {logging_mixin.py:190} INFO - [2026-06-26T12:10:18.262+0000] {dagbag.py:588} INFO - Filling up the DagBag from /opt/airflow/dags/ingest_avito_to_raw.py
[2026-06-26T12:10:18.292+0000] {processor.py:925} INFO - DAG(s) 'ingest_avito_to_raw' retrieved from /opt/airflow/dags/ingest_avito_to_raw.py
[2026-06-26T12:10:18.363+0000] {logging_mixin.py:190} INFO - [2026-06-26T12:10:18.363+0000] {dag.py:3239} INFO - Sync 1 DAGs
[2026-06-26T12:10:18.411+0000] {logging_mixin.py:190} INFO - [2026-06-26T12:10:18.411+0000] {dag.py:4180} INFO - Setting next_dagrun for ingest_avito_to_raw to 2026-06-26 11:00:00+00:00, run_after=2026-06-26 12:00:00+00:00
[2026-06-26T12:10:18.455+0000] {processor.py:208} INFO - Processing /opt/airflow/dags/ingest_avito_to_raw.py took 0.216 seconds
[2026-06-26T12:10:49.051+0000] {processor.py:186} INFO - Started process (PID=313) to work on /opt/airflow/dags/ingest_avito_to_raw.py
[2026-06-26T12:10:49.055+0000] {processor.py:914} INFO - Processing file /opt/airflow/dags/ingest_avito_to_raw.py for tasks to queue
[2026-06-26T12:10:49.106+0000] {logging_mixin.py:190} INFO - [2026-06-26T12:10:49.105+0000] {dagbag.py:588} INFO - Filling up the DagBag from /opt/airflow/dags/ingest_avito_to_raw.py
[2026-06-26T12:10:49.143+0000] {processor.py:925} INFO - DAG(s) 'ingest_avito_to_raw' retrieved from /opt/airflow/dags/ingest_avito_to_raw.py
[2026-06-26T12:10:49.250+0000] {logging_mixin.py:190} INFO - [2026-06-26T12:10:49.250+0000] {dag.py:3239} INFO - Sync 1 DAGs
[2026-06-26T12:10:49.519+0000] {logging_mixin.py:190} INFO - [2026-06-26T12:10:49.518+0000] {dag.py:4180} INFO - Setting next_dagrun for ingest_avito_to_raw to 2026-06-26 11:00:00+00:00, run_after=2026-06-26 12:00:00+00:00
[2026-06-26T12:10:49.637+0000] {processor.py:208} INFO - Processing /opt/airflow/dags/ingest_avito_to_raw.py took 0.600 seconds
[2026-06-26T12:11:21.640+0000] {processor.py:186} INFO - Started process (PID=323) to work on /opt/airflow/dags/ingest_avito_to_raw.py
[2026-06-26T12:11:21.695+0000] {processor.py:914} INFO - Processing file /opt/airflow/dags/ingest_avito_to_raw.py for tasks to queue
[2026-06-26T12:11:21.940+0000] {logging_mixin.py:190} INFO - [2026-06-26T12:11:21.924+0000] {dagbag.py:588} INFO - Filling up the DagBag from /opt/airflow/dags/ingest_avito_to_raw.py
[2026-06-26T12:11:22.361+0000] {processor.py:925} INFO - DAG(s) 'ingest_avito_to_raw' retrieved from /opt/airflow/dags/ingest_avito_to_raw.py
[2026-06-26T12:11:24.438+0000] {logging_mixin.py:190} INFO - [2026-06-26T12:11:24.429+0000] {dag.py:3239} INFO - Sync 1 DAGs
[2026-06-26T12:11:25.672+0000] {logging_mixin.py:190} INFO - [2026-06-26T12:11:25.671+0000] {dag.py:4180} INFO - Setting next_dagrun for ingest_avito_to_raw to 2026-06-26 11:00:00+00:00, run_after=2026-06-26 12:00:00+00:00
[2026-06-26T12:11:27.971+0000] {processor.py:208} INFO - Processing /opt/airflow/dags/ingest_avito_to_raw.py took 6.388 seconds
[2026-06-26T12:12:01.344+0000] {processor.py:186} INFO - Started process (PID=333) to work on /opt/airflow/dags/ingest_avito_to_raw.py
[2026-06-26T12:12:01.381+0000] {processor.py:914} INFO - Processing file /opt/airflow/dags/ingest_avito_to_raw.py for tasks to queue
[2026-06-26T12:12:01.498+0000] {logging_mixin.py:190} INFO - [2026-06-26T12:12:01.497+0000] {dagbag.py:588} INFO - Filling up the DagBag from /opt/airflow/dags/ingest_avito_to_raw.py
[2026-06-26T12:12:02.125+0000] {processor.py:925} INFO - DAG(s) 'ingest_avito_to_raw' retrieved from /opt/airflow/dags/ingest_avito_to_raw.py
[2026-06-26T12:12:04.741+0000] {logging_mixin.py:190} INFO - [2026-06-26T12:12:04.740+0000] {dag.py:3239} INFO - Sync 1 DAGs
[2026-06-26T12:12:05.657+0000] {logging_mixin.py:190} INFO - [2026-06-26T12:12:05.657+0000] {dag.py:4180} INFO - Setting next_dagrun for ingest_avito_to_raw to 2026-06-26 11:00:00+00:00, run_after=2026-06-26 12:00:00+00:00
[2026-06-26T12:12:07.144+0000] {processor.py:208} INFO - Processing /opt/airflow/dags/ingest_avito_to_raw.py took 5.866 seconds
[2026-06-26T12:12:40.142+0000] {processor.py:186} INFO - Started process (PID=343) to work on /opt/airflow/dags/ingest_avito_to_raw.py
[2026-06-26T12:12:40.321+0000] {processor.py:914} INFO - Processing file /opt/airflow/dags/ingest_avito_to_raw.py for tasks to queue
[2026-06-26T12:12:40.389+0000] {logging_mixin.py:190} INFO - [2026-06-26T12:12:40.382+0000] {dagbag.py:588} INFO - Filling up the DagBag from /opt/airflow/dags/ingest_avito_to_raw.py
[2026-06-26T12:12:40.985+0000] {processor.py:925} INFO - DAG(s) 'ingest_avito_to_raw' retrieved from /opt/airflow/dags/ingest_avito_to_raw.py
[2026-06-26T12:12:42.739+0000] {logging_mixin.py:190} INFO - [2026-06-26T12:12:42.731+0000] {dag.py:3239} INFO - Sync 1 DAGs
[2026-06-26T12:12:43.363+0000] {logging_mixin.py:190} INFO - [2026-06-26T12:12:43.351+0000] {dag.py:4180} INFO - Setting next_dagrun for ingest_avito_to_raw to 2026-06-26 11:00:00+00:00, run_after=2026-06-26 12:00:00+00:00
[2026-06-26T12:12:44.486+0000] {processor.py:208} INFO - Processing /opt/airflow/dags/ingest_avito_to_raw.py took 4.439 seconds
[2026-06-26T12:13:18.035+0000] {processor.py:186} INFO - Started process (PID=353) to work on /opt/airflow/dags/ingest_avito_to_raw.py
[2026-06-26T12:13:18.244+0000] {processor.py:914} INFO - Processing file /opt/airflow/dags/ingest_avito_to_raw.py for tasks to queue
[2026-06-26T12:13:18.463+0000] {logging_mixin.py:190} INFO - [2026-06-26T12:13:18.462+0000] {dagbag.py:588} INFO - Filling up the DagBag from /opt/airflow/dags/ingest_avito_to_raw.py
[2026-06-26T12:13:19.753+0000] {processor.py:925} INFO - DAG(s) 'ingest_avito_to_raw' retrieved from /opt/airflow/dags/ingest_avito_to_raw.py
[2026-06-26T12:13:21.035+0000] {logging_mixin.py:190} INFO - [2026-06-26T12:13:21.034+0000] {dag.py:3239} INFO - Sync 1 DAGs
[2026-06-26T12:13:21.569+0000] {logging_mixin.py:190} INFO - [2026-06-26T12:13:21.568+0000] {dag.py:4180} INFO - Setting next_dagrun for ingest_avito_to_raw to 2026-06-26 11:00:00+00:00, run_after=2026-06-26 12:00:00+00:00
[2026-06-26T12:13:22.504+0000] {processor.py:208} INFO - Processing /opt/airflow/dags/ingest_avito_to_raw.py took 4.548 seconds
[2026-06-26T12:13:56.617+0000] {processor.py:186} INFO - Started process (PID=366) to work on /opt/airflow/dags/ingest_avito_to_raw.py
[2026-06-26T12:13:56.643+0000] {processor.py:914} INFO - Processing file /opt/airflow/dags/ingest_avito_to_raw.py for tasks to queue
[2026-06-26T12:13:56.686+0000] {logging_mixin.py:190} INFO - [2026-06-26T12:13:56.685+0000] {dagbag.py:588} INFO - Filling up the DagBag from /opt/airflow/dags/ingest_avito_to_raw.py
[2026-06-26T12:13:56.968+0000] {processor.py:925} INFO - DAG(s) 'ingest_avito_to_raw' retrieved from /opt/airflow/dags/ingest_avito_to_raw.py
[2026-06-26T12:13:58.951+0000] {logging_mixin.py:190} INFO - [2026-06-26T12:13:58.950+0000] {dag.py:3239} INFO - Sync 1 DAGs
[2026-06-26T12:13:59.757+0000] {logging_mixin.py:190} INFO - [2026-06-26T12:13:59.756+0000] {dag.py:4180} INFO - Setting next_dagrun for ingest_avito_to_raw to 2026-06-26 11:00:00+00:00, run_after=2026-06-26 12:00:00+00:00
[2026-06-26T12:14:00.836+0000] {processor.py:208} INFO - Processing /opt/airflow/dags/ingest_avito_to_raw.py took 4.281 seconds
[2026-06-26T12:14:34.350+0000] {processor.py:186} INFO - Started process (PID=376) to work on /opt/airflow/dags/ingest_avito_to_raw.py
[2026-06-26T12:14:34.394+0000] {processor.py:914} INFO - Processing file /opt/airflow/dags/ingest_avito_to_raw.py for tasks to queue
[2026-06-26T12:14:34.422+0000] {logging_mixin.py:190} INFO - [2026-06-26T12:14:34.421+0000] {dagbag.py:588} INFO - Filling up the DagBag from /opt/airflow/dags/ingest_avito_to_raw.py
[2026-06-26T12:14:34.806+0000] {processor.py:925} INFO - DAG(s) 'ingest_avito_to_raw' retrieved from /opt/airflow/dags/ingest_avito_to_raw.py
[2026-06-26T12:14:36.622+0000] {logging_mixin.py:190} INFO - [2026-06-26T12:14:36.622+0000] {dag.py:3239} INFO - Sync 1 DAGs
[2026-06-26T12:14:37.330+0000] {logging_mixin.py:190} INFO - [2026-06-26T12:14:37.324+0000] {dag.py:4180} INFO - Setting next_dagrun for ingest_avito_to_raw to 2026-06-26 11:00:00+00:00, run_after=2026-06-26 12:00:00+00:00
[2026-06-26T12:14:38.658+0000] {processor.py:208} INFO - Processing /opt/airflow/dags/ingest_avito_to_raw.py took 4.376 seconds
[2026-06-26T12:15:11.930+0000] {processor.py:186} INFO - Started process (PID=386) to work on /opt/airflow/dags/ingest_avito_to_raw.py
[2026-06-26T12:15:11.968+0000] {processor.py:914} INFO - Processing file /opt/airflow/dags/ingest_avito_to_raw.py for tasks to queue
[2026-06-26T12:15:12.061+0000] {logging_mixin.py:190} INFO - [2026-06-26T12:15:12.053+0000] {dagbag.py:588} INFO - Filling up the DagBag from /opt/airflow/dags/ingest_avito_to_raw.py
[2026-06-26T12:15:12.566+0000] {processor.py:925} INFO - DAG(s) 'ingest_avito_to_raw' retrieved from /opt/airflow/dags/ingest_avito_to_raw.py
[2026-06-26T12:15:13.710+0000] {logging_mixin.py:190} INFO - [2026-06-26T12:15:13.703+0000] {dag.py:3239} INFO - Sync 1 DAGs
[2026-06-26T12:15:14.387+0000] {logging_mixin.py:190} INFO - [2026-06-26T12:15:14.381+0000] {dag.py:4180} INFO - Setting next_dagrun for ingest_avito_to_raw to 2026-06-26 11:00:00+00:00, run_after=2026-06-26 12:00:00+00:00
[2026-06-26T12:15:15.989+0000] {processor.py:208} INFO - Processing /opt/airflow/dags/ingest_avito_to_raw.py took 4.281 seconds
[2026-06-26T12:15:48.726+0000] {processor.py:186} INFO - Started process (PID=393) to work on /opt/airflow/dags/ingest_avito_to_raw.py
[2026-06-26T12:15:48.844+0000] {processor.py:914} INFO - Processing file /opt/airflow/dags/ingest_avito_to_raw.py for tasks to queue
[2026-06-26T12:15:48.940+0000] {logging_mixin.py:190} INFO - [2026-06-26T12:15:48.931+0000] {dagbag.py:588} INFO - Filling up the DagBag from /opt/airflow/dags/ingest_avito_to_raw.py
[2026-06-26T12:15:49.285+0000] {processor.py:925} INFO - DAG(s) 'ingest_avito_to_raw' retrieved from /opt/airflow/dags/ingest_avito_to_raw.py
[2026-06-26T12:15:50.633+0000] {logging_mixin.py:190} INFO - [2026-06-26T12:15:50.605+0000] {dag.py:3239} INFO - Sync 1 DAGs
[2026-06-26T12:15:51.260+0000] {logging_mixin.py:190} INFO - [2026-06-26T12:15:51.259+0000] {dag.py:4180} INFO - Setting next_dagrun for ingest_avito_to_raw to 2026-06-26 11:00:00+00:00, run_after=2026-06-26 12:00:00+00:00
[2026-06-26T12:15:52.667+0000] {processor.py:208} INFO - Processing /opt/airflow/dags/ingest_avito_to_raw.py took 4.022 seconds
[2026-06-26T12:16:25.566+0000] {processor.py:186} INFO - Started process (PID=403) to work on /opt/airflow/dags/ingest_avito_to_raw.py
[2026-06-26T12:16:25.583+0000] {processor.py:914} INFO - Processing file /opt/airflow/dags/ingest_avito_to_raw.py for tasks to queue
[2026-06-26T12:16:25.586+0000] {logging_mixin.py:190} INFO - [2026-06-26T12:16:25.585+0000] {dagbag.py:588} INFO - Filling up the DagBag from /opt/airflow/dags/ingest_avito_to_raw.py
[2026-06-26T12:16:25.599+0000] {processor.py:925} INFO - DAG(s) 'ingest_avito_to_raw' retrieved from /opt/airflow/dags/ingest_avito_to_raw.py
[2026-06-26T12:16:25.638+0000] {logging_mixin.py:190} INFO - [2026-06-26T12:16:25.637+0000] {dag.py:3239} INFO - Sync 1 DAGs
[2026-06-26T12:16:25.650+0000] {logging_mixin.py:190} INFO - [2026-06-26T12:16:25.650+0000] {dag.py:4180} INFO - Setting next_dagrun for ingest_avito_to_raw to 2026-06-26 11:00:00+00:00, run_after=2026-06-26 12:00:00+00:00
[2026-06-26T12:16:25.678+0000] {processor.py:208} INFO - Processing /opt/airflow/dags/ingest_avito_to_raw.py took 0.119 seconds
[2026-06-26T12:16:56.091+0000] {processor.py:186} INFO - Started process (PID=413) to work on /opt/airflow/dags/ingest_avito_to_raw.py
[2026-06-26T12:16:56.093+0000] {processor.py:914} INFO - Processing file /opt/airflow/dags/ingest_avito_to_raw.py for tasks to queue
[2026-06-26T12:16:56.095+0000] {logging_mixin.py:190} INFO - [2026-06-26T12:16:56.095+0000] {dagbag.py:588} INFO - Filling up the DagBag from /opt/airflow/dags/ingest_avito_to_raw.py
[2026-06-26T12:16:56.111+0000] {processor.py:925} INFO - DAG(s) 'ingest_avito_to_raw' retrieved from /opt/airflow/dags/ingest_avito_to_raw.py
[2026-06-26T12:16:56.142+0000] {logging_mixin.py:190} INFO - [2026-06-26T12:16:56.142+0000] {dag.py:3239} INFO - Sync 1 DAGs
[2026-06-26T12:16:56.165+0000] {logging_mixin.py:190} INFO - [2026-06-26T12:16:56.164+0000] {dag.py:4180} INFO - Setting next_dagrun for ingest_avito_to_raw to 2026-06-26 11:00:00+00:00, run_after=2026-06-26 12:00:00+00:00
[2026-06-26T12:16:56.175+0000] {processor.py:208} INFO - Processing /opt/airflow/dags/ingest_avito_to_raw.py took 0.095 seconds
[2026-06-26T12:17:26.425+0000] {processor.py:186} INFO - Started process (PID=423) to work on /opt/airflow/dags/ingest_avito_to_raw.py
[2026-06-26T12:17:26.426+0000] {processor.py:914} INFO - Processing file /opt/airflow/dags/ingest_avito_to_raw.py for tasks to queue
[2026-06-26T12:17:26.430+0000] {logging_mixin.py:190} INFO - [2026-06-26T12:17:26.430+0000] {dagbag.py:588} INFO - Filling up the DagBag from /opt/airflow/dags/ingest_avito_to_raw.py
[2026-06-26T12:17:26.445+0000] {processor.py:925} INFO - DAG(s) 'ingest_avito_to_raw' retrieved from /opt/airflow/dags/ingest_avito_to_raw.py
[2026-06-26T12:17:26.477+0000] {logging_mixin.py:190} INFO - [2026-06-26T12:17:26.477+0000] {dag.py:3239} INFO - Sync 1 DAGs
[2026-06-26T12:17:26.504+0000] {logging_mixin.py:190} INFO - [2026-06-26T12:17:26.503+0000] {dag.py:4180} INFO - Setting next_dagrun for ingest_avito_to_raw to 2026-06-26 11:00:00+00:00, run_after=2026-06-26 12:00:00+00:00
[2026-06-26T12:17:26.533+0000] {processor.py:208} INFO - Processing /opt/airflow/dags/ingest_avito_to_raw.py took 0.122 seconds
[2026-06-26T12:17:56.721+0000] {processor.py:186} INFO - Started process (PID=433) to work on /opt/airflow/dags/ingest_avito_to_raw.py
[2026-06-26T12:17:56.721+0000] {processor.py:914} INFO - Processing file /opt/airflow/dags/ingest_avito_to_raw.py for tasks to queue
[2026-06-26T12:17:56.723+0000] {logging_mixin.py:190} INFO - [2026-06-26T12:17:56.723+0000] {dagbag.py:588} INFO - Filling up the DagBag from /opt/airflow/dags/ingest_avito_to_raw.py
[2026-06-26T12:17:56.732+0000] {processor.py:925} INFO - DAG(s) 'ingest_avito_to_raw' retrieved from /opt/airflow/dags/ingest_avito_to_raw.py
[2026-06-26T12:17:56.749+0000] {logging_mixin.py:190} INFO - [2026-06-26T12:17:56.749+0000] {dag.py:3239} INFO - Sync 1 DAGs
[2026-06-26T12:17:56.766+0000] {logging_mixin.py:190} INFO - [2026-06-26T12:17:56.765+0000] {dag.py:4180} INFO - Setting next_dagrun for ingest_avito_to_raw to 2026-06-26 11:00:00+00:00, run_after=2026-06-26 12:00:00+00:00
[2026-06-26T12:17:56.777+0000] {processor.py:208} INFO - Processing /opt/airflow/dags/ingest_avito_to_raw.py took 0.062 seconds
[2026-06-26T12:18:27.394+0000] {processor.py:186} INFO - Started process (PID=443) to work on /opt/airflow/dags/ingest_avito_to_raw.py
[2026-06-26T12:18:27.397+0000] {processor.py:914} INFO - Processing file /opt/airflow/dags/ingest_avito_to_raw.py for tasks to queue
[2026-06-26T12:18:27.407+0000] {logging_mixin.py:190} INFO - [2026-06-26T12:18:27.406+0000] {dagbag.py:588} INFO - Filling up the DagBag from /opt/airflow/dags/ingest_avito_to_raw.py
[2026-06-26T12:18:27.445+0000] {processor.py:925} INFO - DAG(s) 'ingest_avito_to_raw' retrieved from /opt/airflow/dags/ingest_avito_to_raw.py
[2026-06-26T12:18:27.609+0000] {logging_mixin.py:190} INFO - [2026-06-26T12:18:27.608+0000] {dag.py:3239} INFO - Sync 1 DAGs
[2026-06-26T12:18:27.658+0000] {logging_mixin.py:190} INFO - [2026-06-26T12:18:27.658+0000] {dag.py:4180} INFO - Setting next_dagrun for ingest_avito_to_raw to 2026-06-26 11:00:00+00:00, run_after=2026-06-26 12:00:00+00:00
[2026-06-26T12:18:27.774+0000] {processor.py:208} INFO - Processing /opt/airflow/dags/ingest_avito_to_raw.py took 0.405 seconds
[2026-06-26T12:18:58.013+0000] {processor.py:186} INFO - Started process (PID=453) to work on /opt/airflow/dags/ingest_avito_to_raw.py
[2026-06-26T12:18:58.016+0000] {processor.py:914} INFO - Processing file /opt/airflow/dags/ingest_avito_to_raw.py for tasks to queue
[2026-06-26T12:18:58.022+0000] {logging_mixin.py:190} INFO - [2026-06-26T12:18:58.021+0000] {dagbag.py:588} INFO - Filling up the DagBag from /opt/airflow/dags/ingest_avito_to_raw.py
[2026-06-26T12:18:58.081+0000] {processor.py:925} INFO - DAG(s) 'ingest_avito_to_raw' retrieved from /opt/airflow/dags/ingest_avito_to_raw.py
[2026-06-26T12:18:58.177+0000] {logging_mixin.py:190} INFO - [2026-06-26T12:18:58.175+0000] {dag.py:3239} INFO - Sync 1 DAGs
[2026-06-26T12:18:58.297+0000] {logging_mixin.py:190} INFO - [2026-06-26T12:18:58.296+0000] {dag.py:4180} INFO - Setting next_dagrun for ingest_avito_to_raw to 2026-06-26 11:00:00+00:00, run_after=2026-06-26 12:00:00+00:00
[2026-06-26T12:18:58.360+0000] {processor.py:208} INFO - Processing /opt/airflow/dags/ingest_avito_to_raw.py took 0.362 seconds
[2026-06-26T12:19:29.085+0000] {processor.py:186} INFO - Started process (PID=463) to work on /opt/airflow/dags/ingest_avito_to_raw.py
[2026-06-26T12:19:29.087+0000] {processor.py:914} INFO - Processing file /opt/airflow/dags/ingest_avito_to_raw.py for tasks to queue
[2026-06-26T12:19:29.091+0000] {logging_mixin.py:190} INFO - [2026-06-26T12:19:29.091+0000] {dagbag.py:588} INFO - Filling up the DagBag from /opt/airflow/dags/ingest_avito_to_raw.py
[2026-06-26T12:19:29.110+0000] {processor.py:925} INFO - DAG(s) 'ingest_avito_to_raw' retrieved from /opt/airflow/dags/ingest_avito_to_raw.py
[2026-06-26T12:19:29.176+0000] {logging_mixin.py:190} INFO - [2026-06-26T12:19:29.176+0000] {dag.py:3239} INFO - Sync 1 DAGs
[2026-06-26T12:19:29.218+0000] {logging_mixin.py:190} INFO - [2026-06-26T12:19:29.218+0000] {dag.py:4180} INFO - Setting next_dagrun for ingest_avito_to_raw to 2026-06-26 11:00:00+00:00, run_after=2026-06-26 12:00:00+00:00
[2026-06-26T12:19:29.263+0000] {processor.py:208} INFO - Processing /opt/airflow/dags/ingest_avito_to_raw.py took 0.191 seconds
[2026-06-26T12:19:59.896+0000] {processor.py:186} INFO - Started process (PID=473) to work on /opt/airflow/dags/ingest_avito_to_raw.py
[2026-06-26T12:19:59.907+0000] {processor.py:914} INFO - Processing file /opt/airflow/dags/ingest_avito_to_raw.py for tasks to queue
[2026-06-26T12:19:59.919+0000] {logging_mixin.py:190} INFO - [2026-06-26T12:19:59.918+0000] {dagbag.py:588} INFO - Filling up the DagBag from /opt/airflow/dags/ingest_avito_to_raw.py
[2026-06-26T12:19:59.946+0000] {processor.py:925} INFO - DAG(s) 'ingest_avito_to_raw' retrieved from /opt/airflow/dags/ingest_avito_to_raw.py
[2026-06-26T12:20:00.029+0000] {logging_mixin.py:190} INFO - [2026-06-26T12:20:00.028+0000] {dag.py:3239} INFO - Sync 1 DAGs
[2026-06-26T12:20:00.113+0000] {logging_mixin.py:190} INFO - [2026-06-26T12:20:00.113+0000] {dag.py:4180} INFO - Setting next_dagrun for ingest_avito_to_raw to 2026-06-26 11:00:00+00:00, run_after=2026-06-26 12:00:00+00:00
[2026-06-26T12:20:00.160+0000] {processor.py:208} INFO - Processing /opt/airflow/dags/ingest_avito_to_raw.py took 0.319 seconds
[2026-06-26T12:20:30.857+0000] {processor.py:186} INFO - Started process (PID=483) to work on /opt/airflow/dags/ingest_avito_to_raw.py
[2026-06-26T12:20:30.859+0000] {processor.py:914} INFO - Processing file /opt/airflow/dags/ingest_avito_to_raw.py for tasks to queue
[2026-06-26T12:20:30.863+0000] {logging_mixin.py:190} INFO - [2026-06-26T12:20:30.862+0000] {dagbag.py:588} INFO - Filling up the DagBag from /opt/airflow/dags/ingest_avito_to_raw.py
[2026-06-26T12:20:30.903+0000] {processor.py:925} INFO - DAG(s) 'ingest_avito_to_raw' retrieved from /opt/airflow/dags/ingest_avito_to_raw.py
[2026-06-26T12:20:30.983+0000] {logging_mixin.py:190} INFO - [2026-06-26T12:20:30.983+0000] {dag.py:3239} INFO - Sync 1 DAGs
[2026-06-26T12:20:31.054+0000] {logging_mixin.py:190} INFO - [2026-06-26T12:20:31.054+0000] {dag.py:4180} INFO - Setting next_dagrun for ingest_avito_to_raw to 2026-06-26 11:00:00+00:00, run_after=2026-06-26 12:00:00+00:00
[2026-06-26T12:20:31.128+0000] {processor.py:208} INFO - Processing /opt/airflow/dags/ingest_avito_to_raw.py took 0.287 seconds
[2026-06-26T12:21:01.207+0000] {processor.py:186} INFO - Started process (PID=493) to work on /opt/airflow/dags/ingest_avito_to_raw.py
[2026-06-26T12:21:01.210+0000] {processor.py:914} INFO - Processing file /opt/airflow/dags/ingest_avito_to_raw.py for tasks to queue
[2026-06-26T12:21:01.215+0000] {logging_mixin.py:190} INFO - [2026-06-26T12:21:01.214+0000] {dagbag.py:588} INFO - Filling up the DagBag from /opt/airflow/dags/ingest_avito_to_raw.py
[2026-06-26T12:21:01.244+0000] {processor.py:925} INFO - DAG(s) 'ingest_avito_to_raw' retrieved from /opt/airflow/dags/ingest_avito_to_raw.py
[2026-06-26T12:21:01.354+0000] {logging_mixin.py:190} INFO - [2026-06-26T12:21:01.353+0000] {dag.py:3239} INFO - Sync 1 DAGs
[2026-06-26T12:21:01.441+0000] {logging_mixin.py:190} INFO - [2026-06-26T12:21:01.441+0000] {dag.py:4180} INFO - Setting next_dagrun for ingest_avito_to_raw to 2026-06-26 11:00:00+00:00, run_after=2026-06-26 12:00:00+00:00
[2026-06-26T12:21:01.633+0000] {processor.py:208} INFO - Processing /opt/airflow/dags/ingest_avito_to_raw.py took 0.444 seconds
[2026-06-26T12:21:31.931+0000] {processor.py:186} INFO - Started process (PID=503) to work on /opt/airflow/dags/ingest_avito_to_raw.py
[2026-06-26T12:21:31.933+0000] {processor.py:914} INFO - Processing file /opt/airflow/dags/ingest_avito_to_raw.py for tasks to queue
[2026-06-26T12:21:31.940+0000] {logging_mixin.py:190} INFO - [2026-06-26T12:21:31.939+0000] {dagbag.py:588} INFO - Filling up the DagBag from /opt/airflow/dags/ingest_avito_to_raw.py
[2026-06-26T12:21:31.995+0000] {processor.py:925} INFO - DAG(s) 'ingest_avito_to_raw' retrieved from /opt/airflow/dags/ingest_avito_to_raw.py
[2026-06-26T12:21:32.136+0000] {logging_mixin.py:190} INFO - [2026-06-26T12:21:32.135+0000] {dag.py:3239} INFO - Sync 1 DAGs
[2026-06-26T12:21:32.187+0000] {logging_mixin.py:190} INFO - [2026-06-26T12:21:32.186+0000] {dag.py:4180} INFO - Setting next_dagrun for ingest_avito_to_raw to 2026-06-26 11:00:00+00:00, run_after=2026-06-26 12:00:00+00:00
[2026-06-26T12:21:32.233+0000] {processor.py:208} INFO - Processing /opt/airflow/dags/ingest_avito_to_raw.py took 0.318 seconds
[2026-06-26T12:22:02.474+0000] {processor.py:186} INFO - Started process (PID=513) to work on /opt/airflow/dags/ingest_avito_to_raw.py
[2026-06-26T12:22:02.480+0000] {processor.py:914} INFO - Processing file /opt/airflow/dags/ingest_avito_to_raw.py for tasks to queue
[2026-06-26T12:22:02.489+0000] {logging_mixin.py:190} INFO - [2026-06-26T12:22:02.486+0000] {dagbag.py:588} INFO - Filling up the DagBag from /opt/airflow/dags/ingest_avito_to_raw.py
[2026-06-26T12:22:02.523+0000] {processor.py:925} INFO - DAG(s) 'ingest_avito_to_raw' retrieved from /opt/airflow/dags/ingest_avito_to_raw.py
[2026-06-26T12:22:02.625+0000] {logging_mixin.py:190} INFO - [2026-06-26T12:22:02.624+0000] {dag.py:3239} INFO - Sync 1 DAGs
[2026-06-26T12:22:02.741+0000] {logging_mixin.py:190} INFO - [2026-06-26T12:22:02.740+0000] {dag.py:4180} INFO - Setting next_dagrun for ingest_avito_to_raw to 2026-06-26 11:00:00+00:00, run_after=2026-06-26 12:00:00+00:00
[2026-06-26T12:22:02.785+0000] {processor.py:208} INFO - Processing /opt/airflow/dags/ingest_avito_to_raw.py took 0.332 seconds
[2026-06-26T12:22:33.850+0000] {processor.py:186} INFO - Started process (PID=523) to work on /opt/airflow/dags/ingest_avito_to_raw.py
[2026-06-26T12:22:33.852+0000] {processor.py:914} INFO - Processing file /opt/airflow/dags/ingest_avito_to_raw.py for tasks to queue
[2026-06-26T12:22:33.857+0000] {logging_mixin.py:190} INFO - [2026-06-26T12:22:33.856+0000] {dagbag.py:588} INFO - Filling up the DagBag from /opt/airflow/dags/ingest_avito_to_raw.py
[2026-06-26T12:22:33.912+0000] {processor.py:925} INFO - DAG(s) 'ingest_avito_to_raw' retrieved from /opt/airflow/dags/ingest_avito_to_raw.py
[2026-06-26T12:22:34.074+0000] {logging_mixin.py:190} INFO - [2026-06-26T12:22:34.074+0000] {dag.py:3239} INFO - Sync 1 DAGs
[2026-06-26T12:22:34.164+0000] {logging_mixin.py:190} INFO - [2026-06-26T12:22:34.163+0000] {dag.py:4180} INFO - Setting next_dagrun for ingest_avito_to_raw to 2026-06-26 11:00:00+00:00, run_after=2026-06-26 12:00:00+00:00
[2026-06-26T12:22:34.203+0000] {processor.py:208} INFO - Processing /opt/airflow/dags/ingest_avito_to_raw.py took 0.368 seconds
[2026-06-26T12:23:04.353+0000] {processor.py:186} INFO - Started process (PID=533) to work on /opt/airflow/dags/ingest_avito_to_raw.py
[2026-06-26T12:23:04.355+0000] {processor.py:914} INFO - Processing file /opt/airflow/dags/ingest_avito_to_raw.py for tasks to queue
[2026-06-26T12:23:04.359+0000] {logging_mixin.py:190} INFO - [2026-06-26T12:23:04.358+0000] {dagbag.py:588} INFO - Filling up the DagBag from /opt/airflow/dags/ingest_avito_to_raw.py
[2026-06-26T12:23:04.392+0000] {processor.py:925} INFO - DAG(s) 'ingest_avito_to_raw' retrieved from /opt/airflow/dags/ingest_avito_to_raw.py
[2026-06-26T12:23:04.457+0000] {logging_mixin.py:190} INFO - [2026-06-26T12:23:04.456+0000] {dag.py:3239} INFO - Sync 1 DAGs
[2026-06-26T12:23:04.528+0000] {logging_mixin.py:190} INFO - [2026-06-26T12:23:04.527+0000] {dag.py:4180} INFO - Setting next_dagrun for ingest_avito_to_raw to 2026-06-26 11:00:00+00:00, run_after=2026-06-26 12:00:00+00:00
[2026-06-26T12:23:04.565+0000] {processor.py:208} INFO - Processing /opt/airflow/dags/ingest_avito_to_raw.py took 0.223 seconds
[2026-06-26T12:23:35.355+0000] {processor.py:186} INFO - Started process (PID=543) to work on /opt/airflow/dags/ingest_avito_to_raw.py
[2026-06-26T12:23:35.356+0000] {processor.py:914} INFO - Processing file /opt/airflow/dags/ingest_avito_to_raw.py for tasks to queue
[2026-06-26T12:23:35.360+0000] {logging_mixin.py:190} INFO - [2026-06-26T12:23:35.360+0000] {dagbag.py:588} INFO - Filling up the DagBag from /opt/airflow/dags/ingest_avito_to_raw.py
[2026-06-26T12:23:35.378+0000] {processor.py:925} INFO - DAG(s) 'ingest_avito_to_raw' retrieved from /opt/airflow/dags/ingest_avito_to_raw.py
[2026-06-26T12:23:35.428+0000] {logging_mixin.py:190} INFO - [2026-06-26T12:23:35.427+0000] {dag.py:3239} INFO - Sync 1 DAGs
[2026-06-26T12:23:35.481+0000] {logging_mixin.py:190} INFO - [2026-06-26T12:23:35.481+0000] {dag.py:4180} INFO - Setting next_dagrun for ingest_avito_to_raw to 2026-06-26 11:00:00+00:00, run_after=2026-06-26 12:00:00+00:00
[2026-06-26T12:23:35.522+0000] {processor.py:208} INFO - Processing /opt/airflow/dags/ingest_avito_to_raw.py took 0.180 seconds
[2026-06-26T12:24:05.689+0000] {processor.py:186} INFO - Started process (PID=553) to work on /opt/airflow/dags/ingest_avito_to_raw.py
[2026-06-26T12:24:05.691+0000] {processor.py:914} INFO - Processing file /opt/airflow/dags/ingest_avito_to_raw.py for tasks to queue
[2026-06-26T12:24:05.696+0000] {logging_mixin.py:190} INFO - [2026-06-26T12:24:05.695+0000] {dagbag.py:588} INFO - Filling up the DagBag from /opt/airflow/dags/ingest_avito_to_raw.py
[2026-06-26T12:24:05.718+0000] {processor.py:925} INFO - DAG(s) 'ingest_avito_to_raw' retrieved from /opt/airflow/dags/ingest_avito_to_raw.py
[2026-06-26T12:24:05.774+0000] {logging_mixin.py:190} INFO - [2026-06-26T12:24:05.773+0000] {dag.py:3239} INFO - Sync 1 DAGs
[2026-06-26T12:24:05.860+0000] {logging_mixin.py:190} INFO - [2026-06-26T12:24:05.859+0000] {dag.py:4180} INFO - Setting next_dagrun for ingest_avito_to_raw to 2026-06-26 11:00:00+00:00, run_after=2026-06-26 12:00:00+00:00
[2026-06-26T12:24:05.895+0000] {processor.py:208} INFO - Processing /opt/airflow/dags/ingest_avito_to_raw.py took 0.219 seconds
[2026-06-26T12:24:36.260+0000] {processor.py:186} INFO - Started process (PID=563) to work on /opt/airflow/dags/ingest_avito_to_raw.py
[2026-06-26T12:24:36.262+0000] {processor.py:914} INFO - Processing file /opt/airflow/dags/ingest_avito_to_raw.py for tasks to queue
[2026-06-26T12:24:36.268+0000] {logging_mixin.py:190} INFO - [2026-06-26T12:24:36.268+0000] {dagbag.py:588} INFO - Filling up the DagBag from /opt/airflow/dags/ingest_avito_to_raw.py
[2026-06-26T12:24:36.289+0000] {processor.py:925} INFO - DAG(s) 'ingest_avito_to_raw' retrieved from /opt/airflow/dags/ingest_avito_to_raw.py
[2026-06-26T12:24:36.350+0000] {logging_mixin.py:190} INFO - [2026-06-26T12:24:36.349+0000] {dag.py:3239} INFO - Sync 1 DAGs
[2026-06-26T12:24:36.398+0000] {logging_mixin.py:190} INFO - [2026-06-26T12:24:36.397+0000] {dag.py:4180} INFO - Setting next_dagrun for ingest_avito_to_raw to 2026-06-26 11:00:00+00:00, run_after=2026-06-26 12:00:00+00:00
[2026-06-26T12:24:36.455+0000] {processor.py:208} INFO - Processing /opt/airflow/dags/ingest_avito_to_raw.py took 0.207 seconds
[2026-06-26T12:25:07.460+0000] {processor.py:186} INFO - Started process (PID=573) to work on /opt/airflow/dags/ingest_avito_to_raw.py
[2026-06-26T12:25:07.462+0000] {processor.py:914} INFO - Processing file /opt/airflow/dags/ingest_avito_to_raw.py for tasks to queue
[2026-06-26T12:25:07.467+0000] {logging_mixin.py:190} INFO - [2026-06-26T12:25:07.466+0000] {dagbag.py:588} INFO - Filling up the DagBag from /opt/airflow/dags/ingest_avito_to_raw.py
[2026-06-26T12:25:07.488+0000] {processor.py:925} INFO - DAG(s) 'ingest_avito_to_raw' retrieved from /opt/airflow/dags/ingest_avito_to_raw.py
[2026-06-26T12:25:07.550+0000] {logging_mixin.py:190} INFO - [2026-06-26T12:25:07.549+0000] {dag.py:3239} INFO - Sync 1 DAGs
[2026-06-26T12:25:07.594+0000] {logging_mixin.py:190} INFO - [2026-06-26T12:25:07.593+0000] {dag.py:4180} INFO - Setting next_dagrun for ingest_avito_to_raw to 2026-06-26 11:00:00+00:00, run_after=2026-06-26 12:00:00+00:00
[2026-06-26T12:25:07.704+0000] {processor.py:208} INFO - Processing /opt/airflow/dags/ingest_avito_to_raw.py took 0.258 seconds
[2026-06-26T12:25:38.214+0000] {processor.py:186} INFO - Started process (PID=583) to work on /opt/airflow/dags/ingest_avito_to_raw.py
[2026-06-26T12:25:38.215+0000] {processor.py:914} INFO - Processing file /opt/airflow/dags/ingest_avito_to_raw.py for tasks to queue
[2026-06-26T12:25:38.219+0000] {logging_mixin.py:190} INFO - [2026-06-26T12:25:38.218+0000] {dagbag.py:588} INFO - Filling up the DagBag from /opt/airflow/dags/ingest_avito_to_raw.py
[2026-06-26T12:25:38.237+0000] {processor.py:925} INFO - DAG(s) 'ingest_avito_to_raw' retrieved from /opt/airflow/dags/ingest_avito_to_raw.py
[2026-06-26T12:25:38.309+0000] {logging_mixin.py:190} INFO - [2026-06-26T12:25:38.308+0000] {dag.py:3239} INFO - Sync 1 DAGs
[2026-06-26T12:25:38.357+0000] {logging_mixin.py:190} INFO - [2026-06-26T12:25:38.356+0000] {dag.py:4180} INFO - Setting next_dagrun for ingest_avito_to_raw to 2026-06-26 11:00:00+00:00, run_after=2026-06-26 12:00:00+00:00
[2026-06-26T12:25:38.454+0000] {processor.py:208} INFO - Processing /opt/airflow/dags/ingest_avito_to_raw.py took 0.250 seconds
[2026-06-26T12:26:08.739+0000] {processor.py:186} INFO - Started process (PID=593) to work on /opt/airflow/dags/ingest_avito_to_raw.py
[2026-06-26T12:26:08.743+0000] {processor.py:914} INFO - Processing file /opt/airflow/dags/ingest_avito_to_raw.py for tasks to queue
[2026-06-26T12:26:08.749+0000] {logging_mixin.py:190} INFO - [2026-06-26T12:26:08.748+0000] {dagbag.py:588} INFO - Filling up the DagBag from /opt/airflow/dags/ingest_avito_to_raw.py
[2026-06-26T12:26:08.776+0000] {processor.py:925} INFO - DAG(s) 'ingest_avito_to_raw' retrieved from /opt/airflow/dags/ingest_avito_to_raw.py
[2026-06-26T12:26:08.857+0000] {logging_mixin.py:190} INFO - [2026-06-26T12:26:08.856+0000] {dag.py:3239} INFO - Sync 1 DAGs
[2026-06-26T12:26:08.949+0000] {logging_mixin.py:190} INFO - [2026-06-26T12:26:08.949+0000] {dag.py:4180} INFO - Setting next_dagrun for ingest_avito_to_raw to 2026-06-26 11:00:00+00:00, run_after=2026-06-26 12:00:00+00:00
[2026-06-26T12:26:09.042+0000] {processor.py:208} INFO - Processing /opt/airflow/dags/ingest_avito_to_raw.py took 0.318 seconds
[2026-06-26T12:26:39.447+0000] {processor.py:186} INFO - Started process (PID=603) to work on /opt/airflow/dags/ingest_avito_to_raw.py
[2026-06-26T12:26:39.450+0000] {processor.py:914} INFO - Processing file /opt/airflow/dags/ingest_avito_to_raw.py for tasks to queue
[2026-06-26T12:26:39.455+0000] {logging_mixin.py:190} INFO - [2026-06-26T12:26:39.454+0000] {dagbag.py:588} INFO - Filling up the DagBag from /opt/airflow/dags/ingest_avito_to_raw.py
[2026-06-26T12:26:39.472+0000] {processor.py:925} INFO - DAG(s) 'ingest_avito_to_raw' retrieved from /opt/airflow/dags/ingest_avito_to_raw.py
[2026-06-26T12:26:39.571+0000] {logging_mixin.py:190} INFO - [2026-06-26T12:26:39.571+0000] {dag.py:3239} INFO - Sync 1 DAGs
[2026-06-26T12:26:39.699+0000] {logging_mixin.py:190} INFO - [2026-06-26T12:26:39.696+0000] {dag.py:4180} INFO - Setting next_dagrun for ingest_avito_to_raw to 2026-06-26 11:00:00+00:00, run_after=2026-06-26 12:00:00+00:00
[2026-06-26T12:26:39.902+0000] {processor.py:208} INFO - Processing /opt/airflow/dags/ingest_avito_to_raw.py took 0.468 seconds
[2026-06-26T12:27:10.633+0000] {processor.py:186} INFO - Started process (PID=613) to work on /opt/airflow/dags/ingest_avito_to_raw.py
[2026-06-26T12:27:10.635+0000] {processor.py:914} INFO - Processing file /opt/airflow/dags/ingest_avito_to_raw.py for tasks to queue
[2026-06-26T12:27:10.639+0000] {logging_mixin.py:190} INFO - [2026-06-26T12:27:10.639+0000] {dagbag.py:588} INFO - Filling up the DagBag from /opt/airflow/dags/ingest_avito_to_raw.py
[2026-06-26T12:27:10.657+0000] {processor.py:925} INFO - DAG(s) 'ingest_avito_to_raw' retrieved from /opt/airflow/dags/ingest_avito_to_raw.py
[2026-06-26T12:27:10.716+0000] {logging_mixin.py:190} INFO - [2026-06-26T12:27:10.716+0000] {dag.py:3239} INFO - Sync 1 DAGs
[2026-06-26T12:27:10.813+0000] {logging_mixin.py:190} INFO - [2026-06-26T12:27:10.813+0000] {dag.py:4180} INFO - Setting next_dagrun for ingest_avito_to_raw to 2026-06-26 11:00:00+00:00, run_after=2026-06-26 12:00:00+00:00
[2026-06-26T12:27:10.865+0000] {processor.py:208} INFO - Processing /opt/airflow/dags/ingest_avito_to_raw.py took 0.244 seconds
[2026-06-26T12:27:42.075+0000] {processor.py:186} INFO - Started process (PID=623) to work on /opt/airflow/dags/ingest_avito_to_raw.py
[2026-06-26T12:27:42.077+0000] {processor.py:914} INFO - Processing file /opt/airflow/dags/ingest_avito_to_raw.py for tasks to queue
[2026-06-26T12:27:42.083+0000] {logging_mixin.py:190} INFO - [2026-06-26T12:27:42.081+0000] {dagbag.py:588} INFO - Filling up the DagBag from /opt/airflow/dags/ingest_avito_to_raw.py
[2026-06-26T12:27:42.164+0000] {processor.py:925} INFO - DAG(s) 'ingest_avito_to_raw' retrieved from /opt/airflow/dags/ingest_avito_to_raw.py
[2026-06-26T12:27:42.256+0000] {logging_mixin.py:190} INFO - [2026-06-26T12:27:42.255+0000] {dag.py:3239} INFO - Sync 1 DAGs
[2026-06-26T12:27:42.333+0000] {logging_mixin.py:190} INFO - [2026-06-26T12:27:42.333+0000] {dag.py:4180} INFO - Setting next_dagrun for ingest_avito_to_raw to 2026-06-26 11:00:00+00:00, run_after=2026-06-26 12:00:00+00:00
[2026-06-26T12:27:42.384+0000] {processor.py:208} INFO - Processing /opt/airflow/dags/ingest_avito_to_raw.py took 0.324 seconds
[2026-06-26T12:28:12.625+0000] {processor.py:186} INFO - Started process (PID=633) to work on /opt/airflow/dags/ingest_avito_to_raw.py
[2026-06-26T12:28:12.627+0000] {processor.py:914} INFO - Processing file /opt/airflow/dags/ingest_avito_to_raw.py for tasks to queue
[2026-06-26T12:28:12.630+0000] {logging_mixin.py:190} INFO - [2026-06-26T12:28:12.630+0000] {dagbag.py:588} INFO - Filling up the DagBag from /opt/airflow/dags/ingest_avito_to_raw.py
[2026-06-26T12:28:12.644+0000] {processor.py:925} INFO - DAG(s) 'ingest_avito_to_raw' retrieved from /opt/airflow/dags/ingest_avito_to_raw.py
[2026-06-26T12:28:12.681+0000] {logging_mixin.py:190} INFO - [2026-06-26T12:28:12.681+0000] {dag.py:3239} INFO - Sync 1 DAGs
[2026-06-26T12:28:12.716+0000] {logging_mixin.py:190} INFO - [2026-06-26T12:28:12.716+0000] {dag.py:4180} INFO - Setting next_dagrun for ingest_avito_to_raw to 2026-06-26 11:00:00+00:00, run_after=2026-06-26 12:00:00+00:00
[2026-06-26T12:28:12.750+0000] {processor.py:208} INFO - Processing /opt/airflow/dags/ingest_avito_to_raw.py took 0.136 seconds
[2026-06-26T12:28:43.012+0000] {processor.py:186} INFO - Started process (PID=643) to work on /opt/airflow/dags/ingest_avito_to_raw.py
[2026-06-26T12:28:43.014+0000] {processor.py:914} INFO - Processing file /opt/airflow/dags/ingest_avito_to_raw.py for tasks to queue
[2026-06-26T12:28:43.017+0000] {logging_mixin.py:190} INFO - [2026-06-26T12:28:43.016+0000] {dagbag.py:588} INFO - Filling up the DagBag from /opt/airflow/dags/ingest_avito_to_raw.py
[2026-06-26T12:28:43.025+0000] {processor.py:925} INFO - DAG(s) 'ingest_avito_to_raw' retrieved from /opt/airflow/dags/ingest_avito_to_raw.py
[2026-06-26T12:28:43.078+0000] {logging_mixin.py:190} INFO - [2026-06-26T12:28:43.078+0000] {dag.py:3239} INFO - Sync 1 DAGs
[2026-06-26T12:28:43.109+0000] {logging_mixin.py:190} INFO - [2026-06-26T12:28:43.109+0000] {dag.py:4180} INFO - Setting next_dagrun for ingest_avito_to_raw to 2026-06-26 11:00:00+00:00, run_after=2026-06-26 12:00:00+00:00
[2026-06-26T12:28:43.139+0000] {processor.py:208} INFO - Processing /opt/airflow/dags/ingest_avito_to_raw.py took 0.139 seconds
[2026-06-26T12:29:13.224+0000] {processor.py:186} INFO - Started process (PID=653) to work on /opt/airflow/dags/ingest_avito_to_raw.py
[2026-06-26T12:29:13.227+0000] {processor.py:914} INFO - Processing file /opt/airflow/dags/ingest_avito_to_raw.py for tasks to queue
[2026-06-26T12:29:13.234+0000] {logging_mixin.py:190} INFO - [2026-06-26T12:29:13.233+0000] {dagbag.py:588} INFO - Filling up the DagBag from /opt/airflow/dags/ingest_avito_to_raw.py
[2026-06-26T12:29:13.254+0000] {processor.py:925} INFO - DAG(s) 'ingest_avito_to_raw' retrieved from /opt/airflow/dags/ingest_avito_to_raw.py
[2026-06-26T12:29:13.296+0000] {logging_mixin.py:190} INFO - [2026-06-26T12:29:13.296+0000] {dag.py:3239} INFO - Sync 1 DAGs
[2026-06-26T12:29:13.351+0000] {logging_mixin.py:190} INFO - [2026-06-26T12:29:13.350+0000] {dag.py:4180} INFO - Setting next_dagrun for ingest_avito_to_raw to 2026-06-26 11:00:00+00:00, run_after=2026-06-26 12:00:00+00:00
[2026-06-26T12:29:13.577+0000] {processor.py:208} INFO - Processing /opt/airflow/dags/ingest_avito_to_raw.py took 0.366 seconds
[2026-06-26T12:29:43.901+0000] {processor.py:186} INFO - Started process (PID=663) to work on /opt/airflow/dags/ingest_avito_to_raw.py
[2026-06-26T12:29:43.920+0000] {processor.py:914} INFO - Processing file /opt/airflow/dags/ingest_avito_to_raw.py for tasks to queue
[2026-06-26T12:29:43.925+0000] {logging_mixin.py:190} INFO - [2026-06-26T12:29:43.924+0000] {dagbag.py:588} INFO - Filling up the DagBag from /opt/airflow/dags/ingest_avito_to_raw.py
[2026-06-26T12:29:43.947+0000] {processor.py:925} INFO - DAG(s) 'ingest_avito_to_raw' retrieved from /opt/airflow/dags/ingest_avito_to_raw.py
[2026-06-26T12:29:43.991+0000] {logging_mixin.py:190} INFO - [2026-06-26T12:29:43.990+0000] {dag.py:3239} INFO - Sync 1 DAGs
[2026-06-26T12:29:44.033+0000] {logging_mixin.py:190} INFO - [2026-06-26T12:29:44.032+0000] {dag.py:4180} INFO - Setting next_dagrun for ingest_avito_to_raw to 2026-06-26 11:00:00+00:00, run_after=2026-06-26 12:00:00+00:00
[2026-06-26T12:29:44.063+0000] {processor.py:208} INFO - Processing /opt/airflow/dags/ingest_avito_to_raw.py took 0.195 seconds
[2026-06-26T12:30:14.118+0000] {processor.py:186} INFO - Started process (PID=673) to work on /opt/airflow/dags/ingest_avito_to_raw.py
[2026-06-26T12:30:14.120+0000] {processor.py:914} INFO - Processing file /opt/airflow/dags/ingest_avito_to_raw.py for tasks to queue
[2026-06-26T12:30:14.124+0000] {logging_mixin.py:190} INFO - [2026-06-26T12:30:14.123+0000] {dagbag.py:588} INFO - Filling up the DagBag from /opt/airflow/dags/ingest_avito_to_raw.py
[2026-06-26T12:30:14.141+0000] {processor.py:925} INFO - DAG(s) 'ingest_avito_to_raw' retrieved from /opt/airflow/dags/ingest_avito_to_raw.py
[2026-06-26T12:30:14.214+0000] {logging_mixin.py:190} INFO - [2026-06-26T12:30:14.181+0000] {dag.py:3239} INFO - Sync 1 DAGs
[2026-06-26T12:30:14.256+0000] {logging_mixin.py:190} INFO - [2026-06-26T12:30:14.255+0000] {dag.py:4180} INFO - Setting next_dagrun for ingest_avito_to_raw to 2026-06-26 11:00:00+00:00, run_after=2026-06-26 12:00:00+00:00
[2026-06-26T12:30:14.301+0000] {processor.py:208} INFO - Processing /opt/airflow/dags/ingest_avito_to_raw.py took 0.193 seconds
[2026-06-26T12:30:44.657+0000] {processor.py:186} INFO - Started process (PID=683) to work on /opt/airflow/dags/ingest_avito_to_raw.py
[2026-06-26T12:30:44.659+0000] {processor.py:914} INFO - Processing file /opt/airflow/dags/ingest_avito_to_raw.py for tasks to queue
[2026-06-26T12:30:44.663+0000] {logging_mixin.py:190} INFO - [2026-06-26T12:30:44.662+0000] {dagbag.py:588} INFO - Filling up the DagBag from /opt/airflow/dags/ingest_avito_to_raw.py
[2026-06-26T12:30:44.681+0000] {processor.py:925} INFO - DAG(s) 'ingest_avito_to_raw' retrieved from /opt/airflow/dags/ingest_avito_to_raw.py
[2026-06-26T12:30:44.755+0000] {logging_mixin.py:190} INFO - [2026-06-26T12:30:44.755+0000] {dag.py:3239} INFO - Sync 1 DAGs
[2026-06-26T12:30:44.853+0000] {logging_mixin.py:190} INFO - [2026-06-26T12:30:44.852+0000] {dag.py:4180} INFO - Setting next_dagrun for ingest_avito_to_raw to 2026-06-26 11:00:00+00:00, run_after=2026-06-26 12:00:00+00:00
[2026-06-26T12:30:44.966+0000] {processor.py:208} INFO - Processing /opt/airflow/dags/ingest_avito_to_raw.py took 0.317 seconds
[2026-06-26T12:31:15.362+0000] {processor.py:186} INFO - Started process (PID=693) to work on /opt/airflow/dags/ingest_avito_to_raw.py
[2026-06-26T12:31:15.364+0000] {processor.py:914} INFO - Processing file /opt/airflow/dags/ingest_avito_to_raw.py for tasks to queue
[2026-06-26T12:31:15.368+0000] {logging_mixin.py:190} INFO - [2026-06-26T12:31:15.367+0000] {dagbag.py:588} INFO - Filling up the DagBag from /opt/airflow/dags/ingest_avito_to_raw.py
[2026-06-26T12:31:15.421+0000] {processor.py:925} INFO - DAG(s) 'ingest_avito_to_raw' retrieved from /opt/airflow/dags/ingest_avito_to_raw.py
[2026-06-26T12:31:15.491+0000] {logging_mixin.py:190} INFO - [2026-06-26T12:31:15.490+0000] {dag.py:3239} INFO - Sync 1 DAGs
[2026-06-26T12:31:15.528+0000] {logging_mixin.py:190} INFO - [2026-06-26T12:31:15.528+0000] {dag.py:4180} INFO - Setting next_dagrun for ingest_avito_to_raw to 2026-06-26 11:00:00+00:00, run_after=2026-06-26 12:00:00+00:00
[2026-06-26T12:31:15.558+0000] {processor.py:208} INFO - Processing /opt/airflow/dags/ingest_avito_to_raw.py took 0.207 seconds
[2026-06-26T12:31:45.795+0000] {processor.py:186} INFO - Started process (PID=703) to work on /opt/airflow/dags/ingest_avito_to_raw.py
[2026-06-26T12:31:45.797+0000] {processor.py:914} INFO - Processing file /opt/airflow/dags/ingest_avito_to_raw.py for tasks to queue
[2026-06-26T12:31:45.804+0000] {logging_mixin.py:190} INFO - [2026-06-26T12:31:45.803+0000] {dagbag.py:588} INFO - Filling up the DagBag from /opt/airflow/dags/ingest_avito_to_raw.py
[2026-06-26T12:31:45.830+0000] {processor.py:925} INFO - DAG(s) 'ingest_avito_to_raw' retrieved from /opt/airflow/dags/ingest_avito_to_raw.py
[2026-06-26T12:31:45.888+0000] {logging_mixin.py:190} INFO - [2026-06-26T12:31:45.888+0000] {dag.py:3239} INFO - Sync 1 DAGs
[2026-06-26T12:31:45.937+0000] {logging_mixin.py:190} INFO - [2026-06-26T12:31:45.937+0000] {dag.py:4180} INFO - Setting next_dagrun for ingest_avito_to_raw to 2026-06-26 11:00:00+00:00, run_after=2026-06-26 12:00:00+00:00
[2026-06-26T12:31:45.975+0000] {processor.py:208} INFO - Processing /opt/airflow/dags/ingest_avito_to_raw.py took 0.228 seconds
[2026-06-26T12:32:16.149+0000] {processor.py:186} INFO - Started process (PID=713) to work on /opt/airflow/dags/ingest_avito_to_raw.py
[2026-06-26T12:32:16.152+0000] {processor.py:914} INFO - Processing file /opt/airflow/dags/ingest_avito_to_raw.py for tasks to queue
[2026-06-26T12:32:16.156+0000] {logging_mixin.py:190} INFO - [2026-06-26T12:32:16.155+0000] {dagbag.py:588} INFO - Filling up the DagBag from /opt/airflow/dags/ingest_avito_to_raw.py
[2026-06-26T12:32:16.177+0000] {processor.py:925} INFO - DAG(s) 'ingest_avito_to_raw' retrieved from /opt/airflow/dags/ingest_avito_to_raw.py
[2026-06-26T12:32:16.235+0000] {logging_mixin.py:190} INFO - [2026-06-26T12:32:16.234+0000] {dag.py:3239} INFO - Sync 1 DAGs
[2026-06-26T12:32:16.289+0000] {logging_mixin.py:190} INFO - [2026-06-26T12:32:16.289+0000] {dag.py:4180} INFO - Setting next_dagrun for ingest_avito_to_raw to 2026-06-26 11:00:00+00:00, run_after=2026-06-26 12:00:00+00:00
[2026-06-26T12:32:16.331+0000] {processor.py:208} INFO - Processing /opt/airflow/dags/ingest_avito_to_raw.py took 0.200 seconds
[2026-06-26T12:32:46.764+0000] {processor.py:186} INFO - Started process (PID=723) to work on /opt/airflow/dags/ingest_avito_to_raw.py
[2026-06-26T12:32:46.766+0000] {processor.py:914} INFO - Processing file /opt/airflow/dags/ingest_avito_to_raw.py for tasks to queue
[2026-06-26T12:32:46.770+0000] {logging_mixin.py:190} INFO - [2026-06-26T12:32:46.769+0000] {dagbag.py:588} INFO - Filling up the DagBag from /opt/airflow/dags/ingest_avito_to_raw.py
[2026-06-26T12:32:46.793+0000] {processor.py:925} INFO - DAG(s) 'ingest_avito_to_raw' retrieved from /opt/airflow/dags/ingest_avito_to_raw.py
[2026-06-26T12:32:46.849+0000] {logging_mixin.py:190} INFO - [2026-06-26T12:32:46.848+0000] {dag.py:3239} INFO - Sync 1 DAGs
[2026-06-26T12:32:46.900+0000] {logging_mixin.py:190} INFO - [2026-06-26T12:32:46.899+0000] {dag.py:4180} INFO - Setting next_dagrun for ingest_avito_to_raw to 2026-06-26 11:00:00+00:00, run_after=2026-06-26 12:00:00+00:00
[2026-06-26T12:32:46.939+0000] {processor.py:208} INFO - Processing /opt/airflow/dags/ingest_avito_to_raw.py took 0.186 seconds
[2026-06-26T12:33:17.149+0000] {processor.py:186} INFO - Started process (PID=733) to work on /opt/airflow/dags/ingest_avito_to_raw.py
[2026-06-26T12:33:17.151+0000] {processor.py:914} INFO - Processing file /opt/airflow/dags/ingest_avito_to_raw.py for tasks to queue
[2026-06-26T12:33:17.157+0000] {logging_mixin.py:190} INFO - [2026-06-26T12:33:17.156+0000] {dagbag.py:588} INFO - Filling up the DagBag from /opt/airflow/dags/ingest_avito_to_raw.py
[2026-06-26T12:33:17.181+0000] {processor.py:925} INFO - DAG(s) 'ingest_avito_to_raw' retrieved from /opt/airflow/dags/ingest_avito_to_raw.py
[2026-06-26T12:33:17.245+0000] {logging_mixin.py:190} INFO - [2026-06-26T12:33:17.244+0000] {dag.py:3239} INFO - Sync 1 DAGs
[2026-06-26T12:33:17.311+0000] {logging_mixin.py:190} INFO - [2026-06-26T12:33:17.311+0000] {dag.py:4180} INFO - Setting next_dagrun for ingest_avito_to_raw to 2026-06-26 11:00:00+00:00, run_after=2026-06-26 12:00:00+00:00
[2026-06-26T12:33:17.350+0000] {processor.py:208} INFO - Processing /opt/airflow/dags/ingest_avito_to_raw.py took 0.215 seconds
[2026-06-26T12:33:47.450+0000] {processor.py:186} INFO - Started process (PID=743) to work on /opt/airflow/dags/ingest_avito_to_raw.py
[2026-06-26T12:33:47.451+0000] {processor.py:914} INFO - Processing file /opt/airflow/dags/ingest_avito_to_raw.py for tasks to queue
[2026-06-26T12:33:47.456+0000] {logging_mixin.py:190} INFO - [2026-06-26T12:33:47.455+0000] {dagbag.py:588} INFO - Filling up the DagBag from /opt/airflow/dags/ingest_avito_to_raw.py
[2026-06-26T12:33:47.473+0000] {processor.py:925} INFO - DAG(s) 'ingest_avito_to_raw' retrieved from /opt/airflow/dags/ingest_avito_to_raw.py
[2026-06-26T12:33:47.522+0000] {logging_mixin.py:190} INFO - [2026-06-26T12:33:47.522+0000] {dag.py:3239} INFO - Sync 1 DAGs
[2026-06-26T12:33:47.567+0000] {logging_mixin.py:190} INFO - [2026-06-26T12:33:47.567+0000] {dag.py:4180} INFO - Setting next_dagrun for ingest_avito_to_raw to 2026-06-26 11:00:00+00:00, run_after=2026-06-26 12:00:00+00:00
[2026-06-26T12:33:47.636+0000] {processor.py:208} INFO - Processing /opt/airflow/dags/ingest_avito_to_raw.py took 0.197 seconds
[2026-06-26T12:34:17.809+0000] {processor.py:186} INFO - Started process (PID=753) to work on /opt/airflow/dags/ingest_avito_to_raw.py
[2026-06-26T12:34:17.811+0000] {processor.py:914} INFO - Processing file /opt/airflow/dags/ingest_avito_to_raw.py for tasks to queue
[2026-06-26T12:34:17.816+0000] {logging_mixin.py:190} INFO - [2026-06-26T12:34:17.815+0000] {dagbag.py:588} INFO - Filling up the DagBag from /opt/airflow/dags/ingest_avito_to_raw.py
[2026-06-26T12:34:17.836+0000] {processor.py:925} INFO - DAG(s) 'ingest_avito_to_raw' retrieved from /opt/airflow/dags/ingest_avito_to_raw.py
[2026-06-26T12:34:17.907+0000] {logging_mixin.py:190} INFO - [2026-06-26T12:34:17.906+0000] {dag.py:3239} INFO - Sync 1 DAGs
[2026-06-26T12:34:17.958+0000] {logging_mixin.py:190} INFO - [2026-06-26T12:34:17.958+0000] {dag.py:4180} INFO - Setting next_dagrun for ingest_avito_to_raw to 2026-06-26 11:00:00+00:00, run_after=2026-06-26 12:00:00+00:00
[2026-06-26T12:34:17.995+0000] {processor.py:208} INFO - Processing /opt/airflow/dags/ingest_avito_to_raw.py took 0.198 seconds
[2026-06-26T12:40:59.670+0000] {processor.py:186} INFO - Started process (PID=763) to work on /opt/airflow/dags/ingest_avito_to_raw.py
[2026-06-26T12:40:59.676+0000] {processor.py:914} INFO - Processing file /opt/airflow/dags/ingest_avito_to_raw.py for tasks to queue
[2026-06-26T12:40:59.680+0000] {logging_mixin.py:190} INFO - [2026-06-26T12:40:59.680+0000] {dagbag.py:588} INFO - Filling up the DagBag from /opt/airflow/dags/ingest_avito_to_raw.py
[2026-06-26T12:40:59.708+0000] {processor.py:925} INFO - DAG(s) 'ingest_avito_to_raw' retrieved from /opt/airflow/dags/ingest_avito_to_raw.py
[2026-06-26T12:40:59.749+0000] {logging_mixin.py:190} INFO - [2026-06-26T12:40:59.748+0000] {dag.py:3239} INFO - Sync 1 DAGs
[2026-06-26T12:40:59.772+0000] {logging_mixin.py:190} INFO - [2026-06-26T12:40:59.771+0000] {dag.py:4180} INFO - Setting next_dagrun for ingest_avito_to_raw to 2026-06-26 11:00:00+00:00, run_after=2026-06-26 12:00:00+00:00
[2026-06-26T12:40:59.786+0000] {processor.py:208} INFO - Processing /opt/airflow/dags/ingest_avito_to_raw.py took 0.120 seconds
[2026-06-26T12:41:30.110+0000] {processor.py:186} INFO - Started process (PID=773) to work on /opt/airflow/dags/ingest_avito_to_raw.py
[2026-06-26T12:41:30.111+0000] {processor.py:914} INFO - Processing file /opt/airflow/dags/ingest_avito_to_raw.py for tasks to queue
[2026-06-26T12:41:30.112+0000] {logging_mixin.py:190} INFO - [2026-06-26T12:41:30.112+0000] {dagbag.py:588} INFO - Filling up the DagBag from /opt/airflow/dags/ingest_avito_to_raw.py
[2026-06-26T12:41:30.121+0000] {processor.py:925} INFO - DAG(s) 'ingest_avito_to_raw' retrieved from /opt/airflow/dags/ingest_avito_to_raw.py
[2026-06-26T12:41:30.137+0000] {logging_mixin.py:190} INFO - [2026-06-26T12:41:30.137+0000] {dag.py:3239} INFO - Sync 1 DAGs
[2026-06-26T12:41:30.148+0000] {logging_mixin.py:190} INFO - [2026-06-26T12:41:30.148+0000] {dag.py:4180} INFO - Setting next_dagrun for ingest_avito_to_raw to 2026-06-26 11:00:00+00:00, run_after=2026-06-26 12:00:00+00:00
[2026-06-26T12:41:30.158+0000] {processor.py:208} INFO - Processing /opt/airflow/dags/ingest_avito_to_raw.py took 0.053 seconds
[2026-06-26T12:47:54.787+0000] {processor.py:186} INFO - Started process (PID=783) to work on /opt/airflow/dags/ingest_avito_to_raw.py
[2026-06-26T12:47:54.788+0000] {processor.py:914} INFO - Processing file /opt/airflow/dags/ingest_avito_to_raw.py for tasks to queue
[2026-06-26T12:47:54.789+0000] {logging_mixin.py:190} INFO - [2026-06-26T12:47:54.789+0000] {dagbag.py:588} INFO - Filling up the DagBag from /opt/airflow/dags/ingest_avito_to_raw.py
[2026-06-26T12:47:54.796+0000] {processor.py:925} INFO - DAG(s) 'ingest_avito_to_raw' retrieved from /opt/airflow/dags/ingest_avito_to_raw.py
[2026-06-26T12:47:54.811+0000] {logging_mixin.py:190} INFO - [2026-06-26T12:47:54.811+0000] {dag.py:3239} INFO - Sync 1 DAGs
[2026-06-26T12:47:54.824+0000] {logging_mixin.py:190} INFO - [2026-06-26T12:47:54.823+0000] {dag.py:4180} INFO - Setting next_dagrun for ingest_avito_to_raw to 2026-06-26 11:00:00+00:00, run_after=2026-06-26 12:00:00+00:00
[2026-06-26T12:47:54.833+0000] {processor.py:208} INFO - Processing /opt/airflow/dags/ingest_avito_to_raw.py took 0.052 seconds
[2026-06-26T12:48:25.149+0000] {processor.py:186} INFO - Started process (PID=793) to work on /opt/airflow/dags/ingest_avito_to_raw.py
[2026-06-26T12:48:25.150+0000] {processor.py:914} INFO - Processing file /opt/airflow/dags/ingest_avito_to_raw.py for tasks to queue
[2026-06-26T12:48:25.153+0000] {logging_mixin.py:190} INFO - [2026-06-26T12:48:25.153+0000] {dagbag.py:588} INFO - Filling up the DagBag from /opt/airflow/dags/ingest_avito_to_raw.py
[2026-06-26T12:48:25.160+0000] {processor.py:925} INFO - DAG(s) 'ingest_avito_to_raw' retrieved from /opt/airflow/dags/ingest_avito_to_raw.py
[2026-06-26T12:48:25.177+0000] {logging_mixin.py:190} INFO - [2026-06-26T12:48:25.177+0000] {dag.py:3239} INFO - Sync 1 DAGs
[2026-06-26T12:48:25.189+0000] {logging_mixin.py:190} INFO - [2026-06-26T12:48:25.189+0000] {dag.py:4180} INFO - Setting next_dagrun for ingest_avito_to_raw to 2026-06-26 11:00:00+00:00, run_after=2026-06-26 12:00:00+00:00
[2026-06-26T12:48:25.199+0000] {processor.py:208} INFO - Processing /opt/airflow/dags/ingest_avito_to_raw.py took 0.054 seconds
[2026-06-26T12:48:55.515+0000] {processor.py:186} INFO - Started process (PID=803) to work on /opt/airflow/dags/ingest_avito_to_raw.py
[2026-06-26T12:48:55.516+0000] {processor.py:914} INFO - Processing file /opt/airflow/dags/ingest_avito_to_raw.py for tasks to queue
[2026-06-26T12:48:55.517+0000] {logging_mixin.py:190} INFO - [2026-06-26T12:48:55.517+0000] {dagbag.py:588} INFO - Filling up the DagBag from /opt/airflow/dags/ingest_avito_to_raw.py
[2026-06-26T12:48:55.523+0000] {processor.py:925} INFO - DAG(s) 'ingest_avito_to_raw' retrieved from /opt/airflow/dags/ingest_avito_to_raw.py
[2026-06-26T12:48:55.539+0000] {logging_mixin.py:190} INFO - [2026-06-26T12:48:55.539+0000] {dag.py:3239} INFO - Sync 1 DAGs
[2026-06-26T12:48:55.551+0000] {logging_mixin.py:190} INFO - [2026-06-26T12:48:55.551+0000] {dag.py:4180} INFO - Setting next_dagrun for ingest_avito_to_raw to 2026-06-26 11:00:00+00:00, run_after=2026-06-26 12:00:00+00:00
[2026-06-26T12:48:55.561+0000] {processor.py:208} INFO - Processing /opt/airflow/dags/ingest_avito_to_raw.py took 0.051 seconds
[2026-06-26T12:49:25.909+0000] {processor.py:186} INFO - Started process (PID=813) to work on /opt/airflow/dags/ingest_avito_to_raw.py
[2026-06-26T12:49:25.910+0000] {processor.py:914} INFO - Processing file /opt/airflow/dags/ingest_avito_to_raw.py for tasks to queue
[2026-06-26T12:49:25.912+0000] {logging_mixin.py:190} INFO - [2026-06-26T12:49:25.911+0000] {dagbag.py:588} INFO - Filling up the DagBag from /opt/airflow/dags/ingest_avito_to_raw.py
[2026-06-26T12:49:25.918+0000] {processor.py:925} INFO - DAG(s) 'ingest_avito_to_raw' retrieved from /opt/airflow/dags/ingest_avito_to_raw.py
[2026-06-26T12:49:25.933+0000] {logging_mixin.py:190} INFO - [2026-06-26T12:49:25.933+0000] {dag.py:3239} INFO - Sync 1 DAGs
[2026-06-26T12:49:25.943+0000] {logging_mixin.py:190} INFO - [2026-06-26T12:49:25.943+0000] {dag.py:4180} INFO - Setting next_dagrun for ingest_avito_to_raw to 2026-06-26 11:00:00+00:00, run_after=2026-06-26 12:00:00+00:00
[2026-06-26T12:49:25.956+0000] {processor.py:208} INFO - Processing /opt/airflow/dags/ingest_avito_to_raw.py took 0.051 seconds
[2026-06-26T12:49:56.327+0000] {processor.py:186} INFO - Started process (PID=823) to work on /opt/airflow/dags/ingest_avito_to_raw.py
[2026-06-26T12:49:56.328+0000] {processor.py:914} INFO - Processing file /opt/airflow/dags/ingest_avito_to_raw.py for tasks to queue
[2026-06-26T12:49:56.329+0000] {logging_mixin.py:190} INFO - [2026-06-26T12:49:56.329+0000] {dagbag.py:588} INFO - Filling up the DagBag from /opt/airflow/dags/ingest_avito_to_raw.py
[2026-06-26T12:49:56.337+0000] {processor.py:925} INFO - DAG(s) 'ingest_avito_to_raw' retrieved from /opt/airflow/dags/ingest_avito_to_raw.py
[2026-06-26T12:49:56.351+0000] {logging_mixin.py:190} INFO - [2026-06-26T12:49:56.351+0000] {dag.py:3239} INFO - Sync 1 DAGs
[2026-06-26T12:49:56.364+0000] {logging_mixin.py:190} INFO - [2026-06-26T12:49:56.364+0000] {dag.py:4180} INFO - Setting next_dagrun for ingest_avito_to_raw to 2026-06-26 11:00:00+00:00, run_after=2026-06-26 12:00:00+00:00
[2026-06-26T12:49:56.374+0000] {processor.py:208} INFO - Processing /opt/airflow/dags/ingest_avito_to_raw.py took 0.052 seconds
[2026-06-26T12:50:26.673+0000] {processor.py:186} INFO - Started process (PID=833) to work on /opt/airflow/dags/ingest_avito_to_raw.py
[2026-06-26T12:50:26.674+0000] {processor.py:914} INFO - Processing file /opt/airflow/dags/ingest_avito_to_raw.py for tasks to queue
[2026-06-26T12:50:26.676+0000] {logging_mixin.py:190} INFO - [2026-06-26T12:50:26.676+0000] {dagbag.py:588} INFO - Filling up the DagBag from /opt/airflow/dags/ingest_avito_to_raw.py
[2026-06-26T12:50:26.683+0000] {processor.py:925} INFO - DAG(s) 'ingest_avito_to_raw' retrieved from /opt/airflow/dags/ingest_avito_to_raw.py
[2026-06-26T12:50:26.697+0000] {logging_mixin.py:190} INFO - [2026-06-26T12:50:26.697+0000] {dag.py:3239} INFO - Sync 1 DAGs
[2026-06-26T12:50:26.708+0000] {logging_mixin.py:190} INFO - [2026-06-26T12:50:26.708+0000] {dag.py:4180} INFO - Setting next_dagrun for ingest_avito_to_raw to 2026-06-26 11:00:00+00:00, run_after=2026-06-26 12:00:00+00:00
[2026-06-26T12:50:26.718+0000] {processor.py:208} INFO - Processing /opt/airflow/dags/ingest_avito_to_raw.py took 0.048 seconds
[2026-06-26T12:50:57.011+0000] {processor.py:186} INFO - Started process (PID=843) to work on /opt/airflow/dags/ingest_avito_to_raw.py
[2026-06-26T12:50:57.013+0000] {processor.py:914} INFO - Processing file /opt/airflow/dags/ingest_avito_to_raw.py for tasks to queue
[2026-06-26T12:50:57.015+0000] {logging_mixin.py:190} INFO - [2026-06-26T12:50:57.014+0000] {dagbag.py:588} INFO - Filling up the DagBag from /opt/airflow/dags/ingest_avito_to_raw.py
[2026-06-26T12:50:57.024+0000] {processor.py:925} INFO - DAG(s) 'ingest_avito_to_raw' retrieved from /opt/airflow/dags/ingest_avito_to_raw.py
[2026-06-26T12:50:57.039+0000] {logging_mixin.py:190} INFO - [2026-06-26T12:50:57.039+0000] {dag.py:3239} INFO - Sync 1 DAGs
[2026-06-26T12:50:57.049+0000] {logging_mixin.py:190} INFO - [2026-06-26T12:50:57.049+0000] {dag.py:4180} INFO - Setting next_dagrun for ingest_avito_to_raw to 2026-06-26 11:00:00+00:00, run_after=2026-06-26 12:00:00+00:00
[2026-06-26T12:50:57.059+0000] {processor.py:208} INFO - Processing /opt/airflow/dags/ingest_avito_to_raw.py took 0.054 seconds
[2026-06-26T12:51:27.324+0000] {processor.py:186} INFO - Started process (PID=853) to work on /opt/airflow/dags/ingest_avito_to_raw.py
[2026-06-26T12:51:27.325+0000] {processor.py:914} INFO - Processing file /opt/airflow/dags/ingest_avito_to_raw.py for tasks to queue
[2026-06-26T12:51:27.327+0000] {logging_mixin.py:190} INFO - [2026-06-26T12:51:27.326+0000] {dagbag.py:588} INFO - Filling up the DagBag from /opt/airflow/dags/ingest_avito_to_raw.py
[2026-06-26T12:51:27.333+0000] {processor.py:925} INFO - DAG(s) 'ingest_avito_to_raw' retrieved from /opt/airflow/dags/ingest_avito_to_raw.py
[2026-06-26T12:51:27.347+0000] {logging_mixin.py:190} INFO - [2026-06-26T12:51:27.347+0000] {dag.py:3239} INFO - Sync 1 DAGs
[2026-06-26T12:51:27.358+0000] {logging_mixin.py:190} INFO - [2026-06-26T12:51:27.358+0000] {dag.py:4180} INFO - Setting next_dagrun for ingest_avito_to_raw to 2026-06-26 11:00:00+00:00, run_after=2026-06-26 12:00:00+00:00
[2026-06-26T12:51:27.368+0000] {processor.py:208} INFO - Processing /opt/airflow/dags/ingest_avito_to_raw.py took 0.049 seconds
[2026-06-26T12:51:57.703+0000] {processor.py:186} INFO - Started process (PID=863) to work on /opt/airflow/dags/ingest_avito_to_raw.py
[2026-06-26T12:51:57.704+0000] {processor.py:914} INFO - Processing file /opt/airflow/dags/ingest_avito_to_raw.py for tasks to queue
[2026-06-26T12:51:57.706+0000] {logging_mixin.py:190} INFO - [2026-06-26T12:51:57.706+0000] {dagbag.py:588} INFO - Filling up the DagBag from /opt/airflow/dags/ingest_avito_to_raw.py
[2026-06-26T12:51:57.713+0000] {processor.py:925} INFO - DAG(s) 'ingest_avito_to_raw' retrieved from /opt/airflow/dags/ingest_avito_to_raw.py
[2026-06-26T12:51:57.727+0000] {logging_mixin.py:190} INFO - [2026-06-26T12:51:57.727+0000] {dag.py:3239} INFO - Sync 1 DAGs
[2026-06-26T12:51:57.737+0000] {logging_mixin.py:190} INFO - [2026-06-26T12:51:57.737+0000] {dag.py:4180} INFO - Setting next_dagrun for ingest_avito_to_raw to 2026-06-26 11:00:00+00:00, run_after=2026-06-26 12:00:00+00:00
[2026-06-26T12:51:57.745+0000] {processor.py:208} INFO - Processing /opt/airflow/dags/ingest_avito_to_raw.py took 0.047 seconds
[2026-06-26T12:52:28.073+0000] {processor.py:186} INFO - Started process (PID=873) to work on /opt/airflow/dags/ingest_avito_to_raw.py
[2026-06-26T12:52:28.073+0000] {processor.py:914} INFO - Processing file /opt/airflow/dags/ingest_avito_to_raw.py for tasks to queue
[2026-06-26T12:52:28.075+0000] {logging_mixin.py:190} INFO - [2026-06-26T12:52:28.075+0000] {dagbag.py:588} INFO - Filling up the DagBag from /opt/airflow/dags/ingest_avito_to_raw.py
[2026-06-26T12:52:28.084+0000] {processor.py:925} INFO - DAG(s) 'ingest_avito_to_raw' retrieved from /opt/airflow/dags/ingest_avito_to_raw.py
[2026-06-26T12:52:28.100+0000] {logging_mixin.py:190} INFO - [2026-06-26T12:52:28.100+0000] {dag.py:3239} INFO - Sync 1 DAGs
[2026-06-26T12:52:28.111+0000] {logging_mixin.py:190} INFO - [2026-06-26T12:52:28.111+0000] {dag.py:4180} INFO - Setting next_dagrun for ingest_avito_to_raw to 2026-06-26 11:00:00+00:00, run_after=2026-06-26 12:00:00+00:00
[2026-06-26T12:52:28.120+0000] {processor.py:208} INFO - Processing /opt/airflow/dags/ingest_avito_to_raw.py took 0.053 seconds
[2026-06-26T12:52:58.491+0000] {processor.py:186} INFO - Started process (PID=883) to work on /opt/airflow/dags/ingest_avito_to_raw.py
[2026-06-26T12:52:58.491+0000] {processor.py:914} INFO - Processing file /opt/airflow/dags/ingest_avito_to_raw.py for tasks to queue
[2026-06-26T12:52:58.493+0000] {logging_mixin.py:190} INFO - [2026-06-26T12:52:58.493+0000] {dagbag.py:588} INFO - Filling up the DagBag from /opt/airflow/dags/ingest_avito_to_raw.py
[2026-06-26T12:52:58.501+0000] {processor.py:925} INFO - DAG(s) 'ingest_avito_to_raw' retrieved from /opt/airflow/dags/ingest_avito_to_raw.py
[2026-06-26T12:52:58.520+0000] {logging_mixin.py:190} INFO - [2026-06-26T12:52:58.520+0000] {dag.py:3239} INFO - Sync 1 DAGs
[2026-06-26T12:52:58.533+0000] {logging_mixin.py:190} INFO - [2026-06-26T12:52:58.532+0000] {dag.py:4180} INFO - Setting next_dagrun for ingest_avito_to_raw to 2026-06-26 11:00:00+00:00, run_after=2026-06-26 12:00:00+00:00
[2026-06-26T12:52:58.541+0000] {processor.py:208} INFO - Processing /opt/airflow/dags/ingest_avito_to_raw.py took 0.055 seconds
[2026-06-26T12:53:28.846+0000] {processor.py:186} INFO - Started process (PID=893) to work on /opt/airflow/dags/ingest_avito_to_raw.py
[2026-06-26T12:53:28.847+0000] {processor.py:914} INFO - Processing file /opt/airflow/dags/ingest_avito_to_raw.py for tasks to queue
[2026-06-26T12:53:28.848+0000] {logging_mixin.py:190} INFO - [2026-06-26T12:53:28.848+0000] {dagbag.py:588} INFO - Filling up the DagBag from /opt/airflow/dags/ingest_avito_to_raw.py
[2026-06-26T12:53:28.855+0000] {processor.py:925} INFO - DAG(s) 'ingest_avito_to_raw' retrieved from /opt/airflow/dags/ingest_avito_to_raw.py
[2026-06-26T12:53:28.871+0000] {logging_mixin.py:190} INFO - [2026-06-26T12:53:28.870+0000] {dag.py:3239} INFO - Sync 1 DAGs
[2026-06-26T12:53:28.881+0000] {logging_mixin.py:190} INFO - [2026-06-26T12:53:28.881+0000] {dag.py:4180} INFO - Setting next_dagrun for ingest_avito_to_raw to 2026-06-26 11:00:00+00:00, run_after=2026-06-26 12:00:00+00:00
[2026-06-26T12:53:28.891+0000] {processor.py:208} INFO - Processing /opt/airflow/dags/ingest_avito_to_raw.py took 0.049 seconds
[2026-06-26T12:53:59.203+0000] {processor.py:186} INFO - Started process (PID=903) to work on /opt/airflow/dags/ingest_avito_to_raw.py
[2026-06-26T12:53:59.204+0000] {processor.py:914} INFO - Processing file /opt/airflow/dags/ingest_avito_to_raw.py for tasks to queue
[2026-06-26T12:53:59.206+0000] {logging_mixin.py:190} INFO - [2026-06-26T12:53:59.206+0000] {dagbag.py:588} INFO - Filling up the DagBag from /opt/airflow/dags/ingest_avito_to_raw.py
[2026-06-26T12:53:59.213+0000] {processor.py:925} INFO - DAG(s) 'ingest_avito_to_raw' retrieved from /opt/airflow/dags/ingest_avito_to_raw.py
[2026-06-26T12:53:59.231+0000] {logging_mixin.py:190} INFO - [2026-06-26T12:53:59.231+0000] {dag.py:3239} INFO - Sync 1 DAGs
[2026-06-26T12:53:59.246+0000] {logging_mixin.py:190} INFO - [2026-06-26T12:53:59.246+0000] {dag.py:4180} INFO - Setting next_dagrun for ingest_avito_to_raw to 2026-06-26 11:00:00+00:00, run_after=2026-06-26 12:00:00+00:00
[2026-06-26T12:53:59.258+0000] {processor.py:208} INFO - Processing /opt/airflow/dags/ingest_avito_to_raw.py took 0.059 seconds
[2026-06-26T12:54:29.588+0000] {processor.py:186} INFO - Started process (PID=913) to work on /opt/airflow/dags/ingest_avito_to_raw.py
[2026-06-26T12:54:29.589+0000] {processor.py:914} INFO - Processing file /opt/airflow/dags/ingest_avito_to_raw.py for tasks to queue
[2026-06-26T12:54:29.591+0000] {logging_mixin.py:190} INFO - [2026-06-26T12:54:29.591+0000] {dagbag.py:588} INFO - Filling up the DagBag from /opt/airflow/dags/ingest_avito_to_raw.py
[2026-06-26T12:54:29.599+0000] {processor.py:925} INFO - DAG(s) 'ingest_avito_to_raw' retrieved from /opt/airflow/dags/ingest_avito_to_raw.py
[2026-06-26T12:54:29.615+0000] {logging_mixin.py:190} INFO - [2026-06-26T12:54:29.615+0000] {dag.py:3239} INFO - Sync 1 DAGs
[2026-06-26T12:54:29.627+0000] {logging_mixin.py:190} INFO - [2026-06-26T12:54:29.626+0000] {dag.py:4180} INFO - Setting next_dagrun for ingest_avito_to_raw to 2026-06-26 11:00:00+00:00, run_after=2026-06-26 12:00:00+00:00
[2026-06-26T12:54:29.637+0000] {processor.py:208} INFO - Processing /opt/airflow/dags/ingest_avito_to_raw.py took 0.054 seconds
[2026-06-26T12:54:59.866+0000] {processor.py:186} INFO - Started process (PID=923) to work on /opt/airflow/dags/ingest_avito_to_raw.py
[2026-06-26T12:54:59.867+0000] {processor.py:914} INFO - Processing file /opt/airflow/dags/ingest_avito_to_raw.py for tasks to queue
[2026-06-26T12:54:59.869+0000] {logging_mixin.py:190} INFO - [2026-06-26T12:54:59.869+0000] {dagbag.py:588} INFO - Filling up the DagBag from /opt/airflow/dags/ingest_avito_to_raw.py
[2026-06-26T12:54:59.876+0000] {processor.py:925} INFO - DAG(s) 'ingest_avito_to_raw' retrieved from /opt/airflow/dags/ingest_avito_to_raw.py
[2026-06-26T12:54:59.892+0000] {logging_mixin.py:190} INFO - [2026-06-26T12:54:59.892+0000] {dag.py:3239} INFO - Sync 1 DAGs
[2026-06-26T12:54:59.903+0000] {logging_mixin.py:190} INFO - [2026-06-26T12:54:59.903+0000] {dag.py:4180} INFO - Setting next_dagrun for ingest_avito_to_raw to 2026-06-26 11:00:00+00:00, run_after=2026-06-26 12:00:00+00:00
[2026-06-26T12:54:59.917+0000] {processor.py:208} INFO - Processing /opt/airflow/dags/ingest_avito_to_raw.py took 0.056 seconds
[2026-06-26T12:55:30.317+0000] {processor.py:186} INFO - Started process (PID=933) to work on /opt/airflow/dags/ingest_avito_to_raw.py
[2026-06-26T12:55:30.318+0000] {processor.py:914} INFO - Processing file /opt/airflow/dags/ingest_avito_to_raw.py for tasks to queue
[2026-06-26T12:55:30.319+0000] {logging_mixin.py:190} INFO - [2026-06-26T12:55:30.319+0000] {dagbag.py:588} INFO - Filling up the DagBag from /opt/airflow/dags/ingest_avito_to_raw.py
[2026-06-26T12:55:30.327+0000] {processor.py:925} INFO - DAG(s) 'ingest_avito_to_raw' retrieved from /opt/airflow/dags/ingest_avito_to_raw.py
[2026-06-26T12:55:30.342+0000] {logging_mixin.py:190} INFO - [2026-06-26T12:55:30.342+0000] {dag.py:3239} INFO - Sync 1 DAGs
[2026-06-26T12:55:30.355+0000] {logging_mixin.py:190} INFO - [2026-06-26T12:55:30.355+0000] {dag.py:4180} INFO - Setting next_dagrun for ingest_avito_to_raw to 2026-06-26 11:00:00+00:00, run_after=2026-06-26 12:00:00+00:00
[2026-06-26T12:55:30.366+0000] {processor.py:208} INFO - Processing /opt/airflow/dags/ingest_avito_to_raw.py took 0.052 seconds
[2026-06-26T12:56:00.661+0000] {processor.py:186} INFO - Started process (PID=943) to work on /opt/airflow/dags/ingest_avito_to_raw.py
[2026-06-26T12:56:00.662+0000] {processor.py:914} INFO - Processing file /opt/airflow/dags/ingest_avito_to_raw.py for tasks to queue
[2026-06-26T12:56:00.663+0000] {logging_mixin.py:190} INFO - [2026-06-26T12:56:00.663+0000] {dagbag.py:588} INFO - Filling up the DagBag from /opt/airflow/dags/ingest_avito_to_raw.py
[2026-06-26T12:56:00.670+0000] {processor.py:925} INFO - DAG(s) 'ingest_avito_to_raw' retrieved from /opt/airflow/dags/ingest_avito_to_raw.py
[2026-06-26T12:56:00.685+0000] {logging_mixin.py:190} INFO - [2026-06-26T12:56:00.685+0000] {dag.py:3239} INFO - Sync 1 DAGs
[2026-06-26T12:56:00.695+0000] {logging_mixin.py:190} INFO - [2026-06-26T12:56:00.695+0000] {dag.py:4180} INFO - Setting next_dagrun for ingest_avito_to_raw to 2026-06-26 11:00:00+00:00, run_after=2026-06-26 12:00:00+00:00
[2026-06-26T12:56:00.704+0000] {processor.py:208} INFO - Processing /opt/airflow/dags/ingest_avito_to_raw.py took 0.047 seconds
[2026-06-26T12:56:31.010+0000] {processor.py:186} INFO - Started process (PID=953) to work on /opt/airflow/dags/ingest_avito_to_raw.py
[2026-06-26T12:56:31.011+0000] {processor.py:914} INFO - Processing file /opt/airflow/dags/ingest_avito_to_raw.py for tasks to queue
[2026-06-26T12:56:31.013+0000] {logging_mixin.py:190} INFO - [2026-06-26T12:56:31.012+0000] {dagbag.py:588} INFO - Filling up the DagBag from /opt/airflow/dags/ingest_avito_to_raw.py
[2026-06-26T12:56:31.019+0000] {processor.py:925} INFO - DAG(s) 'ingest_avito_to_raw' retrieved from /opt/airflow/dags/ingest_avito_to_raw.py
[2026-06-26T12:56:31.035+0000] {logging_mixin.py:190} INFO - [2026-06-26T12:56:31.034+0000] {dag.py:3239} INFO - Sync 1 DAGs
[2026-06-26T12:56:31.046+0000] {logging_mixin.py:190} INFO - [2026-06-26T12:56:31.046+0000] {dag.py:4180} INFO - Setting next_dagrun for ingest_avito_to_raw to 2026-06-26 11:00:00+00:00, run_after=2026-06-26 12:00:00+00:00
[2026-06-26T12:56:31.056+0000] {processor.py:208} INFO - Processing /opt/airflow/dags/ingest_avito_to_raw.py took 0.051 seconds
[2026-06-26T12:57:01.349+0000] {processor.py:186} INFO - Started process (PID=963) to work on /opt/airflow/dags/ingest_avito_to_raw.py
[2026-06-26T12:57:01.350+0000] {processor.py:914} INFO - Processing file /opt/airflow/dags/ingest_avito_to_raw.py for tasks to queue
[2026-06-26T12:57:01.352+0000] {logging_mixin.py:190} INFO - [2026-06-26T12:57:01.352+0000] {dagbag.py:588} INFO - Filling up the DagBag from /opt/airflow/dags/ingest_avito_to_raw.py
[2026-06-26T12:57:01.359+0000] {processor.py:925} INFO - DAG(s) 'ingest_avito_to_raw' retrieved from /opt/airflow/dags/ingest_avito_to_raw.py
[2026-06-26T12:57:01.375+0000] {logging_mixin.py:190} INFO - [2026-06-26T12:57:01.375+0000] {dag.py:3239} INFO - Sync 1 DAGs
[2026-06-26T12:57:01.386+0000] {logging_mixin.py:190} INFO - [2026-06-26T12:57:01.386+0000] {dag.py:4180} INFO - Setting next_dagrun for ingest_avito_to_raw to 2026-06-26 11:00:00+00:00, run_after=2026-06-26 12:00:00+00:00
[2026-06-26T12:57:01.395+0000] {processor.py:208} INFO - Processing /opt/airflow/dags/ingest_avito_to_raw.py took 0.050 seconds
[2026-06-26T12:57:31.746+0000] {processor.py:186} INFO - Started process (PID=973) to work on /opt/airflow/dags/ingest_avito_to_raw.py
[2026-06-26T12:57:31.748+0000] {processor.py:914} INFO - Processing file /opt/airflow/dags/ingest_avito_to_raw.py for tasks to queue
[2026-06-26T12:57:31.749+0000] {logging_mixin.py:190} INFO - [2026-06-26T12:57:31.749+0000] {dagbag.py:588} INFO - Filling up the DagBag from /opt/airflow/dags/ingest_avito_to_raw.py
[2026-06-26T12:57:31.756+0000] {processor.py:925} INFO - DAG(s) 'ingest_avito_to_raw' retrieved from /opt/airflow/dags/ingest_avito_to_raw.py
[2026-06-26T12:57:31.775+0000] {logging_mixin.py:190} INFO - [2026-06-26T12:57:31.775+0000] {dag.py:3239} INFO - Sync 1 DAGs
[2026-06-26T12:57:31.786+0000] {logging_mixin.py:190} INFO - [2026-06-26T12:57:31.786+0000] {dag.py:4180} INFO - Setting next_dagrun for ingest_avito_to_raw to 2026-06-26 11:00:00+00:00, run_after=2026-06-26 12:00:00+00:00
[2026-06-26T12:57:31.796+0000] {processor.py:208} INFO - Processing /opt/airflow/dags/ingest_avito_to_raw.py took 0.055 seconds
[2026-06-26T12:58:02.140+0000] {processor.py:186} INFO - Started process (PID=983) to work on /opt/airflow/dags/ingest_avito_to_raw.py
[2026-06-26T12:58:02.141+0000] {processor.py:914} INFO - Processing file /opt/airflow/dags/ingest_avito_to_raw.py for tasks to queue
[2026-06-26T12:58:02.143+0000] {logging_mixin.py:190} INFO - [2026-06-26T12:58:02.143+0000] {dagbag.py:588} INFO - Filling up the DagBag from /opt/airflow/dags/ingest_avito_to_raw.py
[2026-06-26T12:58:02.150+0000] {processor.py:925} INFO - DAG(s) 'ingest_avito_to_raw' retrieved from /opt/airflow/dags/ingest_avito_to_raw.py
[2026-06-26T12:58:02.165+0000] {logging_mixin.py:190} INFO - [2026-06-26T12:58:02.165+0000] {dag.py:3239} INFO - Sync 1 DAGs
[2026-06-26T12:58:02.175+0000] {logging_mixin.py:190} INFO - [2026-06-26T12:58:02.175+0000] {dag.py:4180} INFO - Setting next_dagrun for ingest_avito_to_raw to 2026-06-26 11:00:00+00:00, run_after=2026-06-26 12:00:00+00:00
[2026-06-26T12:58:02.186+0000] {processor.py:208} INFO - Processing /opt/airflow/dags/ingest_avito_to_raw.py took 0.051 seconds
[2026-06-26T12:58:32.441+0000] {processor.py:186} INFO - Started process (PID=993) to work on /opt/airflow/dags/ingest_avito_to_raw.py
[2026-06-26T12:58:32.441+0000] {processor.py:914} INFO - Processing file /opt/airflow/dags/ingest_avito_to_raw.py for tasks to queue
[2026-06-26T12:58:32.443+0000] {logging_mixin.py:190} INFO - [2026-06-26T12:58:32.443+0000] {dagbag.py:588} INFO - Filling up the DagBag from /opt/airflow/dags/ingest_avito_to_raw.py
[2026-06-26T12:58:32.450+0000] {processor.py:925} INFO - DAG(s) 'ingest_avito_to_raw' retrieved from /opt/airflow/dags/ingest_avito_to_raw.py
[2026-06-26T12:58:32.465+0000] {logging_mixin.py:190} INFO - [2026-06-26T12:58:32.465+0000] {dag.py:3239} INFO - Sync 1 DAGs
[2026-06-26T12:58:32.476+0000] {logging_mixin.py:190} INFO - [2026-06-26T12:58:32.476+0000] {dag.py:4180} INFO - Setting next_dagrun for ingest_avito_to_raw to 2026-06-26 11:00:00+00:00, run_after=2026-06-26 12:00:00+00:00
[2026-06-26T12:58:32.485+0000] {processor.py:208} INFO - Processing /opt/airflow/dags/ingest_avito_to_raw.py took 0.050 seconds
[2026-06-26T12:59:02.794+0000] {processor.py:186} INFO - Started process (PID=1003) to work on /opt/airflow/dags/ingest_avito_to_raw.py
[2026-06-26T12:59:02.795+0000] {processor.py:914} INFO - Processing file /opt/airflow/dags/ingest_avito_to_raw.py for tasks to queue
[2026-06-26T12:59:02.797+0000] {logging_mixin.py:190} INFO - [2026-06-26T12:59:02.797+0000] {dagbag.py:588} INFO - Filling up the DagBag from /opt/airflow/dags/ingest_avito_to_raw.py
[2026-06-26T12:59:02.803+0000] {processor.py:925} INFO - DAG(s) 'ingest_avito_to_raw' retrieved from /opt/airflow/dags/ingest_avito_to_raw.py
[2026-06-26T12:59:02.820+0000] {logging_mixin.py:190} INFO - [2026-06-26T12:59:02.820+0000] {dag.py:3239} INFO - Sync 1 DAGs
[2026-06-26T12:59:02.832+0000] {logging_mixin.py:190} INFO - [2026-06-26T12:59:02.832+0000] {dag.py:4180} INFO - Setting next_dagrun for ingest_avito_to_raw to 2026-06-26 11:00:00+00:00, run_after=2026-06-26 12:00:00+00:00
[2026-06-26T12:59:02.840+0000] {processor.py:208} INFO - Processing /opt/airflow/dags/ingest_avito_to_raw.py took 0.050 seconds
[2026-06-26T12:59:33.151+0000] {processor.py:186} INFO - Started process (PID=1013) to work on /opt/airflow/dags/ingest_avito_to_raw.py
[2026-06-26T12:59:33.151+0000] {processor.py:914} INFO - Processing file /opt/airflow/dags/ingest_avito_to_raw.py for tasks to queue
[2026-06-26T12:59:33.153+0000] {logging_mixin.py:190} INFO - [2026-06-26T12:59:33.153+0000] {dagbag.py:588} INFO - Filling up the DagBag from /opt/airflow/dags/ingest_avito_to_raw.py
[2026-06-26T12:59:33.160+0000] {processor.py:925} INFO - DAG(s) 'ingest_avito_to_raw' retrieved from /opt/airflow/dags/ingest_avito_to_raw.py
[2026-06-26T12:59:33.175+0000] {logging_mixin.py:190} INFO - [2026-06-26T12:59:33.175+0000] {dag.py:3239} INFO - Sync 1 DAGs
[2026-06-26T12:59:33.187+0000] {logging_mixin.py:190} INFO - [2026-06-26T12:59:33.187+0000] {dag.py:4180} INFO - Setting next_dagrun for ingest_avito_to_raw to 2026-06-26 11:00:00+00:00, run_after=2026-06-26 12:00:00+00:00
[2026-06-26T12:59:33.199+0000] {processor.py:208} INFO - Processing /opt/airflow/dags/ingest_avito_to_raw.py took 0.053 seconds
[2026-06-26T13:00:03.515+0000] {processor.py:186} INFO - Started process (PID=1023) to work on /opt/airflow/dags/ingest_avito_to_raw.py
[2026-06-26T13:00:03.516+0000] {processor.py:914} INFO - Processing file /opt/airflow/dags/ingest_avito_to_raw.py for tasks to queue
[2026-06-26T13:00:03.518+0000] {logging_mixin.py:190} INFO - [2026-06-26T13:00:03.518+0000] {dagbag.py:588} INFO - Filling up the DagBag from /opt/airflow/dags/ingest_avito_to_raw.py
[2026-06-26T13:00:03.528+0000] {processor.py:925} INFO - DAG(s) 'ingest_avito_to_raw' retrieved from /opt/airflow/dags/ingest_avito_to_raw.py
[2026-06-26T13:00:03.544+0000] {logging_mixin.py:190} INFO - [2026-06-26T13:00:03.544+0000] {dag.py:3239} INFO - Sync 1 DAGs
[2026-06-26T13:00:03.558+0000] {logging_mixin.py:190} INFO - [2026-06-26T13:00:03.558+0000] {dag.py:4180} INFO - Setting next_dagrun for ingest_avito_to_raw to 2026-06-26 12:00:00+00:00, run_after=2026-06-26 13:00:00+00:00
[2026-06-26T13:00:03.567+0000] {processor.py:208} INFO - Processing /opt/airflow/dags/ingest_avito_to_raw.py took 0.058 seconds
[2026-06-26T13:00:33.931+0000] {processor.py:186} INFO - Started process (PID=1033) to work on /opt/airflow/dags/ingest_avito_to_raw.py
[2026-06-26T13:00:33.932+0000] {processor.py:914} INFO - Processing file /opt/airflow/dags/ingest_avito_to_raw.py for tasks to queue
[2026-06-26T13:00:33.935+0000] {logging_mixin.py:190} INFO - [2026-06-26T13:00:33.934+0000] {dagbag.py:588} INFO - Filling up the DagBag from /opt/airflow/dags/ingest_avito_to_raw.py
[2026-06-26T13:00:33.942+0000] {processor.py:925} INFO - DAG(s) 'ingest_avito_to_raw' retrieved from /opt/airflow/dags/ingest_avito_to_raw.py
[2026-06-26T13:00:33.959+0000] {logging_mixin.py:190} INFO - [2026-06-26T13:00:33.959+0000] {dag.py:3239} INFO - Sync 1 DAGs
[2026-06-26T13:00:33.969+0000] {logging_mixin.py:190} INFO - [2026-06-26T13:00:33.969+0000] {dag.py:4180} INFO - Setting next_dagrun for ingest_avito_to_raw to 2026-06-26 12:00:00+00:00, run_after=2026-06-26 13:00:00+00:00
[2026-06-26T13:00:33.979+0000] {processor.py:208} INFO - Processing /opt/airflow/dags/ingest_avito_to_raw.py took 0.054 seconds
[2026-06-26T13:01:04.247+0000] {processor.py:186} INFO - Started process (PID=1043) to work on /opt/airflow/dags/ingest_avito_to_raw.py
[2026-06-26T13:01:04.247+0000] {processor.py:914} INFO - Processing file /opt/airflow/dags/ingest_avito_to_raw.py for tasks to queue
[2026-06-26T13:01:04.249+0000] {logging_mixin.py:190} INFO - [2026-06-26T13:01:04.249+0000] {dagbag.py:588} INFO - Filling up the DagBag from /opt/airflow/dags/ingest_avito_to_raw.py
[2026-06-26T13:01:04.259+0000] {processor.py:925} INFO - DAG(s) 'ingest_avito_to_raw' retrieved from /opt/airflow/dags/ingest_avito_to_raw.py
[2026-06-26T13:01:04.274+0000] {logging_mixin.py:190} INFO - [2026-06-26T13:01:04.273+0000] {dag.py:3239} INFO - Sync 1 DAGs
[2026-06-26T13:01:04.285+0000] {logging_mixin.py:190} INFO - [2026-06-26T13:01:04.285+0000] {dag.py:4180} INFO - Setting next_dagrun for ingest_avito_to_raw to 2026-06-26 12:00:00+00:00, run_after=2026-06-26 13:00:00+00:00
[2026-06-26T13:01:04.296+0000] {processor.py:208} INFO - Processing /opt/airflow/dags/ingest_avito_to_raw.py took 0.054 seconds
[2026-06-26T13:01:34.662+0000] {processor.py:186} INFO - Started process (PID=1053) to work on /opt/airflow/dags/ingest_avito_to_raw.py
[2026-06-26T13:01:34.663+0000] {processor.py:914} INFO - Processing file /opt/airflow/dags/ingest_avito_to_raw.py for tasks to queue
[2026-06-26T13:01:34.666+0000] {logging_mixin.py:190} INFO - [2026-06-26T13:01:34.665+0000] {dagbag.py:588} INFO - Filling up the DagBag from /opt/airflow/dags/ingest_avito_to_raw.py
[2026-06-26T13:01:34.674+0000] {processor.py:925} INFO - DAG(s) 'ingest_avito_to_raw' retrieved from /opt/airflow/dags/ingest_avito_to_raw.py
[2026-06-26T13:01:34.690+0000] {logging_mixin.py:190} INFO - [2026-06-26T13:01:34.689+0000] {dag.py:3239} INFO - Sync 1 DAGs
[2026-06-26T13:01:34.701+0000] {logging_mixin.py:190} INFO - [2026-06-26T13:01:34.701+0000] {dag.py:4180} INFO - Setting next_dagrun for ingest_avito_to_raw to 2026-06-26 12:00:00+00:00, run_after=2026-06-26 13:00:00+00:00
[2026-06-26T13:01:34.713+0000] {processor.py:208} INFO - Processing /opt/airflow/dags/ingest_avito_to_raw.py took 0.056 seconds
[2026-06-26T13:02:05.050+0000] {processor.py:186} INFO - Started process (PID=1063) to work on /opt/airflow/dags/ingest_avito_to_raw.py
[2026-06-26T13:02:05.050+0000] {processor.py:914} INFO - Processing file /opt/airflow/dags/ingest_avito_to_raw.py for tasks to queue
[2026-06-26T13:02:05.052+0000] {logging_mixin.py:190} INFO - [2026-06-26T13:02:05.051+0000] {dagbag.py:588} INFO - Filling up the DagBag from /opt/airflow/dags/ingest_avito_to_raw.py
[2026-06-26T13:02:05.058+0000] {processor.py:925} INFO - DAG(s) 'ingest_avito_to_raw' retrieved from /opt/airflow/dags/ingest_avito_to_raw.py
[2026-06-26T13:02:05.073+0000] {logging_mixin.py:190} INFO - [2026-06-26T13:02:05.073+0000] {dag.py:3239} INFO - Sync 1 DAGs
[2026-06-26T13:02:05.085+0000] {logging_mixin.py:190} INFO - [2026-06-26T13:02:05.085+0000] {dag.py:4180} INFO - Setting next_dagrun for ingest_avito_to_raw to 2026-06-26 12:00:00+00:00, run_after=2026-06-26 13:00:00+00:00
[2026-06-26T13:02:05.097+0000] {processor.py:208} INFO - Processing /opt/airflow/dags/ingest_avito_to_raw.py took 0.052 seconds
[2026-06-26T13:02:35.455+0000] {processor.py:186} INFO - Started process (PID=1073) to work on /opt/airflow/dags/ingest_avito_to_raw.py
[2026-06-26T13:02:35.456+0000] {processor.py:914} INFO - Processing file /opt/airflow/dags/ingest_avito_to_raw.py for tasks to queue
[2026-06-26T13:02:35.458+0000] {logging_mixin.py:190} INFO - [2026-06-26T13:02:35.458+0000] {dagbag.py:588} INFO - Filling up the DagBag from /opt/airflow/dags/ingest_avito_to_raw.py
[2026-06-26T13:02:35.464+0000] {processor.py:925} INFO - DAG(s) 'ingest_avito_to_raw' retrieved from /opt/airflow/dags/ingest_avito_to_raw.py
[2026-06-26T13:02:35.482+0000] {logging_mixin.py:190} INFO - [2026-06-26T13:02:35.482+0000] {dag.py:3239} INFO - Sync 1 DAGs
[2026-06-26T13:02:35.494+0000] {logging_mixin.py:190} INFO - [2026-06-26T13:02:35.494+0000] {dag.py:4180} INFO - Setting next_dagrun for ingest_avito_to_raw to 2026-06-26 12:00:00+00:00, run_after=2026-06-26 13:00:00+00:00
[2026-06-26T13:02:35.502+0000] {processor.py:208} INFO - Processing /opt/airflow/dags/ingest_avito_to_raw.py took 0.051 seconds
[2026-06-26T13:18:25.634+0000] {processor.py:186} INFO - Started process (PID=1083) to work on /opt/airflow/dags/ingest_avito_to_raw.py
[2026-06-26T13:18:25.635+0000] {processor.py:914} INFO - Processing file /opt/airflow/dags/ingest_avito_to_raw.py for tasks to queue
[2026-06-26T13:18:25.636+0000] {logging_mixin.py:190} INFO - [2026-06-26T13:18:25.636+0000] {dagbag.py:588} INFO - Filling up the DagBag from /opt/airflow/dags/ingest_avito_to_raw.py
[2026-06-26T13:18:25.642+0000] {processor.py:925} INFO - DAG(s) 'ingest_avito_to_raw' retrieved from /opt/airflow/dags/ingest_avito_to_raw.py
[2026-06-26T13:18:25.658+0000] {logging_mixin.py:190} INFO - [2026-06-26T13:18:25.658+0000] {dag.py:3239} INFO - Sync 1 DAGs
[2026-06-26T13:18:25.668+0000] {logging_mixin.py:190} INFO - [2026-06-26T13:18:25.667+0000] {dag.py:4180} INFO - Setting next_dagrun for ingest_avito_to_raw to 2026-06-26 12:00:00+00:00, run_after=2026-06-26 13:00:00+00:00
[2026-06-26T13:18:25.677+0000] {processor.py:208} INFO - Processing /opt/airflow/dags/ingest_avito_to_raw.py took 0.046 seconds
[2026-06-26T13:18:56.078+0000] {processor.py:186} INFO - Started process (PID=1093) to work on /opt/airflow/dags/ingest_avito_to_raw.py
[2026-06-26T13:18:56.079+0000] {processor.py:914} INFO - Processing file /opt/airflow/dags/ingest_avito_to_raw.py for tasks to queue
[2026-06-26T13:18:56.080+0000] {logging_mixin.py:190} INFO - [2026-06-26T13:18:56.080+0000] {dagbag.py:588} INFO - Filling up the DagBag from /opt/airflow/dags/ingest_avito_to_raw.py
[2026-06-26T13:18:56.091+0000] {processor.py:925} INFO - DAG(s) 'ingest_avito_to_raw' retrieved from /opt/airflow/dags/ingest_avito_to_raw.py
[2026-06-26T13:18:56.105+0000] {logging_mixin.py:190} INFO - [2026-06-26T13:18:56.105+0000] {dag.py:3239} INFO - Sync 1 DAGs
[2026-06-26T13:18:56.115+0000] {logging_mixin.py:190} INFO - [2026-06-26T13:18:56.115+0000] {dag.py:4180} INFO - Setting next_dagrun for ingest_avito_to_raw to 2026-06-26 12:00:00+00:00, run_after=2026-06-26 13:00:00+00:00
[2026-06-26T13:18:56.126+0000] {processor.py:208} INFO - Processing /opt/airflow/dags/ingest_avito_to_raw.py took 0.052 seconds
[2026-06-26T13:35:46.185+0000] {processor.py:186} INFO - Started process (PID=1103) to work on /opt/airflow/dags/ingest_avito_to_raw.py
[2026-06-26T13:35:46.186+0000] {processor.py:914} INFO - Processing file /opt/airflow/dags/ingest_avito_to_raw.py for tasks to queue
[2026-06-26T13:35:46.187+0000] {logging_mixin.py:190} INFO - [2026-06-26T13:35:46.187+0000] {dagbag.py:588} INFO - Filling up the DagBag from /opt/airflow/dags/ingest_avito_to_raw.py
[2026-06-26T13:35:46.193+0000] {processor.py:925} INFO - DAG(s) 'ingest_avito_to_raw' retrieved from /opt/airflow/dags/ingest_avito_to_raw.py
[2026-06-26T13:35:46.209+0000] {logging_mixin.py:190} INFO - [2026-06-26T13:35:46.209+0000] {dag.py:3239} INFO - Sync 1 DAGs
[2026-06-26T13:35:46.219+0000] {logging_mixin.py:190} INFO - [2026-06-26T13:35:46.219+0000] {dag.py:4180} INFO - Setting next_dagrun for ingest_avito_to_raw to 2026-06-26 12:00:00+00:00, run_after=2026-06-26 13:00:00+00:00
[2026-06-26T13:35:46.226+0000] {processor.py:208} INFO - Processing /opt/airflow/dags/ingest_avito_to_raw.py took 0.046 seconds
[2026-06-26T13:36:16.601+0000] {processor.py:186} INFO - Started process (PID=1113) to work on /opt/airflow/dags/ingest_avito_to_raw.py
[2026-06-26T13:36:16.602+0000] {processor.py:914} INFO - Processing file /opt/airflow/dags/ingest_avito_to_raw.py for tasks to queue
[2026-06-26T13:36:16.604+0000] {logging_mixin.py:190} INFO - [2026-06-26T13:36:16.604+0000] {dagbag.py:588} INFO - Filling up the DagBag from /opt/airflow/dags/ingest_avito_to_raw.py
[2026-06-26T13:36:16.612+0000] {processor.py:925} INFO - DAG(s) 'ingest_avito_to_raw' retrieved from /opt/airflow/dags/ingest_avito_to_raw.py
[2026-06-26T13:36:16.628+0000] {logging_mixin.py:190} INFO - [2026-06-26T13:36:16.628+0000] {dag.py:3239} INFO - Sync 1 DAGs
[2026-06-26T13:36:16.637+0000] {logging_mixin.py:190} INFO - [2026-06-26T13:36:16.637+0000] {dag.py:4180} INFO - Setting next_dagrun for ingest_avito_to_raw to 2026-06-26 12:00:00+00:00, run_after=2026-06-26 13:00:00+00:00
[2026-06-26T13:36:16.645+0000] {processor.py:208} INFO - Processing /opt/airflow/dags/ingest_avito_to_raw.py took 0.049 seconds
[2026-06-26T13:52:17.824+0000] {processor.py:186} INFO - Started process (PID=1123) to work on /opt/airflow/dags/ingest_avito_to_raw.py
[2026-06-26T13:52:17.825+0000] {processor.py:914} INFO - Processing file /opt/airflow/dags/ingest_avito_to_raw.py for tasks to queue
[2026-06-26T13:52:17.826+0000] {logging_mixin.py:190} INFO - [2026-06-26T13:52:17.826+0000] {dagbag.py:588} INFO - Filling up the DagBag from /opt/airflow/dags/ingest_avito_to_raw.py
[2026-06-26T13:52:17.832+0000] {processor.py:925} INFO - DAG(s) 'ingest_avito_to_raw' retrieved from /opt/airflow/dags/ingest_avito_to_raw.py
[2026-06-26T13:52:17.849+0000] {logging_mixin.py:190} INFO - [2026-06-26T13:52:17.849+0000] {dag.py:3239} INFO - Sync 1 DAGs
[2026-06-26T13:52:17.859+0000] {logging_mixin.py:190} INFO - [2026-06-26T13:52:17.859+0000] {dag.py:4180} INFO - Setting next_dagrun for ingest_avito_to_raw to 2026-06-26 12:00:00+00:00, run_after=2026-06-26 13:00:00+00:00
[2026-06-26T13:52:17.867+0000] {processor.py:208} INFO - Processing /opt/airflow/dags/ingest_avito_to_raw.py took 0.047 seconds
[2026-06-26T14:07:50.118+0000] {processor.py:186} INFO - Started process (PID=1133) to work on /opt/airflow/dags/ingest_avito_to_raw.py
[2026-06-26T14:07:50.119+0000] {processor.py:914} INFO - Processing file /opt/airflow/dags/ingest_avito_to_raw.py for tasks to queue
[2026-06-26T14:07:50.121+0000] {logging_mixin.py:190} INFO - [2026-06-26T14:07:50.120+0000] {dagbag.py:588} INFO - Filling up the DagBag from /opt/airflow/dags/ingest_avito_to_raw.py
[2026-06-26T14:07:50.130+0000] {processor.py:925} INFO - DAG(s) 'ingest_avito_to_raw' retrieved from /opt/airflow/dags/ingest_avito_to_raw.py
[2026-06-26T14:07:50.144+0000] {logging_mixin.py:190} INFO - [2026-06-26T14:07:50.144+0000] {dag.py:3239} INFO - Sync 1 DAGs
[2026-06-26T14:07:50.156+0000] {logging_mixin.py:190} INFO - [2026-06-26T14:07:50.156+0000] {dag.py:4180} INFO - Setting next_dagrun for ingest_avito_to_raw to 2026-06-26 13:00:00+00:00, run_after=2026-06-26 14:00:00+00:00
[2026-06-26T14:07:50.165+0000] {processor.py:208} INFO - Processing /opt/airflow/dags/ingest_avito_to_raw.py took 0.050 seconds
[2026-06-26T14:08:20.528+0000] {processor.py:186} INFO - Started process (PID=1143) to work on /opt/airflow/dags/ingest_avito_to_raw.py
[2026-06-26T14:08:20.528+0000] {processor.py:914} INFO - Processing file /opt/airflow/dags/ingest_avito_to_raw.py for tasks to queue
[2026-06-26T14:08:20.530+0000] {logging_mixin.py:190} INFO - [2026-06-26T14:08:20.530+0000] {dagbag.py:588} INFO - Filling up the DagBag from /opt/airflow/dags/ingest_avito_to_raw.py
[2026-06-26T14:08:20.538+0000] {processor.py:925} INFO - DAG(s) 'ingest_avito_to_raw' retrieved from /opt/airflow/dags/ingest_avito_to_raw.py
[2026-06-26T14:08:20.553+0000] {logging_mixin.py:190} INFO - [2026-06-26T14:08:20.553+0000] {dag.py:3239} INFO - Sync 1 DAGs
[2026-06-26T14:08:20.565+0000] {logging_mixin.py:190} INFO - [2026-06-26T14:08:20.564+0000] {dag.py:4180} INFO - Setting next_dagrun for ingest_avito_to_raw to 2026-06-26 13:00:00+00:00, run_after=2026-06-26 14:00:00+00:00
[2026-06-26T14:08:20.575+0000] {processor.py:208} INFO - Processing /opt/airflow/dags/ingest_avito_to_raw.py took 0.053 seconds
[2026-06-26T14:23:52.887+0000] {processor.py:186} INFO - Started process (PID=1153) to work on /opt/airflow/dags/ingest_avito_to_raw.py
[2026-06-26T14:23:52.888+0000] {processor.py:914} INFO - Processing file /opt/airflow/dags/ingest_avito_to_raw.py for tasks to queue
[2026-06-26T14:23:52.889+0000] {logging_mixin.py:190} INFO - [2026-06-26T14:23:52.889+0000] {dagbag.py:588} INFO - Filling up the DagBag from /opt/airflow/dags/ingest_avito_to_raw.py
[2026-06-26T14:23:52.898+0000] {processor.py:925} INFO - DAG(s) 'ingest_avito_to_raw' retrieved from /opt/airflow/dags/ingest_avito_to_raw.py
[2026-06-26T14:23:52.913+0000] {logging_mixin.py:190} INFO - [2026-06-26T14:23:52.913+0000] {dag.py:3239} INFO - Sync 1 DAGs
[2026-06-26T14:23:52.925+0000] {logging_mixin.py:190} INFO - [2026-06-26T14:23:52.925+0000] {dag.py:4180} INFO - Setting next_dagrun for ingest_avito_to_raw to 2026-06-26 13:00:00+00:00, run_after=2026-06-26 14:00:00+00:00
[2026-06-26T14:23:52.933+0000] {processor.py:208} INFO - Processing /opt/airflow/dags/ingest_avito_to_raw.py took 0.050 seconds
[2026-06-26T14:24:23.320+0000] {processor.py:186} INFO - Started process (PID=1163) to work on /opt/airflow/dags/ingest_avito_to_raw.py
[2026-06-26T14:24:23.321+0000] {processor.py:914} INFO - Processing file /opt/airflow/dags/ingest_avito_to_raw.py for tasks to queue
[2026-06-26T14:24:23.323+0000] {logging_mixin.py:190} INFO - [2026-06-26T14:24:23.322+0000] {dagbag.py:588} INFO - Filling up the DagBag from /opt/airflow/dags/ingest_avito_to_raw.py
[2026-06-26T14:24:23.332+0000] {processor.py:925} INFO - DAG(s) 'ingest_avito_to_raw' retrieved from /opt/airflow/dags/ingest_avito_to_raw.py
[2026-06-26T14:24:23.349+0000] {logging_mixin.py:190} INFO - [2026-06-26T14:24:23.349+0000] {dag.py:3239} INFO - Sync 1 DAGs
[2026-06-26T14:24:23.360+0000] {logging_mixin.py:190} INFO - [2026-06-26T14:24:23.360+0000] {dag.py:4180} INFO - Setting next_dagrun for ingest_avito_to_raw to 2026-06-26 13:00:00+00:00, run_after=2026-06-26 14:00:00+00:00
[2026-06-26T14:24:23.370+0000] {processor.py:208} INFO - Processing /opt/airflow/dags/ingest_avito_to_raw.py took 0.056 seconds
[2026-06-26T14:40:54.571+0000] {processor.py:186} INFO - Started process (PID=1173) to work on /opt/airflow/dags/ingest_avito_to_raw.py
[2026-06-26T14:40:54.571+0000] {processor.py:914} INFO - Processing file /opt/airflow/dags/ingest_avito_to_raw.py for tasks to queue
[2026-06-26T14:40:54.573+0000] {logging_mixin.py:190} INFO - [2026-06-26T14:40:54.572+0000] {dagbag.py:588} INFO - Filling up the DagBag from /opt/airflow/dags/ingest_avito_to_raw.py
[2026-06-26T14:40:54.579+0000] {processor.py:925} INFO - DAG(s) 'ingest_avito_to_raw' retrieved from /opt/airflow/dags/ingest_avito_to_raw.py
[2026-06-26T14:40:54.597+0000] {logging_mixin.py:190} INFO - [2026-06-26T14:40:54.597+0000] {dag.py:3239} INFO - Sync 1 DAGs
[2026-06-26T14:40:54.608+0000] {logging_mixin.py:190} INFO - [2026-06-26T14:40:54.608+0000] {dag.py:4180} INFO - Setting next_dagrun for ingest_avito_to_raw to 2026-06-26 13:00:00+00:00, run_after=2026-06-26 14:00:00+00:00
[2026-06-26T14:40:54.617+0000] {processor.py:208} INFO - Processing /opt/airflow/dags/ingest_avito_to_raw.py took 0.050 seconds
[2026-06-26T14:57:17.893+0000] {processor.py:186} INFO - Started process (PID=1183) to work on /opt/airflow/dags/ingest_avito_to_raw.py
[2026-06-26T14:57:17.894+0000] {processor.py:914} INFO - Processing file /opt/airflow/dags/ingest_avito_to_raw.py for tasks to queue
[2026-06-26T14:57:17.895+0000] {logging_mixin.py:190} INFO - [2026-06-26T14:57:17.895+0000] {dagbag.py:588} INFO - Filling up the DagBag from /opt/airflow/dags/ingest_avito_to_raw.py
[2026-06-26T14:57:17.907+0000] {processor.py:925} INFO - DAG(s) 'ingest_avito_to_raw' retrieved from /opt/airflow/dags/ingest_avito_to_raw.py
[2026-06-26T14:57:17.921+0000] {logging_mixin.py:190} INFO - [2026-06-26T14:57:17.921+0000] {dag.py:3239} INFO - Sync 1 DAGs
[2026-06-26T14:57:17.930+0000] {logging_mixin.py:190} INFO - [2026-06-26T14:57:17.930+0000] {dag.py:4180} INFO - Setting next_dagrun for ingest_avito_to_raw to 2026-06-26 13:00:00+00:00, run_after=2026-06-26 14:00:00+00:00
[2026-06-26T14:57:17.938+0000] {processor.py:208} INFO - Processing /opt/airflow/dags/ingest_avito_to_raw.py took 0.049 seconds
[2026-06-26T14:57:48.255+0000] {processor.py:186} INFO - Started process (PID=1193) to work on /opt/airflow/dags/ingest_avito_to_raw.py
[2026-06-26T14:57:48.255+0000] {processor.py:914} INFO - Processing file /opt/airflow/dags/ingest_avito_to_raw.py for tasks to queue
[2026-06-26T14:57:48.257+0000] {logging_mixin.py:190} INFO - [2026-06-26T14:57:48.257+0000] {dagbag.py:588} INFO - Filling up the DagBag from /opt/airflow/dags/ingest_avito_to_raw.py
[2026-06-26T14:57:48.266+0000] {processor.py:925} INFO - DAG(s) 'ingest_avito_to_raw' retrieved from /opt/airflow/dags/ingest_avito_to_raw.py
[2026-06-26T14:57:48.279+0000] {logging_mixin.py:190} INFO - [2026-06-26T14:57:48.279+0000] {dag.py:3239} INFO - Sync 1 DAGs
[2026-06-26T14:57:48.291+0000] {logging_mixin.py:190} INFO - [2026-06-26T14:57:48.291+0000] {dag.py:4180} INFO - Setting next_dagrun for ingest_avito_to_raw to 2026-06-26 13:00:00+00:00, run_after=2026-06-26 14:00:00+00:00
[2026-06-26T14:57:48.302+0000] {processor.py:208} INFO - Processing /opt/airflow/dags/ingest_avito_to_raw.py took 0.051 seconds
[2026-06-26T15:03:38.765+0000] {processor.py:186} INFO - Started process (PID=1203) to work on /opt/airflow/dags/ingest_avito_to_raw.py
[2026-06-26T15:03:38.767+0000] {processor.py:914} INFO - Processing file /opt/airflow/dags/ingest_avito_to_raw.py for tasks to queue
[2026-06-26T15:03:38.770+0000] {logging_mixin.py:190} INFO - [2026-06-26T15:03:38.769+0000] {dagbag.py:588} INFO - Filling up the DagBag from /opt/airflow/dags/ingest_avito_to_raw.py
[2026-06-26T15:03:38.781+0000] {processor.py:925} INFO - DAG(s) 'ingest_avito_to_raw' retrieved from /opt/airflow/dags/ingest_avito_to_raw.py
[2026-06-26T15:03:38.798+0000] {logging_mixin.py:190} INFO - [2026-06-26T15:03:38.798+0000] {dag.py:3239} INFO - Sync 1 DAGs
[2026-06-26T15:03:38.809+0000] {logging_mixin.py:190} INFO - [2026-06-26T15:03:38.809+0000] {dag.py:4180} INFO - Setting next_dagrun for ingest_avito_to_raw to 2026-06-26 14:00:00+00:00, run_after=2026-06-26 15:00:00+00:00
[2026-06-26T15:03:38.818+0000] {processor.py:208} INFO - Processing /opt/airflow/dags/ingest_avito_to_raw.py took 0.057 seconds
[2026-06-26T15:04:09.235+0000] {processor.py:186} INFO - Started process (PID=1213) to work on /opt/airflow/dags/ingest_avito_to_raw.py
[2026-06-26T15:04:09.236+0000] {processor.py:914} INFO - Processing file /opt/airflow/dags/ingest_avito_to_raw.py for tasks to queue
[2026-06-26T15:04:09.238+0000] {logging_mixin.py:190} INFO - [2026-06-26T15:04:09.238+0000] {dagbag.py:588} INFO - Filling up the DagBag from /opt/airflow/dags/ingest_avito_to_raw.py
[2026-06-26T15:04:09.245+0000] {processor.py:925} INFO - DAG(s) 'ingest_avito_to_raw' retrieved from /opt/airflow/dags/ingest_avito_to_raw.py
[2026-06-26T15:04:09.258+0000] {logging_mixin.py:190} INFO - [2026-06-26T15:04:09.258+0000] {dag.py:3239} INFO - Sync 1 DAGs
[2026-06-26T15:04:09.269+0000] {logging_mixin.py:190} INFO - [2026-06-26T15:04:09.269+0000] {dag.py:4180} INFO - Setting next_dagrun for ingest_avito_to_raw to 2026-06-26 14:00:00+00:00, run_after=2026-06-26 15:00:00+00:00
[2026-06-26T15:04:09.279+0000] {processor.py:208} INFO - Processing /opt/airflow/dags/ingest_avito_to_raw.py took 0.049 seconds
[2026-06-26T15:20:02.672+0000] {processor.py:186} INFO - Started process (PID=1223) to work on /opt/airflow/dags/ingest_avito_to_raw.py
[2026-06-26T15:20:02.672+0000] {processor.py:914} INFO - Processing file /opt/airflow/dags/ingest_avito_to_raw.py for tasks to queue
[2026-06-26T15:20:02.674+0000] {logging_mixin.py:190} INFO - [2026-06-26T15:20:02.673+0000] {dagbag.py:588} INFO - Filling up the DagBag from /opt/airflow/dags/ingest_avito_to_raw.py
[2026-06-26T15:20:02.681+0000] {processor.py:925} INFO - DAG(s) 'ingest_avito_to_raw' retrieved from /opt/airflow/dags/ingest_avito_to_raw.py
[2026-06-26T15:20:02.697+0000] {logging_mixin.py:190} INFO - [2026-06-26T15:20:02.697+0000] {dag.py:3239} INFO - Sync 1 DAGs
[2026-06-26T15:20:02.706+0000] {logging_mixin.py:190} INFO - [2026-06-26T15:20:02.706+0000] {dag.py:4180} INFO - Setting next_dagrun for ingest_avito_to_raw to 2026-06-26 14:00:00+00:00, run_after=2026-06-26 15:00:00+00:00
[2026-06-26T15:20:02.713+0000] {processor.py:208} INFO - Processing /opt/airflow/dags/ingest_avito_to_raw.py took 0.045 seconds
[2026-06-26T15:20:33.132+0000] {processor.py:186} INFO - Started process (PID=1233) to work on /opt/airflow/dags/ingest_avito_to_raw.py
[2026-06-26T15:20:33.133+0000] {processor.py:914} INFO - Processing file /opt/airflow/dags/ingest_avito_to_raw.py for tasks to queue
[2026-06-26T15:20:33.134+0000] {logging_mixin.py:190} INFO - [2026-06-26T15:20:33.134+0000] {dagbag.py:588} INFO - Filling up the DagBag from /opt/airflow/dags/ingest_avito_to_raw.py
[2026-06-26T15:20:33.145+0000] {processor.py:925} INFO - DAG(s) 'ingest_avito_to_raw' retrieved from /opt/airflow/dags/ingest_avito_to_raw.py
[2026-06-26T15:20:33.160+0000] {logging_mixin.py:190} INFO - [2026-06-26T15:20:33.159+0000] {dag.py:3239} INFO - Sync 1 DAGs
[2026-06-26T15:20:33.170+0000] {logging_mixin.py:190} INFO - [2026-06-26T15:20:33.170+0000] {dag.py:4180} INFO - Setting next_dagrun for ingest_avito_to_raw to 2026-06-26 14:00:00+00:00, run_after=2026-06-26 15:00:00+00:00
[2026-06-26T15:20:33.180+0000] {processor.py:208} INFO - Processing /opt/airflow/dags/ingest_avito_to_raw.py took 0.053 seconds
[2026-06-26T15:21:03.490+0000] {processor.py:186} INFO - Started process (PID=1243) to work on /opt/airflow/dags/ingest_avito_to_raw.py
[2026-06-26T15:21:03.492+0000] {processor.py:914} INFO - Processing file /opt/airflow/dags/ingest_avito_to_raw.py for tasks to queue
[2026-06-26T15:21:03.493+0000] {logging_mixin.py:190} INFO - [2026-06-26T15:21:03.493+0000] {dagbag.py:588} INFO - Filling up the DagBag from /opt/airflow/dags/ingest_avito_to_raw.py
[2026-06-26T15:21:03.503+0000] {processor.py:925} INFO - DAG(s) 'ingest_avito_to_raw' retrieved from /opt/airflow/dags/ingest_avito_to_raw.py
[2026-06-26T15:21:03.518+0000] {logging_mixin.py:190} INFO - [2026-06-26T15:21:03.518+0000] {dag.py:3239} INFO - Sync 1 DAGs
[2026-06-26T15:21:03.528+0000] {logging_mixin.py:190} INFO - [2026-06-26T15:21:03.528+0000] {dag.py:4180} INFO - Setting next_dagrun for ingest_avito_to_raw to 2026-06-26 14:00:00+00:00, run_after=2026-06-26 15:00:00+00:00
[2026-06-26T15:21:03.536+0000] {processor.py:208} INFO - Processing /opt/airflow/dags/ingest_avito_to_raw.py took 0.051 seconds
[2026-06-26T15:21:33.916+0000] {processor.py:186} INFO - Started process (PID=1253) to work on /opt/airflow/dags/ingest_avito_to_raw.py
[2026-06-26T15:21:33.916+0000] {processor.py:914} INFO - Processing file /opt/airflow/dags/ingest_avito_to_raw.py for tasks to queue
[2026-06-26T15:21:33.918+0000] {logging_mixin.py:190} INFO - [2026-06-26T15:21:33.918+0000] {dagbag.py:588} INFO - Filling up the DagBag from /opt/airflow/dags/ingest_avito_to_raw.py
[2026-06-26T15:21:33.925+0000] {processor.py:925} INFO - DAG(s) 'ingest_avito_to_raw' retrieved from /opt/airflow/dags/ingest_avito_to_raw.py
[2026-06-26T15:21:33.941+0000] {logging_mixin.py:190} INFO - [2026-06-26T15:21:33.941+0000] {dag.py:3239} INFO - Sync 1 DAGs
[2026-06-26T15:21:33.953+0000] {logging_mixin.py:190} INFO - [2026-06-26T15:21:33.953+0000] {dag.py:4180} INFO - Setting next_dagrun for ingest_avito_to_raw to 2026-06-26 14:00:00+00:00, run_after=2026-06-26 15:00:00+00:00
[2026-06-26T15:21:33.962+0000] {processor.py:208} INFO - Processing /opt/airflow/dags/ingest_avito_to_raw.py took 0.051 seconds
[2026-06-26T15:22:04.282+0000] {processor.py:186} INFO - Started process (PID=1263) to work on /opt/airflow/dags/ingest_avito_to_raw.py
[2026-06-26T15:22:04.282+0000] {processor.py:914} INFO - Processing file /opt/airflow/dags/ingest_avito_to_raw.py for tasks to queue
[2026-06-26T15:22:04.284+0000] {logging_mixin.py:190} INFO - [2026-06-26T15:22:04.284+0000] {dagbag.py:588} INFO - Filling up the DagBag from /opt/airflow/dags/ingest_avito_to_raw.py
[2026-06-26T15:22:04.295+0000] {processor.py:925} INFO - DAG(s) 'ingest_avito_to_raw' retrieved from /opt/airflow/dags/ingest_avito_to_raw.py
[2026-06-26T15:22:04.311+0000] {logging_mixin.py:190} INFO - [2026-06-26T15:22:04.311+0000] {dag.py:3239} INFO - Sync 1 DAGs
[2026-06-26T15:22:04.321+0000] {logging_mixin.py:190} INFO - [2026-06-26T15:22:04.321+0000] {dag.py:4180} INFO - Setting next_dagrun for ingest_avito_to_raw to 2026-06-26 14:00:00+00:00, run_after=2026-06-26 15:00:00+00:00
[2026-06-26T15:22:04.330+0000] {processor.py:208} INFO - Processing /opt/airflow/dags/ingest_avito_to_raw.py took 0.054 seconds
[2026-06-26T15:22:34.724+0000] {processor.py:186} INFO - Started process (PID=1273) to work on /opt/airflow/dags/ingest_avito_to_raw.py
[2026-06-26T15:22:34.724+0000] {processor.py:914} INFO - Processing file /opt/airflow/dags/ingest_avito_to_raw.py for tasks to queue
[2026-06-26T15:22:34.726+0000] {logging_mixin.py:190} INFO - [2026-06-26T15:22:34.725+0000] {dagbag.py:588} INFO - Filling up the DagBag from /opt/airflow/dags/ingest_avito_to_raw.py
[2026-06-26T15:22:34.735+0000] {processor.py:925} INFO - DAG(s) 'ingest_avito_to_raw' retrieved from /opt/airflow/dags/ingest_avito_to_raw.py
[2026-06-26T15:22:34.751+0000] {logging_mixin.py:190} INFO - [2026-06-26T15:22:34.751+0000] {dag.py:3239} INFO - Sync 1 DAGs
[2026-06-26T15:22:34.762+0000] {logging_mixin.py:190} INFO - [2026-06-26T15:22:34.762+0000] {dag.py:4180} INFO - Setting next_dagrun for ingest_avito_to_raw to 2026-06-26 14:00:00+00:00, run_after=2026-06-26 15:00:00+00:00
[2026-06-26T15:22:34.772+0000] {processor.py:208} INFO - Processing /opt/airflow/dags/ingest_avito_to_raw.py took 0.052 seconds
[2026-06-26T15:23:05.111+0000] {processor.py:186} INFO - Started process (PID=1283) to work on /opt/airflow/dags/ingest_avito_to_raw.py
[2026-06-26T15:23:05.112+0000] {processor.py:914} INFO - Processing file /opt/airflow/dags/ingest_avito_to_raw.py for tasks to queue
[2026-06-26T15:23:05.113+0000] {logging_mixin.py:190} INFO - [2026-06-26T15:23:05.113+0000] {dagbag.py:588} INFO - Filling up the DagBag from /opt/airflow/dags/ingest_avito_to_raw.py
[2026-06-26T15:23:05.121+0000] {processor.py:925} INFO - DAG(s) 'ingest_avito_to_raw' retrieved from /opt/airflow/dags/ingest_avito_to_raw.py
[2026-06-26T15:23:05.137+0000] {logging_mixin.py:190} INFO - [2026-06-26T15:23:05.137+0000] {dag.py:3239} INFO - Sync 1 DAGs
[2026-06-26T15:23:05.147+0000] {logging_mixin.py:190} INFO - [2026-06-26T15:23:05.147+0000] {dag.py:4180} INFO - Setting next_dagrun for ingest_avito_to_raw to 2026-06-26 14:00:00+00:00, run_after=2026-06-26 15:00:00+00:00
[2026-06-26T15:23:05.157+0000] {processor.py:208} INFO - Processing /opt/airflow/dags/ingest_avito_to_raw.py took 0.049 seconds
[2026-06-26T15:23:35.483+0000] {processor.py:186} INFO - Started process (PID=1293) to work on /opt/airflow/dags/ingest_avito_to_raw.py
[2026-06-26T15:23:35.484+0000] {processor.py:914} INFO - Processing file /opt/airflow/dags/ingest_avito_to_raw.py for tasks to queue
[2026-06-26T15:23:35.485+0000] {logging_mixin.py:190} INFO - [2026-06-26T15:23:35.485+0000] {dagbag.py:588} INFO - Filling up the DagBag from /opt/airflow/dags/ingest_avito_to_raw.py
[2026-06-26T15:23:35.492+0000] {processor.py:925} INFO - DAG(s) 'ingest_avito_to_raw' retrieved from /opt/airflow/dags/ingest_avito_to_raw.py
[2026-06-26T15:23:35.507+0000] {logging_mixin.py:190} INFO - [2026-06-26T15:23:35.507+0000] {dag.py:3239} INFO - Sync 1 DAGs
[2026-06-26T15:23:35.517+0000] {logging_mixin.py:190} INFO - [2026-06-26T15:23:35.517+0000] {dag.py:4180} INFO - Setting next_dagrun for ingest_avito_to_raw to 2026-06-26 14:00:00+00:00, run_after=2026-06-26 15:00:00+00:00
[2026-06-26T15:23:35.526+0000] {processor.py:208} INFO - Processing /opt/airflow/dags/ingest_avito_to_raw.py took 0.048 seconds
[2026-06-26T15:24:05.916+0000] {processor.py:186} INFO - Started process (PID=1303) to work on /opt/airflow/dags/ingest_avito_to_raw.py
[2026-06-26T15:24:05.916+0000] {processor.py:914} INFO - Processing file /opt/airflow/dags/ingest_avito_to_raw.py for tasks to queue
[2026-06-26T15:24:05.918+0000] {logging_mixin.py:190} INFO - [2026-06-26T15:24:05.918+0000] {dagbag.py:588} INFO - Filling up the DagBag from /opt/airflow/dags/ingest_avito_to_raw.py
[2026-06-26T15:24:05.925+0000] {processor.py:925} INFO - DAG(s) 'ingest_avito_to_raw' retrieved from /opt/airflow/dags/ingest_avito_to_raw.py
[2026-06-26T15:24:05.940+0000] {logging_mixin.py:190} INFO - [2026-06-26T15:24:05.940+0000] {dag.py:3239} INFO - Sync 1 DAGs
[2026-06-26T15:24:05.952+0000] {logging_mixin.py:190} INFO - [2026-06-26T15:24:05.952+0000] {dag.py:4180} INFO - Setting next_dagrun for ingest_avito_to_raw to 2026-06-26 14:00:00+00:00, run_after=2026-06-26 15:00:00+00:00
[2026-06-26T15:24:05.960+0000] {processor.py:208} INFO - Processing /opt/airflow/dags/ingest_avito_to_raw.py took 0.050 seconds
[2026-06-26T15:40:40.855+0000] {processor.py:186} INFO - Started process (PID=1313) to work on /opt/airflow/dags/ingest_avito_to_raw.py
[2026-06-26T15:40:40.856+0000] {processor.py:914} INFO - Processing file /opt/airflow/dags/ingest_avito_to_raw.py for tasks to queue
[2026-06-26T15:40:40.857+0000] {logging_mixin.py:190} INFO - [2026-06-26T15:40:40.857+0000] {dagbag.py:588} INFO - Filling up the DagBag from /opt/airflow/dags/ingest_avito_to_raw.py
[2026-06-26T15:40:40.866+0000] {processor.py:925} INFO - DAG(s) 'ingest_avito_to_raw' retrieved from /opt/airflow/dags/ingest_avito_to_raw.py
[2026-06-26T15:40:40.882+0000] {logging_mixin.py:190} INFO - [2026-06-26T15:40:40.882+0000] {dag.py:3239} INFO - Sync 1 DAGs
[2026-06-26T15:40:40.892+0000] {logging_mixin.py:190} INFO - [2026-06-26T15:40:40.892+0000] {dag.py:4180} INFO - Setting next_dagrun for ingest_avito_to_raw to 2026-06-26 14:00:00+00:00, run_after=2026-06-26 15:00:00+00:00
[2026-06-26T15:40:40.902+0000] {processor.py:208} INFO - Processing /opt/airflow/dags/ingest_avito_to_raw.py took 0.051 seconds
[2026-06-26T15:41:11.264+0000] {processor.py:186} INFO - Started process (PID=1323) to work on /opt/airflow/dags/ingest_avito_to_raw.py
[2026-06-26T15:41:11.265+0000] {processor.py:914} INFO - Processing file /opt/airflow/dags/ingest_avito_to_raw.py for tasks to queue
[2026-06-26T15:41:11.266+0000] {logging_mixin.py:190} INFO - [2026-06-26T15:41:11.266+0000] {dagbag.py:588} INFO - Filling up the DagBag from /opt/airflow/dags/ingest_avito_to_raw.py
[2026-06-26T15:41:11.273+0000] {processor.py:925} INFO - DAG(s) 'ingest_avito_to_raw' retrieved from /opt/airflow/dags/ingest_avito_to_raw.py
[2026-06-26T15:41:11.291+0000] {logging_mixin.py:190} INFO - [2026-06-26T15:41:11.291+0000] {dag.py:3239} INFO - Sync 1 DAGs
[2026-06-26T15:41:11.302+0000] {logging_mixin.py:190} INFO - [2026-06-26T15:41:11.302+0000] {dag.py:4180} INFO - Setting next_dagrun for ingest_avito_to_raw to 2026-06-26 14:00:00+00:00, run_after=2026-06-26 15:00:00+00:00
[2026-06-26T15:41:11.311+0000] {processor.py:208} INFO - Processing /opt/airflow/dags/ingest_avito_to_raw.py took 0.053 seconds
[2026-06-26T15:41:41.646+0000] {processor.py:186} INFO - Started process (PID=1333) to work on /opt/airflow/dags/ingest_avito_to_raw.py
[2026-06-26T15:41:41.647+0000] {processor.py:914} INFO - Processing file /opt/airflow/dags/ingest_avito_to_raw.py for tasks to queue
[2026-06-26T15:41:41.648+0000] {logging_mixin.py:190} INFO - [2026-06-26T15:41:41.648+0000] {dagbag.py:588} INFO - Filling up the DagBag from /opt/airflow/dags/ingest_avito_to_raw.py
[2026-06-26T15:41:41.654+0000] {processor.py:925} INFO - DAG(s) 'ingest_avito_to_raw' retrieved from /opt/airflow/dags/ingest_avito_to_raw.py
[2026-06-26T15:41:41.668+0000] {logging_mixin.py:190} INFO - [2026-06-26T15:41:41.668+0000] {dag.py:3239} INFO - Sync 1 DAGs
[2026-06-26T15:41:41.677+0000] {logging_mixin.py:190} INFO - [2026-06-26T15:41:41.677+0000] {dag.py:4180} INFO - Setting next_dagrun for ingest_avito_to_raw to 2026-06-26 14:00:00+00:00, run_after=2026-06-26 15:00:00+00:00
[2026-06-26T15:41:41.686+0000] {processor.py:208} INFO - Processing /opt/airflow/dags/ingest_avito_to_raw.py took 0.043 seconds
[2026-06-26T15:42:12.039+0000] {processor.py:186} INFO - Started process (PID=1343) to work on /opt/airflow/dags/ingest_avito_to_raw.py
[2026-06-26T15:42:12.039+0000] {processor.py:914} INFO - Processing file /opt/airflow/dags/ingest_avito_to_raw.py for tasks to queue
[2026-06-26T15:42:12.041+0000] {logging_mixin.py:190} INFO - [2026-06-26T15:42:12.040+0000] {dagbag.py:588} INFO - Filling up the DagBag from /opt/airflow/dags/ingest_avito_to_raw.py
[2026-06-26T15:42:12.049+0000] {processor.py:925} INFO - DAG(s) 'ingest_avito_to_raw' retrieved from /opt/airflow/dags/ingest_avito_to_raw.py
[2026-06-26T15:42:12.064+0000] {logging_mixin.py:190} INFO - [2026-06-26T15:42:12.064+0000] {dag.py:3239} INFO - Sync 1 DAGs
[2026-06-26T15:42:12.074+0000] {logging_mixin.py:190} INFO - [2026-06-26T15:42:12.074+0000] {dag.py:4180} INFO - Setting next_dagrun for ingest_avito_to_raw to 2026-06-26 14:00:00+00:00, run_after=2026-06-26 15:00:00+00:00
[2026-06-26T15:42:12.082+0000] {processor.py:208} INFO - Processing /opt/airflow/dags/ingest_avito_to_raw.py took 0.048 seconds
[2026-06-26T15:42:42.413+0000] {processor.py:186} INFO - Started process (PID=1353) to work on /opt/airflow/dags/ingest_avito_to_raw.py
[2026-06-26T15:42:42.414+0000] {processor.py:914} INFO - Processing file /opt/airflow/dags/ingest_avito_to_raw.py for tasks to queue
[2026-06-26T15:42:42.415+0000] {logging_mixin.py:190} INFO - [2026-06-26T15:42:42.415+0000] {dagbag.py:588} INFO - Filling up the DagBag from /opt/airflow/dags/ingest_avito_to_raw.py
[2026-06-26T15:42:42.423+0000] {processor.py:925} INFO - DAG(s) 'ingest_avito_to_raw' retrieved from /opt/airflow/dags/ingest_avito_to_raw.py
[2026-06-26T15:42:42.439+0000] {logging_mixin.py:190} INFO - [2026-06-26T15:42:42.438+0000] {dag.py:3239} INFO - Sync 1 DAGs
[2026-06-26T15:42:42.450+0000] {logging_mixin.py:190} INFO - [2026-06-26T15:42:42.450+0000] {dag.py:4180} INFO - Setting next_dagrun for ingest_avito_to_raw to 2026-06-26 14:00:00+00:00, run_after=2026-06-26 15:00:00+00:00
[2026-06-26T15:42:42.459+0000] {processor.py:208} INFO - Processing /opt/airflow/dags/ingest_avito_to_raw.py took 0.050 seconds
[2026-06-26T15:43:12.855+0000] {processor.py:186} INFO - Started process (PID=1363) to work on /opt/airflow/dags/ingest_avito_to_raw.py
[2026-06-26T15:43:12.856+0000] {processor.py:914} INFO - Processing file /opt/airflow/dags/ingest_avito_to_raw.py for tasks to queue
[2026-06-26T15:43:12.857+0000] {logging_mixin.py:190} INFO - [2026-06-26T15:43:12.857+0000] {dagbag.py:588} INFO - Filling up the DagBag from /opt/airflow/dags/ingest_avito_to_raw.py
[2026-06-26T15:43:12.868+0000] {processor.py:925} INFO - DAG(s) 'ingest_avito_to_raw' retrieved from /opt/airflow/dags/ingest_avito_to_raw.py
[2026-06-26T15:43:12.882+0000] {logging_mixin.py:190} INFO - [2026-06-26T15:43:12.882+0000] {dag.py:3239} INFO - Sync 1 DAGs
[2026-06-26T15:43:12.893+0000] {logging_mixin.py:190} INFO - [2026-06-26T15:43:12.892+0000] {dag.py:4180} INFO - Setting next_dagrun for ingest_avito_to_raw to 2026-06-26 14:00:00+00:00, run_after=2026-06-26 15:00:00+00:00
[2026-06-26T15:43:12.904+0000] {processor.py:208} INFO - Processing /opt/airflow/dags/ingest_avito_to_raw.py took 0.054 seconds
[2026-06-26T15:43:43.263+0000] {processor.py:186} INFO - Started process (PID=1373) to work on /opt/airflow/dags/ingest_avito_to_raw.py
[2026-06-26T15:43:43.264+0000] {processor.py:914} INFO - Processing file /opt/airflow/dags/ingest_avito_to_raw.py for tasks to queue
[2026-06-26T15:43:43.265+0000] {logging_mixin.py:190} INFO - [2026-06-26T15:43:43.265+0000] {dagbag.py:588} INFO - Filling up the DagBag from /opt/airflow/dags/ingest_avito_to_raw.py
[2026-06-26T15:43:43.272+0000] {processor.py:925} INFO - DAG(s) 'ingest_avito_to_raw' retrieved from /opt/airflow/dags/ingest_avito_to_raw.py
[2026-06-26T15:43:43.287+0000] {logging_mixin.py:190} INFO - [2026-06-26T15:43:43.287+0000] {dag.py:3239} INFO - Sync 1 DAGs
[2026-06-26T15:43:43.298+0000] {logging_mixin.py:190} INFO - [2026-06-26T15:43:43.298+0000] {dag.py:4180} INFO - Setting next_dagrun for ingest_avito_to_raw to 2026-06-26 14:00:00+00:00, run_after=2026-06-26 15:00:00+00:00
[2026-06-26T15:43:43.306+0000] {processor.py:208} INFO - Processing /opt/airflow/dags/ingest_avito_to_raw.py took 0.047 seconds
[2026-06-26T15:44:13.695+0000] {processor.py:186} INFO - Started process (PID=1383) to work on /opt/airflow/dags/ingest_avito_to_raw.py
[2026-06-26T15:44:13.696+0000] {processor.py:914} INFO - Processing file /opt/airflow/dags/ingest_avito_to_raw.py for tasks to queue
[2026-06-26T15:44:13.698+0000] {logging_mixin.py:190} INFO - [2026-06-26T15:44:13.698+0000] {dagbag.py:588} INFO - Filling up the DagBag from /opt/airflow/dags/ingest_avito_to_raw.py
[2026-06-26T15:44:13.704+0000] {processor.py:925} INFO - DAG(s) 'ingest_avito_to_raw' retrieved from /opt/airflow/dags/ingest_avito_to_raw.py
[2026-06-26T15:44:13.723+0000] {logging_mixin.py:190} INFO - [2026-06-26T15:44:13.723+0000] {dag.py:3239} INFO - Sync 1 DAGs
[2026-06-26T15:44:13.734+0000] {logging_mixin.py:190} INFO - [2026-06-26T15:44:13.734+0000] {dag.py:4180} INFO - Setting next_dagrun for ingest_avito_to_raw to 2026-06-26 14:00:00+00:00, run_after=2026-06-26 15:00:00+00:00
[2026-06-26T15:44:13.744+0000] {processor.py:208} INFO - Processing /opt/airflow/dags/ingest_avito_to_raw.py took 0.053 seconds
[2026-06-26T15:44:44.109+0000] {processor.py:186} INFO - Started process (PID=1393) to work on /opt/airflow/dags/ingest_avito_to_raw.py
[2026-06-26T15:44:44.109+0000] {processor.py:914} INFO - Processing file /opt/airflow/dags/ingest_avito_to_raw.py for tasks to queue
[2026-06-26T15:44:44.111+0000] {logging_mixin.py:190} INFO - [2026-06-26T15:44:44.111+0000] {dagbag.py:588} INFO - Filling up the DagBag from /opt/airflow/dags/ingest_avito_to_raw.py
[2026-06-26T15:44:44.117+0000] {processor.py:925} INFO - DAG(s) 'ingest_avito_to_raw' retrieved from /opt/airflow/dags/ingest_avito_to_raw.py
[2026-06-26T15:44:44.134+0000] {logging_mixin.py:190} INFO - [2026-06-26T15:44:44.134+0000] {dag.py:3239} INFO - Sync 1 DAGs
[2026-06-26T15:44:44.144+0000] {logging_mixin.py:190} INFO - [2026-06-26T15:44:44.144+0000] {dag.py:4180} INFO - Setting next_dagrun for ingest_avito_to_raw to 2026-06-26 14:00:00+00:00, run_after=2026-06-26 15:00:00+00:00
[2026-06-26T15:44:44.154+0000] {processor.py:208} INFO - Processing /opt/airflow/dags/ingest_avito_to_raw.py took 0.049 seconds
[2026-06-26T15:45:14.483+0000] {processor.py:186} INFO - Started process (PID=1403) to work on /opt/airflow/dags/ingest_avito_to_raw.py
[2026-06-26T15:45:14.483+0000] {processor.py:914} INFO - Processing file /opt/airflow/dags/ingest_avito_to_raw.py for tasks to queue
[2026-06-26T15:45:14.485+0000] {logging_mixin.py:190} INFO - [2026-06-26T15:45:14.485+0000] {dagbag.py:588} INFO - Filling up the DagBag from /opt/airflow/dags/ingest_avito_to_raw.py
[2026-06-26T15:45:14.492+0000] {processor.py:925} INFO - DAG(s) 'ingest_avito_to_raw' retrieved from /opt/airflow/dags/ingest_avito_to_raw.py
[2026-06-26T15:45:14.508+0000] {logging_mixin.py:190} INFO - [2026-06-26T15:45:14.508+0000] {dag.py:3239} INFO - Sync 1 DAGs
[2026-06-26T15:45:14.519+0000] {logging_mixin.py:190} INFO - [2026-06-26T15:45:14.519+0000] {dag.py:4180} INFO - Setting next_dagrun for ingest_avito_to_raw to 2026-06-26 14:00:00+00:00, run_after=2026-06-26 15:00:00+00:00
[2026-06-26T15:45:14.529+0000] {processor.py:208} INFO - Processing /opt/airflow/dags/ingest_avito_to_raw.py took 0.050 seconds
[2026-06-26T15:45:44.920+0000] {processor.py:186} INFO - Started process (PID=1413) to work on /opt/airflow/dags/ingest_avito_to_raw.py
[2026-06-26T15:45:44.921+0000] {processor.py:914} INFO - Processing file /opt/airflow/dags/ingest_avito_to_raw.py for tasks to queue
[2026-06-26T15:45:44.922+0000] {logging_mixin.py:190} INFO - [2026-06-26T15:45:44.922+0000] {dagbag.py:588} INFO - Filling up the DagBag from /opt/airflow/dags/ingest_avito_to_raw.py
[2026-06-26T15:45:44.931+0000] {processor.py:925} INFO - DAG(s) 'ingest_avito_to_raw' retrieved from /opt/airflow/dags/ingest_avito_to_raw.py
[2026-06-26T15:45:44.946+0000] {logging_mixin.py:190} INFO - [2026-06-26T15:45:44.946+0000] {dag.py:3239} INFO - Sync 1 DAGs
[2026-06-26T15:45:44.956+0000] {logging_mixin.py:190} INFO - [2026-06-26T15:45:44.956+0000] {dag.py:4180} INFO - Setting next_dagrun for ingest_avito_to_raw to 2026-06-26 14:00:00+00:00, run_after=2026-06-26 15:00:00+00:00
[2026-06-26T15:45:44.967+0000] {processor.py:208} INFO - Processing /opt/airflow/dags/ingest_avito_to_raw.py took 0.051 seconds
[2026-06-26T16:03:39.525+0000] {processor.py:186} INFO - Started process (PID=1423) to work on /opt/airflow/dags/ingest_avito_to_raw.py
[2026-06-26T16:03:39.526+0000] {processor.py:914} INFO - Processing file /opt/airflow/dags/ingest_avito_to_raw.py for tasks to queue
[2026-06-26T16:03:39.527+0000] {logging_mixin.py:190} INFO - [2026-06-26T16:03:39.527+0000] {dagbag.py:588} INFO - Filling up the DagBag from /opt/airflow/dags/ingest_avito_to_raw.py
[2026-06-26T16:03:39.534+0000] {processor.py:925} INFO - DAG(s) 'ingest_avito_to_raw' retrieved from /opt/airflow/dags/ingest_avito_to_raw.py
[2026-06-26T16:03:39.552+0000] {logging_mixin.py:190} INFO - [2026-06-26T16:03:39.552+0000] {dag.py:3239} INFO - Sync 1 DAGs
[2026-06-26T16:03:39.564+0000] {logging_mixin.py:190} INFO - [2026-06-26T16:03:39.564+0000] {dag.py:4180} INFO - Setting next_dagrun for ingest_avito_to_raw to 2026-06-26 15:00:00+00:00, run_after=2026-06-26 16:00:00+00:00
[2026-06-26T16:03:39.574+0000] {processor.py:208} INFO - Processing /opt/airflow/dags/ingest_avito_to_raw.py took 0.052 seconds
[2026-06-26T16:04:09.943+0000] {processor.py:186} INFO - Started process (PID=1433) to work on /opt/airflow/dags/ingest_avito_to_raw.py
[2026-06-26T16:04:09.944+0000] {processor.py:914} INFO - Processing file /opt/airflow/dags/ingest_avito_to_raw.py for tasks to queue
[2026-06-26T16:04:09.946+0000] {logging_mixin.py:190} INFO - [2026-06-26T16:04:09.946+0000] {dagbag.py:588} INFO - Filling up the DagBag from /opt/airflow/dags/ingest_avito_to_raw.py
[2026-06-26T16:04:09.953+0000] {processor.py:925} INFO - DAG(s) 'ingest_avito_to_raw' retrieved from /opt/airflow/dags/ingest_avito_to_raw.py
[2026-06-26T16:04:09.981+0000] {logging_mixin.py:190} INFO - [2026-06-26T16:04:09.981+0000] {dag.py:3239} INFO - Sync 1 DAGs
[2026-06-26T16:04:09.992+0000] {logging_mixin.py:190} INFO - [2026-06-26T16:04:09.992+0000] {dag.py:4180} INFO - Setting next_dagrun for ingest_avito_to_raw to 2026-06-26 15:00:00+00:00, run_after=2026-06-26 16:00:00+00:00
[2026-06-26T16:04:10.000+0000] {processor.py:208} INFO - Processing /opt/airflow/dags/ingest_avito_to_raw.py took 0.061 seconds
[2026-06-26T16:20:33.362+0000] {processor.py:186} INFO - Started process (PID=1443) to work on /opt/airflow/dags/ingest_avito_to_raw.py
[2026-06-26T16:20:33.363+0000] {processor.py:914} INFO - Processing file /opt/airflow/dags/ingest_avito_to_raw.py for tasks to queue
[2026-06-26T16:20:33.364+0000] {logging_mixin.py:190} INFO - [2026-06-26T16:20:33.364+0000] {dagbag.py:588} INFO - Filling up the DagBag from /opt/airflow/dags/ingest_avito_to_raw.py
[2026-06-26T16:20:33.373+0000] {processor.py:925} INFO - DAG(s) 'ingest_avito_to_raw' retrieved from /opt/airflow/dags/ingest_avito_to_raw.py
[2026-06-26T16:20:33.391+0000] {logging_mixin.py:190} INFO - [2026-06-26T16:20:33.391+0000] {dag.py:3239} INFO - Sync 1 DAGs
[2026-06-26T16:20:33.402+0000] {logging_mixin.py:190} INFO - [2026-06-26T16:20:33.402+0000] {dag.py:4180} INFO - Setting next_dagrun for ingest_avito_to_raw to 2026-06-26 15:00:00+00:00, run_after=2026-06-26 16:00:00+00:00
[2026-06-26T16:20:33.411+0000] {processor.py:208} INFO - Processing /opt/airflow/dags/ingest_avito_to_raw.py took 0.053 seconds
[2026-06-26T16:36:32.422+0000] {processor.py:186} INFO - Started process (PID=1453) to work on /opt/airflow/dags/ingest_avito_to_raw.py
[2026-06-26T16:36:32.423+0000] {processor.py:914} INFO - Processing file /opt/airflow/dags/ingest_avito_to_raw.py for tasks to queue
[2026-06-26T16:36:32.425+0000] {logging_mixin.py:190} INFO - [2026-06-26T16:36:32.424+0000] {dagbag.py:588} INFO - Filling up the DagBag from /opt/airflow/dags/ingest_avito_to_raw.py
[2026-06-26T16:36:32.433+0000] {processor.py:925} INFO - DAG(s) 'ingest_avito_to_raw' retrieved from /opt/airflow/dags/ingest_avito_to_raw.py
[2026-06-26T16:36:32.457+0000] {logging_mixin.py:190} INFO - [2026-06-26T16:36:32.457+0000] {dag.py:3239} INFO - Sync 1 DAGs
[2026-06-26T16:36:32.470+0000] {logging_mixin.py:190} INFO - [2026-06-26T16:36:32.470+0000] {dag.py:4180} INFO - Setting next_dagrun for ingest_avito_to_raw to 2026-06-26 15:00:00+00:00, run_after=2026-06-26 16:00:00+00:00
[2026-06-26T16:36:32.482+0000] {processor.py:208} INFO - Processing /opt/airflow/dags/ingest_avito_to_raw.py took 0.064 seconds
[2026-06-26T16:37:02.786+0000] {processor.py:186} INFO - Started process (PID=1463) to work on /opt/airflow/dags/ingest_avito_to_raw.py
[2026-06-26T16:37:02.787+0000] {processor.py:914} INFO - Processing file /opt/airflow/dags/ingest_avito_to_raw.py for tasks to queue
[2026-06-26T16:37:02.788+0000] {logging_mixin.py:190} INFO - [2026-06-26T16:37:02.788+0000] {dagbag.py:588} INFO - Filling up the DagBag from /opt/airflow/dags/ingest_avito_to_raw.py
[2026-06-26T16:37:02.798+0000] {processor.py:925} INFO - DAG(s) 'ingest_avito_to_raw' retrieved from /opt/airflow/dags/ingest_avito_to_raw.py
[2026-06-26T16:37:02.818+0000] {logging_mixin.py:190} INFO - [2026-06-26T16:37:02.817+0000] {dag.py:3239} INFO - Sync 1 DAGs
[2026-06-26T16:37:02.829+0000] {logging_mixin.py:190} INFO - [2026-06-26T16:37:02.829+0000] {dag.py:4180} INFO - Setting next_dagrun for ingest_avito_to_raw to 2026-06-26 15:00:00+00:00, run_after=2026-06-26 16:00:00+00:00
[2026-06-26T16:37:02.837+0000] {processor.py:208} INFO - Processing /opt/airflow/dags/ingest_avito_to_raw.py took 0.056 seconds
[2026-06-26T16:52:57.720+0000] {processor.py:186} INFO - Started process (PID=1473) to work on /opt/airflow/dags/ingest_avito_to_raw.py
[2026-06-26T16:52:57.722+0000] {processor.py:914} INFO - Processing file /opt/airflow/dags/ingest_avito_to_raw.py for tasks to queue
[2026-06-26T16:52:57.723+0000] {logging_mixin.py:190} INFO - [2026-06-26T16:52:57.723+0000] {dagbag.py:588} INFO - Filling up the DagBag from /opt/airflow/dags/ingest_avito_to_raw.py
[2026-06-26T16:52:57.730+0000] {processor.py:925} INFO - DAG(s) 'ingest_avito_to_raw' retrieved from /opt/airflow/dags/ingest_avito_to_raw.py
[2026-06-26T16:52:57.754+0000] {logging_mixin.py:190} INFO - [2026-06-26T16:52:57.754+0000] {dag.py:3239} INFO - Sync 1 DAGs
[2026-06-26T16:52:57.765+0000] {logging_mixin.py:190} INFO - [2026-06-26T16:52:57.765+0000] {dag.py:4180} INFO - Setting next_dagrun for ingest_avito_to_raw to 2026-06-26 15:00:00+00:00, run_after=2026-06-26 16:00:00+00:00
[2026-06-26T16:52:57.775+0000] {processor.py:208} INFO - Processing /opt/airflow/dags/ingest_avito_to_raw.py took 0.061 seconds
[2026-06-26T16:53:28.168+0000] {processor.py:186} INFO - Started process (PID=1483) to work on /opt/airflow/dags/ingest_avito_to_raw.py
[2026-06-26T16:53:28.169+0000] {processor.py:914} INFO - Processing file /opt/airflow/dags/ingest_avito_to_raw.py for tasks to queue
[2026-06-26T16:53:28.170+0000] {logging_mixin.py:190} INFO - [2026-06-26T16:53:28.170+0000] {dagbag.py:588} INFO - Filling up the DagBag from /opt/airflow/dags/ingest_avito_to_raw.py
[2026-06-26T16:53:28.185+0000] {processor.py:925} INFO - DAG(s) 'ingest_avito_to_raw' retrieved from /opt/airflow/dags/ingest_avito_to_raw.py
[2026-06-26T16:53:28.201+0000] {logging_mixin.py:190} INFO - [2026-06-26T16:53:28.201+0000] {dag.py:3239} INFO - Sync 1 DAGs
[2026-06-26T16:53:28.211+0000] {logging_mixin.py:190} INFO - [2026-06-26T16:53:28.211+0000] {dag.py:4180} INFO - Setting next_dagrun for ingest_avito_to_raw to 2026-06-26 15:00:00+00:00, run_after=2026-06-26 16:00:00+00:00
[2026-06-26T16:53:28.222+0000] {processor.py:208} INFO - Processing /opt/airflow/dags/ingest_avito_to_raw.py took 0.060 seconds
[2026-06-26T17:04:38.666+0000] {processor.py:186} INFO - Started process (PID=1493) to work on /opt/airflow/dags/ingest_avito_to_raw.py
[2026-06-26T17:04:38.667+0000] {processor.py:914} INFO - Processing file /opt/airflow/dags/ingest_avito_to_raw.py for tasks to queue
[2026-06-26T17:04:38.668+0000] {logging_mixin.py:190} INFO - [2026-06-26T17:04:38.667+0000] {dagbag.py:588} INFO - Filling up the DagBag from /opt/airflow/dags/ingest_avito_to_raw.py
[2026-06-26T17:04:38.679+0000] {processor.py:925} INFO - DAG(s) 'ingest_avito_to_raw' retrieved from /opt/airflow/dags/ingest_avito_to_raw.py
[2026-06-26T17:04:38.696+0000] {logging_mixin.py:190} INFO - [2026-06-26T17:04:38.696+0000] {dag.py:3239} INFO - Sync 1 DAGs
[2026-06-26T17:04:38.706+0000] {logging_mixin.py:190} INFO - [2026-06-26T17:04:38.706+0000] {dag.py:4180} INFO - Setting next_dagrun for ingest_avito_to_raw to 2026-06-26 16:00:00+00:00, run_after=2026-06-26 17:00:00+00:00
[2026-06-26T17:04:38.717+0000] {processor.py:208} INFO - Processing /opt/airflow/dags/ingest_avito_to_raw.py took 0.055 seconds
[2026-06-26T17:05:09.134+0000] {processor.py:186} INFO - Started process (PID=1503) to work on /opt/airflow/dags/ingest_avito_to_raw.py
[2026-06-26T17:05:09.135+0000] {processor.py:914} INFO - Processing file /opt/airflow/dags/ingest_avito_to_raw.py for tasks to queue
[2026-06-26T17:05:09.136+0000] {logging_mixin.py:190} INFO - [2026-06-26T17:05:09.136+0000] {dagbag.py:588} INFO - Filling up the DagBag from /opt/airflow/dags/ingest_avito_to_raw.py
[2026-06-26T17:05:09.144+0000] {processor.py:925} INFO - DAG(s) 'ingest_avito_to_raw' retrieved from /opt/airflow/dags/ingest_avito_to_raw.py
[2026-06-26T17:05:09.162+0000] {logging_mixin.py:190} INFO - [2026-06-26T17:05:09.162+0000] {dag.py:3239} INFO - Sync 1 DAGs
[2026-06-26T17:05:09.171+0000] {logging_mixin.py:190} INFO - [2026-06-26T17:05:09.171+0000] {dag.py:4180} INFO - Setting next_dagrun for ingest_avito_to_raw to 2026-06-26 16:00:00+00:00, run_after=2026-06-26 17:00:00+00:00
[2026-06-26T17:05:09.181+0000] {processor.py:208} INFO - Processing /opt/airflow/dags/ingest_avito_to_raw.py took 0.051 seconds
[2026-06-26T17:22:04.511+0000] {processor.py:186} INFO - Started process (PID=1513) to work on /opt/airflow/dags/ingest_avito_to_raw.py
[2026-06-26T17:22:04.511+0000] {processor.py:914} INFO - Processing file /opt/airflow/dags/ingest_avito_to_raw.py for tasks to queue
[2026-06-26T17:22:04.512+0000] {logging_mixin.py:190} INFO - [2026-06-26T17:22:04.512+0000] {dagbag.py:588} INFO - Filling up the DagBag from /opt/airflow/dags/ingest_avito_to_raw.py
[2026-06-26T17:22:04.519+0000] {processor.py:925} INFO - DAG(s) 'ingest_avito_to_raw' retrieved from /opt/airflow/dags/ingest_avito_to_raw.py
[2026-06-26T17:22:04.535+0000] {logging_mixin.py:190} INFO - [2026-06-26T17:22:04.534+0000] {dag.py:3239} INFO - Sync 1 DAGs
[2026-06-26T17:22:04.544+0000] {logging_mixin.py:190} INFO - [2026-06-26T17:22:04.544+0000] {dag.py:4180} INFO - Setting next_dagrun for ingest_avito_to_raw to 2026-06-26 16:00:00+00:00, run_after=2026-06-26 17:00:00+00:00
[2026-06-26T17:22:04.551+0000] {processor.py:208} INFO - Processing /opt/airflow/dags/ingest_avito_to_raw.py took 0.045 seconds
[2026-06-26T17:22:34.954+0000] {processor.py:186} INFO - Started process (PID=1523) to work on /opt/airflow/dags/ingest_avito_to_raw.py
[2026-06-26T17:22:34.955+0000] {processor.py:914} INFO - Processing file /opt/airflow/dags/ingest_avito_to_raw.py for tasks to queue
[2026-06-26T17:22:34.956+0000] {logging_mixin.py:190} INFO - [2026-06-26T17:22:34.956+0000] {dagbag.py:588} INFO - Filling up the DagBag from /opt/airflow/dags/ingest_avito_to_raw.py
[2026-06-26T17:22:34.964+0000] {processor.py:925} INFO - DAG(s) 'ingest_avito_to_raw' retrieved from /opt/airflow/dags/ingest_avito_to_raw.py
[2026-06-26T17:22:34.979+0000] {logging_mixin.py:190} INFO - [2026-06-26T17:22:34.979+0000] {dag.py:3239} INFO - Sync 1 DAGs
[2026-06-26T17:22:34.989+0000] {logging_mixin.py:190} INFO - [2026-06-26T17:22:34.989+0000] {dag.py:4180} INFO - Setting next_dagrun for ingest_avito_to_raw to 2026-06-26 16:00:00+00:00, run_after=2026-06-26 17:00:00+00:00
[2026-06-26T17:22:34.999+0000] {processor.py:208} INFO - Processing /opt/airflow/dags/ingest_avito_to_raw.py took 0.050 seconds
[2026-06-26T17:23:05.428+0000] {processor.py:186} INFO - Started process (PID=1533) to work on /opt/airflow/dags/ingest_avito_to_raw.py
[2026-06-26T17:23:05.429+0000] {processor.py:914} INFO - Processing file /opt/airflow/dags/ingest_avito_to_raw.py for tasks to queue
[2026-06-26T17:23:05.430+0000] {logging_mixin.py:190} INFO - [2026-06-26T17:23:05.430+0000] {dagbag.py:588} INFO - Filling up the DagBag from /opt/airflow/dags/ingest_avito_to_raw.py
[2026-06-26T17:23:05.438+0000] {processor.py:925} INFO - DAG(s) 'ingest_avito_to_raw' retrieved from /opt/airflow/dags/ingest_avito_to_raw.py
[2026-06-26T17:23:05.453+0000] {logging_mixin.py:190} INFO - [2026-06-26T17:23:05.452+0000] {dag.py:3239} INFO - Sync 1 DAGs
[2026-06-26T17:23:05.463+0000] {logging_mixin.py:190} INFO - [2026-06-26T17:23:05.463+0000] {dag.py:4180} INFO - Setting next_dagrun for ingest_avito_to_raw to 2026-06-26 16:00:00+00:00, run_after=2026-06-26 17:00:00+00:00
[2026-06-26T17:23:05.473+0000] {processor.py:208} INFO - Processing /opt/airflow/dags/ingest_avito_to_raw.py took 0.050 seconds
[2026-06-26T17:23:35.914+0000] {processor.py:186} INFO - Started process (PID=1543) to work on /opt/airflow/dags/ingest_avito_to_raw.py
[2026-06-26T17:23:35.914+0000] {processor.py:914} INFO - Processing file /opt/airflow/dags/ingest_avito_to_raw.py for tasks to queue
[2026-06-26T17:23:35.916+0000] {logging_mixin.py:190} INFO - [2026-06-26T17:23:35.916+0000] {dagbag.py:588} INFO - Filling up the DagBag from /opt/airflow/dags/ingest_avito_to_raw.py
[2026-06-26T17:23:35.922+0000] {processor.py:925} INFO - DAG(s) 'ingest_avito_to_raw' retrieved from /opt/airflow/dags/ingest_avito_to_raw.py
[2026-06-26T17:23:35.940+0000] {logging_mixin.py:190} INFO - [2026-06-26T17:23:35.939+0000] {dag.py:3239} INFO - Sync 1 DAGs
[2026-06-26T17:23:35.950+0000] {logging_mixin.py:190} INFO - [2026-06-26T17:23:35.950+0000] {dag.py:4180} INFO - Setting next_dagrun for ingest_avito_to_raw to 2026-06-26 16:00:00+00:00, run_after=2026-06-26 17:00:00+00:00
[2026-06-26T17:23:35.960+0000] {processor.py:208} INFO - Processing /opt/airflow/dags/ingest_avito_to_raw.py took 0.050 seconds
[2026-06-26T17:24:06.390+0000] {processor.py:186} INFO - Started process (PID=1553) to work on /opt/airflow/dags/ingest_avito_to_raw.py
[2026-06-26T17:24:06.390+0000] {processor.py:914} INFO - Processing file /opt/airflow/dags/ingest_avito_to_raw.py for tasks to queue
[2026-06-26T17:24:06.392+0000] {logging_mixin.py:190} INFO - [2026-06-26T17:24:06.392+0000] {dagbag.py:588} INFO - Filling up the DagBag from /opt/airflow/dags/ingest_avito_to_raw.py
[2026-06-26T17:24:06.402+0000] {processor.py:925} INFO - DAG(s) 'ingest_avito_to_raw' retrieved from /opt/airflow/dags/ingest_avito_to_raw.py
[2026-06-26T17:24:06.420+0000] {logging_mixin.py:190} INFO - [2026-06-26T17:24:06.419+0000] {dag.py:3239} INFO - Sync 1 DAGs
[2026-06-26T17:24:06.429+0000] {logging_mixin.py:190} INFO - [2026-06-26T17:24:06.429+0000] {dag.py:4180} INFO - Setting next_dagrun for ingest_avito_to_raw to 2026-06-26 16:00:00+00:00, run_after=2026-06-26 17:00:00+00:00
[2026-06-26T17:24:06.436+0000] {processor.py:208} INFO - Processing /opt/airflow/dags/ingest_avito_to_raw.py took 0.051 seconds
[2026-06-26T17:24:36.785+0000] {processor.py:186} INFO - Started process (PID=1563) to work on /opt/airflow/dags/ingest_avito_to_raw.py
[2026-06-26T17:24:36.786+0000] {processor.py:914} INFO - Processing file /opt/airflow/dags/ingest_avito_to_raw.py for tasks to queue
[2026-06-26T17:24:36.787+0000] {logging_mixin.py:190} INFO - [2026-06-26T17:24:36.787+0000] {dagbag.py:588} INFO - Filling up the DagBag from /opt/airflow/dags/ingest_avito_to_raw.py
[2026-06-26T17:24:36.794+0000] {processor.py:925} INFO - DAG(s) 'ingest_avito_to_raw' retrieved from /opt/airflow/dags/ingest_avito_to_raw.py
[2026-06-26T17:24:36.812+0000] {logging_mixin.py:190} INFO - [2026-06-26T17:24:36.812+0000] {dag.py:3239} INFO - Sync 1 DAGs
[2026-06-26T17:24:36.823+0000] {logging_mixin.py:190} INFO - [2026-06-26T17:24:36.823+0000] {dag.py:4180} INFO - Setting next_dagrun for ingest_avito_to_raw to 2026-06-26 16:00:00+00:00, run_after=2026-06-26 17:00:00+00:00
[2026-06-26T17:24:36.832+0000] {processor.py:208} INFO - Processing /opt/airflow/dags/ingest_avito_to_raw.py took 0.051 seconds
[2026-06-26T17:25:07.196+0000] {processor.py:186} INFO - Started process (PID=1573) to work on /opt/airflow/dags/ingest_avito_to_raw.py
[2026-06-26T17:25:07.197+0000] {processor.py:914} INFO - Processing file /opt/airflow/dags/ingest_avito_to_raw.py for tasks to queue
[2026-06-26T17:25:07.199+0000] {logging_mixin.py:190} INFO - [2026-06-26T17:25:07.198+0000] {dagbag.py:588} INFO - Filling up the DagBag from /opt/airflow/dags/ingest_avito_to_raw.py
[2026-06-26T17:25:07.207+0000] {processor.py:925} INFO - DAG(s) 'ingest_avito_to_raw' retrieved from /opt/airflow/dags/ingest_avito_to_raw.py
[2026-06-26T17:25:07.225+0000] {logging_mixin.py:190} INFO - [2026-06-26T17:25:07.225+0000] {dag.py:3239} INFO - Sync 1 DAGs
[2026-06-26T17:25:07.233+0000] {logging_mixin.py:190} INFO - [2026-06-26T17:25:07.233+0000] {dag.py:4180} INFO - Setting next_dagrun for ingest_avito_to_raw to 2026-06-26 16:00:00+00:00, run_after=2026-06-26 17:00:00+00:00
[2026-06-26T17:25:07.244+0000] {processor.py:208} INFO - Processing /opt/airflow/dags/ingest_avito_to_raw.py took 0.053 seconds
[2026-06-26T17:25:37.562+0000] {processor.py:186} INFO - Started process (PID=1583) to work on /opt/airflow/dags/ingest_avito_to_raw.py
[2026-06-26T17:25:37.563+0000] {processor.py:914} INFO - Processing file /opt/airflow/dags/ingest_avito_to_raw.py for tasks to queue
[2026-06-26T17:25:37.564+0000] {logging_mixin.py:190} INFO - [2026-06-26T17:25:37.564+0000] {dagbag.py:588} INFO - Filling up the DagBag from /opt/airflow/dags/ingest_avito_to_raw.py
[2026-06-26T17:25:37.575+0000] {processor.py:925} INFO - DAG(s) 'ingest_avito_to_raw' retrieved from /opt/airflow/dags/ingest_avito_to_raw.py
[2026-06-26T17:25:37.591+0000] {logging_mixin.py:190} INFO - [2026-06-26T17:25:37.591+0000] {dag.py:3239} INFO - Sync 1 DAGs
[2026-06-26T17:25:37.605+0000] {logging_mixin.py:190} INFO - [2026-06-26T17:25:37.605+0000] {dag.py:4180} INFO - Setting next_dagrun for ingest_avito_to_raw to 2026-06-26 16:00:00+00:00, run_after=2026-06-26 17:00:00+00:00
[2026-06-26T17:25:37.612+0000] {processor.py:208} INFO - Processing /opt/airflow/dags/ingest_avito_to_raw.py took 0.054 seconds
[2026-06-26T17:26:07.982+0000] {processor.py:186} INFO - Started process (PID=1593) to work on /opt/airflow/dags/ingest_avito_to_raw.py
[2026-06-26T17:26:07.982+0000] {processor.py:914} INFO - Processing file /opt/airflow/dags/ingest_avito_to_raw.py for tasks to queue
[2026-06-26T17:26:07.984+0000] {logging_mixin.py:190} INFO - [2026-06-26T17:26:07.983+0000] {dagbag.py:588} INFO - Filling up the DagBag from /opt/airflow/dags/ingest_avito_to_raw.py
[2026-06-26T17:26:07.990+0000] {processor.py:925} INFO - DAG(s) 'ingest_avito_to_raw' retrieved from /opt/airflow/dags/ingest_avito_to_raw.py
[2026-06-26T17:26:08.007+0000] {logging_mixin.py:190} INFO - [2026-06-26T17:26:08.007+0000] {dag.py:3239} INFO - Sync 1 DAGs
[2026-06-26T17:26:08.017+0000] {logging_mixin.py:190} INFO - [2026-06-26T17:26:08.017+0000] {dag.py:4180} INFO - Setting next_dagrun for ingest_avito_to_raw to 2026-06-26 16:00:00+00:00, run_after=2026-06-26 17:00:00+00:00
[2026-06-26T17:26:08.027+0000] {processor.py:208} INFO - Processing /opt/airflow/dags/ingest_avito_to_raw.py took 0.050 seconds
[2026-06-26T17:26:38.420+0000] {processor.py:186} INFO - Started process (PID=1603) to work on /opt/airflow/dags/ingest_avito_to_raw.py
[2026-06-26T17:26:38.420+0000] {processor.py:914} INFO - Processing file /opt/airflow/dags/ingest_avito_to_raw.py for tasks to queue
[2026-06-26T17:26:38.422+0000] {logging_mixin.py:190} INFO - [2026-06-26T17:26:38.422+0000] {dagbag.py:588} INFO - Filling up the DagBag from /opt/airflow/dags/ingest_avito_to_raw.py
[2026-06-26T17:26:38.430+0000] {processor.py:925} INFO - DAG(s) 'ingest_avito_to_raw' retrieved from /opt/airflow/dags/ingest_avito_to_raw.py
[2026-06-26T17:26:38.446+0000] {logging_mixin.py:190} INFO - [2026-06-26T17:26:38.445+0000] {dag.py:3239} INFO - Sync 1 DAGs
[2026-06-26T17:26:38.456+0000] {logging_mixin.py:190} INFO - [2026-06-26T17:26:38.456+0000] {dag.py:4180} INFO - Setting next_dagrun for ingest_avito_to_raw to 2026-06-26 16:00:00+00:00, run_after=2026-06-26 17:00:00+00:00
[2026-06-26T17:26:38.467+0000] {processor.py:208} INFO - Processing /opt/airflow/dags/ingest_avito_to_raw.py took 0.052 seconds
[2026-06-26T17:27:08.831+0000] {processor.py:186} INFO - Started process (PID=1613) to work on /opt/airflow/dags/ingest_avito_to_raw.py
[2026-06-26T17:27:08.832+0000] {processor.py:914} INFO - Processing file /opt/airflow/dags/ingest_avito_to_raw.py for tasks to queue
[2026-06-26T17:27:08.833+0000] {logging_mixin.py:190} INFO - [2026-06-26T17:27:08.833+0000] {dagbag.py:588} INFO - Filling up the DagBag from /opt/airflow/dags/ingest_avito_to_raw.py
[2026-06-26T17:27:08.841+0000] {processor.py:925} INFO - DAG(s) 'ingest_avito_to_raw' retrieved from /opt/airflow/dags/ingest_avito_to_raw.py
[2026-06-26T17:27:08.856+0000] {logging_mixin.py:190} INFO - [2026-06-26T17:27:08.856+0000] {dag.py:3239} INFO - Sync 1 DAGs
[2026-06-26T17:27:08.868+0000] {logging_mixin.py:190} INFO - [2026-06-26T17:27:08.868+0000] {dag.py:4180} INFO - Setting next_dagrun for ingest_avito_to_raw to 2026-06-26 16:00:00+00:00, run_after=2026-06-26 17:00:00+00:00
[2026-06-26T17:27:08.877+0000] {processor.py:208} INFO - Processing /opt/airflow/dags/ingest_avito_to_raw.py took 0.051 seconds
[2026-06-26T17:44:42.214+0000] {processor.py:186} INFO - Started process (PID=1623) to work on /opt/airflow/dags/ingest_avito_to_raw.py
[2026-06-26T17:44:42.215+0000] {processor.py:914} INFO - Processing file /opt/airflow/dags/ingest_avito_to_raw.py for tasks to queue
[2026-06-26T17:44:42.216+0000] {logging_mixin.py:190} INFO - [2026-06-26T17:44:42.216+0000] {dagbag.py:588} INFO - Filling up the DagBag from /opt/airflow/dags/ingest_avito_to_raw.py
[2026-06-26T17:44:42.222+0000] {processor.py:925} INFO - DAG(s) 'ingest_avito_to_raw' retrieved from /opt/airflow/dags/ingest_avito_to_raw.py
[2026-06-26T17:44:42.238+0000] {logging_mixin.py:190} INFO - [2026-06-26T17:44:42.238+0000] {dag.py:3239} INFO - Sync 1 DAGs
[2026-06-26T17:44:42.249+0000] {logging_mixin.py:190} INFO - [2026-06-26T17:44:42.249+0000] {dag.py:4180} INFO - Setting next_dagrun for ingest_avito_to_raw to 2026-06-26 16:00:00+00:00, run_after=2026-06-26 17:00:00+00:00
[2026-06-26T17:44:42.257+0000] {processor.py:208} INFO - Processing /opt/airflow/dags/ingest_avito_to_raw.py took 0.047 seconds
[2026-06-26T18:01:00.481+0000] {processor.py:186} INFO - Started process (PID=1633) to work on /opt/airflow/dags/ingest_avito_to_raw.py
[2026-06-26T18:01:00.481+0000] {processor.py:914} INFO - Processing file /opt/airflow/dags/ingest_avito_to_raw.py for tasks to queue
[2026-06-26T18:01:00.482+0000] {logging_mixin.py:190} INFO - [2026-06-26T18:01:00.482+0000] {dagbag.py:588} INFO - Filling up the DagBag from /opt/airflow/dags/ingest_avito_to_raw.py
[2026-06-26T18:01:00.488+0000] {processor.py:925} INFO - DAG(s) 'ingest_avito_to_raw' retrieved from /opt/airflow/dags/ingest_avito_to_raw.py
[2026-06-26T18:01:00.503+0000] {logging_mixin.py:190} INFO - [2026-06-26T18:01:00.503+0000] {dag.py:3239} INFO - Sync 1 DAGs
[2026-06-26T18:01:00.513+0000] {logging_mixin.py:190} INFO - [2026-06-26T18:01:00.513+0000] {dag.py:4180} INFO - Setting next_dagrun for ingest_avito_to_raw to 2026-06-26 17:00:00+00:00, run_after=2026-06-26 18:00:00+00:00
[2026-06-26T18:01:00.523+0000] {processor.py:208} INFO - Processing /opt/airflow/dags/ingest_avito_to_raw.py took 0.046 seconds
[2026-06-26T18:01:30.877+0000] {processor.py:186} INFO - Started process (PID=1643) to work on /opt/airflow/dags/ingest_avito_to_raw.py
[2026-06-26T18:01:30.877+0000] {processor.py:914} INFO - Processing file /opt/airflow/dags/ingest_avito_to_raw.py for tasks to queue
[2026-06-26T18:01:30.879+0000] {logging_mixin.py:190} INFO - [2026-06-26T18:01:30.879+0000] {dagbag.py:588} INFO - Filling up the DagBag from /opt/airflow/dags/ingest_avito_to_raw.py
[2026-06-26T18:01:30.886+0000] {processor.py:925} INFO - DAG(s) 'ingest_avito_to_raw' retrieved from /opt/airflow/dags/ingest_avito_to_raw.py
[2026-06-26T18:01:30.905+0000] {logging_mixin.py:190} INFO - [2026-06-26T18:01:30.905+0000] {dag.py:3239} INFO - Sync 1 DAGs
[2026-06-26T18:01:30.915+0000] {logging_mixin.py:190} INFO - [2026-06-26T18:01:30.915+0000] {dag.py:4180} INFO - Setting next_dagrun for ingest_avito_to_raw to 2026-06-26 17:00:00+00:00, run_after=2026-06-26 18:00:00+00:00
[2026-06-26T18:01:30.923+0000] {processor.py:208} INFO - Processing /opt/airflow/dags/ingest_avito_to_raw.py took 0.052 seconds
[2026-06-26T18:05:58.157+0000] {processor.py:186} INFO - Started process (PID=1653) to work on /opt/airflow/dags/ingest_avito_to_raw.py
[2026-06-26T18:05:58.158+0000] {processor.py:914} INFO - Processing file /opt/airflow/dags/ingest_avito_to_raw.py for tasks to queue
[2026-06-26T18:05:58.160+0000] {logging_mixin.py:190} INFO - [2026-06-26T18:05:58.160+0000] {dagbag.py:588} INFO - Filling up the DagBag from /opt/airflow/dags/ingest_avito_to_raw.py
[2026-06-26T18:05:58.167+0000] {processor.py:925} INFO - DAG(s) 'ingest_avito_to_raw' retrieved from /opt/airflow/dags/ingest_avito_to_raw.py
[2026-06-26T18:05:58.181+0000] {logging_mixin.py:190} INFO - [2026-06-26T18:05:58.181+0000] {dag.py:3239} INFO - Sync 1 DAGs
[2026-06-26T18:05:58.192+0000] {logging_mixin.py:190} INFO - [2026-06-26T18:05:58.192+0000] {dag.py:4180} INFO - Setting next_dagrun for ingest_avito_to_raw to 2026-06-26 17:00:00+00:00, run_after=2026-06-26 18:00:00+00:00
[2026-06-26T18:05:58.203+0000] {processor.py:208} INFO - Processing /opt/airflow/dags/ingest_avito_to_raw.py took 0.050 seconds
[2026-06-26T18:24:17.536+0000] {processor.py:186} INFO - Started process (PID=1663) to work on /opt/airflow/dags/ingest_avito_to_raw.py
[2026-06-26T18:24:17.536+0000] {processor.py:914} INFO - Processing file /opt/airflow/dags/ingest_avito_to_raw.py for tasks to queue
[2026-06-26T18:24:17.537+0000] {logging_mixin.py:190} INFO - [2026-06-26T18:24:17.537+0000] {dagbag.py:588} INFO - Filling up the DagBag from /opt/airflow/dags/ingest_avito_to_raw.py
[2026-06-26T18:24:17.545+0000] {processor.py:925} INFO - DAG(s) 'ingest_avito_to_raw' retrieved from /opt/airflow/dags/ingest_avito_to_raw.py
[2026-06-26T18:24:17.559+0000] {logging_mixin.py:190} INFO - [2026-06-26T18:24:17.558+0000] {dag.py:3239} INFO - Sync 1 DAGs
[2026-06-26T18:24:17.569+0000] {logging_mixin.py:190} INFO - [2026-06-26T18:24:17.569+0000] {dag.py:4180} INFO - Setting next_dagrun for ingest_avito_to_raw to 2026-06-26 17:00:00+00:00, run_after=2026-06-26 18:00:00+00:00
[2026-06-26T18:24:17.579+0000] {processor.py:208} INFO - Processing /opt/airflow/dags/ingest_avito_to_raw.py took 0.047 seconds
[2026-06-26T18:24:47.961+0000] {processor.py:186} INFO - Started process (PID=1673) to work on /opt/airflow/dags/ingest_avito_to_raw.py
[2026-06-26T18:24:47.961+0000] {processor.py:914} INFO - Processing file /opt/airflow/dags/ingest_avito_to_raw.py for tasks to queue
[2026-06-26T18:24:47.963+0000] {logging_mixin.py:190} INFO - [2026-06-26T18:24:47.963+0000] {dagbag.py:588} INFO - Filling up the DagBag from /opt/airflow/dags/ingest_avito_to_raw.py
[2026-06-26T18:24:47.970+0000] {processor.py:925} INFO - DAG(s) 'ingest_avito_to_raw' retrieved from /opt/airflow/dags/ingest_avito_to_raw.py
[2026-06-26T18:24:47.985+0000] {logging_mixin.py:190} INFO - [2026-06-26T18:24:47.985+0000] {dag.py:3239} INFO - Sync 1 DAGs
[2026-06-26T18:24:47.996+0000] {logging_mixin.py:190} INFO - [2026-06-26T18:24:47.996+0000] {dag.py:4180} INFO - Setting next_dagrun for ingest_avito_to_raw to 2026-06-26 17:00:00+00:00, run_after=2026-06-26 18:00:00+00:00
[2026-06-26T18:24:48.006+0000] {processor.py:208} INFO - Processing /opt/airflow/dags/ingest_avito_to_raw.py took 0.050 seconds
[2026-06-26T18:40:18.330+0000] {processor.py:186} INFO - Started process (PID=1683) to work on /opt/airflow/dags/ingest_avito_to_raw.py
[2026-06-26T18:40:18.330+0000] {processor.py:914} INFO - Processing file /opt/airflow/dags/ingest_avito_to_raw.py for tasks to queue
[2026-06-26T18:40:18.332+0000] {logging_mixin.py:190} INFO - [2026-06-26T18:40:18.332+0000] {dagbag.py:588} INFO - Filling up the DagBag from /opt/airflow/dags/ingest_avito_to_raw.py
[2026-06-26T18:40:18.339+0000] {processor.py:925} INFO - DAG(s) 'ingest_avito_to_raw' retrieved from /opt/airflow/dags/ingest_avito_to_raw.py
[2026-06-26T18:40:18.352+0000] {logging_mixin.py:190} INFO - [2026-06-26T18:40:18.352+0000] {dag.py:3239} INFO - Sync 1 DAGs
[2026-06-26T18:40:18.362+0000] {logging_mixin.py:190} INFO - [2026-06-26T18:40:18.362+0000] {dag.py:4180} INFO - Setting next_dagrun for ingest_avito_to_raw to 2026-06-26 17:00:00+00:00, run_after=2026-06-26 18:00:00+00:00
[2026-06-26T18:40:18.372+0000] {processor.py:208} INFO - Processing /opt/airflow/dags/ingest_avito_to_raw.py took 0.047 seconds
[2026-06-26T18:57:19.676+0000] {processor.py:186} INFO - Started process (PID=1693) to work on /opt/airflow/dags/ingest_avito_to_raw.py
[2026-06-26T18:57:19.677+0000] {processor.py:914} INFO - Processing file /opt/airflow/dags/ingest_avito_to_raw.py for tasks to queue
[2026-06-26T18:57:19.678+0000] {logging_mixin.py:190} INFO - [2026-06-26T18:57:19.678+0000] {dagbag.py:588} INFO - Filling up the DagBag from /opt/airflow/dags/ingest_avito_to_raw.py
[2026-06-26T18:57:19.684+0000] {processor.py:925} INFO - DAG(s) 'ingest_avito_to_raw' retrieved from /opt/airflow/dags/ingest_avito_to_raw.py
[2026-06-26T18:57:19.701+0000] {logging_mixin.py:190} INFO - [2026-06-26T18:57:19.701+0000] {dag.py:3239} INFO - Sync 1 DAGs
[2026-06-26T18:57:19.711+0000] {logging_mixin.py:190} INFO - [2026-06-26T18:57:19.711+0000] {dag.py:4180} INFO - Setting next_dagrun for ingest_avito_to_raw to 2026-06-26 17:00:00+00:00, run_after=2026-06-26 18:00:00+00:00
[2026-06-26T18:57:19.719+0000] {processor.py:208} INFO - Processing /opt/airflow/dags/ingest_avito_to_raw.py took 0.047 seconds
[2026-06-26T18:57:50.040+0000] {processor.py:186} INFO - Started process (PID=1703) to work on /opt/airflow/dags/ingest_avito_to_raw.py
[2026-06-26T18:57:50.041+0000] {processor.py:914} INFO - Processing file /opt/airflow/dags/ingest_avito_to_raw.py for tasks to queue
[2026-06-26T18:57:50.044+0000] {logging_mixin.py:190} INFO - [2026-06-26T18:57:50.043+0000] {dagbag.py:588} INFO - Filling up the DagBag from /opt/airflow/dags/ingest_avito_to_raw.py
[2026-06-26T18:57:50.052+0000] {processor.py:925} INFO - DAG(s) 'ingest_avito_to_raw' retrieved from /opt/airflow/dags/ingest_avito_to_raw.py
[2026-06-26T18:57:50.067+0000] {logging_mixin.py:190} INFO - [2026-06-26T18:57:50.067+0000] {dag.py:3239} INFO - Sync 1 DAGs
[2026-06-26T18:57:50.077+0000] {logging_mixin.py:190} INFO - [2026-06-26T18:57:50.077+0000] {dag.py:4180} INFO - Setting next_dagrun for ingest_avito_to_raw to 2026-06-26 17:00:00+00:00, run_after=2026-06-26 18:00:00+00:00
[2026-06-26T18:57:50.084+0000] {processor.py:208} INFO - Processing /opt/airflow/dags/ingest_avito_to_raw.py took 0.049 seconds
[2026-06-26T18:58:20.405+0000] {processor.py:186} INFO - Started process (PID=1713) to work on /opt/airflow/dags/ingest_avito_to_raw.py
[2026-06-26T18:58:20.405+0000] {processor.py:914} INFO - Processing file /opt/airflow/dags/ingest_avito_to_raw.py for tasks to queue
[2026-06-26T18:58:20.407+0000] {logging_mixin.py:190} INFO - [2026-06-26T18:58:20.407+0000] {dagbag.py:588} INFO - Filling up the DagBag from /opt/airflow/dags/ingest_avito_to_raw.py
[2026-06-26T18:58:20.413+0000] {processor.py:925} INFO - DAG(s) 'ingest_avito_to_raw' retrieved from /opt/airflow/dags/ingest_avito_to_raw.py
[2026-06-26T18:58:20.430+0000] {logging_mixin.py:190} INFO - [2026-06-26T18:58:20.430+0000] {dag.py:3239} INFO - Sync 1 DAGs
[2026-06-26T18:58:20.440+0000] {logging_mixin.py:190} INFO - [2026-06-26T18:58:20.440+0000] {dag.py:4180} INFO - Setting next_dagrun for ingest_avito_to_raw to 2026-06-26 17:00:00+00:00, run_after=2026-06-26 18:00:00+00:00
[2026-06-26T18:58:20.450+0000] {processor.py:208} INFO - Processing /opt/airflow/dags/ingest_avito_to_raw.py took 0.049 seconds
[2026-06-26T19:06:57.628+0000] {processor.py:186} INFO - Started process (PID=1723) to work on /opt/airflow/dags/ingest_avito_to_raw.py
[2026-06-26T19:06:57.629+0000] {processor.py:914} INFO - Processing file /opt/airflow/dags/ingest_avito_to_raw.py for tasks to queue
[2026-06-26T19:06:57.631+0000] {logging_mixin.py:190} INFO - [2026-06-26T19:06:57.630+0000] {dagbag.py:588} INFO - Filling up the DagBag from /opt/airflow/dags/ingest_avito_to_raw.py
[2026-06-26T19:06:57.636+0000] {processor.py:925} INFO - DAG(s) 'ingest_avito_to_raw' retrieved from /opt/airflow/dags/ingest_avito_to_raw.py
[2026-06-26T19:06:57.651+0000] {logging_mixin.py:190} INFO - [2026-06-26T19:06:57.651+0000] {dag.py:3239} INFO - Sync 1 DAGs
[2026-06-26T19:06:57.661+0000] {logging_mixin.py:190} INFO - [2026-06-26T19:06:57.661+0000] {dag.py:4180} INFO - Setting next_dagrun for ingest_avito_to_raw to 2026-06-26 18:00:00+00:00, run_after=2026-06-26 19:00:00+00:00
[2026-06-26T19:06:57.670+0000] {processor.py:208} INFO - Processing /opt/airflow/dags/ingest_avito_to_raw.py took 0.045 seconds
[2026-06-26T19:23:17.987+0000] {processor.py:186} INFO - Started process (PID=1733) to work on /opt/airflow/dags/ingest_avito_to_raw.py
[2026-06-26T19:23:17.988+0000] {processor.py:914} INFO - Processing file /opt/airflow/dags/ingest_avito_to_raw.py for tasks to queue
[2026-06-26T19:23:17.989+0000] {logging_mixin.py:190} INFO - [2026-06-26T19:23:17.989+0000] {dagbag.py:588} INFO - Filling up the DagBag from /opt/airflow/dags/ingest_avito_to_raw.py
[2026-06-26T19:23:17.995+0000] {processor.py:925} INFO - DAG(s) 'ingest_avito_to_raw' retrieved from /opt/airflow/dags/ingest_avito_to_raw.py
[2026-06-26T19:23:18.010+0000] {logging_mixin.py:190} INFO - [2026-06-26T19:23:18.010+0000] {dag.py:3239} INFO - Sync 1 DAGs
[2026-06-26T19:23:18.021+0000] {logging_mixin.py:190} INFO - [2026-06-26T19:23:18.021+0000] {dag.py:4180} INFO - Setting next_dagrun for ingest_avito_to_raw to 2026-06-26 18:00:00+00:00, run_after=2026-06-26 19:00:00+00:00
[2026-06-26T19:23:18.030+0000] {processor.py:208} INFO - Processing /opt/airflow/dags/ingest_avito_to_raw.py took 0.048 seconds
[2026-06-26T19:23:48.434+0000] {processor.py:186} INFO - Started process (PID=1743) to work on /opt/airflow/dags/ingest_avito_to_raw.py
[2026-06-26T19:23:48.435+0000] {processor.py:914} INFO - Processing file /opt/airflow/dags/ingest_avito_to_raw.py for tasks to queue
[2026-06-26T19:23:48.436+0000] {logging_mixin.py:190} INFO - [2026-06-26T19:23:48.436+0000] {dagbag.py:588} INFO - Filling up the DagBag from /opt/airflow/dags/ingest_avito_to_raw.py
[2026-06-26T19:23:48.448+0000] {processor.py:925} INFO - DAG(s) 'ingest_avito_to_raw' retrieved from /opt/airflow/dags/ingest_avito_to_raw.py
[2026-06-26T19:23:48.463+0000] {logging_mixin.py:190} INFO - [2026-06-26T19:23:48.463+0000] {dag.py:3239} INFO - Sync 1 DAGs
[2026-06-26T19:23:48.473+0000] {logging_mixin.py:190} INFO - [2026-06-26T19:23:48.473+0000] {dag.py:4180} INFO - Setting next_dagrun for ingest_avito_to_raw to 2026-06-26 18:00:00+00:00, run_after=2026-06-26 19:00:00+00:00
[2026-06-26T19:23:48.483+0000] {processor.py:208} INFO - Processing /opt/airflow/dags/ingest_avito_to_raw.py took 0.053 seconds
[2026-06-26T19:40:06.801+0000] {processor.py:186} INFO - Started process (PID=1753) to work on /opt/airflow/dags/ingest_avito_to_raw.py
[2026-06-26T19:40:06.802+0000] {processor.py:914} INFO - Processing file /opt/airflow/dags/ingest_avito_to_raw.py for tasks to queue
[2026-06-26T19:40:06.804+0000] {logging_mixin.py:190} INFO - [2026-06-26T19:40:06.804+0000] {dagbag.py:588} INFO - Filling up the DagBag from /opt/airflow/dags/ingest_avito_to_raw.py
[2026-06-26T19:40:06.812+0000] {processor.py:925} INFO - DAG(s) 'ingest_avito_to_raw' retrieved from /opt/airflow/dags/ingest_avito_to_raw.py
[2026-06-26T19:40:06.826+0000] {logging_mixin.py:190} INFO - [2026-06-26T19:40:06.826+0000] {dag.py:3239} INFO - Sync 1 DAGs
[2026-06-26T19:40:06.836+0000] {logging_mixin.py:190} INFO - [2026-06-26T19:40:06.836+0000] {dag.py:4180} INFO - Setting next_dagrun for ingest_avito_to_raw to 2026-06-26 18:00:00+00:00, run_after=2026-06-26 19:00:00+00:00
[2026-06-26T19:40:06.843+0000] {processor.py:208} INFO - Processing /opt/airflow/dags/ingest_avito_to_raw.py took 0.046 seconds
[2026-06-26T19:56:40.176+0000] {processor.py:186} INFO - Started process (PID=1763) to work on /opt/airflow/dags/ingest_avito_to_raw.py
[2026-06-26T19:56:40.177+0000] {processor.py:914} INFO - Processing file /opt/airflow/dags/ingest_avito_to_raw.py for tasks to queue
[2026-06-26T19:56:40.178+0000] {logging_mixin.py:190} INFO - [2026-06-26T19:56:40.178+0000] {dagbag.py:588} INFO - Filling up the DagBag from /opt/airflow/dags/ingest_avito_to_raw.py
[2026-06-26T19:56:40.185+0000] {processor.py:925} INFO - DAG(s) 'ingest_avito_to_raw' retrieved from /opt/airflow/dags/ingest_avito_to_raw.py
[2026-06-26T19:56:40.202+0000] {logging_mixin.py:190} INFO - [2026-06-26T19:56:40.202+0000] {dag.py:3239} INFO - Sync 1 DAGs
[2026-06-26T19:56:40.212+0000] {logging_mixin.py:190} INFO - [2026-06-26T19:56:40.212+0000] {dag.py:4180} INFO - Setting next_dagrun for ingest_avito_to_raw to 2026-06-26 18:00:00+00:00, run_after=2026-06-26 19:00:00+00:00
[2026-06-26T19:56:40.222+0000] {processor.py:208} INFO - Processing /opt/airflow/dags/ingest_avito_to_raw.py took 0.050 seconds
[2026-06-26T19:57:10.593+0000] {processor.py:186} INFO - Started process (PID=1773) to work on /opt/airflow/dags/ingest_avito_to_raw.py
[2026-06-26T19:57:10.593+0000] {processor.py:914} INFO - Processing file /opt/airflow/dags/ingest_avito_to_raw.py for tasks to queue
[2026-06-26T19:57:10.595+0000] {logging_mixin.py:190} INFO - [2026-06-26T19:57:10.594+0000] {dagbag.py:588} INFO - Filling up the DagBag from /opt/airflow/dags/ingest_avito_to_raw.py
[2026-06-26T19:57:10.604+0000] {processor.py:925} INFO - DAG(s) 'ingest_avito_to_raw' retrieved from /opt/airflow/dags/ingest_avito_to_raw.py
[2026-06-26T19:57:10.618+0000] {logging_mixin.py:190} INFO - [2026-06-26T19:57:10.618+0000] {dag.py:3239} INFO - Sync 1 DAGs
[2026-06-26T19:57:10.630+0000] {logging_mixin.py:190} INFO - [2026-06-26T19:57:10.630+0000] {dag.py:4180} INFO - Setting next_dagrun for ingest_avito_to_raw to 2026-06-26 18:00:00+00:00, run_after=2026-06-26 19:00:00+00:00
[2026-06-26T19:57:10.641+0000] {processor.py:208} INFO - Processing /opt/airflow/dags/ingest_avito_to_raw.py took 0.053 seconds
[2026-06-26T19:57:41.018+0000] {processor.py:186} INFO - Started process (PID=1783) to work on /opt/airflow/dags/ingest_avito_to_raw.py
[2026-06-26T19:57:41.019+0000] {processor.py:914} INFO - Processing file /opt/airflow/dags/ingest_avito_to_raw.py for tasks to queue
[2026-06-26T19:57:41.020+0000] {logging_mixin.py:190} INFO - [2026-06-26T19:57:41.020+0000] {dagbag.py:588} INFO - Filling up the DagBag from /opt/airflow/dags/ingest_avito_to_raw.py
[2026-06-26T19:57:41.031+0000] {processor.py:925} INFO - DAG(s) 'ingest_avito_to_raw' retrieved from /opt/airflow/dags/ingest_avito_to_raw.py
[2026-06-26T19:57:41.045+0000] {logging_mixin.py:190} INFO - [2026-06-26T19:57:41.045+0000] {dag.py:3239} INFO - Sync 1 DAGs
[2026-06-26T19:57:41.055+0000] {logging_mixin.py:190} INFO - [2026-06-26T19:57:41.055+0000] {dag.py:4180} INFO - Setting next_dagrun for ingest_avito_to_raw to 2026-06-26 18:00:00+00:00, run_after=2026-06-26 19:00:00+00:00
[2026-06-26T19:57:41.065+0000] {processor.py:208} INFO - Processing /opt/airflow/dags/ingest_avito_to_raw.py took 0.051 seconds
[2026-06-26T20:06:32.688+0000] {processor.py:186} INFO - Started process (PID=1793) to work on /opt/airflow/dags/ingest_avito_to_raw.py
[2026-06-26T20:06:32.689+0000] {processor.py:914} INFO - Processing file /opt/airflow/dags/ingest_avito_to_raw.py for tasks to queue
[2026-06-26T20:06:32.691+0000] {logging_mixin.py:190} INFO - [2026-06-26T20:06:32.691+0000] {dagbag.py:588} INFO - Filling up the DagBag from /opt/airflow/dags/ingest_avito_to_raw.py
[2026-06-26T20:06:32.698+0000] {processor.py:925} INFO - DAG(s) 'ingest_avito_to_raw' retrieved from /opt/airflow/dags/ingest_avito_to_raw.py
[2026-06-26T20:06:32.712+0000] {logging_mixin.py:190} INFO - [2026-06-26T20:06:32.711+0000] {dag.py:3239} INFO - Sync 1 DAGs
[2026-06-26T20:06:32.721+0000] {logging_mixin.py:190} INFO - [2026-06-26T20:06:32.721+0000] {dag.py:4180} INFO - Setting next_dagrun for ingest_avito_to_raw to 2026-06-26 19:00:00+00:00, run_after=2026-06-26 20:00:00+00:00
[2026-06-26T20:06:32.730+0000] {processor.py:208} INFO - Processing /opt/airflow/dags/ingest_avito_to_raw.py took 0.045 seconds
[2026-06-26T20:22:53.186+0000] {processor.py:186} INFO - Started process (PID=1803) to work on /opt/airflow/dags/ingest_avito_to_raw.py
[2026-06-26T20:22:53.187+0000] {processor.py:914} INFO - Processing file /opt/airflow/dags/ingest_avito_to_raw.py for tasks to queue
[2026-06-26T20:22:53.188+0000] {logging_mixin.py:190} INFO - [2026-06-26T20:22:53.188+0000] {dagbag.py:588} INFO - Filling up the DagBag from /opt/airflow/dags/ingest_avito_to_raw.py
[2026-06-26T20:22:53.195+0000] {processor.py:925} INFO - DAG(s) 'ingest_avito_to_raw' retrieved from /opt/airflow/dags/ingest_avito_to_raw.py
[2026-06-26T20:22:53.211+0000] {logging_mixin.py:190} INFO - [2026-06-26T20:22:53.211+0000] {dag.py:3239} INFO - Sync 1 DAGs
[2026-06-26T20:22:53.221+0000] {logging_mixin.py:190} INFO - [2026-06-26T20:22:53.221+0000] {dag.py:4180} INFO - Setting next_dagrun for ingest_avito_to_raw to 2026-06-26 19:00:00+00:00, run_after=2026-06-26 20:00:00+00:00
[2026-06-26T20:22:53.230+0000] {processor.py:208} INFO - Processing /opt/airflow/dags/ingest_avito_to_raw.py took 0.047 seconds
[2026-06-26T20:23:23.590+0000] {processor.py:186} INFO - Started process (PID=1813) to work on /opt/airflow/dags/ingest_avito_to_raw.py
[2026-06-26T20:23:23.591+0000] {processor.py:914} INFO - Processing file /opt/airflow/dags/ingest_avito_to_raw.py for tasks to queue
[2026-06-26T20:23:23.592+0000] {logging_mixin.py:190} INFO - [2026-06-26T20:23:23.592+0000] {dagbag.py:588} INFO - Filling up the DagBag from /opt/airflow/dags/ingest_avito_to_raw.py
[2026-06-26T20:23:23.600+0000] {processor.py:925} INFO - DAG(s) 'ingest_avito_to_raw' retrieved from /opt/airflow/dags/ingest_avito_to_raw.py
[2026-06-26T20:23:23.613+0000] {logging_mixin.py:190} INFO - [2026-06-26T20:23:23.613+0000] {dag.py:3239} INFO - Sync 1 DAGs
[2026-06-26T20:23:23.623+0000] {logging_mixin.py:190} INFO - [2026-06-26T20:23:23.623+0000] {dag.py:4180} INFO - Setting next_dagrun for ingest_avito_to_raw to 2026-06-26 19:00:00+00:00, run_after=2026-06-26 20:00:00+00:00
[2026-06-26T20:23:23.632+0000] {processor.py:208} INFO - Processing /opt/airflow/dags/ingest_avito_to_raw.py took 0.046 seconds
[2026-06-26T20:39:26.939+0000] {processor.py:186} INFO - Started process (PID=1823) to work on /opt/airflow/dags/ingest_avito_to_raw.py
[2026-06-26T20:39:26.940+0000] {processor.py:914} INFO - Processing file /opt/airflow/dags/ingest_avito_to_raw.py for tasks to queue
[2026-06-26T20:39:26.942+0000] {logging_mixin.py:190} INFO - [2026-06-26T20:39:26.942+0000] {dagbag.py:588} INFO - Filling up the DagBag from /opt/airflow/dags/ingest_avito_to_raw.py
[2026-06-26T20:39:26.947+0000] {processor.py:925} INFO - DAG(s) 'ingest_avito_to_raw' retrieved from /opt/airflow/dags/ingest_avito_to_raw.py
[2026-06-26T20:39:26.963+0000] {logging_mixin.py:190} INFO - [2026-06-26T20:39:26.963+0000] {dag.py:3239} INFO - Sync 1 DAGs
[2026-06-26T20:39:26.972+0000] {logging_mixin.py:190} INFO - [2026-06-26T20:39:26.972+0000] {dag.py:4180} INFO - Setting next_dagrun for ingest_avito_to_raw to 2026-06-26 19:00:00+00:00, run_after=2026-06-26 20:00:00+00:00
[2026-06-26T20:39:26.981+0000] {processor.py:208} INFO - Processing /opt/airflow/dags/ingest_avito_to_raw.py took 0.045 seconds
[2026-06-26T20:55:02.255+0000] {processor.py:186} INFO - Started process (PID=1833) to work on /opt/airflow/dags/ingest_avito_to_raw.py
[2026-06-26T20:55:02.256+0000] {processor.py:914} INFO - Processing file /opt/airflow/dags/ingest_avito_to_raw.py for tasks to queue
[2026-06-26T20:55:02.257+0000] {logging_mixin.py:190} INFO - [2026-06-26T20:55:02.257+0000] {dagbag.py:588} INFO - Filling up the DagBag from /opt/airflow/dags/ingest_avito_to_raw.py
[2026-06-26T20:55:02.264+0000] {processor.py:925} INFO - DAG(s) 'ingest_avito_to_raw' retrieved from /opt/airflow/dags/ingest_avito_to_raw.py
[2026-06-26T20:55:02.280+0000] {logging_mixin.py:190} INFO - [2026-06-26T20:55:02.279+0000] {dag.py:3239} INFO - Sync 1 DAGs
[2026-06-26T20:55:02.290+0000] {logging_mixin.py:190} INFO - [2026-06-26T20:55:02.290+0000] {dag.py:4180} INFO - Setting next_dagrun for ingest_avito_to_raw to 2026-06-26 19:00:00+00:00, run_after=2026-06-26 20:00:00+00:00
[2026-06-26T20:55:02.298+0000] {processor.py:208} INFO - Processing /opt/airflow/dags/ingest_avito_to_raw.py took 0.047 seconds
[2026-06-26T20:55:32.606+0000] {processor.py:186} INFO - Started process (PID=1843) to work on /opt/airflow/dags/ingest_avito_to_raw.py
[2026-06-26T20:55:32.607+0000] {processor.py:914} INFO - Processing file /opt/airflow/dags/ingest_avito_to_raw.py for tasks to queue
[2026-06-26T20:55:32.608+0000] {logging_mixin.py:190} INFO - [2026-06-26T20:55:32.608+0000] {dagbag.py:588} INFO - Filling up the DagBag from /opt/airflow/dags/ingest_avito_to_raw.py
[2026-06-26T20:55:32.616+0000] {processor.py:925} INFO - DAG(s) 'ingest_avito_to_raw' retrieved from /opt/airflow/dags/ingest_avito_to_raw.py
[2026-06-26T20:55:32.633+0000] {logging_mixin.py:190} INFO - [2026-06-26T20:55:32.633+0000] {dag.py:3239} INFO - Sync 1 DAGs
[2026-06-26T20:55:32.643+0000] {logging_mixin.py:190} INFO - [2026-06-26T20:55:32.643+0000] {dag.py:4180} INFO - Setting next_dagrun for ingest_avito_to_raw to 2026-06-26 19:00:00+00:00, run_after=2026-06-26 20:00:00+00:00
[2026-06-26T20:55:32.652+0000] {processor.py:208} INFO - Processing /opt/airflow/dags/ingest_avito_to_raw.py took 0.050 seconds
[2026-06-26T20:56:03.102+0000] {processor.py:186} INFO - Started process (PID=1853) to work on /opt/airflow/dags/ingest_avito_to_raw.py
[2026-06-26T20:56:03.103+0000] {processor.py:914} INFO - Processing file /opt/airflow/dags/ingest_avito_to_raw.py for tasks to queue
[2026-06-26T20:56:03.104+0000] {logging_mixin.py:190} INFO - [2026-06-26T20:56:03.104+0000] {dagbag.py:588} INFO - Filling up the DagBag from /opt/airflow/dags/ingest_avito_to_raw.py
[2026-06-26T20:56:03.111+0000] {processor.py:925} INFO - DAG(s) 'ingest_avito_to_raw' retrieved from /opt/airflow/dags/ingest_avito_to_raw.py
[2026-06-26T20:56:03.125+0000] {logging_mixin.py:190} INFO - [2026-06-26T20:56:03.125+0000] {dag.py:3239} INFO - Sync 1 DAGs
[2026-06-26T20:56:03.137+0000] {logging_mixin.py:190} INFO - [2026-06-26T20:56:03.137+0000] {dag.py:4180} INFO - Setting next_dagrun for ingest_avito_to_raw to 2026-06-26 19:00:00+00:00, run_after=2026-06-26 20:00:00+00:00
[2026-06-26T20:56:03.147+0000] {processor.py:208} INFO - Processing /opt/airflow/dags/ingest_avito_to_raw.py took 0.050 seconds
[2026-06-26T21:07:42.594+0000] {processor.py:186} INFO - Started process (PID=1863) to work on /opt/airflow/dags/ingest_avito_to_raw.py
[2026-06-26T21:07:42.594+0000] {processor.py:914} INFO - Processing file /opt/airflow/dags/ingest_avito_to_raw.py for tasks to queue
[2026-06-26T21:07:42.597+0000] {logging_mixin.py:190} INFO - [2026-06-26T21:07:42.597+0000] {dagbag.py:588} INFO - Filling up the DagBag from /opt/airflow/dags/ingest_avito_to_raw.py
[2026-06-26T21:07:42.603+0000] {processor.py:925} INFO - DAG(s) 'ingest_avito_to_raw' retrieved from /opt/airflow/dags/ingest_avito_to_raw.py
[2026-06-26T21:07:42.616+0000] {logging_mixin.py:190} INFO - [2026-06-26T21:07:42.616+0000] {dag.py:3239} INFO - Sync 1 DAGs
[2026-06-26T21:07:42.626+0000] {logging_mixin.py:190} INFO - [2026-06-26T21:07:42.626+0000] {dag.py:4180} INFO - Setting next_dagrun for ingest_avito_to_raw to 2026-06-26 20:00:00+00:00, run_after=2026-06-26 21:00:00+00:00
[2026-06-26T21:07:42.635+0000] {processor.py:208} INFO - Processing /opt/airflow/dags/ingest_avito_to_raw.py took 0.045 seconds
[2026-06-26T21:08:12.943+0000] {processor.py:186} INFO - Started process (PID=1873) to work on /opt/airflow/dags/ingest_avito_to_raw.py
[2026-06-26T21:08:12.944+0000] {processor.py:914} INFO - Processing file /opt/airflow/dags/ingest_avito_to_raw.py for tasks to queue
[2026-06-26T21:08:12.945+0000] {logging_mixin.py:190} INFO - [2026-06-26T21:08:12.945+0000] {dagbag.py:588} INFO - Filling up the DagBag from /opt/airflow/dags/ingest_avito_to_raw.py
[2026-06-26T21:08:12.953+0000] {processor.py:925} INFO - DAG(s) 'ingest_avito_to_raw' retrieved from /opt/airflow/dags/ingest_avito_to_raw.py
[2026-06-26T21:08:12.968+0000] {logging_mixin.py:190} INFO - [2026-06-26T21:08:12.968+0000] {dag.py:3239} INFO - Sync 1 DAGs
[2026-06-26T21:08:12.980+0000] {logging_mixin.py:190} INFO - [2026-06-26T21:08:12.980+0000] {dag.py:4180} INFO - Setting next_dagrun for ingest_avito_to_raw to 2026-06-26 20:00:00+00:00, run_after=2026-06-26 21:00:00+00:00
[2026-06-26T21:08:12.990+0000] {processor.py:208} INFO - Processing /opt/airflow/dags/ingest_avito_to_raw.py took 0.050 seconds
[2026-06-26T21:25:20.204+0000] {processor.py:186} INFO - Started process (PID=1883) to work on /opt/airflow/dags/ingest_avito_to_raw.py
[2026-06-26T21:25:20.205+0000] {processor.py:914} INFO - Processing file /opt/airflow/dags/ingest_avito_to_raw.py for tasks to queue
[2026-06-26T21:25:20.206+0000] {logging_mixin.py:190} INFO - [2026-06-26T21:25:20.206+0000] {dagbag.py:588} INFO - Filling up the DagBag from /opt/airflow/dags/ingest_avito_to_raw.py
[2026-06-26T21:25:20.213+0000] {processor.py:925} INFO - DAG(s) 'ingest_avito_to_raw' retrieved from /opt/airflow/dags/ingest_avito_to_raw.py
[2026-06-26T21:25:20.229+0000] {logging_mixin.py:190} INFO - [2026-06-26T21:25:20.229+0000] {dag.py:3239} INFO - Sync 1 DAGs
[2026-06-26T21:25:20.239+0000] {logging_mixin.py:190} INFO - [2026-06-26T21:25:20.239+0000] {dag.py:4180} INFO - Setting next_dagrun for ingest_avito_to_raw to 2026-06-26 20:00:00+00:00, run_after=2026-06-26 21:00:00+00:00
[2026-06-26T21:25:20.248+0000] {processor.py:208} INFO - Processing /opt/airflow/dags/ingest_avito_to_raw.py took 0.048 seconds
[2026-06-26T21:41:38.575+0000] {processor.py:186} INFO - Started process (PID=1893) to work on /opt/airflow/dags/ingest_avito_to_raw.py
[2026-06-26T21:41:38.576+0000] {processor.py:914} INFO - Processing file /opt/airflow/dags/ingest_avito_to_raw.py for tasks to queue
[2026-06-26T21:41:38.577+0000] {logging_mixin.py:190} INFO - [2026-06-26T21:41:38.577+0000] {dagbag.py:588} INFO - Filling up the DagBag from /opt/airflow/dags/ingest_avito_to_raw.py
[2026-06-26T21:41:38.584+0000] {processor.py:925} INFO - DAG(s) 'ingest_avito_to_raw' retrieved from /opt/airflow/dags/ingest_avito_to_raw.py
[2026-06-26T21:41:38.600+0000] {logging_mixin.py:190} INFO - [2026-06-26T21:41:38.600+0000] {dag.py:3239} INFO - Sync 1 DAGs
[2026-06-26T21:41:38.611+0000] {logging_mixin.py:190} INFO - [2026-06-26T21:41:38.611+0000] {dag.py:4180} INFO - Setting next_dagrun for ingest_avito_to_raw to 2026-06-26 20:00:00+00:00, run_after=2026-06-26 21:00:00+00:00
[2026-06-26T21:41:38.620+0000] {processor.py:208} INFO - Processing /opt/airflow/dags/ingest_avito_to_raw.py took 0.049 seconds
[2026-06-26T21:42:08.986+0000] {processor.py:186} INFO - Started process (PID=1903) to work on /opt/airflow/dags/ingest_avito_to_raw.py
[2026-06-26T21:42:08.987+0000] {processor.py:914} INFO - Processing file /opt/airflow/dags/ingest_avito_to_raw.py for tasks to queue
[2026-06-26T21:42:08.989+0000] {logging_mixin.py:190} INFO - [2026-06-26T21:42:08.989+0000] {dagbag.py:588} INFO - Filling up the DagBag from /opt/airflow/dags/ingest_avito_to_raw.py
[2026-06-26T21:42:08.998+0000] {processor.py:925} INFO - DAG(s) 'ingest_avito_to_raw' retrieved from /opt/airflow/dags/ingest_avito_to_raw.py
[2026-06-26T21:42:09.017+0000] {logging_mixin.py:190} INFO - [2026-06-26T21:42:09.017+0000] {dag.py:3239} INFO - Sync 1 DAGs
[2026-06-26T21:42:09.027+0000] {logging_mixin.py:190} INFO - [2026-06-26T21:42:09.027+0000] {dag.py:4180} INFO - Setting next_dagrun for ingest_avito_to_raw to 2026-06-26 20:00:00+00:00, run_after=2026-06-26 21:00:00+00:00
[2026-06-26T21:42:09.036+0000] {processor.py:208} INFO - Processing /opt/airflow/dags/ingest_avito_to_raw.py took 0.055 seconds
[2026-06-26T21:58:39.332+0000] {processor.py:186} INFO - Started process (PID=1913) to work on /opt/airflow/dags/ingest_avito_to_raw.py
[2026-06-26T21:58:39.332+0000] {processor.py:914} INFO - Processing file /opt/airflow/dags/ingest_avito_to_raw.py for tasks to queue
[2026-06-26T21:58:39.334+0000] {logging_mixin.py:190} INFO - [2026-06-26T21:58:39.333+0000] {dagbag.py:588} INFO - Filling up the DagBag from /opt/airflow/dags/ingest_avito_to_raw.py
[2026-06-26T21:58:39.342+0000] {processor.py:925} INFO - DAG(s) 'ingest_avito_to_raw' retrieved from /opt/airflow/dags/ingest_avito_to_raw.py
[2026-06-26T21:58:39.356+0000] {logging_mixin.py:190} INFO - [2026-06-26T21:58:39.356+0000] {dag.py:3239} INFO - Sync 1 DAGs
[2026-06-26T21:58:39.365+0000] {logging_mixin.py:190} INFO - [2026-06-26T21:58:39.365+0000] {dag.py:4180} INFO - Setting next_dagrun for ingest_avito_to_raw to 2026-06-26 20:00:00+00:00, run_after=2026-06-26 21:00:00+00:00
[2026-06-26T21:58:39.374+0000] {processor.py:208} INFO - Processing /opt/airflow/dags/ingest_avito_to_raw.py took 0.046 seconds
[2026-06-26T21:59:09.667+0000] {processor.py:186} INFO - Started process (PID=1923) to work on /opt/airflow/dags/ingest_avito_to_raw.py
[2026-06-26T21:59:09.668+0000] {processor.py:914} INFO - Processing file /opt/airflow/dags/ingest_avito_to_raw.py for tasks to queue
[2026-06-26T21:59:09.669+0000] {logging_mixin.py:190} INFO - [2026-06-26T21:59:09.669+0000] {dagbag.py:588} INFO - Filling up the DagBag from /opt/airflow/dags/ingest_avito_to_raw.py
[2026-06-26T21:59:09.676+0000] {processor.py:925} INFO - DAG(s) 'ingest_avito_to_raw' retrieved from /opt/airflow/dags/ingest_avito_to_raw.py
[2026-06-26T21:59:09.691+0000] {logging_mixin.py:190} INFO - [2026-06-26T21:59:09.691+0000] {dag.py:3239} INFO - Sync 1 DAGs
[2026-06-26T21:59:09.701+0000] {logging_mixin.py:190} INFO - [2026-06-26T21:59:09.701+0000] {dag.py:4180} INFO - Setting next_dagrun for ingest_avito_to_raw to 2026-06-26 20:00:00+00:00, run_after=2026-06-26 21:00:00+00:00
[2026-06-26T21:59:09.709+0000] {processor.py:208} INFO - Processing /opt/airflow/dags/ingest_avito_to_raw.py took 0.047 seconds
[2026-06-26T22:02:31.347+0000] {processor.py:186} INFO - Started process (PID=1933) to work on /opt/airflow/dags/ingest_avito_to_raw.py
[2026-06-26T22:02:31.349+0000] {processor.py:914} INFO - Processing file /opt/airflow/dags/ingest_avito_to_raw.py for tasks to queue
[2026-06-26T22:02:31.353+0000] {logging_mixin.py:190} INFO - [2026-06-26T22:02:31.352+0000] {dagbag.py:588} INFO - Filling up the DagBag from /opt/airflow/dags/ingest_avito_to_raw.py
[2026-06-26T22:02:31.360+0000] {processor.py:925} INFO - DAG(s) 'ingest_avito_to_raw' retrieved from /opt/airflow/dags/ingest_avito_to_raw.py
[2026-06-26T22:02:31.377+0000] {logging_mixin.py:190} INFO - [2026-06-26T22:02:31.377+0000] {dag.py:3239} INFO - Sync 1 DAGs
[2026-06-26T22:02:31.387+0000] {logging_mixin.py:190} INFO - [2026-06-26T22:02:31.387+0000] {dag.py:4180} INFO - Setting next_dagrun for ingest_avito_to_raw to 2026-06-26 21:00:00+00:00, run_after=2026-06-26 22:00:00+00:00
[2026-06-26T22:02:31.396+0000] {processor.py:208} INFO - Processing /opt/airflow/dags/ingest_avito_to_raw.py took 0.053 seconds
[2026-06-26T22:03:01.700+0000] {processor.py:186} INFO - Started process (PID=1943) to work on /opt/airflow/dags/ingest_avito_to_raw.py
[2026-06-26T22:03:01.700+0000] {processor.py:914} INFO - Processing file /opt/airflow/dags/ingest_avito_to_raw.py for tasks to queue
[2026-06-26T22:03:01.702+0000] {logging_mixin.py:190} INFO - [2026-06-26T22:03:01.702+0000] {dagbag.py:588} INFO - Filling up the DagBag from /opt/airflow/dags/ingest_avito_to_raw.py
[2026-06-26T22:03:01.709+0000] {processor.py:925} INFO - DAG(s) 'ingest_avito_to_raw' retrieved from /opt/airflow/dags/ingest_avito_to_raw.py
[2026-06-26T22:03:01.727+0000] {logging_mixin.py:190} INFO - [2026-06-26T22:03:01.727+0000] {dag.py:3239} INFO - Sync 1 DAGs
[2026-06-26T22:03:01.738+0000] {logging_mixin.py:190} INFO - [2026-06-26T22:03:01.737+0000] {dag.py:4180} INFO - Setting next_dagrun for ingest_avito_to_raw to 2026-06-26 21:00:00+00:00, run_after=2026-06-26 22:00:00+00:00
[2026-06-26T22:03:01.746+0000] {processor.py:208} INFO - Processing /opt/airflow/dags/ingest_avito_to_raw.py took 0.050 seconds
[2026-06-26T22:03:32.003+0000] {processor.py:186} INFO - Started process (PID=1953) to work on /opt/airflow/dags/ingest_avito_to_raw.py
[2026-06-26T22:03:32.004+0000] {processor.py:914} INFO - Processing file /opt/airflow/dags/ingest_avito_to_raw.py for tasks to queue
[2026-06-26T22:03:32.006+0000] {logging_mixin.py:190} INFO - [2026-06-26T22:03:32.005+0000] {dagbag.py:588} INFO - Filling up the DagBag from /opt/airflow/dags/ingest_avito_to_raw.py
[2026-06-26T22:03:32.017+0000] {processor.py:925} INFO - DAG(s) 'ingest_avito_to_raw' retrieved from /opt/airflow/dags/ingest_avito_to_raw.py
[2026-06-26T22:03:32.037+0000] {logging_mixin.py:190} INFO - [2026-06-26T22:03:32.037+0000] {dag.py:3239} INFO - Sync 1 DAGs
[2026-06-26T22:03:32.049+0000] {logging_mixin.py:190} INFO - [2026-06-26T22:03:32.049+0000] {dag.py:4180} INFO - Setting next_dagrun for ingest_avito_to_raw to 2026-06-26 21:00:00+00:00, run_after=2026-06-26 22:00:00+00:00
[2026-06-26T22:03:32.060+0000] {processor.py:208} INFO - Processing /opt/airflow/dags/ingest_avito_to_raw.py took 0.062 seconds
[2026-06-26T22:04:02.406+0000] {processor.py:186} INFO - Started process (PID=1963) to work on /opt/airflow/dags/ingest_avito_to_raw.py
[2026-06-26T22:04:02.407+0000] {processor.py:914} INFO - Processing file /opt/airflow/dags/ingest_avito_to_raw.py for tasks to queue
[2026-06-26T22:04:02.410+0000] {logging_mixin.py:190} INFO - [2026-06-26T22:04:02.409+0000] {dagbag.py:588} INFO - Filling up the DagBag from /opt/airflow/dags/ingest_avito_to_raw.py
[2026-06-26T22:04:02.421+0000] {processor.py:925} INFO - DAG(s) 'ingest_avito_to_raw' retrieved from /opt/airflow/dags/ingest_avito_to_raw.py
[2026-06-26T22:04:02.443+0000] {logging_mixin.py:190} INFO - [2026-06-26T22:04:02.443+0000] {dag.py:3239} INFO - Sync 1 DAGs
[2026-06-26T22:04:02.458+0000] {logging_mixin.py:190} INFO - [2026-06-26T22:04:02.458+0000] {dag.py:4180} INFO - Setting next_dagrun for ingest_avito_to_raw to 2026-06-26 21:00:00+00:00, run_after=2026-06-26 22:00:00+00:00
[2026-06-26T22:04:02.467+0000] {processor.py:208} INFO - Processing /opt/airflow/dags/ingest_avito_to_raw.py took 0.068 seconds
[2026-06-26T22:04:32.755+0000] {processor.py:186} INFO - Started process (PID=1973) to work on /opt/airflow/dags/ingest_avito_to_raw.py
[2026-06-26T22:04:32.755+0000] {processor.py:914} INFO - Processing file /opt/airflow/dags/ingest_avito_to_raw.py for tasks to queue
[2026-06-26T22:04:32.757+0000] {logging_mixin.py:190} INFO - [2026-06-26T22:04:32.757+0000] {dagbag.py:588} INFO - Filling up the DagBag from /opt/airflow/dags/ingest_avito_to_raw.py
[2026-06-26T22:04:32.764+0000] {processor.py:925} INFO - DAG(s) 'ingest_avito_to_raw' retrieved from /opt/airflow/dags/ingest_avito_to_raw.py
[2026-06-26T22:04:32.780+0000] {logging_mixin.py:190} INFO - [2026-06-26T22:04:32.780+0000] {dag.py:3239} INFO - Sync 1 DAGs
[2026-06-26T22:04:32.791+0000] {logging_mixin.py:190} INFO - [2026-06-26T22:04:32.790+0000] {dag.py:4180} INFO - Setting next_dagrun for ingest_avito_to_raw to 2026-06-26 21:00:00+00:00, run_after=2026-06-26 22:00:00+00:00
[2026-06-26T22:04:32.801+0000] {processor.py:208} INFO - Processing /opt/airflow/dags/ingest_avito_to_raw.py took 0.051 seconds
[2026-06-26T22:05:03.108+0000] {processor.py:186} INFO - Started process (PID=1983) to work on /opt/airflow/dags/ingest_avito_to_raw.py
[2026-06-26T22:05:03.109+0000] {processor.py:914} INFO - Processing file /opt/airflow/dags/ingest_avito_to_raw.py for tasks to queue
[2026-06-26T22:05:03.110+0000] {logging_mixin.py:190} INFO - [2026-06-26T22:05:03.110+0000] {dagbag.py:588} INFO - Filling up the DagBag from /opt/airflow/dags/ingest_avito_to_raw.py
[2026-06-26T22:05:03.116+0000] {processor.py:925} INFO - DAG(s) 'ingest_avito_to_raw' retrieved from /opt/airflow/dags/ingest_avito_to_raw.py
[2026-06-26T22:05:03.131+0000] {logging_mixin.py:190} INFO - [2026-06-26T22:05:03.131+0000] {dag.py:3239} INFO - Sync 1 DAGs
[2026-06-26T22:05:03.144+0000] {logging_mixin.py:190} INFO - [2026-06-26T22:05:03.144+0000] {dag.py:4180} INFO - Setting next_dagrun for ingest_avito_to_raw to 2026-06-26 21:00:00+00:00, run_after=2026-06-26 22:00:00+00:00
[2026-06-26T22:05:03.152+0000] {processor.py:208} INFO - Processing /opt/airflow/dags/ingest_avito_to_raw.py took 0.049 seconds
[2026-06-26T22:05:33.487+0000] {processor.py:186} INFO - Started process (PID=1993) to work on /opt/airflow/dags/ingest_avito_to_raw.py
[2026-06-26T22:05:33.487+0000] {processor.py:914} INFO - Processing file /opt/airflow/dags/ingest_avito_to_raw.py for tasks to queue
[2026-06-26T22:05:33.489+0000] {logging_mixin.py:190} INFO - [2026-06-26T22:05:33.488+0000] {dagbag.py:588} INFO - Filling up the DagBag from /opt/airflow/dags/ingest_avito_to_raw.py
[2026-06-26T22:05:33.496+0000] {processor.py:925} INFO - DAG(s) 'ingest_avito_to_raw' retrieved from /opt/airflow/dags/ingest_avito_to_raw.py
[2026-06-26T22:05:33.513+0000] {logging_mixin.py:190} INFO - [2026-06-26T22:05:33.513+0000] {dag.py:3239} INFO - Sync 1 DAGs
[2026-06-26T22:05:33.523+0000] {logging_mixin.py:190} INFO - [2026-06-26T22:05:33.523+0000] {dag.py:4180} INFO - Setting next_dagrun for ingest_avito_to_raw to 2026-06-26 21:00:00+00:00, run_after=2026-06-26 22:00:00+00:00
[2026-06-26T22:05:33.534+0000] {processor.py:208} INFO - Processing /opt/airflow/dags/ingest_avito_to_raw.py took 0.051 seconds
[2026-06-26T22:06:03.796+0000] {processor.py:186} INFO - Started process (PID=2003) to work on /opt/airflow/dags/ingest_avito_to_raw.py
[2026-06-26T22:06:03.797+0000] {processor.py:914} INFO - Processing file /opt/airflow/dags/ingest_avito_to_raw.py for tasks to queue
[2026-06-26T22:06:03.799+0000] {logging_mixin.py:190} INFO - [2026-06-26T22:06:03.799+0000] {dagbag.py:588} INFO - Filling up the DagBag from /opt/airflow/dags/ingest_avito_to_raw.py
[2026-06-26T22:06:03.810+0000] {processor.py:925} INFO - DAG(s) 'ingest_avito_to_raw' retrieved from /opt/airflow/dags/ingest_avito_to_raw.py
[2026-06-26T22:06:03.826+0000] {logging_mixin.py:190} INFO - [2026-06-26T22:06:03.825+0000] {dag.py:3239} INFO - Sync 1 DAGs
[2026-06-26T22:06:03.837+0000] {logging_mixin.py:190} INFO - [2026-06-26T22:06:03.837+0000] {dag.py:4180} INFO - Setting next_dagrun for ingest_avito_to_raw to 2026-06-26 21:00:00+00:00, run_after=2026-06-26 22:00:00+00:00
[2026-06-26T22:06:03.848+0000] {processor.py:208} INFO - Processing /opt/airflow/dags/ingest_avito_to_raw.py took 0.056 seconds
[2026-06-26T22:06:34.237+0000] {processor.py:186} INFO - Started process (PID=2013) to work on /opt/airflow/dags/ingest_avito_to_raw.py
[2026-06-26T22:06:34.238+0000] {processor.py:914} INFO - Processing file /opt/airflow/dags/ingest_avito_to_raw.py for tasks to queue
[2026-06-26T22:06:34.239+0000] {logging_mixin.py:190} INFO - [2026-06-26T22:06:34.239+0000] {dagbag.py:588} INFO - Filling up the DagBag from /opt/airflow/dags/ingest_avito_to_raw.py
[2026-06-26T22:06:34.248+0000] {processor.py:925} INFO - DAG(s) 'ingest_avito_to_raw' retrieved from /opt/airflow/dags/ingest_avito_to_raw.py
[2026-06-26T22:06:34.263+0000] {logging_mixin.py:190} INFO - [2026-06-26T22:06:34.262+0000] {dag.py:3239} INFO - Sync 1 DAGs
[2026-06-26T22:06:34.275+0000] {logging_mixin.py:190} INFO - [2026-06-26T22:06:34.275+0000] {dag.py:4180} INFO - Setting next_dagrun for ingest_avito_to_raw to 2026-06-26 21:00:00+00:00, run_after=2026-06-26 22:00:00+00:00
[2026-06-26T22:06:34.284+0000] {processor.py:208} INFO - Processing /opt/airflow/dags/ingest_avito_to_raw.py took 0.051 seconds
[2026-06-26T22:07:04.588+0000] {processor.py:186} INFO - Started process (PID=2023) to work on /opt/airflow/dags/ingest_avito_to_raw.py
[2026-06-26T22:07:04.589+0000] {processor.py:914} INFO - Processing file /opt/airflow/dags/ingest_avito_to_raw.py for tasks to queue
[2026-06-26T22:07:04.590+0000] {logging_mixin.py:190} INFO - [2026-06-26T22:07:04.590+0000] {dagbag.py:588} INFO - Filling up the DagBag from /opt/airflow/dags/ingest_avito_to_raw.py
[2026-06-26T22:07:04.597+0000] {processor.py:925} INFO - DAG(s) 'ingest_avito_to_raw' retrieved from /opt/airflow/dags/ingest_avito_to_raw.py
[2026-06-26T22:07:04.615+0000] {logging_mixin.py:190} INFO - [2026-06-26T22:07:04.615+0000] {dag.py:3239} INFO - Sync 1 DAGs
[2026-06-26T22:07:04.628+0000] {logging_mixin.py:190} INFO - [2026-06-26T22:07:04.628+0000] {dag.py:4180} INFO - Setting next_dagrun for ingest_avito_to_raw to 2026-06-26 21:00:00+00:00, run_after=2026-06-26 22:00:00+00:00
[2026-06-26T22:07:04.638+0000] {processor.py:208} INFO - Processing /opt/airflow/dags/ingest_avito_to_raw.py took 0.055 seconds
[2026-06-26T22:07:34.940+0000] {processor.py:186} INFO - Started process (PID=2033) to work on /opt/airflow/dags/ingest_avito_to_raw.py
[2026-06-26T22:07:34.941+0000] {processor.py:914} INFO - Processing file /opt/airflow/dags/ingest_avito_to_raw.py for tasks to queue
[2026-06-26T22:07:34.943+0000] {logging_mixin.py:190} INFO - [2026-06-26T22:07:34.942+0000] {dagbag.py:588} INFO - Filling up the DagBag from /opt/airflow/dags/ingest_avito_to_raw.py
[2026-06-26T22:07:34.950+0000] {processor.py:925} INFO - DAG(s) 'ingest_avito_to_raw' retrieved from /opt/airflow/dags/ingest_avito_to_raw.py
[2026-06-26T22:07:34.969+0000] {logging_mixin.py:190} INFO - [2026-06-26T22:07:34.969+0000] {dag.py:3239} INFO - Sync 1 DAGs
[2026-06-26T22:07:34.982+0000] {logging_mixin.py:190} INFO - [2026-06-26T22:07:34.982+0000] {dag.py:4180} INFO - Setting next_dagrun for ingest_avito_to_raw to 2026-06-26 21:00:00+00:00, run_after=2026-06-26 22:00:00+00:00
[2026-06-26T22:07:34.991+0000] {processor.py:208} INFO - Processing /opt/airflow/dags/ingest_avito_to_raw.py took 0.056 seconds
[2026-06-26T22:08:05.312+0000] {processor.py:186} INFO - Started process (PID=2043) to work on /opt/airflow/dags/ingest_avito_to_raw.py
[2026-06-26T22:08:05.313+0000] {processor.py:914} INFO - Processing file /opt/airflow/dags/ingest_avito_to_raw.py for tasks to queue
[2026-06-26T22:08:05.314+0000] {logging_mixin.py:190} INFO - [2026-06-26T22:08:05.314+0000] {dagbag.py:588} INFO - Filling up the DagBag from /opt/airflow/dags/ingest_avito_to_raw.py
[2026-06-26T22:08:05.322+0000] {processor.py:925} INFO - DAG(s) 'ingest_avito_to_raw' retrieved from /opt/airflow/dags/ingest_avito_to_raw.py
[2026-06-26T22:08:05.341+0000] {logging_mixin.py:190} INFO - [2026-06-26T22:08:05.341+0000] {dag.py:3239} INFO - Sync 1 DAGs
[2026-06-26T22:08:05.354+0000] {logging_mixin.py:190} INFO - [2026-06-26T22:08:05.354+0000] {dag.py:4180} INFO - Setting next_dagrun for ingest_avito_to_raw to 2026-06-26 21:00:00+00:00, run_after=2026-06-26 22:00:00+00:00
[2026-06-26T22:08:05.365+0000] {processor.py:208} INFO - Processing /opt/airflow/dags/ingest_avito_to_raw.py took 0.058 seconds
[2026-06-26T22:08:35.736+0000] {processor.py:186} INFO - Started process (PID=2053) to work on /opt/airflow/dags/ingest_avito_to_raw.py
[2026-06-26T22:08:35.737+0000] {processor.py:914} INFO - Processing file /opt/airflow/dags/ingest_avito_to_raw.py for tasks to queue
[2026-06-26T22:08:35.738+0000] {logging_mixin.py:190} INFO - [2026-06-26T22:08:35.738+0000] {dagbag.py:588} INFO - Filling up the DagBag from /opt/airflow/dags/ingest_avito_to_raw.py
[2026-06-26T22:08:35.748+0000] {processor.py:925} INFO - DAG(s) 'ingest_avito_to_raw' retrieved from /opt/airflow/dags/ingest_avito_to_raw.py
[2026-06-26T22:08:35.763+0000] {logging_mixin.py:190} INFO - [2026-06-26T22:08:35.763+0000] {dag.py:3239} INFO - Sync 1 DAGs
[2026-06-26T22:08:35.774+0000] {logging_mixin.py:190} INFO - [2026-06-26T22:08:35.774+0000] {dag.py:4180} INFO - Setting next_dagrun for ingest_avito_to_raw to 2026-06-26 21:00:00+00:00, run_after=2026-06-26 22:00:00+00:00
[2026-06-26T22:08:35.785+0000] {processor.py:208} INFO - Processing /opt/airflow/dags/ingest_avito_to_raw.py took 0.055 seconds
[2026-06-26T22:09:06.081+0000] {processor.py:186} INFO - Started process (PID=2063) to work on /opt/airflow/dags/ingest_avito_to_raw.py
[2026-06-26T22:09:06.081+0000] {processor.py:914} INFO - Processing file /opt/airflow/dags/ingest_avito_to_raw.py for tasks to queue
[2026-06-26T22:09:06.083+0000] {logging_mixin.py:190} INFO - [2026-06-26T22:09:06.083+0000] {dagbag.py:588} INFO - Filling up the DagBag from /opt/airflow/dags/ingest_avito_to_raw.py
[2026-06-26T22:09:06.091+0000] {processor.py:925} INFO - DAG(s) 'ingest_avito_to_raw' retrieved from /opt/airflow/dags/ingest_avito_to_raw.py
[2026-06-26T22:09:06.107+0000] {logging_mixin.py:190} INFO - [2026-06-26T22:09:06.107+0000] {dag.py:3239} INFO - Sync 1 DAGs
[2026-06-26T22:09:06.119+0000] {logging_mixin.py:190} INFO - [2026-06-26T22:09:06.119+0000] {dag.py:4180} INFO - Setting next_dagrun for ingest_avito_to_raw to 2026-06-26 21:00:00+00:00, run_after=2026-06-26 22:00:00+00:00
[2026-06-26T22:09:06.128+0000] {processor.py:208} INFO - Processing /opt/airflow/dags/ingest_avito_to_raw.py took 0.052 seconds
[2026-06-26T22:09:36.427+0000] {processor.py:186} INFO - Started process (PID=2073) to work on /opt/airflow/dags/ingest_avito_to_raw.py
[2026-06-26T22:09:36.428+0000] {processor.py:914} INFO - Processing file /opt/airflow/dags/ingest_avito_to_raw.py for tasks to queue
[2026-06-26T22:09:36.429+0000] {logging_mixin.py:190} INFO - [2026-06-26T22:09:36.429+0000] {dagbag.py:588} INFO - Filling up the DagBag from /opt/airflow/dags/ingest_avito_to_raw.py
[2026-06-26T22:09:36.435+0000] {processor.py:925} INFO - DAG(s) 'ingest_avito_to_raw' retrieved from /opt/airflow/dags/ingest_avito_to_raw.py
[2026-06-26T22:09:36.451+0000] {logging_mixin.py:190} INFO - [2026-06-26T22:09:36.451+0000] {dag.py:3239} INFO - Sync 1 DAGs
[2026-06-26T22:09:36.462+0000] {logging_mixin.py:190} INFO - [2026-06-26T22:09:36.462+0000] {dag.py:4180} INFO - Setting next_dagrun for ingest_avito_to_raw to 2026-06-26 21:00:00+00:00, run_after=2026-06-26 22:00:00+00:00
[2026-06-26T22:09:36.470+0000] {processor.py:208} INFO - Processing /opt/airflow/dags/ingest_avito_to_raw.py took 0.047 seconds
[2026-06-26T22:10:06.822+0000] {processor.py:186} INFO - Started process (PID=2083) to work on /opt/airflow/dags/ingest_avito_to_raw.py
[2026-06-26T22:10:06.823+0000] {processor.py:914} INFO - Processing file /opt/airflow/dags/ingest_avito_to_raw.py for tasks to queue
[2026-06-26T22:10:06.825+0000] {logging_mixin.py:190} INFO - [2026-06-26T22:10:06.824+0000] {dagbag.py:588} INFO - Filling up the DagBag from /opt/airflow/dags/ingest_avito_to_raw.py
[2026-06-26T22:10:06.835+0000] {processor.py:925} INFO - DAG(s) 'ingest_avito_to_raw' retrieved from /opt/airflow/dags/ingest_avito_to_raw.py
[2026-06-26T22:10:06.853+0000] {logging_mixin.py:190} INFO - [2026-06-26T22:10:06.853+0000] {dag.py:3239} INFO - Sync 1 DAGs
[2026-06-26T22:10:06.864+0000] {logging_mixin.py:190} INFO - [2026-06-26T22:10:06.864+0000] {dag.py:4180} INFO - Setting next_dagrun for ingest_avito_to_raw to 2026-06-26 21:00:00+00:00, run_after=2026-06-26 22:00:00+00:00
[2026-06-26T22:10:06.875+0000] {processor.py:208} INFO - Processing /opt/airflow/dags/ingest_avito_to_raw.py took 0.059 seconds
[2026-06-26T22:10:37.129+0000] {processor.py:186} INFO - Started process (PID=2093) to work on /opt/airflow/dags/ingest_avito_to_raw.py
[2026-06-26T22:10:37.130+0000] {processor.py:914} INFO - Processing file /opt/airflow/dags/ingest_avito_to_raw.py for tasks to queue
[2026-06-26T22:10:37.131+0000] {logging_mixin.py:190} INFO - [2026-06-26T22:10:37.131+0000] {dagbag.py:588} INFO - Filling up the DagBag from /opt/airflow/dags/ingest_avito_to_raw.py
[2026-06-26T22:10:37.140+0000] {processor.py:925} INFO - DAG(s) 'ingest_avito_to_raw' retrieved from /opt/airflow/dags/ingest_avito_to_raw.py
[2026-06-26T22:10:37.155+0000] {logging_mixin.py:190} INFO - [2026-06-26T22:10:37.155+0000] {dag.py:3239} INFO - Sync 1 DAGs
[2026-06-26T22:10:37.169+0000] {logging_mixin.py:190} INFO - [2026-06-26T22:10:37.169+0000] {dag.py:4180} INFO - Setting next_dagrun for ingest_avito_to_raw to 2026-06-26 21:00:00+00:00, run_after=2026-06-26 22:00:00+00:00
[2026-06-26T22:10:37.180+0000] {processor.py:208} INFO - Processing /opt/airflow/dags/ingest_avito_to_raw.py took 0.056 seconds
[2026-06-26T22:11:07.433+0000] {processor.py:186} INFO - Started process (PID=2103) to work on /opt/airflow/dags/ingest_avito_to_raw.py
[2026-06-26T22:11:07.434+0000] {processor.py:914} INFO - Processing file /opt/airflow/dags/ingest_avito_to_raw.py for tasks to queue
[2026-06-26T22:11:07.435+0000] {logging_mixin.py:190} INFO - [2026-06-26T22:11:07.435+0000] {dagbag.py:588} INFO - Filling up the DagBag from /opt/airflow/dags/ingest_avito_to_raw.py
[2026-06-26T22:11:07.444+0000] {processor.py:925} INFO - DAG(s) 'ingest_avito_to_raw' retrieved from /opt/airflow/dags/ingest_avito_to_raw.py
[2026-06-26T22:11:07.460+0000] {logging_mixin.py:190} INFO - [2026-06-26T22:11:07.460+0000] {dag.py:3239} INFO - Sync 1 DAGs
[2026-06-26T22:11:07.470+0000] {logging_mixin.py:190} INFO - [2026-06-26T22:11:07.470+0000] {dag.py:4180} INFO - Setting next_dagrun for ingest_avito_to_raw to 2026-06-26 21:00:00+00:00, run_after=2026-06-26 22:00:00+00:00
[2026-06-26T22:11:07.480+0000] {processor.py:208} INFO - Processing /opt/airflow/dags/ingest_avito_to_raw.py took 0.051 seconds
[2026-06-26T22:11:37.715+0000] {processor.py:186} INFO - Started process (PID=2113) to work on /opt/airflow/dags/ingest_avito_to_raw.py
[2026-06-26T22:11:37.716+0000] {processor.py:914} INFO - Processing file /opt/airflow/dags/ingest_avito_to_raw.py for tasks to queue
[2026-06-26T22:11:37.718+0000] {logging_mixin.py:190} INFO - [2026-06-26T22:11:37.717+0000] {dagbag.py:588} INFO - Filling up the DagBag from /opt/airflow/dags/ingest_avito_to_raw.py
[2026-06-26T22:11:37.726+0000] {processor.py:925} INFO - DAG(s) 'ingest_avito_to_raw' retrieved from /opt/airflow/dags/ingest_avito_to_raw.py
[2026-06-26T22:11:37.743+0000] {logging_mixin.py:190} INFO - [2026-06-26T22:11:37.742+0000] {dag.py:3239} INFO - Sync 1 DAGs
[2026-06-26T22:11:37.753+0000] {logging_mixin.py:190} INFO - [2026-06-26T22:11:37.753+0000] {dag.py:4180} INFO - Setting next_dagrun for ingest_avito_to_raw to 2026-06-26 21:00:00+00:00, run_after=2026-06-26 22:00:00+00:00
[2026-06-26T22:11:37.763+0000] {processor.py:208} INFO - Processing /opt/airflow/dags/ingest_avito_to_raw.py took 0.053 seconds
[2026-06-26T22:12:07.971+0000] {processor.py:186} INFO - Started process (PID=2123) to work on /opt/airflow/dags/ingest_avito_to_raw.py
[2026-06-26T22:12:07.971+0000] {processor.py:914} INFO - Processing file /opt/airflow/dags/ingest_avito_to_raw.py for tasks to queue
[2026-06-26T22:12:07.973+0000] {logging_mixin.py:190} INFO - [2026-06-26T22:12:07.972+0000] {dagbag.py:588} INFO - Filling up the DagBag from /opt/airflow/dags/ingest_avito_to_raw.py
[2026-06-26T22:12:07.980+0000] {processor.py:925} INFO - DAG(s) 'ingest_avito_to_raw' retrieved from /opt/airflow/dags/ingest_avito_to_raw.py
[2026-06-26T22:12:07.998+0000] {logging_mixin.py:190} INFO - [2026-06-26T22:12:07.998+0000] {dag.py:3239} INFO - Sync 1 DAGs
[2026-06-26T22:12:08.009+0000] {logging_mixin.py:190} INFO - [2026-06-26T22:12:08.009+0000] {dag.py:4180} INFO - Setting next_dagrun for ingest_avito_to_raw to 2026-06-26 21:00:00+00:00, run_after=2026-06-26 22:00:00+00:00
[2026-06-26T22:12:08.017+0000] {processor.py:208} INFO - Processing /opt/airflow/dags/ingest_avito_to_raw.py took 0.049 seconds
[2026-06-26T22:12:38.348+0000] {processor.py:186} INFO - Started process (PID=2133) to work on /opt/airflow/dags/ingest_avito_to_raw.py
[2026-06-26T22:12:38.349+0000] {processor.py:914} INFO - Processing file /opt/airflow/dags/ingest_avito_to_raw.py for tasks to queue
[2026-06-26T22:12:38.350+0000] {logging_mixin.py:190} INFO - [2026-06-26T22:12:38.350+0000] {dagbag.py:588} INFO - Filling up the DagBag from /opt/airflow/dags/ingest_avito_to_raw.py
[2026-06-26T22:12:38.359+0000] {processor.py:925} INFO - DAG(s) 'ingest_avito_to_raw' retrieved from /opt/airflow/dags/ingest_avito_to_raw.py
[2026-06-26T22:12:38.376+0000] {logging_mixin.py:190} INFO - [2026-06-26T22:12:38.376+0000] {dag.py:3239} INFO - Sync 1 DAGs
[2026-06-26T22:12:38.387+0000] {logging_mixin.py:190} INFO - [2026-06-26T22:12:38.387+0000] {dag.py:4180} INFO - Setting next_dagrun for ingest_avito_to_raw to 2026-06-26 21:00:00+00:00, run_after=2026-06-26 22:00:00+00:00
[2026-06-26T22:12:38.396+0000] {processor.py:208} INFO - Processing /opt/airflow/dags/ingest_avito_to_raw.py took 0.053 seconds
[2026-06-26T22:13:08.676+0000] {processor.py:186} INFO - Started process (PID=2143) to work on /opt/airflow/dags/ingest_avito_to_raw.py
[2026-06-26T22:13:08.677+0000] {processor.py:914} INFO - Processing file /opt/airflow/dags/ingest_avito_to_raw.py for tasks to queue
[2026-06-26T22:13:08.678+0000] {logging_mixin.py:190} INFO - [2026-06-26T22:13:08.678+0000] {dagbag.py:588} INFO - Filling up the DagBag from /opt/airflow/dags/ingest_avito_to_raw.py
[2026-06-26T22:13:08.688+0000] {processor.py:925} INFO - DAG(s) 'ingest_avito_to_raw' retrieved from /opt/airflow/dags/ingest_avito_to_raw.py
[2026-06-26T22:13:08.704+0000] {logging_mixin.py:190} INFO - [2026-06-26T22:13:08.703+0000] {dag.py:3239} INFO - Sync 1 DAGs
[2026-06-26T22:13:08.714+0000] {logging_mixin.py:190} INFO - [2026-06-26T22:13:08.714+0000] {dag.py:4180} INFO - Setting next_dagrun for ingest_avito_to_raw to 2026-06-26 21:00:00+00:00, run_after=2026-06-26 22:00:00+00:00
[2026-06-26T22:13:08.724+0000] {processor.py:208} INFO - Processing /opt/airflow/dags/ingest_avito_to_raw.py took 0.052 seconds
[2026-06-26T22:13:39.049+0000] {processor.py:186} INFO - Started process (PID=2153) to work on /opt/airflow/dags/ingest_avito_to_raw.py
[2026-06-26T22:13:39.049+0000] {processor.py:914} INFO - Processing file /opt/airflow/dags/ingest_avito_to_raw.py for tasks to queue
[2026-06-26T22:13:39.051+0000] {logging_mixin.py:190} INFO - [2026-06-26T22:13:39.050+0000] {dagbag.py:588} INFO - Filling up the DagBag from /opt/airflow/dags/ingest_avito_to_raw.py
[2026-06-26T22:13:39.061+0000] {processor.py:925} INFO - DAG(s) 'ingest_avito_to_raw' retrieved from /opt/airflow/dags/ingest_avito_to_raw.py
[2026-06-26T22:13:39.079+0000] {logging_mixin.py:190} INFO - [2026-06-26T22:13:39.079+0000] {dag.py:3239} INFO - Sync 1 DAGs
[2026-06-26T22:13:39.090+0000] {logging_mixin.py:190} INFO - [2026-06-26T22:13:39.090+0000] {dag.py:4180} INFO - Setting next_dagrun for ingest_avito_to_raw to 2026-06-26 21:00:00+00:00, run_after=2026-06-26 22:00:00+00:00
[2026-06-26T22:13:39.101+0000] {processor.py:208} INFO - Processing /opt/airflow/dags/ingest_avito_to_raw.py took 0.057 seconds
[2026-06-26T22:14:09.390+0000] {processor.py:186} INFO - Started process (PID=2163) to work on /opt/airflow/dags/ingest_avito_to_raw.py
[2026-06-26T22:14:09.391+0000] {processor.py:914} INFO - Processing file /opt/airflow/dags/ingest_avito_to_raw.py for tasks to queue
[2026-06-26T22:14:09.393+0000] {logging_mixin.py:190} INFO - [2026-06-26T22:14:09.393+0000] {dagbag.py:588} INFO - Filling up the DagBag from /opt/airflow/dags/ingest_avito_to_raw.py
[2026-06-26T22:14:09.401+0000] {processor.py:925} INFO - DAG(s) 'ingest_avito_to_raw' retrieved from /opt/airflow/dags/ingest_avito_to_raw.py
[2026-06-26T22:14:09.417+0000] {logging_mixin.py:190} INFO - [2026-06-26T22:14:09.417+0000] {dag.py:3239} INFO - Sync 1 DAGs
[2026-06-26T22:14:09.428+0000] {logging_mixin.py:190} INFO - [2026-06-26T22:14:09.428+0000] {dag.py:4180} INFO - Setting next_dagrun for ingest_avito_to_raw to 2026-06-26 21:00:00+00:00, run_after=2026-06-26 22:00:00+00:00
[2026-06-26T22:14:09.439+0000] {processor.py:208} INFO - Processing /opt/airflow/dags/ingest_avito_to_raw.py took 0.052 seconds
[2026-06-26T22:14:39.812+0000] {processor.py:186} INFO - Started process (PID=2173) to work on /opt/airflow/dags/ingest_avito_to_raw.py
[2026-06-26T22:14:39.813+0000] {processor.py:914} INFO - Processing file /opt/airflow/dags/ingest_avito_to_raw.py for tasks to queue
[2026-06-26T22:14:39.814+0000] {logging_mixin.py:190} INFO - [2026-06-26T22:14:39.814+0000] {dagbag.py:588} INFO - Filling up the DagBag from /opt/airflow/dags/ingest_avito_to_raw.py
[2026-06-26T22:14:39.825+0000] {processor.py:925} INFO - DAG(s) 'ingest_avito_to_raw' retrieved from /opt/airflow/dags/ingest_avito_to_raw.py
[2026-06-26T22:14:39.840+0000] {logging_mixin.py:190} INFO - [2026-06-26T22:14:39.840+0000] {dag.py:3239} INFO - Sync 1 DAGs
[2026-06-26T22:14:39.851+0000] {logging_mixin.py:190} INFO - [2026-06-26T22:14:39.851+0000] {dag.py:4180} INFO - Setting next_dagrun for ingest_avito_to_raw to 2026-06-26 21:00:00+00:00, run_after=2026-06-26 22:00:00+00:00
[2026-06-26T22:14:39.859+0000] {processor.py:208} INFO - Processing /opt/airflow/dags/ingest_avito_to_raw.py took 0.052 seconds
[2026-06-26T22:15:10.132+0000] {processor.py:186} INFO - Started process (PID=2183) to work on /opt/airflow/dags/ingest_avito_to_raw.py
[2026-06-26T22:15:10.133+0000] {processor.py:914} INFO - Processing file /opt/airflow/dags/ingest_avito_to_raw.py for tasks to queue
[2026-06-26T22:15:10.135+0000] {logging_mixin.py:190} INFO - [2026-06-26T22:15:10.135+0000] {dagbag.py:588} INFO - Filling up the DagBag from /opt/airflow/dags/ingest_avito_to_raw.py
[2026-06-26T22:15:10.142+0000] {processor.py:925} INFO - DAG(s) 'ingest_avito_to_raw' retrieved from /opt/airflow/dags/ingest_avito_to_raw.py
[2026-06-26T22:15:10.157+0000] {logging_mixin.py:190} INFO - [2026-06-26T22:15:10.157+0000] {dag.py:3239} INFO - Sync 1 DAGs
[2026-06-26T22:15:10.171+0000] {logging_mixin.py:190} INFO - [2026-06-26T22:15:10.171+0000] {dag.py:4180} INFO - Setting next_dagrun for ingest_avito_to_raw to 2026-06-26 21:00:00+00:00, run_after=2026-06-26 22:00:00+00:00
[2026-06-26T22:15:10.179+0000] {processor.py:208} INFO - Processing /opt/airflow/dags/ingest_avito_to_raw.py took 0.051 seconds
[2026-06-26T22:15:40.480+0000] {processor.py:186} INFO - Started process (PID=2193) to work on /opt/airflow/dags/ingest_avito_to_raw.py
[2026-06-26T22:15:40.481+0000] {processor.py:914} INFO - Processing file /opt/airflow/dags/ingest_avito_to_raw.py for tasks to queue
[2026-06-26T22:15:40.483+0000] {logging_mixin.py:190} INFO - [2026-06-26T22:15:40.482+0000] {dagbag.py:588} INFO - Filling up the DagBag from /opt/airflow/dags/ingest_avito_to_raw.py
[2026-06-26T22:15:40.493+0000] {processor.py:925} INFO - DAG(s) 'ingest_avito_to_raw' retrieved from /opt/airflow/dags/ingest_avito_to_raw.py
[2026-06-26T22:15:40.510+0000] {logging_mixin.py:190} INFO - [2026-06-26T22:15:40.510+0000] {dag.py:3239} INFO - Sync 1 DAGs
[2026-06-26T22:15:40.521+0000] {logging_mixin.py:190} INFO - [2026-06-26T22:15:40.521+0000] {dag.py:4180} INFO - Setting next_dagrun for ingest_avito_to_raw to 2026-06-26 21:00:00+00:00, run_after=2026-06-26 22:00:00+00:00
[2026-06-26T22:15:40.531+0000] {processor.py:208} INFO - Processing /opt/airflow/dags/ingest_avito_to_raw.py took 0.055 seconds
[2026-06-26T22:16:10.843+0000] {processor.py:186} INFO - Started process (PID=2203) to work on /opt/airflow/dags/ingest_avito_to_raw.py
[2026-06-26T22:16:10.844+0000] {processor.py:914} INFO - Processing file /opt/airflow/dags/ingest_avito_to_raw.py for tasks to queue
[2026-06-26T22:16:10.845+0000] {logging_mixin.py:190} INFO - [2026-06-26T22:16:10.845+0000] {dagbag.py:588} INFO - Filling up the DagBag from /opt/airflow/dags/ingest_avito_to_raw.py
[2026-06-26T22:16:10.853+0000] {processor.py:925} INFO - DAG(s) 'ingest_avito_to_raw' retrieved from /opt/airflow/dags/ingest_avito_to_raw.py
[2026-06-26T22:16:10.868+0000] {logging_mixin.py:190} INFO - [2026-06-26T22:16:10.868+0000] {dag.py:3239} INFO - Sync 1 DAGs
[2026-06-26T22:16:10.879+0000] {logging_mixin.py:190} INFO - [2026-06-26T22:16:10.879+0000] {dag.py:4180} INFO - Setting next_dagrun for ingest_avito_to_raw to 2026-06-26 21:00:00+00:00, run_after=2026-06-26 22:00:00+00:00
[2026-06-26T22:16:10.888+0000] {processor.py:208} INFO - Processing /opt/airflow/dags/ingest_avito_to_raw.py took 0.050 seconds
[2026-06-26T22:16:41.194+0000] {processor.py:186} INFO - Started process (PID=2213) to work on /opt/airflow/dags/ingest_avito_to_raw.py
[2026-06-26T22:16:41.195+0000] {processor.py:914} INFO - Processing file /opt/airflow/dags/ingest_avito_to_raw.py for tasks to queue
[2026-06-26T22:16:41.196+0000] {logging_mixin.py:190} INFO - [2026-06-26T22:16:41.196+0000] {dagbag.py:588} INFO - Filling up the DagBag from /opt/airflow/dags/ingest_avito_to_raw.py
[2026-06-26T22:16:41.204+0000] {processor.py:925} INFO - DAG(s) 'ingest_avito_to_raw' retrieved from /opt/airflow/dags/ingest_avito_to_raw.py
[2026-06-26T22:16:41.223+0000] {logging_mixin.py:190} INFO - [2026-06-26T22:16:41.223+0000] {dag.py:3239} INFO - Sync 1 DAGs
[2026-06-26T22:16:41.234+0000] {logging_mixin.py:190} INFO - [2026-06-26T22:16:41.234+0000] {dag.py:4180} INFO - Setting next_dagrun for ingest_avito_to_raw to 2026-06-26 21:00:00+00:00, run_after=2026-06-26 22:00:00+00:00
[2026-06-26T22:16:41.242+0000] {processor.py:208} INFO - Processing /opt/airflow/dags/ingest_avito_to_raw.py took 0.052 seconds
[2026-06-26T22:17:11.537+0000] {processor.py:186} INFO - Started process (PID=2223) to work on /opt/airflow/dags/ingest_avito_to_raw.py
[2026-06-26T22:17:11.538+0000] {processor.py:914} INFO - Processing file /opt/airflow/dags/ingest_avito_to_raw.py for tasks to queue
[2026-06-26T22:17:11.540+0000] {logging_mixin.py:190} INFO - [2026-06-26T22:17:11.540+0000] {dagbag.py:588} INFO - Filling up the DagBag from /opt/airflow/dags/ingest_avito_to_raw.py
[2026-06-26T22:17:11.550+0000] {processor.py:925} INFO - DAG(s) 'ingest_avito_to_raw' retrieved from /opt/airflow/dags/ingest_avito_to_raw.py
[2026-06-26T22:17:11.568+0000] {logging_mixin.py:190} INFO - [2026-06-26T22:17:11.568+0000] {dag.py:3239} INFO - Sync 1 DAGs
[2026-06-26T22:17:11.580+0000] {logging_mixin.py:190} INFO - [2026-06-26T22:17:11.580+0000] {dag.py:4180} INFO - Setting next_dagrun for ingest_avito_to_raw to 2026-06-26 21:00:00+00:00, run_after=2026-06-26 22:00:00+00:00
[2026-06-26T22:17:11.589+0000] {processor.py:208} INFO - Processing /opt/airflow/dags/ingest_avito_to_raw.py took 0.057 seconds
[2026-06-26T22:17:41.952+0000] {processor.py:186} INFO - Started process (PID=2233) to work on /opt/airflow/dags/ingest_avito_to_raw.py
[2026-06-26T22:17:41.953+0000] {processor.py:914} INFO - Processing file /opt/airflow/dags/ingest_avito_to_raw.py for tasks to queue
[2026-06-26T22:17:41.954+0000] {logging_mixin.py:190} INFO - [2026-06-26T22:17:41.954+0000] {dagbag.py:588} INFO - Filling up the DagBag from /opt/airflow/dags/ingest_avito_to_raw.py
[2026-06-26T22:17:41.960+0000] {processor.py:925} INFO - DAG(s) 'ingest_avito_to_raw' retrieved from /opt/airflow/dags/ingest_avito_to_raw.py
[2026-06-26T22:17:41.979+0000] {logging_mixin.py:190} INFO - [2026-06-26T22:17:41.979+0000] {dag.py:3239} INFO - Sync 1 DAGs
[2026-06-26T22:17:41.991+0000] {logging_mixin.py:190} INFO - [2026-06-26T22:17:41.991+0000] {dag.py:4180} INFO - Setting next_dagrun for ingest_avito_to_raw to 2026-06-26 21:00:00+00:00, run_after=2026-06-26 22:00:00+00:00
[2026-06-26T22:17:42.002+0000] {processor.py:208} INFO - Processing /opt/airflow/dags/ingest_avito_to_raw.py took 0.055 seconds
[2026-06-26T22:18:12.325+0000] {processor.py:186} INFO - Started process (PID=2243) to work on /opt/airflow/dags/ingest_avito_to_raw.py
[2026-06-26T22:18:12.325+0000] {processor.py:914} INFO - Processing file /opt/airflow/dags/ingest_avito_to_raw.py for tasks to queue
[2026-06-26T22:18:12.327+0000] {logging_mixin.py:190} INFO - [2026-06-26T22:18:12.326+0000] {dagbag.py:588} INFO - Filling up the DagBag from /opt/airflow/dags/ingest_avito_to_raw.py
[2026-06-26T22:18:12.334+0000] {processor.py:925} INFO - DAG(s) 'ingest_avito_to_raw' retrieved from /opt/airflow/dags/ingest_avito_to_raw.py
[2026-06-26T22:18:12.349+0000] {logging_mixin.py:190} INFO - [2026-06-26T22:18:12.349+0000] {dag.py:3239} INFO - Sync 1 DAGs
[2026-06-26T22:18:12.359+0000] {logging_mixin.py:190} INFO - [2026-06-26T22:18:12.359+0000] {dag.py:4180} INFO - Setting next_dagrun for ingest_avito_to_raw to 2026-06-26 21:00:00+00:00, run_after=2026-06-26 22:00:00+00:00
[2026-06-26T22:18:12.367+0000] {processor.py:208} INFO - Processing /opt/airflow/dags/ingest_avito_to_raw.py took 0.047 seconds
[2026-06-26T22:18:42.761+0000] {processor.py:186} INFO - Started process (PID=2253) to work on /opt/airflow/dags/ingest_avito_to_raw.py
[2026-06-26T22:18:42.762+0000] {processor.py:914} INFO - Processing file /opt/airflow/dags/ingest_avito_to_raw.py for tasks to queue
[2026-06-26T22:18:42.764+0000] {logging_mixin.py:190} INFO - [2026-06-26T22:18:42.764+0000] {dagbag.py:588} INFO - Filling up the DagBag from /opt/airflow/dags/ingest_avito_to_raw.py
[2026-06-26T22:18:42.771+0000] {processor.py:925} INFO - DAG(s) 'ingest_avito_to_raw' retrieved from /opt/airflow/dags/ingest_avito_to_raw.py
[2026-06-26T22:18:42.788+0000] {logging_mixin.py:190} INFO - [2026-06-26T22:18:42.787+0000] {dag.py:3239} INFO - Sync 1 DAGs
[2026-06-26T22:18:42.800+0000] {logging_mixin.py:190} INFO - [2026-06-26T22:18:42.800+0000] {dag.py:4180} INFO - Setting next_dagrun for ingest_avito_to_raw to 2026-06-26 21:00:00+00:00, run_after=2026-06-26 22:00:00+00:00
[2026-06-26T22:18:42.809+0000] {processor.py:208} INFO - Processing /opt/airflow/dags/ingest_avito_to_raw.py took 0.052 seconds
[2026-06-26T22:19:13.139+0000] {processor.py:186} INFO - Started process (PID=2263) to work on /opt/airflow/dags/ingest_avito_to_raw.py
[2026-06-26T22:19:13.141+0000] {processor.py:914} INFO - Processing file /opt/airflow/dags/ingest_avito_to_raw.py for tasks to queue
[2026-06-26T22:19:13.143+0000] {logging_mixin.py:190} INFO - [2026-06-26T22:19:13.143+0000] {dagbag.py:588} INFO - Filling up the DagBag from /opt/airflow/dags/ingest_avito_to_raw.py
[2026-06-26T22:19:13.157+0000] {processor.py:925} INFO - DAG(s) 'ingest_avito_to_raw' retrieved from /opt/airflow/dags/ingest_avito_to_raw.py
[2026-06-26T22:19:13.182+0000] {logging_mixin.py:190} INFO - [2026-06-26T22:19:13.181+0000] {dag.py:3239} INFO - Sync 1 DAGs
[2026-06-26T22:19:13.199+0000] {logging_mixin.py:190} INFO - [2026-06-26T22:19:13.199+0000] {dag.py:4180} INFO - Setting next_dagrun for ingest_avito_to_raw to 2026-06-26 21:00:00+00:00, run_after=2026-06-26 22:00:00+00:00
[2026-06-26T22:19:13.209+0000] {processor.py:208} INFO - Processing /opt/airflow/dags/ingest_avito_to_raw.py took 0.076 seconds
[2026-06-26T22:19:43.445+0000] {processor.py:186} INFO - Started process (PID=2273) to work on /opt/airflow/dags/ingest_avito_to_raw.py
[2026-06-26T22:19:43.446+0000] {processor.py:914} INFO - Processing file /opt/airflow/dags/ingest_avito_to_raw.py for tasks to queue
[2026-06-26T22:19:43.447+0000] {logging_mixin.py:190} INFO - [2026-06-26T22:19:43.447+0000] {dagbag.py:588} INFO - Filling up the DagBag from /opt/airflow/dags/ingest_avito_to_raw.py
[2026-06-26T22:19:43.455+0000] {processor.py:925} INFO - DAG(s) 'ingest_avito_to_raw' retrieved from /opt/airflow/dags/ingest_avito_to_raw.py
[2026-06-26T22:19:43.471+0000] {logging_mixin.py:190} INFO - [2026-06-26T22:19:43.471+0000] {dag.py:3239} INFO - Sync 1 DAGs
[2026-06-26T22:19:43.482+0000] {logging_mixin.py:190} INFO - [2026-06-26T22:19:43.482+0000] {dag.py:4180} INFO - Setting next_dagrun for ingest_avito_to_raw to 2026-06-26 21:00:00+00:00, run_after=2026-06-26 22:00:00+00:00
[2026-06-26T22:19:43.491+0000] {processor.py:208} INFO - Processing /opt/airflow/dags/ingest_avito_to_raw.py took 0.051 seconds
[2026-06-26T22:20:13.830+0000] {processor.py:186} INFO - Started process (PID=2283) to work on /opt/airflow/dags/ingest_avito_to_raw.py
[2026-06-26T22:20:13.831+0000] {processor.py:914} INFO - Processing file /opt/airflow/dags/ingest_avito_to_raw.py for tasks to queue
[2026-06-26T22:20:13.832+0000] {logging_mixin.py:190} INFO - [2026-06-26T22:20:13.832+0000] {dagbag.py:588} INFO - Filling up the DagBag from /opt/airflow/dags/ingest_avito_to_raw.py
[2026-06-26T22:20:13.839+0000] {processor.py:925} INFO - DAG(s) 'ingest_avito_to_raw' retrieved from /opt/airflow/dags/ingest_avito_to_raw.py
[2026-06-26T22:20:13.856+0000] {logging_mixin.py:190} INFO - [2026-06-26T22:20:13.855+0000] {dag.py:3239} INFO - Sync 1 DAGs
[2026-06-26T22:20:13.867+0000] {logging_mixin.py:190} INFO - [2026-06-26T22:20:13.867+0000] {dag.py:4180} INFO - Setting next_dagrun for ingest_avito_to_raw to 2026-06-26 21:00:00+00:00, run_after=2026-06-26 22:00:00+00:00
[2026-06-26T22:20:13.877+0000] {processor.py:208} INFO - Processing /opt/airflow/dags/ingest_avito_to_raw.py took 0.052 seconds
[2026-06-26T22:20:44.175+0000] {processor.py:186} INFO - Started process (PID=2293) to work on /opt/airflow/dags/ingest_avito_to_raw.py
[2026-06-26T22:20:44.176+0000] {processor.py:914} INFO - Processing file /opt/airflow/dags/ingest_avito_to_raw.py for tasks to queue
[2026-06-26T22:20:44.177+0000] {logging_mixin.py:190} INFO - [2026-06-26T22:20:44.177+0000] {dagbag.py:588} INFO - Filling up the DagBag from /opt/airflow/dags/ingest_avito_to_raw.py
[2026-06-26T22:20:44.187+0000] {processor.py:925} INFO - DAG(s) 'ingest_avito_to_raw' retrieved from /opt/airflow/dags/ingest_avito_to_raw.py
[2026-06-26T22:20:44.202+0000] {logging_mixin.py:190} INFO - [2026-06-26T22:20:44.202+0000] {dag.py:3239} INFO - Sync 1 DAGs
[2026-06-26T22:20:44.213+0000] {logging_mixin.py:190} INFO - [2026-06-26T22:20:44.213+0000] {dag.py:4180} INFO - Setting next_dagrun for ingest_avito_to_raw to 2026-06-26 21:00:00+00:00, run_after=2026-06-26 22:00:00+00:00
[2026-06-26T22:20:44.221+0000] {processor.py:208} INFO - Processing /opt/airflow/dags/ingest_avito_to_raw.py took 0.051 seconds
[2026-06-26T22:21:14.516+0000] {processor.py:186} INFO - Started process (PID=2303) to work on /opt/airflow/dags/ingest_avito_to_raw.py
[2026-06-26T22:21:14.516+0000] {processor.py:914} INFO - Processing file /opt/airflow/dags/ingest_avito_to_raw.py for tasks to queue
[2026-06-26T22:21:14.519+0000] {logging_mixin.py:190} INFO - [2026-06-26T22:21:14.518+0000] {dagbag.py:588} INFO - Filling up the DagBag from /opt/airflow/dags/ingest_avito_to_raw.py
[2026-06-26T22:21:14.527+0000] {processor.py:925} INFO - DAG(s) 'ingest_avito_to_raw' retrieved from /opt/airflow/dags/ingest_avito_to_raw.py
[2026-06-26T22:21:14.547+0000] {logging_mixin.py:190} INFO - [2026-06-26T22:21:14.547+0000] {dag.py:3239} INFO - Sync 1 DAGs
[2026-06-26T22:21:14.561+0000] {logging_mixin.py:190} INFO - [2026-06-26T22:21:14.561+0000] {dag.py:4180} INFO - Setting next_dagrun for ingest_avito_to_raw to 2026-06-26 21:00:00+00:00, run_after=2026-06-26 22:00:00+00:00
[2026-06-26T22:21:14.570+0000] {processor.py:208} INFO - Processing /opt/airflow/dags/ingest_avito_to_raw.py took 0.059 seconds
[2026-06-26T22:21:44.836+0000] {processor.py:186} INFO - Started process (PID=2313) to work on /opt/airflow/dags/ingest_avito_to_raw.py
[2026-06-26T22:21:44.837+0000] {processor.py:914} INFO - Processing file /opt/airflow/dags/ingest_avito_to_raw.py for tasks to queue
[2026-06-26T22:21:44.838+0000] {logging_mixin.py:190} INFO - [2026-06-26T22:21:44.838+0000] {dagbag.py:588} INFO - Filling up the DagBag from /opt/airflow/dags/ingest_avito_to_raw.py
[2026-06-26T22:21:44.846+0000] {processor.py:925} INFO - DAG(s) 'ingest_avito_to_raw' retrieved from /opt/airflow/dags/ingest_avito_to_raw.py
[2026-06-26T22:21:44.862+0000] {logging_mixin.py:190} INFO - [2026-06-26T22:21:44.862+0000] {dag.py:3239} INFO - Sync 1 DAGs
[2026-06-26T22:21:44.873+0000] {logging_mixin.py:190} INFO - [2026-06-26T22:21:44.873+0000] {dag.py:4180} INFO - Setting next_dagrun for ingest_avito_to_raw to 2026-06-26 21:00:00+00:00, run_after=2026-06-26 22:00:00+00:00
[2026-06-26T22:21:44.881+0000] {processor.py:208} INFO - Processing /opt/airflow/dags/ingest_avito_to_raw.py took 0.049 seconds
[2026-06-26T22:22:15.147+0000] {processor.py:186} INFO - Started process (PID=2323) to work on /opt/airflow/dags/ingest_avito_to_raw.py
[2026-06-26T22:22:15.148+0000] {processor.py:914} INFO - Processing file /opt/airflow/dags/ingest_avito_to_raw.py for tasks to queue
[2026-06-26T22:22:15.150+0000] {logging_mixin.py:190} INFO - [2026-06-26T22:22:15.149+0000] {dagbag.py:588} INFO - Filling up the DagBag from /opt/airflow/dags/ingest_avito_to_raw.py
[2026-06-26T22:22:15.158+0000] {processor.py:925} INFO - DAG(s) 'ingest_avito_to_raw' retrieved from /opt/airflow/dags/ingest_avito_to_raw.py
[2026-06-26T22:22:15.173+0000] {logging_mixin.py:190} INFO - [2026-06-26T22:22:15.173+0000] {dag.py:3239} INFO - Sync 1 DAGs
[2026-06-26T22:22:15.184+0000] {logging_mixin.py:190} INFO - [2026-06-26T22:22:15.184+0000] {dag.py:4180} INFO - Setting next_dagrun for ingest_avito_to_raw to 2026-06-26 21:00:00+00:00, run_after=2026-06-26 22:00:00+00:00
[2026-06-26T22:22:15.193+0000] {processor.py:208} INFO - Processing /opt/airflow/dags/ingest_avito_to_raw.py took 0.051 seconds
[2026-06-26T22:22:45.491+0000] {processor.py:186} INFO - Started process (PID=2333) to work on /opt/airflow/dags/ingest_avito_to_raw.py
[2026-06-26T22:22:45.492+0000] {processor.py:914} INFO - Processing file /opt/airflow/dags/ingest_avito_to_raw.py for tasks to queue
[2026-06-26T22:22:45.493+0000] {logging_mixin.py:190} INFO - [2026-06-26T22:22:45.493+0000] {dagbag.py:588} INFO - Filling up the DagBag from /opt/airflow/dags/ingest_avito_to_raw.py
[2026-06-26T22:22:45.501+0000] {processor.py:925} INFO - DAG(s) 'ingest_avito_to_raw' retrieved from /opt/airflow/dags/ingest_avito_to_raw.py
[2026-06-26T22:22:45.517+0000] {logging_mixin.py:190} INFO - [2026-06-26T22:22:45.517+0000] {dag.py:3239} INFO - Sync 1 DAGs
[2026-06-26T22:22:45.530+0000] {logging_mixin.py:190} INFO - [2026-06-26T22:22:45.530+0000] {dag.py:4180} INFO - Setting next_dagrun for ingest_avito_to_raw to 2026-06-26 21:00:00+00:00, run_after=2026-06-26 22:00:00+00:00
[2026-06-26T22:22:45.538+0000] {processor.py:208} INFO - Processing /opt/airflow/dags/ingest_avito_to_raw.py took 0.052 seconds
[2026-06-26T22:23:15.850+0000] {processor.py:186} INFO - Started process (PID=2343) to work on /opt/airflow/dags/ingest_avito_to_raw.py
[2026-06-26T22:23:15.851+0000] {processor.py:914} INFO - Processing file /opt/airflow/dags/ingest_avito_to_raw.py for tasks to queue
[2026-06-26T22:23:15.852+0000] {logging_mixin.py:190} INFO - [2026-06-26T22:23:15.852+0000] {dagbag.py:588} INFO - Filling up the DagBag from /opt/airflow/dags/ingest_avito_to_raw.py
[2026-06-26T22:23:15.861+0000] {processor.py:925} INFO - DAG(s) 'ingest_avito_to_raw' retrieved from /opt/airflow/dags/ingest_avito_to_raw.py
[2026-06-26T22:23:15.876+0000] {logging_mixin.py:190} INFO - [2026-06-26T22:23:15.876+0000] {dag.py:3239} INFO - Sync 1 DAGs
[2026-06-26T22:23:15.886+0000] {logging_mixin.py:190} INFO - [2026-06-26T22:23:15.886+0000] {dag.py:4180} INFO - Setting next_dagrun for ingest_avito_to_raw to 2026-06-26 21:00:00+00:00, run_after=2026-06-26 22:00:00+00:00
[2026-06-26T22:23:15.893+0000] {processor.py:208} INFO - Processing /opt/airflow/dags/ingest_avito_to_raw.py took 0.049 seconds
[2026-06-26T22:23:46.240+0000] {processor.py:186} INFO - Started process (PID=2353) to work on /opt/airflow/dags/ingest_avito_to_raw.py
[2026-06-26T22:23:46.241+0000] {processor.py:914} INFO - Processing file /opt/airflow/dags/ingest_avito_to_raw.py for tasks to queue
[2026-06-26T22:23:46.243+0000] {logging_mixin.py:190} INFO - [2026-06-26T22:23:46.243+0000] {dagbag.py:588} INFO - Filling up the DagBag from /opt/airflow/dags/ingest_avito_to_raw.py
[2026-06-26T22:23:46.249+0000] {processor.py:925} INFO - DAG(s) 'ingest_avito_to_raw' retrieved from /opt/airflow/dags/ingest_avito_to_raw.py
[2026-06-26T22:23:46.268+0000] {logging_mixin.py:190} INFO - [2026-06-26T22:23:46.267+0000] {dag.py:3239} INFO - Sync 1 DAGs
[2026-06-26T22:23:46.279+0000] {logging_mixin.py:190} INFO - [2026-06-26T22:23:46.279+0000] {dag.py:4180} INFO - Setting next_dagrun for ingest_avito_to_raw to 2026-06-26 21:00:00+00:00, run_after=2026-06-26 22:00:00+00:00
[2026-06-26T22:23:46.291+0000] {processor.py:208} INFO - Processing /opt/airflow/dags/ingest_avito_to_raw.py took 0.055 seconds
[2026-06-26T22:24:16.557+0000] {processor.py:186} INFO - Started process (PID=2363) to work on /opt/airflow/dags/ingest_avito_to_raw.py
[2026-06-26T22:24:16.558+0000] {processor.py:914} INFO - Processing file /opt/airflow/dags/ingest_avito_to_raw.py for tasks to queue
[2026-06-26T22:24:16.560+0000] {logging_mixin.py:190} INFO - [2026-06-26T22:24:16.559+0000] {dagbag.py:588} INFO - Filling up the DagBag from /opt/airflow/dags/ingest_avito_to_raw.py
[2026-06-26T22:24:16.567+0000] {processor.py:925} INFO - DAG(s) 'ingest_avito_to_raw' retrieved from /opt/airflow/dags/ingest_avito_to_raw.py
[2026-06-26T22:24:16.581+0000] {logging_mixin.py:190} INFO - [2026-06-26T22:24:16.581+0000] {dag.py:3239} INFO - Sync 1 DAGs
[2026-06-26T22:24:16.593+0000] {logging_mixin.py:190} INFO - [2026-06-26T22:24:16.593+0000] {dag.py:4180} INFO - Setting next_dagrun for ingest_avito_to_raw to 2026-06-26 21:00:00+00:00, run_after=2026-06-26 22:00:00+00:00
[2026-06-26T22:24:16.601+0000] {processor.py:208} INFO - Processing /opt/airflow/dags/ingest_avito_to_raw.py took 0.049 seconds
[2026-06-26T22:24:46.937+0000] {processor.py:186} INFO - Started process (PID=2373) to work on /opt/airflow/dags/ingest_avito_to_raw.py
[2026-06-26T22:24:46.937+0000] {processor.py:914} INFO - Processing file /opt/airflow/dags/ingest_avito_to_raw.py for tasks to queue
[2026-06-26T22:24:46.939+0000] {logging_mixin.py:190} INFO - [2026-06-26T22:24:46.938+0000] {dagbag.py:588} INFO - Filling up the DagBag from /opt/airflow/dags/ingest_avito_to_raw.py
[2026-06-26T22:24:46.948+0000] {processor.py:925} INFO - DAG(s) 'ingest_avito_to_raw' retrieved from /opt/airflow/dags/ingest_avito_to_raw.py
[2026-06-26T22:24:46.963+0000] {logging_mixin.py:190} INFO - [2026-06-26T22:24:46.963+0000] {dag.py:3239} INFO - Sync 1 DAGs
[2026-06-26T22:24:46.973+0000] {logging_mixin.py:190} INFO - [2026-06-26T22:24:46.973+0000] {dag.py:4180} INFO - Setting next_dagrun for ingest_avito_to_raw to 2026-06-26 21:00:00+00:00, run_after=2026-06-26 22:00:00+00:00
[2026-06-26T22:24:46.982+0000] {processor.py:208} INFO - Processing /opt/airflow/dags/ingest_avito_to_raw.py took 0.050 seconds
[2026-06-26T22:25:17.251+0000] {processor.py:186} INFO - Started process (PID=2383) to work on /opt/airflow/dags/ingest_avito_to_raw.py
[2026-06-26T22:25:17.252+0000] {processor.py:914} INFO - Processing file /opt/airflow/dags/ingest_avito_to_raw.py for tasks to queue
[2026-06-26T22:25:17.255+0000] {logging_mixin.py:190} INFO - [2026-06-26T22:25:17.255+0000] {dagbag.py:588} INFO - Filling up the DagBag from /opt/airflow/dags/ingest_avito_to_raw.py
[2026-06-26T22:25:17.262+0000] {processor.py:925} INFO - DAG(s) 'ingest_avito_to_raw' retrieved from /opt/airflow/dags/ingest_avito_to_raw.py
[2026-06-26T22:25:17.277+0000] {logging_mixin.py:190} INFO - [2026-06-26T22:25:17.277+0000] {dag.py:3239} INFO - Sync 1 DAGs
[2026-06-26T22:25:17.289+0000] {logging_mixin.py:190} INFO - [2026-06-26T22:25:17.289+0000] {dag.py:4180} INFO - Setting next_dagrun for ingest_avito_to_raw to 2026-06-26 21:00:00+00:00, run_after=2026-06-26 22:00:00+00:00
[2026-06-26T22:25:17.297+0000] {processor.py:208} INFO - Processing /opt/airflow/dags/ingest_avito_to_raw.py took 0.052 seconds
[2026-06-26T22:25:47.610+0000] {processor.py:186} INFO - Started process (PID=2393) to work on /opt/airflow/dags/ingest_avito_to_raw.py
[2026-06-26T22:25:47.611+0000] {processor.py:914} INFO - Processing file /opt/airflow/dags/ingest_avito_to_raw.py for tasks to queue
[2026-06-26T22:25:47.613+0000] {logging_mixin.py:190} INFO - [2026-06-26T22:25:47.612+0000] {dagbag.py:588} INFO - Filling up the DagBag from /opt/airflow/dags/ingest_avito_to_raw.py
[2026-06-26T22:25:47.619+0000] {processor.py:925} INFO - DAG(s) 'ingest_avito_to_raw' retrieved from /opt/airflow/dags/ingest_avito_to_raw.py
[2026-06-26T22:25:47.637+0000] {logging_mixin.py:190} INFO - [2026-06-26T22:25:47.637+0000] {dag.py:3239} INFO - Sync 1 DAGs
[2026-06-26T22:25:47.648+0000] {logging_mixin.py:190} INFO - [2026-06-26T22:25:47.648+0000] {dag.py:4180} INFO - Setting next_dagrun for ingest_avito_to_raw to 2026-06-26 21:00:00+00:00, run_after=2026-06-26 22:00:00+00:00
[2026-06-26T22:25:47.657+0000] {processor.py:208} INFO - Processing /opt/airflow/dags/ingest_avito_to_raw.py took 0.051 seconds
[2026-06-26T22:26:18.034+0000] {processor.py:186} INFO - Started process (PID=2403) to work on /opt/airflow/dags/ingest_avito_to_raw.py
[2026-06-26T22:26:18.034+0000] {processor.py:914} INFO - Processing file /opt/airflow/dags/ingest_avito_to_raw.py for tasks to queue
[2026-06-26T22:26:18.036+0000] {logging_mixin.py:190} INFO - [2026-06-26T22:26:18.036+0000] {dagbag.py:588} INFO - Filling up the DagBag from /opt/airflow/dags/ingest_avito_to_raw.py
[2026-06-26T22:26:18.043+0000] {processor.py:925} INFO - DAG(s) 'ingest_avito_to_raw' retrieved from /opt/airflow/dags/ingest_avito_to_raw.py
[2026-06-26T22:26:18.060+0000] {logging_mixin.py:190} INFO - [2026-06-26T22:26:18.060+0000] {dag.py:3239} INFO - Sync 1 DAGs
[2026-06-26T22:26:18.070+0000] {logging_mixin.py:190} INFO - [2026-06-26T22:26:18.070+0000] {dag.py:4180} INFO - Setting next_dagrun for ingest_avito_to_raw to 2026-06-26 21:00:00+00:00, run_after=2026-06-26 22:00:00+00:00
[2026-06-26T22:26:18.079+0000] {processor.py:208} INFO - Processing /opt/airflow/dags/ingest_avito_to_raw.py took 0.052 seconds
[2026-06-26T22:26:48.444+0000] {processor.py:186} INFO - Started process (PID=2413) to work on /opt/airflow/dags/ingest_avito_to_raw.py
[2026-06-26T22:26:48.445+0000] {processor.py:914} INFO - Processing file /opt/airflow/dags/ingest_avito_to_raw.py for tasks to queue
[2026-06-26T22:26:48.446+0000] {logging_mixin.py:190} INFO - [2026-06-26T22:26:48.446+0000] {dagbag.py:588} INFO - Filling up the DagBag from /opt/airflow/dags/ingest_avito_to_raw.py
[2026-06-26T22:26:48.454+0000] {processor.py:925} INFO - DAG(s) 'ingest_avito_to_raw' retrieved from /opt/airflow/dags/ingest_avito_to_raw.py
[2026-06-26T22:26:48.470+0000] {logging_mixin.py:190} INFO - [2026-06-26T22:26:48.470+0000] {dag.py:3239} INFO - Sync 1 DAGs
[2026-06-26T22:26:48.480+0000] {logging_mixin.py:190} INFO - [2026-06-26T22:26:48.480+0000] {dag.py:4180} INFO - Setting next_dagrun for ingest_avito_to_raw to 2026-06-26 21:00:00+00:00, run_after=2026-06-26 22:00:00+00:00
[2026-06-26T22:26:48.488+0000] {processor.py:208} INFO - Processing /opt/airflow/dags/ingest_avito_to_raw.py took 0.048 seconds
[2026-06-26T22:27:18.816+0000] {processor.py:186} INFO - Started process (PID=2423) to work on /opt/airflow/dags/ingest_avito_to_raw.py
[2026-06-26T22:27:18.817+0000] {processor.py:914} INFO - Processing file /opt/airflow/dags/ingest_avito_to_raw.py for tasks to queue
[2026-06-26T22:27:18.818+0000] {logging_mixin.py:190} INFO - [2026-06-26T22:27:18.818+0000] {dagbag.py:588} INFO - Filling up the DagBag from /opt/airflow/dags/ingest_avito_to_raw.py
[2026-06-26T22:27:18.827+0000] {processor.py:925} INFO - DAG(s) 'ingest_avito_to_raw' retrieved from /opt/airflow/dags/ingest_avito_to_raw.py
[2026-06-26T22:27:18.844+0000] {logging_mixin.py:190} INFO - [2026-06-26T22:27:18.844+0000] {dag.py:3239} INFO - Sync 1 DAGs
[2026-06-26T22:27:18.855+0000] {logging_mixin.py:190} INFO - [2026-06-26T22:27:18.855+0000] {dag.py:4180} INFO - Setting next_dagrun for ingest_avito_to_raw to 2026-06-26 21:00:00+00:00, run_after=2026-06-26 22:00:00+00:00
[2026-06-26T22:27:18.864+0000] {processor.py:208} INFO - Processing /opt/airflow/dags/ingest_avito_to_raw.py took 0.053 seconds
[2026-06-26T22:27:49.161+0000] {processor.py:186} INFO - Started process (PID=2433) to work on /opt/airflow/dags/ingest_avito_to_raw.py
[2026-06-26T22:27:49.162+0000] {processor.py:914} INFO - Processing file /opt/airflow/dags/ingest_avito_to_raw.py for tasks to queue
[2026-06-26T22:27:49.163+0000] {logging_mixin.py:190} INFO - [2026-06-26T22:27:49.163+0000] {dagbag.py:588} INFO - Filling up the DagBag from /opt/airflow/dags/ingest_avito_to_raw.py
[2026-06-26T22:27:49.173+0000] {processor.py:925} INFO - DAG(s) 'ingest_avito_to_raw' retrieved from /opt/airflow/dags/ingest_avito_to_raw.py
[2026-06-26T22:27:49.188+0000] {logging_mixin.py:190} INFO - [2026-06-26T22:27:49.188+0000] {dag.py:3239} INFO - Sync 1 DAGs
[2026-06-26T22:27:49.198+0000] {logging_mixin.py:190} INFO - [2026-06-26T22:27:49.198+0000] {dag.py:4180} INFO - Setting next_dagrun for ingest_avito_to_raw to 2026-06-26 21:00:00+00:00, run_after=2026-06-26 22:00:00+00:00
[2026-06-26T22:27:49.208+0000] {processor.py:208} INFO - Processing /opt/airflow/dags/ingest_avito_to_raw.py took 0.052 seconds
[2026-06-26T22:28:19.487+0000] {processor.py:186} INFO - Started process (PID=2443) to work on /opt/airflow/dags/ingest_avito_to_raw.py
[2026-06-26T22:28:19.488+0000] {processor.py:914} INFO - Processing file /opt/airflow/dags/ingest_avito_to_raw.py for tasks to queue
[2026-06-26T22:28:19.489+0000] {logging_mixin.py:190} INFO - [2026-06-26T22:28:19.489+0000] {dagbag.py:588} INFO - Filling up the DagBag from /opt/airflow/dags/ingest_avito_to_raw.py
[2026-06-26T22:28:19.498+0000] {processor.py:925} INFO - DAG(s) 'ingest_avito_to_raw' retrieved from /opt/airflow/dags/ingest_avito_to_raw.py
[2026-06-26T22:28:19.513+0000] {logging_mixin.py:190} INFO - [2026-06-26T22:28:19.513+0000] {dag.py:3239} INFO - Sync 1 DAGs
[2026-06-26T22:28:19.524+0000] {logging_mixin.py:190} INFO - [2026-06-26T22:28:19.524+0000] {dag.py:4180} INFO - Setting next_dagrun for ingest_avito_to_raw to 2026-06-26 21:00:00+00:00, run_after=2026-06-26 22:00:00+00:00
[2026-06-26T22:28:19.534+0000] {processor.py:208} INFO - Processing /opt/airflow/dags/ingest_avito_to_raw.py took 0.052 seconds
[2026-06-26T22:28:49.872+0000] {processor.py:186} INFO - Started process (PID=2453) to work on /opt/airflow/dags/ingest_avito_to_raw.py
[2026-06-26T22:28:49.872+0000] {processor.py:914} INFO - Processing file /opt/airflow/dags/ingest_avito_to_raw.py for tasks to queue
[2026-06-26T22:28:49.874+0000] {logging_mixin.py:190} INFO - [2026-06-26T22:28:49.874+0000] {dagbag.py:588} INFO - Filling up the DagBag from /opt/airflow/dags/ingest_avito_to_raw.py
[2026-06-26T22:28:49.881+0000] {processor.py:925} INFO - DAG(s) 'ingest_avito_to_raw' retrieved from /opt/airflow/dags/ingest_avito_to_raw.py
[2026-06-26T22:28:49.898+0000] {logging_mixin.py:190} INFO - [2026-06-26T22:28:49.898+0000] {dag.py:3239} INFO - Sync 1 DAGs
[2026-06-26T22:28:49.910+0000] {logging_mixin.py:190} INFO - [2026-06-26T22:28:49.909+0000] {dag.py:4180} INFO - Setting next_dagrun for ingest_avito_to_raw to 2026-06-26 21:00:00+00:00, run_after=2026-06-26 22:00:00+00:00
[2026-06-26T22:28:49.918+0000] {processor.py:208} INFO - Processing /opt/airflow/dags/ingest_avito_to_raw.py took 0.051 seconds
[2026-06-26T22:29:20.277+0000] {processor.py:186} INFO - Started process (PID=2463) to work on /opt/airflow/dags/ingest_avito_to_raw.py
[2026-06-26T22:29:20.278+0000] {processor.py:914} INFO - Processing file /opt/airflow/dags/ingest_avito_to_raw.py for tasks to queue
[2026-06-26T22:29:20.279+0000] {logging_mixin.py:190} INFO - [2026-06-26T22:29:20.279+0000] {dagbag.py:588} INFO - Filling up the DagBag from /opt/airflow/dags/ingest_avito_to_raw.py
[2026-06-26T22:29:20.287+0000] {processor.py:925} INFO - DAG(s) 'ingest_avito_to_raw' retrieved from /opt/airflow/dags/ingest_avito_to_raw.py
[2026-06-26T22:29:20.305+0000] {logging_mixin.py:190} INFO - [2026-06-26T22:29:20.305+0000] {dag.py:3239} INFO - Sync 1 DAGs
[2026-06-26T22:29:20.319+0000] {logging_mixin.py:190} INFO - [2026-06-26T22:29:20.319+0000] {dag.py:4180} INFO - Setting next_dagrun for ingest_avito_to_raw to 2026-06-26 21:00:00+00:00, run_after=2026-06-26 22:00:00+00:00
[2026-06-26T22:29:20.331+0000] {processor.py:208} INFO - Processing /opt/airflow/dags/ingest_avito_to_raw.py took 0.059 seconds
[2026-06-26T22:29:50.595+0000] {processor.py:186} INFO - Started process (PID=2473) to work on /opt/airflow/dags/ingest_avito_to_raw.py
[2026-06-26T22:29:50.596+0000] {processor.py:914} INFO - Processing file /opt/airflow/dags/ingest_avito_to_raw.py for tasks to queue
[2026-06-26T22:29:50.598+0000] {logging_mixin.py:190} INFO - [2026-06-26T22:29:50.597+0000] {dagbag.py:588} INFO - Filling up the DagBag from /opt/airflow/dags/ingest_avito_to_raw.py
[2026-06-26T22:29:50.605+0000] {processor.py:925} INFO - DAG(s) 'ingest_avito_to_raw' retrieved from /opt/airflow/dags/ingest_avito_to_raw.py
[2026-06-26T22:29:50.622+0000] {logging_mixin.py:190} INFO - [2026-06-26T22:29:50.622+0000] {dag.py:3239} INFO - Sync 1 DAGs
[2026-06-26T22:29:50.633+0000] {logging_mixin.py:190} INFO - [2026-06-26T22:29:50.633+0000] {dag.py:4180} INFO - Setting next_dagrun for ingest_avito_to_raw to 2026-06-26 21:00:00+00:00, run_after=2026-06-26 22:00:00+00:00
[2026-06-26T22:29:50.642+0000] {processor.py:208} INFO - Processing /opt/airflow/dags/ingest_avito_to_raw.py took 0.052 seconds
[2026-06-26T22:30:20.983+0000] {processor.py:186} INFO - Started process (PID=2483) to work on /opt/airflow/dags/ingest_avito_to_raw.py
[2026-06-26T22:30:20.984+0000] {processor.py:914} INFO - Processing file /opt/airflow/dags/ingest_avito_to_raw.py for tasks to queue
[2026-06-26T22:30:20.985+0000] {logging_mixin.py:190} INFO - [2026-06-26T22:30:20.985+0000] {dagbag.py:588} INFO - Filling up the DagBag from /opt/airflow/dags/ingest_avito_to_raw.py
[2026-06-26T22:30:20.993+0000] {processor.py:925} INFO - DAG(s) 'ingest_avito_to_raw' retrieved from /opt/airflow/dags/ingest_avito_to_raw.py
[2026-06-26T22:30:21.008+0000] {logging_mixin.py:190} INFO - [2026-06-26T22:30:21.008+0000] {dag.py:3239} INFO - Sync 1 DAGs
[2026-06-26T22:30:21.020+0000] {logging_mixin.py:190} INFO - [2026-06-26T22:30:21.020+0000] {dag.py:4180} INFO - Setting next_dagrun for ingest_avito_to_raw to 2026-06-26 21:00:00+00:00, run_after=2026-06-26 22:00:00+00:00
[2026-06-26T22:30:21.031+0000] {processor.py:208} INFO - Processing /opt/airflow/dags/ingest_avito_to_raw.py took 0.052 seconds
[2026-06-26T22:30:51.332+0000] {processor.py:186} INFO - Started process (PID=2493) to work on /opt/airflow/dags/ingest_avito_to_raw.py
[2026-06-26T22:30:51.333+0000] {processor.py:914} INFO - Processing file /opt/airflow/dags/ingest_avito_to_raw.py for tasks to queue
[2026-06-26T22:30:51.334+0000] {logging_mixin.py:190} INFO - [2026-06-26T22:30:51.334+0000] {dagbag.py:588} INFO - Filling up the DagBag from /opt/airflow/dags/ingest_avito_to_raw.py
[2026-06-26T22:30:51.344+0000] {processor.py:925} INFO - DAG(s) 'ingest_avito_to_raw' retrieved from /opt/airflow/dags/ingest_avito_to_raw.py
[2026-06-26T22:30:51.358+0000] {logging_mixin.py:190} INFO - [2026-06-26T22:30:51.358+0000] {dag.py:3239} INFO - Sync 1 DAGs
[2026-06-26T22:30:51.368+0000] {logging_mixin.py:190} INFO - [2026-06-26T22:30:51.368+0000] {dag.py:4180} INFO - Setting next_dagrun for ingest_avito_to_raw to 2026-06-26 21:00:00+00:00, run_after=2026-06-26 22:00:00+00:00
[2026-06-26T22:30:51.376+0000] {processor.py:208} INFO - Processing /opt/airflow/dags/ingest_avito_to_raw.py took 0.048 seconds
[2026-06-26T22:31:21.676+0000] {processor.py:186} INFO - Started process (PID=2503) to work on /opt/airflow/dags/ingest_avito_to_raw.py
[2026-06-26T22:31:21.677+0000] {processor.py:914} INFO - Processing file /opt/airflow/dags/ingest_avito_to_raw.py for tasks to queue
[2026-06-26T22:31:21.678+0000] {logging_mixin.py:190} INFO - [2026-06-26T22:31:21.678+0000] {dagbag.py:588} INFO - Filling up the DagBag from /opt/airflow/dags/ingest_avito_to_raw.py
[2026-06-26T22:31:21.688+0000] {processor.py:925} INFO - DAG(s) 'ingest_avito_to_raw' retrieved from /opt/airflow/dags/ingest_avito_to_raw.py
[2026-06-26T22:31:21.704+0000] {logging_mixin.py:190} INFO - [2026-06-26T22:31:21.704+0000] {dag.py:3239} INFO - Sync 1 DAGs
[2026-06-26T22:31:21.716+0000] {logging_mixin.py:190} INFO - [2026-06-26T22:31:21.716+0000] {dag.py:4180} INFO - Setting next_dagrun for ingest_avito_to_raw to 2026-06-26 21:00:00+00:00, run_after=2026-06-26 22:00:00+00:00
[2026-06-26T22:31:21.725+0000] {processor.py:208} INFO - Processing /opt/airflow/dags/ingest_avito_to_raw.py took 0.054 seconds
[2026-06-26T22:31:52.026+0000] {processor.py:186} INFO - Started process (PID=2513) to work on /opt/airflow/dags/ingest_avito_to_raw.py
[2026-06-26T22:31:52.027+0000] {processor.py:914} INFO - Processing file /opt/airflow/dags/ingest_avito_to_raw.py for tasks to queue
[2026-06-26T22:31:52.029+0000] {logging_mixin.py:190} INFO - [2026-06-26T22:31:52.029+0000] {dagbag.py:588} INFO - Filling up the DagBag from /opt/airflow/dags/ingest_avito_to_raw.py
[2026-06-26T22:31:52.037+0000] {processor.py:925} INFO - DAG(s) 'ingest_avito_to_raw' retrieved from /opt/airflow/dags/ingest_avito_to_raw.py
[2026-06-26T22:31:52.052+0000] {logging_mixin.py:190} INFO - [2026-06-26T22:31:52.051+0000] {dag.py:3239} INFO - Sync 1 DAGs
[2026-06-26T22:31:52.062+0000] {logging_mixin.py:190} INFO - [2026-06-26T22:31:52.062+0000] {dag.py:4180} INFO - Setting next_dagrun for ingest_avito_to_raw to 2026-06-26 21:00:00+00:00, run_after=2026-06-26 22:00:00+00:00
[2026-06-26T22:31:52.070+0000] {processor.py:208} INFO - Processing /opt/airflow/dags/ingest_avito_to_raw.py took 0.048 seconds
[2026-06-26T22:32:22.324+0000] {processor.py:186} INFO - Started process (PID=2523) to work on /opt/airflow/dags/ingest_avito_to_raw.py
[2026-06-26T22:32:22.324+0000] {processor.py:914} INFO - Processing file /opt/airflow/dags/ingest_avito_to_raw.py for tasks to queue
[2026-06-26T22:32:22.325+0000] {logging_mixin.py:190} INFO - [2026-06-26T22:32:22.325+0000] {dagbag.py:588} INFO - Filling up the DagBag from /opt/airflow/dags/ingest_avito_to_raw.py
[2026-06-26T22:32:22.334+0000] {processor.py:925} INFO - DAG(s) 'ingest_avito_to_raw' retrieved from /opt/airflow/dags/ingest_avito_to_raw.py
[2026-06-26T22:32:22.348+0000] {logging_mixin.py:190} INFO - [2026-06-26T22:32:22.348+0000] {dag.py:3239} INFO - Sync 1 DAGs
[2026-06-26T22:32:22.358+0000] {logging_mixin.py:190} INFO - [2026-06-26T22:32:22.358+0000] {dag.py:4180} INFO - Setting next_dagrun for ingest_avito_to_raw to 2026-06-26 21:00:00+00:00, run_after=2026-06-26 22:00:00+00:00
[2026-06-26T22:32:22.368+0000] {processor.py:208} INFO - Processing /opt/airflow/dags/ingest_avito_to_raw.py took 0.049 seconds
[2026-06-26T22:32:52.670+0000] {processor.py:186} INFO - Started process (PID=2533) to work on /opt/airflow/dags/ingest_avito_to_raw.py
[2026-06-26T22:32:52.671+0000] {processor.py:914} INFO - Processing file /opt/airflow/dags/ingest_avito_to_raw.py for tasks to queue
[2026-06-26T22:32:52.672+0000] {logging_mixin.py:190} INFO - [2026-06-26T22:32:52.672+0000] {dagbag.py:588} INFO - Filling up the DagBag from /opt/airflow/dags/ingest_avito_to_raw.py
[2026-06-26T22:32:52.679+0000] {processor.py:925} INFO - DAG(s) 'ingest_avito_to_raw' retrieved from /opt/airflow/dags/ingest_avito_to_raw.py
[2026-06-26T22:32:52.696+0000] {logging_mixin.py:190} INFO - [2026-06-26T22:32:52.695+0000] {dag.py:3239} INFO - Sync 1 DAGs
[2026-06-26T22:32:52.706+0000] {logging_mixin.py:190} INFO - [2026-06-26T22:32:52.706+0000] {dag.py:4180} INFO - Setting next_dagrun for ingest_avito_to_raw to 2026-06-26 21:00:00+00:00, run_after=2026-06-26 22:00:00+00:00
[2026-06-26T22:32:52.716+0000] {processor.py:208} INFO - Processing /opt/airflow/dags/ingest_avito_to_raw.py took 0.051 seconds
[2026-06-26T22:33:23.038+0000] {processor.py:186} INFO - Started process (PID=2543) to work on /opt/airflow/dags/ingest_avito_to_raw.py
[2026-06-26T22:33:23.039+0000] {processor.py:914} INFO - Processing file /opt/airflow/dags/ingest_avito_to_raw.py for tasks to queue
[2026-06-26T22:33:23.040+0000] {logging_mixin.py:190} INFO - [2026-06-26T22:33:23.040+0000] {dagbag.py:588} INFO - Filling up the DagBag from /opt/airflow/dags/ingest_avito_to_raw.py
[2026-06-26T22:33:23.047+0000] {processor.py:925} INFO - DAG(s) 'ingest_avito_to_raw' retrieved from /opt/airflow/dags/ingest_avito_to_raw.py
[2026-06-26T22:33:23.062+0000] {logging_mixin.py:190} INFO - [2026-06-26T22:33:23.062+0000] {dag.py:3239} INFO - Sync 1 DAGs
[2026-06-26T22:33:23.072+0000] {logging_mixin.py:190} INFO - [2026-06-26T22:33:23.072+0000] {dag.py:4180} INFO - Setting next_dagrun for ingest_avito_to_raw to 2026-06-26 21:00:00+00:00, run_after=2026-06-26 22:00:00+00:00
[2026-06-26T22:33:23.082+0000] {processor.py:208} INFO - Processing /opt/airflow/dags/ingest_avito_to_raw.py took 0.049 seconds
[2026-06-26T22:33:53.373+0000] {processor.py:186} INFO - Started process (PID=2553) to work on /opt/airflow/dags/ingest_avito_to_raw.py
[2026-06-26T22:33:53.374+0000] {processor.py:914} INFO - Processing file /opt/airflow/dags/ingest_avito_to_raw.py for tasks to queue
[2026-06-26T22:33:53.376+0000] {logging_mixin.py:190} INFO - [2026-06-26T22:33:53.375+0000] {dagbag.py:588} INFO - Filling up the DagBag from /opt/airflow/dags/ingest_avito_to_raw.py
[2026-06-26T22:33:53.384+0000] {processor.py:925} INFO - DAG(s) 'ingest_avito_to_raw' retrieved from /opt/airflow/dags/ingest_avito_to_raw.py
[2026-06-26T22:33:53.400+0000] {logging_mixin.py:190} INFO - [2026-06-26T22:33:53.400+0000] {dag.py:3239} INFO - Sync 1 DAGs
[2026-06-26T22:33:53.413+0000] {logging_mixin.py:190} INFO - [2026-06-26T22:33:53.413+0000] {dag.py:4180} INFO - Setting next_dagrun for ingest_avito_to_raw to 2026-06-26 21:00:00+00:00, run_after=2026-06-26 22:00:00+00:00
[2026-06-26T22:33:53.422+0000] {processor.py:208} INFO - Processing /opt/airflow/dags/ingest_avito_to_raw.py took 0.053 seconds
[2026-06-26T22:34:23.761+0000] {processor.py:186} INFO - Started process (PID=2563) to work on /opt/airflow/dags/ingest_avito_to_raw.py
[2026-06-26T22:34:23.762+0000] {processor.py:914} INFO - Processing file /opt/airflow/dags/ingest_avito_to_raw.py for tasks to queue
[2026-06-26T22:34:23.764+0000] {logging_mixin.py:190} INFO - [2026-06-26T22:34:23.764+0000] {dagbag.py:588} INFO - Filling up the DagBag from /opt/airflow/dags/ingest_avito_to_raw.py
[2026-06-26T22:34:23.773+0000] {processor.py:925} INFO - DAG(s) 'ingest_avito_to_raw' retrieved from /opt/airflow/dags/ingest_avito_to_raw.py
[2026-06-26T22:34:23.788+0000] {logging_mixin.py:190} INFO - [2026-06-26T22:34:23.788+0000] {dag.py:3239} INFO - Sync 1 DAGs
[2026-06-26T22:34:23.800+0000] {logging_mixin.py:190} INFO - [2026-06-26T22:34:23.800+0000] {dag.py:4180} INFO - Setting next_dagrun for ingest_avito_to_raw to 2026-06-26 21:00:00+00:00, run_after=2026-06-26 22:00:00+00:00
[2026-06-26T22:34:23.811+0000] {processor.py:208} INFO - Processing /opt/airflow/dags/ingest_avito_to_raw.py took 0.055 seconds
[2026-06-26T22:34:54.137+0000] {processor.py:186} INFO - Started process (PID=2573) to work on /opt/airflow/dags/ingest_avito_to_raw.py
[2026-06-26T22:34:54.138+0000] {processor.py:914} INFO - Processing file /opt/airflow/dags/ingest_avito_to_raw.py for tasks to queue
[2026-06-26T22:34:54.140+0000] {logging_mixin.py:190} INFO - [2026-06-26T22:34:54.139+0000] {dagbag.py:588} INFO - Filling up the DagBag from /opt/airflow/dags/ingest_avito_to_raw.py
[2026-06-26T22:34:54.147+0000] {processor.py:925} INFO - DAG(s) 'ingest_avito_to_raw' retrieved from /opt/airflow/dags/ingest_avito_to_raw.py
[2026-06-26T22:34:54.165+0000] {logging_mixin.py:190} INFO - [2026-06-26T22:34:54.165+0000] {dag.py:3239} INFO - Sync 1 DAGs
[2026-06-26T22:34:54.176+0000] {logging_mixin.py:190} INFO - [2026-06-26T22:34:54.176+0000] {dag.py:4180} INFO - Setting next_dagrun for ingest_avito_to_raw to 2026-06-26 21:00:00+00:00, run_after=2026-06-26 22:00:00+00:00
[2026-06-26T22:34:54.186+0000] {processor.py:208} INFO - Processing /opt/airflow/dags/ingest_avito_to_raw.py took 0.054 seconds
[2026-06-26T22:35:24.541+0000] {processor.py:186} INFO - Started process (PID=2583) to work on /opt/airflow/dags/ingest_avito_to_raw.py
[2026-06-26T22:35:24.542+0000] {processor.py:914} INFO - Processing file /opt/airflow/dags/ingest_avito_to_raw.py for tasks to queue
[2026-06-26T22:35:24.543+0000] {logging_mixin.py:190} INFO - [2026-06-26T22:35:24.543+0000] {dagbag.py:588} INFO - Filling up the DagBag from /opt/airflow/dags/ingest_avito_to_raw.py
[2026-06-26T22:35:24.550+0000] {processor.py:925} INFO - DAG(s) 'ingest_avito_to_raw' retrieved from /opt/airflow/dags/ingest_avito_to_raw.py
[2026-06-26T22:35:24.567+0000] {logging_mixin.py:190} INFO - [2026-06-26T22:35:24.567+0000] {dag.py:3239} INFO - Sync 1 DAGs
[2026-06-26T22:35:24.579+0000] {logging_mixin.py:190} INFO - [2026-06-26T22:35:24.579+0000] {dag.py:4180} INFO - Setting next_dagrun for ingest_avito_to_raw to 2026-06-26 21:00:00+00:00, run_after=2026-06-26 22:00:00+00:00
[2026-06-26T22:35:24.589+0000] {processor.py:208} INFO - Processing /opt/airflow/dags/ingest_avito_to_raw.py took 0.054 seconds
[2026-06-26T22:35:54.917+0000] {processor.py:186} INFO - Started process (PID=2593) to work on /opt/airflow/dags/ingest_avito_to_raw.py
[2026-06-26T22:35:54.918+0000] {processor.py:914} INFO - Processing file /opt/airflow/dags/ingest_avito_to_raw.py for tasks to queue
[2026-06-26T22:35:54.919+0000] {logging_mixin.py:190} INFO - [2026-06-26T22:35:54.919+0000] {dagbag.py:588} INFO - Filling up the DagBag from /opt/airflow/dags/ingest_avito_to_raw.py
[2026-06-26T22:35:54.928+0000] {processor.py:925} INFO - DAG(s) 'ingest_avito_to_raw' retrieved from /opt/airflow/dags/ingest_avito_to_raw.py
[2026-06-26T22:35:54.945+0000] {logging_mixin.py:190} INFO - [2026-06-26T22:35:54.944+0000] {dag.py:3239} INFO - Sync 1 DAGs
[2026-06-26T22:35:54.956+0000] {logging_mixin.py:190} INFO - [2026-06-26T22:35:54.956+0000] {dag.py:4180} INFO - Setting next_dagrun for ingest_avito_to_raw to 2026-06-26 21:00:00+00:00, run_after=2026-06-26 22:00:00+00:00
[2026-06-26T22:35:54.967+0000] {processor.py:208} INFO - Processing /opt/airflow/dags/ingest_avito_to_raw.py took 0.054 seconds
[2026-06-26T22:36:25.214+0000] {processor.py:186} INFO - Started process (PID=2603) to work on /opt/airflow/dags/ingest_avito_to_raw.py
[2026-06-26T22:36:25.215+0000] {processor.py:914} INFO - Processing file /opt/airflow/dags/ingest_avito_to_raw.py for tasks to queue
[2026-06-26T22:36:25.217+0000] {logging_mixin.py:190} INFO - [2026-06-26T22:36:25.217+0000] {dagbag.py:588} INFO - Filling up the DagBag from /opt/airflow/dags/ingest_avito_to_raw.py
[2026-06-26T22:36:25.224+0000] {processor.py:925} INFO - DAG(s) 'ingest_avito_to_raw' retrieved from /opt/airflow/dags/ingest_avito_to_raw.py
[2026-06-26T22:36:25.239+0000] {logging_mixin.py:190} INFO - [2026-06-26T22:36:25.239+0000] {dag.py:3239} INFO - Sync 1 DAGs
[2026-06-26T22:36:25.250+0000] {logging_mixin.py:190} INFO - [2026-06-26T22:36:25.250+0000] {dag.py:4180} INFO - Setting next_dagrun for ingest_avito_to_raw to 2026-06-26 21:00:00+00:00, run_after=2026-06-26 22:00:00+00:00
[2026-06-26T22:36:25.260+0000] {processor.py:208} INFO - Processing /opt/airflow/dags/ingest_avito_to_raw.py took 0.050 seconds
[2026-06-26T22:36:55.601+0000] {processor.py:186} INFO - Started process (PID=2613) to work on /opt/airflow/dags/ingest_avito_to_raw.py
[2026-06-26T22:36:55.602+0000] {processor.py:914} INFO - Processing file /opt/airflow/dags/ingest_avito_to_raw.py for tasks to queue
[2026-06-26T22:36:55.603+0000] {logging_mixin.py:190} INFO - [2026-06-26T22:36:55.603+0000] {dagbag.py:588} INFO - Filling up the DagBag from /opt/airflow/dags/ingest_avito_to_raw.py
[2026-06-26T22:36:55.611+0000] {processor.py:925} INFO - DAG(s) 'ingest_avito_to_raw' retrieved from /opt/airflow/dags/ingest_avito_to_raw.py
[2026-06-26T22:36:55.628+0000] {logging_mixin.py:190} INFO - [2026-06-26T22:36:55.628+0000] {dag.py:3239} INFO - Sync 1 DAGs
[2026-06-26T22:36:55.640+0000] {logging_mixin.py:190} INFO - [2026-06-26T22:36:55.640+0000] {dag.py:4180} INFO - Setting next_dagrun for ingest_avito_to_raw to 2026-06-26 21:00:00+00:00, run_after=2026-06-26 22:00:00+00:00
[2026-06-26T22:36:55.650+0000] {processor.py:208} INFO - Processing /opt/airflow/dags/ingest_avito_to_raw.py took 0.053 seconds
[2026-06-26T22:37:25.965+0000] {processor.py:186} INFO - Started process (PID=2623) to work on /opt/airflow/dags/ingest_avito_to_raw.py
[2026-06-26T22:37:25.965+0000] {processor.py:914} INFO - Processing file /opt/airflow/dags/ingest_avito_to_raw.py for tasks to queue
[2026-06-26T22:37:25.967+0000] {logging_mixin.py:190} INFO - [2026-06-26T22:37:25.967+0000] {dagbag.py:588} INFO - Filling up the DagBag from /opt/airflow/dags/ingest_avito_to_raw.py
[2026-06-26T22:37:25.973+0000] {processor.py:925} INFO - DAG(s) 'ingest_avito_to_raw' retrieved from /opt/airflow/dags/ingest_avito_to_raw.py
[2026-06-26T22:37:25.990+0000] {logging_mixin.py:190} INFO - [2026-06-26T22:37:25.990+0000] {dag.py:3239} INFO - Sync 1 DAGs
[2026-06-26T22:37:26.001+0000] {logging_mixin.py:190} INFO - [2026-06-26T22:37:26.001+0000] {dag.py:4180} INFO - Setting next_dagrun for ingest_avito_to_raw to 2026-06-26 21:00:00+00:00, run_after=2026-06-26 22:00:00+00:00
[2026-06-26T22:37:26.010+0000] {processor.py:208} INFO - Processing /opt/airflow/dags/ingest_avito_to_raw.py took 0.050 seconds
[2026-06-26T22:37:56.373+0000] {processor.py:186} INFO - Started process (PID=2633) to work on /opt/airflow/dags/ingest_avito_to_raw.py
[2026-06-26T22:37:56.373+0000] {processor.py:914} INFO - Processing file /opt/airflow/dags/ingest_avito_to_raw.py for tasks to queue
[2026-06-26T22:37:56.375+0000] {logging_mixin.py:190} INFO - [2026-06-26T22:37:56.375+0000] {dagbag.py:588} INFO - Filling up the DagBag from /opt/airflow/dags/ingest_avito_to_raw.py
[2026-06-26T22:37:56.384+0000] {processor.py:925} INFO - DAG(s) 'ingest_avito_to_raw' retrieved from /opt/airflow/dags/ingest_avito_to_raw.py
[2026-06-26T22:37:56.402+0000] {logging_mixin.py:190} INFO - [2026-06-26T22:37:56.401+0000] {dag.py:3239} INFO - Sync 1 DAGs
[2026-06-26T22:37:56.413+0000] {logging_mixin.py:190} INFO - [2026-06-26T22:37:56.413+0000] {dag.py:4180} INFO - Setting next_dagrun for ingest_avito_to_raw to 2026-06-26 21:00:00+00:00, run_after=2026-06-26 22:00:00+00:00
[2026-06-26T22:37:56.423+0000] {processor.py:208} INFO - Processing /opt/airflow/dags/ingest_avito_to_raw.py took 0.056 seconds
[2026-06-26T22:38:26.725+0000] {processor.py:186} INFO - Started process (PID=2643) to work on /opt/airflow/dags/ingest_avito_to_raw.py
[2026-06-26T22:38:26.726+0000] {processor.py:914} INFO - Processing file /opt/airflow/dags/ingest_avito_to_raw.py for tasks to queue
[2026-06-26T22:38:26.727+0000] {logging_mixin.py:190} INFO - [2026-06-26T22:38:26.727+0000] {dagbag.py:588} INFO - Filling up the DagBag from /opt/airflow/dags/ingest_avito_to_raw.py
[2026-06-26T22:38:26.737+0000] {processor.py:925} INFO - DAG(s) 'ingest_avito_to_raw' retrieved from /opt/airflow/dags/ingest_avito_to_raw.py
[2026-06-26T22:38:26.753+0000] {logging_mixin.py:190} INFO - [2026-06-26T22:38:26.753+0000] {dag.py:3239} INFO - Sync 1 DAGs
[2026-06-26T22:38:26.764+0000] {logging_mixin.py:190} INFO - [2026-06-26T22:38:26.764+0000] {dag.py:4180} INFO - Setting next_dagrun for ingest_avito_to_raw to 2026-06-26 21:00:00+00:00, run_after=2026-06-26 22:00:00+00:00
[2026-06-26T22:38:26.773+0000] {processor.py:208} INFO - Processing /opt/airflow/dags/ingest_avito_to_raw.py took 0.054 seconds
[2026-06-26T22:38:57.067+0000] {processor.py:186} INFO - Started process (PID=2653) to work on /opt/airflow/dags/ingest_avito_to_raw.py
[2026-06-26T22:38:57.068+0000] {processor.py:914} INFO - Processing file /opt/airflow/dags/ingest_avito_to_raw.py for tasks to queue
[2026-06-26T22:38:57.069+0000] {logging_mixin.py:190} INFO - [2026-06-26T22:38:57.069+0000] {dagbag.py:588} INFO - Filling up the DagBag from /opt/airflow/dags/ingest_avito_to_raw.py
[2026-06-26T22:38:57.078+0000] {processor.py:925} INFO - DAG(s) 'ingest_avito_to_raw' retrieved from /opt/airflow/dags/ingest_avito_to_raw.py
[2026-06-26T22:38:57.096+0000] {logging_mixin.py:190} INFO - [2026-06-26T22:38:57.095+0000] {dag.py:3239} INFO - Sync 1 DAGs
[2026-06-26T22:38:57.109+0000] {logging_mixin.py:190} INFO - [2026-06-26T22:38:57.109+0000] {dag.py:4180} INFO - Setting next_dagrun for ingest_avito_to_raw to 2026-06-26 21:00:00+00:00, run_after=2026-06-26 22:00:00+00:00
[2026-06-26T22:38:57.119+0000] {processor.py:208} INFO - Processing /opt/airflow/dags/ingest_avito_to_raw.py took 0.056 seconds
[2026-06-26T22:39:27.409+0000] {processor.py:186} INFO - Started process (PID=2663) to work on /opt/airflow/dags/ingest_avito_to_raw.py
[2026-06-26T22:39:27.410+0000] {processor.py:914} INFO - Processing file /opt/airflow/dags/ingest_avito_to_raw.py for tasks to queue
[2026-06-26T22:39:27.411+0000] {logging_mixin.py:190} INFO - [2026-06-26T22:39:27.411+0000] {dagbag.py:588} INFO - Filling up the DagBag from /opt/airflow/dags/ingest_avito_to_raw.py
[2026-06-26T22:39:27.424+0000] {processor.py:925} INFO - DAG(s) 'ingest_avito_to_raw' retrieved from /opt/airflow/dags/ingest_avito_to_raw.py
[2026-06-26T22:39:27.439+0000] {logging_mixin.py:190} INFO - [2026-06-26T22:39:27.439+0000] {dag.py:3239} INFO - Sync 1 DAGs
[2026-06-26T22:39:27.454+0000] {logging_mixin.py:190} INFO - [2026-06-26T22:39:27.454+0000] {dag.py:4180} INFO - Setting next_dagrun for ingest_avito_to_raw to 2026-06-26 21:00:00+00:00, run_after=2026-06-26 22:00:00+00:00
[2026-06-26T22:39:27.463+0000] {processor.py:208} INFO - Processing /opt/airflow/dags/ingest_avito_to_raw.py took 0.059 seconds
[2026-06-26T22:39:57.737+0000] {processor.py:186} INFO - Started process (PID=2673) to work on /opt/airflow/dags/ingest_avito_to_raw.py
[2026-06-26T22:39:57.737+0000] {processor.py:914} INFO - Processing file /opt/airflow/dags/ingest_avito_to_raw.py for tasks to queue
[2026-06-26T22:39:57.739+0000] {logging_mixin.py:190} INFO - [2026-06-26T22:39:57.739+0000] {dagbag.py:588} INFO - Filling up the DagBag from /opt/airflow/dags/ingest_avito_to_raw.py
[2026-06-26T22:39:57.749+0000] {processor.py:925} INFO - DAG(s) 'ingest_avito_to_raw' retrieved from /opt/airflow/dags/ingest_avito_to_raw.py
[2026-06-26T22:39:57.762+0000] {logging_mixin.py:190} INFO - [2026-06-26T22:39:57.762+0000] {dag.py:3239} INFO - Sync 1 DAGs
[2026-06-26T22:39:57.772+0000] {logging_mixin.py:190} INFO - [2026-06-26T22:39:57.772+0000] {dag.py:4180} INFO - Setting next_dagrun for ingest_avito_to_raw to 2026-06-26 21:00:00+00:00, run_after=2026-06-26 22:00:00+00:00
[2026-06-26T22:39:57.780+0000] {processor.py:208} INFO - Processing /opt/airflow/dags/ingest_avito_to_raw.py took 0.048 seconds
[2026-06-26T22:40:28.067+0000] {processor.py:186} INFO - Started process (PID=2683) to work on /opt/airflow/dags/ingest_avito_to_raw.py
[2026-06-26T22:40:28.068+0000] {processor.py:914} INFO - Processing file /opt/airflow/dags/ingest_avito_to_raw.py for tasks to queue
[2026-06-26T22:40:28.070+0000] {logging_mixin.py:190} INFO - [2026-06-26T22:40:28.070+0000] {dagbag.py:588} INFO - Filling up the DagBag from /opt/airflow/dags/ingest_avito_to_raw.py
[2026-06-26T22:40:28.077+0000] {processor.py:925} INFO - DAG(s) 'ingest_avito_to_raw' retrieved from /opt/airflow/dags/ingest_avito_to_raw.py
[2026-06-26T22:40:28.092+0000] {logging_mixin.py:190} INFO - [2026-06-26T22:40:28.092+0000] {dag.py:3239} INFO - Sync 1 DAGs
[2026-06-26T22:40:28.102+0000] {logging_mixin.py:190} INFO - [2026-06-26T22:40:28.102+0000] {dag.py:4180} INFO - Setting next_dagrun for ingest_avito_to_raw to 2026-06-26 21:00:00+00:00, run_after=2026-06-26 22:00:00+00:00
[2026-06-26T22:40:28.112+0000] {processor.py:208} INFO - Processing /opt/airflow/dags/ingest_avito_to_raw.py took 0.049 seconds
[2026-06-26T22:40:58.388+0000] {processor.py:186} INFO - Started process (PID=2693) to work on /opt/airflow/dags/ingest_avito_to_raw.py
[2026-06-26T22:40:58.389+0000] {processor.py:914} INFO - Processing file /opt/airflow/dags/ingest_avito_to_raw.py for tasks to queue
[2026-06-26T22:40:58.390+0000] {logging_mixin.py:190} INFO - [2026-06-26T22:40:58.390+0000] {dagbag.py:588} INFO - Filling up the DagBag from /opt/airflow/dags/ingest_avito_to_raw.py
[2026-06-26T22:40:58.398+0000] {processor.py:925} INFO - DAG(s) 'ingest_avito_to_raw' retrieved from /opt/airflow/dags/ingest_avito_to_raw.py
[2026-06-26T22:40:58.414+0000] {logging_mixin.py:190} INFO - [2026-06-26T22:40:58.414+0000] {dag.py:3239} INFO - Sync 1 DAGs
[2026-06-26T22:40:58.424+0000] {logging_mixin.py:190} INFO - [2026-06-26T22:40:58.423+0000] {dag.py:4180} INFO - Setting next_dagrun for ingest_avito_to_raw to 2026-06-26 21:00:00+00:00, run_after=2026-06-26 22:00:00+00:00
[2026-06-26T22:40:58.432+0000] {processor.py:208} INFO - Processing /opt/airflow/dags/ingest_avito_to_raw.py took 0.049 seconds
[2026-06-26T22:41:28.768+0000] {processor.py:186} INFO - Started process (PID=2703) to work on /opt/airflow/dags/ingest_avito_to_raw.py
[2026-06-26T22:41:28.768+0000] {processor.py:914} INFO - Processing file /opt/airflow/dags/ingest_avito_to_raw.py for tasks to queue
[2026-06-26T22:41:28.770+0000] {logging_mixin.py:190} INFO - [2026-06-26T22:41:28.770+0000] {dagbag.py:588} INFO - Filling up the DagBag from /opt/airflow/dags/ingest_avito_to_raw.py
[2026-06-26T22:41:28.779+0000] {processor.py:925} INFO - DAG(s) 'ingest_avito_to_raw' retrieved from /opt/airflow/dags/ingest_avito_to_raw.py
[2026-06-26T22:41:28.794+0000] {logging_mixin.py:190} INFO - [2026-06-26T22:41:28.794+0000] {dag.py:3239} INFO - Sync 1 DAGs
[2026-06-26T22:41:28.804+0000] {logging_mixin.py:190} INFO - [2026-06-26T22:41:28.804+0000] {dag.py:4180} INFO - Setting next_dagrun for ingest_avito_to_raw to 2026-06-26 21:00:00+00:00, run_after=2026-06-26 22:00:00+00:00
[2026-06-26T22:41:28.814+0000] {processor.py:208} INFO - Processing /opt/airflow/dags/ingest_avito_to_raw.py took 0.052 seconds
[2026-06-26T22:41:59.137+0000] {processor.py:186} INFO - Started process (PID=2713) to work on /opt/airflow/dags/ingest_avito_to_raw.py
[2026-06-26T22:41:59.138+0000] {processor.py:914} INFO - Processing file /opt/airflow/dags/ingest_avito_to_raw.py for tasks to queue
[2026-06-26T22:41:59.140+0000] {logging_mixin.py:190} INFO - [2026-06-26T22:41:59.139+0000] {dagbag.py:588} INFO - Filling up the DagBag from /opt/airflow/dags/ingest_avito_to_raw.py
[2026-06-26T22:41:59.148+0000] {processor.py:925} INFO - DAG(s) 'ingest_avito_to_raw' retrieved from /opt/airflow/dags/ingest_avito_to_raw.py
[2026-06-26T22:41:59.165+0000] {logging_mixin.py:190} INFO - [2026-06-26T22:41:59.165+0000] {dag.py:3239} INFO - Sync 1 DAGs
[2026-06-26T22:41:59.175+0000] {logging_mixin.py:190} INFO - [2026-06-26T22:41:59.175+0000] {dag.py:4180} INFO - Setting next_dagrun for ingest_avito_to_raw to 2026-06-26 21:00:00+00:00, run_after=2026-06-26 22:00:00+00:00
[2026-06-26T22:41:59.185+0000] {processor.py:208} INFO - Processing /opt/airflow/dags/ingest_avito_to_raw.py took 0.053 seconds
[2026-06-26T22:42:29.477+0000] {processor.py:186} INFO - Started process (PID=2723) to work on /opt/airflow/dags/ingest_avito_to_raw.py
[2026-06-26T22:42:29.478+0000] {processor.py:914} INFO - Processing file /opt/airflow/dags/ingest_avito_to_raw.py for tasks to queue
[2026-06-26T22:42:29.480+0000] {logging_mixin.py:190} INFO - [2026-06-26T22:42:29.479+0000] {dagbag.py:588} INFO - Filling up the DagBag from /opt/airflow/dags/ingest_avito_to_raw.py
[2026-06-26T22:42:29.487+0000] {processor.py:925} INFO - DAG(s) 'ingest_avito_to_raw' retrieved from /opt/airflow/dags/ingest_avito_to_raw.py
[2026-06-26T22:42:29.501+0000] {logging_mixin.py:190} INFO - [2026-06-26T22:42:29.501+0000] {dag.py:3239} INFO - Sync 1 DAGs
[2026-06-26T22:42:29.511+0000] {logging_mixin.py:190} INFO - [2026-06-26T22:42:29.511+0000] {dag.py:4180} INFO - Setting next_dagrun for ingest_avito_to_raw to 2026-06-26 21:00:00+00:00, run_after=2026-06-26 22:00:00+00:00
[2026-06-26T22:42:29.520+0000] {processor.py:208} INFO - Processing /opt/airflow/dags/ingest_avito_to_raw.py took 0.049 seconds
[2026-06-26T22:42:59.875+0000] {processor.py:186} INFO - Started process (PID=2733) to work on /opt/airflow/dags/ingest_avito_to_raw.py
[2026-06-26T22:42:59.875+0000] {processor.py:914} INFO - Processing file /opt/airflow/dags/ingest_avito_to_raw.py for tasks to queue
[2026-06-26T22:42:59.877+0000] {logging_mixin.py:190} INFO - [2026-06-26T22:42:59.877+0000] {dagbag.py:588} INFO - Filling up the DagBag from /opt/airflow/dags/ingest_avito_to_raw.py
[2026-06-26T22:42:59.884+0000] {processor.py:925} INFO - DAG(s) 'ingest_avito_to_raw' retrieved from /opt/airflow/dags/ingest_avito_to_raw.py
[2026-06-26T22:42:59.901+0000] {logging_mixin.py:190} INFO - [2026-06-26T22:42:59.901+0000] {dag.py:3239} INFO - Sync 1 DAGs
[2026-06-26T22:42:59.913+0000] {logging_mixin.py:190} INFO - [2026-06-26T22:42:59.913+0000] {dag.py:4180} INFO - Setting next_dagrun for ingest_avito_to_raw to 2026-06-26 21:00:00+00:00, run_after=2026-06-26 22:00:00+00:00
[2026-06-26T22:42:59.923+0000] {processor.py:208} INFO - Processing /opt/airflow/dags/ingest_avito_to_raw.py took 0.053 seconds
[2026-06-26T22:43:30.313+0000] {processor.py:186} INFO - Started process (PID=2743) to work on /opt/airflow/dags/ingest_avito_to_raw.py
[2026-06-26T22:43:30.314+0000] {processor.py:914} INFO - Processing file /opt/airflow/dags/ingest_avito_to_raw.py for tasks to queue
[2026-06-26T22:43:30.316+0000] {logging_mixin.py:190} INFO - [2026-06-26T22:43:30.315+0000] {dagbag.py:588} INFO - Filling up the DagBag from /opt/airflow/dags/ingest_avito_to_raw.py
[2026-06-26T22:43:30.324+0000] {processor.py:925} INFO - DAG(s) 'ingest_avito_to_raw' retrieved from /opt/airflow/dags/ingest_avito_to_raw.py
[2026-06-26T22:43:30.338+0000] {logging_mixin.py:190} INFO - [2026-06-26T22:43:30.338+0000] {dag.py:3239} INFO - Sync 1 DAGs
[2026-06-26T22:43:30.349+0000] {logging_mixin.py:190} INFO - [2026-06-26T22:43:30.349+0000] {dag.py:4180} INFO - Setting next_dagrun for ingest_avito_to_raw to 2026-06-26 21:00:00+00:00, run_after=2026-06-26 22:00:00+00:00
[2026-06-26T22:43:30.358+0000] {processor.py:208} INFO - Processing /opt/airflow/dags/ingest_avito_to_raw.py took 0.050 seconds
[2026-06-26T22:44:00.721+0000] {processor.py:186} INFO - Started process (PID=2753) to work on /opt/airflow/dags/ingest_avito_to_raw.py
[2026-06-26T22:44:00.721+0000] {processor.py:914} INFO - Processing file /opt/airflow/dags/ingest_avito_to_raw.py for tasks to queue
[2026-06-26T22:44:00.723+0000] {logging_mixin.py:190} INFO - [2026-06-26T22:44:00.723+0000] {dagbag.py:588} INFO - Filling up the DagBag from /opt/airflow/dags/ingest_avito_to_raw.py
[2026-06-26T22:44:00.730+0000] {processor.py:925} INFO - DAG(s) 'ingest_avito_to_raw' retrieved from /opt/airflow/dags/ingest_avito_to_raw.py
[2026-06-26T22:44:00.746+0000] {logging_mixin.py:190} INFO - [2026-06-26T22:44:00.746+0000] {dag.py:3239} INFO - Sync 1 DAGs
[2026-06-26T22:44:00.756+0000] {logging_mixin.py:190} INFO - [2026-06-26T22:44:00.756+0000] {dag.py:4180} INFO - Setting next_dagrun for ingest_avito_to_raw to 2026-06-26 21:00:00+00:00, run_after=2026-06-26 22:00:00+00:00
[2026-06-26T22:44:00.764+0000] {processor.py:208} INFO - Processing /opt/airflow/dags/ingest_avito_to_raw.py took 0.048 seconds
[2026-06-26T22:44:31.095+0000] {processor.py:186} INFO - Started process (PID=2763) to work on /opt/airflow/dags/ingest_avito_to_raw.py
[2026-06-26T22:44:31.096+0000] {processor.py:914} INFO - Processing file /opt/airflow/dags/ingest_avito_to_raw.py for tasks to queue
[2026-06-26T22:44:31.098+0000] {logging_mixin.py:190} INFO - [2026-06-26T22:44:31.098+0000] {dagbag.py:588} INFO - Filling up the DagBag from /opt/airflow/dags/ingest_avito_to_raw.py
[2026-06-26T22:44:31.110+0000] {processor.py:925} INFO - DAG(s) 'ingest_avito_to_raw' retrieved from /opt/airflow/dags/ingest_avito_to_raw.py
[2026-06-26T22:44:31.132+0000] {logging_mixin.py:190} INFO - [2026-06-26T22:44:31.131+0000] {dag.py:3239} INFO - Sync 1 DAGs
[2026-06-26T22:44:31.150+0000] {logging_mixin.py:190} INFO - [2026-06-26T22:44:31.150+0000] {dag.py:4180} INFO - Setting next_dagrun for ingest_avito_to_raw to 2026-06-26 21:00:00+00:00, run_after=2026-06-26 22:00:00+00:00
[2026-06-26T22:44:31.161+0000] {processor.py:208} INFO - Processing /opt/airflow/dags/ingest_avito_to_raw.py took 0.072 seconds
[2026-06-26T23:18:10.067+0000] {processor.py:186} INFO - Started process (PID=2773) to work on /opt/airflow/dags/ingest_avito_to_raw.py
[2026-06-26T23:18:10.068+0000] {processor.py:914} INFO - Processing file /opt/airflow/dags/ingest_avito_to_raw.py for tasks to queue
[2026-06-26T23:18:10.070+0000] {logging_mixin.py:190} INFO - [2026-06-26T23:18:10.070+0000] {dagbag.py:588} INFO - Filling up the DagBag from /opt/airflow/dags/ingest_avito_to_raw.py
[2026-06-26T23:18:10.078+0000] {processor.py:925} INFO - DAG(s) 'ingest_avito_to_raw' retrieved from /opt/airflow/dags/ingest_avito_to_raw.py
[2026-06-26T23:18:10.094+0000] {logging_mixin.py:190} INFO - [2026-06-26T23:18:10.094+0000] {dag.py:3239} INFO - Sync 1 DAGs
[2026-06-26T23:18:10.106+0000] {logging_mixin.py:190} INFO - [2026-06-26T23:18:10.106+0000] {dag.py:4180} INFO - Setting next_dagrun for ingest_avito_to_raw to 2026-06-26 22:00:00+00:00, run_after=2026-06-26 23:00:00+00:00
[2026-06-26T23:18:10.115+0000] {processor.py:208} INFO - Processing /opt/airflow/dags/ingest_avito_to_raw.py took 0.052 seconds
[2026-06-26T23:35:50.599+0000] {processor.py:186} INFO - Started process (PID=2783) to work on /opt/airflow/dags/ingest_avito_to_raw.py
[2026-06-26T23:35:50.599+0000] {processor.py:914} INFO - Processing file /opt/airflow/dags/ingest_avito_to_raw.py for tasks to queue
[2026-06-26T23:35:50.601+0000] {logging_mixin.py:190} INFO - [2026-06-26T23:35:50.601+0000] {dagbag.py:588} INFO - Filling up the DagBag from /opt/airflow/dags/ingest_avito_to_raw.py
[2026-06-26T23:35:50.607+0000] {processor.py:925} INFO - DAG(s) 'ingest_avito_to_raw' retrieved from /opt/airflow/dags/ingest_avito_to_raw.py
[2026-06-26T23:35:50.625+0000] {logging_mixin.py:190} INFO - [2026-06-26T23:35:50.625+0000] {dag.py:3239} INFO - Sync 1 DAGs
[2026-06-26T23:35:50.641+0000] {logging_mixin.py:190} INFO - [2026-06-26T23:35:50.641+0000] {dag.py:4180} INFO - Setting next_dagrun for ingest_avito_to_raw to 2026-06-26 22:00:00+00:00, run_after=2026-06-26 23:00:00+00:00
[2026-06-26T23:35:50.651+0000] {processor.py:208} INFO - Processing /opt/airflow/dags/ingest_avito_to_raw.py took 0.056 seconds
[2026-06-26T23:52:48.960+0000] {processor.py:186} INFO - Started process (PID=2793) to work on /opt/airflow/dags/ingest_avito_to_raw.py
[2026-06-26T23:52:48.960+0000] {processor.py:914} INFO - Processing file /opt/airflow/dags/ingest_avito_to_raw.py for tasks to queue
[2026-06-26T23:52:48.962+0000] {logging_mixin.py:190} INFO - [2026-06-26T23:52:48.961+0000] {dagbag.py:588} INFO - Filling up the DagBag from /opt/airflow/dags/ingest_avito_to_raw.py
[2026-06-26T23:52:48.969+0000] {processor.py:925} INFO - DAG(s) 'ingest_avito_to_raw' retrieved from /opt/airflow/dags/ingest_avito_to_raw.py
[2026-06-26T23:52:48.984+0000] {logging_mixin.py:190} INFO - [2026-06-26T23:52:48.984+0000] {dag.py:3239} INFO - Sync 1 DAGs
[2026-06-26T23:52:48.994+0000] {logging_mixin.py:190} INFO - [2026-06-26T23:52:48.994+0000] {dag.py:4180} INFO - Setting next_dagrun for ingest_avito_to_raw to 2026-06-26 22:00:00+00:00, run_after=2026-06-26 23:00:00+00:00
[2026-06-26T23:52:49.002+0000] {processor.py:208} INFO - Processing /opt/airflow/dags/ingest_avito_to_raw.py took 0.047 seconds
